NaN,NaN,NaN,NaN,NaN,NaN,NaN,NaN,NaN,NaN,NaN,NaN,NaN,NaN,NaN,NaN,NaN,NaN,NaN,NaN,NaN,NaN,NaN,NaN,NaN,NaN,NaN,NaN,NaN,NaN,NaN,NaN,NaN,NaN,NaN,NaN,NaN,NaN,NaN,NaN,NaN,NaN
175365,1.00000112896912e+18,63875741920341,0.033,1.439,-0.018,0.056,-0.022,-0.008,0.998,NaN,0.09,0.236,0.968,0,0,0,64.325,NaN,0.133,0.187,0.973,-0.032,0,0,0.66,4.231,6.415,0.917,NaN,0.089,0.236,0.968,0.032,0,0,0.71,4.527,6.373,0.913,0.6361062,0.3482583
175366,1.00000112897414e+18,63875741920341,0.033,1.439,-0.018,0.056,-0.022,-0.008,0.998,NaN,0.09,0.236,0.968,0,0,0,64.325,NaN,0.133,0.186,0.974,-0.032,0,0,0.659,4.231,6.415,0.917,NaN,0.089,0.236,0.968,0.032,0,0,0.712,4.539,6.373,0.913,0.6294022,0.3139404
175367,1.00000112897915e+18,63875741920341,0.033,1.439,-0.018,0.056,-0.022,-0.008,0.998,NaN,0.09,0.235,0.968,0,0,0,64.325,NaN,0.131,0.188,0.973,-0.032,0,0,0.659,4.23,6.415,0.916,NaN,0.09,0.236,0.968,0.032,0,0,0.715,4.558,6.373,0.912,0.6603686,0.2631154
175368,1.00000112898416e+18,63875741920341,0.033,1.439,-0.018,0.056,-0.022,-0.008,0.998,NaN,0.09,0.235,0.968,0,0,0,64.325,NaN,0.128,0.192,0.973,-0.032,0,0,0.659,4.23,6.415,0.915,NaN,0.09,0.236,0.968,0.032,0,0,0.717,4.568,6.373,0.912,0.729781,0.250058
175369,1.00000112898921e+18,63875741920341,0.033,1.439,-0.018,0.056,-0.022,-0.008,0.998,NaN,0.09,0.235,0.968,0,0,0,64.325,NaN,0.124,0.197,0.973,-0.032,0,0,0.659,4.23,6.415,0.913,NaN,0.09,0.235,0.968,0.032,0,0,0.717,4.572,6.373,0.91,2,0.2170381
175370,1.00000112899423e+18,63875741920341,0.033,1.439,-0.018,0.056,-0.022,-0.008,0.998,NaN,0.091,0.235,0.968,0,0,0,64.325,NaN,0.124,0.203,0.971,-0.032,0,0,0.659,4.229,6.415,0.91,NaN,0.09,0.235,0.968,0.032,0,0,0.718,4.573,6.373,0.908,2,0.006211054
175371,1.00000112899924e+18,63875741920341,0.033,1.439,-0.018,0.056,-0.022,-0.008,0.998,NaN,0.091,0.234,0.968,0,0,0,64.325,NaN,0.124,0.199,0.972,-0.032,0,0,0.659,4.226,6.415,0.906,NaN,0.089,0.234,0.968,0.032,0,0,0.718,4.573,6.373,0.903,2,0
175372,1.00000112900426e+18,63875741920341,0.033,1.439,-0.018,0.056,-0.022,-0.008,0.998,NaN,0.091,0.232,0.968,0,0,0,64.325,NaN,0.125,0.197,0.972,-0.032,0,0,0.655,4.199,6.415,0.898,NaN,0.089,0.233,0.969,0.032,0,0,0.717,4.572,6.373,0.895,2,0
175373,1.00000112900928e+18,63875741920341,0.033,1.439,-0.018,0.056,-0.022,-0.008,0.998,NaN,0.09,0.231,0.969,0,0,0,64.325,NaN,0.125,0.195,0.973,-0.032,0,0,0.65,4.17,6.415,0.887,NaN,0.089,0.231,0.969,0.032,0,0,0.717,4.571,6.373,0.884,2,0
175374,1.00000112901431e+18,63875741920341,0.033,1.439,-0.018,0.056,-0.022,-0.008,0.998,NaN,0.09,0.226,0.97,0,0,0,64.325,NaN,0.126,0.192,0.973,-0.032,0,0,0.638,4.091,6.415,0.872,NaN,0.089,0.226,0.97,0.032,0,0,0.715,4.559,6.373,0.868,2,0
175375,1.00000112901933e+18,63875741920341,0.033,1.439,-0.018,0.056,-0.022,-0.008,0.998,NaN,0.091,0.222,0.971,0,0,0,64.325,NaN,0.126,0.187,0.974,-0.032,0,0,0.629,4.038,6.415,0.863,NaN,0.09,0.222,0.971,0.032,0,0,0.693,4.415,6.373,0.848,2,0
175376,1.00000112902435e+18,63875741920341,0.033,1.439,-0.018,0.056,-0.022,-0.008,0.998,NaN,0.095,0.209,0.973,0,0,0,64.325,NaN,0.128,0.183,0.975,-0.032,0,0,0.616,3.949,6.415,0.849,NaN,0.091,0.209,0.974,0.032,0,0,0.688,4.386,6.373,0.827,2,0
175377,1.00000112902936e+18,63875741920341,0.033,1.439,-0.018,0.056,-0.022,-0.008,0.998,NaN,0.099,0.191,0.977,0,0,0,64.325,NaN,0.13,0.166,0.977,-0.032,0,0,0,0,6.415,0.829,NaN,0.091,0.2,0.976,0.032,0,0,0,0,6.373,0.802,2,0
175378,1.00000112903432e+18,63875741920341,0.033,1.439,-0.018,0.056,-0.022,-0.008,0.998,NaN,0.103,0.17,0.98,0,0,0,64.325,NaN,0.134,0.147,0.98,-0.032,0,0,0,0,6.415,0.802,NaN,0.091,0.187,0.978,0.032,0,0,0,0,6.373,0.771,0.8005014,0
175379,1.00000112903932e+18,63875741920341,0.033,1.439,-0.018,0.056,-0.022,-0.008,0.998,NaN,0.118,0.135,0.984,0,0,0,64.325,NaN,0.14,0.123,0.983,-0.032,0,0,0,0,6.415,0.772,NaN,NaN,NaN,NaN,NaN,NaN,0.732,2,0,NaN,NaN,NaN,NaN
175380,1.00000112904435e+18,63875741920342,0.033,1.439,-0.018,0.056,-0.022,-0.008,0.998,NaN,0.134,0.097,0.986,0,0,0,64.325,NaN,0.148,0.094,0.985,-0.032,0,0,0,0,6.415,0.74,NaN,NaN,NaN,NaN,NaN,NaN,0.695,2,0,NaN,NaN,NaN,NaN
175381,1.00000112904939e+18,63875741920342,0.033,1.439,-0.018,0.056,-0.022,-0.008,0.998,NaN,0.146,0.07,0.987,0,0,0,64.325,NaN,0.154,0.07,0.986,-0.032,0,0,0,0,6.415,0.707,NaN,NaN,NaN,NaN,NaN,NaN,0.656,2,0,NaN,NaN,NaN,NaN
175382,1.00000112905441e+18,63875741920342,0.033,1.439,-0.018,0.056,-0.022,-0.008,0.998,NaN,0.152,0.043,0.987,0,0,0,64.325,NaN,0.157,0.046,0.987,-0.032,0,0,0,0,6.415,0.672,NaN,NaN,NaN,NaN,NaN,NaN,0.616,2,0,NaN,NaN,NaN,NaN
175383,1.00000112905943e+18,63875741920342,0.033,1.439,-0.018,0.056,-0.022,-0.008,0.998,NaN,NaN,NaN,NaN,NaN,NaN,NaN,NaN,NaN,NaN,NaN,NaN,NaN,NaN,NaN,NaN,NaN,NaN,NaN,NaN,NaN,NaN,NaN,NaN,NaN,NaN,NaN,NaN,NaN,NaN,NaN,NaN
175384,1.00000112906445e+18,63875741920342,0.033,1.439,-0.018,0.056,-0.022,-0.008,0.998,NaN,NaN,NaN,NaN,NaN,NaN,NaN,NaN,NaN,NaN,NaN,NaN,NaN,NaN,NaN,NaN,NaN,NaN,NaN,NaN,NaN,NaN,NaN,NaN,NaN,NaN,NaN,NaN,NaN,NaN,NaN,NaN
175385,1.00000112906947e+18,63875741920342,0.033,1.439,-0.018,0.056,-0.022,-0.008,0.998,NaN,NaN,NaN,NaN,NaN,NaN,NaN,NaN,NaN,NaN,NaN,NaN,NaN,NaN,NaN,NaN,NaN,NaN,NaN,NaN,NaN,NaN,NaN,NaN,NaN,NaN,NaN,NaN,NaN,NaN,NaN,NaN
175386,1.0000011290745e+18,63875741920342,0.033,1.439,-0.018,0.056,-0.022,-0.008,0.998,NaN,NaN,NaN,NaN,NaN,NaN,NaN,NaN,NaN,NaN,NaN,NaN,NaN,NaN,NaN,NaN,NaN,NaN,NaN,NaN,NaN,NaN,NaN,NaN,NaN,NaN,NaN,NaN,NaN,NaN,NaN,NaN
175387,1.00000112907952e+18,63875741920342,0.033,1.439,-0.018,0.056,-0.022,-0.008,0.998,NaN,NaN,NaN,NaN,NaN,NaN,NaN,NaN,NaN,NaN,NaN,NaN,NaN,NaN,NaN,NaN,NaN,NaN,NaN,NaN,NaN,NaN,NaN,NaN,NaN,NaN,NaN,NaN,NaN,NaN,NaN,NaN
175388,1.00000112908454e+18,63875741920342,0.033,1.439,-0.018,0.056,-0.022,-0.008,0.998,NaN,NaN,NaN,NaN,NaN,NaN,NaN,NaN,NaN,NaN,NaN,NaN,NaN,NaN,NaN,NaN,NaN,NaN,NaN,NaN,NaN,NaN,NaN,NaN,NaN,NaN,NaN,NaN,NaN,NaN,NaN,NaN
175389,1.00000112908948e+18,63875741920342,0.033,1.439,-0.018,0.056,-0.022,-0.008,0.998,NaN,NaN,NaN,NaN,NaN,NaN,NaN,NaN,NaN,NaN,NaN,NaN,NaN,NaN,NaN,NaN,NaN,NaN,NaN,NaN,NaN,NaN,NaN,NaN,NaN,NaN,NaN,NaN,NaN,NaN,NaN,NaN
175390,1.00000112909448e+18,63875741920342,0.033,1.439,-0.018,0.056,-0.022,-0.008,0.998,NaN,NaN,NaN,NaN,NaN,NaN,NaN,NaN,NaN,NaN,NaN,NaN,NaN,NaN,NaN,NaN,NaN,NaN,NaN,NaN,NaN,NaN,NaN,NaN,NaN,NaN,NaN,NaN,NaN,NaN,NaN,NaN
175391,1.00000112909946e+18,63875741920342,0.033,1.439,-0.018,0.056,-0.022,-0.008,0.998,NaN,NaN,NaN,NaN,NaN,NaN,NaN,NaN,NaN,NaN,NaN,NaN,NaN,NaN,NaN,NaN,NaN,NaN,NaN,NaN,NaN,NaN,NaN,NaN,NaN,NaN,NaN,NaN,NaN,NaN,NaN,NaN
175392,1.00000112910447e+18,63875741920342,0.033,1.439,-0.018,0.056,-0.022,-0.008,0.998,NaN,NaN,NaN,NaN,NaN,NaN,NaN,NaN,NaN,NaN,NaN,NaN,NaN,NaN,NaN,NaN,NaN,NaN,NaN,NaN,NaN,NaN,NaN,NaN,NaN,NaN,NaN,NaN,NaN,NaN,NaN,NaN
175393,1.00000112910948e+18,63875741920342,0.033,1.439,-0.018,0.056,-0.022,-0.008,0.998,NaN,NaN,NaN,NaN,NaN,NaN,NaN,NaN,NaN,NaN,NaN,NaN,NaN,NaN,NaN,NaN,NaN,NaN,NaN,NaN,NaN,NaN,NaN,NaN,NaN,NaN,NaN,NaN,NaN,NaN,NaN,NaN
175394,1.00000112911453e+18,63875741920342,0.033,1.439,-0.018,0.056,-0.022,-0.008,0.998,NaN,NaN,NaN,NaN,NaN,NaN,NaN,NaN,NaN,NaN,NaN,NaN,NaN,NaN,NaN,NaN,NaN,NaN,NaN,NaN,NaN,NaN,NaN,NaN,NaN,NaN,NaN,NaN,NaN,NaN,NaN,NaN
175395,1.00000112911954e+18,63875741920342,0.033,1.439,-0.018,0.056,-0.022,-0.008,0.998,NaN,NaN,NaN,NaN,NaN,NaN,NaN,NaN,NaN,NaN,NaN,NaN,NaN,NaN,NaN,NaN,NaN,NaN,NaN,NaN,NaN,NaN,NaN,NaN,NaN,NaN,NaN,NaN,NaN,NaN,NaN,NaN
175396,1.00000112912456e+18,63875741920342,0.033,1.439,-0.018,0.056,-0.022,-0.008,0.998,NaN,NaN,NaN,NaN,NaN,NaN,NaN,NaN,NaN,NaN,NaN,NaN,NaN,NaN,NaN,NaN,NaN,NaN,NaN,NaN,NaN,NaN,NaN,NaN,NaN,NaN,NaN,NaN,NaN,NaN,NaN,NaN
175397,1.00000112912957e+18,63875741920342,0.033,1.439,-0.018,0.056,-0.022,-0.008,0.998,NaN,NaN,NaN,NaN,NaN,NaN,NaN,NaN,NaN,NaN,NaN,NaN,NaN,NaN,NaN,NaN,NaN,NaN,NaN,NaN,NaN,NaN,NaN,NaN,NaN,NaN,NaN,NaN,NaN,NaN,NaN,NaN
175398,1.00000112913458e+18,63875741920342,0.033,1.439,-0.018,0.056,-0.022,-0.008,0.998,NaN,NaN,NaN,NaN,NaN,NaN,NaN,NaN,NaN,NaN,NaN,NaN,NaN,NaN,NaN,NaN,NaN,NaN,NaN,NaN,NaN,NaN,NaN,NaN,NaN,NaN,NaN,NaN,NaN,NaN,NaN,NaN
175399,1.00000112913958e+18,63875741920342,0.033,1.439,-0.018,0.056,-0.022,-0.008,0.998,NaN,NaN,NaN,NaN,NaN,NaN,NaN,NaN,NaN,NaN,NaN,NaN,NaN,NaN,NaN,NaN,NaN,NaN,NaN,NaN,NaN,NaN,NaN,NaN,NaN,NaN,NaN,NaN,NaN,NaN,NaN,NaN
175400,1.00000112914459e+18,63875741920342,0.033,1.439,-0.018,0.056,-0.022,-0.008,0.998,NaN,NaN,NaN,NaN,NaN,NaN,NaN,NaN,NaN,NaN,NaN,NaN,NaN,NaN,NaN,NaN,NaN,NaN,NaN,NaN,NaN,NaN,NaN,NaN,NaN,NaN,NaN,NaN,NaN,NaN,NaN,NaN
175401,1.00000112914959e+18,63875741920342,0.033,1.439,-0.018,0.056,-0.022,-0.008,0.998,NaN,NaN,NaN,NaN,NaN,NaN,NaN,NaN,NaN,NaN,NaN,NaN,NaN,NaN,NaN,NaN,NaN,NaN,NaN,NaN,NaN,NaN,NaN,NaN,NaN,NaN,NaN,NaN,NaN,NaN,NaN,NaN
175402,1.0000011291546e+18,63875741920342,0.033,1.439,-0.018,0.056,-0.022,-0.008,0.998,NaN,NaN,NaN,NaN,NaN,NaN,NaN,NaN,NaN,NaN,NaN,NaN,NaN,NaN,NaN,NaN,NaN,NaN,NaN,NaN,NaN,NaN,NaN,NaN,NaN,NaN,NaN,NaN,NaN,NaN,NaN,NaN
175403,1.00000112915962e+18,63875741920342,0.033,1.439,-0.018,0.056,-0.022,-0.008,0.998,NaN,NaN,NaN,NaN,NaN,NaN,NaN,NaN,NaN,NaN,NaN,NaN,NaN,NaN,NaN,NaN,NaN,NaN,NaN,NaN,NaN,NaN,NaN,NaN,NaN,NaN,NaN,NaN,NaN,NaN,NaN,NaN
175404,1.00000112916463e+18,63875741920342,0.033,1.439,-0.018,0.056,-0.022,-0.008,0.998,NaN,NaN,NaN,NaN,NaN,NaN,NaN,NaN,NaN,NaN,NaN,NaN,NaN,NaN,NaN,NaN,NaN,NaN,NaN,NaN,NaN,NaN,NaN,NaN,NaN,NaN,NaN,NaN,NaN,NaN,NaN,NaN
175405,1.00000112916963e+18,63875741920342,0.033,1.439,-0.018,0.056,-0.022,-0.008,0.998,NaN,NaN,NaN,NaN,NaN,NaN,NaN,NaN,NaN,NaN,NaN,NaN,NaN,NaN,NaN,NaN,NaN,NaN,NaN,NaN,NaN,NaN,NaN,NaN,NaN,NaN,NaN,NaN,NaN,NaN,NaN,NaN
175406,1.00000112917464e+18,63875741920342,0.033,1.439,-0.018,0.056,-0.022,-0.008,0.998,NaN,NaN,NaN,NaN,NaN,NaN,NaN,NaN,NaN,NaN,NaN,NaN,NaN,NaN,NaN,NaN,NaN,NaN,NaN,NaN,NaN,NaN,NaN,NaN,NaN,NaN,NaN,NaN,NaN,NaN,NaN,NaN
175407,1.00000112917965e+18,63875741920342,0.033,1.439,-0.018,0.056,-0.022,-0.008,0.998,NaN,NaN,NaN,NaN,NaN,NaN,NaN,NaN,NaN,NaN,NaN,NaN,NaN,NaN,NaN,NaN,NaN,NaN,NaN,NaN,NaN,NaN,NaN,NaN,NaN,NaN,NaN,NaN,NaN,NaN,NaN,NaN
175408,1.00000112918466e+18,63875741920342,0.033,1.439,-0.018,0.056,-0.022,-0.008,0.998,NaN,NaN,NaN,NaN,NaN,NaN,NaN,NaN,NaN,NaN,NaN,NaN,NaN,NaN,NaN,NaN,NaN,NaN,NaN,NaN,NaN,NaN,NaN,NaN,NaN,NaN,NaN,NaN,NaN,NaN,NaN,NaN
175409,1.00000112918972e+18,63875741920342,0.033,1.439,-0.018,0.056,-0.022,-0.008,0.998,NaN,NaN,NaN,NaN,NaN,NaN,NaN,NaN,NaN,NaN,NaN,NaN,NaN,NaN,NaN,NaN,NaN,NaN,NaN,NaN,NaN,NaN,NaN,NaN,NaN,NaN,NaN,NaN,NaN,NaN,NaN,NaN
175410,1.00000112919472e+18,63875741920342,0.033,1.439,-0.018,0.056,-0.022,-0.008,0.998,NaN,NaN,NaN,NaN,NaN,NaN,NaN,NaN,NaN,NaN,NaN,NaN,NaN,NaN,NaN,NaN,NaN,NaN,NaN,NaN,NaN,NaN,NaN,NaN,NaN,NaN,NaN,NaN,NaN,NaN,NaN,NaN
175411,1.00000112919973e+18,63875741920342,0.033,1.439,-0.018,0.056,-0.022,-0.008,0.998,NaN,NaN,NaN,NaN,NaN,NaN,NaN,NaN,NaN,NaN,NaN,NaN,NaN,NaN,NaN,NaN,NaN,NaN,NaN,NaN,NaN,NaN,NaN,NaN,NaN,NaN,NaN,NaN,NaN,NaN,NaN,NaN
175412,1.00000112920473e+18,63875741920342,0.033,1.439,-0.018,0.056,-0.022,-0.008,0.998,NaN,NaN,NaN,NaN,NaN,NaN,NaN,NaN,NaN,NaN,NaN,NaN,NaN,NaN,NaN,NaN,NaN,NaN,NaN,NaN,NaN,NaN,NaN,NaN,NaN,NaN,NaN,NaN,NaN,NaN,NaN,NaN
175413,1.00000112920974e+18,63875741920342,0.033,1.439,-0.018,0.056,-0.022,-0.008,0.998,NaN,NaN,NaN,NaN,NaN,NaN,NaN,NaN,NaN,NaN,NaN,NaN,NaN,NaN,NaN,NaN,NaN,NaN,NaN,NaN,NaN,NaN,NaN,NaN,NaN,NaN,NaN,NaN,NaN,NaN,NaN,NaN
175414,1.00000112921475e+18,63875741920342,0.033,1.439,-0.018,0.056,-0.022,-0.008,0.998,NaN,NaN,NaN,NaN,NaN,NaN,NaN,NaN,NaN,NaN,NaN,NaN,NaN,NaN,NaN,NaN,NaN,NaN,NaN,NaN,NaN,NaN,NaN,NaN,NaN,NaN,NaN,NaN,NaN,NaN,NaN,NaN
175415,1.00000112921977e+18,63875741920342,0.033,1.439,-0.018,0.056,-0.022,-0.008,0.998,NaN,NaN,NaN,NaN,NaN,NaN,NaN,NaN,NaN,NaN,NaN,NaN,NaN,NaN,NaN,NaN,NaN,NaN,NaN,NaN,NaN,NaN,NaN,NaN,NaN,NaN,NaN,NaN,NaN,NaN,NaN,NaN
175416,1.00000112922479e+18,63875741920342,0.033,1.439,-0.018,0.056,-0.022,-0.008,0.998,NaN,NaN,NaN,NaN,NaN,NaN,NaN,NaN,NaN,NaN,NaN,NaN,NaN,NaN,NaN,NaN,NaN,NaN,NaN,NaN,NaN,NaN,NaN,NaN,NaN,NaN,NaN,NaN,NaN,NaN,NaN,NaN
175417,1.00000112922982e+18,63875741920342,0.033,1.439,-0.018,0.056,-0.022,-0.008,0.998,NaN,NaN,NaN,NaN,NaN,NaN,NaN,NaN,NaN,NaN,NaN,NaN,NaN,NaN,NaN,NaN,NaN,NaN,NaN,NaN,NaN,NaN,NaN,NaN,NaN,NaN,NaN,NaN,NaN,NaN,NaN,NaN
175418,1.00000112923484e+18,63875741920342,0.033,1.439,-0.018,0.056,-0.022,-0.008,0.998,NaN,NaN,NaN,NaN,NaN,NaN,NaN,NaN,NaN,NaN,NaN,NaN,NaN,NaN,NaN,NaN,NaN,NaN,NaN,NaN,NaN,NaN,NaN,NaN,NaN,NaN,NaN,NaN,NaN,NaN,NaN,NaN
175419,1.00000112923986e+18,63875741920342,0.033,1.439,-0.018,0.056,-0.022,-0.008,0.998,NaN,NaN,NaN,NaN,NaN,NaN,NaN,NaN,NaN,NaN,NaN,NaN,NaN,NaN,NaN,NaN,NaN,NaN,NaN,NaN,NaN,NaN,NaN,NaN,NaN,NaN,NaN,NaN,NaN,NaN,NaN,NaN
175420,1.00000112924489e+18,63875741920342,0.033,1.439,-0.018,0.056,-0.022,-0.008,0.998,NaN,NaN,NaN,NaN,NaN,NaN,NaN,NaN,NaN,NaN,NaN,NaN,NaN,NaN,NaN,NaN,NaN,NaN,NaN,NaN,NaN,NaN,NaN,NaN,NaN,NaN,NaN,NaN,NaN,NaN,NaN,NaN
175421,1.00000112924989e+18,63875741920342,0.033,1.439,-0.018,0.056,-0.022,-0.008,0.998,NaN,NaN,NaN,NaN,NaN,NaN,NaN,NaN,NaN,NaN,NaN,NaN,NaN,NaN,NaN,NaN,NaN,NaN,NaN,NaN,NaN,NaN,NaN,NaN,NaN,NaN,NaN,NaN,NaN,NaN,NaN,NaN
175422,1.00000112925491e+18,63875741920342,0.033,1.439,-0.018,0.056,-0.022,-0.008,0.998,NaN,0.548,0.266,0.793,0,0,0,64.325,NaN,NaN,NaN,NaN,NaN,NaN,NaN,NaN,0.616,0.535,0.578,0.032,0,0,0,0,6.373,NaN,2,0,NaN,NaN,NaN,NaN
175423,1.00000112925992e+18,63875741920342,0.033,1.439,-0.018,0.056,-0.022,-0.008,0.998,NaN,0.611,0.36,0.705,0,0,0,64.325,NaN,NaN,NaN,NaN,NaN,NaN,NaN,NaN,0.622,0.451,0.64,0.032,0,0,0,0,6.373,NaN,2,0,NaN,NaN,NaN,NaN
175424,1.00000112926489e+18,63875741920342,0.033,1.439,-0.018,0.056,-0.022,-0.008,0.998,NaN,0.625,0.412,0.663,0,0,0,64.325,NaN,NaN,NaN,NaN,NaN,NaN,NaN,NaN,0.476,0.282,0.833,0.032,0,0,0,0,6.373,NaN,2,0,NaN,NaN,NaN,NaN
175425,1.00000112926989e+18,63875741920342,0.033,1.439,-0.018,0.056,-0.022,-0.008,0.998,NaN,0.625,0.441,0.644,0,0,0,64.325,NaN,NaN,NaN,NaN,NaN,NaN,NaN,NaN,0.591,0.373,0.715,0.032,0,0,0,0,6.373,NaN,2,0,NaN,NaN,NaN,NaN
175426,1.00000112927492e+18,63875741920342,0.033,1.439,-0.018,0.056,-0.022,-0.008,0.998,NaN,0.624,0.458,0.634,0,0,0,64.325,NaN,0.234,-0.037,0.972,-0.032,0,0,0,0,6.415,0.691,NaN,0.616,0.425,0.663,0.032,0,0,0,0,6.373,0.598,2,0
175427,1.00000112927994e+18,63875741920342,0.033,1.439,-0.018,0.056,-0.022,-0.008,0.998,NaN,0.625,0.472,0.622,0,0,0,64.325,NaN,NaN,NaN,NaN,NaN,NaN,NaN,NaN,0.624,0.457,0.634,0.032,0,0,0,0,6.373,NaN,2,0,NaN,NaN,NaN,NaN
175428,1.00000112928495e+18,63875741920342,0.033,1.439,-0.018,0.056,-0.022,-0.008,0.998,NaN,0.625,0.481,0.615,0,0,0,64.325,NaN,NaN,NaN,NaN,NaN,NaN,NaN,NaN,0.625,0.475,0.619,0.032,0,0,0,0,6.373,NaN,2,0,NaN,NaN,NaN,NaN
175429,1.00000112928997e+18,63875741920342,0.033,1.439,-0.018,0.056,-0.022,-0.008,0.998,NaN,0.562,0.556,0.612,0,0,0,64.325,NaN,NaN,NaN,NaN,NaN,NaN,NaN,NaN,0.558,0.556,0.616,0.032,0,0,0,0,6.373,NaN,2,0,NaN,NaN,NaN,NaN
175430,1.00000112929498e+18,63875741920342,0.033,1.439,-0.018,0.056,-0.022,-0.008,0.998,NaN,0.537,0.587,0.606,0,0,0,64.325,NaN,NaN,NaN,NaN,NaN,NaN,NaN,NaN,0.534,0.588,0.607,0.032,0,0,0,0,6.373,NaN,2,0,NaN,NaN,NaN,NaN
175431,1.00000112929996e+18,63875741920342,0.033,1.439,-0.018,0.056,-0.022,-0.008,0.998,NaN,0.527,0.6,0.602,0,0,0,64.325,NaN,NaN,NaN,NaN,NaN,NaN,NaN,NaN,0.525,0.601,0.603,0.032,0,0,0,0,6.373,NaN,2,0,NaN,NaN,NaN,NaN
175432,1.00000112930499e+18,63875741920342,0.033,1.439,-0.018,0.056,-0.022,-0.008,0.998,NaN,0.521,0.607,0.6,0,0,0,64.325,NaN,NaN,NaN,NaN,NaN,NaN,NaN,NaN,0.52,0.608,0.601,0.032,0,0,0,0,6.373,NaN,2,0,NaN,NaN,NaN,NaN
175433,1.00000112930999e+18,63875741920342,0.033,1.439,-0.018,0.056,-0.022,-0.008,0.998,NaN,0.483,0.49,0.726,0,0,0,64.325,NaN,NaN,NaN,NaN,NaN,NaN,NaN,NaN,0.519,0.495,0.697,0.032,0,0,0,0,6.373,NaN,2,0,NaN,NaN,NaN,NaN
175434,1.00000112931498e+18,63875741920342,0.033,1.439,-0.018,0.056,-0.022,-0.008,0.998,NaN,0.357,0.099,0.929,0,0,0,64.325,NaN,NaN,NaN,NaN,NaN,NaN,NaN,NaN,0.395,0.111,0.912,0.032,0,0,0,0,6.373,NaN,2,0,NaN,NaN,NaN,NaN
175435,1.00000112931999e+18,63875741920342,0.033,1.439,-0.018,0.056,-0.022,-0.008,0.998,NaN,0.219,-0.141,0.966,0,0,0,64.325,NaN,NaN,NaN,NaN,NaN,NaN,NaN,NaN,0.238,-0.136,0.962,0.032,0,0,0,0,6.373,NaN,2,0,NaN,NaN,NaN,NaN
175436,1.00000112932498e+18,63875741920342,0.033,1.439,-0.018,0.056,-0.022,-0.008,0.998,NaN,0.154,-0.229,0.961,0,0,0,64.325,NaN,NaN,NaN,NaN,NaN,NaN,NaN,NaN,0.161,-0.228,0.96,0.032,0,0,0,0,6.373,NaN,2,0,NaN,NaN,NaN,NaN
175437,1.00000112932999e+18,63875741920342,0.033,1.439,-0.018,0.056,-0.022,-0.008,0.998,NaN,0.132,-0.258,0.957,0,0,0,64.325,NaN,NaN,NaN,NaN,NaN,NaN,NaN,NaN,0.135,-0.258,0.957,0.032,0,0,0,0,6.373,NaN,2,0,NaN,NaN,NaN,NaN
175438,1.00000112933503e+18,63875741920342,0.033,1.439,-0.018,0.056,-0.022,-0.008,0.998,NaN,0.247,-0.168,0.954,0,0,0,64.325,NaN,NaN,NaN,NaN,NaN,NaN,NaN,NaN,0.251,-0.187,0.95,0.032,0,0,0,0,6.373,NaN,2,0,NaN,NaN,NaN,NaN
175439,1.00000112934004e+18,63875741920342,0.033,1.439,-0.018,0.056,-0.022,-0.008,0.998,NaN,0.257,0.525,0.811,0,0,0,64.325,NaN,NaN,NaN,NaN,NaN,NaN,NaN,NaN,0.262,0.521,0.813,0.032,0,0,0,0,6.373,NaN,2,0,NaN,NaN,NaN,NaN
175440,1.00000112934505e+18,63875741920342,0.033,1.439,-0.018,0.056,-0.022,-0.008,0.998,NaN,0.179,0.361,0.915,0,0,0,64.325,NaN,NaN,NaN,NaN,NaN,NaN,NaN,NaN,0.179,0.356,0.917,0.032,0,0,0,0,6.373,NaN,2,0,NaN,NaN,NaN,NaN
175441,1.00000112935008e+18,63875741920342,0.033,1.439,-0.018,0.056,-0.022,-0.008,0.998,NaN,0.135,0.289,0.948,0,0,0,64.325,NaN,NaN,NaN,NaN,NaN,NaN,NaN,NaN,0.134,0.284,0.949,0.032,0,0,0,0,6.373,NaN,2,0,NaN,NaN,NaN,NaN
175442,1.00000112935509e+18,63875741920342,0.033,1.439,-0.018,0.056,-0.022,-0.008,0.998,NaN,0.101,0.255,0.962,0,0,0,64.325,NaN,NaN,NaN,NaN,NaN,NaN,NaN,NaN,0.1,0.247,0.964,0.032,0,0,0,0,6.373,NaN,2,0,NaN,NaN,NaN,NaN
175443,1.00000112936009e+18,63875741920342,0.033,1.439,-0.018,0.056,-0.022,-0.008,0.998,NaN,0.084,0.244,0.966,0,0,0,64.325,NaN,NaN,NaN,NaN,NaN,NaN,NaN,NaN,0.083,0.241,0.967,0.032,0,0,0,0,6.373,NaN,2,0,NaN,NaN,NaN,NaN
175444,1.00000112936511e+18,63875741920342,0.033,1.439,-0.018,0.056,-0.022,-0.008,0.998,NaN,0.076,0.21,0.975,0,0,0,64.325,NaN,NaN,NaN,NaN,NaN,NaN,NaN,NaN,0.076,0.211,0.974,0.032,0,0,0,0,6.373,NaN,2,0,NaN,NaN,NaN,NaN
175445,1.00000112937012e+18,63875741920342,0.033,1.439,-0.018,0.056,-0.022,-0.008,0.998,NaN,0.074,0.173,0.982,0,0,0,64.325,NaN,NaN,NaN,NaN,NaN,NaN,NaN,NaN,0.074,0.177,0.981,0.032,0,0,0,0,6.373,NaN,2,0,NaN,NaN,NaN,NaN
175446,1.00000112937513e+18,63875741920342,0.033,1.439,-0.018,0.056,-0.022,-0.008,0.998,NaN,0.074,0.147,0.986,0,0,0,64.325,NaN,NaN,NaN,NaN,NaN,NaN,NaN,NaN,0.073,0.15,0.986,0.032,0,0,0,0,6.373,NaN,2,0,NaN,NaN,NaN,NaN
175447,1.00000112938013e+18,63875741920342,0.033,1.439,-0.018,0.056,-0.022,-0.008,0.998,NaN,0.075,0.138,0.988,0,0,0,64.325,NaN,NaN,NaN,NaN,NaN,NaN,NaN,NaN,0.075,0.14,0.987,0.032,0,0,0,0,6.373,NaN,2,0,NaN,NaN,NaN,NaN
175448,1.00000112938516e+18,63875741920342,0.033,1.439,-0.018,0.056,-0.022,-0.008,0.998,NaN,0.076,0.137,0.988,0,0,0,64.325,NaN,NaN,NaN,NaN,NaN,NaN,NaN,NaN,0.076,0.139,0.987,0.032,0,0,0,0,6.373,NaN,2,0,NaN,NaN,NaN,NaN
175449,1.00000112939018e+18,63875741920342,0.033,1.439,-0.018,0.056,-0.022,-0.008,0.998,NaN,0.078,0.14,0.987,0,0,0,64.325,NaN,NaN,NaN,NaN,NaN,NaN,NaN,NaN,0.078,0.141,0.987,0.032,0,0,0,0,6.373,NaN,2,0,NaN,NaN,NaN,NaN
175450,1.00000112939519e+18,63875741920342,0.033,1.439,-0.018,0.056,-0.022,-0.008,0.998,NaN,0.079,0.149,0.986,0,0,0,64.325,NaN,NaN,NaN,NaN,NaN,NaN,NaN,NaN,0.079,0.149,0.986,0.032,0,0,0,0,6.373,NaN,2,0,NaN,NaN,NaN,NaN
175451,1.00000112940021e+18,63875741920342,0.033,1.439,-0.018,0.056,-0.022,-0.008,0.998,NaN,0.08,0.157,0.984,0,0,0,64.325,NaN,NaN,NaN,NaN,NaN,NaN,NaN,NaN,0.08,0.157,0.984,0.032,0,0,0,0,6.373,NaN,2,0,NaN,NaN,NaN,NaN
175452,1.00000112940522e+18,63875741920342,0.033,1.439,-0.018,0.056,-0.022,-0.008,0.998,NaN,0.081,0.163,0.983,0,0,0,64.325,NaN,NaN,NaN,NaN,NaN,NaN,NaN,NaN,0.081,0.163,0.983,0.032,0,0,0,0,6.373,NaN,2,0,NaN,NaN,NaN,NaN
175453,1.00000112941024e+18,63875741920343,0.033,1.439,-0.018,0.056,-0.022,-0.008,0.998,NaN,0.082,0.168,0.982,0,0,0,64.325,NaN,NaN,NaN,NaN,NaN,NaN,NaN,NaN,0.082,0.168,0.982,0.032,0,0,0,0,6.373,NaN,2,0,NaN,NaN,NaN,NaN
175454,1.00000112941525e+18,63875741920343,0.033,1.439,-0.018,0.056,-0.022,-0.008,0.998,NaN,0.082,0.172,0.982,0,0,0,64.325,NaN,NaN,NaN,NaN,NaN,NaN,NaN,NaN,0.082,0.172,0.982,0.032,0,0,0,0,6.373,NaN,2,0,NaN,NaN,NaN,NaN
175455,1.00000112942026e+18,63875741920343,0.033,1.439,-0.018,0.056,-0.022,-0.008,0.998,NaN,0.083,0.173,0.981,0,0,0,64.325,NaN,NaN,NaN,NaN,NaN,NaN,NaN,NaN,0.083,0.173,0.981,0.032,0,0,0,0,6.373,NaN,2,0,NaN,NaN,NaN,NaN
175456,1.00000112942527e+18,63875741920343,0.033,1.439,-0.018,0.056,-0.022,-0.008,0.998,NaN,0.084,0.178,0.98,0,0,0,64.325,NaN,NaN,NaN,NaN,NaN,NaN,NaN,NaN,0.084,0.178,0.98,0.032,0,0,0,0,6.373,NaN,2,0,NaN,NaN,NaN,NaN
175457,1.00000112943028e+18,63875741920343,0.033,1.439,-0.018,0.056,-0.022,-0.008,0.998,NaN,0.085,0.186,0.979,0,0,0,64.325,NaN,NaN,NaN,NaN,NaN,NaN,NaN,NaN,0.085,0.186,0.979,0.032,0,0,0,0,6.373,NaN,2,0,NaN,NaN,NaN,NaN
175458,1.00000112943529e+18,63875741920343,0.033,1.439,-0.018,0.056,-0.022,-0.008,0.998,NaN,0.088,0.186,0.979,0,0,0,64.325,NaN,NaN,NaN,NaN,NaN,NaN,NaN,NaN,0.088,0.187,0.978,0.032,0,0,0,0,6.373,NaN,2,0,NaN,NaN,NaN,NaN
175459,1.00000112944031e+18,63875741920343,0.033,1.439,-0.018,0.056,-0.022,-0.008,0.998,NaN,0.09,0.187,0.978,0,0,0,64.325,NaN,NaN,NaN,NaN,NaN,NaN,NaN,NaN,0.09,0.187,0.978,0.032,0,0,0,0,6.373,NaN,2,0,NaN,NaN,NaN,NaN
175460,1.00000112944532e+18,63875741920343,0.033,1.439,-0.018,0.056,-0.022,-0.008,0.998,NaN,0.091,0.188,0.978,0,0,0,64.325,NaN,NaN,NaN,NaN,NaN,NaN,NaN,NaN,0.091,0.188,0.978,0.032,0,0,0,0,6.373,NaN,2,0,NaN,NaN,NaN,NaN
175461,1.00000112945034e+18,63875741920343,0.033,1.439,-0.018,0.056,-0.022,-0.008,0.998,NaN,0.092,0.189,0.978,0,0,0,64.325,NaN,NaN,NaN,NaN,NaN,NaN,NaN,NaN,0.092,0.189,0.978,0.032,0,0,0,0,6.373,NaN,2,0,NaN,NaN,NaN,NaN
175462,1.00000112945535e+18,63875741920351,0.033,1.439,-0.018,0.056,-0.022,-0.008,0.998,NaN,0.093,0.191,0.977,0,0,0,64.325,NaN,0.227,-0.048,0.973,-0.032,0,0,0,0,6.415,0.813,NaN,0.093,0.191,0.977,0.032,0,0,0,0,6.373,0.879,0.113029,0
175463,1.00000112946036e+18,63875741920352,0.033,1.439,-0.018,0.056,-0.022,-0.008,0.998,NaN,0.093,0.193,0.977,0,0,0,64.325,NaN,0.228,-0.048,0.973,-0.032,0,0,0,0,6.415,0.818,NaN,0.093,0.194,0.977,0.032,0,0,0,0,6.373,0.882,0.1117575,0
175464,1.00000112946537e+18,63875741920352,0.033,1.439,-0.018,0.056,-0.022,-0.008,0.998,NaN,0.093,0.196,0.976,0,0,0,64.325,NaN,NaN,NaN,NaN,NaN,NaN,NaN,NaN,0.093,0.196,0.976,0.032,0,0,0,0,6.373,NaN,2,0,NaN,NaN,NaN,NaN
175465,1.00000112947038e+18,63875741920361,0.033,1.439,-0.018,0.056,-0.022,-0.008,0.998,NaN,0.093,0.199,0.976,0,0,0,64.325,NaN,0.224,0.007,0.975,-0.032,0,0,0,0,6.415,0.821,NaN,0.093,0.199,0.976,0.032,0,0,0,0,6.373,0.886,0.1545127,0
175466,1.0000011294754e+18,63875741920361,0.033,1.439,-0.018,0.056,-0.022,-0.008,0.998,NaN,0.093,0.201,0.975,0,0,0,64.325,NaN,0.232,-0.009,0.973,-0.032,0,0,0,0,6.415,0.823,NaN,0.093,0.201,0.975,0.032,0,0,0,0,6.373,0.887,0.1391193,0
175467,1.00000112948041e+18,63875741920372,0.034,1.439,-0.018,0.056,-0.022,-0.008,0.998,NaN,0.093,0.203,0.975,0,0,0,64.325,NaN,0.178,0.023,0.984,-0.032,0,0,0,0,6.415,0.828,NaN,0.093,0.204,0.975,0.032,0,0,0,0,6.373,0.889,0.1350853,0
175468,1.00000112948542e+18,63875741920372,0.034,1.439,-0.018,0.056,-0.022,-0.008,0.998,NaN,0.093,0.206,0.974,0,0,0,64.325,NaN,0.195,0.011,0.981,-0.032,0,0,0,0,6.415,0.831,NaN,0.093,0.206,0.974,0.032,0,0,0,0,6.373,0.891,0.1334808,0
175469,1.00000112949043e+18,63875741920383,0.034,1.439,-0.018,0.056,-0.022,-0.008,0.998,NaN,0.093,0.208,0.974,0,0,0,64.325,NaN,0.176,0.061,0.982,-0.032,0,0,0,0,6.415,0.833,NaN,0.093,0.208,0.974,0.032,0,0,0,0,6.373,0.893,0.1860008,0
175470,1.00000112949543e+18,63875741920383,0.034,1.439,-0.018,0.056,-0.022,-0.008,0.998,NaN,0.093,0.21,0.973,0,0,0,64.325,NaN,0.19,0.044,0.981,-0.032,0,0,0,0,6.415,0.834,NaN,0.093,0.21,0.973,0.032,0,0,0,0,6.373,0.893,0.1663932,0
175471,1.00000112950045e+18,63875741920394,0.034,1.439,-0.018,0.056,-0.022,-0.008,0.998,NaN,0.093,0.212,0.973,0,0,0,64.325,NaN,0.177,0.065,0.982,-0.032,0,0,0,0,6.415,0.839,NaN,0.093,0.212,0.973,0.032,0,0,0,0,6.373,0.896,0.1852233,0
175472,1.00000112950545e+18,63875741920394,0.034,1.439,-0.018,0.056,-0.022,-0.008,0.998,NaN,0.093,0.214,0.972,0,0,0,64.325,NaN,0.173,0.084,0.981,-0.032,0,0,0,0,6.415,0.844,NaN,0.093,0.214,0.972,0.032,0,0,0,0,6.373,0.899,0.2175081,0
175473,1.00000112951046e+18,63875741920406,0.034,1.439,-0.018,0.056,-0.022,-0.008,0.998,NaN,0.093,0.216,0.972,0,0,0,64.325,NaN,0.165,0.117,0.979,-0.032,0,0,0,0,6.415,0.849,NaN,0.093,0.216,0.972,0.032,0,0,0,0,6.373,0.901,0.3059589,0
175474,1.00000112951548e+18,63875741920406,0.034,1.439,-0.018,0.056,-0.022,-0.008,0.998,NaN,0.093,0.218,0.972,0,0,0,64.325,NaN,0.154,0.15,0.977,-0.032,0,0,0,0,6.415,0.853,NaN,0.093,0.218,0.971,0.032,0,0,0,0,6.373,0.903,0.4648806,0
175475,1.00000112952053e+18,63875741920406,0.034,1.439,-0.018,0.056,-0.022,-0.008,0.998,NaN,0.094,0.22,0.971,0,0,0,64.325,NaN,0.142,0.177,0.974,-0.032,0,0,0,0,6.415,0.857,NaN,0.094,0.22,0.971,0.032,0,0,0,0,6.373,0.906,0.730903,0
175476,1.00000112952555e+18,63875741920416,0.034,1.439,-0.018,0.056,-0.022,-0.008,0.998,NaN,0.094,0.223,0.97,0,0,0,64.325,NaN,0.132,0.197,0.971,-0.032,0,0,0,0,6.415,0.862,NaN,0.094,0.223,0.97,0.032,0,0,0,0,6.373,0.908,2,0.002711109
175477,1.00000112953056e+18,63875741920416,0.034,1.439,-0.018,0.056,-0.022,-0.008,0.998,NaN,0.094,0.225,0.97,0,0,0,64.325,NaN,0.124,0.21,0.97,-0.032,0,0,0,0,6.415,0.865,NaN,0.094,0.225,0.97,0.032,0,0,0,0,6.373,0.91,2,0.5903389
175478,1.00000112953557e+18,63875741920429,0.034,1.439,-0.018,0.056,-0.021,-0.008,0.998,NaN,0.094,0.227,0.969,0,0,0,64.325,NaN,NaN,NaN,NaN,NaN,NaN,NaN,NaN,0.094,0.227,0.969,0.032,0,0,0,0,6.373,NaN,2,0.5617942,NaN,NaN,NaN,NaN
175479,1.00000112954058e+18,63875741920429,0.034,1.439,-0.018,0.056,-0.021,-0.008,0.998,NaN,0.094,0.23,0.969,0,0,0,64.325,NaN,NaN,NaN,NaN,NaN,NaN,NaN,NaN,0.094,0.23,0.969,0.032,0,0,0,0,6.373,NaN,2,0.502764,NaN,NaN,NaN,NaN
175480,1.00000112954558e+18,63875741920439,0.034,1.439,-0.018,0.056,-0.021,-0.008,0.998,NaN,0.094,0.235,0.967,0,0,0,64.325,NaN,NaN,NaN,NaN,NaN,NaN,NaN,NaN,0.095,0.235,0.967,0.032,0,0,0,0,6.373,NaN,2,0.3613106,NaN,NaN,NaN,NaN
175481,1.0000011295506e+18,63875741920440,0.034,1.439,-0.018,0.056,-0.021,-0.008,0.998,NaN,0.095,0.24,0.966,0,0,0,64.325,NaN,NaN,NaN,NaN,NaN,NaN,NaN,NaN,0.095,0.24,0.966,0.032,0,0,0,0,6.373,NaN,2,0.3740847,NaN,NaN,NaN,NaN
175482,1.00000112955559e+18,63875741920451,0.034,1.439,-0.018,0.056,-0.021,-0.008,0.998,NaN,0.095,0.242,0.966,0,0,0,64.325,NaN,NaN,NaN,NaN,NaN,NaN,NaN,NaN,0.095,0.242,0.966,0.032,0,0,0,0,6.373,NaN,2,0.2768669,NaN,NaN,NaN,NaN
175483,1.0000011295606e+18,63875741920451,0.034,1.439,-0.018,0.056,-0.021,-0.008,0.998,NaN,0.093,0.237,0.967,0,0,0,64.325,NaN,NaN,NaN,NaN,NaN,NaN,NaN,NaN,0.093,0.237,0.967,0.032,0,0,0,0,6.373,NaN,2,0,NaN,NaN,NaN,NaN
175484,1.00000112956562e+18,63875741920451,0.034,1.439,-0.018,0.056,-0.021,-0.008,0.998,NaN,0.091,0.231,0.969,0,0,0,64.325,NaN,NaN,NaN,NaN,NaN,NaN,NaN,NaN,0.091,0.231,0.969,0.032,0,0,0,0,6.373,NaN,2,0,NaN,NaN,NaN,NaN
175485,1.00000112957063e+18,63875741920462,0.034,1.439,-0.018,0.057,-0.021,-0.008,0.998,NaN,0.088,0.229,0.97,0,0,0,64.325,NaN,NaN,NaN,NaN,NaN,NaN,NaN,NaN,0.088,0.229,0.97,0.032,0,0,0,0,6.373,NaN,2,0,NaN,NaN,NaN,NaN
175486,1.00000112957567e+18,63875741920462,0.034,1.439,-0.018,0.057,-0.021,-0.008,0.998,NaN,0.085,0.226,0.97,0,0,0,64.325,NaN,NaN,NaN,NaN,NaN,NaN,NaN,NaN,0.085,0.226,0.97,0.032,0,0,0,0,6.373,NaN,2,0,NaN,NaN,NaN,NaN
175487,1.00000112958068e+18,63875741920475,0.034,1.439,-0.018,0.057,-0.021,-0.008,0.998,NaN,0.082,0.221,0.972,0,0,0,64.325,NaN,NaN,NaN,NaN,NaN,NaN,NaN,NaN,0.082,0.221,0.972,0.032,0,0,0,0,6.373,NaN,2,0,NaN,NaN,NaN,NaN
175488,1.0000011295857e+18,63875741920475,0.034,1.439,-0.018,0.057,-0.021,-0.008,0.998,NaN,0.085,0.214,0.973,0,0,0,64.325,NaN,NaN,NaN,NaN,NaN,NaN,NaN,NaN,0.085,0.214,0.973,0.032,0,0,0,0,6.373,NaN,2,0,NaN,NaN,NaN,NaN
175489,1.00000112959071e+18,63875741920475,0.034,1.439,-0.018,0.057,-0.021,-0.008,0.998,NaN,0.083,0.207,0.975,0,0,0,64.325,NaN,NaN,NaN,NaN,NaN,NaN,NaN,NaN,0.082,0.207,0.975,0.032,0,0,0,0,6.373,NaN,2,0,NaN,NaN,NaN,NaN
175490,1.0000011295957e+18,63875741920486,0.034,1.439,-0.018,0.057,-0.021,-0.008,0.998,NaN,0.081,0.2,0.976,0,0,0,64.325,NaN,NaN,NaN,NaN,NaN,NaN,NaN,NaN,0.081,0.2,0.976,0.032,0,0,0,0,6.373,NaN,2,0,NaN,NaN,NaN,NaN
175491,1.00000112960071e+18,63875741920497,0.034,1.439,-0.018,0.057,-0.021,-0.008,0.998,NaN,0.084,0.194,0.977,0,0,0,64.325,NaN,NaN,NaN,NaN,NaN,NaN,NaN,NaN,0.084,0.194,0.977,0.032,0,0,0,0,6.373,NaN,2,0,NaN,NaN,NaN,NaN
175492,1.00000112960571e+18,63875741920497,0.034,1.439,-0.018,0.057,-0.021,-0.008,0.998,NaN,0.085,0.189,0.978,0,0,0,64.325,NaN,NaN,NaN,NaN,NaN,NaN,NaN,NaN,0.085,0.189,0.978,0.032,0,0,0,0,6.373,NaN,2,0,NaN,NaN,NaN,NaN
175493,1.00000112961071e+18,63875741920497,0.034,1.439,-0.018,0.057,-0.021,-0.008,0.998,NaN,0.086,0.185,0.979,0,0,0,64.325,NaN,NaN,NaN,NaN,NaN,NaN,NaN,NaN,0.086,0.185,0.979,0.032,0,0,0,0,6.373,NaN,2,0,NaN,NaN,NaN,NaN
175494,1.00000112961574e+18,63875741920509,0.034,1.439,-0.018,0.056,-0.021,-0.008,0.998,NaN,0.088,0.182,0.979,0,0,0,64.325,NaN,NaN,NaN,NaN,NaN,NaN,NaN,NaN,0.088,0.182,0.979,0.032,0,0,0,0,6.373,NaN,2,0,NaN,NaN,NaN,NaN
175495,1.00000112962078e+18,63875741920509,0.034,1.439,-0.018,0.056,-0.021,-0.008,0.998,NaN,0.09,0.179,0.98,0,0,0,64.325,NaN,NaN,NaN,NaN,NaN,NaN,NaN,NaN,0.089,0.179,0.98,0.032,0,0,0,0,6.373,NaN,2,0,NaN,NaN,NaN,NaN
175496,1.0000011296258e+18,63875741920520,0.034,1.439,-0.018,0.056,-0.021,-0.008,0.998,NaN,0.092,0.178,0.98,0,0,0,64.325,NaN,NaN,NaN,NaN,NaN,NaN,NaN,NaN,0.092,0.178,0.98,0.032,0,0,0,0,6.373,NaN,2,0,NaN,NaN,NaN,NaN
175497,1.00000112963082e+18,63875741920520,0.034,1.439,-0.018,0.056,-0.021,-0.008,0.998,NaN,0.094,0.176,0.98,0,0,0,64.325,NaN,NaN,NaN,NaN,NaN,NaN,NaN,NaN,0.094,0.176,0.98,0.032,0,0,0,0,6.373,NaN,2,0,NaN,NaN,NaN,NaN
175498,1.00000112963585e+18,63875741920520,0.034,1.439,-0.018,0.056,-0.021,-0.008,0.998,NaN,0.096,0.176,0.98,0,0,0,64.325,NaN,NaN,NaN,NaN,NaN,NaN,NaN,NaN,0.096,0.176,0.98,0.032,0,0,0,0,6.373,NaN,2,0,NaN,NaN,NaN,NaN
175499,1.00000112964088e+18,63875741920531,0.034,1.439,-0.018,0.056,-0.021,-0.008,0.998,NaN,0.098,0.175,0.98,0,0,0,64.325,NaN,NaN,NaN,NaN,NaN,NaN,NaN,NaN,0.098,0.175,0.98,0.032,0,0,0,0,6.373,NaN,2,0,NaN,NaN,NaN,NaN
175500,1.0000011296459e+18,63875741920542,0.034,1.439,-0.018,0.057,-0.021,-0.008,0.998,NaN,0.1,0.175,0.979,0,0,0,64.325,NaN,NaN,NaN,NaN,NaN,NaN,NaN,NaN,0.1,0.175,0.98,0.032,0,0,0,0,6.373,NaN,2,0,NaN,NaN,NaN,NaN
175501,1.00000112965087e+18,63875741920542,0.034,1.439,-0.018,0.057,-0.021,-0.008,0.998,NaN,0.102,0.175,0.979,0,0,0,64.325,NaN,NaN,NaN,NaN,NaN,NaN,NaN,NaN,0.102,0.175,0.979,0.032,0,0,0,0,6.373,NaN,2,0,NaN,NaN,NaN,NaN
175502,1.00000112965589e+18,63875741920553,0.034,1.439,-0.018,0.057,-0.021,-0.008,0.998,NaN,0.103,0.174,0.979,0,0,0,64.325,NaN,NaN,NaN,NaN,NaN,NaN,NaN,NaN,0.103,0.174,0.979,0.032,0,0,0,0,6.373,NaN,2,0,NaN,NaN,NaN,NaN
175503,1.00000112966087e+18,63875741920554,0.034,1.439,-0.018,0.057,-0.021,-0.008,0.998,NaN,0.105,0.174,0.979,0,0,0,64.325,NaN,NaN,NaN,NaN,NaN,NaN,NaN,NaN,0.105,0.174,0.979,0.032,0,0,0,0,6.373,NaN,2,0,NaN,NaN,NaN,NaN
175504,1.00000112966589e+18,63875741920554,0.034,1.439,-0.018,0.057,-0.021,-0.008,0.998,NaN,0.106,0.173,0.979,0,0,0,64.325,NaN,NaN,NaN,NaN,NaN,NaN,NaN,NaN,0.106,0.173,0.979,0.032,0,0,0,0,6.373,NaN,2,0,NaN,NaN,NaN,NaN
175505,1.00000112967088e+18,63875741920564,0.034,1.439,-0.018,0.057,-0.021,-0.008,0.998,NaN,0.107,0.173,0.979,0,0,0,64.325,NaN,NaN,NaN,NaN,NaN,NaN,NaN,NaN,0.107,0.173,0.979,0.032,0,0,0,0,6.373,NaN,2,0,NaN,NaN,NaN,NaN
175506,1.0000011296759e+18,63875741920564,0.034,1.439,-0.018,0.057,-0.021,-0.008,0.998,NaN,0.108,0.173,0.979,0,0,0,64.325,NaN,NaN,NaN,NaN,NaN,NaN,NaN,NaN,0.108,0.173,0.979,0.032,0,0,0,0,6.373,NaN,2,0,NaN,NaN,NaN,NaN
175507,1.00000112968092e+18,63875741920575,0.034,1.439,-0.018,0.057,-0.021,-0.008,0.998,NaN,0.108,0.173,0.979,0,0,0,64.325,NaN,NaN,NaN,NaN,NaN,NaN,NaN,NaN,0.108,0.173,0.979,0.032,0,0,0,0,6.373,NaN,2,0,NaN,NaN,NaN,NaN
175508,1.00000112968594e+18,63875741920575,0.034,1.439,-0.018,0.057,-0.021,-0.008,0.998,NaN,0.109,0.173,0.979,0,0,0,64.325,NaN,NaN,NaN,NaN,NaN,NaN,NaN,NaN,0.109,0.173,0.979,0.032,0,0,0,0,6.373,NaN,2,0.3604789,NaN,NaN,NaN,NaN
175509,1.00000112969096e+18,63875741920575,0.034,1.439,-0.018,0.057,-0.021,-0.008,0.998,NaN,0.109,0.171,0.979,0,0,0,64.325,NaN,NaN,NaN,NaN,NaN,NaN,NaN,NaN,0.109,0.171,0.979,0.032,0,0,0,0,6.373,NaN,2,0.2302295,NaN,NaN,NaN,NaN
175510,1.00000112969593e+18,63875741920587,0.034,1.439,-0.018,0.057,-0.021,-0.008,0.998,NaN,0.108,0.164,0.981,0,0,0,64.325,NaN,NaN,NaN,NaN,NaN,NaN,NaN,NaN,0.108,0.164,0.981,0.032,0,0,0,0,6.373,NaN,2,0.3468677,NaN,NaN,NaN,NaN
175511,1.00000112970095e+18,63875741920587,0.034,1.439,-0.018,0.057,-0.021,-0.008,0.998,NaN,0.107,0.158,0.982,0,0,0,64.325,NaN,NaN,NaN,NaN,NaN,NaN,NaN,NaN,0.107,0.158,0.982,0.032,0,0,0,0,6.373,NaN,2,0.3582047,NaN,NaN,NaN,NaN
175512,1.00000112970597e+18,63875741920598,0.034,1.439,-0.018,0.057,-0.021,-0.008,0.998,NaN,0.106,0.152,0.983,0,0,0,64.325,NaN,NaN,NaN,NaN,NaN,NaN,NaN,NaN,0.106,0.152,0.983,0.032,0,0,0,0,6.373,NaN,2,0.3562336,NaN,NaN,NaN,NaN
175513,1.00000112971099e+18,63875741920609,0.034,1.439,-0.018,0.057,-0.021,-0.008,0.998,NaN,0.106,0.146,0.984,0,0,0,64.325,NaN,NaN,NaN,NaN,NaN,NaN,NaN,NaN,0.106,0.146,0.984,0.032,0,0,0,0,6.373,NaN,2,0.3020826,NaN,NaN,NaN,NaN
175514,1.00000112971601e+18,63875741920609,0.034,1.439,-0.018,0.057,-0.021,-0.008,0.998,NaN,0.105,0.144,0.984,0,0,0,64.325,NaN,NaN,NaN,NaN,NaN,NaN,NaN,NaN,0.105,0.144,0.984,0.032,0,0,0,0,6.373,NaN,2,0.1551765,NaN,NaN,NaN,NaN
175515,1.00000112972103e+18,63875741920609,0.034,1.439,-0.018,0.057,-0.021,-0.008,0.998,NaN,0.105,0.143,0.984,0,0,0,64.325,NaN,NaN,NaN,NaN,NaN,NaN,NaN,NaN,0.105,0.143,0.984,0.032,0,0,0,0,6.373,NaN,2,0.09112816,NaN,NaN,NaN,NaN
175516,1.000001129726e+18,63875741920620,0.034,1.439,-0.018,0.058,-0.021,-0.008,0.998,NaN,0.105,0.143,0.984,0,0,0,64.325,NaN,NaN,NaN,NaN,NaN,NaN,NaN,NaN,0.105,0.143,0.984,0.032,0,0,0,0,6.373,NaN,2,0.04166177,NaN,NaN,NaN,NaN
175517,1.00000112973102e+18,63875741920620,0.034,1.439,-0.018,0.058,-0.021,-0.008,0.998,NaN,0.106,0.143,0.984,0,0,0,64.325,NaN,NaN,NaN,NaN,NaN,NaN,NaN,NaN,0.106,0.143,0.984,0.032,0,0,0,0,6.373,NaN,2,0,NaN,NaN,NaN,NaN
175518,1.00000112973604e+18,63875741920632,0.034,1.439,-0.018,0.057,-0.021,-0.008,0.998,NaN,0.105,0.148,0.983,0,0,0,64.325,NaN,0.088,0.172,0.981,-0.032,0,0,0,0,6.415,0.909,NaN,0.105,0.148,0.983,0.032,0,0,0,0,6.373,0.944,2,0
175519,1.00000112974106e+18,63875741920632,0.034,1.439,-0.018,0.057,-0.021,-0.008,0.998,NaN,0.104,0.151,0.983,0,0,0,64.325,NaN,0.094,0.177,0.98,-0.032,0,0,0,0,6.415,0.909,NaN,0.104,0.151,0.983,0.032,0,0,0,0,6.373,0.944,2,0
175520,1.00000112974607e+18,63875741920632,0.034,1.439,-0.018,0.057,-0.021,-0.008,0.998,NaN,0.104,0.153,0.983,0,0,0,64.325,NaN,0.116,0.198,0.973,-0.032,0,0,0,0,6.415,0.909,NaN,0.104,0.153,0.983,0.032,0,0,0,0,6.373,0.944,2,0
175521,1.0000011297511e+18,63875741920642,0.033,1.439,-0.018,0.058,-0.021,-0.008,0.998,NaN,0.104,0.151,0.983,0,0,0,64.325,NaN,0.111,0.18,0.977,-0.032,0,0,0,0,6.415,0.91,NaN,0.104,0.151,0.983,0.032,0,0,0,0,6.373,0.945,2,0
175522,1.00000112975611e+18,63875741920653,0.033,1.439,-0.018,0.058,-0.021,-0.008,0.998,NaN,0.104,0.148,0.983,0,0,0,64.325,NaN,0.106,0.169,0.98,-0.032,0,0,0,0,6.415,0.91,NaN,0.104,0.148,0.983,0.032,0,0,0,0,6.373,0.945,2,0
175523,1.0000011297611e+18,63875741920653,0.033,1.439,-0.018,0.058,-0.021,-0.008,0.998,NaN,0.103,0.148,0.984,0,0,0,64.325,NaN,0.101,0.165,0.981,-0.032,0,0,0,0,6.415,0.91,NaN,0.103,0.148,0.984,0.032,0,0,0,0,6.373,0.945,2,0
175524,1.00000112976611e+18,63875741920653,0.033,1.439,-0.018,0.058,-0.021,-0.008,0.998,NaN,0.102,0.147,0.984,0,0,0,64.325,NaN,0.097,0.162,0.982,-0.032,0,0,0,0,6.415,0.911,NaN,0.102,0.147,0.984,0.032,0,0,0,0,6.373,0.945,2,0
175525,1.0000011297711e+18,63875741920665,0.033,1.439,-0.018,0.057,-0.021,-0.008,0.998,NaN,0.1,0.146,0.984,0,0,0,64.325,NaN,0.094,0.159,0.983,-0.032,0,0,0,0,6.415,0.911,NaN,0.1,0.146,0.984,0.032,0,0,0,0,6.373,0.946,2,0
175526,1.00000112977611e+18,63875741920665,0.033,1.439,-0.018,0.057,-0.021,-0.008,0.998,NaN,0.099,0.144,0.985,0,0,0,64.325,NaN,0.092,0.157,0.983,-0.032,0,0,0,0,6.415,0.911,NaN,0.099,0.144,0.985,0.032,0,0,0,0,6.373,0.946,2,0
175527,1.00000112978113e+18,63875741920676,0.033,1.44,-0.018,0.057,-0.021,-0.008,0.998,NaN,0.098,0.139,0.985,0,0,0,64.325,NaN,0.091,0.156,0.984,-0.032,0,0,0,0,6.415,0.911,NaN,0.098,0.139,0.985,0.032,0,0,0,0,6.373,0.946,2,0
175528,1.00000112978615e+18,63875741920676,0.033,1.44,-0.018,0.057,-0.021,-0.008,0.998,NaN,0.098,0.134,0.986,0,0,0,64.325,NaN,0.091,0.152,0.984,-0.032,0,0,0,0,6.415,0.912,NaN,0.098,0.134,0.986,0.032,0,0,0,0,6.373,0.946,2,0
175529,1.00000112979117e+18,63875741920676,0.033,1.44,-0.018,0.057,-0.021,-0.008,0.998,NaN,0.098,0.129,0.987,0,0,0,64.325,NaN,0.091,0.148,0.985,-0.032,0,0,0,0,6.415,0.912,NaN,0.098,0.129,0.987,0.032,0,0,0,0,6.373,0.947,2,0
175530,1.0000011297962e+18,63875741920687,0.033,1.44,-0.018,0.057,-0.022,-0.008,0.998,NaN,0.098,0.125,0.987,0,0,0,64.325,NaN,0.091,0.142,0.986,-0.032,0,0,0,0,6.415,0.912,NaN,0.098,0.125,0.987,0.032,0,0,0,0,6.373,0.947,2,0
175531,1.00000112980121e+18,63875741920687,0.033,1.44,-0.018,0.057,-0.022,-0.008,0.998,NaN,0.097,0.125,0.987,0,0,0,64.325,NaN,0.09,0.14,0.986,-0.032,0,0,0,0,6.415,0.912,NaN,0.097,0.125,0.987,0.032,0,0,0,0,6.373,0.947,2,0
175532,1.00000112980622e+18,63875741920698,0.033,1.44,-0.018,0.057,-0.022,-0.008,0.998,NaN,0.095,0.125,0.988,0,0,0,64.325,NaN,0.089,0.138,0.986,-0.032,0,0,0,0,6.415,0.913,NaN,0.095,0.125,0.988,0.032,0,0,0,0,6.373,0.947,2,0
175533,1.00000112981124e+18,63875741920698,0.033,1.44,-0.018,0.057,-0.022,-0.008,0.998,NaN,0.096,0.122,0.988,0,0,0,64.325,NaN,0.089,0.134,0.987,-0.032,0,0,0,0,6.415,0.913,NaN,0.096,0.122,0.988,0.032,0,0,0,0,6.373,0.947,2,0
175534,1.00000112981623e+18,63875741920709,0.034,1.44,-0.018,0.057,-0.022,-0.008,0.998,NaN,0.096,0.119,0.988,0,0,0,64.325,NaN,0.089,0.131,0.987,-0.032,0,0,0,0,6.415,0.913,NaN,0.096,0.119,0.988,0.032,0,0,0,0,6.373,0.948,2,0
175535,1.00000112982123e+18,63875741920709,0.034,1.44,-0.018,0.057,-0.022,-0.008,0.998,NaN,0.096,0.117,0.989,0,0,0,64.325,NaN,0.089,0.129,0.988,-0.032,0,0,0,0,6.415,0.913,NaN,0.096,0.117,0.989,0.032,0,0,0,0,6.373,0.948,2,0
175536,1.00000112982625e+18,63875741920720,0.034,1.44,-0.018,0.057,-0.022,-0.008,0.998,NaN,0.096,0.116,0.989,0,0,0,64.325,NaN,0.089,0.127,0.988,-0.032,0,0,0,0,6.415,0.913,NaN,0.096,0.116,0.989,0.032,0,0,0,0,6.373,0.948,2,0
175537,1.00000112983126e+18,63875741920720,0.034,1.44,-0.018,0.057,-0.022,-0.008,0.998,NaN,0.096,0.115,0.989,0,0,0,64.325,NaN,0.089,0.124,0.988,-0.032,0,0,0,0,6.415,0.913,NaN,0.096,0.115,0.989,0.032,0,0,0,0,6.373,0.948,2,0
175538,1.00000112983627e+18,63875741920720,0.034,1.44,-0.018,0.057,-0.022,-0.008,0.998,NaN,0.097,0.114,0.989,0,0,0,64.325,NaN,0.089,0.123,0.988,-0.032,0,0,0,0,6.415,0.914,NaN,0.097,0.114,0.989,0.032,0,0,0,0,6.373,0.948,2,0
175539,1.00000112984128e+18,63875741920731,0.034,1.44,-0.018,0.057,-0.022,-0.008,0.998,NaN,0.097,0.113,0.989,0,0,0,64.325,NaN,0.089,0.12,0.989,-0.032,0,0,0,0,6.415,0.914,NaN,0.097,0.113,0.989,0.032,0,0,0,0,6.373,0.948,2,0
175540,1.00000112984643e+18,63875741920732,0.034,1.44,-0.018,0.057,-0.022,-0.008,0.998,NaN,0.097,0.112,0.989,0,0,0,64.325,NaN,0.089,0.118,0.989,-0.032,0,0,0,0,6.415,0.914,NaN,0.097,0.112,0.989,0.032,0,0,0,0,6.373,0.948,2,0
175541,1.00000112985137e+18,63875741920742,0.034,1.44,-0.018,0.057,-0.022,-0.007,0.998,NaN,0.097,0.112,0.989,0,0,0,64.325,NaN,0.089,0.115,0.989,-0.032,0,0,0.624,4.005,6.415,0.914,NaN,0.097,0.112,0.989,0.032,0,0,0.662,4.222,6.373,0.948,2,0
175542,1.00000112985632e+18,63875741920753,0.034,1.44,-0.018,0.057,-0.022,-0.008,0.998,NaN,0.097,0.111,0.989,0,0,0,64.325,NaN,0.089,0.114,0.989,-0.032,0,0,0.625,4.01,6.415,0.914,NaN,0.097,0.111,0.989,0.032,0,0,0.662,4.219,6.373,0.949,2,0
175543,1.00000112986135e+18,63875741920753,0.034,1.44,-0.018,0.057,-0.022,-0.008,0.998,NaN,0.097,0.111,0.989,0,0,0,64.325,NaN,0.089,0.114,0.99,-0.032,0,0,0.629,4.035,6.415,0.914,NaN,0.097,0.111,0.989,0.032,0,0,0.661,4.214,6.373,0.949,2,0
175544,1.00000112986636e+18,63875741920765,0.034,1.44,-0.018,0.057,-0.022,-0.008,0.998,NaN,0.098,0.11,0.989,0,0,0,64.325,NaN,0.088,0.114,0.99,-0.032,0,0,0.629,4.036,6.415,0.914,NaN,0.098,0.11,0.989,0.032,0,0,0.659,4.201,6.373,0.949,2,0
175545,1.00000112987141e+18,63875741920765,0.034,1.44,-0.018,0.057,-0.022,-0.008,0.998,NaN,0.098,0.11,0.989,0,0,0,64.325,NaN,0.088,0.114,0.99,-0.032,0,0,0.63,4.042,6.415,0.915,NaN,0.098,0.11,0.989,0.032,0,0,0.658,4.194,6.373,0.949,2,0
175546,1.00000112987642e+18,63875741920765,0.034,1.44,-0.018,0.057,-0.022,-0.008,0.998,NaN,0.098,0.109,0.989,0,0,0,64.325,NaN,0.087,0.114,0.99,-0.032,0,0,0.631,4.047,6.415,0.915,NaN,0.098,0.109,0.989,0.032,0,0,0.658,4.191,6.373,0.949,2,0.3036633
175547,1.00000112988136e+18,63875741920776,0.033,1.44,-0.018,0.057,-0.022,-0.008,0.998,NaN,0.098,0.109,0.989,0,0,0,64.325,NaN,0.086,0.115,0.99,-0.032,0,0,0.636,4.077,6.415,0.915,NaN,0.098,0.109,0.989,0.032,0,0,0.655,4.174,6.373,0.949,2,0.2557599
175548,1.00000112988641e+18,63875741920776,0.033,1.44,-0.018,0.057,-0.022,-0.008,0.998,NaN,0.098,0.107,0.989,0,0,0,64.325,NaN,0.086,0.116,0.99,-0.032,0,0,0.637,4.089,6.415,0.915,NaN,0.098,0.107,0.989,0.032,0,0,0.651,4.149,6.373,0.949,2,0.2210456
175549,1.00000112989142e+18,63875741920776,0.033,1.44,-0.018,0.057,-0.022,-0.008,0.998,NaN,0.098,0.106,0.99,0,0,0,64.325,NaN,0.085,0.116,0.99,-0.032,0,0,0.637,4.089,6.415,0.915,NaN,0.098,0.106,0.99,0.032,0,0,0.648,4.133,6.373,0.95,2,0.2253088
175550,1.00000112989642e+18,63875741920787,0.034,1.44,-0.018,0.057,-0.022,-0.008,0.998,NaN,0.098,0.105,0.99,0,0,0,64.325,NaN,0.085,0.117,0.99,-0.032,0,0,0.637,4.089,6.415,0.916,NaN,0.098,0.105,0.99,0.032,0,0,0.647,4.121,6.373,0.95,2,0.5457754
175551,1.00000112990138e+18,63875741920787,0.034,1.44,-0.018,0.057,-0.022,-0.008,0.998,NaN,0.098,0.104,0.99,0,0,0,64.325,NaN,0.084,0.118,0.99,-0.032,0,0,0.637,4.087,6.415,0.916,NaN,0.098,0.104,0.99,0.032,0,0,0.645,4.112,6.373,0.95,2,0.540095
175552,1.00000112990641e+18,63875741920798,0.034,1.44,-0.018,0.057,-0.022,-0.008,0.998,NaN,0.097,0.103,0.99,0,0,0,64.325,NaN,0.083,0.118,0.989,-0.032,0,0,0.638,4.095,6.415,0.916,NaN,0.097,0.103,0.99,0.032,0,0,0.643,4.1,6.373,0.95,2,0.8643469
175553,1.0000011299114e+18,63875741920798,0.034,1.44,-0.018,0.057,-0.022,-0.008,0.998,NaN,0.097,0.103,0.99,0,0,0,64.325,NaN,0.083,0.119,0.989,-0.032,0,0,0.64,4.105,6.415,0.916,NaN,0.097,0.103,0.99,0.032,0,0,0.642,4.089,6.373,0.95,2,0.865544
175554,1.00000112991647e+18,63875741920810,0.034,1.44,-0.018,0.057,-0.022,-0.008,0.998,NaN,0.097,0.102,0.99,0,0,0,64.325,NaN,0.082,0.119,0.989,-0.032,0,0,0.64,4.104,6.415,0.916,NaN,0.097,0.102,0.99,0.032,0,0,0.64,4.08,6.373,0.951,2,0.8661547
175555,1.00000112992146e+18,63875741920810,0.034,1.44,-0.018,0.057,-0.022,-0.008,0.998,NaN,0.097,0.101,0.99,0,0,0,64.325,NaN,0.081,0.12,0.989,-0.032,0,0,0.64,4.108,6.415,0.917,NaN,0.097,0.101,0.99,0.032,0,0,0.639,4.072,6.373,0.951,2,0.9085431
175556,1.00000112992659e+18,63875741920821,0.034,1.44,-0.018,0.057,-0.022,-0.008,0.998,NaN,0.096,0.101,0.99,0,0,0,64.325,NaN,0.081,0.12,0.989,-0.032,0,0,0.641,4.109,6.415,0.917,NaN,0.096,0.101,0.99,0.032,0,0,0.638,4.066,6.373,0.951,2,0.908024
175557,1.00000112993158e+18,63875741920821,0.034,1.44,-0.018,0.057,-0.022,-0.008,0.998,NaN,0.096,0.101,0.99,0,0,0,64.325,NaN,0.08,0.121,0.989,-0.032,0,0,0.641,4.109,6.415,0.917,NaN,0.096,0.101,0.99,0.032,0,0,0.637,4.057,6.373,0.951,2,0.9041148
175558,1.00000112993649e+18,63875741920832,0.034,1.44,-0.018,0.058,-0.022,-0.008,0.998,NaN,0.096,0.1,0.99,0,0,0,64.325,NaN,0.08,0.122,0.989,-0.032,0,0,0.638,4.093,6.415,0.917,NaN,0.096,0.1,0.99,0.032,0,0,0.635,4.047,6.373,0.952,2,0.9188719
175559,1.00000112994152e+18,63875741920832,0.034,1.44,-0.018,0.058,-0.022,-0.008,0.998,NaN,0.096,0.1,0.99,0,0,0,64.325,NaN,0.08,0.122,0.989,-0.032,0,0,0.636,4.077,6.415,0.917,NaN,0.096,0.1,0.99,0.032,0,0,0.634,4.037,6.373,0.952,2,0.9020774
175560,1.00000112994654e+18,63875741920832,0.034,1.44,-0.018,0.058,-0.022,-0.008,0.998,NaN,0.095,0.099,0.99,0,0,0,64.325,NaN,0.08,0.123,0.989,-0.032,0,0,0.63,4.044,6.415,0.917,NaN,0.095,0.099,0.99,0.032,0,0,0.632,4.031,6.373,0.952,2,0.9057369
175561,1.00000112995155e+18,63875741920843,0.034,1.44,-0.018,0.058,-0.023,-0.008,0.998,NaN,0.095,0.099,0.991,0,0,0,64.325,NaN,0.08,0.123,0.989,-0.032,0,0,0.627,4.022,6.415,0.917,NaN,0.095,0.099,0.991,0.032,0,0,0.631,4.024,6.373,0.952,2,0.9117175
175562,1.00000112995657e+18,63875741920843,0.034,1.44,-0.018,0.058,-0.023,-0.008,0.998,NaN,0.095,0.098,0.991,0,0,0,64.325,NaN,0.08,0.123,0.989,-0.032,0,0,0.625,4.012,6.415,0.917,NaN,0.095,0.098,0.991,0.032,0,0,0.63,4.017,6.373,0.952,2,0.8976466
175563,1.0000011299616e+18,63875741920854,0.034,1.44,-0.018,0.058,-0.023,-0.008,0.998,NaN,0.095,0.098,0.991,0,0,0,64.325,NaN,0.08,0.124,0.989,-0.032,0,0,0.625,4.006,6.415,0.918,NaN,0.095,0.098,0.991,0.032,0,0,0.629,4.009,6.373,0.952,2,0.912571
175564,1.00000112996662e+18,63875741920854,0.034,1.44,-0.018,0.058,-0.023,-0.008,0.998,NaN,0.094,0.098,0.991,0,0,0,64.325,NaN,0.08,0.124,0.989,-0.032,0,0,0.624,4.004,6.415,0.918,NaN,0.094,0.098,0.991,0.032,0,0,0.628,4.001,6.373,0.952,2,0.9271165
175565,1.00000112997163e+18,63875741920865,0.034,1.44,-0.018,0.058,-0.023,-0.008,0.998,NaN,0.094,0.097,0.991,0,0,0,64.325,NaN,0.079,0.125,0.989,-0.032,0,0,0.632,4.057,6.415,0.918,NaN,0.094,0.097,0.991,0.032,0,0,0.627,3.994,6.373,0.953,2,0.9226975
175566,1.00000112997665e+18,63875741920865,0.034,1.44,-0.018,0.058,-0.023,-0.008,0.998,NaN,0.094,0.097,0.991,0,0,0,64.325,NaN,0.079,0.127,0.989,-0.032,0,0,0.638,4.09,6.415,0.918,NaN,0.094,0.097,0.991,0.032,0,0,0.625,3.986,6.373,0.953,2,0.9659002
175567,1.00000112998167e+18,63875741920876,0.034,1.44,-0.018,0.058,-0.023,-0.008,0.998,NaN,0.094,0.097,0.991,0,0,0,64.325,NaN,0.078,0.129,0.989,-0.032,0,0,0.64,4.108,6.415,0.918,NaN,0.094,0.097,0.991,0.032,0,0,0.624,3.978,6.373,0.953,2,1
175568,1.00000112998669e+18,63875741920876,0.034,1.44,-0.018,0.058,-0.023,-0.008,0.998,NaN,0.094,0.097,0.991,0,0,0,64.325,NaN,0.078,0.131,0.988,-0.032,0,0,0.641,4.114,6.415,0.918,NaN,0.094,0.097,0.991,0.032,0,0,0.623,3.971,6.373,0.953,2,1
175569,1.00000112999163e+18,63875741920876,0.034,1.44,-0.018,0.058,-0.023,-0.008,0.998,NaN,0.094,0.097,0.991,0,0,0,64.325,NaN,0.077,0.132,0.988,-0.032,0,0,0.641,4.113,6.415,0.919,NaN,0.094,0.097,0.991,0.032,0,0,0.622,3.965,6.373,0.953,2,1
175570,1.00000112999664e+18,63875741920888,0.034,1.44,-0.018,0.058,-0.023,-0.008,0.998,NaN,0.094,0.096,0.991,0,0,0,64.325,NaN,0.077,0.133,0.988,-0.032,0,0,0.64,4.104,6.415,0.919,NaN,0.094,0.096,0.991,0.032,0,0,0.621,3.959,6.373,0.953,2,1
175571,1.00000113000166e+18,63875741920898,0.034,1.44,-0.018,0.058,-0.023,-0.008,0.998,NaN,0.093,0.096,0.991,0,0,0,64.325,NaN,0.076,0.134,0.988,-0.032,0,0,0.638,4.09,6.415,0.919,NaN,0.093,0.096,0.991,0.032,0,0,0.62,3.949,6.373,0.953,2,1
175572,1.00000113000668e+18,63875741920898,0.034,1.44,-0.018,0.058,-0.023,-0.008,0.998,NaN,0.093,0.096,0.991,0,0,0,64.325,NaN,0.076,0.135,0.988,-0.032,0,0,0.637,4.084,6.415,0.919,NaN,0.093,0.096,0.991,0.032,0,0,0.618,3.941,6.373,0.954,2,1
175573,1.0000011300117e+18,63875741920898,0.034,1.44,-0.018,0.058,-0.023,-0.008,0.998,NaN,0.093,0.096,0.991,0,0,0,64.325,NaN,0.076,0.136,0.988,-0.032,0,0,0.636,4.078,6.415,0.919,NaN,0.093,0.096,0.991,0.032,0,0,0.617,3.933,6.373,0.954,2,1
175574,1.00000113001672e+18,63875741920910,0.034,1.44,-0.018,0.058,-0.023,-0.008,0.998,NaN,0.093,0.096,0.991,0,0,0,64.325,NaN,0.076,0.137,0.988,-0.032,0,0,0.635,4.074,6.415,0.919,NaN,0.093,0.096,0.991,0.032,0,0,0.616,3.926,6.373,0.954,2,0.9951379
175575,1.00000113002174e+18,63875741920910,0.034,1.44,-0.018,0.058,-0.023,-0.008,0.998,NaN,0.093,0.096,0.991,0,0,0,64.325,NaN,0.075,0.139,0.987,-0.032,0,0,0.646,4.146,6.415,0.919,NaN,0.093,0.096,0.991,0.032,0,0,0.615,3.916,6.373,0.954,2,0.985662
175576,1.00000113002678e+18,63875741920920,0.034,1.44,-0.018,0.058,-0.023,-0.008,0.998,NaN,0.093,0.096,0.991,0,0,0,64.325,NaN,0.074,0.141,0.987,-0.032,0,0,0.647,4.151,6.415,0.919,NaN,0.093,0.096,0.991,0.032,0,0,0.613,3.909,6.373,0.954,2,0.9748774
175577,1.0000011300318e+18,63875741920920,0.034,1.44,-0.018,0.058,-0.023,-0.008,0.998,NaN,0.093,0.096,0.991,0,0,0,64.325,NaN,0.074,0.143,0.987,-0.032,0,0,0.647,4.151,6.415,0.919,NaN,0.093,0.096,0.991,0.032,0,0,0.612,3.9,6.373,0.954,2,0.9809247
175578,1.00000113003682e+18,63875741920932,0.034,1.44,-0.018,0.057,-0.023,-0.008,0.998,NaN,0.093,0.096,0.991,0,0,0,64.325,NaN,0.073,0.145,0.987,-0.032,0,0,0.645,4.141,6.415,0.919,NaN,0.093,0.096,0.991,0.032,0,0,0.611,3.891,6.373,0.954,2,0.9891458
175579,1.00000113004182e+18,63875741920932,0.034,1.44,-0.018,0.057,-0.023,-0.008,0.998,NaN,0.093,0.096,0.991,0,0,0,64.325,NaN,0.072,0.146,0.987,-0.032,0,0,0.645,4.141,6.415,0.919,NaN,0.093,0.096,0.991,0.032,0,0,0.609,3.882,6.373,0.954,2,0.9902017
175580,1.00000113004678e+18,63875741920932,0.034,1.44,-0.018,0.057,-0.023,-0.008,0.998,NaN,0.093,0.096,0.991,0,0,0,64.325,NaN,0.072,0.147,0.986,-0.032,0,0,0.646,4.142,6.415,0.919,NaN,0.093,0.096,0.991,0.032,0,0,0.608,3.875,6.373,0.954,2,0.9852423
175581,1.0000011300518e+18,63875741920942,0.034,1.44,-0.018,0.057,-0.023,-0.008,0.998,NaN,0.092,0.096,0.991,0,0,0,64.325,NaN,0.072,0.148,0.986,-0.032,0,0,0.643,4.126,6.415,0.918,NaN,0.092,0.096,0.991,0.032,0,0,0.607,3.869,6.373,0.954,2,0.9870632
175582,1.00000113005678e+18,63875741920942,0.034,1.44,-0.018,0.057,-0.023,-0.008,0.998,NaN,0.092,0.097,0.991,0,0,0,64.325,NaN,0.073,0.144,0.987,-0.032,0,0,0.637,4.089,6.415,0.917,NaN,0.092,0.097,0.991,0.032,0,0,0.606,3.862,6.373,0.954,2,0.8799644
175583,1.0000011300618e+18,63875741920953,0.034,1.44,-0.018,0.057,-0.023,-0.008,0.998,NaN,0.092,0.097,0.991,0,0,0,64.325,NaN,0.073,0.143,0.987,-0.032,0,0,0.624,4.001,6.415,0.915,NaN,0.092,0.097,0.991,0.032,0,0,0.605,3.854,6.373,0.954,2,0.7717677
175584,1.00000113006686e+18,63875741920965,0.034,1.44,-0.018,0.057,-0.022,-0.008,0.998,NaN,0.091,0.097,0.991,0,0,0,64.325,NaN,0.073,0.142,0.987,-0.032,0,0,0.614,3.939,6.415,0.914,NaN,0.091,0.097,0.991,0.032,0,0,0.603,3.844,6.373,0.954,2,0.6222524
175585,1.00000113007188e+18,63875741920965,0.034,1.44,-0.018,0.057,-0.022,-0.008,0.998,NaN,0.091,0.097,0.991,0,0,0,64.325,NaN,0.074,0.141,0.987,-0.032,0,0,0.608,3.899,6.415,0.912,NaN,0.091,0.097,0.991,0.032,0,0,0.602,3.837,6.373,0.953,2,0.4829774
175586,1.0000011300769e+18,63875741920965,0.034,1.44,-0.018,0.057,-0.022,-0.008,0.998,NaN,0.091,0.098,0.991,0,0,0,64.325,NaN,0.074,0.139,0.987,-0.032,0,0,0.606,3.889,6.415,0.911,NaN,0.091,0.098,0.991,0.032,0,0,0.601,3.832,6.373,0.953,2,0.2912176
175587,1.00000113008191e+18,63875741920976,0.034,1.44,-0.018,0.057,-0.022,-0.008,0.998,NaN,0.091,0.098,0.991,0,0,0,64.325,NaN,0.074,0.139,0.988,-0.032,0,0,0.606,3.886,6.415,0.91,NaN,0.091,0.098,0.991,0.032,0,0,0.6,3.826,6.373,0.953,2,0.1119677
175588,1.00000113008692e+18,63875741920976,0.034,1.44,-0.018,0.057,-0.022,-0.008,0.998,NaN,0.09,0.099,0.991,0,0,0,64.325,NaN,0.075,0.137,0.988,-0.032,0,0,0.606,3.885,6.415,0.909,NaN,0.09,0.099,0.991,0.032,0,0,0.599,3.816,6.373,0.953,2,0
175589,1.00000113009188e+18,63875741920976,0.034,1.44,-0.018,0.057,-0.022,-0.008,0.998,NaN,0.09,0.1,0.991,0,0,0,64.325,NaN,0.075,0.134,0.988,-0.032,0,0,0.606,3.885,6.415,0.907,NaN,0.09,0.1,0.991,0.032,0,0,0.598,3.81,6.373,0.952,2,0
175590,1.00000113009689e+18,63875741920988,0.034,1.44,-0.018,0.057,-0.022,-0.008,0.998,NaN,0.09,0.101,0.991,0,0,0,64.325,NaN,0.076,0.131,0.988,-0.032,0,0,0.605,3.883,6.415,0.906,NaN,0.09,0.101,0.991,0.032,0,0,0.597,3.805,6.373,0.951,2,0
175591,1.0000011301019e+18,63875741920988,0.034,1.44,-0.018,0.057,-0.022,-0.008,0.998,NaN,0.089,0.103,0.991,0,0,0,64.325,NaN,0.076,0.129,0.989,-0.032,0,0,0.605,3.883,6.415,0.904,NaN,0.089,0.103,0.991,0.032,0,0,0.596,3.8,6.373,0.95,2,0
175592,1.00000113010692e+18,63875741920998,0.034,1.44,-0.018,0.057,-0.022,-0.008,0.998,NaN,0.089,0.103,0.991,0,0,0,64.325,NaN,0.077,0.126,0.989,-0.032,0,0,0.642,4.12,6.415,0.903,NaN,0.089,0.103,0.991,0.032,0,0,0.595,3.795,6.373,0.949,2,0
175593,1.00000113011195e+18,63875741920998,0.034,1.44,-0.018,0.057,-0.022,-0.008,0.998,NaN,0.088,0.104,0.991,0,0,0,64.325,NaN,0.077,0.123,0.989,-0.032,0,0,0.646,4.147,6.415,0.9,NaN,0.088,0.104,0.991,0.032,0,0,0.595,3.792,6.373,0.947,2,0
175594,1.00000113011696e+18,63875741921010,0.034,1.44,-0.018,0.057,-0.022,-0.008,0.998,NaN,0.088,0.104,0.991,0,0,0,64.325,NaN,0.077,0.123,0.989,-0.032,0,0,0.59,3.784,6.415,0.897,NaN,0.088,0.104,0.991,0.032,0,0,0.594,3.787,6.373,0.943,2,0
175595,1.00000113012195e+18,63875741921010,0.034,1.44,-0.018,0.057,-0.022,-0.008,0.998,NaN,0.088,0.104,0.991,0,0,0,64.325,NaN,0.077,0.123,0.99,-0.032,0,0,0.588,3.77,6.415,0.887,NaN,0.088,0.104,0.991,0.032,0,0,0.593,3.781,6.373,0.935,2,0
175596,1.00000113012697e+18,63875741921020,0.034,1.44,-0.018,0.057,-0.022,-0.008,0.998,NaN,0.087,0.102,0.991,0,0,0,64.325,NaN,0.076,0.119,0.99,-0.032,0,0,0.571,3.661,6.415,0.872,NaN,0.087,0.102,0.991,0.032,0,0,0.586,3.738,6.373,0.924,2,0
175597,1.00000113013199e+18,63875741921020,0.034,1.44,-0.018,0.057,-0.022,-0.008,0.998,NaN,0.088,0.103,0.991,0,0,0,64.325,NaN,0.076,0.106,0.991,-0.032,0,0,0.526,3.377,6.415,0.852,NaN,0.088,0.103,0.991,0.032,0,0,0.582,3.708,6.373,0.905,2,0
175598,1.000001130137e+18,63875741921110,0.034,1.44,-0.019,0.057,-0.022,-0.008,0.998,NaN,0.089,0.102,0.991,0,0,0,64.325,NaN,0.076,0.093,0.993,-0.032,0,0,0.527,3.38,6.415,0.82,NaN,0.089,0.102,0.991,0.032,0,0,0.58,3.698,6.373,0.869,2,0
175599,1.00000113014202e+18,63875741921110,0.034,1.44,-0.019,0.057,-0.022,-0.008,0.998,NaN,0.086,0.097,0.992,0,0,0,64.325,NaN,0.075,0.07,0.995,-0.032,0,0,0,0,6.415,0.797,NaN,0.083,0.1,0.992,0.032,0,0,0,0,6.373,0.821,2,0
175600,1.00000113014703e+18,63875741921110,0.034,1.44,-0.019,0.057,-0.022,-0.008,0.998,NaN,NaN,NaN,NaN,NaN,NaN,NaN,NaN,NaN,NaN,NaN,NaN,NaN,NaN,NaN,NaN,NaN,NaN,NaN,NaN,NaN,NaN,NaN,NaN,NaN,NaN,NaN,NaN,NaN,NaN,NaN,NaN
175601,1.00000113015205e+18,63875741921110,0.034,1.44,-0.019,0.057,-0.022,-0.008,0.998,NaN,0.048,0.036,0.998,0,0,0,64.325,NaN,NaN,NaN,NaN,NaN,NaN,NaN,NaN,0.045,0.041,0.998,0.032,0,0,0,0,6.373,NaN,2,0,NaN,NaN,NaN,NaN
175602,1.00000113015706e+18,63875741921110,0.034,1.44,-0.019,0.057,-0.022,-0.008,0.998,NaN,NaN,NaN,NaN,NaN,NaN,NaN,NaN,NaN,NaN,NaN,NaN,NaN,NaN,NaN,NaN,NaN,NaN,NaN,NaN,NaN,NaN,NaN,NaN,NaN,NaN,NaN,NaN,NaN,NaN,NaN,NaN
175603,1.00000113016207e+18,63875741921110,0.034,1.44,-0.019,0.057,-0.022,-0.008,0.998,NaN,NaN,NaN,NaN,NaN,NaN,NaN,NaN,NaN,NaN,NaN,NaN,NaN,NaN,NaN,NaN,NaN,NaN,NaN,NaN,NaN,NaN,NaN,NaN,NaN,NaN,NaN,NaN,NaN,NaN,NaN,NaN
175604,1.00000113016709e+18,63875741921110,0.034,1.44,-0.019,0.057,-0.022,-0.008,0.998,NaN,NaN,NaN,NaN,NaN,NaN,NaN,NaN,NaN,NaN,NaN,NaN,NaN,NaN,NaN,NaN,NaN,NaN,NaN,NaN,NaN,NaN,NaN,NaN,NaN,NaN,NaN,NaN,NaN,NaN,NaN,NaN
175605,1.0000011301721e+18,63875741921110,0.034,1.44,-0.019,0.057,-0.022,-0.008,0.998,NaN,NaN,NaN,NaN,NaN,NaN,NaN,NaN,NaN,NaN,NaN,NaN,NaN,NaN,NaN,NaN,NaN,NaN,NaN,NaN,NaN,NaN,NaN,NaN,NaN,NaN,NaN,NaN,NaN,NaN,NaN,NaN
175606,1.0000011301771e+18,63875741921110,0.034,1.44,-0.019,0.057,-0.022,-0.008,0.998,NaN,NaN,NaN,NaN,NaN,NaN,NaN,NaN,NaN,NaN,NaN,NaN,NaN,NaN,NaN,NaN,NaN,NaN,NaN,NaN,NaN,NaN,NaN,NaN,NaN,NaN,NaN,NaN,NaN,NaN,NaN,NaN
175607,1.00000113018211e+18,63875741921110,0.034,1.44,-0.019,0.057,-0.022,-0.008,0.998,NaN,NaN,NaN,NaN,NaN,NaN,NaN,NaN,NaN,NaN,NaN,NaN,NaN,NaN,NaN,NaN,NaN,NaN,NaN,NaN,NaN,NaN,NaN,NaN,NaN,NaN,NaN,NaN,NaN,NaN,NaN,NaN
175608,1.00000113018712e+18,63875741921110,0.034,1.44,-0.019,0.057,-0.022,-0.008,0.998,NaN,NaN,NaN,NaN,NaN,NaN,NaN,NaN,NaN,NaN,NaN,NaN,NaN,NaN,NaN,NaN,NaN,NaN,NaN,NaN,NaN,NaN,NaN,NaN,NaN,NaN,NaN,NaN,NaN,NaN,NaN,NaN
175609,1.00000113019214e+18,63875741921110,0.034,1.44,-0.019,0.057,-0.022,-0.008,0.998,NaN,NaN,NaN,NaN,NaN,NaN,NaN,NaN,NaN,NaN,NaN,NaN,NaN,NaN,NaN,NaN,NaN,NaN,NaN,NaN,NaN,NaN,NaN,NaN,NaN,NaN,NaN,NaN,NaN,NaN,NaN,NaN
175610,1.00000113019715e+18,63875741921110,0.034,1.44,-0.019,0.057,-0.022,-0.008,0.998,NaN,NaN,NaN,NaN,NaN,NaN,NaN,NaN,NaN,NaN,NaN,NaN,NaN,NaN,NaN,NaN,NaN,NaN,NaN,NaN,NaN,NaN,NaN,NaN,NaN,NaN,NaN,NaN,NaN,NaN,NaN,NaN
175611,1.00000113020217e+18,63875741921110,0.034,1.44,-0.019,0.057,-0.022,-0.008,0.998,NaN,NaN,NaN,NaN,NaN,NaN,NaN,NaN,NaN,NaN,NaN,NaN,NaN,NaN,NaN,NaN,NaN,NaN,NaN,NaN,NaN,NaN,NaN,NaN,NaN,NaN,NaN,NaN,NaN,NaN,NaN,NaN
175612,1.00000113020718e+18,63875741921110,0.034,1.44,-0.019,0.057,-0.022,-0.008,0.998,NaN,NaN,NaN,NaN,NaN,NaN,NaN,NaN,NaN,NaN,NaN,NaN,NaN,NaN,NaN,NaN,NaN,NaN,NaN,NaN,NaN,NaN,NaN,NaN,NaN,NaN,NaN,NaN,NaN,NaN,NaN,NaN
175613,1.00000113021218e+18,63875741921110,0.034,1.44,-0.019,0.057,-0.022,-0.008,0.998,NaN,NaN,NaN,NaN,NaN,NaN,NaN,NaN,NaN,NaN,NaN,NaN,NaN,NaN,NaN,NaN,NaN,NaN,NaN,NaN,NaN,NaN,NaN,NaN,NaN,NaN,NaN,NaN,NaN,NaN,NaN,NaN
175614,1.0000011302172e+18,63875741921110,0.034,1.44,-0.019,0.057,-0.022,-0.008,0.998,NaN,NaN,NaN,NaN,NaN,NaN,NaN,NaN,NaN,NaN,NaN,NaN,NaN,NaN,NaN,NaN,NaN,NaN,NaN,NaN,NaN,NaN,NaN,NaN,NaN,NaN,NaN,NaN,NaN,NaN,NaN,NaN
175615,1.00000113022221e+18,63875741921110,0.034,1.44,-0.019,0.057,-0.022,-0.008,0.998,NaN,0.041,-0.256,0.966,0,0,0,64.325,NaN,NaN,NaN,NaN,NaN,NaN,NaN,NaN,0.039,-0.252,0.967,0.032,0,0,0,0,6.373,NaN,2,0,NaN,NaN,NaN,NaN
175616,1.00000113022722e+18,63875741921121,0.034,1.44,-0.019,0.057,-0.022,-0.008,0.998,NaN,0.04,-0.4,0.916,0,0,0,64.325,NaN,NaN,NaN,NaN,NaN,NaN,NaN,NaN,0.038,-0.399,0.916,0.032,0,0,0,0,6.373,NaN,2,0,NaN,NaN,NaN,NaN
175617,1.00000113023223e+18,63875741921121,0.034,1.44,-0.019,0.057,-0.022,-0.008,0.998,NaN,0.048,-0.305,0.951,0,0,0,64.325,NaN,NaN,NaN,NaN,NaN,NaN,NaN,NaN,0.046,-0.304,0.952,0.032,0,0,0,0,6.373,NaN,2,0,NaN,NaN,NaN,NaN
175618,1.00000113023728e+18,63875741921121,0.034,1.44,-0.019,0.057,-0.022,-0.008,0.998,NaN,0.051,-0.313,0.948,0,0,0,64.325,NaN,NaN,NaN,NaN,NaN,NaN,NaN,NaN,0.05,-0.313,0.949,0.032,0,0,0,0,6.373,NaN,2,0,NaN,NaN,NaN,NaN
175619,1.00000113024229e+18,63875741921132,0.034,1.44,-0.019,0.057,-0.022,-0.008,0.998,NaN,0.054,-0.309,0.95,0,0,0,64.325,NaN,NaN,NaN,NaN,NaN,NaN,NaN,NaN,0.053,-0.308,0.95,0.032,0,0,0,0,6.373,NaN,2,0,NaN,NaN,NaN,NaN
175620,1.00000113024731e+18,63875741921132,0.034,1.44,-0.019,0.057,-0.022,-0.008,0.998,NaN,0.056,-0.298,0.953,0,0,0,64.325,NaN,NaN,NaN,NaN,NaN,NaN,NaN,NaN,0.055,-0.298,0.953,0.032,0,0,0,0,6.373,NaN,2,0,NaN,NaN,NaN,NaN
175621,1.00000113025231e+18,63875741921143,0.034,1.44,-0.019,0.057,-0.022,-0.008,0.998,NaN,0.055,-0.34,0.939,0,0,0,64.325,NaN,NaN,NaN,NaN,NaN,NaN,NaN,NaN,0.054,-0.34,0.939,0.032,0,0,0,0,6.373,NaN,2,0,NaN,NaN,NaN,NaN
175622,1.00000113025732e+18,63875741921143,0.034,1.44,-0.019,0.057,-0.022,-0.008,0.998,NaN,0.055,-0.36,0.931,0,0,0,64.325,NaN,NaN,NaN,NaN,NaN,NaN,NaN,NaN,0.054,-0.36,0.932,0.032,0,0,0,0,6.373,NaN,2,0,NaN,NaN,NaN,NaN
175623,1.00000113026233e+18,63875741921154,0.034,1.44,-0.019,0.057,-0.022,-0.008,0.998,NaN,0.052,-0.284,0.957,0,0,0,64.325,NaN,NaN,NaN,NaN,NaN,NaN,NaN,NaN,0.051,-0.284,0.957,0.032,0,0,0,0,6.373,NaN,2,0,NaN,NaN,NaN,NaN
175624,1.00000113026737e+18,63875741921154,0.034,1.44,-0.019,0.057,-0.022,-0.008,0.998,NaN,0.047,-0.238,0.97,0,0,0,64.325,NaN,NaN,NaN,NaN,NaN,NaN,NaN,NaN,0.047,-0.238,0.97,0.032,0,0,0,0,6.373,NaN,2,0,NaN,NaN,NaN,NaN
175625,1.00000113027238e+18,63875741921166,0.034,1.44,-0.019,0.057,-0.022,-0.008,0.998,NaN,0.039,-0.18,0.983,0,0,0,64.325,NaN,NaN,NaN,NaN,NaN,NaN,NaN,NaN,0.039,-0.18,0.983,0.032,0,0,0,0,6.373,NaN,2,0,NaN,NaN,NaN,NaN
175626,1.00000113027738e+18,63875741921166,0.034,1.44,-0.019,0.057,-0.022,-0.008,0.998,NaN,0.032,-0.128,0.991,0,0,0,64.325,NaN,NaN,NaN,NaN,NaN,NaN,NaN,NaN,0.032,-0.128,0.991,0.032,0,0,0,0,6.373,NaN,2,0,NaN,NaN,NaN,NaN
175627,1.00000113028237e+18,63875741921176,0.034,1.44,-0.019,0.057,-0.022,-0.008,0.998,NaN,0.041,-0.061,0.997,0,0,0,64.325,NaN,0.082,0.031,0.996,-0.032,0,0,0,0,6.415,0.668,NaN,0.041,-0.061,0.997,0.032,0,0,0,0,6.373,0.675,0.2584223,0
175628,1.00000113028738e+18,63875741921176,0.034,1.44,-0.019,0.057,-0.022,-0.008,0.998,NaN,0.045,-0.02,0.999,0,0,0,64.325,NaN,0.082,0.026,0.996,-0.032,0,0,0,0,6.415,0.671,NaN,0.044,-0.02,0.999,0.032,0,0,0,0,6.373,0.687,0.686801,0
175629,1.00000113029238e+18,63875741921176,0.034,1.44,-0.019,0.057,-0.022,-0.008,0.998,NaN,0.041,-0.024,0.999,0,0,0,64.325,NaN,0.076,0.056,0.996,-0.032,0,0,0,0,6.415,0.677,NaN,0.041,-0.024,0.999,0.032,0,0,0,0,6.373,0.696,0.2899592,0
175630,1.00000113029738e+18,63875741921187,0.034,1.44,-0.018,0.056,-0.023,-0.008,0.998,NaN,0.037,-0.023,0.999,0,0,0,64.325,NaN,0.076,0.045,0.996,-0.032,0,0,0,0,6.415,0.689,NaN,0.037,-0.023,0.999,0.032,0,0,0,0,6.373,0.704,0.4067447,0
175631,1.00000113030241e+18,63875741921188,0.034,1.44,-0.018,0.056,-0.023,-0.008,0.998,NaN,0.033,-0.02,0.999,0,0,0,64.325,NaN,0.078,0.029,0.997,-0.032,0,0,0,0,6.415,0.698,NaN,0.033,-0.02,0.999,0.032,0,0,0,0,6.373,0.712,0.6495337,0
175632,1.00000113030742e+18,63875741921199,0.034,1.441,-0.018,0.056,-0.023,-0.008,0.998,NaN,0.03,-0.012,0.999,0,0,0,64.325,NaN,0.08,0.018,0.997,-0.032,0,0,0,0,6.415,0.702,NaN,0.03,-0.012,0.999,0.032,0,0,0,0,6.373,0.716,0.9320711,0
175633,1.00000113031244e+18,63875741921199,0.034,1.441,-0.018,0.056,-0.023,-0.008,0.998,NaN,0.035,0.003,0.999,0,0,0,64.325,NaN,0.082,0.013,0.997,-0.032,0,0,0,0,6.415,0.712,NaN,0.034,0.014,0.999,0.032,0,0,0,0,6.373,0.722,2,0
175634,1.00000113031744e+18,63875741921210,0.034,1.441,-0.018,0.056,-0.023,-0.008,0.998,NaN,0.037,0.013,0.999,0,0,0,64.325,NaN,0.084,0.009,0.996,-0.032,0,0,0,0,6.415,0.721,NaN,0.037,0.031,0.999,0.032,0,0,0,0,6.373,0.729,2,0
175635,1.00000113032246e+18,63875741921210,0.034,1.441,-0.018,0.056,-0.023,-0.008,0.998,NaN,0.04,0.019,0.999,0,0,0,64.325,NaN,0.085,0.006,0.996,-0.032,0,0,0,0,6.415,0.729,NaN,0.038,0.042,0.998,0.032,0,0,0,0,6.373,0.735,0.8614546,0
175636,1.00000113032746e+18,63875741921221,0.034,1.441,-0.018,0.056,-0.023,-0.008,0.998,NaN,0.051,-0.007,0.999,0,0,0,64.325,NaN,0.089,-0.017,0.996,-0.032,0,0,0,0,6.415,0.738,NaN,0.04,0.051,0.998,0.032,0,0,0,0,6.373,0.741,0.4469903,0
175637,1.00000113033247e+18,63875741921221,0.034,1.441,-0.018,0.056,-0.023,-0.008,0.998,NaN,0.052,0.008,0.999,0,0,0,64.325,NaN,0.091,-0.001,0.996,-0.032,0,0,0,0,6.415,0.746,NaN,0.041,0.047,0.998,0.032,0,0,0,0,6.373,0.747,0.6679038,0
175638,1.00000113033752e+18,63875741921232,0.034,1.441,-0.018,0.056,-0.023,-0.008,0.998,NaN,0.052,0.019,0.998,0,0,0,64.325,NaN,0.092,0.009,0.996,-0.032,0,0,0,0,6.415,0.753,NaN,0.042,0.045,0.998,0.032,0,0,0,0,6.373,0.753,0.8465928,0
175639,1.00000113034253e+18,63875741921232,0.034,1.441,-0.018,0.056,-0.023,-0.008,0.998,NaN,0.053,0.033,0.998,0,0,0,64.325,NaN,0.093,0.018,0.996,-0.032,0,0,0,0,6.415,0.761,NaN,0.044,0.05,0.998,0.032,0,0,0,0,6.373,0.759,0.9185132,0
175640,1.00000113034752e+18,63875741921232,0.034,1.441,-0.018,0.056,-0.023,-0.008,0.998,NaN,0.054,0.044,0.998,0,0,0,64.325,NaN,0.092,0.025,0.995,-0.032,0,0,0.509,3.263,6.415,0.768,NaN,0.045,0.055,0.997,0.032,0,0,0.525,3.347,6.373,0.765,0.9587194,0
175641,1.00000113035254e+18,63875741921243,0.034,1.44,-0.018,0.057,-0.023,-0.008,0.998,NaN,0.055,0.053,0.997,0,0,0,64.325,NaN,0.09,0.029,0.996,-0.032,0,0,0.51,3.271,6.415,0.776,NaN,0.046,0.06,0.997,0.032,0,0,0.552,3.518,6.373,0.771,0.9624652,0
175642,1.00000113035756e+18,63875741921254,0.034,1.44,-0.018,0.057,-0.023,-0.008,0.998,NaN,0.072,0.094,0.993,0,0,0,64.325,NaN,0.09,0.029,0.996,-0.032,0,0,0.488,3.131,6.415,0.782,NaN,0.064,0.098,0.993,0.032,0,0,0.557,3.548,6.373,0.777,0.3082943,0
175643,1.00000113036256e+18,63875741921254,0.034,1.44,-0.018,0.057,-0.023,-0.008,0.998,NaN,0.069,0.087,0.994,0,0,0,64.325,NaN,0.089,0.031,0.996,-0.032,0,0,0.505,3.237,6.415,0.789,NaN,0.063,0.089,0.994,0.032,0,0,0.557,3.547,6.373,0.784,0.4056247,0
175644,1.00000113036758e+18,63875741921254,0.034,1.44,-0.018,0.057,-0.023,-0.008,0.998,NaN,0.067,0.08,0.995,0,0,0,64.325,NaN,0.088,0.035,0.995,-0.032,0,0,0.511,3.277,6.415,0.797,NaN,0.061,0.082,0.995,0.032,0,0,0.555,3.537,6.373,0.79,0.5876039,0
175645,1.00000113037259e+18,63875741921266,0.034,1.44,-0.018,0.057,-0.023,-0.008,0.998,NaN,0.065,0.074,0.995,0,0,0,64.325,NaN,0.088,0.041,0.995,-0.032,0,0,0.512,3.287,6.415,0.804,NaN,0.06,0.076,0.995,0.032,0,0,0.552,3.52,6.373,0.796,2,0
175646,1.00000113037761e+18,63875741921266,0.034,1.44,-0.018,0.057,-0.023,-0.008,0.998,NaN,0.063,0.07,0.996,0,0,0,64.325,NaN,0.088,0.047,0.995,-0.032,0,0,0.513,3.29,6.415,0.811,NaN,0.059,0.072,0.996,0.032,0,0,0.551,3.512,6.373,0.802,2,0
175647,1.00000113038262e+18,63875741921277,0.034,1.44,-0.018,0.057,-0.023,-0.008,0.998,NaN,0.062,0.069,0.996,0,0,0,64.325,NaN,0.086,0.05,0.995,-0.032,0,0,0.513,3.292,6.415,0.819,NaN,0.058,0.07,0.996,0.032,0,0,0.549,3.497,6.373,0.808,2,0
175648,1.0000011303876e+18,63875741921277,0.034,1.44,-0.018,0.057,-0.023,-0.008,0.998,NaN,0.062,0.068,0.996,0,0,0,64.325,NaN,0.084,0.052,0.995,-0.032,0,0,0.514,3.296,6.415,0.827,NaN,0.058,0.069,0.996,0.032,0,0,0.547,3.489,6.373,0.815,2,0
175649,1.00000113039261e+18,63875741921277,0.034,1.44,-0.018,0.057,-0.023,-0.008,0.998,NaN,0.061,0.067,0.996,0,0,0,64.325,NaN,0.083,0.059,0.995,-0.032,0,0,0.516,3.311,6.415,0.834,NaN,0.057,0.068,0.996,0.032,0,0,0.547,3.483,6.373,0.821,2,0
175650,1.00000113039763e+18,63875741921288,0.034,1.44,-0.018,0.057,-0.023,-0.008,0.998,NaN,0.06,0.067,0.996,0,0,0,64.325,NaN,0.083,0.066,0.994,-0.032,0,0,0.519,3.331,6.415,0.842,NaN,0.057,0.068,0.996,0.032,0,0,0.547,3.483,6.373,0.828,2,0
175651,1.00000113040264e+18,63875741921288,0.034,1.44,-0.018,0.057,-0.023,-0.008,0.998,NaN,0.06,0.066,0.996,0,0,0,64.325,NaN,0.083,0.074,0.994,-0.032,0,0,0.531,3.406,6.415,0.849,NaN,0.056,0.067,0.996,0.032,0,0,0.545,3.476,6.373,0.834,2,0
175652,1.00000113040767e+18,63875741921299,0.034,1.44,-0.018,0.057,-0.022,-0.008,0.998,NaN,0.06,0.066,0.996,0,0,0,64.325,NaN,0.083,0.081,0.993,-0.032,0,0,0.538,3.454,6.415,0.856,NaN,0.056,0.066,0.996,0.032,0,0,0.544,3.469,6.373,0.84,2,0
175653,1.00000113041272e+18,63875741921299,0.034,1.44,-0.018,0.057,-0.022,-0.008,0.998,NaN,0.059,0.065,0.996,0,0,0,64.325,NaN,0.082,0.087,0.993,-0.032,0,0,0.541,3.468,6.415,0.863,NaN,0.056,0.066,0.996,0.032,0,0,0.544,3.464,6.373,0.846,2,0
175654,1.00000113041774e+18,63875741921311,0.034,1.44,-0.018,0.057,-0.022,-0.008,0.998,NaN,0.059,0.065,0.996,0,0,0,64.325,NaN,0.082,0.092,0.992,-0.032,0,0,0.542,3.478,6.415,0.869,NaN,0.055,0.066,0.996,0.032,0,0,0.543,3.461,6.373,0.852,2,0
175655,1.00000113042277e+18,63875741921311,0.034,1.44,-0.018,0.057,-0.022,-0.008,0.998,NaN,0.058,0.066,0.996,0,0,0,64.325,NaN,0.078,0.087,0.993,-0.032,0,0,0.543,3.484,6.415,0.875,NaN,0.055,0.066,0.996,0.032,0,0,0.543,3.458,6.373,0.857,2,0
175656,1.0000011304278e+18,63875741921321,0.034,1.44,-0.018,0.057,-0.022,-0.007,0.998,NaN,0.058,0.067,0.996,0,0,0,64.325,NaN,0.078,0.092,0.993,-0.032,0,0,0.544,3.487,6.415,0.88,NaN,0.055,0.067,0.996,0.032,0,0,0.542,3.456,6.373,0.862,2,0
175657,1.00000113043276e+18,63875741921321,0.034,1.44,-0.018,0.057,-0.022,-0.007,0.998,NaN,0.057,0.068,0.996,0,0,0,64.325,NaN,0.074,0.088,0.993,-0.032,0,0,0.543,3.481,6.415,0.885,NaN,0.055,0.068,0.996,0.032,0,0,0.542,3.454,6.373,0.867,2,0
175658,1.00000113043779e+18,63875741921332,0.034,1.44,-0.018,0.057,-0.022,-0.007,0.998,NaN,0.057,0.068,0.996,0,0,0,64.325,NaN,0.071,0.085,0.994,-0.032,0,0,0.543,3.481,6.415,0.89,NaN,0.055,0.068,0.996,0.032,0,0,0.542,3.452,6.373,0.87,2,0
175659,1.00000113044277e+18,63875741921332,0.034,1.44,-0.018,0.057,-0.022,-0.007,0.998,NaN,0.056,0.069,0.996,0,0,0,64.325,NaN,0.072,0.089,0.993,-0.032,0,0,0.543,3.487,6.415,0.895,NaN,0.054,0.069,0.996,0.032,0,0,0.541,3.45,6.373,0.874,2,0
175660,1.00000113044775e+18,63875741921332,0.034,1.44,-0.018,0.057,-0.022,-0.007,0.998,NaN,0.056,0.069,0.996,0,0,0,64.325,NaN,0.072,0.093,0.993,-0.032,0,0,0.548,3.517,6.415,0.9,NaN,0.054,0.069,0.996,0.032,0,0,0.541,3.45,6.373,0.877,2,0
175661,1.00000113045275e+18,63875741921343,0.033,1.44,-0.018,0.057,-0.023,-0.007,0.998,NaN,0.055,0.069,0.996,0,0,0,64.325,NaN,0.073,0.097,0.993,-0.032,0,0,0.549,3.522,6.415,0.905,NaN,0.054,0.069,0.996,0.032,0,0,0.541,3.448,6.373,0.88,2,0
175662,1.00000113045778e+18,63875741921343,0.033,1.44,-0.018,0.057,-0.023,-0.007,0.998,NaN,0.055,0.068,0.996,0,0,0,64.325,NaN,0.073,0.098,0.992,-0.032,0,0,0.547,3.509,6.415,0.908,NaN,0.054,0.068,0.996,0.032,0,0,0.541,3.446,6.373,0.882,2,0.5717586
175663,1.00000113046287e+18,63875741921354,0.034,1.44,-0.019,0.057,-0.023,-0.007,0.998,NaN,0.054,0.068,0.996,0,0,0,64.325,NaN,0.074,0.099,0.992,-0.032,0,0,0.546,3.502,6.415,0.912,NaN,0.053,0.068,0.996,0.032,0,0,0.54,3.443,6.373,0.885,2,0.6661556
175664,1.00000113046789e+18,63875741921354,0.034,1.44,-0.019,0.057,-0.023,-0.007,0.998,NaN,0.054,0.068,0.996,0,0,0,64.325,NaN,0.074,0.101,0.992,-0.032,0,0,0.547,3.507,6.415,0.915,NaN,0.053,0.068,0.996,0.032,0,0,0.54,3.439,6.373,0.886,2,0.7299268
175665,1.00000113047291e+18,63875741921366,0.034,1.44,-0.019,0.057,-0.023,-0.007,0.998,NaN,0.053,0.068,0.996,0,0,0,64.325,NaN,0.074,0.101,0.992,-0.032,0,0,0.544,3.488,6.415,0.918,NaN,0.053,0.068,0.996,0.032,0,0,0.539,3.434,6.373,0.888,2,0.7295967
175666,1.00000113047794e+18,63875741921366,0.034,1.44,-0.019,0.057,-0.023,-0.007,0.998,NaN,0.053,0.068,0.996,0,0,0,64.325,NaN,0.074,0.1,0.992,-0.032,0,0,0.542,3.479,6.415,0.922,NaN,0.053,0.068,0.996,0.032,0,0,0.538,3.43,6.373,0.889,2,0.7659553
175667,1.00000113048296e+18,63875741921377,0.034,1.44,-0.018,0.057,-0.023,-0.007,0.998,NaN,0.052,0.068,0.996,0,0,0,64.325,NaN,0.075,0.1,0.992,-0.032,0,0,0.541,3.471,6.415,0.927,NaN,0.052,0.068,0.996,0.032,0,0,0.538,3.426,6.373,0.891,2,0.7641401
175668,1.00000113048788e+18,63875741921377,0.034,1.44,-0.018,0.057,-0.023,-0.007,0.998,NaN,0.052,0.068,0.996,0,0,0,64.325,NaN,0.075,0.1,0.992,-0.032,0,0,0.541,3.468,6.415,0.931,NaN,0.052,0.068,0.996,0.032,0,0,0.537,3.423,6.373,0.892,2,0.772002
175669,1.00000113049287e+18,63875741921377,0.034,1.44,-0.018,0.057,-0.023,-0.007,0.998,NaN,0.051,0.068,0.996,0,0,0,64.325,NaN,0.075,0.099,0.992,-0.032,0,0,0.54,3.466,6.415,0.933,NaN,0.051,0.068,0.996,0.032,0,0,0.537,3.42,6.373,0.893,2,0.8060952
175670,1.00000113049789e+18,63875741921388,0.034,1.44,-0.018,0.056,-0.023,-0.007,0.998,NaN,0.051,0.068,0.996,0,0,0,64.325,NaN,0.075,0.099,0.992,-0.032,0,0,0.54,3.466,6.415,0.934,NaN,0.051,0.068,0.996,0.032,0,0,0.536,3.417,6.373,0.894,2,0.8854344
175671,1.0000011305029e+18,63875741921388,0.034,1.44,-0.018,0.056,-0.023,-0.007,0.998,NaN,0.05,0.067,0.996,0,0,0,64.325,NaN,0.075,0.098,0.992,-0.032,0,0,0.534,3.428,6.415,0.937,NaN,0.05,0.067,0.996,0.032,0,0,0.536,3.414,6.373,0.897,2,0.8794624
175672,1.0000011305079e+18,63875741921399,0.034,1.44,-0.018,0.056,-0.023,-0.007,0.998,NaN,0.049,0.067,0.997,0,0,0,64.325,NaN,0.075,0.097,0.992,-0.032,0,0,0.532,3.412,6.415,0.937,NaN,0.05,0.067,0.996,0.032,0,0,0.535,3.411,6.373,0.898,2,0.8808463
175673,1.00000113051291e+18,63875741921399,0.034,1.44,-0.018,0.056,-0.023,-0.007,0.998,NaN,0.049,0.067,0.997,0,0,0,64.325,NaN,0.075,0.097,0.992,-0.032,0,0,0.532,3.413,6.415,0.939,NaN,0.049,0.067,0.997,0.032,0,0,0.535,3.408,6.373,0.899,2,0.8916685
175674,1.00000113051793e+18,63875741921410,0.034,1.44,-0.018,0.056,-0.023,-0.007,0.998,NaN,0.048,0.067,0.997,0,0,0,64.325,NaN,0.076,0.096,0.992,-0.032,0,0,0.533,3.421,6.415,0.941,NaN,0.049,0.067,0.997,0.032,0,0,0.534,3.406,6.373,0.9,2,0.9353712
175675,1.00000113052297e+18,63875741921410,0.034,1.44,-0.018,0.056,-0.023,-0.007,0.998,NaN,0.048,0.066,0.997,0,0,0,64.325,NaN,0.076,0.096,0.993,-0.032,0,0,0.534,3.426,6.415,0.941,NaN,0.048,0.067,0.997,0.032,0,0,0.534,3.404,6.373,0.901,2,0.9476954
175676,1.00000113052799e+18,63875741921421,0.034,1.44,-0.018,0.056,-0.023,-0.007,0.998,NaN,0.047,0.066,0.997,0,0,0,64.325,NaN,0.076,0.096,0.993,-0.032,0,0,0.534,3.426,6.415,0.943,NaN,0.048,0.066,0.997,0.032,0,0,0.534,3.403,6.373,0.902,2,0.9666581
175677,1.000001130533e+18,63875741921422,0.034,1.44,-0.018,0.056,-0.023,-0.007,0.998,NaN,0.047,0.066,0.997,0,0,0,64.325,NaN,0.076,0.095,0.993,-0.032,0,0,0.534,3.426,6.415,0.945,NaN,0.047,0.066,0.997,0.032,0,0,0.534,3.4,6.373,0.903,2,0.9462767
175678,1.000001130538e+18,63875741921422,0.034,1.44,-0.018,0.056,-0.023,-0.007,0.998,NaN,0.046,0.066,0.997,0,0,0,64.325,NaN,0.076,0.095,0.993,-0.032,0,0,0.533,3.42,6.415,0.947,NaN,0.047,0.066,0.997,0.032,0,0,0.533,3.399,6.373,0.905,2,0.9710858
175679,1.000001130543e+18,63875741921433,0.034,1.441,-0.018,0.056,-0.023,-0.007,0.998,NaN,0.046,0.065,0.997,0,0,0,64.325,NaN,0.076,0.095,0.993,-0.032,0,0,0.532,3.414,6.415,0.948,NaN,0.046,0.065,0.997,0.032,0,0,0.533,3.397,6.373,0.907,2,0.9708144
175680,1.000001130548e+18,63875741921433,0.034,1.441,-0.018,0.056,-0.023,-0.007,0.998,NaN,0.048,0.066,0.997,0,0,0,64.325,NaN,0.077,0.094,0.993,-0.032,0,0,0.531,3.408,6.415,0.95,NaN,0.048,0.066,0.997,0.032,0,0,0.533,3.397,6.373,0.909,2,0.518151
175681,1.000001130553e+18,63875741921443,0.034,1.441,-0.018,0.056,-0.023,-0.007,0.998,NaN,0.047,0.065,0.997,0,0,0,64.325,NaN,0.077,0.094,0.993,-0.032,0,0,0.531,3.404,6.415,0.952,NaN,0.048,0.066,0.997,0.032,0,0,0.533,3.397,6.373,0.911,2,0.08198716
175682,1.00000113055805e+18,63875741921443,0.034,1.441,-0.018,0.056,-0.023,-0.007,0.998,NaN,0.047,0.065,0.997,0,0,0,64.325,NaN,0.077,0.094,0.993,-0.032,0,0,0.53,3.401,6.415,0.953,NaN,0.047,0.065,0.997,0.032,0,0,0.533,3.397,6.373,0.914,2,0.08628863
175683,1.00000113056303e+18,63875741921454,0.034,1.441,-0.018,0.056,-0.023,-0.007,0.998,NaN,0.046,0.065,0.997,0,0,0,64.325,NaN,0.077,0.093,0.993,-0.032,0,0,0.53,3.399,6.415,0.955,NaN,0.047,0.065,0.997,0.032,0,0,0.533,3.396,6.373,0.914,2,0.09398422
175684,1.00000113056803e+18,63875741921454,0.034,1.441,-0.018,0.056,-0.023,-0.007,0.998,NaN,0.046,0.064,0.997,0,0,0,64.325,NaN,0.077,0.093,0.993,-0.032,0,0,0.534,3.427,6.415,0.956,NaN,0.046,0.064,0.997,0.032,0,0,0.533,3.396,6.373,0.916,2,0.0962468
175685,1.00000113057304e+18,63875741921465,0.034,1.441,-0.018,0.056,-0.023,-0.007,0.998,NaN,0.046,0.064,0.997,0,0,0,64.325,NaN,0.077,0.093,0.993,-0.032,0,0,0.535,3.429,6.415,0.957,NaN,0.046,0.063,0.997,0.032,0,0,0.532,3.393,6.373,0.917,2,0.09802699
175686,1.0000011305781e+18,63875741921465,0.034,1.441,-0.018,0.056,-0.023,-0.007,0.998,NaN,0.045,0.063,0.997,0,0,0,64.325,NaN,0.077,0.092,0.993,-0.032,0,0,0.534,3.429,6.415,0.958,NaN,0.045,0.063,0.997,0.032,0,0,0.532,3.391,6.373,0.918,2,0.1069653
175687,1.0000011305831e+18,63875741921477,0.034,1.441,-0.018,0.056,-0.023,-0.007,0.998,NaN,0.045,0.062,0.997,0,0,0,64.325,NaN,0.078,0.092,0.993,-0.032,0,0,0.532,3.414,6.415,0.959,NaN,0.045,0.062,0.997,0.032,0,0,0.532,3.389,6.373,0.92,2,0.1039387
175688,1.00000113058813e+18,63875741921477,0.034,1.441,-0.018,0.056,-0.023,-0.007,0.998,NaN,0.044,0.062,0.997,0,0,0,64.325,NaN,0.078,0.091,0.993,-0.032,0,0,0.531,3.407,6.415,0.96,NaN,0.045,0.062,0.997,0.032,0,0,0.532,3.388,6.373,0.921,2,0.1207083
175689,1.00000113059313e+18,63875741921488,0.034,1.441,-0.018,0.056,-0.023,-0.007,0.998,NaN,0.044,0.061,0.997,0,0,0,64.325,NaN,0.078,0.09,0.993,-0.032,0,0,0.531,3.407,6.415,0.961,NaN,0.044,0.061,0.997,0.032,0,0,0.532,3.387,6.373,0.923,2,0.1210676
175690,1.00000113059813e+18,63875741921488,0.034,1.441,-0.018,0.056,-0.023,-0.007,0.998,NaN,0.044,0.061,0.997,0,0,0,64.325,NaN,0.078,0.089,0.993,-0.032,0,0,0.531,3.408,6.415,0.962,NaN,0.044,0.061,0.997,0.032,0,0,0.531,3.387,6.373,0.923,2,0.1268515
175691,1.00000113060313e+18,63875741921488,0.034,1.441,-0.018,0.056,-0.023,-0.007,0.998,NaN,0.043,0.06,0.997,0,0,0,64.325,NaN,0.078,0.089,0.993,-0.032,0,0,0.531,3.409,6.415,0.963,NaN,0.043,0.06,0.997,0.032,0,0,0.531,3.386,6.373,0.925,2,0.1303198
175692,1.00000113060814e+18,63875741921499,0.034,1.441,-0.018,0.056,-0.023,-0.007,0.998,NaN,0.043,0.06,0.997,0,0,0,64.325,NaN,0.078,0.088,0.993,-0.032,0,0,0.533,3.418,6.415,0.963,NaN,0.043,0.06,0.997,0.032,0,0,0.531,3.386,6.373,0.926,2,0.1401614
175693,1.00000113061314e+18,63875741921499,0.034,1.441,-0.018,0.056,-0.023,-0.007,0.998,NaN,0.043,0.059,0.997,0,0,0,64.325,NaN,0.078,0.088,0.993,-0.032,0,0,0.533,3.417,6.415,0.964,NaN,0.043,0.059,0.997,0.032,0,0,0.531,3.386,6.373,0.928,2,0.1437476
175694,1.00000113061816e+18,63875741921511,0.034,1.441,-0.018,0.056,-0.023,-0.007,0.998,NaN,0.042,0.059,0.997,0,0,0,64.325,NaN,0.079,0.087,0.993,-0.032,0,0,0.532,3.412,6.415,0.965,NaN,0.042,0.058,0.997,0.032,0,0,0.531,3.385,6.373,0.929,2,0.1415878
175695,1.00000113062316e+18,63875741921511,0.034,1.441,-0.018,0.056,-0.023,-0.007,0.998,NaN,0.042,0.058,0.997,0,0,0,64.325,NaN,0.079,0.086,0.993,-0.032,0,0,0.532,3.41,6.415,0.965,NaN,0.042,0.058,0.997,0.032,0,0,0.531,3.385,6.373,0.931,2,0.1472585
175696,1.00000113062817e+18,63875741921522,0.034,1.441,-0.018,0.056,-0.023,-0.007,0.998,NaN,0.042,0.057,0.997,0,0,0,64.325,NaN,0.079,0.085,0.993,-0.032,0,0,0.531,3.409,6.415,0.966,NaN,0.042,0.057,0.997,0.032,0,0,0.531,3.385,6.373,0.931,2,0.1597675
175697,1.00000113063322e+18,63875741921522,0.034,1.441,-0.018,0.056,-0.023,-0.007,0.998,NaN,0.041,0.057,0.998,0,0,0,64.325,NaN,0.079,0.084,0.993,-0.032,0,0,0.531,3.407,6.415,0.966,NaN,0.042,0.057,0.998,0.032,0,0,0.531,3.384,6.373,0.931,2,0.1476888
175698,1.00000113063823e+18,63875741921533,0.034,1.441,-0.018,0.056,-0.023,-0.007,0.998,NaN,0.041,0.056,0.998,0,0,0,64.325,NaN,0.079,0.083,0.993,-0.032,0,0,0.531,3.406,6.415,0.967,NaN,0.041,0.056,0.998,0.032,0,0,0.531,3.384,6.373,0.932,2,0.1420415
175699,1.00000113064323e+18,63875741921533,0.034,1.441,-0.018,0.056,-0.023,-0.007,0.998,NaN,0.041,0.056,0.998,0,0,0,64.325,NaN,0.079,0.083,0.993,-0.032,0,0,0.531,3.405,6.415,0.967,NaN,0.041,0.056,0.998,0.032,0,0,0.531,3.384,6.373,0.933,2,0.6059943
175700,1.00000113064827e+18,63875741921533,0.034,1.441,-0.018,0.056,-0.023,-0.007,0.998,NaN,0.041,0.055,0.998,0,0,0,64.325,NaN,0.079,0.082,0.993,-0.032,0,0,0.531,3.404,6.415,0.968,NaN,0.041,0.055,0.998,0.032,0,0,0.531,3.384,6.373,0.934,2,1
175701,1.00000113065328e+18,63875741921544,0.034,1.441,-0.018,0.056,-0.023,-0.007,0.998,NaN,0.04,0.054,0.998,0,0,0,64.325,NaN,0.079,0.081,0.994,-0.032,0,0,0.531,3.404,6.415,0.968,NaN,0.041,0.054,0.998,0.032,0,0,0.531,3.384,6.373,0.934,2,1
175702,1.00000113065828e+18,63875741921544,0.034,1.441,-0.018,0.056,-0.023,-0.007,0.998,NaN,0.04,0.054,0.998,0,0,0,64.325,NaN,0.079,0.081,0.994,-0.032,0,0,0.53,3.403,6.415,0.969,NaN,0.04,0.054,0.998,0.032,0,0,0.531,3.384,6.373,0.935,2,1
175703,1.00000113066329e+18,63875741921555,0.034,1.441,-0.018,0.056,-0.023,-0.007,0.998,NaN,0.04,0.053,0.998,0,0,0,64.325,NaN,0.079,0.08,0.994,-0.032,0,0,0.53,3.402,6.415,0.969,NaN,0.04,0.053,0.998,0.032,0,0,0.531,3.383,6.373,0.935,2,1
175704,1.00000113066829e+18,63875741921555,0.034,1.441,-0.018,0.056,-0.023,-0.007,0.998,NaN,0.04,0.052,0.998,0,0,0,64.325,NaN,0.079,0.08,0.994,-0.032,0,0,0.531,3.404,6.415,0.97,NaN,0.04,0.052,0.998,0.032,0,0,0.531,3.383,6.373,0.935,2,1
175705,1.00000113067333e+18,63875741921566,0.034,1.441,-0.018,0.056,-0.023,-0.007,0.998,NaN,0.039,0.052,0.998,0,0,0,64.325,NaN,0.079,0.079,0.994,-0.032,0,0,0.531,3.405,6.415,0.97,NaN,0.039,0.052,0.998,0.032,0,0,0.531,3.383,6.373,0.935,2,0.9088472
175706,1.00000113067833e+18,63875741921566,0.034,1.441,-0.018,0.056,-0.023,-0.007,0.998,NaN,0.038,0.052,0.998,0,0,0,64.325,NaN,0.079,0.079,0.994,-0.032,0,0,0.531,3.405,6.415,0.971,NaN,0.038,0.052,0.998,0.032,0,0,0.531,3.383,6.373,0.936,2,0.9091246
175707,1.00000113068334e+18,63875741921577,0.034,1.441,-0.018,0.056,-0.023,-0.007,0.998,NaN,0.037,0.052,0.998,0,0,0,64.325,NaN,0.079,0.078,0.994,-0.032,0,0,0.531,3.405,6.415,0.971,NaN,0.037,0.052,0.998,0.032,0,0,0.531,3.383,6.373,0.936,2,0.9054874
175708,1.00000113068835e+18,63875741921577,0.034,1.441,-0.018,0.056,-0.023,-0.007,0.998,NaN,0.035,0.052,0.998,0,0,0,64.325,NaN,0.088,0.075,0.993,-0.032,0,0,0.531,3.405,6.415,0.971,NaN,0.035,0.052,0.998,0.032,0,0,0.531,3.383,6.373,0.937,1.015327,0.9176108
175709,1.00000113069336e+18,63875741921577,0.034,1.441,-0.018,0.056,-0.023,-0.007,0.998,NaN,0.035,0.051,0.998,0,0,0,64.325,NaN,0.087,0.075,0.993,-0.032,0,0,0.532,3.41,6.415,0.972,NaN,0.035,0.051,0.998,0.032,0,0,0.531,3.382,6.373,0.937,1.012799,0.9205556
175710,1.00000113069837e+18,63875741921588,0.034,1.441,-0.018,0.056,-0.023,-0.007,0.998,NaN,0.034,0.051,0.998,0,0,0,64.325,NaN,0.086,0.075,0.993,-0.032,0,0,0.532,3.411,6.415,0.972,NaN,0.034,0.051,0.998,0.032,0,0,0.531,3.382,6.373,0.937,1.009551,0.919647
175711,1.00000113070338e+18,63875741921588,0.034,1.441,-0.018,0.056,-0.023,-0.007,0.998,NaN,0.033,0.051,0.998,0,0,0,64.325,NaN,0.096,0.071,0.993,-0.032,0,0,0.532,3.41,6.415,0.972,NaN,0.033,0.051,0.998,0.032,0,0,0.531,3.382,6.373,0.936,0.9151728,0.9221526
175712,1.00000113070841e+18,63875741921599,0.033,1.441,-0.019,0.056,-0.023,-0.007,0.998,NaN,0.032,0.051,0.998,0,0,0,64.325,NaN,0.094,0.071,0.993,-0.032,0,0,0.531,3.407,6.415,0.973,NaN,0.032,0.051,0.998,0.032,0,0,0.531,3.381,6.373,0.937,0.9300063,0.9245038
175713,1.00000113071342e+18,63875741921611,0.034,1.441,-0.019,0.056,-0.023,-0.007,0.998,NaN,0.031,0.051,0.998,0,0,0,64.325,NaN,0.104,0.068,0.992,-0.032,0,0,0.531,3.406,6.415,0.973,NaN,0.031,0.051,0.998,0.032,0,0,0.53,3.38,6.373,0.937,0.8312289,0.9319174
175714,1.00000113071843e+18,63875741921611,0.034,1.441,-0.019,0.056,-0.023,-0.007,0.998,NaN,0.031,0.05,0.998,0,0,0,64.325,NaN,0.1,0.068,0.993,-0.032,0,0,0.531,3.405,6.415,0.973,NaN,0.031,0.05,0.998,0.032,0,0,0.53,3.38,6.373,0.937,0.8582191,0.925898
175715,1.00000113072344e+18,63875741921611,0.034,1.441,-0.019,0.056,-0.023,-0.007,0.998,NaN,0.03,0.05,0.998,0,0,0,64.325,NaN,0.109,0.065,0.992,-0.032,0,0,0.531,3.405,6.415,0.974,NaN,0.03,0.05,0.998,0.032,0,0,0.53,3.379,6.373,0.937,0.7751974,0.93578
175716,1.00000113072845e+18,63875741921621,0.033,1.441,-0.019,0.056,-0.023,-0.007,0.998,NaN,0.03,0.05,0.998,0,0,0,64.325,NaN,0.118,0.063,0.991,-0.032,0,0,0.531,3.406,6.415,0.974,NaN,0.03,0.05,0.998,0.032,0,0,0.53,3.378,6.373,0.937,0.7089796,0.9389378
175717,1.00000113073346e+18,63875741921621,0.033,1.441,-0.019,0.056,-0.023,-0.007,0.998,NaN,0.029,0.05,0.998,0,0,0,64.325,NaN,0.125,0.06,0.99,-0.032,0,0,0.531,3.407,6.415,0.974,NaN,0.029,0.05,0.998,0.032,0,0,0.53,3.377,6.373,0.937,0.6573284,0.9267003
175718,1.00000113073848e+18,63875741921633,0.034,1.441,-0.019,0.056,-0.023,-0.007,0.998,NaN,0.028,0.049,0.998,0,0,0,64.325,NaN,0.13,0.057,0.99,-0.032,0,0,0.531,3.406,6.415,0.975,NaN,0.028,0.049,0.998,0.032,0,0,0.53,3.376,6.373,0.938,0.6197899,0.9257287
175719,1.0000011307435e+18,63875741921633,0.034,1.441,-0.019,0.056,-0.023,-0.007,0.998,NaN,0.028,0.049,0.998,0,0,0,64.325,NaN,0.135,0.055,0.989,-0.032,0,0,0.542,3.477,6.415,0.975,NaN,0.028,0.049,0.998,0.032,0,0,0.53,3.375,6.373,0.937,0.5925508,0.9171402
175720,1.00000113074853e+18,63875741921633,0.034,1.441,-0.019,0.056,-0.023,-0.007,0.998,NaN,0.027,0.049,0.998,0,0,0,64.325,NaN,0.138,0.053,0.989,-0.032,0,0,0.545,3.494,6.415,0.975,NaN,0.027,0.049,0.998,0.032,0,0,0.529,3.374,6.373,0.937,0.5736072,0.9223829
175721,1.00000113075355e+18,63875741921643,0.033,1.441,-0.019,0.056,-0.023,-0.007,0.998,NaN,0.027,0.048,0.998,0,0,0,64.325,NaN,0.141,0.052,0.989,-0.032,0,0,0.546,3.5,6.415,0.975,NaN,0.027,0.048,0.998,0.032,0,0,0.529,3.373,6.373,0.938,0.5599312,0.9267848
175722,1.00000113075856e+18,63875741921643,0.033,1.441,-0.019,0.056,-0.023,-0.007,0.998,NaN,0.027,0.048,0.999,0,0,0,64.325,NaN,0.142,0.05,0.989,-0.032,0,0,0.546,3.502,6.415,0.975,NaN,0.027,0.048,0.999,0.032,0,0,0.529,3.371,6.373,0.938,0.5495942,0.9120515
175723,1.0000011307636e+18,63875741921655,0.033,1.441,-0.019,0.056,-0.023,-0.007,0.998,NaN,0.026,0.047,0.999,0,0,0,64.325,NaN,0.144,0.048,0.988,-0.032,0,0,0.546,3.503,6.415,0.976,NaN,0.026,0.047,0.999,0.032,0,0,0.529,3.369,6.373,0.937,0.5419539,0.9085855
175724,1.00000113076861e+18,63875741921655,0.033,1.441,-0.019,0.056,-0.023,-0.007,0.998,NaN,0.026,0.046,0.999,0,0,0,64.325,NaN,0.144,0.047,0.988,-0.032,0,0,0.546,3.503,6.415,0.976,NaN,0.026,0.046,0.999,0.032,0,0,0.528,3.367,6.373,0.936,0.5363512,1
175725,1.00000113077365e+18,63875741921666,0.033,1.441,-0.019,0.056,-0.023,-0.007,0.998,NaN,0.027,0.046,0.999,0,0,0,64.325,NaN,0.145,0.046,0.988,-0.032,0,0,0.546,3.503,6.415,0.976,NaN,0.027,0.046,0.999,0.032,0,0,0.528,3.367,6.373,0.934,0.5391508,0.8209627
175726,1.00000113077866e+18,63875741921666,0.033,1.441,-0.019,0.056,-0.023,-0.007,0.998,NaN,0.027,0.045,0.999,0,0,0,64.325,NaN,0.145,0.045,0.988,-0.032,0,0,0.546,3.503,6.415,0.976,NaN,0.027,0.045,0.999,0.032,0,0,0.528,3.366,6.373,0.932,0.5360385,0.581243
175727,1.00000113078359e+18,63875741921677,0.033,1.441,-0.019,0.056,-0.023,-0.007,0.998,NaN,0.027,0.045,0.999,0,0,0,64.325,NaN,0.145,0.044,0.988,-0.032,0,0,0.546,3.503,6.415,0.977,NaN,0.027,0.045,0.999,0.032,0,0,0.528,3.366,6.373,0.93,0.5387334,0.3419688
175728,1.0000011307886e+18,63875741921677,0.033,1.441,-0.019,0.056,-0.023,-0.007,0.998,NaN,0.028,0.044,0.999,0,0,0,64.325,NaN,0.146,0.044,0.988,-0.032,0,0,0.546,3.501,6.415,0.977,NaN,0.028,0.044,0.999,0.032,0,0,0.528,3.366,6.373,0.928,0.5413796,0.3394683
175729,1.00000113079359e+18,63875741921688,0.033,1.441,-0.019,0.056,-0.023,-0.007,0.998,NaN,0.029,0.044,0.999,0,0,0,64.325,NaN,0.146,0.043,0.988,-0.032,0,0,0.544,3.49,6.415,0.977,NaN,0.029,0.044,0.999,0.032,0,0,0.528,3.367,6.373,0.926,0.5426824,0.3424149
175730,1.00000113079861e+18,63875741921689,0.033,1.441,-0.019,0.056,-0.023,-0.007,0.998,NaN,0.029,0.044,0.999,0,0,0,64.325,NaN,0.146,0.043,0.988,-0.032,0,0,0.542,3.478,6.415,0.977,NaN,0.029,0.044,0.999,0.032,0,0,0.529,3.368,6.373,0.925,0.543682,0.3445064
175731,1.00000113080363e+18,63875741921689,0.033,1.441,-0.019,0.056,-0.023,-0.007,0.998,NaN,0.029,0.044,0.999,0,0,0,64.325,NaN,0.146,0.043,0.988,-0.032,0,0,0.541,3.473,6.415,0.977,NaN,0.029,0.044,0.999,0.032,0,0,0.529,3.369,6.373,0.923,0.5448962,0.3325153
175732,1.00000113080866e+18,63875741921700,0.033,1.441,-0.019,0.056,-0.023,-0.007,0.998,NaN,0.03,0.043,0.999,0,0,0,64.325,NaN,0.146,0.042,0.988,-0.032,0,0,0.541,3.471,6.415,0.978,NaN,0.03,0.043,0.999,0.032,0,0,0.529,3.37,6.373,0.922,0.5465005,0.3351613
175733,1.00000113081368e+18,63875741921700,0.033,1.441,-0.019,0.056,-0.023,-0.007,0.998,NaN,0.03,0.043,0.999,0,0,0,64.325,NaN,0.146,0.042,0.988,-0.032,0,0,0.541,3.47,6.415,0.978,NaN,0.03,0.043,0.999,0.032,0,0,0.529,3.37,6.373,0.921,0.5485826,0.3378705
175734,1.0000011308187e+18,63875741921711,0.033,1.441,-0.019,0.056,-0.023,-0.007,0.998,NaN,0.031,0.043,0.999,0,0,0,64.325,NaN,0.146,0.042,0.988,-0.032,0,0,0.541,3.47,6.415,0.978,NaN,0.031,0.043,0.999,0.032,0,0,0.529,3.369,6.373,0.92,0.551101,0.3350052
175735,1.00000113082372e+18,63875741921711,0.033,1.441,-0.019,0.056,-0.023,-0.007,0.998,NaN,0.031,0.043,0.999,0,0,0,64.325,NaN,0.146,0.042,0.988,-0.032,0,0,0.541,3.47,6.415,0.978,NaN,0.031,0.043,0.999,0.032,0,0,0.529,3.369,6.373,0.919,0.5534619,0.3427225
175736,1.00000113082874e+18,63875741921722,0.033,1.441,-0.019,0.056,-0.023,-0.007,0.998,NaN,0.032,0.042,0.999,0,0,0,64.325,NaN,0.146,0.041,0.988,-0.032,0,0,0.541,3.47,6.415,0.978,NaN,0.032,0.042,0.999,0.032,0,0,0.528,3.368,6.373,0.918,0.5559298,0.34829
175737,1.00000113083376e+18,63875741921722,0.033,1.441,-0.019,0.056,-0.023,-0.007,0.998,NaN,0.032,0.042,0.999,0,0,0,64.325,NaN,0.146,0.041,0.988,-0.032,0,0,0.541,3.469,6.415,0.979,NaN,0.032,0.042,0.999,0.032,0,0,0.528,3.366,6.373,0.917,0.5586227,0.3521199
175738,1.00000113083878e+18,63875741921733,0.033,1.441,-0.019,0.056,-0.023,-0.007,0.998,NaN,0.032,0.042,0.999,0,0,0,64.325,NaN,0.146,0.041,0.988,-0.032,0,0,0.541,3.469,6.415,0.979,NaN,0.032,0.042,0.999,0.032,0,0,0.528,3.365,6.373,0.916,0.5607243,0.3593236
175739,1.00000113084376e+18,63875741921733,0.033,1.441,-0.019,0.056,-0.023,-0.007,0.998,NaN,0.033,0.042,0.999,0,0,0,64.325,NaN,0.146,0.04,0.989,-0.032,0,0,0.541,3.469,6.415,0.979,NaN,0.033,0.042,0.999,0.032,0,0,0.528,3.364,6.373,0.916,0.5632842,0.3648353
175740,1.00000113084872e+18,63875741921745,0.033,1.441,-0.019,0.056,-0.023,-0.007,0.998,NaN,0.033,0.041,0.999,0,0,0,64.325,NaN,0.146,0.04,0.989,-0.032,0,0,0.54,3.466,6.415,0.979,NaN,0.033,0.041,0.999,0.032,0,0,0.528,3.362,6.373,0.915,0.5653981,0.3698272
175741,1.00000113085374e+18,63875741921745,0.033,1.441,-0.019,0.056,-0.023,-0.007,0.998,NaN,0.034,0.041,0.999,0,0,0,64.325,NaN,0.146,0.04,0.989,-0.032,0,0,0.54,3.465,6.415,0.979,NaN,0.033,0.041,0.999,0.032,0,0,0.527,3.36,6.373,0.915,0.5673732,0.3875803
175742,1.00000113085876e+18,63875741921745,0.033,1.441,-0.019,0.056,-0.023,-0.007,0.998,NaN,0.034,0.041,0.999,0,0,0,64.325,NaN,0.145,0.04,0.989,-0.032,0,0,0.54,3.465,6.415,0.979,NaN,0.034,0.041,0.999,0.032,0,0,0.527,3.358,6.373,0.914,0.569068,0.3880812
175743,1.00000113086378e+18,63875741921755,0.033,1.44,-0.019,0.056,-0.023,-0.007,0.998,NaN,0.034,0.041,0.999,0,0,0,64.325,NaN,0.145,0.04,0.989,-0.032,0,0,0.54,3.464,6.415,0.979,NaN,0.034,0.041,0.999,0.032,0,0,0.527,3.356,6.373,0.913,0.5707231,0.3982605
175744,1.0000011308688e+18,63875741921755,0.033,1.44,-0.019,0.056,-0.023,-0.007,0.998,NaN,0.034,0.04,0.999,0,0,0,64.325,NaN,0.134,0.04,0.99,-0.032,0,0,0.542,3.474,6.415,0.979,NaN,0.034,0.04,0.999,0.032,0,0,0.526,3.354,6.373,0.912,0.6371977,0.6328521
175745,1.00000113087387e+18,63875741921767,0.033,1.44,-0.019,0.056,-0.023,-0.007,0.998,NaN,0.034,0.04,0.999,0,0,0,64.325,NaN,0.135,0.039,0.99,-0.032,0,0,0.542,3.478,6.415,0.98,NaN,0.034,0.04,0.999,0.032,0,0,0.526,3.352,6.373,0.912,0.6325653,0.8567564
175746,1.00000113087889e+18,63875741921767,0.033,1.44,-0.019,0.056,-0.023,-0.007,0.998,NaN,0.034,0.04,0.999,0,0,0,64.325,NaN,0.136,0.039,0.99,-0.032,0,0,0.542,3.479,6.415,0.98,NaN,0.034,0.04,0.999,0.032,0,0,0.526,3.351,6.373,0.911,0.6289936,1
175747,1.00000113088387e+18,63875741921778,0.033,1.441,-0.019,0.056,-0.023,-0.007,0.998,NaN,0.034,0.039,0.999,0,0,0,64.325,NaN,0.136,0.039,0.99,-0.032,0,0,0.543,3.48,6.415,0.98,NaN,0.034,0.039,0.999,0.032,0,0,0.525,3.349,6.373,0.911,0.6264771,1
175748,1.00000113088889e+18,63875741921778,0.033,1.441,-0.019,0.056,-0.023,-0.007,0.998,NaN,0.035,0.039,0.999,0,0,0,64.325,NaN,0.136,0.038,0.99,-0.032,0,0,0.543,3.482,6.415,0.98,NaN,0.035,0.039,0.999,0.032,0,0,0.525,3.346,6.373,0.91,0.6244218,1
175749,1.00000113089388e+18,63875741921789,0.033,1.44,-0.019,0.056,-0.023,-0.007,0.998,NaN,0.035,0.039,0.999,0,0,0,64.325,NaN,0.137,0.038,0.99,-0.032,0,0,0.541,3.47,6.415,0.98,NaN,0.035,0.039,0.999,0.032,0,0,0.525,3.344,6.373,0.91,0.6227927,1
175750,1.0000011308989e+18,63875741921789,0.033,1.44,-0.019,0.056,-0.023,-0.007,0.998,NaN,0.035,0.038,0.999,0,0,0,64.325,NaN,0.137,0.037,0.99,-0.032,0,0,0.539,3.46,6.415,0.98,NaN,0.035,0.038,0.999,0.032,0,0,0.524,3.342,6.373,0.909,0.6214448,1
175751,1.00000113090387e+18,63875741921789,0.033,1.44,-0.019,0.056,-0.023,-0.007,0.998,NaN,0.035,0.038,0.999,0,0,0,64.325,NaN,0.137,0.037,0.99,-0.032,0,0,0.538,3.452,6.415,0.98,NaN,0.035,0.038,0.999,0.032,0,0,0.524,3.34,6.373,0.909,0.6204036,1
175752,1.00000113090888e+18,63875741921799,0.033,1.441,-0.019,0.056,-0.023,-0.007,0.998,NaN,0.035,0.037,0.999,0,0,0,64.325,NaN,0.137,0.037,0.99,-0.032,0,0,0.537,3.448,6.415,0.98,NaN,0.035,0.037,0.999,0.032,0,0,0.524,3.338,6.373,0.909,0.6190873,1
175753,1.0000011309139e+18,63875741921799,0.033,1.441,-0.019,0.056,-0.023,-0.007,0.998,NaN,0.035,0.037,0.999,0,0,0,64.325,NaN,0.138,0.036,0.99,-0.032,0,0,0.537,3.443,6.415,0.98,NaN,0.035,0.037,0.999,0.032,0,0,0.524,3.336,6.373,0.908,0.6174168,1
175754,1.00000113091892e+18,63875741921811,0.033,1.441,-0.019,0.056,-0.023,-0.007,0.998,NaN,0.035,0.036,0.999,0,0,0,64.325,NaN,0.138,0.036,0.99,-0.032,0,0,0.536,3.44,6.415,0.98,NaN,0.035,0.036,0.999,0.032,0,0,0.523,3.335,6.373,0.908,0.615583,1
175755,1.00000113092394e+18,63875741921811,0.033,1.441,-0.019,0.056,-0.023,-0.007,0.998,NaN,0.035,0.036,0.999,0,0,0,64.325,NaN,0.137,0.036,0.99,-0.032,0,0,0.536,3.44,6.415,0.98,NaN,0.035,0.036,0.999,0.032,0,0,0.523,3.333,6.373,0.908,0.6183459,0.9971419
175756,1.00000113092896e+18,63875741921822,0.033,1.441,-0.019,0.056,-0.023,-0.007,0.998,NaN,0.035,0.036,0.999,0,0,0,64.325,NaN,0.137,0.036,0.99,-0.032,0,0,0.536,3.441,6.415,0.981,NaN,0.034,0.036,0.999,0.032,0,0,0.523,3.331,6.373,0.908,0.6228173,0.9858283
175757,1.00000113093406e+18,63875741921822,0.033,1.441,-0.019,0.056,-0.023,-0.007,0.998,NaN,0.035,0.036,0.999,0,0,0,64.325,NaN,0.136,0.035,0.99,-0.032,0,0,0.537,3.444,6.415,0.981,NaN,0.034,0.036,0.999,0.032,0,0,0.522,3.33,6.373,0.908,0.6284707,0.9852465
175758,1.00000113093908e+18,63875741921833,0.033,1.441,-0.019,0.056,-0.023,-0.007,0.998,NaN,0.035,0.036,0.999,0,0,0,64.325,NaN,0.135,0.035,0.99,-0.032,0,0,0.538,3.45,6.415,0.981,NaN,0.034,0.036,0.999,0.032,0,0,0.522,3.328,6.373,0.908,0.6354491,0.9928326
175759,1.0000011309441e+18,63875741921833,0.033,1.441,-0.019,0.056,-0.023,-0.007,0.998,NaN,0.035,0.036,0.999,0,0,0,64.325,NaN,0.133,0.035,0.99,-0.032,0,0,0.538,3.451,6.415,0.981,NaN,0.034,0.036,0.999,0.032,0,0,0.522,3.327,6.373,0.907,0.6424929,0.9928719
175760,1.00000113094899e+18,63875741921833,0.033,1.441,-0.019,0.056,-0.023,-0.007,0.998,NaN,0.036,0.036,0.999,0,0,0,64.325,NaN,0.132,0.035,0.991,-0.032,0,0,0.538,3.453,6.415,0.981,NaN,0.034,0.036,0.999,0.032,0,0,0.522,3.326,6.373,0.907,0.6504734,0.9892945
175761,1.000001130954e+18,63875741921844,0.033,1.441,-0.019,0.056,-0.023,-0.007,0.998,NaN,0.036,0.036,0.999,0,0,0,64.325,NaN,0.131,0.035,0.991,-0.032,0,0,0.539,3.457,6.415,0.981,NaN,0.034,0.036,0.999,0.032,0,0,0.522,3.325,6.373,0.907,0.6587414,0.9813356
175762,1.00000113095902e+18,63875741921844,0.033,1.441,-0.019,0.056,-0.023,-0.007,0.998,NaN,0.036,0.036,0.999,0,0,0,64.325,NaN,0.13,0.035,0.991,-0.032,0,0,0.539,3.455,6.415,0.981,NaN,0.034,0.036,0.999,0.032,0,0,0.522,3.324,6.373,0.906,0.6668121,0.9198804
175763,1.00000113096404e+18,63875741921855,0.033,1.441,-0.019,0.056,-0.023,-0.007,0.998,NaN,0.038,0.036,0.999,0,0,0,64.325,NaN,0.128,0.036,0.991,-0.032,0,0,0.539,3.455,6.415,0.981,NaN,0.034,0.036,0.999,0.032,0,0,0.521,3.322,6.373,0.906,0.6763261,0.6550291
175764,1.00000113096904e+18,63875741921855,0.033,1.441,-0.019,0.056,-0.023,-0.007,0.998,NaN,0.041,0.037,0.998,0,0,0,64.325,NaN,0.126,0.036,0.991,-0.032,0,0,0.541,3.468,6.415,0.981,NaN,0.034,0.037,0.999,0.032,0,0,0.521,3.322,6.373,0.906,0.6971044,0.5162408
175765,1.00000113097406e+18,63875741921867,0.033,1.44,-0.019,0.056,-0.023,-0.007,0.998,NaN,0.04,0.037,0.999,0,0,0,64.325,NaN,0.117,0.036,0.993,-0.032,0,0,0.544,3.49,6.415,0.981,NaN,0.032,0.037,0.999,0.032,0,0,0.522,3.327,6.373,0.905,0.7585816,0.004872844
175766,1.00000113097908e+18,63875741921867,0.033,1.44,-0.019,0.056,-0.023,-0.007,0.998,NaN,0.038,0.034,0.999,0,0,0,64.325,NaN,0.115,0.033,0.993,-0.032,0,0,0.536,3.44,6.415,0.98,NaN,0.026,0.034,0.999,0.032,0,0,0.523,3.335,6.373,0.904,0.7135377,0
175767,1.0000011309841e+18,63875741921878,0.033,1.44,-0.019,0.056,-0.023,-0.007,0.998,NaN,0.029,0.028,0.999,0,0,0,64.325,NaN,0.103,0.028,0.994,-0.032,0,0,0.536,3.441,6.415,0.98,NaN,0.008,0.028,1,0.032,0,0,0.521,3.317,6.373,0.903,0.674452,0
175768,1.00000113098911e+18,63875741921878,0.033,1.44,-0.019,0.056,-0.023,-0.007,0.998,NaN,0.005,0.02,1,0,0,0,64.325,NaN,0.089,0.019,0.996,-0.032,0,0,0.546,3.5,6.415,0.98,NaN,-0.017,0.02,1,0.032,0,0,0.519,3.309,6.373,0.901,0.605818,0
175769,1.00000113099413e+18,63875741921889,0.033,1.44,-0.018,0.055,-0.023,-0.007,0.998,NaN,-0.017,0.011,1,0,0,0,64.325,NaN,0.058,0.011,0.998,-0.032,0,0,0.545,3.498,6.415,0.98,NaN,-0.052,0.011,0.999,0.032,0,0,0.516,3.287,6.373,0.899,0.582727,0
175770,1.00000113099913e+18,63875741921889,0.033,1.44,-0.018,0.055,-0.023,-0.007,0.998,NaN,-0.041,0.001,0.999,0,0,0,64.325,NaN,0.027,0.001,1,-0.032,0,0,0.539,3.46,6.415,0.98,NaN,-0.085,0.001,0.996,0.032,0,0,0.516,3.287,6.373,0.898,0.5690278,0
175771,1.00000113100415e+18,63875741921889,0.033,1.44,-0.018,0.055,-0.023,-0.007,0.998,NaN,-0.063,-0.009,0.998,0,0,0,64.325,NaN,0.004,-0.009,1,-0.032,0,0,0.538,3.449,6.415,0.98,NaN,-0.113,-0.009,0.994,0.032,0,0,0.517,3.292,6.373,0.895,0.545296,0
175772,1.00000113100915e+18,63875741921900,0.033,1.44,-0.018,0.055,-0.023,-0.007,0.998,NaN,-0.08,-0.018,0.997,0,0,0,64.325,NaN,-0.015,-0.017,1,-0.032,0,0,0.534,3.429,6.415,0.979,NaN,-0.134,-0.017,0.991,0.032,0,0,0.517,3.298,6.373,0.893,0.5358503,0
175773,1.00000113101412e+18,63875741921900,0.033,1.44,-0.018,0.055,-0.023,-0.007,0.998,NaN,-0.095,-0.018,0.995,0,0,0,64.325,NaN,-0.038,-0.018,0.999,-0.032,0,0,0.535,3.43,6.415,0.979,NaN,-0.148,-0.017,0.989,0.032,0,0,0.518,3.302,6.373,0.891,0.5748716,0
175774,1.00000113101913e+18,63875741921911,0.033,1.44,-0.018,0.055,-0.023,-0.007,0.998,NaN,-0.107,-0.017,0.994,0,0,0,64.325,NaN,-0.054,-0.017,0.998,-0.032,0,0,0.54,3.464,6.415,0.979,NaN,-0.158,-0.017,0.987,0.032,0,0,0.518,3.303,6.373,0.889,0.6102208,0
175775,1.00000113102415e+18,63875741921911,0.033,1.44,-0.018,0.055,-0.023,-0.007,0.998,NaN,-0.115,-0.016,0.993,0,0,0,64.325,NaN,-0.065,-0.016,0.998,-0.032,0,0,0.542,3.48,6.415,0.979,NaN,-0.164,-0.016,0.986,0.032,0,0,0.518,3.303,6.373,0.887,0.6374806,0
175776,1.00000113102919e+18,63875741921922,0.033,1.44,-0.018,0.055,-0.023,-0.007,0.998,NaN,-0.12,-0.016,0.993,0,0,0,64.325,NaN,-0.072,-0.016,0.997,-0.032,0,0,0.543,3.485,6.415,0.979,NaN,-0.168,-0.015,0.986,0.032,0,0,0.518,3.303,6.373,0.885,0.6542682,0
175777,1.0000011310342e+18,63875741921922,0.033,1.44,-0.018,0.055,-0.023,-0.007,0.998,NaN,-0.124,-0.015,0.992,0,0,0,64.325,NaN,-0.077,-0.015,0.997,-0.032,0,0,0.545,3.498,6.415,0.979,NaN,-0.171,-0.015,0.985,0.032,0,0,0.518,3.303,6.373,0.884,0.6729392,0
175778,1.00000113103921e+18,63875741921934,0.033,1.44,-0.018,0.055,-0.023,-0.007,0.998,NaN,-0.126,-0.016,0.992,0,0,0,64.325,NaN,-0.08,-0.017,0.997,-0.032,0,0,0.542,3.477,6.415,0.979,NaN,-0.172,-0.016,0.985,0.032,0,0,0.518,3.303,6.373,0.883,0.6834455,0
175779,1.00000113104422e+18,63875741921934,0.033,1.44,-0.018,0.055,-0.023,-0.007,0.998,NaN,-0.128,-0.018,0.992,0,0,0,64.325,NaN,-0.082,-0.018,0.997,-0.032,0,0,0.539,3.46,6.415,0.979,NaN,-0.173,-0.017,0.985,0.032,0,0,0.518,3.303,6.373,0.882,0.690176,0
175780,1.00000113104923e+18,63875741921944,0.033,1.44,-0.018,0.056,-0.023,-0.007,0.998,NaN,-0.129,-0.018,0.991,0,0,0,64.325,NaN,-0.083,-0.018,0.996,-0.032,0,0,0.539,3.456,6.415,0.979,NaN,-0.174,-0.018,0.985,0.032,0,0,0.518,3.303,6.373,0.881,0.6968496,0
175781,1.00000113105424e+18,63875741921944,0.033,1.44,-0.018,0.056,-0.023,-0.007,0.998,NaN,-0.13,-0.019,0.991,0,0,0,64.325,NaN,-0.084,-0.019,0.996,-0.032,0,0,0.539,3.456,6.415,0.979,NaN,-0.174,-0.019,0.985,0.032,0,0,0.518,3.302,6.373,0.88,0.7026023,0
175782,1.00000113105927e+18,63875741921944,0.033,1.44,-0.018,0.056,-0.023,-0.007,0.998,NaN,-0.13,-0.019,0.991,0,0,0,64.325,NaN,-0.085,-0.019,0.996,-0.032,0,0,0.539,3.46,6.415,0.979,NaN,-0.174,-0.019,0.985,0.032,0,0,0.518,3.301,6.373,0.879,0.7103633,0
175783,1.00000113106427e+18,63875741921955,0.033,1.44,-0.018,0.056,-0.023,-0.007,0.998,NaN,-0.132,-0.019,0.991,0,0,0,64.325,NaN,-0.088,-0.019,0.996,-0.032,0,0,0.549,3.52,6.415,0.979,NaN,-0.174,-0.019,0.985,0.032,0,0,0.518,3.3,6.373,0.878,0.7375477,0
175784,1.00000113106927e+18,63875741921967,0.033,1.44,-0.018,0.056,-0.023,-0.007,0.998,NaN,-0.133,-0.018,0.991,0,0,0,64.325,NaN,-0.091,-0.018,0.996,-0.032,0,0,0.553,3.549,6.415,0.979,NaN,-0.174,-0.018,0.985,0.032,0,0,0.518,3.299,6.373,0.878,0.7607152,0
175785,1.00000113107428e+18,63875741921967,0.033,1.44,-0.018,0.056,-0.023,-0.007,0.998,NaN,-0.134,-0.018,0.991,0,0,0,64.325,NaN,-0.092,-0.018,0.996,-0.032,0,0,0.554,3.555,6.415,0.979,NaN,-0.174,-0.018,0.985,0.032,0,0,0.518,3.299,6.373,0.877,0.7736877,0
175786,1.00000113107931e+18,63875741921967,0.033,1.44,-0.018,0.056,-0.023,-0.007,0.998,NaN,-0.134,-0.017,0.991,0,0,0,64.325,NaN,-0.093,-0.017,0.996,-0.032,0,0,0.554,3.557,6.415,0.979,NaN,-0.173,-0.017,0.985,0.032,0,0,0.517,3.298,6.373,0.877,0.7823417,0
175787,1.00000113108432e+18,63875741921978,0.032,1.44,-0.018,0.056,-0.023,-0.007,0.998,NaN,-0.134,-0.018,0.991,0,0,0,64.325,NaN,-0.093,-0.018,0.996,-0.032,0,0,0.55,3.527,6.415,0.979,NaN,-0.173,-0.017,0.985,0.032,0,0,0.517,3.297,6.373,0.876,0.7792549,0
175788,1.00000113108938e+18,63875741921978,0.032,1.44,-0.018,0.056,-0.023,-0.007,0.998,NaN,-0.134,-0.018,0.991,0,0,0,64.325,NaN,-0.092,-0.018,0.996,-0.032,0,0,0.549,3.52,6.415,0.979,NaN,-0.173,-0.018,0.985,0.032,0,0,0.517,3.296,6.373,0.876,0.7782065,0
175789,1.0000011310944e+18,63875741921989,0.032,1.44,-0.018,0.056,-0.023,-0.007,0.998,NaN,-0.134,-0.018,0.991,0,0,0,64.325,NaN,-0.092,-0.018,0.996,-0.032,0,0,0.548,3.517,6.415,0.979,NaN,-0.173,-0.018,0.985,0.032,0,0,0.517,3.295,6.373,0.876,0.7754467,0.09502652
175790,1.00000113109939e+18,63875741921989,0.032,1.44,-0.018,0.056,-0.023,-0.007,0.998,NaN,-0.134,-0.018,0.991,0,0,0,64.325,NaN,-0.092,-0.018,0.996,-0.032,0,0,0.548,3.513,6.415,0.978,NaN,-0.173,-0.018,0.985,0.032,0,0,0.517,3.294,6.373,0.876,0.7725534,0.2157142
175791,1.00000113110441e+18,63875741921989,0.032,1.44,-0.018,0.056,-0.023,-0.007,0.998,NaN,-0.138,-0.02,0.99,0,0,0,64.325,NaN,-0.1,-0.02,0.995,-0.032,0,0,0.547,3.508,6.415,0.978,NaN,-0.173,-0.02,0.985,0.032,0,0,0.517,3.293,6.373,0.875,0.8602645,0
175792,1.00000113110942e+18,63875741921999,0.032,1.44,-0.018,0.056,-0.022,-0.007,0.998,NaN,-0.137,-0.02,0.99,0,0,0,64.325,NaN,-0.098,-0.02,0.995,-0.032,0,0,0.546,3.502,6.415,0.978,NaN,-0.173,-0.02,0.985,0.032,0,0,0.517,3.293,6.373,0.875,0.8358191,0
175793,1.00000113111444e+18,63875741921999,0.032,1.44,-0.018,0.056,-0.022,-0.007,0.998,NaN,-0.136,-0.02,0.99,0,0,0,64.325,NaN,-0.096,-0.021,0.995,-0.032,0,0,0.544,3.491,6.415,0.978,NaN,-0.173,-0.02,0.985,0.032,0,0,0.517,3.292,6.373,0.875,0.8180212,0
175794,1.00000113111945e+18,63875741922011,0.032,1.44,-0.018,0.055,-0.022,-0.007,0.998,NaN,-0.136,-0.021,0.991,0,0,0,64.325,NaN,-0.095,-0.021,0.995,-0.032,0,0,0.543,3.481,6.415,0.978,NaN,-0.173,-0.02,0.985,0.032,0,0,0.516,3.291,6.373,0.874,0.8069044,0
175795,1.0000011311244e+18,63875741922011,0.032,1.44,-0.018,0.055,-0.022,-0.007,0.998,NaN,-0.135,-0.021,0.991,0,0,0,64.325,NaN,-0.094,-0.021,0.995,-0.032,0,0,0.542,3.475,6.415,0.975,NaN,-0.173,-0.021,0.985,0.032,0,0,0.516,3.291,6.373,0.874,0.7964297,0
175796,1.00000113112942e+18,63875741922022,0.032,1.44,-0.018,0.055,-0.022,-0.007,0.998,NaN,-0.135,-0.021,0.991,0,0,0,64.325,NaN,-0.093,-0.021,0.995,-0.032,0,0,0.542,3.474,6.415,0.972,NaN,-0.173,-0.021,0.985,0.032,0,0,0.516,3.29,6.373,0.874,0.7900062,0
175797,1.00000113113444e+18,63875741922022,0.032,1.44,-0.018,0.055,-0.022,-0.007,0.998,NaN,-0.141,-0.026,0.99,0,0,0,64.325,NaN,-0.089,-0.026,0.996,-0.032,0,0,0.544,3.489,6.415,0.968,NaN,-0.173,-0.026,0.985,0.032,0,0,0.516,3.289,6.373,0.874,0.758323,0
175798,1.00000113113946e+18,63875741922034,0.032,1.44,-0.018,0.055,-0.022,-0.007,0.998,NaN,-0.14,-0.025,0.99,0,0,0,64.325,NaN,-0.09,-0.025,0.996,-0.032,0,0,0.544,3.488,6.415,0.964,NaN,-0.172,-0.025,0.985,0.032,0,0,0.516,3.289,6.373,0.874,0.7610971,0
175799,1.00000113114447e+18,63875741922034,0.032,1.44,-0.018,0.055,-0.022,-0.007,0.998,NaN,-0.145,-0.03,0.989,0,0,0,64.325,NaN,-0.075,-0.03,0.997,-0.032,0,0,0.542,3.474,6.415,0.96,NaN,-0.172,-0.03,0.985,0.032,0,0,0.516,3.288,6.373,0.874,0.6497076,0
175800,1.00000113114949e+18,63875741922034,0.032,1.44,-0.018,0.055,-0.022,-0.007,0.998,NaN,-0.15,-0.035,0.988,0,0,0,64.325,NaN,-0.056,-0.035,0.998,-0.032,0,0,0.538,3.452,6.415,0.957,NaN,-0.172,-0.035,0.984,0.032,0,0,0.516,3.287,6.373,0.873,0.5439318,0
175801,1.00000113115451e+18,63875741922045,0.032,1.44,-0.018,0.055,-0.023,-0.007,0.998,NaN,-0.154,-0.039,0.987,0,0,0,64.325,NaN,-0.037,-0.039,0.999,-0.032,0,0,0.534,3.428,6.415,0.954,NaN,-0.172,-0.039,0.984,0.032,0,0,0.516,3.287,6.373,0.873,0.4702305,0
175802,1.00000113115956e+18,63875741922045,0.032,1.44,-0.018,0.055,-0.023,-0.007,0.998,NaN,-0.157,-0.043,0.987,0,0,0,64.325,NaN,-0.022,-0.043,0.999,-0.032,0,0,0.533,3.418,6.415,0.952,NaN,-0.172,-0.042,0.984,0.032,0,0,0.516,3.286,6.373,0.873,0.4227502,0
175803,1.00000113116458e+18,63875741922056,0.032,1.44,-0.018,0.055,-0.023,-0.007,0.998,NaN,-0.16,-0.046,0.986,0,0,0,64.325,NaN,-0.01,-0.046,0.999,-0.032,0,0,0.53,3.397,6.415,0.95,NaN,-0.172,-0.046,0.984,0.032,0,0,0.516,3.286,6.373,0.873,0.3929915,0
175804,1.0000011311696e+18,63875741922056,0.032,1.44,-0.018,0.055,-0.023,-0.007,0.998,NaN,-0.162,-0.048,0.986,0,0,0,64.325,NaN,-0.002,-0.049,0.999,-0.032,0,0,0.529,3.395,6.415,0.948,NaN,-0.172,-0.048,0.984,0.032,0,0,0.516,3.285,6.373,0.873,0.3746771,0
175805,1.00000113117461e+18,63875741922067,0.032,1.44,-0.018,0.055,-0.023,-0.007,0.998,NaN,-0.164,-0.05,0.985,0,0,0,64.325,NaN,0.003,-0.051,0.999,-0.032,0,0,0.529,3.394,6.415,0.946,NaN,-0.172,-0.05,0.984,0.032,0,0,0.515,3.285,6.373,0.873,0.3628465,0
175806,1.00000113117953e+18,63875741922067,0.032,1.44,-0.018,0.055,-0.023,-0.007,0.998,NaN,-0.165,-0.052,0.985,0,0,0,64.325,NaN,0.007,-0.053,0.999,-0.032,0,0,0.529,3.394,6.415,0.945,NaN,-0.172,-0.052,0.984,0.032,0,0,0.515,3.284,6.373,0.873,0.3547948,0
175807,1.00000113118455e+18,63875741922078,0.032,1.44,-0.018,0.055,-0.023,-0.007,0.998,NaN,-0.166,-0.053,0.985,0,0,0,64.325,NaN,0.01,-0.054,0.998,-0.032,0,0,0.529,3.394,6.415,0.944,NaN,-0.172,-0.053,0.984,0.032,0,0,0.515,3.284,6.373,0.873,0.3496259,0
175808,1.00000113118958e+18,63875741922078,0.032,1.44,-0.018,0.055,-0.023,-0.007,0.998,NaN,-0.167,-0.054,0.984,0,0,0,64.325,NaN,0.012,-0.055,0.998,-0.032,0,0,0.529,3.394,6.415,0.943,NaN,-0.172,-0.054,0.984,0.032,0,0,0.515,3.283,6.373,0.873,0.3463824,0
175809,1.0000011311946e+18,63875741922089,0.032,1.44,-0.018,0.055,-0.023,-0.007,0.998,NaN,-0.168,-0.055,0.984,0,0,0,64.325,NaN,0.013,-0.056,0.998,-0.032,0,0,0.529,3.394,6.415,0.942,NaN,-0.172,-0.055,0.984,0.032,0,0,0.515,3.283,6.373,0.873,0.3447003,0
175810,1.00000113119958e+18,63875741922089,0.032,1.44,-0.018,0.055,-0.023,-0.007,0.998,NaN,-0.168,-0.056,0.984,0,0,0,64.325,NaN,0.013,-0.057,0.998,-0.032,0,0,0.529,3.391,6.415,0.942,NaN,-0.172,-0.056,0.984,0.032,0,0,0.515,3.282,6.373,0.873,0.3440106,0
175811,1.0000011312046e+18,63875741922090,0.032,1.44,-0.018,0.055,-0.023,-0.007,0.998,NaN,-0.169,-0.057,0.984,0,0,0,64.325,NaN,0.013,-0.058,0.998,-0.032,0,0,0.528,3.388,6.415,0.941,NaN,-0.172,-0.057,0.984,0.032,0,0,0.515,3.282,6.373,0.873,0.3437076,0
175812,1.00000113120964e+18,63875741922100,0.032,1.44,-0.018,0.055,-0.023,-0.007,0.998,NaN,-0.169,-0.058,0.984,0,0,0,64.325,NaN,0.013,-0.058,0.998,-0.032,0,0,0.528,3.388,6.415,0.94,NaN,-0.172,-0.058,0.983,0.032,0,0,0.515,3.281,6.373,0.873,0.3436432,0
175813,1.00000113121466e+18,63875741922100,0.032,1.44,-0.018,0.055,-0.023,-0.007,0.998,NaN,-0.17,-0.058,0.984,0,0,0,64.325,NaN,0.013,-0.059,0.998,-0.032,0,0,0.532,3.411,6.415,0.94,NaN,-0.172,-0.058,0.983,0.032,0,0,0.515,3.281,6.373,0.872,0.3445283,0
175814,1.00000113121968e+18,63875741922111,0.032,1.44,-0.018,0.055,-0.023,-0.007,0.998,NaN,-0.168,-0.056,0.984,0,0,0,64.325,NaN,0.004,-0.057,0.998,-0.032,0,0,0.537,3.442,6.415,0.939,NaN,-0.172,-0.056,0.984,0.032,0,0,0.515,3.28,6.373,0.873,0.3622368,0
175815,1.0000011312247e+18,63875741922111,0.032,1.44,-0.018,0.055,-0.023,-0.007,0.998,NaN,-0.169,-0.057,0.984,0,0,0,64.325,NaN,0.004,-0.058,0.998,-0.032,0,0,0.537,3.448,6.415,0.939,NaN,-0.172,-0.057,0.983,0.032,0,0,0.515,3.28,6.373,0.872,0.361415,0
175816,1.00000113122973e+18,63875741922122,0.032,1.44,-0.018,0.055,-0.023,-0.007,0.998,NaN,-0.169,-0.058,0.984,0,0,0,64.325,NaN,0.004,-0.059,0.998,-0.032,0,0,0.537,3.448,6.415,0.938,NaN,-0.172,-0.058,0.983,0.032,0,0,0.515,3.279,6.373,0.872,0.3606149,0
175817,1.00000113123469e+18,63875741922123,0.032,1.44,-0.018,0.055,-0.023,-0.007,0.998,NaN,-0.168,-0.057,0.984,0,0,0,64.325,NaN,-0.016,-0.058,0.998,-0.032,0,0,0.539,3.455,6.415,0.938,NaN,-0.172,-0.057,0.984,0.032,0,0,0.514,3.278,6.373,0.872,0.4075565,0
175818,1.00000113123968e+18,63875741922134,0.033,1.44,-0.018,0.055,-0.023,-0.007,0.998,NaN,-0.167,-0.056,0.984,0,0,0,64.325,NaN,-0.044,-0.056,0.997,-0.032,0,0,0.541,3.47,6.415,0.938,NaN,-0.172,-0.056,0.984,0.032,0,0,0.514,3.278,6.373,0.872,0.4974721,0.190666
175819,1.0000011312447e+18,63875741922134,0.033,1.44,-0.018,0.055,-0.023,-0.007,0.998,NaN,-0.167,-0.057,0.984,0,0,0,64.325,NaN,-0.035,-0.057,0.998,-0.032,0,0,0.541,3.47,6.415,0.937,NaN,-0.172,-0.057,0.984,0.032,0,0,0.514,3.277,6.373,0.872,0.4627559,0
175820,1.00000113124972e+18,63875741922145,0.033,1.44,-0.019,0.055,-0.023,-0.007,0.998,NaN,-0.168,-0.058,0.984,0,0,0,64.325,NaN,-0.029,-0.058,0.998,-0.032,0,0,0.54,3.466,6.415,0.937,NaN,-0.172,-0.058,0.983,0.032,0,0,0.514,3.277,6.373,0.872,0.4438663,0
175821,1.00000113125473e+18,63875741922145,0.033,1.44,-0.019,0.055,-0.023,-0.007,0.998,NaN,-0.167,-0.056,0.984,0,0,0,64.325,NaN,-0.052,-0.057,0.997,-0.032,0,0,0.541,3.468,6.415,0.937,NaN,-0.172,-0.056,0.984,0.032,0,0,0.514,3.276,6.373,0.872,0.5296465,0
175822,1.00000113125975e+18,63875741922145,0.033,1.44,-0.019,0.055,-0.023,-0.007,0.998,NaN,-0.166,-0.056,0.984,0,0,0,64.325,NaN,-0.075,-0.056,0.996,-0.032,0,0,0.541,3.468,6.415,0.936,NaN,-0.172,-0.056,0.984,0.032,0,0,0.514,3.276,6.373,0.872,0.6536897,0
175823,1.00000113126477e+18,63875741922156,0.033,1.44,-0.019,0.055,-0.023,-0.007,0.998,NaN,-0.166,-0.055,0.985,0,0,0,64.325,NaN,-0.094,-0.056,0.994,-0.032,0,0,0.541,3.468,6.415,0.936,NaN,-0.172,-0.055,0.984,0.032,0,0,0.514,3.276,6.373,0.872,0.8078485,0
175824,1.00000113126978e+18,63875741922156,0.033,1.44,-0.019,0.055,-0.023,-0.007,0.998,NaN,-0.166,-0.055,0.985,0,0,0,64.325,NaN,-0.107,-0.055,0.993,-0.032,0,0,0.541,3.473,6.415,0.936,NaN,-0.172,-0.055,0.984,0.032,0,0,0.514,3.276,6.373,0.872,0.9801635,0
175825,1.0000011312748e+18,63875741922167,0.033,1.439,-0.019,0.055,-0.023,-0.007,0.998,NaN,-0.165,-0.054,0.985,0,0,0,64.325,NaN,-0.117,-0.055,0.992,-0.032,0,0,0.543,3.485,6.415,0.936,NaN,-0.172,-0.054,0.984,0.032,0,0,0.514,3.275,6.373,0.872,1.15233,0
175826,1.0000011312798e+18,63875741922167,0.033,1.439,-0.019,0.055,-0.023,-0.007,0.998,NaN,-0.166,-0.055,0.985,0,0,0,64.325,NaN,-0.09,-0.056,0.994,-0.032,0,0,0.543,3.484,6.415,0.935,NaN,-0.172,-0.055,0.984,0.032,0,0,0.514,3.275,6.373,0.872,0.7763173,0
175827,1.00000113128482e+18,63875741922178,0.033,1.44,-0.019,0.055,-0.023,-0.007,0.998,NaN,-0.166,-0.056,0.985,0,0,0,64.325,NaN,-0.079,-0.056,0.995,-0.032,0,0,0.54,3.467,6.415,0.935,NaN,-0.172,-0.056,0.984,0.032,0,0,0.514,3.275,6.373,0.872,0.682624,0
175828,1.00000113128988e+18,63875741922178,0.033,1.44,-0.019,0.055,-0.023,-0.007,0.998,NaN,-0.166,-0.055,0.985,0,0,0,64.325,NaN,-0.09,-0.056,0.994,-0.032,0,0,0.541,3.469,6.415,0.935,NaN,-0.172,-0.055,0.984,0.032,0,0,0.514,3.275,6.373,0.872,0.7732505,0
175829,1.00000113129489e+18,63875741922190,0.033,1.439,-0.019,0.055,-0.023,-0.007,0.998,NaN,-0.166,-0.056,0.985,0,0,0,64.325,NaN,-0.084,-0.057,0.995,-0.032,0,0,0.54,3.467,6.415,0.935,NaN,-0.172,-0.056,0.984,0.032,0,0,0.514,3.275,6.373,0.872,0.7178441,0
175830,1.00000113129987e+18,63875741922190,0.033,1.439,-0.019,0.055,-0.023,-0.007,0.998,NaN,-0.166,-0.056,0.985,0,0,0,64.325,NaN,-0.091,-0.056,0.994,-0.032,0,0,0.539,3.456,6.415,0.934,NaN,-0.172,-0.055,0.984,0.032,0,0,0.514,3.275,6.373,0.872,0.7845423,0
175831,1.00000113130487e+18,63875741922190,0.033,1.439,-0.019,0.055,-0.023,-0.007,0.998,NaN,-0.166,-0.056,0.984,0,0,0,64.325,NaN,-0.087,-0.057,0.995,-0.032,0,0,0.535,3.432,6.415,0.934,NaN,-0.172,-0.056,0.984,0.032,0,0,0.514,3.275,6.373,0.872,0.7462168,0
175832,1.00000113130987e+18,63875741922200,0.033,1.439,-0.019,0.055,-0.023,-0.006,0.998,NaN,-0.166,-0.057,0.984,0,0,0,64.325,NaN,-0.075,-0.058,0.996,-0.032,0,0,0.533,3.422,6.415,0.934,NaN,-0.172,-0.057,0.983,0.032,0,0,0.514,3.275,6.373,0.872,0.6502213,0
175833,1.00000113131488e+18,63875741922200,0.033,1.439,-0.019,0.055,-0.023,-0.006,0.998,NaN,-0.167,-0.058,0.984,0,0,0,64.325,NaN,-0.059,-0.059,0.997,-0.032,0,0,0.531,3.406,6.415,0.933,NaN,-0.172,-0.058,0.983,0.032,0,0,0.514,3.275,6.373,0.871,0.560187,0
175834,1.00000113131989e+18,63875741922212,0.033,1.439,-0.019,0.055,-0.023,-0.006,0.998,NaN,-0.167,-0.059,0.984,0,0,0,64.325,NaN,-0.044,-0.06,0.997,-0.032,0,0,0.53,3.399,6.415,0.933,NaN,-0.172,-0.059,0.983,0.032,0,0,0.514,3.275,6.373,0.871,0.4945377,0
175835,1.0000011313249e+18,63875741922212,0.033,1.439,-0.019,0.055,-0.023,-0.006,0.998,NaN,-0.167,-0.06,0.984,0,0,0,64.325,NaN,-0.031,-0.061,0.998,-0.032,0,0,0.528,3.384,6.415,0.932,NaN,-0.172,-0.06,0.983,0.032,0,0,0.514,3.276,6.373,0.871,0.4494939,0
175836,1.00000113132992e+18,63875741922223,0.033,1.44,-0.019,0.055,-0.023,-0.006,0.998,NaN,-0.167,-0.059,0.984,0,0,0,64.325,NaN,-0.049,-0.06,0.997,-0.032,0,0,0.528,3.384,6.415,0.932,NaN,-0.172,-0.059,0.983,0.032,0,0,0.514,3.276,6.373,0.871,0.5144508,0
175837,1.00000113133495e+18,63875741922223,0.033,1.44,-0.019,0.055,-0.023,-0.006,0.998,NaN,-0.167,-0.059,0.984,0,0,0,64.325,NaN,-0.054,-0.06,0.997,-0.032,0,0,0.53,3.398,6.415,0.932,NaN,-0.172,-0.059,0.983,0.032,0,0,0.514,3.276,6.373,0.871,0.539431,0
175838,1.00000113133996e+18,63875741922234,0.033,1.44,-0.019,0.055,-0.023,-0.007,0.998,NaN,-0.167,-0.059,0.984,0,0,0,64.325,NaN,-0.048,-0.06,0.997,-0.032,0,0,0.531,3.408,6.415,0.931,NaN,-0.172,-0.059,0.983,0.032,0,0,0.514,3.277,6.373,0.871,0.5106262,0
175839,1.00000113134497e+18,63875741922234,0.033,1.44,-0.019,0.055,-0.023,-0.007,0.998,NaN,-0.167,-0.059,0.984,0,0,0,64.325,NaN,-0.054,-0.059,0.997,-0.032,0,0,0.533,3.417,6.415,0.931,NaN,-0.172,-0.059,0.983,0.032,0,0,0.514,3.278,6.373,0.87,0.5374908,0
175840,1.00000113134997e+18,63875741922245,0.033,1.44,-0.019,0.055,-0.023,-0.006,0.998,NaN,-0.166,-0.059,0.984,0,0,0,64.325,NaN,-0.054,-0.059,0.997,-0.032,0,0,0.544,3.49,6.415,0.93,NaN,-0.172,-0.058,0.983,0.032,0,0,0.514,3.279,6.373,0.871,0.5358675,0
175841,1.00000113135499e+18,63875741922245,0.033,1.44,-0.019,0.055,-0.023,-0.006,0.998,NaN,-0.166,-0.062,0.984,0,0,0,64.325,NaN,-0.044,-0.063,0.997,-0.032,0,0,0.558,3.58,6.415,0.928,NaN,-0.172,-0.062,0.983,0.032,0,0,0.515,3.282,6.373,0.871,0.4955358,0
175842,1.00000113136e+18,63875741922245,0.033,1.44,-0.019,0.055,-0.023,-0.006,0.998,NaN,-0.161,-0.071,0.984,0,0,0,64.325,NaN,-0.035,-0.072,0.997,-0.032,0,0,0.551,3.538,6.415,0.925,NaN,-0.171,-0.071,0.983,0.032,0,0,0.516,3.286,6.373,0.871,0.46909,0
175843,1.00000113136501e+18,63875741922256,0.033,1.44,-0.019,0.054,-0.023,-0.007,0.998,NaN,-0.148,-0.085,0.985,0,0,0,64.325,NaN,-0.025,-0.086,0.996,-0.032,0,0,0.545,3.497,6.415,0.922,NaN,-0.164,-0.085,0.983,0.032,0,0,0.516,3.29,6.373,0.871,0.4579161,0
175844,1.00000113137002e+18,63875741922256,0.033,1.44,-0.019,0.054,-0.023,-0.007,0.998,NaN,-0.129,-0.102,0.986,0,0,0,64.325,NaN,-0.027,-0.103,0.994,-0.032,0,0,0.538,3.451,6.415,0.919,NaN,-0.152,-0.102,0.983,0.032,0,0,0.516,3.288,6.373,0.872,0.5054686,0
175845,1.00000113137503e+18,63875741922267,0.033,1.44,-0.019,0.054,-0.023,-0.007,0.998,NaN,-0.102,-0.121,0.987,0,0,0,64.325,NaN,-0.02,-0.121,0.992,-0.032,0,0,0.538,3.452,6.415,0.915,NaN,-0.134,-0.12,0.984,0.032,0,0,0.515,3.284,6.373,0.872,0.5560988,0
175846,1.00000113138003e+18,63875741922267,0.033,1.44,-0.019,0.054,-0.023,-0.007,0.998,NaN,-0.073,-0.141,0.987,0,0,0,64.325,NaN,-0.009,-0.142,0.99,-0.032,0,0,0.541,3.468,6.415,0.91,NaN,-0.114,-0.141,0.983,0.032,0,0,0.514,3.277,6.373,0.873,0.6084955,0
175847,1.00000113138504e+18,63875741922278,0.033,1.44,-0.019,0.054,-0.024,-0.007,0.998,NaN,-0.048,-0.172,0.984,0,0,0,64.325,NaN,0.014,-0.172,0.985,-0.032,0,0,0.542,3.475,6.415,0.905,NaN,-0.095,-0.171,0.981,0.032,0,0,0.512,3.266,6.373,0.874,0.5849487,0
175848,1.00000113139005e+18,63875741922278,0.033,1.44,-0.019,0.054,-0.024,-0.007,0.998,NaN,-0.03,-0.196,0.98,0,0,0,64.325,NaN,0.035,-0.196,0.98,-0.032,0,0,0.543,3.484,6.415,0.9,NaN,-0.08,-0.196,0.977,0.032,0,0,0.511,3.257,6.373,0.875,0.5581183,0
175849,1.00000113139505e+18,63875741922290,0.033,1.44,-0.019,0.054,-0.024,-0.007,0.998,NaN,-0.004,-0.208,0.978,0,0,0,64.325,NaN,0.052,-0.208,0.977,-0.032,0,0,0.543,3.485,6.415,0.896,NaN,-0.07,-0.208,0.976,0.032,0,0,0.51,3.253,6.373,0.875,0.5237978,0
175850,1.00000113140006e+18,63875741922290,0.033,1.44,-0.019,0.054,-0.024,-0.007,0.998,NaN,0.013,-0.217,0.976,0,0,0,64.325,NaN,0.065,-0.216,0.974,-0.032,0,0,0.543,3.484,6.415,0.892,NaN,-0.063,-0.216,0.974,0.032,0,0,0.51,3.252,6.373,0.876,0.4995828,0
175851,1.00000113140507e+18,63875741922301,0.033,1.44,-0.019,0.054,-0.024,-0.007,0.998,NaN,0.024,-0.223,0.974,0,0,0,64.325,NaN,0.074,-0.223,0.972,-0.032,0,0,0.542,3.478,6.415,0.888,NaN,-0.058,-0.223,0.973,0.032,0,0,0.51,3.251,6.373,0.876,0.4844924,0
175852,1.00000113141008e+18,63875741922301,0.033,1.44,-0.019,0.054,-0.024,-0.007,0.998,NaN,0.03,-0.228,0.973,0,0,0,64.325,NaN,0.079,-0.227,0.971,-0.032,0,0,0.542,3.477,6.415,0.885,NaN,-0.055,-0.228,0.972,0.032,0,0,0.51,3.251,6.373,0.876,0.4777199,0
175853,1.00000113141513e+18,63875741922301,0.033,1.44,-0.019,0.054,-0.024,-0.007,0.998,NaN,0.034,-0.231,0.972,0,0,0,64.325,NaN,0.083,-0.231,0.97,-0.032,0,0,0.542,3.477,6.415,0.882,NaN,-0.052,-0.231,0.972,0.032,0,0,0.51,3.251,6.373,0.877,0.4741641,0
175854,1.00000113142012e+18,63875741922312,0.033,1.44,-0.019,0.053,-0.024,-0.007,0.998,NaN,0.036,-0.234,0.972,0,0,0,64.325,NaN,0.085,-0.233,0.969,-0.032,0,0,0.542,3.476,6.415,0.88,NaN,-0.051,-0.233,0.971,0.032,0,0,0.51,3.251,6.373,0.877,0.4723682,0
175855,1.00000113142513e+18,63875741922323,0.033,1.44,-0.019,0.053,-0.024,-0.007,0.998,NaN,0.038,-0.235,0.971,0,0,0,64.325,NaN,0.086,-0.234,0.968,-0.032,0,0,0.542,3.476,6.415,0.878,NaN,-0.05,-0.235,0.971,0.032,0,0,0.51,3.251,6.373,0.877,0.4714284,0
175856,1.00000113143013e+18,63875741922323,0.033,1.44,-0.019,0.053,-0.024,-0.007,0.998,NaN,0.038,-0.236,0.971,0,0,0,64.325,NaN,0.087,-0.236,0.968,-0.032,0,0,0.542,3.475,6.415,0.876,NaN,-0.049,-0.236,0.97,0.032,0,0,0.51,3.251,6.373,0.877,0.4708755,0
175857,1.00000113143518e+18,63875741922323,0.033,1.44,-0.019,0.053,-0.024,-0.007,0.998,NaN,0.038,-0.237,0.971,0,0,0,64.325,NaN,0.087,-0.236,0.968,-0.032,0,0,0.541,3.474,6.415,0.874,NaN,-0.049,-0.237,0.97,0.032,0,0,0.51,3.251,6.373,0.878,0.471025,0
175858,1.00000113144018e+18,63875741922334,0.033,1.44,-0.019,0.053,-0.024,-0.007,0.998,NaN,0.039,-0.237,0.971,0,0,0,64.325,NaN,0.087,-0.236,0.968,-0.032,0,0,0.541,3.473,6.415,0.872,NaN,-0.049,-0.237,0.97,0.032,0,0,0.51,3.252,6.373,0.878,0.4687716,0
175859,1.0000011314452e+18,63875741922334,0.033,1.44,-0.019,0.053,-0.024,-0.007,0.998,NaN,0.039,-0.237,0.971,0,0,0,64.325,NaN,0.087,-0.236,0.968,-0.032,0,0,0.541,3.472,6.415,0.871,NaN,-0.05,-0.237,0.97,0.032,0,0,0.511,3.254,6.373,0.878,0.4678511,0
175860,1.0000011314502e+18,63875741922345,0.033,1.44,-0.019,0.053,-0.025,-0.007,0.998,NaN,0.039,-0.237,0.971,0,0,0,64.325,NaN,0.087,-0.236,0.968,-0.032,0,0,0.541,3.471,6.415,0.87,NaN,-0.05,-0.237,0.97,0.032,0,0,0.511,3.258,6.373,0.878,0.4680805,0
175861,1.00000113145521e+18,63875741922345,0.033,1.44,-0.019,0.053,-0.025,-0.007,0.998,NaN,0.039,-0.237,0.971,0,0,0,64.325,NaN,0.086,-0.236,0.968,-0.032,0,0,0.541,3.471,6.415,0.869,NaN,-0.05,-0.236,0.97,0.032,0,0,0.512,3.263,6.373,0.878,0.4688368,0
175862,1.00000113146021e+18,63875741922345,0.033,1.44,-0.019,0.053,-0.025,-0.007,0.998,NaN,0.039,-0.236,0.971,0,0,0,64.325,NaN,0.086,-0.236,0.968,-0.032,0,0,0.541,3.472,6.415,0.868,NaN,-0.05,-0.236,0.97,0.032,0,0,0.513,3.269,6.373,0.879,0.4701023,0
175863,1.00000113146528e+18,63875741922357,0.033,1.44,-0.019,0.053,-0.025,-0.007,0.998,NaN,0.038,-0.237,0.971,0,0,0,64.325,NaN,0.085,-0.236,0.968,-0.032,0,0,0.541,3.472,6.415,0.867,NaN,-0.05,-0.236,0.97,0.032,0,0,0.513,3.271,6.373,0.879,0.4737005,0
175864,1.00000113147029e+18,63875741922357,0.033,1.44,-0.019,0.053,-0.025,-0.007,0.998,NaN,0.038,-0.237,0.971,0,0,0,64.325,NaN,0.085,-0.236,0.968,-0.032,0,0,0.541,3.473,6.415,0.866,NaN,-0.05,-0.236,0.97,0.032,0,0,0.514,3.273,6.373,0.879,0.4745447,0
175865,1.00000113147529e+18,63875741922368,0.033,1.44,-0.019,0.053,-0.025,-0.007,0.998,NaN,0.038,-0.237,0.971,0,0,0,64.325,NaN,0.085,-0.236,0.968,-0.032,0,0,0.541,3.474,6.415,0.866,NaN,-0.049,-0.237,0.97,0.032,0,0,0.514,3.274,6.373,0.879,0.4777415,0
175866,1.00000113148027e+18,63875741922368,0.033,1.44,-0.019,0.053,-0.025,-0.007,0.998,NaN,0.037,-0.237,0.971,0,0,0,64.325,NaN,0.084,-0.236,0.968,-0.032,0,0,0.542,3.477,6.415,0.865,NaN,-0.05,-0.237,0.97,0.032,0,0,0.514,3.274,6.373,0.879,0.4790761,0.1347894
175867,1.00000113148528e+18,63875741922379,0.033,1.44,-0.019,0.053,-0.025,-0.007,0.998,NaN,0.037,-0.237,0.971,0,0,0,64.325,NaN,0.084,-0.236,0.968,-0.032,0,0,0.542,3.479,6.415,0.865,NaN,-0.05,-0.237,0.97,0.032,0,0,0.514,3.275,6.373,0.879,0.4803581,0.2682099
175868,1.00000113149032e+18,63875741922379,0.033,1.44,-0.019,0.053,-0.025,-0.007,0.998,NaN,0.037,-0.237,0.971,0,0,0,64.325,NaN,0.083,-0.236,0.968,-0.032,0,0,0.543,3.482,6.415,0.864,NaN,-0.05,-0.237,0.97,0.032,0,0,0.514,3.278,6.373,0.88,0.48167,0.7890624
175869,1.00000113149532e+18,63875741922390,0.033,1.44,-0.019,0.053,-0.025,-0.007,0.998,NaN,0.037,-0.237,0.971,0,0,0,64.325,NaN,0.083,-0.236,0.968,-0.032,0,0,0.543,3.483,6.415,0.864,NaN,-0.05,-0.237,0.97,0.032,0,0,0.515,3.28,6.373,0.88,0.4828049,0.8366637
175870,1.00000113150037e+18,63875741922390,0.033,1.44,-0.019,0.053,-0.025,-0.007,0.998,NaN,0.037,-0.237,0.971,0,0,0,64.325,NaN,0.083,-0.236,0.968,-0.032,0,0,0.543,3.485,6.415,0.863,NaN,-0.049,-0.237,0.97,0.032,0,0,0.515,3.283,6.373,0.88,0.4840662,0.8668724
175871,1.00000113150537e+18,63875741922401,0.033,1.44,-0.019,0.053,-0.025,-0.006,0.998,NaN,0.037,-0.237,0.971,0,0,0,64.325,NaN,0.083,-0.237,0.968,-0.032,0,0,0.543,3.486,6.415,0.863,NaN,-0.049,-0.237,0.97,0.032,0,0,0.516,3.285,6.373,0.88,0.4852089,0.8843116
175872,1.00000113151037e+18,63875741922401,0.033,1.44,-0.019,0.053,-0.025,-0.006,0.998,NaN,0.037,-0.237,0.971,0,0,0,64.325,NaN,0.083,-0.237,0.968,-0.032,0,0,0.544,3.487,6.415,0.862,NaN,-0.049,-0.237,0.97,0.032,0,0,0.516,3.287,6.373,0.881,0.4862218,0.8956929
175873,1.00000113151537e+18,63875741922401,0.033,1.44,-0.019,0.053,-0.025,-0.006,0.998,NaN,0.037,-0.237,0.971,0,0,0,64.325,NaN,0.082,-0.237,0.968,-0.032,0,0,0.545,3.499,6.415,0.862,NaN,-0.049,-0.237,0.97,0.032,0,0,0.516,3.289,6.373,0.881,0.4876457,0.8768152
175874,1.00000113152038e+18,63875741922412,0.033,1.44,-0.019,0.053,-0.025,-0.006,0.998,NaN,0.037,-0.237,0.971,0,0,0,64.325,NaN,0.082,-0.237,0.968,-0.032,0,0,0.546,3.504,6.415,0.862,NaN,-0.049,-0.237,0.97,0.032,0,0,0.516,3.29,6.373,0.881,0.4890901,0.875018
175875,1.00000113152539e+18,63875741922412,0.033,1.44,-0.019,0.053,-0.025,-0.006,0.998,NaN,0.034,-0.24,0.97,0,0,0,64.325,NaN,0.081,-0.239,0.968,-0.032,0,0,0.546,3.506,6.415,0.861,NaN,-0.049,-0.239,0.97,0.032,0,0,0.517,3.292,6.373,0.881,0.4935085,0.4324152
175876,1.00000113153041e+18,63875741922423,0.033,1.44,-0.019,0.053,-0.026,-0.006,0.998,NaN,0.033,-0.242,0.97,0,0,0,64.325,NaN,0.08,-0.241,0.967,-0.032,0,0,0.546,3.505,6.415,0.861,NaN,-0.049,-0.242,0.969,0.032,0,0,0.517,3.294,6.373,0.881,0.4968951,0.4314547
175877,1.00000113153539e+18,63875741922423,0.033,1.44,-0.019,0.053,-0.026,-0.006,0.998,NaN,0.032,-0.244,0.969,0,0,0,64.325,NaN,0.08,-0.243,0.967,-0.032,0,0,0.546,3.503,6.415,0.861,NaN,-0.048,-0.244,0.969,0.032,0,0,0.517,3.296,6.373,0.881,0.4994839,0.4693965
175878,1.00000113154041e+18,63875741922434,0.033,1.44,-0.019,0.053,-0.026,-0.006,0.998,NaN,0.032,-0.243,0.969,0,0,0,64.325,NaN,0.08,-0.243,0.967,-0.032,0,0,0.546,3.501,6.415,0.86,NaN,-0.048,-0.243,0.969,0.032,0,0,0.517,3.298,6.373,0.882,0.5000873,0.03852894
175879,1.00000113154598e+18,63875741922434,0.033,1.44,-0.019,0.053,-0.026,-0.006,0.998,NaN,0.033,-0.243,0.97,0,0,0,64.325,NaN,0.08,-0.242,0.967,-0.032,0,0,0.546,3.5,6.415,0.86,NaN,-0.048,-0.242,0.969,0.032,0,0,0.518,3.3,6.373,0.882,0.5008262,0.0477224
175880,1.000001131551e+18,63875741922445,0.033,1.44,-0.019,0.053,-0.026,-0.006,0.998,NaN,0.031,-0.244,0.969,0,0,0,64.325,NaN,0.079,-0.244,0.967,-0.032,0,0,0.545,3.499,6.415,0.86,NaN,-0.048,-0.244,0.969,0.032,0,0,0.518,3.302,6.373,0.882,0.5034532,0
175881,1.00000113155602e+18,63875741922445,0.033,1.44,-0.019,0.053,-0.026,-0.006,0.998,NaN,0.03,-0.246,0.969,0,0,0,64.325,NaN,0.079,-0.246,0.966,-0.032,0,0,0.545,3.499,6.415,0.859,NaN,-0.048,-0.246,0.968,0.032,0,0,0.519,3.305,6.373,0.882,0.5066417,0
175882,1.00000113156103e+18,63875741922445,0.033,1.44,-0.019,0.053,-0.026,-0.006,0.998,NaN,0.028,-0.248,0.968,0,0,0,64.325,NaN,0.078,-0.247,0.966,-0.032,0,0,0.545,3.498,6.415,0.859,NaN,-0.048,-0.248,0.968,0.032,0,0,0.519,3.307,6.373,0.882,0.5099932,0
175883,1.00000113156552e+18,63875741922456,0.033,1.44,-0.019,0.053,-0.026,-0.006,0.998,NaN,0.026,-0.249,0.968,0,0,0,64.325,NaN,0.077,-0.249,0.966,-0.032,0,0,0.545,3.496,6.415,0.859,NaN,-0.047,-0.249,0.967,0.032,0,0,0.519,3.309,6.373,0.882,0.5137502,0
175884,1.00000113157053e+18,63875741922456,0.033,1.44,-0.019,0.053,-0.026,-0.006,0.998,NaN,0.024,-0.25,0.968,0,0,0,64.325,NaN,0.077,-0.25,0.965,-0.032,0,0,0.545,3.495,6.415,0.858,NaN,-0.047,-0.25,0.967,0.032,0,0,0.52,3.312,6.373,0.883,0.5157121,0
175885,1.00000113157548e+18,63875741922467,0.033,1.44,-0.019,0.053,-0.026,-0.006,0.998,NaN,0.022,-0.252,0.968,0,0,0,64.325,NaN,0.076,-0.251,0.965,-0.032,0,0,0.545,3.495,6.415,0.858,NaN,-0.047,-0.251,0.967,0.032,0,0,0.52,3.315,6.373,0.883,0.5196525,0
175886,1.0000011315805e+18,63875741922467,0.033,1.44,-0.019,0.053,-0.026,-0.006,0.998,NaN,0.021,-0.253,0.967,0,0,0,64.325,NaN,0.076,-0.252,0.965,-0.032,0,0,0.545,3.496,6.415,0.858,NaN,-0.047,-0.252,0.966,0.032,0,0,0.521,3.317,6.373,0.883,0.5237215,0
175887,1.00000113158551e+18,63875741922478,0.033,1.44,-0.019,0.053,-0.026,-0.006,0.998,NaN,0.019,-0.253,0.967,0,0,0,64.325,NaN,0.075,-0.253,0.965,-0.032,0,0,0.545,3.499,6.415,0.858,NaN,-0.046,-0.253,0.966,0.032,0,0,0.521,3.32,6.373,0.883,0.5255617,0
175888,1.00000113159058e+18,63875741922478,0.033,1.44,-0.019,0.053,-0.026,-0.006,0.998,NaN,0.017,-0.254,0.967,0,0,0,64.325,NaN,0.075,-0.253,0.964,-0.032,0,0,0.546,3.504,6.415,0.857,NaN,-0.046,-0.254,0.966,0.032,0,0,0.521,3.322,6.373,0.883,0.527442,0
175889,1.0000011315956e+18,63875741922490,0.033,1.44,-0.019,0.053,-0.025,-0.006,0.998,NaN,0.016,-0.255,0.967,0,0,0,64.325,NaN,0.075,-0.254,0.964,-0.032,0,0,0.547,3.507,6.415,0.857,NaN,-0.046,-0.254,0.966,0.032,0,0,0.522,3.326,6.373,0.884,0.5292234,0
175890,1.00000113160061e+18,63875741922490,0.033,1.44,-0.019,0.053,-0.025,-0.006,0.998,NaN,0.014,-0.255,0.967,0,0,0,64.325,NaN,0.075,-0.254,0.964,-0.032,0,0,0.547,3.512,6.415,0.857,NaN,-0.046,-0.255,0.966,0.032,0,0,0.522,3.329,6.373,0.884,0.5309792,0
175891,1.0000011316056e+18,63875741922501,0.033,1.44,-0.019,0.053,-0.025,-0.006,0.998,NaN,0.013,-0.256,0.967,0,0,0,64.325,NaN,0.075,-0.255,0.964,-0.032,0,0,0.548,3.518,6.415,0.857,NaN,-0.045,-0.255,0.966,0.032,0,0,0.523,3.331,6.373,0.884,0.5327268,0
175892,1.00000113161062e+18,63875741922501,0.033,1.44,-0.019,0.053,-0.025,-0.006,0.998,NaN,0.011,-0.256,0.967,0,0,0,64.325,NaN,0.074,-0.256,0.964,-0.032,0,0,0.549,3.523,6.415,0.856,NaN,-0.045,-0.256,0.966,0.032,0,0,0.523,3.333,6.373,0.884,0.5371889,0
175893,1.00000113161563e+18,63875741922501,0.033,1.44,-0.019,0.053,-0.025,-0.006,0.998,NaN,0.009,-0.257,0.966,0,0,0,64.325,NaN,0.074,-0.256,0.964,-0.032,0,0,0.549,3.524,6.415,0.856,NaN,-0.045,-0.257,0.965,0.032,0,0,0.523,3.335,6.373,0.884,0.5411183,0
175894,1.00000113162065e+18,63875741922512,0.033,1.44,-0.019,0.053,-0.025,-0.006,0.998,NaN,0.009,-0.257,0.966,0,0,0,64.325,NaN,0.074,-0.257,0.964,-0.032,0,0,0.549,3.525,6.415,0.856,NaN,-0.045,-0.257,0.965,0.032,0,0,0.524,3.338,6.373,0.884,0.5419585,0
175895,1.00000113162566e+18,63875741922512,0.033,1.44,-0.019,0.053,-0.025,-0.006,0.998,NaN,0.009,-0.257,0.966,0,0,0,64.325,NaN,0.074,-0.257,0.964,-0.032,0,0,0.55,3.526,6.415,0.856,NaN,-0.044,-0.257,0.965,0.032,0,0,0.524,3.341,6.373,0.884,0.5424899,0
175896,1.00000113163068e+18,63875741922523,0.033,1.44,-0.019,0.054,-0.025,-0.006,0.998,NaN,0.009,-0.257,0.966,0,0,0,64.325,NaN,0.074,-0.257,0.964,-0.032,0,0,0.55,3.527,6.415,0.855,NaN,-0.044,-0.257,0.965,0.032,0,0,0.525,3.344,6.373,0.884,0.5430603,0
175897,1.00000113163569e+18,63875741922523,0.033,1.44,-0.019,0.054,-0.025,-0.006,0.998,NaN,0.008,-0.258,0.966,0,0,0,64.325,NaN,0.074,-0.257,0.964,-0.032,0,0,0.55,3.531,6.415,0.855,NaN,-0.044,-0.258,0.965,0.032,0,0,0.525,3.346,6.373,0.884,0.5465162,0.06133572
175898,1.0000011316407e+18,63875741922535,0.033,1.44,-0.02,0.053,-0.025,-0.006,0.998,NaN,0.004,-0.256,0.967,0,0,0,64.325,NaN,0.065,-0.256,0.965,-0.032,0,0,0.552,3.542,6.415,0.855,NaN,-0.043,-0.256,0.966,0.032,0,0,0.526,3.351,6.373,0.884,0.5919522,0
175899,1.00000113164572e+18,63875741922535,0.033,1.44,-0.02,0.053,-0.025,-0.006,0.998,NaN,0.005,-0.256,0.967,0,0,0,64.325,NaN,0.066,-0.256,0.964,-0.032,0,0,0.553,3.55,6.415,0.854,NaN,-0.043,-0.256,0.966,0.032,0,0,0.526,3.355,6.373,0.884,0.5868258,0
175900,1.00000113165073e+18,63875741922546,0.033,1.44,-0.02,0.054,-0.025,-0.006,0.998,NaN,0.002,-0.255,0.967,0,0,0,64.325,NaN,0.056,-0.255,0.965,-0.032,0,0,0.557,3.573,6.415,0.854,NaN,-0.043,-0.255,0.966,0.032,0,0,0.527,3.36,6.373,0.885,0.6469816,0
175901,1.00000113165578e+18,63875741922546,0.033,1.44,-0.02,0.054,-0.025,-0.006,0.998,NaN,0.003,-0.256,0.967,0,0,0,64.325,NaN,0.059,-0.255,0.965,-0.032,0,0,0.559,3.587,6.415,0.854,NaN,-0.042,-0.255,0.966,0.032,0,0,0.528,3.364,6.373,0.884,0.6326224,0
175902,1.00000113166082e+18,63875741922546,0.033,1.44,-0.02,0.054,-0.025,-0.006,0.998,NaN,0,-0.255,0.967,0,0,0,64.325,NaN,0.05,-0.255,0.966,-0.032,0,0,0.562,3.603,6.415,0.853,NaN,-0.042,-0.255,0.966,0.032,0,0,0.528,3.368,6.373,0.884,0.6974116,0
175903,1.00000113166585e+18,63875741922557,0.033,1.44,-0.02,0.053,-0.025,-0.006,0.998,NaN,-0.002,-0.254,0.967,0,0,0,64.325,NaN,0.041,-0.254,0.966,-0.032,0,0,0.563,3.61,6.415,0.853,NaN,-0.042,-0.254,0.966,0.032,0,0,0.529,3.371,6.373,0.884,0.7701341,0
175904,1.00000113167087e+18,63875741922557,0.033,1.44,-0.02,0.053,-0.025,-0.006,0.998,NaN,-0.004,-0.253,0.967,0,0,0,64.325,NaN,0.034,-0.253,0.967,-0.032,0,0,0.564,3.621,6.415,0.852,NaN,-0.042,-0.253,0.967,0.032,0,0,0.53,3.375,6.373,0.884,0.8464729,0
175905,1.00000113167576e+18,63875741922568,0.033,1.44,-0.019,0.053,-0.025,-0.006,0.998,NaN,-0.006,-0.252,0.968,0,0,0,64.325,NaN,0.028,-0.252,0.967,-0.032,0,0,0.566,3.628,6.415,0.851,NaN,-0.041,-0.252,0.967,0.032,0,0,0.53,3.379,6.373,0.884,0.9198484,0
175906,1.00000113168078e+18,63875741922568,0.033,1.44,-0.019,0.053,-0.025,-0.006,0.998,NaN,-0.007,-0.251,0.968,0,0,0,64.325,NaN,0.024,-0.251,0.968,-0.032,0,0,0.568,3.642,6.415,0.851,NaN,-0.041,-0.251,0.967,0.032,0,0,0.531,3.383,6.373,0.884,0.9882963,0
175907,1.00000113168581e+18,63875741922579,0.033,1.44,-0.02,0.053,-0.025,-0.005,0.998,NaN,-0.009,-0.25,0.968,0,0,0,64.325,NaN,0.02,-0.25,0.968,-0.032,0,0,0.569,3.649,6.415,0.85,NaN,-0.041,-0.25,0.967,0.032,0,0,0.532,3.387,6.373,0.884,1.050755,0
175908,1.00000113169084e+18,63875741922579,0.033,1.44,-0.02,0.053,-0.025,-0.005,0.998,NaN,-0.007,-0.246,0.969,0,0,0,64.325,NaN,0.022,-0.245,0.969,-0.032,0,0,0.57,3.659,6.415,0.849,NaN,-0.041,-0.245,0.969,0.032,0,0,0.532,3.39,6.373,0.884,1.014374,0
175909,1.00000113169587e+18,63875741922590,0.033,1.44,-0.02,0.053,-0.026,-0.005,0.998,NaN,-0.01,-0.245,0.97,0,0,0,64.325,NaN,0.015,-0.245,0.97,-0.032,0,0,0.572,3.673,6.415,0.848,NaN,-0.041,-0.244,0.969,0.032,0,0,0.533,3.399,6.373,0.884,1.148474,0
175910,1.00000113170089e+18,63875741922590,0.033,1.44,-0.02,0.053,-0.026,-0.005,0.998,NaN,-0.007,-0.242,0.97,0,0,0,64.325,NaN,0.019,-0.242,0.97,-0.032,0,0,0.577,3.703,6.415,0.846,NaN,-0.04,-0.241,0.97,0.032,0,0,0.537,3.423,6.373,0.883,1.088232,0
175911,1.00000113170592e+18,63875741922602,0.033,1.44,-0.02,0.053,-0.026,-0.005,0.998,NaN,-0.005,-0.242,0.97,0,0,0,64.325,NaN,0.028,-0.242,0.97,-0.032,0,0,0.578,3.711,6.415,0.847,NaN,-0.034,-0.242,0.97,0.032,0,0,0.54,3.44,6.373,0.883,1.03502,0
175912,1.00000113171095e+18,63875741922602,0.033,1.44,-0.02,0.053,-0.026,-0.005,0.998,NaN,0.007,-0.244,0.97,0,0,0,64.325,NaN,0.031,-0.244,0.969,-0.032,0,0,0.578,3.71,6.415,0.848,NaN,-0.014,-0.244,0.97,0.032,0,0,0.542,3.453,6.373,0.881,2,0
175913,1.00000113171597e+18,63875741922602,0.033,1.44,-0.02,0.053,-0.026,-0.005,0.998,NaN,0.035,-0.245,0.969,0,0,0,64.325,NaN,0.051,-0.245,0.968,-0.032,0,0,0.581,3.725,6.415,0.847,NaN,0.016,-0.246,0.969,0.032,0,0,0.543,3.459,6.373,0.88,2,0
175914,1.000001131721e+18,63875741922613,0.033,1.44,-0.02,0.053,-0.026,-0.005,0.998,NaN,0.072,-0.246,0.967,0,0,0,64.325,NaN,0.086,-0.246,0.966,-0.032,0,0,0.578,3.709,6.415,0.847,NaN,0.047,-0.246,0.968,0.032,0,0,0.543,3.46,6.373,0.878,2,0
175915,1.00000113172603e+18,63875741922613,0.033,1.44,-0.02,0.053,-0.026,-0.005,0.998,NaN,0.105,-0.246,0.964,0,0,0,64.325,NaN,0.127,-0.246,0.961,-0.032,0,0,0.578,3.706,6.415,0.845,NaN,0.074,-0.247,0.966,0.032,0,0,0.543,3.462,6.373,0.876,1.190851,0
175916,1.00000113173093e+18,63875741922623,0.033,1.44,-0.02,0.053,-0.026,-0.005,0.998,NaN,0.135,-0.247,0.96,0,0,0,64.325,NaN,0.163,-0.246,0.956,-0.032,0,0,0.578,3.707,6.415,0.843,NaN,0.098,-0.248,0.964,0.032,0,0,0.543,3.463,6.373,0.873,0.9708684,0
175917,1.00000113173592e+18,63875741922623,0.033,1.44,-0.02,0.053,-0.026,-0.005,0.998,NaN,0.161,-0.249,0.955,0,0,0,64.325,NaN,0.195,-0.247,0.949,-0.032,0,0,0.577,3.704,6.415,0.841,NaN,0.121,-0.25,0.961,0.032,0,0,0.544,3.465,6.373,0.867,0.8556606,0
175918,1.00000113174095e+18,63875741922634,0.033,1.44,-0.02,0.053,-0.026,-0.005,0.998,NaN,0.18,-0.251,0.951,0,0,0,64.325,NaN,0.217,-0.249,0.944,-0.032,0,0,0.576,3.697,6.415,0.838,NaN,0.139,-0.253,0.957,0.032,0,0,0.545,3.473,6.373,0.862,0.8016084,0
175919,1.00000113174597e+18,63875741922634,0.033,1.44,-0.02,0.053,-0.026,-0.005,0.998,NaN,0.192,-0.254,0.948,0,0,0,64.325,NaN,0.23,-0.252,0.94,-0.032,0,0,0.576,3.693,6.415,0.836,NaN,0.151,-0.256,0.955,0.032,0,0,0.546,3.477,6.373,0.856,0.7798998,0
175920,1.00000113175095e+18,63875741922645,0.033,1.44,-0.02,0.053,-0.027,-0.004,0.998,NaN,0.201,-0.257,0.945,0,0,0,64.325,NaN,0.24,-0.255,0.937,-0.032,0,0,0.575,3.689,6.415,0.834,NaN,0.16,-0.259,0.953,0.032,0,0,0.546,3.478,6.373,0.852,0.7699749,0
175921,1.00000113175595e+18,63875741922645,0.033,1.44,-0.02,0.053,-0.027,-0.004,0.998,NaN,0.206,-0.26,0.943,0,0,0,64.325,NaN,0.246,-0.257,0.935,-0.032,0,0,0.575,3.687,6.415,0.832,NaN,0.165,-0.262,0.951,0.032,0,0,0.546,3.478,6.373,0.848,0.7634319,0
175922,1.00000113176095e+18,63875741922656,0.033,1.44,-0.02,0.053,-0.027,-0.004,0.998,NaN,0.21,-0.262,0.942,0,0,0,64.325,NaN,0.25,-0.26,0.933,-0.032,0,0,0.574,3.684,6.415,0.831,NaN,0.169,-0.265,0.949,0.032,0,0,0.546,3.479,6.373,0.844,0.7608113,0
175923,1.00000113176597e+18,63875741922656,0.033,1.44,-0.02,0.053,-0.027,-0.004,0.998,NaN,0.213,-0.265,0.941,0,0,0,64.325,NaN,0.252,-0.262,0.932,-0.032,0,0,0.574,3.684,6.415,0.83,NaN,0.172,-0.267,0.948,0.032,0,0,0.546,3.479,6.373,0.842,0.7643983,0
175924,1.00000113177099e+18,63875741922656,0.033,1.44,-0.02,0.053,-0.027,-0.004,0.998,NaN,0.214,-0.267,0.94,0,0,0,64.325,NaN,0.254,-0.264,0.931,-0.032,0,0,0.574,3.682,6.415,0.829,NaN,0.174,-0.269,0.947,0.032,0,0,0.546,3.479,6.373,0.839,0.7659143,0
175925,1.00000113177601e+18,63875741922668,0.033,1.44,-0.02,0.053,-0.028,-0.004,0.998,NaN,0.215,-0.269,0.939,0,0,0,64.325,NaN,0.254,-0.266,0.93,-0.032,0,0,0.574,3.681,6.415,0.828,NaN,0.175,-0.271,0.947,0.032,0,0,0.546,3.48,6.373,0.838,0.7705846,0
175926,1.00000113178102e+18,63875741922678,0.033,1.44,-0.02,0.053,-0.028,-0.004,0.998,NaN,0.216,-0.27,0.938,0,0,0,64.325,NaN,0.255,-0.268,0.929,-0.032,0,0,0.574,3.679,6.415,0.827,NaN,0.176,-0.272,0.946,0.032,0,0,0.546,3.482,6.373,0.836,0.7750326,0
175927,1.00000113178604e+18,63875741922678,0.033,1.44,-0.02,0.053,-0.028,-0.004,0.998,NaN,0.213,-0.273,0.938,0,0,0,64.325,NaN,0.253,-0.271,0.929,-0.032,0,0,0.573,3.678,6.415,0.827,NaN,0.177,-0.275,0.945,0.032,0,0,0.547,3.484,6.373,0.835,0.7972986,0
175928,1.00000113179106e+18,63875741922678,0.033,1.44,-0.02,0.053,-0.028,-0.004,0.998,NaN,0.211,-0.276,0.938,0,0,0,64.325,NaN,0.252,-0.273,0.928,-0.032,0,0,0.573,3.676,6.415,0.826,NaN,0.177,-0.278,0.944,0.032,0,0,0.547,3.487,6.373,0.834,0.8160133,0
175929,1.00000113179606e+18,63875741922689,0.033,1.441,-0.02,0.053,-0.029,-0.004,0.998,NaN,0.21,-0.279,0.937,0,0,0,64.325,NaN,0.251,-0.276,0.928,-0.032,0,0,0.572,3.671,6.415,0.826,NaN,0.177,-0.28,0.943,0.032,0,0,0.548,3.49,6.373,0.833,0.8299021,0
175930,1.00000113180108e+18,63875741922689,0.033,1.441,-0.02,0.053,-0.029,-0.004,0.998,NaN,0.209,-0.281,0.937,0,0,0,64.325,NaN,0.25,-0.278,0.928,-0.032,0,0,0.571,3.665,6.415,0.825,NaN,0.177,-0.282,0.943,0.032,0,0,0.548,3.493,6.373,0.833,0.8408661,0
175931,1.0000011318061e+18,63875741922700,0.033,1.441,-0.02,0.053,-0.029,-0.004,0.998,NaN,0.211,-0.283,0.936,0,0,0,64.325,NaN,0.249,-0.281,0.927,-0.032,0,0,0.57,3.657,6.415,0.825,NaN,0.18,-0.285,0.941,0.032,0,0,0.549,3.496,6.373,0.832,0.8947071,0
175932,1.00000113181111e+18,63875741922700,0.033,1.441,-0.02,0.053,-0.029,-0.004,0.998,NaN,0.212,-0.286,0.934,0,0,0,64.325,NaN,0.248,-0.283,0.926,-0.032,0,0,0.569,3.653,6.415,0.825,NaN,0.183,-0.288,0.94,0.032,0,0,0.549,3.499,6.373,0.832,0.9382842,0
175933,1.00000113181607e+18,63875741922712,0.032,1.441,-0.02,0.053,-0.03,-0.004,0.998,NaN,0.214,-0.288,0.934,0,0,0,64.325,NaN,0.247,-0.285,0.926,-0.032,0,0,0.569,3.65,6.415,0.825,NaN,0.185,-0.289,0.939,0.032,0,0,0.55,3.503,6.373,0.832,0.9795623,0
175934,1.00000113182108e+18,63875741922712,0.032,1.441,-0.02,0.053,-0.03,-0.004,0.998,NaN,0.214,-0.289,0.933,0,0,0,64.325,NaN,0.246,-0.287,0.926,-0.032,0,0,0.569,3.648,6.415,0.824,NaN,0.186,-0.291,0.939,0.032,0,0,0.55,3.507,6.373,0.831,1.011723,0
175935,1.00000113182609e+18,63875741922712,0.032,1.441,-0.02,0.053,-0.03,-0.004,0.998,NaN,0.215,-0.29,0.933,0,0,0,64.325,NaN,0.246,-0.288,0.926,-0.032,0,0,0.569,3.647,6.415,0.824,NaN,0.187,-0.292,0.938,0.032,0,0,0.551,3.51,6.373,0.831,1.038214,0.1723936
175936,1.00000113183114e+18,63875741922723,0.032,1.441,-0.02,0.053,-0.03,-0.003,0.998,NaN,0.215,-0.291,0.932,0,0,0,64.325,NaN,0.245,-0.289,0.925,-0.032,0,0,0.569,3.647,6.415,0.824,NaN,0.187,-0.293,0.938,0.032,0,0,0.552,3.515,6.373,0.831,1.061909,0.4491703
175937,1.00000113183614e+18,63875741922723,0.032,1.441,-0.02,0.053,-0.03,-0.003,0.998,NaN,0.215,-0.292,0.932,0,0,0,64.325,NaN,0.245,-0.29,0.925,-0.032,0,0,0.569,3.647,6.415,0.824,NaN,0.188,-0.293,0.937,0.032,0,0,0.552,3.518,6.373,0.831,1.081057,0.5606392
175938,1.00000113184115e+18,63875741922734,0.032,1.441,-0.02,0.053,-0.031,-0.003,0.998,NaN,0.215,-0.292,0.932,0,0,0,64.325,NaN,0.244,-0.29,0.925,-0.032,0,0,0.569,3.647,6.415,0.824,NaN,0.189,-0.294,0.937,0.032,0,0,0.552,3.52,6.373,0.831,1.098023,0.5867739
175939,1.00000113184615e+18,63875741922734,0.032,1.441,-0.02,0.053,-0.031,-0.003,0.998,NaN,0.216,-0.292,0.932,0,0,0,64.325,NaN,0.244,-0.29,0.925,-0.032,0,0,0.569,3.651,6.415,0.824,NaN,0.189,-0.294,0.937,0.032,0,0,0.553,3.524,6.373,0.831,1.116156,0.6176151
175940,1.00000113185116e+18,63875741922745,0.032,1.441,-0.02,0.053,-0.031,-0.003,0.998,NaN,0.216,-0.292,0.932,0,0,0,64.325,NaN,0.243,-0.29,0.926,-0.032,0,0,0.57,3.655,6.415,0.824,NaN,0.189,-0.294,0.937,0.032,0,0,0.553,3.526,6.373,0.831,1.132461,0.633122
175941,1.00000113185619e+18,63875741922745,0.032,1.441,-0.02,0.053,-0.031,-0.003,0.998,NaN,0.215,-0.292,0.932,0,0,0,64.325,NaN,0.243,-0.29,0.926,-0.032,0,0,0.57,3.659,6.415,0.824,NaN,0.189,-0.294,0.937,0.032,0,0,0.554,3.528,6.373,0.831,1.146446,0.6471968
175942,1.0000011318612e+18,63875741922757,0.032,1.441,-0.02,0.053,-0.031,-0.003,0.998,NaN,0.215,-0.292,0.932,0,0,0,64.325,NaN,0.242,-0.29,0.926,-0.032,0,0,0.571,3.661,6.415,0.824,NaN,0.189,-0.294,0.937,0.032,0,0,0.554,3.53,6.373,0.831,1.156604,0.650297
175943,1.00000113186625e+18,63875741922757,0.032,1.441,-0.02,0.053,-0.031,-0.003,0.998,NaN,0.215,-0.293,0.932,0,0,0,64.325,NaN,0.242,-0.291,0.926,-0.032,0,0,0.571,3.662,6.415,0.824,NaN,0.19,-0.294,0.937,0.032,0,0,0.555,3.534,6.373,0.832,1.167369,0.6559023
175944,1.00000113187127e+18,63875741922757,0.032,1.441,-0.02,0.053,-0.031,-0.003,0.998,NaN,0.215,-0.293,0.932,0,0,0,64.325,NaN,0.242,-0.291,0.926,-0.032,0,0,0.571,3.663,6.415,0.825,NaN,0.19,-0.294,0.937,0.032,0,0,0.555,3.538,6.373,0.832,1.177035,0.65453
175945,1.0000011318763e+18,63875741922768,0.032,1.441,-0.02,0.053,-0.032,-0.003,0.998,NaN,0.215,-0.293,0.932,0,0,0,64.325,NaN,0.241,-0.291,0.926,-0.032,0,0,0.571,3.665,6.415,0.825,NaN,0.19,-0.295,0.937,0.032,0,0,0.556,3.541,6.373,0.832,1.186176,0.6561688
175946,1.00000113188132e+18,63875741922768,0.032,1.441,-0.02,0.053,-0.032,-0.003,0.998,NaN,0.215,-0.293,0.932,0,0,0,64.325,NaN,0.241,-0.291,0.926,-0.032,0,0,0.572,3.668,6.415,0.825,NaN,0.19,-0.295,0.937,0.032,0,0,0.556,3.544,6.373,0.832,1.193121,0.8628419
175947,1.00000113188634e+18,63875741922779,0.032,1.441,-0.02,0.053,-0.032,-0.003,0.998,NaN,0.215,-0.294,0.932,0,0,0,64.325,NaN,0.241,-0.292,0.926,-0.032,0,0,0.572,3.671,6.415,0.825,NaN,0.19,-0.295,0.936,0.032,0,0,0.556,3.546,6.373,0.832,2,0.8632524
175948,1.00000113189135e+18,63875741922779,0.032,1.441,-0.02,0.053,-0.032,-0.003,0.998,NaN,0.214,-0.294,0.931,0,0,0,64.325,NaN,0.24,-0.292,0.926,-0.032,0,0,0.573,3.673,6.415,0.825,NaN,0.19,-0.295,0.936,0.032,0,0,0.557,3.549,6.373,0.832,2,0.8710671
175949,1.00000113189638e+18,63875741922790,0.032,1.441,-0.02,0.053,-0.032,-0.003,0.998,NaN,0.215,-0.293,0.932,0,0,0,64.325,NaN,0.24,-0.291,0.926,-0.032,0,0,0.574,3.679,6.415,0.826,NaN,0.19,-0.295,0.937,0.032,0,0,0.557,3.552,6.373,0.833,2,0.7344528
175950,1.00000113190139e+18,63875741922790,0.032,1.441,-0.02,0.053,-0.032,-0.003,0.998,NaN,0.215,-0.293,0.932,0,0,0,64.325,NaN,0.241,-0.291,0.926,-0.032,0,0,0.575,3.688,6.415,0.826,NaN,0.19,-0.294,0.937,0.032,0,0,0.558,3.556,6.373,0.833,2,0.9455634
175951,1.00000113190641e+18,63875741922800,0.032,1.441,-0.02,0.053,-0.032,-0.003,0.998,NaN,0.215,-0.292,0.932,0,0,0,64.325,NaN,0.241,-0.29,0.926,-0.032,0,0,0.576,3.696,6.415,0.826,NaN,0.191,-0.294,0.937,0.032,0,0,0.559,3.559,6.373,0.833,2,0.9505171
175952,1.00000113191142e+18,63875741922800,0.032,1.441,-0.02,0.053,-0.032,-0.003,0.998,NaN,0.216,-0.292,0.932,0,0,0,64.325,NaN,0.241,-0.29,0.926,-0.032,0,0,0.577,3.704,6.415,0.827,NaN,0.191,-0.293,0.937,0.032,0,0,0.559,3.563,6.373,0.833,2,0.945955
175953,1.00000113191644e+18,63875741922812,0.032,1.441,-0.02,0.053,-0.032,-0.003,0.998,NaN,0.216,-0.291,0.932,0,0,0,64.325,NaN,0.241,-0.29,0.926,-0.032,0,0,0.579,3.712,6.415,0.827,NaN,0.191,-0.293,0.937,0.032,0,0,0.56,3.567,6.373,0.834,2,0.9469772
175954,1.00000113192146e+18,63875741922812,0.032,1.441,-0.02,0.053,-0.032,-0.003,0.998,NaN,0.216,-0.291,0.932,0,0,0,64.325,NaN,0.241,-0.289,0.927,-0.032,0,0,0.579,3.715,6.415,0.828,NaN,0.192,-0.292,0.937,0.032,0,0,0.56,3.569,6.373,0.834,2,0.9465758
175955,1.00000113192648e+18,63875741922813,0.032,1.441,-0.02,0.053,-0.032,-0.003,0.998,NaN,0.216,-0.291,0.932,0,0,0,64.325,NaN,0.241,-0.289,0.927,-0.032,0,0,0.58,3.718,6.415,0.828,NaN,0.192,-0.292,0.937,0.032,0,0,0.56,3.571,6.373,0.835,2,0.9498538
175956,1.00000113193146e+18,63875741922823,0.032,1.441,-0.02,0.053,-0.032,-0.004,0.998,NaN,0.216,-0.291,0.932,0,0,0,64.325,NaN,0.241,-0.289,0.927,-0.032,0,0,0.58,3.72,6.415,0.829,NaN,0.192,-0.292,0.937,0.032,0,0,0.561,3.573,6.373,0.835,2,0.9469247
175957,1.00000113193639e+18,63875741922823,0.032,1.441,-0.02,0.053,-0.032,-0.004,0.998,NaN,0.216,-0.29,0.932,0,0,0,64.325,NaN,0.241,-0.289,0.927,-0.032,0,0,0.581,3.726,6.415,0.829,NaN,0.192,-0.292,0.937,0.032,0,0,0.561,3.575,6.373,0.836,2,0.951682
175958,1.00000113194141e+18,63875741922834,0.032,1.441,-0.02,0.053,-0.032,-0.004,0.998,NaN,0.216,-0.29,0.932,0,0,0,64.325,NaN,0.241,-0.288,0.927,-0.032,0,0,0.581,3.729,6.415,0.83,NaN,0.191,-0.291,0.937,0.032,0,0,0.561,3.577,6.373,0.836,2,0.8374875
175959,1.00000113194644e+18,63875741922835,0.032,1.441,-0.02,0.053,-0.032,-0.004,0.998,NaN,0.216,-0.289,0.933,0,0,0,64.325,NaN,0.241,-0.288,0.927,-0.032,0,0,0.582,3.731,6.415,0.83,NaN,0.19,-0.291,0.938,0.032,0,0,0.562,3.58,6.373,0.836,2,0.8300711
175960,1.00000113195169e+18,63875741922845,0.032,1.441,-0.02,0.053,-0.032,-0.004,0.998,NaN,0.215,-0.289,0.933,0,0,0,64.325,NaN,0.241,-0.287,0.927,-0.032,0,0,0.582,3.736,6.415,0.831,NaN,0.19,-0.291,0.938,0.032,0,0,0.562,3.585,6.373,0.837,1.195754,0.8400304
175961,1.00000113195671e+18,63875741922845,0.032,1.441,-0.02,0.053,-0.032,-0.004,0.998,NaN,0.215,-0.289,0.933,0,0,0,64.325,NaN,0.241,-0.287,0.927,-0.032,0,0,0.583,3.741,6.415,0.831,NaN,0.19,-0.29,0.938,0.032,0,0,0.563,3.589,6.373,0.838,1.185546,0.8388067
175962,1.00000113196175e+18,63875741922856,0.033,1.441,-0.02,0.053,-0.032,-0.004,0.998,NaN,0.215,-0.288,0.933,0,0,0,64.325,NaN,0.241,-0.286,0.927,-0.032,0,0,0.584,3.75,6.415,0.832,NaN,0.189,-0.29,0.938,0.032,0,0,0.564,3.594,6.373,0.838,1.173265,0.8350093
175963,1.00000113196678e+18,63875741922857,0.033,1.441,-0.02,0.053,-0.032,-0.004,0.998,NaN,0.215,-0.288,0.933,0,0,0,64.325,NaN,0.241,-0.286,0.927,-0.032,0,0,0.585,3.754,6.415,0.832,NaN,0.189,-0.289,0.938,0.032,0,0,0.564,3.597,6.373,0.839,1.160127,0.8407568
175964,1.00000113197148e+18,63875741922857,0.033,1.441,-0.02,0.053,-0.032,-0.004,0.998,NaN,0.215,-0.287,0.933,0,0,0,64.325,NaN,0.242,-0.286,0.927,-0.032,0,0,0.586,3.757,6.415,0.833,NaN,0.188,-0.289,0.939,0.032,0,0,0.565,3.599,6.373,0.839,1.147632,0.8407632
175965,1.00000113197652e+18,63875741922868,0.033,1.441,-0.02,0.053,-0.032,-0.004,0.998,NaN,0.215,-0.287,0.933,0,0,0,64.325,NaN,0.242,-0.285,0.927,-0.032,0,0,0.586,3.759,6.415,0.834,NaN,0.188,-0.289,0.939,0.032,0,0,0.565,3.601,6.373,0.84,1.13471,0.8397889
175966,1.00000113198153e+18,63875741922868,0.033,1.441,-0.02,0.053,-0.032,-0.004,0.998,NaN,0.215,-0.287,0.933,0,0,0,64.325,NaN,0.242,-0.285,0.927,-0.032,0,0,0.586,3.761,6.415,0.834,NaN,0.187,-0.289,0.939,0.032,0,0,0.565,3.603,6.373,0.84,1.122275,0.8384159
175967,1.00000113198652e+18,63875741922879,0.033,1.441,-0.02,0.053,-0.032,-0.004,0.998,NaN,0.215,-0.287,0.934,0,0,0,64.325,NaN,0.242,-0.285,0.927,-0.032,0,0,0.587,3.764,6.415,0.835,NaN,0.187,-0.289,0.939,0.032,0,0,0.566,3.605,6.373,0.84,1.110559,0.8456036
175968,1.00000113199153e+18,63875741922879,0.033,1.441,-0.02,0.053,-0.032,-0.004,0.998,NaN,0.215,-0.287,0.934,0,0,0,64.325,NaN,0.242,-0.285,0.928,-0.032,0,0,0.587,3.767,6.415,0.835,NaN,0.187,-0.288,0.939,0.032,0,0,0.566,3.608,6.373,0.841,1.099859,0.9826816
175969,1.00000113199656e+18,63875741922890,0.033,1.441,-0.02,0.053,-0.032,-0.004,0.998,NaN,0.215,-0.286,0.934,0,0,0,64.325,NaN,0.242,-0.284,0.928,-0.032,0,0,0.587,3.769,6.415,0.836,NaN,0.186,-0.288,0.939,0.032,0,0,0.567,3.611,6.373,0.841,1.091066,0.9831259
175970,1.00000113200157e+18,63875741922890,0.033,1.441,-0.02,0.053,-0.032,-0.004,0.998,NaN,0.215,-0.286,0.934,0,0,0,64.325,NaN,0.242,-0.284,0.928,-0.032,0,0,0.588,3.771,6.415,0.836,NaN,0.186,-0.288,0.939,0.032,0,0,0.567,3.616,6.373,0.841,1.083785,0.9809867
175971,1.0000011320066e+18,63875741922901,0.033,1.441,-0.02,0.053,-0.031,-0.004,0.998,NaN,0.215,-0.286,0.934,0,0,0,64.325,NaN,0.243,-0.284,0.928,-0.032,0,0,0.588,3.773,6.415,0.837,NaN,0.186,-0.288,0.939,0.032,0,0,0.569,3.623,6.373,0.842,1.07622,0.9312294
175972,1.00000113201161e+18,63875741922901,0.033,1.441,-0.02,0.053,-0.031,-0.004,0.998,NaN,0.215,-0.287,0.934,0,0,0,64.325,NaN,0.243,-0.285,0.927,-0.032,0,0,0.59,3.787,6.415,0.837,NaN,0.186,-0.288,0.939,0.032,0,0,0.57,3.632,6.373,0.842,1.064401,0.8346172
175973,1.00000113201664e+18,63875741922912,0.033,1.441,-0.02,0.053,-0.031,-0.004,0.998,NaN,0.215,-0.287,0.933,0,0,0,64.325,NaN,0.244,-0.285,0.927,-0.032,0,0,0.597,3.831,6.415,0.837,NaN,0.187,-0.289,0.939,0.032,0,0,0.572,3.644,6.373,0.842,1.073458,0.6837947
175974,1.00000113202165e+18,63875741922912,0.033,1.441,-0.02,0.053,-0.031,-0.004,0.998,NaN,0.216,-0.286,0.934,0,0,0,64.325,NaN,0.244,-0.284,0.927,-0.032,0,0,0.601,3.858,6.415,0.837,NaN,0.187,-0.288,0.939,0.032,0,0,0.575,3.661,6.373,0.842,1.077733,0.4195845
175975,1.00000113202661e+18,63875741922912,0.033,1.441,-0.02,0.053,-0.031,-0.004,0.998,NaN,0.216,-0.281,0.935,0,0,0,64.325,NaN,0.244,-0.279,0.929,-0.032,0,0,0.604,3.877,6.415,0.836,NaN,0.188,-0.282,0.941,0.032,0,0,0.576,3.671,6.373,0.842,1.085667,0
175976,1.00000113203162e+18,63875741922923,0.033,1.441,-0.02,0.053,-0.031,-0.004,0.998,NaN,0.217,-0.265,0.94,0,0,0,64.325,NaN,0.245,-0.263,0.933,-0.032,0,0,0.608,3.899,6.415,0.836,NaN,0.189,-0.266,0.945,0.032,0,0,0.578,3.684,6.373,0.842,1.08767,0
175977,1.00000113203664e+18,63875741922923,0.033,1.441,-0.02,0.053,-0.031,-0.004,0.998,NaN,0.218,-0.24,0.946,0,0,0,64.325,NaN,0.246,-0.238,0.939,-0.032,0,0,0.613,3.93,6.415,0.834,NaN,0.189,-0.242,0.952,0.032,0,0,0.58,3.695,6.373,0.841,1.076902,0
175978,1.00000113204165e+18,63875741922934,0.033,1.44,-0.02,0.053,-0.03,-0.004,0.998,NaN,0.219,-0.208,0.953,0,0,0,64.325,NaN,0.248,-0.206,0.947,-0.032,0,0,0.615,3.947,6.415,0.832,NaN,0.189,-0.209,0.96,0.032,0,0,0.581,3.703,6.373,0.841,1.032135,0
175979,1.00000113204664e+18,63875741922934,0.033,1.44,-0.02,0.053,-0.03,-0.004,0.998,NaN,0.212,-0.189,0.959,0,0,0,64.325,NaN,0.249,-0.187,0.95,-0.032,0,0,0.624,4.003,6.415,0.83,NaN,0.185,-0.19,0.964,0.032,0,0,0.582,3.708,6.373,0.839,0.9624596,0
175980,1.00000113205165e+18,63875741922945,0.033,1.44,-0.02,0.053,-0.03,-0.004,0.998,NaN,0.21,-0.153,0.966,0,0,0,64.325,NaN,0.249,-0.151,0.957,-0.032,0,0,0.622,3.991,6.415,0.828,NaN,0.182,-0.154,0.971,0.032,0,0,0.582,3.712,6.373,0.837,0.9077469,0
175981,1.00000113205667e+18,63875741922946,0.033,1.44,-0.02,0.053,-0.03,-0.004,0.998,NaN,0.208,-0.121,0.971,0,0,0,64.325,NaN,0.25,-0.12,0.961,-0.032,0,0,0.61,3.916,6.415,0.827,NaN,0.176,-0.122,0.977,0.032,0,0,0.582,3.706,6.373,0.834,0.8197898,0
175982,1.00000113206169e+18,63875741922957,0.033,1.44,-0.02,0.053,-0.03,-0.004,0.998,NaN,0.194,-0.118,0.974,0,0,0,64.325,NaN,0.244,-0.117,0.963,-0.032,0,0,0.618,3.965,6.415,0.824,NaN,0.168,-0.119,0.979,0.032,0,0,0.575,3.662,6.373,0.834,0.8103645,0
175983,1.0000011320667e+18,63875741922957,0.033,1.44,-0.02,0.053,-0.03,-0.004,0.998,NaN,0.181,-0.111,0.977,0,0,0,64.325,NaN,0.246,-0.109,0.963,-0.032,0,0,0.619,3.97,6.415,0.821,NaN,0.16,-0.111,0.981,0.032,0,0,0.571,3.637,6.373,0.832,0.7177984,0
175984,1.00000113207173e+18,63875741922968,0.033,1.44,-0.02,0.053,-0.03,-0.004,0.998,NaN,0.184,-0.057,0.981,0,0,0,64.325,NaN,0.246,-0.057,0.968,-0.032,0,0,0.619,3.97,6.415,0.819,NaN,0.163,-0.058,0.985,0.032,0,0,0.571,3.638,6.373,0.829,0.7388402,0
175985,1.00000113207674e+18,63875741922968,0.033,1.44,-0.02,0.053,-0.03,-0.004,0.998,NaN,0.185,-0.035,0.982,0,0,0,64.325,NaN,0.247,-0.035,0.968,-0.032,0,0,0.618,3.963,6.415,0.818,NaN,0.164,-0.035,0.986,0.032,0,0,0.571,3.638,6.373,0.825,0.7381508,0
175986,1.00000113208175e+18,63875741922968,0.033,1.44,-0.02,0.053,-0.03,-0.004,0.998,NaN,0.193,-0.005,0.981,0,0,0,64.325,NaN,0.248,-0.005,0.969,-0.032,0,0,0.616,3.954,6.415,0.818,NaN,0.171,-0.005,0.985,0.032,0,0,0.571,3.642,6.373,0.826,0.8004368,0
175987,1.00000113208676e+18,63875741922979,0.033,1.44,-0.02,0.053,-0.029,-0.004,0.998,NaN,0.196,0.06,0.979,0,0,0,64.325,NaN,0.249,0.059,0.967,-0.032,0,0,0.612,3.923,6.415,0.819,NaN,0.18,0.06,0.982,0.032,0,0,0.584,3.719,6.373,0.828,0.888969,0
175988,1.00000113209179e+18,63875741922979,0.033,1.44,-0.02,0.053,-0.029,-0.004,0.998,NaN,0.205,0.093,0.974,0,0,0,64.325,NaN,0.251,0.092,0.964,-0.032,0,0,0.604,3.873,6.415,0.82,NaN,0.197,0.093,0.976,0.032,0,0,0.587,3.738,6.373,0.828,1.127305,0
175989,1.0000011320968e+18,63875741922989,0.033,1.44,-0.02,0.053,-0.029,-0.004,0.998,NaN,0.219,0.112,0.969,0,0,0,64.325,NaN,0.255,0.111,0.96,-0.032,0,0,0.598,3.835,6.415,0.824,NaN,0.214,0.112,0.97,0.032,0,0,0.587,3.741,6.373,0.83,2,0
175990,1.00000113210182e+18,63875741922990,0.033,1.44,-0.02,0.053,-0.029,-0.004,0.998,NaN,0.235,0.129,0.964,0,0,0,64.325,NaN,0.26,0.128,0.957,-0.032,0,0,0.598,3.836,6.415,0.829,NaN,0.233,0.129,0.964,0.032,0,0,0.588,3.749,6.373,0.834,2,0
175991,1.00000113210687e+18,63875741923000,0.033,1.44,-0.02,0.054,-0.029,-0.004,0.998,NaN,0.248,0.14,0.959,0,0,0,64.325,NaN,0.264,0.139,0.954,-0.032,0,0,0.598,3.836,6.415,0.837,NaN,0.25,0.14,0.958,0.032,0,0,0.593,3.778,6.373,0.839,2,0
175992,1.00000113211188e+18,63875741923001,0.033,1.44,-0.02,0.054,-0.029,-0.004,0.998,NaN,0.257,0.142,0.956,0,0,0,64.325,NaN,0.268,0.141,0.953,-0.032,0,0,0.598,3.835,6.415,0.848,NaN,0.256,0.142,0.956,0.032,0,0,0.593,3.777,6.373,0.846,2,0
175993,1.0000011321169e+18,63875741923012,0.033,1.44,-0.019,0.054,-0.028,-0.003,0.998,NaN,0.263,0.142,0.954,0,0,0,64.325,NaN,0.272,0.142,0.952,-0.032,0,0,0.598,3.835,6.415,0.859,NaN,0.26,0.142,0.955,0.032,0,0,0.592,3.774,6.373,0.853,2,0
175994,1.00000113212191e+18,63875741923012,0.033,1.44,-0.019,0.054,-0.028,-0.003,0.998,NaN,0.267,0.143,0.953,0,0,0,64.325,NaN,0.274,0.143,0.951,-0.032,0,0,0.599,3.84,6.415,0.871,NaN,0.263,0.144,0.954,0.032,0,0,0.592,3.772,6.373,0.86,2,0
175995,1.00000113212688e+18,63875741923012,0.033,1.44,-0.019,0.054,-0.028,-0.003,0.998,NaN,0.269,0.143,0.952,0,0,0,64.325,NaN,0.276,0.143,0.951,-0.032,0,0,0.6,3.848,6.415,0.882,NaN,0.265,0.143,0.954,0.032,0,0,0.591,3.768,6.373,0.868,2,0
175996,1.00000113213188e+18,63875741923023,0.033,1.44,-0.02,0.054,-0.028,-0.003,0.998,NaN,0.27,0.137,0.953,0,0,0,64.325,NaN,0.276,0.137,0.951,-0.032,0,0,0.603,3.869,6.415,0.892,NaN,0.266,0.137,0.954,0.032,0,0,0.591,3.764,6.373,0.875,2,0
175997,1.00000113213689e+18,63875741923034,0.033,1.44,-0.019,0.054,-0.028,-0.003,0.998,NaN,0.271,0.134,0.953,0,0,0,64.325,NaN,0.276,0.134,0.952,-0.032,0,0,0.606,3.891,6.415,0.902,NaN,0.267,0.134,0.954,0.032,0,0,0.59,3.761,6.373,0.882,2,0
175998,1.0000011321419e+18,63875741923034,0.033,1.44,-0.019,0.054,-0.028,-0.003,0.998,NaN,0.271,0.13,0.954,0,0,0,64.325,NaN,0.275,0.13,0.953,-0.032,0,0,0.61,3.911,6.415,0.911,NaN,0.268,0.13,0.955,0.032,0,0,0.59,3.76,6.373,0.889,2,0
175999,1.0000011321469e+18,63875741923045,0.033,1.44,-0.02,0.055,-0.027,-0.003,0.998,NaN,0.271,0.133,0.953,0,0,0,64.325,NaN,0.275,0.133,0.952,-0.032,0,0,0.611,3.921,6.415,0.919,NaN,0.268,0.133,0.954,0.032,0,0,0.59,3.758,6.373,0.895,2,0
176000,1.0000011321519e+18,63875741923045,0.033,1.44,-0.02,0.055,-0.027,-0.003,0.998,NaN,0.272,0.135,0.953,0,0,0,64.325,NaN,0.275,0.135,0.952,-0.032,0,0,0.612,3.927,6.415,0.926,NaN,0.269,0.135,0.954,0.032,0,0,0.59,3.757,6.373,0.9,2,0
176001,1.0000011321569e+18,63875741923045,0.033,1.44,-0.02,0.055,-0.027,-0.003,0.998,NaN,0.261,0.148,0.954,0,0,0,64.325,NaN,0.275,0.147,0.95,-0.032,0,0,0.612,3.927,6.415,0.933,NaN,0.258,0.148,0.955,0.032,0,0,0.59,3.761,6.373,0.905,2,0
176002,1.00000113216196e+18,63875741923057,0.033,1.44,-0.019,0.055,-0.027,-0.003,0.998,NaN,0.252,0.157,0.955,0,0,0,64.325,NaN,0.274,0.156,0.949,-0.032,0,0,0.611,3.921,6.415,0.939,NaN,0.238,0.157,0.958,0.032,0,0,0.593,3.778,6.373,0.91,2,0
176003,1.00000113216696e+18,63875741923057,0.033,1.44,-0.019,0.055,-0.027,-0.003,0.998,NaN,0.235,0.163,0.958,0,0,0,64.325,NaN,0.274,0.162,0.948,-0.032,0,0,0.61,3.916,6.415,0.944,NaN,0.21,0.164,0.964,0.032,0,0,0.596,3.799,6.373,0.914,0.9522097,0
176004,1.000001132172e+18,63875741923057,0.033,1.44,-0.019,0.055,-0.027,-0.003,0.998,NaN,0.217,0.167,0.962,0,0,0,64.325,NaN,0.273,0.165,0.948,-0.032,0,0,0.61,3.912,6.415,0.949,NaN,0.184,0.169,0.968,0.032,0,0,0.6,3.822,6.373,0.917,0.6807544,0
176005,1.00000113217701e+18,63875741923068,0.033,1.44,-0.02,0.055,-0.027,-0.003,0.998,NaN,0.202,0.17,0.965,0,0,0,64.325,NaN,0.273,0.167,0.947,-0.032,0,0,0.609,3.907,6.415,0.953,NaN,0.164,0.171,0.972,0.032,0,0,0.603,3.844,6.373,0.92,0.5591296,0
176006,1.00000113218202e+18,63875741923068,0.033,1.44,-0.02,0.055,-0.027,-0.003,0.998,NaN,0.19,0.171,0.967,0,0,0,64.325,NaN,0.272,0.168,0.947,-0.032,0,0,0.608,3.903,6.415,0.957,NaN,0.149,0.172,0.974,0.032,0,0,0.604,3.852,6.373,0.917,0.4952122,0
176007,1.00000113218701e+18,63875741923078,0.033,1.44,-0.02,0.056,-0.027,-0.003,0.998,NaN,0.18,0.172,0.968,0,0,0,64.325,NaN,0.272,0.168,0.947,-0.032,0,0,0.608,3.901,6.415,0.952,NaN,0.139,0.173,0.975,0.032,0,0,0.605,3.855,6.373,0.915,0.4608316,0
176008,1.00000113219202e+18,63875741923078,0.033,1.44,-0.02,0.056,-0.027,-0.003,0.998,NaN,0.174,0.172,0.97,0,0,0,64.325,NaN,0.272,0.168,0.948,-0.032,0,0,0.608,3.9,6.415,0.948,NaN,0.133,0.173,0.976,0.032,0,0,0.605,3.857,6.373,0.914,0.4402907,0
176009,1.00000113219703e+18,63875741923090,0.033,1.44,-0.019,0.056,-0.027,-0.003,0.998,NaN,0.169,0.172,0.97,0,0,0,64.325,NaN,0.272,0.168,0.948,-0.032,0,0,0.608,3.899,6.415,0.942,NaN,0.128,0.173,0.977,0.032,0,0,0.605,3.858,6.373,0.913,0.4275191,0
176010,1.00000113220204e+18,63875741923090,0.033,1.44,-0.019,0.056,-0.027,-0.003,0.998,NaN,0.166,0.172,0.971,0,0,0,64.325,NaN,0.271,0.168,0.948,-0.032,0,0,0.608,3.899,6.415,0.933,NaN,0.125,0.173,0.977,0.032,0,0,0.606,3.859,6.373,0.912,0.4196292,0
176011,1.00000113220705e+18,63875741923101,0.033,1.439,-0.019,0.056,-0.026,-0.003,0.998,NaN,0.164,0.172,0.971,0,0,0,64.325,NaN,0.271,0.168,0.948,-0.032,0,0,0.608,3.899,6.415,0.926,NaN,0.123,0.173,0.977,0.032,0,0,0.606,3.859,6.373,0.911,0.4139834,0
176012,1.00000113221206e+18,63875741923101,0.033,1.439,-0.019,0.056,-0.026,-0.003,0.998,NaN,0.162,0.171,0.972,0,0,0,64.325,NaN,0.271,0.167,0.948,-0.032,0,0,0.608,3.898,6.415,0.918,NaN,0.121,0.172,0.978,0.032,0,0,0.606,3.86,6.373,0.909,0.4109271,0
176013,1.00000113221707e+18,63875741923112,0.033,1.439,-0.019,0.057,-0.026,-0.003,0.998,NaN,0.161,0.171,0.972,0,0,0,64.325,NaN,0.271,0.167,0.948,-0.032,0,0,0.608,3.897,6.415,0.913,NaN,0.12,0.172,0.978,0.032,0,0,0.606,3.86,6.373,0.908,0.408817,0
176014,1.00000113222208e+18,63875741923112,0.033,1.439,-0.019,0.057,-0.026,-0.003,0.998,NaN,0.16,0.171,0.972,0,0,0,64.325,NaN,0.271,0.167,0.948,-0.032,0,0,0.607,3.897,6.415,0.906,NaN,0.12,0.172,0.978,0.032,0,0,0.606,3.86,6.373,0.907,0.407689,0
176015,1.00000113222709e+18,63875741923123,0.033,1.439,-0.019,0.057,-0.026,-0.003,0.998,NaN,0.16,0.171,0.972,0,0,0,64.325,NaN,0.27,0.167,0.948,-0.032,0,0,0.607,3.897,6.415,0.902,NaN,0.12,0.172,0.978,0.032,0,0,0.606,3.86,6.373,0.906,0.4077505,0
176016,1.0000011322321e+18,63875741923123,0.033,1.439,-0.019,0.057,-0.026,-0.003,0.998,NaN,0.16,0.171,0.972,0,0,0,64.325,NaN,0.27,0.166,0.948,-0.032,0,0,0.607,3.896,6.415,0.899,NaN,0.119,0.172,0.978,0.032,0,0,0.606,3.86,6.373,0.905,0.4077989,0
176017,1.00000113223716e+18,63875741923123,0.033,1.439,-0.019,0.057,-0.026,-0.003,0.998,NaN,0.16,0.171,0.972,0,0,0,64.325,NaN,0.27,0.166,0.948,-0.032,0,0,0.607,3.896,6.415,0.896,NaN,0.119,0.171,0.978,0.032,0,0,0.606,3.861,6.373,0.905,0.4085521,0
176018,1.00000113224217e+18,63875741923133,0.033,1.439,-0.019,0.057,-0.026,-0.004,0.998,NaN,0.159,0.17,0.972,0,0,0,64.325,NaN,0.269,0.166,0.949,-0.032,0,0,0.607,3.896,6.415,0.894,NaN,0.119,0.171,0.978,0.032,0,0,0.606,3.861,6.373,0.904,0.4093001,0
176019,1.00000113224717e+18,63875741923133,0.033,1.439,-0.019,0.057,-0.026,-0.004,0.998,NaN,0.159,0.17,0.972,0,0,0,64.325,NaN,0.269,0.166,0.949,-0.032,0,0,0.607,3.895,6.415,0.891,NaN,0.119,0.171,0.978,0.032,0,0,0.606,3.861,6.373,0.904,0.4103483,0
176020,1.00000113225218e+18,63875741923145,0.033,1.439,-0.019,0.057,-0.026,-0.004,0.998,NaN,0.159,0.17,0.972,0,0,0,64.325,NaN,0.269,0.166,0.949,-0.032,0,0,0.607,3.895,6.415,0.889,NaN,0.119,0.171,0.978,0.032,0,0,0.606,3.861,6.373,0.903,0.4109418,1
176021,1.00000113225719e+18,63875741923145,0.033,1.439,-0.019,0.057,-0.026,-0.004,0.998,NaN,0.159,0.17,0.972,0,0,0,64.325,NaN,0.268,0.166,0.949,-0.032,0,0,0.607,3.895,6.415,0.889,NaN,0.119,0.171,0.978,0.032,0,0,0.606,3.861,6.373,0.903,0.4119501,1
176022,1.00000113226218e+18,63875741923156,0.033,1.439,-0.019,0.058,-0.026,-0.004,0.998,NaN,0.159,0.17,0.972,0,0,0,64.325,NaN,0.267,0.166,0.949,-0.032,0,0,0.607,3.895,6.415,0.888,NaN,0.118,0.171,0.978,0.032,0,0,0.606,3.86,6.373,0.903,0.4131118,1
176023,1.00000113226719e+18,63875741923156,0.033,1.439,-0.019,0.058,-0.026,-0.004,0.998,NaN,0.159,0.17,0.972,0,0,0,64.325,NaN,0.267,0.166,0.949,-0.032,0,0,0.607,3.895,6.415,0.887,NaN,0.118,0.171,0.978,0.032,0,0,0.606,3.86,6.373,0.903,0.4147634,1
176024,1.00000113227226e+18,63875741923168,0.033,1.439,-0.019,0.058,-0.025,-0.004,0.998,NaN,0.159,0.17,0.973,0,0,0,64.325,NaN,0.266,0.166,0.949,-0.032,0,0,0.607,3.894,6.415,0.887,NaN,0.118,0.171,0.978,0.032,0,0,0.606,3.859,6.373,0.902,0.4157198,1
176025,1.00000113227727e+18,63875741923168,0.033,1.439,-0.019,0.058,-0.025,-0.004,0.998,NaN,0.159,0.17,0.973,0,0,0,64.325,NaN,0.266,0.166,0.95,-0.032,0,0,0.607,3.893,6.415,0.887,NaN,0.118,0.171,0.978,0.032,0,0,0.605,3.858,6.373,0.902,0.4171026,1
176026,1.00000113228228e+18,63875741923168,0.033,1.439,-0.019,0.058,-0.025,-0.004,0.998,NaN,0.159,0.17,0.973,0,0,0,64.325,NaN,0.265,0.166,0.95,-0.032,0,0,0.607,3.893,6.415,0.886,NaN,0.118,0.171,0.978,0.032,0,0,0.605,3.858,6.373,0.902,0.417955,1
176027,1.00000113228727e+18,63875741923178,0.033,1.439,-0.019,0.058,-0.025,-0.004,0.998,NaN,0.159,0.17,0.973,0,0,0,64.325,NaN,0.265,0.166,0.95,-0.032,0,0,0.607,3.892,6.415,0.886,NaN,0.118,0.171,0.978,0.032,0,0,0.605,3.857,6.373,0.902,0.4191591,1
176028,1.00000113229228e+18,63875741923178,0.033,1.439,-0.019,0.058,-0.025,-0.004,0.998,NaN,0.159,0.17,0.973,0,0,0,64.325,NaN,0.264,0.166,0.95,-0.032,0,0,0.606,3.89,6.415,0.885,NaN,0.118,0.171,0.978,0.032,0,0,0.605,3.855,6.373,0.902,0.4205902,1
176029,1.00000113229729e+18,63875741923189,0.033,1.439,-0.019,0.058,-0.025,-0.005,0.998,NaN,0.159,0.169,0.973,0,0,0,64.325,NaN,0.264,0.166,0.95,-0.032,0,0,0.606,3.89,6.415,0.885,NaN,0.117,0.17,0.978,0.032,0,0,0.605,3.854,6.373,0.902,0.4215816,1
176030,1.00000113230233e+18,63875741923189,0.033,1.439,-0.019,0.058,-0.025,-0.005,0.998,NaN,0.159,0.169,0.973,0,0,0,64.325,NaN,0.263,0.165,0.95,-0.032,0,0,0.606,3.889,6.415,0.885,NaN,0.117,0.17,0.978,0.032,0,0,0.604,3.851,6.373,0.902,0.4225383,1
176031,1.00000113230734e+18,63875741923200,0.033,1.439,-0.019,0.058,-0.025,-0.005,0.998,NaN,0.159,0.169,0.973,0,0,0,64.325,NaN,0.263,0.165,0.951,-0.032,0,0,0.606,3.887,6.415,0.884,NaN,0.117,0.17,0.978,0.032,0,0,0.604,3.848,6.373,0.902,0.4231185,1
176032,1.00000113231233e+18,63875741923200,0.033,1.439,-0.019,0.058,-0.025,-0.005,0.998,NaN,0.159,0.169,0.973,0,0,0,64.325,NaN,0.262,0.165,0.951,-0.032,0,0,0.606,3.885,6.415,0.885,NaN,0.117,0.17,0.978,0.032,0,0,0.603,3.844,6.373,0.902,0.4238958,1
176033,1.00000113231734e+18,63875741923212,0.033,1.439,-0.019,0.058,-0.025,-0.005,0.998,NaN,0.159,0.169,0.973,0,0,0,64.325,NaN,0.262,0.165,0.951,-0.032,0,0,0.605,3.882,6.415,0.885,NaN,0.116,0.17,0.979,0.032,0,0,0.603,3.84,6.373,0.902,0.4245436,1
176034,1.00000113232238e+18,63875741923212,0.033,1.439,-0.019,0.058,-0.025,-0.005,0.998,NaN,0.16,0.169,0.972,0,0,0,64.325,NaN,0.262,0.165,0.951,-0.032,0,0,0.604,3.877,6.415,0.884,NaN,0.117,0.17,0.978,0.032,0,0,0.601,3.833,6.373,0.902,0.4256261,0.9113232
176035,1.00000113232737e+18,63875741923223,0.033,1.439,-0.019,0.059,-0.025,-0.005,0.998,NaN,0.172,0.168,0.971,0,0,0,64.325,NaN,0.263,0.165,0.951,-0.032,0,0,0.603,3.869,6.415,0.883,NaN,0.137,0.169,0.976,0.032,0,0,0.598,3.814,6.373,0.902,0.4908811,0
176036,1.00000113233237e+18,63875741923223,0.033,1.439,-0.019,0.059,-0.025,-0.005,0.998,NaN,0.178,0.174,0.969,0,0,0,64.325,NaN,0.256,0.17,0.952,-0.032,0,0,0.603,3.869,6.415,0.882,NaN,0.138,0.175,0.975,0.032,0,0,0.598,3.812,6.373,0.904,0.5243963,0
176037,1.00000113233737e+18,63875741923223,0.033,1.439,-0.019,0.059,-0.025,-0.005,0.998,NaN,0.182,0.172,0.968,0,0,0,64.325,NaN,0.247,0.169,0.954,-0.032,0,0,0.598,3.837,6.415,0.881,NaN,0.151,0.172,0.973,0.032,0,0,0.598,3.81,6.373,0.908,0.6406451,0
176038,1.00000113234237e+18,63875741923234,0.033,1.439,-0.019,0.059,-0.025,-0.005,0.998,NaN,0.177,0.171,0.969,0,0,0,64.325,NaN,0.219,0.17,0.961,-0.032,0,0,0.601,3.856,6.415,0.879,NaN,0.149,0.172,0.974,0.032,0,0,0.595,3.794,6.373,0.918,0.8748423,0
176039,1.00000113234741e+18,63875741923234,0.033,1.439,-0.019,0.059,-0.025,-0.005,0.998,NaN,0.172,0.171,0.97,0,0,0,64.325,NaN,0.177,0.17,0.969,-0.032,0,0,0.603,3.869,6.415,0.874,NaN,0.143,0.171,0.975,0.032,0,0,0.589,3.753,6.373,0.929,2,0
176040,1.00000113235242e+18,63875741923245,0.033,1.439,-0.019,0.059,-0.024,-0.005,0.998,NaN,0.142,0.17,0.975,0,0,0,64.325,NaN,0.124,0.17,0.978,-0.032,0,0,0.609,3.904,6.415,0.877,NaN,0.129,0.17,0.977,0.032,0,0,0.582,3.711,6.373,0.938,2,0
176041,1.00000113235743e+18,63875741923245,0.033,1.439,-0.019,0.059,-0.024,-0.005,0.998,NaN,0.109,0.17,0.979,0,0,0,64.325,NaN,0.082,0.17,0.982,-0.032,0,0,0.603,3.87,6.415,0.88,NaN,0.109,0.17,0.979,0.032,0,0,0.578,3.684,6.373,0.945,2,0
176042,1.00000113236243e+18,63875741923256,0.033,1.439,-0.019,0.059,-0.024,-0.005,0.998,NaN,0.065,0.169,0.983,0,0,0,64.325,NaN,0.038,0.17,0.985,-0.032,0,0,0.595,3.816,6.415,0.886,NaN,0.073,0.169,0.983,0.032,0,0,0.578,3.682,6.373,0.945,2,0
176043,1.00000113236743e+18,63875741923256,0.033,1.439,-0.019,0.059,-0.024,-0.005,0.998,NaN,0.023,0.169,0.985,0,0,0,64.325,NaN,0.001,0.169,0.986,-0.032,0,0,0.592,3.797,6.415,0.892,NaN,0.033,0.169,0.985,0.032,0,0,0.577,3.677,6.373,0.945,2,0
176044,1.00000113237244e+18,63875741923268,0.033,1.439,-0.019,0.058,-0.024,-0.005,0.998,NaN,-0.011,0.168,0.986,0,0,0,64.325,NaN,-0.027,0.168,0.985,-0.032,0,0,0.592,3.798,6.415,0.9,NaN,-0.002,0.168,0.986,0.032,0,0,0.577,3.675,6.373,0.944,2,0
176045,1.00000113237745e+18,63875741923268,0.033,1.439,-0.019,0.058,-0.024,-0.005,0.998,NaN,-0.035,0.167,0.985,0,0,0,64.325,NaN,-0.046,0.167,0.985,-0.032,0,0,0.592,3.798,6.415,0.907,NaN,-0.028,0.167,0.986,0.032,0,0,0.577,3.675,6.373,0.944,2,0
176046,1.00000113238246e+18,63875741923268,0.033,1.439,-0.019,0.058,-0.024,-0.005,0.998,NaN,-0.05,0.166,0.985,0,0,0,64.325,NaN,-0.058,0.166,0.984,-0.032,0,0,0.591,3.791,6.415,0.915,NaN,-0.045,0.166,0.985,0.032,0,0,0.577,3.675,6.373,0.943,2,0
176047,1.00000113238746e+18,63875741923279,0.033,1.439,-0.019,0.058,-0.024,-0.005,0.998,NaN,-0.06,0.166,0.984,0,0,0,64.325,NaN,-0.065,0.166,0.984,-0.032,0,0,0.59,3.787,6.415,0.921,NaN,-0.056,0.166,0.985,0.032,0,0,0.576,3.674,6.373,0.943,2,0
176048,1.00000113239252e+18,63875741923279,0.033,1.439,-0.019,0.058,-0.024,-0.005,0.998,NaN,-0.066,0.166,0.984,0,0,0,64.325,NaN,-0.069,0.166,0.984,-0.032,0,0,0.59,3.783,6.415,0.927,NaN,-0.063,0.166,0.984,0.032,0,0,0.576,3.672,6.373,0.943,2,0
176049,1.00000113239752e+18,63875741923290,0.033,1.439,-0.019,0.058,-0.024,-0.005,0.998,NaN,-0.069,0.166,0.984,0,0,0,64.325,NaN,-0.071,0.166,0.984,-0.032,0,0,0.588,3.775,6.415,0.931,NaN,-0.068,0.166,0.984,0.032,0,0,0.576,3.668,6.373,0.943,2,0
176050,1.00000113240253e+18,63875741923290,0.033,1.439,-0.019,0.058,-0.024,-0.005,0.998,NaN,-0.071,0.166,0.984,0,0,0,64.325,NaN,-0.073,0.166,0.983,-0.032,0,0,0.587,3.769,6.415,0.935,NaN,-0.07,0.166,0.984,0.032,0,0,0.575,3.663,6.373,0.943,2,0
176051,1.00000113240753e+18,63875741923301,0.033,1.439,-0.019,0.058,-0.024,-0.005,0.998,NaN,-0.072,0.166,0.983,0,0,0,64.325,NaN,-0.073,0.166,0.983,-0.032,0,0,0.583,3.738,6.415,0.939,NaN,-0.071,0.166,0.984,0.032,0,0,0.573,3.655,6.373,0.942,2,0
176052,1.00000113241255e+18,63875741923301,0.033,1.439,-0.019,0.058,-0.024,-0.005,0.998,NaN,-0.072,0.166,0.983,0,0,0,64.325,NaN,-0.073,0.166,0.983,-0.032,0,0,0.58,3.723,6.415,0.941,NaN,-0.072,0.166,0.983,0.032,0,0,0.572,3.646,6.373,0.942,2,0
176053,1.00000113241755e+18,63875741923312,0.033,1.439,-0.019,0.058,-0.024,-0.005,0.998,NaN,-0.072,0.166,0.983,0,0,0,64.325,NaN,-0.073,0.166,0.983,-0.032,0,0,0.579,3.714,6.415,0.943,NaN,-0.072,0.166,0.983,0.032,0,0,0.57,3.635,6.373,0.942,2,0
176054,1.00000113242259e+18,63875741923312,0.033,1.439,-0.019,0.058,-0.024,-0.005,0.998,NaN,-0.072,0.166,0.983,0,0,0,64.325,NaN,-0.072,0.166,0.983,-0.032,0,0,0.578,3.71,6.415,0.945,NaN,-0.072,0.166,0.983,0.032,0,0,0.569,3.627,6.373,0.942,2,0
176055,1.00000113242757e+18,63875741923323,0.033,1.439,-0.019,0.058,-0.024,-0.005,0.998,NaN,-0.072,0.166,0.984,0,0,0,64.325,NaN,-0.072,0.166,0.984,-0.032,0,0,0.578,3.705,6.415,0.947,NaN,-0.072,0.166,0.984,0.032,0,0,0.568,3.619,6.373,0.942,2,0
176056,1.00000113243256e+18,63875741923323,0.033,1.439,-0.019,0.058,-0.024,-0.005,0.998,NaN,-0.072,0.166,0.984,0,0,0,64.325,NaN,-0.072,0.166,0.984,-0.032,0,0,0.577,3.703,6.415,0.949,NaN,-0.072,0.166,0.984,0.032,0,0,0.566,3.608,6.373,0.941,2,0
176057,1.0000011324376e+18,63875741923323,0.033,1.439,-0.019,0.058,-0.024,-0.005,0.998,NaN,-0.071,0.165,0.984,0,0,0,64.325,NaN,-0.071,0.165,0.984,-0.032,0,0,0.577,3.702,6.415,0.951,NaN,-0.071,0.165,0.984,0.032,0,0,0.564,3.595,6.373,0.941,2,0
176058,1.0000011324426e+18,63875741923334,0.033,1.439,-0.019,0.058,-0.024,-0.005,0.998,NaN,-0.071,0.165,0.984,0,0,0,64.325,NaN,-0.071,0.165,0.984,-0.032,0,0,0.576,3.696,6.415,0.952,NaN,-0.071,0.165,0.984,0.032,0,0,0.562,3.584,6.373,0.941,2,0
176059,1.00000113244764e+18,63875741923334,0.033,1.439,-0.019,0.058,-0.024,-0.005,0.998,NaN,-0.071,0.165,0.984,0,0,0,64.325,NaN,-0.071,0.165,0.984,-0.032,0,0,0.572,3.671,6.415,0.953,NaN,-0.071,0.165,0.984,0.032,0,0,0.561,3.575,6.373,0.941,2,0
176060,1.00000113245263e+18,63875741923345,0.033,1.439,-0.019,0.058,-0.025,-0.005,0.998,NaN,-0.071,0.164,0.984,0,0,0,64.325,NaN,-0.07,0.164,0.984,-0.032,0,0,0.569,3.648,6.415,0.955,NaN,-0.071,0.164,0.984,0.032,0,0,0.56,3.567,6.373,0.94,2,0
176061,1.00000113245766e+18,63875741923345,0.033,1.439,-0.019,0.058,-0.025,-0.005,0.998,NaN,-0.07,0.164,0.984,0,0,0,64.325,NaN,-0.07,0.164,0.984,-0.032,0,0,0.566,3.632,6.415,0.956,NaN,-0.07,0.164,0.984,0.032,0,0,0.558,3.558,6.373,0.94,2,0.233542
176062,1.00000113246265e+18,63875741923356,0.033,1.439,-0.019,0.058,-0.025,-0.005,0.998,NaN,-0.07,0.164,0.984,0,0,0,64.325,NaN,-0.07,0.164,0.984,-0.032,0,0,0.565,3.625,6.415,0.956,NaN,-0.07,0.164,0.984,0.032,0,0,0.557,3.549,6.373,0.94,2,0.5816601
176063,1.00000113246768e+18,63875741923356,0.033,1.439,-0.019,0.058,-0.025,-0.005,0.998,NaN,-0.07,0.163,0.984,0,0,0,64.325,NaN,-0.07,0.163,0.984,-0.032,0,0,0.564,3.62,6.415,0.957,NaN,-0.07,0.163,0.984,0.032,0,0,0.556,3.541,6.373,0.939,2,0.7930101
176064,1.00000113247273e+18,63875741923367,0.033,1.439,-0.019,0.058,-0.025,-0.005,0.998,NaN,-0.07,0.163,0.984,0,0,0,64.325,NaN,-0.07,0.163,0.984,-0.032,0,0,0.562,3.608,6.415,0.957,NaN,-0.07,0.163,0.984,0.032,0,0,0.554,3.533,6.373,0.939,2,0.8994234
176065,1.00000113247772e+18,63875741923368,0.033,1.439,-0.019,0.058,-0.025,-0.005,0.998,NaN,-0.07,0.162,0.984,0,0,0,64.325,NaN,-0.07,0.162,0.984,-0.032,0,0,0.562,3.608,6.415,0.958,NaN,-0.07,0.162,0.984,0.032,0,0,0.553,3.525,6.373,0.938,2,0.9436065
176066,1.00000113248271e+18,63875741923368,0.033,1.439,-0.019,0.058,-0.025,-0.005,0.998,NaN,-0.069,0.162,0.984,0,0,0,64.325,NaN,-0.069,0.162,0.984,-0.032,0,0,0.562,3.605,6.415,0.958,NaN,-0.069,0.162,0.984,0.032,0,0,0.552,3.518,6.373,0.938,2,0.9843374
176067,1.00000113248773e+18,63875741923378,0.033,1.439,-0.019,0.058,-0.025,-0.005,0.998,NaN,-0.069,0.162,0.984,0,0,0,64.325,NaN,-0.069,0.162,0.984,-0.032,0,0,0.561,3.6,6.415,0.959,NaN,-0.069,0.162,0.984,0.032,0,0,0.55,3.508,6.373,0.938,2,1
176068,1.00000113249275e+18,63875741923378,0.033,1.439,-0.019,0.058,-0.025,-0.005,0.998,NaN,-0.069,0.162,0.984,0,0,0,64.325,NaN,-0.069,0.162,0.984,-0.032,0,0,0.561,3.596,6.415,0.96,NaN,-0.069,0.162,0.984,0.032,0,0,0.549,3.499,6.373,0.937,2,1
176069,1.00000113249776e+18,63875741923389,0.033,1.439,-0.019,0.058,-0.025,-0.005,0.998,NaN,-0.069,0.162,0.984,0,0,0,64.325,NaN,-0.069,0.162,0.984,-0.032,0,0,0.557,3.575,6.415,0.96,NaN,-0.069,0.162,0.984,0.032,0,0,0.548,3.489,6.373,0.937,2,1
176070,1.00000113250282e+18,63875741923389,0.033,1.439,-0.019,0.058,-0.025,-0.005,0.998,NaN,-0.069,0.162,0.984,0,0,0,64.325,NaN,-0.069,0.162,0.984,-0.032,0,0,0.556,3.564,6.415,0.96,NaN,-0.069,0.162,0.984,0.032,0,0,0.546,3.482,6.373,0.936,2,1
176071,1.00000113250782e+18,63875741923401,0.033,1.438,-0.019,0.058,-0.025,-0.005,0.998,NaN,-0.069,0.162,0.984,0,0,0,64.325,NaN,-0.069,0.162,0.984,-0.032,0,0,0.554,3.553,6.415,0.96,NaN,-0.069,0.162,0.984,0.032,0,0,0.545,3.476,6.373,0.936,2,1
176072,1.00000113251287e+18,63875741923401,0.033,1.438,-0.019,0.058,-0.025,-0.005,0.998,NaN,-0.068,0.161,0.985,0,0,0,64.325,NaN,-0.068,0.161,0.985,-0.032,0,0,0.552,3.539,6.415,0.961,NaN,-0.069,0.161,0.985,0.032,0,0,0.544,3.466,6.373,0.936,2,1
176073,1.00000113251787e+18,63875741923412,0.033,1.438,-0.019,0.058,-0.025,-0.005,0.998,NaN,-0.068,0.161,0.985,0,0,0,64.325,NaN,-0.068,0.161,0.985,-0.032,0,0,0.55,3.529,6.415,0.961,NaN,-0.068,0.161,0.985,0.032,0,0,0.542,3.456,6.373,0.935,2,1
176074,1.00000113252287e+18,63875741923412,0.033,1.438,-0.019,0.058,-0.025,-0.005,0.998,NaN,-0.068,0.161,0.985,0,0,0,64.325,NaN,-0.068,0.161,0.985,-0.032,0,0,0.548,3.518,6.415,0.962,NaN,-0.068,0.161,0.985,0.032,0,0,0.541,3.449,6.373,0.935,2,1
176075,1.00000113252787e+18,63875741923423,0.033,1.438,-0.019,0.058,-0.025,-0.005,0.998,NaN,-0.068,0.161,0.985,0,0,0,64.325,NaN,-0.068,0.161,0.985,-0.032,0,0,0.546,3.505,6.415,0.962,NaN,-0.068,0.161,0.985,0.032,0,0,0.54,3.44,6.373,0.935,2,1
176076,1.00000113253285e+18,63875741923423,0.033,1.438,-0.019,0.058,-0.025,-0.005,0.998,NaN,-0.068,0.161,0.985,0,0,0,64.325,NaN,-0.068,0.161,0.985,-0.032,0,0,0.545,3.499,6.415,0.962,NaN,-0.068,0.161,0.985,0.032,0,0,0.539,3.434,6.373,0.934,2,1
176077,1.00000113253785e+18,63875741923423,0.033,1.438,-0.019,0.058,-0.025,-0.005,0.998,NaN,-0.068,0.161,0.985,0,0,0,64.325,NaN,-0.068,0.161,0.985,-0.032,0,0,0.545,3.499,6.415,0.963,NaN,-0.068,0.161,0.985,0.032,0,0,0.538,3.428,6.373,0.933,2,1
176078,1.00000113254286e+18,63875741923434,0.033,1.438,-0.019,0.058,-0.025,-0.005,0.998,NaN,-0.068,0.161,0.985,0,0,0,64.325,NaN,-0.068,0.161,0.985,-0.032,0,0,0.545,3.498,6.415,0.963,NaN,-0.068,0.161,0.985,0.032,0,0,0.536,3.419,6.373,0.933,2,1
176079,1.00000113254788e+18,63875741923434,0.033,1.438,-0.019,0.058,-0.025,-0.005,0.998,NaN,-0.068,0.161,0.985,0,0,0,64.325,NaN,-0.068,0.161,0.985,-0.032,0,0,0.544,3.491,6.415,0.964,NaN,-0.068,0.161,0.985,0.032,0,0,0.535,3.409,6.373,0.933,2,1
176080,1.00000113255289e+18,63875741923445,0.033,1.438,-0.019,0.058,-0.025,-0.005,0.998,NaN,-0.068,0.161,0.985,0,0,0,64.325,NaN,-0.068,0.161,0.985,-0.032,0,0,0.543,3.485,6.415,0.965,NaN,-0.068,0.161,0.985,0.032,0,0,0.534,3.401,6.373,0.932,2,1
176081,1.00000113255792e+18,63875741923445,0.033,1.438,-0.019,0.058,-0.025,-0.005,0.998,NaN,-0.068,0.161,0.985,0,0,0,64.325,NaN,-0.068,0.161,0.985,-0.032,0,0,0.54,3.464,6.415,0.966,NaN,-0.068,0.161,0.985,0.032,0,0,0.533,3.394,6.373,0.931,2,1
176082,1.00000113256293e+18,63875741923456,0.033,1.438,-0.019,0.058,-0.025,-0.005,0.998,NaN,-0.068,0.161,0.985,0,0,0,64.325,NaN,-0.068,0.161,0.985,-0.032,0,0,0.539,3.456,6.415,0.967,NaN,-0.068,0.161,0.985,0.032,0,0,0.532,3.389,6.373,0.931,2,1
176083,1.00000113256794e+18,63875741923456,0.033,1.438,-0.019,0.058,-0.025,-0.005,0.998,NaN,-0.068,0.161,0.985,0,0,0,64.325,NaN,-0.067,0.161,0.985,-0.032,0,0,0.538,3.454,6.415,0.967,NaN,-0.068,0.161,0.985,0.032,0,0,0.531,3.382,6.373,0.93,2,1
176084,1.00000113257295e+18,63875741923468,0.033,1.438,-0.019,0.058,-0.025,-0.005,0.998,NaN,-0.068,0.161,0.985,0,0,0,64.325,NaN,-0.067,0.161,0.985,-0.032,0,0,0.538,3.449,6.415,0.968,NaN,-0.068,0.161,0.985,0.032,0,0,0.53,3.375,6.373,0.929,2,1
176085,1.00000113257796e+18,63875741923468,0.033,1.438,-0.019,0.058,-0.025,-0.005,0.998,NaN,-0.068,0.161,0.985,0,0,0,64.325,NaN,-0.067,0.161,0.985,-0.032,0,0,0.538,3.448,6.415,0.969,NaN,-0.068,0.161,0.985,0.032,0,0,0.528,3.368,6.373,0.929,2,1
176086,1.00000113258297e+18,63875741923468,0.033,1.438,-0.019,0.058,-0.025,-0.005,0.998,NaN,-0.068,0.161,0.985,0,0,0,64.325,NaN,-0.067,0.161,0.985,-0.032,0,0,0.537,3.447,6.415,0.969,NaN,-0.068,0.161,0.985,0.032,0,0,0.527,3.361,6.373,0.929,2,1
176087,1.00000113258798e+18,63875741923478,0.033,1.438,-0.019,0.058,-0.025,-0.005,0.998,NaN,-0.068,0.161,0.985,0,0,0,64.325,NaN,-0.067,0.161,0.985,-0.032,0,0,0.537,3.445,6.415,0.971,NaN,-0.068,0.161,0.985,0.032,0,0,0.526,3.353,6.373,0.928,2,1
176088,1.00000113259298e+18,63875741923490,0.033,1.438,-0.02,0.057,-0.025,-0.005,0.998,NaN,-0.067,0.161,0.985,0,0,0,64.325,NaN,-0.067,0.161,0.985,-0.032,0,0,0.536,3.442,6.415,0.971,NaN,-0.068,0.161,0.985,0.032,0,0,0.525,3.345,6.373,0.928,2,1
176089,1.00000113259799e+18,63875741923490,0.033,1.438,-0.02,0.057,-0.025,-0.005,0.998,NaN,-0.067,0.161,0.985,0,0,0,64.325,NaN,-0.067,0.161,0.985,-0.032,0,0,0.536,3.436,6.415,0.972,NaN,-0.068,0.161,0.985,0.032,0,0,0.524,3.338,6.373,0.927,2,1
176090,1.000001132603e+18,63875741923490,0.033,1.438,-0.02,0.057,-0.025,-0.005,0.998,NaN,-0.067,0.161,0.985,0,0,0,64.325,NaN,-0.067,0.161,0.985,-0.032,0,0,0.535,3.429,6.415,0.972,NaN,-0.067,0.161,0.985,0.032,0,0,0.523,3.332,6.373,0.927,2,1
176091,1.00000113260802e+18,63875741923501,0.033,1.438,-0.02,0.057,-0.025,-0.005,0.998,NaN,-0.067,0.161,0.985,0,0,0,64.325,NaN,-0.067,0.161,0.985,-0.032,0,0,0.532,3.411,6.415,0.972,NaN,-0.067,0.161,0.985,0.032,0,0,0.522,3.327,6.373,0.926,2,1
176092,1.00000113261307e+18,63875741923501,0.033,1.438,-0.02,0.057,-0.025,-0.005,0.998,NaN,-0.067,0.161,0.985,0,0,0,64.325,NaN,-0.067,0.161,0.985,-0.032,0,0,0.53,3.399,6.415,0.972,NaN,-0.067,0.161,0.985,0.032,0,0,0.521,3.323,6.373,0.925,2,1
176093,1.00000113261808e+18,63875741923512,0.033,1.438,-0.02,0.057,-0.024,-0.005,0.998,NaN,-0.067,0.161,0.985,0,0,0,64.325,NaN,-0.067,0.161,0.985,-0.032,0,0,0.529,3.394,6.415,0.973,NaN,-0.067,0.161,0.985,0.032,0,0,0.521,3.318,6.373,0.924,2,1
176094,1.00000113262309e+18,63875741923512,0.033,1.438,-0.02,0.057,-0.024,-0.005,0.998,NaN,-0.067,0.161,0.985,0,0,0,64.325,NaN,-0.067,0.161,0.985,-0.032,0,0,0.528,3.388,6.415,0.973,NaN,-0.067,0.161,0.985,0.032,0,0,0.52,3.314,6.373,0.924,2,1
176095,1.0000011326281e+18,63875741923524,0.033,1.438,-0.02,0.057,-0.024,-0.005,0.998,NaN,-0.067,0.161,0.985,0,0,0,64.325,NaN,-0.067,0.161,0.985,-0.032,0,0,0.528,3.386,6.415,0.973,NaN,-0.067,0.161,0.985,0.032,0,0,0.519,3.309,6.373,0.923,2,1
176096,1.00000113263309e+18,63875741923524,0.033,1.438,-0.02,0.057,-0.024,-0.005,0.998,NaN,-0.067,0.161,0.985,0,0,0,64.325,NaN,-0.067,0.161,0.985,-0.032,0,0,0.527,3.379,6.415,0.973,NaN,-0.067,0.161,0.985,0.032,0,0,0.519,3.305,6.373,0.923,2,1
176097,1.0000011326381e+18,63875741923534,0.033,1.438,-0.02,0.057,-0.024,-0.004,0.998,NaN,-0.068,0.161,0.985,0,0,0,64.325,NaN,-0.067,0.161,0.985,-0.032,0,0,0.525,3.368,6.415,0.974,NaN,-0.068,0.161,0.985,0.032,0,0,0.518,3.3,6.373,0.922,2,1
176098,1.00000113264311e+18,63875741923534,0.033,1.438,-0.02,0.057,-0.024,-0.004,0.998,NaN,-0.068,0.161,0.985,0,0,0,64.325,NaN,-0.068,0.161,0.985,-0.032,0,0,0.523,3.354,6.415,0.974,NaN,-0.068,0.161,0.985,0.032,0,0,0.517,3.294,6.373,0.922,2,1
176099,1.00000113264812e+18,63875741923534,0.033,1.438,-0.02,0.057,-0.024,-0.004,0.998,NaN,-0.068,0.161,0.985,0,0,0,64.325,NaN,-0.068,0.161,0.985,-0.032,0,0,0.522,3.348,6.415,0.974,NaN,-0.068,0.161,0.985,0.032,0,0,0.516,3.289,6.373,0.922,2,1
176100,1.00000113265313e+18,63875741923544,0.033,1.438,-0.02,0.057,-0.023,-0.004,0.998,NaN,-0.068,0.161,0.985,0,0,0,64.325,NaN,-0.068,0.161,0.985,-0.032,0,0,0.521,3.344,6.415,0.974,NaN,-0.068,0.161,0.985,0.032,0,0,0.515,3.284,6.373,0.921,2,1
176101,1.00000113265815e+18,63875741923545,0.033,1.438,-0.02,0.057,-0.023,-0.004,0.998,NaN,-0.068,0.161,0.985,0,0,0,64.325,NaN,-0.068,0.161,0.985,-0.032,0,0,0.521,3.341,6.415,0.974,NaN,-0.068,0.161,0.985,0.032,0,0,0.515,3.28,6.373,0.921,2,1
176102,1.00000113266316e+18,63875741923556,0.033,1.438,-0.02,0.057,-0.023,-0.004,0.998,NaN,-0.068,0.162,0.985,0,0,0,64.325,NaN,-0.068,0.162,0.985,-0.032,0,0,0.52,3.339,6.415,0.975,NaN,-0.068,0.162,0.985,0.032,0,0,0.514,3.275,6.373,0.92,2,1
176103,1.0000011326682e+18,63875741923556,0.033,1.438,-0.02,0.057,-0.023,-0.004,0.998,NaN,-0.068,0.162,0.985,0,0,0,64.325,NaN,-0.068,0.162,0.985,-0.032,0,0,0.52,3.338,6.415,0.975,NaN,-0.068,0.162,0.985,0.032,0,0,0.513,3.272,6.373,0.92,2,1
176104,1.00000113267321e+18,63875741923567,0.033,1.438,-0.02,0.057,-0.022,-0.004,0.998,NaN,-0.068,0.162,0.984,0,0,0,64.325,NaN,-0.068,0.162,0.984,-0.032,0,0,0.52,3.338,6.415,0.975,NaN,-0.068,0.162,0.984,0.032,0,0,0.513,3.268,6.373,0.919,2,1
176105,1.00000113267822e+18,63875741923567,0.033,1.438,-0.02,0.057,-0.022,-0.004,0.998,NaN,-0.067,0.162,0.984,0,0,0,64.325,NaN,-0.067,0.162,0.984,-0.032,0,0,0.52,3.337,6.415,0.975,NaN,-0.067,0.162,0.984,0.032,0,0,0.512,3.264,6.373,0.919,2,1
176106,1.00000113268322e+18,63875741923578,0.033,1.438,-0.02,0.057,-0.022,-0.004,0.998,NaN,-0.067,0.162,0.984,0,0,0,64.325,NaN,-0.067,0.162,0.984,-0.032,0,0,0.519,3.33,6.415,0.976,NaN,-0.067,0.162,0.984,0.032,0,0,0.512,3.261,6.373,0.919,2,1
176107,1.00000113268828e+18,63875741923578,0.033,1.438,-0.02,0.057,-0.022,-0.004,0.998,NaN,-0.067,0.162,0.984,0,0,0,64.325,NaN,-0.067,0.162,0.984,-0.032,0,0,0.518,3.325,6.415,0.976,NaN,-0.067,0.162,0.984,0.032,0,0,0.511,3.256,6.373,0.919,2,1
176108,1.00000113269328e+18,63875741923578,0.033,1.438,-0.02,0.057,-0.022,-0.004,0.998,NaN,-0.067,0.162,0.984,0,0,0,64.325,NaN,-0.067,0.162,0.984,-0.032,0,0,0.516,3.313,6.415,0.976,NaN,-0.067,0.162,0.984,0.032,0,0,0.51,3.248,6.373,0.918,2,0.9703076
176109,1.0000011326983e+18,63875741923589,0.033,1.438,-0.02,0.057,-0.021,-0.004,0.998,NaN,-0.07,0.162,0.984,0,0,0,64.325,NaN,-0.067,0.162,0.985,-0.032,0,0,0.512,3.282,6.415,0.976,NaN,-0.07,0.162,0.984,0.032,0,0,0.506,3.226,6.373,0.917,2,0.1398612
176110,1.00000113270331e+18,63875741923589,0.033,1.438,-0.02,0.057,-0.021,-0.004,0.998,NaN,-0.08,0.16,0.984,0,0,0,64.325,NaN,-0.075,0.16,0.984,-0.032,0,0,0.51,3.27,6.415,0.975,NaN,-0.08,0.16,0.984,0.032,0,0,0.503,3.208,6.373,0.915,2,0
176111,1.00000113270832e+18,63875741923600,0.033,1.438,-0.02,0.057,-0.021,-0.004,0.998,NaN,-0.102,0.157,0.982,0,0,0,64.325,NaN,-0.096,0.157,0.983,-0.032,0,0,0.509,3.268,6.415,0.975,NaN,-0.102,0.157,0.982,0.032,0,0,0.5,3.187,6.373,0.912,2,0
176112,1.00000113271333e+18,63875741923600,0.033,1.438,-0.02,0.057,-0.021,-0.004,0.998,NaN,-0.137,0.152,0.979,0,0,0,64.325,NaN,-0.132,0.153,0.979,-0.032,0,0,0.516,3.311,6.415,0.975,NaN,-0.137,0.152,0.979,0.032,0,0,0.498,3.173,6.373,0.905,2,0
176113,1.00000113271832e+18,63875741923611,0.033,1.438,-0.02,0.057,-0.02,-0.004,0.998,NaN,-0.176,0.147,0.973,0,0,0,64.325,NaN,-0.172,0.147,0.974,-0.032,0,0,0.515,3.306,6.415,0.976,NaN,-0.176,0.147,0.973,0.032,0,0,0.497,3.169,6.373,0.891,2,0
176114,1.00000113272333e+18,63875741923611,0.033,1.438,-0.02,0.057,-0.02,-0.004,0.998,NaN,-0.219,0.141,0.965,0,0,0,64.325,NaN,-0.217,0.141,0.966,-0.032,0,0,0.507,3.253,6.415,0.976,NaN,-0.219,0.141,0.965,0.032,0,0,0.495,3.157,6.373,0.873,2,0
176115,1.00000113272836e+18,63875741923622,0.033,1.438,-0.02,0.057,-0.02,-0.004,0.998,NaN,-0.212,0.134,0.968,0,0,0,64.325,NaN,-0.186,0.134,0.973,-0.032,0,0,0.502,3.221,6.415,0.976,NaN,-0.256,0.132,0.958,0.032,0,0,0.494,3.147,6.373,0.871,0.8665636,0
176116,1.00000113273337e+18,63875741923622,0.033,1.438,-0.02,0.057,-0.02,-0.004,0.998,NaN,-0.251,0.13,0.959,0,0,0,64.325,NaN,-0.197,0.125,0.972,-0.032,0,0,0.473,3.037,6.415,0.975,NaN,-0.279,0.129,0.952,0.032,0,0,0.494,3.148,6.373,0.868,0.7316772,0
176117,1.00000113273837e+18,63875741923633,0.033,1.438,-0.02,0.057,-0.02,-0.003,0.998,NaN,-0.283,0.128,0.951,0,0,0,64.325,NaN,-0.21,0.117,0.971,-0.032,0,0,0.469,3.011,6.415,0.974,NaN,-0.299,0.128,0.946,0.032,0,0,0.496,3.16,6.373,0.867,0.661958,0
176118,1.00000113274339e+18,63875741923634,0.033,1.438,-0.02,0.057,-0.02,-0.003,0.998,NaN,-0.305,0.127,0.944,0,0,0,64.325,NaN,-0.222,0.111,0.969,-0.032,0,0,0.468,3.005,6.415,0.972,NaN,-0.314,0.126,0.941,0.032,0,0,0.498,3.172,6.373,0.866,0.6204501,0
176119,1.00000113274839e+18,63875741923634,0.033,1.438,-0.02,0.057,-0.02,-0.003,0.998,NaN,-0.319,0.126,0.939,0,0,0,64.325,NaN,-0.231,0.106,0.967,-0.032,0,0,0.468,3.004,6.415,0.97,NaN,-0.325,0.126,0.937,0.032,0,0,0.499,3.18,6.373,0.866,0.6007232,0
176120,1.00000113275341e+18,63875741923644,0.033,1.438,-0.02,0.057,-0.02,-0.003,0.998,NaN,-0.329,0.125,0.936,0,0,0,64.325,NaN,-0.238,0.103,0.966,-0.032,0,0,0.468,3,6.415,0.968,NaN,-0.331,0.125,0.935,0.032,0,0,0.5,3.188,6.373,0.865,0.590133,0
176121,1.00000113275842e+18,63875741923644,0.033,1.438,-0.02,0.057,-0.02,-0.003,0.998,NaN,-0.335,0.125,0.934,0,0,0,64.325,NaN,-0.243,0.1,0.965,-0.032,0,0,0.467,2.997,6.415,0.967,NaN,-0.336,0.125,0.933,0.032,0,0,0.501,3.191,6.373,0.866,0.5824803,0
176122,1.00000113276342e+18,63875741923656,0.033,1.438,-0.02,0.057,-0.019,-0.003,0.998,NaN,-0.338,0.125,0.933,0,0,0,64.325,NaN,-0.247,0.097,0.964,-0.032,0,0,0.467,2.993,6.415,0.965,NaN,-0.339,0.125,0.933,0.032,0,0,0.501,3.193,6.373,0.867,0.5784218,0
176123,1.00000113276842e+18,63875741923656,0.033,1.438,-0.02,0.057,-0.019,-0.003,0.998,NaN,-0.34,0.124,0.932,0,0,0,64.325,NaN,-0.249,0.096,0.964,-0.032,0,0,0.466,2.991,6.415,0.964,NaN,-0.341,0.124,0.932,0.032,0,0,0.501,3.194,6.373,0.867,0.5760788,0
176124,1.00000113277345e+18,63875741923667,0.033,1.438,-0.02,0.057,-0.019,-0.003,0.998,NaN,-0.341,0.124,0.932,0,0,0,64.325,NaN,-0.251,0.094,0.963,-0.032,0,0,0.466,2.989,6.415,0.963,NaN,-0.341,0.124,0.932,0.032,0,0,0.501,3.195,6.373,0.867,0.5759392,0
176125,1.00000113277845e+18,63875741923667,0.033,1.438,-0.02,0.057,-0.019,-0.003,0.998,NaN,-0.341,0.124,0.932,0,0,0,64.325,NaN,-0.252,0.093,0.963,-0.032,0,0,0.466,2.987,6.415,0.962,NaN,-0.342,0.124,0.932,0.032,0,0,0.501,3.195,6.373,0.868,0.5761179,0
176126,1.00000113278346e+18,63875741923680,0.033,1.438,-0.019,0.057,-0.019,-0.003,0.998,NaN,-0.342,0.124,0.932,0,0,0,64.325,NaN,-0.253,0.092,0.963,-0.032,0,0,0.465,2.985,6.415,0.962,NaN,-0.342,0.124,0.932,0.032,0,0,0.501,3.195,6.373,0.869,0.5767673,0
176127,1.00000113278847e+18,63875741923680,0.033,1.438,-0.019,0.057,-0.019,-0.003,0.998,NaN,-0.342,0.124,0.932,0,0,0,64.325,NaN,-0.254,0.092,0.963,-0.032,0,0,0.465,2.983,6.415,0.961,NaN,-0.342,0.124,0.932,0.032,0,0,0.501,3.195,6.373,0.869,0.5791587,0
176128,1.00000113279348e+18,63875741923690,0.032,1.438,-0.019,0.057,-0.019,-0.003,0.998,NaN,-0.342,0.124,0.932,0,0,0,64.325,NaN,-0.255,0.092,0.963,-0.032,0,0,0.465,2.98,6.415,0.961,NaN,-0.342,0.124,0.932,0.032,0,0,0.501,3.194,6.373,0.87,0.5816664,0
176129,1.00000113279851e+18,63875741923690,0.032,1.438,-0.019,0.057,-0.019,-0.003,0.998,NaN,-0.342,0.123,0.932,0,0,0,64.325,NaN,-0.255,0.091,0.963,-0.032,0,0,0.464,2.977,6.415,0.96,NaN,-0.342,0.123,0.932,0.032,0,0,0.501,3.194,6.373,0.87,0.5835169,0
176130,1.00000113280352e+18,63875741923690,0.032,1.438,-0.019,0.057,-0.019,-0.003,0.998,NaN,-0.341,0.123,0.932,0,0,0,64.325,NaN,-0.255,0.091,0.963,-0.032,0,0,0.464,2.975,6.415,0.96,NaN,-0.341,0.123,0.932,0.032,0,0,0.501,3.193,6.373,0.872,0.5854434,0
176131,1.00000113280854e+18,63875741923701,0.032,1.438,-0.019,0.057,-0.019,-0.003,0.998,NaN,-0.341,0.123,0.932,0,0,0,64.325,NaN,-0.256,0.091,0.963,-0.032,0,0,0.463,2.972,6.415,0.96,NaN,-0.341,0.123,0.932,0.032,0,0,0.501,3.192,6.373,0.873,0.5882849,0
176132,1.00000113281355e+18,63875741923701,0.032,1.438,-0.019,0.057,-0.019,-0.003,0.998,NaN,-0.341,0.123,0.932,0,0,0,64.325,NaN,-0.256,0.091,0.962,-0.032,0,0,0.463,2.971,6.415,0.96,NaN,-0.341,0.123,0.932,0.032,0,0,0.501,3.191,6.373,0.874,0.5909057,0
176133,1.00000113281856e+18,63875741923712,0.032,1.438,-0.019,0.057,-0.019,-0.003,0.998,NaN,-0.34,0.123,0.932,0,0,0,64.325,NaN,-0.256,0.09,0.962,-0.032,0,0,0.463,2.969,6.415,0.959,NaN,-0.341,0.123,0.932,0.032,0,0,0.501,3.19,6.373,0.875,0.5933748,0
176134,1.00000113282357e+18,63875741923712,0.032,1.438,-0.019,0.057,-0.019,-0.003,0.998,NaN,-0.34,0.123,0.932,0,0,0,64.325,NaN,-0.256,0.09,0.962,-0.032,0,0,0.463,2.967,6.415,0.959,NaN,-0.34,0.123,0.932,0.032,0,0,0.5,3.189,6.373,0.877,0.5946583,0
176135,1.00000113282858e+18,63875741923723,0.032,1.438,-0.019,0.057,-0.019,-0.003,0.998,NaN,-0.34,0.123,0.932,0,0,0,64.325,NaN,-0.256,0.09,0.962,-0.032,0,0,0.462,2.965,6.415,0.959,NaN,-0.34,0.123,0.932,0.032,0,0,0.5,3.188,6.373,0.878,0.5963193,0.6247253
176136,1.00000113283359e+18,63875741923723,0.032,1.438,-0.019,0.057,-0.019,-0.003,0.998,NaN,-0.34,0.123,0.932,0,0,0,64.325,NaN,-0.257,0.09,0.962,-0.032,0,0,0.462,2.964,6.415,0.959,NaN,-0.34,0.123,0.932,0.032,0,0,0.5,3.187,6.373,0.88,0.5975417,0.8601349
176137,1.0000011328386e+18,63875741923734,0.032,1.438,-0.019,0.057,-0.019,-0.003,0.998,NaN,-0.34,0.123,0.932,0,0,0,64.325,NaN,-0.257,0.09,0.962,-0.032,0,0,0.462,2.963,6.415,0.959,NaN,-0.34,0.123,0.932,0.032,0,0,0.5,3.186,6.373,0.881,0.5984684,0.9918994
176138,1.00000113284365e+18,63875741923734,0.032,1.438,-0.019,0.057,-0.019,-0.003,0.998,NaN,-0.34,0.123,0.932,0,0,0,64.325,NaN,-0.257,0.09,0.962,-0.032,0,0,0.462,2.962,6.415,0.959,NaN,-0.34,0.123,0.932,0.032,0,0,0.5,3.185,6.373,0.882,0.5990071,1
176139,1.00000113284866e+18,63875741923734,0.032,1.438,-0.019,0.057,-0.019,-0.003,0.998,NaN,-0.339,0.123,0.933,0,0,0,64.325,NaN,-0.257,0.09,0.962,-0.032,0,0,0.462,2.961,6.415,0.959,NaN,-0.339,0.123,0.933,0.032,0,0,0.5,3.184,6.373,0.883,0.5993187,1
176140,1.00000113285368e+18,63875741923745,0.032,1.438,-0.019,0.057,-0.02,-0.003,0.998,NaN,-0.339,0.123,0.933,0,0,0,64.325,NaN,-0.257,0.089,0.962,-0.032,0,0,0.461,2.959,6.415,0.959,NaN,-0.339,0.123,0.933,0.032,0,0,0.499,3.183,6.373,0.883,0.5993723,1
176141,1.00000113285869e+18,63875741923745,0.032,1.438,-0.019,0.057,-0.02,-0.003,0.998,NaN,-0.339,0.123,0.933,0,0,0,64.325,NaN,-0.257,0.089,0.962,-0.032,0,0,0.461,2.959,6.415,0.959,NaN,-0.339,0.123,0.933,0.032,0,0,0.499,3.182,6.373,0.884,0.5995067,1
176142,1.00000113286371e+18,63875741923756,0.032,1.438,-0.019,0.057,-0.02,-0.003,0.998,NaN,-0.339,0.124,0.933,0,0,0,64.325,NaN,-0.257,0.089,0.962,-0.032,0,0,0.461,2.958,6.415,0.959,NaN,-0.339,0.124,0.933,0.032,0,0,0.499,3.181,6.373,0.885,0.5997377,1
176143,1.00000113286873e+18,63875741923756,0.032,1.438,-0.019,0.057,-0.02,-0.003,0.998,NaN,-0.339,0.124,0.933,0,0,0,64.325,NaN,-0.258,0.089,0.962,-0.032,0,0,0.461,2.957,6.415,0.959,NaN,-0.339,0.124,0.933,0.032,0,0,0.499,3.18,6.373,0.886,0.6001179,1
176144,1.00000113287367e+18,63875741923767,0.032,1.438,-0.019,0.057,-0.02,-0.003,0.998,NaN,-0.339,0.124,0.933,0,0,0,64.325,NaN,-0.258,0.089,0.962,-0.032,0,0,0.461,2.957,6.415,0.959,NaN,-0.339,0.124,0.933,0.032,0,0,0.499,3.18,6.373,0.886,0.6003826,1
176145,1.00000113287868e+18,63875741923767,0.032,1.438,-0.019,0.057,-0.02,-0.003,0.998,NaN,-0.339,0.124,0.933,0,0,0,64.325,NaN,-0.258,0.089,0.962,-0.032,0,0,0.461,2.957,6.415,0.959,NaN,-0.339,0.124,0.933,0.032,0,0,0.499,3.179,6.373,0.887,0.600605,1
176146,1.00000113288371e+18,63875741923779,0.033,1.438,-0.019,0.057,-0.02,-0.003,0.998,NaN,-0.339,0.124,0.933,0,0,0,64.325,NaN,-0.258,0.089,0.962,-0.032,0,0,0.461,2.957,6.415,0.959,NaN,-0.339,0.124,0.933,0.032,0,0,0.499,3.178,6.373,0.888,0.6012896,1
176147,1.00000113288872e+18,63875741923779,0.033,1.438,-0.019,0.057,-0.02,-0.003,0.998,NaN,-0.339,0.123,0.933,0,0,0,64.325,NaN,-0.258,0.089,0.962,-0.032,0,0,0.461,2.956,6.415,0.959,NaN,-0.339,0.123,0.933,0.032,0,0,0.498,3.177,6.373,0.888,0.6017678,1
176148,1.00000113289375e+18,63875741923779,0.033,1.438,-0.019,0.057,-0.02,-0.003,0.998,NaN,-0.339,0.123,0.933,0,0,0,64.325,NaN,-0.258,0.089,0.962,-0.032,0,0,0.461,2.956,6.415,0.959,NaN,-0.339,0.123,0.933,0.032,0,0,0.498,3.176,6.373,0.888,0.6024161,1
176149,1.00000113289877e+18,63875741923790,0.033,1.438,-0.019,0.057,-0.02,-0.003,0.998,NaN,-0.339,0.123,0.933,0,0,0,64.325,NaN,-0.258,0.089,0.962,-0.032,0,0,0.461,2.956,6.415,0.96,NaN,-0.339,0.123,0.933,0.032,0,0,0.498,3.175,6.373,0.889,0.6028433,1
176150,1.00000113290378e+18,63875741923790,0.033,1.438,-0.019,0.057,-0.02,-0.003,0.998,NaN,-0.339,0.123,0.933,0,0,0,64.325,NaN,-0.258,0.089,0.962,-0.032,0,0,0.461,2.956,6.415,0.96,NaN,-0.339,0.123,0.933,0.032,0,0,0.498,3.174,6.373,0.889,0.6035534,1
176151,1.00000113290883e+18,63875741923801,0.033,1.438,-0.019,0.057,-0.02,-0.004,0.998,NaN,-0.339,0.123,0.933,0,0,0,64.325,NaN,-0.258,0.089,0.962,-0.032,0,0,0.461,2.956,6.415,0.96,NaN,-0.339,0.123,0.933,0.032,0,0,0.498,3.174,6.373,0.89,0.6042866,1
176152,1.00000113291384e+18,63875741923801,0.033,1.438,-0.019,0.057,-0.02,-0.004,0.998,NaN,-0.339,0.123,0.933,0,0,0,64.325,NaN,-0.258,0.089,0.962,-0.032,0,0,0.461,2.956,6.415,0.96,NaN,-0.339,0.123,0.933,0.032,0,0,0.498,3.173,6.373,0.89,0.6050317,1
176153,1.00000113291881e+18,63875741923812,0.033,1.438,-0.019,0.057,-0.02,-0.004,0.998,NaN,-0.339,0.123,0.933,0,0,0,64.325,NaN,-0.258,0.089,0.962,-0.032,0,0,0.461,2.956,6.415,0.96,NaN,-0.339,0.123,0.933,0.032,0,0,0.498,3.172,6.373,0.89,0.6055689,1
176154,1.00000113292385e+18,63875741923812,0.033,1.438,-0.019,0.057,-0.02,-0.004,0.998,NaN,-0.339,0.123,0.933,0,0,0,64.325,NaN,-0.258,0.089,0.962,-0.032,0,0,0.461,2.956,6.415,0.96,NaN,-0.339,0.123,0.933,0.032,0,0,0.498,3.172,6.373,0.891,0.6059775,1
176155,1.00000113292888e+18,63875741923823,0.033,1.438,-0.019,0.057,-0.021,-0.004,0.998,NaN,-0.342,0.12,0.932,0,0,0,64.325,NaN,-0.258,0.089,0.962,-0.032,0,0,0.461,2.956,6.415,0.96,NaN,-0.342,0.12,0.932,0.032,0,0,0.497,3.169,6.373,0.892,0.6070373,0.5803905
176156,1.00000113293387e+18,63875741923823,0.033,1.438,-0.019,0.057,-0.021,-0.004,0.998,NaN,-0.342,0.12,0.932,0,0,0,64.325,NaN,-0.258,0.089,0.962,-0.032,0,0,0.461,2.956,6.415,0.96,NaN,-0.342,0.12,0.932,0.032,0,0,0.497,3.167,6.373,0.892,0.6080277,0.002246634
176157,1.00000113293886e+18,63875741923834,0.033,1.438,-0.019,0.057,-0.021,-0.004,0.998,NaN,-0.344,0.116,0.932,0,0,0,64.325,NaN,-0.258,0.089,0.962,-0.032,0,0,0.461,2.956,6.415,0.96,NaN,-0.344,0.116,0.932,0.032,0,0,0.496,3.162,6.373,0.892,0.6085697,0
176158,1.00000113294385e+18,63875741923834,0.033,1.438,-0.019,0.057,-0.021,-0.004,0.998,NaN,-0.347,0.113,0.931,0,0,0,64.325,NaN,-0.258,0.089,0.962,-0.032,0,0,0.461,2.957,6.415,0.96,NaN,-0.347,0.113,0.931,0.032,0,0,0.495,3.156,6.373,0.892,0.6072155,0
176159,1.00000113294886e+18,63875741923834,0.033,1.438,-0.019,0.057,-0.021,-0.004,0.998,NaN,-0.349,0.109,0.931,0,0,0,64.325,NaN,-0.258,0.089,0.962,-0.032,0,0,0.461,2.958,6.415,0.96,NaN,-0.349,0.109,0.931,0.032,0,0,0.494,3.149,6.373,0.893,0.6043033,0
176160,1.00000113295387e+18,63875741923845,0.033,1.438,-0.019,0.057,-0.021,-0.004,0.998,NaN,-0.351,0.106,0.93,0,0,0,64.325,NaN,-0.258,0.089,0.962,-0.032,0,0,0.461,2.959,6.415,0.961,NaN,-0.351,0.106,0.93,0.032,0,0,0.494,3.146,6.373,0.893,0.5994568,0
176161,1.00000113295915e+18,63875741923845,0.033,1.438,-0.019,0.057,-0.021,-0.004,0.998,NaN,-0.353,0.103,0.93,0,0,0,64.325,NaN,-0.258,0.089,0.962,-0.032,0,0,0.461,2.96,6.415,0.961,NaN,-0.353,0.103,0.93,0.032,0,0,0.493,3.142,6.373,0.893,0.5942718,0
176162,1.00000113296416e+18,63875741923856,0.033,1.438,-0.019,0.057,-0.021,-0.004,0.998,NaN,-0.351,0.106,0.93,0,0,0,64.325,NaN,-0.258,0.089,0.962,-0.032,0,0,0.461,2.96,6.415,0.961,NaN,-0.351,0.106,0.93,0.032,0,0,0.493,3.142,6.373,0.894,0.6002819,0
176163,1.00000113296917e+18,63875741923856,0.033,1.438,-0.019,0.057,-0.021,-0.004,0.998,NaN,-0.353,0.103,0.93,0,0,0,64.325,NaN,-0.258,0.089,0.962,-0.032,0,0,0.462,2.962,6.415,0.961,NaN,-0.353,0.103,0.93,0.032,0,0,0.493,3.142,6.373,0.894,0.595997,0
176164,1.0000011329739e+18,63875741923868,0.033,1.438,-0.019,0.057,-0.021,-0.004,0.998,NaN,-0.354,0.101,0.93,0,0,0,64.325,NaN,-0.258,0.089,0.962,-0.032,0,0,0.462,2.965,6.415,0.961,NaN,-0.354,0.101,0.93,0.032,0,0,0.493,3.141,6.373,0.894,0.5915464,0
176165,1.00000113297891e+18,63875741923868,0.033,1.438,-0.019,0.057,-0.021,-0.004,0.998,NaN,-0.355,0.099,0.929,0,0,0,64.325,NaN,-0.258,0.089,0.962,-0.032,0,0,0.462,2.967,6.415,0.961,NaN,-0.355,0.099,0.929,0.032,0,0,0.493,3.141,6.373,0.894,0.5872199,0
176166,1.00000113298394e+18,63875741923879,0.033,1.438,-0.019,0.057,-0.021,-0.004,0.998,NaN,-0.356,0.098,0.929,0,0,0,64.325,NaN,-0.258,0.089,0.962,-0.032,0,0,0.463,2.968,6.415,0.961,NaN,-0.356,0.098,0.929,0.032,0,0,0.493,3.141,6.373,0.894,0.5836898,0
176167,1.00000113298896e+18,63875741923879,0.033,1.438,-0.019,0.057,-0.021,-0.004,0.998,NaN,-0.357,0.097,0.929,0,0,0,64.325,NaN,-0.258,0.089,0.962,-0.032,0,0,0.463,2.97,6.415,0.961,NaN,-0.357,0.097,0.929,0.032,0,0,0.493,3.141,6.373,0.893,0.5806236,0
176168,1.00000113299399e+18,63875741923890,0.033,1.438,-0.019,0.057,-0.021,-0.004,0.998,NaN,-0.358,0.096,0.929,0,0,0,64.325,NaN,-0.258,0.09,0.962,-0.032,0,0,0.463,2.972,6.415,0.962,NaN,-0.358,0.096,0.929,0.032,0,0,0.493,3.14,6.373,0.894,0.5778492,0
176169,1.000001132999e+18,63875741923890,0.033,1.438,-0.019,0.057,-0.021,-0.004,0.998,NaN,-0.358,0.095,0.929,0,0,0,64.325,NaN,-0.258,0.09,0.962,-0.032,0,0,0.464,2.976,6.415,0.962,NaN,-0.358,0.095,0.929,0.032,0,0,0.493,3.14,6.373,0.893,0.5759276,0
176170,1.00000113300399e+18,63875741923890,0.033,1.438,-0.019,0.057,-0.021,-0.004,0.998,NaN,-0.356,0.098,0.929,0,0,0,64.325,NaN,-0.258,0.09,0.962,-0.032,0,0,0.465,2.98,6.415,0.964,NaN,-0.356,0.098,0.929,0.032,0,0,0.493,3.141,6.373,0.894,0.586163,0
176171,1.000001133009e+18,63875741923901,0.033,1.438,-0.019,0.057,-0.021,-0.004,0.998,NaN,-0.356,0.097,0.929,0,0,0,64.325,NaN,-0.258,0.09,0.962,-0.032,0,0,0.465,2.985,6.415,0.967,NaN,-0.356,0.097,0.929,0.032,0,0,0.493,3.143,6.373,0.894,0.5841312,0
176172,1.00000113301401e+18,63875741923901,0.033,1.438,-0.019,0.057,-0.021,-0.004,0.998,NaN,-0.357,0.096,0.929,0,0,0,64.325,NaN,-0.258,0.09,0.962,-0.032,0,0,0.466,2.992,6.415,0.969,NaN,-0.357,0.096,0.929,0.032,0,0,0.493,3.145,6.373,0.893,0.5825842,0
176173,1.00000113301905e+18,63875741923912,0.033,1.438,-0.019,0.058,-0.02,-0.004,0.998,NaN,-0.357,0.095,0.929,0,0,0,64.325,NaN,-0.258,0.091,0.962,-0.032,0,0,0.467,2.995,6.415,0.972,NaN,-0.357,0.095,0.929,0.032,0,0,0.494,3.146,6.373,0.891,0.5810669,0
176174,1.00000113302406e+18,63875741923912,0.033,1.438,-0.019,0.058,-0.02,-0.004,0.998,NaN,-0.357,0.095,0.929,0,0,0,64.325,NaN,-0.258,0.091,0.962,-0.032,0,0,0.467,2.998,6.415,0.975,NaN,-0.357,0.095,0.929,0.032,0,0,0.494,3.147,6.373,0.891,0.5799015,0
176175,1.00000113302904e+18,63875741923923,0.033,1.438,-0.019,0.058,-0.02,-0.004,0.998,NaN,-0.356,0.097,0.93,0,0,0,64.325,NaN,-0.258,0.091,0.962,-0.032,0,0,0.468,3.002,6.415,0.977,NaN,-0.356,0.097,0.93,0.032,0,0,0.494,3.149,6.373,0.891,0.5872311,0
176176,1.00000113303407e+18,63875741923923,0.033,1.438,-0.019,0.058,-0.02,-0.004,0.998,NaN,-0.356,0.096,0.929,0,0,0,64.325,NaN,-0.258,0.091,0.962,-0.032,0,0,0.469,3.006,6.415,0.979,NaN,-0.356,0.096,0.929,0.032,0,0,0.494,3.151,6.373,0.89,0.5862846,0
176177,1.00000113303909e+18,63875741923934,0.033,1.438,-0.019,0.058,-0.02,-0.004,0.998,NaN,-0.356,0.096,0.929,0,0,0,64.325,NaN,-0.258,0.091,0.962,-0.032,0,0,0.469,3.008,6.415,0.981,NaN,-0.356,0.096,0.929,0.032,0,0,0.495,3.153,6.373,0.889,0.5854765,0
176178,1.0000011330441e+18,63875741923934,0.033,1.438,-0.019,0.058,-0.02,-0.004,0.998,NaN,-0.356,0.095,0.929,0,0,0,64.325,NaN,-0.258,0.091,0.962,-0.032,0,0,0.469,3.01,6.415,0.983,NaN,-0.356,0.095,0.929,0.032,0,0,0.495,3.156,6.373,0.889,0.5847646,0
176179,1.00000113304911e+18,63875741923934,0.033,1.438,-0.019,0.058,-0.02,-0.004,0.998,NaN,-0.357,0.095,0.929,0,0,0,64.325,NaN,-0.258,0.091,0.962,-0.032,0,0,0.47,3.013,6.415,0.984,NaN,-0.357,0.095,0.929,0.032,0,0,0.496,3.158,6.373,0.888,0.5841127,0
176180,1.00000113305412e+18,63875741923945,0.033,1.438,-0.019,0.058,-0.02,-0.004,0.998,NaN,-0.356,0.096,0.93,0,0,0,64.325,NaN,-0.258,0.091,0.962,-0.032,0,0,0.47,3.018,6.415,0.986,NaN,-0.356,0.096,0.93,0.032,0,0,0.496,3.162,6.373,0.886,0.5883213,0
176181,1.00000113305913e+18,63875741923945,0.033,1.438,-0.019,0.058,-0.02,-0.004,0.998,NaN,-0.356,0.096,0.93,0,0,0,64.325,NaN,-0.258,0.091,0.962,-0.032,0,0,0.471,3.021,6.415,0.987,NaN,-0.356,0.096,0.93,0.032,0,0,0.497,3.166,6.373,0.885,0.5880428,0
176182,1.00000113306416e+18,63875741923956,0.033,1.438,-0.019,0.058,-0.02,-0.004,0.998,NaN,-0.356,0.095,0.93,0,0,0,64.325,NaN,-0.258,0.091,0.962,-0.032,0,0,0.471,3.024,6.415,0.988,NaN,-0.356,0.095,0.93,0.032,0,0,0.497,3.17,6.373,0.885,0.5878653,0
176183,1.00000113306917e+18,63875741923956,0.033,1.438,-0.019,0.058,-0.02,-0.004,0.998,NaN,-0.356,0.095,0.93,0,0,0,64.325,NaN,-0.258,0.091,0.962,-0.032,0,0,0.472,3.025,6.415,0.989,NaN,-0.356,0.095,0.93,0.032,0,0,0.498,3.175,6.373,0.882,0.5875789,0
176184,1.00000113307418e+18,63875741923968,0.033,1.438,-0.019,0.058,-0.02,-0.004,0.998,NaN,-0.356,0.094,0.93,0,0,0,64.325,NaN,-0.258,0.091,0.962,-0.032,0,0,0.472,3.028,6.415,0.99,NaN,-0.356,0.094,0.93,0.032,0,0,0.499,3.179,6.373,0.88,0.5873966,0
176185,1.00000113307918e+18,63875741923968,0.033,1.438,-0.019,0.058,-0.02,-0.004,0.998,NaN,-0.355,0.096,0.93,0,0,0,64.325,NaN,-0.258,0.091,0.962,-0.032,0,0,0.473,3.035,6.415,0.99,NaN,-0.355,0.096,0.93,0.032,0,0,0.499,3.183,6.373,0.878,0.5928305,0
176186,1.00000113308419e+18,63875741923979,0.033,1.438,-0.019,0.058,-0.02,-0.004,0.998,NaN,-0.354,0.096,0.93,0,0,0,64.325,NaN,-0.258,0.092,0.962,-0.032,0,0,0.474,3.041,6.415,0.991,NaN,-0.354,0.096,0.93,0.032,0,0,0.501,3.19,6.373,0.875,0.6013054,0
176187,1.00000113308921e+18,63875741923979,0.033,1.438,-0.019,0.058,-0.02,-0.004,0.998,NaN,-0.352,0.097,0.931,0,0,0,64.325,NaN,-0.258,0.092,0.962,-0.032,0,0,0.475,3.05,6.415,0.991,NaN,-0.352,0.097,0.931,0.032,0,0,0.502,3.201,6.373,0.871,0.6106273,0
176188,1.00000113309425e+18,63875741923990,0.033,1.438,-0.019,0.058,-0.02,-0.004,0.998,NaN,-0.351,0.099,0.931,0,0,0,64.325,NaN,-0.258,0.093,0.962,-0.032,0,0,0.478,3.067,6.415,0.991,NaN,-0.351,0.099,0.931,0.032,0,0,0.505,3.216,6.373,0.866,0.6174227,0
176189,1.00000113309927e+18,63875741923990,0.033,1.438,-0.019,0.058,-0.02,-0.004,0.998,NaN,-0.35,0.101,0.931,0,0,0,64.325,NaN,-0.258,0.095,0.962,-0.032,0,0,0.487,3.127,6.415,0.99,NaN,-0.35,0.101,0.931,0.032,0,0,0.508,3.237,6.373,0.856,0.6237237,0
176190,1.00000113310428e+18,63875741923990,0.033,1.438,-0.019,0.058,-0.02,-0.004,0.998,NaN,-0.342,0.105,0.934,0,0,0,64.325,NaN,-0.251,0.1,0.963,-0.032,0,0,0.504,3.235,6.415,0.986,NaN,-0.343,0.105,0.934,0.032,0,0,0.516,3.286,6.373,0.843,0.6315888,0
176191,1.00000113310927e+18,63875741924001,0.033,1.438,-0.019,0.058,-0.02,-0.004,0.998,NaN,-0.325,0.11,0.939,0,0,0,64.325,NaN,-0.247,0.101,0.964,-0.032,0,0,0.504,3.236,6.415,0.983,NaN,-0.326,0.11,0.939,0.032,0,0,0.524,3.342,6.373,0.823,0.7274405,0
176192,1.00000113311425e+18,63875741924001,0.033,1.438,-0.019,0.058,-0.02,-0.004,0.998,NaN,-0.289,0.118,0.95,0,0,0,64.325,NaN,-0.231,0.099,0.968,-0.032,0,0,0.482,3.093,6.415,0.973,NaN,-0.29,0.118,0.95,0.032,0,0,0.528,3.363,6.373,0.793,0.901667,0
176193,1.00000113311926e+18,63875741924013,0.033,1.438,-0.019,0.058,-0.02,-0.004,0.998,NaN,-0.229,0.122,0.966,0,0,0,64.325,NaN,-0.204,0.097,0.974,-0.032,0,0,0.455,2.919,6.415,0.949,NaN,-0.23,0.122,0.966,0.032,0,0,0.513,3.272,6.373,0.758,2,0
176194,1.00000113312435e+18,63875741924013,0.033,1.438,-0.019,0.058,-0.02,-0.004,0.998,NaN,-0.173,0.116,0.978,0,0,0,64.325,NaN,-0.162,0.084,0.983,-0.032,0,0,0.438,2.812,6.415,0.911,NaN,-0.182,0.119,0.976,0.032,0,0,0.502,3.197,6.373,0.714,2,0
176195,1.00000113312933e+18,63875741924023,0.033,1.438,-0.019,0.058,-0.02,-0.004,0.998,NaN,-0.179,0.114,0.977,0,0,0,64.325,NaN,-0.17,0.083,0.982,-0.032,0,0,0.426,2.733,6.415,0.868,NaN,-0.137,0.116,0.984,0.032,0,0,0.463,2.952,6.373,0.648,2,0
176196,1.00000113313433e+18,63875741924024,0.033,1.438,-0.019,0.058,-0.02,-0.004,0.998,NaN,-0.179,0.11,0.978,0,0,0,64.325,NaN,-0.173,0.079,0.982,-0.032,0,0,0.424,2.723,6.415,0.827,NaN,NaN,NaN,NaN,NaN,NaN,0.601,2,0,NaN,NaN,NaN,NaN
176197,1.00000113313933e+18,63875741924100,0.033,1.438,-0.019,0.059,-0.02,-0.003,0.998,NaN,NaN,NaN,NaN,NaN,NaN,NaN,NaN,NaN,NaN,NaN,NaN,NaN,NaN,NaN,NaN,NaN,NaN,NaN,NaN,NaN,NaN,NaN,NaN,NaN,NaN,NaN,NaN,NaN,NaN,NaN,NaN
176198,1.00000113314433e+18,63875741924100,0.033,1.438,-0.019,0.059,-0.02,-0.003,0.998,NaN,NaN,NaN,NaN,NaN,NaN,NaN,NaN,NaN,NaN,NaN,NaN,NaN,NaN,NaN,NaN,NaN,NaN,NaN,NaN,NaN,NaN,NaN,NaN,NaN,NaN,NaN,NaN,NaN,NaN,NaN,NaN
176199,1.00000113314937e+18,63875741924100,0.033,1.438,-0.019,0.059,-0.02,-0.003,0.998,NaN,NaN,NaN,NaN,NaN,NaN,NaN,NaN,NaN,NaN,NaN,NaN,NaN,NaN,NaN,NaN,NaN,NaN,NaN,NaN,NaN,NaN,NaN,NaN,NaN,NaN,NaN,NaN,NaN,NaN,NaN,NaN
176200,1.00000113315437e+18,63875741924100,0.033,1.438,-0.019,0.059,-0.02,-0.003,0.998,NaN,NaN,NaN,NaN,NaN,NaN,NaN,NaN,NaN,NaN,NaN,NaN,NaN,NaN,NaN,NaN,NaN,NaN,NaN,NaN,NaN,NaN,NaN,NaN,NaN,NaN,NaN,NaN,NaN,NaN,NaN,NaN
176201,1.00000113315937e+18,63875741924100,0.033,1.438,-0.019,0.059,-0.02,-0.003,0.998,NaN,NaN,NaN,NaN,NaN,NaN,NaN,NaN,NaN,NaN,NaN,NaN,NaN,NaN,NaN,NaN,NaN,NaN,NaN,NaN,NaN,NaN,NaN,NaN,NaN,NaN,NaN,NaN,NaN,NaN,NaN,NaN
176202,1.00000113316437e+18,63875741924100,0.033,1.438,-0.019,0.059,-0.02,-0.003,0.998,NaN,NaN,NaN,NaN,NaN,NaN,NaN,NaN,NaN,NaN,NaN,NaN,NaN,NaN,NaN,NaN,NaN,NaN,NaN,NaN,NaN,NaN,NaN,NaN,NaN,NaN,NaN,NaN,NaN,NaN,NaN,NaN
176203,1.00000113316939e+18,63875741924100,0.033,1.438,-0.019,0.059,-0.02,-0.003,0.998,NaN,NaN,NaN,NaN,NaN,NaN,NaN,NaN,NaN,NaN,NaN,NaN,NaN,NaN,NaN,NaN,NaN,NaN,NaN,NaN,NaN,NaN,NaN,NaN,NaN,NaN,NaN,NaN,NaN,NaN,NaN,NaN
176204,1.00000113317441e+18,63875741924100,0.033,1.438,-0.019,0.059,-0.02,-0.003,0.998,NaN,NaN,NaN,NaN,NaN,NaN,NaN,NaN,NaN,NaN,NaN,NaN,NaN,NaN,NaN,NaN,NaN,NaN,NaN,NaN,NaN,NaN,NaN,NaN,NaN,NaN,NaN,NaN,NaN,NaN,NaN,NaN
176205,1.0000011331794e+18,63875741924100,0.033,1.438,-0.019,0.059,-0.02,-0.003,0.998,NaN,NaN,NaN,NaN,NaN,NaN,NaN,NaN,NaN,NaN,NaN,NaN,NaN,NaN,NaN,NaN,NaN,NaN,NaN,NaN,NaN,NaN,NaN,NaN,NaN,NaN,NaN,NaN,NaN,NaN,NaN,NaN
176206,1.0000011331844e+18,63875741924100,0.033,1.438,-0.019,0.059,-0.02,-0.003,0.998,NaN,NaN,NaN,NaN,NaN,NaN,NaN,NaN,NaN,NaN,NaN,NaN,NaN,NaN,NaN,NaN,NaN,NaN,NaN,NaN,NaN,NaN,NaN,NaN,NaN,NaN,NaN,NaN,NaN,NaN,NaN,NaN
176207,1.0000011331894e+18,63875741924100,0.033,1.438,-0.019,0.059,-0.02,-0.003,0.998,NaN,NaN,NaN,NaN,NaN,NaN,NaN,NaN,NaN,NaN,NaN,NaN,NaN,NaN,NaN,NaN,NaN,NaN,NaN,NaN,NaN,NaN,NaN,NaN,NaN,NaN,NaN,NaN,NaN,NaN,NaN,NaN
176208,1.00000113319447e+18,63875741924100,0.033,1.438,-0.019,0.059,-0.02,-0.003,0.998,NaN,NaN,NaN,NaN,NaN,NaN,NaN,NaN,NaN,NaN,NaN,NaN,NaN,NaN,NaN,NaN,NaN,NaN,NaN,NaN,NaN,NaN,NaN,NaN,NaN,NaN,NaN,NaN,NaN,NaN,NaN,NaN
176209,1.00000113319946e+18,63875741924100,0.033,1.438,-0.019,0.059,-0.02,-0.003,0.998,NaN,NaN,NaN,NaN,NaN,NaN,NaN,NaN,NaN,NaN,NaN,NaN,NaN,NaN,NaN,NaN,NaN,NaN,NaN,NaN,NaN,NaN,NaN,NaN,NaN,NaN,NaN,NaN,NaN,NaN,NaN,NaN
176210,1.00000113320453e+18,63875741924101,0.033,1.438,-0.019,0.059,-0.02,-0.003,0.998,NaN,NaN,NaN,NaN,NaN,NaN,NaN,NaN,NaN,NaN,NaN,NaN,NaN,NaN,NaN,NaN,NaN,NaN,NaN,NaN,NaN,NaN,NaN,NaN,NaN,NaN,NaN,NaN,NaN,NaN,NaN,NaN
176211,1.00000113320952e+18,63875741924101,0.033,1.438,-0.019,0.059,-0.02,-0.003,0.998,NaN,-0.195,-0.157,0.968,0,0,0,64.325,NaN,NaN,NaN,NaN,NaN,NaN,NaN,NaN,-0.494,-0.386,0.779,0.032,0,0,0.416,2.654,6.373,NaN,2,0,NaN,NaN,NaN,NaN
176212,1.00000113321452e+18,63875741924101,0.033,1.438,-0.019,0.059,-0.02,-0.003,0.998,NaN,-0.3,-0.316,0.9,0,0,0,64.325,NaN,NaN,NaN,NaN,NaN,NaN,NaN,NaN,-0.47,-0.401,0.787,0.032,0,0,0.436,2.78,6.373,NaN,2,0,NaN,NaN,NaN,NaN
176213,1.00000113321955e+18,63875741924112,0.033,1.438,-0.019,0.059,-0.021,-0.003,0.998,NaN,-0.262,-0.383,0.886,0,0,0,64.325,NaN,NaN,NaN,NaN,NaN,NaN,NaN,NaN,-0.131,-0.136,0.982,0.032,0,0,0.357,2.276,6.373,NaN,2,0,NaN,NaN,NaN,NaN
176214,1.00000113322455e+18,63875741924112,0.033,1.438,-0.019,0.059,-0.021,-0.003,0.998,NaN,-0.245,-0.415,0.876,0,0,0,64.325,NaN,NaN,NaN,NaN,NaN,NaN,NaN,NaN,-0.114,-0.312,0.943,0.032,0,0,0.356,2.27,6.373,NaN,2,0,NaN,NaN,NaN,NaN
176215,1.00000113322954e+18,63875741924123,0.033,1.438,-0.019,0.059,-0.021,-0.003,0.998,NaN,-0.228,-0.393,0.891,0,0,0,64.325,NaN,NaN,NaN,NaN,NaN,NaN,NaN,NaN,-0.124,-0.347,0.93,0.032,0,0,0.358,2.282,6.373,NaN,2,0,NaN,NaN,NaN,NaN
176216,1.00000113323454e+18,63875741924123,0.033,1.438,-0.019,0.059,-0.021,-0.003,0.998,NaN,-0.205,-0.318,0.926,0,0,0,64.325,NaN,NaN,NaN,NaN,NaN,NaN,NaN,NaN,-0.126,-0.286,0.95,0.032,0,0,0.459,2.926,6.373,NaN,2,0,NaN,NaN,NaN,NaN
176217,1.0000011332396e+18,63875741924134,0.033,1.438,-0.019,0.059,-0.021,-0.003,0.998,NaN,-0.183,-0.282,0.942,0,0,0,64.325,NaN,NaN,NaN,NaN,NaN,NaN,NaN,NaN,-0.128,-0.256,0.958,0.032,0,0,0.464,2.955,6.373,NaN,2,0,NaN,NaN,NaN,NaN
176218,1.0000011332446e+18,63875741924134,0.033,1.438,-0.019,0.059,-0.021,-0.003,0.998,NaN,-0.167,-0.266,0.949,0,0,0,64.325,NaN,NaN,NaN,NaN,NaN,NaN,NaN,NaN,-0.13,-0.247,0.96,0.032,0,0,0.462,2.946,6.373,NaN,2,0,NaN,NaN,NaN,NaN
176219,1.00000113324962e+18,63875741924145,0.033,1.438,-0.019,0.059,-0.021,-0.003,0.998,NaN,-0.156,-0.258,0.953,0,0,0,64.325,NaN,NaN,NaN,NaN,NaN,NaN,NaN,NaN,-0.131,-0.243,0.961,0.032,0,0,0.459,2.928,6.373,NaN,2,0,NaN,NaN,NaN,NaN
176220,1.00000113325463e+18,63875741924145,0.033,1.438,-0.019,0.059,-0.021,-0.003,0.998,NaN,-0.148,-0.253,0.956,0,0,0,64.325,NaN,NaN,NaN,NaN,NaN,NaN,NaN,NaN,-0.131,-0.24,0.962,0.032,0,0,0.456,2.908,6.373,NaN,2,0,NaN,NaN,NaN,NaN
176221,1.00000113325965e+18,63875741924145,0.033,1.438,-0.019,0.059,-0.021,-0.003,0.998,NaN,-0.138,-0.251,0.958,0,0,0,64.325,NaN,NaN,NaN,NaN,NaN,NaN,NaN,NaN,-0.128,-0.241,0.962,0.032,0,0,0.454,2.892,6.373,NaN,2,0,NaN,NaN,NaN,NaN
176222,1.00000113326467e+18,63875741924156,0.033,1.438,-0.019,0.059,-0.021,-0.003,0.998,NaN,-0.134,-0.248,0.96,0,0,0,64.325,NaN,NaN,NaN,NaN,NaN,NaN,NaN,NaN,-0.127,-0.239,0.963,0.032,0,0,0.452,2.879,6.373,NaN,2,0,NaN,NaN,NaN,NaN
176223,1.00000113326965e+18,63875741924156,0.033,1.438,-0.019,0.059,-0.021,-0.003,0.998,NaN,-0.13,-0.246,0.96,0,0,0,64.325,NaN,NaN,NaN,NaN,NaN,NaN,NaN,NaN,-0.126,-0.239,0.963,0.032,0,0,0.447,2.849,6.373,NaN,2,0,NaN,NaN,NaN,NaN
176224,1.00000113327466e+18,63875741924167,0.033,1.438,-0.02,0.059,-0.021,-0.003,0.998,NaN,-0.125,-0.244,0.962,0,0,0,64.325,NaN,NaN,NaN,NaN,NaN,NaN,NaN,NaN,-0.123,-0.238,0.964,0.032,0,0,0.446,2.844,6.373,NaN,2,0,NaN,NaN,NaN,NaN
176225,1.00000113327969e+18,63875741924167,0.033,1.438,-0.02,0.059,-0.021,-0.003,0.998,NaN,-0.121,-0.242,0.963,0,0,0,64.325,NaN,NaN,NaN,NaN,NaN,NaN,NaN,NaN,-0.12,-0.236,0.964,0.032,0,0,0.446,2.844,6.373,NaN,2,0,NaN,NaN,NaN,NaN
176226,1.0000011332847e+18,63875741924178,0.033,1.439,-0.02,0.059,-0.021,-0.003,0.998,NaN,-0.117,-0.241,0.964,0,0,0,64.325,NaN,NaN,NaN,NaN,NaN,NaN,NaN,NaN,-0.117,-0.234,0.965,0.032,0,0,0.447,2.85,6.373,NaN,2,0,NaN,NaN,NaN,NaN
176227,1.00000113328972e+18,63875741924178,0.033,1.439,-0.02,0.059,-0.021,-0.003,0.998,NaN,-0.105,-0.238,0.966,0,0,0,64.325,NaN,NaN,NaN,NaN,NaN,NaN,NaN,NaN,-0.106,-0.226,0.968,0.032,0,0,0.465,2.966,6.373,NaN,2,0,NaN,NaN,NaN,NaN
176228,1.00000113329474e+18,63875741924190,0.033,1.439,-0.02,0.059,-0.021,-0.003,0.998,NaN,-0.092,-0.235,0.968,0,0,0,64.325,NaN,NaN,NaN,NaN,NaN,NaN,NaN,NaN,-0.094,-0.221,0.971,0.032,0,0,0.477,3.037,6.373,NaN,2,0,NaN,NaN,NaN,NaN
176229,1.00000113329977e+18,63875741924190,0.033,1.439,-0.02,0.059,-0.021,-0.003,0.998,NaN,-0.083,-0.228,0.97,0,0,0,64.325,NaN,NaN,NaN,NaN,NaN,NaN,NaN,NaN,-0.085,-0.217,0.972,0.032,0,0,0.48,3.057,6.373,NaN,2,0,NaN,NaN,NaN,NaN
176230,1.00000113330479e+18,63875741924190,0.033,1.439,-0.02,0.059,-0.021,-0.003,0.998,NaN,-0.076,-0.219,0.973,0,0,0,64.325,NaN,NaN,NaN,NaN,NaN,NaN,NaN,NaN,-0.078,-0.215,0.973,0.032,0,0,0.483,3.077,6.373,NaN,2,0,NaN,NaN,NaN,NaN
176231,1.00000113330981e+18,63875741924200,0.033,1.439,-0.02,0.059,-0.021,-0.003,0.998,NaN,-0.071,-0.209,0.975,0,0,0,64.325,NaN,NaN,NaN,NaN,NaN,NaN,NaN,NaN,-0.073,-0.212,0.975,0.032,0,0,0.485,3.093,6.373,NaN,2,0,NaN,NaN,NaN,NaN
176232,1.00000113331478e+18,63875741924200,0.033,1.439,-0.02,0.059,-0.021,-0.003,0.998,NaN,-0.065,-0.196,0.979,0,0,0,64.325,NaN,NaN,NaN,NaN,NaN,NaN,NaN,NaN,-0.066,-0.204,0.977,0.032,0,0,0.495,3.152,6.373,NaN,2,0,NaN,NaN,NaN,NaN
176233,1.0000011333198e+18,63875741924212,0.033,1.439,-0.02,0.059,-0.021,-0.003,0.998,NaN,-0.057,-0.179,0.982,0,0,0,64.325,NaN,NaN,NaN,NaN,NaN,NaN,NaN,NaN,-0.058,-0.191,0.98,0.032,0,0,0.506,3.226,6.373,NaN,2,0,NaN,NaN,NaN,NaN
176234,1.00000113332482e+18,63875741924212,0.033,1.439,-0.02,0.059,-0.021,-0.003,0.998,NaN,-0.051,-0.162,0.985,0,0,0,64.325,NaN,NaN,NaN,NaN,NaN,NaN,NaN,NaN,-0.052,-0.175,0.983,0.032,0,0,0.51,3.253,6.373,NaN,2,0,NaN,NaN,NaN,NaN
176235,1.00000113332984e+18,63875741924223,0.033,1.439,-0.02,0.059,-0.021,-0.003,0.998,NaN,-0.046,-0.149,0.988,0,0,0,64.325,NaN,NaN,NaN,NaN,NaN,NaN,NaN,NaN,-0.047,-0.16,0.986,0.032,0,0,0.512,3.266,6.373,NaN,2,0,NaN,NaN,NaN,NaN
176236,1.00000113333487e+18,63875741924223,0.033,1.439,-0.02,0.059,-0.021,-0.003,0.998,NaN,-0.043,-0.139,0.989,0,0,0,64.325,NaN,NaN,NaN,NaN,NaN,NaN,NaN,NaN,-0.044,-0.148,0.988,0.032,0,0,0.514,3.273,6.373,NaN,2,0,NaN,NaN,NaN,NaN
176237,1.00000113333989e+18,63875741924235,0.033,1.439,-0.02,0.059,-0.021,-0.003,0.998,NaN,-0.041,-0.131,0.99,0,0,0,64.325,NaN,NaN,NaN,NaN,NaN,NaN,NaN,NaN,-0.042,-0.139,0.989,0.032,0,0,0.515,3.279,6.373,NaN,2,0,NaN,NaN,NaN,NaN
176238,1.00000113334491e+18,63875741924235,0.033,1.439,-0.02,0.059,-0.021,-0.003,0.998,NaN,-0.039,-0.119,0.992,0,0,0,64.325,NaN,NaN,NaN,NaN,NaN,NaN,NaN,NaN,-0.04,-0.125,0.991,0.032,0,0,0.519,3.306,6.373,NaN,2,0,NaN,NaN,NaN,NaN
176239,1.00000113334993e+18,63875741924245,0.033,1.439,-0.02,0.059,-0.021,-0.003,0.998,NaN,-0.036,-0.103,0.994,0,0,0,64.325,NaN,NaN,NaN,NaN,NaN,NaN,NaN,NaN,-0.036,-0.108,0.994,0.032,0,0,0.528,3.363,6.373,NaN,2,0,NaN,NaN,NaN,NaN
176240,1.00000113335495e+18,63875741924245,0.033,1.439,-0.02,0.059,-0.021,-0.003,0.998,NaN,-0.033,-0.084,0.996,0,0,0,64.325,NaN,NaN,NaN,NaN,NaN,NaN,NaN,NaN,-0.033,-0.087,0.996,0.032,0,0,0.537,3.421,6.373,NaN,2,0,NaN,NaN,NaN,NaN
176241,1.00000113335997e+18,63875741924245,0.033,1.439,-0.02,0.059,-0.021,-0.003,0.998,NaN,0,-0.088,0.996,0,0,0,64.325,NaN,0.104,-0.095,0.99,-0.032,0,0,0.464,2.975,6.415,0.687,NaN,-0.031,-0.09,0.995,0.032,0,0,0.54,3.442,6.373,0.654,0.475257,0
176242,1.00000113336498e+18,63875741924256,0.033,1.439,-0.02,0.058,-0.021,-0.003,0.998,NaN,0.023,-0.073,0.997,0,0,0,64.325,NaN,0.114,-0.044,0.992,-0.032,0,0,0.467,2.996,6.415,0.692,NaN,-0.017,-0.075,0.997,0.032,0,0,0.541,3.447,6.373,0.661,0.4622532,0
176243,1.00000113337e+18,63875741924256,0.033,1.439,-0.02,0.058,-0.021,-0.003,0.998,NaN,0.038,-0.063,0.997,0,0,0,64.325,NaN,-0.055,0.05,0.997,-0.032,0,0,0.469,3.006,6.415,0.7,NaN,-0.007,-0.064,0.998,0.032,0,0,0.541,3.448,6.373,0.668,2,0
176244,1.000001133375e+18,63875741924268,0.033,1.439,-0.02,0.058,-0.021,-0.003,0.998,NaN,0.042,-0.054,0.998,0,0,0,64.325,NaN,0.023,0.025,0.999,-0.032,0,0,0.472,3.026,6.415,0.709,NaN,0,-0.055,0.998,0.032,0,0,0.542,3.455,6.373,0.678,0.2144494,0
176245,1.00000113337991e+18,63875741924268,0.033,1.439,-0.02,0.058,-0.021,-0.003,0.998,NaN,0.044,-0.047,0.998,0,0,0,64.325,NaN,0.064,0.007,0.998,-0.032,0,0,0.475,3.046,6.415,0.716,NaN,0.004,-0.048,0.999,0.032,0,0,0.543,3.463,6.373,0.683,0.5853477,0
176246,1.00000113338493e+18,63875741924279,0.033,1.439,-0.02,0.058,-0.021,-0.003,0.998,NaN,0.048,-0.049,0.998,0,0,0,64.325,NaN,0.084,-0.013,0.996,-0.032,0,0,0.477,3.062,6.415,0.725,NaN,0.005,-0.049,0.999,0.032,0,0,0.546,3.478,6.373,0.691,0.6708713,0
176247,1.00000113338995e+18,63875741924279,0.033,1.439,-0.02,0.058,-0.021,-0.003,0.998,NaN,0.049,-0.047,0.998,0,0,0,64.325,NaN,0.087,-0.022,0.996,-0.032,0,0,0.481,3.086,6.415,0.732,NaN,0.007,-0.047,0.999,0.032,0,0,0.547,3.485,6.373,0.703,0.7268949,0
176248,1.00000113339496e+18,63875741924290,0.033,1.439,-0.02,0.058,-0.021,-0.003,0.998,NaN,0.048,-0.03,0.998,0,0,0,64.325,NaN,0.085,-0.014,0.996,-0.032,0,0,0.489,3.136,6.415,0.739,NaN,0.009,-0.03,1,0.032,0,0,0.548,3.491,6.373,0.711,0.7986214,0
176249,1.00000113339996e+18,63875741924290,0.033,1.439,-0.02,0.058,-0.021,-0.003,0.998,NaN,0.046,-0.023,0.999,0,0,0,64.325,NaN,0.083,-0.012,0.996,-0.032,0,0,0.52,3.339,6.415,0.751,NaN,0.01,-0.023,1,0.032,0,0,0.549,3.496,6.373,0.714,0.8569989,0
176250,1.00000113340497e+18,63875741924290,0.033,1.439,-0.02,0.058,-0.021,-0.003,0.998,NaN,0.044,-0.014,0.999,0,0,0,64.325,NaN,0.076,-0.008,0.997,-0.032,0,0,0.539,3.461,6.415,0.765,NaN,0.01,-0.014,1,0.032,0,0,0.551,3.511,6.373,0.717,0.961006,0
176251,1.00000113340998e+18,63875741924300,0.033,1.439,-0.02,0.058,-0.021,-0.003,0.998,NaN,0.043,0.001,0.999,0,0,0,64.325,NaN,0.072,0.001,0.997,-0.032,0,0,0.543,3.483,6.415,0.777,NaN,0.012,0.001,1,0.032,0,0,0.553,3.522,6.373,0.721,1.065163,0
176252,1.00000113341501e+18,63875741924300,0.033,1.439,-0.02,0.058,-0.021,-0.003,0.998,NaN,0.042,0.004,0.999,0,0,0,64.325,NaN,0.07,0.002,0.998,-0.032,0,0,0.544,3.487,6.415,0.789,NaN,0.013,0.004,1,0.032,0,0,0.554,3.529,6.373,0.726,1.123898,0
176253,1.00000113342001e+18,63875741924312,0.033,1.439,-0.02,0.058,-0.021,-0.003,0.998,NaN,0.041,0.006,0.999,0,0,0,64.325,NaN,0.067,0.004,0.998,-0.032,0,0,0.55,3.528,6.415,0.801,NaN,0.013,0.006,1,0.032,0,0,0.554,3.534,6.373,0.73,1.185573,0
176254,1.00000113342503e+18,63875741924312,0.033,1.439,-0.02,0.058,-0.021,-0.003,0.998,NaN,0.04,0.009,0.999,0,0,0,64.325,NaN,0.064,0.006,0.998,-0.032,0,0,0.558,3.583,6.415,0.812,NaN,0.013,0.009,1,0.032,0,0,0.556,3.544,6.373,0.735,2,0
176255,1.00000113343006e+18,63875741924323,0.033,1.439,-0.02,0.059,-0.021,-0.003,0.998,NaN,0.039,0.009,0.999,0,0,0,64.325,NaN,0.065,0.006,0.998,-0.032,0,0,0.562,3.605,6.415,0.822,NaN,0.013,0.009,1,0.032,0,0,0.557,3.55,6.373,0.74,2,0
176256,1.00000113343507e+18,63875741924323,0.033,1.439,-0.02,0.059,-0.021,-0.003,0.998,NaN,0.039,0.009,0.999,0,0,0,64.325,NaN,0.065,0.007,0.998,-0.032,0,0,0.563,3.609,6.415,0.832,NaN,0.013,0.009,1,0.032,0,0,0.558,3.554,6.373,0.745,2,0
176257,1.00000113344007e+18,63875741924334,0.033,1.439,-0.02,0.058,-0.021,-0.003,0.998,NaN,0.038,0.013,0.999,0,0,0,64.325,NaN,0.062,0.009,0.998,-0.032,0,0,0.566,3.63,6.415,0.842,NaN,0.014,0.013,1,0.032,0,0,0.56,3.572,6.373,0.751,2,0
176258,1.00000113344508e+18,63875741924334,0.033,1.439,-0.02,0.058,-0.021,-0.003,0.998,NaN,0.037,0.015,0.999,0,0,0,64.325,NaN,0.06,0.01,0.998,-0.032,0,0,0.567,3.64,6.415,0.851,NaN,0.014,0.015,1,0.032,0,0,0.561,3.577,6.373,0.757,2,0
176259,1.00000113345008e+18,63875741924345,0.033,1.439,-0.02,0.059,-0.021,-0.003,0.998,NaN,0.036,0.017,0.999,0,0,0,64.325,NaN,0.058,0.011,0.998,-0.032,0,0,0.571,3.663,6.415,0.859,NaN,0.014,0.017,1,0.032,0,0,0.562,3.58,6.373,0.763,2,0
176260,1.0000011334551e+18,63875741924345,0.033,1.439,-0.02,0.059,-0.021,-0.003,0.998,NaN,0.036,0.018,0.999,0,0,0,64.325,NaN,0.057,0.012,0.998,-0.032,0,0,0.574,3.68,6.415,0.867,NaN,0.014,0.018,1,0.032,0,0,0.562,3.584,6.373,0.769,2,0
176261,1.00000113346013e+18,63875741924345,0.033,1.439,-0.02,0.059,-0.021,-0.003,0.998,NaN,0.035,0.02,0.999,0,0,0,64.325,NaN,0.055,0.012,0.998,-0.032,0,0,0.576,3.696,6.415,0.875,NaN,0.014,0.02,1,0.032,0,0,0.563,3.586,6.373,0.776,2,0
176262,1.00000113346515e+18,63875741924356,0.033,1.439,-0.02,0.058,-0.021,-0.003,0.998,NaN,0.035,0.021,0.999,0,0,0,64.325,NaN,0.054,0.013,0.998,-0.032,0,0,0.578,3.707,6.415,0.881,NaN,0.014,0.021,1,0.032,0,0,0.563,3.587,6.373,0.781,2,0
176263,1.00000113347015e+18,63875741924356,0.033,1.439,-0.02,0.058,-0.021,-0.003,0.998,NaN,0.034,0.021,0.999,0,0,0,64.325,NaN,0.053,0.013,0.998,-0.032,0,0,0.579,3.712,6.415,0.887,NaN,0.014,0.021,1,0.032,0,0,0.563,3.588,6.373,0.787,2,0
176264,1.00000113347513e+18,63875741924367,0.033,1.439,-0.02,0.058,-0.021,-0.003,0.998,NaN,0.034,0.021,0.999,0,0,0,64.325,NaN,0.054,0.014,0.998,-0.032,0,0,0.579,3.714,6.415,0.893,NaN,0.014,0.021,1,0.032,0,0,0.563,3.59,6.373,0.792,2,0
176265,1.00000113348015e+18,63875741924367,0.033,1.439,-0.02,0.058,-0.021,-0.003,0.998,NaN,0.034,0.021,0.999,0,0,0,64.325,NaN,0.055,0.014,0.998,-0.032,0,0,0.579,3.714,6.415,0.898,NaN,0.014,0.021,1,0.032,0,0,0.564,3.592,6.373,0.797,2,0
176266,1.00000113348517e+18,63875741924378,0.033,1.439,-0.02,0.058,-0.02,-0.003,0.998,NaN,0.034,0.02,0.999,0,0,0,64.325,NaN,0.056,0.014,0.998,-0.032,0,0,0.578,3.708,6.415,0.903,NaN,0.014,0.02,1,0.032,0,0,0.564,3.593,6.373,0.802,2,0
176267,1.00000113349018e+18,63875741924378,0.033,1.439,-0.02,0.058,-0.02,-0.003,0.998,NaN,0.034,0.02,0.999,0,0,0,64.325,NaN,0.056,0.014,0.998,-0.032,0,0,0.577,3.701,6.415,0.908,NaN,0.014,0.02,1,0.032,0,0,0.564,3.594,6.373,0.806,2,0
176268,1.0000011334952e+18,63875741924390,0.033,1.439,-0.02,0.058,-0.02,-0.003,0.998,NaN,0.034,0.02,0.999,0,0,0,64.325,NaN,0.055,0.015,0.998,-0.032,0,0,0.576,3.697,6.415,0.912,NaN,0.013,0.02,1,0.032,0,0,0.564,3.595,6.373,0.81,2,0
176269,1.00000113350023e+18,63875741924390,0.033,1.439,-0.02,0.058,-0.02,-0.003,0.998,NaN,0.033,0.02,0.999,0,0,0,64.325,NaN,0.054,0.015,0.998,-0.032,0,0,0.578,3.706,6.415,0.916,NaN,0.013,0.02,1,0.032,0,0,0.564,3.597,6.373,0.814,2,0
176270,1.00000113350523e+18,63875741924400,0.033,1.439,-0.02,0.058,-0.02,-0.003,0.998,NaN,0.033,0.021,0.999,0,0,0,64.325,NaN,0.053,0.016,0.998,-0.032,0,0,0.58,3.722,6.415,0.923,NaN,0.013,0.021,1,0.032,0,0,0.565,3.598,6.373,0.818,2,0.2081025
176271,1.00000113351024e+18,63875741924400,0.033,1.439,-0.02,0.058,-0.02,-0.003,0.998,NaN,0.033,0.021,0.999,0,0,0,64.325,NaN,0.052,0.016,0.999,-0.032,0,0,0.581,3.728,6.415,0.93,NaN,0.013,0.021,1,0.032,0,0,0.565,3.6,6.373,0.821,2,0.5287335
176272,1.00000113351529e+18,63875741924400,0.033,1.439,-0.02,0.058,-0.02,-0.003,0.998,NaN,0.033,0.021,0.999,0,0,0,64.325,NaN,0.052,0.016,0.999,-0.032,0,0,0.581,3.73,6.415,0.935,NaN,0.013,0.021,1,0.032,0,0,0.565,3.601,6.373,0.824,2,0.5667031
176273,1.00000113352033e+18,63875741924412,0.033,1.439,-0.02,0.058,-0.02,-0.003,0.998,NaN,0.032,0.021,0.999,0,0,0,64.325,NaN,0.051,0.017,0.999,-0.032,0,0,0.581,3.73,6.415,0.941,NaN,0.013,0.021,1,0.032,0,0,0.565,3.603,6.373,0.827,2,0.6189752
176274,1.00000113352535e+18,63875741924412,0.033,1.439,-0.02,0.058,-0.02,-0.003,0.998,NaN,0.032,0.021,0.999,0,0,0,64.325,NaN,0.051,0.017,0.999,-0.032,0,0,0.581,3.73,6.415,0.946,NaN,0.012,0.021,1,0.032,0,0,0.566,3.604,6.373,0.83,2,0.7188333
176275,1.00000113353036e+18,63875741924423,0.033,1.439,-0.02,0.058,-0.02,-0.003,0.998,NaN,0.032,0.02,0.999,0,0,0,64.325,NaN,0.051,0.017,0.999,-0.032,0,0,0.581,3.729,6.415,0.95,NaN,0.012,0.02,1,0.032,0,0,0.566,3.605,6.373,0.832,2,0.7273696
176276,1.00000113353538e+18,63875741924423,0.033,1.439,-0.02,0.058,-0.02,-0.003,0.998,NaN,0.031,0.02,0.999,0,0,0,64.325,NaN,0.051,0.017,0.999,-0.032,0,0,0.581,3.73,6.415,0.954,NaN,0.012,0.02,1,0.032,0,0,0.566,3.607,6.373,0.834,2,0.9075477
176277,1.00000113354094e+18,63875741924434,0.033,1.439,-0.02,0.058,-0.02,-0.003,0.998,NaN,0.031,0.02,0.999,0,0,0,64.325,NaN,0.05,0.018,0.999,-0.032,0,0,0.582,3.732,6.415,0.956,NaN,0.012,0.02,1,0.032,0,0,0.566,3.608,6.373,0.836,2,0.9143901
176278,1.00000113354596e+18,63875741924434,0.033,1.439,-0.02,0.058,-0.02,-0.003,0.998,NaN,0.031,0.02,0.999,0,0,0,64.325,NaN,0.05,0.018,0.999,-0.032,0,0,0.582,3.732,6.415,0.959,NaN,0.012,0.02,1,0.032,0,0,0.566,3.609,6.373,0.838,2,0.8991767
176279,1.00000113355064e+18,63875741924445,0.033,1.439,-0.02,0.058,-0.02,-0.003,0.998,NaN,0.03,0.02,0.999,0,0,0,64.325,NaN,0.05,0.018,0.999,-0.032,0,0,0.582,3.732,6.415,0.962,NaN,0.012,0.02,1,0.032,0,0,0.566,3.61,6.373,0.84,2,0.9153836
176280,1.00000113355537e+18,63875741924445,0.033,1.439,-0.02,0.058,-0.02,-0.003,0.998,NaN,0.03,0.02,0.999,0,0,0,64.325,NaN,0.05,0.018,0.999,-0.032,0,0,0.583,3.738,6.415,0.963,NaN,0.012,0.02,1,0.032,0,0,0.567,3.611,6.373,0.841,2,0.9249935
176281,1.00000113356038e+18,63875741924456,0.033,1.439,-0.02,0.058,-0.02,-0.003,0.998,NaN,0.029,0.02,0.999,0,0,0,64.325,NaN,0.05,0.018,0.999,-0.032,0,0,0.583,3.742,6.415,0.965,NaN,0.011,0.02,1,0.032,0,0,0.567,3.613,6.373,0.843,2,0.9193708
176282,1.00000113356537e+18,63875741924456,0.033,1.439,-0.02,0.058,-0.02,-0.003,0.998,NaN,0.029,0.019,0.999,0,0,0,64.325,NaN,0.05,0.017,0.999,-0.032,0,0,0.584,3.743,6.415,0.966,NaN,0.011,0.019,1,0.032,0,0,0.567,3.615,6.373,0.844,2,0.9158283
176283,1.00000113357039e+18,63875741924456,0.033,1.439,-0.02,0.058,-0.02,-0.003,0.998,NaN,0.029,0.019,0.999,0,0,0,64.325,NaN,0.05,0.017,0.999,-0.032,0,0,0.584,3.744,6.415,0.967,NaN,0.011,0.019,1,0.032,0,0,0.568,3.617,6.373,0.845,2,0.9991133
176284,1.00000113357541e+18,63875741924467,0.033,1.439,-0.02,0.058,-0.02,-0.003,0.998,NaN,0.028,0.019,0.999,0,0,0,64.325,NaN,0.049,0.017,0.999,-0.032,0,0,0.584,3.744,6.415,0.969,NaN,0.011,0.019,1,0.032,0,0,0.568,3.619,6.373,0.846,2,0.9932687
176285,1.00000113358043e+18,63875741924467,0.033,1.439,-0.02,0.058,-0.02,-0.003,0.998,NaN,0.028,0.019,0.999,0,0,0,64.325,NaN,0.049,0.017,0.999,-0.032,0,0,0.584,3.744,6.415,0.97,NaN,0.011,0.019,1,0.032,0,0,0.568,3.622,6.373,0.847,2,0.9848313
176286,1.00000113358544e+18,63875741924478,0.033,1.439,-0.02,0.058,-0.02,-0.003,0.998,NaN,0.028,0.019,0.999,0,0,0,64.325,NaN,0.049,0.017,0.999,-0.032,0,0,0.584,3.747,6.415,0.971,NaN,0.011,0.019,1,0.032,0,0,0.569,3.624,6.373,0.848,2,0.9747868
176287,1.00000113359046e+18,63875741924478,0.033,1.439,-0.02,0.058,-0.02,-0.003,0.998,NaN,0.027,0.019,0.999,0,0,0,64.325,NaN,0.049,0.017,0.999,-0.032,0,0,0.585,3.751,6.415,0.973,NaN,0.01,0.019,1,0.032,0,0,0.569,3.625,6.373,0.849,2,1
176288,1.00000113359548e+18,63875741924489,0.033,1.439,-0.02,0.058,-0.02,-0.003,0.998,NaN,0.027,0.018,0.999,0,0,0,64.325,NaN,0.049,0.017,0.999,-0.032,0,0,0.585,3.751,6.415,0.974,NaN,0.01,0.018,1,0.032,0,0,0.569,3.627,6.373,0.85,2,1
176289,1.0000011336005e+18,63875741924490,0.033,1.439,-0.02,0.058,-0.02,-0.003,0.998,NaN,0.027,0.018,0.999,0,0,0,64.325,NaN,0.049,0.017,0.999,-0.032,0,0,0.584,3.744,6.415,0.975,NaN,0.01,0.018,1,0.032,0,0,0.569,3.628,6.373,0.851,2,1
176290,1.00000113360552e+18,63875741924500,0.033,1.439,-0.02,0.058,-0.02,-0.003,0.998,NaN,0.027,0.018,0.999,0,0,0,64.325,NaN,0.049,0.017,0.999,-0.032,0,0,0.583,3.739,6.415,0.976,NaN,0.01,0.018,1,0.032,0,0,0.57,3.63,6.373,0.851,2,1
176291,1.00000113361048e+18,63875741924500,0.033,1.439,-0.02,0.058,-0.02,-0.003,0.998,NaN,0.027,0.018,0.999,0,0,0,64.325,NaN,0.049,0.017,0.999,-0.032,0,0,0.578,3.709,6.415,0.977,NaN,0.01,0.018,1,0.032,0,0,0.57,3.632,6.373,0.852,2,1
176292,1.0000011336155e+18,63875741924500,0.033,1.439,-0.02,0.058,-0.02,-0.003,0.998,NaN,0.027,0.018,0.999,0,0,0,64.325,NaN,0.049,0.017,0.999,-0.032,0,0,0.578,3.71,6.415,0.977,NaN,0.009,0.018,1,0.032,0,0,0.57,3.633,6.373,0.852,2,1
176293,1.0000011336205e+18,63875741924511,0.033,1.439,-0.02,0.058,-0.02,-0.003,0.998,NaN,0.027,0.018,0.999,0,0,0,64.325,NaN,0.05,0.017,0.999,-0.032,0,0,0.579,3.712,6.415,0.978,NaN,0.009,0.018,1,0.032,0,0,0.571,3.636,6.373,0.853,2,1
176294,1.00000113362552e+18,63875741924511,0.033,1.439,-0.02,0.058,-0.02,-0.003,0.998,NaN,0.027,0.018,0.999,0,0,0,64.325,NaN,0.05,0.017,0.999,-0.032,0,0,0.579,3.716,6.415,0.979,NaN,0.009,0.018,1,0.032,0,0,0.571,3.639,6.373,0.853,2,1
176295,1.00000113363051e+18,63875741924523,0.033,1.439,-0.02,0.058,-0.02,-0.003,0.998,NaN,0.027,0.018,0.999,0,0,0,64.325,NaN,0.05,0.017,0.999,-0.032,0,0,0.581,3.728,6.415,0.979,NaN,0.009,0.018,1,0.032,0,0,0.571,3.641,6.373,0.854,2,1
176296,1.00000113363553e+18,63875741924523,0.033,1.439,-0.02,0.058,-0.02,-0.003,0.998,NaN,0.027,0.018,0.999,0,0,0,64.325,NaN,0.05,0.017,0.999,-0.032,0,0,0.582,3.737,6.415,0.979,NaN,0.009,0.018,1,0.032,0,0,0.572,3.644,6.373,0.854,2,1
176297,1.00000113364113e+18,63875741924534,0.033,1.439,-0.02,0.058,-0.02,-0.003,0.998,NaN,0.027,0.017,0.999,0,0,0,64.325,NaN,0.05,0.017,0.999,-0.032,0,0,0.583,3.742,6.415,0.98,NaN,0.008,0.017,1,0.032,0,0,0.572,3.646,6.373,0.854,2,1
176298,1.00000113364596e+18,63875741924534,0.033,1.439,-0.02,0.058,-0.02,-0.003,0.998,NaN,0.026,0.017,1,0,0,0,64.325,NaN,0.05,0.016,0.999,-0.032,0,0,0.586,3.76,6.415,0.98,NaN,0.008,0.017,1,0.032,0,0,0.572,3.648,6.373,0.855,2,1
176299,1.00000113365098e+18,63875741924545,0.033,1.439,-0.02,0.058,-0.02,-0.003,0.998,NaN,0.026,0.017,1,0,0,0,64.325,NaN,0.05,0.016,0.999,-0.032,0,0,0.587,3.766,6.415,0.98,NaN,0.008,0.017,1,0.032,0,0,0.573,3.65,6.373,0.855,2,1
176300,1.00000113365564e+18,63875741924545,0.033,1.439,-0.02,0.058,-0.02,-0.003,0.998,NaN,0.026,0.017,1,0,0,0,64.325,NaN,0.05,0.016,0.999,-0.032,0,0,0.588,3.772,6.415,0.981,NaN,0.008,0.017,1,0.032,0,0,0.573,3.652,6.373,0.855,2,0.9934315
176301,1.00000113366065e+18,63875741924545,0.033,1.439,-0.02,0.058,-0.02,-0.003,0.998,NaN,0.025,0.017,1,0,0,0,64.325,NaN,0.049,0.016,0.999,-0.032,0,0,0.59,3.782,6.415,0.981,NaN,0.007,0.017,1,0.032,0,0,0.573,3.654,6.373,0.855,2,0.8937725
176302,1.00000113366567e+18,63875741924557,0.033,1.439,-0.02,0.057,-0.02,-0.003,0.998,NaN,0.021,0.017,1,0,0,0,64.325,NaN,0.047,0.016,0.999,-0.032,0,0,0.593,3.805,6.415,0.981,NaN,0.003,0.017,1,0.032,0,0,0.573,3.654,6.373,0.856,2,0.4689024
176303,1.00000113367065e+18,63875741924557,0.033,1.439,-0.02,0.057,-0.02,-0.003,0.998,NaN,0.022,0.017,1,0,0,0,64.325,NaN,0.048,0.016,0.999,-0.032,0,0,0.597,3.828,6.415,0.979,NaN,0,0.017,1,0.032,0,0,0.573,3.655,6.373,0.856,2,0
176304,1.00000113367567e+18,63875741924568,0.033,1.439,-0.02,0.057,-0.019,-0.003,0.998,NaN,0.022,0.015,1,0,0,0,64.325,NaN,0.05,0.015,0.999,-0.032,0,0,0.598,3.834,6.415,0.976,NaN,0.001,0.015,1,0.032,0,0,0.574,3.658,6.373,0.857,2,0
176305,1.00000113368069e+18,63875741924568,0.033,1.439,-0.02,0.057,-0.019,-0.003,0.998,NaN,0.024,0.011,1,0,0,0,64.325,NaN,0.06,0.011,0.998,-0.032,0,0,0.582,3.733,6.415,0.972,NaN,0.004,0.011,1,0.032,0,0,0.574,3.66,6.373,0.858,1.144192,0
176306,1.0000011336857e+18,63875741924579,0.033,1.439,-0.02,0.057,-0.019,-0.003,0.998,NaN,0.033,0.006,0.999,0,0,0,64.325,NaN,0.078,0.007,0.997,-0.032,0,0,0.583,3.738,6.415,0.966,NaN,0.007,0.006,1,0.032,0,0,0.574,3.659,6.373,0.862,0.9016606,0
176307,1.00000113369072e+18,63875741924579,0.033,1.439,-0.02,0.057,-0.019,-0.003,0.998,NaN,0.05,0.001,0.999,0,0,0,64.325,NaN,0.098,0.001,0.995,-0.032,0,0,0.589,3.779,6.415,0.96,NaN,0.019,0.001,1,0.032,0,0,0.574,3.66,6.373,0.866,0.8146016,0
176308,1.00000113369574e+18,63875741924590,0.033,1.439,-0.02,0.057,-0.019,-0.003,0.998,NaN,0.068,-0.008,0.998,0,0,0,64.325,NaN,0.113,-0.008,0.994,-0.032,0,0,0.589,3.779,6.415,0.954,NaN,0.037,-0.008,0.999,0.032,0,0,0.575,3.665,6.373,0.872,0.8387226,0
176309,1.00000113370076e+18,63875741924590,0.033,1.439,-0.02,0.057,-0.019,-0.003,0.998,NaN,0.092,-0.017,0.996,0,0,0,64.325,NaN,0.138,-0.016,0.99,-0.032,0,0,0.587,3.765,6.415,0.948,NaN,0.056,-0.017,0.998,0.032,0,0,0.576,3.671,6.373,0.878,0.7735032,0
176310,1.00000113370578e+18,63875741924601,0.033,1.439,-0.02,0.057,-0.019,-0.003,0.998,NaN,0.112,-0.026,0.993,0,0,0,64.325,NaN,0.158,-0.025,0.987,-0.032,0,0,0.584,3.747,6.415,0.943,NaN,0.073,-0.026,0.997,0.032,0,0,0.576,3.673,6.373,0.883,0.7429436,0
176311,1.00000113371074e+18,63875741924601,0.033,1.439,-0.02,0.057,-0.019,-0.003,0.998,NaN,0.128,-0.033,0.991,0,0,0,64.325,NaN,0.173,-0.033,0.984,-0.032,0,0,0.583,3.739,6.415,0.938,NaN,0.087,-0.034,0.996,0.032,0,0,0.576,3.673,6.373,0.888,0.7340492,0
176312,1.00000113371574e+18,63875741924601,0.033,1.439,-0.02,0.057,-0.019,-0.003,0.998,NaN,0.139,-0.04,0.989,0,0,0,64.325,NaN,0.183,-0.039,0.982,-0.032,0,0,0.582,3.736,6.415,0.934,NaN,0.097,-0.04,0.994,0.032,0,0,0.576,3.672,6.373,0.892,0.7339882,0
176313,1.00000113372075e+18,63875741924612,0.033,1.439,-0.02,0.057,-0.019,-0.002,0.998,NaN,0.147,-0.045,0.988,0,0,0,64.325,NaN,0.189,-0.044,0.981,-0.032,0,0,0.582,3.736,6.415,0.931,NaN,0.105,-0.045,0.993,0.032,0,0,0.576,3.672,6.373,0.896,0.7454379,0
176314,1.00000113372578e+18,63875741924612,0.033,1.439,-0.02,0.057,-0.019,-0.002,0.998,NaN,0.152,-0.049,0.987,0,0,0,64.325,NaN,0.193,-0.048,0.98,-0.032,0,0,0.582,3.736,6.415,0.929,NaN,0.11,-0.049,0.993,0.032,0,0,0.576,3.672,6.373,0.899,0.7593555,0
176315,1.0000011337308e+18,63875741924623,0.033,1.439,-0.02,0.058,-0.02,-0.002,0.998,NaN,0.155,-0.052,0.987,0,0,0,64.325,NaN,0.195,-0.051,0.979,-0.032,0,0,0.583,3.739,6.415,0.927,NaN,0.114,-0.052,0.992,0.032,0,0,0.576,3.671,6.373,0.901,0.7739857,0
176316,1.00000113373581e+18,63875741924623,0.033,1.439,-0.02,0.058,-0.02,-0.002,0.998,NaN,0.157,-0.054,0.986,0,0,0,64.325,NaN,0.196,-0.054,0.979,-0.032,0,0,0.583,3.742,6.415,0.925,NaN,0.117,-0.055,0.992,0.032,0,0,0.576,3.671,6.373,0.904,0.7867409,0
176317,1.00000113374082e+18,63875741924634,0.033,1.438,-0.02,0.058,-0.02,-0.002,0.998,NaN,0.159,-0.056,0.986,0,0,0,64.325,NaN,0.197,-0.056,0.979,-0.032,0,0,0.584,3.743,6.415,0.924,NaN,0.119,-0.057,0.991,0.032,0,0,0.576,3.67,6.373,0.906,0.7970122,0
176318,1.00000113374596e+18,63875741924634,0.033,1.438,-0.02,0.058,-0.02,-0.002,0.998,NaN,0.16,-0.058,0.985,0,0,0,64.325,NaN,0.198,-0.057,0.979,-0.032,0,0,0.584,3.744,6.415,0.923,NaN,0.12,-0.058,0.991,0.032,0,0,0.576,3.669,6.373,0.908,0.8052791,0
176319,1.00000113375097e+18,63875741924645,0.033,1.438,-0.02,0.058,-0.02,-0.001,0.998,NaN,0.16,-0.059,0.985,0,0,0,64.325,NaN,0.198,-0.059,0.978,-0.032,0,0,0.584,3.745,6.415,0.922,NaN,0.122,-0.059,0.991,0.032,0,0,0.576,3.669,6.373,0.909,0.8141062,0
176320,1.00000113375599e+18,63875741924645,0.033,1.438,-0.02,0.058,-0.02,-0.001,0.998,NaN,0.161,-0.06,0.985,0,0,0,64.325,NaN,0.199,-0.06,0.978,-0.032,0,0,0.584,3.746,6.415,0.921,NaN,0.122,-0.061,0.991,0.032,0,0,0.576,3.669,6.373,0.91,0.8212867,0
176321,1.000001133761e+18,63875741924645,0.033,1.438,-0.02,0.058,-0.02,-0.001,0.998,NaN,0.161,-0.061,0.985,0,0,0,64.325,NaN,0.199,-0.061,0.978,-0.032,0,0,0.584,3.748,6.415,0.921,NaN,0.123,-0.062,0.99,0.032,0,0,0.576,3.668,6.373,0.911,0.8274481,0
176322,1.0000011337659e+18,63875741924655,0.033,1.438,-0.02,0.058,-0.02,-0.001,0.998,NaN,0.161,-0.062,0.985,0,0,0,64.325,NaN,0.198,-0.062,0.978,-0.032,0,0,0.584,3.749,6.415,0.92,NaN,0.123,-0.062,0.99,0.032,0,0,0.576,3.668,6.373,0.912,0.8326019,0
176323,1.00000113377091e+18,63875741924655,0.033,1.438,-0.02,0.058,-0.02,-0.001,0.998,NaN,0.161,-0.063,0.985,0,0,0,64.325,NaN,0.198,-0.062,0.978,-0.032,0,0,0.585,3.751,6.415,0.919,NaN,0.124,-0.063,0.99,0.032,0,0,0.575,3.667,6.373,0.913,0.8375076,0
176324,1.0000011337759e+18,63875741924667,0.033,1.438,-0.02,0.058,-0.02,-0.001,0.998,NaN,0.162,-0.063,0.985,0,0,0,64.325,NaN,0.198,-0.063,0.978,-0.032,0,0,0.585,3.752,6.415,0.919,NaN,0.124,-0.063,0.99,0.032,0,0,0.575,3.667,6.373,0.914,0.8414763,0
176325,1.00000113378087e+18,63875741924667,0.033,1.438,-0.02,0.058,-0.02,-0.001,0.998,NaN,0.162,-0.063,0.985,0,0,0,64.325,NaN,0.198,-0.063,0.978,-0.032,0,0,0.585,3.754,6.415,0.918,NaN,0.124,-0.064,0.99,0.032,0,0,0.575,3.666,6.373,0.916,0.8457863,0.003719501
176326,1.00000113378588e+18,63875741924678,0.033,1.438,-0.02,0.058,-0.02,-0.001,0.998,NaN,0.161,-0.064,0.985,0,0,0,64.325,NaN,0.198,-0.063,0.978,-0.032,0,0,0.585,3.754,6.415,0.918,NaN,0.124,-0.064,0.99,0.032,0,0,0.575,3.664,6.373,0.916,0.8494241,0.2287889
176327,1.0000011337909e+18,63875741924678,0.033,1.438,-0.02,0.058,-0.02,-0.001,0.998,NaN,0.161,-0.064,0.985,0,0,0,64.325,NaN,0.198,-0.063,0.978,-0.032,0,0,0.585,3.754,6.415,0.918,NaN,0.124,-0.064,0.99,0.032,0,0,0.575,3.663,6.373,0.917,0.8523682,0.4844299
176328,1.00000113379594e+18,63875741924690,0.033,1.438,-0.02,0.058,-0.02,-0.001,0.998,NaN,0.161,-0.064,0.985,0,0,0,64.325,NaN,0.197,-0.063,0.978,-0.032,0,0,0.585,3.754,6.415,0.917,NaN,0.124,-0.064,0.99,0.032,0,0,0.575,3.661,6.373,0.918,0.8550875,0.8872601
176329,1.00000113380097e+18,63875741924690,0.033,1.438,-0.02,0.058,-0.02,-0.001,0.998,NaN,0.159,-0.064,0.985,0,0,0,64.325,NaN,0.194,-0.064,0.979,-0.032,0,0,0.585,3.755,6.415,0.917,NaN,0.124,-0.065,0.99,0.032,0,0,0.574,3.66,6.373,0.918,0.8977809,0.7720394
176330,1.00000113380598e+18,63875741924701,0.033,1.438,-0.02,0.058,-0.021,-0.001,0.998,NaN,0.159,-0.064,0.985,0,0,0,64.325,NaN,0.194,-0.063,0.979,-0.032,0,0,0.585,3.755,6.415,0.916,NaN,0.124,-0.064,0.99,0.032,0,0,0.574,3.658,6.373,0.919,0.8949376,0.6146649
176331,1.000001133811e+18,63875741924701,0.033,1.438,-0.02,0.058,-0.021,-0.001,0.998,NaN,0.159,-0.063,0.985,0,0,0,64.325,NaN,0.194,-0.063,0.979,-0.032,0,0,0.585,3.756,6.415,0.916,NaN,0.124,-0.064,0.99,0.032,0,0,0.574,3.658,6.373,0.919,0.8927971,0.6310383
176332,1.00000113381601e+18,63875741924701,0.033,1.438,-0.02,0.058,-0.021,-0.001,0.998,NaN,0.159,-0.063,0.985,0,0,0,64.325,NaN,0.194,-0.063,0.979,-0.032,0,0,0.585,3.756,6.415,0.916,NaN,0.124,-0.064,0.99,0.032,0,0,0.574,3.657,6.373,0.92,0.8913562,0.6414958
176333,1.00000113382099e+18,63875741924712,0.033,1.438,-0.02,0.059,-0.021,-0.001,0.998,NaN,0.159,-0.063,0.985,0,0,0,64.325,NaN,0.194,-0.063,0.979,-0.032,0,0,0.585,3.755,6.415,0.916,NaN,0.124,-0.063,0.99,0.032,0,0,0.574,3.657,6.373,0.92,0.8911762,0.6545586
176334,1.000001133826e+18,63875741924712,0.033,1.438,-0.02,0.059,-0.021,-0.001,0.998,NaN,0.157,-0.063,0.986,0,0,0,64.325,NaN,0.192,-0.063,0.979,-0.032,0,0,0.585,3.755,6.415,0.915,NaN,0.123,-0.064,0.99,0.032,0,0,0.574,3.656,6.373,0.92,0.9138328,0.4315769
176335,1.00000113383103e+18,63875741924723,0.033,1.438,-0.02,0.059,-0.021,-0.001,0.998,NaN,0.157,-0.063,0.986,0,0,0,64.325,NaN,0.192,-0.063,0.979,-0.032,0,0,0.585,3.754,6.415,0.915,NaN,0.123,-0.064,0.99,0.032,0,0,0.574,3.656,6.373,0.921,0.9123338,0.2225632
176336,1.00000113383603e+18,63875741924723,0.033,1.438,-0.02,0.059,-0.021,-0.001,0.998,NaN,0.157,-0.063,0.986,0,0,0,64.325,NaN,0.192,-0.063,0.979,-0.032,0,0,0.585,3.753,6.415,0.915,NaN,0.123,-0.064,0.99,0.032,0,0,0.574,3.655,6.373,0.921,0.9114817,0.2277133
176337,1.00000113384104e+18,63875741924734,0.033,1.438,-0.02,0.059,-0.021,0,0.998,NaN,0.157,-0.063,0.986,0,0,0,64.325,NaN,0.192,-0.063,0.979,-0.032,0,0,0.585,3.753,6.415,0.915,NaN,0.123,-0.064,0.99,0.032,0,0,0.573,3.655,6.373,0.921,0.911636,0.2212607
176338,1.00000113384605e+18,63875741924734,0.033,1.438,-0.02,0.059,-0.021,0,0.998,NaN,0.157,-0.063,0.986,0,0,0,64.325,NaN,0.192,-0.063,0.979,-0.032,0,0,0.585,3.753,6.415,0.915,NaN,0.123,-0.064,0.99,0.032,0,0,0.573,3.654,6.373,0.921,0.9122356,0.2110437
176339,1.00000113385106e+18,63875741924745,0.033,1.438,-0.02,0.06,-0.021,0,0.998,NaN,0.157,-0.064,0.986,0,0,0,64.325,NaN,0.192,-0.063,0.979,-0.032,0,0,0.585,3.753,6.415,0.915,NaN,0.123,-0.064,0.99,0.032,0,0,0.573,3.654,6.373,0.921,0.9128107,0.21358
176340,1.0000011338561e+18,63875741924745,0.033,1.438,-0.02,0.06,-0.021,0,0.998,NaN,0.157,-0.064,0.985,0,0,0,64.325,NaN,0.192,-0.063,0.979,-0.032,0,0,0.585,3.753,6.415,0.914,NaN,0.123,-0.064,0.99,0.032,0,0,0.573,3.653,6.373,0.921,0.9146532,0.2116971
176341,1.00000113386111e+18,63875741924756,0.033,1.438,-0.019,0.06,-0.021,0,0.998,NaN,0.156,-0.065,0.986,0,0,0,64.325,NaN,0.191,-0.064,0.98,-0.032,0,0,0.585,3.753,6.415,0.914,NaN,0.123,-0.065,0.99,0.032,0,0,0.573,3.653,6.373,0.921,0.9240545,0
176342,1.0000011338661e+18,63875741924757,0.033,1.438,-0.019,0.06,-0.021,0,0.998,NaN,0.156,-0.065,0.986,0,0,0,64.325,NaN,0.191,-0.065,0.98,-0.032,0,0,0.585,3.753,6.415,0.914,NaN,0.123,-0.065,0.99,0.032,0,0,0.573,3.653,6.373,0.922,0.9204001,0
176343,1.00000113387111e+18,63875741924757,0.033,1.438,-0.019,0.06,-0.021,0,0.998,NaN,0.156,-0.065,0.986,0,0,0,64.325,NaN,0.191,-0.065,0.98,-0.032,0,0,0.585,3.753,6.415,0.913,NaN,0.122,-0.065,0.99,0.032,0,0,0.573,3.653,6.373,0.922,0.9171342,0
176344,1.00000113387616e+18,63875741924767,0.032,1.438,-0.019,0.06,-0.021,0,0.998,NaN,0.156,-0.065,0.986,0,0,0,64.325,NaN,0.191,-0.065,0.98,-0.032,0,0,0.585,3.753,6.415,0.913,NaN,0.122,-0.066,0.99,0.032,0,0,0.573,3.654,6.373,0.922,0.9151968,0
176345,1.00000113388117e+18,63875741924768,0.032,1.438,-0.019,0.06,-0.021,0,0.998,NaN,0.156,-0.066,0.986,0,0,0,64.325,NaN,0.189,-0.066,0.98,-0.032,0,0,0.585,3.754,6.415,0.913,NaN,0.122,-0.066,0.99,0.032,0,0,0.573,3.654,6.373,0.922,0.9400398,0
176346,1.00000113388618e+18,63875741924779,0.032,1.438,-0.019,0.06,-0.021,0,0.998,NaN,0.155,-0.067,0.986,0,0,0,64.325,NaN,0.187,-0.067,0.98,-0.032,0,0,0.585,3.755,6.415,0.913,NaN,0.122,-0.067,0.99,0.032,0,0,0.573,3.654,6.373,0.922,0.9704806,0
176347,1.00000113389118e+18,63875741924779,0.032,1.438,-0.019,0.06,-0.021,0,0.998,NaN,0.155,-0.067,0.986,0,0,0,64.325,NaN,0.187,-0.067,0.98,-0.032,0,0,0.585,3.755,6.415,0.913,NaN,0.122,-0.067,0.99,0.032,0,0,0.573,3.654,6.373,0.922,0.9639752,0
176348,1.0000011338962e+18,63875741924790,0.032,1.438,-0.019,0.06,-0.021,0,0.998,NaN,0.155,-0.067,0.986,0,0,0,64.325,NaN,0.187,-0.067,0.98,-0.032,0,0,0.585,3.755,6.415,0.912,NaN,0.122,-0.068,0.99,0.032,0,0,0.573,3.654,6.373,0.922,0.9583705,0
176349,1.00000113390122e+18,63875741924790,0.032,1.438,-0.019,0.06,-0.021,0,0.998,NaN,0.154,-0.068,0.986,0,0,0,64.325,NaN,0.185,-0.068,0.98,-0.032,0,0,0.585,3.755,6.415,0.912,NaN,0.122,-0.068,0.99,0.032,0,0,0.573,3.654,6.373,0.922,0.9894655,0
176350,1.00000113390624e+18,63875741924801,0.032,1.438,-0.019,0.061,-0.021,0.001,0.998,NaN,0.154,-0.068,0.986,0,0,0,64.325,NaN,0.185,-0.068,0.98,-0.032,0,0,0.585,3.755,6.415,0.912,NaN,0.122,-0.068,0.99,0.032,0,0,0.573,3.654,6.373,0.922,0.9823808,0
176351,1.00000113391129e+18,63875741924801,0.032,1.438,-0.019,0.061,-0.021,0.001,0.998,NaN,0.153,-0.069,0.986,0,0,0,64.325,NaN,0.183,-0.068,0.981,-0.032,0,0,0.585,3.755,6.415,0.912,NaN,0.122,-0.069,0.99,0.032,0,0,0.573,3.654,6.373,0.922,1.01649,0
176352,1.00000113391632e+18,63875741924812,0.032,1.438,-0.019,0.061,-0.022,0.001,0.998,NaN,0.152,-0.069,0.986,0,0,0,64.325,NaN,0.181,-0.069,0.981,-0.032,0,0,0.585,3.755,6.415,0.912,NaN,0.122,-0.07,0.99,0.032,0,0,0.573,3.653,6.373,0.922,1.053165,0
176353,1.00000113392125e+18,63875741924823,0.032,1.438,-0.019,0.061,-0.022,0.001,0.998,NaN,0.152,-0.069,0.986,0,0,0,64.325,NaN,0.182,-0.069,0.981,-0.032,0,0,0.585,3.755,6.415,0.912,NaN,0.122,-0.069,0.99,0.032,0,0,0.573,3.653,6.373,0.922,1.036241,0
176354,1.00000113392629e+18,63875741924823,0.032,1.438,-0.019,0.061,-0.022,0.001,0.998,NaN,0.152,-0.069,0.986,0,0,0,64.325,NaN,0.183,-0.069,0.981,-0.032,0,0,0.585,3.755,6.415,0.912,NaN,0.122,-0.069,0.99,0.032,0,0,0.573,3.653,6.373,0.922,1.022821,0
176355,1.00000113393133e+18,63875741924823,0.032,1.438,-0.019,0.061,-0.022,0.001,0.998,NaN,0.153,-0.069,0.986,0,0,0,64.325,NaN,0.184,-0.068,0.981,-0.032,0,0,0.585,3.753,6.415,0.911,NaN,0.122,-0.069,0.99,0.032,0,0,0.573,3.653,6.373,0.922,1.01038,0
176356,1.00000113393636e+18,63875741924835,0.032,1.438,-0.019,0.061,-0.022,0.001,0.998,NaN,0.154,-0.068,0.986,0,0,0,64.325,NaN,0.185,-0.068,0.98,-0.032,0,0,0.583,3.741,6.415,0.911,NaN,0.123,-0.068,0.99,0.032,0,0,0.573,3.653,6.373,0.922,1.013132,0
176357,1.00000113394139e+18,63875741924835,0.032,1.438,-0.019,0.061,-0.022,0.001,0.998,NaN,0.154,-0.067,0.986,0,0,0,64.325,NaN,0.184,-0.067,0.981,-0.032,0,0,0.587,3.769,6.415,0.911,NaN,0.123,-0.068,0.99,0.032,0,0,0.575,3.668,6.373,0.921,1.016872,0
176358,1.00000113394642e+18,63875741924835,0.032,1.438,-0.019,0.061,-0.022,0.001,0.998,NaN,0.15,-0.068,0.986,0,0,0,64.325,NaN,0.181,-0.068,0.981,-0.032,0,0,0.597,3.83,6.415,0.911,NaN,0.12,-0.069,0.99,0.032,0,0,0.576,3.668,6.373,0.918,1.027996,0
176359,1.0000011339514e+18,63875741924845,0.032,1.438,-0.019,0.061,-0.022,0.001,0.998,NaN,0.14,-0.07,0.988,0,0,0,64.325,NaN,0.172,-0.07,0.983,-0.032,0,0,0.602,3.865,6.415,0.912,NaN,0.109,-0.071,0.992,0.032,0,0,0.574,3.659,6.373,0.916,0.9983697,0
176360,1.00000113395634e+18,63875741924845,0.032,1.438,-0.019,0.061,-0.022,0.001,0.998,NaN,0.121,-0.076,0.99,0,0,0,64.325,NaN,0.155,-0.076,0.985,-0.032,0,0,0.598,3.837,6.415,0.912,NaN,0.088,-0.076,0.993,0.032,0,0,0.57,3.631,6.373,0.912,0.9510925,0
176361,1.00000113396137e+18,63875741924856,0.032,1.438,-0.019,0.061,-0.022,0.002,0.998,NaN,0.094,-0.084,0.992,0,0,0,64.325,NaN,0.131,-0.083,0.988,-0.032,0,0,0.59,3.787,6.415,0.912,NaN,0.058,-0.084,0.995,0.032,0,0,0.568,3.622,6.373,0.908,0.8679897,0
176362,1.00000113396641e+18,63875741924856,0.032,1.438,-0.019,0.061,-0.022,0.002,0.998,NaN,0.054,-0.1,0.994,0,0,0,64.325,NaN,0.124,-0.1,0.987,-0.032,0,0,0.588,3.77,6.415,0.913,NaN,0.03,-0.1,0.995,0.032,0,0,0.568,3.623,6.373,0.907,0.6739587,0
176363,1.00000113397144e+18,63875741924856,0.032,1.438,-0.019,0.061,-0.022,0.002,0.998,NaN,0.029,-0.11,0.993,0,0,0,64.325,NaN,0.091,-0.11,0.99,-0.032,0,0,0.587,3.764,6.415,0.913,NaN,0.005,-0.11,0.994,0.032,0,0,0.57,3.633,6.373,0.905,0.7397498,0
176364,1.00000113397648e+18,63875741924868,0.032,1.438,-0.019,0.061,-0.022,0.002,0.998,NaN,0.002,-0.124,0.992,0,0,0,64.325,NaN,0.089,-0.123,0.988,-0.032,0,0,0.587,3.763,6.415,0.913,NaN,-0.015,-0.124,0.992,0.032,0,0,0.572,3.646,6.373,0.904,0.6177804,0
