Frame,CaptureTime,LogTime,HMDPositionX,HMDPositionY,HMDPositionz,HMDRotationX,HMDRotationY,HMDRotationZ,HMDRotationHuh,GazeStatus,CombinedGazeForwardX,CombinedGazeForwardY,CombinedGazeForwardZ,CombinedGazePositionX,CombinedGazePositionY,CombinedGazePositionZ,InterPupillaryDistanceInMM,LeftEyeStatus,LeftEyeForwardX,LeftEyeForwardY,LeftEyeForwardZ,LeftEyePositionX,LeftEyePositionY,LeftEyePositionZ,LeftPupilIrisDiameterRatio,LeftPupilDiameterInMM,LeftIrisDiameterInMM,left Eye Openness,RightEyeStatus,RightEyeForwardX,RightEyeForwardY,RightEyeForwardZ,RightEyePositionX,RightEyePositionY,RightEyePositionZ,RightPupilIrisDiameterRatio,RightPupilDiameterInMM,RightIrisDiameterInMM,Right Eye Openness,FocusDistance,FocusStability
175365,1.00000112896912e+18,63875741920341,0.033,1.439,-0.018,0.056,-0.022,-0.008,0.998,NaN,0.09,0.236,0.968,0,0,0,64.325,NaN,0.133,0.187,0.973,-0.032,0,0,0.66,4.231,6.415,0.917,NaN,0.089,0.236,0.968,0.032,0,0,0.71,4.527,6.373,0.913,0.6361062,0.3482583
175366,1.00000112897414e+18,63875741920341,0.033,1.439,-0.018,0.056,-0.022,-0.008,0.998,NaN,0.09,0.236,0.968,0,0,0,64.325,NaN,0.133,0.186,0.974,-0.032,0,0,0.659,4.231,6.415,0.917,NaN,0.089,0.236,0.968,0.032,0,0,0.712,4.539,6.373,0.913,0.6294022,0.3139404
175367,1.00000112897915e+18,63875741920341,0.033,1.439,-0.018,0.056,-0.022,-0.008,0.998,NaN,0.09,0.235,0.968,0,0,0,64.325,NaN,0.131,0.188,0.973,-0.032,0,0,0.659,4.23,6.415,0.916,NaN,0.09,0.236,0.968,0.032,0,0,0.715,4.558,6.373,0.912,0.6603686,0.2631154
175368,1.00000112898416e+18,63875741920341,0.033,1.439,-0.018,0.056,-0.022,-0.008,0.998,NaN,0.09,0.235,0.968,0,0,0,64.325,NaN,0.128,0.192,0.973,-0.032,0,0,0.659,4.23,6.415,0.915,NaN,0.09,0.236,0.968,0.032,0,0,0.717,4.568,6.373,0.912,0.729781,0.250058
175369,1.00000112898921e+18,63875741920341,0.033,1.439,-0.018,0.056,-0.022,-0.008,0.998,NaN,0.09,0.235,0.968,0,0,0,64.325,NaN,0.124,0.197,0.973,-0.032,0,0,0.659,4.23,6.415,0.913,NaN,0.09,0.235,0.968,0.032,0,0,0.717,4.572,6.373,0.91,2,0.2170381
175370,1.00000112899423e+18,63875741920341,0.033,1.439,-0.018,0.056,-0.022,-0.008,0.998,NaN,0.091,0.235,0.968,0,0,0,64.325,NaN,0.124,0.203,0.971,-0.032,0,0,0.659,4.229,6.415,0.91,NaN,0.09,0.235,0.968,0.032,0,0,0.718,4.573,6.373,0.908,2,0.006211054
175371,1.00000112899924e+18,63875741920341,0.033,1.439,-0.018,0.056,-0.022,-0.008,0.998,NaN,0.091,0.234,0.968,0,0,0,64.325,NaN,0.124,0.199,0.972,-0.032,0,0,0.659,4.226,6.415,0.906,NaN,0.089,0.234,0.968,0.032,0,0,0.718,4.573,6.373,0.903,2,0
175372,1.00000112900426e+18,63875741920341,0.033,1.439,-0.018,0.056,-0.022,-0.008,0.998,NaN,0.091,0.232,0.968,0,0,0,64.325,NaN,0.125,0.197,0.972,-0.032,0,0,0.655,4.199,6.415,0.898,NaN,0.089,0.233,0.969,0.032,0,0,0.717,4.572,6.373,0.895,2,0
175373,1.00000112900928e+18,63875741920341,0.033,1.439,-0.018,0.056,-0.022,-0.008,0.998,NaN,0.09,0.231,0.969,0,0,0,64.325,NaN,0.125,0.195,0.973,-0.032,0,0,0.65,4.17,6.415,0.887,NaN,0.089,0.231,0.969,0.032,0,0,0.717,4.571,6.373,0.884,2,0
175374,1.00000112901431e+18,63875741920341,0.033,1.439,-0.018,0.056,-0.022,-0.008,0.998,NaN,0.09,0.226,0.97,0,0,0,64.325,NaN,0.126,0.192,0.973,-0.032,0,0,0.638,4.091,6.415,0.872,NaN,0.089,0.226,0.97,0.032,0,0,0.715,4.559,6.373,0.868,2,0
175375,1.00000112901933e+18,63875741920341,0.033,1.439,-0.018,0.056,-0.022,-0.008,0.998,NaN,0.091,0.222,0.971,0,0,0,64.325,NaN,0.126,0.187,0.974,-0.032,0,0,0.629,4.038,6.415,0.863,NaN,0.09,0.222,0.971,0.032,0,0,0.693,4.415,6.373,0.848,2,0
175376,1.00000112902435e+18,63875741920341,0.033,1.439,-0.018,0.056,-0.022,-0.008,0.998,NaN,0.095,0.209,0.973,0,0,0,64.325,NaN,0.128,0.183,0.975,-0.032,0,0,0.616,3.949,6.415,0.849,NaN,0.091,0.209,0.974,0.032,0,0,0.688,4.386,6.373,0.827,2,0
175377,1.00000112902936e+18,63875741920341,0.033,1.439,-0.018,0.056,-0.022,-0.008,0.998,NaN,0.099,0.191,0.977,0,0,0,64.325,NaN,0.13,0.166,0.977,-0.032,0,0,0,0,6.415,0.829,NaN,0.091,0.2,0.976,0.032,0,0,0,0,6.373,0.802,2,0
175378,1.00000112903432e+18,63875741920341,0.033,1.439,-0.018,0.056,-0.022,-0.008,0.998,NaN,0.103,0.17,0.98,0,0,0,64.325,NaN,0.134,0.147,0.98,-0.032,0,0,0,0,6.415,0.802,NaN,0.091,0.187,0.978,0.032,0,0,0,0,6.373,0.771,0.8005014,0
175379,1.00000112903932e+18,63875741920341,0.033,1.439,-0.018,0.056,-0.022,-0.008,0.998,NaN,0.118,0.135,0.984,0,0,0,64.325,NaN,0.14,0.123,0.983,-0.032,0,0,0,0,6.415,0.772,NaN,NaN,NaN,NaN,NaN,NaN,0.732,2,0,NaN,NaN,NaN,NaN
175380,1.00000112904435e+18,63875741920342,0.033,1.439,-0.018,0.056,-0.022,-0.008,0.998,NaN,0.134,0.097,0.986,0,0,0,64.325,NaN,0.148,0.094,0.985,-0.032,0,0,0,0,6.415,0.74,NaN,NaN,NaN,NaN,NaN,NaN,0.695,2,0,NaN,NaN,NaN,NaN
175381,1.00000112904939e+18,63875741920342,0.033,1.439,-0.018,0.056,-0.022,-0.008,0.998,NaN,0.146,0.07,0.987,0,0,0,64.325,NaN,0.154,0.07,0.986,-0.032,0,0,0,0,6.415,0.707,NaN,NaN,NaN,NaN,NaN,NaN,0.656,2,0,NaN,NaN,NaN,NaN
175382,1.00000112905441e+18,63875741920342,0.033,1.439,-0.018,0.056,-0.022,-0.008,0.998,NaN,0.152,0.043,0.987,0,0,0,64.325,NaN,0.157,0.046,0.987,-0.032,0,0,0,0,6.415,0.672,NaN,NaN,NaN,NaN,NaN,NaN,0.616,2,0,NaN,NaN,NaN,NaN
175383,1.00000112905943e+18,63875741920342,0.033,1.439,-0.018,0.056,-0.022,-0.008,0.998,NaN,NaN,NaN,NaN,NaN,NaN,NaN,NaN,NaN,NaN,NaN,NaN,NaN,NaN,NaN,NaN,NaN,NaN,NaN,NaN,NaN,NaN,NaN,NaN,NaN,NaN,NaN,NaN,NaN,NaN,NaN,NaN
175384,1.00000112906445e+18,63875741920342,0.033,1.439,-0.018,0.056,-0.022,-0.008,0.998,NaN,NaN,NaN,NaN,NaN,NaN,NaN,NaN,NaN,NaN,NaN,NaN,NaN,NaN,NaN,NaN,NaN,NaN,NaN,NaN,NaN,NaN,NaN,NaN,NaN,NaN,NaN,NaN,NaN,NaN,NaN,NaN
175385,1.00000112906947e+18,63875741920342,0.033,1.439,-0.018,0.056,-0.022,-0.008,0.998,NaN,NaN,NaN,NaN,NaN,NaN,NaN,NaN,NaN,NaN,NaN,NaN,NaN,NaN,NaN,NaN,NaN,NaN,NaN,NaN,NaN,NaN,NaN,NaN,NaN,NaN,NaN,NaN,NaN,NaN,NaN,NaN
175386,1.0000011290745e+18,63875741920342,0.033,1.439,-0.018,0.056,-0.022,-0.008,0.998,NaN,NaN,NaN,NaN,NaN,NaN,NaN,NaN,NaN,NaN,NaN,NaN,NaN,NaN,NaN,NaN,NaN,NaN,NaN,NaN,NaN,NaN,NaN,NaN,NaN,NaN,NaN,NaN,NaN,NaN,NaN,NaN
175387,1.00000112907952e+18,63875741920342,0.033,1.439,-0.018,0.056,-0.022,-0.008,0.998,NaN,NaN,NaN,NaN,NaN,NaN,NaN,NaN,NaN,NaN,NaN,NaN,NaN,NaN,NaN,NaN,NaN,NaN,NaN,NaN,NaN,NaN,NaN,NaN,NaN,NaN,NaN,NaN,NaN,NaN,NaN,NaN
175388,1.00000112908454e+18,63875741920342,0.033,1.439,-0.018,0.056,-0.022,-0.008,0.998,NaN,NaN,NaN,NaN,NaN,NaN,NaN,NaN,NaN,NaN,NaN,NaN,NaN,NaN,NaN,NaN,NaN,NaN,NaN,NaN,NaN,NaN,NaN,NaN,NaN,NaN,NaN,NaN,NaN,NaN,NaN,NaN
175389,1.00000112908948e+18,63875741920342,0.033,1.439,-0.018,0.056,-0.022,-0.008,0.998,NaN,NaN,NaN,NaN,NaN,NaN,NaN,NaN,NaN,NaN,NaN,NaN,NaN,NaN,NaN,NaN,NaN,NaN,NaN,NaN,NaN,NaN,NaN,NaN,NaN,NaN,NaN,NaN,NaN,NaN,NaN,NaN
175390,1.00000112909448e+18,63875741920342,0.033,1.439,-0.018,0.056,-0.022,-0.008,0.998,NaN,NaN,NaN,NaN,NaN,NaN,NaN,NaN,NaN,NaN,NaN,NaN,NaN,NaN,NaN,NaN,NaN,NaN,NaN,NaN,NaN,NaN,NaN,NaN,NaN,NaN,NaN,NaN,NaN,NaN,NaN,NaN
175391,1.00000112909946e+18,63875741920342,0.033,1.439,-0.018,0.056,-0.022,-0.008,0.998,NaN,NaN,NaN,NaN,NaN,NaN,NaN,NaN,NaN,NaN,NaN,NaN,NaN,NaN,NaN,NaN,NaN,NaN,NaN,NaN,NaN,NaN,NaN,NaN,NaN,NaN,NaN,NaN,NaN,NaN,NaN,NaN
175392,1.00000112910447e+18,63875741920342,0.033,1.439,-0.018,0.056,-0.022,-0.008,0.998,NaN,NaN,NaN,NaN,NaN,NaN,NaN,NaN,NaN,NaN,NaN,NaN,NaN,NaN,NaN,NaN,NaN,NaN,NaN,NaN,NaN,NaN,NaN,NaN,NaN,NaN,NaN,NaN,NaN,NaN,NaN,NaN
175393,1.00000112910948e+18,63875741920342,0.033,1.439,-0.018,0.056,-0.022,-0.008,0.998,NaN,NaN,NaN,NaN,NaN,NaN,NaN,NaN,NaN,NaN,NaN,NaN,NaN,NaN,NaN,NaN,NaN,NaN,NaN,NaN,NaN,NaN,NaN,NaN,NaN,NaN,NaN,NaN,NaN,NaN,NaN,NaN
175394,1.00000112911453e+18,63875741920342,0.033,1.439,-0.018,0.056,-0.022,-0.008,0.998,NaN,NaN,NaN,NaN,NaN,NaN,NaN,NaN,NaN,NaN,NaN,NaN,NaN,NaN,NaN,NaN,NaN,NaN,NaN,NaN,NaN,NaN,NaN,NaN,NaN,NaN,NaN,NaN,NaN,NaN,NaN,NaN
175395,1.00000112911954e+18,63875741920342,0.033,1.439,-0.018,0.056,-0.022,-0.008,0.998,NaN,NaN,NaN,NaN,NaN,NaN,NaN,NaN,NaN,NaN,NaN,NaN,NaN,NaN,NaN,NaN,NaN,NaN,NaN,NaN,NaN,NaN,NaN,NaN,NaN,NaN,NaN,NaN,NaN,NaN,NaN,NaN
175396,1.00000112912456e+18,63875741920342,0.033,1.439,-0.018,0.056,-0.022,-0.008,0.998,NaN,NaN,NaN,NaN,NaN,NaN,NaN,NaN,NaN,NaN,NaN,NaN,NaN,NaN,NaN,NaN,NaN,NaN,NaN,NaN,NaN,NaN,NaN,NaN,NaN,NaN,NaN,NaN,NaN,NaN,NaN,NaN
175397,1.00000112912957e+18,63875741920342,0.033,1.439,-0.018,0.056,-0.022,-0.008,0.998,NaN,NaN,NaN,NaN,NaN,NaN,NaN,NaN,NaN,NaN,NaN,NaN,NaN,NaN,NaN,NaN,NaN,NaN,NaN,NaN,NaN,NaN,NaN,NaN,NaN,NaN,NaN,NaN,NaN,NaN,NaN,NaN
175398,1.00000112913458e+18,63875741920342,0.033,1.439,-0.018,0.056,-0.022,-0.008,0.998,NaN,NaN,NaN,NaN,NaN,NaN,NaN,NaN,NaN,NaN,NaN,NaN,NaN,NaN,NaN,NaN,NaN,NaN,NaN,NaN,NaN,NaN,NaN,NaN,NaN,NaN,NaN,NaN,NaN,NaN,NaN,NaN
175399,1.00000112913958e+18,63875741920342,0.033,1.439,-0.018,0.056,-0.022,-0.008,0.998,NaN,NaN,NaN,NaN,NaN,NaN,NaN,NaN,NaN,NaN,NaN,NaN,NaN,NaN,NaN,NaN,NaN,NaN,NaN,NaN,NaN,NaN,NaN,NaN,NaN,NaN,NaN,NaN,NaN,NaN,NaN,NaN
175400,1.00000112914459e+18,63875741920342,0.033,1.439,-0.018,0.056,-0.022,-0.008,0.998,NaN,NaN,NaN,NaN,NaN,NaN,NaN,NaN,NaN,NaN,NaN,NaN,NaN,NaN,NaN,NaN,NaN,NaN,NaN,NaN,NaN,NaN,NaN,NaN,NaN,NaN,NaN,NaN,NaN,NaN,NaN,NaN
175401,1.00000112914959e+18,63875741920342,0.033,1.439,-0.018,0.056,-0.022,-0.008,0.998,NaN,NaN,NaN,NaN,NaN,NaN,NaN,NaN,NaN,NaN,NaN,NaN,NaN,NaN,NaN,NaN,NaN,NaN,NaN,NaN,NaN,NaN,NaN,NaN,NaN,NaN,NaN,NaN,NaN,NaN,NaN,NaN
175402,1.0000011291546e+18,63875741920342,0.033,1.439,-0.018,0.056,-0.022,-0.008,0.998,NaN,NaN,NaN,NaN,NaN,NaN,NaN,NaN,NaN,NaN,NaN,NaN,NaN,NaN,NaN,NaN,NaN,NaN,NaN,NaN,NaN,NaN,NaN,NaN,NaN,NaN,NaN,NaN,NaN,NaN,NaN,NaN
175403,1.00000112915962e+18,63875741920342,0.033,1.439,-0.018,0.056,-0.022,-0.008,0.998,NaN,NaN,NaN,NaN,NaN,NaN,NaN,NaN,NaN,NaN,NaN,NaN,NaN,NaN,NaN,NaN,NaN,NaN,NaN,NaN,NaN,NaN,NaN,NaN,NaN,NaN,NaN,NaN,NaN,NaN,NaN,NaN
175404,1.00000112916463e+18,63875741920342,0.033,1.439,-0.018,0.056,-0.022,-0.008,0.998,NaN,NaN,NaN,NaN,NaN,NaN,NaN,NaN,NaN,NaN,NaN,NaN,NaN,NaN,NaN,NaN,NaN,NaN,NaN,NaN,NaN,NaN,NaN,NaN,NaN,NaN,NaN,NaN,NaN,NaN,NaN,NaN
175405,1.00000112916963e+18,63875741920342,0.033,1.439,-0.018,0.056,-0.022,-0.008,0.998,NaN,NaN,NaN,NaN,NaN,NaN,NaN,NaN,NaN,NaN,NaN,NaN,NaN,NaN,NaN,NaN,NaN,NaN,NaN,NaN,NaN,NaN,NaN,NaN,NaN,NaN,NaN,NaN,NaN,NaN,NaN,NaN
175406,1.00000112917464e+18,63875741920342,0.033,1.439,-0.018,0.056,-0.022,-0.008,0.998,NaN,NaN,NaN,NaN,NaN,NaN,NaN,NaN,NaN,NaN,NaN,NaN,NaN,NaN,NaN,NaN,NaN,NaN,NaN,NaN,NaN,NaN,NaN,NaN,NaN,NaN,NaN,NaN,NaN,NaN,NaN,NaN
175407,1.00000112917965e+18,63875741920342,0.033,1.439,-0.018,0.056,-0.022,-0.008,0.998,NaN,NaN,NaN,NaN,NaN,NaN,NaN,NaN,NaN,NaN,NaN,NaN,NaN,NaN,NaN,NaN,NaN,NaN,NaN,NaN,NaN,NaN,NaN,NaN,NaN,NaN,NaN,NaN,NaN,NaN,NaN,NaN
175408,1.00000112918466e+18,63875741920342,0.033,1.439,-0.018,0.056,-0.022,-0.008,0.998,NaN,NaN,NaN,NaN,NaN,NaN,NaN,NaN,NaN,NaN,NaN,NaN,NaN,NaN,NaN,NaN,NaN,NaN,NaN,NaN,NaN,NaN,NaN,NaN,NaN,NaN,NaN,NaN,NaN,NaN,NaN,NaN
175409,1.00000112918972e+18,63875741920342,0.033,1.439,-0.018,0.056,-0.022,-0.008,0.998,NaN,NaN,NaN,NaN,NaN,NaN,NaN,NaN,NaN,NaN,NaN,NaN,NaN,NaN,NaN,NaN,NaN,NaN,NaN,NaN,NaN,NaN,NaN,NaN,NaN,NaN,NaN,NaN,NaN,NaN,NaN,NaN
175410,1.00000112919472e+18,63875741920342,0.033,1.439,-0.018,0.056,-0.022,-0.008,0.998,NaN,NaN,NaN,NaN,NaN,NaN,NaN,NaN,NaN,NaN,NaN,NaN,NaN,NaN,NaN,NaN,NaN,NaN,NaN,NaN,NaN,NaN,NaN,NaN,NaN,NaN,NaN,NaN,NaN,NaN,NaN,NaN
175411,1.00000112919973e+18,63875741920342,0.033,1.439,-0.018,0.056,-0.022,-0.008,0.998,NaN,NaN,NaN,NaN,NaN,NaN,NaN,NaN,NaN,NaN,NaN,NaN,NaN,NaN,NaN,NaN,NaN,NaN,NaN,NaN,NaN,NaN,NaN,NaN,NaN,NaN,NaN,NaN,NaN,NaN,NaN,NaN
175412,1.00000112920473e+18,63875741920342,0.033,1.439,-0.018,0.056,-0.022,-0.008,0.998,NaN,NaN,NaN,NaN,NaN,NaN,NaN,NaN,NaN,NaN,NaN,NaN,NaN,NaN,NaN,NaN,NaN,NaN,NaN,NaN,NaN,NaN,NaN,NaN,NaN,NaN,NaN,NaN,NaN,NaN,NaN,NaN
175413,1.00000112920974e+18,63875741920342,0.033,1.439,-0.018,0.056,-0.022,-0.008,0.998,NaN,NaN,NaN,NaN,NaN,NaN,NaN,NaN,NaN,NaN,NaN,NaN,NaN,NaN,NaN,NaN,NaN,NaN,NaN,NaN,NaN,NaN,NaN,NaN,NaN,NaN,NaN,NaN,NaN,NaN,NaN,NaN
175414,1.00000112921475e+18,63875741920342,0.033,1.439,-0.018,0.056,-0.022,-0.008,0.998,NaN,NaN,NaN,NaN,NaN,NaN,NaN,NaN,NaN,NaN,NaN,NaN,NaN,NaN,NaN,NaN,NaN,NaN,NaN,NaN,NaN,NaN,NaN,NaN,NaN,NaN,NaN,NaN,NaN,NaN,NaN,NaN
175415,1.00000112921977e+18,63875741920342,0.033,1.439,-0.018,0.056,-0.022,-0.008,0.998,NaN,NaN,NaN,NaN,NaN,NaN,NaN,NaN,NaN,NaN,NaN,NaN,NaN,NaN,NaN,NaN,NaN,NaN,NaN,NaN,NaN,NaN,NaN,NaN,NaN,NaN,NaN,NaN,NaN,NaN,NaN,NaN
175416,1.00000112922479e+18,63875741920342,0.033,1.439,-0.018,0.056,-0.022,-0.008,0.998,NaN,NaN,NaN,NaN,NaN,NaN,NaN,NaN,NaN,NaN,NaN,NaN,NaN,NaN,NaN,NaN,NaN,NaN,NaN,NaN,NaN,NaN,NaN,NaN,NaN,NaN,NaN,NaN,NaN,NaN,NaN,NaN
175417,1.00000112922982e+18,63875741920342,0.033,1.439,-0.018,0.056,-0.022,-0.008,0.998,NaN,NaN,NaN,NaN,NaN,NaN,NaN,NaN,NaN,NaN,NaN,NaN,NaN,NaN,NaN,NaN,NaN,NaN,NaN,NaN,NaN,NaN,NaN,NaN,NaN,NaN,NaN,NaN,NaN,NaN,NaN,NaN
175418,1.00000112923484e+18,63875741920342,0.033,1.439,-0.018,0.056,-0.022,-0.008,0.998,NaN,NaN,NaN,NaN,NaN,NaN,NaN,NaN,NaN,NaN,NaN,NaN,NaN,NaN,NaN,NaN,NaN,NaN,NaN,NaN,NaN,NaN,NaN,NaN,NaN,NaN,NaN,NaN,NaN,NaN,NaN,NaN
175419,1.00000112923986e+18,63875741920342,0.033,1.439,-0.018,0.056,-0.022,-0.008,0.998,NaN,NaN,NaN,NaN,NaN,NaN,NaN,NaN,NaN,NaN,NaN,NaN,NaN,NaN,NaN,NaN,NaN,NaN,NaN,NaN,NaN,NaN,NaN,NaN,NaN,NaN,NaN,NaN,NaN,NaN,NaN,NaN
175420,1.00000112924489e+18,63875741920342,0.033,1.439,-0.018,0.056,-0.022,-0.008,0.998,NaN,NaN,NaN,NaN,NaN,NaN,NaN,NaN,NaN,NaN,NaN,NaN,NaN,NaN,NaN,NaN,NaN,NaN,NaN,NaN,NaN,NaN,NaN,NaN,NaN,NaN,NaN,NaN,NaN,NaN,NaN,NaN
175421,1.00000112924989e+18,63875741920342,0.033,1.439,-0.018,0.056,-0.022,-0.008,0.998,NaN,NaN,NaN,NaN,NaN,NaN,NaN,NaN,NaN,NaN,NaN,NaN,NaN,NaN,NaN,NaN,NaN,NaN,NaN,NaN,NaN,NaN,NaN,NaN,NaN,NaN,NaN,NaN,NaN,NaN,NaN,NaN
175422,1.00000112925491e+18,63875741920342,0.033,1.439,-0.018,0.056,-0.022,-0.008,0.998,NaN,0.548,0.266,0.793,0,0,0,64.325,NaN,NaN,NaN,NaN,NaN,NaN,NaN,NaN,0.616,0.535,0.578,0.032,0,0,0,0,6.373,NaN,2,0,NaN,NaN,NaN,NaN
175423,1.00000112925992e+18,63875741920342,0.033,1.439,-0.018,0.056,-0.022,-0.008,0.998,NaN,0.611,0.36,0.705,0,0,0,64.325,NaN,NaN,NaN,NaN,NaN,NaN,NaN,NaN,0.622,0.451,0.64,0.032,0,0,0,0,6.373,NaN,2,0,NaN,NaN,NaN,NaN
175424,1.00000112926489e+18,63875741920342,0.033,1.439,-0.018,0.056,-0.022,-0.008,0.998,NaN,0.625,0.412,0.663,0,0,0,64.325,NaN,NaN,NaN,NaN,NaN,NaN,NaN,NaN,0.476,0.282,0.833,0.032,0,0,0,0,6.373,NaN,2,0,NaN,NaN,NaN,NaN
175425,1.00000112926989e+18,63875741920342,0.033,1.439,-0.018,0.056,-0.022,-0.008,0.998,NaN,0.625,0.441,0.644,0,0,0,64.325,NaN,NaN,NaN,NaN,NaN,NaN,NaN,NaN,0.591,0.373,0.715,0.032,0,0,0,0,6.373,NaN,2,0,NaN,NaN,NaN,NaN
175426,1.00000112927492e+18,63875741920342,0.033,1.439,-0.018,0.056,-0.022,-0.008,0.998,NaN,0.624,0.458,0.634,0,0,0,64.325,NaN,0.234,-0.037,0.972,-0.032,0,0,0,0,6.415,0.691,NaN,0.616,0.425,0.663,0.032,0,0,0,0,6.373,0.598,2,0
175427,1.00000112927994e+18,63875741920342,0.033,1.439,-0.018,0.056,-0.022,-0.008,0.998,NaN,0.625,0.472,0.622,0,0,0,64.325,NaN,NaN,NaN,NaN,NaN,NaN,NaN,NaN,0.624,0.457,0.634,0.032,0,0,0,0,6.373,NaN,2,0,NaN,NaN,NaN,NaN
175428,1.00000112928495e+18,63875741920342,0.033,1.439,-0.018,0.056,-0.022,-0.008,0.998,NaN,0.625,0.481,0.615,0,0,0,64.325,NaN,NaN,NaN,NaN,NaN,NaN,NaN,NaN,0.625,0.475,0.619,0.032,0,0,0,0,6.373,NaN,2,0,NaN,NaN,NaN,NaN
175429,1.00000112928997e+18,63875741920342,0.033,1.439,-0.018,0.056,-0.022,-0.008,0.998,NaN,0.562,0.556,0.612,0,0,0,64.325,NaN,NaN,NaN,NaN,NaN,NaN,NaN,NaN,0.558,0.556,0.616,0.032,0,0,0,0,6.373,NaN,2,0,NaN,NaN,NaN,NaN
175430,1.00000112929498e+18,63875741920342,0.033,1.439,-0.018,0.056,-0.022,-0.008,0.998,NaN,0.537,0.587,0.606,0,0,0,64.325,NaN,NaN,NaN,NaN,NaN,NaN,NaN,NaN,0.534,0.588,0.607,0.032,0,0,0,0,6.373,NaN,2,0,NaN,NaN,NaN,NaN
175431,1.00000112929996e+18,63875741920342,0.033,1.439,-0.018,0.056,-0.022,-0.008,0.998,NaN,0.527,0.6,0.602,0,0,0,64.325,NaN,NaN,NaN,NaN,NaN,NaN,NaN,NaN,0.525,0.601,0.603,0.032,0,0,0,0,6.373,NaN,2,0,NaN,NaN,NaN,NaN
175432,1.00000112930499e+18,63875741920342,0.033,1.439,-0.018,0.056,-0.022,-0.008,0.998,NaN,0.521,0.607,0.6,0,0,0,64.325,NaN,NaN,NaN,NaN,NaN,NaN,NaN,NaN,0.52,0.608,0.601,0.032,0,0,0,0,6.373,NaN,2,0,NaN,NaN,NaN,NaN
175433,1.00000112930999e+18,63875741920342,0.033,1.439,-0.018,0.056,-0.022,-0.008,0.998,NaN,0.483,0.49,0.726,0,0,0,64.325,NaN,NaN,NaN,NaN,NaN,NaN,NaN,NaN,0.519,0.495,0.697,0.032,0,0,0,0,6.373,NaN,2,0,NaN,NaN,NaN,NaN
175434,1.00000112931498e+18,63875741920342,0.033,1.439,-0.018,0.056,-0.022,-0.008,0.998,NaN,0.357,0.099,0.929,0,0,0,64.325,NaN,NaN,NaN,NaN,NaN,NaN,NaN,NaN,0.395,0.111,0.912,0.032,0,0,0,0,6.373,NaN,2,0,NaN,NaN,NaN,NaN
175435,1.00000112931999e+18,63875741920342,0.033,1.439,-0.018,0.056,-0.022,-0.008,0.998,NaN,0.219,-0.141,0.966,0,0,0,64.325,NaN,NaN,NaN,NaN,NaN,NaN,NaN,NaN,0.238,-0.136,0.962,0.032,0,0,0,0,6.373,NaN,2,0,NaN,NaN,NaN,NaN
175436,1.00000112932498e+18,63875741920342,0.033,1.439,-0.018,0.056,-0.022,-0.008,0.998,NaN,0.154,-0.229,0.961,0,0,0,64.325,NaN,NaN,NaN,NaN,NaN,NaN,NaN,NaN,0.161,-0.228,0.96,0.032,0,0,0,0,6.373,NaN,2,0,NaN,NaN,NaN,NaN
175437,1.00000112932999e+18,63875741920342,0.033,1.439,-0.018,0.056,-0.022,-0.008,0.998,NaN,0.132,-0.258,0.957,0,0,0,64.325,NaN,NaN,NaN,NaN,NaN,NaN,NaN,NaN,0.135,-0.258,0.957,0.032,0,0,0,0,6.373,NaN,2,0,NaN,NaN,NaN,NaN
175438,1.00000112933503e+18,63875741920342,0.033,1.439,-0.018,0.056,-0.022,-0.008,0.998,NaN,0.247,-0.168,0.954,0,0,0,64.325,NaN,NaN,NaN,NaN,NaN,NaN,NaN,NaN,0.251,-0.187,0.95,0.032,0,0,0,0,6.373,NaN,2,0,NaN,NaN,NaN,NaN
175439,1.00000112934004e+18,63875741920342,0.033,1.439,-0.018,0.056,-0.022,-0.008,0.998,NaN,0.257,0.525,0.811,0,0,0,64.325,NaN,NaN,NaN,NaN,NaN,NaN,NaN,NaN,0.262,0.521,0.813,0.032,0,0,0,0,6.373,NaN,2,0,NaN,NaN,NaN,NaN
175440,1.00000112934505e+18,63875741920342,0.033,1.439,-0.018,0.056,-0.022,-0.008,0.998,NaN,0.179,0.361,0.915,0,0,0,64.325,NaN,NaN,NaN,NaN,NaN,NaN,NaN,NaN,0.179,0.356,0.917,0.032,0,0,0,0,6.373,NaN,2,0,NaN,NaN,NaN,NaN
175441,1.00000112935008e+18,63875741920342,0.033,1.439,-0.018,0.056,-0.022,-0.008,0.998,NaN,0.135,0.289,0.948,0,0,0,64.325,NaN,NaN,NaN,NaN,NaN,NaN,NaN,NaN,0.134,0.284,0.949,0.032,0,0,0,0,6.373,NaN,2,0,NaN,NaN,NaN,NaN
175442,1.00000112935509e+18,63875741920342,0.033,1.439,-0.018,0.056,-0.022,-0.008,0.998,NaN,0.101,0.255,0.962,0,0,0,64.325,NaN,NaN,NaN,NaN,NaN,NaN,NaN,NaN,0.1,0.247,0.964,0.032,0,0,0,0,6.373,NaN,2,0,NaN,NaN,NaN,NaN
175443,1.00000112936009e+18,63875741920342,0.033,1.439,-0.018,0.056,-0.022,-0.008,0.998,NaN,0.084,0.244,0.966,0,0,0,64.325,NaN,NaN,NaN,NaN,NaN,NaN,NaN,NaN,0.083,0.241,0.967,0.032,0,0,0,0,6.373,NaN,2,0,NaN,NaN,NaN,NaN
175444,1.00000112936511e+18,63875741920342,0.033,1.439,-0.018,0.056,-0.022,-0.008,0.998,NaN,0.076,0.21,0.975,0,0,0,64.325,NaN,NaN,NaN,NaN,NaN,NaN,NaN,NaN,0.076,0.211,0.974,0.032,0,0,0,0,6.373,NaN,2,0,NaN,NaN,NaN,NaN
175445,1.00000112937012e+18,63875741920342,0.033,1.439,-0.018,0.056,-0.022,-0.008,0.998,NaN,0.074,0.173,0.982,0,0,0,64.325,NaN,NaN,NaN,NaN,NaN,NaN,NaN,NaN,0.074,0.177,0.981,0.032,0,0,0,0,6.373,NaN,2,0,NaN,NaN,NaN,NaN
175446,1.00000112937513e+18,63875741920342,0.033,1.439,-0.018,0.056,-0.022,-0.008,0.998,NaN,0.074,0.147,0.986,0,0,0,64.325,NaN,NaN,NaN,NaN,NaN,NaN,NaN,NaN,0.073,0.15,0.986,0.032,0,0,0,0,6.373,NaN,2,0,NaN,NaN,NaN,NaN
175447,1.00000112938013e+18,63875741920342,0.033,1.439,-0.018,0.056,-0.022,-0.008,0.998,NaN,0.075,0.138,0.988,0,0,0,64.325,NaN,NaN,NaN,NaN,NaN,NaN,NaN,NaN,0.075,0.14,0.987,0.032,0,0,0,0,6.373,NaN,2,0,NaN,NaN,NaN,NaN
175448,1.00000112938516e+18,63875741920342,0.033,1.439,-0.018,0.056,-0.022,-0.008,0.998,NaN,0.076,0.137,0.988,0,0,0,64.325,NaN,NaN,NaN,NaN,NaN,NaN,NaN,NaN,0.076,0.139,0.987,0.032,0,0,0,0,6.373,NaN,2,0,NaN,NaN,NaN,NaN
175449,1.00000112939018e+18,63875741920342,0.033,1.439,-0.018,0.056,-0.022,-0.008,0.998,NaN,0.078,0.14,0.987,0,0,0,64.325,NaN,NaN,NaN,NaN,NaN,NaN,NaN,NaN,0.078,0.141,0.987,0.032,0,0,0,0,6.373,NaN,2,0,NaN,NaN,NaN,NaN
175450,1.00000112939519e+18,63875741920342,0.033,1.439,-0.018,0.056,-0.022,-0.008,0.998,NaN,0.079,0.149,0.986,0,0,0,64.325,NaN,NaN,NaN,NaN,NaN,NaN,NaN,NaN,0.079,0.149,0.986,0.032,0,0,0,0,6.373,NaN,2,0,NaN,NaN,NaN,NaN
175451,1.00000112940021e+18,63875741920342,0.033,1.439,-0.018,0.056,-0.022,-0.008,0.998,NaN,0.08,0.157,0.984,0,0,0,64.325,NaN,NaN,NaN,NaN,NaN,NaN,NaN,NaN,0.08,0.157,0.984,0.032,0,0,0,0,6.373,NaN,2,0,NaN,NaN,NaN,NaN
175452,1.00000112940522e+18,63875741920342,0.033,1.439,-0.018,0.056,-0.022,-0.008,0.998,NaN,0.081,0.163,0.983,0,0,0,64.325,NaN,NaN,NaN,NaN,NaN,NaN,NaN,NaN,0.081,0.163,0.983,0.032,0,0,0,0,6.373,NaN,2,0,NaN,NaN,NaN,NaN
175453,1.00000112941024e+18,63875741920343,0.033,1.439,-0.018,0.056,-0.022,-0.008,0.998,NaN,0.082,0.168,0.982,0,0,0,64.325,NaN,NaN,NaN,NaN,NaN,NaN,NaN,NaN,0.082,0.168,0.982,0.032,0,0,0,0,6.373,NaN,2,0,NaN,NaN,NaN,NaN
175454,1.00000112941525e+18,63875741920343,0.033,1.439,-0.018,0.056,-0.022,-0.008,0.998,NaN,0.082,0.172,0.982,0,0,0,64.325,NaN,NaN,NaN,NaN,NaN,NaN,NaN,NaN,0.082,0.172,0.982,0.032,0,0,0,0,6.373,NaN,2,0,NaN,NaN,NaN,NaN
175455,1.00000112942026e+18,63875741920343,0.033,1.439,-0.018,0.056,-0.022,-0.008,0.998,NaN,0.083,0.173,0.981,0,0,0,64.325,NaN,NaN,NaN,NaN,NaN,NaN,NaN,NaN,0.083,0.173,0.981,0.032,0,0,0,0,6.373,NaN,2,0,NaN,NaN,NaN,NaN
175456,1.00000112942527e+18,63875741920343,0.033,1.439,-0.018,0.056,-0.022,-0.008,0.998,NaN,0.084,0.178,0.98,0,0,0,64.325,NaN,NaN,NaN,NaN,NaN,NaN,NaN,NaN,0.084,0.178,0.98,0.032,0,0,0,0,6.373,NaN,2,0,NaN,NaN,NaN,NaN
175457,1.00000112943028e+18,63875741920343,0.033,1.439,-0.018,0.056,-0.022,-0.008,0.998,NaN,0.085,0.186,0.979,0,0,0,64.325,NaN,NaN,NaN,NaN,NaN,NaN,NaN,NaN,0.085,0.186,0.979,0.032,0,0,0,0,6.373,NaN,2,0,NaN,NaN,NaN,NaN
175458,1.00000112943529e+18,63875741920343,0.033,1.439,-0.018,0.056,-0.022,-0.008,0.998,NaN,0.088,0.186,0.979,0,0,0,64.325,NaN,NaN,NaN,NaN,NaN,NaN,NaN,NaN,0.088,0.187,0.978,0.032,0,0,0,0,6.373,NaN,2,0,NaN,NaN,NaN,NaN
175459,1.00000112944031e+18,63875741920343,0.033,1.439,-0.018,0.056,-0.022,-0.008,0.998,NaN,0.09,0.187,0.978,0,0,0,64.325,NaN,NaN,NaN,NaN,NaN,NaN,NaN,NaN,0.09,0.187,0.978,0.032,0,0,0,0,6.373,NaN,2,0,NaN,NaN,NaN,NaN
175460,1.00000112944532e+18,63875741920343,0.033,1.439,-0.018,0.056,-0.022,-0.008,0.998,NaN,0.091,0.188,0.978,0,0,0,64.325,NaN,NaN,NaN,NaN,NaN,NaN,NaN,NaN,0.091,0.188,0.978,0.032,0,0,0,0,6.373,NaN,2,0,NaN,NaN,NaN,NaN
175461,1.00000112945034e+18,63875741920343,0.033,1.439,-0.018,0.056,-0.022,-0.008,0.998,NaN,0.092,0.189,0.978,0,0,0,64.325,NaN,NaN,NaN,NaN,NaN,NaN,NaN,NaN,0.092,0.189,0.978,0.032,0,0,0,0,6.373,NaN,2,0,NaN,NaN,NaN,NaN
175462,1.00000112945535e+18,63875741920351,0.033,1.439,-0.018,0.056,-0.022,-0.008,0.998,NaN,0.093,0.191,0.977,0,0,0,64.325,NaN,0.227,-0.048,0.973,-0.032,0,0,0,0,6.415,0.813,NaN,0.093,0.191,0.977,0.032,0,0,0,0,6.373,0.879,0.113029,0
175463,1.00000112946036e+18,63875741920352,0.033,1.439,-0.018,0.056,-0.022,-0.008,0.998,NaN,0.093,0.193,0.977,0,0,0,64.325,NaN,0.228,-0.048,0.973,-0.032,0,0,0,0,6.415,0.818,NaN,0.093,0.194,0.977,0.032,0,0,0,0,6.373,0.882,0.1117575,0
175464,1.00000112946537e+18,63875741920352,0.033,1.439,-0.018,0.056,-0.022,-0.008,0.998,NaN,0.093,0.196,0.976,0,0,0,64.325,NaN,NaN,NaN,NaN,NaN,NaN,NaN,NaN,0.093,0.196,0.976,0.032,0,0,0,0,6.373,NaN,2,0,NaN,NaN,NaN,NaN
175465,1.00000112947038e+18,63875741920361,0.033,1.439,-0.018,0.056,-0.022,-0.008,0.998,NaN,0.093,0.199,0.976,0,0,0,64.325,NaN,0.224,0.007,0.975,-0.032,0,0,0,0,6.415,0.821,NaN,0.093,0.199,0.976,0.032,0,0,0,0,6.373,0.886,0.1545127,0
175466,1.0000011294754e+18,63875741920361,0.033,1.439,-0.018,0.056,-0.022,-0.008,0.998,NaN,0.093,0.201,0.975,0,0,0,64.325,NaN,0.232,-0.009,0.973,-0.032,0,0,0,0,6.415,0.823,NaN,0.093,0.201,0.975,0.032,0,0,0,0,6.373,0.887,0.1391193,0
175467,1.00000112948041e+18,63875741920372,0.034,1.439,-0.018,0.056,-0.022,-0.008,0.998,NaN,0.093,0.203,0.975,0,0,0,64.325,NaN,0.178,0.023,0.984,-0.032,0,0,0,0,6.415,0.828,NaN,0.093,0.204,0.975,0.032,0,0,0,0,6.373,0.889,0.1350853,0
175468,1.00000112948542e+18,63875741920372,0.034,1.439,-0.018,0.056,-0.022,-0.008,0.998,NaN,0.093,0.206,0.974,0,0,0,64.325,NaN,0.195,0.011,0.981,-0.032,0,0,0,0,6.415,0.831,NaN,0.093,0.206,0.974,0.032,0,0,0,0,6.373,0.891,0.1334808,0
175469,1.00000112949043e+18,63875741920383,0.034,1.439,-0.018,0.056,-0.022,-0.008,0.998,NaN,0.093,0.208,0.974,0,0,0,64.325,NaN,0.176,0.061,0.982,-0.032,0,0,0,0,6.415,0.833,NaN,0.093,0.208,0.974,0.032,0,0,0,0,6.373,0.893,0.1860008,0
175470,1.00000112949543e+18,63875741920383,0.034,1.439,-0.018,0.056,-0.022,-0.008,0.998,NaN,0.093,0.21,0.973,0,0,0,64.325,NaN,0.19,0.044,0.981,-0.032,0,0,0,0,6.415,0.834,NaN,0.093,0.21,0.973,0.032,0,0,0,0,6.373,0.893,0.1663932,0
175471,1.00000112950045e+18,63875741920394,0.034,1.439,-0.018,0.056,-0.022,-0.008,0.998,NaN,0.093,0.212,0.973,0,0,0,64.325,NaN,0.177,0.065,0.982,-0.032,0,0,0,0,6.415,0.839,NaN,0.093,0.212,0.973,0.032,0,0,0,0,6.373,0.896,0.1852233,0
175472,1.00000112950545e+18,63875741920394,0.034,1.439,-0.018,0.056,-0.022,-0.008,0.998,NaN,0.093,0.214,0.972,0,0,0,64.325,NaN,0.173,0.084,0.981,-0.032,0,0,0,0,6.415,0.844,NaN,0.093,0.214,0.972,0.032,0,0,0,0,6.373,0.899,0.2175081,0
175473,1.00000112951046e+18,63875741920406,0.034,1.439,-0.018,0.056,-0.022,-0.008,0.998,NaN,0.093,0.216,0.972,0,0,0,64.325,NaN,0.165,0.117,0.979,-0.032,0,0,0,0,6.415,0.849,NaN,0.093,0.216,0.972,0.032,0,0,0,0,6.373,0.901,0.3059589,0
175474,1.00000112951548e+18,63875741920406,0.034,1.439,-0.018,0.056,-0.022,-0.008,0.998,NaN,0.093,0.218,0.972,0,0,0,64.325,NaN,0.154,0.15,0.977,-0.032,0,0,0,0,6.415,0.853,NaN,0.093,0.218,0.971,0.032,0,0,0,0,6.373,0.903,0.4648806,0
175475,1.00000112952053e+18,63875741920406,0.034,1.439,-0.018,0.056,-0.022,-0.008,0.998,NaN,0.094,0.22,0.971,0,0,0,64.325,NaN,0.142,0.177,0.974,-0.032,0,0,0,0,6.415,0.857,NaN,0.094,0.22,0.971,0.032,0,0,0,0,6.373,0.906,0.730903,0
175476,1.00000112952555e+18,63875741920416,0.034,1.439,-0.018,0.056,-0.022,-0.008,0.998,NaN,0.094,0.223,0.97,0,0,0,64.325,NaN,0.132,0.197,0.971,-0.032,0,0,0,0,6.415,0.862,NaN,0.094,0.223,0.97,0.032,0,0,0,0,6.373,0.908,2,0.002711109
175477,1.00000112953056e+18,63875741920416,0.034,1.439,-0.018,0.056,-0.022,-0.008,0.998,NaN,0.094,0.225,0.97,0,0,0,64.325,NaN,0.124,0.21,0.97,-0.032,0,0,0,0,6.415,0.865,NaN,0.094,0.225,0.97,0.032,0,0,0,0,6.373,0.91,2,0.5903389
175478,1.00000112953557e+18,63875741920429,0.034,1.439,-0.018,0.056,-0.021,-0.008,0.998,NaN,0.094,0.227,0.969,0,0,0,64.325,NaN,NaN,NaN,NaN,NaN,NaN,NaN,NaN,0.094,0.227,0.969,0.032,0,0,0,0,6.373,NaN,2,0.5617942,NaN,NaN,NaN,NaN
175479,1.00000112954058e+18,63875741920429,0.034,1.439,-0.018,0.056,-0.021,-0.008,0.998,NaN,0.094,0.23,0.969,0,0,0,64.325,NaN,NaN,NaN,NaN,NaN,NaN,NaN,NaN,0.094,0.23,0.969,0.032,0,0,0,0,6.373,NaN,2,0.502764,NaN,NaN,NaN,NaN
175480,1.00000112954558e+18,63875741920439,0.034,1.439,-0.018,0.056,-0.021,-0.008,0.998,NaN,0.094,0.235,0.967,0,0,0,64.325,NaN,NaN,NaN,NaN,NaN,NaN,NaN,NaN,0.095,0.235,0.967,0.032,0,0,0,0,6.373,NaN,2,0.3613106,NaN,NaN,NaN,NaN
175481,1.0000011295506e+18,63875741920440,0.034,1.439,-0.018,0.056,-0.021,-0.008,0.998,NaN,0.095,0.24,0.966,0,0,0,64.325,NaN,NaN,NaN,NaN,NaN,NaN,NaN,NaN,0.095,0.24,0.966,0.032,0,0,0,0,6.373,NaN,2,0.3740847,NaN,NaN,NaN,NaN
175482,1.00000112955559e+18,63875741920451,0.034,1.439,-0.018,0.056,-0.021,-0.008,0.998,NaN,0.095,0.242,0.966,0,0,0,64.325,NaN,NaN,NaN,NaN,NaN,NaN,NaN,NaN,0.095,0.242,0.966,0.032,0,0,0,0,6.373,NaN,2,0.2768669,NaN,NaN,NaN,NaN
175483,1.0000011295606e+18,63875741920451,0.034,1.439,-0.018,0.056,-0.021,-0.008,0.998,NaN,0.093,0.237,0.967,0,0,0,64.325,NaN,NaN,NaN,NaN,NaN,NaN,NaN,NaN,0.093,0.237,0.967,0.032,0,0,0,0,6.373,NaN,2,0,NaN,NaN,NaN,NaN
175484,1.00000112956562e+18,63875741920451,0.034,1.439,-0.018,0.056,-0.021,-0.008,0.998,NaN,0.091,0.231,0.969,0,0,0,64.325,NaN,NaN,NaN,NaN,NaN,NaN,NaN,NaN,0.091,0.231,0.969,0.032,0,0,0,0,6.373,NaN,2,0,NaN,NaN,NaN,NaN
175485,1.00000112957063e+18,63875741920462,0.034,1.439,-0.018,0.057,-0.021,-0.008,0.998,NaN,0.088,0.229,0.97,0,0,0,64.325,NaN,NaN,NaN,NaN,NaN,NaN,NaN,NaN,0.088,0.229,0.97,0.032,0,0,0,0,6.373,NaN,2,0,NaN,NaN,NaN,NaN
175486,1.00000112957567e+18,63875741920462,0.034,1.439,-0.018,0.057,-0.021,-0.008,0.998,NaN,0.085,0.226,0.97,0,0,0,64.325,NaN,NaN,NaN,NaN,NaN,NaN,NaN,NaN,0.085,0.226,0.97,0.032,0,0,0,0,6.373,NaN,2,0,NaN,NaN,NaN,NaN
175487,1.00000112958068e+18,63875741920475,0.034,1.439,-0.018,0.057,-0.021,-0.008,0.998,NaN,0.082,0.221,0.972,0,0,0,64.325,NaN,NaN,NaN,NaN,NaN,NaN,NaN,NaN,0.082,0.221,0.972,0.032,0,0,0,0,6.373,NaN,2,0,NaN,NaN,NaN,NaN
175488,1.0000011295857e+18,63875741920475,0.034,1.439,-0.018,0.057,-0.021,-0.008,0.998,NaN,0.085,0.214,0.973,0,0,0,64.325,NaN,NaN,NaN,NaN,NaN,NaN,NaN,NaN,0.085,0.214,0.973,0.032,0,0,0,0,6.373,NaN,2,0,NaN,NaN,NaN,NaN
175489,1.00000112959071e+18,63875741920475,0.034,1.439,-0.018,0.057,-0.021,-0.008,0.998,NaN,0.083,0.207,0.975,0,0,0,64.325,NaN,NaN,NaN,NaN,NaN,NaN,NaN,NaN,0.082,0.207,0.975,0.032,0,0,0,0,6.373,NaN,2,0,NaN,NaN,NaN,NaN
175490,1.0000011295957e+18,63875741920486,0.034,1.439,-0.018,0.057,-0.021,-0.008,0.998,NaN,0.081,0.2,0.976,0,0,0,64.325,NaN,NaN,NaN,NaN,NaN,NaN,NaN,NaN,0.081,0.2,0.976,0.032,0,0,0,0,6.373,NaN,2,0,NaN,NaN,NaN,NaN
175491,1.00000112960071e+18,63875741920497,0.034,1.439,-0.018,0.057,-0.021,-0.008,0.998,NaN,0.084,0.194,0.977,0,0,0,64.325,NaN,NaN,NaN,NaN,NaN,NaN,NaN,NaN,0.084,0.194,0.977,0.032,0,0,0,0,6.373,NaN,2,0,NaN,NaN,NaN,NaN
175492,1.00000112960571e+18,63875741920497,0.034,1.439,-0.018,0.057,-0.021,-0.008,0.998,NaN,0.085,0.189,0.978,0,0,0,64.325,NaN,NaN,NaN,NaN,NaN,NaN,NaN,NaN,0.085,0.189,0.978,0.032,0,0,0,0,6.373,NaN,2,0,NaN,NaN,NaN,NaN
175493,1.00000112961071e+18,63875741920497,0.034,1.439,-0.018,0.057,-0.021,-0.008,0.998,NaN,0.086,0.185,0.979,0,0,0,64.325,NaN,NaN,NaN,NaN,NaN,NaN,NaN,NaN,0.086,0.185,0.979,0.032,0,0,0,0,6.373,NaN,2,0,NaN,NaN,NaN,NaN
175494,1.00000112961574e+18,63875741920509,0.034,1.439,-0.018,0.056,-0.021,-0.008,0.998,NaN,0.088,0.182,0.979,0,0,0,64.325,NaN,NaN,NaN,NaN,NaN,NaN,NaN,NaN,0.088,0.182,0.979,0.032,0,0,0,0,6.373,NaN,2,0,NaN,NaN,NaN,NaN
175495,1.00000112962078e+18,63875741920509,0.034,1.439,-0.018,0.056,-0.021,-0.008,0.998,NaN,0.09,0.179,0.98,0,0,0,64.325,NaN,NaN,NaN,NaN,NaN,NaN,NaN,NaN,0.089,0.179,0.98,0.032,0,0,0,0,6.373,NaN,2,0,NaN,NaN,NaN,NaN
175496,1.0000011296258e+18,63875741920520,0.034,1.439,-0.018,0.056,-0.021,-0.008,0.998,NaN,0.092,0.178,0.98,0,0,0,64.325,NaN,NaN,NaN,NaN,NaN,NaN,NaN,NaN,0.092,0.178,0.98,0.032,0,0,0,0,6.373,NaN,2,0,NaN,NaN,NaN,NaN
175497,1.00000112963082e+18,63875741920520,0.034,1.439,-0.018,0.056,-0.021,-0.008,0.998,NaN,0.094,0.176,0.98,0,0,0,64.325,NaN,NaN,NaN,NaN,NaN,NaN,NaN,NaN,0.094,0.176,0.98,0.032,0,0,0,0,6.373,NaN,2,0,NaN,NaN,NaN,NaN
175498,1.00000112963585e+18,63875741920520,0.034,1.439,-0.018,0.056,-0.021,-0.008,0.998,NaN,0.096,0.176,0.98,0,0,0,64.325,NaN,NaN,NaN,NaN,NaN,NaN,NaN,NaN,0.096,0.176,0.98,0.032,0,0,0,0,6.373,NaN,2,0,NaN,NaN,NaN,NaN
175499,1.00000112964088e+18,63875741920531,0.034,1.439,-0.018,0.056,-0.021,-0.008,0.998,NaN,0.098,0.175,0.98,0,0,0,64.325,NaN,NaN,NaN,NaN,NaN,NaN,NaN,NaN,0.098,0.175,0.98,0.032,0,0,0,0,6.373,NaN,2,0,NaN,NaN,NaN,NaN
175500,1.0000011296459e+18,63875741920542,0.034,1.439,-0.018,0.057,-0.021,-0.008,0.998,NaN,0.1,0.175,0.979,0,0,0,64.325,NaN,NaN,NaN,NaN,NaN,NaN,NaN,NaN,0.1,0.175,0.98,0.032,0,0,0,0,6.373,NaN,2,0,NaN,NaN,NaN,NaN
175501,1.00000112965087e+18,63875741920542,0.034,1.439,-0.018,0.057,-0.021,-0.008,0.998,NaN,0.102,0.175,0.979,0,0,0,64.325,NaN,NaN,NaN,NaN,NaN,NaN,NaN,NaN,0.102,0.175,0.979,0.032,0,0,0,0,6.373,NaN,2,0,NaN,NaN,NaN,NaN
175502,1.00000112965589e+18,63875741920553,0.034,1.439,-0.018,0.057,-0.021,-0.008,0.998,NaN,0.103,0.174,0.979,0,0,0,64.325,NaN,NaN,NaN,NaN,NaN,NaN,NaN,NaN,0.103,0.174,0.979,0.032,0,0,0,0,6.373,NaN,2,0,NaN,NaN,NaN,NaN
175503,1.00000112966087e+18,63875741920554,0.034,1.439,-0.018,0.057,-0.021,-0.008,0.998,NaN,0.105,0.174,0.979,0,0,0,64.325,NaN,NaN,NaN,NaN,NaN,NaN,NaN,NaN,0.105,0.174,0.979,0.032,0,0,0,0,6.373,NaN,2,0,NaN,NaN,NaN,NaN
175504,1.00000112966589e+18,63875741920554,0.034,1.439,-0.018,0.057,-0.021,-0.008,0.998,NaN,0.106,0.173,0.979,0,0,0,64.325,NaN,NaN,NaN,NaN,NaN,NaN,NaN,NaN,0.106,0.173,0.979,0.032,0,0,0,0,6.373,NaN,2,0,NaN,NaN,NaN,NaN
175505,1.00000112967088e+18,63875741920564,0.034,1.439,-0.018,0.057,-0.021,-0.008,0.998,NaN,0.107,0.173,0.979,0,0,0,64.325,NaN,NaN,NaN,NaN,NaN,NaN,NaN,NaN,0.107,0.173,0.979,0.032,0,0,0,0,6.373,NaN,2,0,NaN,NaN,NaN,NaN
175506,1.0000011296759e+18,63875741920564,0.034,1.439,-0.018,0.057,-0.021,-0.008,0.998,NaN,0.108,0.173,0.979,0,0,0,64.325,NaN,NaN,NaN,NaN,NaN,NaN,NaN,NaN,0.108,0.173,0.979,0.032,0,0,0,0,6.373,NaN,2,0,NaN,NaN,NaN,NaN
175507,1.00000112968092e+18,63875741920575,0.034,1.439,-0.018,0.057,-0.021,-0.008,0.998,NaN,0.108,0.173,0.979,0,0,0,64.325,NaN,NaN,NaN,NaN,NaN,NaN,NaN,NaN,0.108,0.173,0.979,0.032,0,0,0,0,6.373,NaN,2,0,NaN,NaN,NaN,NaN
175508,1.00000112968594e+18,63875741920575,0.034,1.439,-0.018,0.057,-0.021,-0.008,0.998,NaN,0.109,0.173,0.979,0,0,0,64.325,NaN,NaN,NaN,NaN,NaN,NaN,NaN,NaN,0.109,0.173,0.979,0.032,0,0,0,0,6.373,NaN,2,0.3604789,NaN,NaN,NaN,NaN
175509,1.00000112969096e+18,63875741920575,0.034,1.439,-0.018,0.057,-0.021,-0.008,0.998,NaN,0.109,0.171,0.979,0,0,0,64.325,NaN,NaN,NaN,NaN,NaN,NaN,NaN,NaN,0.109,0.171,0.979,0.032,0,0,0,0,6.373,NaN,2,0.2302295,NaN,NaN,NaN,NaN
175510,1.00000112969593e+18,63875741920587,0.034,1.439,-0.018,0.057,-0.021,-0.008,0.998,NaN,0.108,0.164,0.981,0,0,0,64.325,NaN,NaN,NaN,NaN,NaN,NaN,NaN,NaN,0.108,0.164,0.981,0.032,0,0,0,0,6.373,NaN,2,0.3468677,NaN,NaN,NaN,NaN
175511,1.00000112970095e+18,63875741920587,0.034,1.439,-0.018,0.057,-0.021,-0.008,0.998,NaN,0.107,0.158,0.982,0,0,0,64.325,NaN,NaN,NaN,NaN,NaN,NaN,NaN,NaN,0.107,0.158,0.982,0.032,0,0,0,0,6.373,NaN,2,0.3582047,NaN,NaN,NaN,NaN
175512,1.00000112970597e+18,63875741920598,0.034,1.439,-0.018,0.057,-0.021,-0.008,0.998,NaN,0.106,0.152,0.983,0,0,0,64.325,NaN,NaN,NaN,NaN,NaN,NaN,NaN,NaN,0.106,0.152,0.983,0.032,0,0,0,0,6.373,NaN,2,0.3562336,NaN,NaN,NaN,NaN
175513,1.00000112971099e+18,63875741920609,0.034,1.439,-0.018,0.057,-0.021,-0.008,0.998,NaN,0.106,0.146,0.984,0,0,0,64.325,NaN,NaN,NaN,NaN,NaN,NaN,NaN,NaN,0.106,0.146,0.984,0.032,0,0,0,0,6.373,NaN,2,0.3020826,NaN,NaN,NaN,NaN
175514,1.00000112971601e+18,63875741920609,0.034,1.439,-0.018,0.057,-0.021,-0.008,0.998,NaN,0.105,0.144,0.984,0,0,0,64.325,NaN,NaN,NaN,NaN,NaN,NaN,NaN,NaN,0.105,0.144,0.984,0.032,0,0,0,0,6.373,NaN,2,0.1551765,NaN,NaN,NaN,NaN
175515,1.00000112972103e+18,63875741920609,0.034,1.439,-0.018,0.057,-0.021,-0.008,0.998,NaN,0.105,0.143,0.984,0,0,0,64.325,NaN,NaN,NaN,NaN,NaN,NaN,NaN,NaN,0.105,0.143,0.984,0.032,0,0,0,0,6.373,NaN,2,0.09112816,NaN,NaN,NaN,NaN
175516,1.000001129726e+18,63875741920620,0.034,1.439,-0.018,0.058,-0.021,-0.008,0.998,NaN,0.105,0.143,0.984,0,0,0,64.325,NaN,NaN,NaN,NaN,NaN,NaN,NaN,NaN,0.105,0.143,0.984,0.032,0,0,0,0,6.373,NaN,2,0.04166177,NaN,NaN,NaN,NaN
175517,1.00000112973102e+18,63875741920620,0.034,1.439,-0.018,0.058,-0.021,-0.008,0.998,NaN,0.106,0.143,0.984,0,0,0,64.325,NaN,NaN,NaN,NaN,NaN,NaN,NaN,NaN,0.106,0.143,0.984,0.032,0,0,0,0,6.373,NaN,2,0,NaN,NaN,NaN,NaN
175518,1.00000112973604e+18,63875741920632,0.034,1.439,-0.018,0.057,-0.021,-0.008,0.998,NaN,0.105,0.148,0.983,0,0,0,64.325,NaN,0.088,0.172,0.981,-0.032,0,0,0,0,6.415,0.909,NaN,0.105,0.148,0.983,0.032,0,0,0,0,6.373,0.944,2,0
175519,1.00000112974106e+18,63875741920632,0.034,1.439,-0.018,0.057,-0.021,-0.008,0.998,NaN,0.104,0.151,0.983,0,0,0,64.325,NaN,0.094,0.177,0.98,-0.032,0,0,0,0,6.415,0.909,NaN,0.104,0.151,0.983,0.032,0,0,0,0,6.373,0.944,2,0
175520,1.00000112974607e+18,63875741920632,0.034,1.439,-0.018,0.057,-0.021,-0.008,0.998,NaN,0.104,0.153,0.983,0,0,0,64.325,NaN,0.116,0.198,0.973,-0.032,0,0,0,0,6.415,0.909,NaN,0.104,0.153,0.983,0.032,0,0,0,0,6.373,0.944,2,0
175521,1.0000011297511e+18,63875741920642,0.033,1.439,-0.018,0.058,-0.021,-0.008,0.998,NaN,0.104,0.151,0.983,0,0,0,64.325,NaN,0.111,0.18,0.977,-0.032,0,0,0,0,6.415,0.91,NaN,0.104,0.151,0.983,0.032,0,0,0,0,6.373,0.945,2,0
175522,1.00000112975611e+18,63875741920653,0.033,1.439,-0.018,0.058,-0.021,-0.008,0.998,NaN,0.104,0.148,0.983,0,0,0,64.325,NaN,0.106,0.169,0.98,-0.032,0,0,0,0,6.415,0.91,NaN,0.104,0.148,0.983,0.032,0,0,0,0,6.373,0.945,2,0
175523,1.0000011297611e+18,63875741920653,0.033,1.439,-0.018,0.058,-0.021,-0.008,0.998,NaN,0.103,0.148,0.984,0,0,0,64.325,NaN,0.101,0.165,0.981,-0.032,0,0,0,0,6.415,0.91,NaN,0.103,0.148,0.984,0.032,0,0,0,0,6.373,0.945,2,0
175524,1.00000112976611e+18,63875741920653,0.033,1.439,-0.018,0.058,-0.021,-0.008,0.998,NaN,0.102,0.147,0.984,0,0,0,64.325,NaN,0.097,0.162,0.982,-0.032,0,0,0,0,6.415,0.911,NaN,0.102,0.147,0.984,0.032,0,0,0,0,6.373,0.945,2,0
175525,1.0000011297711e+18,63875741920665,0.033,1.439,-0.018,0.057,-0.021,-0.008,0.998,NaN,0.1,0.146,0.984,0,0,0,64.325,NaN,0.094,0.159,0.983,-0.032,0,0,0,0,6.415,0.911,NaN,0.1,0.146,0.984,0.032,0,0,0,0,6.373,0.946,2,0
175526,1.00000112977611e+18,63875741920665,0.033,1.439,-0.018,0.057,-0.021,-0.008,0.998,NaN,0.099,0.144,0.985,0,0,0,64.325,NaN,0.092,0.157,0.983,-0.032,0,0,0,0,6.415,0.911,NaN,0.099,0.144,0.985,0.032,0,0,0,0,6.373,0.946,2,0
175527,1.00000112978113e+18,63875741920676,0.033,1.44,-0.018,0.057,-0.021,-0.008,0.998,NaN,0.098,0.139,0.985,0,0,0,64.325,NaN,0.091,0.156,0.984,-0.032,0,0,0,0,6.415,0.911,NaN,0.098,0.139,0.985,0.032,0,0,0,0,6.373,0.946,2,0
175528,1.00000112978615e+18,63875741920676,0.033,1.44,-0.018,0.057,-0.021,-0.008,0.998,NaN,0.098,0.134,0.986,0,0,0,64.325,NaN,0.091,0.152,0.984,-0.032,0,0,0,0,6.415,0.912,NaN,0.098,0.134,0.986,0.032,0,0,0,0,6.373,0.946,2,0
175529,1.00000112979117e+18,63875741920676,0.033,1.44,-0.018,0.057,-0.021,-0.008,0.998,NaN,0.098,0.129,0.987,0,0,0,64.325,NaN,0.091,0.148,0.985,-0.032,0,0,0,0,6.415,0.912,NaN,0.098,0.129,0.987,0.032,0,0,0,0,6.373,0.947,2,0
175530,1.0000011297962e+18,63875741920687,0.033,1.44,-0.018,0.057,-0.022,-0.008,0.998,NaN,0.098,0.125,0.987,0,0,0,64.325,NaN,0.091,0.142,0.986,-0.032,0,0,0,0,6.415,0.912,NaN,0.098,0.125,0.987,0.032,0,0,0,0,6.373,0.947,2,0
175531,1.00000112980121e+18,63875741920687,0.033,1.44,-0.018,0.057,-0.022,-0.008,0.998,NaN,0.097,0.125,0.987,0,0,0,64.325,NaN,0.09,0.14,0.986,-0.032,0,0,0,0,6.415,0.912,NaN,0.097,0.125,0.987,0.032,0,0,0,0,6.373,0.947,2,0
175532,1.00000112980622e+18,63875741920698,0.033,1.44,-0.018,0.057,-0.022,-0.008,0.998,NaN,0.095,0.125,0.988,0,0,0,64.325,NaN,0.089,0.138,0.986,-0.032,0,0,0,0,6.415,0.913,NaN,0.095,0.125,0.988,0.032,0,0,0,0,6.373,0.947,2,0
175533,1.00000112981124e+18,63875741920698,0.033,1.44,-0.018,0.057,-0.022,-0.008,0.998,NaN,0.096,0.122,0.988,0,0,0,64.325,NaN,0.089,0.134,0.987,-0.032,0,0,0,0,6.415,0.913,NaN,0.096,0.122,0.988,0.032,0,0,0,0,6.373,0.947,2,0
175534,1.00000112981623e+18,63875741920709,0.034,1.44,-0.018,0.057,-0.022,-0.008,0.998,NaN,0.096,0.119,0.988,0,0,0,64.325,NaN,0.089,0.131,0.987,-0.032,0,0,0,0,6.415,0.913,NaN,0.096,0.119,0.988,0.032,0,0,0,0,6.373,0.948,2,0
175535,1.00000112982123e+18,63875741920709,0.034,1.44,-0.018,0.057,-0.022,-0.008,0.998,NaN,0.096,0.117,0.989,0,0,0,64.325,NaN,0.089,0.129,0.988,-0.032,0,0,0,0,6.415,0.913,NaN,0.096,0.117,0.989,0.032,0,0,0,0,6.373,0.948,2,0
175536,1.00000112982625e+18,63875741920720,0.034,1.44,-0.018,0.057,-0.022,-0.008,0.998,NaN,0.096,0.116,0.989,0,0,0,64.325,NaN,0.089,0.127,0.988,-0.032,0,0,0,0,6.415,0.913,NaN,0.096,0.116,0.989,0.032,0,0,0,0,6.373,0.948,2,0
175537,1.00000112983126e+18,63875741920720,0.034,1.44,-0.018,0.057,-0.022,-0.008,0.998,NaN,0.096,0.115,0.989,0,0,0,64.325,NaN,0.089,0.124,0.988,-0.032,0,0,0,0,6.415,0.913,NaN,0.096,0.115,0.989,0.032,0,0,0,0,6.373,0.948,2,0
175538,1.00000112983627e+18,63875741920720,0.034,1.44,-0.018,0.057,-0.022,-0.008,0.998,NaN,0.097,0.114,0.989,0,0,0,64.325,NaN,0.089,0.123,0.988,-0.032,0,0,0,0,6.415,0.914,NaN,0.097,0.114,0.989,0.032,0,0,0,0,6.373,0.948,2,0
175539,1.00000112984128e+18,63875741920731,0.034,1.44,-0.018,0.057,-0.022,-0.008,0.998,NaN,0.097,0.113,0.989,0,0,0,64.325,NaN,0.089,0.12,0.989,-0.032,0,0,0,0,6.415,0.914,NaN,0.097,0.113,0.989,0.032,0,0,0,0,6.373,0.948,2,0
175540,1.00000112984643e+18,63875741920732,0.034,1.44,-0.018,0.057,-0.022,-0.008,0.998,NaN,0.097,0.112,0.989,0,0,0,64.325,NaN,0.089,0.118,0.989,-0.032,0,0,0,0,6.415,0.914,NaN,0.097,0.112,0.989,0.032,0,0,0,0,6.373,0.948,2,0
175541,1.00000112985137e+18,63875741920742,0.034,1.44,-0.018,0.057,-0.022,-0.007,0.998,NaN,0.097,0.112,0.989,0,0,0,64.325,NaN,0.089,0.115,0.989,-0.032,0,0,0.624,4.005,6.415,0.914,NaN,0.097,0.112,0.989,0.032,0,0,0.662,4.222,6.373,0.948,2,0
175542,1.00000112985632e+18,63875741920753,0.034,1.44,-0.018,0.057,-0.022,-0.008,0.998,NaN,0.097,0.111,0.989,0,0,0,64.325,NaN,0.089,0.114,0.989,-0.032,0,0,0.625,4.01,6.415,0.914,NaN,0.097,0.111,0.989,0.032,0,0,0.662,4.219,6.373,0.949,2,0
175543,1.00000112986135e+18,63875741920753,0.034,1.44,-0.018,0.057,-0.022,-0.008,0.998,NaN,0.097,0.111,0.989,0,0,0,64.325,NaN,0.089,0.114,0.99,-0.032,0,0,0.629,4.035,6.415,0.914,NaN,0.097,0.111,0.989,0.032,0,0,0.661,4.214,6.373,0.949,2,0
175544,1.00000112986636e+18,63875741920765,0.034,1.44,-0.018,0.057,-0.022,-0.008,0.998,NaN,0.098,0.11,0.989,0,0,0,64.325,NaN,0.088,0.114,0.99,-0.032,0,0,0.629,4.036,6.415,0.914,NaN,0.098,0.11,0.989,0.032,0,0,0.659,4.201,6.373,0.949,2,0
175545,1.00000112987141e+18,63875741920765,0.034,1.44,-0.018,0.057,-0.022,-0.008,0.998,NaN,0.098,0.11,0.989,0,0,0,64.325,NaN,0.088,0.114,0.99,-0.032,0,0,0.63,4.042,6.415,0.915,NaN,0.098,0.11,0.989,0.032,0,0,0.658,4.194,6.373,0.949,2,0
175546,1.00000112987642e+18,63875741920765,0.034,1.44,-0.018,0.057,-0.022,-0.008,0.998,NaN,0.098,0.109,0.989,0,0,0,64.325,NaN,0.087,0.114,0.99,-0.032,0,0,0.631,4.047,6.415,0.915,NaN,0.098,0.109,0.989,0.032,0,0,0.658,4.191,6.373,0.949,2,0.3036633
175547,1.00000112988136e+18,63875741920776,0.033,1.44,-0.018,0.057,-0.022,-0.008,0.998,NaN,0.098,0.109,0.989,0,0,0,64.325,NaN,0.086,0.115,0.99,-0.032,0,0,0.636,4.077,6.415,0.915,NaN,0.098,0.109,0.989,0.032,0,0,0.655,4.174,6.373,0.949,2,0.2557599
175548,1.00000112988641e+18,63875741920776,0.033,1.44,-0.018,0.057,-0.022,-0.008,0.998,NaN,0.098,0.107,0.989,0,0,0,64.325,NaN,0.086,0.116,0.99,-0.032,0,0,0.637,4.089,6.415,0.915,NaN,0.098,0.107,0.989,0.032,0,0,0.651,4.149,6.373,0.949,2,0.2210456
175549,1.00000112989142e+18,63875741920776,0.033,1.44,-0.018,0.057,-0.022,-0.008,0.998,NaN,0.098,0.106,0.99,0,0,0,64.325,NaN,0.085,0.116,0.99,-0.032,0,0,0.637,4.089,6.415,0.915,NaN,0.098,0.106,0.99,0.032,0,0,0.648,4.133,6.373,0.95,2,0.2253088
175550,1.00000112989642e+18,63875741920787,0.034,1.44,-0.018,0.057,-0.022,-0.008,0.998,NaN,0.098,0.105,0.99,0,0,0,64.325,NaN,0.085,0.117,0.99,-0.032,0,0,0.637,4.089,6.415,0.916,NaN,0.098,0.105,0.99,0.032,0,0,0.647,4.121,6.373,0.95,2,0.5457754
175551,1.00000112990138e+18,63875741920787,0.034,1.44,-0.018,0.057,-0.022,-0.008,0.998,NaN,0.098,0.104,0.99,0,0,0,64.325,NaN,0.084,0.118,0.99,-0.032,0,0,0.637,4.087,6.415,0.916,NaN,0.098,0.104,0.99,0.032,0,0,0.645,4.112,6.373,0.95,2,0.540095
175552,1.00000112990641e+18,63875741920798,0.034,1.44,-0.018,0.057,-0.022,-0.008,0.998,NaN,0.097,0.103,0.99,0,0,0,64.325,NaN,0.083,0.118,0.989,-0.032,0,0,0.638,4.095,6.415,0.916,NaN,0.097,0.103,0.99,0.032,0,0,0.643,4.1,6.373,0.95,2,0.8643469
175553,1.0000011299114e+18,63875741920798,0.034,1.44,-0.018,0.057,-0.022,-0.008,0.998,NaN,0.097,0.103,0.99,0,0,0,64.325,NaN,0.083,0.119,0.989,-0.032,0,0,0.64,4.105,6.415,0.916,NaN,0.097,0.103,0.99,0.032,0,0,0.642,4.089,6.373,0.95,2,0.865544
175554,1.00000112991647e+18,63875741920810,0.034,1.44,-0.018,0.057,-0.022,-0.008,0.998,NaN,0.097,0.102,0.99,0,0,0,64.325,NaN,0.082,0.119,0.989,-0.032,0,0,0.64,4.104,6.415,0.916,NaN,0.097,0.102,0.99,0.032,0,0,0.64,4.08,6.373,0.951,2,0.8661547
175555,1.00000112992146e+18,63875741920810,0.034,1.44,-0.018,0.057,-0.022,-0.008,0.998,NaN,0.097,0.101,0.99,0,0,0,64.325,NaN,0.081,0.12,0.989,-0.032,0,0,0.64,4.108,6.415,0.917,NaN,0.097,0.101,0.99,0.032,0,0,0.639,4.072,6.373,0.951,2,0.9085431
175556,1.00000112992659e+18,63875741920821,0.034,1.44,-0.018,0.057,-0.022,-0.008,0.998,NaN,0.096,0.101,0.99,0,0,0,64.325,NaN,0.081,0.12,0.989,-0.032,0,0,0.641,4.109,6.415,0.917,NaN,0.096,0.101,0.99,0.032,0,0,0.638,4.066,6.373,0.951,2,0.908024
175557,1.00000112993158e+18,63875741920821,0.034,1.44,-0.018,0.057,-0.022,-0.008,0.998,NaN,0.096,0.101,0.99,0,0,0,64.325,NaN,0.08,0.121,0.989,-0.032,0,0,0.641,4.109,6.415,0.917,NaN,0.096,0.101,0.99,0.032,0,0,0.637,4.057,6.373,0.951,2,0.9041148
175558,1.00000112993649e+18,63875741920832,0.034,1.44,-0.018,0.058,-0.022,-0.008,0.998,NaN,0.096,0.1,0.99,0,0,0,64.325,NaN,0.08,0.122,0.989,-0.032,0,0,0.638,4.093,6.415,0.917,NaN,0.096,0.1,0.99,0.032,0,0,0.635,4.047,6.373,0.952,2,0.9188719
175559,1.00000112994152e+18,63875741920832,0.034,1.44,-0.018,0.058,-0.022,-0.008,0.998,NaN,0.096,0.1,0.99,0,0,0,64.325,NaN,0.08,0.122,0.989,-0.032,0,0,0.636,4.077,6.415,0.917,NaN,0.096,0.1,0.99,0.032,0,0,0.634,4.037,6.373,0.952,2,0.9020774
175560,1.00000112994654e+18,63875741920832,0.034,1.44,-0.018,0.058,-0.022,-0.008,0.998,NaN,0.095,0.099,0.99,0,0,0,64.325,NaN,0.08,0.123,0.989,-0.032,0,0,0.63,4.044,6.415,0.917,NaN,0.095,0.099,0.99,0.032,0,0,0.632,4.031,6.373,0.952,2,0.9057369
175561,1.00000112995155e+18,63875741920843,0.034,1.44,-0.018,0.058,-0.023,-0.008,0.998,NaN,0.095,0.099,0.991,0,0,0,64.325,NaN,0.08,0.123,0.989,-0.032,0,0,0.627,4.022,6.415,0.917,NaN,0.095,0.099,0.991,0.032,0,0,0.631,4.024,6.373,0.952,2,0.9117175
175562,1.00000112995657e+18,63875741920843,0.034,1.44,-0.018,0.058,-0.023,-0.008,0.998,NaN,0.095,0.098,0.991,0,0,0,64.325,NaN,0.08,0.123,0.989,-0.032,0,0,0.625,4.012,6.415,0.917,NaN,0.095,0.098,0.991,0.032,0,0,0.63,4.017,6.373,0.952,2,0.8976466
175563,1.0000011299616e+18,63875741920854,0.034,1.44,-0.018,0.058,-0.023,-0.008,0.998,NaN,0.095,0.098,0.991,0,0,0,64.325,NaN,0.08,0.124,0.989,-0.032,0,0,0.625,4.006,6.415,0.918,NaN,0.095,0.098,0.991,0.032,0,0,0.629,4.009,6.373,0.952,2,0.912571
175564,1.00000112996662e+18,63875741920854,0.034,1.44,-0.018,0.058,-0.023,-0.008,0.998,NaN,0.094,0.098,0.991,0,0,0,64.325,NaN,0.08,0.124,0.989,-0.032,0,0,0.624,4.004,6.415,0.918,NaN,0.094,0.098,0.991,0.032,0,0,0.628,4.001,6.373,0.952,2,0.9271165
175565,1.00000112997163e+18,63875741920865,0.034,1.44,-0.018,0.058,-0.023,-0.008,0.998,NaN,0.094,0.097,0.991,0,0,0,64.325,NaN,0.079,0.125,0.989,-0.032,0,0,0.632,4.057,6.415,0.918,NaN,0.094,0.097,0.991,0.032,0,0,0.627,3.994,6.373,0.953,2,0.9226975
175566,1.00000112997665e+18,63875741920865,0.034,1.44,-0.018,0.058,-0.023,-0.008,0.998,NaN,0.094,0.097,0.991,0,0,0,64.325,NaN,0.079,0.127,0.989,-0.032,0,0,0.638,4.09,6.415,0.918,NaN,0.094,0.097,0.991,0.032,0,0,0.625,3.986,6.373,0.953,2,0.9659002
175567,1.00000112998167e+18,63875741920876,0.034,1.44,-0.018,0.058,-0.023,-0.008,0.998,NaN,0.094,0.097,0.991,0,0,0,64.325,NaN,0.078,0.129,0.989,-0.032,0,0,0.64,4.108,6.415,0.918,NaN,0.094,0.097,0.991,0.032,0,0,0.624,3.978,6.373,0.953,2,1
175568,1.00000112998669e+18,63875741920876,0.034,1.44,-0.018,0.058,-0.023,-0.008,0.998,NaN,0.094,0.097,0.991,0,0,0,64.325,NaN,0.078,0.131,0.988,-0.032,0,0,0.641,4.114,6.415,0.918,NaN,0.094,0.097,0.991,0.032,0,0,0.623,3.971,6.373,0.953,2,1
175569,1.00000112999163e+18,63875741920876,0.034,1.44,-0.018,0.058,-0.023,-0.008,0.998,NaN,0.094,0.097,0.991,0,0,0,64.325,NaN,0.077,0.132,0.988,-0.032,0,0,0.641,4.113,6.415,0.919,NaN,0.094,0.097,0.991,0.032,0,0,0.622,3.965,6.373,0.953,2,1
175570,1.00000112999664e+18,63875741920888,0.034,1.44,-0.018,0.058,-0.023,-0.008,0.998,NaN,0.094,0.096,0.991,0,0,0,64.325,NaN,0.077,0.133,0.988,-0.032,0,0,0.64,4.104,6.415,0.919,NaN,0.094,0.096,0.991,0.032,0,0,0.621,3.959,6.373,0.953,2,1
175571,1.00000113000166e+18,63875741920898,0.034,1.44,-0.018,0.058,-0.023,-0.008,0.998,NaN,0.093,0.096,0.991,0,0,0,64.325,NaN,0.076,0.134,0.988,-0.032,0,0,0.638,4.09,6.415,0.919,NaN,0.093,0.096,0.991,0.032,0,0,0.62,3.949,6.373,0.953,2,1
175572,1.00000113000668e+18,63875741920898,0.034,1.44,-0.018,0.058,-0.023,-0.008,0.998,NaN,0.093,0.096,0.991,0,0,0,64.325,NaN,0.076,0.135,0.988,-0.032,0,0,0.637,4.084,6.415,0.919,NaN,0.093,0.096,0.991,0.032,0,0,0.618,3.941,6.373,0.954,2,1
175573,1.0000011300117e+18,63875741920898,0.034,1.44,-0.018,0.058,-0.023,-0.008,0.998,NaN,0.093,0.096,0.991,0,0,0,64.325,NaN,0.076,0.136,0.988,-0.032,0,0,0.636,4.078,6.415,0.919,NaN,0.093,0.096,0.991,0.032,0,0,0.617,3.933,6.373,0.954,2,1
175574,1.00000113001672e+18,63875741920910,0.034,1.44,-0.018,0.058,-0.023,-0.008,0.998,NaN,0.093,0.096,0.991,0,0,0,64.325,NaN,0.076,0.137,0.988,-0.032,0,0,0.635,4.074,6.415,0.919,NaN,0.093,0.096,0.991,0.032,0,0,0.616,3.926,6.373,0.954,2,0.9951379
175575,1.00000113002174e+18,63875741920910,0.034,1.44,-0.018,0.058,-0.023,-0.008,0.998,NaN,0.093,0.096,0.991,0,0,0,64.325,NaN,0.075,0.139,0.987,-0.032,0,0,0.646,4.146,6.415,0.919,NaN,0.093,0.096,0.991,0.032,0,0,0.615,3.916,6.373,0.954,2,0.985662
175576,1.00000113002678e+18,63875741920920,0.034,1.44,-0.018,0.058,-0.023,-0.008,0.998,NaN,0.093,0.096,0.991,0,0,0,64.325,NaN,0.074,0.141,0.987,-0.032,0,0,0.647,4.151,6.415,0.919,NaN,0.093,0.096,0.991,0.032,0,0,0.613,3.909,6.373,0.954,2,0.9748774
175577,1.0000011300318e+18,63875741920920,0.034,1.44,-0.018,0.058,-0.023,-0.008,0.998,NaN,0.093,0.096,0.991,0,0,0,64.325,NaN,0.074,0.143,0.987,-0.032,0,0,0.647,4.151,6.415,0.919,NaN,0.093,0.096,0.991,0.032,0,0,0.612,3.9,6.373,0.954,2,0.9809247
175578,1.00000113003682e+18,63875741920932,0.034,1.44,-0.018,0.057,-0.023,-0.008,0.998,NaN,0.093,0.096,0.991,0,0,0,64.325,NaN,0.073,0.145,0.987,-0.032,0,0,0.645,4.141,6.415,0.919,NaN,0.093,0.096,0.991,0.032,0,0,0.611,3.891,6.373,0.954,2,0.9891458
175579,1.00000113004182e+18,63875741920932,0.034,1.44,-0.018,0.057,-0.023,-0.008,0.998,NaN,0.093,0.096,0.991,0,0,0,64.325,NaN,0.072,0.146,0.987,-0.032,0,0,0.645,4.141,6.415,0.919,NaN,0.093,0.096,0.991,0.032,0,0,0.609,3.882,6.373,0.954,2,0.9902017
175580,1.00000113004678e+18,63875741920932,0.034,1.44,-0.018,0.057,-0.023,-0.008,0.998,NaN,0.093,0.096,0.991,0,0,0,64.325,NaN,0.072,0.147,0.986,-0.032,0,0,0.646,4.142,6.415,0.919,NaN,0.093,0.096,0.991,0.032,0,0,0.608,3.875,6.373,0.954,2,0.9852423
175581,1.0000011300518e+18,63875741920942,0.034,1.44,-0.018,0.057,-0.023,-0.008,0.998,NaN,0.092,0.096,0.991,0,0,0,64.325,NaN,0.072,0.148,0.986,-0.032,0,0,0.643,4.126,6.415,0.918,NaN,0.092,0.096,0.991,0.032,0,0,0.607,3.869,6.373,0.954,2,0.9870632
175582,1.00000113005678e+18,63875741920942,0.034,1.44,-0.018,0.057,-0.023,-0.008,0.998,NaN,0.092,0.097,0.991,0,0,0,64.325,NaN,0.073,0.144,0.987,-0.032,0,0,0.637,4.089,6.415,0.917,NaN,0.092,0.097,0.991,0.032,0,0,0.606,3.862,6.373,0.954,2,0.8799644
175583,1.0000011300618e+18,63875741920953,0.034,1.44,-0.018,0.057,-0.023,-0.008,0.998,NaN,0.092,0.097,0.991,0,0,0,64.325,NaN,0.073,0.143,0.987,-0.032,0,0,0.624,4.001,6.415,0.915,NaN,0.092,0.097,0.991,0.032,0,0,0.605,3.854,6.373,0.954,2,0.7717677
175584,1.00000113006686e+18,63875741920965,0.034,1.44,-0.018,0.057,-0.022,-0.008,0.998,NaN,0.091,0.097,0.991,0,0,0,64.325,NaN,0.073,0.142,0.987,-0.032,0,0,0.614,3.939,6.415,0.914,NaN,0.091,0.097,0.991,0.032,0,0,0.603,3.844,6.373,0.954,2,0.6222524
175585,1.00000113007188e+18,63875741920965,0.034,1.44,-0.018,0.057,-0.022,-0.008,0.998,NaN,0.091,0.097,0.991,0,0,0,64.325,NaN,0.074,0.141,0.987,-0.032,0,0,0.608,3.899,6.415,0.912,NaN,0.091,0.097,0.991,0.032,0,0,0.602,3.837,6.373,0.953,2,0.4829774
175586,1.0000011300769e+18,63875741920965,0.034,1.44,-0.018,0.057,-0.022,-0.008,0.998,NaN,0.091,0.098,0.991,0,0,0,64.325,NaN,0.074,0.139,0.987,-0.032,0,0,0.606,3.889,6.415,0.911,NaN,0.091,0.098,0.991,0.032,0,0,0.601,3.832,6.373,0.953,2,0.2912176
175587,1.00000113008191e+18,63875741920976,0.034,1.44,-0.018,0.057,-0.022,-0.008,0.998,NaN,0.091,0.098,0.991,0,0,0,64.325,NaN,0.074,0.139,0.988,-0.032,0,0,0.606,3.886,6.415,0.91,NaN,0.091,0.098,0.991,0.032,0,0,0.6,3.826,6.373,0.953,2,0.1119677
175588,1.00000113008692e+18,63875741920976,0.034,1.44,-0.018,0.057,-0.022,-0.008,0.998,NaN,0.09,0.099,0.991,0,0,0,64.325,NaN,0.075,0.137,0.988,-0.032,0,0,0.606,3.885,6.415,0.909,NaN,0.09,0.099,0.991,0.032,0,0,0.599,3.816,6.373,0.953,2,0
175589,1.00000113009188e+18,63875741920976,0.034,1.44,-0.018,0.057,-0.022,-0.008,0.998,NaN,0.09,0.1,0.991,0,0,0,64.325,NaN,0.075,0.134,0.988,-0.032,0,0,0.606,3.885,6.415,0.907,NaN,0.09,0.1,0.991,0.032,0,0,0.598,3.81,6.373,0.952,2,0
175590,1.00000113009689e+18,63875741920988,0.034,1.44,-0.018,0.057,-0.022,-0.008,0.998,NaN,0.09,0.101,0.991,0,0,0,64.325,NaN,0.076,0.131,0.988,-0.032,0,0,0.605,3.883,6.415,0.906,NaN,0.09,0.101,0.991,0.032,0,0,0.597,3.805,6.373,0.951,2,0
175591,1.0000011301019e+18,63875741920988,0.034,1.44,-0.018,0.057,-0.022,-0.008,0.998,NaN,0.089,0.103,0.991,0,0,0,64.325,NaN,0.076,0.129,0.989,-0.032,0,0,0.605,3.883,6.415,0.904,NaN,0.089,0.103,0.991,0.032,0,0,0.596,3.8,6.373,0.95,2,0
175592,1.00000113010692e+18,63875741920998,0.034,1.44,-0.018,0.057,-0.022,-0.008,0.998,NaN,0.089,0.103,0.991,0,0,0,64.325,NaN,0.077,0.126,0.989,-0.032,0,0,0.642,4.12,6.415,0.903,NaN,0.089,0.103,0.991,0.032,0,0,0.595,3.795,6.373,0.949,2,0
175593,1.00000113011195e+18,63875741920998,0.034,1.44,-0.018,0.057,-0.022,-0.008,0.998,NaN,0.088,0.104,0.991,0,0,0,64.325,NaN,0.077,0.123,0.989,-0.032,0,0,0.646,4.147,6.415,0.9,NaN,0.088,0.104,0.991,0.032,0,0,0.595,3.792,6.373,0.947,2,0
175594,1.00000113011696e+18,63875741921010,0.034,1.44,-0.018,0.057,-0.022,-0.008,0.998,NaN,0.088,0.104,0.991,0,0,0,64.325,NaN,0.077,0.123,0.989,-0.032,0,0,0.59,3.784,6.415,0.897,NaN,0.088,0.104,0.991,0.032,0,0,0.594,3.787,6.373,0.943,2,0
175595,1.00000113012195e+18,63875741921010,0.034,1.44,-0.018,0.057,-0.022,-0.008,0.998,NaN,0.088,0.104,0.991,0,0,0,64.325,NaN,0.077,0.123,0.99,-0.032,0,0,0.588,3.77,6.415,0.887,NaN,0.088,0.104,0.991,0.032,0,0,0.593,3.781,6.373,0.935,2,0
175596,1.00000113012697e+18,63875741921020,0.034,1.44,-0.018,0.057,-0.022,-0.008,0.998,NaN,0.087,0.102,0.991,0,0,0,64.325,NaN,0.076,0.119,0.99,-0.032,0,0,0.571,3.661,6.415,0.872,NaN,0.087,0.102,0.991,0.032,0,0,0.586,3.738,6.373,0.924,2,0
175597,1.00000113013199e+18,63875741921020,0.034,1.44,-0.018,0.057,-0.022,-0.008,0.998,NaN,0.088,0.103,0.991,0,0,0,64.325,NaN,0.076,0.106,0.991,-0.032,0,0,0.526,3.377,6.415,0.852,NaN,0.088,0.103,0.991,0.032,0,0,0.582,3.708,6.373,0.905,2,0
175598,1.000001130137e+18,63875741921110,0.034,1.44,-0.019,0.057,-0.022,-0.008,0.998,NaN,0.089,0.102,0.991,0,0,0,64.325,NaN,0.076,0.093,0.993,-0.032,0,0,0.527,3.38,6.415,0.82,NaN,0.089,0.102,0.991,0.032,0,0,0.58,3.698,6.373,0.869,2,0
175599,1.00000113014202e+18,63875741921110,0.034,1.44,-0.019,0.057,-0.022,-0.008,0.998,NaN,0.086,0.097,0.992,0,0,0,64.325,NaN,0.075,0.07,0.995,-0.032,0,0,0,0,6.415,0.797,NaN,0.083,0.1,0.992,0.032,0,0,0,0,6.373,0.821,2,0
175600,1.00000113014703e+18,63875741921110,0.034,1.44,-0.019,0.057,-0.022,-0.008,0.998,NaN,NaN,NaN,NaN,NaN,NaN,NaN,NaN,NaN,NaN,NaN,NaN,NaN,NaN,NaN,NaN,NaN,NaN,NaN,NaN,NaN,NaN,NaN,NaN,NaN,NaN,NaN,NaN,NaN,NaN,NaN,NaN
175601,1.00000113015205e+18,63875741921110,0.034,1.44,-0.019,0.057,-0.022,-0.008,0.998,NaN,0.048,0.036,0.998,0,0,0,64.325,NaN,NaN,NaN,NaN,NaN,NaN,NaN,NaN,0.045,0.041,0.998,0.032,0,0,0,0,6.373,NaN,2,0,NaN,NaN,NaN,NaN
175602,1.00000113015706e+18,63875741921110,0.034,1.44,-0.019,0.057,-0.022,-0.008,0.998,NaN,NaN,NaN,NaN,NaN,NaN,NaN,NaN,NaN,NaN,NaN,NaN,NaN,NaN,NaN,NaN,NaN,NaN,NaN,NaN,NaN,NaN,NaN,NaN,NaN,NaN,NaN,NaN,NaN,NaN,NaN,NaN
175603,1.00000113016207e+18,63875741921110,0.034,1.44,-0.019,0.057,-0.022,-0.008,0.998,NaN,NaN,NaN,NaN,NaN,NaN,NaN,NaN,NaN,NaN,NaN,NaN,NaN,NaN,NaN,NaN,NaN,NaN,NaN,NaN,NaN,NaN,NaN,NaN,NaN,NaN,NaN,NaN,NaN,NaN,NaN,NaN
175604,1.00000113016709e+18,63875741921110,0.034,1.44,-0.019,0.057,-0.022,-0.008,0.998,NaN,NaN,NaN,NaN,NaN,NaN,NaN,NaN,NaN,NaN,NaN,NaN,NaN,NaN,NaN,NaN,NaN,NaN,NaN,NaN,NaN,NaN,NaN,NaN,NaN,NaN,NaN,NaN,NaN,NaN,NaN,NaN
175605,1.0000011301721e+18,63875741921110,0.034,1.44,-0.019,0.057,-0.022,-0.008,0.998,NaN,NaN,NaN,NaN,NaN,NaN,NaN,NaN,NaN,NaN,NaN,NaN,NaN,NaN,NaN,NaN,NaN,NaN,NaN,NaN,NaN,NaN,NaN,NaN,NaN,NaN,NaN,NaN,NaN,NaN,NaN,NaN
175606,1.0000011301771e+18,63875741921110,0.034,1.44,-0.019,0.057,-0.022,-0.008,0.998,NaN,NaN,NaN,NaN,NaN,NaN,NaN,NaN,NaN,NaN,NaN,NaN,NaN,NaN,NaN,NaN,NaN,NaN,NaN,NaN,NaN,NaN,NaN,NaN,NaN,NaN,NaN,NaN,NaN,NaN,NaN,NaN
175607,1.00000113018211e+18,63875741921110,0.034,1.44,-0.019,0.057,-0.022,-0.008,0.998,NaN,NaN,NaN,NaN,NaN,NaN,NaN,NaN,NaN,NaN,NaN,NaN,NaN,NaN,NaN,NaN,NaN,NaN,NaN,NaN,NaN,NaN,NaN,NaN,NaN,NaN,NaN,NaN,NaN,NaN,NaN,NaN
175608,1.00000113018712e+18,63875741921110,0.034,1.44,-0.019,0.057,-0.022,-0.008,0.998,NaN,NaN,NaN,NaN,NaN,NaN,NaN,NaN,NaN,NaN,NaN,NaN,NaN,NaN,NaN,NaN,NaN,NaN,NaN,NaN,NaN,NaN,NaN,NaN,NaN,NaN,NaN,NaN,NaN,NaN,NaN,NaN
175609,1.00000113019214e+18,63875741921110,0.034,1.44,-0.019,0.057,-0.022,-0.008,0.998,NaN,NaN,NaN,NaN,NaN,NaN,NaN,NaN,NaN,NaN,NaN,NaN,NaN,NaN,NaN,NaN,NaN,NaN,NaN,NaN,NaN,NaN,NaN,NaN,NaN,NaN,NaN,NaN,NaN,NaN,NaN,NaN
175610,1.00000113019715e+18,63875741921110,0.034,1.44,-0.019,0.057,-0.022,-0.008,0.998,NaN,NaN,NaN,NaN,NaN,NaN,NaN,NaN,NaN,NaN,NaN,NaN,NaN,NaN,NaN,NaN,NaN,NaN,NaN,NaN,NaN,NaN,NaN,NaN,NaN,NaN,NaN,NaN,NaN,NaN,NaN,NaN
175611,1.00000113020217e+18,63875741921110,0.034,1.44,-0.019,0.057,-0.022,-0.008,0.998,NaN,NaN,NaN,NaN,NaN,NaN,NaN,NaN,NaN,NaN,NaN,NaN,NaN,NaN,NaN,NaN,NaN,NaN,NaN,NaN,NaN,NaN,NaN,NaN,NaN,NaN,NaN,NaN,NaN,NaN,NaN,NaN
175612,1.00000113020718e+18,63875741921110,0.034,1.44,-0.019,0.057,-0.022,-0.008,0.998,NaN,NaN,NaN,NaN,NaN,NaN,NaN,NaN,NaN,NaN,NaN,NaN,NaN,NaN,NaN,NaN,NaN,NaN,NaN,NaN,NaN,NaN,NaN,NaN,NaN,NaN,NaN,NaN,NaN,NaN,NaN,NaN
175613,1.00000113021218e+18,63875741921110,0.034,1.44,-0.019,0.057,-0.022,-0.008,0.998,NaN,NaN,NaN,NaN,NaN,NaN,NaN,NaN,NaN,NaN,NaN,NaN,NaN,NaN,NaN,NaN,NaN,NaN,NaN,NaN,NaN,NaN,NaN,NaN,NaN,NaN,NaN,NaN,NaN,NaN,NaN,NaN
175614,1.0000011302172e+18,63875741921110,0.034,1.44,-0.019,0.057,-0.022,-0.008,0.998,NaN,NaN,NaN,NaN,NaN,NaN,NaN,NaN,NaN,NaN,NaN,NaN,NaN,NaN,NaN,NaN,NaN,NaN,NaN,NaN,NaN,NaN,NaN,NaN,NaN,NaN,NaN,NaN,NaN,NaN,NaN,NaN
175615,1.00000113022221e+18,63875741921110,0.034,1.44,-0.019,0.057,-0.022,-0.008,0.998,NaN,0.041,-0.256,0.966,0,0,0,64.325,NaN,NaN,NaN,NaN,NaN,NaN,NaN,NaN,0.039,-0.252,0.967,0.032,0,0,0,0,6.373,NaN,2,0,NaN,NaN,NaN,NaN
175616,1.00000113022722e+18,63875741921121,0.034,1.44,-0.019,0.057,-0.022,-0.008,0.998,NaN,0.04,-0.4,0.916,0,0,0,64.325,NaN,NaN,NaN,NaN,NaN,NaN,NaN,NaN,0.038,-0.399,0.916,0.032,0,0,0,0,6.373,NaN,2,0,NaN,NaN,NaN,NaN
175617,1.00000113023223e+18,63875741921121,0.034,1.44,-0.019,0.057,-0.022,-0.008,0.998,NaN,0.048,-0.305,0.951,0,0,0,64.325,NaN,NaN,NaN,NaN,NaN,NaN,NaN,NaN,0.046,-0.304,0.952,0.032,0,0,0,0,6.373,NaN,2,0,NaN,NaN,NaN,NaN
175618,1.00000113023728e+18,63875741921121,0.034,1.44,-0.019,0.057,-0.022,-0.008,0.998,NaN,0.051,-0.313,0.948,0,0,0,64.325,NaN,NaN,NaN,NaN,NaN,NaN,NaN,NaN,0.05,-0.313,0.949,0.032,0,0,0,0,6.373,NaN,2,0,NaN,NaN,NaN,NaN
175619,1.00000113024229e+18,63875741921132,0.034,1.44,-0.019,0.057,-0.022,-0.008,0.998,NaN,0.054,-0.309,0.95,0,0,0,64.325,NaN,NaN,NaN,NaN,NaN,NaN,NaN,NaN,0.053,-0.308,0.95,0.032,0,0,0,0,6.373,NaN,2,0,NaN,NaN,NaN,NaN
175620,1.00000113024731e+18,63875741921132,0.034,1.44,-0.019,0.057,-0.022,-0.008,0.998,NaN,0.056,-0.298,0.953,0,0,0,64.325,NaN,NaN,NaN,NaN,NaN,NaN,NaN,NaN,0.055,-0.298,0.953,0.032,0,0,0,0,6.373,NaN,2,0,NaN,NaN,NaN,NaN
175621,1.00000113025231e+18,63875741921143,0.034,1.44,-0.019,0.057,-0.022,-0.008,0.998,NaN,0.055,-0.34,0.939,0,0,0,64.325,NaN,NaN,NaN,NaN,NaN,NaN,NaN,NaN,0.054,-0.34,0.939,0.032,0,0,0,0,6.373,NaN,2,0,NaN,NaN,NaN,NaN
175622,1.00000113025732e+18,63875741921143,0.034,1.44,-0.019,0.057,-0.022,-0.008,0.998,NaN,0.055,-0.36,0.931,0,0,0,64.325,NaN,NaN,NaN,NaN,NaN,NaN,NaN,NaN,0.054,-0.36,0.932,0.032,0,0,0,0,6.373,NaN,2,0,NaN,NaN,NaN,NaN
175623,1.00000113026233e+18,63875741921154,0.034,1.44,-0.019,0.057,-0.022,-0.008,0.998,NaN,0.052,-0.284,0.957,0,0,0,64.325,NaN,NaN,NaN,NaN,NaN,NaN,NaN,NaN,0.051,-0.284,0.957,0.032,0,0,0,0,6.373,NaN,2,0,NaN,NaN,NaN,NaN
175624,1.00000113026737e+18,63875741921154,0.034,1.44,-0.019,0.057,-0.022,-0.008,0.998,NaN,0.047,-0.238,0.97,0,0,0,64.325,NaN,NaN,NaN,NaN,NaN,NaN,NaN,NaN,0.047,-0.238,0.97,0.032,0,0,0,0,6.373,NaN,2,0,NaN,NaN,NaN,NaN
175625,1.00000113027238e+18,63875741921166,0.034,1.44,-0.019,0.057,-0.022,-0.008,0.998,NaN,0.039,-0.18,0.983,0,0,0,64.325,NaN,NaN,NaN,NaN,NaN,NaN,NaN,NaN,0.039,-0.18,0.983,0.032,0,0,0,0,6.373,NaN,2,0,NaN,NaN,NaN,NaN
175626,1.00000113027738e+18,63875741921166,0.034,1.44,-0.019,0.057,-0.022,-0.008,0.998,NaN,0.032,-0.128,0.991,0,0,0,64.325,NaN,NaN,NaN,NaN,NaN,NaN,NaN,NaN,0.032,-0.128,0.991,0.032,0,0,0,0,6.373,NaN,2,0,NaN,NaN,NaN,NaN
175627,1.00000113028237e+18,63875741921176,0.034,1.44,-0.019,0.057,-0.022,-0.008,0.998,NaN,0.041,-0.061,0.997,0,0,0,64.325,NaN,0.082,0.031,0.996,-0.032,0,0,0,0,6.415,0.668,NaN,0.041,-0.061,0.997,0.032,0,0,0,0,6.373,0.675,0.2584223,0
175628,1.00000113028738e+18,63875741921176,0.034,1.44,-0.019,0.057,-0.022,-0.008,0.998,NaN,0.045,-0.02,0.999,0,0,0,64.325,NaN,0.082,0.026,0.996,-0.032,0,0,0,0,6.415,0.671,NaN,0.044,-0.02,0.999,0.032,0,0,0,0,6.373,0.687,0.686801,0
175629,1.00000113029238e+18,63875741921176,0.034,1.44,-0.019,0.057,-0.022,-0.008,0.998,NaN,0.041,-0.024,0.999,0,0,0,64.325,NaN,0.076,0.056,0.996,-0.032,0,0,0,0,6.415,0.677,NaN,0.041,-0.024,0.999,0.032,0,0,0,0,6.373,0.696,0.2899592,0
175630,1.00000113029738e+18,63875741921187,0.034,1.44,-0.018,0.056,-0.023,-0.008,0.998,NaN,0.037,-0.023,0.999,0,0,0,64.325,NaN,0.076,0.045,0.996,-0.032,0,0,0,0,6.415,0.689,NaN,0.037,-0.023,0.999,0.032,0,0,0,0,6.373,0.704,0.4067447,0
175631,1.00000113030241e+18,63875741921188,0.034,1.44,-0.018,0.056,-0.023,-0.008,0.998,NaN,0.033,-0.02,0.999,0,0,0,64.325,NaN,0.078,0.029,0.997,-0.032,0,0,0,0,6.415,0.698,NaN,0.033,-0.02,0.999,0.032,0,0,0,0,6.373,0.712,0.6495337,0
175632,1.00000113030742e+18,63875741921199,0.034,1.441,-0.018,0.056,-0.023,-0.008,0.998,NaN,0.03,-0.012,0.999,0,0,0,64.325,NaN,0.08,0.018,0.997,-0.032,0,0,0,0,6.415,0.702,NaN,0.03,-0.012,0.999,0.032,0,0,0,0,6.373,0.716,0.9320711,0
175633,1.00000113031244e+18,63875741921199,0.034,1.441,-0.018,0.056,-0.023,-0.008,0.998,NaN,0.035,0.003,0.999,0,0,0,64.325,NaN,0.082,0.013,0.997,-0.032,0,0,0,0,6.415,0.712,NaN,0.034,0.014,0.999,0.032,0,0,0,0,6.373,0.722,2,0
175634,1.00000113031744e+18,63875741921210,0.034,1.441,-0.018,0.056,-0.023,-0.008,0.998,NaN,0.037,0.013,0.999,0,0,0,64.325,NaN,0.084,0.009,0.996,-0.032,0,0,0,0,6.415,0.721,NaN,0.037,0.031,0.999,0.032,0,0,0,0,6.373,0.729,2,0
175635,1.00000113032246e+18,63875741921210,0.034,1.441,-0.018,0.056,-0.023,-0.008,0.998,NaN,0.04,0.019,0.999,0,0,0,64.325,NaN,0.085,0.006,0.996,-0.032,0,0,0,0,6.415,0.729,NaN,0.038,0.042,0.998,0.032,0,0,0,0,6.373,0.735,0.8614546,0
175636,1.00000113032746e+18,63875741921221,0.034,1.441,-0.018,0.056,-0.023,-0.008,0.998,NaN,0.051,-0.007,0.999,0,0,0,64.325,NaN,0.089,-0.017,0.996,-0.032,0,0,0,0,6.415,0.738,NaN,0.04,0.051,0.998,0.032,0,0,0,0,6.373,0.741,0.4469903,0
175637,1.00000113033247e+18,63875741921221,0.034,1.441,-0.018,0.056,-0.023,-0.008,0.998,NaN,0.052,0.008,0.999,0,0,0,64.325,NaN,0.091,-0.001,0.996,-0.032,0,0,0,0,6.415,0.746,NaN,0.041,0.047,0.998,0.032,0,0,0,0,6.373,0.747,0.6679038,0
175638,1.00000113033752e+18,63875741921232,0.034,1.441,-0.018,0.056,-0.023,-0.008,0.998,NaN,0.052,0.019,0.998,0,0,0,64.325,NaN,0.092,0.009,0.996,-0.032,0,0,0,0,6.415,0.753,NaN,0.042,0.045,0.998,0.032,0,0,0,0,6.373,0.753,0.8465928,0
175639,1.00000113034253e+18,63875741921232,0.034,1.441,-0.018,0.056,-0.023,-0.008,0.998,NaN,0.053,0.033,0.998,0,0,0,64.325,NaN,0.093,0.018,0.996,-0.032,0,0,0,0,6.415,0.761,NaN,0.044,0.05,0.998,0.032,0,0,0,0,6.373,0.759,0.9185132,0
175640,1.00000113034752e+18,63875741921232,0.034,1.441,-0.018,0.056,-0.023,-0.008,0.998,NaN,0.054,0.044,0.998,0,0,0,64.325,NaN,0.092,0.025,0.995,-0.032,0,0,0.509,3.263,6.415,0.768,NaN,0.045,0.055,0.997,0.032,0,0,0.525,3.347,6.373,0.765,0.9587194,0
175641,1.00000113035254e+18,63875741921243,0.034,1.44,-0.018,0.057,-0.023,-0.008,0.998,NaN,0.055,0.053,0.997,0,0,0,64.325,NaN,0.09,0.029,0.996,-0.032,0,0,0.51,3.271,6.415,0.776,NaN,0.046,0.06,0.997,0.032,0,0,0.552,3.518,6.373,0.771,0.9624652,0
175642,1.00000113035756e+18,63875741921254,0.034,1.44,-0.018,0.057,-0.023,-0.008,0.998,NaN,0.072,0.094,0.993,0,0,0,64.325,NaN,0.09,0.029,0.996,-0.032,0,0,0.488,3.131,6.415,0.782,NaN,0.064,0.098,0.993,0.032,0,0,0.557,3.548,6.373,0.777,0.3082943,0
175643,1.00000113036256e+18,63875741921254,0.034,1.44,-0.018,0.057,-0.023,-0.008,0.998,NaN,0.069,0.087,0.994,0,0,0,64.325,NaN,0.089,0.031,0.996,-0.032,0,0,0.505,3.237,6.415,0.789,NaN,0.063,0.089,0.994,0.032,0,0,0.557,3.547,6.373,0.784,0.4056247,0
175644,1.00000113036758e+18,63875741921254,0.034,1.44,-0.018,0.057,-0.023,-0.008,0.998,NaN,0.067,0.08,0.995,0,0,0,64.325,NaN,0.088,0.035,0.995,-0.032,0,0,0.511,3.277,6.415,0.797,NaN,0.061,0.082,0.995,0.032,0,0,0.555,3.537,6.373,0.79,0.5876039,0
175645,1.00000113037259e+18,63875741921266,0.034,1.44,-0.018,0.057,-0.023,-0.008,0.998,NaN,0.065,0.074,0.995,0,0,0,64.325,NaN,0.088,0.041,0.995,-0.032,0,0,0.512,3.287,6.415,0.804,NaN,0.06,0.076,0.995,0.032,0,0,0.552,3.52,6.373,0.796,2,0
175646,1.00000113037761e+18,63875741921266,0.034,1.44,-0.018,0.057,-0.023,-0.008,0.998,NaN,0.063,0.07,0.996,0,0,0,64.325,NaN,0.088,0.047,0.995,-0.032,0,0,0.513,3.29,6.415,0.811,NaN,0.059,0.072,0.996,0.032,0,0,0.551,3.512,6.373,0.802,2,0
175647,1.00000113038262e+18,63875741921277,0.034,1.44,-0.018,0.057,-0.023,-0.008,0.998,NaN,0.062,0.069,0.996,0,0,0,64.325,NaN,0.086,0.05,0.995,-0.032,0,0,0.513,3.292,6.415,0.819,NaN,0.058,0.07,0.996,0.032,0,0,0.549,3.497,6.373,0.808,2,0
175648,1.0000011303876e+18,63875741921277,0.034,1.44,-0.018,0.057,-0.023,-0.008,0.998,NaN,0.062,0.068,0.996,0,0,0,64.325,NaN,0.084,0.052,0.995,-0.032,0,0,0.514,3.296,6.415,0.827,NaN,0.058,0.069,0.996,0.032,0,0,0.547,3.489,6.373,0.815,2,0
175649,1.00000113039261e+18,63875741921277,0.034,1.44,-0.018,0.057,-0.023,-0.008,0.998,NaN,0.061,0.067,0.996,0,0,0,64.325,NaN,0.083,0.059,0.995,-0.032,0,0,0.516,3.311,6.415,0.834,NaN,0.057,0.068,0.996,0.032,0,0,0.547,3.483,6.373,0.821,2,0
175650,1.00000113039763e+18,63875741921288,0.034,1.44,-0.018,0.057,-0.023,-0.008,0.998,NaN,0.06,0.067,0.996,0,0,0,64.325,NaN,0.083,0.066,0.994,-0.032,0,0,0.519,3.331,6.415,0.842,NaN,0.057,0.068,0.996,0.032,0,0,0.547,3.483,6.373,0.828,2,0
175651,1.00000113040264e+18,63875741921288,0.034,1.44,-0.018,0.057,-0.023,-0.008,0.998,NaN,0.06,0.066,0.996,0,0,0,64.325,NaN,0.083,0.074,0.994,-0.032,0,0,0.531,3.406,6.415,0.849,NaN,0.056,0.067,0.996,0.032,0,0,0.545,3.476,6.373,0.834,2,0
175652,1.00000113040767e+18,63875741921299,0.034,1.44,-0.018,0.057,-0.022,-0.008,0.998,NaN,0.06,0.066,0.996,0,0,0,64.325,NaN,0.083,0.081,0.993,-0.032,0,0,0.538,3.454,6.415,0.856,NaN,0.056,0.066,0.996,0.032,0,0,0.544,3.469,6.373,0.84,2,0
175653,1.00000113041272e+18,63875741921299,0.034,1.44,-0.018,0.057,-0.022,-0.008,0.998,NaN,0.059,0.065,0.996,0,0,0,64.325,NaN,0.082,0.087,0.993,-0.032,0,0,0.541,3.468,6.415,0.863,NaN,0.056,0.066,0.996,0.032,0,0,0.544,3.464,6.373,0.846,2,0
175654,1.00000113041774e+18,63875741921311,0.034,1.44,-0.018,0.057,-0.022,-0.008,0.998,NaN,0.059,0.065,0.996,0,0,0,64.325,NaN,0.082,0.092,0.992,-0.032,0,0,0.542,3.478,6.415,0.869,NaN,0.055,0.066,0.996,0.032,0,0,0.543,3.461,6.373,0.852,2,0
175655,1.00000113042277e+18,63875741921311,0.034,1.44,-0.018,0.057,-0.022,-0.008,0.998,NaN,0.058,0.066,0.996,0,0,0,64.325,NaN,0.078,0.087,0.993,-0.032,0,0,0.543,3.484,6.415,0.875,NaN,0.055,0.066,0.996,0.032,0,0,0.543,3.458,6.373,0.857,2,0
175656,1.0000011304278e+18,63875741921321,0.034,1.44,-0.018,0.057,-0.022,-0.007,0.998,NaN,0.058,0.067,0.996,0,0,0,64.325,NaN,0.078,0.092,0.993,-0.032,0,0,0.544,3.487,6.415,0.88,NaN,0.055,0.067,0.996,0.032,0,0,0.542,3.456,6.373,0.862,2,0
175657,1.00000113043276e+18,63875741921321,0.034,1.44,-0.018,0.057,-0.022,-0.007,0.998,NaN,0.057,0.068,0.996,0,0,0,64.325,NaN,0.074,0.088,0.993,-0.032,0,0,0.543,3.481,6.415,0.885,NaN,0.055,0.068,0.996,0.032,0,0,0.542,3.454,6.373,0.867,2,0
175658,1.00000113043779e+18,63875741921332,0.034,1.44,-0.018,0.057,-0.022,-0.007,0.998,NaN,0.057,0.068,0.996,0,0,0,64.325,NaN,0.071,0.085,0.994,-0.032,0,0,0.543,3.481,6.415,0.89,NaN,0.055,0.068,0.996,0.032,0,0,0.542,3.452,6.373,0.87,2,0
175659,1.00000113044277e+18,63875741921332,0.034,1.44,-0.018,0.057,-0.022,-0.007,0.998,NaN,0.056,0.069,0.996,0,0,0,64.325,NaN,0.072,0.089,0.993,-0.032,0,0,0.543,3.487,6.415,0.895,NaN,0.054,0.069,0.996,0.032,0,0,0.541,3.45,6.373,0.874,2,0
175660,1.00000113044775e+18,63875741921332,0.034,1.44,-0.018,0.057,-0.022,-0.007,0.998,NaN,0.056,0.069,0.996,0,0,0,64.325,NaN,0.072,0.093,0.993,-0.032,0,0,0.548,3.517,6.415,0.9,NaN,0.054,0.069,0.996,0.032,0,0,0.541,3.45,6.373,0.877,2,0
175661,1.00000113045275e+18,63875741921343,0.033,1.44,-0.018,0.057,-0.023,-0.007,0.998,NaN,0.055,0.069,0.996,0,0,0,64.325,NaN,0.073,0.097,0.993,-0.032,0,0,0.549,3.522,6.415,0.905,NaN,0.054,0.069,0.996,0.032,0,0,0.541,3.448,6.373,0.88,2,0
175662,1.00000113045778e+18,63875741921343,0.033,1.44,-0.018,0.057,-0.023,-0.007,0.998,NaN,0.055,0.068,0.996,0,0,0,64.325,NaN,0.073,0.098,0.992,-0.032,0,0,0.547,3.509,6.415,0.908,NaN,0.054,0.068,0.996,0.032,0,0,0.541,3.446,6.373,0.882,2,0.5717586
175663,1.00000113046287e+18,63875741921354,0.034,1.44,-0.019,0.057,-0.023,-0.007,0.998,NaN,0.054,0.068,0.996,0,0,0,64.325,NaN,0.074,0.099,0.992,-0.032,0,0,0.546,3.502,6.415,0.912,NaN,0.053,0.068,0.996,0.032,0,0,0.54,3.443,6.373,0.885,2,0.6661556
175664,1.00000113046789e+18,63875741921354,0.034,1.44,-0.019,0.057,-0.023,-0.007,0.998,NaN,0.054,0.068,0.996,0,0,0,64.325,NaN,0.074,0.101,0.992,-0.032,0,0,0.547,3.507,6.415,0.915,NaN,0.053,0.068,0.996,0.032,0,0,0.54,3.439,6.373,0.886,2,0.7299268
175665,1.00000113047291e+18,63875741921366,0.034,1.44,-0.019,0.057,-0.023,-0.007,0.998,NaN,0.053,0.068,0.996,0,0,0,64.325,NaN,0.074,0.101,0.992,-0.032,0,0,0.544,3.488,6.415,0.918,NaN,0.053,0.068,0.996,0.032,0,0,0.539,3.434,6.373,0.888,2,0.7295967
175666,1.00000113047794e+18,63875741921366,0.034,1.44,-0.019,0.057,-0.023,-0.007,0.998,NaN,0.053,0.068,0.996,0,0,0,64.325,NaN,0.074,0.1,0.992,-0.032,0,0,0.542,3.479,6.415,0.922,NaN,0.053,0.068,0.996,0.032,0,0,0.538,3.43,6.373,0.889,2,0.7659553
175667,1.00000113048296e+18,63875741921377,0.034,1.44,-0.018,0.057,-0.023,-0.007,0.998,NaN,0.052,0.068,0.996,0,0,0,64.325,NaN,0.075,0.1,0.992,-0.032,0,0,0.541,3.471,6.415,0.927,NaN,0.052,0.068,0.996,0.032,0,0,0.538,3.426,6.373,0.891,2,0.7641401
175668,1.00000113048788e+18,63875741921377,0.034,1.44,-0.018,0.057,-0.023,-0.007,0.998,NaN,0.052,0.068,0.996,0,0,0,64.325,NaN,0.075,0.1,0.992,-0.032,0,0,0.541,3.468,6.415,0.931,NaN,0.052,0.068,0.996,0.032,0,0,0.537,3.423,6.373,0.892,2,0.772002
175669,1.00000113049287e+18,63875741921377,0.034,1.44,-0.018,0.057,-0.023,-0.007,0.998,NaN,0.051,0.068,0.996,0,0,0,64.325,NaN,0.075,0.099,0.992,-0.032,0,0,0.54,3.466,6.415,0.933,NaN,0.051,0.068,0.996,0.032,0,0,0.537,3.42,6.373,0.893,2,0.8060952
175670,1.00000113049789e+18,63875741921388,0.034,1.44,-0.018,0.056,-0.023,-0.007,0.998,NaN,0.051,0.068,0.996,0,0,0,64.325,NaN,0.075,0.099,0.992,-0.032,0,0,0.54,3.466,6.415,0.934,NaN,0.051,0.068,0.996,0.032,0,0,0.536,3.417,6.373,0.894,2,0.8854344
175671,1.0000011305029e+18,63875741921388,0.034,1.44,-0.018,0.056,-0.023,-0.007,0.998,NaN,0.05,0.067,0.996,0,0,0,64.325,NaN,0.075,0.098,0.992,-0.032,0,0,0.534,3.428,6.415,0.937,NaN,0.05,0.067,0.996,0.032,0,0,0.536,3.414,6.373,0.897,2,0.8794624
175672,1.0000011305079e+18,63875741921399,0.034,1.44,-0.018,0.056,-0.023,-0.007,0.998,NaN,0.049,0.067,0.997,0,0,0,64.325,NaN,0.075,0.097,0.992,-0.032,0,0,0.532,3.412,6.415,0.937,NaN,0.05,0.067,0.996,0.032,0,0,0.535,3.411,6.373,0.898,2,0.8808463
175673,1.00000113051291e+18,63875741921399,0.034,1.44,-0.018,0.056,-0.023,-0.007,0.998,NaN,0.049,0.067,0.997,0,0,0,64.325,NaN,0.075,0.097,0.992,-0.032,0,0,0.532,3.413,6.415,0.939,NaN,0.049,0.067,0.997,0.032,0,0,0.535,3.408,6.373,0.899,2,0.8916685
175674,1.00000113051793e+18,63875741921410,0.034,1.44,-0.018,0.056,-0.023,-0.007,0.998,NaN,0.048,0.067,0.997,0,0,0,64.325,NaN,0.076,0.096,0.992,-0.032,0,0,0.533,3.421,6.415,0.941,NaN,0.049,0.067,0.997,0.032,0,0,0.534,3.406,6.373,0.9,2,0.9353712
175675,1.00000113052297e+18,63875741921410,0.034,1.44,-0.018,0.056,-0.023,-0.007,0.998,NaN,0.048,0.066,0.997,0,0,0,64.325,NaN,0.076,0.096,0.993,-0.032,0,0,0.534,3.426,6.415,0.941,NaN,0.048,0.067,0.997,0.032,0,0,0.534,3.404,6.373,0.901,2,0.9476954
175676,1.00000113052799e+18,63875741921421,0.034,1.44,-0.018,0.056,-0.023,-0.007,0.998,NaN,0.047,0.066,0.997,0,0,0,64.325,NaN,0.076,0.096,0.993,-0.032,0,0,0.534,3.426,6.415,0.943,NaN,0.048,0.066,0.997,0.032,0,0,0.534,3.403,6.373,0.902,2,0.9666581
175677,1.000001130533e+18,63875741921422,0.034,1.44,-0.018,0.056,-0.023,-0.007,0.998,NaN,0.047,0.066,0.997,0,0,0,64.325,NaN,0.076,0.095,0.993,-0.032,0,0,0.534,3.426,6.415,0.945,NaN,0.047,0.066,0.997,0.032,0,0,0.534,3.4,6.373,0.903,2,0.9462767
175678,1.000001130538e+18,63875741921422,0.034,1.44,-0.018,0.056,-0.023,-0.007,0.998,NaN,0.046,0.066,0.997,0,0,0,64.325,NaN,0.076,0.095,0.993,-0.032,0,0,0.533,3.42,6.415,0.947,NaN,0.047,0.066,0.997,0.032,0,0,0.533,3.399,6.373,0.905,2,0.9710858
175679,1.000001130543e+18,63875741921433,0.034,1.441,-0.018,0.056,-0.023,-0.007,0.998,NaN,0.046,0.065,0.997,0,0,0,64.325,NaN,0.076,0.095,0.993,-0.032,0,0,0.532,3.414,6.415,0.948,NaN,0.046,0.065,0.997,0.032,0,0,0.533,3.397,6.373,0.907,2,0.9708144
175680,1.000001130548e+18,63875741921433,0.034,1.441,-0.018,0.056,-0.023,-0.007,0.998,NaN,0.048,0.066,0.997,0,0,0,64.325,NaN,0.077,0.094,0.993,-0.032,0,0,0.531,3.408,6.415,0.95,NaN,0.048,0.066,0.997,0.032,0,0,0.533,3.397,6.373,0.909,2,0.518151
175681,1.000001130553e+18,63875741921443,0.034,1.441,-0.018,0.056,-0.023,-0.007,0.998,NaN,0.047,0.065,0.997,0,0,0,64.325,NaN,0.077,0.094,0.993,-0.032,0,0,0.531,3.404,6.415,0.952,NaN,0.048,0.066,0.997,0.032,0,0,0.533,3.397,6.373,0.911,2,0.08198716
175682,1.00000113055805e+18,63875741921443,0.034,1.441,-0.018,0.056,-0.023,-0.007,0.998,NaN,0.047,0.065,0.997,0,0,0,64.325,NaN,0.077,0.094,0.993,-0.032,0,0,0.53,3.401,6.415,0.953,NaN,0.047,0.065,0.997,0.032,0,0,0.533,3.397,6.373,0.914,2,0.08628863
175683,1.00000113056303e+18,63875741921454,0.034,1.441,-0.018,0.056,-0.023,-0.007,0.998,NaN,0.046,0.065,0.997,0,0,0,64.325,NaN,0.077,0.093,0.993,-0.032,0,0,0.53,3.399,6.415,0.955,NaN,0.047,0.065,0.997,0.032,0,0,0.533,3.396,6.373,0.914,2,0.09398422
175684,1.00000113056803e+18,63875741921454,0.034,1.441,-0.018,0.056,-0.023,-0.007,0.998,NaN,0.046,0.064,0.997,0,0,0,64.325,NaN,0.077,0.093,0.993,-0.032,0,0,0.534,3.427,6.415,0.956,NaN,0.046,0.064,0.997,0.032,0,0,0.533,3.396,6.373,0.916,2,0.0962468
175685,1.00000113057304e+18,63875741921465,0.034,1.441,-0.018,0.056,-0.023,-0.007,0.998,NaN,0.046,0.064,0.997,0,0,0,64.325,NaN,0.077,0.093,0.993,-0.032,0,0,0.535,3.429,6.415,0.957,NaN,0.046,0.063,0.997,0.032,0,0,0.532,3.393,6.373,0.917,2,0.09802699
175686,1.0000011305781e+18,63875741921465,0.034,1.441,-0.018,0.056,-0.023,-0.007,0.998,NaN,0.045,0.063,0.997,0,0,0,64.325,NaN,0.077,0.092,0.993,-0.032,0,0,0.534,3.429,6.415,0.958,NaN,0.045,0.063,0.997,0.032,0,0,0.532,3.391,6.373,0.918,2,0.1069653
175687,1.0000011305831e+18,63875741921477,0.034,1.441,-0.018,0.056,-0.023,-0.007,0.998,NaN,0.045,0.062,0.997,0,0,0,64.325,NaN,0.078,0.092,0.993,-0.032,0,0,0.532,3.414,6.415,0.959,NaN,0.045,0.062,0.997,0.032,0,0,0.532,3.389,6.373,0.92,2,0.1039387
175688,1.00000113058813e+18,63875741921477,0.034,1.441,-0.018,0.056,-0.023,-0.007,0.998,NaN,0.044,0.062,0.997,0,0,0,64.325,NaN,0.078,0.091,0.993,-0.032,0,0,0.531,3.407,6.415,0.96,NaN,0.045,0.062,0.997,0.032,0,0,0.532,3.388,6.373,0.921,2,0.1207083
175689,1.00000113059313e+18,63875741921488,0.034,1.441,-0.018,0.056,-0.023,-0.007,0.998,NaN,0.044,0.061,0.997,0,0,0,64.325,NaN,0.078,0.09,0.993,-0.032,0,0,0.531,3.407,6.415,0.961,NaN,0.044,0.061,0.997,0.032,0,0,0.532,3.387,6.373,0.923,2,0.1210676
175690,1.00000113059813e+18,63875741921488,0.034,1.441,-0.018,0.056,-0.023,-0.007,0.998,NaN,0.044,0.061,0.997,0,0,0,64.325,NaN,0.078,0.089,0.993,-0.032,0,0,0.531,3.408,6.415,0.962,NaN,0.044,0.061,0.997,0.032,0,0,0.531,3.387,6.373,0.923,2,0.1268515
175691,1.00000113060313e+18,63875741921488,0.034,1.441,-0.018,0.056,-0.023,-0.007,0.998,NaN,0.043,0.06,0.997,0,0,0,64.325,NaN,0.078,0.089,0.993,-0.032,0,0,0.531,3.409,6.415,0.963,NaN,0.043,0.06,0.997,0.032,0,0,0.531,3.386,6.373,0.925,2,0.1303198
175692,1.00000113060814e+18,63875741921499,0.034,1.441,-0.018,0.056,-0.023,-0.007,0.998,NaN,0.043,0.06,0.997,0,0,0,64.325,NaN,0.078,0.088,0.993,-0.032,0,0,0.533,3.418,6.415,0.963,NaN,0.043,0.06,0.997,0.032,0,0,0.531,3.386,6.373,0.926,2,0.1401614
175693,1.00000113061314e+18,63875741921499,0.034,1.441,-0.018,0.056,-0.023,-0.007,0.998,NaN,0.043,0.059,0.997,0,0,0,64.325,NaN,0.078,0.088,0.993,-0.032,0,0,0.533,3.417,6.415,0.964,NaN,0.043,0.059,0.997,0.032,0,0,0.531,3.386,6.373,0.928,2,0.1437476
175694,1.00000113061816e+18,63875741921511,0.034,1.441,-0.018,0.056,-0.023,-0.007,0.998,NaN,0.042,0.059,0.997,0,0,0,64.325,NaN,0.079,0.087,0.993,-0.032,0,0,0.532,3.412,6.415,0.965,NaN,0.042,0.058,0.997,0.032,0,0,0.531,3.385,6.373,0.929,2,0.1415878
175695,1.00000113062316e+18,63875741921511,0.034,1.441,-0.018,0.056,-0.023,-0.007,0.998,NaN,0.042,0.058,0.997,0,0,0,64.325,NaN,0.079,0.086,0.993,-0.032,0,0,0.532,3.41,6.415,0.965,NaN,0.042,0.058,0.997,0.032,0,0,0.531,3.385,6.373,0.931,2,0.1472585
175696,1.00000113062817e+18,63875741921522,0.034,1.441,-0.018,0.056,-0.023,-0.007,0.998,NaN,0.042,0.057,0.997,0,0,0,64.325,NaN,0.079,0.085,0.993,-0.032,0,0,0.531,3.409,6.415,0.966,NaN,0.042,0.057,0.997,0.032,0,0,0.531,3.385,6.373,0.931,2,0.1597675
175697,1.00000113063322e+18,63875741921522,0.034,1.441,-0.018,0.056,-0.023,-0.007,0.998,NaN,0.041,0.057,0.998,0,0,0,64.325,NaN,0.079,0.084,0.993,-0.032,0,0,0.531,3.407,6.415,0.966,NaN,0.042,0.057,0.998,0.032,0,0,0.531,3.384,6.373,0.931,2,0.1476888
175698,1.00000113063823e+18,63875741921533,0.034,1.441,-0.018,0.056,-0.023,-0.007,0.998,NaN,0.041,0.056,0.998,0,0,0,64.325,NaN,0.079,0.083,0.993,-0.032,0,0,0.531,3.406,6.415,0.967,NaN,0.041,0.056,0.998,0.032,0,0,0.531,3.384,6.373,0.932,2,0.1420415
175699,1.00000113064323e+18,63875741921533,0.034,1.441,-0.018,0.056,-0.023,-0.007,0.998,NaN,0.041,0.056,0.998,0,0,0,64.325,NaN,0.079,0.083,0.993,-0.032,0,0,0.531,3.405,6.415,0.967,NaN,0.041,0.056,0.998,0.032,0,0,0.531,3.384,6.373,0.933,2,0.6059943
175700,1.00000113064827e+18,63875741921533,0.034,1.441,-0.018,0.056,-0.023,-0.007,0.998,NaN,0.041,0.055,0.998,0,0,0,64.325,NaN,0.079,0.082,0.993,-0.032,0,0,0.531,3.404,6.415,0.968,NaN,0.041,0.055,0.998,0.032,0,0,0.531,3.384,6.373,0.934,2,1
175701,1.00000113065328e+18,63875741921544,0.034,1.441,-0.018,0.056,-0.023,-0.007,0.998,NaN,0.04,0.054,0.998,0,0,0,64.325,NaN,0.079,0.081,0.994,-0.032,0,0,0.531,3.404,6.415,0.968,NaN,0.041,0.054,0.998,0.032,0,0,0.531,3.384,6.373,0.934,2,1
175702,1.00000113065828e+18,63875741921544,0.034,1.441,-0.018,0.056,-0.023,-0.007,0.998,NaN,0.04,0.054,0.998,0,0,0,64.325,NaN,0.079,0.081,0.994,-0.032,0,0,0.53,3.403,6.415,0.969,NaN,0.04,0.054,0.998,0.032,0,0,0.531,3.384,6.373,0.935,2,1
175703,1.00000113066329e+18,63875741921555,0.034,1.441,-0.018,0.056,-0.023,-0.007,0.998,NaN,0.04,0.053,0.998,0,0,0,64.325,NaN,0.079,0.08,0.994,-0.032,0,0,0.53,3.402,6.415,0.969,NaN,0.04,0.053,0.998,0.032,0,0,0.531,3.383,6.373,0.935,2,1
175704,1.00000113066829e+18,63875741921555,0.034,1.441,-0.018,0.056,-0.023,-0.007,0.998,NaN,0.04,0.052,0.998,0,0,0,64.325,NaN,0.079,0.08,0.994,-0.032,0,0,0.531,3.404,6.415,0.97,NaN,0.04,0.052,0.998,0.032,0,0,0.531,3.383,6.373,0.935,2,1
175705,1.00000113067333e+18,63875741921566,0.034,1.441,-0.018,0.056,-0.023,-0.007,0.998,NaN,0.039,0.052,0.998,0,0,0,64.325,NaN,0.079,0.079,0.994,-0.032,0,0,0.531,3.405,6.415,0.97,NaN,0.039,0.052,0.998,0.032,0,0,0.531,3.383,6.373,0.935,2,0.9088472
175706,1.00000113067833e+18,63875741921566,0.034,1.441,-0.018,0.056,-0.023,-0.007,0.998,NaN,0.038,0.052,0.998,0,0,0,64.325,NaN,0.079,0.079,0.994,-0.032,0,0,0.531,3.405,6.415,0.971,NaN,0.038,0.052,0.998,0.032,0,0,0.531,3.383,6.373,0.936,2,0.9091246
175707,1.00000113068334e+18,63875741921577,0.034,1.441,-0.018,0.056,-0.023,-0.007,0.998,NaN,0.037,0.052,0.998,0,0,0,64.325,NaN,0.079,0.078,0.994,-0.032,0,0,0.531,3.405,6.415,0.971,NaN,0.037,0.052,0.998,0.032,0,0,0.531,3.383,6.373,0.936,2,0.9054874
175708,1.00000113068835e+18,63875741921577,0.034,1.441,-0.018,0.056,-0.023,-0.007,0.998,NaN,0.035,0.052,0.998,0,0,0,64.325,NaN,0.088,0.075,0.993,-0.032,0,0,0.531,3.405,6.415,0.971,NaN,0.035,0.052,0.998,0.032,0,0,0.531,3.383,6.373,0.937,1.015327,0.9176108
175709,1.00000113069336e+18,63875741921577,0.034,1.441,-0.018,0.056,-0.023,-0.007,0.998,NaN,0.035,0.051,0.998,0,0,0,64.325,NaN,0.087,0.075,0.993,-0.032,0,0,0.532,3.41,6.415,0.972,NaN,0.035,0.051,0.998,0.032,0,0,0.531,3.382,6.373,0.937,1.012799,0.9205556
175710,1.00000113069837e+18,63875741921588,0.034,1.441,-0.018,0.056,-0.023,-0.007,0.998,NaN,0.034,0.051,0.998,0,0,0,64.325,NaN,0.086,0.075,0.993,-0.032,0,0,0.532,3.411,6.415,0.972,NaN,0.034,0.051,0.998,0.032,0,0,0.531,3.382,6.373,0.937,1.009551,0.919647
175711,1.00000113070338e+18,63875741921588,0.034,1.441,-0.018,0.056,-0.023,-0.007,0.998,NaN,0.033,0.051,0.998,0,0,0,64.325,NaN,0.096,0.071,0.993,-0.032,0,0,0.532,3.41,6.415,0.972,NaN,0.033,0.051,0.998,0.032,0,0,0.531,3.382,6.373,0.936,0.9151728,0.9221526
175712,1.00000113070841e+18,63875741921599,0.033,1.441,-0.019,0.056,-0.023,-0.007,0.998,NaN,0.032,0.051,0.998,0,0,0,64.325,NaN,0.094,0.071,0.993,-0.032,0,0,0.531,3.407,6.415,0.973,NaN,0.032,0.051,0.998,0.032,0,0,0.531,3.381,6.373,0.937,0.9300063,0.9245038
175713,1.00000113071342e+18,63875741921611,0.034,1.441,-0.019,0.056,-0.023,-0.007,0.998,NaN,0.031,0.051,0.998,0,0,0,64.325,NaN,0.104,0.068,0.992,-0.032,0,0,0.531,3.406,6.415,0.973,NaN,0.031,0.051,0.998,0.032,0,0,0.53,3.38,6.373,0.937,0.8312289,0.9319174
175714,1.00000113071843e+18,63875741921611,0.034,1.441,-0.019,0.056,-0.023,-0.007,0.998,NaN,0.031,0.05,0.998,0,0,0,64.325,NaN,0.1,0.068,0.993,-0.032,0,0,0.531,3.405,6.415,0.973,NaN,0.031,0.05,0.998,0.032,0,0,0.53,3.38,6.373,0.937,0.8582191,0.925898
175715,1.00000113072344e+18,63875741921611,0.034,1.441,-0.019,0.056,-0.023,-0.007,0.998,NaN,0.03,0.05,0.998,0,0,0,64.325,NaN,0.109,0.065,0.992,-0.032,0,0,0.531,3.405,6.415,0.974,NaN,0.03,0.05,0.998,0.032,0,0,0.53,3.379,6.373,0.937,0.7751974,0.93578
175716,1.00000113072845e+18,63875741921621,0.033,1.441,-0.019,0.056,-0.023,-0.007,0.998,NaN,0.03,0.05,0.998,0,0,0,64.325,NaN,0.118,0.063,0.991,-0.032,0,0,0.531,3.406,6.415,0.974,NaN,0.03,0.05,0.998,0.032,0,0,0.53,3.378,6.373,0.937,0.7089796,0.9389378
175717,1.00000113073346e+18,63875741921621,0.033,1.441,-0.019,0.056,-0.023,-0.007,0.998,NaN,0.029,0.05,0.998,0,0,0,64.325,NaN,0.125,0.06,0.99,-0.032,0,0,0.531,3.407,6.415,0.974,NaN,0.029,0.05,0.998,0.032,0,0,0.53,3.377,6.373,0.937,0.6573284,0.9267003
175718,1.00000113073848e+18,63875741921633,0.034,1.441,-0.019,0.056,-0.023,-0.007,0.998,NaN,0.028,0.049,0.998,0,0,0,64.325,NaN,0.13,0.057,0.99,-0.032,0,0,0.531,3.406,6.415,0.975,NaN,0.028,0.049,0.998,0.032,0,0,0.53,3.376,6.373,0.938,0.6197899,0.9257287
175719,1.0000011307435e+18,63875741921633,0.034,1.441,-0.019,0.056,-0.023,-0.007,0.998,NaN,0.028,0.049,0.998,0,0,0,64.325,NaN,0.135,0.055,0.989,-0.032,0,0,0.542,3.477,6.415,0.975,NaN,0.028,0.049,0.998,0.032,0,0,0.53,3.375,6.373,0.937,0.5925508,0.9171402
175720,1.00000113074853e+18,63875741921633,0.034,1.441,-0.019,0.056,-0.023,-0.007,0.998,NaN,0.027,0.049,0.998,0,0,0,64.325,NaN,0.138,0.053,0.989,-0.032,0,0,0.545,3.494,6.415,0.975,NaN,0.027,0.049,0.998,0.032,0,0,0.529,3.374,6.373,0.937,0.5736072,0.9223829
175721,1.00000113075355e+18,63875741921643,0.033,1.441,-0.019,0.056,-0.023,-0.007,0.998,NaN,0.027,0.048,0.998,0,0,0,64.325,NaN,0.141,0.052,0.989,-0.032,0,0,0.546,3.5,6.415,0.975,NaN,0.027,0.048,0.998,0.032,0,0,0.529,3.373,6.373,0.938,0.5599312,0.9267848
175722,1.00000113075856e+18,63875741921643,0.033,1.441,-0.019,0.056,-0.023,-0.007,0.998,NaN,0.027,0.048,0.999,0,0,0,64.325,NaN,0.142,0.05,0.989,-0.032,0,0,0.546,3.502,6.415,0.975,NaN,0.027,0.048,0.999,0.032,0,0,0.529,3.371,6.373,0.938,0.5495942,0.9120515
175723,1.0000011307636e+18,63875741921655,0.033,1.441,-0.019,0.056,-0.023,-0.007,0.998,NaN,0.026,0.047,0.999,0,0,0,64.325,NaN,0.144,0.048,0.988,-0.032,0,0,0.546,3.503,6.415,0.976,NaN,0.026,0.047,0.999,0.032,0,0,0.529,3.369,6.373,0.937,0.5419539,0.9085855
175724,1.00000113076861e+18,63875741921655,0.033,1.441,-0.019,0.056,-0.023,-0.007,0.998,NaN,0.026,0.046,0.999,0,0,0,64.325,NaN,0.144,0.047,0.988,-0.032,0,0,0.546,3.503,6.415,0.976,NaN,0.026,0.046,0.999,0.032,0,0,0.528,3.367,6.373,0.936,0.5363512,1
175725,1.00000113077365e+18,63875741921666,0.033,1.441,-0.019,0.056,-0.023,-0.007,0.998,NaN,0.027,0.046,0.999,0,0,0,64.325,NaN,0.145,0.046,0.988,-0.032,0,0,0.546,3.503,6.415,0.976,NaN,0.027,0.046,0.999,0.032,0,0,0.528,3.367,6.373,0.934,0.5391508,0.8209627
175726,1.00000113077866e+18,63875741921666,0.033,1.441,-0.019,0.056,-0.023,-0.007,0.998,NaN,0.027,0.045,0.999,0,0,0,64.325,NaN,0.145,0.045,0.988,-0.032,0,0,0.546,3.503,6.415,0.976,NaN,0.027,0.045,0.999,0.032,0,0,0.528,3.366,6.373,0.932,0.5360385,0.581243
175727,1.00000113078359e+18,63875741921677,0.033,1.441,-0.019,0.056,-0.023,-0.007,0.998,NaN,0.027,0.045,0.999,0,0,0,64.325,NaN,0.145,0.044,0.988,-0.032,0,0,0.546,3.503,6.415,0.977,NaN,0.027,0.045,0.999,0.032,0,0,0.528,3.366,6.373,0.93,0.5387334,0.3419688
175728,1.0000011307886e+18,63875741921677,0.033,1.441,-0.019,0.056,-0.023,-0.007,0.998,NaN,0.028,0.044,0.999,0,0,0,64.325,NaN,0.146,0.044,0.988,-0.032,0,0,0.546,3.501,6.415,0.977,NaN,0.028,0.044,0.999,0.032,0,0,0.528,3.366,6.373,0.928,0.5413796,0.3394683
175729,1.00000113079359e+18,63875741921688,0.033,1.441,-0.019,0.056,-0.023,-0.007,0.998,NaN,0.029,0.044,0.999,0,0,0,64.325,NaN,0.146,0.043,0.988,-0.032,0,0,0.544,3.49,6.415,0.977,NaN,0.029,0.044,0.999,0.032,0,0,0.528,3.367,6.373,0.926,0.5426824,0.3424149
175730,1.00000113079861e+18,63875741921689,0.033,1.441,-0.019,0.056,-0.023,-0.007,0.998,NaN,0.029,0.044,0.999,0,0,0,64.325,NaN,0.146,0.043,0.988,-0.032,0,0,0.542,3.478,6.415,0.977,NaN,0.029,0.044,0.999,0.032,0,0,0.529,3.368,6.373,0.925,0.543682,0.3445064
175731,1.00000113080363e+18,63875741921689,0.033,1.441,-0.019,0.056,-0.023,-0.007,0.998,NaN,0.029,0.044,0.999,0,0,0,64.325,NaN,0.146,0.043,0.988,-0.032,0,0,0.541,3.473,6.415,0.977,NaN,0.029,0.044,0.999,0.032,0,0,0.529,3.369,6.373,0.923,0.5448962,0.3325153
175732,1.00000113080866e+18,63875741921700,0.033,1.441,-0.019,0.056,-0.023,-0.007,0.998,NaN,0.03,0.043,0.999,0,0,0,64.325,NaN,0.146,0.042,0.988,-0.032,0,0,0.541,3.471,6.415,0.978,NaN,0.03,0.043,0.999,0.032,0,0,0.529,3.37,6.373,0.922,0.5465005,0.3351613
175733,1.00000113081368e+18,63875741921700,0.033,1.441,-0.019,0.056,-0.023,-0.007,0.998,NaN,0.03,0.043,0.999,0,0,0,64.325,NaN,0.146,0.042,0.988,-0.032,0,0,0.541,3.47,6.415,0.978,NaN,0.03,0.043,0.999,0.032,0,0,0.529,3.37,6.373,0.921,0.5485826,0.3378705
175734,1.0000011308187e+18,63875741921711,0.033,1.441,-0.019,0.056,-0.023,-0.007,0.998,NaN,0.031,0.043,0.999,0,0,0,64.325,NaN,0.146,0.042,0.988,-0.032,0,0,0.541,3.47,6.415,0.978,NaN,0.031,0.043,0.999,0.032,0,0,0.529,3.369,6.373,0.92,0.551101,0.3350052
175735,1.00000113082372e+18,63875741921711,0.033,1.441,-0.019,0.056,-0.023,-0.007,0.998,NaN,0.031,0.043,0.999,0,0,0,64.325,NaN,0.146,0.042,0.988,-0.032,0,0,0.541,3.47,6.415,0.978,NaN,0.031,0.043,0.999,0.032,0,0,0.529,3.369,6.373,0.919,0.5534619,0.3427225
175736,1.00000113082874e+18,63875741921722,0.033,1.441,-0.019,0.056,-0.023,-0.007,0.998,NaN,0.032,0.042,0.999,0,0,0,64.325,NaN,0.146,0.041,0.988,-0.032,0,0,0.541,3.47,6.415,0.978,NaN,0.032,0.042,0.999,0.032,0,0,0.528,3.368,6.373,0.918,0.5559298,0.34829
175737,1.00000113083376e+18,63875741921722,0.033,1.441,-0.019,0.056,-0.023,-0.007,0.998,NaN,0.032,0.042,0.999,0,0,0,64.325,NaN,0.146,0.041,0.988,-0.032,0,0,0.541,3.469,6.415,0.979,NaN,0.032,0.042,0.999,0.032,0,0,0.528,3.366,6.373,0.917,0.5586227,0.3521199
175738,1.00000113083878e+18,63875741921733,0.033,1.441,-0.019,0.056,-0.023,-0.007,0.998,NaN,0.032,0.042,0.999,0,0,0,64.325,NaN,0.146,0.041,0.988,-0.032,0,0,0.541,3.469,6.415,0.979,NaN,0.032,0.042,0.999,0.032,0,0,0.528,3.365,6.373,0.916,0.5607243,0.3593236
175739,1.00000113084376e+18,63875741921733,0.033,1.441,-0.019,0.056,-0.023,-0.007,0.998,NaN,0.033,0.042,0.999,0,0,0,64.325,NaN,0.146,0.04,0.989,-0.032,0,0,0.541,3.469,6.415,0.979,NaN,0.033,0.042,0.999,0.032,0,0,0.528,3.364,6.373,0.916,0.5632842,0.3648353
175740,1.00000113084872e+18,63875741921745,0.033,1.441,-0.019,0.056,-0.023,-0.007,0.998,NaN,0.033,0.041,0.999,0,0,0,64.325,NaN,0.146,0.04,0.989,-0.032,0,0,0.54,3.466,6.415,0.979,NaN,0.033,0.041,0.999,0.032,0,0,0.528,3.362,6.373,0.915,0.5653981,0.3698272
175741,1.00000113085374e+18,63875741921745,0.033,1.441,-0.019,0.056,-0.023,-0.007,0.998,NaN,0.034,0.041,0.999,0,0,0,64.325,NaN,0.146,0.04,0.989,-0.032,0,0,0.54,3.465,6.415,0.979,NaN,0.033,0.041,0.999,0.032,0,0,0.527,3.36,6.373,0.915,0.5673732,0.3875803
175742,1.00000113085876e+18,63875741921745,0.033,1.441,-0.019,0.056,-0.023,-0.007,0.998,NaN,0.034,0.041,0.999,0,0,0,64.325,NaN,0.145,0.04,0.989,-0.032,0,0,0.54,3.465,6.415,0.979,NaN,0.034,0.041,0.999,0.032,0,0,0.527,3.358,6.373,0.914,0.569068,0.3880812
175743,1.00000113086378e+18,63875741921755,0.033,1.44,-0.019,0.056,-0.023,-0.007,0.998,NaN,0.034,0.041,0.999,0,0,0,64.325,NaN,0.145,0.04,0.989,-0.032,0,0,0.54,3.464,6.415,0.979,NaN,0.034,0.041,0.999,0.032,0,0,0.527,3.356,6.373,0.913,0.5707231,0.3982605
175744,1.0000011308688e+18,63875741921755,0.033,1.44,-0.019,0.056,-0.023,-0.007,0.998,NaN,0.034,0.04,0.999,0,0,0,64.325,NaN,0.134,0.04,0.99,-0.032,0,0,0.542,3.474,6.415,0.979,NaN,0.034,0.04,0.999,0.032,0,0,0.526,3.354,6.373,0.912,0.6371977,0.6328521
175745,1.00000113087387e+18,63875741921767,0.033,1.44,-0.019,0.056,-0.023,-0.007,0.998,NaN,0.034,0.04,0.999,0,0,0,64.325,NaN,0.135,0.039,0.99,-0.032,0,0,0.542,3.478,6.415,0.98,NaN,0.034,0.04,0.999,0.032,0,0,0.526,3.352,6.373,0.912,0.6325653,0.8567564
175746,1.00000113087889e+18,63875741921767,0.033,1.44,-0.019,0.056,-0.023,-0.007,0.998,NaN,0.034,0.04,0.999,0,0,0,64.325,NaN,0.136,0.039,0.99,-0.032,0,0,0.542,3.479,6.415,0.98,NaN,0.034,0.04,0.999,0.032,0,0,0.526,3.351,6.373,0.911,0.6289936,1
175747,1.00000113088387e+18,63875741921778,0.033,1.441,-0.019,0.056,-0.023,-0.007,0.998,NaN,0.034,0.039,0.999,0,0,0,64.325,NaN,0.136,0.039,0.99,-0.032,0,0,0.543,3.48,6.415,0.98,NaN,0.034,0.039,0.999,0.032,0,0,0.525,3.349,6.373,0.911,0.6264771,1
175748,1.00000113088889e+18,63875741921778,0.033,1.441,-0.019,0.056,-0.023,-0.007,0.998,NaN,0.035,0.039,0.999,0,0,0,64.325,NaN,0.136,0.038,0.99,-0.032,0,0,0.543,3.482,6.415,0.98,NaN,0.035,0.039,0.999,0.032,0,0,0.525,3.346,6.373,0.91,0.6244218,1
175749,1.00000113089388e+18,63875741921789,0.033,1.44,-0.019,0.056,-0.023,-0.007,0.998,NaN,0.035,0.039,0.999,0,0,0,64.325,NaN,0.137,0.038,0.99,-0.032,0,0,0.541,3.47,6.415,0.98,NaN,0.035,0.039,0.999,0.032,0,0,0.525,3.344,6.373,0.91,0.6227927,1
175750,1.0000011308989e+18,63875741921789,0.033,1.44,-0.019,0.056,-0.023,-0.007,0.998,NaN,0.035,0.038,0.999,0,0,0,64.325,NaN,0.137,0.037,0.99,-0.032,0,0,0.539,3.46,6.415,0.98,NaN,0.035,0.038,0.999,0.032,0,0,0.524,3.342,6.373,0.909,0.6214448,1
175751,1.00000113090387e+18,63875741921789,0.033,1.44,-0.019,0.056,-0.023,-0.007,0.998,NaN,0.035,0.038,0.999,0,0,0,64.325,NaN,0.137,0.037,0.99,-0.032,0,0,0.538,3.452,6.415,0.98,NaN,0.035,0.038,0.999,0.032,0,0,0.524,3.34,6.373,0.909,0.6204036,1
175752,1.00000113090888e+18,63875741921799,0.033,1.441,-0.019,0.056,-0.023,-0.007,0.998,NaN,0.035,0.037,0.999,0,0,0,64.325,NaN,0.137,0.037,0.99,-0.032,0,0,0.537,3.448,6.415,0.98,NaN,0.035,0.037,0.999,0.032,0,0,0.524,3.338,6.373,0.909,0.6190873,1
175753,1.0000011309139e+18,63875741921799,0.033,1.441,-0.019,0.056,-0.023,-0.007,0.998,NaN,0.035,0.037,0.999,0,0,0,64.325,NaN,0.138,0.036,0.99,-0.032,0,0,0.537,3.443,6.415,0.98,NaN,0.035,0.037,0.999,0.032,0,0,0.524,3.336,6.373,0.908,0.6174168,1
175754,1.00000113091892e+18,63875741921811,0.033,1.441,-0.019,0.056,-0.023,-0.007,0.998,NaN,0.035,0.036,0.999,0,0,0,64.325,NaN,0.138,0.036,0.99,-0.032,0,0,0.536,3.44,6.415,0.98,NaN,0.035,0.036,0.999,0.032,0,0,0.523,3.335,6.373,0.908,0.615583,1
175755,1.00000113092394e+18,63875741921811,0.033,1.441,-0.019,0.056,-0.023,-0.007,0.998,NaN,0.035,0.036,0.999,0,0,0,64.325,NaN,0.137,0.036,0.99,-0.032,0,0,0.536,3.44,6.415,0.98,NaN,0.035,0.036,0.999,0.032,0,0,0.523,3.333,6.373,0.908,0.6183459,0.9971419
175756,1.00000113092896e+18,63875741921822,0.033,1.441,-0.019,0.056,-0.023,-0.007,0.998,NaN,0.035,0.036,0.999,0,0,0,64.325,NaN,0.137,0.036,0.99,-0.032,0,0,0.536,3.441,6.415,0.981,NaN,0.034,0.036,0.999,0.032,0,0,0.523,3.331,6.373,0.908,0.6228173,0.9858283
175757,1.00000113093406e+18,63875741921822,0.033,1.441,-0.019,0.056,-0.023,-0.007,0.998,NaN,0.035,0.036,0.999,0,0,0,64.325,NaN,0.136,0.035,0.99,-0.032,0,0,0.537,3.444,6.415,0.981,NaN,0.034,0.036,0.999,0.032,0,0,0.522,3.33,6.373,0.908,0.6284707,0.9852465
175758,1.00000113093908e+18,63875741921833,0.033,1.441,-0.019,0.056,-0.023,-0.007,0.998,NaN,0.035,0.036,0.999,0,0,0,64.325,NaN,0.135,0.035,0.99,-0.032,0,0,0.538,3.45,6.415,0.981,NaN,0.034,0.036,0.999,0.032,0,0,0.522,3.328,6.373,0.908,0.6354491,0.9928326
175759,1.0000011309441e+18,63875741921833,0.033,1.441,-0.019,0.056,-0.023,-0.007,0.998,NaN,0.035,0.036,0.999,0,0,0,64.325,NaN,0.133,0.035,0.99,-0.032,0,0,0.538,3.451,6.415,0.981,NaN,0.034,0.036,0.999,0.032,0,0,0.522,3.327,6.373,0.907,0.6424929,0.9928719
175760,1.00000113094899e+18,63875741921833,0.033,1.441,-0.019,0.056,-0.023,-0.007,0.998,NaN,0.036,0.036,0.999,0,0,0,64.325,NaN,0.132,0.035,0.991,-0.032,0,0,0.538,3.453,6.415,0.981,NaN,0.034,0.036,0.999,0.032,0,0,0.522,3.326,6.373,0.907,0.6504734,0.9892945
175761,1.000001130954e+18,63875741921844,0.033,1.441,-0.019,0.056,-0.023,-0.007,0.998,NaN,0.036,0.036,0.999,0,0,0,64.325,NaN,0.131,0.035,0.991,-0.032,0,0,0.539,3.457,6.415,0.981,NaN,0.034,0.036,0.999,0.032,0,0,0.522,3.325,6.373,0.907,0.6587414,0.9813356
175762,1.00000113095902e+18,63875741921844,0.033,1.441,-0.019,0.056,-0.023,-0.007,0.998,NaN,0.036,0.036,0.999,0,0,0,64.325,NaN,0.13,0.035,0.991,-0.032,0,0,0.539,3.455,6.415,0.981,NaN,0.034,0.036,0.999,0.032,0,0,0.522,3.324,6.373,0.906,0.6668121,0.9198804
175763,1.00000113096404e+18,63875741921855,0.033,1.441,-0.019,0.056,-0.023,-0.007,0.998,NaN,0.038,0.036,0.999,0,0,0,64.325,NaN,0.128,0.036,0.991,-0.032,0,0,0.539,3.455,6.415,0.981,NaN,0.034,0.036,0.999,0.032,0,0,0.521,3.322,6.373,0.906,0.6763261,0.6550291
175764,1.00000113096904e+18,63875741921855,0.033,1.441,-0.019,0.056,-0.023,-0.007,0.998,NaN,0.041,0.037,0.998,0,0,0,64.325,NaN,0.126,0.036,0.991,-0.032,0,0,0.541,3.468,6.415,0.981,NaN,0.034,0.037,0.999,0.032,0,0,0.521,3.322,6.373,0.906,0.6971044,0.5162408
175765,1.00000113097406e+18,63875741921867,0.033,1.44,-0.019,0.056,-0.023,-0.007,0.998,NaN,0.04,0.037,0.999,0,0,0,64.325,NaN,0.117,0.036,0.993,-0.032,0,0,0.544,3.49,6.415,0.981,NaN,0.032,0.037,0.999,0.032,0,0,0.522,3.327,6.373,0.905,0.7585816,0.004872844
175766,1.00000113097908e+18,63875741921867,0.033,1.44,-0.019,0.056,-0.023,-0.007,0.998,NaN,0.038,0.034,0.999,0,0,0,64.325,NaN,0.115,0.033,0.993,-0.032,0,0,0.536,3.44,6.415,0.98,NaN,0.026,0.034,0.999,0.032,0,0,0.523,3.335,6.373,0.904,0.7135377,0
175767,1.0000011309841e+18,63875741921878,0.033,1.44,-0.019,0.056,-0.023,-0.007,0.998,NaN,0.029,0.028,0.999,0,0,0,64.325,NaN,0.103,0.028,0.994,-0.032,0,0,0.536,3.441,6.415,0.98,NaN,0.008,0.028,1,0.032,0,0,0.521,3.317,6.373,0.903,0.674452,0
175768,1.00000113098911e+18,63875741921878,0.033,1.44,-0.019,0.056,-0.023,-0.007,0.998,NaN,0.005,0.02,1,0,0,0,64.325,NaN,0.089,0.019,0.996,-0.032,0,0,0.546,3.5,6.415,0.98,NaN,-0.017,0.02,1,0.032,0,0,0.519,3.309,6.373,0.901,0.605818,0
175769,1.00000113099413e+18,63875741921889,0.033,1.44,-0.018,0.055,-0.023,-0.007,0.998,NaN,-0.017,0.011,1,0,0,0,64.325,NaN,0.058,0.011,0.998,-0.032,0,0,0.545,3.498,6.415,0.98,NaN,-0.052,0.011,0.999,0.032,0,0,0.516,3.287,6.373,0.899,0.582727,0
175770,1.00000113099913e+18,63875741921889,0.033,1.44,-0.018,0.055,-0.023,-0.007,0.998,NaN,-0.041,0.001,0.999,0,0,0,64.325,NaN,0.027,0.001,1,-0.032,0,0,0.539,3.46,6.415,0.98,NaN,-0.085,0.001,0.996,0.032,0,0,0.516,3.287,6.373,0.898,0.5690278,0
175771,1.00000113100415e+18,63875741921889,0.033,1.44,-0.018,0.055,-0.023,-0.007,0.998,NaN,-0.063,-0.009,0.998,0,0,0,64.325,NaN,0.004,-0.009,1,-0.032,0,0,0.538,3.449,6.415,0.98,NaN,-0.113,-0.009,0.994,0.032,0,0,0.517,3.292,6.373,0.895,0.545296,0
175772,1.00000113100915e+18,63875741921900,0.033,1.44,-0.018,0.055,-0.023,-0.007,0.998,NaN,-0.08,-0.018,0.997,0,0,0,64.325,NaN,-0.015,-0.017,1,-0.032,0,0,0.534,3.429,6.415,0.979,NaN,-0.134,-0.017,0.991,0.032,0,0,0.517,3.298,6.373,0.893,0.5358503,0
175773,1.00000113101412e+18,63875741921900,0.033,1.44,-0.018,0.055,-0.023,-0.007,0.998,NaN,-0.095,-0.018,0.995,0,0,0,64.325,NaN,-0.038,-0.018,0.999,-0.032,0,0,0.535,3.43,6.415,0.979,NaN,-0.148,-0.017,0.989,0.032,0,0,0.518,3.302,6.373,0.891,0.5748716,0
175774,1.00000113101913e+18,63875741921911,0.033,1.44,-0.018,0.055,-0.023,-0.007,0.998,NaN,-0.107,-0.017,0.994,0,0,0,64.325,NaN,-0.054,-0.017,0.998,-0.032,0,0,0.54,3.464,6.415,0.979,NaN,-0.158,-0.017,0.987,0.032,0,0,0.518,3.303,6.373,0.889,0.6102208,0
175775,1.00000113102415e+18,63875741921911,0.033,1.44,-0.018,0.055,-0.023,-0.007,0.998,NaN,-0.115,-0.016,0.993,0,0,0,64.325,NaN,-0.065,-0.016,0.998,-0.032,0,0,0.542,3.48,6.415,0.979,NaN,-0.164,-0.016,0.986,0.032,0,0,0.518,3.303,6.373,0.887,0.6374806,0
175776,1.00000113102919e+18,63875741921922,0.033,1.44,-0.018,0.055,-0.023,-0.007,0.998,NaN,-0.12,-0.016,0.993,0,0,0,64.325,NaN,-0.072,-0.016,0.997,-0.032,0,0,0.543,3.485,6.415,0.979,NaN,-0.168,-0.015,0.986,0.032,0,0,0.518,3.303,6.373,0.885,0.6542682,0
175777,1.0000011310342e+18,63875741921922,0.033,1.44,-0.018,0.055,-0.023,-0.007,0.998,NaN,-0.124,-0.015,0.992,0,0,0,64.325,NaN,-0.077,-0.015,0.997,-0.032,0,0,0.545,3.498,6.415,0.979,NaN,-0.171,-0.015,0.985,0.032,0,0,0.518,3.303,6.373,0.884,0.6729392,0
175778,1.00000113103921e+18,63875741921934,0.033,1.44,-0.018,0.055,-0.023,-0.007,0.998,NaN,-0.126,-0.016,0.992,0,0,0,64.325,NaN,-0.08,-0.017,0.997,-0.032,0,0,0.542,3.477,6.415,0.979,NaN,-0.172,-0.016,0.985,0.032,0,0,0.518,3.303,6.373,0.883,0.6834455,0
175779,1.00000113104422e+18,63875741921934,0.033,1.44,-0.018,0.055,-0.023,-0.007,0.998,NaN,-0.128,-0.018,0.992,0,0,0,64.325,NaN,-0.082,-0.018,0.997,-0.032,0,0,0.539,3.46,6.415,0.979,NaN,-0.173,-0.017,0.985,0.032,0,0,0.518,3.303,6.373,0.882,0.690176,0
175780,1.00000113104923e+18,63875741921944,0.033,1.44,-0.018,0.056,-0.023,-0.007,0.998,NaN,-0.129,-0.018,0.991,0,0,0,64.325,NaN,-0.083,-0.018,0.996,-0.032,0,0,0.539,3.456,6.415,0.979,NaN,-0.174,-0.018,0.985,0.032,0,0,0.518,3.303,6.373,0.881,0.6968496,0
175781,1.00000113105424e+18,63875741921944,0.033,1.44,-0.018,0.056,-0.023,-0.007,0.998,NaN,-0.13,-0.019,0.991,0,0,0,64.325,NaN,-0.084,-0.019,0.996,-0.032,0,0,0.539,3.456,6.415,0.979,NaN,-0.174,-0.019,0.985,0.032,0,0,0.518,3.302,6.373,0.88,0.7026023,0
175782,1.00000113105927e+18,63875741921944,0.033,1.44,-0.018,0.056,-0.023,-0.007,0.998,NaN,-0.13,-0.019,0.991,0,0,0,64.325,NaN,-0.085,-0.019,0.996,-0.032,0,0,0.539,3.46,6.415,0.979,NaN,-0.174,-0.019,0.985,0.032,0,0,0.518,3.301,6.373,0.879,0.7103633,0
175783,1.00000113106427e+18,63875741921955,0.033,1.44,-0.018,0.056,-0.023,-0.007,0.998,NaN,-0.132,-0.019,0.991,0,0,0,64.325,NaN,-0.088,-0.019,0.996,-0.032,0,0,0.549,3.52,6.415,0.979,NaN,-0.174,-0.019,0.985,0.032,0,0,0.518,3.3,6.373,0.878,0.7375477,0
175784,1.00000113106927e+18,63875741921967,0.033,1.44,-0.018,0.056,-0.023,-0.007,0.998,NaN,-0.133,-0.018,0.991,0,0,0,64.325,NaN,-0.091,-0.018,0.996,-0.032,0,0,0.553,3.549,6.415,0.979,NaN,-0.174,-0.018,0.985,0.032,0,0,0.518,3.299,6.373,0.878,0.7607152,0
175785,1.00000113107428e+18,63875741921967,0.033,1.44,-0.018,0.056,-0.023,-0.007,0.998,NaN,-0.134,-0.018,0.991,0,0,0,64.325,NaN,-0.092,-0.018,0.996,-0.032,0,0,0.554,3.555,6.415,0.979,NaN,-0.174,-0.018,0.985,0.032,0,0,0.518,3.299,6.373,0.877,0.7736877,0
175786,1.00000113107931e+18,63875741921967,0.033,1.44,-0.018,0.056,-0.023,-0.007,0.998,NaN,-0.134,-0.017,0.991,0,0,0,64.325,NaN,-0.093,-0.017,0.996,-0.032,0,0,0.554,3.557,6.415,0.979,NaN,-0.173,-0.017,0.985,0.032,0,0,0.517,3.298,6.373,0.877,0.7823417,0
175787,1.00000113108432e+18,63875741921978,0.032,1.44,-0.018,0.056,-0.023,-0.007,0.998,NaN,-0.134,-0.018,0.991,0,0,0,64.325,NaN,-0.093,-0.018,0.996,-0.032,0,0,0.55,3.527,6.415,0.979,NaN,-0.173,-0.017,0.985,0.032,0,0,0.517,3.297,6.373,0.876,0.7792549,0
175788,1.00000113108938e+18,63875741921978,0.032,1.44,-0.018,0.056,-0.023,-0.007,0.998,NaN,-0.134,-0.018,0.991,0,0,0,64.325,NaN,-0.092,-0.018,0.996,-0.032,0,0,0.549,3.52,6.415,0.979,NaN,-0.173,-0.018,0.985,0.032,0,0,0.517,3.296,6.373,0.876,0.7782065,0
175789,1.0000011310944e+18,63875741921989,0.032,1.44,-0.018,0.056,-0.023,-0.007,0.998,NaN,-0.134,-0.018,0.991,0,0,0,64.325,NaN,-0.092,-0.018,0.996,-0.032,0,0,0.548,3.517,6.415,0.979,NaN,-0.173,-0.018,0.985,0.032,0,0,0.517,3.295,6.373,0.876,0.7754467,0.09502652
175790,1.00000113109939e+18,63875741921989,0.032,1.44,-0.018,0.056,-0.023,-0.007,0.998,NaN,-0.134,-0.018,0.991,0,0,0,64.325,NaN,-0.092,-0.018,0.996,-0.032,0,0,0.548,3.513,6.415,0.978,NaN,-0.173,-0.018,0.985,0.032,0,0,0.517,3.294,6.373,0.876,0.7725534,0.2157142
175791,1.00000113110441e+18,63875741921989,0.032,1.44,-0.018,0.056,-0.023,-0.007,0.998,NaN,-0.138,-0.02,0.99,0,0,0,64.325,NaN,-0.1,-0.02,0.995,-0.032,0,0,0.547,3.508,6.415,0.978,NaN,-0.173,-0.02,0.985,0.032,0,0,0.517,3.293,6.373,0.875,0.8602645,0
175792,1.00000113110942e+18,63875741921999,0.032,1.44,-0.018,0.056,-0.022,-0.007,0.998,NaN,-0.137,-0.02,0.99,0,0,0,64.325,NaN,-0.098,-0.02,0.995,-0.032,0,0,0.546,3.502,6.415,0.978,NaN,-0.173,-0.02,0.985,0.032,0,0,0.517,3.293,6.373,0.875,0.8358191,0
175793,1.00000113111444e+18,63875741921999,0.032,1.44,-0.018,0.056,-0.022,-0.007,0.998,NaN,-0.136,-0.02,0.99,0,0,0,64.325,NaN,-0.096,-0.021,0.995,-0.032,0,0,0.544,3.491,6.415,0.978,NaN,-0.173,-0.02,0.985,0.032,0,0,0.517,3.292,6.373,0.875,0.8180212,0
175794,1.00000113111945e+18,63875741922011,0.032,1.44,-0.018,0.055,-0.022,-0.007,0.998,NaN,-0.136,-0.021,0.991,0,0,0,64.325,NaN,-0.095,-0.021,0.995,-0.032,0,0,0.543,3.481,6.415,0.978,NaN,-0.173,-0.02,0.985,0.032,0,0,0.516,3.291,6.373,0.874,0.8069044,0
175795,1.0000011311244e+18,63875741922011,0.032,1.44,-0.018,0.055,-0.022,-0.007,0.998,NaN,-0.135,-0.021,0.991,0,0,0,64.325,NaN,-0.094,-0.021,0.995,-0.032,0,0,0.542,3.475,6.415,0.975,NaN,-0.173,-0.021,0.985,0.032,0,0,0.516,3.291,6.373,0.874,0.7964297,0
175796,1.00000113112942e+18,63875741922022,0.032,1.44,-0.018,0.055,-0.022,-0.007,0.998,NaN,-0.135,-0.021,0.991,0,0,0,64.325,NaN,-0.093,-0.021,0.995,-0.032,0,0,0.542,3.474,6.415,0.972,NaN,-0.173,-0.021,0.985,0.032,0,0,0.516,3.29,6.373,0.874,0.7900062,0
175797,1.00000113113444e+18,63875741922022,0.032,1.44,-0.018,0.055,-0.022,-0.007,0.998,NaN,-0.141,-0.026,0.99,0,0,0,64.325,NaN,-0.089,-0.026,0.996,-0.032,0,0,0.544,3.489,6.415,0.968,NaN,-0.173,-0.026,0.985,0.032,0,0,0.516,3.289,6.373,0.874,0.758323,0
175798,1.00000113113946e+18,63875741922034,0.032,1.44,-0.018,0.055,-0.022,-0.007,0.998,NaN,-0.14,-0.025,0.99,0,0,0,64.325,NaN,-0.09,-0.025,0.996,-0.032,0,0,0.544,3.488,6.415,0.964,NaN,-0.172,-0.025,0.985,0.032,0,0,0.516,3.289,6.373,0.874,0.7610971,0
175799,1.00000113114447e+18,63875741922034,0.032,1.44,-0.018,0.055,-0.022,-0.007,0.998,NaN,-0.145,-0.03,0.989,0,0,0,64.325,NaN,-0.075,-0.03,0.997,-0.032,0,0,0.542,3.474,6.415,0.96,NaN,-0.172,-0.03,0.985,0.032,0,0,0.516,3.288,6.373,0.874,0.6497076,0
175800,1.00000113114949e+18,63875741922034,0.032,1.44,-0.018,0.055,-0.022,-0.007,0.998,NaN,-0.15,-0.035,0.988,0,0,0,64.325,NaN,-0.056,-0.035,0.998,-0.032,0,0,0.538,3.452,6.415,0.957,NaN,-0.172,-0.035,0.984,0.032,0,0,0.516,3.287,6.373,0.873,0.5439318,0
175801,1.00000113115451e+18,63875741922045,0.032,1.44,-0.018,0.055,-0.023,-0.007,0.998,NaN,-0.154,-0.039,0.987,0,0,0,64.325,NaN,-0.037,-0.039,0.999,-0.032,0,0,0.534,3.428,6.415,0.954,NaN,-0.172,-0.039,0.984,0.032,0,0,0.516,3.287,6.373,0.873,0.4702305,0
175802,1.00000113115956e+18,63875741922045,0.032,1.44,-0.018,0.055,-0.023,-0.007,0.998,NaN,-0.157,-0.043,0.987,0,0,0,64.325,NaN,-0.022,-0.043,0.999,-0.032,0,0,0.533,3.418,6.415,0.952,NaN,-0.172,-0.042,0.984,0.032,0,0,0.516,3.286,6.373,0.873,0.4227502,0
175803,1.00000113116458e+18,63875741922056,0.032,1.44,-0.018,0.055,-0.023,-0.007,0.998,NaN,-0.16,-0.046,0.986,0,0,0,64.325,NaN,-0.01,-0.046,0.999,-0.032,0,0,0.53,3.397,6.415,0.95,NaN,-0.172,-0.046,0.984,0.032,0,0,0.516,3.286,6.373,0.873,0.3929915,0
175804,1.0000011311696e+18,63875741922056,0.032,1.44,-0.018,0.055,-0.023,-0.007,0.998,NaN,-0.162,-0.048,0.986,0,0,0,64.325,NaN,-0.002,-0.049,0.999,-0.032,0,0,0.529,3.395,6.415,0.948,NaN,-0.172,-0.048,0.984,0.032,0,0,0.516,3.285,6.373,0.873,0.3746771,0
175805,1.00000113117461e+18,63875741922067,0.032,1.44,-0.018,0.055,-0.023,-0.007,0.998,NaN,-0.164,-0.05,0.985,0,0,0,64.325,NaN,0.003,-0.051,0.999,-0.032,0,0,0.529,3.394,6.415,0.946,NaN,-0.172,-0.05,0.984,0.032,0,0,0.515,3.285,6.373,0.873,0.3628465,0
175806,1.00000113117953e+18,63875741922067,0.032,1.44,-0.018,0.055,-0.023,-0.007,0.998,NaN,-0.165,-0.052,0.985,0,0,0,64.325,NaN,0.007,-0.053,0.999,-0.032,0,0,0.529,3.394,6.415,0.945,NaN,-0.172,-0.052,0.984,0.032,0,0,0.515,3.284,6.373,0.873,0.3547948,0
175807,1.00000113118455e+18,63875741922078,0.032,1.44,-0.018,0.055,-0.023,-0.007,0.998,NaN,-0.166,-0.053,0.985,0,0,0,64.325,NaN,0.01,-0.054,0.998,-0.032,0,0,0.529,3.394,6.415,0.944,NaN,-0.172,-0.053,0.984,0.032,0,0,0.515,3.284,6.373,0.873,0.3496259,0
175808,1.00000113118958e+18,63875741922078,0.032,1.44,-0.018,0.055,-0.023,-0.007,0.998,NaN,-0.167,-0.054,0.984,0,0,0,64.325,NaN,0.012,-0.055,0.998,-0.032,0,0,0.529,3.394,6.415,0.943,NaN,-0.172,-0.054,0.984,0.032,0,0,0.515,3.283,6.373,0.873,0.3463824,0
175809,1.0000011311946e+18,63875741922089,0.032,1.44,-0.018,0.055,-0.023,-0.007,0.998,NaN,-0.168,-0.055,0.984,0,0,0,64.325,NaN,0.013,-0.056,0.998,-0.032,0,0,0.529,3.394,6.415,0.942,NaN,-0.172,-0.055,0.984,0.032,0,0,0.515,3.283,6.373,0.873,0.3447003,0
175810,1.00000113119958e+18,63875741922089,0.032,1.44,-0.018,0.055,-0.023,-0.007,0.998,NaN,-0.168,-0.056,0.984,0,0,0,64.325,NaN,0.013,-0.057,0.998,-0.032,0,0,0.529,3.391,6.415,0.942,NaN,-0.172,-0.056,0.984,0.032,0,0,0.515,3.282,6.373,0.873,0.3440106,0
175811,1.0000011312046e+18,63875741922090,0.032,1.44,-0.018,0.055,-0.023,-0.007,0.998,NaN,-0.169,-0.057,0.984,0,0,0,64.325,NaN,0.013,-0.058,0.998,-0.032,0,0,0.528,3.388,6.415,0.941,NaN,-0.172,-0.057,0.984,0.032,0,0,0.515,3.282,6.373,0.873,0.3437076,0
175812,1.00000113120964e+18,63875741922100,0.032,1.44,-0.018,0.055,-0.023,-0.007,0.998,NaN,-0.169,-0.058,0.984,0,0,0,64.325,NaN,0.013,-0.058,0.998,-0.032,0,0,0.528,3.388,6.415,0.94,NaN,-0.172,-0.058,0.983,0.032,0,0,0.515,3.281,6.373,0.873,0.3436432,0
175813,1.00000113121466e+18,63875741922100,0.032,1.44,-0.018,0.055,-0.023,-0.007,0.998,NaN,-0.17,-0.058,0.984,0,0,0,64.325,NaN,0.013,-0.059,0.998,-0.032,0,0,0.532,3.411,6.415,0.94,NaN,-0.172,-0.058,0.983,0.032,0,0,0.515,3.281,6.373,0.872,0.3445283,0
175814,1.00000113121968e+18,63875741922111,0.032,1.44,-0.018,0.055,-0.023,-0.007,0.998,NaN,-0.168,-0.056,0.984,0,0,0,64.325,NaN,0.004,-0.057,0.998,-0.032,0,0,0.537,3.442,6.415,0.939,NaN,-0.172,-0.056,0.984,0.032,0,0,0.515,3.28,6.373,0.873,0.3622368,0
175815,1.0000011312247e+18,63875741922111,0.032,1.44,-0.018,0.055,-0.023,-0.007,0.998,NaN,-0.169,-0.057,0.984,0,0,0,64.325,NaN,0.004,-0.058,0.998,-0.032,0,0,0.537,3.448,6.415,0.939,NaN,-0.172,-0.057,0.983,0.032,0,0,0.515,3.28,6.373,0.872,0.361415,0
175816,1.00000113122973e+18,63875741922122,0.032,1.44,-0.018,0.055,-0.023,-0.007,0.998,NaN,-0.169,-0.058,0.984,0,0,0,64.325,NaN,0.004,-0.059,0.998,-0.032,0,0,0.537,3.448,6.415,0.938,NaN,-0.172,-0.058,0.983,0.032,0,0,0.515,3.279,6.373,0.872,0.3606149,0
175817,1.00000113123469e+18,63875741922123,0.032,1.44,-0.018,0.055,-0.023,-0.007,0.998,NaN,-0.168,-0.057,0.984,0,0,0,64.325,NaN,-0.016,-0.058,0.998,-0.032,0,0,0.539,3.455,6.415,0.938,NaN,-0.172,-0.057,0.984,0.032,0,0,0.514,3.278,6.373,0.872,0.4075565,0
175818,1.00000113123968e+18,63875741922134,0.033,1.44,-0.018,0.055,-0.023,-0.007,0.998,NaN,-0.167,-0.056,0.984,0,0,0,64.325,NaN,-0.044,-0.056,0.997,-0.032,0,0,0.541,3.47,6.415,0.938,NaN,-0.172,-0.056,0.984,0.032,0,0,0.514,3.278,6.373,0.872,0.4974721,0.190666
175819,1.0000011312447e+18,63875741922134,0.033,1.44,-0.018,0.055,-0.023,-0.007,0.998,NaN,-0.167,-0.057,0.984,0,0,0,64.325,NaN,-0.035,-0.057,0.998,-0.032,0,0,0.541,3.47,6.415,0.937,NaN,-0.172,-0.057,0.984,0.032,0,0,0.514,3.277,6.373,0.872,0.4627559,0
175820,1.00000113124972e+18,63875741922145,0.033,1.44,-0.019,0.055,-0.023,-0.007,0.998,NaN,-0.168,-0.058,0.984,0,0,0,64.325,NaN,-0.029,-0.058,0.998,-0.032,0,0,0.54,3.466,6.415,0.937,NaN,-0.172,-0.058,0.983,0.032,0,0,0.514,3.277,6.373,0.872,0.4438663,0
175821,1.00000113125473e+18,63875741922145,0.033,1.44,-0.019,0.055,-0.023,-0.007,0.998,NaN,-0.167,-0.056,0.984,0,0,0,64.325,NaN,-0.052,-0.057,0.997,-0.032,0,0,0.541,3.468,6.415,0.937,NaN,-0.172,-0.056,0.984,0.032,0,0,0.514,3.276,6.373,0.872,0.5296465,0
175822,1.00000113125975e+18,63875741922145,0.033,1.44,-0.019,0.055,-0.023,-0.007,0.998,NaN,-0.166,-0.056,0.984,0,0,0,64.325,NaN,-0.075,-0.056,0.996,-0.032,0,0,0.541,3.468,6.415,0.936,NaN,-0.172,-0.056,0.984,0.032,0,0,0.514,3.276,6.373,0.872,0.6536897,0
175823,1.00000113126477e+18,63875741922156,0.033,1.44,-0.019,0.055,-0.023,-0.007,0.998,NaN,-0.166,-0.055,0.985,0,0,0,64.325,NaN,-0.094,-0.056,0.994,-0.032,0,0,0.541,3.468,6.415,0.936,NaN,-0.172,-0.055,0.984,0.032,0,0,0.514,3.276,6.373,0.872,0.8078485,0
175824,1.00000113126978e+18,63875741922156,0.033,1.44,-0.019,0.055,-0.023,-0.007,0.998,NaN,-0.166,-0.055,0.985,0,0,0,64.325,NaN,-0.107,-0.055,0.993,-0.032,0,0,0.541,3.473,6.415,0.936,NaN,-0.172,-0.055,0.984,0.032,0,0,0.514,3.276,6.373,0.872,0.9801635,0
175825,1.0000011312748e+18,63875741922167,0.033,1.439,-0.019,0.055,-0.023,-0.007,0.998,NaN,-0.165,-0.054,0.985,0,0,0,64.325,NaN,-0.117,-0.055,0.992,-0.032,0,0,0.543,3.485,6.415,0.936,NaN,-0.172,-0.054,0.984,0.032,0,0,0.514,3.275,6.373,0.872,1.15233,0
175826,1.0000011312798e+18,63875741922167,0.033,1.439,-0.019,0.055,-0.023,-0.007,0.998,NaN,-0.166,-0.055,0.985,0,0,0,64.325,NaN,-0.09,-0.056,0.994,-0.032,0,0,0.543,3.484,6.415,0.935,NaN,-0.172,-0.055,0.984,0.032,0,0,0.514,3.275,6.373,0.872,0.7763173,0
175827,1.00000113128482e+18,63875741922178,0.033,1.44,-0.019,0.055,-0.023,-0.007,0.998,NaN,-0.166,-0.056,0.985,0,0,0,64.325,NaN,-0.079,-0.056,0.995,-0.032,0,0,0.54,3.467,6.415,0.935,NaN,-0.172,-0.056,0.984,0.032,0,0,0.514,3.275,6.373,0.872,0.682624,0
175828,1.00000113128988e+18,63875741922178,0.033,1.44,-0.019,0.055,-0.023,-0.007,0.998,NaN,-0.166,-0.055,0.985,0,0,0,64.325,NaN,-0.09,-0.056,0.994,-0.032,0,0,0.541,3.469,6.415,0.935,NaN,-0.172,-0.055,0.984,0.032,0,0,0.514,3.275,6.373,0.872,0.7732505,0
175829,1.00000113129489e+18,63875741922190,0.033,1.439,-0.019,0.055,-0.023,-0.007,0.998,NaN,-0.166,-0.056,0.985,0,0,0,64.325,NaN,-0.084,-0.057,0.995,-0.032,0,0,0.54,3.467,6.415,0.935,NaN,-0.172,-0.056,0.984,0.032,0,0,0.514,3.275,6.373,0.872,0.7178441,0
175830,1.00000113129987e+18,63875741922190,0.033,1.439,-0.019,0.055,-0.023,-0.007,0.998,NaN,-0.166,-0.056,0.985,0,0,0,64.325,NaN,-0.091,-0.056,0.994,-0.032,0,0,0.539,3.456,6.415,0.934,NaN,-0.172,-0.055,0.984,0.032,0,0,0.514,3.275,6.373,0.872,0.7845423,0
175831,1.00000113130487e+18,63875741922190,0.033,1.439,-0.019,0.055,-0.023,-0.007,0.998,NaN,-0.166,-0.056,0.984,0,0,0,64.325,NaN,-0.087,-0.057,0.995,-0.032,0,0,0.535,3.432,6.415,0.934,NaN,-0.172,-0.056,0.984,0.032,0,0,0.514,3.275,6.373,0.872,0.7462168,0
175832,1.00000113130987e+18,63875741922200,0.033,1.439,-0.019,0.055,-0.023,-0.006,0.998,NaN,-0.166,-0.057,0.984,0,0,0,64.325,NaN,-0.075,-0.058,0.996,-0.032,0,0,0.533,3.422,6.415,0.934,NaN,-0.172,-0.057,0.983,0.032,0,0,0.514,3.275,6.373,0.872,0.6502213,0
175833,1.00000113131488e+18,63875741922200,0.033,1.439,-0.019,0.055,-0.023,-0.006,0.998,NaN,-0.167,-0.058,0.984,0,0,0,64.325,NaN,-0.059,-0.059,0.997,-0.032,0,0,0.531,3.406,6.415,0.933,NaN,-0.172,-0.058,0.983,0.032,0,0,0.514,3.275,6.373,0.871,0.560187,0
175834,1.00000113131989e+18,63875741922212,0.033,1.439,-0.019,0.055,-0.023,-0.006,0.998,NaN,-0.167,-0.059,0.984,0,0,0,64.325,NaN,-0.044,-0.06,0.997,-0.032,0,0,0.53,3.399,6.415,0.933,NaN,-0.172,-0.059,0.983,0.032,0,0,0.514,3.275,6.373,0.871,0.4945377,0
175835,1.0000011313249e+18,63875741922212,0.033,1.439,-0.019,0.055,-0.023,-0.006,0.998,NaN,-0.167,-0.06,0.984,0,0,0,64.325,NaN,-0.031,-0.061,0.998,-0.032,0,0,0.528,3.384,6.415,0.932,NaN,-0.172,-0.06,0.983,0.032,0,0,0.514,3.276,6.373,0.871,0.4494939,0
175836,1.00000113132992e+18,63875741922223,0.033,1.44,-0.019,0.055,-0.023,-0.006,0.998,NaN,-0.167,-0.059,0.984,0,0,0,64.325,NaN,-0.049,-0.06,0.997,-0.032,0,0,0.528,3.384,6.415,0.932,NaN,-0.172,-0.059,0.983,0.032,0,0,0.514,3.276,6.373,0.871,0.5144508,0
175837,1.00000113133495e+18,63875741922223,0.033,1.44,-0.019,0.055,-0.023,-0.006,0.998,NaN,-0.167,-0.059,0.984,0,0,0,64.325,NaN,-0.054,-0.06,0.997,-0.032,0,0,0.53,3.398,6.415,0.932,NaN,-0.172,-0.059,0.983,0.032,0,0,0.514,3.276,6.373,0.871,0.539431,0
175838,1.00000113133996e+18,63875741922234,0.033,1.44,-0.019,0.055,-0.023,-0.007,0.998,NaN,-0.167,-0.059,0.984,0,0,0,64.325,NaN,-0.048,-0.06,0.997,-0.032,0,0,0.531,3.408,6.415,0.931,NaN,-0.172,-0.059,0.983,0.032,0,0,0.514,3.277,6.373,0.871,0.5106262,0
175839,1.00000113134497e+18,63875741922234,0.033,1.44,-0.019,0.055,-0.023,-0.007,0.998,NaN,-0.167,-0.059,0.984,0,0,0,64.325,NaN,-0.054,-0.059,0.997,-0.032,0,0,0.533,3.417,6.415,0.931,NaN,-0.172,-0.059,0.983,0.032,0,0,0.514,3.278,6.373,0.87,0.5374908,0
175840,1.00000113134997e+18,63875741922245,0.033,1.44,-0.019,0.055,-0.023,-0.006,0.998,NaN,-0.166,-0.059,0.984,0,0,0,64.325,NaN,-0.054,-0.059,0.997,-0.032,0,0,0.544,3.49,6.415,0.93,NaN,-0.172,-0.058,0.983,0.032,0,0,0.514,3.279,6.373,0.871,0.5358675,0
175841,1.00000113135499e+18,63875741922245,0.033,1.44,-0.019,0.055,-0.023,-0.006,0.998,NaN,-0.166,-0.062,0.984,0,0,0,64.325,NaN,-0.044,-0.063,0.997,-0.032,0,0,0.558,3.58,6.415,0.928,NaN,-0.172,-0.062,0.983,0.032,0,0,0.515,3.282,6.373,0.871,0.4955358,0
175842,1.00000113136e+18,63875741922245,0.033,1.44,-0.019,0.055,-0.023,-0.006,0.998,NaN,-0.161,-0.071,0.984,0,0,0,64.325,NaN,-0.035,-0.072,0.997,-0.032,0,0,0.551,3.538,6.415,0.925,NaN,-0.171,-0.071,0.983,0.032,0,0,0.516,3.286,6.373,0.871,0.46909,0
175843,1.00000113136501e+18,63875741922256,0.033,1.44,-0.019,0.054,-0.023,-0.007,0.998,NaN,-0.148,-0.085,0.985,0,0,0,64.325,NaN,-0.025,-0.086,0.996,-0.032,0,0,0.545,3.497,6.415,0.922,NaN,-0.164,-0.085,0.983,0.032,0,0,0.516,3.29,6.373,0.871,0.4579161,0
175844,1.00000113137002e+18,63875741922256,0.033,1.44,-0.019,0.054,-0.023,-0.007,0.998,NaN,-0.129,-0.102,0.986,0,0,0,64.325,NaN,-0.027,-0.103,0.994,-0.032,0,0,0.538,3.451,6.415,0.919,NaN,-0.152,-0.102,0.983,0.032,0,0,0.516,3.288,6.373,0.872,0.5054686,0
175845,1.00000113137503e+18,63875741922267,0.033,1.44,-0.019,0.054,-0.023,-0.007,0.998,NaN,-0.102,-0.121,0.987,0,0,0,64.325,NaN,-0.02,-0.121,0.992,-0.032,0,0,0.538,3.452,6.415,0.915,NaN,-0.134,-0.12,0.984,0.032,0,0,0.515,3.284,6.373,0.872,0.5560988,0
175846,1.00000113138003e+18,63875741922267,0.033,1.44,-0.019,0.054,-0.023,-0.007,0.998,NaN,-0.073,-0.141,0.987,0,0,0,64.325,NaN,-0.009,-0.142,0.99,-0.032,0,0,0.541,3.468,6.415,0.91,NaN,-0.114,-0.141,0.983,0.032,0,0,0.514,3.277,6.373,0.873,0.6084955,0
175847,1.00000113138504e+18,63875741922278,0.033,1.44,-0.019,0.054,-0.024,-0.007,0.998,NaN,-0.048,-0.172,0.984,0,0,0,64.325,NaN,0.014,-0.172,0.985,-0.032,0,0,0.542,3.475,6.415,0.905,NaN,-0.095,-0.171,0.981,0.032,0,0,0.512,3.266,6.373,0.874,0.5849487,0
175848,1.00000113139005e+18,63875741922278,0.033,1.44,-0.019,0.054,-0.024,-0.007,0.998,NaN,-0.03,-0.196,0.98,0,0,0,64.325,NaN,0.035,-0.196,0.98,-0.032,0,0,0.543,3.484,6.415,0.9,NaN,-0.08,-0.196,0.977,0.032,0,0,0.511,3.257,6.373,0.875,0.5581183,0
175849,1.00000113139505e+18,63875741922290,0.033,1.44,-0.019,0.054,-0.024,-0.007,0.998,NaN,-0.004,-0.208,0.978,0,0,0,64.325,NaN,0.052,-0.208,0.977,-0.032,0,0,0.543,3.485,6.415,0.896,NaN,-0.07,-0.208,0.976,0.032,0,0,0.51,3.253,6.373,0.875,0.5237978,0
175850,1.00000113140006e+18,63875741922290,0.033,1.44,-0.019,0.054,-0.024,-0.007,0.998,NaN,0.013,-0.217,0.976,0,0,0,64.325,NaN,0.065,-0.216,0.974,-0.032,0,0,0.543,3.484,6.415,0.892,NaN,-0.063,-0.216,0.974,0.032,0,0,0.51,3.252,6.373,0.876,0.4995828,0
175851,1.00000113140507e+18,63875741922301,0.033,1.44,-0.019,0.054,-0.024,-0.007,0.998,NaN,0.024,-0.223,0.974,0,0,0,64.325,NaN,0.074,-0.223,0.972,-0.032,0,0,0.542,3.478,6.415,0.888,NaN,-0.058,-0.223,0.973,0.032,0,0,0.51,3.251,6.373,0.876,0.4844924,0
175852,1.00000113141008e+18,63875741922301,0.033,1.44,-0.019,0.054,-0.024,-0.007,0.998,NaN,0.03,-0.228,0.973,0,0,0,64.325,NaN,0.079,-0.227,0.971,-0.032,0,0,0.542,3.477,6.415,0.885,NaN,-0.055,-0.228,0.972,0.032,0,0,0.51,3.251,6.373,0.876,0.4777199,0
175853,1.00000113141513e+18,63875741922301,0.033,1.44,-0.019,0.054,-0.024,-0.007,0.998,NaN,0.034,-0.231,0.972,0,0,0,64.325,NaN,0.083,-0.231,0.97,-0.032,0,0,0.542,3.477,6.415,0.882,NaN,-0.052,-0.231,0.972,0.032,0,0,0.51,3.251,6.373,0.877,0.4741641,0
175854,1.00000113142012e+18,63875741922312,0.033,1.44,-0.019,0.053,-0.024,-0.007,0.998,NaN,0.036,-0.234,0.972,0,0,0,64.325,NaN,0.085,-0.233,0.969,-0.032,0,0,0.542,3.476,6.415,0.88,NaN,-0.051,-0.233,0.971,0.032,0,0,0.51,3.251,6.373,0.877,0.4723682,0
175855,1.00000113142513e+18,63875741922323,0.033,1.44,-0.019,0.053,-0.024,-0.007,0.998,NaN,0.038,-0.235,0.971,0,0,0,64.325,NaN,0.086,-0.234,0.968,-0.032,0,0,0.542,3.476,6.415,0.878,NaN,-0.05,-0.235,0.971,0.032,0,0,0.51,3.251,6.373,0.877,0.4714284,0
175856,1.00000113143013e+18,63875741922323,0.033,1.44,-0.019,0.053,-0.024,-0.007,0.998,NaN,0.038,-0.236,0.971,0,0,0,64.325,NaN,0.087,-0.236,0.968,-0.032,0,0,0.542,3.475,6.415,0.876,NaN,-0.049,-0.236,0.97,0.032,0,0,0.51,3.251,6.373,0.877,0.4708755,0
175857,1.00000113143518e+18,63875741922323,0.033,1.44,-0.019,0.053,-0.024,-0.007,0.998,NaN,0.038,-0.237,0.971,0,0,0,64.325,NaN,0.087,-0.236,0.968,-0.032,0,0,0.541,3.474,6.415,0.874,NaN,-0.049,-0.237,0.97,0.032,0,0,0.51,3.251,6.373,0.878,0.471025,0
175858,1.00000113144018e+18,63875741922334,0.033,1.44,-0.019,0.053,-0.024,-0.007,0.998,NaN,0.039,-0.237,0.971,0,0,0,64.325,NaN,0.087,-0.236,0.968,-0.032,0,0,0.541,3.473,6.415,0.872,NaN,-0.049,-0.237,0.97,0.032,0,0,0.51,3.252,6.373,0.878,0.4687716,0
175859,1.0000011314452e+18,63875741922334,0.033,1.44,-0.019,0.053,-0.024,-0.007,0.998,NaN,0.039,-0.237,0.971,0,0,0,64.325,NaN,0.087,-0.236,0.968,-0.032,0,0,0.541,3.472,6.415,0.871,NaN,-0.05,-0.237,0.97,0.032,0,0,0.511,3.254,6.373,0.878,0.4678511,0
175860,1.0000011314502e+18,63875741922345,0.033,1.44,-0.019,0.053,-0.025,-0.007,0.998,NaN,0.039,-0.237,0.971,0,0,0,64.325,NaN,0.087,-0.236,0.968,-0.032,0,0,0.541,3.471,6.415,0.87,NaN,-0.05,-0.237,0.97,0.032,0,0,0.511,3.258,6.373,0.878,0.4680805,0
175861,1.00000113145521e+18,63875741922345,0.033,1.44,-0.019,0.053,-0.025,-0.007,0.998,NaN,0.039,-0.237,0.971,0,0,0,64.325,NaN,0.086,-0.236,0.968,-0.032,0,0,0.541,3.471,6.415,0.869,NaN,-0.05,-0.236,0.97,0.032,0,0,0.512,3.263,6.373,0.878,0.4688368,0
175862,1.00000113146021e+18,63875741922345,0.033,1.44,-0.019,0.053,-0.025,-0.007,0.998,NaN,0.039,-0.236,0.971,0,0,0,64.325,NaN,0.086,-0.236,0.968,-0.032,0,0,0.541,3.472,6.415,0.868,NaN,-0.05,-0.236,0.97,0.032,0,0,0.513,3.269,6.373,0.879,0.4701023,0
175863,1.00000113146528e+18,63875741922357,0.033,1.44,-0.019,0.053,-0.025,-0.007,0.998,NaN,0.038,-0.237,0.971,0,0,0,64.325,NaN,0.085,-0.236,0.968,-0.032,0,0,0.541,3.472,6.415,0.867,NaN,-0.05,-0.236,0.97,0.032,0,0,0.513,3.271,6.373,0.879,0.4737005,0
175864,1.00000113147029e+18,63875741922357,0.033,1.44,-0.019,0.053,-0.025,-0.007,0.998,NaN,0.038,-0.237,0.971,0,0,0,64.325,NaN,0.085,-0.236,0.968,-0.032,0,0,0.541,3.473,6.415,0.866,NaN,-0.05,-0.236,0.97,0.032,0,0,0.514,3.273,6.373,0.879,0.4745447,0
175865,1.00000113147529e+18,63875741922368,0.033,1.44,-0.019,0.053,-0.025,-0.007,0.998,NaN,0.038,-0.237,0.971,0,0,0,64.325,NaN,0.085,-0.236,0.968,-0.032,0,0,0.541,3.474,6.415,0.866,NaN,-0.049,-0.237,0.97,0.032,0,0,0.514,3.274,6.373,0.879,0.4777415,0
175866,1.00000113148027e+18,63875741922368,0.033,1.44,-0.019,0.053,-0.025,-0.007,0.998,NaN,0.037,-0.237,0.971,0,0,0,64.325,NaN,0.084,-0.236,0.968,-0.032,0,0,0.542,3.477,6.415,0.865,NaN,-0.05,-0.237,0.97,0.032,0,0,0.514,3.274,6.373,0.879,0.4790761,0.1347894
175867,1.00000113148528e+18,63875741922379,0.033,1.44,-0.019,0.053,-0.025,-0.007,0.998,NaN,0.037,-0.237,0.971,0,0,0,64.325,NaN,0.084,-0.236,0.968,-0.032,0,0,0.542,3.479,6.415,0.865,NaN,-0.05,-0.237,0.97,0.032,0,0,0.514,3.275,6.373,0.879,0.4803581,0.2682099
175868,1.00000113149032e+18,63875741922379,0.033,1.44,-0.019,0.053,-0.025,-0.007,0.998,NaN,0.037,-0.237,0.971,0,0,0,64.325,NaN,0.083,-0.236,0.968,-0.032,0,0,0.543,3.482,6.415,0.864,NaN,-0.05,-0.237,0.97,0.032,0,0,0.514,3.278,6.373,0.88,0.48167,0.7890624
175869,1.00000113149532e+18,63875741922390,0.033,1.44,-0.019,0.053,-0.025,-0.007,0.998,NaN,0.037,-0.237,0.971,0,0,0,64.325,NaN,0.083,-0.236,0.968,-0.032,0,0,0.543,3.483,6.415,0.864,NaN,-0.05,-0.237,0.97,0.032,0,0,0.515,3.28,6.373,0.88,0.4828049,0.8366637
175870,1.00000113150037e+18,63875741922390,0.033,1.44,-0.019,0.053,-0.025,-0.007,0.998,NaN,0.037,-0.237,0.971,0,0,0,64.325,NaN,0.083,-0.236,0.968,-0.032,0,0,0.543,3.485,6.415,0.863,NaN,-0.049,-0.237,0.97,0.032,0,0,0.515,3.283,6.373,0.88,0.4840662,0.8668724
175871,1.00000113150537e+18,63875741922401,0.033,1.44,-0.019,0.053,-0.025,-0.006,0.998,NaN,0.037,-0.237,0.971,0,0,0,64.325,NaN,0.083,-0.237,0.968,-0.032,0,0,0.543,3.486,6.415,0.863,NaN,-0.049,-0.237,0.97,0.032,0,0,0.516,3.285,6.373,0.88,0.4852089,0.8843116
175872,1.00000113151037e+18,63875741922401,0.033,1.44,-0.019,0.053,-0.025,-0.006,0.998,NaN,0.037,-0.237,0.971,0,0,0,64.325,NaN,0.083,-0.237,0.968,-0.032,0,0,0.544,3.487,6.415,0.862,NaN,-0.049,-0.237,0.97,0.032,0,0,0.516,3.287,6.373,0.881,0.4862218,0.8956929
175873,1.00000113151537e+18,63875741922401,0.033,1.44,-0.019,0.053,-0.025,-0.006,0.998,NaN,0.037,-0.237,0.971,0,0,0,64.325,NaN,0.082,-0.237,0.968,-0.032,0,0,0.545,3.499,6.415,0.862,NaN,-0.049,-0.237,0.97,0.032,0,0,0.516,3.289,6.373,0.881,0.4876457,0.8768152
175874,1.00000113152038e+18,63875741922412,0.033,1.44,-0.019,0.053,-0.025,-0.006,0.998,NaN,0.037,-0.237,0.971,0,0,0,64.325,NaN,0.082,-0.237,0.968,-0.032,0,0,0.546,3.504,6.415,0.862,NaN,-0.049,-0.237,0.97,0.032,0,0,0.516,3.29,6.373,0.881,0.4890901,0.875018
175875,1.00000113152539e+18,63875741922412,0.033,1.44,-0.019,0.053,-0.025,-0.006,0.998,NaN,0.034,-0.24,0.97,0,0,0,64.325,NaN,0.081,-0.239,0.968,-0.032,0,0,0.546,3.506,6.415,0.861,NaN,-0.049,-0.239,0.97,0.032,0,0,0.517,3.292,6.373,0.881,0.4935085,0.4324152
175876,1.00000113153041e+18,63875741922423,0.033,1.44,-0.019,0.053,-0.026,-0.006,0.998,NaN,0.033,-0.242,0.97,0,0,0,64.325,NaN,0.08,-0.241,0.967,-0.032,0,0,0.546,3.505,6.415,0.861,NaN,-0.049,-0.242,0.969,0.032,0,0,0.517,3.294,6.373,0.881,0.4968951,0.4314547
175877,1.00000113153539e+18,63875741922423,0.033,1.44,-0.019,0.053,-0.026,-0.006,0.998,NaN,0.032,-0.244,0.969,0,0,0,64.325,NaN,0.08,-0.243,0.967,-0.032,0,0,0.546,3.503,6.415,0.861,NaN,-0.048,-0.244,0.969,0.032,0,0,0.517,3.296,6.373,0.881,0.4994839,0.4693965
175878,1.00000113154041e+18,63875741922434,0.033,1.44,-0.019,0.053,-0.026,-0.006,0.998,NaN,0.032,-0.243,0.969,0,0,0,64.325,NaN,0.08,-0.243,0.967,-0.032,0,0,0.546,3.501,6.415,0.86,NaN,-0.048,-0.243,0.969,0.032,0,0,0.517,3.298,6.373,0.882,0.5000873,0.03852894
175879,1.00000113154598e+18,63875741922434,0.033,1.44,-0.019,0.053,-0.026,-0.006,0.998,NaN,0.033,-0.243,0.97,0,0,0,64.325,NaN,0.08,-0.242,0.967,-0.032,0,0,0.546,3.5,6.415,0.86,NaN,-0.048,-0.242,0.969,0.032,0,0,0.518,3.3,6.373,0.882,0.5008262,0.0477224
175880,1.000001131551e+18,63875741922445,0.033,1.44,-0.019,0.053,-0.026,-0.006,0.998,NaN,0.031,-0.244,0.969,0,0,0,64.325,NaN,0.079,-0.244,0.967,-0.032,0,0,0.545,3.499,6.415,0.86,NaN,-0.048,-0.244,0.969,0.032,0,0,0.518,3.302,6.373,0.882,0.5034532,0
175881,1.00000113155602e+18,63875741922445,0.033,1.44,-0.019,0.053,-0.026,-0.006,0.998,NaN,0.03,-0.246,0.969,0,0,0,64.325,NaN,0.079,-0.246,0.966,-0.032,0,0,0.545,3.499,6.415,0.859,NaN,-0.048,-0.246,0.968,0.032,0,0,0.519,3.305,6.373,0.882,0.5066417,0
175882,1.00000113156103e+18,63875741922445,0.033,1.44,-0.019,0.053,-0.026,-0.006,0.998,NaN,0.028,-0.248,0.968,0,0,0,64.325,NaN,0.078,-0.247,0.966,-0.032,0,0,0.545,3.498,6.415,0.859,NaN,-0.048,-0.248,0.968,0.032,0,0,0.519,3.307,6.373,0.882,0.5099932,0
175883,1.00000113156552e+18,63875741922456,0.033,1.44,-0.019,0.053,-0.026,-0.006,0.998,NaN,0.026,-0.249,0.968,0,0,0,64.325,NaN,0.077,-0.249,0.966,-0.032,0,0,0.545,3.496,6.415,0.859,NaN,-0.047,-0.249,0.967,0.032,0,0,0.519,3.309,6.373,0.882,0.5137502,0
175884,1.00000113157053e+18,63875741922456,0.033,1.44,-0.019,0.053,-0.026,-0.006,0.998,NaN,0.024,-0.25,0.968,0,0,0,64.325,NaN,0.077,-0.25,0.965,-0.032,0,0,0.545,3.495,6.415,0.858,NaN,-0.047,-0.25,0.967,0.032,0,0,0.52,3.312,6.373,0.883,0.5157121,0
175885,1.00000113157548e+18,63875741922467,0.033,1.44,-0.019,0.053,-0.026,-0.006,0.998,NaN,0.022,-0.252,0.968,0,0,0,64.325,NaN,0.076,-0.251,0.965,-0.032,0,0,0.545,3.495,6.415,0.858,NaN,-0.047,-0.251,0.967,0.032,0,0,0.52,3.315,6.373,0.883,0.5196525,0
175886,1.0000011315805e+18,63875741922467,0.033,1.44,-0.019,0.053,-0.026,-0.006,0.998,NaN,0.021,-0.253,0.967,0,0,0,64.325,NaN,0.076,-0.252,0.965,-0.032,0,0,0.545,3.496,6.415,0.858,NaN,-0.047,-0.252,0.966,0.032,0,0,0.521,3.317,6.373,0.883,0.5237215,0
175887,1.00000113158551e+18,63875741922478,0.033,1.44,-0.019,0.053,-0.026,-0.006,0.998,NaN,0.019,-0.253,0.967,0,0,0,64.325,NaN,0.075,-0.253,0.965,-0.032,0,0,0.545,3.499,6.415,0.858,NaN,-0.046,-0.253,0.966,0.032,0,0,0.521,3.32,6.373,0.883,0.5255617,0
175888,1.00000113159058e+18,63875741922478,0.033,1.44,-0.019,0.053,-0.026,-0.006,0.998,NaN,0.017,-0.254,0.967,0,0,0,64.325,NaN,0.075,-0.253,0.964,-0.032,0,0,0.546,3.504,6.415,0.857,NaN,-0.046,-0.254,0.966,0.032,0,0,0.521,3.322,6.373,0.883,0.527442,0
175889,1.0000011315956e+18,63875741922490,0.033,1.44,-0.019,0.053,-0.025,-0.006,0.998,NaN,0.016,-0.255,0.967,0,0,0,64.325,NaN,0.075,-0.254,0.964,-0.032,0,0,0.547,3.507,6.415,0.857,NaN,-0.046,-0.254,0.966,0.032,0,0,0.522,3.326,6.373,0.884,0.5292234,0
175890,1.00000113160061e+18,63875741922490,0.033,1.44,-0.019,0.053,-0.025,-0.006,0.998,NaN,0.014,-0.255,0.967,0,0,0,64.325,NaN,0.075,-0.254,0.964,-0.032,0,0,0.547,3.512,6.415,0.857,NaN,-0.046,-0.255,0.966,0.032,0,0,0.522,3.329,6.373,0.884,0.5309792,0
175891,1.0000011316056e+18,63875741922501,0.033,1.44,-0.019,0.053,-0.025,-0.006,0.998,NaN,0.013,-0.256,0.967,0,0,0,64.325,NaN,0.075,-0.255,0.964,-0.032,0,0,0.548,3.518,6.415,0.857,NaN,-0.045,-0.255,0.966,0.032,0,0,0.523,3.331,6.373,0.884,0.5327268,0
175892,1.00000113161062e+18,63875741922501,0.033,1.44,-0.019,0.053,-0.025,-0.006,0.998,NaN,0.011,-0.256,0.967,0,0,0,64.325,NaN,0.074,-0.256,0.964,-0.032,0,0,0.549,3.523,6.415,0.856,NaN,-0.045,-0.256,0.966,0.032,0,0,0.523,3.333,6.373,0.884,0.5371889,0
175893,1.00000113161563e+18,63875741922501,0.033,1.44,-0.019,0.053,-0.025,-0.006,0.998,NaN,0.009,-0.257,0.966,0,0,0,64.325,NaN,0.074,-0.256,0.964,-0.032,0,0,0.549,3.524,6.415,0.856,NaN,-0.045,-0.257,0.965,0.032,0,0,0.523,3.335,6.373,0.884,0.5411183,0
175894,1.00000113162065e+18,63875741922512,0.033,1.44,-0.019,0.053,-0.025,-0.006,0.998,NaN,0.009,-0.257,0.966,0,0,0,64.325,NaN,0.074,-0.257,0.964,-0.032,0,0,0.549,3.525,6.415,0.856,NaN,-0.045,-0.257,0.965,0.032,0,0,0.524,3.338,6.373,0.884,0.5419585,0
175895,1.00000113162566e+18,63875741922512,0.033,1.44,-0.019,0.053,-0.025,-0.006,0.998,NaN,0.009,-0.257,0.966,0,0,0,64.325,NaN,0.074,-0.257,0.964,-0.032,0,0,0.55,3.526,6.415,0.856,NaN,-0.044,-0.257,0.965,0.032,0,0,0.524,3.341,6.373,0.884,0.5424899,0
175896,1.00000113163068e+18,63875741922523,0.033,1.44,-0.019,0.054,-0.025,-0.006,0.998,NaN,0.009,-0.257,0.966,0,0,0,64.325,NaN,0.074,-0.257,0.964,-0.032,0,0,0.55,3.527,6.415,0.855,NaN,-0.044,-0.257,0.965,0.032,0,0,0.525,3.344,6.373,0.884,0.5430603,0
175897,1.00000113163569e+18,63875741922523,0.033,1.44,-0.019,0.054,-0.025,-0.006,0.998,NaN,0.008,-0.258,0.966,0,0,0,64.325,NaN,0.074,-0.257,0.964,-0.032,0,0,0.55,3.531,6.415,0.855,NaN,-0.044,-0.258,0.965,0.032,0,0,0.525,3.346,6.373,0.884,0.5465162,0.06133572
175898,1.0000011316407e+18,63875741922535,0.033,1.44,-0.02,0.053,-0.025,-0.006,0.998,NaN,0.004,-0.256,0.967,0,0,0,64.325,NaN,0.065,-0.256,0.965,-0.032,0,0,0.552,3.542,6.415,0.855,NaN,-0.043,-0.256,0.966,0.032,0,0,0.526,3.351,6.373,0.884,0.5919522,0
175899,1.00000113164572e+18,63875741922535,0.033,1.44,-0.02,0.053,-0.025,-0.006,0.998,NaN,0.005,-0.256,0.967,0,0,0,64.325,NaN,0.066,-0.256,0.964,-0.032,0,0,0.553,3.55,6.415,0.854,NaN,-0.043,-0.256,0.966,0.032,0,0,0.526,3.355,6.373,0.884,0.5868258,0
175900,1.00000113165073e+18,63875741922546,0.033,1.44,-0.02,0.054,-0.025,-0.006,0.998,NaN,0.002,-0.255,0.967,0,0,0,64.325,NaN,0.056,-0.255,0.965,-0.032,0,0,0.557,3.573,6.415,0.854,NaN,-0.043,-0.255,0.966,0.032,0,0,0.527,3.36,6.373,0.885,0.6469816,0
175901,1.00000113165578e+18,63875741922546,0.033,1.44,-0.02,0.054,-0.025,-0.006,0.998,NaN,0.003,-0.256,0.967,0,0,0,64.325,NaN,0.059,-0.255,0.965,-0.032,0,0,0.559,3.587,6.415,0.854,NaN,-0.042,-0.255,0.966,0.032,0,0,0.528,3.364,6.373,0.884,0.6326224,0
175902,1.00000113166082e+18,63875741922546,0.033,1.44,-0.02,0.054,-0.025,-0.006,0.998,NaN,0,-0.255,0.967,0,0,0,64.325,NaN,0.05,-0.255,0.966,-0.032,0,0,0.562,3.603,6.415,0.853,NaN,-0.042,-0.255,0.966,0.032,0,0,0.528,3.368,6.373,0.884,0.6974116,0
175903,1.00000113166585e+18,63875741922557,0.033,1.44,-0.02,0.053,-0.025,-0.006,0.998,NaN,-0.002,-0.254,0.967,0,0,0,64.325,NaN,0.041,-0.254,0.966,-0.032,0,0,0.563,3.61,6.415,0.853,NaN,-0.042,-0.254,0.966,0.032,0,0,0.529,3.371,6.373,0.884,0.7701341,0
175904,1.00000113167087e+18,63875741922557,0.033,1.44,-0.02,0.053,-0.025,-0.006,0.998,NaN,-0.004,-0.253,0.967,0,0,0,64.325,NaN,0.034,-0.253,0.967,-0.032,0,0,0.564,3.621,6.415,0.852,NaN,-0.042,-0.253,0.967,0.032,0,0,0.53,3.375,6.373,0.884,0.8464729,0
175905,1.00000113167576e+18,63875741922568,0.033,1.44,-0.019,0.053,-0.025,-0.006,0.998,NaN,-0.006,-0.252,0.968,0,0,0,64.325,NaN,0.028,-0.252,0.967,-0.032,0,0,0.566,3.628,6.415,0.851,NaN,-0.041,-0.252,0.967,0.032,0,0,0.53,3.379,6.373,0.884,0.9198484,0
175906,1.00000113168078e+18,63875741922568,0.033,1.44,-0.019,0.053,-0.025,-0.006,0.998,NaN,-0.007,-0.251,0.968,0,0,0,64.325,NaN,0.024,-0.251,0.968,-0.032,0,0,0.568,3.642,6.415,0.851,NaN,-0.041,-0.251,0.967,0.032,0,0,0.531,3.383,6.373,0.884,0.9882963,0
175907,1.00000113168581e+18,63875741922579,0.033,1.44,-0.02,0.053,-0.025,-0.005,0.998,NaN,-0.009,-0.25,0.968,0,0,0,64.325,NaN,0.02,-0.25,0.968,-0.032,0,0,0.569,3.649,6.415,0.85,NaN,-0.041,-0.25,0.967,0.032,0,0,0.532,3.387,6.373,0.884,1.050755,0
175908,1.00000113169084e+18,63875741922579,0.033,1.44,-0.02,0.053,-0.025,-0.005,0.998,NaN,-0.007,-0.246,0.969,0,0,0,64.325,NaN,0.022,-0.245,0.969,-0.032,0,0,0.57,3.659,6.415,0.849,NaN,-0.041,-0.245,0.969,0.032,0,0,0.532,3.39,6.373,0.884,1.014374,0
175909,1.00000113169587e+18,63875741922590,0.033,1.44,-0.02,0.053,-0.026,-0.005,0.998,NaN,-0.01,-0.245,0.97,0,0,0,64.325,NaN,0.015,-0.245,0.97,-0.032,0,0,0.572,3.673,6.415,0.848,NaN,-0.041,-0.244,0.969,0.032,0,0,0.533,3.399,6.373,0.884,1.148474,0
175910,1.00000113170089e+18,63875741922590,0.033,1.44,-0.02,0.053,-0.026,-0.005,0.998,NaN,-0.007,-0.242,0.97,0,0,0,64.325,NaN,0.019,-0.242,0.97,-0.032,0,0,0.577,3.703,6.415,0.846,NaN,-0.04,-0.241,0.97,0.032,0,0,0.537,3.423,6.373,0.883,1.088232,0
175911,1.00000113170592e+18,63875741922602,0.033,1.44,-0.02,0.053,-0.026,-0.005,0.998,NaN,-0.005,-0.242,0.97,0,0,0,64.325,NaN,0.028,-0.242,0.97,-0.032,0,0,0.578,3.711,6.415,0.847,NaN,-0.034,-0.242,0.97,0.032,0,0,0.54,3.44,6.373,0.883,1.03502,0
175912,1.00000113171095e+18,63875741922602,0.033,1.44,-0.02,0.053,-0.026,-0.005,0.998,NaN,0.007,-0.244,0.97,0,0,0,64.325,NaN,0.031,-0.244,0.969,-0.032,0,0,0.578,3.71,6.415,0.848,NaN,-0.014,-0.244,0.97,0.032,0,0,0.542,3.453,6.373,0.881,2,0
175913,1.00000113171597e+18,63875741922602,0.033,1.44,-0.02,0.053,-0.026,-0.005,0.998,NaN,0.035,-0.245,0.969,0,0,0,64.325,NaN,0.051,-0.245,0.968,-0.032,0,0,0.581,3.725,6.415,0.847,NaN,0.016,-0.246,0.969,0.032,0,0,0.543,3.459,6.373,0.88,2,0
175914,1.000001131721e+18,63875741922613,0.033,1.44,-0.02,0.053,-0.026,-0.005,0.998,NaN,0.072,-0.246,0.967,0,0,0,64.325,NaN,0.086,-0.246,0.966,-0.032,0,0,0.578,3.709,6.415,0.847,NaN,0.047,-0.246,0.968,0.032,0,0,0.543,3.46,6.373,0.878,2,0
175915,1.00000113172603e+18,63875741922613,0.033,1.44,-0.02,0.053,-0.026,-0.005,0.998,NaN,0.105,-0.246,0.964,0,0,0,64.325,NaN,0.127,-0.246,0.961,-0.032,0,0,0.578,3.706,6.415,0.845,NaN,0.074,-0.247,0.966,0.032,0,0,0.543,3.462,6.373,0.876,1.190851,0
175916,1.00000113173093e+18,63875741922623,0.033,1.44,-0.02,0.053,-0.026,-0.005,0.998,NaN,0.135,-0.247,0.96,0,0,0,64.325,NaN,0.163,-0.246,0.956,-0.032,0,0,0.578,3.707,6.415,0.843,NaN,0.098,-0.248,0.964,0.032,0,0,0.543,3.463,6.373,0.873,0.9708684,0
175917,1.00000113173592e+18,63875741922623,0.033,1.44,-0.02,0.053,-0.026,-0.005,0.998,NaN,0.161,-0.249,0.955,0,0,0,64.325,NaN,0.195,-0.247,0.949,-0.032,0,0,0.577,3.704,6.415,0.841,NaN,0.121,-0.25,0.961,0.032,0,0,0.544,3.465,6.373,0.867,0.8556606,0
175918,1.00000113174095e+18,63875741922634,0.033,1.44,-0.02,0.053,-0.026,-0.005,0.998,NaN,0.18,-0.251,0.951,0,0,0,64.325,NaN,0.217,-0.249,0.944,-0.032,0,0,0.576,3.697,6.415,0.838,NaN,0.139,-0.253,0.957,0.032,0,0,0.545,3.473,6.373,0.862,0.8016084,0
175919,1.00000113174597e+18,63875741922634,0.033,1.44,-0.02,0.053,-0.026,-0.005,0.998,NaN,0.192,-0.254,0.948,0,0,0,64.325,NaN,0.23,-0.252,0.94,-0.032,0,0,0.576,3.693,6.415,0.836,NaN,0.151,-0.256,0.955,0.032,0,0,0.546,3.477,6.373,0.856,0.7798998,0
175920,1.00000113175095e+18,63875741922645,0.033,1.44,-0.02,0.053,-0.027,-0.004,0.998,NaN,0.201,-0.257,0.945,0,0,0,64.325,NaN,0.24,-0.255,0.937,-0.032,0,0,0.575,3.689,6.415,0.834,NaN,0.16,-0.259,0.953,0.032,0,0,0.546,3.478,6.373,0.852,0.7699749,0
175921,1.00000113175595e+18,63875741922645,0.033,1.44,-0.02,0.053,-0.027,-0.004,0.998,NaN,0.206,-0.26,0.943,0,0,0,64.325,NaN,0.246,-0.257,0.935,-0.032,0,0,0.575,3.687,6.415,0.832,NaN,0.165,-0.262,0.951,0.032,0,0,0.546,3.478,6.373,0.848,0.7634319,0
175922,1.00000113176095e+18,63875741922656,0.033,1.44,-0.02,0.053,-0.027,-0.004,0.998,NaN,0.21,-0.262,0.942,0,0,0,64.325,NaN,0.25,-0.26,0.933,-0.032,0,0,0.574,3.684,6.415,0.831,NaN,0.169,-0.265,0.949,0.032,0,0,0.546,3.479,6.373,0.844,0.7608113,0
175923,1.00000113176597e+18,63875741922656,0.033,1.44,-0.02,0.053,-0.027,-0.004,0.998,NaN,0.213,-0.265,0.941,0,0,0,64.325,NaN,0.252,-0.262,0.932,-0.032,0,0,0.574,3.684,6.415,0.83,NaN,0.172,-0.267,0.948,0.032,0,0,0.546,3.479,6.373,0.842,0.7643983,0
175924,1.00000113177099e+18,63875741922656,0.033,1.44,-0.02,0.053,-0.027,-0.004,0.998,NaN,0.214,-0.267,0.94,0,0,0,64.325,NaN,0.254,-0.264,0.931,-0.032,0,0,0.574,3.682,6.415,0.829,NaN,0.174,-0.269,0.947,0.032,0,0,0.546,3.479,6.373,0.839,0.7659143,0
175925,1.00000113177601e+18,63875741922668,0.033,1.44,-0.02,0.053,-0.028,-0.004,0.998,NaN,0.215,-0.269,0.939,0,0,0,64.325,NaN,0.254,-0.266,0.93,-0.032,0,0,0.574,3.681,6.415,0.828,NaN,0.175,-0.271,0.947,0.032,0,0,0.546,3.48,6.373,0.838,0.7705846,0
175926,1.00000113178102e+18,63875741922678,0.033,1.44,-0.02,0.053,-0.028,-0.004,0.998,NaN,0.216,-0.27,0.938,0,0,0,64.325,NaN,0.255,-0.268,0.929,-0.032,0,0,0.574,3.679,6.415,0.827,NaN,0.176,-0.272,0.946,0.032,0,0,0.546,3.482,6.373,0.836,0.7750326,0
175927,1.00000113178604e+18,63875741922678,0.033,1.44,-0.02,0.053,-0.028,-0.004,0.998,NaN,0.213,-0.273,0.938,0,0,0,64.325,NaN,0.253,-0.271,0.929,-0.032,0,0,0.573,3.678,6.415,0.827,NaN,0.177,-0.275,0.945,0.032,0,0,0.547,3.484,6.373,0.835,0.7972986,0
175928,1.00000113179106e+18,63875741922678,0.033,1.44,-0.02,0.053,-0.028,-0.004,0.998,NaN,0.211,-0.276,0.938,0,0,0,64.325,NaN,0.252,-0.273,0.928,-0.032,0,0,0.573,3.676,6.415,0.826,NaN,0.177,-0.278,0.944,0.032,0,0,0.547,3.487,6.373,0.834,0.8160133,0
175929,1.00000113179606e+18,63875741922689,0.033,1.441,-0.02,0.053,-0.029,-0.004,0.998,NaN,0.21,-0.279,0.937,0,0,0,64.325,NaN,0.251,-0.276,0.928,-0.032,0,0,0.572,3.671,6.415,0.826,NaN,0.177,-0.28,0.943,0.032,0,0,0.548,3.49,6.373,0.833,0.8299021,0
175930,1.00000113180108e+18,63875741922689,0.033,1.441,-0.02,0.053,-0.029,-0.004,0.998,NaN,0.209,-0.281,0.937,0,0,0,64.325,NaN,0.25,-0.278,0.928,-0.032,0,0,0.571,3.665,6.415,0.825,NaN,0.177,-0.282,0.943,0.032,0,0,0.548,3.493,6.373,0.833,0.8408661,0
175931,1.0000011318061e+18,63875741922700,0.033,1.441,-0.02,0.053,-0.029,-0.004,0.998,NaN,0.211,-0.283,0.936,0,0,0,64.325,NaN,0.249,-0.281,0.927,-0.032,0,0,0.57,3.657,6.415,0.825,NaN,0.18,-0.285,0.941,0.032,0,0,0.549,3.496,6.373,0.832,0.8947071,0
175932,1.00000113181111e+18,63875741922700,0.033,1.441,-0.02,0.053,-0.029,-0.004,0.998,NaN,0.212,-0.286,0.934,0,0,0,64.325,NaN,0.248,-0.283,0.926,-0.032,0,0,0.569,3.653,6.415,0.825,NaN,0.183,-0.288,0.94,0.032,0,0,0.549,3.499,6.373,0.832,0.9382842,0
175933,1.00000113181607e+18,63875741922712,0.032,1.441,-0.02,0.053,-0.03,-0.004,0.998,NaN,0.214,-0.288,0.934,0,0,0,64.325,NaN,0.247,-0.285,0.926,-0.032,0,0,0.569,3.65,6.415,0.825,NaN,0.185,-0.289,0.939,0.032,0,0,0.55,3.503,6.373,0.832,0.9795623,0
175934,1.00000113182108e+18,63875741922712,0.032,1.441,-0.02,0.053,-0.03,-0.004,0.998,NaN,0.214,-0.289,0.933,0,0,0,64.325,NaN,0.246,-0.287,0.926,-0.032,0,0,0.569,3.648,6.415,0.824,NaN,0.186,-0.291,0.939,0.032,0,0,0.55,3.507,6.373,0.831,1.011723,0
175935,1.00000113182609e+18,63875741922712,0.032,1.441,-0.02,0.053,-0.03,-0.004,0.998,NaN,0.215,-0.29,0.933,0,0,0,64.325,NaN,0.246,-0.288,0.926,-0.032,0,0,0.569,3.647,6.415,0.824,NaN,0.187,-0.292,0.938,0.032,0,0,0.551,3.51,6.373,0.831,1.038214,0.1723936
175936,1.00000113183114e+18,63875741922723,0.032,1.441,-0.02,0.053,-0.03,-0.003,0.998,NaN,0.215,-0.291,0.932,0,0,0,64.325,NaN,0.245,-0.289,0.925,-0.032,0,0,0.569,3.647,6.415,0.824,NaN,0.187,-0.293,0.938,0.032,0,0,0.552,3.515,6.373,0.831,1.061909,0.4491703
175937,1.00000113183614e+18,63875741922723,0.032,1.441,-0.02,0.053,-0.03,-0.003,0.998,NaN,0.215,-0.292,0.932,0,0,0,64.325,NaN,0.245,-0.29,0.925,-0.032,0,0,0.569,3.647,6.415,0.824,NaN,0.188,-0.293,0.937,0.032,0,0,0.552,3.518,6.373,0.831,1.081057,0.5606392
175938,1.00000113184115e+18,63875741922734,0.032,1.441,-0.02,0.053,-0.031,-0.003,0.998,NaN,0.215,-0.292,0.932,0,0,0,64.325,NaN,0.244,-0.29,0.925,-0.032,0,0,0.569,3.647,6.415,0.824,NaN,0.189,-0.294,0.937,0.032,0,0,0.552,3.52,6.373,0.831,1.098023,0.5867739
175939,1.00000113184615e+18,63875741922734,0.032,1.441,-0.02,0.053,-0.031,-0.003,0.998,NaN,0.216,-0.292,0.932,0,0,0,64.325,NaN,0.244,-0.29,0.925,-0.032,0,0,0.569,3.651,6.415,0.824,NaN,0.189,-0.294,0.937,0.032,0,0,0.553,3.524,6.373,0.831,1.116156,0.6176151
175940,1.00000113185116e+18,63875741922745,0.032,1.441,-0.02,0.053,-0.031,-0.003,0.998,NaN,0.216,-0.292,0.932,0,0,0,64.325,NaN,0.243,-0.29,0.926,-0.032,0,0,0.57,3.655,6.415,0.824,NaN,0.189,-0.294,0.937,0.032,0,0,0.553,3.526,6.373,0.831,1.132461,0.633122
175941,1.00000113185619e+18,63875741922745,0.032,1.441,-0.02,0.053,-0.031,-0.003,0.998,NaN,0.215,-0.292,0.932,0,0,0,64.325,NaN,0.243,-0.29,0.926,-0.032,0,0,0.57,3.659,6.415,0.824,NaN,0.189,-0.294,0.937,0.032,0,0,0.554,3.528,6.373,0.831,1.146446,0.6471968
175942,1.0000011318612e+18,63875741922757,0.032,1.441,-0.02,0.053,-0.031,-0.003,0.998,NaN,0.215,-0.292,0.932,0,0,0,64.325,NaN,0.242,-0.29,0.926,-0.032,0,0,0.571,3.661,6.415,0.824,NaN,0.189,-0.294,0.937,0.032,0,0,0.554,3.53,6.373,0.831,1.156604,0.650297
175943,1.00000113186625e+18,63875741922757,0.032,1.441,-0.02,0.053,-0.031,-0.003,0.998,NaN,0.215,-0.293,0.932,0,0,0,64.325,NaN,0.242,-0.291,0.926,-0.032,0,0,0.571,3.662,6.415,0.824,NaN,0.19,-0.294,0.937,0.032,0,0,0.555,3.534,6.373,0.832,1.167369,0.6559023
175944,1.00000113187127e+18,63875741922757,0.032,1.441,-0.02,0.053,-0.031,-0.003,0.998,NaN,0.215,-0.293,0.932,0,0,0,64.325,NaN,0.242,-0.291,0.926,-0.032,0,0,0.571,3.663,6.415,0.825,NaN,0.19,-0.294,0.937,0.032,0,0,0.555,3.538,6.373,0.832,1.177035,0.65453
175945,1.0000011318763e+18,63875741922768,0.032,1.441,-0.02,0.053,-0.032,-0.003,0.998,NaN,0.215,-0.293,0.932,0,0,0,64.325,NaN,0.241,-0.291,0.926,-0.032,0,0,0.571,3.665,6.415,0.825,NaN,0.19,-0.295,0.937,0.032,0,0,0.556,3.541,6.373,0.832,1.186176,0.6561688
175946,1.00000113188132e+18,63875741922768,0.032,1.441,-0.02,0.053,-0.032,-0.003,0.998,NaN,0.215,-0.293,0.932,0,0,0,64.325,NaN,0.241,-0.291,0.926,-0.032,0,0,0.572,3.668,6.415,0.825,NaN,0.19,-0.295,0.937,0.032,0,0,0.556,3.544,6.373,0.832,1.193121,0.8628419
175947,1.00000113188634e+18,63875741922779,0.032,1.441,-0.02,0.053,-0.032,-0.003,0.998,NaN,0.215,-0.294,0.932,0,0,0,64.325,NaN,0.241,-0.292,0.926,-0.032,0,0,0.572,3.671,6.415,0.825,NaN,0.19,-0.295,0.936,0.032,0,0,0.556,3.546,6.373,0.832,2,0.8632524
175948,1.00000113189135e+18,63875741922779,0.032,1.441,-0.02,0.053,-0.032,-0.003,0.998,NaN,0.214,-0.294,0.931,0,0,0,64.325,NaN,0.24,-0.292,0.926,-0.032,0,0,0.573,3.673,6.415,0.825,NaN,0.19,-0.295,0.936,0.032,0,0,0.557,3.549,6.373,0.832,2,0.8710671
175949,1.00000113189638e+18,63875741922790,0.032,1.441,-0.02,0.053,-0.032,-0.003,0.998,NaN,0.215,-0.293,0.932,0,0,0,64.325,NaN,0.24,-0.291,0.926,-0.032,0,0,0.574,3.679,6.415,0.826,NaN,0.19,-0.295,0.937,0.032,0,0,0.557,3.552,6.373,0.833,2,0.7344528
175950,1.00000113190139e+18,63875741922790,0.032,1.441,-0.02,0.053,-0.032,-0.003,0.998,NaN,0.215,-0.293,0.932,0,0,0,64.325,NaN,0.241,-0.291,0.926,-0.032,0,0,0.575,3.688,6.415,0.826,NaN,0.19,-0.294,0.937,0.032,0,0,0.558,3.556,6.373,0.833,2,0.9455634
175951,1.00000113190641e+18,63875741922800,0.032,1.441,-0.02,0.053,-0.032,-0.003,0.998,NaN,0.215,-0.292,0.932,0,0,0,64.325,NaN,0.241,-0.29,0.926,-0.032,0,0,0.576,3.696,6.415,0.826,NaN,0.191,-0.294,0.937,0.032,0,0,0.559,3.559,6.373,0.833,2,0.9505171
175952,1.00000113191142e+18,63875741922800,0.032,1.441,-0.02,0.053,-0.032,-0.003,0.998,NaN,0.216,-0.292,0.932,0,0,0,64.325,NaN,0.241,-0.29,0.926,-0.032,0,0,0.577,3.704,6.415,0.827,NaN,0.191,-0.293,0.937,0.032,0,0,0.559,3.563,6.373,0.833,2,0.945955
175953,1.00000113191644e+18,63875741922812,0.032,1.441,-0.02,0.053,-0.032,-0.003,0.998,NaN,0.216,-0.291,0.932,0,0,0,64.325,NaN,0.241,-0.29,0.926,-0.032,0,0,0.579,3.712,6.415,0.827,NaN,0.191,-0.293,0.937,0.032,0,0,0.56,3.567,6.373,0.834,2,0.9469772
175954,1.00000113192146e+18,63875741922812,0.032,1.441,-0.02,0.053,-0.032,-0.003,0.998,NaN,0.216,-0.291,0.932,0,0,0,64.325,NaN,0.241,-0.289,0.927,-0.032,0,0,0.579,3.715,6.415,0.828,NaN,0.192,-0.292,0.937,0.032,0,0,0.56,3.569,6.373,0.834,2,0.9465758
175955,1.00000113192648e+18,63875741922813,0.032,1.441,-0.02,0.053,-0.032,-0.003,0.998,NaN,0.216,-0.291,0.932,0,0,0,64.325,NaN,0.241,-0.289,0.927,-0.032,0,0,0.58,3.718,6.415,0.828,NaN,0.192,-0.292,0.937,0.032,0,0,0.56,3.571,6.373,0.835,2,0.9498538
175956,1.00000113193146e+18,63875741922823,0.032,1.441,-0.02,0.053,-0.032,-0.004,0.998,NaN,0.216,-0.291,0.932,0,0,0,64.325,NaN,0.241,-0.289,0.927,-0.032,0,0,0.58,3.72,6.415,0.829,NaN,0.192,-0.292,0.937,0.032,0,0,0.561,3.573,6.373,0.835,2,0.9469247
175957,1.00000113193639e+18,63875741922823,0.032,1.441,-0.02,0.053,-0.032,-0.004,0.998,NaN,0.216,-0.29,0.932,0,0,0,64.325,NaN,0.241,-0.289,0.927,-0.032,0,0,0.581,3.726,6.415,0.829,NaN,0.192,-0.292,0.937,0.032,0,0,0.561,3.575,6.373,0.836,2,0.951682
175958,1.00000113194141e+18,63875741922834,0.032,1.441,-0.02,0.053,-0.032,-0.004,0.998,NaN,0.216,-0.29,0.932,0,0,0,64.325,NaN,0.241,-0.288,0.927,-0.032,0,0,0.581,3.729,6.415,0.83,NaN,0.191,-0.291,0.937,0.032,0,0,0.561,3.577,6.373,0.836,2,0.8374875
175959,1.00000113194644e+18,63875741922835,0.032,1.441,-0.02,0.053,-0.032,-0.004,0.998,NaN,0.216,-0.289,0.933,0,0,0,64.325,NaN,0.241,-0.288,0.927,-0.032,0,0,0.582,3.731,6.415,0.83,NaN,0.19,-0.291,0.938,0.032,0,0,0.562,3.58,6.373,0.836,2,0.8300711
175960,1.00000113195169e+18,63875741922845,0.032,1.441,-0.02,0.053,-0.032,-0.004,0.998,NaN,0.215,-0.289,0.933,0,0,0,64.325,NaN,0.241,-0.287,0.927,-0.032,0,0,0.582,3.736,6.415,0.831,NaN,0.19,-0.291,0.938,0.032,0,0,0.562,3.585,6.373,0.837,1.195754,0.8400304
175961,1.00000113195671e+18,63875741922845,0.032,1.441,-0.02,0.053,-0.032,-0.004,0.998,NaN,0.215,-0.289,0.933,0,0,0,64.325,NaN,0.241,-0.287,0.927,-0.032,0,0,0.583,3.741,6.415,0.831,NaN,0.19,-0.29,0.938,0.032,0,0,0.563,3.589,6.373,0.838,1.185546,0.8388067
175962,1.00000113196175e+18,63875741922856,0.033,1.441,-0.02,0.053,-0.032,-0.004,0.998,NaN,0.215,-0.288,0.933,0,0,0,64.325,NaN,0.241,-0.286,0.927,-0.032,0,0,0.584,3.75,6.415,0.832,NaN,0.189,-0.29,0.938,0.032,0,0,0.564,3.594,6.373,0.838,1.173265,0.8350093
175963,1.00000113196678e+18,63875741922857,0.033,1.441,-0.02,0.053,-0.032,-0.004,0.998,NaN,0.215,-0.288,0.933,0,0,0,64.325,NaN,0.241,-0.286,0.927,-0.032,0,0,0.585,3.754,6.415,0.832,NaN,0.189,-0.289,0.938,0.032,0,0,0.564,3.597,6.373,0.839,1.160127,0.8407568
175964,1.00000113197148e+18,63875741922857,0.033,1.441,-0.02,0.053,-0.032,-0.004,0.998,NaN,0.215,-0.287,0.933,0,0,0,64.325,NaN,0.242,-0.286,0.927,-0.032,0,0,0.586,3.757,6.415,0.833,NaN,0.188,-0.289,0.939,0.032,0,0,0.565,3.599,6.373,0.839,1.147632,0.8407632
175965,1.00000113197652e+18,63875741922868,0.033,1.441,-0.02,0.053,-0.032,-0.004,0.998,NaN,0.215,-0.287,0.933,0,0,0,64.325,NaN,0.242,-0.285,0.927,-0.032,0,0,0.586,3.759,6.415,0.834,NaN,0.188,-0.289,0.939,0.032,0,0,0.565,3.601,6.373,0.84,1.13471,0.8397889
175966,1.00000113198153e+18,63875741922868,0.033,1.441,-0.02,0.053,-0.032,-0.004,0.998,NaN,0.215,-0.287,0.933,0,0,0,64.325,NaN,0.242,-0.285,0.927,-0.032,0,0,0.586,3.761,6.415,0.834,NaN,0.187,-0.289,0.939,0.032,0,0,0.565,3.603,6.373,0.84,1.122275,0.8384159
175967,1.00000113198652e+18,63875741922879,0.033,1.441,-0.02,0.053,-0.032,-0.004,0.998,NaN,0.215,-0.287,0.934,0,0,0,64.325,NaN,0.242,-0.285,0.927,-0.032,0,0,0.587,3.764,6.415,0.835,NaN,0.187,-0.289,0.939,0.032,0,0,0.566,3.605,6.373,0.84,1.110559,0.8456036
175968,1.00000113199153e+18,63875741922879,0.033,1.441,-0.02,0.053,-0.032,-0.004,0.998,NaN,0.215,-0.287,0.934,0,0,0,64.325,NaN,0.242,-0.285,0.928,-0.032,0,0,0.587,3.767,6.415,0.835,NaN,0.187,-0.288,0.939,0.032,0,0,0.566,3.608,6.373,0.841,1.099859,0.9826816
175969,1.00000113199656e+18,63875741922890,0.033,1.441,-0.02,0.053,-0.032,-0.004,0.998,NaN,0.215,-0.286,0.934,0,0,0,64.325,NaN,0.242,-0.284,0.928,-0.032,0,0,0.587,3.769,6.415,0.836,NaN,0.186,-0.288,0.939,0.032,0,0,0.567,3.611,6.373,0.841,1.091066,0.9831259
175970,1.00000113200157e+18,63875741922890,0.033,1.441,-0.02,0.053,-0.032,-0.004,0.998,NaN,0.215,-0.286,0.934,0,0,0,64.325,NaN,0.242,-0.284,0.928,-0.032,0,0,0.588,3.771,6.415,0.836,NaN,0.186,-0.288,0.939,0.032,0,0,0.567,3.616,6.373,0.841,1.083785,0.9809867
175971,1.0000011320066e+18,63875741922901,0.033,1.441,-0.02,0.053,-0.031,-0.004,0.998,NaN,0.215,-0.286,0.934,0,0,0,64.325,NaN,0.243,-0.284,0.928,-0.032,0,0,0.588,3.773,6.415,0.837,NaN,0.186,-0.288,0.939,0.032,0,0,0.569,3.623,6.373,0.842,1.07622,0.9312294
175972,1.00000113201161e+18,63875741922901,0.033,1.441,-0.02,0.053,-0.031,-0.004,0.998,NaN,0.215,-0.287,0.934,0,0,0,64.325,NaN,0.243,-0.285,0.927,-0.032,0,0,0.59,3.787,6.415,0.837,NaN,0.186,-0.288,0.939,0.032,0,0,0.57,3.632,6.373,0.842,1.064401,0.8346172
175973,1.00000113201664e+18,63875741922912,0.033,1.441,-0.02,0.053,-0.031,-0.004,0.998,NaN,0.215,-0.287,0.933,0,0,0,64.325,NaN,0.244,-0.285,0.927,-0.032,0,0,0.597,3.831,6.415,0.837,NaN,0.187,-0.289,0.939,0.032,0,0,0.572,3.644,6.373,0.842,1.073458,0.6837947
175974,1.00000113202165e+18,63875741922912,0.033,1.441,-0.02,0.053,-0.031,-0.004,0.998,NaN,0.216,-0.286,0.934,0,0,0,64.325,NaN,0.244,-0.284,0.927,-0.032,0,0,0.601,3.858,6.415,0.837,NaN,0.187,-0.288,0.939,0.032,0,0,0.575,3.661,6.373,0.842,1.077733,0.4195845
175975,1.00000113202661e+18,63875741922912,0.033,1.441,-0.02,0.053,-0.031,-0.004,0.998,NaN,0.216,-0.281,0.935,0,0,0,64.325,NaN,0.244,-0.279,0.929,-0.032,0,0,0.604,3.877,6.415,0.836,NaN,0.188,-0.282,0.941,0.032,0,0,0.576,3.671,6.373,0.842,1.085667,0
175976,1.00000113203162e+18,63875741922923,0.033,1.441,-0.02,0.053,-0.031,-0.004,0.998,NaN,0.217,-0.265,0.94,0,0,0,64.325,NaN,0.245,-0.263,0.933,-0.032,0,0,0.608,3.899,6.415,0.836,NaN,0.189,-0.266,0.945,0.032,0,0,0.578,3.684,6.373,0.842,1.08767,0
175977,1.00000113203664e+18,63875741922923,0.033,1.441,-0.02,0.053,-0.031,-0.004,0.998,NaN,0.218,-0.24,0.946,0,0,0,64.325,NaN,0.246,-0.238,0.939,-0.032,0,0,0.613,3.93,6.415,0.834,NaN,0.189,-0.242,0.952,0.032,0,0,0.58,3.695,6.373,0.841,1.076902,0
175978,1.00000113204165e+18,63875741922934,0.033,1.44,-0.02,0.053,-0.03,-0.004,0.998,NaN,0.219,-0.208,0.953,0,0,0,64.325,NaN,0.248,-0.206,0.947,-0.032,0,0,0.615,3.947,6.415,0.832,NaN,0.189,-0.209,0.96,0.032,0,0,0.581,3.703,6.373,0.841,1.032135,0
175979,1.00000113204664e+18,63875741922934,0.033,1.44,-0.02,0.053,-0.03,-0.004,0.998,NaN,0.212,-0.189,0.959,0,0,0,64.325,NaN,0.249,-0.187,0.95,-0.032,0,0,0.624,4.003,6.415,0.83,NaN,0.185,-0.19,0.964,0.032,0,0,0.582,3.708,6.373,0.839,0.9624596,0
175980,1.00000113205165e+18,63875741922945,0.033,1.44,-0.02,0.053,-0.03,-0.004,0.998,NaN,0.21,-0.153,0.966,0,0,0,64.325,NaN,0.249,-0.151,0.957,-0.032,0,0,0.622,3.991,6.415,0.828,NaN,0.182,-0.154,0.971,0.032,0,0,0.582,3.712,6.373,0.837,0.9077469,0
175981,1.00000113205667e+18,63875741922946,0.033,1.44,-0.02,0.053,-0.03,-0.004,0.998,NaN,0.208,-0.121,0.971,0,0,0,64.325,NaN,0.25,-0.12,0.961,-0.032,0,0,0.61,3.916,6.415,0.827,NaN,0.176,-0.122,0.977,0.032,0,0,0.582,3.706,6.373,0.834,0.8197898,0
175982,1.00000113206169e+18,63875741922957,0.033,1.44,-0.02,0.053,-0.03,-0.004,0.998,NaN,0.194,-0.118,0.974,0,0,0,64.325,NaN,0.244,-0.117,0.963,-0.032,0,0,0.618,3.965,6.415,0.824,NaN,0.168,-0.119,0.979,0.032,0,0,0.575,3.662,6.373,0.834,0.8103645,0
175983,1.0000011320667e+18,63875741922957,0.033,1.44,-0.02,0.053,-0.03,-0.004,0.998,NaN,0.181,-0.111,0.977,0,0,0,64.325,NaN,0.246,-0.109,0.963,-0.032,0,0,0.619,3.97,6.415,0.821,NaN,0.16,-0.111,0.981,0.032,0,0,0.571,3.637,6.373,0.832,0.7177984,0
175984,1.00000113207173e+18,63875741922968,0.033,1.44,-0.02,0.053,-0.03,-0.004,0.998,NaN,0.184,-0.057,0.981,0,0,0,64.325,NaN,0.246,-0.057,0.968,-0.032,0,0,0.619,3.97,6.415,0.819,NaN,0.163,-0.058,0.985,0.032,0,0,0.571,3.638,6.373,0.829,0.7388402,0
175985,1.00000113207674e+18,63875741922968,0.033,1.44,-0.02,0.053,-0.03,-0.004,0.998,NaN,0.185,-0.035,0.982,0,0,0,64.325,NaN,0.247,-0.035,0.968,-0.032,0,0,0.618,3.963,6.415,0.818,NaN,0.164,-0.035,0.986,0.032,0,0,0.571,3.638,6.373,0.825,0.7381508,0
175986,1.00000113208175e+18,63875741922968,0.033,1.44,-0.02,0.053,-0.03,-0.004,0.998,NaN,0.193,-0.005,0.981,0,0,0,64.325,NaN,0.248,-0.005,0.969,-0.032,0,0,0.616,3.954,6.415,0.818,NaN,0.171,-0.005,0.985,0.032,0,0,0.571,3.642,6.373,0.826,0.8004368,0
175987,1.00000113208676e+18,63875741922979,0.033,1.44,-0.02,0.053,-0.029,-0.004,0.998,NaN,0.196,0.06,0.979,0,0,0,64.325,NaN,0.249,0.059,0.967,-0.032,0,0,0.612,3.923,6.415,0.819,NaN,0.18,0.06,0.982,0.032,0,0,0.584,3.719,6.373,0.828,0.888969,0
175988,1.00000113209179e+18,63875741922979,0.033,1.44,-0.02,0.053,-0.029,-0.004,0.998,NaN,0.205,0.093,0.974,0,0,0,64.325,NaN,0.251,0.092,0.964,-0.032,0,0,0.604,3.873,6.415,0.82,NaN,0.197,0.093,0.976,0.032,0,0,0.587,3.738,6.373,0.828,1.127305,0
175989,1.0000011320968e+18,63875741922989,0.033,1.44,-0.02,0.053,-0.029,-0.004,0.998,NaN,0.219,0.112,0.969,0,0,0,64.325,NaN,0.255,0.111,0.96,-0.032,0,0,0.598,3.835,6.415,0.824,NaN,0.214,0.112,0.97,0.032,0,0,0.587,3.741,6.373,0.83,2,0
175990,1.00000113210182e+18,63875741922990,0.033,1.44,-0.02,0.053,-0.029,-0.004,0.998,NaN,0.235,0.129,0.964,0,0,0,64.325,NaN,0.26,0.128,0.957,-0.032,0,0,0.598,3.836,6.415,0.829,NaN,0.233,0.129,0.964,0.032,0,0,0.588,3.749,6.373,0.834,2,0
175991,1.00000113210687e+18,63875741923000,0.033,1.44,-0.02,0.054,-0.029,-0.004,0.998,NaN,0.248,0.14,0.959,0,0,0,64.325,NaN,0.264,0.139,0.954,-0.032,0,0,0.598,3.836,6.415,0.837,NaN,0.25,0.14,0.958,0.032,0,0,0.593,3.778,6.373,0.839,2,0
175992,1.00000113211188e+18,63875741923001,0.033,1.44,-0.02,0.054,-0.029,-0.004,0.998,NaN,0.257,0.142,0.956,0,0,0,64.325,NaN,0.268,0.141,0.953,-0.032,0,0,0.598,3.835,6.415,0.848,NaN,0.256,0.142,0.956,0.032,0,0,0.593,3.777,6.373,0.846,2,0
175993,1.0000011321169e+18,63875741923012,0.033,1.44,-0.019,0.054,-0.028,-0.003,0.998,NaN,0.263,0.142,0.954,0,0,0,64.325,NaN,0.272,0.142,0.952,-0.032,0,0,0.598,3.835,6.415,0.859,NaN,0.26,0.142,0.955,0.032,0,0,0.592,3.774,6.373,0.853,2,0
175994,1.00000113212191e+18,63875741923012,0.033,1.44,-0.019,0.054,-0.028,-0.003,0.998,NaN,0.267,0.143,0.953,0,0,0,64.325,NaN,0.274,0.143,0.951,-0.032,0,0,0.599,3.84,6.415,0.871,NaN,0.263,0.144,0.954,0.032,0,0,0.592,3.772,6.373,0.86,2,0
175995,1.00000113212688e+18,63875741923012,0.033,1.44,-0.019,0.054,-0.028,-0.003,0.998,NaN,0.269,0.143,0.952,0,0,0,64.325,NaN,0.276,0.143,0.951,-0.032,0,0,0.6,3.848,6.415,0.882,NaN,0.265,0.143,0.954,0.032,0,0,0.591,3.768,6.373,0.868,2,0
175996,1.00000113213188e+18,63875741923023,0.033,1.44,-0.02,0.054,-0.028,-0.003,0.998,NaN,0.27,0.137,0.953,0,0,0,64.325,NaN,0.276,0.137,0.951,-0.032,0,0,0.603,3.869,6.415,0.892,NaN,0.266,0.137,0.954,0.032,0,0,0.591,3.764,6.373,0.875,2,0
175997,1.00000113213689e+18,63875741923034,0.033,1.44,-0.019,0.054,-0.028,-0.003,0.998,NaN,0.271,0.134,0.953,0,0,0,64.325,NaN,0.276,0.134,0.952,-0.032,0,0,0.606,3.891,6.415,0.902,NaN,0.267,0.134,0.954,0.032,0,0,0.59,3.761,6.373,0.882,2,0
175998,1.0000011321419e+18,63875741923034,0.033,1.44,-0.019,0.054,-0.028,-0.003,0.998,NaN,0.271,0.13,0.954,0,0,0,64.325,NaN,0.275,0.13,0.953,-0.032,0,0,0.61,3.911,6.415,0.911,NaN,0.268,0.13,0.955,0.032,0,0,0.59,3.76,6.373,0.889,2,0
175999,1.0000011321469e+18,63875741923045,0.033,1.44,-0.02,0.055,-0.027,-0.003,0.998,NaN,0.271,0.133,0.953,0,0,0,64.325,NaN,0.275,0.133,0.952,-0.032,0,0,0.611,3.921,6.415,0.919,NaN,0.268,0.133,0.954,0.032,0,0,0.59,3.758,6.373,0.895,2,0
176000,1.0000011321519e+18,63875741923045,0.033,1.44,-0.02,0.055,-0.027,-0.003,0.998,NaN,0.272,0.135,0.953,0,0,0,64.325,NaN,0.275,0.135,0.952,-0.032,0,0,0.612,3.927,6.415,0.926,NaN,0.269,0.135,0.954,0.032,0,0,0.59,3.757,6.373,0.9,2,0
176001,1.0000011321569e+18,63875741923045,0.033,1.44,-0.02,0.055,-0.027,-0.003,0.998,NaN,0.261,0.148,0.954,0,0,0,64.325,NaN,0.275,0.147,0.95,-0.032,0,0,0.612,3.927,6.415,0.933,NaN,0.258,0.148,0.955,0.032,0,0,0.59,3.761,6.373,0.905,2,0
176002,1.00000113216196e+18,63875741923057,0.033,1.44,-0.019,0.055,-0.027,-0.003,0.998,NaN,0.252,0.157,0.955,0,0,0,64.325,NaN,0.274,0.156,0.949,-0.032,0,0,0.611,3.921,6.415,0.939,NaN,0.238,0.157,0.958,0.032,0,0,0.593,3.778,6.373,0.91,2,0
176003,1.00000113216696e+18,63875741923057,0.033,1.44,-0.019,0.055,-0.027,-0.003,0.998,NaN,0.235,0.163,0.958,0,0,0,64.325,NaN,0.274,0.162,0.948,-0.032,0,0,0.61,3.916,6.415,0.944,NaN,0.21,0.164,0.964,0.032,0,0,0.596,3.799,6.373,0.914,0.9522097,0
176004,1.000001132172e+18,63875741923057,0.033,1.44,-0.019,0.055,-0.027,-0.003,0.998,NaN,0.217,0.167,0.962,0,0,0,64.325,NaN,0.273,0.165,0.948,-0.032,0,0,0.61,3.912,6.415,0.949,NaN,0.184,0.169,0.968,0.032,0,0,0.6,3.822,6.373,0.917,0.6807544,0
176005,1.00000113217701e+18,63875741923068,0.033,1.44,-0.02,0.055,-0.027,-0.003,0.998,NaN,0.202,0.17,0.965,0,0,0,64.325,NaN,0.273,0.167,0.947,-0.032,0,0,0.609,3.907,6.415,0.953,NaN,0.164,0.171,0.972,0.032,0,0,0.603,3.844,6.373,0.92,0.5591296,0
176006,1.00000113218202e+18,63875741923068,0.033,1.44,-0.02,0.055,-0.027,-0.003,0.998,NaN,0.19,0.171,0.967,0,0,0,64.325,NaN,0.272,0.168,0.947,-0.032,0,0,0.608,3.903,6.415,0.957,NaN,0.149,0.172,0.974,0.032,0,0,0.604,3.852,6.373,0.917,0.4952122,0
176007,1.00000113218701e+18,63875741923078,0.033,1.44,-0.02,0.056,-0.027,-0.003,0.998,NaN,0.18,0.172,0.968,0,0,0,64.325,NaN,0.272,0.168,0.947,-0.032,0,0,0.608,3.901,6.415,0.952,NaN,0.139,0.173,0.975,0.032,0,0,0.605,3.855,6.373,0.915,0.4608316,0
176008,1.00000113219202e+18,63875741923078,0.033,1.44,-0.02,0.056,-0.027,-0.003,0.998,NaN,0.174,0.172,0.97,0,0,0,64.325,NaN,0.272,0.168,0.948,-0.032,0,0,0.608,3.9,6.415,0.948,NaN,0.133,0.173,0.976,0.032,0,0,0.605,3.857,6.373,0.914,0.4402907,0
176009,1.00000113219703e+18,63875741923090,0.033,1.44,-0.019,0.056,-0.027,-0.003,0.998,NaN,0.169,0.172,0.97,0,0,0,64.325,NaN,0.272,0.168,0.948,-0.032,0,0,0.608,3.899,6.415,0.942,NaN,0.128,0.173,0.977,0.032,0,0,0.605,3.858,6.373,0.913,0.4275191,0
176010,1.00000113220204e+18,63875741923090,0.033,1.44,-0.019,0.056,-0.027,-0.003,0.998,NaN,0.166,0.172,0.971,0,0,0,64.325,NaN,0.271,0.168,0.948,-0.032,0,0,0.608,3.899,6.415,0.933,NaN,0.125,0.173,0.977,0.032,0,0,0.606,3.859,6.373,0.912,0.4196292,0
176011,1.00000113220705e+18,63875741923101,0.033,1.439,-0.019,0.056,-0.026,-0.003,0.998,NaN,0.164,0.172,0.971,0,0,0,64.325,NaN,0.271,0.168,0.948,-0.032,0,0,0.608,3.899,6.415,0.926,NaN,0.123,0.173,0.977,0.032,0,0,0.606,3.859,6.373,0.911,0.4139834,0
176012,1.00000113221206e+18,63875741923101,0.033,1.439,-0.019,0.056,-0.026,-0.003,0.998,NaN,0.162,0.171,0.972,0,0,0,64.325,NaN,0.271,0.167,0.948,-0.032,0,0,0.608,3.898,6.415,0.918,NaN,0.121,0.172,0.978,0.032,0,0,0.606,3.86,6.373,0.909,0.4109271,0
176013,1.00000113221707e+18,63875741923112,0.033,1.439,-0.019,0.057,-0.026,-0.003,0.998,NaN,0.161,0.171,0.972,0,0,0,64.325,NaN,0.271,0.167,0.948,-0.032,0,0,0.608,3.897,6.415,0.913,NaN,0.12,0.172,0.978,0.032,0,0,0.606,3.86,6.373,0.908,0.408817,0
176014,1.00000113222208e+18,63875741923112,0.033,1.439,-0.019,0.057,-0.026,-0.003,0.998,NaN,0.16,0.171,0.972,0,0,0,64.325,NaN,0.271,0.167,0.948,-0.032,0,0,0.607,3.897,6.415,0.906,NaN,0.12,0.172,0.978,0.032,0,0,0.606,3.86,6.373,0.907,0.407689,0
176015,1.00000113222709e+18,63875741923123,0.033,1.439,-0.019,0.057,-0.026,-0.003,0.998,NaN,0.16,0.171,0.972,0,0,0,64.325,NaN,0.27,0.167,0.948,-0.032,0,0,0.607,3.897,6.415,0.902,NaN,0.12,0.172,0.978,0.032,0,0,0.606,3.86,6.373,0.906,0.4077505,0
176016,1.0000011322321e+18,63875741923123,0.033,1.439,-0.019,0.057,-0.026,-0.003,0.998,NaN,0.16,0.171,0.972,0,0,0,64.325,NaN,0.27,0.166,0.948,-0.032,0,0,0.607,3.896,6.415,0.899,NaN,0.119,0.172,0.978,0.032,0,0,0.606,3.86,6.373,0.905,0.4077989,0
176017,1.00000113223716e+18,63875741923123,0.033,1.439,-0.019,0.057,-0.026,-0.003,0.998,NaN,0.16,0.171,0.972,0,0,0,64.325,NaN,0.27,0.166,0.948,-0.032,0,0,0.607,3.896,6.415,0.896,NaN,0.119,0.171,0.978,0.032,0,0,0.606,3.861,6.373,0.905,0.4085521,0
176018,1.00000113224217e+18,63875741923133,0.033,1.439,-0.019,0.057,-0.026,-0.004,0.998,NaN,0.159,0.17,0.972,0,0,0,64.325,NaN,0.269,0.166,0.949,-0.032,0,0,0.607,3.896,6.415,0.894,NaN,0.119,0.171,0.978,0.032,0,0,0.606,3.861,6.373,0.904,0.4093001,0
176019,1.00000113224717e+18,63875741923133,0.033,1.439,-0.019,0.057,-0.026,-0.004,0.998,NaN,0.159,0.17,0.972,0,0,0,64.325,NaN,0.269,0.166,0.949,-0.032,0,0,0.607,3.895,6.415,0.891,NaN,0.119,0.171,0.978,0.032,0,0,0.606,3.861,6.373,0.904,0.4103483,0
176020,1.00000113225218e+18,63875741923145,0.033,1.439,-0.019,0.057,-0.026,-0.004,0.998,NaN,0.159,0.17,0.972,0,0,0,64.325,NaN,0.269,0.166,0.949,-0.032,0,0,0.607,3.895,6.415,0.889,NaN,0.119,0.171,0.978,0.032,0,0,0.606,3.861,6.373,0.903,0.4109418,1
176021,1.00000113225719e+18,63875741923145,0.033,1.439,-0.019,0.057,-0.026,-0.004,0.998,NaN,0.159,0.17,0.972,0,0,0,64.325,NaN,0.268,0.166,0.949,-0.032,0,0,0.607,3.895,6.415,0.889,NaN,0.119,0.171,0.978,0.032,0,0,0.606,3.861,6.373,0.903,0.4119501,1
176022,1.00000113226218e+18,63875741923156,0.033,1.439,-0.019,0.058,-0.026,-0.004,0.998,NaN,0.159,0.17,0.972,0,0,0,64.325,NaN,0.267,0.166,0.949,-0.032,0,0,0.607,3.895,6.415,0.888,NaN,0.118,0.171,0.978,0.032,0,0,0.606,3.86,6.373,0.903,0.4131118,1
176023,1.00000113226719e+18,63875741923156,0.033,1.439,-0.019,0.058,-0.026,-0.004,0.998,NaN,0.159,0.17,0.972,0,0,0,64.325,NaN,0.267,0.166,0.949,-0.032,0,0,0.607,3.895,6.415,0.887,NaN,0.118,0.171,0.978,0.032,0,0,0.606,3.86,6.373,0.903,0.4147634,1
176024,1.00000113227226e+18,63875741923168,0.033,1.439,-0.019,0.058,-0.025,-0.004,0.998,NaN,0.159,0.17,0.973,0,0,0,64.325,NaN,0.266,0.166,0.949,-0.032,0,0,0.607,3.894,6.415,0.887,NaN,0.118,0.171,0.978,0.032,0,0,0.606,3.859,6.373,0.902,0.4157198,1
176025,1.00000113227727e+18,63875741923168,0.033,1.439,-0.019,0.058,-0.025,-0.004,0.998,NaN,0.159,0.17,0.973,0,0,0,64.325,NaN,0.266,0.166,0.95,-0.032,0,0,0.607,3.893,6.415,0.887,NaN,0.118,0.171,0.978,0.032,0,0,0.605,3.858,6.373,0.902,0.4171026,1
176026,1.00000113228228e+18,63875741923168,0.033,1.439,-0.019,0.058,-0.025,-0.004,0.998,NaN,0.159,0.17,0.973,0,0,0,64.325,NaN,0.265,0.166,0.95,-0.032,0,0,0.607,3.893,6.415,0.886,NaN,0.118,0.171,0.978,0.032,0,0,0.605,3.858,6.373,0.902,0.417955,1
176027,1.00000113228727e+18,63875741923178,0.033,1.439,-0.019,0.058,-0.025,-0.004,0.998,NaN,0.159,0.17,0.973,0,0,0,64.325,NaN,0.265,0.166,0.95,-0.032,0,0,0.607,3.892,6.415,0.886,NaN,0.118,0.171,0.978,0.032,0,0,0.605,3.857,6.373,0.902,0.4191591,1
176028,1.00000113229228e+18,63875741923178,0.033,1.439,-0.019,0.058,-0.025,-0.004,0.998,NaN,0.159,0.17,0.973,0,0,0,64.325,NaN,0.264,0.166,0.95,-0.032,0,0,0.606,3.89,6.415,0.885,NaN,0.118,0.171,0.978,0.032,0,0,0.605,3.855,6.373,0.902,0.4205902,1
176029,1.00000113229729e+18,63875741923189,0.033,1.439,-0.019,0.058,-0.025,-0.005,0.998,NaN,0.159,0.169,0.973,0,0,0,64.325,NaN,0.264,0.166,0.95,-0.032,0,0,0.606,3.89,6.415,0.885,NaN,0.117,0.17,0.978,0.032,0,0,0.605,3.854,6.373,0.902,0.4215816,1
176030,1.00000113230233e+18,63875741923189,0.033,1.439,-0.019,0.058,-0.025,-0.005,0.998,NaN,0.159,0.169,0.973,0,0,0,64.325,NaN,0.263,0.165,0.95,-0.032,0,0,0.606,3.889,6.415,0.885,NaN,0.117,0.17,0.978,0.032,0,0,0.604,3.851,6.373,0.902,0.4225383,1
176031,1.00000113230734e+18,63875741923200,0.033,1.439,-0.019,0.058,-0.025,-0.005,0.998,NaN,0.159,0.169,0.973,0,0,0,64.325,NaN,0.263,0.165,0.951,-0.032,0,0,0.606,3.887,6.415,0.884,NaN,0.117,0.17,0.978,0.032,0,0,0.604,3.848,6.373,0.902,0.4231185,1
176032,1.00000113231233e+18,63875741923200,0.033,1.439,-0.019,0.058,-0.025,-0.005,0.998,NaN,0.159,0.169,0.973,0,0,0,64.325,NaN,0.262,0.165,0.951,-0.032,0,0,0.606,3.885,6.415,0.885,NaN,0.117,0.17,0.978,0.032,0,0,0.603,3.844,6.373,0.902,0.4238958,1
176033,1.00000113231734e+18,63875741923212,0.033,1.439,-0.019,0.058,-0.025,-0.005,0.998,NaN,0.159,0.169,0.973,0,0,0,64.325,NaN,0.262,0.165,0.951,-0.032,0,0,0.605,3.882,6.415,0.885,NaN,0.116,0.17,0.979,0.032,0,0,0.603,3.84,6.373,0.902,0.4245436,1
176034,1.00000113232238e+18,63875741923212,0.033,1.439,-0.019,0.058,-0.025,-0.005,0.998,NaN,0.16,0.169,0.972,0,0,0,64.325,NaN,0.262,0.165,0.951,-0.032,0,0,0.604,3.877,6.415,0.884,NaN,0.117,0.17,0.978,0.032,0,0,0.601,3.833,6.373,0.902,0.4256261,0.9113232
176035,1.00000113232737e+18,63875741923223,0.033,1.439,-0.019,0.059,-0.025,-0.005,0.998,NaN,0.172,0.168,0.971,0,0,0,64.325,NaN,0.263,0.165,0.951,-0.032,0,0,0.603,3.869,6.415,0.883,NaN,0.137,0.169,0.976,0.032,0,0,0.598,3.814,6.373,0.902,0.4908811,0
176036,1.00000113233237e+18,63875741923223,0.033,1.439,-0.019,0.059,-0.025,-0.005,0.998,NaN,0.178,0.174,0.969,0,0,0,64.325,NaN,0.256,0.17,0.952,-0.032,0,0,0.603,3.869,6.415,0.882,NaN,0.138,0.175,0.975,0.032,0,0,0.598,3.812,6.373,0.904,0.5243963,0
176037,1.00000113233737e+18,63875741923223,0.033,1.439,-0.019,0.059,-0.025,-0.005,0.998,NaN,0.182,0.172,0.968,0,0,0,64.325,NaN,0.247,0.169,0.954,-0.032,0,0,0.598,3.837,6.415,0.881,NaN,0.151,0.172,0.973,0.032,0,0,0.598,3.81,6.373,0.908,0.6406451,0
176038,1.00000113234237e+18,63875741923234,0.033,1.439,-0.019,0.059,-0.025,-0.005,0.998,NaN,0.177,0.171,0.969,0,0,0,64.325,NaN,0.219,0.17,0.961,-0.032,0,0,0.601,3.856,6.415,0.879,NaN,0.149,0.172,0.974,0.032,0,0,0.595,3.794,6.373,0.918,0.8748423,0
176039,1.00000113234741e+18,63875741923234,0.033,1.439,-0.019,0.059,-0.025,-0.005,0.998,NaN,0.172,0.171,0.97,0,0,0,64.325,NaN,0.177,0.17,0.969,-0.032,0,0,0.603,3.869,6.415,0.874,NaN,0.143,0.171,0.975,0.032,0,0,0.589,3.753,6.373,0.929,2,0
176040,1.00000113235242e+18,63875741923245,0.033,1.439,-0.019,0.059,-0.024,-0.005,0.998,NaN,0.142,0.17,0.975,0,0,0,64.325,NaN,0.124,0.17,0.978,-0.032,0,0,0.609,3.904,6.415,0.877,NaN,0.129,0.17,0.977,0.032,0,0,0.582,3.711,6.373,0.938,2,0
176041,1.00000113235743e+18,63875741923245,0.033,1.439,-0.019,0.059,-0.024,-0.005,0.998,NaN,0.109,0.17,0.979,0,0,0,64.325,NaN,0.082,0.17,0.982,-0.032,0,0,0.603,3.87,6.415,0.88,NaN,0.109,0.17,0.979,0.032,0,0,0.578,3.684,6.373,0.945,2,0
176042,1.00000113236243e+18,63875741923256,0.033,1.439,-0.019,0.059,-0.024,-0.005,0.998,NaN,0.065,0.169,0.983,0,0,0,64.325,NaN,0.038,0.17,0.985,-0.032,0,0,0.595,3.816,6.415,0.886,NaN,0.073,0.169,0.983,0.032,0,0,0.578,3.682,6.373,0.945,2,0
176043,1.00000113236743e+18,63875741923256,0.033,1.439,-0.019,0.059,-0.024,-0.005,0.998,NaN,0.023,0.169,0.985,0,0,0,64.325,NaN,0.001,0.169,0.986,-0.032,0,0,0.592,3.797,6.415,0.892,NaN,0.033,0.169,0.985,0.032,0,0,0.577,3.677,6.373,0.945,2,0
176044,1.00000113237244e+18,63875741923268,0.033,1.439,-0.019,0.058,-0.024,-0.005,0.998,NaN,-0.011,0.168,0.986,0,0,0,64.325,NaN,-0.027,0.168,0.985,-0.032,0,0,0.592,3.798,6.415,0.9,NaN,-0.002,0.168,0.986,0.032,0,0,0.577,3.675,6.373,0.944,2,0
176045,1.00000113237745e+18,63875741923268,0.033,1.439,-0.019,0.058,-0.024,-0.005,0.998,NaN,-0.035,0.167,0.985,0,0,0,64.325,NaN,-0.046,0.167,0.985,-0.032,0,0,0.592,3.798,6.415,0.907,NaN,-0.028,0.167,0.986,0.032,0,0,0.577,3.675,6.373,0.944,2,0
176046,1.00000113238246e+18,63875741923268,0.033,1.439,-0.019,0.058,-0.024,-0.005,0.998,NaN,-0.05,0.166,0.985,0,0,0,64.325,NaN,-0.058,0.166,0.984,-0.032,0,0,0.591,3.791,6.415,0.915,NaN,-0.045,0.166,0.985,0.032,0,0,0.577,3.675,6.373,0.943,2,0
176047,1.00000113238746e+18,63875741923279,0.033,1.439,-0.019,0.058,-0.024,-0.005,0.998,NaN,-0.06,0.166,0.984,0,0,0,64.325,NaN,-0.065,0.166,0.984,-0.032,0,0,0.59,3.787,6.415,0.921,NaN,-0.056,0.166,0.985,0.032,0,0,0.576,3.674,6.373,0.943,2,0
176048,1.00000113239252e+18,63875741923279,0.033,1.439,-0.019,0.058,-0.024,-0.005,0.998,NaN,-0.066,0.166,0.984,0,0,0,64.325,NaN,-0.069,0.166,0.984,-0.032,0,0,0.59,3.783,6.415,0.927,NaN,-0.063,0.166,0.984,0.032,0,0,0.576,3.672,6.373,0.943,2,0
176049,1.00000113239752e+18,63875741923290,0.033,1.439,-0.019,0.058,-0.024,-0.005,0.998,NaN,-0.069,0.166,0.984,0,0,0,64.325,NaN,-0.071,0.166,0.984,-0.032,0,0,0.588,3.775,6.415,0.931,NaN,-0.068,0.166,0.984,0.032,0,0,0.576,3.668,6.373,0.943,2,0
176050,1.00000113240253e+18,63875741923290,0.033,1.439,-0.019,0.058,-0.024,-0.005,0.998,NaN,-0.071,0.166,0.984,0,0,0,64.325,NaN,-0.073,0.166,0.983,-0.032,0,0,0.587,3.769,6.415,0.935,NaN,-0.07,0.166,0.984,0.032,0,0,0.575,3.663,6.373,0.943,2,0
176051,1.00000113240753e+18,63875741923301,0.033,1.439,-0.019,0.058,-0.024,-0.005,0.998,NaN,-0.072,0.166,0.983,0,0,0,64.325,NaN,-0.073,0.166,0.983,-0.032,0,0,0.583,3.738,6.415,0.939,NaN,-0.071,0.166,0.984,0.032,0,0,0.573,3.655,6.373,0.942,2,0
176052,1.00000113241255e+18,63875741923301,0.033,1.439,-0.019,0.058,-0.024,-0.005,0.998,NaN,-0.072,0.166,0.983,0,0,0,64.325,NaN,-0.073,0.166,0.983,-0.032,0,0,0.58,3.723,6.415,0.941,NaN,-0.072,0.166,0.983,0.032,0,0,0.572,3.646,6.373,0.942,2,0
176053,1.00000113241755e+18,63875741923312,0.033,1.439,-0.019,0.058,-0.024,-0.005,0.998,NaN,-0.072,0.166,0.983,0,0,0,64.325,NaN,-0.073,0.166,0.983,-0.032,0,0,0.579,3.714,6.415,0.943,NaN,-0.072,0.166,0.983,0.032,0,0,0.57,3.635,6.373,0.942,2,0
176054,1.00000113242259e+18,63875741923312,0.033,1.439,-0.019,0.058,-0.024,-0.005,0.998,NaN,-0.072,0.166,0.983,0,0,0,64.325,NaN,-0.072,0.166,0.983,-0.032,0,0,0.578,3.71,6.415,0.945,NaN,-0.072,0.166,0.983,0.032,0,0,0.569,3.627,6.373,0.942,2,0
176055,1.00000113242757e+18,63875741923323,0.033,1.439,-0.019,0.058,-0.024,-0.005,0.998,NaN,-0.072,0.166,0.984,0,0,0,64.325,NaN,-0.072,0.166,0.984,-0.032,0,0,0.578,3.705,6.415,0.947,NaN,-0.072,0.166,0.984,0.032,0,0,0.568,3.619,6.373,0.942,2,0
176056,1.00000113243256e+18,63875741923323,0.033,1.439,-0.019,0.058,-0.024,-0.005,0.998,NaN,-0.072,0.166,0.984,0,0,0,64.325,NaN,-0.072,0.166,0.984,-0.032,0,0,0.577,3.703,6.415,0.949,NaN,-0.072,0.166,0.984,0.032,0,0,0.566,3.608,6.373,0.941,2,0
176057,1.0000011324376e+18,63875741923323,0.033,1.439,-0.019,0.058,-0.024,-0.005,0.998,NaN,-0.071,0.165,0.984,0,0,0,64.325,NaN,-0.071,0.165,0.984,-0.032,0,0,0.577,3.702,6.415,0.951,NaN,-0.071,0.165,0.984,0.032,0,0,0.564,3.595,6.373,0.941,2,0
176058,1.0000011324426e+18,63875741923334,0.033,1.439,-0.019,0.058,-0.024,-0.005,0.998,NaN,-0.071,0.165,0.984,0,0,0,64.325,NaN,-0.071,0.165,0.984,-0.032,0,0,0.576,3.696,6.415,0.952,NaN,-0.071,0.165,0.984,0.032,0,0,0.562,3.584,6.373,0.941,2,0
176059,1.00000113244764e+18,63875741923334,0.033,1.439,-0.019,0.058,-0.024,-0.005,0.998,NaN,-0.071,0.165,0.984,0,0,0,64.325,NaN,-0.071,0.165,0.984,-0.032,0,0,0.572,3.671,6.415,0.953,NaN,-0.071,0.165,0.984,0.032,0,0,0.561,3.575,6.373,0.941,2,0
176060,1.00000113245263e+18,63875741923345,0.033,1.439,-0.019,0.058,-0.025,-0.005,0.998,NaN,-0.071,0.164,0.984,0,0,0,64.325,NaN,-0.07,0.164,0.984,-0.032,0,0,0.569,3.648,6.415,0.955,NaN,-0.071,0.164,0.984,0.032,0,0,0.56,3.567,6.373,0.94,2,0
176061,1.00000113245766e+18,63875741923345,0.033,1.439,-0.019,0.058,-0.025,-0.005,0.998,NaN,-0.07,0.164,0.984,0,0,0,64.325,NaN,-0.07,0.164,0.984,-0.032,0,0,0.566,3.632,6.415,0.956,NaN,-0.07,0.164,0.984,0.032,0,0,0.558,3.558,6.373,0.94,2,0.233542
176062,1.00000113246265e+18,63875741923356,0.033,1.439,-0.019,0.058,-0.025,-0.005,0.998,NaN,-0.07,0.164,0.984,0,0,0,64.325,NaN,-0.07,0.164,0.984,-0.032,0,0,0.565,3.625,6.415,0.956,NaN,-0.07,0.164,0.984,0.032,0,0,0.557,3.549,6.373,0.94,2,0.5816601
176063,1.00000113246768e+18,63875741923356,0.033,1.439,-0.019,0.058,-0.025,-0.005,0.998,NaN,-0.07,0.163,0.984,0,0,0,64.325,NaN,-0.07,0.163,0.984,-0.032,0,0,0.564,3.62,6.415,0.957,NaN,-0.07,0.163,0.984,0.032,0,0,0.556,3.541,6.373,0.939,2,0.7930101
176064,1.00000113247273e+18,63875741923367,0.033,1.439,-0.019,0.058,-0.025,-0.005,0.998,NaN,-0.07,0.163,0.984,0,0,0,64.325,NaN,-0.07,0.163,0.984,-0.032,0,0,0.562,3.608,6.415,0.957,NaN,-0.07,0.163,0.984,0.032,0,0,0.554,3.533,6.373,0.939,2,0.8994234
176065,1.00000113247772e+18,63875741923368,0.033,1.439,-0.019,0.058,-0.025,-0.005,0.998,NaN,-0.07,0.162,0.984,0,0,0,64.325,NaN,-0.07,0.162,0.984,-0.032,0,0,0.562,3.608,6.415,0.958,NaN,-0.07,0.162,0.984,0.032,0,0,0.553,3.525,6.373,0.938,2,0.9436065
176066,1.00000113248271e+18,63875741923368,0.033,1.439,-0.019,0.058,-0.025,-0.005,0.998,NaN,-0.069,0.162,0.984,0,0,0,64.325,NaN,-0.069,0.162,0.984,-0.032,0,0,0.562,3.605,6.415,0.958,NaN,-0.069,0.162,0.984,0.032,0,0,0.552,3.518,6.373,0.938,2,0.9843374
176067,1.00000113248773e+18,63875741923378,0.033,1.439,-0.019,0.058,-0.025,-0.005,0.998,NaN,-0.069,0.162,0.984,0,0,0,64.325,NaN,-0.069,0.162,0.984,-0.032,0,0,0.561,3.6,6.415,0.959,NaN,-0.069,0.162,0.984,0.032,0,0,0.55,3.508,6.373,0.938,2,1
176068,1.00000113249275e+18,63875741923378,0.033,1.439,-0.019,0.058,-0.025,-0.005,0.998,NaN,-0.069,0.162,0.984,0,0,0,64.325,NaN,-0.069,0.162,0.984,-0.032,0,0,0.561,3.596,6.415,0.96,NaN,-0.069,0.162,0.984,0.032,0,0,0.549,3.499,6.373,0.937,2,1
176069,1.00000113249776e+18,63875741923389,0.033,1.439,-0.019,0.058,-0.025,-0.005,0.998,NaN,-0.069,0.162,0.984,0,0,0,64.325,NaN,-0.069,0.162,0.984,-0.032,0,0,0.557,3.575,6.415,0.96,NaN,-0.069,0.162,0.984,0.032,0,0,0.548,3.489,6.373,0.937,2,1
176070,1.00000113250282e+18,63875741923389,0.033,1.439,-0.019,0.058,-0.025,-0.005,0.998,NaN,-0.069,0.162,0.984,0,0,0,64.325,NaN,-0.069,0.162,0.984,-0.032,0,0,0.556,3.564,6.415,0.96,NaN,-0.069,0.162,0.984,0.032,0,0,0.546,3.482,6.373,0.936,2,1
176071,1.00000113250782e+18,63875741923401,0.033,1.438,-0.019,0.058,-0.025,-0.005,0.998,NaN,-0.069,0.162,0.984,0,0,0,64.325,NaN,-0.069,0.162,0.984,-0.032,0,0,0.554,3.553,6.415,0.96,NaN,-0.069,0.162,0.984,0.032,0,0,0.545,3.476,6.373,0.936,2,1
176072,1.00000113251287e+18,63875741923401,0.033,1.438,-0.019,0.058,-0.025,-0.005,0.998,NaN,-0.068,0.161,0.985,0,0,0,64.325,NaN,-0.068,0.161,0.985,-0.032,0,0,0.552,3.539,6.415,0.961,NaN,-0.069,0.161,0.985,0.032,0,0,0.544,3.466,6.373,0.936,2,1
176073,1.00000113251787e+18,63875741923412,0.033,1.438,-0.019,0.058,-0.025,-0.005,0.998,NaN,-0.068,0.161,0.985,0,0,0,64.325,NaN,-0.068,0.161,0.985,-0.032,0,0,0.55,3.529,6.415,0.961,NaN,-0.068,0.161,0.985,0.032,0,0,0.542,3.456,6.373,0.935,2,1
176074,1.00000113252287e+18,63875741923412,0.033,1.438,-0.019,0.058,-0.025,-0.005,0.998,NaN,-0.068,0.161,0.985,0,0,0,64.325,NaN,-0.068,0.161,0.985,-0.032,0,0,0.548,3.518,6.415,0.962,NaN,-0.068,0.161,0.985,0.032,0,0,0.541,3.449,6.373,0.935,2,1
176075,1.00000113252787e+18,63875741923423,0.033,1.438,-0.019,0.058,-0.025,-0.005,0.998,NaN,-0.068,0.161,0.985,0,0,0,64.325,NaN,-0.068,0.161,0.985,-0.032,0,0,0.546,3.505,6.415,0.962,NaN,-0.068,0.161,0.985,0.032,0,0,0.54,3.44,6.373,0.935,2,1
176076,1.00000113253285e+18,63875741923423,0.033,1.438,-0.019,0.058,-0.025,-0.005,0.998,NaN,-0.068,0.161,0.985,0,0,0,64.325,NaN,-0.068,0.161,0.985,-0.032,0,0,0.545,3.499,6.415,0.962,NaN,-0.068,0.161,0.985,0.032,0,0,0.539,3.434,6.373,0.934,2,1
176077,1.00000113253785e+18,63875741923423,0.033,1.438,-0.019,0.058,-0.025,-0.005,0.998,NaN,-0.068,0.161,0.985,0,0,0,64.325,NaN,-0.068,0.161,0.985,-0.032,0,0,0.545,3.499,6.415,0.963,NaN,-0.068,0.161,0.985,0.032,0,0,0.538,3.428,6.373,0.933,2,1
176078,1.00000113254286e+18,63875741923434,0.033,1.438,-0.019,0.058,-0.025,-0.005,0.998,NaN,-0.068,0.161,0.985,0,0,0,64.325,NaN,-0.068,0.161,0.985,-0.032,0,0,0.545,3.498,6.415,0.963,NaN,-0.068,0.161,0.985,0.032,0,0,0.536,3.419,6.373,0.933,2,1
176079,1.00000113254788e+18,63875741923434,0.033,1.438,-0.019,0.058,-0.025,-0.005,0.998,NaN,-0.068,0.161,0.985,0,0,0,64.325,NaN,-0.068,0.161,0.985,-0.032,0,0,0.544,3.491,6.415,0.964,NaN,-0.068,0.161,0.985,0.032,0,0,0.535,3.409,6.373,0.933,2,1
176080,1.00000113255289e+18,63875741923445,0.033,1.438,-0.019,0.058,-0.025,-0.005,0.998,NaN,-0.068,0.161,0.985,0,0,0,64.325,NaN,-0.068,0.161,0.985,-0.032,0,0,0.543,3.485,6.415,0.965,NaN,-0.068,0.161,0.985,0.032,0,0,0.534,3.401,6.373,0.932,2,1
176081,1.00000113255792e+18,63875741923445,0.033,1.438,-0.019,0.058,-0.025,-0.005,0.998,NaN,-0.068,0.161,0.985,0,0,0,64.325,NaN,-0.068,0.161,0.985,-0.032,0,0,0.54,3.464,6.415,0.966,NaN,-0.068,0.161,0.985,0.032,0,0,0.533,3.394,6.373,0.931,2,1
176082,1.00000113256293e+18,63875741923456,0.033,1.438,-0.019,0.058,-0.025,-0.005,0.998,NaN,-0.068,0.161,0.985,0,0,0,64.325,NaN,-0.068,0.161,0.985,-0.032,0,0,0.539,3.456,6.415,0.967,NaN,-0.068,0.161,0.985,0.032,0,0,0.532,3.389,6.373,0.931,2,1
176083,1.00000113256794e+18,63875741923456,0.033,1.438,-0.019,0.058,-0.025,-0.005,0.998,NaN,-0.068,0.161,0.985,0,0,0,64.325,NaN,-0.067,0.161,0.985,-0.032,0,0,0.538,3.454,6.415,0.967,NaN,-0.068,0.161,0.985,0.032,0,0,0.531,3.382,6.373,0.93,2,1
176084,1.00000113257295e+18,63875741923468,0.033,1.438,-0.019,0.058,-0.025,-0.005,0.998,NaN,-0.068,0.161,0.985,0,0,0,64.325,NaN,-0.067,0.161,0.985,-0.032,0,0,0.538,3.449,6.415,0.968,NaN,-0.068,0.161,0.985,0.032,0,0,0.53,3.375,6.373,0.929,2,1
176085,1.00000113257796e+18,63875741923468,0.033,1.438,-0.019,0.058,-0.025,-0.005,0.998,NaN,-0.068,0.161,0.985,0,0,0,64.325,NaN,-0.067,0.161,0.985,-0.032,0,0,0.538,3.448,6.415,0.969,NaN,-0.068,0.161,0.985,0.032,0,0,0.528,3.368,6.373,0.929,2,1
176086,1.00000113258297e+18,63875741923468,0.033,1.438,-0.019,0.058,-0.025,-0.005,0.998,NaN,-0.068,0.161,0.985,0,0,0,64.325,NaN,-0.067,0.161,0.985,-0.032,0,0,0.537,3.447,6.415,0.969,NaN,-0.068,0.161,0.985,0.032,0,0,0.527,3.361,6.373,0.929,2,1
176087,1.00000113258798e+18,63875741923478,0.033,1.438,-0.019,0.058,-0.025,-0.005,0.998,NaN,-0.068,0.161,0.985,0,0,0,64.325,NaN,-0.067,0.161,0.985,-0.032,0,0,0.537,3.445,6.415,0.971,NaN,-0.068,0.161,0.985,0.032,0,0,0.526,3.353,6.373,0.928,2,1
176088,1.00000113259298e+18,63875741923490,0.033,1.438,-0.02,0.057,-0.025,-0.005,0.998,NaN,-0.067,0.161,0.985,0,0,0,64.325,NaN,-0.067,0.161,0.985,-0.032,0,0,0.536,3.442,6.415,0.971,NaN,-0.068,0.161,0.985,0.032,0,0,0.525,3.345,6.373,0.928,2,1
176089,1.00000113259799e+18,63875741923490,0.033,1.438,-0.02,0.057,-0.025,-0.005,0.998,NaN,-0.067,0.161,0.985,0,0,0,64.325,NaN,-0.067,0.161,0.985,-0.032,0,0,0.536,3.436,6.415,0.972,NaN,-0.068,0.161,0.985,0.032,0,0,0.524,3.338,6.373,0.927,2,1
176090,1.000001132603e+18,63875741923490,0.033,1.438,-0.02,0.057,-0.025,-0.005,0.998,NaN,-0.067,0.161,0.985,0,0,0,64.325,NaN,-0.067,0.161,0.985,-0.032,0,0,0.535,3.429,6.415,0.972,NaN,-0.067,0.161,0.985,0.032,0,0,0.523,3.332,6.373,0.927,2,1
176091,1.00000113260802e+18,63875741923501,0.033,1.438,-0.02,0.057,-0.025,-0.005,0.998,NaN,-0.067,0.161,0.985,0,0,0,64.325,NaN,-0.067,0.161,0.985,-0.032,0,0,0.532,3.411,6.415,0.972,NaN,-0.067,0.161,0.985,0.032,0,0,0.522,3.327,6.373,0.926,2,1
176092,1.00000113261307e+18,63875741923501,0.033,1.438,-0.02,0.057,-0.025,-0.005,0.998,NaN,-0.067,0.161,0.985,0,0,0,64.325,NaN,-0.067,0.161,0.985,-0.032,0,0,0.53,3.399,6.415,0.972,NaN,-0.067,0.161,0.985,0.032,0,0,0.521,3.323,6.373,0.925,2,1
176093,1.00000113261808e+18,63875741923512,0.033,1.438,-0.02,0.057,-0.024,-0.005,0.998,NaN,-0.067,0.161,0.985,0,0,0,64.325,NaN,-0.067,0.161,0.985,-0.032,0,0,0.529,3.394,6.415,0.973,NaN,-0.067,0.161,0.985,0.032,0,0,0.521,3.318,6.373,0.924,2,1
176094,1.00000113262309e+18,63875741923512,0.033,1.438,-0.02,0.057,-0.024,-0.005,0.998,NaN,-0.067,0.161,0.985,0,0,0,64.325,NaN,-0.067,0.161,0.985,-0.032,0,0,0.528,3.388,6.415,0.973,NaN,-0.067,0.161,0.985,0.032,0,0,0.52,3.314,6.373,0.924,2,1
176095,1.0000011326281e+18,63875741923524,0.033,1.438,-0.02,0.057,-0.024,-0.005,0.998,NaN,-0.067,0.161,0.985,0,0,0,64.325,NaN,-0.067,0.161,0.985,-0.032,0,0,0.528,3.386,6.415,0.973,NaN,-0.067,0.161,0.985,0.032,0,0,0.519,3.309,6.373,0.923,2,1
176096,1.00000113263309e+18,63875741923524,0.033,1.438,-0.02,0.057,-0.024,-0.005,0.998,NaN,-0.067,0.161,0.985,0,0,0,64.325,NaN,-0.067,0.161,0.985,-0.032,0,0,0.527,3.379,6.415,0.973,NaN,-0.067,0.161,0.985,0.032,0,0,0.519,3.305,6.373,0.923,2,1
176097,1.0000011326381e+18,63875741923534,0.033,1.438,-0.02,0.057,-0.024,-0.004,0.998,NaN,-0.068,0.161,0.985,0,0,0,64.325,NaN,-0.067,0.161,0.985,-0.032,0,0,0.525,3.368,6.415,0.974,NaN,-0.068,0.161,0.985,0.032,0,0,0.518,3.3,6.373,0.922,2,1
176098,1.00000113264311e+18,63875741923534,0.033,1.438,-0.02,0.057,-0.024,-0.004,0.998,NaN,-0.068,0.161,0.985,0,0,0,64.325,NaN,-0.068,0.161,0.985,-0.032,0,0,0.523,3.354,6.415,0.974,NaN,-0.068,0.161,0.985,0.032,0,0,0.517,3.294,6.373,0.922,2,1
176099,1.00000113264812e+18,63875741923534,0.033,1.438,-0.02,0.057,-0.024,-0.004,0.998,NaN,-0.068,0.161,0.985,0,0,0,64.325,NaN,-0.068,0.161,0.985,-0.032,0,0,0.522,3.348,6.415,0.974,NaN,-0.068,0.161,0.985,0.032,0,0,0.516,3.289,6.373,0.922,2,1
176100,1.00000113265313e+18,63875741923544,0.033,1.438,-0.02,0.057,-0.023,-0.004,0.998,NaN,-0.068,0.161,0.985,0,0,0,64.325,NaN,-0.068,0.161,0.985,-0.032,0,0,0.521,3.344,6.415,0.974,NaN,-0.068,0.161,0.985,0.032,0,0,0.515,3.284,6.373,0.921,2,1
176101,1.00000113265815e+18,63875741923545,0.033,1.438,-0.02,0.057,-0.023,-0.004,0.998,NaN,-0.068,0.161,0.985,0,0,0,64.325,NaN,-0.068,0.161,0.985,-0.032,0,0,0.521,3.341,6.415,0.974,NaN,-0.068,0.161,0.985,0.032,0,0,0.515,3.28,6.373,0.921,2,1
176102,1.00000113266316e+18,63875741923556,0.033,1.438,-0.02,0.057,-0.023,-0.004,0.998,NaN,-0.068,0.162,0.985,0,0,0,64.325,NaN,-0.068,0.162,0.985,-0.032,0,0,0.52,3.339,6.415,0.975,NaN,-0.068,0.162,0.985,0.032,0,0,0.514,3.275,6.373,0.92,2,1
176103,1.0000011326682e+18,63875741923556,0.033,1.438,-0.02,0.057,-0.023,-0.004,0.998,NaN,-0.068,0.162,0.985,0,0,0,64.325,NaN,-0.068,0.162,0.985,-0.032,0,0,0.52,3.338,6.415,0.975,NaN,-0.068,0.162,0.985,0.032,0,0,0.513,3.272,6.373,0.92,2,1
176104,1.00000113267321e+18,63875741923567,0.033,1.438,-0.02,0.057,-0.022,-0.004,0.998,NaN,-0.068,0.162,0.984,0,0,0,64.325,NaN,-0.068,0.162,0.984,-0.032,0,0,0.52,3.338,6.415,0.975,NaN,-0.068,0.162,0.984,0.032,0,0,0.513,3.268,6.373,0.919,2,1
176105,1.00000113267822e+18,63875741923567,0.033,1.438,-0.02,0.057,-0.022,-0.004,0.998,NaN,-0.067,0.162,0.984,0,0,0,64.325,NaN,-0.067,0.162,0.984,-0.032,0,0,0.52,3.337,6.415,0.975,NaN,-0.067,0.162,0.984,0.032,0,0,0.512,3.264,6.373,0.919,2,1
176106,1.00000113268322e+18,63875741923578,0.033,1.438,-0.02,0.057,-0.022,-0.004,0.998,NaN,-0.067,0.162,0.984,0,0,0,64.325,NaN,-0.067,0.162,0.984,-0.032,0,0,0.519,3.33,6.415,0.976,NaN,-0.067,0.162,0.984,0.032,0,0,0.512,3.261,6.373,0.919,2,1
176107,1.00000113268828e+18,63875741923578,0.033,1.438,-0.02,0.057,-0.022,-0.004,0.998,NaN,-0.067,0.162,0.984,0,0,0,64.325,NaN,-0.067,0.162,0.984,-0.032,0,0,0.518,3.325,6.415,0.976,NaN,-0.067,0.162,0.984,0.032,0,0,0.511,3.256,6.373,0.919,2,1
176108,1.00000113269328e+18,63875741923578,0.033,1.438,-0.02,0.057,-0.022,-0.004,0.998,NaN,-0.067,0.162,0.984,0,0,0,64.325,NaN,-0.067,0.162,0.984,-0.032,0,0,0.516,3.313,6.415,0.976,NaN,-0.067,0.162,0.984,0.032,0,0,0.51,3.248,6.373,0.918,2,0.9703076
176109,1.0000011326983e+18,63875741923589,0.033,1.438,-0.02,0.057,-0.021,-0.004,0.998,NaN,-0.07,0.162,0.984,0,0,0,64.325,NaN,-0.067,0.162,0.985,-0.032,0,0,0.512,3.282,6.415,0.976,NaN,-0.07,0.162,0.984,0.032,0,0,0.506,3.226,6.373,0.917,2,0.1398612
176110,1.00000113270331e+18,63875741923589,0.033,1.438,-0.02,0.057,-0.021,-0.004,0.998,NaN,-0.08,0.16,0.984,0,0,0,64.325,NaN,-0.075,0.16,0.984,-0.032,0,0,0.51,3.27,6.415,0.975,NaN,-0.08,0.16,0.984,0.032,0,0,0.503,3.208,6.373,0.915,2,0
176111,1.00000113270832e+18,63875741923600,0.033,1.438,-0.02,0.057,-0.021,-0.004,0.998,NaN,-0.102,0.157,0.982,0,0,0,64.325,NaN,-0.096,0.157,0.983,-0.032,0,0,0.509,3.268,6.415,0.975,NaN,-0.102,0.157,0.982,0.032,0,0,0.5,3.187,6.373,0.912,2,0
176112,1.00000113271333e+18,63875741923600,0.033,1.438,-0.02,0.057,-0.021,-0.004,0.998,NaN,-0.137,0.152,0.979,0,0,0,64.325,NaN,-0.132,0.153,0.979,-0.032,0,0,0.516,3.311,6.415,0.975,NaN,-0.137,0.152,0.979,0.032,0,0,0.498,3.173,6.373,0.905,2,0
176113,1.00000113271832e+18,63875741923611,0.033,1.438,-0.02,0.057,-0.02,-0.004,0.998,NaN,-0.176,0.147,0.973,0,0,0,64.325,NaN,-0.172,0.147,0.974,-0.032,0,0,0.515,3.306,6.415,0.976,NaN,-0.176,0.147,0.973,0.032,0,0,0.497,3.169,6.373,0.891,2,0
176114,1.00000113272333e+18,63875741923611,0.033,1.438,-0.02,0.057,-0.02,-0.004,0.998,NaN,-0.219,0.141,0.965,0,0,0,64.325,NaN,-0.217,0.141,0.966,-0.032,0,0,0.507,3.253,6.415,0.976,NaN,-0.219,0.141,0.965,0.032,0,0,0.495,3.157,6.373,0.873,2,0
176115,1.00000113272836e+18,63875741923622,0.033,1.438,-0.02,0.057,-0.02,-0.004,0.998,NaN,-0.212,0.134,0.968,0,0,0,64.325,NaN,-0.186,0.134,0.973,-0.032,0,0,0.502,3.221,6.415,0.976,NaN,-0.256,0.132,0.958,0.032,0,0,0.494,3.147,6.373,0.871,0.8665636,0
176116,1.00000113273337e+18,63875741923622,0.033,1.438,-0.02,0.057,-0.02,-0.004,0.998,NaN,-0.251,0.13,0.959,0,0,0,64.325,NaN,-0.197,0.125,0.972,-0.032,0,0,0.473,3.037,6.415,0.975,NaN,-0.279,0.129,0.952,0.032,0,0,0.494,3.148,6.373,0.868,0.7316772,0
176117,1.00000113273837e+18,63875741923633,0.033,1.438,-0.02,0.057,-0.02,-0.003,0.998,NaN,-0.283,0.128,0.951,0,0,0,64.325,NaN,-0.21,0.117,0.971,-0.032,0,0,0.469,3.011,6.415,0.974,NaN,-0.299,0.128,0.946,0.032,0,0,0.496,3.16,6.373,0.867,0.661958,0
176118,1.00000113274339e+18,63875741923634,0.033,1.438,-0.02,0.057,-0.02,-0.003,0.998,NaN,-0.305,0.127,0.944,0,0,0,64.325,NaN,-0.222,0.111,0.969,-0.032,0,0,0.468,3.005,6.415,0.972,NaN,-0.314,0.126,0.941,0.032,0,0,0.498,3.172,6.373,0.866,0.6204501,0
176119,1.00000113274839e+18,63875741923634,0.033,1.438,-0.02,0.057,-0.02,-0.003,0.998,NaN,-0.319,0.126,0.939,0,0,0,64.325,NaN,-0.231,0.106,0.967,-0.032,0,0,0.468,3.004,6.415,0.97,NaN,-0.325,0.126,0.937,0.032,0,0,0.499,3.18,6.373,0.866,0.6007232,0
176120,1.00000113275341e+18,63875741923644,0.033,1.438,-0.02,0.057,-0.02,-0.003,0.998,NaN,-0.329,0.125,0.936,0,0,0,64.325,NaN,-0.238,0.103,0.966,-0.032,0,0,0.468,3,6.415,0.968,NaN,-0.331,0.125,0.935,0.032,0,0,0.5,3.188,6.373,0.865,0.590133,0
176121,1.00000113275842e+18,63875741923644,0.033,1.438,-0.02,0.057,-0.02,-0.003,0.998,NaN,-0.335,0.125,0.934,0,0,0,64.325,NaN,-0.243,0.1,0.965,-0.032,0,0,0.467,2.997,6.415,0.967,NaN,-0.336,0.125,0.933,0.032,0,0,0.501,3.191,6.373,0.866,0.5824803,0
176122,1.00000113276342e+18,63875741923656,0.033,1.438,-0.02,0.057,-0.019,-0.003,0.998,NaN,-0.338,0.125,0.933,0,0,0,64.325,NaN,-0.247,0.097,0.964,-0.032,0,0,0.467,2.993,6.415,0.965,NaN,-0.339,0.125,0.933,0.032,0,0,0.501,3.193,6.373,0.867,0.5784218,0
176123,1.00000113276842e+18,63875741923656,0.033,1.438,-0.02,0.057,-0.019,-0.003,0.998,NaN,-0.34,0.124,0.932,0,0,0,64.325,NaN,-0.249,0.096,0.964,-0.032,0,0,0.466,2.991,6.415,0.964,NaN,-0.341,0.124,0.932,0.032,0,0,0.501,3.194,6.373,0.867,0.5760788,0
176124,1.00000113277345e+18,63875741923667,0.033,1.438,-0.02,0.057,-0.019,-0.003,0.998,NaN,-0.341,0.124,0.932,0,0,0,64.325,NaN,-0.251,0.094,0.963,-0.032,0,0,0.466,2.989,6.415,0.963,NaN,-0.341,0.124,0.932,0.032,0,0,0.501,3.195,6.373,0.867,0.5759392,0
176125,1.00000113277845e+18,63875741923667,0.033,1.438,-0.02,0.057,-0.019,-0.003,0.998,NaN,-0.341,0.124,0.932,0,0,0,64.325,NaN,-0.252,0.093,0.963,-0.032,0,0,0.466,2.987,6.415,0.962,NaN,-0.342,0.124,0.932,0.032,0,0,0.501,3.195,6.373,0.868,0.5761179,0
176126,1.00000113278346e+18,63875741923680,0.033,1.438,-0.019,0.057,-0.019,-0.003,0.998,NaN,-0.342,0.124,0.932,0,0,0,64.325,NaN,-0.253,0.092,0.963,-0.032,0,0,0.465,2.985,6.415,0.962,NaN,-0.342,0.124,0.932,0.032,0,0,0.501,3.195,6.373,0.869,0.5767673,0
176127,1.00000113278847e+18,63875741923680,0.033,1.438,-0.019,0.057,-0.019,-0.003,0.998,NaN,-0.342,0.124,0.932,0,0,0,64.325,NaN,-0.254,0.092,0.963,-0.032,0,0,0.465,2.983,6.415,0.961,NaN,-0.342,0.124,0.932,0.032,0,0,0.501,3.195,6.373,0.869,0.5791587,0
176128,1.00000113279348e+18,63875741923690,0.032,1.438,-0.019,0.057,-0.019,-0.003,0.998,NaN,-0.342,0.124,0.932,0,0,0,64.325,NaN,-0.255,0.092,0.963,-0.032,0,0,0.465,2.98,6.415,0.961,NaN,-0.342,0.124,0.932,0.032,0,0,0.501,3.194,6.373,0.87,0.5816664,0
176129,1.00000113279851e+18,63875741923690,0.032,1.438,-0.019,0.057,-0.019,-0.003,0.998,NaN,-0.342,0.123,0.932,0,0,0,64.325,NaN,-0.255,0.091,0.963,-0.032,0,0,0.464,2.977,6.415,0.96,NaN,-0.342,0.123,0.932,0.032,0,0,0.501,3.194,6.373,0.87,0.5835169,0
176130,1.00000113280352e+18,63875741923690,0.032,1.438,-0.019,0.057,-0.019,-0.003,0.998,NaN,-0.341,0.123,0.932,0,0,0,64.325,NaN,-0.255,0.091,0.963,-0.032,0,0,0.464,2.975,6.415,0.96,NaN,-0.341,0.123,0.932,0.032,0,0,0.501,3.193,6.373,0.872,0.5854434,0
176131,1.00000113280854e+18,63875741923701,0.032,1.438,-0.019,0.057,-0.019,-0.003,0.998,NaN,-0.341,0.123,0.932,0,0,0,64.325,NaN,-0.256,0.091,0.963,-0.032,0,0,0.463,2.972,6.415,0.96,NaN,-0.341,0.123,0.932,0.032,0,0,0.501,3.192,6.373,0.873,0.5882849,0
176132,1.00000113281355e+18,63875741923701,0.032,1.438,-0.019,0.057,-0.019,-0.003,0.998,NaN,-0.341,0.123,0.932,0,0,0,64.325,NaN,-0.256,0.091,0.962,-0.032,0,0,0.463,2.971,6.415,0.96,NaN,-0.341,0.123,0.932,0.032,0,0,0.501,3.191,6.373,0.874,0.5909057,0
176133,1.00000113281856e+18,63875741923712,0.032,1.438,-0.019,0.057,-0.019,-0.003,0.998,NaN,-0.34,0.123,0.932,0,0,0,64.325,NaN,-0.256,0.09,0.962,-0.032,0,0,0.463,2.969,6.415,0.959,NaN,-0.341,0.123,0.932,0.032,0,0,0.501,3.19,6.373,0.875,0.5933748,0
176134,1.00000113282357e+18,63875741923712,0.032,1.438,-0.019,0.057,-0.019,-0.003,0.998,NaN,-0.34,0.123,0.932,0,0,0,64.325,NaN,-0.256,0.09,0.962,-0.032,0,0,0.463,2.967,6.415,0.959,NaN,-0.34,0.123,0.932,0.032,0,0,0.5,3.189,6.373,0.877,0.5946583,0
176135,1.00000113282858e+18,63875741923723,0.032,1.438,-0.019,0.057,-0.019,-0.003,0.998,NaN,-0.34,0.123,0.932,0,0,0,64.325,NaN,-0.256,0.09,0.962,-0.032,0,0,0.462,2.965,6.415,0.959,NaN,-0.34,0.123,0.932,0.032,0,0,0.5,3.188,6.373,0.878,0.5963193,0.6247253
176136,1.00000113283359e+18,63875741923723,0.032,1.438,-0.019,0.057,-0.019,-0.003,0.998,NaN,-0.34,0.123,0.932,0,0,0,64.325,NaN,-0.257,0.09,0.962,-0.032,0,0,0.462,2.964,6.415,0.959,NaN,-0.34,0.123,0.932,0.032,0,0,0.5,3.187,6.373,0.88,0.5975417,0.8601349
176137,1.0000011328386e+18,63875741923734,0.032,1.438,-0.019,0.057,-0.019,-0.003,0.998,NaN,-0.34,0.123,0.932,0,0,0,64.325,NaN,-0.257,0.09,0.962,-0.032,0,0,0.462,2.963,6.415,0.959,NaN,-0.34,0.123,0.932,0.032,0,0,0.5,3.186,6.373,0.881,0.5984684,0.9918994
176138,1.00000113284365e+18,63875741923734,0.032,1.438,-0.019,0.057,-0.019,-0.003,0.998,NaN,-0.34,0.123,0.932,0,0,0,64.325,NaN,-0.257,0.09,0.962,-0.032,0,0,0.462,2.962,6.415,0.959,NaN,-0.34,0.123,0.932,0.032,0,0,0.5,3.185,6.373,0.882,0.5990071,1
176139,1.00000113284866e+18,63875741923734,0.032,1.438,-0.019,0.057,-0.019,-0.003,0.998,NaN,-0.339,0.123,0.933,0,0,0,64.325,NaN,-0.257,0.09,0.962,-0.032,0,0,0.462,2.961,6.415,0.959,NaN,-0.339,0.123,0.933,0.032,0,0,0.5,3.184,6.373,0.883,0.5993187,1
176140,1.00000113285368e+18,63875741923745,0.032,1.438,-0.019,0.057,-0.02,-0.003,0.998,NaN,-0.339,0.123,0.933,0,0,0,64.325,NaN,-0.257,0.089,0.962,-0.032,0,0,0.461,2.959,6.415,0.959,NaN,-0.339,0.123,0.933,0.032,0,0,0.499,3.183,6.373,0.883,0.5993723,1
176141,1.00000113285869e+18,63875741923745,0.032,1.438,-0.019,0.057,-0.02,-0.003,0.998,NaN,-0.339,0.123,0.933,0,0,0,64.325,NaN,-0.257,0.089,0.962,-0.032,0,0,0.461,2.959,6.415,0.959,NaN,-0.339,0.123,0.933,0.032,0,0,0.499,3.182,6.373,0.884,0.5995067,1
176142,1.00000113286371e+18,63875741923756,0.032,1.438,-0.019,0.057,-0.02,-0.003,0.998,NaN,-0.339,0.124,0.933,0,0,0,64.325,NaN,-0.257,0.089,0.962,-0.032,0,0,0.461,2.958,6.415,0.959,NaN,-0.339,0.124,0.933,0.032,0,0,0.499,3.181,6.373,0.885,0.5997377,1
176143,1.00000113286873e+18,63875741923756,0.032,1.438,-0.019,0.057,-0.02,-0.003,0.998,NaN,-0.339,0.124,0.933,0,0,0,64.325,NaN,-0.258,0.089,0.962,-0.032,0,0,0.461,2.957,6.415,0.959,NaN,-0.339,0.124,0.933,0.032,0,0,0.499,3.18,6.373,0.886,0.6001179,1
176144,1.00000113287367e+18,63875741923767,0.032,1.438,-0.019,0.057,-0.02,-0.003,0.998,NaN,-0.339,0.124,0.933,0,0,0,64.325,NaN,-0.258,0.089,0.962,-0.032,0,0,0.461,2.957,6.415,0.959,NaN,-0.339,0.124,0.933,0.032,0,0,0.499,3.18,6.373,0.886,0.6003826,1
176145,1.00000113287868e+18,63875741923767,0.032,1.438,-0.019,0.057,-0.02,-0.003,0.998,NaN,-0.339,0.124,0.933,0,0,0,64.325,NaN,-0.258,0.089,0.962,-0.032,0,0,0.461,2.957,6.415,0.959,NaN,-0.339,0.124,0.933,0.032,0,0,0.499,3.179,6.373,0.887,0.600605,1
176146,1.00000113288371e+18,63875741923779,0.033,1.438,-0.019,0.057,-0.02,-0.003,0.998,NaN,-0.339,0.124,0.933,0,0,0,64.325,NaN,-0.258,0.089,0.962,-0.032,0,0,0.461,2.957,6.415,0.959,NaN,-0.339,0.124,0.933,0.032,0,0,0.499,3.178,6.373,0.888,0.6012896,1
176147,1.00000113288872e+18,63875741923779,0.033,1.438,-0.019,0.057,-0.02,-0.003,0.998,NaN,-0.339,0.123,0.933,0,0,0,64.325,NaN,-0.258,0.089,0.962,-0.032,0,0,0.461,2.956,6.415,0.959,NaN,-0.339,0.123,0.933,0.032,0,0,0.498,3.177,6.373,0.888,0.6017678,1
176148,1.00000113289375e+18,63875741923779,0.033,1.438,-0.019,0.057,-0.02,-0.003,0.998,NaN,-0.339,0.123,0.933,0,0,0,64.325,NaN,-0.258,0.089,0.962,-0.032,0,0,0.461,2.956,6.415,0.959,NaN,-0.339,0.123,0.933,0.032,0,0,0.498,3.176,6.373,0.888,0.6024161,1
176149,1.00000113289877e+18,63875741923790,0.033,1.438,-0.019,0.057,-0.02,-0.003,0.998,NaN,-0.339,0.123,0.933,0,0,0,64.325,NaN,-0.258,0.089,0.962,-0.032,0,0,0.461,2.956,6.415,0.96,NaN,-0.339,0.123,0.933,0.032,0,0,0.498,3.175,6.373,0.889,0.6028433,1
176150,1.00000113290378e+18,63875741923790,0.033,1.438,-0.019,0.057,-0.02,-0.003,0.998,NaN,-0.339,0.123,0.933,0,0,0,64.325,NaN,-0.258,0.089,0.962,-0.032,0,0,0.461,2.956,6.415,0.96,NaN,-0.339,0.123,0.933,0.032,0,0,0.498,3.174,6.373,0.889,0.6035534,1
176151,1.00000113290883e+18,63875741923801,0.033,1.438,-0.019,0.057,-0.02,-0.004,0.998,NaN,-0.339,0.123,0.933,0,0,0,64.325,NaN,-0.258,0.089,0.962,-0.032,0,0,0.461,2.956,6.415,0.96,NaN,-0.339,0.123,0.933,0.032,0,0,0.498,3.174,6.373,0.89,0.6042866,1
176152,1.00000113291384e+18,63875741923801,0.033,1.438,-0.019,0.057,-0.02,-0.004,0.998,NaN,-0.339,0.123,0.933,0,0,0,64.325,NaN,-0.258,0.089,0.962,-0.032,0,0,0.461,2.956,6.415,0.96,NaN,-0.339,0.123,0.933,0.032,0,0,0.498,3.173,6.373,0.89,0.6050317,1
176153,1.00000113291881e+18,63875741923812,0.033,1.438,-0.019,0.057,-0.02,-0.004,0.998,NaN,-0.339,0.123,0.933,0,0,0,64.325,NaN,-0.258,0.089,0.962,-0.032,0,0,0.461,2.956,6.415,0.96,NaN,-0.339,0.123,0.933,0.032,0,0,0.498,3.172,6.373,0.89,0.6055689,1
176154,1.00000113292385e+18,63875741923812,0.033,1.438,-0.019,0.057,-0.02,-0.004,0.998,NaN,-0.339,0.123,0.933,0,0,0,64.325,NaN,-0.258,0.089,0.962,-0.032,0,0,0.461,2.956,6.415,0.96,NaN,-0.339,0.123,0.933,0.032,0,0,0.498,3.172,6.373,0.891,0.6059775,1
176155,1.00000113292888e+18,63875741923823,0.033,1.438,-0.019,0.057,-0.021,-0.004,0.998,NaN,-0.342,0.12,0.932,0,0,0,64.325,NaN,-0.258,0.089,0.962,-0.032,0,0,0.461,2.956,6.415,0.96,NaN,-0.342,0.12,0.932,0.032,0,0,0.497,3.169,6.373,0.892,0.6070373,0.5803905
176156,1.00000113293387e+18,63875741923823,0.033,1.438,-0.019,0.057,-0.021,-0.004,0.998,NaN,-0.342,0.12,0.932,0,0,0,64.325,NaN,-0.258,0.089,0.962,-0.032,0,0,0.461,2.956,6.415,0.96,NaN,-0.342,0.12,0.932,0.032,0,0,0.497,3.167,6.373,0.892,0.6080277,0.002246634
176157,1.00000113293886e+18,63875741923834,0.033,1.438,-0.019,0.057,-0.021,-0.004,0.998,NaN,-0.344,0.116,0.932,0,0,0,64.325,NaN,-0.258,0.089,0.962,-0.032,0,0,0.461,2.956,6.415,0.96,NaN,-0.344,0.116,0.932,0.032,0,0,0.496,3.162,6.373,0.892,0.6085697,0
176158,1.00000113294385e+18,63875741923834,0.033,1.438,-0.019,0.057,-0.021,-0.004,0.998,NaN,-0.347,0.113,0.931,0,0,0,64.325,NaN,-0.258,0.089,0.962,-0.032,0,0,0.461,2.957,6.415,0.96,NaN,-0.347,0.113,0.931,0.032,0,0,0.495,3.156,6.373,0.892,0.6072155,0
176159,1.00000113294886e+18,63875741923834,0.033,1.438,-0.019,0.057,-0.021,-0.004,0.998,NaN,-0.349,0.109,0.931,0,0,0,64.325,NaN,-0.258,0.089,0.962,-0.032,0,0,0.461,2.958,6.415,0.96,NaN,-0.349,0.109,0.931,0.032,0,0,0.494,3.149,6.373,0.893,0.6043033,0
176160,1.00000113295387e+18,63875741923845,0.033,1.438,-0.019,0.057,-0.021,-0.004,0.998,NaN,-0.351,0.106,0.93,0,0,0,64.325,NaN,-0.258,0.089,0.962,-0.032,0,0,0.461,2.959,6.415,0.961,NaN,-0.351,0.106,0.93,0.032,0,0,0.494,3.146,6.373,0.893,0.5994568,0
176161,1.00000113295915e+18,63875741923845,0.033,1.438,-0.019,0.057,-0.021,-0.004,0.998,NaN,-0.353,0.103,0.93,0,0,0,64.325,NaN,-0.258,0.089,0.962,-0.032,0,0,0.461,2.96,6.415,0.961,NaN,-0.353,0.103,0.93,0.032,0,0,0.493,3.142,6.373,0.893,0.5942718,0
176162,1.00000113296416e+18,63875741923856,0.033,1.438,-0.019,0.057,-0.021,-0.004,0.998,NaN,-0.351,0.106,0.93,0,0,0,64.325,NaN,-0.258,0.089,0.962,-0.032,0,0,0.461,2.96,6.415,0.961,NaN,-0.351,0.106,0.93,0.032,0,0,0.493,3.142,6.373,0.894,0.6002819,0
176163,1.00000113296917e+18,63875741923856,0.033,1.438,-0.019,0.057,-0.021,-0.004,0.998,NaN,-0.353,0.103,0.93,0,0,0,64.325,NaN,-0.258,0.089,0.962,-0.032,0,0,0.462,2.962,6.415,0.961,NaN,-0.353,0.103,0.93,0.032,0,0,0.493,3.142,6.373,0.894,0.595997,0
176164,1.0000011329739e+18,63875741923868,0.033,1.438,-0.019,0.057,-0.021,-0.004,0.998,NaN,-0.354,0.101,0.93,0,0,0,64.325,NaN,-0.258,0.089,0.962,-0.032,0,0,0.462,2.965,6.415,0.961,NaN,-0.354,0.101,0.93,0.032,0,0,0.493,3.141,6.373,0.894,0.5915464,0
176165,1.00000113297891e+18,63875741923868,0.033,1.438,-0.019,0.057,-0.021,-0.004,0.998,NaN,-0.355,0.099,0.929,0,0,0,64.325,NaN,-0.258,0.089,0.962,-0.032,0,0,0.462,2.967,6.415,0.961,NaN,-0.355,0.099,0.929,0.032,0,0,0.493,3.141,6.373,0.894,0.5872199,0
176166,1.00000113298394e+18,63875741923879,0.033,1.438,-0.019,0.057,-0.021,-0.004,0.998,NaN,-0.356,0.098,0.929,0,0,0,64.325,NaN,-0.258,0.089,0.962,-0.032,0,0,0.463,2.968,6.415,0.961,NaN,-0.356,0.098,0.929,0.032,0,0,0.493,3.141,6.373,0.894,0.5836898,0
176167,1.00000113298896e+18,63875741923879,0.033,1.438,-0.019,0.057,-0.021,-0.004,0.998,NaN,-0.357,0.097,0.929,0,0,0,64.325,NaN,-0.258,0.089,0.962,-0.032,0,0,0.463,2.97,6.415,0.961,NaN,-0.357,0.097,0.929,0.032,0,0,0.493,3.141,6.373,0.893,0.5806236,0
176168,1.00000113299399e+18,63875741923890,0.033,1.438,-0.019,0.057,-0.021,-0.004,0.998,NaN,-0.358,0.096,0.929,0,0,0,64.325,NaN,-0.258,0.09,0.962,-0.032,0,0,0.463,2.972,6.415,0.962,NaN,-0.358,0.096,0.929,0.032,0,0,0.493,3.14,6.373,0.894,0.5778492,0
176169,1.000001132999e+18,63875741923890,0.033,1.438,-0.019,0.057,-0.021,-0.004,0.998,NaN,-0.358,0.095,0.929,0,0,0,64.325,NaN,-0.258,0.09,0.962,-0.032,0,0,0.464,2.976,6.415,0.962,NaN,-0.358,0.095,0.929,0.032,0,0,0.493,3.14,6.373,0.893,0.5759276,0
176170,1.00000113300399e+18,63875741923890,0.033,1.438,-0.019,0.057,-0.021,-0.004,0.998,NaN,-0.356,0.098,0.929,0,0,0,64.325,NaN,-0.258,0.09,0.962,-0.032,0,0,0.465,2.98,6.415,0.964,NaN,-0.356,0.098,0.929,0.032,0,0,0.493,3.141,6.373,0.894,0.586163,0
176171,1.000001133009e+18,63875741923901,0.033,1.438,-0.019,0.057,-0.021,-0.004,0.998,NaN,-0.356,0.097,0.929,0,0,0,64.325,NaN,-0.258,0.09,0.962,-0.032,0,0,0.465,2.985,6.415,0.967,NaN,-0.356,0.097,0.929,0.032,0,0,0.493,3.143,6.373,0.894,0.5841312,0
176172,1.00000113301401e+18,63875741923901,0.033,1.438,-0.019,0.057,-0.021,-0.004,0.998,NaN,-0.357,0.096,0.929,0,0,0,64.325,NaN,-0.258,0.09,0.962,-0.032,0,0,0.466,2.992,6.415,0.969,NaN,-0.357,0.096,0.929,0.032,0,0,0.493,3.145,6.373,0.893,0.5825842,0
176173,1.00000113301905e+18,63875741923912,0.033,1.438,-0.019,0.058,-0.02,-0.004,0.998,NaN,-0.357,0.095,0.929,0,0,0,64.325,NaN,-0.258,0.091,0.962,-0.032,0,0,0.467,2.995,6.415,0.972,NaN,-0.357,0.095,0.929,0.032,0,0,0.494,3.146,6.373,0.891,0.5810669,0
176174,1.00000113302406e+18,63875741923912,0.033,1.438,-0.019,0.058,-0.02,-0.004,0.998,NaN,-0.357,0.095,0.929,0,0,0,64.325,NaN,-0.258,0.091,0.962,-0.032,0,0,0.467,2.998,6.415,0.975,NaN,-0.357,0.095,0.929,0.032,0,0,0.494,3.147,6.373,0.891,0.5799015,0
176175,1.00000113302904e+18,63875741923923,0.033,1.438,-0.019,0.058,-0.02,-0.004,0.998,NaN,-0.356,0.097,0.93,0,0,0,64.325,NaN,-0.258,0.091,0.962,-0.032,0,0,0.468,3.002,6.415,0.977,NaN,-0.356,0.097,0.93,0.032,0,0,0.494,3.149,6.373,0.891,0.5872311,0
176176,1.00000113303407e+18,63875741923923,0.033,1.438,-0.019,0.058,-0.02,-0.004,0.998,NaN,-0.356,0.096,0.929,0,0,0,64.325,NaN,-0.258,0.091,0.962,-0.032,0,0,0.469,3.006,6.415,0.979,NaN,-0.356,0.096,0.929,0.032,0,0,0.494,3.151,6.373,0.89,0.5862846,0
176177,1.00000113303909e+18,63875741923934,0.033,1.438,-0.019,0.058,-0.02,-0.004,0.998,NaN,-0.356,0.096,0.929,0,0,0,64.325,NaN,-0.258,0.091,0.962,-0.032,0,0,0.469,3.008,6.415,0.981,NaN,-0.356,0.096,0.929,0.032,0,0,0.495,3.153,6.373,0.889,0.5854765,0
176178,1.0000011330441e+18,63875741923934,0.033,1.438,-0.019,0.058,-0.02,-0.004,0.998,NaN,-0.356,0.095,0.929,0,0,0,64.325,NaN,-0.258,0.091,0.962,-0.032,0,0,0.469,3.01,6.415,0.983,NaN,-0.356,0.095,0.929,0.032,0,0,0.495,3.156,6.373,0.889,0.5847646,0
176179,1.00000113304911e+18,63875741923934,0.033,1.438,-0.019,0.058,-0.02,-0.004,0.998,NaN,-0.357,0.095,0.929,0,0,0,64.325,NaN,-0.258,0.091,0.962,-0.032,0,0,0.47,3.013,6.415,0.984,NaN,-0.357,0.095,0.929,0.032,0,0,0.496,3.158,6.373,0.888,0.5841127,0
176180,1.00000113305412e+18,63875741923945,0.033,1.438,-0.019,0.058,-0.02,-0.004,0.998,NaN,-0.356,0.096,0.93,0,0,0,64.325,NaN,-0.258,0.091,0.962,-0.032,0,0,0.47,3.018,6.415,0.986,NaN,-0.356,0.096,0.93,0.032,0,0,0.496,3.162,6.373,0.886,0.5883213,0
176181,1.00000113305913e+18,63875741923945,0.033,1.438,-0.019,0.058,-0.02,-0.004,0.998,NaN,-0.356,0.096,0.93,0,0,0,64.325,NaN,-0.258,0.091,0.962,-0.032,0,0,0.471,3.021,6.415,0.987,NaN,-0.356,0.096,0.93,0.032,0,0,0.497,3.166,6.373,0.885,0.5880428,0
176182,1.00000113306416e+18,63875741923956,0.033,1.438,-0.019,0.058,-0.02,-0.004,0.998,NaN,-0.356,0.095,0.93,0,0,0,64.325,NaN,-0.258,0.091,0.962,-0.032,0,0,0.471,3.024,6.415,0.988,NaN,-0.356,0.095,0.93,0.032,0,0,0.497,3.17,6.373,0.885,0.5878653,0
176183,1.00000113306917e+18,63875741923956,0.033,1.438,-0.019,0.058,-0.02,-0.004,0.998,NaN,-0.356,0.095,0.93,0,0,0,64.325,NaN,-0.258,0.091,0.962,-0.032,0,0,0.472,3.025,6.415,0.989,NaN,-0.356,0.095,0.93,0.032,0,0,0.498,3.175,6.373,0.882,0.5875789,0
176184,1.00000113307418e+18,63875741923968,0.033,1.438,-0.019,0.058,-0.02,-0.004,0.998,NaN,-0.356,0.094,0.93,0,0,0,64.325,NaN,-0.258,0.091,0.962,-0.032,0,0,0.472,3.028,6.415,0.99,NaN,-0.356,0.094,0.93,0.032,0,0,0.499,3.179,6.373,0.88,0.5873966,0
176185,1.00000113307918e+18,63875741923968,0.033,1.438,-0.019,0.058,-0.02,-0.004,0.998,NaN,-0.355,0.096,0.93,0,0,0,64.325,NaN,-0.258,0.091,0.962,-0.032,0,0,0.473,3.035,6.415,0.99,NaN,-0.355,0.096,0.93,0.032,0,0,0.499,3.183,6.373,0.878,0.5928305,0
176186,1.00000113308419e+18,63875741923979,0.033,1.438,-0.019,0.058,-0.02,-0.004,0.998,NaN,-0.354,0.096,0.93,0,0,0,64.325,NaN,-0.258,0.092,0.962,-0.032,0,0,0.474,3.041,6.415,0.991,NaN,-0.354,0.096,0.93,0.032,0,0,0.501,3.19,6.373,0.875,0.6013054,0
176187,1.00000113308921e+18,63875741923979,0.033,1.438,-0.019,0.058,-0.02,-0.004,0.998,NaN,-0.352,0.097,0.931,0,0,0,64.325,NaN,-0.258,0.092,0.962,-0.032,0,0,0.475,3.05,6.415,0.991,NaN,-0.352,0.097,0.931,0.032,0,0,0.502,3.201,6.373,0.871,0.6106273,0
176188,1.00000113309425e+18,63875741923990,0.033,1.438,-0.019,0.058,-0.02,-0.004,0.998,NaN,-0.351,0.099,0.931,0,0,0,64.325,NaN,-0.258,0.093,0.962,-0.032,0,0,0.478,3.067,6.415,0.991,NaN,-0.351,0.099,0.931,0.032,0,0,0.505,3.216,6.373,0.866,0.6174227,0
176189,1.00000113309927e+18,63875741923990,0.033,1.438,-0.019,0.058,-0.02,-0.004,0.998,NaN,-0.35,0.101,0.931,0,0,0,64.325,NaN,-0.258,0.095,0.962,-0.032,0,0,0.487,3.127,6.415,0.99,NaN,-0.35,0.101,0.931,0.032,0,0,0.508,3.237,6.373,0.856,0.6237237,0
176190,1.00000113310428e+18,63875741923990,0.033,1.438,-0.019,0.058,-0.02,-0.004,0.998,NaN,-0.342,0.105,0.934,0,0,0,64.325,NaN,-0.251,0.1,0.963,-0.032,0,0,0.504,3.235,6.415,0.986,NaN,-0.343,0.105,0.934,0.032,0,0,0.516,3.286,6.373,0.843,0.6315888,0
176191,1.00000113310927e+18,63875741924001,0.033,1.438,-0.019,0.058,-0.02,-0.004,0.998,NaN,-0.325,0.11,0.939,0,0,0,64.325,NaN,-0.247,0.101,0.964,-0.032,0,0,0.504,3.236,6.415,0.983,NaN,-0.326,0.11,0.939,0.032,0,0,0.524,3.342,6.373,0.823,0.7274405,0
176192,1.00000113311425e+18,63875741924001,0.033,1.438,-0.019,0.058,-0.02,-0.004,0.998,NaN,-0.289,0.118,0.95,0,0,0,64.325,NaN,-0.231,0.099,0.968,-0.032,0,0,0.482,3.093,6.415,0.973,NaN,-0.29,0.118,0.95,0.032,0,0,0.528,3.363,6.373,0.793,0.901667,0
176193,1.00000113311926e+18,63875741924013,0.033,1.438,-0.019,0.058,-0.02,-0.004,0.998,NaN,-0.229,0.122,0.966,0,0,0,64.325,NaN,-0.204,0.097,0.974,-0.032,0,0,0.455,2.919,6.415,0.949,NaN,-0.23,0.122,0.966,0.032,0,0,0.513,3.272,6.373,0.758,2,0
176194,1.00000113312435e+18,63875741924013,0.033,1.438,-0.019,0.058,-0.02,-0.004,0.998,NaN,-0.173,0.116,0.978,0,0,0,64.325,NaN,-0.162,0.084,0.983,-0.032,0,0,0.438,2.812,6.415,0.911,NaN,-0.182,0.119,0.976,0.032,0,0,0.502,3.197,6.373,0.714,2,0
176195,1.00000113312933e+18,63875741924023,0.033,1.438,-0.019,0.058,-0.02,-0.004,0.998,NaN,-0.179,0.114,0.977,0,0,0,64.325,NaN,-0.17,0.083,0.982,-0.032,0,0,0.426,2.733,6.415,0.868,NaN,-0.137,0.116,0.984,0.032,0,0,0.463,2.952,6.373,0.648,2,0
176196,1.00000113313433e+18,63875741924024,0.033,1.438,-0.019,0.058,-0.02,-0.004,0.998,NaN,-0.179,0.11,0.978,0,0,0,64.325,NaN,-0.173,0.079,0.982,-0.032,0,0,0.424,2.723,6.415,0.827,NaN,NaN,NaN,NaN,NaN,NaN,0.601,2,0,NaN,NaN,NaN,NaN
176197,1.00000113313933e+18,63875741924100,0.033,1.438,-0.019,0.059,-0.02,-0.003,0.998,NaN,NaN,NaN,NaN,NaN,NaN,NaN,NaN,NaN,NaN,NaN,NaN,NaN,NaN,NaN,NaN,NaN,NaN,NaN,NaN,NaN,NaN,NaN,NaN,NaN,NaN,NaN,NaN,NaN,NaN,NaN,NaN
176198,1.00000113314433e+18,63875741924100,0.033,1.438,-0.019,0.059,-0.02,-0.003,0.998,NaN,NaN,NaN,NaN,NaN,NaN,NaN,NaN,NaN,NaN,NaN,NaN,NaN,NaN,NaN,NaN,NaN,NaN,NaN,NaN,NaN,NaN,NaN,NaN,NaN,NaN,NaN,NaN,NaN,NaN,NaN,NaN
176199,1.00000113314937e+18,63875741924100,0.033,1.438,-0.019,0.059,-0.02,-0.003,0.998,NaN,NaN,NaN,NaN,NaN,NaN,NaN,NaN,NaN,NaN,NaN,NaN,NaN,NaN,NaN,NaN,NaN,NaN,NaN,NaN,NaN,NaN,NaN,NaN,NaN,NaN,NaN,NaN,NaN,NaN,NaN,NaN
176200,1.00000113315437e+18,63875741924100,0.033,1.438,-0.019,0.059,-0.02,-0.003,0.998,NaN,NaN,NaN,NaN,NaN,NaN,NaN,NaN,NaN,NaN,NaN,NaN,NaN,NaN,NaN,NaN,NaN,NaN,NaN,NaN,NaN,NaN,NaN,NaN,NaN,NaN,NaN,NaN,NaN,NaN,NaN,NaN
176201,1.00000113315937e+18,63875741924100,0.033,1.438,-0.019,0.059,-0.02,-0.003,0.998,NaN,NaN,NaN,NaN,NaN,NaN,NaN,NaN,NaN,NaN,NaN,NaN,NaN,NaN,NaN,NaN,NaN,NaN,NaN,NaN,NaN,NaN,NaN,NaN,NaN,NaN,NaN,NaN,NaN,NaN,NaN,NaN
176202,1.00000113316437e+18,63875741924100,0.033,1.438,-0.019,0.059,-0.02,-0.003,0.998,NaN,NaN,NaN,NaN,NaN,NaN,NaN,NaN,NaN,NaN,NaN,NaN,NaN,NaN,NaN,NaN,NaN,NaN,NaN,NaN,NaN,NaN,NaN,NaN,NaN,NaN,NaN,NaN,NaN,NaN,NaN,NaN
176203,1.00000113316939e+18,63875741924100,0.033,1.438,-0.019,0.059,-0.02,-0.003,0.998,NaN,NaN,NaN,NaN,NaN,NaN,NaN,NaN,NaN,NaN,NaN,NaN,NaN,NaN,NaN,NaN,NaN,NaN,NaN,NaN,NaN,NaN,NaN,NaN,NaN,NaN,NaN,NaN,NaN,NaN,NaN,NaN
176204,1.00000113317441e+18,63875741924100,0.033,1.438,-0.019,0.059,-0.02,-0.003,0.998,NaN,NaN,NaN,NaN,NaN,NaN,NaN,NaN,NaN,NaN,NaN,NaN,NaN,NaN,NaN,NaN,NaN,NaN,NaN,NaN,NaN,NaN,NaN,NaN,NaN,NaN,NaN,NaN,NaN,NaN,NaN,NaN
176205,1.0000011331794e+18,63875741924100,0.033,1.438,-0.019,0.059,-0.02,-0.003,0.998,NaN,NaN,NaN,NaN,NaN,NaN,NaN,NaN,NaN,NaN,NaN,NaN,NaN,NaN,NaN,NaN,NaN,NaN,NaN,NaN,NaN,NaN,NaN,NaN,NaN,NaN,NaN,NaN,NaN,NaN,NaN,NaN
176206,1.0000011331844e+18,63875741924100,0.033,1.438,-0.019,0.059,-0.02,-0.003,0.998,NaN,NaN,NaN,NaN,NaN,NaN,NaN,NaN,NaN,NaN,NaN,NaN,NaN,NaN,NaN,NaN,NaN,NaN,NaN,NaN,NaN,NaN,NaN,NaN,NaN,NaN,NaN,NaN,NaN,NaN,NaN,NaN
176207,1.0000011331894e+18,63875741924100,0.033,1.438,-0.019,0.059,-0.02,-0.003,0.998,NaN,NaN,NaN,NaN,NaN,NaN,NaN,NaN,NaN,NaN,NaN,NaN,NaN,NaN,NaN,NaN,NaN,NaN,NaN,NaN,NaN,NaN,NaN,NaN,NaN,NaN,NaN,NaN,NaN,NaN,NaN,NaN
176208,1.00000113319447e+18,63875741924100,0.033,1.438,-0.019,0.059,-0.02,-0.003,0.998,NaN,NaN,NaN,NaN,NaN,NaN,NaN,NaN,NaN,NaN,NaN,NaN,NaN,NaN,NaN,NaN,NaN,NaN,NaN,NaN,NaN,NaN,NaN,NaN,NaN,NaN,NaN,NaN,NaN,NaN,NaN,NaN
176209,1.00000113319946e+18,63875741924100,0.033,1.438,-0.019,0.059,-0.02,-0.003,0.998,NaN,NaN,NaN,NaN,NaN,NaN,NaN,NaN,NaN,NaN,NaN,NaN,NaN,NaN,NaN,NaN,NaN,NaN,NaN,NaN,NaN,NaN,NaN,NaN,NaN,NaN,NaN,NaN,NaN,NaN,NaN,NaN
176210,1.00000113320453e+18,63875741924101,0.033,1.438,-0.019,0.059,-0.02,-0.003,0.998,NaN,NaN,NaN,NaN,NaN,NaN,NaN,NaN,NaN,NaN,NaN,NaN,NaN,NaN,NaN,NaN,NaN,NaN,NaN,NaN,NaN,NaN,NaN,NaN,NaN,NaN,NaN,NaN,NaN,NaN,NaN,NaN
176211,1.00000113320952e+18,63875741924101,0.033,1.438,-0.019,0.059,-0.02,-0.003,0.998,NaN,-0.195,-0.157,0.968,0,0,0,64.325,NaN,NaN,NaN,NaN,NaN,NaN,NaN,NaN,-0.494,-0.386,0.779,0.032,0,0,0.416,2.654,6.373,NaN,2,0,NaN,NaN,NaN,NaN
176212,1.00000113321452e+18,63875741924101,0.033,1.438,-0.019,0.059,-0.02,-0.003,0.998,NaN,-0.3,-0.316,0.9,0,0,0,64.325,NaN,NaN,NaN,NaN,NaN,NaN,NaN,NaN,-0.47,-0.401,0.787,0.032,0,0,0.436,2.78,6.373,NaN,2,0,NaN,NaN,NaN,NaN
176213,1.00000113321955e+18,63875741924112,0.033,1.438,-0.019,0.059,-0.021,-0.003,0.998,NaN,-0.262,-0.383,0.886,0,0,0,64.325,NaN,NaN,NaN,NaN,NaN,NaN,NaN,NaN,-0.131,-0.136,0.982,0.032,0,0,0.357,2.276,6.373,NaN,2,0,NaN,NaN,NaN,NaN
176214,1.00000113322455e+18,63875741924112,0.033,1.438,-0.019,0.059,-0.021,-0.003,0.998,NaN,-0.245,-0.415,0.876,0,0,0,64.325,NaN,NaN,NaN,NaN,NaN,NaN,NaN,NaN,-0.114,-0.312,0.943,0.032,0,0,0.356,2.27,6.373,NaN,2,0,NaN,NaN,NaN,NaN
176215,1.00000113322954e+18,63875741924123,0.033,1.438,-0.019,0.059,-0.021,-0.003,0.998,NaN,-0.228,-0.393,0.891,0,0,0,64.325,NaN,NaN,NaN,NaN,NaN,NaN,NaN,NaN,-0.124,-0.347,0.93,0.032,0,0,0.358,2.282,6.373,NaN,2,0,NaN,NaN,NaN,NaN
176216,1.00000113323454e+18,63875741924123,0.033,1.438,-0.019,0.059,-0.021,-0.003,0.998,NaN,-0.205,-0.318,0.926,0,0,0,64.325,NaN,NaN,NaN,NaN,NaN,NaN,NaN,NaN,-0.126,-0.286,0.95,0.032,0,0,0.459,2.926,6.373,NaN,2,0,NaN,NaN,NaN,NaN
176217,1.0000011332396e+18,63875741924134,0.033,1.438,-0.019,0.059,-0.021,-0.003,0.998,NaN,-0.183,-0.282,0.942,0,0,0,64.325,NaN,NaN,NaN,NaN,NaN,NaN,NaN,NaN,-0.128,-0.256,0.958,0.032,0,0,0.464,2.955,6.373,NaN,2,0,NaN,NaN,NaN,NaN
176218,1.0000011332446e+18,63875741924134,0.033,1.438,-0.019,0.059,-0.021,-0.003,0.998,NaN,-0.167,-0.266,0.949,0,0,0,64.325,NaN,NaN,NaN,NaN,NaN,NaN,NaN,NaN,-0.13,-0.247,0.96,0.032,0,0,0.462,2.946,6.373,NaN,2,0,NaN,NaN,NaN,NaN
176219,1.00000113324962e+18,63875741924145,0.033,1.438,-0.019,0.059,-0.021,-0.003,0.998,NaN,-0.156,-0.258,0.953,0,0,0,64.325,NaN,NaN,NaN,NaN,NaN,NaN,NaN,NaN,-0.131,-0.243,0.961,0.032,0,0,0.459,2.928,6.373,NaN,2,0,NaN,NaN,NaN,NaN
176220,1.00000113325463e+18,63875741924145,0.033,1.438,-0.019,0.059,-0.021,-0.003,0.998,NaN,-0.148,-0.253,0.956,0,0,0,64.325,NaN,NaN,NaN,NaN,NaN,NaN,NaN,NaN,-0.131,-0.24,0.962,0.032,0,0,0.456,2.908,6.373,NaN,2,0,NaN,NaN,NaN,NaN
176221,1.00000113325965e+18,63875741924145,0.033,1.438,-0.019,0.059,-0.021,-0.003,0.998,NaN,-0.138,-0.251,0.958,0,0,0,64.325,NaN,NaN,NaN,NaN,NaN,NaN,NaN,NaN,-0.128,-0.241,0.962,0.032,0,0,0.454,2.892,6.373,NaN,2,0,NaN,NaN,NaN,NaN
176222,1.00000113326467e+18,63875741924156,0.033,1.438,-0.019,0.059,-0.021,-0.003,0.998,NaN,-0.134,-0.248,0.96,0,0,0,64.325,NaN,NaN,NaN,NaN,NaN,NaN,NaN,NaN,-0.127,-0.239,0.963,0.032,0,0,0.452,2.879,6.373,NaN,2,0,NaN,NaN,NaN,NaN
176223,1.00000113326965e+18,63875741924156,0.033,1.438,-0.019,0.059,-0.021,-0.003,0.998,NaN,-0.13,-0.246,0.96,0,0,0,64.325,NaN,NaN,NaN,NaN,NaN,NaN,NaN,NaN,-0.126,-0.239,0.963,0.032,0,0,0.447,2.849,6.373,NaN,2,0,NaN,NaN,NaN,NaN
176224,1.00000113327466e+18,63875741924167,0.033,1.438,-0.02,0.059,-0.021,-0.003,0.998,NaN,-0.125,-0.244,0.962,0,0,0,64.325,NaN,NaN,NaN,NaN,NaN,NaN,NaN,NaN,-0.123,-0.238,0.964,0.032,0,0,0.446,2.844,6.373,NaN,2,0,NaN,NaN,NaN,NaN
176225,1.00000113327969e+18,63875741924167,0.033,1.438,-0.02,0.059,-0.021,-0.003,0.998,NaN,-0.121,-0.242,0.963,0,0,0,64.325,NaN,NaN,NaN,NaN,NaN,NaN,NaN,NaN,-0.12,-0.236,0.964,0.032,0,0,0.446,2.844,6.373,NaN,2,0,NaN,NaN,NaN,NaN
176226,1.0000011332847e+18,63875741924178,0.033,1.439,-0.02,0.059,-0.021,-0.003,0.998,NaN,-0.117,-0.241,0.964,0,0,0,64.325,NaN,NaN,NaN,NaN,NaN,NaN,NaN,NaN,-0.117,-0.234,0.965,0.032,0,0,0.447,2.85,6.373,NaN,2,0,NaN,NaN,NaN,NaN
176227,1.00000113328972e+18,63875741924178,0.033,1.439,-0.02,0.059,-0.021,-0.003,0.998,NaN,-0.105,-0.238,0.966,0,0,0,64.325,NaN,NaN,NaN,NaN,NaN,NaN,NaN,NaN,-0.106,-0.226,0.968,0.032,0,0,0.465,2.966,6.373,NaN,2,0,NaN,NaN,NaN,NaN
176228,1.00000113329474e+18,63875741924190,0.033,1.439,-0.02,0.059,-0.021,-0.003,0.998,NaN,-0.092,-0.235,0.968,0,0,0,64.325,NaN,NaN,NaN,NaN,NaN,NaN,NaN,NaN,-0.094,-0.221,0.971,0.032,0,0,0.477,3.037,6.373,NaN,2,0,NaN,NaN,NaN,NaN
176229,1.00000113329977e+18,63875741924190,0.033,1.439,-0.02,0.059,-0.021,-0.003,0.998,NaN,-0.083,-0.228,0.97,0,0,0,64.325,NaN,NaN,NaN,NaN,NaN,NaN,NaN,NaN,-0.085,-0.217,0.972,0.032,0,0,0.48,3.057,6.373,NaN,2,0,NaN,NaN,NaN,NaN
176230,1.00000113330479e+18,63875741924190,0.033,1.439,-0.02,0.059,-0.021,-0.003,0.998,NaN,-0.076,-0.219,0.973,0,0,0,64.325,NaN,NaN,NaN,NaN,NaN,NaN,NaN,NaN,-0.078,-0.215,0.973,0.032,0,0,0.483,3.077,6.373,NaN,2,0,NaN,NaN,NaN,NaN
176231,1.00000113330981e+18,63875741924200,0.033,1.439,-0.02,0.059,-0.021,-0.003,0.998,NaN,-0.071,-0.209,0.975,0,0,0,64.325,NaN,NaN,NaN,NaN,NaN,NaN,NaN,NaN,-0.073,-0.212,0.975,0.032,0,0,0.485,3.093,6.373,NaN,2,0,NaN,NaN,NaN,NaN
176232,1.00000113331478e+18,63875741924200,0.033,1.439,-0.02,0.059,-0.021,-0.003,0.998,NaN,-0.065,-0.196,0.979,0,0,0,64.325,NaN,NaN,NaN,NaN,NaN,NaN,NaN,NaN,-0.066,-0.204,0.977,0.032,0,0,0.495,3.152,6.373,NaN,2,0,NaN,NaN,NaN,NaN
176233,1.0000011333198e+18,63875741924212,0.033,1.439,-0.02,0.059,-0.021,-0.003,0.998,NaN,-0.057,-0.179,0.982,0,0,0,64.325,NaN,NaN,NaN,NaN,NaN,NaN,NaN,NaN,-0.058,-0.191,0.98,0.032,0,0,0.506,3.226,6.373,NaN,2,0,NaN,NaN,NaN,NaN
176234,1.00000113332482e+18,63875741924212,0.033,1.439,-0.02,0.059,-0.021,-0.003,0.998,NaN,-0.051,-0.162,0.985,0,0,0,64.325,NaN,NaN,NaN,NaN,NaN,NaN,NaN,NaN,-0.052,-0.175,0.983,0.032,0,0,0.51,3.253,6.373,NaN,2,0,NaN,NaN,NaN,NaN
176235,1.00000113332984e+18,63875741924223,0.033,1.439,-0.02,0.059,-0.021,-0.003,0.998,NaN,-0.046,-0.149,0.988,0,0,0,64.325,NaN,NaN,NaN,NaN,NaN,NaN,NaN,NaN,-0.047,-0.16,0.986,0.032,0,0,0.512,3.266,6.373,NaN,2,0,NaN,NaN,NaN,NaN
176236,1.00000113333487e+18,63875741924223,0.033,1.439,-0.02,0.059,-0.021,-0.003,0.998,NaN,-0.043,-0.139,0.989,0,0,0,64.325,NaN,NaN,NaN,NaN,NaN,NaN,NaN,NaN,-0.044,-0.148,0.988,0.032,0,0,0.514,3.273,6.373,NaN,2,0,NaN,NaN,NaN,NaN
176237,1.00000113333989e+18,63875741924235,0.033,1.439,-0.02,0.059,-0.021,-0.003,0.998,NaN,-0.041,-0.131,0.99,0,0,0,64.325,NaN,NaN,NaN,NaN,NaN,NaN,NaN,NaN,-0.042,-0.139,0.989,0.032,0,0,0.515,3.279,6.373,NaN,2,0,NaN,NaN,NaN,NaN
176238,1.00000113334491e+18,63875741924235,0.033,1.439,-0.02,0.059,-0.021,-0.003,0.998,NaN,-0.039,-0.119,0.992,0,0,0,64.325,NaN,NaN,NaN,NaN,NaN,NaN,NaN,NaN,-0.04,-0.125,0.991,0.032,0,0,0.519,3.306,6.373,NaN,2,0,NaN,NaN,NaN,NaN
176239,1.00000113334993e+18,63875741924245,0.033,1.439,-0.02,0.059,-0.021,-0.003,0.998,NaN,-0.036,-0.103,0.994,0,0,0,64.325,NaN,NaN,NaN,NaN,NaN,NaN,NaN,NaN,-0.036,-0.108,0.994,0.032,0,0,0.528,3.363,6.373,NaN,2,0,NaN,NaN,NaN,NaN
176240,1.00000113335495e+18,63875741924245,0.033,1.439,-0.02,0.059,-0.021,-0.003,0.998,NaN,-0.033,-0.084,0.996,0,0,0,64.325,NaN,NaN,NaN,NaN,NaN,NaN,NaN,NaN,-0.033,-0.087,0.996,0.032,0,0,0.537,3.421,6.373,NaN,2,0,NaN,NaN,NaN,NaN
176241,1.00000113335997e+18,63875741924245,0.033,1.439,-0.02,0.059,-0.021,-0.003,0.998,NaN,0,-0.088,0.996,0,0,0,64.325,NaN,0.104,-0.095,0.99,-0.032,0,0,0.464,2.975,6.415,0.687,NaN,-0.031,-0.09,0.995,0.032,0,0,0.54,3.442,6.373,0.654,0.475257,0
176242,1.00000113336498e+18,63875741924256,0.033,1.439,-0.02,0.058,-0.021,-0.003,0.998,NaN,0.023,-0.073,0.997,0,0,0,64.325,NaN,0.114,-0.044,0.992,-0.032,0,0,0.467,2.996,6.415,0.692,NaN,-0.017,-0.075,0.997,0.032,0,0,0.541,3.447,6.373,0.661,0.4622532,0
176243,1.00000113337e+18,63875741924256,0.033,1.439,-0.02,0.058,-0.021,-0.003,0.998,NaN,0.038,-0.063,0.997,0,0,0,64.325,NaN,-0.055,0.05,0.997,-0.032,0,0,0.469,3.006,6.415,0.7,NaN,-0.007,-0.064,0.998,0.032,0,0,0.541,3.448,6.373,0.668,2,0
176244,1.000001133375e+18,63875741924268,0.033,1.439,-0.02,0.058,-0.021,-0.003,0.998,NaN,0.042,-0.054,0.998,0,0,0,64.325,NaN,0.023,0.025,0.999,-0.032,0,0,0.472,3.026,6.415,0.709,NaN,0,-0.055,0.998,0.032,0,0,0.542,3.455,6.373,0.678,0.2144494,0
176245,1.00000113337991e+18,63875741924268,0.033,1.439,-0.02,0.058,-0.021,-0.003,0.998,NaN,0.044,-0.047,0.998,0,0,0,64.325,NaN,0.064,0.007,0.998,-0.032,0,0,0.475,3.046,6.415,0.716,NaN,0.004,-0.048,0.999,0.032,0,0,0.543,3.463,6.373,0.683,0.5853477,0
176246,1.00000113338493e+18,63875741924279,0.033,1.439,-0.02,0.058,-0.021,-0.003,0.998,NaN,0.048,-0.049,0.998,0,0,0,64.325,NaN,0.084,-0.013,0.996,-0.032,0,0,0.477,3.062,6.415,0.725,NaN,0.005,-0.049,0.999,0.032,0,0,0.546,3.478,6.373,0.691,0.6708713,0
176247,1.00000113338995e+18,63875741924279,0.033,1.439,-0.02,0.058,-0.021,-0.003,0.998,NaN,0.049,-0.047,0.998,0,0,0,64.325,NaN,0.087,-0.022,0.996,-0.032,0,0,0.481,3.086,6.415,0.732,NaN,0.007,-0.047,0.999,0.032,0,0,0.547,3.485,6.373,0.703,0.7268949,0
176248,1.00000113339496e+18,63875741924290,0.033,1.439,-0.02,0.058,-0.021,-0.003,0.998,NaN,0.048,-0.03,0.998,0,0,0,64.325,NaN,0.085,-0.014,0.996,-0.032,0,0,0.489,3.136,6.415,0.739,NaN,0.009,-0.03,1,0.032,0,0,0.548,3.491,6.373,0.711,0.7986214,0
176249,1.00000113339996e+18,63875741924290,0.033,1.439,-0.02,0.058,-0.021,-0.003,0.998,NaN,0.046,-0.023,0.999,0,0,0,64.325,NaN,0.083,-0.012,0.996,-0.032,0,0,0.52,3.339,6.415,0.751,NaN,0.01,-0.023,1,0.032,0,0,0.549,3.496,6.373,0.714,0.8569989,0
176250,1.00000113340497e+18,63875741924290,0.033,1.439,-0.02,0.058,-0.021,-0.003,0.998,NaN,0.044,-0.014,0.999,0,0,0,64.325,NaN,0.076,-0.008,0.997,-0.032,0,0,0.539,3.461,6.415,0.765,NaN,0.01,-0.014,1,0.032,0,0,0.551,3.511,6.373,0.717,0.961006,0
176251,1.00000113340998e+18,63875741924300,0.033,1.439,-0.02,0.058,-0.021,-0.003,0.998,NaN,0.043,0.001,0.999,0,0,0,64.325,NaN,0.072,0.001,0.997,-0.032,0,0,0.543,3.483,6.415,0.777,NaN,0.012,0.001,1,0.032,0,0,0.553,3.522,6.373,0.721,1.065163,0
176252,1.00000113341501e+18,63875741924300,0.033,1.439,-0.02,0.058,-0.021,-0.003,0.998,NaN,0.042,0.004,0.999,0,0,0,64.325,NaN,0.07,0.002,0.998,-0.032,0,0,0.544,3.487,6.415,0.789,NaN,0.013,0.004,1,0.032,0,0,0.554,3.529,6.373,0.726,1.123898,0
176253,1.00000113342001e+18,63875741924312,0.033,1.439,-0.02,0.058,-0.021,-0.003,0.998,NaN,0.041,0.006,0.999,0,0,0,64.325,NaN,0.067,0.004,0.998,-0.032,0,0,0.55,3.528,6.415,0.801,NaN,0.013,0.006,1,0.032,0,0,0.554,3.534,6.373,0.73,1.185573,0
176254,1.00000113342503e+18,63875741924312,0.033,1.439,-0.02,0.058,-0.021,-0.003,0.998,NaN,0.04,0.009,0.999,0,0,0,64.325,NaN,0.064,0.006,0.998,-0.032,0,0,0.558,3.583,6.415,0.812,NaN,0.013,0.009,1,0.032,0,0,0.556,3.544,6.373,0.735,2,0
176255,1.00000113343006e+18,63875741924323,0.033,1.439,-0.02,0.059,-0.021,-0.003,0.998,NaN,0.039,0.009,0.999,0,0,0,64.325,NaN,0.065,0.006,0.998,-0.032,0,0,0.562,3.605,6.415,0.822,NaN,0.013,0.009,1,0.032,0,0,0.557,3.55,6.373,0.74,2,0
176256,1.00000113343507e+18,63875741924323,0.033,1.439,-0.02,0.059,-0.021,-0.003,0.998,NaN,0.039,0.009,0.999,0,0,0,64.325,NaN,0.065,0.007,0.998,-0.032,0,0,0.563,3.609,6.415,0.832,NaN,0.013,0.009,1,0.032,0,0,0.558,3.554,6.373,0.745,2,0
176257,1.00000113344007e+18,63875741924334,0.033,1.439,-0.02,0.058,-0.021,-0.003,0.998,NaN,0.038,0.013,0.999,0,0,0,64.325,NaN,0.062,0.009,0.998,-0.032,0,0,0.566,3.63,6.415,0.842,NaN,0.014,0.013,1,0.032,0,0,0.56,3.572,6.373,0.751,2,0
176258,1.00000113344508e+18,63875741924334,0.033,1.439,-0.02,0.058,-0.021,-0.003,0.998,NaN,0.037,0.015,0.999,0,0,0,64.325,NaN,0.06,0.01,0.998,-0.032,0,0,0.567,3.64,6.415,0.851,NaN,0.014,0.015,1,0.032,0,0,0.561,3.577,6.373,0.757,2,0
176259,1.00000113345008e+18,63875741924345,0.033,1.439,-0.02,0.059,-0.021,-0.003,0.998,NaN,0.036,0.017,0.999,0,0,0,64.325,NaN,0.058,0.011,0.998,-0.032,0,0,0.571,3.663,6.415,0.859,NaN,0.014,0.017,1,0.032,0,0,0.562,3.58,6.373,0.763,2,0
176260,1.0000011334551e+18,63875741924345,0.033,1.439,-0.02,0.059,-0.021,-0.003,0.998,NaN,0.036,0.018,0.999,0,0,0,64.325,NaN,0.057,0.012,0.998,-0.032,0,0,0.574,3.68,6.415,0.867,NaN,0.014,0.018,1,0.032,0,0,0.562,3.584,6.373,0.769,2,0
176261,1.00000113346013e+18,63875741924345,0.033,1.439,-0.02,0.059,-0.021,-0.003,0.998,NaN,0.035,0.02,0.999,0,0,0,64.325,NaN,0.055,0.012,0.998,-0.032,0,0,0.576,3.696,6.415,0.875,NaN,0.014,0.02,1,0.032,0,0,0.563,3.586,6.373,0.776,2,0
176262,1.00000113346515e+18,63875741924356,0.033,1.439,-0.02,0.058,-0.021,-0.003,0.998,NaN,0.035,0.021,0.999,0,0,0,64.325,NaN,0.054,0.013,0.998,-0.032,0,0,0.578,3.707,6.415,0.881,NaN,0.014,0.021,1,0.032,0,0,0.563,3.587,6.373,0.781,2,0
176263,1.00000113347015e+18,63875741924356,0.033,1.439,-0.02,0.058,-0.021,-0.003,0.998,NaN,0.034,0.021,0.999,0,0,0,64.325,NaN,0.053,0.013,0.998,-0.032,0,0,0.579,3.712,6.415,0.887,NaN,0.014,0.021,1,0.032,0,0,0.563,3.588,6.373,0.787,2,0
176264,1.00000113347513e+18,63875741924367,0.033,1.439,-0.02,0.058,-0.021,-0.003,0.998,NaN,0.034,0.021,0.999,0,0,0,64.325,NaN,0.054,0.014,0.998,-0.032,0,0,0.579,3.714,6.415,0.893,NaN,0.014,0.021,1,0.032,0,0,0.563,3.59,6.373,0.792,2,0
176265,1.00000113348015e+18,63875741924367,0.033,1.439,-0.02,0.058,-0.021,-0.003,0.998,NaN,0.034,0.021,0.999,0,0,0,64.325,NaN,0.055,0.014,0.998,-0.032,0,0,0.579,3.714,6.415,0.898,NaN,0.014,0.021,1,0.032,0,0,0.564,3.592,6.373,0.797,2,0
176266,1.00000113348517e+18,63875741924378,0.033,1.439,-0.02,0.058,-0.02,-0.003,0.998,NaN,0.034,0.02,0.999,0,0,0,64.325,NaN,0.056,0.014,0.998,-0.032,0,0,0.578,3.708,6.415,0.903,NaN,0.014,0.02,1,0.032,0,0,0.564,3.593,6.373,0.802,2,0
176267,1.00000113349018e+18,63875741924378,0.033,1.439,-0.02,0.058,-0.02,-0.003,0.998,NaN,0.034,0.02,0.999,0,0,0,64.325,NaN,0.056,0.014,0.998,-0.032,0,0,0.577,3.701,6.415,0.908,NaN,0.014,0.02,1,0.032,0,0,0.564,3.594,6.373,0.806,2,0
176268,1.0000011334952e+18,63875741924390,0.033,1.439,-0.02,0.058,-0.02,-0.003,0.998,NaN,0.034,0.02,0.999,0,0,0,64.325,NaN,0.055,0.015,0.998,-0.032,0,0,0.576,3.697,6.415,0.912,NaN,0.013,0.02,1,0.032,0,0,0.564,3.595,6.373,0.81,2,0
176269,1.00000113350023e+18,63875741924390,0.033,1.439,-0.02,0.058,-0.02,-0.003,0.998,NaN,0.033,0.02,0.999,0,0,0,64.325,NaN,0.054,0.015,0.998,-0.032,0,0,0.578,3.706,6.415,0.916,NaN,0.013,0.02,1,0.032,0,0,0.564,3.597,6.373,0.814,2,0
176270,1.00000113350523e+18,63875741924400,0.033,1.439,-0.02,0.058,-0.02,-0.003,0.998,NaN,0.033,0.021,0.999,0,0,0,64.325,NaN,0.053,0.016,0.998,-0.032,0,0,0.58,3.722,6.415,0.923,NaN,0.013,0.021,1,0.032,0,0,0.565,3.598,6.373,0.818,2,0.2081025
176271,1.00000113351024e+18,63875741924400,0.033,1.439,-0.02,0.058,-0.02,-0.003,0.998,NaN,0.033,0.021,0.999,0,0,0,64.325,NaN,0.052,0.016,0.999,-0.032,0,0,0.581,3.728,6.415,0.93,NaN,0.013,0.021,1,0.032,0,0,0.565,3.6,6.373,0.821,2,0.5287335
176272,1.00000113351529e+18,63875741924400,0.033,1.439,-0.02,0.058,-0.02,-0.003,0.998,NaN,0.033,0.021,0.999,0,0,0,64.325,NaN,0.052,0.016,0.999,-0.032,0,0,0.581,3.73,6.415,0.935,NaN,0.013,0.021,1,0.032,0,0,0.565,3.601,6.373,0.824,2,0.5667031
176273,1.00000113352033e+18,63875741924412,0.033,1.439,-0.02,0.058,-0.02,-0.003,0.998,NaN,0.032,0.021,0.999,0,0,0,64.325,NaN,0.051,0.017,0.999,-0.032,0,0,0.581,3.73,6.415,0.941,NaN,0.013,0.021,1,0.032,0,0,0.565,3.603,6.373,0.827,2,0.6189752
176274,1.00000113352535e+18,63875741924412,0.033,1.439,-0.02,0.058,-0.02,-0.003,0.998,NaN,0.032,0.021,0.999,0,0,0,64.325,NaN,0.051,0.017,0.999,-0.032,0,0,0.581,3.73,6.415,0.946,NaN,0.012,0.021,1,0.032,0,0,0.566,3.604,6.373,0.83,2,0.7188333
176275,1.00000113353036e+18,63875741924423,0.033,1.439,-0.02,0.058,-0.02,-0.003,0.998,NaN,0.032,0.02,0.999,0,0,0,64.325,NaN,0.051,0.017,0.999,-0.032,0,0,0.581,3.729,6.415,0.95,NaN,0.012,0.02,1,0.032,0,0,0.566,3.605,6.373,0.832,2,0.7273696
176276,1.00000113353538e+18,63875741924423,0.033,1.439,-0.02,0.058,-0.02,-0.003,0.998,NaN,0.031,0.02,0.999,0,0,0,64.325,NaN,0.051,0.017,0.999,-0.032,0,0,0.581,3.73,6.415,0.954,NaN,0.012,0.02,1,0.032,0,0,0.566,3.607,6.373,0.834,2,0.9075477
176277,1.00000113354094e+18,63875741924434,0.033,1.439,-0.02,0.058,-0.02,-0.003,0.998,NaN,0.031,0.02,0.999,0,0,0,64.325,NaN,0.05,0.018,0.999,-0.032,0,0,0.582,3.732,6.415,0.956,NaN,0.012,0.02,1,0.032,0,0,0.566,3.608,6.373,0.836,2,0.9143901
176278,1.00000113354596e+18,63875741924434,0.033,1.439,-0.02,0.058,-0.02,-0.003,0.998,NaN,0.031,0.02,0.999,0,0,0,64.325,NaN,0.05,0.018,0.999,-0.032,0,0,0.582,3.732,6.415,0.959,NaN,0.012,0.02,1,0.032,0,0,0.566,3.609,6.373,0.838,2,0.8991767
176279,1.00000113355064e+18,63875741924445,0.033,1.439,-0.02,0.058,-0.02,-0.003,0.998,NaN,0.03,0.02,0.999,0,0,0,64.325,NaN,0.05,0.018,0.999,-0.032,0,0,0.582,3.732,6.415,0.962,NaN,0.012,0.02,1,0.032,0,0,0.566,3.61,6.373,0.84,2,0.9153836
176280,1.00000113355537e+18,63875741924445,0.033,1.439,-0.02,0.058,-0.02,-0.003,0.998,NaN,0.03,0.02,0.999,0,0,0,64.325,NaN,0.05,0.018,0.999,-0.032,0,0,0.583,3.738,6.415,0.963,NaN,0.012,0.02,1,0.032,0,0,0.567,3.611,6.373,0.841,2,0.9249935
176281,1.00000113356038e+18,63875741924456,0.033,1.439,-0.02,0.058,-0.02,-0.003,0.998,NaN,0.029,0.02,0.999,0,0,0,64.325,NaN,0.05,0.018,0.999,-0.032,0,0,0.583,3.742,6.415,0.965,NaN,0.011,0.02,1,0.032,0,0,0.567,3.613,6.373,0.843,2,0.9193708
176282,1.00000113356537e+18,63875741924456,0.033,1.439,-0.02,0.058,-0.02,-0.003,0.998,NaN,0.029,0.019,0.999,0,0,0,64.325,NaN,0.05,0.017,0.999,-0.032,0,0,0.584,3.743,6.415,0.966,NaN,0.011,0.019,1,0.032,0,0,0.567,3.615,6.373,0.844,2,0.9158283
176283,1.00000113357039e+18,63875741924456,0.033,1.439,-0.02,0.058,-0.02,-0.003,0.998,NaN,0.029,0.019,0.999,0,0,0,64.325,NaN,0.05,0.017,0.999,-0.032,0,0,0.584,3.744,6.415,0.967,NaN,0.011,0.019,1,0.032,0,0,0.568,3.617,6.373,0.845,2,0.9991133
176284,1.00000113357541e+18,63875741924467,0.033,1.439,-0.02,0.058,-0.02,-0.003,0.998,NaN,0.028,0.019,0.999,0,0,0,64.325,NaN,0.049,0.017,0.999,-0.032,0,0,0.584,3.744,6.415,0.969,NaN,0.011,0.019,1,0.032,0,0,0.568,3.619,6.373,0.846,2,0.9932687
176285,1.00000113358043e+18,63875741924467,0.033,1.439,-0.02,0.058,-0.02,-0.003,0.998,NaN,0.028,0.019,0.999,0,0,0,64.325,NaN,0.049,0.017,0.999,-0.032,0,0,0.584,3.744,6.415,0.97,NaN,0.011,0.019,1,0.032,0,0,0.568,3.622,6.373,0.847,2,0.9848313
176286,1.00000113358544e+18,63875741924478,0.033,1.439,-0.02,0.058,-0.02,-0.003,0.998,NaN,0.028,0.019,0.999,0,0,0,64.325,NaN,0.049,0.017,0.999,-0.032,0,0,0.584,3.747,6.415,0.971,NaN,0.011,0.019,1,0.032,0,0,0.569,3.624,6.373,0.848,2,0.9747868
176287,1.00000113359046e+18,63875741924478,0.033,1.439,-0.02,0.058,-0.02,-0.003,0.998,NaN,0.027,0.019,0.999,0,0,0,64.325,NaN,0.049,0.017,0.999,-0.032,0,0,0.585,3.751,6.415,0.973,NaN,0.01,0.019,1,0.032,0,0,0.569,3.625,6.373,0.849,2,1
176288,1.00000113359548e+18,63875741924489,0.033,1.439,-0.02,0.058,-0.02,-0.003,0.998,NaN,0.027,0.018,0.999,0,0,0,64.325,NaN,0.049,0.017,0.999,-0.032,0,0,0.585,3.751,6.415,0.974,NaN,0.01,0.018,1,0.032,0,0,0.569,3.627,6.373,0.85,2,1
176289,1.0000011336005e+18,63875741924490,0.033,1.439,-0.02,0.058,-0.02,-0.003,0.998,NaN,0.027,0.018,0.999,0,0,0,64.325,NaN,0.049,0.017,0.999,-0.032,0,0,0.584,3.744,6.415,0.975,NaN,0.01,0.018,1,0.032,0,0,0.569,3.628,6.373,0.851,2,1
176290,1.00000113360552e+18,63875741924500,0.033,1.439,-0.02,0.058,-0.02,-0.003,0.998,NaN,0.027,0.018,0.999,0,0,0,64.325,NaN,0.049,0.017,0.999,-0.032,0,0,0.583,3.739,6.415,0.976,NaN,0.01,0.018,1,0.032,0,0,0.57,3.63,6.373,0.851,2,1
176291,1.00000113361048e+18,63875741924500,0.033,1.439,-0.02,0.058,-0.02,-0.003,0.998,NaN,0.027,0.018,0.999,0,0,0,64.325,NaN,0.049,0.017,0.999,-0.032,0,0,0.578,3.709,6.415,0.977,NaN,0.01,0.018,1,0.032,0,0,0.57,3.632,6.373,0.852,2,1
176292,1.0000011336155e+18,63875741924500,0.033,1.439,-0.02,0.058,-0.02,-0.003,0.998,NaN,0.027,0.018,0.999,0,0,0,64.325,NaN,0.049,0.017,0.999,-0.032,0,0,0.578,3.71,6.415,0.977,NaN,0.009,0.018,1,0.032,0,0,0.57,3.633,6.373,0.852,2,1
176293,1.0000011336205e+18,63875741924511,0.033,1.439,-0.02,0.058,-0.02,-0.003,0.998,NaN,0.027,0.018,0.999,0,0,0,64.325,NaN,0.05,0.017,0.999,-0.032,0,0,0.579,3.712,6.415,0.978,NaN,0.009,0.018,1,0.032,0,0,0.571,3.636,6.373,0.853,2,1
176294,1.00000113362552e+18,63875741924511,0.033,1.439,-0.02,0.058,-0.02,-0.003,0.998,NaN,0.027,0.018,0.999,0,0,0,64.325,NaN,0.05,0.017,0.999,-0.032,0,0,0.579,3.716,6.415,0.979,NaN,0.009,0.018,1,0.032,0,0,0.571,3.639,6.373,0.853,2,1
176295,1.00000113363051e+18,63875741924523,0.033,1.439,-0.02,0.058,-0.02,-0.003,0.998,NaN,0.027,0.018,0.999,0,0,0,64.325,NaN,0.05,0.017,0.999,-0.032,0,0,0.581,3.728,6.415,0.979,NaN,0.009,0.018,1,0.032,0,0,0.571,3.641,6.373,0.854,2,1
176296,1.00000113363553e+18,63875741924523,0.033,1.439,-0.02,0.058,-0.02,-0.003,0.998,NaN,0.027,0.018,0.999,0,0,0,64.325,NaN,0.05,0.017,0.999,-0.032,0,0,0.582,3.737,6.415,0.979,NaN,0.009,0.018,1,0.032,0,0,0.572,3.644,6.373,0.854,2,1
176297,1.00000113364113e+18,63875741924534,0.033,1.439,-0.02,0.058,-0.02,-0.003,0.998,NaN,0.027,0.017,0.999,0,0,0,64.325,NaN,0.05,0.017,0.999,-0.032,0,0,0.583,3.742,6.415,0.98,NaN,0.008,0.017,1,0.032,0,0,0.572,3.646,6.373,0.854,2,1
176298,1.00000113364596e+18,63875741924534,0.033,1.439,-0.02,0.058,-0.02,-0.003,0.998,NaN,0.026,0.017,1,0,0,0,64.325,NaN,0.05,0.016,0.999,-0.032,0,0,0.586,3.76,6.415,0.98,NaN,0.008,0.017,1,0.032,0,0,0.572,3.648,6.373,0.855,2,1
176299,1.00000113365098e+18,63875741924545,0.033,1.439,-0.02,0.058,-0.02,-0.003,0.998,NaN,0.026,0.017,1,0,0,0,64.325,NaN,0.05,0.016,0.999,-0.032,0,0,0.587,3.766,6.415,0.98,NaN,0.008,0.017,1,0.032,0,0,0.573,3.65,6.373,0.855,2,1
176300,1.00000113365564e+18,63875741924545,0.033,1.439,-0.02,0.058,-0.02,-0.003,0.998,NaN,0.026,0.017,1,0,0,0,64.325,NaN,0.05,0.016,0.999,-0.032,0,0,0.588,3.772,6.415,0.981,NaN,0.008,0.017,1,0.032,0,0,0.573,3.652,6.373,0.855,2,0.9934315
176301,1.00000113366065e+18,63875741924545,0.033,1.439,-0.02,0.058,-0.02,-0.003,0.998,NaN,0.025,0.017,1,0,0,0,64.325,NaN,0.049,0.016,0.999,-0.032,0,0,0.59,3.782,6.415,0.981,NaN,0.007,0.017,1,0.032,0,0,0.573,3.654,6.373,0.855,2,0.8937725
176302,1.00000113366567e+18,63875741924557,0.033,1.439,-0.02,0.057,-0.02,-0.003,0.998,NaN,0.021,0.017,1,0,0,0,64.325,NaN,0.047,0.016,0.999,-0.032,0,0,0.593,3.805,6.415,0.981,NaN,0.003,0.017,1,0.032,0,0,0.573,3.654,6.373,0.856,2,0.4689024
176303,1.00000113367065e+18,63875741924557,0.033,1.439,-0.02,0.057,-0.02,-0.003,0.998,NaN,0.022,0.017,1,0,0,0,64.325,NaN,0.048,0.016,0.999,-0.032,0,0,0.597,3.828,6.415,0.979,NaN,0,0.017,1,0.032,0,0,0.573,3.655,6.373,0.856,2,0
176304,1.00000113367567e+18,63875741924568,0.033,1.439,-0.02,0.057,-0.019,-0.003,0.998,NaN,0.022,0.015,1,0,0,0,64.325,NaN,0.05,0.015,0.999,-0.032,0,0,0.598,3.834,6.415,0.976,NaN,0.001,0.015,1,0.032,0,0,0.574,3.658,6.373,0.857,2,0
176305,1.00000113368069e+18,63875741924568,0.033,1.439,-0.02,0.057,-0.019,-0.003,0.998,NaN,0.024,0.011,1,0,0,0,64.325,NaN,0.06,0.011,0.998,-0.032,0,0,0.582,3.733,6.415,0.972,NaN,0.004,0.011,1,0.032,0,0,0.574,3.66,6.373,0.858,1.144192,0
176306,1.0000011336857e+18,63875741924579,0.033,1.439,-0.02,0.057,-0.019,-0.003,0.998,NaN,0.033,0.006,0.999,0,0,0,64.325,NaN,0.078,0.007,0.997,-0.032,0,0,0.583,3.738,6.415,0.966,NaN,0.007,0.006,1,0.032,0,0,0.574,3.659,6.373,0.862,0.9016606,0
176307,1.00000113369072e+18,63875741924579,0.033,1.439,-0.02,0.057,-0.019,-0.003,0.998,NaN,0.05,0.001,0.999,0,0,0,64.325,NaN,0.098,0.001,0.995,-0.032,0,0,0.589,3.779,6.415,0.96,NaN,0.019,0.001,1,0.032,0,0,0.574,3.66,6.373,0.866,0.8146016,0
176308,1.00000113369574e+18,63875741924590,0.033,1.439,-0.02,0.057,-0.019,-0.003,0.998,NaN,0.068,-0.008,0.998,0,0,0,64.325,NaN,0.113,-0.008,0.994,-0.032,0,0,0.589,3.779,6.415,0.954,NaN,0.037,-0.008,0.999,0.032,0,0,0.575,3.665,6.373,0.872,0.8387226,0
176309,1.00000113370076e+18,63875741924590,0.033,1.439,-0.02,0.057,-0.019,-0.003,0.998,NaN,0.092,-0.017,0.996,0,0,0,64.325,NaN,0.138,-0.016,0.99,-0.032,0,0,0.587,3.765,6.415,0.948,NaN,0.056,-0.017,0.998,0.032,0,0,0.576,3.671,6.373,0.878,0.7735032,0
176310,1.00000113370578e+18,63875741924601,0.033,1.439,-0.02,0.057,-0.019,-0.003,0.998,NaN,0.112,-0.026,0.993,0,0,0,64.325,NaN,0.158,-0.025,0.987,-0.032,0,0,0.584,3.747,6.415,0.943,NaN,0.073,-0.026,0.997,0.032,0,0,0.576,3.673,6.373,0.883,0.7429436,0
176311,1.00000113371074e+18,63875741924601,0.033,1.439,-0.02,0.057,-0.019,-0.003,0.998,NaN,0.128,-0.033,0.991,0,0,0,64.325,NaN,0.173,-0.033,0.984,-0.032,0,0,0.583,3.739,6.415,0.938,NaN,0.087,-0.034,0.996,0.032,0,0,0.576,3.673,6.373,0.888,0.7340492,0
176312,1.00000113371574e+18,63875741924601,0.033,1.439,-0.02,0.057,-0.019,-0.003,0.998,NaN,0.139,-0.04,0.989,0,0,0,64.325,NaN,0.183,-0.039,0.982,-0.032,0,0,0.582,3.736,6.415,0.934,NaN,0.097,-0.04,0.994,0.032,0,0,0.576,3.672,6.373,0.892,0.7339882,0
176313,1.00000113372075e+18,63875741924612,0.033,1.439,-0.02,0.057,-0.019,-0.002,0.998,NaN,0.147,-0.045,0.988,0,0,0,64.325,NaN,0.189,-0.044,0.981,-0.032,0,0,0.582,3.736,6.415,0.931,NaN,0.105,-0.045,0.993,0.032,0,0,0.576,3.672,6.373,0.896,0.7454379,0
176314,1.00000113372578e+18,63875741924612,0.033,1.439,-0.02,0.057,-0.019,-0.002,0.998,NaN,0.152,-0.049,0.987,0,0,0,64.325,NaN,0.193,-0.048,0.98,-0.032,0,0,0.582,3.736,6.415,0.929,NaN,0.11,-0.049,0.993,0.032,0,0,0.576,3.672,6.373,0.899,0.7593555,0
176315,1.0000011337308e+18,63875741924623,0.033,1.439,-0.02,0.058,-0.02,-0.002,0.998,NaN,0.155,-0.052,0.987,0,0,0,64.325,NaN,0.195,-0.051,0.979,-0.032,0,0,0.583,3.739,6.415,0.927,NaN,0.114,-0.052,0.992,0.032,0,0,0.576,3.671,6.373,0.901,0.7739857,0
176316,1.00000113373581e+18,63875741924623,0.033,1.439,-0.02,0.058,-0.02,-0.002,0.998,NaN,0.157,-0.054,0.986,0,0,0,64.325,NaN,0.196,-0.054,0.979,-0.032,0,0,0.583,3.742,6.415,0.925,NaN,0.117,-0.055,0.992,0.032,0,0,0.576,3.671,6.373,0.904,0.7867409,0
176317,1.00000113374082e+18,63875741924634,0.033,1.438,-0.02,0.058,-0.02,-0.002,0.998,NaN,0.159,-0.056,0.986,0,0,0,64.325,NaN,0.197,-0.056,0.979,-0.032,0,0,0.584,3.743,6.415,0.924,NaN,0.119,-0.057,0.991,0.032,0,0,0.576,3.67,6.373,0.906,0.7970122,0
176318,1.00000113374596e+18,63875741924634,0.033,1.438,-0.02,0.058,-0.02,-0.002,0.998,NaN,0.16,-0.058,0.985,0,0,0,64.325,NaN,0.198,-0.057,0.979,-0.032,0,0,0.584,3.744,6.415,0.923,NaN,0.12,-0.058,0.991,0.032,0,0,0.576,3.669,6.373,0.908,0.8052791,0
176319,1.00000113375097e+18,63875741924645,0.033,1.438,-0.02,0.058,-0.02,-0.001,0.998,NaN,0.16,-0.059,0.985,0,0,0,64.325,NaN,0.198,-0.059,0.978,-0.032,0,0,0.584,3.745,6.415,0.922,NaN,0.122,-0.059,0.991,0.032,0,0,0.576,3.669,6.373,0.909,0.8141062,0
176320,1.00000113375599e+18,63875741924645,0.033,1.438,-0.02,0.058,-0.02,-0.001,0.998,NaN,0.161,-0.06,0.985,0,0,0,64.325,NaN,0.199,-0.06,0.978,-0.032,0,0,0.584,3.746,6.415,0.921,NaN,0.122,-0.061,0.991,0.032,0,0,0.576,3.669,6.373,0.91,0.8212867,0
176321,1.000001133761e+18,63875741924645,0.033,1.438,-0.02,0.058,-0.02,-0.001,0.998,NaN,0.161,-0.061,0.985,0,0,0,64.325,NaN,0.199,-0.061,0.978,-0.032,0,0,0.584,3.748,6.415,0.921,NaN,0.123,-0.062,0.99,0.032,0,0,0.576,3.668,6.373,0.911,0.8274481,0
176322,1.0000011337659e+18,63875741924655,0.033,1.438,-0.02,0.058,-0.02,-0.001,0.998,NaN,0.161,-0.062,0.985,0,0,0,64.325,NaN,0.198,-0.062,0.978,-0.032,0,0,0.584,3.749,6.415,0.92,NaN,0.123,-0.062,0.99,0.032,0,0,0.576,3.668,6.373,0.912,0.8326019,0
176323,1.00000113377091e+18,63875741924655,0.033,1.438,-0.02,0.058,-0.02,-0.001,0.998,NaN,0.161,-0.063,0.985,0,0,0,64.325,NaN,0.198,-0.062,0.978,-0.032,0,0,0.585,3.751,6.415,0.919,NaN,0.124,-0.063,0.99,0.032,0,0,0.575,3.667,6.373,0.913,0.8375076,0
176324,1.0000011337759e+18,63875741924667,0.033,1.438,-0.02,0.058,-0.02,-0.001,0.998,NaN,0.162,-0.063,0.985,0,0,0,64.325,NaN,0.198,-0.063,0.978,-0.032,0,0,0.585,3.752,6.415,0.919,NaN,0.124,-0.063,0.99,0.032,0,0,0.575,3.667,6.373,0.914,0.8414763,0
176325,1.00000113378087e+18,63875741924667,0.033,1.438,-0.02,0.058,-0.02,-0.001,0.998,NaN,0.162,-0.063,0.985,0,0,0,64.325,NaN,0.198,-0.063,0.978,-0.032,0,0,0.585,3.754,6.415,0.918,NaN,0.124,-0.064,0.99,0.032,0,0,0.575,3.666,6.373,0.916,0.8457863,0.003719501
176326,1.00000113378588e+18,63875741924678,0.033,1.438,-0.02,0.058,-0.02,-0.001,0.998,NaN,0.161,-0.064,0.985,0,0,0,64.325,NaN,0.198,-0.063,0.978,-0.032,0,0,0.585,3.754,6.415,0.918,NaN,0.124,-0.064,0.99,0.032,0,0,0.575,3.664,6.373,0.916,0.8494241,0.2287889
176327,1.0000011337909e+18,63875741924678,0.033,1.438,-0.02,0.058,-0.02,-0.001,0.998,NaN,0.161,-0.064,0.985,0,0,0,64.325,NaN,0.198,-0.063,0.978,-0.032,0,0,0.585,3.754,6.415,0.918,NaN,0.124,-0.064,0.99,0.032,0,0,0.575,3.663,6.373,0.917,0.8523682,0.4844299
176328,1.00000113379594e+18,63875741924690,0.033,1.438,-0.02,0.058,-0.02,-0.001,0.998,NaN,0.161,-0.064,0.985,0,0,0,64.325,NaN,0.197,-0.063,0.978,-0.032,0,0,0.585,3.754,6.415,0.917,NaN,0.124,-0.064,0.99,0.032,0,0,0.575,3.661,6.373,0.918,0.8550875,0.8872601
176329,1.00000113380097e+18,63875741924690,0.033,1.438,-0.02,0.058,-0.02,-0.001,0.998,NaN,0.159,-0.064,0.985,0,0,0,64.325,NaN,0.194,-0.064,0.979,-0.032,0,0,0.585,3.755,6.415,0.917,NaN,0.124,-0.065,0.99,0.032,0,0,0.574,3.66,6.373,0.918,0.8977809,0.7720394
176330,1.00000113380598e+18,63875741924701,0.033,1.438,-0.02,0.058,-0.021,-0.001,0.998,NaN,0.159,-0.064,0.985,0,0,0,64.325,NaN,0.194,-0.063,0.979,-0.032,0,0,0.585,3.755,6.415,0.916,NaN,0.124,-0.064,0.99,0.032,0,0,0.574,3.658,6.373,0.919,0.8949376,0.6146649
176331,1.000001133811e+18,63875741924701,0.033,1.438,-0.02,0.058,-0.021,-0.001,0.998,NaN,0.159,-0.063,0.985,0,0,0,64.325,NaN,0.194,-0.063,0.979,-0.032,0,0,0.585,3.756,6.415,0.916,NaN,0.124,-0.064,0.99,0.032,0,0,0.574,3.658,6.373,0.919,0.8927971,0.6310383
176332,1.00000113381601e+18,63875741924701,0.033,1.438,-0.02,0.058,-0.021,-0.001,0.998,NaN,0.159,-0.063,0.985,0,0,0,64.325,NaN,0.194,-0.063,0.979,-0.032,0,0,0.585,3.756,6.415,0.916,NaN,0.124,-0.064,0.99,0.032,0,0,0.574,3.657,6.373,0.92,0.8913562,0.6414958
176333,1.00000113382099e+18,63875741924712,0.033,1.438,-0.02,0.059,-0.021,-0.001,0.998,NaN,0.159,-0.063,0.985,0,0,0,64.325,NaN,0.194,-0.063,0.979,-0.032,0,0,0.585,3.755,6.415,0.916,NaN,0.124,-0.063,0.99,0.032,0,0,0.574,3.657,6.373,0.92,0.8911762,0.6545586
176334,1.000001133826e+18,63875741924712,0.033,1.438,-0.02,0.059,-0.021,-0.001,0.998,NaN,0.157,-0.063,0.986,0,0,0,64.325,NaN,0.192,-0.063,0.979,-0.032,0,0,0.585,3.755,6.415,0.915,NaN,0.123,-0.064,0.99,0.032,0,0,0.574,3.656,6.373,0.92,0.9138328,0.4315769
176335,1.00000113383103e+18,63875741924723,0.033,1.438,-0.02,0.059,-0.021,-0.001,0.998,NaN,0.157,-0.063,0.986,0,0,0,64.325,NaN,0.192,-0.063,0.979,-0.032,0,0,0.585,3.754,6.415,0.915,NaN,0.123,-0.064,0.99,0.032,0,0,0.574,3.656,6.373,0.921,0.9123338,0.2225632
176336,1.00000113383603e+18,63875741924723,0.033,1.438,-0.02,0.059,-0.021,-0.001,0.998,NaN,0.157,-0.063,0.986,0,0,0,64.325,NaN,0.192,-0.063,0.979,-0.032,0,0,0.585,3.753,6.415,0.915,NaN,0.123,-0.064,0.99,0.032,0,0,0.574,3.655,6.373,0.921,0.9114817,0.2277133
176337,1.00000113384104e+18,63875741924734,0.033,1.438,-0.02,0.059,-0.021,0,0.998,NaN,0.157,-0.063,0.986,0,0,0,64.325,NaN,0.192,-0.063,0.979,-0.032,0,0,0.585,3.753,6.415,0.915,NaN,0.123,-0.064,0.99,0.032,0,0,0.573,3.655,6.373,0.921,0.911636,0.2212607
176338,1.00000113384605e+18,63875741924734,0.033,1.438,-0.02,0.059,-0.021,0,0.998,NaN,0.157,-0.063,0.986,0,0,0,64.325,NaN,0.192,-0.063,0.979,-0.032,0,0,0.585,3.753,6.415,0.915,NaN,0.123,-0.064,0.99,0.032,0,0,0.573,3.654,6.373,0.921,0.9122356,0.2110437
176339,1.00000113385106e+18,63875741924745,0.033,1.438,-0.02,0.06,-0.021,0,0.998,NaN,0.157,-0.064,0.986,0,0,0,64.325,NaN,0.192,-0.063,0.979,-0.032,0,0,0.585,3.753,6.415,0.915,NaN,0.123,-0.064,0.99,0.032,0,0,0.573,3.654,6.373,0.921,0.9128107,0.21358
176340,1.0000011338561e+18,63875741924745,0.033,1.438,-0.02,0.06,-0.021,0,0.998,NaN,0.157,-0.064,0.985,0,0,0,64.325,NaN,0.192,-0.063,0.979,-0.032,0,0,0.585,3.753,6.415,0.914,NaN,0.123,-0.064,0.99,0.032,0,0,0.573,3.653,6.373,0.921,0.9146532,0.2116971
176341,1.00000113386111e+18,63875741924756,0.033,1.438,-0.019,0.06,-0.021,0,0.998,NaN,0.156,-0.065,0.986,0,0,0,64.325,NaN,0.191,-0.064,0.98,-0.032,0,0,0.585,3.753,6.415,0.914,NaN,0.123,-0.065,0.99,0.032,0,0,0.573,3.653,6.373,0.921,0.9240545,0
176342,1.0000011338661e+18,63875741924757,0.033,1.438,-0.019,0.06,-0.021,0,0.998,NaN,0.156,-0.065,0.986,0,0,0,64.325,NaN,0.191,-0.065,0.98,-0.032,0,0,0.585,3.753,6.415,0.914,NaN,0.123,-0.065,0.99,0.032,0,0,0.573,3.653,6.373,0.922,0.9204001,0
176343,1.00000113387111e+18,63875741924757,0.033,1.438,-0.019,0.06,-0.021,0,0.998,NaN,0.156,-0.065,0.986,0,0,0,64.325,NaN,0.191,-0.065,0.98,-0.032,0,0,0.585,3.753,6.415,0.913,NaN,0.122,-0.065,0.99,0.032,0,0,0.573,3.653,6.373,0.922,0.9171342,0
176344,1.00000113387616e+18,63875741924767,0.032,1.438,-0.019,0.06,-0.021,0,0.998,NaN,0.156,-0.065,0.986,0,0,0,64.325,NaN,0.191,-0.065,0.98,-0.032,0,0,0.585,3.753,6.415,0.913,NaN,0.122,-0.066,0.99,0.032,0,0,0.573,3.654,6.373,0.922,0.9151968,0
176345,1.00000113388117e+18,63875741924768,0.032,1.438,-0.019,0.06,-0.021,0,0.998,NaN,0.156,-0.066,0.986,0,0,0,64.325,NaN,0.189,-0.066,0.98,-0.032,0,0,0.585,3.754,6.415,0.913,NaN,0.122,-0.066,0.99,0.032,0,0,0.573,3.654,6.373,0.922,0.9400398,0
176346,1.00000113388618e+18,63875741924779,0.032,1.438,-0.019,0.06,-0.021,0,0.998,NaN,0.155,-0.067,0.986,0,0,0,64.325,NaN,0.187,-0.067,0.98,-0.032,0,0,0.585,3.755,6.415,0.913,NaN,0.122,-0.067,0.99,0.032,0,0,0.573,3.654,6.373,0.922,0.9704806,0
176347,1.00000113389118e+18,63875741924779,0.032,1.438,-0.019,0.06,-0.021,0,0.998,NaN,0.155,-0.067,0.986,0,0,0,64.325,NaN,0.187,-0.067,0.98,-0.032,0,0,0.585,3.755,6.415,0.913,NaN,0.122,-0.067,0.99,0.032,0,0,0.573,3.654,6.373,0.922,0.9639752,0
176348,1.0000011338962e+18,63875741924790,0.032,1.438,-0.019,0.06,-0.021,0,0.998,NaN,0.155,-0.067,0.986,0,0,0,64.325,NaN,0.187,-0.067,0.98,-0.032,0,0,0.585,3.755,6.415,0.912,NaN,0.122,-0.068,0.99,0.032,0,0,0.573,3.654,6.373,0.922,0.9583705,0
176349,1.00000113390122e+18,63875741924790,0.032,1.438,-0.019,0.06,-0.021,0,0.998,NaN,0.154,-0.068,0.986,0,0,0,64.325,NaN,0.185,-0.068,0.98,-0.032,0,0,0.585,3.755,6.415,0.912,NaN,0.122,-0.068,0.99,0.032,0,0,0.573,3.654,6.373,0.922,0.9894655,0
176350,1.00000113390624e+18,63875741924801,0.032,1.438,-0.019,0.061,-0.021,0.001,0.998,NaN,0.154,-0.068,0.986,0,0,0,64.325,NaN,0.185,-0.068,0.98,-0.032,0,0,0.585,3.755,6.415,0.912,NaN,0.122,-0.068,0.99,0.032,0,0,0.573,3.654,6.373,0.922,0.9823808,0
176351,1.00000113391129e+18,63875741924801,0.032,1.438,-0.019,0.061,-0.021,0.001,0.998,NaN,0.153,-0.069,0.986,0,0,0,64.325,NaN,0.183,-0.068,0.981,-0.032,0,0,0.585,3.755,6.415,0.912,NaN,0.122,-0.069,0.99,0.032,0,0,0.573,3.654,6.373,0.922,1.01649,0
176352,1.00000113391632e+18,63875741924812,0.032,1.438,-0.019,0.061,-0.022,0.001,0.998,NaN,0.152,-0.069,0.986,0,0,0,64.325,NaN,0.181,-0.069,0.981,-0.032,0,0,0.585,3.755,6.415,0.912,NaN,0.122,-0.07,0.99,0.032,0,0,0.573,3.653,6.373,0.922,1.053165,0
176353,1.00000113392125e+18,63875741924823,0.032,1.438,-0.019,0.061,-0.022,0.001,0.998,NaN,0.152,-0.069,0.986,0,0,0,64.325,NaN,0.182,-0.069,0.981,-0.032,0,0,0.585,3.755,6.415,0.912,NaN,0.122,-0.069,0.99,0.032,0,0,0.573,3.653,6.373,0.922,1.036241,0
176354,1.00000113392629e+18,63875741924823,0.032,1.438,-0.019,0.061,-0.022,0.001,0.998,NaN,0.152,-0.069,0.986,0,0,0,64.325,NaN,0.183,-0.069,0.981,-0.032,0,0,0.585,3.755,6.415,0.912,NaN,0.122,-0.069,0.99,0.032,0,0,0.573,3.653,6.373,0.922,1.022821,0
176355,1.00000113393133e+18,63875741924823,0.032,1.438,-0.019,0.061,-0.022,0.001,0.998,NaN,0.153,-0.069,0.986,0,0,0,64.325,NaN,0.184,-0.068,0.981,-0.032,0,0,0.585,3.753,6.415,0.911,NaN,0.122,-0.069,0.99,0.032,0,0,0.573,3.653,6.373,0.922,1.01038,0
176356,1.00000113393636e+18,63875741924835,0.032,1.438,-0.019,0.061,-0.022,0.001,0.998,NaN,0.154,-0.068,0.986,0,0,0,64.325,NaN,0.185,-0.068,0.98,-0.032,0,0,0.583,3.741,6.415,0.911,NaN,0.123,-0.068,0.99,0.032,0,0,0.573,3.653,6.373,0.922,1.013132,0
176357,1.00000113394139e+18,63875741924835,0.032,1.438,-0.019,0.061,-0.022,0.001,0.998,NaN,0.154,-0.067,0.986,0,0,0,64.325,NaN,0.184,-0.067,0.981,-0.032,0,0,0.587,3.769,6.415,0.911,NaN,0.123,-0.068,0.99,0.032,0,0,0.575,3.668,6.373,0.921,1.016872,0
176358,1.00000113394642e+18,63875741924835,0.032,1.438,-0.019,0.061,-0.022,0.001,0.998,NaN,0.15,-0.068,0.986,0,0,0,64.325,NaN,0.181,-0.068,0.981,-0.032,0,0,0.597,3.83,6.415,0.911,NaN,0.12,-0.069,0.99,0.032,0,0,0.576,3.668,6.373,0.918,1.027996,0
176359,1.0000011339514e+18,63875741924845,0.032,1.438,-0.019,0.061,-0.022,0.001,0.998,NaN,0.14,-0.07,0.988,0,0,0,64.325,NaN,0.172,-0.07,0.983,-0.032,0,0,0.602,3.865,6.415,0.912,NaN,0.109,-0.071,0.992,0.032,0,0,0.574,3.659,6.373,0.916,0.9983697,0
176360,1.00000113395634e+18,63875741924845,0.032,1.438,-0.019,0.061,-0.022,0.001,0.998,NaN,0.121,-0.076,0.99,0,0,0,64.325,NaN,0.155,-0.076,0.985,-0.032,0,0,0.598,3.837,6.415,0.912,NaN,0.088,-0.076,0.993,0.032,0,0,0.57,3.631,6.373,0.912,0.9510925,0
176361,1.00000113396137e+18,63875741924856,0.032,1.438,-0.019,0.061,-0.022,0.002,0.998,NaN,0.094,-0.084,0.992,0,0,0,64.325,NaN,0.131,-0.083,0.988,-0.032,0,0,0.59,3.787,6.415,0.912,NaN,0.058,-0.084,0.995,0.032,0,0,0.568,3.622,6.373,0.908,0.8679897,0
176362,1.00000113396641e+18,63875741924856,0.032,1.438,-0.019,0.061,-0.022,0.002,0.998,NaN,0.054,-0.1,0.994,0,0,0,64.325,NaN,0.124,-0.1,0.987,-0.032,0,0,0.588,3.77,6.415,0.913,NaN,0.03,-0.1,0.995,0.032,0,0,0.568,3.623,6.373,0.907,0.6739587,0
176363,1.00000113397144e+18,63875741924856,0.032,1.438,-0.019,0.061,-0.022,0.002,0.998,NaN,0.029,-0.11,0.993,0,0,0,64.325,NaN,0.091,-0.11,0.99,-0.032,0,0,0.587,3.764,6.415,0.913,NaN,0.005,-0.11,0.994,0.032,0,0,0.57,3.633,6.373,0.905,0.7397498,0
176364,1.00000113397648e+18,63875741924868,0.032,1.438,-0.019,0.061,-0.022,0.002,0.998,NaN,0.002,-0.124,0.992,0,0,0,64.325,NaN,0.089,-0.123,0.988,-0.032,0,0,0.587,3.763,6.415,0.913,NaN,-0.015,-0.124,0.992,0.032,0,0,0.572,3.646,6.373,0.904,0.6177804,0
176365,1.00000113398151e+18,63875741924868,0.032,1.438,-0.019,0.061,-0.022,0.002,0.998,NaN,-0.009,-0.129,0.992,0,0,0,64.325,NaN,0.061,-0.129,0.99,-0.032,0,0,0.587,3.765,6.415,0.914,NaN,-0.03,-0.129,0.991,0.032,0,0,0.574,3.657,6.373,0.903,0.7100887,0
176366,1.00000113398654e+18,63875741924879,0.032,1.439,-0.019,0.061,-0.022,0.002,0.998,NaN,-0.017,-0.133,0.991,0,0,0,64.325,NaN,0.041,-0.133,0.99,-0.032,0,0,0.587,3.767,6.415,0.914,NaN,-0.04,-0.133,0.99,0.032,0,0,0.575,3.664,6.373,0.902,0.7927341,0
176367,1.00000113399158e+18,63875741924879,0.032,1.439,-0.019,0.061,-0.022,0.002,0.998,NaN,-0.023,-0.136,0.99,0,0,0,64.325,NaN,0.027,-0.136,0.99,-0.032,0,0,0.588,3.772,6.415,0.915,NaN,-0.048,-0.136,0.99,0.032,0,0,0.575,3.666,6.373,0.901,0.8611598,0
176368,1.00000113399662e+18,63875741924890,0.032,1.439,-0.019,0.061,-0.022,0.002,0.998,NaN,-0.035,-0.143,0.989,0,0,0,64.325,NaN,0.043,-0.143,0.989,-0.032,0,0,0.588,3.771,6.415,0.915,NaN,-0.052,-0.143,0.988,0.032,0,0,0.576,3.668,6.373,0.9,0.6736069,0
176369,1.00000113400164e+18,63875741924890,0.032,1.439,-0.019,0.061,-0.022,0.002,0.998,NaN,-0.042,-0.149,0.988,0,0,0,64.325,NaN,0.053,-0.149,0.987,-0.032,0,0,0.588,3.771,6.415,0.916,NaN,-0.055,-0.149,0.987,0.032,0,0,0.576,3.668,6.373,0.899,0.594043,0
176370,1.00000113400645e+18,63875741924901,0.032,1.439,-0.019,0.061,-0.022,0.003,0.998,NaN,-0.045,-0.153,0.987,0,0,0,64.325,NaN,0.057,-0.153,0.987,-0.032,0,0,0.587,3.763,6.415,0.916,NaN,-0.057,-0.153,0.987,0.032,0,0,0.576,3.669,6.373,0.898,0.5600732,0
176371,1.00000113401149e+18,63875741924901,0.032,1.439,-0.019,0.061,-0.022,0.003,0.998,NaN,-0.048,-0.157,0.986,0,0,0,64.325,NaN,0.062,-0.156,0.986,-0.032,0,0,0.585,3.753,6.415,0.917,NaN,-0.058,-0.156,0.986,0.032,0,0,0.576,3.669,6.373,0.898,0.5332271,0
176372,1.00000113401648e+18,63875741924913,0.032,1.439,-0.019,0.061,-0.022,0.003,0.998,NaN,-0.049,-0.158,0.986,0,0,0,64.325,NaN,0.065,-0.158,0.985,-0.032,0,0,0.583,3.741,6.415,0.918,NaN,-0.059,-0.158,0.986,0.032,0,0,0.576,3.669,6.373,0.897,0.5171748,0
176373,1.00000113402152e+18,63875741924913,0.032,1.439,-0.019,0.061,-0.022,0.003,0.998,NaN,-0.049,-0.16,0.986,0,0,0,64.325,NaN,0.067,-0.16,0.985,-0.032,0,0,0.582,3.734,6.415,0.918,NaN,-0.06,-0.16,0.985,0.032,0,0,0.576,3.669,6.373,0.897,0.506081,0
176374,1.00000113402653e+18,63875741924913,0.032,1.439,-0.019,0.061,-0.022,0.003,0.998,NaN,-0.051,-0.162,0.985,0,0,0,64.325,NaN,0.068,-0.162,0.984,-0.032,0,0,0.582,3.732,6.415,0.919,NaN,-0.06,-0.162,0.985,0.032,0,0,0.576,3.669,6.373,0.896,0.4971827,0
176375,1.00000113403157e+18,63875741924923,0.032,1.439,-0.019,0.061,-0.022,0.003,0.998,NaN,-0.053,-0.163,0.985,0,0,0,64.325,NaN,0.07,-0.163,0.984,-0.032,0,0,0.581,3.73,6.415,0.92,NaN,-0.061,-0.163,0.985,0.032,0,0,0.576,3.669,6.373,0.896,0.4904514,0
176376,1.00000113403658e+18,63875741924923,0.032,1.439,-0.019,0.061,-0.022,0.003,0.998,NaN,-0.045,-0.158,0.986,0,0,0,64.325,NaN,0.061,-0.158,0.986,-0.032,0,0,0.582,3.732,6.415,0.921,NaN,-0.061,-0.158,0.986,0.032,0,0,0.576,3.669,6.373,0.896,0.5243022,0
176377,1.00000113404162e+18,63875741924934,0.032,1.439,-0.019,0.061,-0.022,0.003,0.998,NaN,-0.042,-0.157,0.987,0,0,0,64.325,NaN,0.049,-0.157,0.986,-0.032,0,0,0.583,3.74,6.415,0.921,NaN,-0.062,-0.156,0.986,0.032,0,0,0.576,3.669,6.373,0.896,0.57708,0
176378,1.00000113404663e+18,63875741924934,0.032,1.439,-0.019,0.061,-0.022,0.003,0.998,NaN,-0.045,-0.158,0.986,0,0,0,64.325,NaN,0.054,-0.158,0.986,-0.032,0,0,0.584,3.746,6.415,0.922,NaN,-0.062,-0.158,0.985,0.032,0,0,0.576,3.668,6.373,0.895,0.5507206,0
176379,1.00000113405164e+18,63875741924945,0.032,1.439,-0.019,0.061,-0.023,0.003,0.998,NaN,-0.047,-0.159,0.986,0,0,0,64.325,NaN,0.058,-0.159,0.986,-0.032,0,0,0.584,3.749,6.415,0.922,NaN,-0.062,-0.159,0.985,0.032,0,0,0.576,3.668,6.373,0.895,0.5343592,0
176380,1.00000113405665e+18,63875741924945,0.032,1.439,-0.019,0.061,-0.023,0.003,0.998,NaN,-0.044,-0.156,0.987,0,0,0,64.325,NaN,0.046,-0.156,0.987,-0.032,0,0,0.586,3.759,6.415,0.923,NaN,-0.063,-0.156,0.986,0.032,0,0,0.576,3.668,6.373,0.895,0.59305,0
176381,1.00000113406155e+18,63875741924957,0.032,1.439,-0.019,0.061,-0.023,0.003,0.998,NaN,-0.046,-0.157,0.987,0,0,0,64.325,NaN,0.05,-0.157,0.986,-0.032,0,0,0.586,3.759,6.415,0.923,NaN,-0.063,-0.157,0.986,0.032,0,0,0.576,3.668,6.373,0.895,0.5666574,0
176382,1.00000113406656e+18,63875741924957,0.032,1.439,-0.019,0.061,-0.023,0.003,0.998,NaN,-0.047,-0.158,0.986,0,0,0,64.325,NaN,0.054,-0.158,0.986,-0.032,0,0,0.585,3.755,6.415,0.924,NaN,-0.063,-0.158,0.986,0.032,0,0,0.576,3.668,6.373,0.895,0.5502966,0
176383,1.00000113407158e+18,63875741924957,0.032,1.439,-0.019,0.061,-0.023,0.003,0.998,NaN,-0.048,-0.159,0.986,0,0,0,64.325,NaN,0.056,-0.158,0.986,-0.032,0,0,0.584,3.75,6.415,0.925,NaN,-0.063,-0.158,0.985,0.032,0,0,0.576,3.668,6.373,0.895,0.5395932,0
176384,1.00000113407659e+18,63875741924968,0.032,1.439,-0.019,0.061,-0.023,0.004,0.998,NaN,-0.05,-0.16,0.986,0,0,0,64.325,NaN,0.058,-0.16,0.985,-0.032,0,0,0.584,3.747,6.415,0.925,NaN,-0.063,-0.16,0.985,0.032,0,0,0.576,3.668,6.373,0.895,0.5324909,0
176385,1.00000113408163e+18,63875741924968,0.032,1.439,-0.019,0.061,-0.023,0.004,0.998,NaN,-0.051,-0.161,0.986,0,0,0,64.325,NaN,0.059,-0.161,0.985,-0.032,0,0,0.583,3.738,6.415,0.926,NaN,-0.062,-0.161,0.985,0.032,0,0,0.576,3.668,6.373,0.894,0.5284631,0
176386,1.00000113408669e+18,63875741924978,0.032,1.439,-0.019,0.061,-0.023,0.004,0.998,NaN,-0.051,-0.161,0.986,0,0,0,64.325,NaN,0.059,-0.161,0.985,-0.032,0,0,0.582,3.734,6.415,0.926,NaN,-0.062,-0.161,0.985,0.032,0,0,0.576,3.669,6.373,0.894,0.5264459,0
176387,1.0000011340917e+18,63875741924978,0.032,1.439,-0.019,0.061,-0.023,0.004,0.998,NaN,-0.052,-0.162,0.985,0,0,0,64.325,NaN,0.06,-0.162,0.985,-0.032,0,0,0.582,3.731,6.415,0.927,NaN,-0.062,-0.162,0.985,0.032,0,0,0.576,3.669,6.373,0.894,0.5236058,0
176388,1.00000113409673e+18,63875741924990,0.032,1.439,-0.019,0.061,-0.023,0.004,0.998,NaN,-0.052,-0.163,0.985,0,0,0,64.325,NaN,0.061,-0.162,0.985,-0.032,0,0,0.582,3.731,6.415,0.927,NaN,-0.062,-0.162,0.985,0.032,0,0,0.576,3.669,6.373,0.894,0.5201725,0
176389,1.00000113410174e+18,63875741924991,0.032,1.439,-0.019,0.061,-0.023,0.004,0.998,NaN,-0.052,-0.163,0.985,0,0,0,64.325,NaN,0.063,-0.163,0.985,-0.032,0,0,0.582,3.731,6.415,0.927,NaN,-0.062,-0.163,0.985,0.032,0,0,0.576,3.67,6.373,0.894,0.5155985,0
176390,1.00000113410677e+18,63875741925001,0.032,1.439,-0.019,0.061,-0.023,0.005,0.998,NaN,-0.053,-0.164,0.985,0,0,0,64.325,NaN,0.05,-0.164,0.985,-0.032,0,0,0.582,3.736,6.415,0.927,NaN,-0.062,-0.164,0.985,0.032,0,0,0.576,3.67,6.373,0.894,0.5726017,0
176391,1.00000113411175e+18,63875741925001,0.032,1.439,-0.019,0.061,-0.023,0.005,0.998,NaN,-0.054,-0.165,0.985,0,0,0,64.325,NaN,0.03,-0.165,0.986,-0.032,0,0,0.586,3.757,6.415,0.928,NaN,-0.061,-0.165,0.984,0.032,0,0,0.576,3.67,6.373,0.894,0.699084,0
176392,1.00000113411674e+18,63875741925012,0.032,1.439,-0.019,0.061,-0.024,0.005,0.998,NaN,-0.053,-0.165,0.985,0,0,0,64.325,NaN,0.037,-0.165,0.986,-0.032,0,0,0.587,3.765,6.415,0.928,NaN,-0.061,-0.165,0.984,0.032,0,0,0.576,3.671,6.373,0.894,0.6527424,0
176393,1.00000113412175e+18,63875741925012,0.032,1.439,-0.019,0.061,-0.024,0.005,0.998,NaN,-0.053,-0.165,0.985,0,0,0,64.325,NaN,0.041,-0.165,0.985,-0.032,0,0,0.587,3.767,6.415,0.929,NaN,-0.061,-0.165,0.984,0.032,0,0,0.576,3.671,6.373,0.894,0.6278703,0
176394,1.00000113412673e+18,63875741925012,0.032,1.439,-0.019,0.061,-0.024,0.005,0.998,NaN,-0.054,-0.166,0.985,0,0,0,64.325,NaN,0.043,-0.166,0.985,-0.032,0,0,0.588,3.769,6.415,0.929,NaN,-0.061,-0.166,0.984,0.032,0,0,0.576,3.671,6.373,0.894,0.6168665,0
176395,1.00000113413174e+18,63875741925023,0.032,1.439,-0.019,0.062,-0.024,0.005,0.998,NaN,-0.054,-0.166,0.985,0,0,0,64.325,NaN,0.045,-0.166,0.985,-0.032,0,0,0.587,3.766,6.415,0.93,NaN,-0.061,-0.166,0.984,0.032,0,0,0.576,3.672,6.373,0.894,0.6070487,0
176396,1.00000113413676e+18,63875741925023,0.032,1.439,-0.019,0.062,-0.024,0.005,0.998,NaN,-0.053,-0.167,0.985,0,0,0,64.325,NaN,0.047,-0.167,0.985,-0.032,0,0,0.585,3.753,6.415,0.93,NaN,-0.06,-0.167,0.984,0.032,0,0,0.576,3.672,6.373,0.894,0.5952684,0
176397,1.00000113414177e+18,63875741925034,0.032,1.439,-0.019,0.062,-0.024,0.005,0.998,NaN,-0.053,-0.167,0.985,0,0,0,64.325,NaN,0.051,-0.167,0.985,-0.032,0,0,0.584,3.748,6.415,0.93,NaN,-0.06,-0.167,0.984,0.032,0,0,0.576,3.673,6.373,0.894,0.5773148,0
176398,1.0000011341468e+18,63875741925034,0.032,1.439,-0.019,0.062,-0.024,0.005,0.998,NaN,-0.053,-0.167,0.984,0,0,0,64.325,NaN,0.054,-0.167,0.984,-0.032,0,0,0.584,3.745,6.415,0.93,NaN,-0.06,-0.167,0.984,0.032,0,0,0.576,3.673,6.373,0.894,0.5594894,0
176399,1.00000113415185e+18,63875741925045,0.032,1.439,-0.019,0.062,-0.024,0.005,0.998,NaN,-0.053,-0.168,0.984,0,0,0,64.325,NaN,0.058,-0.168,0.984,-0.032,0,0,0.583,3.743,6.415,0.93,NaN,-0.06,-0.168,0.984,0.032,0,0,0.577,3.674,6.373,0.894,0.5435928,0.05389125
176400,1.00000113415686e+18,63875741925045,0.032,1.439,-0.019,0.062,-0.024,0.005,0.998,NaN,-0.055,-0.169,0.984,0,0,0,64.325,NaN,0.054,-0.169,0.984,-0.032,0,0,0.584,3.748,6.415,0.93,NaN,-0.061,-0.169,0.984,0.032,0,0,0.577,3.674,6.373,0.894,0.5584704,0.3637236
176401,1.00000113416186e+18,63875741925056,0.032,1.439,-0.019,0.062,-0.025,0.006,0.998,NaN,-0.055,-0.17,0.984,0,0,0,64.325,NaN,0.055,-0.17,0.984,-0.032,0,0,0.585,3.752,6.415,0.931,NaN,-0.062,-0.17,0.984,0.032,0,0,0.576,3.673,6.373,0.894,0.5485476,0.2828966
176402,1.00000113416688e+18,63875741925056,0.032,1.439,-0.019,0.062,-0.025,0.006,0.998,NaN,-0.053,-0.167,0.984,0,0,0,64.325,NaN,0.053,-0.167,0.984,-0.032,0,0,0.586,3.76,6.415,0.931,NaN,-0.062,-0.167,0.984,0.032,0,0,0.576,3.672,6.373,0.894,0.5528497,0
176403,1.00000113417189e+18,63875741925067,0.032,1.439,-0.019,0.062,-0.025,0.006,0.998,NaN,-0.053,-0.168,0.984,0,0,0,64.325,NaN,0.054,-0.168,0.984,-0.032,0,0,0.587,3.765,6.415,0.931,NaN,-0.063,-0.168,0.984,0.032,0,0,0.576,3.669,6.373,0.894,0.544427,0
176404,1.0000011341769e+18,63875741925067,0.032,1.439,-0.019,0.062,-0.025,0.006,0.998,NaN,-0.054,-0.169,0.984,0,0,0,64.325,NaN,0.04,-0.169,0.985,-0.032,0,0,0.59,3.782,6.415,0.931,NaN,-0.064,-0.169,0.984,0.032,0,0,0.575,3.665,6.373,0.894,0.617749,0
176405,1.00000113418186e+18,63875741925067,0.032,1.439,-0.019,0.062,-0.025,0.006,0.998,NaN,-0.054,-0.17,0.984,0,0,0,64.325,NaN,0.043,-0.17,0.985,-0.032,0,0,0.59,3.782,6.415,0.931,NaN,-0.065,-0.17,0.983,0.032,0,0,0.575,3.663,6.373,0.894,0.5958321,0
176406,1.00000113418687e+18,63875741925078,0.032,1.439,-0.019,0.062,-0.025,0.006,0.998,NaN,-0.055,-0.17,0.984,0,0,0,64.325,NaN,0.025,-0.171,0.985,-0.032,0,0,0.591,3.79,6.415,0.931,NaN,-0.065,-0.17,0.983,0.032,0,0,0.575,3.662,6.373,0.894,0.7100767,0
176407,1.0000011341919e+18,63875741925078,0.032,1.439,-0.019,0.062,-0.025,0.006,0.998,NaN,-0.056,-0.171,0.984,0,0,0,64.325,NaN,0.006,-0.171,0.985,-0.032,0,0,0.592,3.8,6.415,0.931,NaN,-0.066,-0.171,0.983,0.032,0,0,0.575,3.662,6.373,0.894,0.8861814,0
176408,1.00000113419691e+18,63875741925090,0.032,1.439,-0.019,0.062,-0.025,0.006,0.998,NaN,-0.054,-0.169,0.984,0,0,0,64.325,NaN,0.009,-0.169,0.986,-0.032,0,0,0.594,3.813,6.415,0.931,NaN,-0.066,-0.169,0.983,0.032,0,0,0.575,3.662,6.373,0.894,0.8489697,0
176409,1.00000113420193e+18,63875741925090,0.032,1.439,-0.019,0.062,-0.025,0.006,0.998,NaN,-0.052,-0.168,0.984,0,0,0,64.325,NaN,0.011,-0.168,0.986,-0.032,0,0,0.595,3.814,6.415,0.931,NaN,-0.067,-0.168,0.984,0.032,0,0,0.575,3.662,6.373,0.894,0.824207,0
176410,1.00000113420694e+18,63875741925101,0.032,1.439,-0.019,0.062,-0.025,0.006,0.998,NaN,-0.053,-0.168,0.984,0,0,0,64.325,NaN,-0.005,-0.168,0.986,-0.032,0,0,0.596,3.824,6.415,0.931,NaN,-0.067,-0.168,0.983,0.032,0,0,0.575,3.663,6.373,0.894,1.02282,0
176411,1.00000113421196e+18,63875741925101,0.032,1.439,-0.019,0.062,-0.025,0.006,0.998,NaN,-0.049,-0.166,0.985,0,0,0,64.325,NaN,0,-0.166,0.986,-0.032,0,0,0.596,3.826,6.415,0.931,NaN,-0.068,-0.166,0.984,0.032,0,0,0.575,3.663,6.373,0.894,0.9472784,0
176412,1.00000113421697e+18,63875741925113,0.032,1.439,-0.019,0.062,-0.026,0.006,0.998,NaN,-0.051,-0.167,0.985,0,0,0,64.325,NaN,0.01,-0.167,0.986,-0.032,0,0,0.596,3.821,6.415,0.931,NaN,-0.069,-0.167,0.984,0.032,0,0,0.575,3.664,6.373,0.894,0.808718,0
176413,1.00000113422199e+18,63875741925113,0.032,1.439,-0.019,0.062,-0.026,0.006,0.998,NaN,-0.049,-0.166,0.985,0,0,0,64.325,NaN,0.01,-0.166,0.986,-0.032,0,0,0.594,3.812,6.415,0.931,NaN,-0.069,-0.166,0.984,0.032,0,0,0.576,3.673,6.373,0.894,0.8200287,0
176414,1.000001134227e+18,63875741925113,0.032,1.439,-0.019,0.062,-0.026,0.006,0.998,NaN,-0.043,-0.166,0.985,0,0,0,64.325,NaN,0.012,-0.166,0.986,-0.032,0,0,0.598,3.836,6.415,0.93,NaN,-0.067,-0.165,0.984,0.032,0,0,0.582,3.707,6.373,0.893,0.8106744,0
176415,1.00000113423201e+18,63875741925123,0.032,1.439,-0.019,0.062,-0.026,0.006,0.998,NaN,-0.027,-0.162,0.986,0,0,0,64.325,NaN,0.019,-0.162,0.987,-0.032,0,0,0.607,3.896,6.415,0.928,NaN,-0.061,-0.162,0.985,0.032,0,0,0.585,3.726,6.373,0.892,0.804832,0
176416,1.000001134237e+18,63875741925134,0.032,1.439,-0.019,0.062,-0.026,0.006,0.998,NaN,-0.004,-0.155,0.988,0,0,0,64.325,NaN,0.038,-0.155,0.987,-0.032,0,0,0.599,3.845,6.415,0.925,NaN,-0.041,-0.155,0.987,0.032,0,0,0.587,3.739,6.373,0.892,0.8062563,0
176417,1.00000113424203e+18,63875741925134,0.032,1.439,-0.019,0.062,-0.026,0.006,0.998,NaN,0.02,-0.146,0.989,0,0,0,64.325,NaN,0.07,-0.146,0.987,-0.032,0,0,0.595,3.816,6.415,0.919,NaN,-0.013,-0.146,0.989,0.032,0,0,0.585,3.731,6.373,0.891,0.7734151,0
176418,1.00000113424705e+18,63875741925134,0.032,1.439,-0.019,0.062,-0.026,0.006,0.998,NaN,0.06,-0.136,0.989,0,0,0,64.325,NaN,0.102,-0.136,0.985,-0.032,0,0,0.587,3.767,6.415,0.912,NaN,0.023,-0.137,0.99,0.032,0,0,0.581,3.705,6.373,0.889,0.8108402,0
176419,1.0000011342521e+18,63875741925145,0.032,1.439,-0.019,0.062,-0.026,0.006,0.998,NaN,0.093,-0.114,0.989,0,0,0,64.325,NaN,0.132,-0.113,0.985,-0.032,0,0,0.587,3.768,6.415,0.907,NaN,0.059,-0.114,0.992,0.032,0,0,0.58,3.694,6.373,0.887,0.8814668,0
176420,1.00000113425712e+18,63875741925145,0.032,1.439,-0.019,0.062,-0.026,0.006,0.998,NaN,0.126,-0.093,0.988,0,0,0,64.325,NaN,0.168,-0.092,0.981,-0.032,0,0,0.574,3.681,6.415,0.901,NaN,0.09,-0.093,0.992,0.032,0,0,0.579,3.689,6.373,0.886,0.7997242,0
176421,1.00000113426208e+18,63875741925156,0.032,1.439,-0.019,0.062,-0.026,0.007,0.998,NaN,0.142,-0.08,0.987,0,0,0,64.325,NaN,0.197,-0.079,0.977,-0.032,0,0,0.573,3.674,6.415,0.896,NaN,0.114,-0.08,0.99,0.032,0,0,0.579,3.689,6.373,0.883,0.7467318,0
176422,1.0000011342671e+18,63875741925156,0.032,1.439,-0.019,0.062,-0.026,0.007,0.998,NaN,0.162,-0.07,0.984,0,0,0,64.325,NaN,0.212,-0.07,0.975,-0.032,0,0,0.573,3.674,6.415,0.894,NaN,0.131,-0.071,0.989,0.032,0,0,0.579,3.692,6.373,0.877,0.7657771,0
176423,1.00000113427213e+18,63875741925167,0.032,1.439,-0.019,0.062,-0.026,0.007,0.998,NaN,0.177,-0.055,0.983,0,0,0,64.325,NaN,0.221,-0.055,0.974,-0.032,0,0,0.585,3.756,6.415,0.892,NaN,0.142,-0.055,0.988,0.032,0,0,0.58,3.697,6.373,0.872,0.7887594,0
176424,1.00000113427714e+18,63875741925167,0.032,1.439,-0.019,0.062,-0.026,0.007,0.998,NaN,0.184,-0.048,0.982,0,0,0,64.325,NaN,0.225,-0.048,0.973,-0.032,0,0,0.587,3.768,6.415,0.891,NaN,0.149,-0.048,0.988,0.032,0,0,0.581,3.7,6.373,0.867,0.8159678,0
176425,1.00000113428216e+18,63875741925178,0.032,1.439,-0.019,0.062,-0.026,0.007,0.998,NaN,0.189,-0.038,0.981,0,0,0,64.325,NaN,0.228,-0.037,0.973,-0.032,0,0,0.589,3.776,6.415,0.89,NaN,0.154,-0.038,0.987,0.032,0,0,0.581,3.702,6.373,0.864,0.8322365,0
176426,1.00000113428715e+18,63875741925178,0.032,1.439,-0.019,0.062,-0.026,0.007,0.998,NaN,0.191,-0.035,0.981,0,0,0,64.325,NaN,0.228,-0.034,0.973,-0.032,0,0,0.591,3.791,6.415,0.889,NaN,0.157,-0.035,0.987,0.032,0,0,0.581,3.702,6.373,0.861,0.8611184,0
176427,1.00000113429216e+18,63875741925178,0.032,1.439,-0.019,0.062,-0.026,0.007,0.998,NaN,0.192,-0.032,0.981,0,0,0,64.325,NaN,0.228,-0.032,0.973,-0.032,0,0,0.593,3.807,6.415,0.889,NaN,0.158,-0.032,0.987,0.032,0,0,0.581,3.702,6.373,0.858,0.8826761,0
176428,1.00000113429717e+18,63875741925190,0.032,1.439,-0.019,0.062,-0.026,0.007,0.998,NaN,0.192,-0.031,0.981,0,0,0,64.325,NaN,0.228,-0.03,0.973,-0.032,0,0,0.594,3.811,6.415,0.889,NaN,0.159,-0.031,0.987,0.032,0,0,0.581,3.702,6.373,0.856,0.9027153,0
176429,1.00000113430219e+18,63875741925190,0.032,1.439,-0.019,0.062,-0.026,0.007,0.998,NaN,0.192,-0.03,0.981,0,0,0,64.325,NaN,0.227,-0.03,0.974,-0.032,0,0,0.595,3.819,6.415,0.889,NaN,0.16,-0.03,0.987,0.032,0,0,0.581,3.702,6.373,0.855,0.9255853,0
176430,1.00000113430721e+18,63875741925200,0.032,1.439,-0.019,0.062,-0.026,0.007,0.998,NaN,0.192,-0.03,0.981,0,0,0,64.325,NaN,0.226,-0.029,0.974,-0.032,0,0,0.595,3.814,6.415,0.89,NaN,0.16,-0.03,0.987,0.032,0,0,0.581,3.702,6.373,0.854,0.9411512,0
176431,1.00000113431223e+18,63875741925200,0.032,1.439,-0.019,0.062,-0.026,0.007,0.998,NaN,0.193,-0.029,0.981,0,0,0,64.325,NaN,0.226,-0.029,0.974,-0.032,0,0,0.594,3.812,6.415,0.89,NaN,0.161,-0.03,0.987,0.032,0,0,0.581,3.701,6.373,0.853,0.9520191,0
176432,1.00000113431724e+18,63875741925211,0.032,1.439,-0.019,0.062,-0.026,0.007,0.998,NaN,0.192,-0.029,0.981,0,0,0,64.325,NaN,0.225,-0.029,0.974,-0.032,0,0,0.594,3.813,6.415,0.89,NaN,0.161,-0.029,0.987,0.032,0,0,0.581,3.701,6.373,0.853,0.96982,0
176433,1.00000113432225e+18,63875741925212,0.032,1.439,-0.019,0.062,-0.026,0.007,0.998,NaN,0.192,-0.029,0.981,0,0,0,64.325,NaN,0.224,-0.029,0.974,-0.032,0,0,0.595,3.816,6.415,0.89,NaN,0.161,-0.029,0.986,0.032,0,0,0.581,3.701,6.373,0.852,0.9847448,0
176434,1.00000113432727e+18,63875741925223,0.032,1.439,-0.019,0.062,-0.026,0.007,0.998,NaN,0.192,-0.029,0.981,0,0,0,64.325,NaN,0.223,-0.028,0.974,-0.032,0,0,0.595,3.819,6.415,0.89,NaN,0.161,-0.029,0.986,0.032,0,0,0.581,3.7,6.373,0.852,0.9989957,0
176435,1.00000113433229e+18,63875741925223,0.032,1.439,-0.019,0.062,-0.026,0.007,0.998,NaN,0.191,-0.028,0.981,0,0,0,64.325,NaN,0.222,-0.028,0.975,-0.032,0,0,0.599,3.841,6.415,0.89,NaN,0.162,-0.028,0.986,0.032,0,0,0.581,3.7,6.373,0.852,1.025088,0
176436,1.0000011343373e+18,63875741925223,0.032,1.439,-0.019,0.062,-0.026,0.007,0.998,NaN,0.191,-0.028,0.981,0,0,0,64.325,NaN,0.221,-0.027,0.975,-0.032,0,0,0.601,3.853,6.415,0.89,NaN,0.162,-0.028,0.986,0.032,0,0,0.581,3.7,6.373,0.852,1.049806,0
176437,1.00000113434232e+18,63875741925234,0.032,1.439,-0.019,0.062,-0.026,0.007,0.998,NaN,0.19,-0.027,0.981,0,0,0,64.325,NaN,0.22,-0.027,0.975,-0.032,0,0,0.602,3.86,6.415,0.89,NaN,0.162,-0.027,0.986,0.032,0,0,0.581,3.7,6.373,0.852,1.071389,0
176438,1.0000011343473e+18,63875741925234,0.032,1.439,-0.019,0.062,-0.026,0.007,0.998,NaN,0.19,-0.027,0.981,0,0,0,64.325,NaN,0.219,-0.027,0.975,-0.032,0,0,0.602,3.862,6.415,0.891,NaN,0.162,-0.027,0.986,0.032,0,0,0.581,3.7,6.373,0.853,1.090101,0
176439,1.00000113435233e+18,63875741925245,0.032,1.439,-0.019,0.062,-0.026,0.007,0.998,NaN,0.19,-0.027,0.981,0,0,0,64.325,NaN,0.218,-0.026,0.976,-0.032,0,0,0.602,3.865,6.415,0.891,NaN,0.162,-0.027,0.986,0.032,0,0,0.58,3.699,6.373,0.853,1.111888,0
176440,1.00000113435735e+18,63875741925245,0.032,1.439,-0.019,0.062,-0.026,0.007,0.998,NaN,0.19,-0.026,0.981,0,0,0,64.325,NaN,0.217,-0.026,0.976,-0.032,0,0,0.603,3.867,6.415,0.892,NaN,0.163,-0.027,0.986,0.032,0,0,0.58,3.699,6.373,0.853,1.130123,0
176441,1.00000113436233e+18,63875741925255,0.032,1.439,-0.018,0.062,-0.026,0.007,0.998,NaN,0.19,-0.027,0.981,0,0,0,64.325,NaN,0.217,-0.027,0.976,-0.032,0,0,0.6,3.85,6.415,0.892,NaN,0.163,-0.027,0.986,0.032,0,0,0.58,3.699,6.373,0.853,1.140862,0.03779667
176442,1.00000113436734e+18,63875741925255,0.032,1.439,-0.018,0.062,-0.026,0.007,0.998,NaN,0.19,-0.027,0.981,0,0,0,64.325,NaN,0.217,-0.027,0.976,-0.032,0,0,0.599,3.842,6.415,0.892,NaN,0.163,-0.028,0.986,0.032,0,0,0.58,3.699,6.373,0.854,1.144673,0.4083496
176443,1.00000113437238e+18,63875741925267,0.032,1.439,-0.018,0.062,-0.026,0.007,0.998,NaN,0.189,-0.028,0.982,0,0,0,64.325,NaN,0.217,-0.028,0.976,-0.032,0,0,0.598,3.839,6.415,0.893,NaN,0.163,-0.028,0.986,0.032,0,0,0.58,3.698,6.373,0.854,1.148942,0.5546923
176444,1.00000113437737e+18,63875741925267,0.032,1.439,-0.018,0.062,-0.026,0.007,0.998,NaN,0.189,-0.028,0.982,0,0,0,64.325,NaN,0.216,-0.028,0.976,-0.032,0,0,0.599,3.845,6.415,0.893,NaN,0.163,-0.028,0.986,0.032,0,0,0.58,3.698,6.373,0.855,1.162644,0.7760471
176445,1.00000113438238e+18,63875741925267,0.032,1.439,-0.018,0.062,-0.026,0.007,0.998,NaN,0.189,-0.028,0.982,0,0,0,64.325,NaN,0.216,-0.028,0.976,-0.032,0,0,0.6,3.848,6.415,0.893,NaN,0.163,-0.028,0.986,0.032,0,0,0.58,3.698,6.373,0.855,1.173906,0.9309848
176446,1.00000113438739e+18,63875741925278,0.032,1.439,-0.018,0.062,-0.026,0.007,0.998,NaN,0.189,-0.029,0.982,0,0,0,64.325,NaN,0.215,-0.029,0.976,-0.032,0,0,0.6,3.847,6.415,0.894,NaN,0.163,-0.029,0.986,0.032,0,0,0.58,3.697,6.373,0.856,1.183173,0.9146894
176447,1.0000011343924e+18,63875741925278,0.032,1.439,-0.018,0.062,-0.026,0.007,0.998,NaN,0.189,-0.029,0.982,0,0,0,64.325,NaN,0.215,-0.029,0.976,-0.032,0,0,0.598,3.836,6.415,0.894,NaN,0.163,-0.029,0.986,0.032,0,0,0.58,3.697,6.373,0.857,1.188646,0.8959359
176448,1.00000113439741e+18,63875741925289,0.032,1.439,-0.018,0.062,-0.026,0.008,0.998,NaN,0.189,-0.03,0.982,0,0,0,64.325,NaN,0.215,-0.03,0.976,-0.032,0,0,0.597,3.831,6.415,0.895,NaN,0.163,-0.03,0.986,0.032,0,0,0.58,3.697,6.373,0.857,1.187679,0.9047158
176449,1.00000113440241e+18,63875741925289,0.032,1.439,-0.018,0.062,-0.026,0.008,0.998,NaN,0.189,-0.03,0.982,0,0,0,64.325,NaN,0.215,-0.03,0.976,-0.032,0,0,0.597,3.831,6.415,0.896,NaN,0.163,-0.03,0.986,0.032,0,0,0.58,3.696,6.373,0.858,1.196002,0.9248434
176450,1.00000113440742e+18,63875741925294,0.032,1.439,-0.018,0.062,-0.026,0.007,0.998,NaN,0.189,-0.03,0.982,0,0,0,64.325,NaN,0.215,-0.03,0.976,-0.032,0,0,0.597,3.83,6.415,0.896,NaN,0.163,-0.031,0.986,0.032,0,0,0.58,3.696,6.373,0.859,1.198817,0.9068923
176451,1.00000113441243e+18,63875741925304,0.032,1.439,-0.018,0.062,-0.026,0.007,0.998,NaN,0.189,-0.031,0.982,0,0,0,64.325,NaN,0.215,-0.031,0.976,-0.032,0,0,0.597,3.829,6.415,0.899,NaN,0.164,-0.031,0.986,0.032,0,0,0.58,3.696,6.373,0.86,2,0.9139833
176452,1.00000113441743e+18,63875741925304,0.032,1.439,-0.018,0.062,-0.026,0.007,0.998,NaN,0.189,-0.031,0.982,0,0,0,64.325,NaN,0.215,-0.031,0.976,-0.032,0,0,0.597,3.827,6.415,0.9,NaN,0.164,-0.031,0.986,0.032,0,0,0.58,3.696,6.373,0.861,2,0.9001473
176453,1.00000113442244e+18,63875741925316,0.031,1.439,-0.018,0.062,-0.026,0.007,0.998,NaN,0.189,-0.031,0.982,0,0,0,64.325,NaN,0.215,-0.031,0.976,-0.032,0,0,0.596,3.826,6.415,0.901,NaN,0.164,-0.031,0.986,0.032,0,0,0.58,3.696,6.373,0.862,2,0.9079082
176454,1.00000113442748e+18,63875741925316,0.031,1.439,-0.018,0.062,-0.026,0.007,0.998,NaN,0.189,-0.032,0.982,0,0,0,64.325,NaN,0.215,-0.031,0.976,-0.032,0,0,0.596,3.825,6.415,0.901,NaN,0.164,-0.032,0.986,0.032,0,0,0.58,3.697,6.373,0.863,2,0.9396884
176455,1.00000113443249e+18,63875741925326,0.032,1.439,-0.018,0.061,-0.026,0.007,0.998,NaN,0.189,-0.032,0.982,0,0,0,64.325,NaN,0.214,-0.032,0.976,-0.032,0,0,0.596,3.824,6.415,0.901,NaN,0.164,-0.032,0.986,0.032,0,0,0.58,3.697,6.373,0.864,2,0.9370805
176456,1.00000113443752e+18,63875741925326,0.032,1.439,-0.018,0.061,-0.026,0.007,0.998,NaN,0.189,-0.032,0.982,0,0,0,64.325,NaN,0.214,-0.032,0.976,-0.032,0,0,0.596,3.823,6.415,0.902,NaN,0.164,-0.032,0.986,0.032,0,0,0.58,3.698,6.373,0.864,2,0.9226958
176457,1.00000113444252e+18,63875741925326,0.032,1.439,-0.018,0.061,-0.026,0.007,0.998,NaN,0.189,-0.032,0.981,0,0,0,64.325,NaN,0.214,-0.032,0.976,-0.032,0,0,0.596,3.823,6.415,0.902,NaN,0.164,-0.032,0.986,0.032,0,0,0.58,3.699,6.373,0.865,2,0.9086495
176458,1.00000113444756e+18,63875741925337,0.031,1.439,-0.018,0.061,-0.026,0.007,0.998,NaN,0.189,-0.032,0.982,0,0,0,64.325,NaN,0.214,-0.032,0.976,-0.032,0,0,0.596,3.823,6.415,0.903,NaN,0.164,-0.032,0.986,0.032,0,0,0.581,3.7,6.373,0.866,2,0.9098048
176459,1.00000113445256e+18,63875741925337,0.031,1.439,-0.018,0.061,-0.026,0.007,0.998,NaN,0.189,-0.032,0.981,0,0,0,64.325,NaN,0.214,-0.032,0.976,-0.032,0,0,0.594,3.811,6.415,0.903,NaN,0.164,-0.033,0.986,0.032,0,0,0.581,3.701,6.373,0.867,2,0.8838698
176460,1.00000113445755e+18,63875741925353,0.031,1.439,-0.018,0.061,-0.026,0.007,0.998,NaN,0.189,-0.033,0.981,0,0,0,64.325,NaN,0.214,-0.032,0.976,-0.032,0,0,0.593,3.805,6.415,0.904,NaN,0.164,-0.033,0.986,0.032,0,0,0.581,3.702,6.373,0.867,2,0.9427171
176461,1.00000113446257e+18,63875741925353,0.031,1.439,-0.018,0.061,-0.026,0.007,0.998,NaN,0.189,-0.033,0.981,0,0,0,64.325,NaN,0.214,-0.033,0.976,-0.032,0,0,0.593,3.803,6.415,0.904,NaN,0.164,-0.033,0.986,0.032,0,0,0.581,3.703,6.373,0.868,2,0.9302633
176462,1.00000113446758e+18,63875741925359,0.031,1.439,-0.018,0.062,-0.026,0.007,0.998,NaN,0.188,-0.034,0.982,0,0,0,64.325,NaN,0.214,-0.034,0.976,-0.032,0,0,0.593,3.801,6.415,0.905,NaN,0.163,-0.034,0.986,0.032,0,0,0.581,3.706,6.373,0.869,2,0.6120633
176463,1.00000113447258e+18,63875741925359,0.031,1.439,-0.018,0.062,-0.026,0.007,0.998,NaN,0.185,-0.036,0.982,0,0,0,64.325,NaN,0.215,-0.036,0.976,-0.032,0,0,0.591,3.792,6.415,0.905,NaN,0.162,-0.036,0.986,0.032,0,0,0.583,3.717,6.373,0.87,1.185662,0.3078441
176464,1.00000113447758e+18,63875741925370,0.031,1.439,-0.018,0.062,-0.026,0.007,0.998,NaN,0.184,-0.036,0.982,0,0,0,64.325,NaN,0.214,-0.035,0.976,-0.032,0,0,0.594,3.808,6.415,0.905,NaN,0.163,-0.036,0.986,0.032,0,0,0.585,3.728,6.373,0.872,2,0
176465,1.00000113448262e+18,63875741925370,0.031,1.439,-0.018,0.062,-0.026,0.007,0.998,NaN,0.185,-0.034,0.982,0,0,0,64.325,NaN,0.216,-0.034,0.976,-0.032,0,0,0.595,3.815,6.415,0.904,NaN,0.165,-0.034,0.986,0.032,0,0,0.587,3.74,6.373,0.872,2,0
176466,1.00000113448763e+18,63875741925381,0.031,1.439,-0.018,0.062,-0.026,0.006,0.998,NaN,0.186,-0.027,0.982,0,0,0,64.325,NaN,0.217,-0.027,0.976,-0.032,0,0,0.593,3.802,6.415,0.904,NaN,0.167,-0.027,0.986,0.032,0,0,0.588,3.747,6.373,0.873,2,0
176467,1.00000113449265e+18,63875741925381,0.031,1.439,-0.018,0.062,-0.026,0.006,0.998,NaN,0.187,-0.018,0.982,0,0,0,64.325,NaN,0.218,-0.017,0.976,-0.032,0,0,0.594,3.811,6.415,0.903,NaN,0.172,-0.018,0.985,0.032,0,0,0.59,3.762,6.373,0.872,2,0
176468,1.00000113449766e+18,63875741925392,0.031,1.439,-0.018,0.062,-0.026,0.006,0.998,NaN,0.185,0.017,0.983,0,0,0,64.325,NaN,0.219,0.017,0.976,-0.032,0,0,0.603,3.867,6.415,0.903,NaN,0.168,0.017,0.986,0.032,0,0,0.592,3.774,6.373,0.872,2,0
176469,1.00000113450275e+18,63875741925392,0.031,1.439,-0.018,0.062,-0.026,0.006,0.998,NaN,0.191,0.056,0.98,0,0,0,64.325,NaN,0.223,0.056,0.973,-0.032,0,0,0.599,3.846,6.415,0.896,NaN,0.181,0.056,0.982,0.032,0,0,0.594,3.789,6.373,0.872,2,0
176470,1.00000113450776e+18,63875741925392,0.031,1.439,-0.018,0.062,-0.026,0.006,0.998,NaN,0.202,0.087,0.975,0,0,0,64.325,NaN,0.229,0.087,0.97,-0.032,0,0,0.603,3.869,6.415,0.887,NaN,0.2,0.087,0.976,0.032,0,0,0.595,3.792,6.373,0.873,2,0
176471,1.00000113451272e+18,63875741925403,0.031,1.439,-0.018,0.062,-0.026,0.006,0.998,NaN,0.216,0.114,0.97,0,0,0,64.325,NaN,0.236,0.113,0.965,-0.032,0,0,0.599,3.845,6.415,0.879,NaN,0.216,0.114,0.97,0.032,0,0,0.595,3.793,6.373,0.874,2,0
176472,1.00000113451767e+18,63875741925415,0.031,1.439,-0.018,0.062,-0.026,0.006,0.998,NaN,0.229,0.129,0.965,0,0,0,64.325,NaN,0.248,0.129,0.96,-0.032,0,0,0.59,3.784,6.415,0.872,NaN,0.227,0.129,0.965,0.032,0,0,0.595,3.79,6.373,0.876,2,0
176473,1.00000113452268e+18,63875741925415,0.031,1.439,-0.018,0.062,-0.026,0.006,0.998,NaN,0.256,0.161,0.953,0,0,0,64.325,NaN,0.266,0.161,0.95,-0.032,0,0,0.548,3.516,6.415,0.866,NaN,0.222,0.165,0.961,0.032,0,0,0.562,3.579,6.373,0.877,2,0
176474,1.00000113452774e+18,63875741925415,0.031,1.439,-0.018,0.062,-0.026,0.006,0.998,NaN,0.279,0.179,0.943,0,0,0,64.325,NaN,0.284,0.179,0.942,-0.032,0,0,0.537,3.445,6.415,0.862,NaN,0.218,0.19,0.957,0.032,0,0,0.557,3.552,6.373,0.879,0.9051563,0
176475,1.00000113453276e+18,63875741925426,0.031,1.439,-0.018,0.062,-0.026,0.006,0.998,NaN,0.297,0.194,0.935,0,0,0,64.325,NaN,0.298,0.194,0.935,-0.032,0,0,0.532,3.411,6.415,0.86,NaN,0.216,0.208,0.954,0.032,0,0,0.556,3.545,6.373,0.882,0.7175109,0
176476,1.00000113453779e+18,63875741925426,0.031,1.439,-0.018,0.062,-0.026,0.006,0.998,NaN,0.308,0.204,0.929,0,0,0,64.325,NaN,0.308,0.204,0.929,-0.032,0,0,0.528,3.388,6.415,0.857,NaN,0.215,0.221,0.951,0.032,0,0,0.556,3.544,6.373,0.886,0.6278501,0
176477,1.00000113454281e+18,63875741925436,0.031,1.439,-0.018,0.062,-0.026,0.006,0.998,NaN,0.316,0.21,0.925,0,0,0,64.325,NaN,0.316,0.21,0.925,-0.032,0,0,0.527,3.381,6.415,0.856,NaN,0.214,0.229,0.95,0.032,0,0,0.556,3.543,6.373,0.888,0.576053,0
176478,1.00000113454783e+18,63875741925436,0.031,1.439,-0.018,0.062,-0.026,0.006,0.998,NaN,0.322,0.214,0.922,0,0,0,64.325,NaN,0.321,0.214,0.922,-0.032,0,0,0.526,3.375,6.415,0.855,NaN,0.213,0.235,0.948,0.032,0,0,0.556,3.542,6.373,0.891,0.5419029,0
176479,1.00000113455284e+18,63875741925437,0.031,1.439,-0.018,0.062,-0.026,0.006,0.998,NaN,0.325,0.198,0.925,0,0,0,64.325,NaN,0.324,0.198,0.925,-0.032,0,0,0.522,3.351,6.415,0.853,NaN,0.212,0.238,0.948,0.032,0,0,0.556,3.541,6.373,0.893,0.4907973,0
176480,1.00000113455779e+18,63875741925448,0.031,1.439,-0.018,0.062,-0.026,0.006,0.998,NaN,0.328,0.205,0.922,0,0,0,64.325,NaN,0.327,0.205,0.923,-0.032,0,0,0.522,3.347,6.415,0.852,NaN,0.212,0.239,0.948,0.032,0,0,0.555,3.539,6.373,0.893,0.4894303,0
176481,1.0000011345628e+18,63875741925449,0.031,1.439,-0.018,0.062,-0.026,0.006,0.998,NaN,0.328,0.196,0.924,0,0,0,64.325,NaN,0.33,0.196,0.923,-0.032,0,0,0.522,3.348,6.415,0.848,NaN,0.238,0.22,0.946,0.032,0,0,0.55,3.508,6.373,0.892,0.6163059,0
176482,1.00000113456786e+18,63875741925459,0.031,1.439,-0.018,0.062,-0.026,0.005,0.998,NaN,0.33,0.202,0.922,0,0,0,64.325,NaN,0.332,0.202,0.921,-0.032,0,0,0.524,3.36,6.415,0.843,NaN,0.235,0.225,0.946,0.032,0,0,0.554,3.529,6.373,0.89,0.5928419,0
176483,1.00000113457288e+18,63875741925459,0.031,1.439,-0.018,0.062,-0.026,0.005,0.998,NaN,0.333,0.204,0.921,0,0,0,64.325,NaN,0.334,0.204,0.92,-0.032,0,0,0.525,3.37,6.415,0.83,NaN,0.234,0.22,0.947,0.032,0,0,0.548,3.494,6.373,0.883,0.5823554,0
176484,1.00000113457788e+18,63875741925471,0.031,1.439,-0.018,0.061,-0.026,0.005,0.998,NaN,0.203,0.566,0.799,0,0,0,64.325,NaN,0.197,0.567,0.8,-0.032,0,0,0.525,3.371,6.415,0.809,NaN,0.243,0.241,0.94,0.032,0,0,0.62,3.95,6.373,0.865,2,0
176485,1.00000113458288e+18,63875741925572,0.031,1.44,-0.019,0.06,-0.025,0.004,0.998,NaN,NaN,NaN,NaN,NaN,NaN,NaN,NaN,NaN,NaN,NaN,NaN,NaN,NaN,NaN,NaN,NaN,NaN,NaN,NaN,NaN,NaN,NaN,NaN,NaN,NaN,NaN,NaN,NaN,NaN,NaN,NaN
176486,1.00000113458788e+18,63875741925572,0.031,1.44,-0.019,0.06,-0.025,0.004,0.998,NaN,NaN,NaN,NaN,NaN,NaN,NaN,NaN,NaN,NaN,NaN,NaN,NaN,NaN,NaN,NaN,NaN,NaN,NaN,NaN,NaN,NaN,NaN,NaN,NaN,NaN,NaN,NaN,NaN,NaN,NaN,NaN
176487,1.0000011345929e+18,63875741925572,0.031,1.44,-0.019,0.06,-0.025,0.004,0.998,NaN,NaN,NaN,NaN,NaN,NaN,NaN,NaN,NaN,NaN,NaN,NaN,NaN,NaN,NaN,NaN,NaN,NaN,NaN,NaN,NaN,NaN,NaN,NaN,NaN,NaN,NaN,NaN,NaN,NaN,NaN,NaN
176488,1.00000113459791e+18,63875741925572,0.031,1.44,-0.019,0.06,-0.025,0.004,0.998,NaN,NaN,NaN,NaN,NaN,NaN,NaN,NaN,NaN,NaN,NaN,NaN,NaN,NaN,NaN,NaN,NaN,NaN,NaN,NaN,NaN,NaN,NaN,NaN,NaN,NaN,NaN,NaN,NaN,NaN,NaN,NaN
176489,1.00000113460296e+18,63875741925572,0.031,1.44,-0.019,0.06,-0.025,0.004,0.998,NaN,NaN,NaN,NaN,NaN,NaN,NaN,NaN,NaN,NaN,NaN,NaN,NaN,NaN,NaN,NaN,NaN,NaN,NaN,NaN,NaN,NaN,NaN,NaN,NaN,NaN,NaN,NaN,NaN,NaN,NaN,NaN
176490,1.00000113460796e+18,63875741925572,0.031,1.44,-0.019,0.06,-0.025,0.004,0.998,NaN,NaN,NaN,NaN,NaN,NaN,NaN,NaN,NaN,NaN,NaN,NaN,NaN,NaN,NaN,NaN,NaN,NaN,NaN,NaN,NaN,NaN,NaN,NaN,NaN,NaN,NaN,NaN,NaN,NaN,NaN,NaN
176491,1.00000113461291e+18,63875741925572,0.031,1.44,-0.019,0.06,-0.025,0.004,0.998,NaN,NaN,NaN,NaN,NaN,NaN,NaN,NaN,NaN,NaN,NaN,NaN,NaN,NaN,NaN,NaN,NaN,NaN,NaN,NaN,NaN,NaN,NaN,NaN,NaN,NaN,NaN,NaN,NaN,NaN,NaN,NaN
176492,1.00000113461793e+18,63875741925572,0.031,1.44,-0.019,0.06,-0.025,0.004,0.998,NaN,NaN,NaN,NaN,NaN,NaN,NaN,NaN,NaN,NaN,NaN,NaN,NaN,NaN,NaN,NaN,NaN,NaN,NaN,NaN,NaN,NaN,NaN,NaN,NaN,NaN,NaN,NaN,NaN,NaN,NaN,NaN
176493,1.00000113462295e+18,63875741925572,0.031,1.44,-0.019,0.06,-0.025,0.004,0.998,NaN,NaN,NaN,NaN,NaN,NaN,NaN,NaN,NaN,NaN,NaN,NaN,NaN,NaN,NaN,NaN,NaN,NaN,NaN,NaN,NaN,NaN,NaN,NaN,NaN,NaN,NaN,NaN,NaN,NaN,NaN,NaN
176494,1.00000113462795e+18,63875741925572,0.031,1.44,-0.019,0.06,-0.025,0.004,0.998,NaN,NaN,NaN,NaN,NaN,NaN,NaN,NaN,NaN,NaN,NaN,NaN,NaN,NaN,NaN,NaN,NaN,NaN,NaN,NaN,NaN,NaN,NaN,NaN,NaN,NaN,NaN,NaN,NaN,NaN,NaN,NaN
176495,1.00000113463297e+18,63875741925572,0.031,1.44,-0.019,0.06,-0.025,0.004,0.998,NaN,NaN,NaN,NaN,NaN,NaN,NaN,NaN,NaN,NaN,NaN,NaN,NaN,NaN,NaN,NaN,NaN,NaN,NaN,NaN,NaN,NaN,NaN,NaN,NaN,NaN,NaN,NaN,NaN,NaN,NaN,NaN
176496,1.00000113463798e+18,63875741925572,0.031,1.44,-0.019,0.06,-0.025,0.004,0.998,NaN,NaN,NaN,NaN,NaN,NaN,NaN,NaN,NaN,NaN,NaN,NaN,NaN,NaN,NaN,NaN,NaN,NaN,NaN,NaN,NaN,NaN,NaN,NaN,NaN,NaN,NaN,NaN,NaN,NaN,NaN,NaN
176497,1.000001134643e+18,63875741925572,0.031,1.44,-0.019,0.06,-0.025,0.004,0.998,NaN,NaN,NaN,NaN,NaN,NaN,NaN,NaN,NaN,NaN,NaN,NaN,NaN,NaN,NaN,NaN,NaN,NaN,NaN,NaN,NaN,NaN,NaN,NaN,NaN,NaN,NaN,NaN,NaN,NaN,NaN,NaN
176498,1.00000113464805e+18,63875741925572,0.031,1.44,-0.019,0.06,-0.025,0.004,0.998,NaN,NaN,NaN,NaN,NaN,NaN,NaN,NaN,NaN,NaN,NaN,NaN,NaN,NaN,NaN,NaN,NaN,NaN,NaN,NaN,NaN,NaN,NaN,NaN,NaN,NaN,NaN,NaN,NaN,NaN,NaN,NaN
176499,1.00000113465307e+18,63875741925572,0.031,1.44,-0.019,0.06,-0.025,0.004,0.998,NaN,NaN,NaN,NaN,NaN,NaN,NaN,NaN,NaN,NaN,NaN,NaN,NaN,NaN,NaN,NaN,NaN,NaN,NaN,NaN,NaN,NaN,NaN,NaN,NaN,NaN,NaN,NaN,NaN,NaN,NaN,NaN
176500,1.00000113465804e+18,63875741925572,0.031,1.44,-0.019,0.06,-0.025,0.004,0.998,NaN,NaN,NaN,NaN,NaN,NaN,NaN,NaN,NaN,NaN,NaN,NaN,NaN,NaN,NaN,NaN,NaN,NaN,NaN,NaN,NaN,NaN,NaN,NaN,NaN,NaN,NaN,NaN,NaN,NaN,NaN,NaN
176501,1.00000113466306e+18,63875741925572,0.031,1.44,-0.019,0.06,-0.025,0.004,0.998,NaN,NaN,NaN,NaN,NaN,NaN,NaN,NaN,NaN,NaN,NaN,NaN,NaN,NaN,NaN,NaN,NaN,NaN,NaN,NaN,NaN,NaN,NaN,NaN,NaN,NaN,NaN,NaN,NaN,NaN,NaN,NaN
176502,1.00000113466806e+18,63875741925572,0.031,1.44,-0.019,0.06,-0.025,0.004,0.998,NaN,NaN,NaN,NaN,NaN,NaN,NaN,NaN,NaN,NaN,NaN,NaN,NaN,NaN,NaN,NaN,NaN,NaN,NaN,NaN,NaN,NaN,NaN,NaN,NaN,NaN,NaN,NaN,NaN,NaN,NaN,NaN
176503,1.00000113467307e+18,63875741925572,0.031,1.44,-0.019,0.06,-0.025,0.004,0.998,NaN,NaN,NaN,NaN,NaN,NaN,NaN,NaN,NaN,NaN,NaN,NaN,NaN,NaN,NaN,NaN,NaN,NaN,NaN,NaN,NaN,NaN,NaN,NaN,NaN,NaN,NaN,NaN,NaN,NaN,NaN,NaN
176504,1.0000011346781e+18,63875741925572,0.031,1.44,-0.019,0.06,-0.025,0.004,0.998,NaN,NaN,NaN,NaN,NaN,NaN,NaN,NaN,NaN,NaN,NaN,NaN,NaN,NaN,NaN,NaN,NaN,NaN,NaN,NaN,NaN,NaN,NaN,NaN,NaN,NaN,NaN,NaN,NaN,NaN,NaN,NaN
176505,1.00000113468312e+18,63875741925572,0.031,1.44,-0.019,0.06,-0.025,0.004,0.998,NaN,NaN,NaN,NaN,NaN,NaN,NaN,NaN,NaN,NaN,NaN,NaN,NaN,NaN,NaN,NaN,NaN,NaN,NaN,NaN,NaN,NaN,NaN,NaN,NaN,NaN,NaN,NaN,NaN,NaN,NaN,NaN
176506,1.00000113468814e+18,63875741925572,0.031,1.44,-0.019,0.06,-0.025,0.004,0.998,NaN,0.253,0.682,0.686,0,0,0,64.325,NaN,NaN,NaN,NaN,NaN,NaN,NaN,NaN,0.337,0.586,0.737,0.032,0,0,0.509,3.242,6.373,NaN,2,0,NaN,NaN,NaN,NaN
176507,1.00000113469314e+18,63875741925584,0.031,1.44,-0.019,0.06,-0.025,0.004,0.998,NaN,0.337,0.686,0.645,0,0,0,64.325,NaN,NaN,NaN,NaN,NaN,NaN,NaN,NaN,0.39,0.649,0.654,0.032,0,0,0.507,3.231,6.373,NaN,2,0,NaN,NaN,NaN,NaN
176508,1.00000113469814e+18,63875741925584,0.031,1.44,-0.019,0.06,-0.025,0.004,0.998,NaN,0.394,0.677,0.621,0,0,0,64.325,NaN,0.291,0.173,0.941,-0.032,0,0,0.473,3.037,6.415,0.805,NaN,0.422,0.661,0.621,0.032,0,0,0.507,3.23,6.373,0.751,2,0
176509,1.00000113470316e+18,63875741925594,0.031,1.44,-0.019,0.059,-0.025,0.004,0.998,NaN,0.427,0.671,0.606,0,0,0,64.325,NaN,0.29,0.178,0.94,-0.032,0,0,0.476,3.051,6.415,0.812,NaN,0.441,0.663,0.605,0.032,0,0,0.513,3.27,6.373,0.765,2,0
176510,1.00000113470818e+18,63875741925594,0.031,1.44,-0.019,0.059,-0.025,0.004,0.998,NaN,0.399,0.586,0.706,0,0,0,64.325,NaN,0.225,0.433,0.873,-0.032,0,0,0.478,3.065,6.415,0.81,NaN,0.398,0.569,0.719,0.032,0,0,0.515,3.284,6.373,0.781,2,0
176511,1.0000011347132e+18,63875741925605,0.031,1.44,-0.019,0.059,-0.025,0.004,0.998,NaN,0.39,0.489,0.781,0,0,0,64.325,NaN,0.235,0.389,0.891,-0.032,0,0,0.478,3.069,6.415,0.814,NaN,0.402,0.491,0.773,0.032,0,0,0.517,3.297,6.373,0.796,2,0
176512,1.00000113471819e+18,63875741925605,0.031,1.44,-0.019,0.059,-0.025,0.004,0.998,NaN,0.336,0.36,0.871,0,0,0,64.325,NaN,0.238,0.374,0.896,-0.032,0,0,0.48,3.078,6.415,0.814,NaN,0.352,0.37,0.86,0.032,0,0,0.522,3.329,6.373,0.813,2,0
176513,1.00000113472321e+18,63875741925616,0.031,1.44,-0.019,0.059,-0.025,0.004,0.998,NaN,0.278,0.275,0.92,0,0,0,64.325,NaN,0.246,0.331,0.911,-0.032,0,0,0.481,3.083,6.415,0.814,NaN,0.291,0.283,0.914,0.032,0,0,0.525,3.348,6.373,0.827,2,0
176514,1.00000113472822e+18,63875741925616,0.031,1.44,-0.019,0.059,-0.025,0.004,0.998,NaN,0.239,0.239,0.941,0,0,0,64.325,NaN,0.251,0.286,0.925,-0.032,0,0,0.471,3.024,6.415,0.814,NaN,0.247,0.244,0.938,0.032,0,0,0.53,3.381,6.373,0.84,2,0
176515,1.00000113473325e+18,63875741925628,0.031,1.439,-0.019,0.059,-0.025,0.004,0.998,NaN,0.217,0.226,0.95,0,0,0,64.325,NaN,0.254,0.253,0.933,-0.032,0,0,0.467,2.998,6.415,0.816,NaN,0.221,0.228,0.948,0.032,0,0,0.562,3.58,6.373,0.851,2,0
176516,1.00000113473825e+18,63875741925628,0.031,1.439,-0.019,0.059,-0.025,0.004,0.998,NaN,0.206,0.223,0.953,0,0,0,64.325,NaN,0.255,0.238,0.937,-0.032,0,0,0.468,3.005,6.415,0.816,NaN,0.209,0.224,0.952,0.032,0,0,0.569,3.625,6.373,0.86,2,0
176517,1.00000113474326e+18,63875741925628,0.031,1.439,-0.019,0.059,-0.025,0.004,0.998,NaN,0.188,0.238,0.953,0,0,0,64.325,NaN,0.256,0.228,0.939,-0.032,0,0,0.47,3.013,6.415,0.818,NaN,0.189,0.239,0.952,0.032,0,0,0.573,3.652,6.373,0.87,0.897624,0
176518,1.00000113474825e+18,63875741925640,0.031,1.439,-0.019,0.059,-0.025,0.004,0.998,NaN,0.195,0.236,0.952,0,0,0,64.325,NaN,0.256,0.222,0.941,-0.032,0,0,0.47,3.017,6.415,0.819,NaN,0.196,0.236,0.952,0.032,0,0,0.575,3.664,6.373,0.878,0.9698476,0
176519,1.00000113475325e+18,63875741925640,0.031,1.439,-0.019,0.059,-0.025,0.004,0.998,NaN,0.2,0.236,0.951,0,0,0,64.325,NaN,0.257,0.218,0.942,-0.032,0,0,0.471,3.019,6.415,0.819,NaN,0.2,0.236,0.951,0.032,0,0,0.578,3.68,6.373,0.885,1.010672,0
176520,1.00000113475826e+18,63875741925651,0.031,1.439,-0.019,0.059,-0.024,0.003,0.998,NaN,0.192,0.249,0.949,0,0,0,64.325,NaN,0.257,0.216,0.942,-0.032,0,0,0.471,3.022,6.415,0.82,NaN,0.192,0.249,0.949,0.032,0,0,0.581,3.702,6.373,0.892,0.7790405,0
176521,1.0000011347633e+18,63875741925651,0.031,1.439,-0.019,0.059,-0.024,0.003,0.998,NaN,0.189,0.26,0.947,0,0,0,64.325,NaN,0.257,0.215,0.942,-0.032,0,0,0.471,3.024,6.415,0.821,NaN,0.189,0.26,0.947,0.032,0,0,0.585,3.73,6.373,0.899,0.653298,0
176522,1.00000113476831e+18,63875741925661,0.031,1.439,-0.019,0.059,-0.024,0.003,0.998,NaN,0.187,0.268,0.945,0,0,0,64.325,NaN,0.257,0.216,0.942,-0.032,0,0,0.472,3.027,6.415,0.822,NaN,0.188,0.268,0.945,0.032,0,0,0.587,3.742,6.373,0.905,0.5945332,0
176523,1.00000113477332e+18,63875741925661,0.031,1.439,-0.019,0.059,-0.024,0.003,0.998,NaN,0.199,0.267,0.943,0,0,0,64.325,NaN,0.256,0.22,0.941,-0.032,0,0,0.478,3.066,6.415,0.824,NaN,0.199,0.267,0.943,0.032,0,0,0.59,3.758,6.373,0.911,0.6794162,0
176524,1.00000113477833e+18,63875741925672,0.031,1.439,-0.019,0.059,-0.024,0.003,0.998,NaN,0.206,0.268,0.941,0,0,0,64.325,NaN,0.255,0.23,0.939,-0.032,0,0,0.525,3.368,6.415,0.825,NaN,0.206,0.268,0.941,0.032,0,0,0.591,3.769,6.373,0.916,0.8138739,0
176525,1.00000113478333e+18,63875741925672,0.031,1.439,-0.019,0.059,-0.024,0.003,0.998,NaN,0.211,0.271,0.939,0,0,0,64.325,NaN,0.254,0.237,0.938,-0.032,0,0,0.534,3.427,6.415,0.827,NaN,0.211,0.271,0.939,0.032,0,0,0.593,3.777,6.373,0.922,0.9098554,0
176526,1.00000113478836e+18,63875741925684,0.031,1.439,-0.019,0.059,-0.024,0.003,0.998,NaN,0.215,0.275,0.937,0,0,0,64.325,NaN,0.252,0.242,0.937,-0.032,0,0,0.541,3.473,6.415,0.828,NaN,0.215,0.274,0.937,0.032,0,0,0.593,3.782,6.373,0.927,2,0
176527,1.00000113479337e+18,63875741925684,0.031,1.439,-0.019,0.059,-0.024,0.003,0.998,NaN,0.218,0.279,0.935,0,0,0,64.325,NaN,0.249,0.246,0.937,-0.032,0,0,0.551,3.536,6.415,0.829,NaN,0.218,0.278,0.935,0.032,0,0,0.595,3.794,6.373,0.932,2,0
176528,1.00000113479839e+18,63875741925684,0.031,1.439,-0.019,0.059,-0.024,0.003,0.998,NaN,0.22,0.283,0.934,0,0,0,64.325,NaN,0.246,0.25,0.937,-0.032,0,0,0.559,3.587,6.415,0.831,NaN,0.22,0.283,0.934,0.032,0,0,0.597,3.806,6.373,0.937,2,0
176529,1.00000113480339e+18,63875741925694,0.031,1.439,-0.019,0.059,-0.024,0.003,0.998,NaN,0.222,0.287,0.932,0,0,0,64.325,NaN,0.243,0.251,0.937,-0.032,0,0,0.567,3.641,6.415,0.833,NaN,0.223,0.287,0.932,0.032,0,0,0.6,3.821,6.373,0.942,2,0
176530,1.0000011348084e+18,63875741925694,0.031,1.439,-0.019,0.059,-0.024,0.003,0.998,NaN,0.222,0.287,0.932,0,0,0,64.325,NaN,0.24,0.254,0.937,-0.032,0,0,0.569,3.652,6.415,0.834,NaN,0.223,0.287,0.932,0.032,0,0,0.595,3.795,6.373,0.947,2,0
176531,1.00000113481341e+18,63875741925704,0.031,1.439,-0.019,0.059,-0.024,0.003,0.998,NaN,0.222,0.286,0.932,0,0,0,64.325,NaN,0.237,0.258,0.937,-0.032,0,0,0.572,3.672,6.415,0.835,NaN,0.223,0.286,0.932,0.032,0,0,0.592,3.774,6.373,0.951,2,0
176532,1.00000113481841e+18,63875741925714,0.031,1.439,-0.019,0.059,-0.024,0.003,0.998,NaN,0.222,0.284,0.933,0,0,0,64.325,NaN,0.234,0.263,0.936,-0.032,0,0,0.573,3.678,6.415,0.837,NaN,0.222,0.284,0.933,0.032,0,0,0.59,3.759,6.373,0.956,2,0
176533,1.00000113482346e+18,63875741925714,0.031,1.439,-0.019,0.059,-0.024,0.003,0.998,NaN,0.222,0.283,0.933,0,0,0,64.325,NaN,0.231,0.268,0.935,-0.032,0,0,0.574,3.682,6.415,0.837,NaN,0.222,0.283,0.933,0.032,0,0,0.588,3.748,6.373,0.96,2,0
176534,1.00000113482846e+18,63875741925725,0.031,1.439,-0.019,0.059,-0.024,0.002,0.998,NaN,0.222,0.281,0.934,0,0,0,64.325,NaN,0.229,0.272,0.935,-0.032,0,0,0.574,3.683,6.415,0.839,NaN,0.222,0.281,0.934,0.032,0,0,0.587,3.741,6.373,0.964,2,0
176535,1.00000113483348e+18,63875741925725,0.031,1.439,-0.019,0.059,-0.024,0.002,0.998,NaN,0.221,0.28,0.934,0,0,0,64.325,NaN,0.228,0.275,0.934,-0.032,0,0,0.574,3.683,6.415,0.841,NaN,0.221,0.28,0.934,0.032,0,0,0.586,3.735,6.373,0.968,2,0
176536,1.00000113483849e+18,63875741925725,0.031,1.439,-0.019,0.059,-0.024,0.002,0.998,NaN,0.221,0.279,0.935,0,0,0,64.325,NaN,0.226,0.278,0.934,-0.032,0,0,0.574,3.683,6.415,0.842,NaN,0.221,0.279,0.935,0.032,0,0,0.585,3.731,6.373,0.971,2,0
176537,1.0000011348435e+18,63875741925736,0.031,1.439,-0.019,0.059,-0.024,0.002,0.998,NaN,0.221,0.277,0.935,0,0,0,64.325,NaN,0.225,0.28,0.933,-0.032,0,0,0.574,3.684,6.415,0.843,NaN,0.221,0.278,0.935,0.032,0,0,0.585,3.728,6.373,0.975,2,0
176538,1.00000113484851e+18,63875741925736,0.031,1.439,-0.019,0.059,-0.024,0.002,0.998,NaN,0.221,0.277,0.935,0,0,0,64.325,NaN,0.224,0.281,0.933,-0.032,0,0,0.574,3.682,6.415,0.844,NaN,0.221,0.277,0.935,0.032,0,0,0.585,3.726,6.373,0.978,2,0
176539,1.00000113485352e+18,63875741925748,0.031,1.439,-0.019,0.059,-0.024,0.002,0.998,NaN,0.22,0.276,0.936,0,0,0,64.325,NaN,0.223,0.283,0.933,-0.032,0,0,0.574,3.68,6.415,0.851,NaN,0.22,0.276,0.936,0.032,0,0,0.584,3.722,6.373,0.98,2,0
176540,1.00000113485853e+18,63875741925748,0.031,1.439,-0.019,0.059,-0.024,0.002,0.998,NaN,0.22,0.275,0.936,0,0,0,64.325,NaN,0.223,0.284,0.933,-0.032,0,0,0.574,3.68,6.415,0.858,NaN,0.22,0.275,0.936,0.032,0,0,0.584,3.719,6.373,0.982,2,0
176541,1.00000113486354e+18,63875741925748,0.031,1.439,-0.019,0.059,-0.024,0.002,0.998,NaN,0.222,0.278,0.934,0,0,0,64.325,NaN,0.222,0.285,0.932,-0.032,0,0,0.574,3.683,6.415,0.866,NaN,0.222,0.278,0.934,0.032,0,0,0.583,3.717,6.373,0.984,2,0
176542,1.00000113486854e+18,63875741925759,0.031,1.439,-0.019,0.059,-0.024,0.002,0.998,NaN,0.223,0.281,0.933,0,0,0,64.325,NaN,0.222,0.285,0.932,-0.032,0,0,0.574,3.683,6.415,0.874,NaN,0.223,0.281,0.933,0.032,0,0,0.583,3.715,6.373,0.986,2,0
176543,1.00000113487355e+18,63875741925759,0.031,1.439,-0.019,0.059,-0.024,0.002,0.998,NaN,0.219,0.282,0.934,0,0,0,64.325,NaN,0.22,0.286,0.933,-0.032,0,0,0,0,6.415,0.879,NaN,0.214,0.282,0.935,0.032,0,0,0,0,6.373,0.987,2,0
176544,1.00000113487857e+18,63875741925770,0.031,1.439,-0.019,0.059,-0.024,0.002,0.998,NaN,0.207,0.283,0.937,0,0,0,64.325,NaN,0.212,0.287,0.934,-0.032,0,0,0,0,6.415,0.887,NaN,0.193,0.284,0.939,0.032,0,0,0,0,6.373,0.988,2,0
176545,1.00000113488358e+18,63875741925780,0.031,1.439,-0.019,0.059,-0.024,0.002,0.998,NaN,0.188,0.284,0.94,0,0,0,64.325,NaN,0.199,0.287,0.937,-0.032,0,0,0,0,6.415,0.896,NaN,0.164,0.285,0.944,0.032,0,0,0,0,6.373,0.989,2,0
176546,1.00000113488861e+18,63875741925780,0.031,1.439,-0.019,0.059,-0.024,0.002,0.998,NaN,0.165,0.285,0.944,0,0,0,64.325,NaN,0.177,0.287,0.941,-0.032,0,0,0,0,6.415,0.904,NaN,0.146,0.286,0.947,0.032,0,0,0,0,6.373,0.99,2,0
176547,1.00000113489362e+18,63875741925780,0.031,1.439,-0.019,0.059,-0.024,0.002,0.998,NaN,0.114,0.288,0.951,0,0,0,64.325,NaN,0.151,0.287,0.946,-0.032,0,0,0,0,6.415,0.91,NaN,0.1,0.288,0.952,0.032,0,0,0,0,6.373,0.991,2,0
176548,1.00000113489864e+18,63875741925792,0.031,1.439,-0.019,0.059,-0.024,0.002,0.998,NaN,0.067,0.289,0.955,0,0,0,64.325,NaN,0.123,0.287,0.95,-0.032,0,0,0,0,6.415,0.918,NaN,0.059,0.289,0.956,0.032,0,0,0,0,6.373,0.991,0.9889352,0
176549,1.00000113490365e+18,63875741925792,0.031,1.439,-0.019,0.059,-0.024,0.002,0.998,NaN,0.023,0.289,0.957,0,0,0,64.325,NaN,0.098,0.287,0.953,-0.032,0,0,0,0,6.415,0.926,NaN,0.018,0.289,0.957,0.032,0,0,0,0,6.373,0.992,0.79627,0
176550,1.00000113490865e+18,63875741925792,0.031,1.439,-0.019,0.059,-0.024,0.002,0.998,NaN,-0.01,0.289,0.957,0,0,0,64.325,NaN,0.078,0.286,0.955,-0.032,0,0,0.566,3.629,6.415,0.932,NaN,-0.012,0.289,0.957,0.032,0,0,0.577,3.678,6.373,0.992,0.7054625,0
176551,1.00000113491366e+18,63875741925805,0.031,1.439,-0.019,0.058,-0.023,0.002,0.998,NaN,-0.004,0.288,0.958,0,0,0,64.325,NaN,0.065,0.285,0.956,-0.032,0,0,0,0,6.415,0.936,NaN,-0.023,0.288,0.957,0.032,0,0,0,0,6.373,0.993,0.7313449,0
176552,1.00000113491867e+18,63875741925805,0.031,1.439,-0.019,0.058,-0.023,0.002,0.998,NaN,-0.002,0.286,0.958,0,0,0,64.325,NaN,0.056,0.282,0.958,-0.032,0,0,0,0,6.415,0.938,NaN,-0.029,0.288,0.957,0.032,0,0,0,0,6.373,0.993,0.7474868,0
176553,1.00000113492368e+18,63875741925816,0.031,1.439,-0.019,0.058,-0.023,0.002,0.998,NaN,-0.001,0.284,0.959,0,0,0,64.325,NaN,0.05,0.279,0.959,-0.032,0,0,0,0,6.415,0.941,NaN,-0.033,0.288,0.957,0.032,0,0,0,0,6.373,0.994,0.7570371,0
176554,1.0000011349287e+18,63875741925816,0.031,1.439,-0.019,0.058,-0.023,0.002,0.998,NaN,-0.001,0.282,0.959,0,0,0,64.325,NaN,0.046,0.275,0.96,-0.032,0,0,0,0,6.415,0.943,NaN,-0.036,0.287,0.957,0.032,0,0,0,0,6.373,0.994,0.7593383,0
176555,1.00000113493374e+18,63875741925827,0.031,1.439,-0.019,0.058,-0.023,0.002,0.998,NaN,-0.001,0.28,0.96,0,0,0,64.325,NaN,0.044,0.271,0.962,-0.032,0,0,0,0,6.415,0.946,NaN,-0.038,0.287,0.957,0.032,0,0,0,0,6.373,0.994,0.7560805,0
176556,1.00000113493876e+18,63875741925827,0.031,1.439,-0.019,0.058,-0.023,0.002,0.998,NaN,-0.001,0.278,0.961,0,0,0,64.325,NaN,0.042,0.268,0.963,-0.032,0,0,0,0,6.415,0.949,NaN,-0.039,0.286,0.957,0.032,0,0,0,0,6.373,0.995,0.749484,0
176557,1.00000113494378e+18,63875741925839,0.031,1.439,-0.019,0.058,-0.023,0.002,0.998,NaN,-0.001,0.276,0.961,0,0,0,64.325,NaN,0.041,0.265,0.963,-0.032,0,0,0,0,6.415,0.951,NaN,-0.039,0.286,0.957,0.032,0,0,0,0,6.373,0.995,0.7403215,0
176558,1.00000113494879e+18,63875741925839,0.031,1.439,-0.019,0.058,-0.023,0.002,0.998,NaN,-0.001,0.275,0.962,0,0,0,64.325,NaN,0.041,0.262,0.964,-0.032,0,0,0,0,6.415,0.954,NaN,-0.04,0.285,0.958,0.032,0,0,0,0,6.373,0.995,0.7299129,0
176559,1.00000113495381e+18,63875741925839,0.031,1.439,-0.019,0.058,-0.023,0.002,0.998,NaN,-0.001,0.273,0.962,0,0,0,64.325,NaN,0.04,0.259,0.965,-0.032,0,0,0,0,6.415,0.954,NaN,-0.04,0.285,0.958,0.032,0,0,0,0,6.373,0.995,0.7194319,0
176560,1.0000011349588e+18,63875741925850,0.031,1.439,-0.019,0.058,-0.023,0.002,0.998,NaN,-0.001,0.272,0.962,0,0,0,64.325,NaN,0.04,0.257,0.966,-0.032,0,0,0,0,6.415,0.955,NaN,-0.04,0.284,0.958,0.032,0,0,0,0,6.373,0.996,0.7092065,0
176561,1.00000113496377e+18,63875741925850,0.031,1.439,-0.019,0.058,-0.023,0.002,0.998,NaN,-0.001,0.27,0.963,0,0,0,64.325,NaN,0.04,0.255,0.966,-0.032,0,0,0,0,6.415,0.957,NaN,-0.04,0.284,0.958,0.032,0,0,0,0,6.373,0.996,0.6989623,0
176562,1.00000113496879e+18,63875741925861,0.031,1.439,-0.019,0.058,-0.023,0.001,0.998,NaN,0,0.269,0.963,0,0,0,64.325,NaN,0.04,0.253,0.967,-0.032,0,0,0,0,6.415,0.958,NaN,-0.04,0.283,0.958,0.032,0,0,0,0,6.373,0.996,0.6902475,0
176563,1.00000113497386e+18,63875741925861,0.031,1.439,-0.019,0.058,-0.023,0.001,0.998,NaN,0,0.268,0.963,0,0,0,64.325,NaN,0.04,0.251,0.967,-0.032,0,0,0,0,6.415,0.959,NaN,-0.04,0.283,0.958,0.032,0,0,0,0,6.373,0.996,0.6838864,0
176564,1.00000113497888e+18,63875741925873,0.031,1.439,-0.019,0.058,-0.023,0.001,0.998,NaN,0,0.267,0.964,0,0,0,64.325,NaN,0.04,0.25,0.967,-0.032,0,0,0,0,6.415,0.96,NaN,-0.04,0.282,0.958,0.032,0,0,0,0,6.373,0.996,0.6792811,0
176565,1.00000113498395e+18,63875741925873,0.031,1.439,-0.019,0.058,-0.023,0.001,0.998,NaN,0,0.266,0.964,0,0,0,64.325,NaN,0.04,0.249,0.968,-0.032,0,0,0,0,6.415,0.96,NaN,-0.04,0.282,0.959,0.032,0,0,0,0,6.373,0.997,0.6760737,0
176566,1.00000113498903e+18,63875741925884,0.031,1.439,-0.019,0.058,-0.023,0.001,0.998,NaN,0,0.266,0.964,0,0,0,64.325,NaN,0.04,0.249,0.968,-0.032,0,0,0,0,6.415,0.96,NaN,-0.041,0.282,0.959,0.032,0,0,0,0,6.373,0.997,0.6765925,0
176567,1.00000113499404e+18,63875741925895,0.031,1.439,-0.019,0.058,-0.023,0.001,0.998,NaN,0,0.265,0.964,0,0,0,64.325,NaN,0.04,0.248,0.968,-0.032,0,0,0,0,6.415,0.962,NaN,-0.041,0.281,0.959,0.032,0,0,0,0,6.373,0.997,0.6779379,0
176568,1.00000113499892e+18,63875741925895,0.031,1.439,-0.019,0.058,-0.023,0.001,0.998,NaN,-0.001,0.264,0.964,0,0,0,64.325,NaN,0.04,0.248,0.968,-0.032,0,0,0,0,6.415,0.962,NaN,-0.041,0.281,0.959,0.032,0,0,0,0,6.373,0.997,0.6777344,0.05133661
176569,1.00000113500394e+18,63875741925895,0.031,1.439,-0.019,0.058,-0.023,0.001,0.998,NaN,-0.001,0.264,0.965,0,0,0,64.325,NaN,0.039,0.247,0.968,-0.032,0,0,0,0,6.415,0.962,NaN,-0.041,0.28,0.959,0.032,0,0,0,0,6.373,0.997,0.6776665,0.2576952
176570,1.0000011350089e+18,63875741925895,0.031,1.439,-0.019,0.058,-0.023,0.001,0.998,NaN,-0.001,0.264,0.965,0,0,0,64.325,NaN,0.039,0.247,0.968,-0.032,0,0,0,0,6.415,0.964,NaN,-0.041,0.28,0.959,0.032,0,0,0,0,6.373,0.997,0.67794,1
176571,1.00000113501392e+18,63875741925906,0.031,1.439,-0.019,0.058,-0.023,0.001,0.998,NaN,-0.001,0.263,0.965,0,0,0,64.325,NaN,0.039,0.247,0.968,-0.032,0,0,0,0,6.415,0.965,NaN,-0.041,0.28,0.959,0.032,0,0,0,0,6.373,0.997,0.6782959,1
176572,1.00000113501892e+18,63875741925906,0.031,1.439,-0.019,0.058,-0.023,0.001,0.998,NaN,-0.001,0.263,0.965,0,0,0,64.325,NaN,0.039,0.246,0.968,-0.032,0,0,0,0,6.415,0.965,NaN,-0.041,0.279,0.959,0.032,0,0,0,0,6.373,0.997,0.6790668,1
176573,1.00000113502395e+18,63875741925917,0.031,1.439,-0.019,0.058,-0.023,0.002,0.998,NaN,-0.001,0.263,0.965,0,0,0,64.325,NaN,0.039,0.246,0.968,-0.032,0,0,0,0,6.415,0.966,NaN,-0.04,0.279,0.959,0.032,0,0,0,0,6.373,0.998,0.6798688,1
176574,1.00000113502897e+18,63875741925917,0.031,1.439,-0.019,0.058,-0.023,0.002,0.998,NaN,-0.001,0.263,0.965,0,0,0,64.325,NaN,0.039,0.246,0.968,-0.032,0,0,0,0,6.415,0.967,NaN,-0.04,0.279,0.959,0.032,0,0,0,0,6.373,0.998,0.6806249,1
176575,1.00000113503397e+18,63875741925928,0.031,1.439,-0.019,0.058,-0.023,0.002,0.998,NaN,-0.001,0.262,0.965,0,0,0,64.325,NaN,0.039,0.246,0.968,-0.032,0,0,0,0,6.415,0.966,NaN,-0.04,0.279,0.96,0.032,0,0,0,0,6.373,0.998,0.6810856,1
176576,1.00000113503899e+18,63875741925928,0.031,1.439,-0.019,0.058,-0.023,0.002,0.998,NaN,-0.001,0.262,0.965,0,0,0,64.325,NaN,0.039,0.246,0.969,-0.032,0,0,0,0,6.415,0.967,NaN,-0.04,0.278,0.96,0.032,0,0,0,0,6.373,0.998,0.681687,1
176577,1.00000113504402e+18,63875741925939,0.031,1.438,-0.019,0.058,-0.023,0.002,0.998,NaN,-0.001,0.262,0.965,0,0,0,64.325,NaN,0.039,0.246,0.969,-0.032,0,0,0,0,6.415,0.968,NaN,-0.04,0.278,0.96,0.032,0,0,0,0,6.373,0.998,0.682364,1
176578,1.00000113504904e+18,63875741925939,0.031,1.438,-0.019,0.058,-0.023,0.002,0.998,NaN,-0.001,0.262,0.965,0,0,0,64.325,NaN,0.039,0.246,0.969,-0.032,0,0,0,0,6.415,0.969,NaN,-0.04,0.278,0.96,0.032,0,0,0,0,6.373,0.998,0.6843205,1
176579,1.00000113505402e+18,63875741925939,0.031,1.438,-0.019,0.058,-0.023,0.002,0.998,NaN,-0.001,0.262,0.965,0,0,0,64.325,NaN,0.039,0.246,0.969,-0.032,0,0,0,0,6.415,0.969,NaN,-0.04,0.278,0.96,0.032,0,0,0,0,6.373,0.998,0.6863269,1
176580,1.000001135059e+18,63875741925950,0.031,1.438,-0.019,0.058,-0.023,0.002,0.998,NaN,-0.001,0.262,0.965,0,0,0,64.325,NaN,0.039,0.246,0.969,-0.032,0,0,0,0,6.415,0.969,NaN,-0.04,0.278,0.96,0.032,0,0,0,0,6.373,0.998,0.688202,1
176581,1.00000113506402e+18,63875741925950,0.031,1.438,-0.019,0.058,-0.023,0.002,0.998,NaN,-0.001,0.262,0.965,0,0,0,64.325,NaN,0.039,0.246,0.969,-0.032,0,0,0,0,6.415,0.97,NaN,-0.04,0.278,0.96,0.032,0,0,0,0,6.373,0.998,0.6892565,1
176582,1.00000113506904e+18,63875741925961,0.031,1.438,-0.019,0.058,-0.023,0.002,0.998,NaN,-0.001,0.262,0.965,0,0,0,64.325,NaN,0.039,0.246,0.969,-0.032,0,0,0,0,6.415,0.969,NaN,-0.04,0.278,0.96,0.032,0,0,0,0,6.373,0.998,0.6900455,1
176583,1.00000113507406e+18,63875741925962,0.031,1.438,-0.019,0.058,-0.023,0.002,0.998,NaN,-0.001,0.262,0.965,0,0,0,64.325,NaN,0.039,0.246,0.969,-0.032,0,0,0,0,6.415,0.969,NaN,-0.04,0.278,0.96,0.032,0,0,0,0,6.373,0.998,0.6943942,1
176584,1.00000113507907e+18,63875741925973,0.031,1.439,-0.019,0.058,-0.023,0.002,0.998,NaN,-0.001,0.262,0.965,0,0,0,64.325,NaN,0.038,0.246,0.968,-0.032,0,0,0,0,6.415,0.97,NaN,-0.04,0.277,0.96,0.032,0,0,0,0,6.373,0.998,0.6982049,1
176585,1.00000113508409e+18,63875741925973,0.031,1.439,-0.019,0.058,-0.023,0.002,0.998,NaN,-0.001,0.262,0.965,0,0,0,64.325,NaN,0.038,0.246,0.968,-0.032,0,0,0,0,6.415,0.971,NaN,-0.04,0.277,0.96,0.032,0,0,0,0,6.373,0.998,0.7016683,1
176586,1.0000011350891e+18,63875741925984,0.031,1.439,-0.019,0.058,-0.023,0.002,0.998,NaN,-0.001,0.262,0.965,0,0,0,64.325,NaN,0.038,0.247,0.968,-0.032,0,0,0,0,6.415,0.971,NaN,-0.04,0.277,0.96,0.032,0,0,0,0,6.373,0.999,0.7049177,1
176587,1.0000011350941e+18,63875741925985,0.031,1.439,-0.019,0.058,-0.023,0.002,0.998,NaN,-0.001,0.262,0.965,0,0,0,64.325,NaN,0.038,0.247,0.968,-0.032,0,0,0,0,6.415,0.972,NaN,-0.04,0.277,0.96,0.032,0,0,0,0,6.373,0.999,0.7077651,1
176588,1.00000113509911e+18,63875741925985,0.031,1.439,-0.019,0.058,-0.023,0.002,0.998,NaN,-0.001,0.262,0.965,0,0,0,64.325,NaN,0.038,0.247,0.968,-0.032,0,0,0,0,6.415,0.973,NaN,-0.04,0.277,0.96,0.032,0,0,0,0,6.373,0.999,0.7100374,1
176589,1.00000113510412e+18,63875741925995,0.031,1.439,-0.019,0.058,-0.024,0.002,0.998,NaN,-0.001,0.262,0.965,0,0,0,64.325,NaN,0.038,0.247,0.968,-0.032,0,0,0,0,6.415,0.973,NaN,-0.04,0.277,0.96,0.032,0,0,0,0,6.373,0.999,0.7123128,1
176590,1.00000113510913e+18,63875741925995,0.031,1.439,-0.019,0.058,-0.024,0.002,0.998,NaN,-0.001,0.262,0.965,0,0,0,64.325,NaN,0.038,0.247,0.968,-0.032,0,0,0,0,6.415,0.974,NaN,-0.04,0.277,0.96,0.032,0,0,0,0,6.373,0.999,0.7146195,1
176591,1.00000113511413e+18,63875741926006,0.031,1.439,-0.019,0.058,-0.024,0.002,0.998,NaN,-0.001,0.262,0.965,0,0,0,64.325,NaN,0.037,0.247,0.968,-0.032,0,0,0,0,6.415,0.975,NaN,-0.04,0.277,0.96,0.032,0,0,0,0,6.373,0.999,0.7168143,1
176592,1.00000113511915e+18,63875741926006,0.031,1.439,-0.019,0.058,-0.024,0.002,0.998,NaN,-0.001,0.262,0.965,0,0,0,64.325,NaN,0.037,0.247,0.968,-0.032,0,0,0,0,6.415,0.976,NaN,-0.04,0.276,0.96,0.032,0,0,0,0,6.373,0.999,0.7187079,1
176593,1.00000113512415e+18,63875741926017,0.031,1.439,-0.019,0.058,-0.024,0.002,0.998,NaN,-0.001,0.262,0.965,0,0,0,64.325,NaN,0.037,0.247,0.968,-0.032,0,0,0,0,6.415,0.977,NaN,-0.04,0.276,0.96,0.032,0,0,0,0,6.373,0.999,0.7202996,1
176594,1.00000113512918e+18,63875741926017,0.031,1.439,-0.019,0.058,-0.024,0.002,0.998,NaN,-0.001,0.263,0.965,0,0,0,64.325,NaN,0.037,0.247,0.968,-0.032,0,0,0,0,6.415,0.976,NaN,-0.038,0.277,0.96,0.032,0,0,0,0,6.373,0.999,0.7268678,0.6950095
176595,1.00000113513419e+18,63875741926029,0.031,1.439,-0.019,0.058,-0.024,0.002,0.998,NaN,-0.002,0.264,0.964,0,0,0,64.325,NaN,0.031,0.249,0.968,-0.032,0,0,0,0,6.415,0.977,NaN,-0.036,0.277,0.96,0.032,0,0,0,0,6.373,0.999,0.8044475,0.5527081
176596,1.00000113513921e+18,63875741926029,0.031,1.439,-0.019,0.058,-0.024,0.002,0.998,NaN,-0.009,0.264,0.965,0,0,0,64.325,NaN,0.022,0.249,0.968,-0.032,0,0,0,0,6.415,0.977,NaN,-0.037,0.274,0.961,0.032,0,0,0,0,6.373,0.999,0.9080208,0
176597,1.00000113514421e+18,63875741926029,0.031,1.439,-0.019,0.058,-0.024,0.002,0.998,NaN,-0.019,0.26,0.965,0,0,0,64.325,NaN,0.017,0.243,0.97,-0.032,0,0,0,0,6.415,0.979,NaN,-0.039,0.267,0.963,0.032,0,0,0,0,6.373,0.999,0.9504137,0
176598,1.00000113514922e+18,63875741926040,0.031,1.439,-0.019,0.058,-0.024,0.003,0.998,NaN,-0.034,0.253,0.967,0,0,0,64.325,NaN,-0.005,0.238,0.971,-0.032,0,0,0.539,3.458,6.415,0.979,NaN,-0.043,0.255,0.966,0.032,0,0,0.564,3.596,6.373,0.998,2,0
176599,1.00000113515423e+18,63875741926040,0.031,1.439,-0.019,0.058,-0.024,0.003,0.998,NaN,-0.05,0.241,0.969,0,0,0,64.325,NaN,-0.026,0.229,0.973,-0.032,0,0,0.538,3.449,6.415,0.979,NaN,-0.051,0.24,0.969,0.032,0,0,0.564,3.593,6.373,0.997,2,0
176600,1.0000011351593e+18,63875741926051,0.031,1.439,-0.019,0.058,-0.024,0.003,0.998,NaN,-0.065,0.225,0.972,0,0,0,64.325,NaN,-0.051,0.218,0.975,-0.032,0,0,0.536,3.438,6.415,0.979,NaN,-0.061,0.222,0.973,0.032,0,0,0.564,3.592,6.373,0.995,2,0
176601,1.0000011351643e+18,63875741926051,0.031,1.439,-0.019,0.058,-0.024,0.003,0.998,NaN,-0.078,0.21,0.975,0,0,0,64.325,NaN,-0.063,0.206,0.977,-0.032,0,0,0.536,3.437,6.415,0.979,NaN,-0.072,0.206,0.976,0.032,0,0,0.563,3.591,6.373,0.993,2,0
176602,1.00000113516931e+18,63875741926062,0.031,1.439,-0.019,0.058,-0.024,0.003,0.998,NaN,-0.088,0.196,0.977,0,0,0,64.325,NaN,-0.08,0.194,0.978,-0.032,0,0,0.556,3.568,6.415,0.979,NaN,-0.081,0.192,0.978,0.032,0,0,0.563,3.588,6.373,0.991,2,0
176603,1.00000113517433e+18,63875741926062,0.031,1.439,-0.019,0.058,-0.024,0.003,0.998,NaN,-0.095,0.185,0.978,0,0,0,64.325,NaN,-0.09,0.185,0.979,-0.032,0,0,0.561,3.602,6.415,0.979,NaN,-0.089,0.181,0.979,0.032,0,0,0.562,3.581,6.373,0.988,2,0
176604,1.00000113517933e+18,63875741926073,0.031,1.439,-0.019,0.058,-0.024,0.003,0.998,NaN,-0.1,0.176,0.979,0,0,0,64.325,NaN,-0.097,0.176,0.98,-0.032,0,0,0.564,3.618,6.415,0.979,NaN,-0.094,0.173,0.98,0.032,0,0,0.561,3.574,6.373,0.979,2,0
176605,1.00000113518434e+18,63875741926073,0.031,1.439,-0.019,0.058,-0.024,0.003,0.998,NaN,-0.103,0.169,0.98,0,0,0,64.325,NaN,-0.101,0.17,0.98,-0.032,0,0,0.565,3.622,6.415,0.979,NaN,-0.098,0.167,0.981,0.032,0,0,0.56,3.568,6.373,0.97,2,0
176606,1.00000113518935e+18,63875741926085,0.031,1.438,-0.019,0.058,-0.025,0.003,0.998,NaN,-0.104,0.164,0.981,0,0,0,64.325,NaN,-0.103,0.165,0.981,-0.032,0,0,0.566,3.63,6.415,0.979,NaN,-0.1,0.162,0.982,0.032,0,0,0.559,3.563,6.373,0.962,2,0
176607,1.00000113519437e+18,63875741926085,0.031,1.438,-0.019,0.058,-0.025,0.003,0.998,NaN,-0.105,0.16,0.982,0,0,0,64.325,NaN,-0.105,0.16,0.981,-0.032,0,0,0.566,3.633,6.415,0.979,NaN,-0.102,0.158,0.982,0.032,0,0,0.558,3.557,6.373,0.955,2,0
176608,1.00000113519938e+18,63875741926095,0.031,1.439,-0.019,0.058,-0.025,0.003,0.998,NaN,-0.106,0.156,0.982,0,0,0,64.325,NaN,-0.106,0.157,0.982,-0.032,0,0,0.566,3.633,6.415,0.979,NaN,-0.103,0.155,0.982,0.032,0,0,0.557,3.551,6.373,0.948,2,0
176609,1.00000113520438e+18,63875741926095,0.031,1.439,-0.019,0.058,-0.025,0.003,0.998,NaN,-0.106,0.154,0.982,0,0,0,64.325,NaN,-0.106,0.154,0.982,-0.032,0,0,0.566,3.632,6.415,0.979,NaN,-0.104,0.153,0.983,0.032,0,0,0.556,3.546,6.373,0.943,2,0
176610,1.00000113520939e+18,63875741926095,0.031,1.439,-0.019,0.058,-0.025,0.003,0.998,NaN,-0.107,0.152,0.983,0,0,0,64.325,NaN,-0.107,0.152,0.983,-0.032,0,0,0.566,3.628,6.415,0.979,NaN,-0.105,0.151,0.983,0.032,0,0,0.556,3.54,6.373,0.939,2,0
176611,1.0000011352144e+18,63875741926107,0.031,1.438,-0.019,0.059,-0.025,0.003,0.998,NaN,-0.107,0.15,0.983,0,0,0,64.325,NaN,-0.107,0.151,0.983,-0.032,0,0,0.565,3.625,6.415,0.979,NaN,-0.105,0.149,0.983,0.032,0,0,0.555,3.535,6.373,0.935,2,0
176612,1.00000113521945e+18,63875741926107,0.031,1.438,-0.019,0.059,-0.025,0.003,0.998,NaN,-0.107,0.149,0.983,0,0,0,64.325,NaN,-0.107,0.149,0.983,-0.032,0,0,0.564,3.619,6.415,0.979,NaN,-0.106,0.148,0.983,0.032,0,0,0.554,3.531,6.373,0.932,2,0
176613,1.00000113522445e+18,63875741926119,0.031,1.439,-0.019,0.059,-0.025,0.003,0.998,NaN,-0.107,0.147,0.983,0,0,0,64.325,NaN,-0.107,0.148,0.983,-0.032,0,0,0.563,3.612,6.415,0.978,NaN,-0.106,0.147,0.983,0.032,0,0,0.553,3.526,6.373,0.93,2,0
176614,1.00000113522951e+18,63875741926119,0.031,1.439,-0.019,0.059,-0.025,0.003,0.998,NaN,-0.106,0.146,0.983,0,0,0,64.325,NaN,-0.106,0.147,0.983,-0.032,0,0,0.562,3.607,6.415,0.978,NaN,-0.106,0.146,0.984,0.032,0,0,0.552,3.521,6.373,0.928,2,0
176615,1.00000113523453e+18,63875741926129,0.031,1.439,-0.019,0.059,-0.025,0.003,0.998,NaN,-0.106,0.146,0.984,0,0,0,64.325,NaN,-0.106,0.146,0.984,-0.032,0,0,0.562,3.603,6.415,0.978,NaN,-0.106,0.145,0.984,0.032,0,0,0.552,3.517,6.373,0.926,2,0
176616,1.00000113523955e+18,63875741926129,0.031,1.439,-0.019,0.059,-0.025,0.003,0.998,NaN,-0.106,0.145,0.984,0,0,0,64.325,NaN,-0.106,0.145,0.984,-0.032,0,0,0.561,3.597,6.415,0.978,NaN,-0.106,0.145,0.984,0.032,0,0,0.551,3.513,6.373,0.925,2,0
176617,1.00000113524456e+18,63875741926140,0.031,1.439,-0.019,0.059,-0.025,0.003,0.998,NaN,-0.106,0.145,0.984,0,0,0,64.325,NaN,-0.106,0.145,0.984,-0.032,0,0,0.559,3.588,6.415,0.978,NaN,-0.105,0.145,0.984,0.032,0,0,0.551,3.51,6.373,0.923,2,0.2371269
176618,1.00000113524947e+18,63875741926140,0.031,1.439,-0.019,0.059,-0.025,0.003,0.998,NaN,-0.105,0.145,0.984,0,0,0,64.325,NaN,-0.105,0.145,0.984,-0.032,0,0,0.559,3.584,6.415,0.978,NaN,-0.105,0.145,0.984,0.032,0,0,0.55,3.507,6.373,0.922,2,0.4809871
176619,1.00000113525448e+18,63875741926140,0.031,1.439,-0.019,0.059,-0.025,0.003,0.998,NaN,-0.105,0.145,0.984,0,0,0,64.325,NaN,-0.105,0.145,0.984,-0.032,0,0,0.558,3.58,6.415,0.978,NaN,-0.105,0.144,0.984,0.032,0,0,0.55,3.504,6.373,0.922,2,0.7019759
176620,1.00000113525949e+18,63875741926150,0.031,1.439,-0.019,0.059,-0.025,0.003,0.998,NaN,-0.105,0.145,0.984,0,0,0,64.325,NaN,-0.105,0.145,0.984,-0.032,0,0,0.557,3.575,6.415,0.977,NaN,-0.105,0.144,0.984,0.032,0,0,0.549,3.501,6.373,0.921,2,0.8218682
176621,1.0000011352645e+18,63875741926151,0.031,1.439,-0.019,0.059,-0.025,0.003,0.998,NaN,-0.105,0.145,0.984,0,0,0,64.325,NaN,-0.104,0.145,0.984,-0.032,0,0,0.557,3.571,6.415,0.977,NaN,-0.105,0.145,0.984,0.032,0,0,0.549,3.498,6.373,0.92,2,0.8916889
176622,1.00000113526951e+18,63875741926162,0.031,1.439,-0.019,0.059,-0.025,0.003,0.998,NaN,-0.104,0.145,0.984,0,0,0,64.325,NaN,-0.104,0.145,0.984,-0.032,0,0,0.556,3.57,6.415,0.977,NaN,-0.104,0.145,0.984,0.032,0,0,0.548,3.495,6.373,0.919,2,0.9175155
176623,1.00000113527454e+18,63875741926162,0.031,1.439,-0.019,0.059,-0.025,0.003,0.998,NaN,-0.104,0.145,0.984,0,0,0,64.325,NaN,-0.104,0.145,0.984,-0.032,0,0,0.556,3.569,6.415,0.977,NaN,-0.104,0.145,0.984,0.032,0,0,0.548,3.492,6.373,0.919,2,0.9648594
176624,1.00000113527955e+18,63875741926173,0.031,1.439,-0.019,0.059,-0.025,0.003,0.998,NaN,-0.104,0.145,0.984,0,0,0,64.325,NaN,-0.104,0.145,0.984,-0.032,0,0,0.556,3.568,6.415,0.977,NaN,-0.104,0.145,0.984,0.032,0,0,0.547,3.489,6.373,0.918,2,0.9903131
176625,1.00000113528458e+18,63875741926173,0.031,1.439,-0.019,0.059,-0.025,0.003,0.998,NaN,-0.104,0.146,0.984,0,0,0,64.325,NaN,-0.103,0.146,0.984,-0.032,0,0,0.556,3.566,6.415,0.977,NaN,-0.103,0.146,0.984,0.032,0,0,0.547,3.486,6.373,0.918,2,1
176626,1.00000113528959e+18,63875741926184,0.031,1.439,-0.019,0.059,-0.025,0.004,0.998,NaN,-0.103,0.146,0.984,0,0,0,64.325,NaN,-0.103,0.146,0.984,-0.032,0,0,0.555,3.563,6.415,0.977,NaN,-0.103,0.146,0.984,0.032,0,0,0.547,3.484,6.373,0.917,2,1
176627,1.0000011352946e+18,63875741926184,0.031,1.439,-0.019,0.059,-0.025,0.004,0.998,NaN,-0.103,0.146,0.984,0,0,0,64.325,NaN,-0.103,0.146,0.984,-0.032,0,0,0.555,3.562,6.415,0.977,NaN,-0.103,0.146,0.984,0.032,0,0,0.546,3.481,6.373,0.917,2,1
176628,1.00000113529961e+18,63875741926195,0.031,1.439,-0.019,0.059,-0.025,0.004,0.998,NaN,-0.103,0.146,0.984,0,0,0,64.325,NaN,-0.102,0.146,0.984,-0.032,0,0,0.555,3.56,6.415,0.977,NaN,-0.103,0.146,0.984,0.032,0,0,0.546,3.477,6.373,0.916,2,1
176629,1.0000011353046e+18,63875741926195,0.031,1.439,-0.019,0.059,-0.025,0.004,0.998,NaN,-0.103,0.146,0.984,0,0,0,64.325,NaN,-0.102,0.146,0.984,-0.032,0,0,0.555,3.558,6.415,0.976,NaN,-0.103,0.146,0.984,0.032,0,0,0.545,3.474,6.373,0.916,2,1
176630,1.00000113530961e+18,63875741926195,0.031,1.439,-0.019,0.059,-0.025,0.004,0.998,NaN,-0.102,0.146,0.984,0,0,0,64.325,NaN,-0.102,0.146,0.984,-0.032,0,0,0.554,3.557,6.415,0.976,NaN,-0.102,0.146,0.984,0.032,0,0,0.545,3.471,6.373,0.916,2,1
176631,1.00000113531464e+18,63875741926207,0.031,1.439,-0.02,0.058,-0.025,0.004,0.998,NaN,-0.102,0.146,0.984,0,0,0,64.325,NaN,-0.102,0.146,0.984,-0.032,0,0,0.554,3.555,6.415,0.976,NaN,-0.102,0.146,0.984,0.032,0,0,0.544,3.468,6.373,0.915,2,1
176632,1.00000113531964e+18,63875741926207,0.031,1.439,-0.02,0.058,-0.025,0.004,0.998,NaN,-0.102,0.147,0.984,0,0,0,64.325,NaN,-0.101,0.147,0.984,-0.032,0,0,0.554,3.554,6.415,0.976,NaN,-0.102,0.147,0.984,0.032,0,0,0.544,3.466,6.373,0.915,2,1
176633,1.00000113532466e+18,63875741926218,0.031,1.439,-0.02,0.059,-0.025,0.004,0.998,NaN,-0.102,0.147,0.984,0,0,0,64.325,NaN,-0.101,0.147,0.984,-0.032,0,0,0.554,3.553,6.415,0.976,NaN,-0.102,0.147,0.984,0.032,0,0,0.544,3.464,6.373,0.915,2,1
176634,1.0000011353297e+18,63875741926218,0.031,1.439,-0.02,0.059,-0.025,0.004,0.998,NaN,-0.102,0.147,0.984,0,0,0,64.325,NaN,-0.101,0.147,0.984,-0.032,0,0,0.554,3.552,6.415,0.976,NaN,-0.102,0.147,0.984,0.032,0,0,0.543,3.462,6.373,0.915,2,1
176635,1.00000113533471e+18,63875741926230,0.031,1.439,-0.02,0.058,-0.025,0.004,0.998,NaN,-0.101,0.147,0.984,0,0,0,64.325,NaN,-0.101,0.147,0.984,-0.032,0,0,0.553,3.551,6.415,0.976,NaN,-0.102,0.147,0.984,0.032,0,0,0.543,3.46,6.373,0.914,2,1
176636,1.00000113533972e+18,63875741926230,0.031,1.439,-0.02,0.058,-0.025,0.004,0.998,NaN,-0.101,0.147,0.984,0,0,0,64.325,NaN,-0.101,0.147,0.984,-0.032,0,0,0.553,3.548,6.415,0.976,NaN,-0.101,0.147,0.984,0.032,0,0,0.543,3.458,6.373,0.914,2,1
176637,1.00000113534473e+18,63875741926240,0.031,1.439,-0.02,0.058,-0.025,0.004,0.998,NaN,-0.101,0.148,0.984,0,0,0,64.325,NaN,-0.101,0.148,0.984,-0.032,0,0,0.553,3.547,6.415,0.976,NaN,-0.101,0.148,0.984,0.032,0,0,0.542,3.457,6.373,0.914,2,1
176638,1.00000113534975e+18,63875741926252,0.031,1.439,-0.02,0.059,-0.025,0.004,0.998,NaN,-0.101,0.148,0.984,0,0,0,64.325,NaN,-0.1,0.148,0.984,-0.032,0,0,0.553,3.545,6.415,0.976,NaN,-0.101,0.148,0.984,0.032,0,0,0.542,3.456,6.373,0.914,2,1
176639,1.00000113535476e+18,63875741926252,0.031,1.439,-0.02,0.059,-0.025,0.004,0.998,NaN,-0.101,0.148,0.984,0,0,0,64.325,NaN,-0.1,0.148,0.984,-0.032,0,0,0.552,3.544,6.415,0.976,NaN,-0.101,0.148,0.984,0.032,0,0,0.542,3.456,6.373,0.913,2,1
176640,1.00000113535974e+18,63875741926252,0.031,1.439,-0.02,0.059,-0.025,0.004,0.998,NaN,-0.1,0.148,0.984,0,0,0,64.325,NaN,-0.1,0.148,0.984,-0.032,0,0,0.552,3.543,6.415,0.975,NaN,-0.1,0.148,0.984,0.032,0,0,0.542,3.455,6.373,0.913,2,1
176641,1.00000113536475e+18,63875741926262,0.031,1.439,-0.02,0.058,-0.025,0.004,0.998,NaN,-0.1,0.148,0.984,0,0,0,64.325,NaN,-0.1,0.148,0.984,-0.032,0,0,0.552,3.542,6.415,0.975,NaN,-0.1,0.148,0.984,0.032,0,0,0.542,3.455,6.373,0.913,2,1
176642,1.00000113536977e+18,63875741926262,0.031,1.439,-0.02,0.058,-0.025,0.004,0.998,NaN,-0.1,0.148,0.984,0,0,0,64.325,NaN,-0.1,0.148,0.984,-0.032,0,0,0.552,3.541,6.415,0.975,NaN,-0.1,0.148,0.984,0.032,0,0,0.542,3.454,6.373,0.913,2,1
176643,1.00000113537478e+18,63875741926263,0.031,1.439,-0.02,0.058,-0.025,0.004,0.998,NaN,-0.099,0.148,0.984,0,0,0,64.325,NaN,-0.099,0.148,0.984,-0.032,0,0,0.552,3.54,6.415,0.975,NaN,-0.099,0.148,0.984,0.032,0,0,0.542,3.454,6.373,0.913,2,1
176644,1.00000113537979e+18,63875741926274,0.031,1.439,-0.02,0.059,-0.025,0.004,0.998,NaN,-0.099,0.149,0.984,0,0,0,64.325,NaN,-0.099,0.149,0.984,-0.032,0,0,0.551,3.538,6.415,0.974,NaN,-0.099,0.149,0.984,0.032,0,0,0.542,3.454,6.373,0.913,2,1
176645,1.00000113538492e+18,63875741926274,0.031,1.439,-0.02,0.059,-0.025,0.004,0.998,NaN,-0.099,0.149,0.984,0,0,0,64.325,NaN,-0.099,0.149,0.984,-0.032,0,0,0.551,3.536,6.415,0.974,NaN,-0.099,0.149,0.984,0.032,0,0,0.542,3.453,6.373,0.912,2,1
176646,1.00000113538994e+18,63875741926285,0.031,1.439,-0.02,0.058,-0.025,0.004,0.998,NaN,-0.099,0.149,0.984,0,0,0,64.325,NaN,-0.099,0.149,0.984,-0.032,0,0,0.551,3.533,6.415,0.973,NaN,-0.099,0.149,0.984,0.032,0,0,0.542,3.453,6.373,0.912,2,1
176647,1.00000113539496e+18,63875741926285,0.031,1.439,-0.02,0.058,-0.025,0.004,0.998,NaN,-0.098,0.149,0.984,0,0,0,64.325,NaN,-0.098,0.149,0.984,-0.032,0,0,0.55,3.53,6.415,0.973,NaN,-0.098,0.149,0.984,0.032,0,0,0.542,3.453,6.373,0.912,2,1
176648,1.00000113539997e+18,63875741926296,0.031,1.439,-0.02,0.059,-0.025,0.004,0.998,NaN,-0.098,0.149,0.984,0,0,0,64.325,NaN,-0.098,0.149,0.984,-0.032,0,0,0.55,3.528,6.415,0.972,NaN,-0.098,0.149,0.984,0.032,0,0,0.542,3.452,6.373,0.912,2,1
176649,1.00000113540488e+18,63875741926296,0.031,1.439,-0.02,0.059,-0.025,0.004,0.998,NaN,-0.098,0.149,0.984,0,0,0,64.325,NaN,-0.098,0.149,0.984,-0.032,0,0,0.55,3.526,6.415,0.972,NaN,-0.098,0.149,0.984,0.032,0,0,0.542,3.452,6.373,0.912,2,1
176650,1.00000113540989e+18,63875741926307,0.031,1.439,-0.02,0.059,-0.025,0.004,0.998,NaN,-0.098,0.149,0.984,0,0,0,64.325,NaN,-0.098,0.149,0.984,-0.032,0,0,0.55,3.525,6.415,0.972,NaN,-0.098,0.149,0.984,0.032,0,0,0.542,3.452,6.373,0.912,2,1
176651,1.0000011354149e+18,63875741926307,0.031,1.439,-0.02,0.059,-0.025,0.004,0.998,NaN,-0.098,0.149,0.984,0,0,0,64.325,NaN,-0.098,0.149,0.984,-0.032,0,0,0.549,3.525,6.415,0.972,NaN,-0.098,0.149,0.984,0.032,0,0,0.542,3.452,6.373,0.912,2,1
176652,1.00000113541992e+18,63875741926307,0.031,1.439,-0.02,0.059,-0.025,0.004,0.998,NaN,-0.097,0.149,0.984,0,0,0,64.325,NaN,-0.097,0.149,0.984,-0.032,0,0,0.55,3.526,6.415,0.972,NaN,-0.097,0.149,0.984,0.032,0,0,0.542,3.452,6.373,0.912,2,1
176653,1.00000113542493e+18,63875741926318,0.031,1.439,-0.02,0.059,-0.025,0.004,0.998,NaN,-0.097,0.15,0.984,0,0,0,64.325,NaN,-0.097,0.15,0.984,-0.032,0,0,0.55,3.527,6.415,0.972,NaN,-0.097,0.15,0.984,0.032,0,0,0.542,3.452,6.373,0.911,2,1
176654,1.00000113542994e+18,63875741926318,0.031,1.439,-0.02,0.059,-0.025,0.004,0.998,NaN,-0.097,0.15,0.984,0,0,0,64.325,NaN,-0.097,0.15,0.984,-0.032,0,0,0.55,3.528,6.415,0.972,NaN,-0.097,0.15,0.984,0.032,0,0,0.542,3.452,6.373,0.911,2,1
176655,1.00000113543495e+18,63875741926329,0.031,1.439,-0.02,0.059,-0.025,0.005,0.998,NaN,-0.098,0.15,0.984,0,0,0,64.325,NaN,-0.098,0.15,0.984,-0.032,0,0,0.55,3.531,6.415,0.972,NaN,-0.098,0.15,0.984,0.032,0,0,0.542,3.453,6.373,0.911,2,0.9748397
176656,1.00000113543998e+18,63875741926329,0.031,1.439,-0.02,0.059,-0.025,0.005,0.998,NaN,-0.099,0.15,0.984,0,0,0,64.325,NaN,-0.1,0.15,0.984,-0.032,0,0,0.553,3.548,6.415,0.971,NaN,-0.099,0.15,0.984,0.032,0,0,0.543,3.462,6.373,0.911,2,0.5903435
176657,1.000001135445e+18,63875741926340,0.031,1.439,-0.02,0.059,-0.026,0.005,0.998,NaN,-0.099,0.15,0.984,0,0,0,64.325,NaN,-0.099,0.15,0.984,-0.032,0,0,0.56,3.592,6.415,0.97,NaN,-0.099,0.15,0.984,0.032,0,0,0.548,3.491,6.373,0.911,2,0
176658,1.00000113544999e+18,63875741926340,0.031,1.439,-0.02,0.059,-0.026,0.005,0.998,NaN,-0.096,0.15,0.984,0,0,0,64.325,NaN,-0.095,0.15,0.984,-0.032,0,0,0.563,3.613,6.415,0.968,NaN,-0.096,0.15,0.984,0.032,0,0,0.548,3.489,6.373,0.913,2,0
176659,1.00000113545501e+18,63875741926352,0.031,1.439,-0.02,0.059,-0.026,0.005,0.998,NaN,-0.08,0.15,0.985,0,0,0,64.325,NaN,-0.057,0.148,0.987,-0.032,0,0,0.534,3.426,6.415,0.961,NaN,-0.08,0.15,0.985,0.032,0,0,0.546,3.478,6.373,0.914,2,0
176660,1.00000113546e+18,63875741926352,0.031,1.439,-0.02,0.059,-0.026,0.005,0.998,NaN,-0.051,0.15,0.987,0,0,0,64.325,NaN,-0.029,0.148,0.988,-0.032,0,0,0.53,3.398,6.415,0.934,NaN,-0.052,0.15,0.987,0.032,0,0,0.542,3.453,6.373,0.919,2,0
176661,1.00000113546502e+18,63875741926352,0.031,1.439,-0.02,0.059,-0.026,0.005,0.998,NaN,-0.008,0.15,0.989,0,0,0,64.325,NaN,0.009,0.148,0.989,-0.032,0,0,0.53,3.398,6.415,0.877,NaN,-0.008,0.15,0.989,0.032,0,0,0.541,3.449,6.373,0.923,2,0
176662,1.00000113547004e+18,63875741926362,0.031,1.439,-0.019,0.058,-0.026,0.005,0.998,NaN,0.04,0.15,0.988,0,0,0,64.325,NaN,0.051,0.147,0.988,-0.032,0,0,0.529,3.394,6.415,0.858,NaN,0.04,0.15,0.988,0.032,0,0,0.541,3.445,6.373,0.927,2,0
176663,1.00000113547505e+18,63875741926362,0.031,1.439,-0.019,0.058,-0.026,0.005,0.998,NaN,0.085,0.146,0.986,0,0,0,64.325,NaN,0.091,0.143,0.986,-0.032,0,0,0.529,3.394,6.415,0.865,NaN,0.084,0.146,0.986,0.032,0,0,0.54,3.444,6.373,0.93,2,0
176664,1.00000113548007e+18,63875741926374,0.031,1.439,-0.019,0.058,-0.026,0.005,0.998,NaN,0.119,0.141,0.983,0,0,0,64.325,NaN,0.123,0.137,0.983,-0.032,0,0,0.563,3.615,6.415,0.871,NaN,0.119,0.141,0.983,0.032,0,0,0.541,3.448,6.373,0.933,2,0
176665,1.00000113548508e+18,63875741926374,0.031,1.439,-0.019,0.058,-0.026,0.005,0.998,NaN,0.142,0.135,0.981,0,0,0,64.325,NaN,0.144,0.131,0.981,-0.032,0,0,0.57,3.654,6.415,0.876,NaN,0.142,0.135,0.981,0.032,0,0,0.542,3.453,6.373,0.936,2,0
176666,1.00000113549011e+18,63875741926385,0.031,1.439,-0.019,0.058,-0.026,0.005,0.998,NaN,0.156,0.129,0.979,0,0,0,64.325,NaN,0.157,0.126,0.98,-0.032,0,0,0.57,3.659,6.415,0.878,NaN,0.156,0.129,0.979,0.032,0,0,0.542,3.457,6.373,0.938,2,0
176667,1.00000113549517e+18,63875741926385,0.031,1.439,-0.019,0.058,-0.026,0.005,0.998,NaN,0.165,0.124,0.979,0,0,0,64.325,NaN,0.166,0.121,0.979,-0.032,0,0,0.571,3.662,6.415,0.879,NaN,0.165,0.123,0.979,0.032,0,0,0.543,3.459,6.373,0.941,2,0
176668,1.00000113550019e+18,63875741926396,0.031,1.439,-0.019,0.058,-0.026,0.005,0.998,NaN,0.171,0.119,0.978,0,0,0,64.325,NaN,0.171,0.117,0.978,-0.032,0,0,0.571,3.665,6.415,0.883,NaN,0.171,0.119,0.978,0.032,0,0,0.543,3.46,6.373,0.943,2,0
176669,1.00000113550511e+18,63875741926396,0.031,1.439,-0.019,0.058,-0.026,0.005,0.998,NaN,0.175,0.115,0.978,0,0,0,64.325,NaN,0.175,0.113,0.978,-0.032,0,0,0.572,3.667,6.415,0.886,NaN,0.175,0.115,0.978,0.032,0,0,0.543,3.46,6.373,0.945,2,0
176670,1.00000113551012e+18,63875741926407,0.031,1.439,-0.019,0.058,-0.026,0.005,0.998,NaN,0.177,0.112,0.978,0,0,0,64.325,NaN,0.177,0.111,0.978,-0.032,0,0,0.572,3.668,6.415,0.89,NaN,0.177,0.112,0.978,0.032,0,0,0.543,3.46,6.373,0.947,2,0
176671,1.00000113551515e+18,63875741926407,0.031,1.439,-0.019,0.058,-0.026,0.005,0.998,NaN,0.178,0.109,0.978,0,0,0,64.325,NaN,0.178,0.108,0.978,-0.032,0,0,0.572,3.668,6.415,0.893,NaN,0.178,0.109,0.978,0.032,0,0,0.543,3.46,6.373,0.949,2,0
176672,1.00000113552016e+18,63875741926407,0.031,1.439,-0.019,0.058,-0.026,0.005,0.998,NaN,0.179,0.107,0.978,0,0,0,64.325,NaN,0.179,0.106,0.978,-0.032,0,0,0.572,3.668,6.415,0.896,NaN,0.179,0.107,0.978,0.032,0,0,0.543,3.46,6.373,0.951,2,0
176673,1.00000113552518e+18,63875741926418,0.031,1.439,-0.019,0.058,-0.026,0.005,0.998,NaN,0.179,0.105,0.978,0,0,0,64.325,NaN,0.179,0.105,0.978,-0.032,0,0,0.572,3.668,6.415,0.9,NaN,0.179,0.105,0.978,0.032,0,0,0.543,3.46,6.373,0.952,2,0
176674,1.00000113553019e+18,63875741926418,0.031,1.439,-0.019,0.058,-0.026,0.005,0.998,NaN,0.18,0.104,0.978,0,0,0,64.325,NaN,0.18,0.104,0.978,-0.032,0,0,0.572,3.668,6.415,0.903,NaN,0.18,0.104,0.978,0.032,0,0,0.543,3.46,6.373,0.953,2,0
176675,1.00000113553518e+18,63875741926429,0.031,1.439,-0.019,0.058,-0.026,0.005,0.998,NaN,0.18,0.103,0.978,0,0,0,64.325,NaN,0.18,0.103,0.978,-0.032,0,0,0.572,3.668,6.415,0.907,NaN,0.18,0.103,0.978,0.032,0,0,0.543,3.461,6.373,0.955,2,0
176676,1.00000113554021e+18,63875741926429,0.031,1.439,-0.019,0.058,-0.026,0.005,0.998,NaN,0.18,0.102,0.978,0,0,0,64.325,NaN,0.18,0.102,0.978,-0.032,0,0,0.572,3.668,6.415,0.908,NaN,0.18,0.102,0.978,0.032,0,0,0.543,3.461,6.373,0.956,2,0
176677,1.00000113554523e+18,63875741926441,0.031,1.439,-0.019,0.058,-0.026,0.005,0.998,NaN,0.18,0.101,0.978,0,0,0,64.325,NaN,0.18,0.101,0.978,-0.032,0,0,0.572,3.667,6.415,0.91,NaN,0.18,0.101,0.978,0.032,0,0,0.543,3.461,6.373,0.957,2,0
176678,1.00000113555025e+18,63875741926441,0.031,1.439,-0.019,0.058,-0.026,0.005,0.998,NaN,0.18,0.1,0.979,0,0,0,64.325,NaN,0.18,0.1,0.979,-0.032,0,0,0.572,3.666,6.415,0.911,NaN,0.18,0.1,0.979,0.032,0,0,0.543,3.462,6.373,0.958,2,0
176679,1.00000113555527e+18,63875741926452,0.031,1.439,-0.019,0.058,-0.026,0.005,0.998,NaN,0.18,0.1,0.979,0,0,0,64.325,NaN,0.18,0.1,0.979,-0.032,0,0,0.571,3.666,6.415,0.913,NaN,0.18,0.1,0.979,0.032,0,0,0.543,3.462,6.373,0.959,2,0
176680,1.00000113556026e+18,63875741926452,0.031,1.439,-0.019,0.058,-0.026,0.005,0.998,NaN,0.18,0.099,0.979,0,0,0,64.325,NaN,0.18,0.099,0.979,-0.032,0,0,0.571,3.665,6.415,0.914,NaN,0.18,0.099,0.979,0.032,0,0,0.543,3.463,6.373,0.96,2,0
176681,1.00000113556528e+18,63875741926452,0.031,1.439,-0.019,0.058,-0.026,0.005,0.998,NaN,0.18,0.098,0.979,0,0,0,64.325,NaN,0.18,0.098,0.979,-0.032,0,0,0.571,3.665,6.415,0.915,NaN,0.18,0.098,0.979,0.032,0,0,0.543,3.463,6.373,0.961,2,0.0797792
176682,1.00000113557034e+18,63875741926463,0.031,1.439,-0.019,0.058,-0.026,0.005,0.998,NaN,0.18,0.098,0.979,0,0,0,64.325,NaN,0.18,0.098,0.979,-0.032,0,0,0.571,3.664,6.415,0.916,NaN,0.18,0.098,0.979,0.032,0,0,0.544,3.464,6.373,0.962,2,0.6560103
176683,1.00000113557536e+18,63875741926463,0.031,1.439,-0.019,0.058,-0.026,0.005,0.998,NaN,0.179,0.097,0.979,0,0,0,64.325,NaN,0.179,0.097,0.979,-0.032,0,0,0.571,3.664,6.415,0.916,NaN,0.179,0.097,0.979,0.032,0,0,0.544,3.466,6.373,0.963,2,0.9043751
176684,1.00000113558038e+18,63875741926474,0.031,1.439,-0.019,0.058,-0.026,0.005,0.998,NaN,0.179,0.097,0.979,0,0,0,64.325,NaN,0.179,0.097,0.979,-0.032,0,0,0.571,3.664,6.415,0.917,NaN,0.179,0.097,0.979,0.032,0,0,0.544,3.467,6.373,0.963,2,1
176685,1.0000011355854e+18,63875741926474,0.031,1.439,-0.019,0.058,-0.026,0.005,0.998,NaN,0.179,0.096,0.979,0,0,0,64.325,NaN,0.179,0.096,0.979,-0.032,0,0,0.571,3.664,6.415,0.918,NaN,0.179,0.096,0.979,0.032,0,0,0.544,3.469,6.373,0.964,2,1
176686,1.00000113559033e+18,63875741926485,0.031,1.439,-0.019,0.058,-0.026,0.005,0.998,NaN,0.179,0.096,0.979,0,0,0,64.325,NaN,0.179,0.096,0.979,-0.032,0,0,0.571,3.664,6.415,0.918,NaN,0.179,0.096,0.979,0.032,0,0,0.545,3.471,6.373,0.964,2,1
176687,1.00000113559535e+18,63875741926485,0.031,1.439,-0.019,0.058,-0.026,0.005,0.998,NaN,0.179,0.095,0.979,0,0,0,64.325,NaN,0.179,0.095,0.979,-0.032,0,0,0.571,3.664,6.415,0.919,NaN,0.179,0.095,0.979,0.032,0,0,0.545,3.472,6.373,0.965,2,1
176688,1.00000113560037e+18,63875741926495,0.031,1.439,-0.019,0.058,-0.026,0.005,0.998,NaN,0.179,0.095,0.979,0,0,0,64.325,NaN,0.179,0.095,0.979,-0.032,0,0,0.571,3.664,6.415,0.919,NaN,0.179,0.095,0.979,0.032,0,0,0.545,3.474,6.373,0.965,2,1
176689,1.00000113560536e+18,63875741926495,0.031,1.439,-0.019,0.058,-0.026,0.005,0.998,NaN,0.179,0.095,0.979,0,0,0,64.325,NaN,0.179,0.095,0.979,-0.032,0,0,0.571,3.663,6.415,0.92,NaN,0.179,0.095,0.979,0.032,0,0,0.545,3.476,6.373,0.966,2,1
176690,1.00000113561038e+18,63875741926507,0.031,1.439,-0.019,0.058,-0.026,0.005,0.998,NaN,0.179,0.094,0.979,0,0,0,64.325,NaN,0.179,0.094,0.979,-0.032,0,0,0.571,3.663,6.415,0.92,NaN,0.179,0.094,0.979,0.032,0,0,0.546,3.479,6.373,0.966,2,1
176691,1.00000113561539e+18,63875741926507,0.031,1.439,-0.019,0.058,-0.026,0.005,0.998,NaN,0.179,0.094,0.979,0,0,0,64.325,NaN,0.179,0.094,0.979,-0.032,0,0,0.571,3.664,6.415,0.921,NaN,0.179,0.094,0.979,0.032,0,0,0.547,3.483,6.373,0.967,2,1
176692,1.0000011356204e+18,63875741926507,0.031,1.439,-0.019,0.058,-0.026,0.005,0.998,NaN,0.179,0.094,0.979,0,0,0,64.325,NaN,0.179,0.094,0.979,-0.032,0,0,0.571,3.666,6.415,0.922,NaN,0.179,0.094,0.979,0.032,0,0,0.547,3.486,6.373,0.967,2,1
176693,1.00000113562542e+18,63875741926519,0.031,1.439,-0.019,0.058,-0.026,0.005,0.998,NaN,0.179,0.094,0.979,0,0,0,64.325,NaN,0.179,0.094,0.979,-0.032,0,0,0.572,3.669,6.415,0.922,NaN,0.179,0.094,0.979,0.032,0,0,0.548,3.489,6.373,0.968,2,1
176694,1.00000113563044e+18,63875741926519,0.031,1.439,-0.019,0.058,-0.026,0.005,0.998,NaN,0.179,0.094,0.979,0,0,0,64.325,NaN,0.179,0.094,0.979,-0.032,0,0,0.572,3.67,6.415,0.923,NaN,0.179,0.094,0.979,0.032,0,0,0.548,3.492,6.373,0.968,2,1
176695,1.00000113563546e+18,63875741926530,0.031,1.439,-0.019,0.058,-0.026,0.005,0.998,NaN,0.179,0.093,0.979,0,0,0,64.325,NaN,0.179,0.093,0.979,-0.032,0,0,0.572,3.671,6.415,0.923,NaN,0.179,0.093,0.979,0.032,0,0,0.548,3.494,6.373,0.968,2,1
176696,1.0000011356407e+18,63875741926530,0.031,1.439,-0.019,0.058,-0.026,0.005,0.998,NaN,0.179,0.093,0.979,0,0,0,64.325,NaN,0.179,0.093,0.979,-0.032,0,0,0.573,3.673,6.415,0.923,NaN,0.179,0.093,0.979,0.032,0,0,0.549,3.496,6.373,0.969,2,1
176697,1.00000113564571e+18,63875741926540,0.031,1.439,-0.019,0.058,-0.026,0.005,0.998,NaN,0.179,0.093,0.979,0,0,0,64.325,NaN,0.179,0.093,0.979,-0.032,0,0,0.573,3.676,6.415,0.923,NaN,0.179,0.093,0.979,0.032,0,0,0.549,3.499,6.373,0.969,2,1
176698,1.00000113565047e+18,63875741926540,0.031,1.439,-0.019,0.058,-0.026,0.005,0.998,NaN,0.179,0.093,0.979,0,0,0,64.325,NaN,0.179,0.093,0.979,-0.032,0,0,0.574,3.68,6.415,0.923,NaN,0.179,0.093,0.979,0.032,0,0,0.549,3.501,6.373,0.969,2,1
176699,1.00000113565549e+18,63875741926552,0.031,1.439,-0.019,0.058,-0.026,0.005,0.998,NaN,0.179,0.093,0.979,0,0,0,64.325,NaN,0.179,0.093,0.979,-0.032,0,0,0.574,3.683,6.415,0.923,NaN,0.179,0.093,0.979,0.032,0,0,0.55,3.504,6.373,0.969,2,1
176700,1.0000011356605e+18,63875741926552,0.031,1.439,-0.019,0.058,-0.026,0.005,0.998,NaN,0.179,0.093,0.979,0,0,0,64.325,NaN,0.179,0.093,0.979,-0.032,0,0,0.575,3.686,6.415,0.923,NaN,0.179,0.093,0.979,0.032,0,0,0.55,3.508,6.373,0.97,2,1
176701,1.0000011356655e+18,63875741926552,0.031,1.439,-0.019,0.058,-0.026,0.005,0.998,NaN,0.179,0.093,0.979,0,0,0,64.325,NaN,0.179,0.093,0.979,-0.032,0,0,0.576,3.693,6.415,0.923,NaN,0.179,0.093,0.979,0.032,0,0,0.551,3.511,6.373,0.97,2,1
176702,1.00000113567051e+18,63875741926563,0.031,1.439,-0.019,0.058,-0.025,0.005,0.998,NaN,0.179,0.093,0.979,0,0,0,64.325,NaN,0.179,0.093,0.979,-0.032,0,0,0.576,3.697,6.415,0.923,NaN,0.179,0.093,0.979,0.032,0,0,0.551,3.515,6.373,0.97,2,1
176703,1.00000113567551e+18,63875741926563,0.031,1.439,-0.019,0.058,-0.025,0.005,0.998,NaN,0.179,0.092,0.979,0,0,0,64.325,NaN,0.179,0.092,0.979,-0.032,0,0,0.578,3.706,6.415,0.924,NaN,0.179,0.092,0.979,0.032,0,0,0.552,3.519,6.373,0.97,2,1
176704,1.00000113568057e+18,63875741926574,0.031,1.439,-0.019,0.058,-0.025,0.005,0.998,NaN,0.179,0.092,0.979,0,0,0,64.325,NaN,0.179,0.092,0.979,-0.032,0,0,0.579,3.712,6.415,0.924,NaN,0.179,0.092,0.979,0.032,0,0,0.553,3.522,6.373,0.971,2,1
176705,1.00000113568558e+18,63875741926574,0.031,1.439,-0.019,0.058,-0.025,0.005,0.998,NaN,0.179,0.092,0.979,0,0,0,64.325,NaN,0.179,0.092,0.979,-0.032,0,0,0.579,3.716,6.415,0.924,NaN,0.179,0.092,0.979,0.032,0,0,0.553,3.526,6.373,0.971,2,1
176706,1.00000113569059e+18,63875741926585,0.031,1.439,-0.019,0.058,-0.025,0.005,0.998,NaN,0.179,0.092,0.979,0,0,0,64.325,NaN,0.179,0.092,0.979,-0.032,0,0,0.58,3.719,6.415,0.924,NaN,0.179,0.092,0.979,0.032,0,0,0.554,3.531,6.373,0.971,2,1
176707,1.00000113569559e+18,63875741926585,0.031,1.439,-0.019,0.058,-0.025,0.005,0.998,NaN,0.179,0.092,0.98,0,0,0,64.325,NaN,0.179,0.092,0.98,-0.032,0,0,0.58,3.721,6.415,0.924,NaN,0.179,0.092,0.98,0.032,0,0,0.555,3.535,6.373,0.971,2,1
176708,1.00000113570059e+18,63875741926596,0.031,1.439,-0.019,0.058,-0.025,0.005,0.998,NaN,0.179,0.092,0.98,0,0,0,64.325,NaN,0.179,0.092,0.98,-0.032,0,0,0.58,3.723,6.415,0.924,NaN,0.179,0.092,0.98,0.032,0,0,0.555,3.539,6.373,0.971,2,1
176709,1.00000113570559e+18,63875741926596,0.031,1.439,-0.019,0.058,-0.025,0.005,0.998,NaN,0.179,0.092,0.98,0,0,0,64.325,NaN,0.179,0.092,0.98,-0.032,0,0,0.581,3.729,6.415,0.924,NaN,0.179,0.092,0.98,0.032,0,0,0.556,3.543,6.373,0.971,2,1
176710,1.00000113571059e+18,63875741926608,0.031,1.439,-0.019,0.057,-0.025,0.005,0.998,NaN,0.179,0.092,0.98,0,0,0,64.325,NaN,0.179,0.092,0.98,-0.032,0,0,0.582,3.732,6.415,0.924,NaN,0.179,0.092,0.98,0.032,0,0,0.556,3.546,6.373,0.972,2,1
176711,1.00000113571559e+18,63875741926608,0.031,1.439,-0.019,0.057,-0.025,0.005,0.998,NaN,0.179,0.092,0.98,0,0,0,64.325,NaN,0.179,0.092,0.98,-0.032,0,0,0.582,3.736,6.415,0.924,NaN,0.179,0.092,0.98,0.032,0,0,0.557,3.549,6.373,0.972,2,1
176712,1.00000113572061e+18,63875741926608,0.031,1.439,-0.019,0.057,-0.025,0.005,0.998,NaN,0.179,0.092,0.98,0,0,0,64.325,NaN,0.179,0.092,0.98,-0.032,0,0,0.583,3.739,6.415,0.924,NaN,0.179,0.092,0.98,0.032,0,0,0.557,3.551,6.373,0.972,2,1
176713,1.00000113572565e+18,63875741926619,0.031,1.439,-0.019,0.057,-0.025,0.005,0.998,NaN,0.179,0.092,0.979,0,0,0,64.325,NaN,0.179,0.092,0.979,-0.032,0,0,0.583,3.741,6.415,0.924,NaN,0.179,0.092,0.979,0.032,0,0,0.558,3.554,6.373,0.972,2,1
176714,1.00000113573066e+18,63875741926619,0.031,1.439,-0.019,0.057,-0.025,0.005,0.998,NaN,0.179,0.092,0.979,0,0,0,64.325,NaN,0.179,0.092,0.979,-0.032,0,0,0.584,3.745,6.415,0.924,NaN,0.179,0.092,0.979,0.032,0,0,0.558,3.557,6.373,0.972,2,1
176715,1.00000113573571e+18,63875741926630,0.03,1.439,-0.019,0.057,-0.025,0.005,0.998,NaN,0.179,0.092,0.979,0,0,0,64.325,NaN,0.179,0.092,0.979,-0.032,0,0,0.584,3.748,6.415,0.924,NaN,0.179,0.092,0.979,0.032,0,0,0.559,3.56,6.373,0.972,2,1
176716,1.00000113574114e+18,63875741926630,0.03,1.439,-0.019,0.057,-0.025,0.005,0.998,NaN,0.179,0.092,0.979,0,0,0,64.325,NaN,0.179,0.092,0.979,-0.032,0,0,0.585,3.75,6.415,0.924,NaN,0.179,0.092,0.979,0.032,0,0,0.559,3.563,6.373,0.973,2,1
176717,1.00000113574594e+18,63875741926630,0.03,1.439,-0.019,0.057,-0.025,0.005,0.998,NaN,0.18,0.092,0.979,0,0,0,64.325,NaN,0.18,0.092,0.979,-0.032,0,0,0.585,3.756,6.415,0.924,NaN,0.18,0.092,0.979,0.032,0,0,0.56,3.567,6.373,0.973,2,1
176718,1.00000113575074e+18,63875741926641,0.03,1.439,-0.019,0.057,-0.025,0.005,0.998,NaN,0.18,0.092,0.979,0,0,0,64.325,NaN,0.18,0.092,0.979,-0.032,0,0,0.586,3.76,6.415,0.924,NaN,0.18,0.092,0.979,0.032,0,0,0.562,3.58,6.373,0.973,2,0.9035386
176719,1.00000113575574e+18,63875741926652,0.03,1.439,-0.019,0.057,-0.025,0.005,0.998,NaN,0.179,0.094,0.979,0,0,0,64.325,NaN,0.179,0.094,0.979,-0.032,0,0,0.602,3.861,6.415,0.923,NaN,0.179,0.094,0.979,0.032,0,0,0.568,3.623,6.373,0.973,2,0.4909791
176720,1.00000113576074e+18,63875741926652,0.03,1.439,-0.019,0.057,-0.025,0.005,0.998,NaN,0.169,0.094,0.981,0,0,0,64.325,NaN,0.171,0.094,0.981,-0.032,0,0,0.601,3.854,6.415,0.922,NaN,0.169,0.094,0.981,0.032,0,0,0.573,3.649,6.373,0.973,2,0
176721,1.00000113576573e+18,63875741926652,0.03,1.439,-0.019,0.057,-0.025,0.005,0.998,NaN,0.159,0.096,0.983,0,0,0,64.325,NaN,0.158,0.095,0.983,-0.032,0,0,0.564,3.616,6.415,0.921,NaN,0.158,0.096,0.983,0.032,0,0,0.576,3.674,6.373,0.973,2,0
176722,1.00000113577073e+18,63875741926663,0.03,1.439,-0.019,0.057,-0.025,0.005,0.998,NaN,0.134,0.097,0.986,0,0,0,64.325,NaN,0.134,0.097,0.986,-0.032,0,0,0.566,3.629,6.415,0.919,NaN,0.134,0.097,0.986,0.032,0,0,0.576,3.673,6.373,0.973,2,0
176723,1.00000113577575e+18,63875741926663,0.03,1.439,-0.019,0.057,-0.025,0.005,0.998,NaN,0.086,0.1,0.991,0,0,0,64.325,NaN,0.091,0.1,0.991,-0.032,0,0,0.558,3.583,6.415,0.916,NaN,0.085,0.1,0.991,0.032,0,0,0.575,3.662,6.373,0.973,2,0
176724,1.00000113578076e+18,63875741926674,0.03,1.439,-0.019,0.057,-0.025,0.004,0.998,NaN,0.03,0.102,0.994,0,0,0,64.325,NaN,0.049,0.102,0.994,-0.032,0,0,0.547,3.509,6.415,0.917,NaN,0.027,0.102,0.994,0.032,0,0,0.575,3.662,6.373,0.973,2,0
176725,1.00000113578577e+18,63875741926674,0.03,1.439,-0.019,0.057,-0.025,0.004,0.998,NaN,0.002,0.104,0.995,0,0,0,64.325,NaN,0.014,0.104,0.995,-0.032,0,0,0.558,3.582,6.415,0.918,NaN,0,0.104,0.995,0.032,0,0,0.575,3.662,6.373,0.972,2,0
176726,1.00000113579087e+18,63875741926685,0.03,1.439,-0.019,0.057,-0.025,0.004,0.998,NaN,-0.044,0.106,0.993,0,0,0,64.325,NaN,-0.032,0.106,0.994,-0.032,0,0,0.596,3.821,6.415,0.919,NaN,-0.046,0.106,0.993,0.032,0,0,0.574,3.661,6.373,0.972,2,0
176727,1.00000113579588e+18,63875741926685,0.03,1.439,-0.019,0.057,-0.025,0.004,0.998,NaN,-0.075,0.107,0.991,0,0,0,64.325,NaN,-0.063,0.107,0.992,-0.032,0,0,0.598,3.834,6.415,0.921,NaN,-0.077,0.107,0.991,0.032,0,0,0.574,3.66,6.373,0.972,2,0
176728,1.00000113580086e+18,63875741926697,0.03,1.439,-0.019,0.057,-0.025,0.004,0.998,NaN,-0.095,0.109,0.99,0,0,0,64.325,NaN,-0.083,0.109,0.991,-0.032,0,0,0.598,3.833,6.415,0.923,NaN,-0.096,0.109,0.989,0.032,0,0,0.574,3.66,6.373,0.972,2,0
176729,1.00000113580586e+18,63875741926697,0.03,1.439,-0.019,0.057,-0.025,0.004,0.998,NaN,-0.106,0.111,0.988,0,0,0,64.325,NaN,-0.095,0.111,0.989,-0.032,0,0,0.596,3.826,6.415,0.925,NaN,-0.108,0.111,0.988,0.032,0,0,0.574,3.66,6.373,0.972,2,0
176730,1.00000113581085e+18,63875741926708,0.03,1.439,-0.019,0.057,-0.025,0.004,0.998,NaN,-0.114,0.113,0.987,0,0,0,64.325,NaN,-0.102,0.113,0.988,-0.032,0,0,0.595,3.815,6.415,0.928,NaN,-0.115,0.113,0.987,0.032,0,0,0.574,3.658,6.373,0.972,2,0
176731,1.00000113581585e+18,63875741926708,0.03,1.439,-0.019,0.057,-0.025,0.004,0.998,NaN,-0.118,0.114,0.986,0,0,0,64.325,NaN,-0.106,0.114,0.988,-0.032,0,0,0.592,3.797,6.415,0.929,NaN,-0.12,0.114,0.986,0.032,0,0,0.574,3.655,6.373,0.972,2,0
176732,1.00000113582086e+18,63875741926708,0.03,1.439,-0.019,0.057,-0.025,0.004,0.998,NaN,-0.121,0.116,0.986,0,0,0,64.325,NaN,-0.108,0.116,0.987,-0.032,0,0,0.591,3.789,6.415,0.931,NaN,-0.122,0.116,0.986,0.032,0,0,0.573,3.653,6.373,0.972,2,0
176733,1.00000113582588e+18,63875741926719,0.03,1.439,-0.019,0.057,-0.025,0.004,0.998,NaN,-0.122,0.117,0.986,0,0,0,64.325,NaN,-0.11,0.117,0.987,-0.032,0,0,0.59,3.785,6.415,0.933,NaN,-0.123,0.117,0.985,0.032,0,0,0.573,3.652,6.373,0.972,2,0
176734,1.00000113583089e+18,63875741926720,0.03,1.439,-0.019,0.057,-0.025,0.004,0.998,NaN,-0.123,0.117,0.985,0,0,0,64.325,NaN,-0.11,0.117,0.987,-0.032,0,0,0.589,3.781,6.415,0.935,NaN,-0.124,0.117,0.985,0.032,0,0,0.573,3.65,6.373,0.972,2,0
176735,1.00000113583591e+18,63875741926730,0.03,1.439,-0.019,0.057,-0.025,0.004,0.998,NaN,-0.123,0.118,0.985,0,0,0,64.325,NaN,-0.111,0.118,0.987,-0.032,0,0,0.589,3.781,6.415,0.937,NaN,-0.125,0.118,0.985,0.032,0,0,0.572,3.648,6.373,0.972,2,0
176736,1.00000113584092e+18,63875741926731,0.03,1.439,-0.019,0.057,-0.025,0.004,0.998,NaN,-0.124,0.118,0.985,0,0,0,64.325,NaN,-0.112,0.118,0.987,-0.032,0,0,0.59,3.782,6.415,0.939,NaN,-0.125,0.118,0.985,0.032,0,0,0.572,3.646,6.373,0.972,2,0
176737,1.00000113584597e+18,63875741926731,0.03,1.439,-0.019,0.057,-0.025,0.004,0.998,NaN,-0.124,0.118,0.985,0,0,0,64.325,NaN,-0.112,0.118,0.987,-0.032,0,0,0.588,3.775,6.415,0.941,NaN,-0.125,0.118,0.985,0.032,0,0,0.572,3.644,6.373,0.972,2,0
176738,1.00000113585097e+18,63875741926741,0.03,1.438,-0.019,0.058,-0.025,0.004,0.998,NaN,-0.124,0.118,0.985,0,0,0,64.325,NaN,-0.111,0.118,0.987,-0.032,0,0,0.587,3.768,6.415,0.942,NaN,-0.126,0.118,0.985,0.032,0,0,0.572,3.643,6.373,0.972,2,0
176739,1.00000113585597e+18,63875741926742,0.03,1.438,-0.019,0.058,-0.025,0.004,0.998,NaN,-0.124,0.118,0.985,0,0,0,64.325,NaN,-0.111,0.118,0.987,-0.032,0,0,0.587,3.764,6.415,0.943,NaN,-0.126,0.118,0.985,0.032,0,0,0.571,3.642,6.373,0.972,2,0
176740,1.00000113586098e+18,63875741926752,0.031,1.438,-0.019,0.058,-0.024,0.004,0.998,NaN,-0.124,0.118,0.985,0,0,0,64.325,NaN,-0.111,0.118,0.987,-0.032,0,0,0.586,3.762,6.415,0.945,NaN,-0.126,0.118,0.985,0.032,0,0,0.571,3.641,6.373,0.972,2,0
176741,1.00000113586599e+18,63875741926763,0.031,1.438,-0.019,0.057,-0.024,0.004,0.998,NaN,-0.124,0.118,0.985,0,0,0,64.325,NaN,-0.11,0.118,0.987,-0.032,0,0,0.585,3.752,6.415,0.946,NaN,-0.126,0.118,0.985,0.032,0,0,0.571,3.639,6.373,0.972,2,0
176742,1.000001135871e+18,63875741926763,0.031,1.438,-0.019,0.057,-0.024,0.004,0.998,NaN,-0.124,0.118,0.985,0,0,0,64.325,NaN,-0.109,0.118,0.987,-0.032,0,0,0.584,3.745,6.415,0.947,NaN,-0.126,0.118,0.985,0.032,0,0,0.571,3.638,6.373,0.972,2,0
176743,1.00000113587599e+18,63875741926763,0.031,1.438,-0.019,0.057,-0.024,0.004,0.998,NaN,-0.124,0.118,0.985,0,0,0,64.325,NaN,-0.108,0.118,0.987,-0.032,0,0,0.583,3.738,6.415,0.948,NaN,-0.126,0.118,0.985,0.032,0,0,0.571,3.637,6.373,0.972,2,0
176744,1.00000113588101e+18,63875741926775,0.031,1.438,-0.019,0.057,-0.024,0.004,0.998,NaN,-0.124,0.117,0.985,0,0,0,64.325,NaN,-0.108,0.118,0.987,-0.032,0,0,0.582,3.732,6.415,0.948,NaN,-0.125,0.117,0.985,0.032,0,0,0.57,3.636,6.373,0.972,2,0
176745,1.00000113588602e+18,63875741926775,0.031,1.438,-0.019,0.057,-0.024,0.004,0.998,NaN,-0.124,0.117,0.985,0,0,0,64.325,NaN,-0.108,0.117,0.987,-0.032,0,0,0.583,3.74,6.415,0.949,NaN,-0.125,0.117,0.985,0.032,0,0,0.57,3.635,6.373,0.972,2,0.8165035
176746,1.00000113589105e+18,63875741926775,0.031,1.438,-0.019,0.057,-0.024,0.004,0.998,NaN,-0.124,0.117,0.985,0,0,0,64.325,NaN,-0.108,0.117,0.987,-0.032,0,0,0.583,3.742,6.415,0.95,NaN,-0.125,0.117,0.985,0.032,0,0,0.57,3.634,6.373,0.972,2,0.944777
176747,1.00000113589606e+18,63875741926785,0.031,1.438,-0.019,0.057,-0.024,0.004,0.998,NaN,-0.124,0.117,0.985,0,0,0,64.325,NaN,-0.108,0.117,0.987,-0.032,0,0,0.583,3.74,6.415,0.95,NaN,-0.125,0.117,0.985,0.032,0,0,0.57,3.633,6.373,0.972,2,1
176748,1.00000113590107e+18,63875741926785,0.031,1.438,-0.019,0.057,-0.024,0.004,0.998,NaN,-0.123,0.117,0.986,0,0,0,64.325,NaN,-0.103,0.117,0.988,-0.032,0,0,0.582,3.732,6.415,0.951,NaN,-0.125,0.117,0.985,0.032,0,0,0.57,3.632,6.373,0.972,2,0.9859856
176749,1.00000113590607e+18,63875741926797,0.031,1.438,-0.019,0.057,-0.024,0.004,0.998,NaN,-0.123,0.117,0.986,0,0,0,64.325,NaN,-0.103,0.117,0.988,-0.032,0,0,0.58,3.723,6.415,0.952,NaN,-0.125,0.117,0.985,0.032,0,0,0.57,3.631,6.373,0.972,2,0.9516003
176750,1.0000011359111e+18,63875741926808,0.031,1.438,-0.019,0.057,-0.024,0.004,0.998,NaN,-0.122,0.117,0.986,0,0,0,64.325,NaN,-0.103,0.117,0.988,-0.032,0,0,0.579,3.715,6.415,0.952,NaN,-0.124,0.117,0.985,0.032,0,0,0.57,3.63,6.373,0.972,2,0.9587137
176751,1.0000011359161e+18,63875741926808,0.031,1.438,-0.019,0.057,-0.024,0.004,0.998,NaN,-0.122,0.116,0.986,0,0,0,64.325,NaN,-0.103,0.117,0.988,-0.032,0,0,0.578,3.71,6.415,0.953,NaN,-0.124,0.116,0.985,0.032,0,0,0.57,3.63,6.373,0.972,2,0.9557254
176752,1.00000113592113e+18,63875741926808,0.031,1.438,-0.019,0.057,-0.024,0.004,0.998,NaN,-0.122,0.116,0.986,0,0,0,64.325,NaN,-0.103,0.117,0.988,-0.032,0,0,0.578,3.706,6.415,0.953,NaN,-0.124,0.116,0.985,0.032,0,0,0.569,3.629,6.373,0.972,2,0.9736747
176753,1.00000113592614e+18,63875741926819,0.031,1.438,-0.019,0.057,-0.024,0.004,0.998,NaN,-0.122,0.116,0.986,0,0,0,64.325,NaN,-0.103,0.117,0.988,-0.032,0,0,0.578,3.707,6.415,0.953,NaN,-0.124,0.116,0.985,0.032,0,0,0.569,3.628,6.373,0.972,2,0.9754467
176754,1.00000113593115e+18,63875741926819,0.031,1.438,-0.019,0.057,-0.024,0.004,0.998,NaN,-0.122,0.116,0.986,0,0,0,64.325,NaN,-0.104,0.116,0.988,-0.032,0,0,0.578,3.707,6.415,0.954,NaN,-0.123,0.116,0.986,0.032,0,0,0.569,3.627,6.373,0.972,2,0.9821603
176755,1.00000113593616e+18,63875741926830,0.031,1.438,-0.019,0.057,-0.024,0.004,0.998,NaN,-0.121,0.116,0.986,0,0,0,64.325,NaN,-0.104,0.116,0.988,-0.032,0,0,0.578,3.707,6.415,0.954,NaN,-0.123,0.116,0.986,0.032,0,0,0.569,3.626,6.373,0.972,2,0.985431
176756,1.00000113594118e+18,63875741926830,0.031,1.438,-0.019,0.057,-0.024,0.004,0.998,NaN,-0.121,0.116,0.986,0,0,0,64.325,NaN,-0.103,0.116,0.988,-0.032,0,0,0.578,3.707,6.415,0.954,NaN,-0.123,0.116,0.986,0.032,0,0,0.569,3.624,6.373,0.972,2,0.9856021
176757,1.00000113594621e+18,63875741926841,0.031,1.438,-0.019,0.057,-0.024,0.004,0.998,NaN,-0.121,0.116,0.986,0,0,0,64.325,NaN,-0.103,0.116,0.988,-0.032,0,0,0.579,3.712,6.415,0.955,NaN,-0.123,0.116,0.986,0.032,0,0,0.569,3.623,6.373,0.972,2,0.9914181
176758,1.00000113595123e+18,63875741926841,0.031,1.438,-0.019,0.057,-0.024,0.004,0.998,NaN,-0.121,0.116,0.986,0,0,0,64.325,NaN,-0.104,0.116,0.988,-0.032,0,0,0.579,3.713,6.415,0.955,NaN,-0.123,0.116,0.986,0.032,0,0,0.568,3.622,6.373,0.972,2,0.9879535
176759,1.00000113595625e+18,63875741926853,0.031,1.438,-0.019,0.057,-0.024,0.004,0.998,NaN,-0.121,0.116,0.986,0,0,0,64.325,NaN,-0.103,0.116,0.988,-0.032,0,0,0.579,3.712,6.415,0.955,NaN,-0.122,0.116,0.986,0.032,0,0,0.568,3.621,6.373,0.972,2,0.983129
176760,1.00000113596125e+18,63875741926853,0.031,1.438,-0.019,0.057,-0.024,0.004,0.998,NaN,-0.121,0.116,0.986,0,0,0,64.325,NaN,-0.103,0.116,0.988,-0.032,0,0,0.579,3.712,6.415,0.955,NaN,-0.122,0.116,0.986,0.032,0,0,0.568,3.619,6.373,0.972,2,0.9795082
176761,1.00000113596627e+18,63875741926853,0.031,1.438,-0.019,0.057,-0.024,0.004,0.998,NaN,-0.121,0.116,0.986,0,0,0,64.325,NaN,-0.104,0.116,0.988,-0.032,0,0,0.579,3.712,6.415,0.955,NaN,-0.122,0.116,0.986,0.032,0,0,0.568,3.618,6.373,0.972,2,0.9699194
176762,1.00000113597128e+18,63875741926863,0.031,1.438,-0.019,0.057,-0.024,0.004,0.998,NaN,-0.121,0.116,0.986,0,0,0,64.325,NaN,-0.104,0.116,0.988,-0.032,0,0,0.579,3.713,6.415,0.956,NaN,-0.122,0.116,0.986,0.032,0,0,0.567,3.616,6.373,0.972,2,0.9853141
176763,1.0000011359763e+18,63875741926863,0.031,1.438,-0.019,0.057,-0.024,0.004,0.998,NaN,-0.12,0.116,0.986,0,0,0,64.325,NaN,-0.104,0.116,0.988,-0.032,0,0,0.579,3.714,6.415,0.956,NaN,-0.122,0.116,0.986,0.032,0,0,0.567,3.614,6.373,0.972,2,0.9829619
176764,1.00000113598132e+18,63875741926874,0.031,1.438,-0.019,0.057,-0.024,0.004,0.998,NaN,-0.12,0.116,0.986,0,0,0,64.325,NaN,-0.104,0.116,0.988,-0.032,0,0,0.581,3.727,6.415,0.956,NaN,-0.122,0.116,0.986,0.032,0,0,0.567,3.612,6.373,0.972,2,0.9770827
176765,1.00000113598634e+18,63875741926874,0.031,1.438,-0.019,0.057,-0.024,0.004,0.998,NaN,-0.12,0.116,0.986,0,0,0,64.325,NaN,-0.105,0.116,0.988,-0.032,0,0,0.581,3.73,6.415,0.957,NaN,-0.122,0.116,0.986,0.032,0,0,0.567,3.61,6.373,0.972,2,0.9709275
176766,1.00000113599139e+18,63875741926885,0.031,1.438,-0.019,0.057,-0.024,0.004,0.998,NaN,-0.12,0.116,0.986,0,0,0,64.325,NaN,-0.105,0.116,0.988,-0.032,0,0,0.582,3.731,6.415,0.957,NaN,-0.122,0.116,0.986,0.032,0,0,0.566,3.608,6.373,0.971,2,0.9722144
176767,1.00000113599641e+18,63875741926885,0.031,1.438,-0.019,0.057,-0.024,0.004,0.998,NaN,-0.12,0.116,0.986,0,0,0,64.325,NaN,-0.105,0.116,0.988,-0.032,0,0,0.581,3.727,6.415,0.957,NaN,-0.122,0.116,0.986,0.032,0,0,0.566,3.606,6.373,0.971,2,1
176768,1.00000113600149e+18,63875741926885,0.031,1.438,-0.019,0.057,-0.024,0.004,0.998,NaN,-0.12,0.116,0.986,0,0,0,64.325,NaN,-0.105,0.116,0.988,-0.032,0,0,0.581,3.727,6.415,0.957,NaN,-0.122,0.116,0.986,0.032,0,0,0.565,3.604,6.373,0.971,2,1
176769,1.00000113600651e+18,63875741926896,0.031,1.438,-0.019,0.057,-0.024,0.004,0.998,NaN,-0.12,0.116,0.986,0,0,0,64.325,NaN,-0.106,0.116,0.988,-0.032,0,0,0.581,3.728,6.415,0.957,NaN,-0.122,0.116,0.986,0.032,0,0,0.565,3.602,6.373,0.971,2,1
176770,1.00000113601143e+18,63875741926908,0.031,1.438,-0.019,0.057,-0.024,0.004,0.998,NaN,-0.12,0.115,0.986,0,0,0,64.325,NaN,-0.106,0.115,0.988,-0.032,0,0,0.581,3.729,6.415,0.956,NaN,-0.122,0.115,0.986,0.032,0,0,0.565,3.6,6.373,0.97,2,1
176771,1.00000113601645e+18,63875741926908,0.031,1.438,-0.019,0.057,-0.024,0.004,0.998,NaN,-0.118,0.115,0.986,0,0,0,64.325,NaN,-0.105,0.115,0.988,-0.032,0,0,0.582,3.731,6.415,0.955,NaN,-0.119,0.115,0.986,0.032,0,0,0.565,3.6,6.373,0.969,2,0.426085
176772,1.00000113602147e+18,63875741926919,0.031,1.438,-0.019,0.057,-0.024,0.004,0.998,NaN,-0.115,0.115,0.987,0,0,0,64.325,NaN,-0.104,0.115,0.988,-0.032,0,0,0.582,3.732,6.415,0.954,NaN,-0.116,0.115,0.987,0.032,0,0,0.565,3.601,6.373,0.967,2,0.4092896
176773,1.00000113602649e+18,63875741926919,0.031,1.438,-0.019,0.057,-0.024,0.004,0.998,NaN,-0.111,0.115,0.987,0,0,0,64.325,NaN,-0.103,0.115,0.988,-0.032,0,0,0.583,3.738,6.415,0.952,NaN,-0.112,0.115,0.987,0.032,0,0,0.565,3.602,6.373,0.964,2,0.3576644
176774,1.00000113603152e+18,63875741926919,0.031,1.438,-0.019,0.057,-0.024,0.004,0.998,NaN,-0.108,0.114,0.988,0,0,0,64.325,NaN,-0.095,0.115,0.989,-0.032,0,0,0.559,3.584,6.415,0.953,NaN,-0.108,0.114,0.988,0.032,0,0,0.566,3.605,6.373,0.959,2,0.3265584
176775,1.00000113603654e+18,63875741926930,0.031,1.438,-0.019,0.057,-0.024,0.004,0.998,NaN,-0.105,0.114,0.988,0,0,0,64.325,NaN,-0.094,0.114,0.989,-0.032,0,0,0.553,3.549,6.415,0.952,NaN,-0.106,0.114,0.988,0.032,0,0,0.566,3.607,6.373,0.948,2,0.276754
176776,1.00000113604143e+18,63875741926930,0.031,1.438,-0.019,0.057,-0.024,0.004,0.998,NaN,-0.104,0.113,0.988,0,0,0,64.325,NaN,-0.094,0.114,0.989,-0.032,0,0,0.552,3.54,6.415,0.945,NaN,-0.104,0.113,0.988,0.032,0,0,0.566,3.607,6.373,0.926,2,0.2264696
176777,1.00000113604645e+18,63875741926941,0.031,1.438,-0.019,0.057,-0.024,0.004,0.998,NaN,-0.098,0.114,0.989,0,0,0,64.325,NaN,-0.085,0.113,0.99,-0.032,0,0,0.531,3.409,6.415,0.934,NaN,-0.098,0.114,0.989,0.032,0,0,0.558,3.557,6.373,0.884,2,0
176778,1.00000113605147e+18,63875741926941,0.031,1.438,-0.019,0.057,-0.024,0.004,0.998,NaN,-0.089,0.109,0.99,0,0,0,64.325,NaN,-0.072,0.102,0.992,-0.032,0,0,0,0,6.415,0.906,NaN,-0.096,0.112,0.989,0.032,0,0,0,0,6.373,0.818,2,0
176779,1.00000113605647e+18,63875741927041,0.031,1.438,-0.019,0.057,-0.024,0.004,0.998,NaN,NaN,NaN,NaN,NaN,NaN,NaN,NaN,NaN,NaN,NaN,NaN,NaN,NaN,NaN,NaN,NaN,NaN,NaN,NaN,NaN,NaN,NaN,NaN,NaN,NaN,NaN,NaN,NaN,NaN,NaN,NaN
176780,1.00000113606146e+18,63875741927041,0.031,1.438,-0.019,0.057,-0.024,0.004,0.998,NaN,NaN,NaN,NaN,NaN,NaN,NaN,NaN,NaN,NaN,NaN,NaN,NaN,NaN,NaN,NaN,NaN,NaN,NaN,NaN,NaN,NaN,NaN,NaN,NaN,NaN,NaN,NaN,NaN,NaN,NaN,NaN
176781,1.00000113606647e+18,63875741927041,0.031,1.438,-0.019,0.057,-0.024,0.004,0.998,NaN,NaN,NaN,NaN,NaN,NaN,NaN,NaN,NaN,NaN,NaN,NaN,NaN,NaN,NaN,NaN,NaN,NaN,NaN,NaN,NaN,NaN,NaN,NaN,NaN,NaN,NaN,NaN,NaN,NaN,NaN,NaN
176782,1.00000113607148e+18,63875741927041,0.031,1.438,-0.019,0.057,-0.024,0.004,0.998,NaN,NaN,NaN,NaN,NaN,NaN,NaN,NaN,NaN,NaN,NaN,NaN,NaN,NaN,NaN,NaN,NaN,NaN,NaN,NaN,NaN,NaN,NaN,NaN,NaN,NaN,NaN,NaN,NaN,NaN,NaN,NaN
176783,1.00000113607651e+18,63875741927041,0.031,1.438,-0.019,0.057,-0.024,0.004,0.998,NaN,NaN,NaN,NaN,NaN,NaN,NaN,NaN,NaN,NaN,NaN,NaN,NaN,NaN,NaN,NaN,NaN,NaN,NaN,NaN,NaN,NaN,NaN,NaN,NaN,NaN,NaN,NaN,NaN,NaN,NaN,NaN
176784,1.00000113608151e+18,63875741927041,0.031,1.438,-0.019,0.057,-0.024,0.004,0.998,NaN,NaN,NaN,NaN,NaN,NaN,NaN,NaN,NaN,NaN,NaN,NaN,NaN,NaN,NaN,NaN,NaN,NaN,NaN,NaN,NaN,NaN,NaN,NaN,NaN,NaN,NaN,NaN,NaN,NaN,NaN,NaN
176785,1.00000113608656e+18,63875741927041,0.031,1.438,-0.019,0.057,-0.024,0.004,0.998,NaN,NaN,NaN,NaN,NaN,NaN,NaN,NaN,NaN,NaN,NaN,NaN,NaN,NaN,NaN,NaN,NaN,NaN,NaN,NaN,NaN,NaN,NaN,NaN,NaN,NaN,NaN,NaN,NaN,NaN,NaN,NaN
176786,1.00000113609156e+18,63875741927041,0.031,1.438,-0.019,0.057,-0.024,0.004,0.998,NaN,NaN,NaN,NaN,NaN,NaN,NaN,NaN,NaN,NaN,NaN,NaN,NaN,NaN,NaN,NaN,NaN,NaN,NaN,NaN,NaN,NaN,NaN,NaN,NaN,NaN,NaN,NaN,NaN,NaN,NaN,NaN
176787,1.00000113609655e+18,63875741927041,0.031,1.438,-0.019,0.057,-0.024,0.004,0.998,NaN,NaN,NaN,NaN,NaN,NaN,NaN,NaN,NaN,NaN,NaN,NaN,NaN,NaN,NaN,NaN,NaN,NaN,NaN,NaN,NaN,NaN,NaN,NaN,NaN,NaN,NaN,NaN,NaN,NaN,NaN,NaN
176788,1.00000113610156e+18,63875741927041,0.031,1.438,-0.019,0.057,-0.024,0.004,0.998,NaN,NaN,NaN,NaN,NaN,NaN,NaN,NaN,NaN,NaN,NaN,NaN,NaN,NaN,NaN,NaN,NaN,NaN,NaN,NaN,NaN,NaN,NaN,NaN,NaN,NaN,NaN,NaN,NaN,NaN,NaN,NaN
176789,1.00000113610657e+18,63875741927041,0.031,1.438,-0.019,0.057,-0.024,0.004,0.998,NaN,NaN,NaN,NaN,NaN,NaN,NaN,NaN,NaN,NaN,NaN,NaN,NaN,NaN,NaN,NaN,NaN,NaN,NaN,NaN,NaN,NaN,NaN,NaN,NaN,NaN,NaN,NaN,NaN,NaN,NaN,NaN
176790,1.00000113611157e+18,63875741927041,0.031,1.438,-0.019,0.057,-0.024,0.004,0.998,NaN,NaN,NaN,NaN,NaN,NaN,NaN,NaN,NaN,NaN,NaN,NaN,NaN,NaN,NaN,NaN,NaN,NaN,NaN,NaN,NaN,NaN,NaN,NaN,NaN,NaN,NaN,NaN,NaN,NaN,NaN,NaN
176791,1.00000113611658e+18,63875741927041,0.031,1.438,-0.019,0.057,-0.024,0.004,0.998,NaN,NaN,NaN,NaN,NaN,NaN,NaN,NaN,NaN,NaN,NaN,NaN,NaN,NaN,NaN,NaN,NaN,NaN,NaN,NaN,NaN,NaN,NaN,NaN,NaN,NaN,NaN,NaN,NaN,NaN,NaN,NaN
176792,1.00000113612161e+18,63875741927041,0.031,1.438,-0.019,0.057,-0.024,0.004,0.998,NaN,NaN,NaN,NaN,NaN,NaN,NaN,NaN,NaN,NaN,NaN,NaN,NaN,NaN,NaN,NaN,NaN,NaN,NaN,NaN,NaN,NaN,NaN,NaN,NaN,NaN,NaN,NaN,NaN,NaN,NaN,NaN
176793,1.00000113612661e+18,63875741927041,0.031,1.438,-0.019,0.057,-0.024,0.004,0.998,NaN,NaN,NaN,NaN,NaN,NaN,NaN,NaN,NaN,NaN,NaN,NaN,NaN,NaN,NaN,NaN,NaN,NaN,NaN,NaN,NaN,NaN,NaN,NaN,NaN,NaN,NaN,NaN,NaN,NaN,NaN,NaN
176794,1.00000113613167e+18,63875741927042,0.031,1.438,-0.019,0.057,-0.024,0.004,0.998,NaN,NaN,NaN,NaN,NaN,NaN,NaN,NaN,NaN,NaN,NaN,NaN,NaN,NaN,NaN,NaN,NaN,NaN,NaN,NaN,NaN,NaN,NaN,NaN,NaN,NaN,NaN,NaN,NaN,NaN,NaN,NaN
176795,1.00000113613667e+18,63875741927042,0.031,1.438,-0.019,0.057,-0.024,0.004,0.998,NaN,NaN,NaN,NaN,NaN,NaN,NaN,NaN,NaN,NaN,NaN,NaN,NaN,NaN,NaN,NaN,NaN,NaN,NaN,NaN,NaN,NaN,NaN,NaN,NaN,NaN,NaN,NaN,NaN,NaN,NaN,NaN
176796,1.00000113614168e+18,63875741927042,0.031,1.438,-0.019,0.057,-0.024,0.004,0.998,NaN,NaN,NaN,NaN,NaN,NaN,NaN,NaN,NaN,NaN,NaN,NaN,NaN,NaN,NaN,NaN,NaN,NaN,NaN,NaN,NaN,NaN,NaN,NaN,NaN,NaN,NaN,NaN,NaN,NaN,NaN,NaN
176797,1.00000113614668e+18,63875741927042,0.031,1.438,-0.019,0.057,-0.024,0.004,0.998,NaN,NaN,NaN,NaN,NaN,NaN,NaN,NaN,NaN,NaN,NaN,NaN,NaN,NaN,NaN,NaN,NaN,NaN,NaN,NaN,NaN,NaN,NaN,NaN,NaN,NaN,NaN,NaN,NaN,NaN,NaN,NaN
176798,1.00000113615169e+18,63875741927042,0.031,1.438,-0.019,0.057,-0.024,0.004,0.998,NaN,NaN,NaN,NaN,NaN,NaN,NaN,NaN,NaN,NaN,NaN,NaN,NaN,NaN,NaN,NaN,NaN,NaN,NaN,NaN,NaN,NaN,NaN,NaN,NaN,NaN,NaN,NaN,NaN,NaN,NaN,NaN
176799,1.00000113615669e+18,63875741927042,0.031,1.438,-0.019,0.057,-0.024,0.004,0.998,NaN,-0.183,-0.195,0.963,0,0,0,64.325,NaN,NaN,NaN,NaN,NaN,NaN,NaN,NaN,-0.193,-0.189,0.963,0.032,0,0,0,0,6.373,NaN,2,0,NaN,NaN,NaN,NaN
176800,1.0000011361617e+18,63875741927053,0.031,1.438,-0.019,0.057,-0.024,0.004,0.998,NaN,0.039,-0.309,0.95,0,0,0,64.325,NaN,0.391,-0.367,0.844,-0.032,0,0,0,0,6.415,0.426,NaN,NaN,NaN,NaN,NaN,NaN,0.319,2,0,NaN,NaN,NaN,NaN
176801,1.0000011361667e+18,63875741927120,0.031,1.438,-0.019,0.057,-0.024,0.004,0.998,NaN,NaN,NaN,NaN,NaN,NaN,NaN,NaN,NaN,NaN,NaN,NaN,NaN,NaN,NaN,NaN,NaN,NaN,NaN,NaN,NaN,NaN,NaN,NaN,NaN,NaN,NaN,NaN,NaN,NaN,NaN,NaN
176802,1.00000113617172e+18,63875741927120,0.031,1.438,-0.019,0.057,-0.024,0.004,0.998,NaN,NaN,NaN,NaN,NaN,NaN,NaN,NaN,NaN,NaN,NaN,NaN,NaN,NaN,NaN,NaN,NaN,NaN,NaN,NaN,NaN,NaN,NaN,NaN,NaN,NaN,NaN,NaN,NaN,NaN,NaN,NaN
176803,1.00000113617674e+18,63875741927120,0.031,1.438,-0.019,0.057,-0.024,0.004,0.998,NaN,NaN,NaN,NaN,NaN,NaN,NaN,NaN,NaN,NaN,NaN,NaN,NaN,NaN,NaN,NaN,NaN,NaN,NaN,NaN,NaN,NaN,NaN,NaN,NaN,NaN,NaN,NaN,NaN,NaN,NaN,NaN
176804,1.00000113618174e+18,63875741927120,0.031,1.438,-0.019,0.057,-0.024,0.004,0.998,NaN,0,-0.38,0.925,0,0,0,64.325,NaN,NaN,NaN,NaN,NaN,NaN,NaN,NaN,-0.205,-0.423,0.883,0.032,0,0,0,0,6.373,NaN,2,0,NaN,NaN,NaN,NaN
176805,1.0000011361868e+18,63875741927120,0.031,1.438,-0.019,0.057,-0.024,0.004,0.998,NaN,NaN,NaN,NaN,NaN,NaN,NaN,NaN,NaN,NaN,NaN,NaN,NaN,NaN,NaN,NaN,NaN,NaN,NaN,NaN,NaN,NaN,NaN,NaN,NaN,NaN,NaN,NaN,NaN,NaN,NaN,NaN
176806,1.0000011361918e+18,63875741927120,0.031,1.438,-0.019,0.057,-0.024,0.004,0.998,NaN,NaN,NaN,NaN,NaN,NaN,NaN,NaN,NaN,NaN,NaN,NaN,NaN,NaN,NaN,NaN,NaN,NaN,NaN,NaN,NaN,NaN,NaN,NaN,NaN,NaN,NaN,NaN,NaN,NaN,NaN,NaN
176807,1.00000113619678e+18,63875741927120,0.031,1.438,-0.019,0.057,-0.024,0.004,0.998,NaN,NaN,NaN,NaN,NaN,NaN,NaN,NaN,NaN,NaN,NaN,NaN,NaN,NaN,NaN,NaN,NaN,NaN,NaN,NaN,NaN,NaN,NaN,NaN,NaN,NaN,NaN,NaN,NaN,NaN,NaN,NaN
176808,1.00000113620179e+18,63875741927120,0.031,1.438,-0.019,0.057,-0.024,0.004,0.998,NaN,NaN,NaN,NaN,NaN,NaN,NaN,NaN,NaN,NaN,NaN,NaN,NaN,NaN,NaN,NaN,NaN,NaN,NaN,NaN,NaN,NaN,NaN,NaN,NaN,NaN,NaN,NaN,NaN,NaN,NaN,NaN
176809,1.00000113620685e+18,63875741927120,0.031,1.438,-0.019,0.057,-0.024,0.004,0.998,NaN,NaN,NaN,NaN,NaN,NaN,NaN,NaN,NaN,NaN,NaN,NaN,NaN,NaN,NaN,NaN,NaN,NaN,NaN,NaN,NaN,NaN,NaN,NaN,NaN,NaN,NaN,NaN,NaN,NaN,NaN,NaN
176810,1.00000113621186e+18,63875741927120,0.031,1.438,-0.019,0.057,-0.024,0.004,0.998,NaN,NaN,NaN,NaN,NaN,NaN,NaN,NaN,NaN,NaN,NaN,NaN,NaN,NaN,NaN,NaN,NaN,NaN,NaN,NaN,NaN,NaN,NaN,NaN,NaN,NaN,NaN,NaN,NaN,NaN,NaN,NaN
176811,1.00000113621687e+18,63875741927120,0.031,1.438,-0.019,0.057,-0.024,0.004,0.998,NaN,NaN,NaN,NaN,NaN,NaN,NaN,NaN,NaN,NaN,NaN,NaN,NaN,NaN,NaN,NaN,NaN,NaN,NaN,NaN,NaN,NaN,NaN,NaN,NaN,NaN,NaN,NaN,NaN,NaN,NaN,NaN
176812,1.00000113622187e+18,63875741927120,0.031,1.438,-0.019,0.057,-0.024,0.004,0.998,NaN,-0.006,-0.306,0.952,0,0,0,64.325,NaN,NaN,NaN,NaN,NaN,NaN,NaN,NaN,-0.064,-0.22,0.973,0.032,0,0,0,0,6.373,NaN,2,0,NaN,NaN,NaN,NaN
176813,1.00000113622685e+18,63875741927120,0.031,1.438,-0.019,0.057,-0.024,0.004,0.998,NaN,-0.008,-0.274,0.962,0,0,0,64.325,NaN,NaN,NaN,NaN,NaN,NaN,NaN,NaN,-0.175,-0.207,0.963,0.032,0,0,0,0,6.373,NaN,2,0,NaN,NaN,NaN,NaN
176814,1.00000113623187e+18,63875741927120,0.031,1.438,-0.019,0.057,-0.024,0.004,0.998,NaN,-0.019,-0.286,0.958,0,0,0,64.325,NaN,NaN,NaN,NaN,NaN,NaN,NaN,NaN,-0.17,-0.251,0.953,0.032,0,0,0,0,6.373,NaN,2,0,NaN,NaN,NaN,NaN
176815,1.00000113623688e+18,63875741927131,0.031,1.438,-0.019,0.057,-0.024,0.004,0.998,NaN,-0.034,-0.292,0.956,0,0,0,64.325,NaN,NaN,NaN,NaN,NaN,NaN,NaN,NaN,-0.161,-0.273,0.948,0.032,0,0,0,0,6.373,NaN,2,0,NaN,NaN,NaN,NaN
176816,1.00000113624192e+18,63875741927131,0.031,1.438,-0.019,0.057,-0.024,0.004,0.998,NaN,-0.048,-0.295,0.954,0,0,0,64.325,NaN,NaN,NaN,NaN,NaN,NaN,NaN,NaN,-0.15,-0.285,0.947,0.032,0,0,0,0,6.373,NaN,2,0,NaN,NaN,NaN,NaN
176817,1.00000113624692e+18,63875741927131,0.031,1.438,-0.019,0.057,-0.024,0.004,0.998,NaN,-0.059,-0.296,0.953,0,0,0,64.325,NaN,NaN,NaN,NaN,NaN,NaN,NaN,NaN,-0.138,-0.29,0.947,0.032,0,0,0,0,6.373,NaN,2,0,NaN,NaN,NaN,NaN
176818,1.00000113625193e+18,63875741927142,0.031,1.438,-0.019,0.057,-0.024,0.004,0.998,NaN,-0.067,-0.296,0.953,0,0,0,64.325,NaN,NaN,NaN,NaN,NaN,NaN,NaN,NaN,-0.127,-0.292,0.948,0.032,0,0,0,0,6.373,NaN,2,0,NaN,NaN,NaN,NaN
176819,1.00000113625693e+18,63875741927142,0.031,1.438,-0.019,0.057,-0.024,0.004,0.998,NaN,-0.074,-0.295,0.953,0,0,0,64.325,NaN,NaN,NaN,NaN,NaN,NaN,NaN,NaN,-0.118,-0.292,0.949,0.032,0,0,0,0,6.373,NaN,2,0,NaN,NaN,NaN,NaN
176820,1.00000113626195e+18,63875741927153,0.031,1.438,-0.019,0.057,-0.024,0.004,0.998,NaN,-0.078,-0.294,0.953,0,0,0,64.325,NaN,NaN,NaN,NaN,NaN,NaN,NaN,NaN,-0.111,-0.292,0.95,0.032,0,0,0,0,6.373,NaN,2,0,NaN,NaN,NaN,NaN
176821,1.00000113626696e+18,63875741927164,0.031,1.438,-0.019,0.057,-0.024,0.004,0.998,NaN,-0.081,-0.293,0.953,0,0,0,64.325,NaN,NaN,NaN,NaN,NaN,NaN,NaN,NaN,-0.106,-0.292,0.951,0.032,0,0,0,0,6.373,NaN,2,0,NaN,NaN,NaN,NaN
176822,1.00000113627196e+18,63875741927164,0.031,1.438,-0.019,0.057,-0.024,0.004,0.998,NaN,-0.084,-0.293,0.953,0,0,0,64.325,NaN,NaN,NaN,NaN,NaN,NaN,NaN,NaN,-0.102,-0.292,0.951,0.032,0,0,0,0,6.373,NaN,2,0,NaN,NaN,NaN,NaN
176823,1.00000113627697e+18,63875741927164,0.031,1.438,-0.019,0.057,-0.024,0.004,0.998,NaN,-0.086,-0.291,0.953,0,0,0,64.325,NaN,NaN,NaN,NaN,NaN,NaN,NaN,NaN,-0.1,-0.29,0.952,0.032,0,0,0,0,6.373,NaN,2,0,NaN,NaN,NaN,NaN
176824,1.00000113628201e+18,63875741927175,0.031,1.438,-0.019,0.057,-0.024,0.004,0.998,NaN,-0.088,-0.288,0.954,0,0,0,64.325,NaN,NaN,NaN,NaN,NaN,NaN,NaN,NaN,-0.099,-0.286,0.953,0.032,0,0,0,0,6.373,NaN,2,0,NaN,NaN,NaN,NaN
176825,1.00000113628705e+18,63875741927175,0.031,1.438,-0.019,0.057,-0.024,0.004,0.998,NaN,-0.091,-0.284,0.954,0,0,0,64.325,NaN,NaN,NaN,NaN,NaN,NaN,NaN,NaN,-0.099,-0.282,0.954,0.032,0,0,0,0,6.373,NaN,2,0,NaN,NaN,NaN,NaN
176826,1.00000113629206e+18,63875741927186,0.031,1.438,-0.019,0.057,-0.024,0.004,0.998,NaN,-0.093,-0.28,0.955,0,0,0,64.325,NaN,NaN,NaN,NaN,NaN,NaN,NaN,NaN,-0.099,-0.277,0.956,0.032,0,0,0,0,6.373,NaN,2,0,NaN,NaN,NaN,NaN
176827,1.00000113629706e+18,63875741927187,0.031,1.438,-0.019,0.057,-0.024,0.004,0.998,NaN,-0.079,-0.267,0.96,0,0,0,64.325,NaN,0.053,-0.076,0.996,-0.032,0,0,0,0,6.415,0.671,NaN,-0.1,-0.259,0.961,0.032,0,0,0,0,6.373,0.62,0.1674343,0
176828,1.00000113630207e+18,63875741927187,0.031,1.438,-0.019,0.057,-0.024,0.004,0.998,NaN,-0.074,-0.222,0.972,0,0,0,64.325,NaN,0.053,-0.074,0.996,-0.032,0,0,0,0,6.415,0.683,NaN,-0.092,-0.23,0.969,0.032,0,0,0,0,6.373,0.634,0.201179,0
176829,1.00000113630708e+18,63875741927197,0.031,1.438,-0.019,0.057,-0.024,0.004,0.998,NaN,-0.062,-0.175,0.983,0,0,0,64.325,NaN,-0.038,0.054,0.998,-0.032,0,0,0,0,6.415,0.695,NaN,-0.085,-0.188,0.978,0.032,0,0,0,0,6.373,0.648,0.04857054,0
176830,1.00000113631209e+18,63875741927197,0.031,1.438,-0.019,0.057,-0.024,0.004,0.998,NaN,-0.053,-0.147,0.988,0,0,0,64.325,NaN,-0.011,0.002,1,-0.032,0,0,0,0,6.415,0.705,NaN,-0.078,-0.159,0.984,0.032,0,0,0,0,6.373,0.657,0.1405034,0
176831,1.00000113631709e+18,63875741927208,0.031,1.438,-0.02,0.057,-0.024,0.004,0.998,NaN,-0.04,-0.122,0.992,0,0,0,64.325,NaN,0.008,-0.028,1,-0.032,0,0,0,0,6.415,0.72,NaN,-0.075,-0.131,0.989,0.032,0,0,0,0,6.373,0.664,0.3029061,0
176832,1.0000011363221e+18,63875741927208,0.031,1.438,-0.02,0.057,-0.024,0.004,0.998,NaN,-0.03,-0.105,0.994,0,0,0,64.325,NaN,0.02,-0.047,0.999,-0.032,0,0,0,0,6.415,0.73,NaN,-0.072,-0.112,0.991,0.032,0,0,0,0,6.373,0.671,0.4641233,0
176833,1.00000113632711e+18,63875741927220,0.032,1.438,-0.02,0.057,-0.024,0.004,0.998,NaN,-0.024,-0.102,0.994,0,0,0,64.325,NaN,0.028,-0.067,0.997,-0.032,0,0,0,0,6.415,0.742,NaN,-0.069,-0.107,0.992,0.032,0,0,0,0,6.373,0.683,0.5640281,0
176834,1.00000113633212e+18,63875741927220,0.032,1.438,-0.02,0.057,-0.024,0.004,0.998,NaN,-0.021,-0.102,0.995,0,0,0,64.325,NaN,0.033,-0.08,0.996,-0.032,0,0,0,0,6.415,0.755,NaN,-0.066,-0.105,0.992,0.032,0,0,0,0,6.373,0.696,0.6081861,0
176835,1.00000113633713e+18,63875741927231,0.032,1.438,-0.02,0.057,-0.024,0.004,0.998,NaN,-0.017,-0.097,0.995,0,0,0,64.325,NaN,0.037,-0.082,0.996,-0.032,0,0,0.531,3.409,6.415,0.768,NaN,-0.064,-0.098,0.993,0.032,0,0,0.546,3.481,6.373,0.708,0.6191629,0
176836,1.00000113634215e+18,63875741927231,0.032,1.438,-0.02,0.057,-0.024,0.004,0.998,NaN,-0.016,-0.085,0.996,0,0,0,64.325,NaN,0.039,-0.075,0.996,-0.032,0,0,0.532,3.412,6.415,0.779,NaN,-0.064,-0.086,0.994,0.032,0,0,0.547,3.488,6.373,0.718,0.615022,0
176837,1.00000113634717e+18,63875741927242,0.032,1.438,-0.02,0.057,-0.023,0.004,0.998,NaN,-0.024,-0.081,0.996,0,0,0,64.325,NaN,0.025,-0.075,0.997,-0.032,0,0,0.538,3.455,6.415,0.791,NaN,-0.063,-0.082,0.995,0.032,0,0,0.55,3.508,6.373,0.727,0.7284819,0
176838,1.00000113635218e+18,63875741927242,0.032,1.438,-0.02,0.057,-0.023,0.004,0.998,NaN,-0.004,-0.041,0.999,0,0,0,64.325,NaN,0.038,-0.049,0.998,-0.032,0,0,0.541,3.471,6.415,0.798,NaN,-0.035,-0.042,0.999,0.032,0,0,0.565,3.601,6.373,0.734,0.8776565,0
176839,1.00000113635718e+18,63875741927242,0.032,1.438,-0.02,0.057,-0.023,0.004,0.998,NaN,0.002,-0.024,1,0,0,0,64.325,NaN,0.036,-0.039,0.999,-0.032,0,0,0.536,3.439,6.415,0.805,NaN,-0.018,-0.025,1,0.032,0,0,0.569,3.626,6.373,0.748,1.122062,0
176840,1.00000113636219e+18,63875741927253,0.032,1.438,-0.02,0.057,-0.023,0.004,0.998,NaN,0.008,-0.001,1,0,0,0,64.325,NaN,0.043,-0.03,0.999,-0.032,0,0,0.508,3.257,6.415,0.812,NaN,-0.005,-0.002,1,0.032,0,0,0.572,3.644,6.373,0.761,0.9957361,0
176841,1.00000113636719e+18,63875741927264,0.032,1.438,-0.02,0.057,-0.023,0.004,0.998,NaN,0.013,0.022,1,0,0,0,64.325,NaN,0.039,-0.026,0.999,-0.032,0,0,0.509,3.264,6.415,0.819,NaN,0.006,0.021,1,0.032,0,0,0.574,3.656,6.373,0.77,0.6393245,0
176842,1.00000113637223e+18,63875741927264,0.032,1.438,-0.02,0.057,-0.023,0.004,0.998,NaN,0.014,0.055,0.998,0,0,0,64.325,NaN,0.038,-0.008,0.999,-0.032,0,0,0.514,3.298,6.415,0.827,NaN,0.007,0.054,0.998,0.032,0,0,0.579,3.691,6.373,0.778,0.4117432,0
176843,1.00000113637723e+18,63875741927275,0.032,1.438,-0.02,0.057,-0.023,0.005,0.998,NaN,0.014,0.078,0.997,0,0,0,64.325,NaN,0.049,0.012,0.999,-0.032,0,0,0.52,3.339,6.415,0.836,NaN,0.009,0.078,0.997,0.032,0,0,0.58,3.696,6.373,0.785,0.4314671,0
176844,1.00000113638224e+18,63875741927275,0.032,1.438,-0.02,0.057,-0.023,0.005,0.998,NaN,0.014,0.092,0.996,0,0,0,64.325,NaN,0.057,0.031,0.998,-0.032,0,0,0.524,3.359,6.415,0.845,NaN,0.011,0.092,0.996,0.032,0,0,0.58,3.698,6.373,0.794,0.5070488,0
176845,1.00000113638724e+18,63875741927275,0.032,1.438,-0.02,0.057,-0.023,0.005,0.998,NaN,0.015,0.102,0.995,0,0,0,64.325,NaN,0.052,0.057,0.997,-0.032,0,0,0.526,3.373,6.415,0.855,NaN,0.012,0.102,0.995,0.032,0,0,0.58,3.699,6.373,0.804,0.7003753,0
176846,1.00000113639226e+18,63875741927286,0.032,1.438,-0.02,0.057,-0.023,0.005,0.998,NaN,0.015,0.109,0.994,0,0,0,64.325,NaN,0.047,0.076,0.996,-0.032,0,0,0.535,3.432,6.415,0.866,NaN,0.013,0.108,0.994,0.032,0,0,0.58,3.699,6.373,0.815,2,0
176847,1.00000113639726e+18,63875741927286,0.032,1.438,-0.02,0.057,-0.023,0.005,0.998,NaN,0.015,0.112,0.994,0,0,0,64.325,NaN,0.054,0.086,0.995,-0.032,0,0,0.54,3.467,6.415,0.877,NaN,0.014,0.112,0.994,0.032,0,0,0.58,3.699,6.373,0.825,2,0
176848,1.00000113640227e+18,63875741927286,0.032,1.438,-0.02,0.057,-0.023,0.005,0.998,NaN,0.016,0.115,0.993,0,0,0,64.325,NaN,0.059,0.097,0.994,-0.032,0,0,0.555,3.561,6.415,0.888,NaN,0.015,0.115,0.993,0.032,0,0,0.58,3.699,6.373,0.835,2,0
176849,1.00000113640732e+18,63875741927297,0.032,1.438,-0.02,0.057,-0.023,0.005,0.998,NaN,0.016,0.116,0.993,0,0,0,64.325,NaN,0.062,0.107,0.992,-0.032,0,0,0.566,3.628,6.415,0.898,NaN,0.016,0.116,0.993,0.032,0,0,0.58,3.699,6.373,0.844,2,0
176850,1.00000113641234e+18,63875741927297,0.032,1.438,-0.02,0.057,-0.023,0.005,0.998,NaN,0.017,0.117,0.993,0,0,0,64.325,NaN,0.065,0.118,0.991,-0.032,0,0,0.581,3.729,6.415,0.908,NaN,0.016,0.117,0.993,0.032,0,0,0.58,3.699,6.373,0.853,2,0
176851,1.00000113641735e+18,63875741927309,0.032,1.438,-0.02,0.057,-0.023,0.005,0.998,NaN,0.017,0.117,0.993,0,0,0,64.325,NaN,0.067,0.127,0.99,-0.032,0,0,0.586,3.759,6.415,0.916,NaN,0.017,0.117,0.993,0.032,0,0,0.581,3.7,6.373,0.861,2,0
176852,1.00000113642236e+18,63875741927309,0.032,1.438,-0.02,0.057,-0.023,0.005,0.998,NaN,0.017,0.118,0.993,0,0,0,64.325,NaN,0.059,0.125,0.99,-0.032,0,0,0.588,3.772,6.415,0.914,NaN,0.017,0.118,0.993,0.032,0,0,0.581,3.702,6.373,0.869,2,0
176853,1.00000113642739e+18,63875741927320,0.032,1.438,-0.02,0.057,-0.023,0.005,0.998,NaN,0.018,0.118,0.993,0,0,0,64.325,NaN,0.061,0.133,0.989,-0.032,0,0,0.595,3.819,6.415,0.914,NaN,0.018,0.118,0.993,0.032,0,0,0.581,3.704,6.373,0.876,2,0
176854,1.0000011364324e+18,63875741927320,0.032,1.438,-0.02,0.057,-0.023,0.005,0.998,NaN,0.018,0.12,0.993,0,0,0,64.325,NaN,0.056,0.13,0.99,-0.032,0,0,0.598,3.838,6.415,0.914,NaN,0.018,0.12,0.993,0.032,0,0,0.582,3.707,6.373,0.883,2,0
176855,1.00000113643741e+18,63875741927331,0.032,1.438,-0.02,0.057,-0.023,0.005,0.998,NaN,0.019,0.121,0.992,0,0,0,64.325,NaN,0.053,0.129,0.99,-0.032,0,0,0.6,3.848,6.415,0.914,NaN,0.019,0.121,0.992,0.032,0,0,0.583,3.713,6.373,0.889,2,0
176856,1.00000113644241e+18,63875741927331,0.032,1.438,-0.02,0.057,-0.023,0.005,0.998,NaN,0.019,0.123,0.992,0,0,0,64.325,NaN,0.052,0.129,0.99,-0.032,0,0,0.6,3.852,6.415,0.915,NaN,0.019,0.123,0.992,0.032,0,0,0.584,3.721,6.373,0.894,2,0
176857,1.00000113644741e+18,63875741927341,0.032,1.438,-0.019,0.057,-0.023,0.005,0.998,NaN,0.019,0.125,0.992,0,0,0,64.325,NaN,0.05,0.129,0.99,-0.032,0,0,0.601,3.853,6.415,0.915,NaN,0.02,0.125,0.992,0.032,0,0,0.585,3.726,6.373,0.899,2,0
176858,1.0000011364524e+18,63875741927342,0.032,1.438,-0.019,0.057,-0.023,0.005,0.998,NaN,0.02,0.126,0.992,0,0,0,64.325,NaN,0.048,0.129,0.991,-0.032,0,0,0.635,4.071,6.415,0.916,NaN,0.02,0.126,0.992,0.032,0,0,0.585,3.731,6.373,0.903,2,0
176859,1.0000011364574e+18,63875741927342,0.032,1.438,-0.019,0.057,-0.023,0.005,0.998,NaN,0.02,0.127,0.992,0,0,0,64.325,NaN,0.045,0.129,0.991,-0.032,0,0,0.638,4.091,6.415,0.917,NaN,0.02,0.127,0.992,0.032,0,0,0.586,3.733,6.373,0.907,2,0
176860,1.00000113646243e+18,63875741927353,0.032,1.438,-0.019,0.057,-0.023,0.005,0.998,NaN,0.02,0.127,0.992,0,0,0,64.325,NaN,0.042,0.129,0.991,-0.032,0,0,0.637,4.084,6.415,0.918,NaN,0.02,0.127,0.992,0.032,0,0,0.586,3.735,6.373,0.911,2,0
176861,1.00000113646743e+18,63875741927353,0.032,1.438,-0.019,0.057,-0.023,0.005,0.998,NaN,0.02,0.127,0.992,0,0,0,64.325,NaN,0.045,0.131,0.99,-0.032,0,0,0.593,3.805,6.415,0.919,NaN,0.02,0.127,0.992,0.032,0,0,0.586,3.736,6.373,0.913,2,0.6389185
176862,1.00000113647245e+18,63875741927364,0.032,1.439,-0.02,0.057,-0.024,0.005,0.998,NaN,0.02,0.127,0.992,0,0,0,64.325,NaN,0.046,0.133,0.99,-0.032,0,0,0.589,3.777,6.415,0.92,NaN,0.02,0.127,0.992,0.032,0,0,0.586,3.737,6.373,0.916,2,0.7527047
176863,1.00000113647744e+18,63875741927375,0.032,1.438,-0.02,0.058,-0.024,0.005,0.998,NaN,0.02,0.127,0.992,0,0,0,64.325,NaN,0.048,0.135,0.99,-0.032,0,0,0.591,3.794,6.415,0.921,NaN,0.02,0.127,0.992,0.032,0,0,0.587,3.738,6.373,0.92,2,0.7778925
176864,1.00000113648253e+18,63875741927375,0.032,1.438,-0.02,0.058,-0.024,0.005,0.998,NaN,0.02,0.126,0.992,0,0,0,64.325,NaN,0.05,0.136,0.989,-0.032,0,0,0.591,3.794,6.415,0.922,NaN,0.021,0.126,0.992,0.032,0,0,0.587,3.74,6.373,0.921,2,0.8495912
176865,1.00000113648752e+18,63875741927375,0.032,1.438,-0.02,0.058,-0.024,0.005,0.998,NaN,0.02,0.126,0.992,0,0,0,64.325,NaN,0.052,0.136,0.989,-0.032,0,0,0.588,3.775,6.415,0.924,NaN,0.021,0.126,0.992,0.032,0,0,0.587,3.741,6.373,0.918,2,0.8673261
176866,1.00000113649255e+18,63875741927387,0.032,1.439,-0.02,0.058,-0.024,0.005,0.998,NaN,0.02,0.126,0.992,0,0,0,64.325,NaN,0.055,0.136,0.989,-0.032,0,0,0.585,3.751,6.415,0.925,NaN,0.021,0.126,0.992,0.032,0,0,0.587,3.742,6.373,0.917,2,0.8779581
176867,1.00000113649753e+18,63875741927387,0.032,1.439,-0.02,0.058,-0.024,0.005,0.998,NaN,0.021,0.125,0.992,0,0,0,64.325,NaN,0.058,0.136,0.989,-0.032,0,0,0.584,3.746,6.415,0.926,NaN,0.021,0.125,0.992,0.032,0,0,0.587,3.744,6.373,0.914,2,0.9092312
176868,1.00000113650255e+18,63875741927387,0.032,1.439,-0.02,0.058,-0.024,0.005,0.998,NaN,0.021,0.125,0.992,0,0,0,64.325,NaN,0.061,0.136,0.989,-0.032,0,0,0.584,3.746,6.415,0.927,NaN,0.021,0.125,0.992,0.032,0,0,0.588,3.746,6.373,0.911,2,0.9139785
176869,1.00000113650754e+18,63875741927398,0.032,1.438,-0.02,0.058,-0.024,0.005,0.998,NaN,0.021,0.125,0.992,0,0,0,64.325,NaN,0.063,0.136,0.989,-0.032,0,0,0.589,3.779,6.415,0.929,NaN,0.021,0.125,0.992,0.032,0,0,0.588,3.747,6.373,0.909,2,0.9191304
176870,1.00000113651256e+18,63875741927398,0.032,1.438,-0.02,0.058,-0.024,0.005,0.998,NaN,0.021,0.125,0.992,0,0,0,64.325,NaN,0.065,0.137,0.988,-0.032,0,0,0.59,3.787,6.415,0.93,NaN,0.021,0.125,0.992,0.032,0,0,0.588,3.75,6.373,0.905,2,0.9212418
176871,1.0000011365176e+18,63875741927410,0.032,1.439,-0.02,0.058,-0.024,0.005,0.998,NaN,0.021,0.125,0.992,0,0,0,64.325,NaN,0.067,0.137,0.988,-0.032,0,0,0.588,3.773,6.415,0.931,NaN,0.021,0.125,0.992,0.032,0,0,0.589,3.753,6.373,0.9,2,0.9410709
176872,1.00000113652262e+18,63875741927410,0.032,1.439,-0.02,0.058,-0.024,0.005,0.998,NaN,0.021,0.125,0.992,0,0,0,64.325,NaN,0.07,0.136,0.988,-0.032,0,0,0.578,3.709,6.415,0.933,NaN,0.021,0.125,0.992,0.032,0,0,0.589,3.755,6.373,0.897,2,0.9494799
176873,1.00000113652765e+18,63875741927421,0.032,1.439,-0.02,0.058,-0.024,0.005,0.998,NaN,0.021,0.125,0.992,0,0,0,64.325,NaN,0.072,0.135,0.988,-0.032,0,0,0.576,3.693,6.415,0.934,NaN,0.021,0.125,0.992,0.032,0,0,0.59,3.757,6.373,0.894,2,0.9951296
176874,1.00000113653264e+18,63875741927421,0.032,1.439,-0.02,0.058,-0.024,0.005,0.998,NaN,0.021,0.125,0.992,0,0,0,64.325,NaN,0.073,0.134,0.988,-0.032,0,0,0.574,3.682,6.415,0.935,NaN,0.022,0.125,0.992,0.032,0,0,0.59,3.759,6.373,0.892,1.194401,1
176875,1.00000113653766e+18,63875741927431,0.032,1.439,-0.02,0.058,-0.024,0.005,0.998,NaN,0.022,0.125,0.992,0,0,0,64.325,NaN,0.075,0.133,0.988,-0.032,0,0,0.573,3.677,6.415,0.936,NaN,0.022,0.125,0.992,0.032,0,0,0.59,3.763,6.373,0.89,1.173531,1
176876,1.00000113654266e+18,63875741927431,0.032,1.439,-0.02,0.058,-0.024,0.005,0.998,NaN,0.022,0.125,0.992,0,0,0,64.325,NaN,0.076,0.133,0.988,-0.032,0,0,0.573,3.675,6.415,0.937,NaN,0.022,0.125,0.992,0.032,0,0,0.591,3.765,6.373,0.889,1.15741,1
176877,1.00000113654763e+18,63875741927442,0.032,1.439,-0.02,0.058,-0.024,0.005,0.998,NaN,0.022,0.125,0.992,0,0,0,64.325,NaN,0.077,0.132,0.988,-0.032,0,0,0.573,3.674,6.415,0.938,NaN,0.022,0.125,0.992,0.032,0,0,0.591,3.767,6.373,0.888,1.143567,1
176878,1.00000113655263e+18,63875741927443,0.032,1.439,-0.02,0.058,-0.024,0.005,0.998,NaN,0.022,0.125,0.992,0,0,0,64.325,NaN,0.078,0.132,0.988,-0.032,0,0,0.573,3.674,6.415,0.939,NaN,0.022,0.125,0.992,0.032,0,0,0.591,3.768,6.373,0.888,1.131889,1
176879,1.0000011365577e+18,63875741927443,0.032,1.439,-0.02,0.058,-0.024,0.005,0.998,NaN,0.022,0.125,0.992,0,0,0,64.325,NaN,0.078,0.132,0.988,-0.032,0,0,0.573,3.673,6.415,0.94,NaN,0.022,0.125,0.992,0.032,0,0,0.592,3.77,6.373,0.887,1.123329,1
176880,1.0000011365627e+18,63875741927453,0.032,1.439,-0.02,0.058,-0.024,0.005,0.998,NaN,0.022,0.125,0.992,0,0,0,64.325,NaN,0.073,0.132,0.989,-0.032,0,0,0.573,3.673,6.415,0.941,NaN,0.022,0.125,0.992,0.032,0,0,0.592,3.771,6.373,0.889,2,1
176881,1.00000113656769e+18,63875741927453,0.032,1.439,-0.02,0.058,-0.024,0.005,0.998,NaN,0.022,0.125,0.992,0,0,0,64.325,NaN,0.074,0.131,0.989,-0.032,0,0,0.572,3.67,6.415,0.942,NaN,0.023,0.125,0.992,0.032,0,0,0.592,3.773,6.373,0.891,2,1
176882,1.00000113657272e+18,63875741927464,0.032,1.439,-0.02,0.058,-0.024,0.005,0.998,NaN,0.022,0.126,0.992,0,0,0,64.325,NaN,0.072,0.131,0.989,-0.032,0,0,0.571,3.665,6.415,0.942,NaN,0.023,0.126,0.992,0.032,0,0,0.592,3.775,6.373,0.894,2,0.9915627
176883,1.00000113657774e+18,63875741927464,0.032,1.439,-0.02,0.058,-0.024,0.005,0.998,NaN,0.022,0.126,0.992,0,0,0,64.325,NaN,0.069,0.131,0.989,-0.032,0,0,0.571,3.664,6.415,0.943,NaN,0.023,0.126,0.992,0.032,0,0,0.593,3.776,6.373,0.897,2,0.9839138
176884,1.00000113658277e+18,63875741927476,0.032,1.439,-0.02,0.058,-0.024,0.005,0.998,NaN,0.022,0.126,0.992,0,0,0,64.325,NaN,0.063,0.131,0.989,-0.032,0,0,0.571,3.665,6.415,0.944,NaN,0.023,0.126,0.992,0.032,0,0,0.593,3.777,6.373,0.9,2,0.9849647
176885,1.00000113658778e+18,63875741927476,0.032,1.439,-0.02,0.058,-0.024,0.005,0.998,NaN,0.023,0.126,0.992,0,0,0,64.325,NaN,0.065,0.131,0.989,-0.032,0,0,0.571,3.665,6.415,0.945,NaN,0.023,0.126,0.992,0.032,0,0,0.593,3.778,6.373,0.903,2,0.9637539
176886,1.00000113659281e+18,63875741927487,0.032,1.439,-0.02,0.057,-0.024,0.005,0.998,NaN,0.023,0.126,0.992,0,0,0,64.325,NaN,0.06,0.131,0.99,-0.032,0,0,0.571,3.665,6.415,0.945,NaN,0.023,0.126,0.992,0.032,0,0,0.593,3.78,6.373,0.907,2,0.9408892
176887,1.00000113659782e+18,63875741927487,0.032,1.439,-0.02,0.057,-0.024,0.005,0.998,NaN,0.023,0.126,0.992,0,0,0,64.325,NaN,0.054,0.131,0.99,-0.032,0,0,0.571,3.665,6.415,0.946,NaN,0.023,0.126,0.992,0.032,0,0,0.593,3.781,6.373,0.909,2,0.9383799
176888,1.00000113660285e+18,63875741927487,0.032,1.439,-0.02,0.057,-0.024,0.005,0.998,NaN,0.023,0.126,0.992,0,0,0,64.325,NaN,0.048,0.13,0.99,-0.032,0,0,0.571,3.665,6.415,0.947,NaN,0.023,0.126,0.992,0.032,0,0,0.593,3.782,6.373,0.912,2,0.9453024
176889,1.00000113660786e+18,63875741927498,0.032,1.439,-0.02,0.057,-0.024,0.005,0.998,NaN,0.023,0.126,0.992,0,0,0,64.325,NaN,0.044,0.13,0.99,-0.032,0,0,0.571,3.666,6.415,0.947,NaN,0.023,0.126,0.992,0.032,0,0,0.594,3.783,6.373,0.914,2,0.9468862
176890,1.00000113661289e+18,63875741927498,0.032,1.439,-0.02,0.057,-0.024,0.005,0.998,NaN,0.023,0.127,0.992,0,0,0,64.325,NaN,0.04,0.13,0.991,-0.032,0,0,0.611,3.922,6.415,0.948,NaN,0.023,0.127,0.992,0.032,0,0,0.594,3.785,6.373,0.916,2,0.9546011
176891,1.0000011366179e+18,63875741927509,0.032,1.439,-0.02,0.057,-0.024,0.005,0.998,NaN,0.023,0.127,0.992,0,0,0,64.325,NaN,0.037,0.13,0.991,-0.032,0,0,0.615,3.945,6.415,0.948,NaN,0.023,0.127,0.992,0.032,0,0,0.594,3.786,6.373,0.918,2,0.9574175
176892,1.00000113662286e+18,63875741927509,0.032,1.439,-0.02,0.057,-0.024,0.005,0.998,NaN,0.023,0.127,0.992,0,0,0,64.325,NaN,0.034,0.13,0.991,-0.032,0,0,0.615,3.947,6.415,0.949,NaN,0.023,0.127,0.992,0.032,0,0,0.594,3.787,6.373,0.919,2,0.9436375
176893,1.00000113662788e+18,63875741927520,0.032,1.439,-0.02,0.057,-0.024,0.005,0.998,NaN,0.023,0.127,0.992,0,0,0,64.325,NaN,0.032,0.13,0.991,-0.032,0,0,0.615,3.948,6.415,0.949,NaN,0.023,0.127,0.992,0.032,0,0,0.594,3.787,6.373,0.921,2,0.9534634
176894,1.00000113663289e+18,63875741927520,0.032,1.439,-0.02,0.057,-0.024,0.005,0.998,NaN,0.023,0.127,0.992,0,0,0,64.325,NaN,0.03,0.13,0.991,-0.032,0,0,0.615,3.948,6.415,0.95,NaN,0.023,0.127,0.992,0.032,0,0,0.594,3.788,6.373,0.922,2,0.98004
176895,1.00000113663791e+18,63875741927532,0.032,1.439,-0.02,0.057,-0.024,0.005,0.998,NaN,0.023,0.128,0.992,0,0,0,64.325,NaN,0.029,0.13,0.991,-0.032,0,0,0.615,3.948,6.415,0.95,NaN,0.023,0.128,0.992,0.032,0,0,0.594,3.788,6.373,0.923,2,0.986294
176896,1.00000113664292e+18,63875741927532,0.032,1.439,-0.02,0.057,-0.024,0.005,0.998,NaN,0.023,0.128,0.992,0,0,0,64.325,NaN,0.028,0.13,0.991,-0.032,0,0,0.615,3.948,6.415,0.95,NaN,0.023,0.128,0.992,0.032,0,0,0.595,3.789,6.373,0.924,2,0.9838446
176897,1.00000113664792e+18,63875741927542,0.032,1.439,-0.02,0.057,-0.024,0.005,0.998,NaN,0.023,0.128,0.992,0,0,0,64.325,NaN,0.035,0.13,0.991,-0.032,0,0,0.581,3.725,6.415,0.95,NaN,0.023,0.128,0.992,0.032,0,0,0.595,3.79,6.373,0.924,2,0.9555019
176898,1.00000113665292e+18,63875741927542,0.032,1.439,-0.02,0.057,-0.024,0.005,0.998,NaN,0.023,0.128,0.991,0,0,0,64.325,NaN,0.033,0.13,0.991,-0.032,0,0,0.577,3.699,6.415,0.95,NaN,0.023,0.128,0.991,0.032,0,0,0.595,3.79,6.373,0.925,2,0.9287989
176899,1.00000113665793e+18,63875741927542,0.032,1.439,-0.02,0.057,-0.024,0.005,0.998,NaN,0.027,0.128,0.991,0,0,0,64.325,NaN,0.037,0.13,0.991,-0.032,0,0,0.576,3.694,6.415,0.95,NaN,0.027,0.128,0.991,0.032,0,0,0.595,3.791,6.373,0.925,2,0.4199816
176900,1.00000113666295e+18,63875741927553,0.032,1.439,-0.02,0.057,-0.024,0.005,0.998,NaN,0.032,0.129,0.991,0,0,0,64.325,NaN,0.039,0.129,0.991,-0.032,0,0,0.574,3.681,6.415,0.95,NaN,0.032,0.129,0.991,0.032,0,0,0.595,3.792,6.373,0.925,2,0.3024348
176901,1.00000113666796e+18,63875741927553,0.032,1.439,-0.02,0.057,-0.024,0.005,0.998,NaN,0.037,0.128,0.991,0,0,0,64.325,NaN,0.042,0.126,0.991,-0.032,0,0,0.573,3.679,6.415,0.95,NaN,0.037,0.128,0.991,0.032,0,0,0.595,3.793,6.373,0.925,2,0.1087847
176902,1.00000113667297e+18,63875741927564,0.032,1.439,-0.02,0.057,-0.024,0.005,0.998,NaN,0.033,0.122,0.992,0,0,0,64.325,NaN,0.045,0.115,0.992,-0.032,0,0,0.571,3.662,6.415,0.949,NaN,0.033,0.122,0.992,0.032,0,0,0.596,3.8,6.373,0.925,2,0
176903,1.00000113667795e+18,63875741927575,0.032,1.439,-0.02,0.057,-0.024,0.004,0.998,NaN,0.031,0.11,0.993,0,0,0,64.325,NaN,0.045,0.1,0.994,-0.032,0,0,0.571,3.663,6.415,0.942,NaN,0.031,0.11,0.993,0.032,0,0,0.598,3.812,6.373,0.926,2,0
176904,1.00000113668296e+18,63875741927575,0.032,1.439,-0.02,0.057,-0.024,0.004,0.998,NaN,0.03,0.089,0.996,0,0,0,64.325,NaN,0.043,0.077,0.996,-0.032,0,0,0.573,3.677,6.415,0.93,NaN,0.028,0.089,0.996,0.032,0,0,0.598,3.812,6.373,0.926,2,0
176905,1.00000113668797e+18,63875741927587,0.032,1.439,-0.02,0.057,-0.024,0.004,0.998,NaN,0.024,0.059,0.998,0,0,0,64.325,NaN,0.042,0.048,0.998,-0.032,0,0,0.577,3.703,6.415,0.917,NaN,0.018,0.059,0.998,0.032,0,0,0.596,3.796,6.373,0.926,2,0
176906,1.000001136693e+18,63875741927587,0.032,1.439,-0.02,0.057,-0.024,0.004,0.998,NaN,0.014,0.027,1,0,0,0,64.325,NaN,0.04,0.019,0.999,-0.032,0,0,0.577,3.702,6.415,0.906,NaN,0.006,0.027,1,0.032,0,0,0.592,3.775,6.373,0.925,2,0
176907,1.00000113669801e+18,63875741927587,0.032,1.439,-0.02,0.057,-0.024,0.004,0.998,NaN,0.01,0.007,1,0,0,0,64.325,NaN,0.04,0.001,0.999,-0.032,0,0,0.606,3.889,6.415,0.895,NaN,-0.007,0.007,1,0.032,0,0,0.59,3.762,6.373,0.924,2,0
176908,1.00000113670302e+18,63875741927598,0.032,1.439,-0.02,0.057,-0.024,0.004,0.998,NaN,0.001,-0.018,1,0,0,0,64.325,NaN,0.038,-0.022,0.999,-0.032,0,0,0.61,3.916,6.415,0.886,NaN,-0.019,-0.018,1,0.032,0,0,0.589,3.751,6.373,0.923,1.134847,0
176909,1.00000113670803e+18,63875741927598,0.032,1.439,-0.02,0.057,-0.024,0.004,0.998,NaN,-0.003,-0.039,0.999,0,0,0,64.325,NaN,0.039,-0.042,0.998,-0.032,0,0,0.607,3.897,6.415,0.878,NaN,-0.028,-0.039,0.999,0.032,0,0,0.587,3.742,6.373,0.922,0.9526352,0
176910,1.00000113671307e+18,63875741927598,0.032,1.439,-0.02,0.057,-0.024,0.004,0.998,NaN,-0.008,-0.053,0.999,0,0,0,64.325,NaN,0.038,-0.054,0.998,-0.032,0,0,0.604,3.876,6.415,0.872,NaN,-0.035,-0.053,0.998,0.032,0,0,0.586,3.735,6.373,0.92,0.8781049,0
176911,1.00000113671808e+18,63875741927610,0.032,1.439,-0.02,0.057,-0.025,0.004,0.998,NaN,-0.013,-0.061,0.998,0,0,0,64.325,NaN,0.037,-0.062,0.997,-0.032,0,0,0.602,3.864,6.415,0.866,NaN,-0.04,-0.061,0.997,0.032,0,0,0.585,3.728,6.373,0.918,0.8288918,0
176912,1.00000113672309e+18,63875741927620,0.032,1.439,-0.02,0.057,-0.025,0.004,0.998,NaN,-0.017,-0.066,0.998,0,0,0,64.325,NaN,0.036,-0.067,0.997,-0.032,0,0,0.601,3.854,6.415,0.861,NaN,-0.044,-0.066,0.997,0.032,0,0,0.584,3.721,6.373,0.916,0.8017724,0
176913,1.0000011367281e+18,63875741927620,0.032,1.439,-0.02,0.057,-0.025,0.004,0.998,NaN,-0.02,-0.07,0.997,0,0,0,64.325,NaN,0.035,-0.07,0.997,-0.032,0,0,0.6,3.847,6.415,0.856,NaN,-0.046,-0.07,0.996,0.032,0,0,0.583,3.716,6.373,0.915,0.7874239,0
176914,1.00000113673309e+18,63875741927620,0.032,1.439,-0.02,0.057,-0.025,0.004,0.998,NaN,-0.021,-0.074,0.997,0,0,0,64.325,NaN,0.034,-0.074,0.997,-0.032,0,0,0.6,3.846,6.415,0.853,NaN,-0.047,-0.074,0.996,0.032,0,0,0.582,3.71,6.373,0.913,0.7872213,0
176915,1.0000011367381e+18,63875741927632,0.032,1.439,-0.02,0.057,-0.025,0.004,0.998,NaN,-0.022,-0.076,0.997,0,0,0,64.325,NaN,0.034,-0.076,0.997,-0.032,0,0,0.598,3.834,6.415,0.849,NaN,-0.048,-0.076,0.996,0.032,0,0,0.581,3.703,6.373,0.911,0.7880851,0
176916,1.0000011367431e+18,63875741927632,0.032,1.439,-0.02,0.057,-0.025,0.004,0.998,NaN,-0.022,-0.078,0.997,0,0,0,64.325,NaN,0.033,-0.078,0.996,-0.032,0,0,0.597,3.827,6.415,0.846,NaN,-0.048,-0.078,0.996,0.032,0,0,0.58,3.694,6.373,0.909,0.7905607,0
176917,1.00000113674814e+18,63875741927642,0.032,1.439,-0.02,0.057,-0.025,0.004,0.998,NaN,-0.022,-0.079,0.997,0,0,0,64.325,NaN,0.032,-0.079,0.996,-0.032,0,0,0.596,3.823,6.415,0.851,NaN,-0.048,-0.079,0.996,0.032,0,0,0.579,3.687,6.373,0.907,0.7931983,0
176918,1.00000113675315e+18,63875741927642,0.032,1.439,-0.02,0.057,-0.025,0.004,0.998,NaN,-0.023,-0.08,0.997,0,0,0,64.325,NaN,0.032,-0.08,0.996,-0.032,0,0,0.595,3.819,6.415,0.857,NaN,-0.049,-0.08,0.996,0.032,0,0,0.577,3.68,6.373,0.906,0.7954472,0
176919,1.00000113675819e+18,63875741927642,0.032,1.439,-0.02,0.057,-0.025,0.004,0.998,NaN,-0.023,-0.081,0.996,0,0,0,64.325,NaN,0.031,-0.081,0.996,-0.032,0,0,0.594,3.812,6.415,0.868,NaN,-0.049,-0.081,0.996,0.032,0,0,0.577,3.675,6.373,0.905,0.8003052,0
176920,1.0000011367632e+18,63875741927654,0.032,1.439,-0.02,0.057,-0.024,0.004,0.998,NaN,-0.023,-0.081,0.996,0,0,0,64.325,NaN,0.031,-0.081,0.996,-0.032,0,0,0.593,3.802,6.415,0.88,NaN,-0.049,-0.081,0.996,0.032,0,0,0.576,3.671,6.373,0.903,0.8028773,0
176921,1.0000011367682e+18,63875741927654,0.032,1.439,-0.02,0.057,-0.024,0.004,0.998,NaN,-0.023,-0.082,0.996,0,0,0,64.325,NaN,0.031,-0.082,0.996,-0.032,0,0,0.591,3.789,6.415,0.891,NaN,-0.049,-0.082,0.995,0.032,0,0,0.576,3.668,6.373,0.902,0.8072083,0
176922,1.00000113677321e+18,63875741927665,0.032,1.439,-0.02,0.057,-0.024,0.004,0.998,NaN,-0.027,-0.087,0.996,0,0,0,64.325,NaN,0.031,-0.079,0.996,-0.032,0,0,0.56,3.595,6.415,0.901,NaN,-0.048,-0.087,0.995,0.032,0,0,0.575,3.665,6.373,0.901,0.7960523,0
176923,1.00000113677821e+18,63875741927675,0.032,1.439,-0.02,0.057,-0.024,0.004,0.998,NaN,-0.03,-0.091,0.995,0,0,0,64.325,NaN,0.032,-0.078,0.996,-0.032,0,0,0.556,3.569,6.415,0.909,NaN,-0.048,-0.091,0.995,0.032,0,0,0.574,3.659,6.373,0.9,0.7793491,0
176924,1.00000113678321e+18,63875741927675,0.032,1.439,-0.02,0.057,-0.024,0.004,0.998,NaN,-0.029,-0.088,0.996,0,0,0,64.325,NaN,0.03,-0.077,0.997,-0.032,0,0,0.555,3.561,6.415,0.916,NaN,-0.048,-0.088,0.995,0.032,0,0,0.573,3.654,6.373,0.899,0.8049529,0
176925,1.00000113678822e+18,63875741927676,0.032,1.439,-0.02,0.057,-0.024,0.004,0.998,NaN,-0.024,-0.083,0.996,0,0,0,64.325,NaN,0.032,-0.075,0.997,-0.032,0,0,0.554,3.555,6.415,0.921,NaN,-0.048,-0.083,0.995,0.032,0,0,0.573,3.649,6.373,0.899,0.7962017,0
176926,1.00000113679329e+18,63875741927687,0.032,1.439,-0.02,0.057,-0.024,0.004,0.998,NaN,-0.024,-0.081,0.996,0,0,0,64.325,NaN,0.031,-0.075,0.997,-0.032,0,0,0.553,3.55,6.415,0.925,NaN,-0.047,-0.081,0.996,0.032,0,0,0.572,3.645,6.373,0.898,0.810204,0
176927,1.00000113679829e+18,63875741927687,0.032,1.439,-0.02,0.057,-0.024,0.004,0.998,NaN,-0.023,-0.081,0.996,0,0,0,64.325,NaN,0.03,-0.075,0.997,-0.032,0,0,0.552,3.541,6.415,0.928,NaN,-0.047,-0.08,0.996,0.032,0,0,0.571,3.64,6.373,0.897,0.823695,0
176928,1.00000113680327e+18,63875741927698,0.032,1.439,-0.02,0.057,-0.024,0.004,0.998,NaN,-0.023,-0.08,0.997,0,0,0,64.325,NaN,0.029,-0.075,0.997,-0.032,0,0,0.579,3.717,6.415,0.932,NaN,-0.047,-0.08,0.996,0.032,0,0,0.571,3.636,6.373,0.896,0.838417,0
176929,1.00000113680828e+18,63875741927698,0.032,1.439,-0.02,0.057,-0.024,0.004,0.998,NaN,-0.023,-0.079,0.997,0,0,0,64.325,NaN,0.028,-0.075,0.997,-0.032,0,0,0.583,3.738,6.415,0.934,NaN,-0.047,-0.079,0.996,0.032,0,0,0.57,3.632,6.373,0.896,0.8535315,0
176930,1.00000113681332e+18,63875741927698,0.032,1.439,-0.02,0.057,-0.024,0.004,0.998,NaN,-0.023,-0.079,0.997,0,0,0,64.325,NaN,0.027,-0.076,0.997,-0.032,0,0,0.585,3.751,6.415,0.935,NaN,-0.046,-0.079,0.996,0.032,0,0,0.569,3.629,6.373,0.895,0.8711925,0
176931,1.00000113681833e+18,63875741927710,0.032,1.439,-0.02,0.057,-0.024,0.004,0.998,NaN,-0.023,-0.078,0.997,0,0,0,64.325,NaN,0.026,-0.076,0.997,-0.032,0,0,0.585,3.756,6.415,0.936,NaN,-0.046,-0.078,0.996,0.032,0,0,0.569,3.626,6.373,0.895,0.8871576,0
176932,1.00000113682333e+18,63875741927710,0.032,1.439,-0.02,0.057,-0.024,0.004,0.998,NaN,-0.022,-0.078,0.997,0,0,0,64.325,NaN,0.025,-0.075,0.997,-0.032,0,0,0.586,3.756,6.415,0.938,NaN,-0.046,-0.078,0.996,0.032,0,0,0.569,3.623,6.373,0.894,0.9032872,0
176933,1.00000113682833e+18,63875741927720,0.032,1.439,-0.02,0.057,-0.024,0.004,0.998,NaN,-0.022,-0.078,0.997,0,0,0,64.325,NaN,0.024,-0.075,0.997,-0.032,0,0,0.586,3.756,6.415,0.939,NaN,-0.046,-0.078,0.996,0.032,0,0,0.568,3.62,6.373,0.894,0.9182847,0
176934,1.00000113683336e+18,63875741927720,0.032,1.439,-0.02,0.057,-0.024,0.004,0.998,NaN,-0.022,-0.077,0.997,0,0,0,64.325,NaN,0.023,-0.075,0.997,-0.032,0,0,0.585,3.752,6.415,0.94,NaN,-0.045,-0.077,0.996,0.032,0,0,0.568,3.617,6.373,0.893,0.9320288,0
176935,1.00000113683836e+18,63875741927732,0.032,1.439,-0.02,0.056,-0.024,0.004,0.998,NaN,-0.021,-0.076,0.997,0,0,0,64.325,NaN,0.025,-0.074,0.997,-0.032,0,0,0.584,3.747,6.415,0.941,NaN,-0.045,-0.076,0.996,0.032,0,0,0.567,3.614,6.373,0.893,0.906905,0
176936,1.00000113684336e+18,63875741927732,0.032,1.439,-0.02,0.056,-0.024,0.004,0.998,NaN,-0.019,-0.075,0.997,0,0,0,64.325,NaN,0.027,-0.073,0.997,-0.032,0,0,0.583,3.738,6.415,0.941,NaN,-0.045,-0.075,0.996,0.032,0,0,0.567,3.612,6.373,0.893,0.8931495,0
176937,1.00000113684837e+18,63875741927742,0.032,1.439,-0.02,0.056,-0.024,0.004,0.998,NaN,-0.019,-0.075,0.997,0,0,0,64.325,NaN,0.026,-0.073,0.997,-0.032,0,0,0.582,3.731,6.415,0.942,NaN,-0.045,-0.075,0.996,0.032,0,0,0.566,3.609,6.373,0.892,0.9036178,0
176938,1.00000113685338e+18,63875741927742,0.032,1.439,-0.02,0.056,-0.024,0.004,0.998,NaN,-0.02,-0.077,0.997,0,0,0,64.325,NaN,0.019,-0.076,0.997,-0.032,0,0,0.581,3.73,6.415,0.942,NaN,-0.045,-0.077,0.996,0.032,0,0,0.566,3.607,6.373,0.892,1.001304,0
176939,1.00000113685844e+18,63875741927742,0.032,1.439,-0.02,0.056,-0.024,0.004,0.998,NaN,-0.019,-0.076,0.997,0,0,0,64.325,NaN,0.022,-0.075,0.997,-0.032,0,0,0.58,3.724,6.415,0.943,NaN,-0.045,-0.076,0.996,0.032,0,0,0.565,3.604,6.373,0.892,0.965754,0
176940,1.00000113686344e+18,63875741927754,0.032,1.439,-0.02,0.056,-0.024,0.004,0.998,NaN,-0.017,-0.076,0.997,0,0,0,64.325,NaN,0.023,-0.074,0.997,-0.032,0,0,0.58,3.721,6.415,0.943,NaN,-0.045,-0.076,0.996,0.032,0,0,0.565,3.602,6.373,0.892,0.9466261,0
176941,1.00000113686845e+18,63875741927754,0.032,1.439,-0.02,0.056,-0.024,0.004,0.998,NaN,-0.017,-0.075,0.997,0,0,0,64.325,NaN,0.023,-0.074,0.997,-0.032,0,0,0.579,3.717,6.415,0.944,NaN,-0.045,-0.075,0.996,0.032,0,0,0.565,3.6,6.373,0.891,0.9523552,0
176942,1.00000113687346e+18,63875741927765,0.032,1.439,-0.02,0.056,-0.024,0.004,0.998,NaN,-0.018,-0.075,0.997,0,0,0,64.325,NaN,0.022,-0.074,0.997,-0.032,0,0,0.578,3.71,6.415,0.944,NaN,-0.045,-0.075,0.996,0.032,0,0,0.565,3.599,6.373,0.891,0.9575101,0
176943,1.00000113687847e+18,63875741927765,0.032,1.439,-0.02,0.056,-0.024,0.004,0.998,NaN,-0.018,-0.075,0.997,0,0,0,64.325,NaN,0.022,-0.074,0.997,-0.032,0,0,0.578,3.706,6.415,0.944,NaN,-0.045,-0.075,0.996,0.032,0,0,0.565,3.598,6.373,0.891,0.9647571,0
176944,1.00000113688347e+18,63875741927775,0.032,1.439,-0.02,0.056,-0.024,0.004,0.998,NaN,-0.016,-0.075,0.997,0,0,0,64.325,NaN,0.023,-0.073,0.997,-0.032,0,0,0.577,3.699,6.415,0.944,NaN,-0.045,-0.074,0.996,0.032,0,0,0.564,3.596,6.373,0.891,0.9529111,0
176945,1.00000113688848e+18,63875741927787,0.032,1.439,-0.02,0.056,-0.024,0.003,0.998,NaN,-0.014,-0.074,0.997,0,0,0,64.325,NaN,0.024,-0.073,0.997,-0.032,0,0,0.576,3.697,6.415,0.945,NaN,-0.044,-0.074,0.996,0.032,0,0,0.564,3.594,6.373,0.89,0.9331034,0
176946,1.00000113689349e+18,63875741927787,0.032,1.439,-0.02,0.056,-0.024,0.003,0.998,NaN,-0.015,-0.074,0.997,0,0,0,64.325,NaN,0.024,-0.073,0.997,-0.032,0,0,0.576,3.696,6.415,0.945,NaN,-0.044,-0.074,0.996,0.032,0,0,0.564,3.593,6.373,0.89,0.9386613,0
176947,1.00000113689849e+18,63875741927787,0.032,1.439,-0.02,0.056,-0.024,0.003,0.998,NaN,-0.015,-0.073,0.997,0,0,0,64.325,NaN,0.024,-0.072,0.997,-0.032,0,0,0.576,3.694,6.415,0.945,NaN,-0.044,-0.073,0.996,0.032,0,0,0.564,3.592,6.373,0.89,0.9429715,0
176948,1.0000011369035e+18,63875741927787,0.032,1.439,-0.02,0.056,-0.024,0.003,0.998,NaN,-0.016,-0.073,0.997,0,0,0,64.325,NaN,0.023,-0.072,0.997,-0.032,0,0,0.576,3.694,6.415,0.945,NaN,-0.044,-0.073,0.996,0.032,0,0,0.563,3.591,6.373,0.89,0.9471703,0
176949,1.00000113690851e+18,63875741927799,0.032,1.439,-0.02,0.056,-0.024,0.003,0.998,NaN,-0.016,-0.073,0.997,0,0,0,64.325,NaN,0.023,-0.072,0.997,-0.032,0,0,0.576,3.694,6.415,0.945,NaN,-0.044,-0.073,0.996,0.032,0,0,0.563,3.59,6.373,0.89,0.9518718,0
176950,1.00000113691357e+18,63875741927799,0.032,1.439,-0.02,0.056,-0.024,0.003,0.998,NaN,-0.017,-0.073,0.997,0,0,0,64.325,NaN,0.023,-0.072,0.997,-0.032,0,0,0.576,3.695,6.415,0.945,NaN,-0.044,-0.073,0.996,0.032,0,0,0.563,3.59,6.373,0.89,0.9579679,0
176951,1.00000113691856e+18,63875741927810,0.032,1.439,-0.02,0.056,-0.024,0.003,0.998,NaN,-0.015,-0.072,0.997,0,0,0,64.325,NaN,0.024,-0.071,0.997,-0.032,0,0,0.576,3.696,6.415,0.945,NaN,-0.044,-0.071,0.996,0.032,0,0,0.563,3.589,6.373,0.89,0.9438102,0
176952,1.00000113692358e+18,63875741927810,0.032,1.439,-0.02,0.056,-0.024,0.003,0.998,NaN,-0.016,-0.071,0.997,0,0,0,64.325,NaN,0.023,-0.071,0.997,-0.032,0,0,0.576,3.696,6.415,0.945,NaN,-0.044,-0.071,0.996,0.032,0,0,0.563,3.589,6.373,0.89,0.9484073,0
176953,1.00000113692859e+18,63875741927821,0.032,1.439,-0.02,0.056,-0.024,0.003,0.998,NaN,-0.016,-0.071,0.997,0,0,0,64.325,NaN,0.023,-0.071,0.997,-0.032,0,0,0.576,3.693,6.415,0.945,NaN,-0.044,-0.071,0.996,0.032,0,0,0.563,3.588,6.373,0.889,0.9547937,0
176954,1.00000113693363e+18,63875741927832,0.032,1.439,-0.02,0.056,-0.024,0.003,0.998,NaN,-0.016,-0.071,0.997,0,0,0,64.325,NaN,0.022,-0.071,0.997,-0.032,0,0,0.575,3.692,6.415,0.946,NaN,-0.044,-0.071,0.996,0.032,0,0,0.563,3.588,6.373,0.889,0.9617067,0
176955,1.00000113693863e+18,63875741927832,0.032,1.439,-0.02,0.056,-0.024,0.003,0.998,NaN,-0.016,-0.071,0.997,0,0,0,64.325,NaN,0.022,-0.071,0.997,-0.032,0,0,0.575,3.691,6.415,0.946,NaN,-0.044,-0.071,0.996,0.032,0,0,0.563,3.586,6.373,0.889,0.9683447,0
176956,1.00000113694365e+18,63875741927832,0.032,1.439,-0.02,0.056,-0.024,0.003,0.998,NaN,-0.016,-0.071,0.997,0,0,0,64.325,NaN,0.022,-0.071,0.997,-0.032,0,0,0.578,3.711,6.415,0.946,NaN,-0.044,-0.071,0.996,0.032,0,0,0.563,3.585,6.373,0.889,0.9715078,0
176957,1.00000113694866e+18,63875741927843,0.032,1.439,-0.02,0.056,-0.024,0.003,0.998,NaN,-0.013,-0.071,0.997,0,0,0,64.325,NaN,0.028,-0.07,0.997,-0.032,0,0,0.578,3.708,6.415,0.946,NaN,-0.043,-0.07,0.997,0.032,0,0,0.563,3.585,6.373,0.888,0.9057327,0
176958,1.00000113695367e+18,63875741927844,0.032,1.439,-0.02,0.056,-0.024,0.003,0.998,NaN,-0.012,-0.069,0.998,0,0,0,64.325,NaN,0.027,-0.069,0.997,-0.032,0,0,0.586,3.758,6.415,0.945,NaN,-0.043,-0.069,0.997,0.032,0,0,0.563,3.587,6.373,0.887,0.9203691,0
176959,1.00000113695865e+18,63875741927844,0.032,1.439,-0.02,0.056,-0.024,0.003,0.998,NaN,-0.014,-0.068,0.998,0,0,0,64.325,NaN,0.026,-0.068,0.997,-0.032,0,0,0.586,3.757,6.415,0.945,NaN,-0.045,-0.068,0.997,0.032,0,0,0.563,3.588,6.373,0.886,0.9078456,0
176960,1.00000113696366e+18,63875741927854,0.032,1.439,-0.02,0.056,-0.024,0.003,0.998,NaN,-0.027,-0.069,0.997,0,0,0,64.325,NaN,0.028,-0.069,0.997,-0.032,0,0,0.58,3.721,6.415,0.945,NaN,-0.054,-0.069,0.996,0.032,0,0,0.564,3.595,6.373,0.883,0.7883006,0
176961,1.00000113696868e+18,63875741927854,0.032,1.439,-0.02,0.056,-0.024,0.003,0.998,NaN,-0.058,-0.07,0.996,0,0,0,64.325,NaN,0.027,-0.07,0.997,-0.032,0,0,0.576,3.694,6.415,0.945,NaN,-0.077,-0.07,0.995,0.032,0,0,0.565,3.598,6.373,0.878,0.6166803,0
176962,1.0000011369737e+18,63875741927865,0.032,1.439,-0.02,0.056,-0.024,0.003,0.998,NaN,-0.099,-0.07,0.993,0,0,0,64.325,NaN,0.022,-0.07,0.997,-0.032,0,0,0.573,3.679,6.415,0.945,NaN,-0.113,-0.07,0.991,0.032,0,0,0.565,3.601,6.373,0.873,0.4745764,0
176963,1.00000113697871e+18,63875741927865,0.032,1.439,-0.02,0.056,-0.024,0.003,0.998,NaN,-0.134,-0.069,0.989,0,0,0,64.325,NaN,-0.008,-0.069,0.998,-0.032,0,0,0.575,3.686,6.415,0.944,NaN,-0.156,-0.069,0.985,0.032,0,0,0.567,3.611,6.373,0.867,0.4283784,0
176964,1.00000113698372e+18,63875741927876,0.032,1.439,-0.02,0.056,-0.024,0.003,0.998,NaN,-0.171,-0.065,0.983,0,0,0,64.325,NaN,-0.051,-0.066,0.996,-0.032,0,0,0.586,3.756,6.415,0.944,NaN,-0.202,-0.065,0.977,0.032,0,0,0.568,3.617,6.373,0.859,0.4160286,0
176965,1.00000113698873e+18,63875741927876,0.032,1.439,-0.02,0.056,-0.024,0.003,0.998,NaN,-0.203,-0.059,0.977,0,0,0,64.325,NaN,-0.104,-0.061,0.993,-0.032,0,0,0.589,3.778,6.415,0.944,NaN,-0.243,-0.059,0.968,0.032,0,0,0.569,3.624,6.373,0.849,0.4462349,0
176966,1.00000113699375e+18,63875741927887,0.032,1.439,-0.02,0.056,-0.024,0.003,0.998,NaN,-0.215,-0.051,0.975,0,0,0,64.325,NaN,-0.115,-0.052,0.992,-0.032,0,0,0.582,3.736,6.415,0.943,NaN,-0.283,-0.05,0.958,0.032,0,0,0.57,3.633,6.373,0.838,0.3653091,0
176967,1.00000113699876e+18,63875741927888,0.032,1.439,-0.02,0.056,-0.024,0.003,0.998,NaN,-0.231,-0.043,0.972,0,0,0,64.325,NaN,-0.129,-0.045,0.991,-0.032,0,0,0.57,3.659,6.415,0.942,NaN,-0.309,-0.042,0.95,0.032,0,0,0.571,3.636,6.373,0.827,0.3391122,0
176968,1.00000113700377e+18,63875741927888,0.032,1.439,-0.02,0.056,-0.024,0.003,0.998,NaN,-0.238,-0.033,0.971,0,0,0,64.325,NaN,-0.151,-0.034,0.988,-0.032,0,0,0.571,3.663,6.415,0.942,NaN,-0.331,-0.032,0.943,0.032,0,0,0.571,3.641,6.373,0.825,0.3324187,0
176969,1.00000113700892e+18,63875741927899,0.032,1.439,-0.02,0.056,-0.024,0.003,0.998,NaN,-0.232,-0.024,0.972,0,0,0,64.325,NaN,-0.165,-0.024,0.986,-0.032,0,0,0.574,3.682,6.415,0.942,NaN,-0.353,-0.023,0.935,0.032,0,0,0.572,3.642,6.373,0.824,0.3169182,0
176970,1.00000113701394e+18,63875741927899,0.032,1.439,-0.02,0.056,-0.024,0.003,0.998,NaN,-0.231,-0.014,0.973,0,0,0,64.325,NaN,-0.182,-0.015,0.983,-0.032,0,0,0.576,3.695,6.415,0.942,NaN,-0.369,-0.013,0.929,0.032,0,0,0.573,3.653,6.373,0.822,0.3162996,0
176971,1.00000113701895e+18,63875741927910,0.032,1.439,-0.02,0.056,-0.024,0.003,0.998,NaN,-0.231,-0.006,0.973,0,0,0,64.325,NaN,-0.195,-0.006,0.981,-0.032,0,0,0.577,3.699,6.415,0.942,NaN,-0.379,-0.006,0.925,0.032,0,0,0.575,3.667,6.373,0.822,0.3186361,0
176972,1.00000113702396e+18,63875741927910,0.032,1.439,-0.02,0.056,-0.024,0.003,0.998,NaN,-0.233,0.001,0.972,0,0,0,64.325,NaN,-0.205,0,0.979,-0.032,0,0,0.577,3.705,6.415,0.943,NaN,-0.385,0.001,0.923,0.032,0,0,0.576,3.673,6.373,0.817,0.3239909,0
176973,1.00000113702897e+18,63875741927921,0.032,1.439,-0.02,0.056,-0.024,0.003,0.998,NaN,-0.232,0.002,0.973,0,0,0,64.325,NaN,-0.209,0.002,0.978,-0.032,0,0,0.575,3.687,6.415,0.943,NaN,-0.389,0.002,0.921,0.032,0,0,0.577,3.675,6.373,0.811,0.3224292,0
176974,1.00000113703399e+18,63875741927921,0.032,1.439,-0.02,0.056,-0.024,0.003,0.998,NaN,-0.232,0.003,0.973,0,0,0,64.325,NaN,-0.21,0.003,0.978,-0.032,0,0,0.574,3.681,6.415,0.944,NaN,-0.391,0.003,0.92,0.032,0,0,0.577,3.676,6.373,0.807,0.3208041,0
176975,1.000001137039e+18,63875741927931,0.032,1.439,-0.02,0.056,-0.024,0.003,0.998,NaN,-0.233,0.006,0.972,0,0,0,64.325,NaN,-0.214,0.006,0.977,-0.032,0,0,0.579,3.716,6.415,0.945,NaN,-0.392,0.006,0.92,0.032,0,0,0.577,3.676,6.373,0.804,0.3246837,0
176976,1.00000113704389e+18,63875741927931,0.032,1.439,-0.02,0.056,-0.024,0.003,0.998,NaN,-0.235,0.009,0.972,0,0,0,64.325,NaN,-0.217,0.009,0.976,-0.032,0,0,0.584,3.744,6.415,0.946,NaN,-0.393,0.009,0.919,0.032,0,0,0.577,3.676,6.373,0.801,0.3290353,0
176977,1.00000113704887e+18,63875741927943,0.032,1.439,-0.02,0.056,-0.024,0.003,0.998,NaN,-0.237,0.012,0.972,0,0,0,64.325,NaN,-0.22,0.012,0.975,-0.032,0,0,0.586,3.759,6.415,0.948,NaN,-0.393,0.011,0.919,0.032,0,0,0.577,3.677,6.373,0.799,0.333612,0
176978,1.00000113705388e+18,63875741927943,0.032,1.439,-0.02,0.056,-0.024,0.003,0.998,NaN,-0.239,0.015,0.971,0,0,0,64.325,NaN,-0.223,0.015,0.975,-0.032,0,0,0.589,3.779,6.415,0.95,NaN,-0.393,0.014,0.919,0.032,0,0,0.577,3.677,6.373,0.803,0.3388307,0
176979,1.00000113705891e+18,63875741927943,0.032,1.439,-0.02,0.056,-0.024,0.003,0.998,NaN,-0.241,0.02,0.97,0,0,0,64.325,NaN,-0.227,0.02,0.974,-0.032,0,0,0.598,3.835,6.415,0.952,NaN,-0.393,0.019,0.919,0.032,0,0,0.577,3.677,6.373,0.806,0.3461675,0
176980,1.00000113706389e+18,63875741927954,0.032,1.439,-0.02,0.056,-0.024,0.003,0.998,NaN,-0.244,0.023,0.969,0,0,0,64.325,NaN,-0.23,0.023,0.973,-0.032,0,0,0.6,3.849,6.415,0.954,NaN,-0.393,0.022,0.919,0.032,0,0,0.577,3.677,6.373,0.81,0.3528388,0
176981,1.0000011370689e+18,63875741927954,0.032,1.439,-0.02,0.056,-0.024,0.003,0.998,NaN,-0.244,0.024,0.969,0,0,0,64.325,NaN,-0.23,0.024,0.973,-0.032,0,0,0.599,3.841,6.415,0.957,NaN,-0.393,0.022,0.919,0.032,0,0,0.577,3.677,6.373,0.816,0.3528758,0
176982,1.00000113707392e+18,63875741927965,0.032,1.439,-0.02,0.056,-0.024,0.003,0.998,NaN,-0.244,0.024,0.969,0,0,0,64.325,NaN,-0.229,0.024,0.973,-0.032,0,0,0.598,3.837,6.415,0.959,NaN,-0.393,0.023,0.919,0.032,0,0,0.577,3.676,6.373,0.823,0.3522129,0
176983,1.00000113707895e+18,63875741927965,0.032,1.439,-0.02,0.056,-0.024,0.003,0.998,NaN,-0.244,0.023,0.969,0,0,0,64.325,NaN,-0.228,0.023,0.973,-0.032,0,0,0.597,3.827,6.415,0.961,NaN,-0.393,0.022,0.919,0.032,0,0,0.577,3.676,6.373,0.829,0.3508134,0
176984,1.00000113708395e+18,63875741927976,0.032,1.439,-0.02,0.056,-0.024,0.003,0.998,NaN,-0.245,0.024,0.969,0,0,0,64.325,NaN,-0.229,0.024,0.973,-0.032,0,0,0.597,3.832,6.415,0.963,NaN,-0.392,0.022,0.92,0.032,0,0,0.577,3.676,6.373,0.835,0.3525665,0
176985,1.00000113708899e+18,63875741927976,0.032,1.439,-0.02,0.056,-0.024,0.003,0.998,NaN,-0.247,0.025,0.969,0,0,0,64.325,NaN,-0.231,0.025,0.973,-0.032,0,0,0.599,3.846,6.415,0.965,NaN,-0.392,0.023,0.92,0.032,0,0,0.577,3.676,6.373,0.84,0.3586161,0
176986,1.00000113709398e+18,63875741927988,0.032,1.439,-0.02,0.056,-0.024,0.003,0.998,NaN,-0.249,0.026,0.968,0,0,0,64.325,NaN,-0.233,0.026,0.972,-0.032,0,0,0.602,3.859,6.415,0.967,NaN,-0.392,0.025,0.92,0.032,0,0,0.577,3.677,6.373,0.845,0.3647759,0
176987,1.00000113709898e+18,63875741927988,0.032,1.439,-0.02,0.056,-0.024,0.003,0.998,NaN,-0.246,0.021,0.969,0,0,0,64.325,NaN,-0.226,0.021,0.974,-0.032,0,0,0.582,3.732,6.415,0.97,NaN,-0.391,0.02,0.92,0.032,0,0,0.577,3.677,6.373,0.849,0.3500608,0
176988,1.00000113710399e+18,63875741927999,0.032,1.439,-0.02,0.056,-0.024,0.003,0.998,NaN,-0.243,0.018,0.97,0,0,0,64.325,NaN,-0.221,0.018,0.975,-0.032,0,0,0.578,3.707,6.415,0.971,NaN,-0.391,0.017,0.92,0.032,0,0,0.577,3.677,6.373,0.853,0.3411966,0
176989,1.000001137109e+18,63875741927999,0.032,1.439,-0.02,0.056,-0.024,0.003,0.998,NaN,-0.242,0.016,0.97,0,0,0,64.325,NaN,-0.218,0.016,0.976,-0.032,0,0,0.577,3.7,6.415,0.973,NaN,-0.391,0.015,0.92,0.032,0,0,0.577,3.678,6.373,0.856,0.3357238,0
176990,1.00000113711404e+18,63875741927999,0.032,1.439,-0.02,0.056,-0.024,0.003,0.998,NaN,-0.24,0.015,0.971,0,0,0,64.325,NaN,-0.216,0.015,0.976,-0.032,0,0,0.576,3.696,6.415,0.975,NaN,-0.39,0.014,0.921,0.032,0,0,0.577,3.679,6.373,0.859,0.3325044,0
176991,1.00000113711904e+18,63875741928010,0.032,1.439,-0.02,0.056,-0.024,0.003,0.998,NaN,-0.239,0.014,0.971,0,0,0,64.325,NaN,-0.215,0.014,0.977,-0.032,0,0,0.576,3.695,6.415,0.977,NaN,-0.39,0.013,0.921,0.032,0,0,0.578,3.68,6.373,0.862,0.3307655,0
176992,1.00000113712404e+18,63875741928010,0.032,1.439,-0.02,0.056,-0.024,0.003,0.998,NaN,-0.239,0.013,0.971,0,0,0,64.325,NaN,-0.214,0.013,0.977,-0.032,0,0,0.576,3.694,6.415,0.979,NaN,-0.39,0.012,0.921,0.032,0,0,0.578,3.683,6.373,0.865,0.3299474,0
176993,1.00000113712905e+18,63875741928021,0.032,1.439,-0.02,0.056,-0.024,0.003,0.998,NaN,-0.238,0.012,0.971,0,0,0,64.325,NaN,-0.213,0.012,0.977,-0.032,0,0,0.579,3.717,6.415,0.98,NaN,-0.389,0.012,0.921,0.032,0,0,0.578,3.685,6.373,0.867,0.3298194,0
176994,1.00000113713412e+18,63875741928021,0.032,1.439,-0.02,0.056,-0.024,0.003,0.998,NaN,-0.24,0.013,0.971,0,0,0,64.325,NaN,-0.215,0.013,0.977,-0.032,0,0,0.598,3.834,6.415,0.981,NaN,-0.389,0.012,0.921,0.032,0,0,0.579,3.688,6.373,0.869,0.332378,0
176995,1.00000113713913e+18,63875741928032,0.032,1.439,-0.02,0.056,-0.024,0.003,0.998,NaN,-0.242,0.013,0.97,0,0,0,64.325,NaN,-0.217,0.013,0.976,-0.032,0,0,0.608,3.898,6.415,0.983,NaN,-0.389,0.013,0.921,0.032,0,0,0.579,3.691,6.373,0.871,0.336906,0
176996,1.00000113714414e+18,63875741928033,0.032,1.439,-0.02,0.056,-0.024,0.003,0.998,NaN,-0.245,0.014,0.969,0,0,0,64.325,NaN,-0.22,0.014,0.976,-0.032,0,0,0.612,3.926,6.415,0.984,NaN,-0.389,0.013,0.921,0.032,0,0,0.58,3.694,6.373,0.873,0.3429411,0
176997,1.00000113714914e+18,63875741928044,0.032,1.439,-0.02,0.056,-0.024,0.003,0.998,NaN,-0.248,0.015,0.969,0,0,0,64.325,NaN,-0.223,0.015,0.975,-0.032,0,0,0.614,3.941,6.415,0.985,NaN,-0.388,0.015,0.921,0.032,0,0,0.58,3.697,6.373,0.874,0.3497537,0
176998,1.00000113715414e+18,63875741928044,0.032,1.439,-0.02,0.056,-0.024,0.003,0.998,NaN,-0.25,0.017,0.968,0,0,0,64.325,NaN,-0.226,0.017,0.974,-0.032,0,0,0.616,3.95,6.415,0.987,NaN,-0.388,0.016,0.922,0.032,0,0,0.58,3.699,6.373,0.875,0.3567364,0
176999,1.00000113715915e+18,63875741928044,0.032,1.439,-0.02,0.056,-0.024,0.003,0.998,NaN,-0.251,0.016,0.968,0,0,0,64.325,NaN,-0.225,0.016,0.974,-0.032,0,0,0.595,3.814,6.415,0.988,NaN,-0.388,0.015,0.922,0.032,0,0,0.581,3.702,6.373,0.877,0.3562874,0
177000,1.00000113716415e+18,63875741928054,0.032,1.438,-0.02,0.057,-0.024,0.003,0.998,NaN,-0.25,0.015,0.968,0,0,0,64.325,NaN,-0.224,0.015,0.974,-0.032,0,0,0.588,3.773,6.415,0.989,NaN,-0.388,0.014,0.922,0.032,0,0,0.581,3.706,6.373,0.878,0.354159,0
177001,1.00000113716915e+18,63875741928055,0.032,1.438,-0.02,0.057,-0.024,0.003,0.998,NaN,-0.25,0.014,0.968,0,0,0,64.325,NaN,-0.223,0.015,0.975,-0.032,0,0,0.587,3.766,6.415,0.989,NaN,-0.387,0.014,0.922,0.032,0,0,0.582,3.708,6.373,0.879,0.352265,0
177002,1.00000113717417e+18,63875741928066,0.032,1.438,-0.02,0.057,-0.024,0.003,0.998,NaN,-0.25,0.013,0.968,0,0,0,64.325,NaN,-0.222,0.013,0.975,-0.032,0,0,0.586,3.762,6.415,0.99,NaN,-0.387,0.013,0.922,0.032,0,0,0.582,3.711,6.373,0.88,0.3509069,0
177003,1.00000113717919e+18,63875741928066,0.032,1.438,-0.02,0.057,-0.024,0.003,0.998,NaN,-0.25,0.012,0.968,0,0,0,64.325,NaN,-0.221,0.012,0.975,-0.032,0,0,0.586,3.76,6.415,0.991,NaN,-0.387,0.011,0.922,0.032,0,0,0.583,3.713,6.373,0.881,0.3498757,0
177004,1.0000011371842e+18,63875741928077,0.032,1.438,-0.02,0.057,-0.024,0.003,0.998,NaN,-0.249,0.01,0.968,0,0,0,64.325,NaN,-0.221,0.01,0.975,-0.032,0,0,0.585,3.75,6.415,0.991,NaN,-0.387,0.009,0.922,0.032,0,0,0.583,3.716,6.373,0.882,0.3490223,0
177005,1.00000113718924e+18,63875741928077,0.032,1.438,-0.02,0.057,-0.024,0.003,0.998,NaN,-0.249,0.008,0.968,0,0,0,64.325,NaN,-0.22,0.008,0.975,-0.032,0,0,0.584,3.745,6.415,0.992,NaN,-0.387,0.007,0.922,0.032,0,0,0.584,3.719,6.373,0.882,0.3483213,0
177006,1.00000113719425e+18,63875741928088,0.032,1.438,-0.02,0.057,-0.024,0.003,0.998,NaN,-0.249,0.006,0.969,0,0,0,64.325,NaN,-0.219,0.006,0.976,-0.032,0,0,0.583,3.743,6.415,0.992,NaN,-0.387,0.005,0.922,0.032,0,0,0.584,3.722,6.373,0.883,0.3471361,0
177007,1.00000113719926e+18,63875741928088,0.032,1.438,-0.02,0.057,-0.024,0.003,0.998,NaN,-0.249,0.004,0.969,0,0,0,64.325,NaN,-0.219,0.004,0.976,-0.032,0,0,0.583,3.742,6.415,0.993,NaN,-0.386,0.003,0.922,0.032,0,0,0.585,3.727,6.373,0.884,0.3456557,0
177008,1.00000113720427e+18,63875741928099,0.032,1.438,-0.02,0.057,-0.024,0.003,0.998,NaN,-0.249,0.002,0.969,0,0,0,64.325,NaN,-0.218,0.002,0.976,-0.032,0,0,0.583,3.741,6.415,0.993,NaN,-0.386,0.002,0.922,0.032,0,0,0.586,3.732,6.373,0.885,0.3440172,0
177009,1.00000113720928e+18,63875741928099,0.032,1.438,-0.02,0.057,-0.024,0.003,0.998,NaN,-0.249,0,0.969,0,0,0,64.325,NaN,-0.217,0,0.976,-0.032,0,0,0.583,3.742,6.415,0.994,NaN,-0.386,0,0.922,0.032,0,0,0.586,3.736,6.373,0.885,0.3422217,0
177010,1.00000113721428e+18,63875741928099,0.032,1.438,-0.02,0.057,-0.024,0.003,0.998,NaN,-0.249,-0.001,0.969,0,0,0,64.325,NaN,-0.216,-0.001,0.976,-0.032,0,0,0.583,3.742,6.415,0.994,NaN,-0.386,-0.001,0.922,0.032,0,0,0.587,3.739,6.373,0.886,0.3404876,0
177011,1.00000113721929e+18,63875741928110,0.032,1.438,-0.02,0.057,-0.024,0.003,0.998,NaN,-0.249,-0.002,0.969,0,0,0,64.325,NaN,-0.215,-0.002,0.977,-0.032,0,0,0.584,3.743,6.415,0.994,NaN,-0.386,-0.002,0.922,0.032,0,0,0.587,3.742,6.373,0.886,0.3388124,0
177012,1.0000011372243e+18,63875741928110,0.032,1.438,-0.02,0.057,-0.024,0.003,0.998,NaN,-0.249,-0.003,0.969,0,0,0,64.325,NaN,-0.214,-0.003,0.977,-0.032,0,0,0.584,3.746,6.415,0.995,NaN,-0.386,-0.003,0.923,0.032,0,0,0.588,3.745,6.373,0.887,0.3372721,0
177013,1.00000113722931e+18,63875741928121,0.032,1.439,-0.02,0.057,-0.024,0.003,0.998,NaN,-0.249,-0.002,0.968,0,0,0,64.325,NaN,-0.214,-0.002,0.977,-0.032,0,0,0.593,3.805,6.415,0.995,NaN,-0.386,-0.002,0.923,0.032,0,0,0.588,3.748,6.373,0.887,0.3386086,0
177014,1.00000113723432e+18,63875741928121,0.032,1.439,-0.02,0.057,-0.024,0.003,0.998,NaN,-0.25,0,0.968,0,0,0,64.325,NaN,-0.216,0,0.976,-0.032,0,0,0.607,3.893,6.415,0.995,NaN,-0.386,0,0.923,0.032,0,0,0.589,3.752,6.373,0.888,0.3415174,0
177015,1.00000113723936e+18,63875741928132,0.032,1.439,-0.02,0.056,-0.024,0.003,0.998,NaN,-0.252,0.002,0.968,0,0,0,64.325,NaN,-0.216,0.002,0.976,-0.032,0,0,0.619,3.97,6.415,0.995,NaN,-0.386,0.002,0.923,0.032,0,0,0.589,3.754,6.373,0.888,0.3434148,0
177016,1.00000113724437e+18,63875741928132,0.032,1.439,-0.02,0.056,-0.024,0.003,0.998,NaN,-0.253,0.003,0.967,0,0,0,64.325,NaN,-0.218,0.003,0.976,-0.032,0,0,0.626,4.014,6.415,0.996,NaN,-0.385,0.003,0.923,0.032,0,0,0.59,3.757,6.373,0.889,0.3458631,0
177017,1.00000113724936e+18,63875741928143,0.032,1.439,-0.02,0.057,-0.024,0.003,0.998,NaN,-0.255,0.005,0.967,0,0,0,64.325,NaN,-0.219,0.005,0.976,-0.032,0,0,0.628,4.032,6.415,0.996,NaN,-0.385,0.005,0.923,0.032,0,0,0.59,3.76,6.373,0.889,0.3493772,0
177018,1.0000011372544e+18,63875741928143,0.032,1.439,-0.02,0.057,-0.024,0.003,0.998,NaN,-0.256,0.009,0.967,0,0,0,64.325,NaN,-0.221,0.009,0.975,-0.032,0,0,0.63,4.039,6.415,0.996,NaN,-0.385,0.008,0.923,0.032,0,0,0.59,3.762,6.373,0.89,0.3536668,0.06299387
177019,1.00000113725941e+18,63875741928155,0.032,1.439,-0.02,0.056,-0.024,0.003,0.998,NaN,-0.276,0.01,0.961,0,0,0,64.325,NaN,-0.239,0.01,0.971,-0.032,0,0,0.63,4.041,6.415,0.996,NaN,-0.385,0.009,0.923,0.032,0,0,0.591,3.765,6.373,0.89,0.3961137,0
177020,1.00000113726443e+18,63875741928155,0.032,1.439,-0.02,0.056,-0.024,0.003,0.998,NaN,-0.274,0.014,0.962,0,0,0,64.325,NaN,-0.239,0.015,0.971,-0.032,0,0,0.632,4.056,6.415,0.996,NaN,-0.385,0.014,0.923,0.032,0,0,0.591,3.768,6.373,0.89,0.3966525,0
177021,1.00000113726946e+18,63875741928155,0.032,1.439,-0.02,0.056,-0.024,0.003,0.998,NaN,-0.271,0.013,0.963,0,0,0,64.325,NaN,-0.236,0.013,0.972,-0.032,0,0,0.611,3.923,6.415,0.997,NaN,-0.385,0.013,0.923,0.032,0,0,0.592,3.772,6.373,0.891,0.3887811,0
177022,1.00000113727449e+18,63875741928166,0.032,1.439,-0.02,0.057,-0.024,0.003,0.998,NaN,-0.284,0.011,0.959,0,0,0,64.325,NaN,-0.248,0.011,0.969,-0.032,0,0,0.602,3.862,6.415,0.997,NaN,-0.385,0.011,0.923,0.032,0,0,0.592,3.774,6.373,0.891,0.420321,0
177023,1.00000113727951e+18,63875741928166,0.032,1.439,-0.02,0.057,-0.024,0.003,0.998,NaN,-0.297,0.01,0.955,0,0,0,64.325,NaN,-0.258,0.01,0.966,-0.032,0,0,0.599,3.84,6.415,0.997,NaN,-0.384,0.01,0.923,0.032,0,0,0.593,3.777,6.373,0.892,0.4542877,0
177024,1.00000113728447e+18,63875741928177,0.032,1.439,-0.02,0.057,-0.024,0.003,0.998,NaN,-0.288,0.009,0.958,0,0,0,64.325,NaN,-0.25,0.01,0.968,-0.032,0,0,0.596,3.826,6.415,0.997,NaN,-0.384,0.009,0.923,0.032,0,0,0.593,3.78,6.373,0.892,0.4288489,0
177025,1.00000113728949e+18,63875741928177,0.032,1.439,-0.02,0.057,-0.024,0.003,0.998,NaN,-0.282,0.009,0.959,0,0,0,64.325,NaN,-0.245,0.009,0.969,-0.032,0,0,0.595,3.819,6.415,0.997,NaN,-0.384,0.009,0.923,0.032,0,0,0.594,3.783,6.373,0.892,0.4145524,0
177026,1.00000113729448e+18,63875741928188,0.032,1.439,-0.02,0.057,-0.024,0.003,0.998,NaN,-0.292,0.008,0.956,0,0,0,64.325,NaN,-0.253,0.008,0.968,-0.032,0,0,0.594,3.81,6.415,0.997,NaN,-0.384,0.008,0.923,0.032,0,0,0.594,3.786,6.373,0.893,0.4375113,0
177027,1.0000011372995e+18,63875741928188,0.032,1.439,-0.02,0.057,-0.024,0.003,0.998,NaN,-0.287,0.007,0.958,0,0,0,64.325,NaN,-0.248,0.007,0.969,-0.032,0,0,0.593,3.807,6.415,0.997,NaN,-0.384,0.007,0.923,0.032,0,0,0.594,3.789,6.373,0.893,0.4227167,0
177028,1.00000113730452e+18,63875741928199,0.032,1.439,-0.02,0.057,-0.024,0.004,0.998,NaN,-0.283,0.006,0.959,0,0,0,64.325,NaN,-0.245,0.006,0.969,-0.032,0,0,0.593,3.807,6.415,0.997,NaN,-0.384,0.006,0.923,0.032,0,0,0.595,3.791,6.373,0.893,0.4157742,0
177029,1.00000113730953e+18,63875741928199,0.032,1.439,-0.02,0.057,-0.024,0.004,0.998,NaN,-0.282,0.005,0.959,0,0,0,64.325,NaN,-0.244,0.005,0.97,-0.032,0,0,0.594,3.808,6.415,0.998,NaN,-0.384,0.005,0.923,0.032,0,0,0.595,3.793,6.373,0.894,0.4111503,0
177030,1.00000113731452e+18,63875741928199,0.032,1.439,-0.02,0.057,-0.024,0.004,0.998,NaN,-0.281,0.006,0.96,0,0,0,64.325,NaN,-0.243,0.006,0.97,-0.032,0,0,0.608,3.902,6.415,0.997,NaN,-0.384,0.005,0.923,0.032,0,0,0.596,3.795,6.373,0.894,0.4092559,0
177031,1.00000113731954e+18,63875741928210,0.032,1.439,-0.02,0.057,-0.024,0.004,0.998,NaN,-0.28,0.006,0.96,0,0,0,64.325,NaN,-0.243,0.006,0.97,-0.032,0,0,0.621,3.982,6.415,0.996,NaN,-0.384,0.006,0.923,0.032,0,0,0.596,3.797,6.373,0.894,0.408775,0
177032,1.00000113732456e+18,63875741928210,0.032,1.439,-0.02,0.057,-0.024,0.004,0.998,NaN,-0.279,0.007,0.96,0,0,0,64.325,NaN,-0.243,0.007,0.97,-0.032,0,0,0.626,4.016,6.415,0.995,NaN,-0.384,0.007,0.923,0.032,0,0,0.596,3.8,6.373,0.895,0.408802,0
177033,1.00000113732958e+18,63875741928221,0.032,1.439,-0.02,0.056,-0.024,0.004,0.998,NaN,-0.278,0.008,0.961,0,0,0,64.325,NaN,-0.243,0.008,0.97,-0.032,0,0,0.628,4.028,6.415,0.994,NaN,-0.384,0.008,0.923,0.032,0,0,0.597,3.802,6.373,0.895,0.4088545,0
177034,1.00000113733459e+18,63875741928222,0.032,1.439,-0.02,0.056,-0.024,0.004,0.998,NaN,-0.276,0.01,0.961,0,0,0,64.325,NaN,-0.242,0.01,0.97,-0.032,0,0,0.631,4.046,6.415,0.993,NaN,-0.383,0.009,0.924,0.032,0,0,0.597,3.804,6.373,0.895,0.4079385,0
177035,1.0000011373396e+18,63875741928232,0.032,1.439,-0.02,0.056,-0.024,0.003,0.998,NaN,-0.28,0.009,0.96,0,0,0,64.325,NaN,-0.242,0.009,0.97,-0.032,0,0,0.638,4.091,6.415,0.991,NaN,-0.381,0.009,0.924,0.032,0,0,0.598,3.81,6.373,0.895,0.4150354,0
177036,1.00000113734461e+18,63875741928232,0.032,1.439,-0.02,0.056,-0.024,0.003,0.998,NaN,-0.295,0.009,0.955,0,0,0,64.325,NaN,-0.243,0.009,0.97,-0.032,0,0,0.637,4.09,6.415,0.988,NaN,-0.381,0.008,0.925,0.032,0,0,0.6,3.823,6.373,0.894,0.4182713,0
177037,1.00000113734958e+18,63875741928243,0.032,1.439,-0.02,0.056,-0.024,0.004,0.998,NaN,-0.322,0.01,0.947,0,0,0,64.325,NaN,-0.244,0.01,0.97,-0.032,0,0,0.624,4.001,6.415,0.975,NaN,-0.382,0.01,0.924,0.032,0,0,0.603,3.842,6.373,0.892,0.4187708,0
177038,1.00000113735462e+18,63875741928244,0.032,1.439,-0.02,0.056,-0.024,0.004,0.998,NaN,-0.357,0.013,0.934,0,0,0,64.325,NaN,-0.25,0.013,0.968,-0.032,0,0,0.617,3.959,6.415,0.961,NaN,-0.385,0.012,0.923,0.032,0,0,0.606,3.863,6.373,0.889,0.4254883,0
177039,1.00000113735964e+18,63875741928244,0.032,1.439,-0.02,0.056,-0.024,0.004,0.998,NaN,-0.39,0.017,0.921,0,0,0,64.325,NaN,-0.271,0.018,0.963,-0.032,0,0,0.595,3.816,6.415,0.945,NaN,-0.394,0.017,0.919,0.032,0,0,0.61,3.886,6.373,0.885,0.4625417,0
177040,1.00000113736469e+18,63875741928255,0.032,1.439,-0.02,0.056,-0.024,0.004,0.998,NaN,-0.419,0.024,0.908,0,0,0,64.325,NaN,-0.296,0.025,0.955,-0.032,0,0,0.59,3.784,6.415,0.932,NaN,-0.408,0.024,0.913,0.032,0,0,0.613,3.904,6.373,0.88,0.5011137,0
177041,1.00000113736971e+18,63875741928255,0.032,1.439,-0.02,0.056,-0.024,0.004,0.998,NaN,-0.441,0.032,0.897,0,0,0,64.325,NaN,-0.317,0.033,0.948,-0.032,0,0,0.59,3.783,6.415,0.922,NaN,-0.425,0.032,0.904,0.032,0,0,0.615,3.918,6.373,0.872,0.5111809,0
177042,1.00000113737473e+18,63875741928266,0.032,1.439,-0.02,0.056,-0.024,0.004,0.998,NaN,-0.456,0.039,0.889,0,0,0,64.325,NaN,-0.334,0.041,0.942,-0.032,0,0,0.587,3.768,6.415,0.915,NaN,-0.441,0.039,0.897,0.032,0,0,0.616,3.925,6.373,0.864,0.5087785,0
177043,1.00000113737974e+18,63875741928266,0.032,1.439,-0.02,0.056,-0.024,0.004,0.998,NaN,-0.435,0.041,0.899,0,0,0,64.325,NaN,-0.332,0.043,0.942,-0.032,0,0,0.587,3.769,6.415,0.909,NaN,-0.454,0.041,0.89,0.032,0,0,0.616,3.927,6.373,0.858,0.4453889,0
177044,1.0000011373847e+18,63875741928277,0.032,1.439,-0.02,0.056,-0.024,0.004,0.998,NaN,-0.423,0.043,0.905,0,0,0,64.325,NaN,-0.331,0.045,0.943,-0.032,0,0,0.588,3.772,6.415,0.906,NaN,-0.463,0.043,0.885,0.032,0,0,0.616,3.928,6.373,0.853,0.4086283,0
177045,1.00000113738972e+18,63875741928277,0.032,1.439,-0.02,0.056,-0.024,0.004,0.998,NaN,-0.415,0.045,0.909,0,0,0,64.325,NaN,-0.331,0.047,0.942,-0.032,0,0,0.589,3.776,6.415,0.904,NaN,-0.469,0.044,0.882,0.032,0,0,0.616,3.928,6.373,0.849,0.3894091,0
177046,1.00000113739474e+18,63875741928288,0.032,1.439,-0.02,0.056,-0.024,0.004,0.998,NaN,-0.437,0.051,0.898,0,0,0,64.325,NaN,-0.348,0.053,0.936,-0.032,0,0,0.589,3.78,6.415,0.903,NaN,-0.473,0.05,0.88,0.032,0,0,0.616,3.929,6.373,0.846,0.4253294,0
177047,1.00000113739976e+18,63875741928288,0.032,1.439,-0.02,0.056,-0.024,0.004,0.998,NaN,-0.453,0.055,0.89,0,0,0,64.325,NaN,-0.362,0.058,0.93,-0.032,0,0,0.59,3.783,6.415,0.902,NaN,-0.476,0.054,0.878,0.032,0,0,0.616,3.929,6.373,0.844,0.4624243,0
177048,1.00000113740472e+18,63875741928299,0.032,1.439,-0.02,0.056,-0.024,0.004,0.998,NaN,-0.463,0.058,0.884,0,0,0,64.325,NaN,-0.389,0.061,0.919,-0.032,0,0,0.598,3.837,6.415,0.901,NaN,-0.478,0.058,0.877,0.032,0,0,0.616,3.929,6.373,0.842,0.584092,0
177049,1.00000113740974e+18,63875741928299,0.032,1.439,-0.02,0.056,-0.024,0.004,0.998,NaN,-0.469,0.061,0.881,0,0,0,64.325,NaN,-0.405,0.063,0.912,-0.032,0,0,0.598,3.837,6.415,0.902,NaN,-0.479,0.061,0.876,0.032,0,0,0.616,3.929,6.373,0.841,0.6932883,0
177050,1.00000113741482e+18,63875741928299,0.032,1.439,-0.02,0.056,-0.024,0.004,0.998,NaN,-0.474,0.063,0.878,0,0,0,64.325,NaN,-0.407,0.065,0.911,-0.032,0,0,0.593,3.807,6.415,0.902,NaN,-0.48,0.063,0.875,0.032,0,0,0.616,3.929,6.373,0.841,0.7056031,0
177051,1.00000113741984e+18,63875741928311,0.032,1.439,-0.02,0.056,-0.024,0.004,0.998,NaN,-0.476,0.065,0.877,0,0,0,64.325,NaN,-0.408,0.067,0.91,-0.032,0,0,0.592,3.798,6.415,0.902,NaN,-0.481,0.065,0.875,0.032,0,0,0.616,3.929,6.373,0.84,0.7129394,0
177052,1.00000113742486e+18,63875741928311,0.032,1.439,-0.02,0.056,-0.024,0.004,0.998,NaN,-0.459,0.063,0.886,0,0,0,64.325,NaN,-0.396,0.065,0.916,-0.032,0,0,0.592,3.797,6.415,0.902,NaN,-0.481,0.062,0.874,0.032,0,0,0.616,3.929,6.373,0.84,0.6094137,0
177053,1.00000113742988e+18,63875741928322,0.032,1.439,-0.02,0.056,-0.024,0.004,0.998,NaN,-0.449,0.062,0.891,0,0,0,64.325,NaN,-0.389,0.064,0.919,-0.032,0,0,0.592,3.799,6.415,0.902,NaN,-0.481,0.061,0.874,0.032,0,0,0.616,3.929,6.373,0.84,0.5606205,0
177054,1.0000011374349e+18,63875741928322,0.032,1.439,-0.02,0.056,-0.024,0.004,0.998,NaN,-0.443,0.062,0.894,0,0,0,64.325,NaN,-0.381,0.064,0.922,-0.032,0,0,0.601,3.853,6.415,0.903,NaN,-0.481,0.06,0.874,0.032,0,0,0.616,3.929,6.373,0.84,0.5200443,0
177055,1.00000113743987e+18,63875741928333,0.032,1.439,-0.02,0.056,-0.024,0.004,0.998,NaN,-0.441,0.062,0.895,0,0,0,64.325,NaN,-0.376,0.064,0.924,-0.032,0,0,0.606,3.887,6.415,0.903,NaN,-0.481,0.06,0.874,0.032,0,0,0.617,3.929,6.373,0.84,0.4953971,0
177056,1.00000113744489e+18,63875741928333,0.032,1.439,-0.02,0.056,-0.024,0.004,0.998,NaN,-0.438,0.061,0.897,0,0,0,64.325,NaN,-0.373,0.063,0.926,-0.032,0,0,0.608,3.9,6.415,0.904,NaN,-0.481,0.06,0.874,0.032,0,0,0.617,3.929,6.373,0.84,0.4829405,0
177057,1.00000113744986e+18,63875741928345,0.032,1.439,-0.02,0.056,-0.024,0.004,0.998,NaN,-0.434,0.061,0.899,0,0,0,64.325,NaN,-0.372,0.063,0.926,-0.032,0,0,0.608,3.9,6.415,0.905,NaN,-0.481,0.06,0.874,0.032,0,0,0.617,3.929,6.373,0.841,0.4767016,0
177058,1.00000113745488e+18,63875741928345,0.032,1.439,-0.02,0.056,-0.024,0.004,0.998,NaN,-0.43,0.061,0.901,0,0,0,64.325,NaN,-0.37,0.063,0.927,-0.032,0,0,0.608,3.899,6.415,0.906,NaN,-0.481,0.059,0.875,0.032,0,0,0.617,3.929,6.373,0.841,0.4726367,0
177059,1.00000113745989e+18,63875741928355,0.032,1.439,-0.02,0.056,-0.024,0.004,0.998,NaN,-0.426,0.061,0.903,0,0,0,64.325,NaN,-0.37,0.062,0.927,-0.032,0,0,0.608,3.899,6.415,0.907,NaN,-0.481,0.059,0.875,0.032,0,0,0.617,3.929,6.373,0.841,0.4699847,0
177060,1.0000011374649e+18,63875741928355,0.032,1.439,-0.02,0.056,-0.024,0.004,0.998,NaN,-0.423,0.061,0.904,0,0,0,64.325,NaN,-0.369,0.062,0.927,-0.032,0,0,0.608,3.899,6.415,0.908,NaN,-0.481,0.059,0.875,0.032,0,0,0.617,3.929,6.373,0.841,0.4686678,0
177061,1.00000113746992e+18,63875741928355,0.032,1.439,-0.02,0.056,-0.024,0.004,0.998,NaN,-0.421,0.061,0.905,0,0,0,64.325,NaN,-0.369,0.062,0.927,-0.032,0,0,0.608,3.899,6.415,0.909,NaN,-0.481,0.059,0.875,0.032,0,0,0.617,3.929,6.373,0.842,0.46823,0
177062,1.00000113747495e+18,63875741928366,0.032,1.439,-0.021,0.056,-0.024,0.004,0.998,NaN,-0.418,0.06,0.906,0,0,0,64.325,NaN,-0.369,0.062,0.927,-0.032,0,0,0.608,3.899,6.415,0.91,NaN,-0.481,0.058,0.875,0.032,0,0,0.617,3.929,6.373,0.842,0.4684559,0
177063,1.00000113747997e+18,63875741928366,0.032,1.439,-0.021,0.056,-0.024,0.004,0.998,NaN,-0.417,0.06,0.907,0,0,0,64.325,NaN,-0.369,0.062,0.927,-0.032,0,0,0.608,3.898,6.415,0.912,NaN,-0.481,0.058,0.875,0.032,0,0,0.617,3.929,6.373,0.843,0.4686926,0
177064,1.00000113748499e+18,63875741928377,0.032,1.439,-0.021,0.056,-0.024,0.004,0.998,NaN,-0.416,0.06,0.907,0,0,0,64.325,NaN,-0.369,0.061,0.927,-0.032,0,0,0.608,3.901,6.415,0.913,NaN,-0.481,0.058,0.875,0.032,0,0,0.617,3.929,6.373,0.843,0.4687911,0
177065,1.00000113749e+18,63875741928377,0.032,1.439,-0.021,0.056,-0.024,0.004,0.998,NaN,-0.415,0.06,0.908,0,0,0,64.325,NaN,-0.369,0.061,0.927,-0.032,0,0,0.61,3.911,6.415,0.915,NaN,-0.481,0.058,0.875,0.032,0,0,0.617,3.93,6.373,0.844,0.4692663,0
177066,1.00000113749498e+18,63875741928389,0.032,1.439,-0.021,0.056,-0.024,0.004,0.998,NaN,-0.414,0.06,0.908,0,0,0,64.325,NaN,-0.369,0.061,0.927,-0.032,0,0,0.611,3.917,6.415,0.916,NaN,-0.481,0.058,0.875,0.032,0,0,0.617,3.93,6.373,0.845,0.4697328,0
177067,1.00000113749999e+18,63875741928389,0.032,1.439,-0.021,0.056,-0.024,0.004,0.998,NaN,-0.414,0.06,0.908,0,0,0,64.325,NaN,-0.369,0.061,0.927,-0.032,0,0,0.611,3.919,6.415,0.917,NaN,-0.48,0.058,0.875,0.032,0,0,0.617,3.93,6.373,0.846,0.4703428,0
177068,1.00000113750501e+18,63875741928400,0.032,1.439,-0.021,0.056,-0.024,0.004,0.998,NaN,-0.414,0.06,0.908,0,0,0,64.325,NaN,-0.369,0.061,0.927,-0.032,0,0,0.611,3.92,6.415,0.918,NaN,-0.48,0.058,0.875,0.032,0,0,0.617,3.93,6.373,0.844,0.4710062,0
177069,1.00000113751002e+18,63875741928400,0.032,1.439,-0.021,0.056,-0.024,0.004,0.998,NaN,-0.414,0.06,0.908,0,0,0,64.325,NaN,-0.369,0.061,0.927,-0.032,0,0,0.611,3.922,6.415,0.918,NaN,-0.48,0.058,0.875,0.032,0,0,0.617,3.93,6.373,0.842,0.4723668,0
177070,1.00000113751504e+18,63875741928400,0.032,1.439,-0.021,0.056,-0.024,0.004,0.998,NaN,-0.414,0.06,0.908,0,0,0,64.325,NaN,-0.369,0.061,0.927,-0.032,0,0,0.611,3.921,6.415,0.919,NaN,-0.48,0.058,0.875,0.032,0,0,0.617,3.93,6.373,0.838,0.473663,0
177071,1.00000113752005e+18,63875741928411,0.032,1.439,-0.02,0.056,-0.024,0.004,0.998,NaN,-0.414,0.06,0.908,0,0,0,64.325,NaN,-0.369,0.061,0.927,-0.032,0,0,0.611,3.921,6.415,0.92,NaN,-0.48,0.058,0.875,0.032,0,0,0.617,3.93,6.373,0.835,0.4750649,0.6822769
177072,1.00000113752507e+18,63875741928411,0.032,1.439,-0.02,0.056,-0.024,0.004,0.998,NaN,-0.414,0.06,0.908,0,0,0,64.325,NaN,-0.37,0.061,0.927,-0.032,0,0,0.611,3.921,6.415,0.921,NaN,-0.48,0.058,0.875,0.032,0,0,0.617,3.93,6.373,0.832,0.4763149,0.6994234
177073,1.00000113753008e+18,63875741928422,0.032,1.439,-0.02,0.056,-0.024,0.004,0.998,NaN,-0.414,0.06,0.908,0,0,0,64.325,NaN,-0.37,0.061,0.927,-0.032,0,0,0.611,3.92,6.415,0.922,NaN,-0.48,0.058,0.876,0.032,0,0,0.617,3.93,6.373,0.829,0.4774546,0.8362827
177074,1.0000011375351e+18,63875741928422,0.032,1.439,-0.02,0.056,-0.024,0.004,0.998,NaN,-0.414,0.06,0.908,0,0,0,64.325,NaN,-0.37,0.061,0.927,-0.032,0,0,0.611,3.92,6.415,0.922,NaN,-0.48,0.058,0.876,0.032,0,0,0.617,3.931,6.373,0.826,0.4788078,0.8222862
177075,1.00000113754011e+18,63875741928433,0.032,1.439,-0.02,0.056,-0.024,0.004,0.998,NaN,-0.414,0.06,0.908,0,0,0,64.325,NaN,-0.37,0.061,0.927,-0.032,0,0,0.611,3.92,6.415,0.923,NaN,-0.48,0.058,0.876,0.032,0,0,0.617,3.931,6.373,0.824,0.4802032,0.8369492
177076,1.00000113754508e+18,63875741928433,0.032,1.439,-0.02,0.056,-0.024,0.004,0.998,NaN,-0.414,0.06,0.908,0,0,0,64.325,NaN,-0.37,0.061,0.927,-0.032,0,0,0.611,3.919,6.415,0.924,NaN,-0.479,0.057,0.876,0.032,0,0,0.617,3.931,6.373,0.822,0.4815049,0.8778837
177077,1.0000011375501e+18,63875741928444,0.032,1.439,-0.02,0.056,-0.024,0.004,0.998,NaN,-0.414,0.06,0.908,0,0,0,64.325,NaN,-0.371,0.061,0.927,-0.032,0,0,0.611,3.92,6.415,0.925,NaN,-0.479,0.057,0.876,0.032,0,0,0.617,3.931,6.373,0.82,0.4825572,0.8723744
177078,1.0000011375551e+18,63875741928444,0.032,1.439,-0.02,0.056,-0.024,0.004,0.998,NaN,-0.414,0.06,0.908,0,0,0,64.325,NaN,-0.371,0.061,0.927,-0.032,0,0,0.611,3.922,6.415,0.925,NaN,-0.479,0.057,0.876,0.032,0,0,0.617,3.932,6.373,0.819,0.483619,0.8963992
177079,1.00000113756014e+18,63875741928455,0.032,1.439,-0.02,0.056,-0.024,0.004,0.998,NaN,-0.414,0.06,0.909,0,0,0,64.325,NaN,-0.371,0.061,0.927,-0.032,0,0,0.612,3.924,6.415,0.926,NaN,-0.479,0.057,0.876,0.032,0,0,0.617,3.932,6.373,0.817,0.4846463,0.913304
177080,1.00000113756514e+18,63875741928455,0.032,1.439,-0.02,0.056,-0.024,0.004,0.998,NaN,-0.414,0.06,0.909,0,0,0,64.325,NaN,-0.371,0.061,0.927,-0.032,0,0,0.612,3.924,6.415,0.927,NaN,-0.479,0.057,0.876,0.032,0,0,0.617,3.933,6.373,0.816,0.4855118,0.9088513
177081,1.00000113757012e+18,63875741928455,0.032,1.439,-0.02,0.056,-0.024,0.004,0.998,NaN,-0.413,0.06,0.909,0,0,0,64.325,NaN,-0.371,0.061,0.927,-0.032,0,0,0.614,3.936,6.415,0.928,NaN,-0.479,0.057,0.876,0.032,0,0,0.617,3.933,6.373,0.815,0.4860348,0.8789219
177082,1.00000113757514e+18,63875741928467,0.032,1.439,-0.02,0.056,-0.024,0.004,0.998,NaN,-0.413,0.06,0.909,0,0,0,64.325,NaN,-0.371,0.061,0.927,-0.032,0,0,0.614,3.938,6.415,0.928,NaN,-0.479,0.057,0.876,0.032,0,0,0.617,3.933,6.373,0.815,0.4863923,0.8965442
177083,1.00000113758018e+18,63875741928467,0.032,1.439,-0.02,0.056,-0.024,0.004,0.998,NaN,-0.413,0.06,0.909,0,0,0,64.325,NaN,-0.371,0.061,0.927,-0.032,0,0,0.614,3.942,6.415,0.929,NaN,-0.479,0.057,0.876,0.032,0,0,0.617,3.934,6.373,0.814,0.4869019,0.9075291
177084,1.0000011375852e+18,63875741928477,0.032,1.439,-0.02,0.056,-0.024,0.004,0.998,NaN,-0.413,0.059,0.909,0,0,0,64.325,NaN,-0.371,0.061,0.927,-0.032,0,0,0.614,3.941,6.415,0.929,NaN,-0.479,0.057,0.876,0.032,0,0,0.617,3.934,6.373,0.813,0.4873078,0.9107159
177085,1.00000113759022e+18,63875741928478,0.032,1.439,-0.02,0.056,-0.024,0.004,0.998,NaN,-0.413,0.059,0.909,0,0,0,64.325,NaN,-0.371,0.061,0.927,-0.032,0,0,0.615,3.947,6.415,0.93,NaN,-0.479,0.057,0.876,0.032,0,0,0.617,3.935,6.373,0.813,0.4876376,0.8820445
177086,1.00000113759523e+18,63875741928489,0.032,1.439,-0.02,0.056,-0.024,0.004,0.998,NaN,-0.413,0.059,0.909,0,0,0,64.325,NaN,-0.371,0.061,0.926,-0.032,0,0,0.616,3.949,6.415,0.93,NaN,-0.479,0.057,0.876,0.032,0,0,0.617,3.935,6.373,0.813,0.4883701,0.8802804
177087,1.00000113760022e+18,63875741928489,0.032,1.439,-0.02,0.056,-0.024,0.004,0.998,NaN,-0.413,0.059,0.909,0,0,0,64.325,NaN,-0.372,0.061,0.926,-0.032,0,0,0.616,3.95,6.415,0.931,NaN,-0.479,0.057,0.876,0.032,0,0,0.618,3.935,6.373,0.812,0.4892865,0.8586129
177088,1.00000113760522e+18,63875741928500,0.032,1.439,-0.02,0.056,-0.024,0.004,0.998,NaN,-0.413,0.059,0.909,0,0,0,64.325,NaN,-0.372,0.061,0.926,-0.032,0,0,0.616,3.95,6.415,0.931,NaN,-0.479,0.057,0.876,0.032,0,0,0.618,3.936,6.373,0.812,0.4903443,0.8800384
177089,1.00000113761022e+18,63875741928500,0.032,1.439,-0.02,0.056,-0.024,0.004,0.998,NaN,-0.413,0.059,0.909,0,0,0,64.325,NaN,-0.372,0.06,0.926,-0.032,0,0,0.615,3.945,6.415,0.932,NaN,-0.479,0.057,0.876,0.032,0,0,0.618,3.936,6.373,0.812,0.491364,0.8653372
177090,1.00000113761523e+18,63875741928500,0.032,1.439,-0.02,0.056,-0.024,0.004,0.998,NaN,-0.413,0.059,0.909,0,0,0,64.325,NaN,-0.372,0.06,0.926,-0.032,0,0,0.615,3.944,6.415,0.932,NaN,-0.479,0.057,0.876,0.032,0,0,0.618,3.937,6.373,0.812,0.4919903,0.8439704
177091,1.00000113762023e+18,63875741928511,0.032,1.44,-0.02,0.056,-0.024,0.003,0.998,NaN,-0.413,0.059,0.909,0,0,0,64.325,NaN,-0.372,0.06,0.926,-0.032,0,0,0.615,3.943,6.415,0.932,NaN,-0.479,0.057,0.876,0.032,0,0,0.618,3.937,6.373,0.811,0.4926324,0.8357447
177092,1.00000113762526e+18,63875741928511,0.032,1.44,-0.02,0.056,-0.024,0.003,0.998,NaN,-0.413,0.059,0.909,0,0,0,64.325,NaN,-0.372,0.06,0.926,-0.032,0,0,0.615,3.944,6.415,0.933,NaN,-0.479,0.057,0.876,0.032,0,0,0.618,3.938,6.373,0.811,0.4933052,0.8261471
177093,1.00000113763031e+18,63875741928522,0.032,1.44,-0.021,0.056,-0.024,0.003,0.998,NaN,-0.412,0.059,0.909,0,0,0,64.325,NaN,-0.373,0.06,0.926,-0.032,0,0,0.615,3.946,6.415,0.933,NaN,-0.479,0.057,0.876,0.032,0,0,0.618,3.938,6.373,0.811,0.4938176,0.8310202
177094,1.0000011376353e+18,63875741928522,0.032,1.44,-0.021,0.056,-0.024,0.003,0.998,NaN,-0.413,0.059,0.909,0,0,0,64.325,NaN,-0.373,0.06,0.926,-0.032,0,0,0.615,3.947,6.415,0.933,NaN,-0.479,0.057,0.876,0.032,0,0,0.618,3.939,6.373,0.811,0.4961887,0.7631977
177095,1.0000011376403e+18,63875741928533,0.032,1.44,-0.021,0.056,-0.024,0.003,0.998,NaN,-0.413,0.059,0.909,0,0,0,64.325,NaN,-0.375,0.06,0.925,-0.032,0,0,0.618,3.967,6.415,0.933,NaN,-0.48,0.057,0.876,0.032,0,0,0.619,3.942,6.373,0.81,0.5012829,0.7143801
177096,1.0000011376453e+18,63875741928533,0.032,1.44,-0.021,0.056,-0.024,0.003,0.998,NaN,-0.398,0.06,0.915,0,0,0,64.325,NaN,-0.373,0.061,0.926,-0.032,0,0,0.623,3.996,6.415,0.934,NaN,-0.479,0.057,0.876,0.032,0,0,0.624,3.976,6.373,0.81,0.4929278,0
177097,1.00000113765038e+18,63875741928544,0.032,1.44,-0.021,0.056,-0.024,0.003,0.998,NaN,-0.401,0.061,0.914,0,0,0,64.325,NaN,-0.368,0.065,0.927,-0.032,0,0,0.612,3.927,6.415,0.935,NaN,-0.472,0.059,0.88,0.032,0,0,0.628,3.999,6.373,0.808,0.509573,0
177098,1.00000113765537e+18,63875741928544,0.032,1.44,-0.021,0.056,-0.024,0.003,0.998,NaN,-0.381,0.068,0.922,0,0,0,64.325,NaN,-0.358,0.072,0.931,-0.032,0,0,0.607,3.891,6.415,0.936,NaN,-0.46,0.065,0.886,0.032,0,0,0.627,3.998,6.373,0.804,0.5212176,0
177099,1.00000113766036e+18,63875741928555,0.032,1.44,-0.021,0.056,-0.024,0.003,0.998,NaN,-0.384,0.067,0.921,0,0,0,64.325,NaN,-0.343,0.084,0.936,-0.032,0,0,0.607,3.892,6.415,0.937,NaN,-0.444,0.065,0.894,0.032,0,0,0.623,3.971,6.373,0.807,0.526172,0
177100,1.00000113766536e+18,63875741928555,0.032,1.44,-0.021,0.056,-0.024,0.003,0.998,NaN,-0.383,0.067,0.921,0,0,0,64.325,NaN,-0.323,0.096,0.942,-0.032,0,0,0.604,3.878,6.415,0.939,NaN,-0.427,0.066,0.902,0.032,0,0,0.619,3.942,6.373,0.814,0.5028473,0
177101,1.00000113767036e+18,63875741928555,0.032,1.44,-0.021,0.056,-0.024,0.003,0.998,NaN,-0.381,0.068,0.922,0,0,0,64.325,NaN,-0.306,0.107,0.946,-0.032,0,0,0.605,3.882,6.415,0.94,NaN,-0.41,0.067,0.91,0.032,0,0,0.617,3.929,6.373,0.824,0.4828649,0
177102,1.00000113767535e+18,63875741928566,0.032,1.44,-0.021,0.055,-0.024,0.003,0.998,NaN,-0.379,0.068,0.923,0,0,0,64.325,NaN,-0.288,0.119,0.95,-0.032,0,0,0.607,3.893,6.415,0.941,NaN,-0.396,0.068,0.916,0.032,0,0,0.615,3.917,6.373,0.836,0.4453706,0
177103,1.0000011376804e+18,63875741928566,0.032,1.44,-0.021,0.055,-0.024,0.003,0.998,NaN,-0.377,0.069,0.924,0,0,0,64.325,NaN,-0.276,0.127,0.953,-0.032,0,0,0.607,3.895,6.415,0.943,NaN,-0.387,0.069,0.92,0.032,0,0,0.614,3.912,6.373,0.848,0.4238271,0
177104,1.0000011376854e+18,63875741928578,0.032,1.44,-0.021,0.055,-0.024,0.003,0.998,NaN,-0.375,0.07,0.925,0,0,0,64.325,NaN,-0.269,0.133,0.954,-0.032,0,0,0.609,3.904,6.415,0.945,NaN,-0.38,0.07,0.922,0.032,0,0,0.613,3.909,6.373,0.859,0.4098777,0
177105,1.0000011376904e+18,63875741928578,0.032,1.44,-0.021,0.055,-0.024,0.003,0.998,NaN,-0.373,0.071,0.925,0,0,0,64.325,NaN,-0.264,0.138,0.955,-0.032,0,0,0.609,3.906,6.415,0.946,NaN,-0.375,0.071,0.924,0.032,0,0,0.613,3.908,6.373,0.868,0.4001469,0
177106,1.00000113769546e+18,63875741928590,0.032,1.44,-0.021,0.055,-0.024,0.003,0.998,NaN,-0.372,0.072,0.926,0,0,0,64.325,NaN,-0.261,0.141,0.955,-0.032,0,0,0.61,3.915,6.415,0.951,NaN,-0.372,0.072,0.925,0.032,0,0,0.613,3.906,6.373,0.876,0.3955331,0
177107,1.00000113770046e+18,63875741928590,0.032,1.44,-0.021,0.055,-0.024,0.003,0.998,NaN,-0.371,0.073,0.926,0,0,0,64.325,NaN,-0.26,0.144,0.955,-0.032,0,0,0.612,3.924,6.415,0.957,NaN,-0.37,0.073,0.926,0.032,0,0,0.613,3.905,6.373,0.883,0.3925747,0
177108,1.00000113770546e+18,63875741928600,0.032,1.44,-0.021,0.055,-0.024,0.003,0.998,NaN,-0.37,0.074,0.926,0,0,0,64.325,NaN,-0.26,0.145,0.955,-0.032,0,0,0.613,3.931,6.415,0.962,NaN,-0.369,0.074,0.927,0.032,0,0,0.613,3.904,6.373,0.889,0.3917165,0
177109,1.00000113771054e+18,63875741928600,0.032,1.44,-0.021,0.055,-0.024,0.003,0.998,NaN,-0.369,0.074,0.927,0,0,0,64.325,NaN,-0.26,0.147,0.954,-0.032,0,0,0.614,3.937,6.415,0.967,NaN,-0.368,0.074,0.927,0.032,0,0,0.612,3.903,6.373,0.894,0.3920137,0
177110,1.00000113771554e+18,63875741928600,0.032,1.44,-0.021,0.055,-0.024,0.003,0.998,NaN,-0.368,0.075,0.927,0,0,0,64.325,NaN,-0.261,0.148,0.954,-0.032,0,0,0.614,3.94,6.415,0.971,NaN,-0.367,0.075,0.927,0.032,0,0,0.612,3.902,6.373,0.898,0.3931235,0
177111,1.00000113772054e+18,63875741928611,0.032,1.44,-0.021,0.055,-0.024,0.004,0.998,NaN,-0.368,0.075,0.927,0,0,0,64.325,NaN,-0.261,0.148,0.954,-0.032,0,0,0.615,3.942,6.415,0.974,NaN,-0.366,0.075,0.927,0.032,0,0,0.612,3.901,6.373,0.902,0.3949331,0
177112,1.00000113772554e+18,63875741928611,0.032,1.44,-0.021,0.055,-0.024,0.004,0.998,NaN,-0.367,0.076,0.927,0,0,0,64.325,NaN,-0.261,0.149,0.954,-0.032,0,0,0.615,3.945,6.415,0.977,NaN,-0.366,0.076,0.928,0.032,0,0,0.612,3.9,6.373,0.904,0.3967437,0
177113,1.00000113773053e+18,63875741928622,0.032,1.44,-0.021,0.055,-0.024,0.004,0.998,NaN,-0.367,0.076,0.927,0,0,0,64.325,NaN,-0.261,0.149,0.954,-0.032,0,0,0.615,3.944,6.415,0.98,NaN,-0.366,0.076,0.928,0.032,0,0,0.612,3.9,6.373,0.907,0.3971442,0
177114,1.00000113773553e+18,63875741928622,0.032,1.44,-0.021,0.055,-0.024,0.004,0.998,NaN,-0.366,0.077,0.927,0,0,0,64.325,NaN,-0.26,0.149,0.954,-0.032,0,0,0.614,3.941,6.415,0.982,NaN,-0.365,0.077,0.928,0.032,0,0,0.612,3.899,6.373,0.909,0.3969785,0
177115,1.00000113774052e+18,63875741928633,0.032,1.44,-0.021,0.055,-0.024,0.004,0.998,NaN,-0.366,0.077,0.927,0,0,0,64.325,NaN,-0.26,0.15,0.954,-0.032,0,0,0.614,3.939,6.415,0.984,NaN,-0.365,0.077,0.928,0.032,0,0,0.612,3.899,6.373,0.911,0.3965732,0
177116,1.00000113774551e+18,63875741928633,0.032,1.44,-0.021,0.055,-0.024,0.004,0.998,NaN,-0.366,0.078,0.928,0,0,0,64.325,NaN,-0.259,0.15,0.954,-0.032,0,0,0.614,3.937,6.415,0.985,NaN,-0.365,0.078,0.928,0.032,0,0,0.612,3.898,6.373,0.913,0.3962425,0
177117,1.00000113775057e+18,63875741928644,0.032,1.44,-0.021,0.055,-0.024,0.004,0.998,NaN,-0.365,0.078,0.928,0,0,0,64.325,NaN,-0.26,0.15,0.954,-0.032,0,0,0.614,3.938,6.415,0.987,NaN,-0.364,0.078,0.928,0.032,0,0,0.612,3.898,6.373,0.914,0.3999855,0
177118,1.00000113775561e+18,63875741928644,0.032,1.44,-0.021,0.055,-0.024,0.004,0.998,NaN,-0.365,0.078,0.928,0,0,0,64.325,NaN,-0.235,0.144,0.961,-0.032,0,0,0.615,3.945,6.415,0.988,NaN,-0.364,0.078,0.928,0.032,0,0,0.612,3.898,6.373,0.916,0.3721895,0.6525644
177119,1.0000011377606e+18,63875741928655,0.032,1.44,-0.021,0.055,-0.024,0.004,0.998,NaN,-0.365,0.079,0.928,0,0,0,64.325,NaN,-0.242,0.145,0.96,-0.032,0,0,0.616,3.949,6.415,0.989,NaN,-0.364,0.079,0.928,0.032,0,0,0.612,3.897,6.373,0.917,0.3854236,0.8236797
177120,1.00000113776559e+18,63875741928655,0.032,1.44,-0.021,0.055,-0.024,0.004,0.998,NaN,-0.365,0.079,0.928,0,0,0,64.325,NaN,-0.22,0.143,0.965,-0.032,0,0,0.616,3.953,6.415,0.99,NaN,-0.364,0.079,0.928,0.032,0,0,0.612,3.897,6.373,0.918,0.3517831,0.9955586
177121,1.00000113777061e+18,63875741928655,0.032,1.44,-0.021,0.055,-0.024,0.004,0.998,NaN,-0.364,0.079,0.928,0,0,0,64.325,NaN,-0.204,0.138,0.969,-0.032,0,0,0.617,3.958,6.415,0.99,NaN,-0.364,0.079,0.928,0.032,0,0,0.612,3.897,6.373,0.919,0.3327265,1
177122,1.0000011377756e+18,63875741928667,0.032,1.44,-0.021,0.055,-0.024,0.004,0.998,NaN,-0.364,0.079,0.928,0,0,0,64.325,NaN,-0.178,0.13,0.975,-0.032,0,0,0.595,3.815,6.415,0.991,NaN,-0.364,0.079,0.928,0.032,0,0,0.611,3.897,6.373,0.92,0.3019914,1
177123,1.00000113778065e+18,63875741928667,0.032,1.44,-0.021,0.055,-0.024,0.004,0.998,NaN,-0.364,0.079,0.928,0,0,0,64.325,NaN,-0.158,0.122,0.98,-0.032,0,0,0.588,3.774,6.415,0.992,NaN,-0.363,0.079,0.928,0.032,0,0,0.611,3.897,6.373,0.921,0.2798353,1
177124,1.00000113778571e+18,63875741928678,0.032,1.44,-0.021,0.055,-0.024,0.003,0.998,NaN,-0.364,0.079,0.928,0,0,0,64.325,NaN,-0.143,0.115,0.983,-0.032,0,0,0.697,4.474,6.415,0.992,NaN,-0.363,0.079,0.928,0.032,0,0,0.611,3.897,6.373,0.922,0.2653261,1
177125,1.00000113779068e+18,63875741928678,0.032,1.44,-0.021,0.055,-0.024,0.003,0.998,NaN,-0.364,0.079,0.928,0,0,0,64.325,NaN,-0.131,0.109,0.985,-0.032,0,0,0.698,4.48,6.415,0.993,NaN,-0.363,0.079,0.928,0.032,0,0,0.611,3.897,6.373,0.923,0.2544027,1
177126,1.0000011377957e+18,63875741928689,0.032,1.44,-0.021,0.055,-0.024,0.003,0.998,NaN,-0.364,0.079,0.928,0,0,0,64.325,NaN,-0.122,0.104,0.987,-0.032,0,0,0.697,4.472,6.415,0.993,NaN,-0.363,0.079,0.928,0.032,0,0,0.611,3.897,6.373,0.923,0.2464029,1
177127,1.00000113780071e+18,63875741928689,0.032,1.44,-0.021,0.055,-0.024,0.003,0.998,NaN,-0.364,0.08,0.928,0,0,0,64.325,NaN,-0.115,0.101,0.988,-0.032,0,0,0.697,4.471,6.415,0.994,NaN,-0.363,0.08,0.928,0.032,0,0,0.611,3.897,6.373,0.924,0.2411705,1
177128,1.0000011378057e+18,63875741928700,0.032,1.44,-0.021,0.055,-0.024,0.003,0.998,NaN,-0.364,0.08,0.928,0,0,0,64.325,NaN,-0.119,0.098,0.988,-0.032,0,0,0.715,4.585,6.415,0.994,NaN,-0.363,0.08,0.928,0.032,0,0,0.611,3.897,6.373,0.925,0.2446896,1
177129,1.00000113781071e+18,63875741928700,0.032,1.44,-0.021,0.055,-0.024,0.003,0.998,NaN,-0.364,0.08,0.928,0,0,0,64.325,NaN,-0.123,0.096,0.988,-0.032,0,0,0.723,4.636,6.415,0.994,NaN,-0.363,0.08,0.928,0.032,0,0,0.611,3.897,6.373,0.925,0.2488533,1
177130,1.00000113781574e+18,63875741928700,0.032,1.44,-0.021,0.055,-0.024,0.003,0.998,NaN,-0.364,0.08,0.928,0,0,0,64.325,NaN,-0.13,0.094,0.987,-0.032,0,0,0.734,4.71,6.415,0.995,NaN,-0.363,0.081,0.928,0.032,0,0,0.612,3.897,6.373,0.926,0.2557297,1
177131,1.00000113782075e+18,63875741928711,0.032,1.44,-0.021,0.055,-0.024,0.003,0.998,NaN,-0.363,0.081,0.928,0,0,0,64.325,NaN,-0.134,0.093,0.987,-0.032,0,0,0.737,4.73,6.415,0.995,NaN,-0.363,0.081,0.928,0.032,0,0,0.612,3.898,6.373,0.926,0.2600707,1
177132,1.00000113782576e+18,63875741928711,0.032,1.44,-0.021,0.055,-0.024,0.003,0.998,NaN,-0.363,0.081,0.928,0,0,0,64.325,NaN,-0.15,0.101,0.983,-0.032,0,0,0.619,3.973,6.415,0.995,NaN,-0.363,0.081,0.928,0.032,0,0,0.612,3.898,6.373,0.927,0.2784543,1
177133,1.00000113783076e+18,63875741928722,0.032,1.44,-0.021,0.055,-0.024,0.003,0.998,NaN,-0.363,0.081,0.928,0,0,0,64.325,NaN,-0.159,0.106,0.982,-0.032,0,0,0.618,3.967,6.415,0.995,NaN,-0.363,0.081,0.928,0.032,0,0,0.612,3.899,6.373,0.928,0.2880916,1
177134,1.00000113783578e+18,63875741928722,0.032,1.44,-0.021,0.055,-0.024,0.003,0.998,NaN,-0.363,0.081,0.928,0,0,0,64.325,NaN,-0.178,0.107,0.978,-0.032,0,0,0.619,3.973,6.415,0.996,NaN,-0.363,0.081,0.928,0.032,0,0,0.612,3.899,6.373,0.928,0.3162513,1
177135,1.00000113784087e+18,63875741928733,0.032,1.44,-0.021,0.055,-0.024,0.003,0.998,NaN,-0.363,0.081,0.928,0,0,0,64.325,NaN,-0.2,0.11,0.973,-0.032,0,0,0.62,3.975,6.415,0.996,NaN,-0.363,0.081,0.928,0.032,0,0,0.612,3.9,6.373,0.929,0.3543362,1
177136,1.00000113784589e+18,63875741928733,0.032,1.44,-0.021,0.055,-0.024,0.003,0.998,NaN,-0.363,0.081,0.928,0,0,0,64.325,NaN,-0.22,0.116,0.969,-0.032,0,0,0.621,3.987,6.415,0.996,NaN,-0.363,0.081,0.928,0.032,0,0,0.612,3.901,6.373,0.929,0.3929307,1
177137,1.00000113785086e+18,63875741928744,0.032,1.44,-0.021,0.056,-0.024,0.003,0.998,NaN,-0.363,0.081,0.928,0,0,0,64.325,NaN,-0.235,0.122,0.964,-0.032,0,0,0.623,3.996,6.415,0.996,NaN,-0.363,0.081,0.928,0.032,0,0,0.612,3.901,6.373,0.93,0.4236681,1
177138,1.00000113785587e+18,63875741928744,0.032,1.44,-0.021,0.056,-0.024,0.003,0.998,NaN,-0.363,0.081,0.928,0,0,0,64.325,NaN,-0.245,0.128,0.961,-0.032,0,0,0.626,4.013,6.415,0.996,NaN,-0.363,0.081,0.928,0.032,0,0,0.612,3.902,6.373,0.93,0.4406329,1
177139,1.00000113786088e+18,63875741928755,0.032,1.44,-0.021,0.056,-0.024,0.003,0.998,NaN,-0.363,0.081,0.928,0,0,0,64.325,NaN,-0.253,0.133,0.958,-0.032,0,0,0.626,4.018,6.415,0.997,NaN,-0.362,0.081,0.928,0.032,0,0,0.612,3.903,6.373,0.931,0.4500452,1
177140,1.00000113786587e+18,63875741928755,0.032,1.44,-0.021,0.056,-0.024,0.003,0.998,NaN,-0.362,0.081,0.929,0,0,0,64.325,NaN,-0.259,0.137,0.956,-0.032,0,0,0.627,4.022,6.415,0.997,NaN,-0.362,0.081,0.929,0.032,0,0,0.613,3.906,6.373,0.931,0.4549567,1
177141,1.00000113787088e+18,63875741928755,0.032,1.44,-0.021,0.056,-0.024,0.003,0.998,NaN,-0.362,0.081,0.929,0,0,0,64.325,NaN,-0.269,0.138,0.953,-0.032,0,0,0.626,4.017,6.415,0.997,NaN,-0.362,0.081,0.929,0.032,0,0,0.616,3.924,6.373,0.931,0.4797165,0.9558225
177142,1.00000113787588e+18,63875741928767,0.032,1.44,-0.021,0.056,-0.024,0.003,0.998,NaN,-0.363,0.081,0.928,0,0,0,64.325,NaN,-0.279,0.137,0.95,-0.032,0,0,0.619,3.972,6.415,0.997,NaN,-0.363,0.081,0.928,0.032,0,0,0.619,3.946,6.373,0.93,0.5043839,0.5379204
177143,1.00000113788093e+18,63875741928767,0.032,1.44,-0.021,0.056,-0.024,0.003,0.998,NaN,-0.368,0.081,0.926,0,0,0,64.325,NaN,-0.287,0.129,0.949,-0.032,0,0,0.61,3.912,6.415,0.997,NaN,-0.367,0.081,0.927,0.032,0,0,0.622,3.965,6.373,0.925,0.549134,0.177175
177144,1.00000113788593e+18,63875741928777,0.032,1.44,-0.021,0.055,-0.024,0.003,0.998,NaN,-0.379,0.079,0.922,0,0,0,64.325,NaN,-0.312,0.126,0.942,-0.032,0,0,0.608,3.901,6.415,0.995,NaN,-0.379,0.079,0.922,0.032,0,0,0.622,3.966,6.373,0.917,0.6047329,0
177145,1.00000113789095e+18,63875741928777,0.032,1.44,-0.021,0.055,-0.024,0.003,0.998,NaN,-0.395,0.079,0.916,0,0,0,64.325,NaN,-0.342,0.123,0.932,-0.032,0,0,0.608,3.901,6.415,0.992,NaN,-0.394,0.079,0.916,0.032,0,0,0.623,3.969,6.373,0.913,0.6802376,0
177146,1.00000113789594e+18,63875741928789,0.032,1.44,-0.021,0.056,-0.024,0.003,0.998,NaN,-0.413,0.079,0.907,0,0,0,64.325,NaN,-0.37,0.119,0.921,-0.032,0,0,0.608,3.901,6.415,0.988,NaN,-0.413,0.079,0.907,0.032,0,0,0.624,3.976,6.373,0.909,0.756794,0
177147,1.00000113790094e+18,63875741928790,0.032,1.44,-0.021,0.056,-0.024,0.003,0.998,NaN,-0.431,0.078,0.899,0,0,0,64.325,NaN,-0.397,0.114,0.911,-0.032,0,0,0.618,3.966,6.415,0.985,NaN,-0.431,0.078,0.899,0.032,0,0,0.627,3.993,6.373,0.905,2,0
177148,1.00000113790595e+18,63875741928800,0.032,1.44,-0.021,0.056,-0.024,0.003,0.998,NaN,-0.408,0.082,0.909,0,0,0,64.325,NaN,-0.362,0.116,0.925,-0.032,0,0,0.623,4,6.415,0.981,NaN,-0.445,0.081,0.892,0.032,0,0,0.629,4.011,6.373,0.903,0.5781489,0
177149,1.00000113791102e+18,63875741928800,0.032,1.44,-0.021,0.056,-0.024,0.003,0.998,NaN,-0.405,0.086,0.91,0,0,0,64.325,NaN,-0.343,0.116,0.932,-0.032,0,0,0.629,4.033,6.415,0.978,NaN,-0.455,0.084,0.886,0.032,0,0,0.631,4.023,6.373,0.901,0.4563808,0
177150,1.00000113791601e+18,63875741928812,0.032,1.44,-0.021,0.055,-0.024,0.003,0.998,NaN,-0.39,0.089,0.917,0,0,0,64.325,NaN,-0.334,0.116,0.936,-0.032,0,0,0.634,4.065,6.415,0.975,NaN,-0.463,0.086,0.882,0.032,0,0,0.632,4.027,6.373,0.899,0.4053574,0
177151,1.000001137921e+18,63875741928812,0.032,1.44,-0.021,0.055,-0.024,0.003,0.998,NaN,-0.371,0.092,0.924,0,0,0,64.325,NaN,-0.328,0.115,0.938,-0.032,0,0,0.639,4.101,6.415,0.973,NaN,-0.467,0.088,0.88,0.032,0,0,0.632,4.029,6.373,0.897,0.3788757,0
177152,1.000001137926e+18,63875741928812,0.032,1.44,-0.021,0.055,-0.024,0.003,0.998,NaN,-0.355,0.094,0.93,0,0,0,64.325,NaN,-0.325,0.114,0.939,-0.032,0,0,0.645,4.136,6.415,0.97,NaN,-0.47,0.089,0.878,0.032,0,0,0.632,4.03,6.373,0.896,0.3645795,0
177153,1.000001137931e+18,63875741928822,0.032,1.44,-0.021,0.055,-0.024,0.003,0.998,NaN,-0.341,0.096,0.935,0,0,0,64.325,NaN,-0.322,0.113,0.94,-0.032,0,0,0.646,4.146,6.415,0.969,NaN,-0.472,0.09,0.877,0.032,0,0,0.632,4.03,6.373,0.895,0.3556759,0
177154,1.00000113793604e+18,63875741928822,0.032,1.44,-0.021,0.055,-0.024,0.003,0.998,NaN,-0.331,0.098,0.939,0,0,0,64.325,NaN,-0.32,0.112,0.941,-0.032,0,0,0.647,4.151,6.415,0.968,NaN,-0.473,0.092,0.876,0.032,0,0,0.632,4.03,6.373,0.894,0.3498731,0
177155,1.00000113794104e+18,63875741928834,0.032,1.44,-0.021,0.055,-0.024,0.003,0.998,NaN,-0.324,0.1,0.941,0,0,0,64.325,NaN,-0.319,0.112,0.941,-0.032,0,0,0.648,4.156,6.415,0.967,NaN,-0.474,0.093,0.876,0.032,0,0,0.632,4.031,6.373,0.894,0.3459994,0
177156,1.00000113794604e+18,63875741928834,0.032,1.44,-0.021,0.055,-0.024,0.003,0.998,NaN,-0.319,0.101,0.942,0,0,0,64.325,NaN,-0.318,0.111,0.941,-0.032,0,0,0.648,4.159,6.415,0.965,NaN,-0.474,0.094,0.875,0.032,0,0,0.632,4.031,6.373,0.893,0.343507,0
177157,1.00000113795106e+18,63875741928845,0.032,1.44,-0.021,0.055,-0.024,0.004,0.998,NaN,-0.316,0.102,0.943,0,0,0,64.325,NaN,-0.318,0.11,0.942,-0.032,0,0,0.648,4.159,6.415,0.964,NaN,-0.475,0.094,0.875,0.032,0,0,0.632,4.031,6.373,0.893,0.3419442,0
177158,1.00000113795609e+18,63875741928845,0.032,1.44,-0.021,0.055,-0.024,0.004,0.998,NaN,-0.314,0.102,0.944,0,0,0,64.325,NaN,-0.317,0.11,0.942,-0.032,0,0,0.648,4.159,6.415,0.963,NaN,-0.475,0.095,0.875,0.032,0,0,0.632,4.031,6.373,0.893,0.34084,0
177159,1.00000113796109e+18,63875741928856,0.032,1.44,-0.021,0.055,-0.024,0.004,0.998,NaN,-0.313,0.103,0.944,0,0,0,64.325,NaN,-0.317,0.109,0.942,-0.032,0,0,0.648,4.159,6.415,0.962,NaN,-0.475,0.095,0.875,0.032,0,0,0.632,4.03,6.373,0.893,0.340135,0
177160,1.00000113796609e+18,63875741928856,0.032,1.44,-0.021,0.055,-0.024,0.004,0.998,NaN,-0.313,0.103,0.944,0,0,0,64.325,NaN,-0.317,0.109,0.942,-0.032,0,0,0.648,4.159,6.415,0.962,NaN,-0.475,0.096,0.875,0.032,0,0,0.632,4.03,6.373,0.892,0.3393654,0
177161,1.00000113797113e+18,63875741928856,0.032,1.44,-0.021,0.055,-0.024,0.004,0.998,NaN,-0.312,0.104,0.944,0,0,0,64.325,NaN,-0.317,0.109,0.942,-0.032,0,0,0.649,4.164,6.415,0.961,NaN,-0.475,0.097,0.874,0.032,0,0,0.632,4.03,6.373,0.892,0.3386746,0
177162,1.00000113797614e+18,63875741928867,0.032,1.44,-0.021,0.055,-0.024,0.004,0.998,NaN,-0.312,0.105,0.944,0,0,0,64.325,NaN,-0.316,0.109,0.942,-0.032,0,0,0.65,4.17,6.415,0.96,NaN,-0.475,0.097,0.874,0.032,0,0,0.632,4.029,6.373,0.892,0.3379253,0
177163,1.00000113798124e+18,63875741928867,0.032,1.44,-0.021,0.055,-0.024,0.004,0.998,NaN,-0.311,0.106,0.944,0,0,0,64.325,NaN,-0.316,0.11,0.943,-0.032,0,0,0.65,4.173,6.415,0.96,NaN,-0.475,0.098,0.874,0.032,0,0,0.632,4.028,6.373,0.892,0.337222,0
177164,1.00000113798624e+18,63875741928877,0.032,1.44,-0.021,0.055,-0.024,0.004,0.998,NaN,-0.311,0.107,0.944,0,0,0,64.325,NaN,-0.315,0.11,0.943,-0.032,0,0,0.652,4.18,6.415,0.96,NaN,-0.475,0.099,0.874,0.032,0,0,0.632,4.027,6.373,0.892,0.3366112,0
177165,1.00000113799124e+18,63875741928877,0.032,1.44,-0.021,0.055,-0.024,0.004,0.998,NaN,-0.311,0.107,0.944,0,0,0,64.325,NaN,-0.315,0.11,0.943,-0.032,0,0,0.652,4.181,6.415,0.959,NaN,-0.475,0.099,0.874,0.032,0,0,0.632,4.026,6.373,0.892,0.3359996,0
177166,1.00000113799617e+18,63875741928890,0.032,1.44,-0.021,0.055,-0.024,0.004,0.998,NaN,-0.311,0.108,0.944,0,0,0,64.325,NaN,-0.314,0.11,0.943,-0.032,0,0,0.652,4.182,6.415,0.959,NaN,-0.475,0.1,0.874,0.032,0,0,0.632,4.025,6.373,0.892,0.3354238,0
177167,1.00000113800119e+18,63875741928890,0.032,1.44,-0.021,0.055,-0.024,0.004,0.998,NaN,-0.311,0.108,0.944,0,0,0,64.325,NaN,-0.314,0.11,0.943,-0.032,0,0,0.652,4.181,6.415,0.959,NaN,-0.475,0.1,0.874,0.032,0,0,0.631,4.024,6.373,0.892,0.3348656,0.6910292
177168,1.00000113800619e+18,63875741928900,0.032,1.44,-0.021,0.055,-0.024,0.004,0.998,NaN,-0.311,0.108,0.944,0,0,0,64.325,NaN,-0.314,0.11,0.943,-0.032,0,0,0.652,4.183,6.415,0.959,NaN,-0.475,0.1,0.874,0.032,0,0,0.631,4.023,6.373,0.892,0.3344058,0.728891
177169,1.00000113801126e+18,63875741928900,0.032,1.44,-0.021,0.055,-0.024,0.004,0.998,NaN,-0.31,0.109,0.944,0,0,0,64.325,NaN,-0.313,0.11,0.943,-0.032,0,0,0.653,4.188,6.415,0.959,NaN,-0.475,0.101,0.874,0.032,0,0,0.631,4.021,6.373,0.892,0.3338103,0.8319414
177170,1.00000113801626e+18,63875741928912,0.032,1.44,-0.021,0.055,-0.025,0.004,0.998,NaN,-0.31,0.109,0.944,0,0,0,64.325,NaN,-0.313,0.11,0.943,-0.032,0,0,0.653,4.191,6.415,0.959,NaN,-0.475,0.101,0.874,0.032,0,0,0.631,4.02,6.373,0.892,0.3333236,0.8639324
177171,1.0000011380213e+18,63875741928912,0.032,1.44,-0.021,0.055,-0.025,0.004,0.998,NaN,-0.31,0.109,0.944,0,0,0,64.325,NaN,-0.312,0.11,0.944,-0.032,0,0,0.654,4.193,6.415,0.959,NaN,-0.475,0.101,0.874,0.032,0,0,0.631,4.019,6.373,0.892,0.3328776,0.9159892
177172,1.00000113802647e+18,63875741928912,0.032,1.44,-0.021,0.055,-0.025,0.004,0.998,NaN,-0.31,0.109,0.944,0,0,0,64.325,NaN,-0.312,0.11,0.944,-0.032,0,0,0.654,4.194,6.415,0.959,NaN,-0.474,0.101,0.874,0.032,0,0,0.63,4.017,6.373,0.892,0.332689,0.9071987
177173,1.0000011380314e+18,63875741928922,0.032,1.44,-0.021,0.055,-0.024,0.004,0.998,NaN,-0.31,0.11,0.944,0,0,0,64.325,NaN,-0.312,0.11,0.944,-0.032,0,0,0.654,4.194,6.415,0.959,NaN,-0.474,0.101,0.875,0.032,0,0,0.63,4.016,6.373,0.892,0.3323983,0.9017617
177174,1.00000113803629e+18,63875741928922,0.032,1.44,-0.021,0.055,-0.024,0.004,0.998,NaN,-0.31,0.11,0.944,0,0,0,64.325,NaN,-0.312,0.11,0.944,-0.032,0,0,0.654,4.195,6.415,0.959,NaN,-0.474,0.102,0.875,0.032,0,0,0.63,4.014,6.373,0.892,0.3322573,0.8979018
177175,1.00000113804131e+18,63875741928934,0.032,1.44,-0.021,0.055,-0.025,0.004,0.998,NaN,-0.31,0.11,0.944,0,0,0,64.325,NaN,-0.311,0.11,0.944,-0.032,0,0,0.654,4.195,6.415,0.959,NaN,-0.474,0.102,0.875,0.032,0,0,0.63,4.013,6.373,0.892,0.3320746,0.8983527
177176,1.00000113804633e+18,63875741928934,0.032,1.44,-0.021,0.055,-0.025,0.004,0.998,NaN,-0.31,0.11,0.944,0,0,0,64.325,NaN,-0.311,0.111,0.944,-0.032,0,0,0.654,4.195,6.415,0.959,NaN,-0.474,0.102,0.875,0.032,0,0,0.629,4.011,6.373,0.892,0.3320774,0.9163461
177177,1.00000113805134e+18,63875741928945,0.032,1.44,-0.021,0.055,-0.025,0.004,0.998,NaN,-0.31,0.11,0.944,0,0,0,64.325,NaN,-0.311,0.111,0.944,-0.032,0,0,0.654,4.195,6.415,0.959,NaN,-0.474,0.102,0.875,0.032,0,0,0.629,4.01,6.373,0.893,0.3320555,0.9244524
177178,1.00000113805636e+18,63875741928945,0.032,1.44,-0.021,0.055,-0.025,0.004,0.998,NaN,-0.31,0.111,0.944,0,0,0,64.325,NaN,-0.311,0.111,0.944,-0.032,0,0,0.654,4.196,6.415,0.959,NaN,-0.474,0.103,0.875,0.032,0,0,0.629,4.008,6.373,0.893,0.3319438,0.9149158
177179,1.00000113806137e+18,63875741928956,0.032,1.44,-0.021,0.054,-0.024,0.004,0.998,NaN,-0.31,0.111,0.944,0,0,0,64.325,NaN,-0.311,0.111,0.944,-0.032,0,0,0.654,4.197,6.415,0.958,NaN,-0.474,0.103,0.875,0.032,0,0,0.629,4.007,6.373,0.893,0.3319181,0.91497
177180,1.00000113806638e+18,63875741928956,0.032,1.44,-0.021,0.054,-0.024,0.004,0.998,NaN,-0.31,0.111,0.944,0,0,0,64.325,NaN,-0.311,0.111,0.944,-0.032,0,0,0.654,4.197,6.415,0.958,NaN,-0.474,0.103,0.875,0.032,0,0,0.628,4.005,6.373,0.893,0.3320208,0.952346
177181,1.00000113807139e+18,63875741928967,0.032,1.44,-0.021,0.054,-0.024,0.004,0.998,NaN,-0.31,0.111,0.944,0,0,0,64.325,NaN,-0.311,0.111,0.944,-0.032,0,0,0.654,4.193,6.415,0.958,NaN,-0.474,0.103,0.875,0.032,0,0,0.628,4.004,6.373,0.893,0.3322585,0.940618
177182,1.00000113807637e+18,63875741928967,0.032,1.44,-0.021,0.054,-0.024,0.004,0.998,NaN,-0.311,0.111,0.944,0,0,0,64.325,NaN,-0.311,0.111,0.944,-0.032,0,0,0.653,4.19,6.415,0.958,NaN,-0.473,0.103,0.875,0.032,0,0,0.628,4.002,6.373,0.893,0.3325769,0.9465881
177183,1.00000113808138e+18,63875741928967,0.032,1.44,-0.021,0.054,-0.024,0.004,0.998,NaN,-0.311,0.112,0.944,0,0,0,64.325,NaN,-0.311,0.111,0.944,-0.032,0,0,0.653,4.188,6.415,0.958,NaN,-0.473,0.103,0.875,0.032,0,0,0.628,4.001,6.373,0.893,0.3328033,0.953833
177184,1.00000113808641e+18,63875741928978,0.032,1.44,-0.021,0.054,-0.024,0.004,0.998,NaN,-0.311,0.112,0.944,0,0,0,64.325,NaN,-0.311,0.111,0.944,-0.032,0,0,0.653,4.186,6.415,0.958,NaN,-0.473,0.103,0.875,0.032,0,0,0.628,3.999,6.373,0.893,0.3329809,0.968973
177185,1.00000113809142e+18,63875741928978,0.032,1.44,-0.021,0.054,-0.024,0.004,0.998,NaN,-0.311,0.112,0.944,0,0,0,64.325,NaN,-0.311,0.111,0.944,-0.032,0,0,0.653,4.187,6.415,0.958,NaN,-0.473,0.104,0.875,0.032,0,0,0.627,3.998,6.373,0.893,0.3330274,0.956991
177186,1.00000113809644e+18,63875741928989,0.032,1.44,-0.021,0.054,-0.024,0.003,0.998,NaN,-0.311,0.112,0.944,0,0,0,64.325,NaN,-0.311,0.111,0.944,-0.032,0,0,0.653,4.186,6.415,0.958,NaN,-0.473,0.104,0.875,0.032,0,0,0.627,3.996,6.373,0.893,0.3331368,0.9703346
177187,1.00000113810145e+18,63875741928989,0.032,1.44,-0.021,0.054,-0.024,0.003,0.998,NaN,-0.311,0.112,0.944,0,0,0,64.325,NaN,-0.311,0.111,0.944,-0.032,0,0,0.653,4.186,6.415,0.958,NaN,-0.473,0.104,0.875,0.032,0,0,0.627,3.995,6.373,0.893,0.333202,0.971139
177188,1.00000113810647e+18,63875741929000,0.032,1.44,-0.021,0.054,-0.024,0.003,0.998,NaN,-0.311,0.112,0.944,0,0,0,64.325,NaN,-0.311,0.111,0.944,-0.032,0,0,0.653,4.186,6.415,0.959,NaN,-0.473,0.104,0.875,0.032,0,0,0.627,3.993,6.373,0.894,0.3332697,1
177189,1.00000113811148e+18,63875741929000,0.032,1.44,-0.021,0.054,-0.024,0.003,0.998,NaN,-0.311,0.112,0.944,0,0,0,64.325,NaN,-0.311,0.112,0.944,-0.032,0,0,0.652,4.186,6.415,0.958,NaN,-0.473,0.104,0.875,0.032,0,0,0.626,3.992,6.373,0.894,0.3332829,1
177190,1.00000113811649e+18,63875741929012,0.033,1.44,-0.021,0.054,-0.024,0.003,0.998,NaN,-0.311,0.112,0.944,0,0,0,64.325,NaN,-0.311,0.112,0.944,-0.032,0,0,0.652,4.185,6.415,0.958,NaN,-0.473,0.104,0.875,0.032,0,0,0.626,3.991,6.373,0.894,0.3332762,0.9995279
177191,1.00000113812151e+18,63875741929012,0.033,1.44,-0.021,0.054,-0.024,0.003,0.998,NaN,-0.311,0.112,0.944,0,0,0,64.325,NaN,-0.311,0.112,0.944,-0.032,0,0,0.652,4.182,6.415,0.958,NaN,-0.473,0.104,0.875,0.032,0,0,0.626,3.989,6.373,0.894,0.3333353,1
177192,1.00000113812652e+18,63875741929012,0.033,1.44,-0.021,0.054,-0.024,0.003,0.998,NaN,-0.311,0.112,0.944,0,0,0,64.325,NaN,-0.31,0.112,0.944,-0.032,0,0,0.653,4.186,6.415,0.959,NaN,-0.473,0.104,0.875,0.032,0,0,0.626,3.988,6.373,0.894,0.3331699,0.9805899
177193,1.00000113813153e+18,63875741929022,0.033,1.44,-0.021,0.054,-0.024,0.003,0.998,NaN,-0.31,0.112,0.944,0,0,0,64.325,NaN,-0.31,0.112,0.944,-0.032,0,0,0.653,4.186,6.415,0.958,NaN,-0.473,0.104,0.875,0.032,0,0,0.626,3.987,6.373,0.894,0.3331034,0.9723181
177194,1.00000113813654e+18,63875741929022,0.033,1.44,-0.021,0.054,-0.024,0.003,0.998,NaN,-0.31,0.112,0.944,0,0,0,64.325,NaN,-0.31,0.112,0.944,-0.032,0,0,0.652,4.186,6.415,0.958,NaN,-0.472,0.104,0.875,0.032,0,0,0.625,3.986,6.373,0.894,0.3330426,0.9772861
177195,1.00000113814155e+18,63875741929034,0.033,1.44,-0.021,0.054,-0.024,0.003,0.998,NaN,-0.31,0.112,0.944,0,0,0,64.325,NaN,-0.31,0.112,0.944,-0.032,0,0,0.652,4.185,6.415,0.958,NaN,-0.472,0.104,0.875,0.032,0,0,0.625,3.985,6.373,0.894,0.3330745,0.9719629
177196,1.00000113814656e+18,63875741929034,0.033,1.44,-0.021,0.054,-0.024,0.003,0.998,NaN,-0.31,0.112,0.944,0,0,0,64.325,NaN,-0.31,0.112,0.944,-0.032,0,0,0.652,4.183,6.415,0.958,NaN,-0.472,0.104,0.875,0.032,0,0,0.625,3.985,6.373,0.894,0.3329871,0.9565909
177197,1.00000113815157e+18,63875741929045,0.033,1.44,-0.021,0.054,-0.024,0.003,0.998,NaN,-0.31,0.112,0.944,0,0,0,64.325,NaN,-0.31,0.111,0.944,-0.032,0,0,0.652,4.18,6.415,0.958,NaN,-0.472,0.104,0.875,0.032,0,0,0.625,3.984,6.373,0.894,0.333039,0.9547615
177198,1.00000113815659e+18,63875741929045,0.033,1.44,-0.021,0.054,-0.024,0.003,0.998,NaN,-0.31,0.112,0.944,0,0,0,64.325,NaN,-0.31,0.111,0.944,-0.032,0,0,0.651,4.174,6.415,0.958,NaN,-0.472,0.103,0.876,0.032,0,0,0.625,3.983,6.373,0.894,0.3332372,0.9311274
177199,1.0000011381616e+18,63875741929057,0.033,1.44,-0.021,0.055,-0.023,0.003,0.998,NaN,-0.31,0.111,0.944,0,0,0,64.325,NaN,-0.31,0.111,0.944,-0.032,0,0,0.651,4.174,6.415,0.958,NaN,-0.472,0.103,0.876,0.032,0,0,0.625,3.982,6.373,0.894,0.3334393,0.925116
177200,1.00000113816662e+18,63875741929057,0.033,1.44,-0.021,0.055,-0.023,0.003,0.998,NaN,-0.31,0.111,0.944,0,0,0,64.325,NaN,-0.309,0.111,0.944,-0.032,0,0,0.651,4.174,6.415,0.958,NaN,-0.472,0.103,0.876,0.032,0,0,0.625,3.982,6.373,0.894,0.3333171,0.9084888
177201,1.00000113817163e+18,63875741929057,0.033,1.44,-0.021,0.055,-0.023,0.003,0.998,NaN,-0.309,0.111,0.944,0,0,0,64.325,NaN,-0.309,0.111,0.945,-0.032,0,0,0.651,4.174,6.415,0.958,NaN,-0.471,0.103,0.876,0.032,0,0,0.625,3.981,6.373,0.895,0.3331557,0.9055613
177202,1.00000113817665e+18,63875741929068,0.033,1.44,-0.021,0.055,-0.023,0.003,0.998,NaN,-0.309,0.111,0.944,0,0,0,64.325,NaN,-0.309,0.111,0.945,-0.032,0,0,0.651,4.175,6.415,0.958,NaN,-0.471,0.103,0.876,0.032,0,0,0.625,3.981,6.373,0.895,0.3330146,0.9071683
177203,1.00000113818166e+18,63875741929068,0.033,1.44,-0.021,0.055,-0.023,0.003,0.998,NaN,-0.309,0.111,0.944,0,0,0,64.325,NaN,-0.309,0.111,0.945,-0.032,0,0,0.651,4.175,6.415,0.958,NaN,-0.471,0.103,0.876,0.032,0,0,0.625,3.98,6.373,0.895,0.3330717,0.8118601
177204,1.00000113818665e+18,63875741929078,0.033,1.44,-0.021,0.055,-0.023,0.003,0.998,NaN,-0.31,0.11,0.944,0,0,0,64.325,NaN,-0.31,0.11,0.944,-0.032,0,0,0.651,4.175,6.415,0.958,NaN,-0.472,0.102,0.876,0.032,0,0,0.624,3.976,6.373,0.895,0.3332271,0.6614169
177205,1.00000113819167e+18,63875741929078,0.033,1.44,-0.021,0.055,-0.023,0.003,0.998,NaN,-0.318,0.11,0.942,0,0,0,64.325,NaN,-0.317,0.109,0.942,-0.032,0,0,0.649,4.162,6.415,0.958,NaN,-0.472,0.102,0.876,0.032,0,0,0.624,3.977,6.373,0.894,0.3485438,0
177206,1.00000113819668e+18,63875741929090,0.033,1.44,-0.021,0.055,-0.023,0.003,0.998,NaN,-0.317,0.11,0.942,0,0,0,64.325,NaN,-0.316,0.11,0.942,-0.032,0,0,0.646,4.146,6.415,0.96,NaN,-0.471,0.102,0.876,0.032,0,0,0.624,3.978,6.373,0.894,0.3494596,0
177207,1.0000011382017e+18,63875741929090,0.033,1.44,-0.021,0.055,-0.023,0.003,0.998,NaN,-0.345,0.105,0.933,0,0,0,64.325,NaN,-0.318,0.111,0.942,-0.032,0,0,0.61,3.913,6.415,0.963,NaN,-0.467,0.099,0.879,0.032,0,0,0.624,3.974,6.373,0.893,0.3613061,0
177208,1.00000113820672e+18,63875741929101,0.033,1.44,-0.021,0.055,-0.023,0.003,0.998,NaN,-0.34,0.106,0.934,0,0,0,64.325,NaN,-0.316,0.112,0.942,-0.032,0,0,0.598,3.836,6.415,0.966,NaN,-0.458,0.101,0.883,0.032,0,0,0.622,3.965,6.373,0.893,0.3806632,0
177209,1.00000113821174e+18,63875741929101,0.033,1.44,-0.021,0.055,-0.023,0.003,0.998,NaN,-0.34,0.107,0.934,0,0,0,64.325,NaN,-0.314,0.114,0.943,-0.032,0,0,0.594,3.812,6.415,0.968,NaN,-0.447,0.102,0.889,0.032,0,0,0.621,3.959,6.373,0.892,0.4110347,0
177210,1.00000113821674e+18,63875741929112,0.033,1.44,-0.021,0.055,-0.023,0.003,0.998,NaN,-0.341,0.11,0.934,0,0,0,64.325,NaN,-0.307,0.118,0.944,-0.032,0,0,0.592,3.795,6.415,0.969,NaN,-0.435,0.105,0.895,0.032,0,0,0.621,3.959,6.373,0.891,0.4314655,0
177211,1.00000113822176e+18,63875741929112,0.033,1.44,-0.021,0.055,-0.023,0.003,0.998,NaN,-0.335,0.117,0.935,0,0,0,64.325,NaN,-0.278,0.127,0.952,-0.032,0,0,0.591,3.789,6.415,0.971,NaN,-0.423,0.113,0.899,0.032,0,0,0.622,3.965,6.373,0.89,0.3848094,0
177212,1.00000113822677e+18,63875741929123,0.033,1.44,-0.021,0.055,-0.023,0.003,0.998,NaN,-0.335,0.123,0.934,0,0,0,64.325,NaN,-0.266,0.133,0.955,-0.032,0,0,0.624,4.001,6.415,0.973,NaN,-0.414,0.119,0.902,0.032,0,0,0.623,3.972,6.373,0.89,0.3808786,0
177213,1.00000113823174e+18,63875741929123,0.033,1.44,-0.021,0.055,-0.023,0.003,0.998,NaN,-0.336,0.129,0.933,0,0,0,64.325,NaN,-0.256,0.138,0.957,-0.032,0,0,0.627,4.025,6.415,0.975,NaN,-0.407,0.125,0.905,0.032,0,0,0.624,3.976,6.373,0.889,0.3763518,0
177214,1.00000113823676e+18,63875741929123,0.033,1.44,-0.021,0.055,-0.023,0.003,0.998,NaN,-0.338,0.135,0.932,0,0,0,64.325,NaN,-0.249,0.143,0.958,-0.032,0,0,0.628,4.027,6.415,0.977,NaN,-0.402,0.131,0.906,0.032,0,0,0.624,3.977,6.373,0.889,0.3721088,0
177215,1.00000113824178e+18,63875741929134,0.033,1.44,-0.021,0.055,-0.023,0.003,0.998,NaN,-0.339,0.14,0.93,0,0,0,64.325,NaN,-0.244,0.148,0.958,-0.032,0,0,0.628,4.028,6.415,0.978,NaN,-0.399,0.136,0.907,0.032,0,0,0.624,3.978,6.373,0.889,0.3696493,0
177216,1.0000011382468e+18,63875741929134,0.033,1.44,-0.021,0.055,-0.023,0.003,0.998,NaN,-0.34,0.144,0.93,0,0,0,64.325,NaN,-0.241,0.151,0.959,-0.032,0,0,0.627,4.022,6.415,0.979,NaN,-0.397,0.14,0.907,0.032,0,0,0.624,3.978,6.373,0.889,0.3687793,0
177217,1.00000113825182e+18,63875741929145,0.032,1.44,-0.021,0.055,-0.023,0.003,0.998,NaN,-0.341,0.147,0.929,0,0,0,64.325,NaN,-0.239,0.154,0.959,-0.032,0,0,0.626,4.013,6.415,0.98,NaN,-0.395,0.143,0.907,0.032,0,0,0.624,3.978,6.373,0.889,0.368925,0
177218,1.00000113825684e+18,63875741929145,0.032,1.44,-0.021,0.055,-0.023,0.003,0.998,NaN,-0.342,0.149,0.928,0,0,0,64.325,NaN,-0.238,0.156,0.959,-0.032,0,0,0.624,4.006,6.415,0.982,NaN,-0.394,0.146,0.908,0.032,0,0,0.624,3.978,6.373,0.889,0.3698919,0
177219,1.00000113826186e+18,63875741929156,0.032,1.44,-0.021,0.055,-0.023,0.003,0.998,NaN,-0.343,0.151,0.927,0,0,0,64.325,NaN,-0.238,0.158,0.958,-0.032,0,0,0.624,4.006,6.415,0.983,NaN,-0.393,0.148,0.908,0.032,0,0,0.624,3.978,6.373,0.889,0.3714309,0
177220,1.00000113826688e+18,63875741929156,0.032,1.44,-0.021,0.055,-0.023,0.003,0.998,NaN,-0.344,0.153,0.926,0,0,0,64.325,NaN,-0.237,0.159,0.958,-0.032,0,0,0.624,4.006,6.415,0.983,NaN,-0.392,0.15,0.908,0.032,0,0,0.624,3.978,6.373,0.889,0.3728902,0
177221,1.0000011382719e+18,63875741929166,0.032,1.44,-0.021,0.054,-0.023,0.003,0.998,NaN,-0.345,0.154,0.926,0,0,0,64.325,NaN,-0.238,0.161,0.958,-0.032,0,0,0.624,4.004,6.415,0.984,NaN,-0.391,0.151,0.908,0.032,0,0,0.624,3.978,6.373,0.889,0.3750662,0
177222,1.00000113827693e+18,63875741929167,0.032,1.44,-0.021,0.054,-0.023,0.003,0.998,NaN,-0.345,0.155,0.926,0,0,0,64.325,NaN,-0.239,0.161,0.958,-0.032,0,0,0.624,4.001,6.415,0.985,NaN,-0.391,0.152,0.908,0.032,0,0,0.624,3.978,6.373,0.889,0.3780331,0
177223,1.00000113828194e+18,63875741929167,0.032,1.44,-0.021,0.054,-0.023,0.003,0.998,NaN,-0.346,0.156,0.925,0,0,0,64.325,NaN,-0.24,0.162,0.957,-0.032,0,0,0.623,3.998,6.415,0.985,NaN,-0.391,0.153,0.908,0.032,0,0,0.624,3.978,6.373,0.889,0.3813243,0
177224,1.00000113828695e+18,63875741929178,0.032,1.44,-0.021,0.054,-0.023,0.003,0.998,NaN,-0.346,0.156,0.925,0,0,0,64.325,NaN,-0.241,0.162,0.957,-0.032,0,0,0.623,3.996,6.415,0.986,NaN,-0.39,0.153,0.908,0.032,0,0,0.624,3.978,6.373,0.89,0.3845853,0
177225,1.00000113829192e+18,63875741929178,0.032,1.44,-0.021,0.054,-0.023,0.003,0.998,NaN,-0.347,0.157,0.925,0,0,0,64.325,NaN,-0.241,0.162,0.957,-0.032,0,0,0.624,4.002,6.415,0.987,NaN,-0.39,0.154,0.908,0.032,0,0,0.624,3.978,6.373,0.89,0.3849302,0
177226,1.0000011382969e+18,63875741929189,0.032,1.44,-0.021,0.054,-0.023,0.003,0.998,NaN,-0.348,0.157,0.924,0,0,0,64.325,NaN,-0.241,0.163,0.957,-0.032,0,0,0.624,4.005,6.415,0.988,NaN,-0.39,0.154,0.908,0.032,0,0,0.624,3.978,6.373,0.89,0.3857265,0
177227,1.00000113830192e+18,63875741929189,0.032,1.44,-0.021,0.054,-0.023,0.003,0.998,NaN,-0.348,0.157,0.924,0,0,0,64.325,NaN,-0.241,0.163,0.957,-0.032,0,0,0.625,4.008,6.415,0.988,NaN,-0.39,0.154,0.908,0.032,0,0,0.624,3.978,6.373,0.891,0.3867125,0
177228,1.00000113830695e+18,63875741929200,0.032,1.44,-0.021,0.054,-0.023,0.003,0.998,NaN,-0.349,0.157,0.924,0,0,0,64.325,NaN,-0.242,0.163,0.956,-0.032,0,0,0.625,4.009,6.415,0.989,NaN,-0.39,0.155,0.908,0.032,0,0,0.624,3.978,6.373,0.891,0.3878447,0
177229,1.00000113831197e+18,63875741929200,0.032,1.44,-0.021,0.054,-0.023,0.003,0.998,NaN,-0.349,0.158,0.924,0,0,0,64.325,NaN,-0.242,0.163,0.956,-0.032,0,0,0.625,4.009,6.415,0.989,NaN,-0.39,0.155,0.908,0.032,0,0,0.624,3.978,6.373,0.891,0.3890983,0
177230,1.00000113831699e+18,63875741929211,0.032,1.44,-0.021,0.054,-0.023,0.003,0.998,NaN,-0.349,0.158,0.924,0,0,0,64.325,NaN,-0.243,0.164,0.956,-0.032,0,0,0.625,4.009,6.415,0.99,NaN,-0.39,0.155,0.907,0.032,0,0,0.624,3.978,6.373,0.891,0.3907601,0
177231,1.00000113832202e+18,63875741929211,0.032,1.44,-0.021,0.054,-0.023,0.003,0.998,NaN,-0.349,0.158,0.924,0,0,0,64.325,NaN,-0.244,0.164,0.956,-0.032,0,0,0.625,4.009,6.415,0.99,NaN,-0.39,0.155,0.907,0.032,0,0,0.624,3.979,6.373,0.892,0.392436,0.6776515
177232,1.00000113832704e+18,63875741929211,0.032,1.44,-0.021,0.054,-0.023,0.003,0.998,NaN,-0.35,0.158,0.923,0,0,0,64.325,NaN,-0.245,0.164,0.956,-0.032,0,0,0.625,4.008,6.415,0.991,NaN,-0.391,0.155,0.907,0.032,0,0,0.624,3.979,6.373,0.892,0.3937703,0.722482
177233,1.00000113833201e+18,63875741929224,0.032,1.44,-0.021,0.054,-0.023,0.003,0.998,NaN,-0.35,0.158,0.923,0,0,0,64.325,NaN,-0.245,0.164,0.956,-0.032,0,0,0.625,4.008,6.415,0.991,NaN,-0.391,0.156,0.907,0.032,0,0,0.624,3.979,6.373,0.893,0.3949375,0.745979
177234,1.00000113833703e+18,63875741929224,0.032,1.44,-0.021,0.054,-0.023,0.003,0.998,NaN,-0.35,0.158,0.923,0,0,0,64.325,NaN,-0.246,0.164,0.955,-0.032,0,0,0.625,4.008,6.415,0.992,NaN,-0.391,0.156,0.907,0.032,0,0,0.625,3.98,6.373,0.893,0.3959,0.7530207
177235,1.00000113834205e+18,63875741929235,0.032,1.44,-0.021,0.054,-0.023,0.003,0.998,NaN,-0.35,0.158,0.923,0,0,0,64.325,NaN,-0.246,0.164,0.955,-0.032,0,0,0.625,4.008,6.415,0.992,NaN,-0.391,0.156,0.907,0.032,0,0,0.625,3.981,6.373,0.894,0.3966327,0.7552308
177236,1.00000113834707e+18,63875741929235,0.032,1.44,-0.021,0.054,-0.023,0.003,0.998,NaN,-0.35,0.159,0.923,0,0,0,64.325,NaN,-0.247,0.164,0.955,-0.032,0,0,0.625,4.008,6.415,0.992,NaN,-0.391,0.156,0.907,0.032,0,0,0.625,3.981,6.373,0.894,0.3977241,0.7901577
177237,1.00000113835209e+18,63875741929245,0.032,1.44,-0.021,0.054,-0.023,0.003,0.998,NaN,-0.356,0.157,0.921,0,0,0,64.325,NaN,-0.253,0.166,0.953,-0.032,0,0,0.601,3.853,6.415,0.993,NaN,-0.391,0.154,0.907,0.032,0,0,0.625,3.982,6.373,0.895,0.4146558,0.1288071
177238,1.00000113835711e+18,63875741929245,0.032,1.44,-0.021,0.054,-0.023,0.003,0.998,NaN,-0.356,0.157,0.921,0,0,0,64.325,NaN,-0.254,0.166,0.953,-0.032,0,0,0.597,3.831,6.415,0.993,NaN,-0.391,0.155,0.907,0.032,0,0,0.625,3.983,6.373,0.895,0.4163982,0
177239,1.00000113836209e+18,63875741929256,0.032,1.44,-0.021,0.054,-0.023,0.003,0.998,NaN,-0.355,0.157,0.922,0,0,0,64.325,NaN,-0.254,0.166,0.953,-0.032,0,0,0.596,3.826,6.415,0.994,NaN,-0.391,0.155,0.907,0.032,0,0,0.625,3.984,6.373,0.896,0.4181868,0
177240,1.00000113836711e+18,63875741929256,0.032,1.44,-0.021,0.054,-0.023,0.003,0.998,NaN,-0.361,0.156,0.919,0,0,0,64.325,NaN,-0.263,0.168,0.95,-0.032,0,0,0.596,3.824,6.415,0.994,NaN,-0.392,0.154,0.907,0.032,0,0,0.625,3.985,6.373,0.896,0.4424355,0
177241,1.00000113837213e+18,63875741929268,0.032,1.44,-0.021,0.054,-0.023,0.003,0.998,NaN,-0.36,0.156,0.92,0,0,0,64.325,NaN,-0.262,0.167,0.95,-0.032,0,0,0.596,3.824,6.415,0.994,NaN,-0.392,0.154,0.907,0.032,0,0,0.626,3.987,6.373,0.897,0.4409308,0
177242,1.00000113837717e+18,63875741929268,0.032,1.44,-0.021,0.054,-0.023,0.003,0.998,NaN,-0.359,0.156,0.92,0,0,0,64.325,NaN,-0.262,0.167,0.951,-0.032,0,0,0.596,3.827,6.415,0.994,NaN,-0.392,0.154,0.907,0.032,0,0,0.626,3.988,6.373,0.897,0.4393377,0
177243,1.00000113838219e+18,63875741929268,0.032,1.44,-0.021,0.054,-0.023,0.003,0.998,NaN,-0.365,0.155,0.918,0,0,0,64.325,NaN,-0.269,0.169,0.948,-0.032,0,0,0.597,3.828,6.415,0.995,NaN,-0.392,0.154,0.907,0.032,0,0,0.626,3.989,6.373,0.898,0.4637827,0
177244,1.00000113838717e+18,63875741929278,0.032,1.44,-0.021,0.054,-0.023,0.003,0.998,NaN,-0.363,0.156,0.919,0,0,0,64.325,NaN,-0.268,0.168,0.949,-0.032,0,0,0.597,3.829,6.415,0.995,NaN,-0.392,0.154,0.907,0.032,0,0,0.626,3.99,6.373,0.898,0.4593742,0
177245,1.00000113839218e+18,63875741929278,0.032,1.44,-0.021,0.054,-0.023,0.003,0.998,NaN,-0.362,0.156,0.919,0,0,0,64.325,NaN,-0.267,0.168,0.949,-0.032,0,0,0.597,3.829,6.415,0.995,NaN,-0.392,0.154,0.907,0.032,0,0,0.626,3.991,6.373,0.898,0.4558454,0
177246,1.00000113839721e+18,63875741929290,0.032,1.44,-0.021,0.054,-0.023,0.003,0.998,NaN,-0.361,0.156,0.92,0,0,0,64.325,NaN,-0.267,0.168,0.949,-0.032,0,0,0.597,3.83,6.415,0.995,NaN,-0.392,0.154,0.907,0.032,0,0,0.627,3.993,6.373,0.898,0.4531375,0
177247,1.00000113840222e+18,63875741929290,0.032,1.44,-0.021,0.054,-0.023,0.003,0.998,NaN,-0.36,0.156,0.92,0,0,0,64.325,NaN,-0.266,0.168,0.949,-0.032,0,0,0.597,3.83,6.415,0.996,NaN,-0.392,0.154,0.907,0.032,0,0,0.627,3.994,6.373,0.899,0.4509026,0
177248,1.00000113840724e+18,63875741929300,0.032,1.44,-0.021,0.054,-0.023,0.003,0.998,NaN,-0.359,0.157,0.92,0,0,0,64.325,NaN,-0.265,0.167,0.949,-0.032,0,0,0.622,3.99,6.415,0.996,NaN,-0.392,0.154,0.907,0.032,0,0,0.627,3.996,6.373,0.899,0.4489214,0
177249,1.00000113841226e+18,63875741929300,0.032,1.44,-0.021,0.054,-0.023,0.003,0.998,NaN,-0.358,0.157,0.92,0,0,0,64.325,NaN,-0.265,0.167,0.95,-0.032,0,0,0.626,4.013,6.415,0.996,NaN,-0.392,0.155,0.907,0.032,0,0,0.627,3.997,6.373,0.899,0.4470882,0
177250,1.00000113841728e+18,63875741929311,0.032,1.44,-0.021,0.054,-0.023,0.004,0.998,NaN,-0.358,0.157,0.92,0,0,0,64.325,NaN,-0.265,0.167,0.95,-0.032,0,0,0.626,4.018,6.415,0.996,NaN,-0.393,0.155,0.907,0.032,0,0,0.627,3.999,6.373,0.899,0.4459196,0
177251,1.0000011384223e+18,63875741929311,0.032,1.44,-0.021,0.054,-0.023,0.004,0.998,NaN,-0.357,0.157,0.921,0,0,0,64.325,NaN,-0.264,0.167,0.95,-0.032,0,0,0.627,4.019,6.415,0.996,NaN,-0.393,0.155,0.907,0.032,0,0,0.628,4,6.373,0.899,0.444343,0
177252,1.00000113842724e+18,63875741929322,0.032,1.44,-0.021,0.054,-0.024,0.004,0.998,NaN,-0.357,0.158,0.921,0,0,0,64.325,NaN,-0.264,0.167,0.95,-0.032,0,0,0.627,4.02,6.415,0.996,NaN,-0.393,0.155,0.906,0.032,0,0,0.628,4.002,6.373,0.899,0.4428553,0
177253,1.00000113843225e+18,63875741929322,0.032,1.44,-0.021,0.054,-0.024,0.004,0.998,NaN,-0.355,0.158,0.921,0,0,0,64.325,NaN,-0.264,0.167,0.95,-0.032,0,0,0.627,4.02,6.415,0.997,NaN,-0.393,0.155,0.906,0.032,0,0,0.628,4.004,6.373,0.899,0.4412149,0
177254,1.00000113843728e+18,63875741929323,0.032,1.44,-0.021,0.054,-0.024,0.004,0.998,NaN,-0.353,0.158,0.922,0,0,0,64.325,NaN,-0.263,0.167,0.95,-0.032,0,0,0.627,4.02,6.415,0.997,NaN,-0.393,0.155,0.906,0.032,0,0,0.629,4.005,6.373,0.898,0.4393861,0
177255,1.00000113844229e+18,63875741929334,0.032,1.44,-0.021,0.055,-0.024,0.004,0.998,NaN,-0.351,0.158,0.923,0,0,0,64.325,NaN,-0.263,0.167,0.95,-0.032,0,0,0.627,4.02,6.415,0.996,NaN,-0.393,0.155,0.906,0.032,0,0,0.629,4.007,6.373,0.898,0.4373417,0
177256,1.00000113844731e+18,63875741929334,0.032,1.44,-0.021,0.055,-0.024,0.004,0.998,NaN,-0.349,0.158,0.924,0,0,0,64.325,NaN,-0.261,0.166,0.951,-0.032,0,0,0.625,4.007,6.415,0.995,NaN,-0.394,0.155,0.906,0.032,0,0,0.629,4.011,6.373,0.896,0.4312523,0
177257,1.00000113845234e+18,63875741929345,0.032,1.439,-0.021,0.055,-0.024,0.004,0.998,NaN,-0.348,0.157,0.924,0,0,0,64.325,NaN,-0.256,0.165,0.952,-0.032,0,0,0.614,3.94,6.415,0.995,NaN,-0.394,0.154,0.906,0.032,0,0,0.631,4.021,6.373,0.893,0.4142553,0
177258,1.00000113845735e+18,63875741929345,0.032,1.439,-0.021,0.055,-0.024,0.004,0.998,NaN,-0.351,0.157,0.923,0,0,0,64.325,NaN,-0.258,0.161,0.953,-0.032,0,0,0.57,3.66,6.415,0.993,NaN,-0.395,0.154,0.906,0.032,0,0,0.639,4.075,6.373,0.884,0.4173637,0
177259,1.00000113846238e+18,63875741929356,0.032,1.439,-0.021,0.055,-0.023,0.004,0.998,NaN,-0.353,0.157,0.922,0,0,0,64.325,NaN,-0.258,0.146,0.955,-0.032,0,0,0.543,3.485,6.415,0.986,NaN,-0.395,0.154,0.906,0.032,0,0,0.654,4.171,6.373,0.856,0.4128168,0
177260,1.00000113846739e+18,63875741929356,0.032,1.439,-0.021,0.055,-0.023,0.004,0.998,NaN,-0.353,0.157,0.922,0,0,0,64.325,NaN,-0.258,0.132,0.957,-0.032,0,0,0.545,3.497,6.415,0.982,NaN,-0.392,0.155,0.907,0.032,0,0,0.658,4.194,6.373,0.797,0.4058238,0
177261,1.00000113847238e+18,63875741929489,0.033,1.439,-0.021,0.055,-0.024,0.004,0.998,NaN,-0.343,0.155,0.926,0,0,0,64.325,NaN,-0.257,0.119,0.959,-0.032,0,0,0.553,3.55,6.415,0.969,NaN,-0.375,0.156,0.914,0.032,0,0,0.622,3.961,6.373,0.733,0.4368194,0
177262,1.00000113847739e+18,63875741929489,0.033,1.439,-0.021,0.055,-0.024,0.004,0.998,NaN,-0.345,0.119,0.931,0,0,0,64.325,NaN,NaN,NaN,NaN,NaN,NaN,NaN,NaN,-0.371,0.124,0.92,0.032,0,0,0.577,3.676,6.373,NaN,2,0,NaN,NaN,NaN,NaN
177263,1.00000113848236e+18,63875741929489,0.033,1.439,-0.021,0.055,-0.024,0.004,0.998,NaN,NaN,NaN,NaN,NaN,NaN,NaN,NaN,NaN,NaN,NaN,NaN,NaN,NaN,NaN,NaN,NaN,NaN,NaN,NaN,NaN,NaN,NaN,NaN,NaN,NaN,NaN,NaN,NaN,NaN,NaN,NaN
177264,1.00000113848738e+18,63875741929489,0.033,1.439,-0.021,0.055,-0.024,0.004,0.998,NaN,NaN,NaN,NaN,NaN,NaN,NaN,NaN,NaN,NaN,NaN,NaN,NaN,NaN,NaN,NaN,NaN,NaN,NaN,NaN,NaN,NaN,NaN,NaN,NaN,NaN,NaN,NaN,NaN,NaN,NaN,NaN
177265,1.00000113849241e+18,63875741929489,0.033,1.439,-0.021,0.055,-0.024,0.004,0.998,NaN,NaN,NaN,NaN,NaN,NaN,NaN,NaN,NaN,NaN,NaN,NaN,NaN,NaN,NaN,NaN,NaN,NaN,NaN,NaN,NaN,NaN,NaN,NaN,NaN,NaN,NaN,NaN,NaN,NaN,NaN,NaN
177266,1.00000113849744e+18,63875741929489,0.033,1.439,-0.021,0.055,-0.024,0.004,0.998,NaN,NaN,NaN,NaN,NaN,NaN,NaN,NaN,NaN,NaN,NaN,NaN,NaN,NaN,NaN,NaN,NaN,NaN,NaN,NaN,NaN,NaN,NaN,NaN,NaN,NaN,NaN,NaN,NaN,NaN,NaN,NaN
177267,1.00000113850246e+18,63875741929489,0.033,1.439,-0.021,0.055,-0.024,0.004,0.998,NaN,NaN,NaN,NaN,NaN,NaN,NaN,NaN,NaN,NaN,NaN,NaN,NaN,NaN,NaN,NaN,NaN,NaN,NaN,NaN,NaN,NaN,NaN,NaN,NaN,NaN,NaN,NaN,NaN,NaN,NaN,NaN
177268,1.00000113850748e+18,63875741929489,0.033,1.439,-0.021,0.055,-0.024,0.004,0.998,NaN,NaN,NaN,NaN,NaN,NaN,NaN,NaN,NaN,NaN,NaN,NaN,NaN,NaN,NaN,NaN,NaN,NaN,NaN,NaN,NaN,NaN,NaN,NaN,NaN,NaN,NaN,NaN,NaN,NaN,NaN,NaN
177269,1.00000113851251e+18,63875741929489,0.033,1.439,-0.021,0.055,-0.024,0.004,0.998,NaN,NaN,NaN,NaN,NaN,NaN,NaN,NaN,NaN,NaN,NaN,NaN,NaN,NaN,NaN,NaN,NaN,NaN,NaN,NaN,NaN,NaN,NaN,NaN,NaN,NaN,NaN,NaN,NaN,NaN,NaN,NaN
177270,1.00000113851754e+18,63875741929489,0.033,1.439,-0.021,0.055,-0.024,0.004,0.998,NaN,NaN,NaN,NaN,NaN,NaN,NaN,NaN,NaN,NaN,NaN,NaN,NaN,NaN,NaN,NaN,NaN,NaN,NaN,NaN,NaN,NaN,NaN,NaN,NaN,NaN,NaN,NaN,NaN,NaN,NaN,NaN
177271,1.00000113852256e+18,63875741929489,0.033,1.439,-0.021,0.055,-0.024,0.004,0.998,NaN,NaN,NaN,NaN,NaN,NaN,NaN,NaN,NaN,NaN,NaN,NaN,NaN,NaN,NaN,NaN,NaN,NaN,NaN,NaN,NaN,NaN,NaN,NaN,NaN,NaN,NaN,NaN,NaN,NaN,NaN,NaN
177272,1.0000011385275e+18,63875741929489,0.033,1.439,-0.021,0.055,-0.024,0.004,0.998,NaN,NaN,NaN,NaN,NaN,NaN,NaN,NaN,NaN,NaN,NaN,NaN,NaN,NaN,NaN,NaN,NaN,NaN,NaN,NaN,NaN,NaN,NaN,NaN,NaN,NaN,NaN,NaN,NaN,NaN,NaN,NaN
177273,1.00000113853251e+18,63875741929489,0.033,1.439,-0.021,0.055,-0.024,0.004,0.998,NaN,NaN,NaN,NaN,NaN,NaN,NaN,NaN,NaN,NaN,NaN,NaN,NaN,NaN,NaN,NaN,NaN,NaN,NaN,NaN,NaN,NaN,NaN,NaN,NaN,NaN,NaN,NaN,NaN,NaN,NaN,NaN
177274,1.00000113853751e+18,63875741929489,0.033,1.439,-0.021,0.055,-0.024,0.004,0.998,NaN,NaN,NaN,NaN,NaN,NaN,NaN,NaN,NaN,NaN,NaN,NaN,NaN,NaN,NaN,NaN,NaN,NaN,NaN,NaN,NaN,NaN,NaN,NaN,NaN,NaN,NaN,NaN,NaN,NaN,NaN,NaN
177275,1.00000113854253e+18,63875741929489,0.033,1.439,-0.021,0.055,-0.024,0.004,0.998,NaN,NaN,NaN,NaN,NaN,NaN,NaN,NaN,NaN,NaN,NaN,NaN,NaN,NaN,NaN,NaN,NaN,NaN,NaN,NaN,NaN,NaN,NaN,NaN,NaN,NaN,NaN,NaN,NaN,NaN,NaN,NaN
177276,1.00000113854755e+18,63875741929489,0.033,1.439,-0.021,0.055,-0.024,0.004,0.998,NaN,NaN,NaN,NaN,NaN,NaN,NaN,NaN,NaN,NaN,NaN,NaN,NaN,NaN,NaN,NaN,NaN,NaN,NaN,NaN,NaN,NaN,NaN,NaN,NaN,NaN,NaN,NaN,NaN,NaN,NaN,NaN
177277,1.00000113855257e+18,63875741929489,0.033,1.439,-0.021,0.055,-0.024,0.004,0.998,NaN,NaN,NaN,NaN,NaN,NaN,NaN,NaN,NaN,NaN,NaN,NaN,NaN,NaN,NaN,NaN,NaN,NaN,NaN,NaN,NaN,NaN,NaN,NaN,NaN,NaN,NaN,NaN,NaN,NaN,NaN,NaN
177278,1.00000113855759e+18,63875741929489,0.033,1.439,-0.021,0.055,-0.024,0.004,0.998,NaN,NaN,NaN,NaN,NaN,NaN,NaN,NaN,NaN,NaN,NaN,NaN,NaN,NaN,NaN,NaN,NaN,NaN,NaN,NaN,NaN,NaN,NaN,NaN,NaN,NaN,NaN,NaN,NaN,NaN,NaN,NaN
177279,1.0000011385626e+18,63875741929489,0.033,1.439,-0.021,0.055,-0.024,0.004,0.998,NaN,NaN,NaN,NaN,NaN,NaN,NaN,NaN,NaN,NaN,NaN,NaN,NaN,NaN,NaN,NaN,NaN,NaN,NaN,NaN,NaN,NaN,NaN,NaN,NaN,NaN,NaN,NaN,NaN,NaN,NaN,NaN
177280,1.00000113856762e+18,63875741929489,0.033,1.439,-0.021,0.055,-0.024,0.004,0.998,NaN,NaN,NaN,NaN,NaN,NaN,NaN,NaN,NaN,NaN,NaN,NaN,NaN,NaN,NaN,NaN,NaN,NaN,NaN,NaN,NaN,NaN,NaN,NaN,NaN,NaN,NaN,NaN,NaN,NaN,NaN,NaN
177281,1.00000113857264e+18,63875741929489,0.033,1.439,-0.021,0.055,-0.024,0.004,0.998,NaN,NaN,NaN,NaN,NaN,NaN,NaN,NaN,NaN,NaN,NaN,NaN,NaN,NaN,NaN,NaN,NaN,NaN,NaN,NaN,NaN,NaN,NaN,NaN,NaN,NaN,NaN,NaN,NaN,NaN,NaN,NaN
177282,1.00000113857765e+18,63875741929489,0.033,1.439,-0.021,0.055,-0.024,0.004,0.998,NaN,NaN,NaN,NaN,NaN,NaN,NaN,NaN,NaN,NaN,NaN,NaN,NaN,NaN,NaN,NaN,NaN,NaN,NaN,NaN,NaN,NaN,NaN,NaN,NaN,NaN,NaN,NaN,NaN,NaN,NaN,NaN
177283,1.00000113858267e+18,63875741929489,0.033,1.439,-0.021,0.055,-0.024,0.004,0.998,NaN,NaN,NaN,NaN,NaN,NaN,NaN,NaN,NaN,NaN,NaN,NaN,NaN,NaN,NaN,NaN,NaN,NaN,NaN,NaN,NaN,NaN,NaN,NaN,NaN,NaN,NaN,NaN,NaN,NaN,NaN,NaN
177284,1.00000113858766e+18,63875741929489,0.033,1.439,-0.021,0.055,-0.024,0.004,0.998,NaN,NaN,NaN,NaN,NaN,NaN,NaN,NaN,NaN,NaN,NaN,NaN,NaN,NaN,NaN,NaN,NaN,NaN,NaN,NaN,NaN,NaN,NaN,NaN,NaN,NaN,NaN,NaN,NaN,NaN,NaN,NaN
177285,1.00000113859264e+18,63875741929489,0.033,1.439,-0.021,0.055,-0.024,0.004,0.998,NaN,NaN,NaN,NaN,NaN,NaN,NaN,NaN,NaN,NaN,NaN,NaN,NaN,NaN,NaN,NaN,NaN,NaN,NaN,NaN,NaN,NaN,NaN,NaN,NaN,NaN,NaN,NaN,NaN,NaN,NaN,NaN
177286,1.00000113859765e+18,63875741929489,0.033,1.439,-0.021,0.055,-0.024,0.004,0.998,NaN,NaN,NaN,NaN,NaN,NaN,NaN,NaN,NaN,NaN,NaN,NaN,NaN,NaN,NaN,NaN,NaN,NaN,NaN,NaN,NaN,NaN,NaN,NaN,NaN,NaN,NaN,NaN,NaN,NaN,NaN,NaN
177287,1.00000113860267e+18,63875741929489,0.033,1.439,-0.021,0.055,-0.024,0.004,0.998,NaN,-0.158,0.032,0.987,0,0,0,64.325,NaN,NaN,NaN,NaN,NaN,NaN,NaN,NaN,-0.153,0.04,0.987,0.032,0,0,0.464,2.957,6.373,NaN,2,0,NaN,NaN,NaN,NaN
177288,1.00000113860768e+18,63875741929500,0.033,1.439,-0.021,0.055,-0.024,0.004,0.998,NaN,-0.001,0.046,0.999,0,0,0,64.325,NaN,NaN,NaN,NaN,NaN,NaN,NaN,NaN,0.011,0.051,0.999,0.032,0,0,0.593,3.78,6.373,NaN,2,0,NaN,NaN,NaN,NaN
177289,1.0000011386127e+18,63875741929500,0.033,1.439,-0.021,0.055,-0.024,0.004,0.998,NaN,0.08,0.053,0.995,0,0,0,64.325,NaN,NaN,NaN,NaN,NaN,NaN,NaN,NaN,0.089,0.057,0.994,0.032,0,0,0.598,3.813,6.373,NaN,2,0,NaN,NaN,NaN,NaN
177290,1.00000113861772e+18,63875741929511,0.033,1.439,-0.021,0.055,-0.024,0.004,0.998,NaN,0.15,0.054,0.987,0,0,0,64.325,NaN,0.26,0.044,0.965,-0.032,0,0,0.474,3.042,6.415,0.649,NaN,0.123,0.06,0.991,0.032,0,0,0.598,3.81,6.373,0.573,0.4442039,0
177291,1.00000113862273e+18,63875741929511,0.033,1.439,-0.021,0.055,-0.024,0.004,0.998,NaN,0.181,0.054,0.982,0,0,0,64.325,NaN,0.259,0.041,0.965,-0.032,0,0,0.474,3.043,6.415,0.655,NaN,0.139,0.062,0.988,0.032,0,0,0.597,3.803,6.373,0.586,0.4973272,0
177292,1.00000113862775e+18,63875741929521,0.033,1.439,-0.021,0.055,-0.024,0.004,0.998,NaN,0.207,0.058,0.977,0,0,0,64.325,NaN,-0.021,0.111,0.994,-0.032,0,0,0.476,3.053,6.415,0.66,NaN,0.159,0.062,0.985,0.032,0,0,0.585,3.725,6.373,0.605,2,0
177293,1.00000113863275e+18,63875741929521,0.033,1.439,-0.021,0.055,-0.024,0.004,0.998,NaN,0.218,0.061,0.974,0,0,0,64.325,NaN,0.141,0.1,0.985,-0.032,0,0,0,0,6.415,0.666,NaN,0.168,0.064,0.984,0.032,0,0,0,0,6.373,0.619,2,0
177294,1.00000113863772e+18,63875741929521,0.033,1.439,-0.021,0.055,-0.024,0.004,0.998,NaN,0.223,0.064,0.973,0,0,0,64.325,NaN,0.217,0.091,0.972,-0.032,0,0,0,0,6.415,0.676,NaN,0.172,0.067,0.983,0.032,0,0,0,0,6.373,0.634,2,0
177295,1.00000113864275e+18,63875741929533,0.033,1.439,-0.021,0.055,-0.024,0.004,0.998,NaN,0.225,0.066,0.972,0,0,0,64.325,NaN,0.25,0.083,0.965,-0.032,0,0,0,0,6.415,0.682,NaN,0.174,0.071,0.982,0.032,0,0,0,0,6.373,0.642,0.7843579,0
177296,1.00000113864776e+18,63875741929533,0.033,1.439,-0.021,0.055,-0.024,0.004,0.998,NaN,0.225,0.068,0.972,0,0,0,64.325,NaN,0.263,0.078,0.962,-0.032,0,0,0,0,6.415,0.684,NaN,0.175,0.075,0.982,0.032,0,0,0,0,6.373,0.65,0.6914421,0
177297,1.00000113865278e+18,63875741929545,0.033,1.44,-0.021,0.055,-0.024,0.004,0.998,NaN,0.225,0.071,0.972,0,0,0,64.325,NaN,0.269,0.075,0.96,-0.032,0,0,0,0,6.415,0.688,NaN,0.176,0.077,0.981,0.032,0,0,0,0,6.373,0.66,0.6583062,0
177298,1.00000113865787e+18,63875741929545,0.033,1.44,-0.021,0.055,-0.024,0.004,0.998,NaN,0.226,0.072,0.972,0,0,0,64.325,NaN,0.271,0.073,0.96,-0.032,0,0,0,0,6.415,0.694,NaN,0.177,0.079,0.981,0.032,0,0,0,0,6.373,0.674,0.6491115,0
177299,1.00000113866288e+18,63875741929555,0.033,1.44,-0.021,0.055,-0.024,0.004,0.998,NaN,0.225,0.074,0.972,0,0,0,64.325,NaN,0.269,0.071,0.96,-0.032,0,0,0,0,6.415,0.7,NaN,0.178,0.08,0.981,0.032,0,0,0,0,6.373,0.687,0.6677709,0
177300,1.0000011386679e+18,63875741929555,0.033,1.44,-0.021,0.055,-0.024,0.004,0.998,NaN,0.225,0.075,0.972,0,0,0,64.325,NaN,0.268,0.071,0.961,-0.032,0,0,0,0,6.415,0.706,NaN,0.18,0.082,0.98,0.032,0,0,0,0,6.373,0.698,0.6801348,0
177301,1.00000113867291e+18,63875741929567,0.032,1.44,-0.021,0.055,-0.024,0.004,0.998,NaN,0.226,0.076,0.971,0,0,0,64.325,NaN,0.27,0.073,0.96,-0.032,0,0,0,0,6.415,0.712,NaN,0.181,0.085,0.98,0.032,0,0,0,0,6.373,0.708,0.6728187,0
177302,1.00000113867793e+18,63875741929567,0.032,1.44,-0.021,0.055,-0.024,0.004,0.998,NaN,0.226,0.078,0.971,0,0,0,64.325,NaN,0.268,0.077,0.96,-0.032,0,0,0,0,6.415,0.719,NaN,0.182,0.092,0.979,0.032,0,0,0,0,6.373,0.717,0.6951196,0
177303,1.00000113868294e+18,63875741929578,0.032,1.44,-0.021,0.055,-0.024,0.004,0.998,NaN,0.226,0.083,0.971,0,0,0,64.325,NaN,0.268,0.082,0.96,-0.032,0,0,0,0,6.415,0.725,NaN,0.183,0.1,0.978,0.032,0,0,0,0,6.373,0.725,0.6914463,0
177304,1.00000113868796e+18,63875741929578,0.032,1.44,-0.021,0.055,-0.024,0.004,0.998,NaN,0.222,0.085,0.971,0,0,0,64.325,NaN,0.268,0.085,0.96,-0.032,0,0,0,0,6.415,0.731,NaN,0.175,0.098,0.98,0.032,0,0,0,0,6.373,0.732,0.6437212,0
177305,1.00000113869297e+18,63875741929578,0.032,1.44,-0.021,0.055,-0.024,0.004,0.998,NaN,0.219,0.087,0.972,0,0,0,64.325,NaN,0.268,0.087,0.959,-0.032,0,0,0,0,6.415,0.737,NaN,0.17,0.098,0.981,0.032,0,0,0,0,6.373,0.74,0.615298,0
177306,1.00000113869795e+18,63875741929589,0.032,1.44,-0.021,0.055,-0.024,0.004,0.998,NaN,0.218,0.088,0.972,0,0,0,64.325,NaN,0.268,0.089,0.959,-0.032,0,0,0,0,6.415,0.743,NaN,0.167,0.097,0.981,0.032,0,0,0,0,6.373,0.746,0.5978678,0
177307,1.0000011387029e+18,63875741929589,0.032,1.44,-0.021,0.055,-0.024,0.004,0.998,NaN,0.216,0.091,0.972,0,0,0,64.325,NaN,0.268,0.09,0.959,-0.032,0,0,0,0,6.415,0.749,NaN,0.165,0.096,0.982,0.032,0,0,0,0,6.373,0.753,0.5922737,0
177308,1.00000113870789e+18,63875741929600,0.032,1.44,-0.021,0.055,-0.024,0.004,0.998,NaN,0.216,0.094,0.972,0,0,0,64.325,NaN,0.269,0.092,0.959,-0.032,0,0,0,0,6.415,0.756,NaN,0.164,0.097,0.982,0.032,0,0,0,0,6.373,0.76,0.5803524,0
177309,1.00000113871291e+18,63875741929600,0.032,1.44,-0.021,0.055,-0.024,0.004,0.998,NaN,0.228,0.1,0.969,0,0,0,64.325,NaN,0.265,0.096,0.959,-0.032,0,0,0,0,6.415,0.763,NaN,0.163,0.097,0.982,0.032,0,0,0,0,6.373,0.766,0.5991457,0
177310,1.000001138718e+18,63875741929611,0.033,1.44,-0.021,0.055,-0.024,0.004,0.998,NaN,0.23,0.096,0.968,0,0,0,64.325,NaN,0.262,0.094,0.961,-0.032,0,0,0,0,6.415,0.77,NaN,0.178,0.095,0.979,0.032,0,0,0,0,6.373,0.774,0.7318718,0
177311,1.00000113872301e+18,63875741929611,0.033,1.44,-0.021,0.055,-0.024,0.004,0.998,NaN,0.232,0.094,0.968,0,0,0,64.325,NaN,0.258,0.094,0.961,-0.032,0,0,0,0,6.415,0.778,NaN,0.191,0.094,0.977,0.032,0,0,0,0,6.373,0.781,0.9044024,0
177312,1.00000113872802e+18,63875741929622,0.033,1.44,-0.021,0.054,-0.024,0.004,0.998,NaN,0.23,0.091,0.969,0,0,0,64.325,NaN,0.261,0.097,0.961,-0.032,0,0,0,0,6.415,0.786,NaN,0.202,0.089,0.975,0.032,0,0,0,0,6.373,0.788,1.001432,0
177313,1.00000113873304e+18,63875741929622,0.033,1.44,-0.021,0.054,-0.024,0.004,0.998,NaN,0.23,0.087,0.969,0,0,0,64.325,NaN,0.262,0.101,0.96,-0.032,0,0,0.535,3.431,6.415,0.795,NaN,0.21,0.082,0.974,0.032,0,0,0.555,3.534,6.373,0.795,1.026693,0
177314,1.00000113873801e+18,63875741929633,0.033,1.44,-0.021,0.054,-0.024,0.004,0.998,NaN,0.231,0.087,0.969,0,0,0,64.325,NaN,0.256,0.1,0.961,-0.032,0,0,0.535,3.431,6.415,0.804,NaN,0.217,0.083,0.973,0.032,0,0,0.59,3.759,6.373,0.803,2,0
177315,1.00000113874301e+18,63875741929633,0.033,1.44,-0.021,0.054,-0.024,0.004,0.998,NaN,0.232,0.088,0.969,0,0,0,64.325,NaN,0.252,0.1,0.962,-0.032,0,0,0.54,3.466,6.415,0.813,NaN,0.222,0.085,0.971,0.032,0,0,0.596,3.796,6.373,0.81,2,0
177316,1.00000113874803e+18,63875741929633,0.033,1.44,-0.021,0.054,-0.024,0.004,0.998,NaN,0.235,0.088,0.968,0,0,0,64.325,NaN,0.251,0.1,0.963,-0.032,0,0,0.556,3.568,6.415,0.821,NaN,0.229,0.085,0.97,0.032,0,0,0.597,3.807,6.373,0.817,2,0
177317,1.00000113875304e+18,63875741929645,0.033,1.44,-0.021,0.054,-0.024,0.004,0.998,NaN,0.239,0.088,0.967,0,0,0,64.325,NaN,0.251,0.1,0.963,-0.032,0,0,0.565,3.624,6.415,0.83,NaN,0.236,0.086,0.968,0.032,0,0,0.598,3.812,6.373,0.825,2,0
177318,1.00000113875805e+18,63875741929645,0.033,1.44,-0.021,0.054,-0.024,0.004,0.998,NaN,0.243,0.089,0.966,0,0,0,64.325,NaN,0.252,0.1,0.963,-0.032,0,0,0.604,3.876,6.415,0.838,NaN,0.242,0.086,0.966,0.032,0,0,0.599,3.816,6.373,0.832,2,0
177319,1.00000113876305e+18,63875741929655,0.033,1.439,-0.021,0.054,-0.023,0.004,0.998,NaN,0.252,0.088,0.964,0,0,0,64.325,NaN,0.252,0.109,0.962,-0.032,0,0,0.579,3.716,6.415,0.846,NaN,0.255,0.086,0.963,0.032,0,0,0.6,3.822,6.373,0.839,2,0
177320,1.00000113876806e+18,63875741929655,0.033,1.439,-0.021,0.054,-0.023,0.004,0.998,NaN,0.256,0.088,0.963,0,0,0,64.325,NaN,0.251,0.119,0.961,-0.032,0,0,0.579,3.712,6.415,0.853,NaN,0.259,0.086,0.962,0.032,0,0,0.602,3.838,6.373,0.846,2,0
177321,1.00000113877307e+18,63875741929666,0.033,1.439,-0.021,0.054,-0.023,0.004,0.998,NaN,0.258,0.089,0.962,0,0,0,64.325,NaN,0.251,0.129,0.959,-0.032,0,0,0.579,3.712,6.415,0.86,NaN,0.26,0.086,0.962,0.032,0,0,0.606,3.859,6.373,0.853,2,0
177322,1.00000113877808e+18,63875741929666,0.033,1.439,-0.021,0.054,-0.023,0.004,0.998,NaN,0.26,0.09,0.961,0,0,0,64.325,NaN,0.25,0.139,0.958,-0.032,0,0,0.589,3.777,6.415,0.867,NaN,0.262,0.088,0.961,0.032,0,0,0.609,3.881,6.373,0.859,2,0
177323,1.0000011387831e+18,63875741929677,0.032,1.439,-0.021,0.054,-0.023,0.004,0.998,NaN,0.257,0.097,0.962,0,0,0,64.325,NaN,0.249,0.141,0.958,-0.032,0,0,0.593,3.807,6.415,0.874,NaN,0.257,0.095,0.962,0.032,0,0,0.613,3.904,6.373,0.866,2,0
177324,1.00000113878814e+18,63875741929678,0.032,1.439,-0.021,0.054,-0.023,0.004,0.998,NaN,0.254,0.106,0.961,0,0,0,64.325,NaN,0.249,0.143,0.958,-0.032,0,0,0.605,3.881,6.415,0.881,NaN,0.255,0.105,0.961,0.032,0,0,0.616,3.925,6.373,0.872,2,0
177325,1.00000113879315e+18,63875741929678,0.032,1.439,-0.021,0.054,-0.023,0.004,0.998,NaN,0.253,0.116,0.96,0,0,0,64.325,NaN,0.249,0.146,0.958,-0.032,0,0,0.607,3.895,6.415,0.888,NaN,0.253,0.115,0.961,0.032,0,0,0.619,3.944,6.373,0.877,2,0
177326,1.00000113879815e+18,63875741929690,0.032,1.439,-0.021,0.054,-0.023,0.004,0.998,NaN,0.253,0.125,0.959,0,0,0,64.325,NaN,0.249,0.148,0.957,-0.032,0,0,0.607,3.895,6.415,0.895,NaN,0.253,0.125,0.959,0.032,0,0,0.622,3.964,6.373,0.883,2,0
177327,1.00000113880317e+18,63875741929690,0.032,1.439,-0.021,0.054,-0.023,0.004,0.998,NaN,0.253,0.134,0.958,0,0,0,64.325,NaN,0.249,0.151,0.957,-0.032,0,0,0.64,4.104,6.415,0.9,NaN,0.253,0.133,0.958,0.032,0,0,0.625,3.984,6.373,0.888,2,0
177328,1.00000113880817e+18,63875741929700,0.032,1.44,-0.021,0.054,-0.023,0.004,0.998,NaN,0.254,0.141,0.957,0,0,0,64.325,NaN,0.25,0.154,0.956,-0.032,0,0,0.64,4.103,6.415,0.906,NaN,0.254,0.141,0.957,0.032,0,0,0.628,4.005,6.373,0.893,2,0
177329,1.00000113881317e+18,63875741929700,0.032,1.44,-0.021,0.054,-0.023,0.004,0.998,NaN,0.254,0.149,0.956,0,0,0,64.325,NaN,0.251,0.157,0.955,-0.032,0,0,0.637,4.09,6.415,0.911,NaN,0.254,0.149,0.956,0.032,0,0,0.632,4.027,6.373,0.898,2,0
177330,1.00000113881817e+18,63875741929711,0.032,1.44,-0.021,0.054,-0.023,0.004,0.998,NaN,0.253,0.148,0.956,0,0,0,64.325,NaN,0.25,0.155,0.956,-0.032,0,0,0.636,4.08,6.415,0.915,NaN,0.253,0.149,0.956,0.032,0,0,0.629,4.008,6.373,0.902,2,0
177331,1.00000113882324e+18,63875741929711,0.032,1.44,-0.021,0.054,-0.023,0.004,0.998,NaN,0.255,0.142,0.956,0,0,0,64.325,NaN,0.25,0.159,0.955,-0.032,0,0,0.601,3.856,6.415,0.92,NaN,0.256,0.142,0.956,0.032,0,0,0.626,3.987,6.373,0.907,2,0
177332,1.00000113882825e+18,63875741929722,0.032,1.44,-0.021,0.054,-0.023,0.004,0.998,NaN,0.258,0.137,0.957,0,0,0,64.325,NaN,0.249,0.161,0.955,-0.032,0,0,0.598,3.833,6.415,0.924,NaN,0.259,0.136,0.956,0.032,0,0,0.624,3.975,6.373,0.911,2,0
177333,1.00000113883325e+18,63875741929722,0.032,1.44,-0.021,0.054,-0.023,0.004,0.998,NaN,0.259,0.133,0.957,0,0,0,64.325,NaN,0.249,0.163,0.955,-0.032,0,0,0.597,3.831,6.415,0.921,NaN,0.26,0.133,0.956,0.032,0,0,0.623,3.967,6.373,0.915,2,0
177334,1.00000113883826e+18,63875741929733,0.032,1.44,-0.021,0.054,-0.023,0.004,0.998,NaN,0.258,0.133,0.957,0,0,0,64.325,NaN,0.249,0.158,0.956,-0.032,0,0,0.597,3.83,6.415,0.919,NaN,0.258,0.133,0.957,0.032,0,0,0.622,3.963,6.373,0.916,2,0
177335,1.00000113884328e+18,63875741929733,0.032,1.44,-0.021,0.054,-0.023,0.004,0.998,NaN,0.257,0.133,0.957,0,0,0,64.325,NaN,0.249,0.155,0.956,-0.032,0,0,0.597,3.83,6.415,0.918,NaN,0.257,0.133,0.957,0.032,0,0,0.621,3.959,6.373,0.917,2,0
177336,1.00000113884828e+18,63875741929733,0.032,1.44,-0.021,0.054,-0.023,0.004,0.998,NaN,0.256,0.133,0.958,0,0,0,64.325,NaN,0.249,0.152,0.956,-0.032,0,0,0.597,3.831,6.415,0.917,NaN,0.256,0.133,0.958,0.032,0,0,0.621,3.955,6.373,0.918,2,0
177337,1.00000113885328e+18,63875741929744,0.032,1.44,-0.021,0.054,-0.023,0.004,0.998,NaN,0.255,0.133,0.958,0,0,0,64.325,NaN,0.249,0.151,0.957,-0.032,0,0,0.598,3.838,6.415,0.917,NaN,0.255,0.133,0.958,0.032,0,0,0.62,3.953,6.373,0.919,2,0
177338,1.00000113885831e+18,63875741929744,0.032,1.44,-0.021,0.054,-0.023,0.004,0.998,NaN,0.256,0.132,0.958,0,0,0,64.325,NaN,0.25,0.149,0.957,-0.032,0,0,0.635,4.074,6.415,0.916,NaN,0.256,0.132,0.958,0.032,0,0,0.62,3.95,6.373,0.92,2,0
177339,1.00000113886331e+18,63875741929755,0.032,1.44,-0.021,0.054,-0.023,0.004,0.998,NaN,0.255,0.135,0.957,0,0,0,64.325,NaN,0.25,0.15,0.957,-0.032,0,0,0.639,4.097,6.415,0.915,NaN,0.255,0.135,0.957,0.032,0,0,0.619,3.947,6.373,0.921,2,0
177340,1.00000113886831e+18,63875741929755,0.032,1.44,-0.021,0.054,-0.023,0.004,0.998,NaN,0.255,0.138,0.957,0,0,0,64.325,NaN,0.25,0.151,0.957,-0.032,0,0,0.64,4.106,6.415,0.915,NaN,0.254,0.139,0.957,0.032,0,0,0.618,3.941,6.373,0.922,2,0
177341,1.00000113887331e+18,63875741929767,0.032,1.44,-0.021,0.054,-0.023,0.004,0.998,NaN,0.254,0.141,0.957,0,0,0,64.325,NaN,0.25,0.151,0.956,-0.032,0,0,0.64,4.108,6.415,0.915,NaN,0.254,0.141,0.957,0.032,0,0,0.618,3.937,6.373,0.923,2,0
177342,1.00000113887831e+18,63875741929767,0.032,1.44,-0.021,0.054,-0.023,0.004,0.998,NaN,0.254,0.143,0.957,0,0,0,64.325,NaN,0.25,0.151,0.956,-0.032,0,0,0.641,4.109,6.415,0.915,NaN,0.254,0.143,0.957,0.032,0,0,0.617,3.935,6.373,0.924,2,0
177343,1.00000113888336e+18,63875741929777,0.032,1.44,-0.021,0.054,-0.024,0.004,0.998,NaN,0.254,0.145,0.956,0,0,0,64.325,NaN,0.25,0.152,0.956,-0.032,0,0,0.64,4.108,6.415,0.914,NaN,0.253,0.146,0.956,0.032,0,0,0.617,3.935,6.373,0.925,2,0
177344,1.00000113888836e+18,63875741929777,0.032,1.44,-0.021,0.054,-0.024,0.004,0.998,NaN,0.253,0.148,0.956,0,0,0,64.325,NaN,0.249,0.152,0.956,-0.032,0,0,0.64,4.107,6.415,0.914,NaN,0.253,0.148,0.956,0.032,0,0,0.617,3.934,6.373,0.926,2,0
177345,1.00000113889338e+18,63875741929777,0.032,1.44,-0.021,0.054,-0.024,0.004,0.998,NaN,0.253,0.15,0.956,0,0,0,64.325,NaN,0.249,0.153,0.956,-0.032,0,0,0.642,4.116,6.415,0.914,NaN,0.252,0.151,0.956,0.032,0,0,0.617,3.933,6.373,0.927,2,0
177346,1.00000113889838e+18,63875741929790,0.032,1.44,-0.022,0.054,-0.023,0.004,0.998,NaN,0.252,0.152,0.956,0,0,0,64.325,NaN,0.249,0.154,0.956,-0.032,0,0,0.642,4.116,6.415,0.914,NaN,0.252,0.152,0.956,0.032,0,0,0.617,3.933,6.373,0.928,2,0
177347,1.0000011389034e+18,63875741929790,0.032,1.44,-0.022,0.054,-0.023,0.004,0.998,NaN,0.252,0.153,0.956,0,0,0,64.325,NaN,0.249,0.154,0.956,-0.032,0,0,0.642,4.116,6.415,0.915,NaN,0.252,0.153,0.956,0.032,0,0,0.617,3.932,6.373,0.929,2,0
177348,1.0000011389084e+18,63875741929800,0.032,1.44,-0.022,0.054,-0.024,0.004,0.998,NaN,0.252,0.154,0.956,0,0,0,64.325,NaN,0.249,0.155,0.956,-0.032,0,0,0.642,4.116,6.415,0.915,NaN,0.251,0.154,0.956,0.032,0,0,0.617,3.931,6.373,0.93,2,0
177349,1.00000113891341e+18,63875741929812,0.032,1.44,-0.022,0.054,-0.024,0.004,0.998,NaN,0.251,0.155,0.955,0,0,0,64.325,NaN,0.249,0.155,0.956,-0.032,0,0,0.644,4.13,6.415,0.915,NaN,0.251,0.155,0.955,0.032,0,0,0.617,3.931,6.373,0.931,2,0
177350,1.00000113891841e+18,63875741929812,0.032,1.44,-0.022,0.054,-0.024,0.004,0.998,NaN,0.25,0.156,0.955,0,0,0,64.325,NaN,0.248,0.156,0.956,-0.032,0,0,0.645,4.137,6.415,0.915,NaN,0.25,0.156,0.955,0.032,0,0,0.617,3.931,6.373,0.932,2,0
177351,1.00000113892345e+18,63875741929812,0.032,1.44,-0.022,0.054,-0.024,0.004,0.998,NaN,0.25,0.157,0.955,0,0,0,64.325,NaN,0.248,0.157,0.956,-0.032,0,0,0.645,4.139,6.415,0.915,NaN,0.25,0.157,0.955,0.032,0,0,0.617,3.93,6.373,0.933,2,0
177352,1.00000113892846e+18,63875741929822,0.032,1.44,-0.022,0.054,-0.024,0.004,0.998,NaN,0.249,0.159,0.955,0,0,0,64.325,NaN,0.247,0.158,0.956,-0.032,0,0,0.646,4.141,6.415,0.915,NaN,0.249,0.159,0.955,0.032,0,0,0.617,3.93,6.373,0.934,2,0
177353,1.00000113893346e+18,63875741929822,0.032,1.44,-0.022,0.054,-0.024,0.004,0.998,NaN,0.248,0.159,0.956,0,0,0,64.325,NaN,0.247,0.158,0.956,-0.032,0,0,0.646,4.141,6.415,0.915,NaN,0.248,0.16,0.955,0.032,0,0,0.617,3.93,6.373,0.935,2,0
177354,1.00000113893847e+18,63875741929834,0.032,1.44,-0.022,0.053,-0.024,0.004,0.998,NaN,0.235,0.179,0.955,0,0,0,64.325,NaN,0.236,0.175,0.956,-0.032,0,0,0.646,4.141,6.415,0.916,NaN,0.238,0.158,0.958,0.032,0,0,0.583,3.718,6.373,0.935,2,0
177355,1.00000113894351e+18,63875741929834,0.032,1.44,-0.022,0.053,-0.024,0.004,0.998,NaN,0.236,0.177,0.956,0,0,0,64.325,NaN,0.236,0.174,0.956,-0.032,0,0,0.645,4.141,6.415,0.916,NaN,0.238,0.159,0.958,0.032,0,0,0.579,3.693,6.373,0.936,2,0
177356,1.00000113894852e+18,63875741929834,0.032,1.44,-0.022,0.053,-0.024,0.004,0.998,NaN,0.236,0.174,0.956,0,0,0,64.325,NaN,0.236,0.172,0.956,-0.032,0,0,0.645,4.141,6.415,0.916,NaN,0.238,0.16,0.958,0.032,0,0,0.579,3.687,6.373,0.937,2,0
177357,1.00000113895353e+18,63875741929845,0.032,1.44,-0.022,0.054,-0.024,0.004,0.998,NaN,0.237,0.173,0.956,0,0,0,64.325,NaN,0.237,0.171,0.956,-0.032,0,0,0.645,4.14,6.415,0.916,NaN,0.238,0.16,0.958,0.032,0,0,0.578,3.686,6.373,0.938,2,0
177358,1.00000113895857e+18,63875741929845,0.032,1.44,-0.022,0.054,-0.024,0.004,0.998,NaN,0.237,0.171,0.956,0,0,0,64.325,NaN,0.237,0.17,0.957,-0.032,0,0,0.645,4.14,6.415,0.917,NaN,0.238,0.161,0.958,0.032,0,0,0.578,3.685,6.373,0.938,2,0
177359,1.00000113896358e+18,63875741929855,0.033,1.44,-0.022,0.054,-0.024,0.004,0.998,NaN,0.237,0.17,0.956,0,0,0,64.325,NaN,0.237,0.169,0.957,-0.032,0,0,0.647,4.148,6.415,0.917,NaN,0.238,0.161,0.958,0.032,0,0,0.611,3.895,6.373,0.939,2,0
177360,1.00000113896859e+18,63875741929855,0.033,1.44,-0.022,0.054,-0.024,0.004,0.998,NaN,0.237,0.17,0.957,0,0,0,64.325,NaN,0.237,0.169,0.957,-0.032,0,0,0.647,4.153,6.415,0.917,NaN,0.238,0.161,0.958,0.032,0,0,0.615,3.92,6.373,0.939,2,0
177361,1.0000011389736e+18,63875741929866,0.033,1.44,-0.022,0.054,-0.024,0.004,0.998,NaN,0.237,0.169,0.957,0,0,0,64.325,NaN,0.237,0.168,0.957,-0.032,0,0,0.648,4.155,6.415,0.917,NaN,0.238,0.162,0.958,0.032,0,0,0.616,3.925,6.373,0.939,2,0
177362,1.0000011389786e+18,63875741929866,0.033,1.44,-0.022,0.054,-0.024,0.004,0.998,NaN,0.237,0.169,0.957,0,0,0,64.325,NaN,0.237,0.168,0.957,-0.032,0,0,0.648,4.155,6.415,0.917,NaN,0.238,0.162,0.958,0.032,0,0,0.616,3.926,6.373,0.94,2,0
177363,1.00000113898357e+18,63875741929877,0.033,1.44,-0.022,0.053,-0.024,0.003,0.998,NaN,0.237,0.168,0.957,0,0,0,64.325,NaN,0.237,0.168,0.957,-0.032,0,0,0.647,4.151,6.415,0.918,NaN,0.238,0.162,0.958,0.032,0,0,0.616,3.927,6.373,0.94,2,0
177364,1.00000113898858e+18,63875741929877,0.033,1.44,-0.022,0.053,-0.024,0.003,0.998,NaN,0.237,0.168,0.957,0,0,0,64.325,NaN,0.237,0.167,0.957,-0.032,0,0,0.647,4.148,6.415,0.918,NaN,0.238,0.162,0.958,0.032,0,0,0.616,3.927,6.373,0.94,2,0
177365,1.00000113899364e+18,63875741929889,0.033,1.44,-0.022,0.053,-0.024,0.003,0.998,NaN,0.237,0.167,0.957,0,0,0,64.325,NaN,0.237,0.167,0.957,-0.032,0,0,0.646,4.141,6.415,0.918,NaN,0.238,0.162,0.958,0.032,0,0,0.616,3.927,6.373,0.94,2,0
