333844,1000001923303460700,63875742714195,(-0.065, 1.433, 0.287),(-0.023, -0.052, 0.010, 0.998),VALID,(0.001, 0.436, 0.900),(0.000, 0.000, 0.000),64.325,INVALID,,,,,,,VALID,(-0.088, 0.541, 0.836),(0.032, 0.000, 0.000),0.000,0.000,6.373,,2,0
333845,1000001923308477900,63875742714195,(-0.065, 1.433, 0.287),(-0.023, -0.052, 0.010, 0.998),VALID,(-0.027, 0.481, 0.876),(0.000, 0.000, 0.000),64.325,INVALID,,,,,,,VALID,(-0.092, 0.543, 0.835),(0.032, 0.000, 0.000),0.000,0.000,6.373,,2,0
333846,1000001923313485400,63875742714205,(-0.065, 1.433, 0.287),(-0.023, -0.052, 0.011, 0.998),VALID,(-0.050, 0.509, 0.859),(0.000, 0.000, 0.000),64.325,INVALID,,,,,,,VALID,(-0.094, 0.544, 0.834),(0.032, 0.000, 0.000),0.000,0.000,6.373,,2,0
333847,1000001923318492900,63875742714205,(-0.065, 1.433, 0.287),(-0.023, -0.052, 0.011, 0.998),VALID,(-0.067, 0.526, 0.848),(0.000, 0.000, 0.000),64.325,INVALID,,,,,,,VALID,(-0.096, 0.545, 0.833),(0.032, 0.000, 0.000),0.000,0.000,6.373,,2,0
333848,1000001923323511500,63875742714217,(-0.065, 1.433, 0.287),(-0.023, -0.052, 0.011, 0.998),VALID,(-0.038, 0.493, 0.869),(0.000, 0.000, 0.000),64.325,VALID,(0.304, -0.223, 0.926),(-0.032, 0.000, 0.000),0.000,0.000,6.415,1.000,VALID,(-0.097, 0.546, 0.832),(0.032, 0.000, 0.000),0.000,0.000,6.373,0.999,0.03050764,0
333849,1000001923328673600,63875742714217,(-0.065, 1.433, 0.287),(-0.023, -0.052, 0.011, 0.998),VALID,(-0.053, 0.504, 0.862),(0.000, 0.000, 0.000),64.325,INVALID,,,,,,,VALID,(-0.098, 0.546, 0.832),(0.032, 0.000, 0.000),0.000,0.000,6.373,,2,0
333850,1000001923333681100,63875742714228,(-0.065, 1.433, 0.287),(-0.023, -0.052, 0.011, 0.998),VALID,(-0.042, 0.436, 0.899),(0.000, 0.000, 0.000),64.325,VALID,(0.404, -0.237, 0.884),(-0.032, 0.000, 0.000),0.000,0.000,6.415,1.000,VALID,(-0.098, 0.546, 0.832),(0.032, 0.000, 0.000),0.000,0.000,6.373,0.999,0.03298654,0
333851,1000001923338551000,63875742714228,(-0.065, 1.433, 0.287),(-0.023, -0.052, 0.011, 0.998),VALID,(0.008, 0.336, 0.942),(0.000, 0.000, 0.000),64.325,VALID,(0.399, -0.258, 0.880),(-0.032, 0.000, 0.000),0.000,0.000,6.415,1.000,VALID,(-0.099, 0.546, 0.832),(0.032, 0.000, 0.000),0.000,0.000,6.373,0.999,0.03153672,0
333852,1000001923343568200,63875742714239,(-0.065, 1.433, 0.287),(-0.023, -0.052, 0.011, 0.998),VALID,(-0.008, 0.389, 0.921),(0.000, 0.000, 0.000),64.325,INVALID,,,,,,,VALID,(-0.099, 0.546, 0.832),(0.032, 0.000, 0.000),0.000,0.000,6.373,,2,0
333853,1000001923348604200,63875742714239,(-0.065, 1.433, 0.287),(-0.023, -0.052, 0.011, 0.998),VALID,(-0.013, 0.403, 0.915),(0.000, 0.000, 0.000),64.325,INVALID,,,,,,,VALID,(-0.099, 0.546, 0.832),(0.032, 0.000, 0.000),0.000,0.000,6.373,,2,0
333854,1000001923353621400,63875742714239,(-0.065, 1.433, 0.287),(-0.023, -0.052, 0.011, 0.998),VALID,(-0.027, 0.444, 0.896),(0.000, 0.000, 0.000),64.325,INVALID,,,,,,,VALID,(-0.100, 0.546, 0.832),(0.032, 0.000, 0.000),0.000,0.000,6.373,,2,0
333855,1000001923358638600,63875742714250,(-0.065, 1.433, 0.287),(-0.023, -0.052, 0.011, 0.998),VALID,(-0.044, 0.481, 0.876),(0.000, 0.000, 0.000),64.325,INVALID,,,,,,,VALID,(-0.100, 0.546, 0.832),(0.032, 0.000, 0.000),0.000,0.000,6.373,,2,0
333856,1000001923363655800,63875742714250,(-0.065, 1.433, 0.287),(-0.023, -0.052, 0.011, 0.998),VALID,(-0.059, 0.507, 0.860),(0.000, 0.000, 0.000),64.325,INVALID,,,,,,,VALID,(-0.100, 0.546, 0.832),(0.032, 0.000, 0.000),0.000,0.000,6.373,,2,0
333857,1000001923368662500,63875742714261,(-0.065, 1.433, 0.287),(-0.023, -0.052, 0.010, 0.998),VALID,(-0.070, 0.523, 0.849),(0.000, 0.000, 0.000),64.325,INVALID,,,,,,,VALID,(-0.100, 0.546, 0.832),(0.032, 0.000, 0.000),0.000,0.000,6.373,,2,0
333858,1000001923373682600,63875742714261,(-0.065, 1.433, 0.287),(-0.023, -0.052, 0.010, 0.998),VALID,(-0.079, 0.532, 0.843),(0.000, 0.000, 0.000),64.325,INVALID,,,,,,,VALID,(-0.100, 0.546, 0.832),(0.032, 0.000, 0.000),0.000,0.000,6.373,,2,0
333859,1000001923378705900,63875742714272,(-0.065, 1.433, 0.287),(-0.023, -0.052, 0.010, 0.998),VALID,(-0.085, 0.537, 0.839),(0.000, 0.000, 0.000),64.325,INVALID,,,,,,,VALID,(-0.100, 0.546, 0.832),(0.032, 0.000, 0.000),0.000,0.000,6.373,,2,0
333860,1000001923383758600,63875742714272,(-0.065, 1.433, 0.287),(-0.023, -0.052, 0.010, 0.998),VALID,(-0.089, 0.540, 0.837),(0.000, 0.000, 0.000),64.325,INVALID,,,,,,,VALID,(-0.100, 0.546, 0.832),(0.032, 0.000, 0.000),0.000,0.000,6.373,,2,0
333861,1000001923388781900,63875742714283,(-0.065, 1.433, 0.287),(-0.023, -0.052, 0.010, 0.998),VALID,(-0.092, 0.542, 0.835),(0.000, 0.000, 0.000),64.325,INVALID,,,,,,,VALID,(-0.100, 0.546, 0.832),(0.032, 0.000, 0.000),0.000,0.000,6.373,,2,0
333862,1000001923393805200,63875742714283,(-0.065, 1.433, 0.287),(-0.023, -0.052, 0.010, 0.998),VALID,(-0.083, 0.518, 0.851),(0.000, 0.000, 0.000),64.325,VALID,(0.412, -0.245, 0.877),(-0.032, 0.000, 0.000),0.000,0.000,6.415,1.000,VALID,(-0.100, 0.545, 0.832),(0.032, 0.000, 0.000),0.000,0.000,6.373,1.000,0.03271662,0
333863,1000001923398828500,63875742714295,(-0.065, 1.433, 0.287),(-0.023, -0.052, 0.010, 0.998),VALID,(-0.083, 0.519, 0.851),(0.000, 0.000, 0.000),64.325,INVALID,,,,,,,VALID,(-0.100, 0.545, 0.832),(0.032, 0.000, 0.000),0.000,0.000,6.373,,2,0
333864,1000001923403753900,63875742714307,(-0.065, 1.433, 0.287),(-0.023, -0.052, 0.010, 0.998),VALID,(-0.084, 0.521, 0.849),(0.000, 0.000, 0.000),64.325,INVALID,,,,,,,VALID,(-0.100, 0.546, 0.832),(0.032, 0.000, 0.000),0.000,0.000,6.373,,2,0
333865,1000001923408777200,63875742714307,(-0.065, 1.433, 0.287),(-0.023, -0.052, 0.010, 0.998),VALID,(-0.085, 0.524, 0.847),(0.000, 0.000, 0.000),64.325,INVALID,,,,,,,VALID,(-0.100, 0.546, 0.832),(0.032, 0.000, 0.000),0.000,0.000,6.373,,2,0
333866,1000001923413756400,63875742714307,(-0.065, 1.433, 0.287),(-0.023, -0.052, 0.010, 0.998),VALID,(-0.087, 0.528, 0.845),(0.000, 0.000, 0.000),64.325,INVALID,,,,,,,VALID,(-0.099, 0.546, 0.832),(0.032, 0.000, 0.000),0.000,0.000,6.373,,2,0
333867,1000001923418759000,63875742714317,(-0.065, 1.433, 0.287),(-0.023, -0.052, 0.010, 0.998),VALID,(-0.051, 0.440, 0.896),(0.000, 0.000, 0.000),64.325,VALID,(0.325, -0.226, 0.918),(-0.032, 0.000, 0.000),0.000,0.000,6.415,1.000,VALID,(-0.099, 0.546, 0.832),(0.032, 0.000, 0.000),0.000,0.000,6.373,1.000,0.03127129,0
333868,1000001923423779100,63875742714317,(-0.065, 1.433, 0.287),(-0.023, -0.052, 0.010, 0.998),VALID,(-0.058, 0.460, 0.886),(0.000, 0.000, 0.000),64.325,INVALID,,,,,,,VALID,(-0.099, 0.546, 0.832),(0.032, 0.000, 0.000),0.000,0.000,6.373,,2,0
333869,1000001923428859200,63875742714317,(-0.065, 1.433, 0.287),(-0.023, -0.052, 0.010, 0.998),VALID,(-0.061, 0.463, 0.884),(0.000, 0.000, 0.000),64.325,INVALID,,,,,,,VALID,(-0.099, 0.546, 0.832),(0.032, 0.000, 0.000),0.000,0.000,6.373,,2,0
333870,1000001923434347400,63875742714328,(-0.065, 1.434, 0.287),(-0.023, -0.052, 0.010, 0.998),VALID,(-0.062, 0.478, 0.876),(0.000, 0.000, 0.000),64.325,INVALID,,,,,,,VALID,(-0.099, 0.546, 0.832),(0.032, 0.000, 0.000),0.000,0.000,6.373,,2,0
333871,1000001923439303000,63875742714328,(-0.065, 1.434, 0.287),(-0.023, -0.052, 0.010, 0.998),VALID,(-0.062, 0.474, 0.878),(0.000, 0.000, 0.000),64.325,INVALID,,,,,,,VALID,(-0.098, 0.534, 0.840),(0.032, 0.000, 0.000),0.000,0.000,6.373,,2,0
333872,1000001923444326300,63875742714339,(-0.065, 1.434, 0.287),(-0.023, -0.052, 0.010, 0.998),VALID,(-0.065, 0.490, 0.869),(0.000, 0.000, 0.000),64.325,INVALID,,,,,,,VALID,(-0.098, 0.535, 0.839),(0.032, 0.000, 0.000),0.000,0.000,6.373,,2,0
333873,1000001923448841200,63875742714339,(-0.065, 1.434, 0.287),(-0.023, -0.052, 0.010, 0.998),VALID,(-0.064, 0.484, 0.873),(0.000, 0.000, 0.000),64.325,INVALID,,,,,,,VALID,(-0.094, 0.517, 0.851),(0.032, 0.000, 0.000),0.000,0.000,6.373,,2,0
333874,1000001923453861300,63875742714339,(-0.065, 1.434, 0.287),(-0.023, -0.052, 0.010, 0.998),VALID,(-0.064, 0.481, 0.875),(0.000, 0.000, 0.000),64.325,INVALID,,,,,,,VALID,(-0.088, 0.498, 0.863),(0.032, 0.000, 0.000),0.000,0.000,6.373,,2,0
333875,1000001923458881400,63875742714350,(-0.065, 1.434, 0.287),(-0.023, -0.052, 0.010, 0.998),VALID,(-0.064, 0.480, 0.875),(0.000, 0.000, 0.000),64.325,VALID,(0.405, -0.233, 0.884),(-0.032, 0.000, 0.000),0.000,0.000,6.415,1.000,VALID,(-0.084, 0.483, 0.872),(0.032, 0.000, 0.000),0.000,0.000,6.373,1.000,0.03772482,0
333876,1000001923463904700,63875742714350,(-0.065, 1.434, 0.287),(-0.023, -0.052, 0.010, 0.998),VALID,(-0.063, 0.477, 0.877),(0.000, 0.000, 0.000),64.325,VALID,(0.315, -0.170, 0.934),(-0.032, 0.000, 0.000),0.000,0.000,6.415,1.000,VALID,(-0.078, 0.471, 0.879),(0.032, 0.000, 0.000),0.000,0.000,6.373,1.000,0.04119926,0
333877,1000001923468924800,63875742714361,(-0.065, 1.434, 0.287),(-0.023, -0.052, 0.010, 0.998),VALID,(-0.062, 0.473, 0.879),(0.000, 0.000, 0.000),64.325,INVALID,,,,,,,VALID,(-0.073, 0.462, 0.884),(0.032, 0.000, 0.000),0.000,0.000,6.373,,2,0
333878,1000001923473904300,63875742714361,(-0.065, 1.434, 0.287),(-0.023, -0.052, 0.010, 0.998),VALID,(-0.064, 0.478, 0.876),(0.000, 0.000, 0.000),64.325,INVALID,,,,,,,VALID,(-0.077, 0.483, 0.872),(0.032, 0.000, 0.000),0.000,0.000,6.373,,2,0
333879,1000001923478924400,63875742714373,(-0.065, 1.434, 0.286),(-0.023, -0.052, 0.010, 0.998),VALID,(-0.014, 0.407, 0.913),(0.000, 0.000, 0.000),64.325,VALID,(0.399, -0.190, 0.897),(-0.032, 0.000, 0.000),0.000,0.000,6.415,1.000,VALID,(-0.080, 0.493, 0.867),(0.032, 0.000, 0.000),0.000,0.000,6.373,1.000,0.04015238,0
333880,1000001923483944500,63875742714373,(-0.065, 1.434, 0.286),(-0.023, -0.052, 0.010, 0.998),VALID,(0.053, 0.334, 0.941),(0.000, 0.000, 0.000),64.325,VALID,(0.422, -0.169, 0.891),(-0.032, 0.000, 0.000),0.000,0.000,6.415,1.000,VALID,(-0.082, 0.496, 0.865),(0.032, 0.000, 0.000),0.000,0.000,6.373,1.000,0.04227868,0
333881,1000001923488964600,63875742714384,(-0.065, 1.434, 0.286),(-0.023, -0.052, 0.010, 0.998),VALID,(0.024, 0.370, 0.929),(0.000, 0.000, 0.000),64.325,INVALID,,,,,,,VALID,(-0.078, 0.489, 0.869),(0.032, 0.000, 0.000),0.000,0.000,6.373,,2,0
333882,1000001923493987900,63875742714384,(-0.065, 1.434, 0.286),(-0.023, -0.052, 0.010, 0.998),VALID,(0.009, 0.388, 0.922),(0.000, 0.000, 0.000),64.325,INVALID,,,,,,,VALID,(-0.074, 0.481, 0.874),(0.032, 0.000, 0.000),0.000,0.000,6.373,,2,0
333883,1000001923499006300,63875742714384,(-0.065, 1.434, 0.286),(-0.023, -0.052, 0.010, 0.998),VALID,(0.001, 0.398, 0.917),(0.000, 0.000, 0.000),64.325,INVALID,,,,,,,VALID,(-0.077, 0.487, 0.870),(0.032, 0.000, 0.000),0.000,0.000,6.373,,2,0
333884,1000001923504024700,63875742714395,(-0.065, 1.434, 0.286),(-0.023, -0.052, 0.011, 0.998),VALID,(-0.002, 0.403, 0.915),(0.000, 0.000, 0.000),64.325,INVALID,,,,,,,VALID,(-0.073, 0.480, 0.874),(0.032, 0.000, 0.000),0.000,0.000,6.373,,2,0
333885,1000001923509030800,63875742714395,(-0.065, 1.434, 0.286),(-0.023, -0.052, 0.011, 0.998),VALID,(-0.018, 0.446, 0.895),(0.000, 0.000, 0.000),64.325,INVALID,,,,,,,VALID,(-0.076, 0.483, 0.872),(0.032, 0.000, 0.000),0.000,0.000,6.373,,2,0
333886,1000001923514049200,63875742714406,(-0.065, 1.434, 0.286),(-0.023, -0.052, 0.011, 0.998),VALID,(-0.037, 0.482, 0.875),(0.000, 0.000, 0.000),64.325,INVALID,,,,,,,VALID,(-0.077, 0.491, 0.868),(0.032, 0.000, 0.000),0.000,0.000,6.373,,2,0
333887,1000001923519028500,63875742714406,(-0.065, 1.434, 0.286),(-0.023, -0.052, 0.011, 0.998),VALID,(-0.040, 0.470, 0.882),(0.000, 0.000, 0.000),64.325,VALID,(0.425, -0.220, 0.878),(-0.032, 0.000, 0.000),0.000,0.000,6.415,1.000,VALID,(-0.074, 0.489, 0.869),(0.032, 0.000, 0.000),0.000,0.000,6.373,1.000,0.03853361,0
333888,1000001923524007000,63875742714417,(-0.065, 1.434, 0.286),(-0.023, -0.052, 0.011, 0.998),VALID,(-0.043, 0.463, 0.886),(0.000, 0.000, 0.000),64.325,INVALID,,,,,,,VALID,(-0.071, 0.484, 0.872),(0.032, 0.000, 0.000),0.000,0.000,6.373,,2,0
333889,1000001923529025900,63875742714417,(-0.065, 1.434, 0.286),(-0.023, -0.052, 0.011, 0.998),VALID,(-0.044, 0.458, 0.888),(0.000, 0.000, 0.000),64.325,INVALID,,,,,,,VALID,(-0.068, 0.478, 0.876),(0.032, 0.000, 0.000),0.000,0.000,6.373,,2,0
333890,1000001923534044800,63875742714428,(-0.065, 1.434, 0.286),(-0.023, -0.052, 0.011, 0.998),VALID,(-0.045, 0.455, 0.889),(0.000, 0.000, 0.000),64.325,INVALID,,,,,,,VALID,(-0.066, 0.471, 0.879),(0.032, 0.000, 0.000),0.000,0.000,6.373,,2,0
333891,1000001923539063700,63875742714429,(-0.065, 1.434, 0.286),(-0.023, -0.052, 0.011, 0.998),VALID,(-0.046, 0.452, 0.891),(0.000, 0.000, 0.000),64.325,INVALID,,,,,,,VALID,(-0.063, 0.465, 0.883),(0.032, 0.000, 0.000),0.000,0.000,6.373,,2,0
333892,1000001923544082600,63875742714440,(-0.065, 1.434, 0.286),(-0.023, -0.052, 0.011, 0.998),VALID,(-0.047, 0.451, 0.891),(0.000, 0.000, 0.000),64.325,INVALID,,,,,,,VALID,(-0.061, 0.460, 0.886),(0.032, 0.000, 0.000),0.000,0.000,6.373,,2,0
333893,1000001923549101500,63875742714440,(-0.065, 1.434, 0.286),(-0.023, -0.052, 0.011, 0.998),VALID,(-0.058, 0.476, 0.878),(0.000, 0.000, 0.000),64.325,INVALID,,,,,,,VALID,(-0.065, 0.469, 0.881),(0.032, 0.000, 0.000),0.000,0.000,6.373,,2,0
333894,1000001923554107600,63875742714440,(-0.065, 1.434, 0.286),(-0.023, -0.052, 0.011, 0.998),VALID,(-0.068, 0.498, 0.865),(0.000, 0.000, 0.000),64.325,INVALID,,,,,,,VALID,(-0.068, 0.476, 0.877),(0.032, 0.000, 0.000),0.000,0.000,6.373,,2,0
333895,1000001923559126500,63875742714451,(-0.065, 1.434, 0.286),(-0.023, -0.052, 0.011, 0.998),VALID,(-0.064, 0.484, 0.872),(0.000, 0.000, 0.000),64.325,INVALID,,,,,,,VALID,(-0.066, 0.475, 0.878),(0.032, 0.000, 0.000),0.000,0.000,6.373,,2,0
333896,1000001923564132600,63875742714451,(-0.065, 1.434, 0.286),(-0.023, -0.052, 0.011, 0.998),VALID,(-0.061, 0.477, 0.877),(0.000, 0.000, 0.000),64.325,INVALID,,,,,,,VALID,(-0.064, 0.472, 0.879),(0.032, 0.000, 0.000),0.000,0.000,6.373,,2,0
333897,1000001923569150600,63875742714462,(-0.065, 1.434, 0.286),(-0.023, -0.052, 0.011, 0.998),VALID,(-0.059, 0.473, 0.879),(0.000, 0.000, 0.000),64.325,INVALID,,,,,,,VALID,(-0.062, 0.468, 0.881),(0.032, 0.000, 0.000),0.000,0.000,6.373,,2,0
333898,1000001923574156900,63875742714462,(-0.065, 1.434, 0.286),(-0.023, -0.052, 0.011, 0.998),VALID,(-0.057, 0.470, 0.881),(0.000, 0.000, 0.000),64.325,INVALID,,,,,,,VALID,(-0.060, 0.464, 0.884),(0.032, 0.000, 0.000),0.000,0.000,6.373,,2,0
333899,1000001923579163200,63875742714472,(-0.065, 1.434, 0.286),(-0.023, -0.052, 0.011, 0.998),VALID,(-0.056, 0.469, 0.881),(0.000, 0.000, 0.000),64.325,VALID,(0.439, -0.238, 0.866),(-0.032, 0.000, 0.000),0.000,0.000,6.415,1.000,VALID,(-0.059, 0.459, 0.886),(0.032, 0.000, 0.000),0.000,0.000,6.373,1.000,0.03938783,0
333900,1000001923584166300,63875742714472,(-0.065, 1.434, 0.286),(-0.023, -0.052, 0.011, 0.998),VALID,(-0.055, 0.467, 0.883),(0.000, 0.000, 0.000),64.325,INVALID,,,,,,,VALID,(-0.057, 0.456, 0.888),(0.032, 0.000, 0.000),0.000,0.000,6.373,,2,0
333901,1000001923589172600,63875742714484,(-0.065, 1.434, 0.286),(-0.023, -0.052, 0.011, 0.998),VALID,(-0.054, 0.464, 0.884),(0.000, 0.000, 0.000),64.325,INVALID,,,,,,,VALID,(-0.056, 0.452, 0.890),(0.032, 0.000, 0.000),0.000,0.000,6.373,,2,0
333902,1000001923594230800,63875742714484,(-0.065, 1.434, 0.286),(-0.023, -0.052, 0.011, 0.998),VALID,(-0.061, 0.470, 0.881),(0.000, 0.000, 0.000),64.325,INVALID,,,,,,,VALID,(-0.060, 0.458, 0.887),(0.032, 0.000, 0.000),0.000,0.000,6.373,,2,0
333903,1000001923599248600,63875742714484,(-0.065, 1.434, 0.286),(-0.023, -0.052, 0.011, 0.998),VALID,(-0.059, 0.469, 0.881),(0.000, 0.000, 0.000),64.325,VALID,(0.369, -0.206, 0.906),(-0.032, 0.000, 0.000),0.000,0.000,6.415,1.000,VALID,(-0.059, 0.457, 0.888),(0.032, 0.000, 0.000),0.000,0.000,6.373,1.000,0.04058458,0
333904,1000001923604266400,63875742714495,(-0.065, 1.434, 0.286),(-0.023, -0.052, 0.011, 0.998),VALID,(-0.065, 0.480, 0.875),(0.000, 0.000, 0.000),64.325,INVALID,,,,,,,VALID,(-0.060, 0.467, 0.882),(0.032, 0.000, 0.000),0.000,0.000,6.373,,2,0
333905,1000001923609272700,63875742714495,(-0.065, 1.434, 0.286),(-0.023, -0.052, 0.011, 0.998),VALID,(-0.063, 0.477, 0.877),(0.000, 0.000, 0.000),64.325,INVALID,,,,,,,VALID,(-0.060, 0.465, 0.883),(0.032, 0.000, 0.000),0.000,0.000,6.373,,2,0
333906,1000001923614254800,63875742714506,(-0.065, 1.434, 0.286),(-0.023, -0.052, 0.011, 0.998),VALID,(-0.022, 0.399, 0.917),(0.000, 0.000, 0.000),64.325,VALID,(0.416, -0.238, 0.878),(-0.032, 0.000, 0.000),0.000,0.000,6.415,1.000,VALID,(-0.061, 0.480, 0.875),(0.032, 0.000, 0.000),0.000,0.000,6.373,1.000,0.03731131,0
333907,1000001923619261100,63875742714506,(-0.065, 1.434, 0.286),(-0.023, -0.052, 0.011, 0.998),VALID,(-0.026, 0.409, 0.912),(0.000, 0.000, 0.000),64.325,VALID,(0.422, -0.230, 0.877),(-0.032, 0.000, 0.000),0.000,0.000,6.415,1.000,VALID,(-0.061, 0.475, 0.878),(0.032, 0.000, 0.000),0.000,0.000,6.373,1.000,0.03848303,0
333908,1000001923624280600,63875742714517,(-0.065, 1.434, 0.286),(-0.023, -0.052, 0.011, 0.998),VALID,(-0.029, 0.415, 0.909),(0.000, 0.000, 0.000),64.325,INVALID,,,,,,,VALID,(-0.060, 0.473, 0.879),(0.032, 0.000, 0.000),0.000,0.000,6.373,,2,0
333909,1000001923629286900,63875742714517,(-0.065, 1.434, 0.286),(-0.023, -0.052, 0.011, 0.998),VALID,(-0.030, 0.419, 0.907),(0.000, 0.000, 0.000),64.325,INVALID,,,,,,,VALID,(-0.059, 0.471, 0.880),(0.032, 0.000, 0.000),0.000,0.000,6.373,,2,0
333910,1000001923634304700,63875742714528,(-0.065, 1.434, 0.286),(-0.023, -0.052, 0.010, 0.998),VALID,(-0.032, 0.422, 0.906),(0.000, 0.000, 0.000),64.325,INVALID,,,,,,,VALID,(-0.059, 0.468, 0.882),(0.032, 0.000, 0.000),0.000,0.000,6.373,,2,0
333911,1000001923639311000,63875742714528,(-0.065, 1.434, 0.286),(-0.023, -0.052, 0.010, 0.998),VALID,(-0.032, 0.424, 0.905),(0.000, 0.000, 0.000),64.325,INVALID,,,,,,,VALID,(-0.058, 0.464, 0.884),(0.032, 0.000, 0.000),0.000,0.000,6.373,,2,0
333912,1000001923644328800,63875742714539,(-0.065, 1.434, 0.286),(-0.023, -0.052, 0.010, 0.998),VALID,(-0.033, 0.425, 0.904),(0.000, 0.000, 0.000),64.325,INVALID,,,,,,,VALID,(-0.057, 0.460, 0.886),(0.032, 0.000, 0.000),0.000,0.000,6.373,,2,0
333913,1000001923649346600,63875742714539,(-0.065, 1.434, 0.286),(-0.023, -0.052, 0.010, 0.998),VALID,(-0.034, 0.426, 0.904),(0.000, 0.000, 0.000),64.325,INVALID,,,,,,,VALID,(-0.056, 0.456, 0.888),(0.032, 0.000, 0.000),0.000,0.000,6.373,,2,0
333914,1000001923654352900,63875742714539,(-0.065, 1.434, 0.286),(-0.023, -0.052, 0.010, 0.998),VALID,(-0.042, 0.448, 0.893),(0.000, 0.000, 0.000),64.325,INVALID,,,,,,,VALID,(-0.058, 0.460, 0.886),(0.032, 0.000, 0.000),0.000,0.000,6.373,,2,0
333915,1000001923659359200,63875742714550,(-0.065, 1.434, 0.287),(-0.023, -0.052, 0.010, 0.998),VALID,(-0.052, 0.473, 0.879),(0.000, 0.000, 0.000),64.325,INVALID,,,,,,,VALID,(-0.061, 0.472, 0.880),(0.032, 0.000, 0.000),0.000,0.000,6.373,,2,0
333916,1000001923664365500,63875742714550,(-0.065, 1.434, 0.287),(-0.023, -0.052, 0.010, 0.998),VALID,(-0.069, 0.482, 0.873),(0.000, 0.000, 0.000),64.325,INVALID,,,,,,,VALID,(-0.070, 0.478, 0.876),(0.032, 0.000, 0.000),0.000,0.000,6.373,,2,0
333917,1000001923669383300,63875742714562,(-0.065, 1.434, 0.287),(-0.023, -0.052, 0.010, 0.998),VALID,(-0.080, 0.467, 0.880),(0.000, 0.000, 0.000),64.325,INVALID,,,,,,,VALID,(-0.077, 0.472, 0.878),(0.032, 0.000, 0.000),0.000,0.000,6.373,,2,0
333918,1000001923674389600,63875742714562,(-0.065, 1.434, 0.287),(-0.023, -0.052, 0.010, 0.998),VALID,(-0.107, 0.462, 0.881),(0.000, 0.000, 0.000),64.325,VALID,(-0.055, 0.463, 0.885),(-0.032, 0.000, 0.000),0.000,0.000,6.415,1.000,VALID,(-0.099, 0.456, 0.885),(0.032, 0.000, 0.000),0.000,0.000,6.373,1.000,2,0
333919,1000001923679396800,63875742714572,(-0.065, 1.434, 0.287),(-0.023, -0.052, 0.010, 0.998),VALID,(-0.139, 0.441, 0.887),(0.000, 0.000, 0.000),64.325,VALID,(-0.070, 0.442, 0.894),(-0.032, 0.000, 0.000),0.000,0.000,6.415,1.000,VALID,(-0.130, 0.427, 0.895),(0.032, 0.000, 0.000),0.000,0.000,6.373,1.000,0.9968795,0
333920,1000001923684406600,63875742714572,(-0.065, 1.434, 0.287),(-0.023, -0.052, 0.010, 0.998),VALID,(-0.173, 0.409, 0.896),(0.000, 0.000, 0.000),64.325,VALID,(0.103, 0.261, 0.960),(-0.032, 0.000, 0.000),0.000,0.000,6.415,1.000,VALID,(-0.165, 0.394, 0.904),(0.032, 0.000, 0.000),0.000,0.000,6.373,1.000,0.1834158,0
333921,1000001923689428500,63875742714584,(-0.065, 1.434, 0.287),(-0.023, -0.052, 0.010, 0.998),VALID,(-0.218, 0.364, 0.906),(0.000, 0.000, 0.000),64.325,VALID,(0.007, 0.338, 0.941),(-0.032, 0.000, 0.000),0.000,0.000,6.415,1.000,VALID,(-0.211, 0.351, 0.912),(0.032, 0.000, 0.000),0.000,0.000,6.373,1.000,0.2866685,0
333922,1000001923694431600,63875742714584,(-0.065, 1.434, 0.287),(-0.023, -0.052, 0.010, 0.998),VALID,(-0.252, 0.324, 0.912),(0.000, 0.000, 0.000),64.325,VALID,(-0.045, 0.346, 0.937),(-0.032, 0.000, 0.000),0.000,0.000,6.415,1.000,VALID,(-0.247, 0.315, 0.916),(0.032, 0.000, 0.000),0.000,0.000,6.373,0.999,0.3048444,0
333923,1000001923699441400,63875742714595,(-0.065, 1.434, 0.287),(-0.023, -0.052, 0.010, 0.998),VALID,(-0.283, 0.287, 0.915),(0.000, 0.000, 0.000),64.325,VALID,(-0.072, 0.340, 0.938),(-0.032, 0.000, 0.000),0.000,0.000,6.415,1.000,VALID,(-0.280, 0.281, 0.918),(0.032, 0.000, 0.000),0.000,0.000,6.373,0.998,0.2821462,0
333924,1000001923704480400,63875742714595,(-0.065, 1.434, 0.287),(-0.023, -0.052, 0.010, 0.998),VALID,(-0.305, 0.261, 0.916),(0.000, 0.000, 0.000),64.325,VALID,(-0.083, 0.323, 0.943),(-0.032, 0.000, 0.000),0.000,0.000,6.415,1.000,VALID,(-0.303, 0.257, 0.918),(0.032, 0.000, 0.000),0.000,0.000,6.373,0.997,0.263144,0
333925,1000001923709502300,63875742714595,(-0.065, 1.434, 0.287),(-0.023, -0.052, 0.010, 0.998),VALID,(-0.260, 0.248, 0.933),(0.000, 0.000, 0.000),64.325,VALID,(-0.078, 0.275, 0.958),(-0.032, 0.000, 0.000),0.000,0.000,6.415,1.000,VALID,(-0.333, 0.239, 0.912),(0.032, 0.000, 0.000),0.000,0.000,6.373,0.996,0.2376892,0
333926,1000001923714480300,63875742714606,(-0.065, 1.434, 0.287),(-0.023, -0.052, 0.010, 0.998),VALID,(-0.311, 0.237, 0.920),(0.000, 0.000, 0.000),64.325,VALID,(-0.094, 0.279, 0.956),(-0.032, 0.000, 0.000),0.000,0.000,6.415,1.000,VALID,(-0.354, 0.232, 0.906),(0.032, 0.000, 0.000),0.000,0.000,6.373,0.995,0.2279848,0
333927,1000001923719490100,63875742714606,(-0.065, 1.434, 0.287),(-0.023, -0.052, 0.010, 0.998),VALID,(-0.346, 0.226, 0.911),(0.000, 0.000, 0.000),64.325,VALID,(-0.125, 0.278, 0.953),(-0.032, 0.000, 0.000),0.000,0.000,6.415,1.000,VALID,(-0.370, 0.223, 0.902),(0.032, 0.000, 0.000),0.000,0.000,6.373,0.994,0.2375647,0
333928,1000001923724536200,63875742714617,(-0.065, 1.434, 0.287),(-0.023, -0.052, 0.010, 0.998),VALID,(-0.367, 0.218, 0.904),(0.000, 0.000, 0.000),64.325,VALID,(-0.158, 0.276, 0.948),(-0.032, 0.000, 0.000),0.000,0.000,6.415,1.000,VALID,(-0.380, 0.217, 0.899),(0.032, 0.000, 0.000),0.000,0.000,6.373,0.988,0.2564333,0
333929,1000001923729546000,63875742714617,(-0.065, 1.434, 0.287),(-0.023, -0.052, 0.010, 0.998),VALID,(-0.379, 0.213, 0.901),(0.000, 0.000, 0.000),64.325,VALID,(-0.184, 0.273, 0.944),(-0.032, 0.000, 0.000),0.000,0.000,6.415,1.000,VALID,(-0.386, 0.212, 0.898),(0.032, 0.000, 0.000),0.000,0.000,6.373,0.980,0.2760561,0
333930,1000001923734567900,63875742714628,(-0.065, 1.434, 0.287),(-0.023, -0.052, 0.010, 0.998),VALID,(-0.386, 0.210, 0.898),(0.000, 0.000, 0.000),64.325,VALID,(-0.204, 0.272, 0.941),(-0.032, 0.000, 0.000),0.000,0.000,6.415,1.000,VALID,(-0.390, 0.209, 0.897),(0.032, 0.000, 0.000),0.000,0.000,6.373,0.973,0.2941067,0
333931,1000001923739580900,63875742714628,(-0.065, 1.434, 0.287),(-0.023, -0.052, 0.010, 0.998),VALID,(-0.390, 0.207, 0.897),(0.000, 0.000, 0.000),64.325,VALID,(-0.217, 0.270, 0.938),(-0.032, 0.000, 0.000),0.000,0.000,6.415,1.000,VALID,(-0.392, 0.207, 0.896),(0.032, 0.000, 0.000),0.000,0.000,6.373,0.966,0.3076143,0
333932,1000001923744602800,63875742714640,(-0.065, 1.434, 0.288),(-0.023, -0.052, 0.010, 0.998),VALID,(-0.392, 0.206, 0.897),(0.000, 0.000, 0.000),64.325,VALID,(-0.226, 0.270, 0.936),(-0.032, 0.000, 0.000),0.000,0.000,6.415,1.000,VALID,(-0.393, 0.206, 0.896),(0.032, 0.000, 0.000),0.000,0.000,6.373,0.960,0.3175348,0
333933,1000001923749612600,63875742714640,(-0.065, 1.434, 0.288),(-0.023, -0.052, 0.010, 0.998),VALID,(-0.393, 0.204, 0.897),(0.000, 0.000, 0.000),64.325,VALID,(-0.232, 0.269, 0.935),(-0.032, 0.000, 0.000),0.000,0.000,6.415,1.000,VALID,(-0.394, 0.204, 0.896),(0.032, 0.000, 0.000),0.000,0.000,6.373,0.954,0.3241592,0
333934,1000001923754634500,63875742714640,(-0.065, 1.434, 0.288),(-0.023, -0.052, 0.010, 0.998),VALID,(-0.394, 0.203, 0.897),(0.000, 0.000, 0.000),64.325,VALID,(-0.236, 0.269, 0.934),(-0.032, 0.000, 0.000),0.000,0.000,6.415,1.000,VALID,(-0.394, 0.203, 0.896),(0.032, 0.000, 0.000),0.000,0.000,6.373,0.950,0.3278143,0
333935,1000001923759656400,63875742714651,(-0.065, 1.434, 0.288),(-0.023, -0.052, 0.010, 0.998),VALID,(-0.394, 0.201, 0.897),(0.000, 0.000, 0.000),64.325,VALID,(-0.239, 0.269, 0.933),(-0.032, 0.000, 0.000),0.000,0.000,6.415,1.000,VALID,(-0.395, 0.201, 0.896),(0.032, 0.000, 0.000),0.000,0.000,6.373,0.946,0.3298272,0
333936,1000001923764678300,63875742714661,(-0.065, 1.434, 0.288),(-0.023, -0.052, 0.010, 0.998),VALID,(-0.395, 0.200, 0.897),(0.000, 0.000, 0.000),64.325,VALID,(-0.241, 0.269, 0.933),(-0.032, 0.000, 0.000),0.000,0.000,6.415,1.000,VALID,(-0.395, 0.200, 0.897),(0.032, 0.000, 0.000),0.000,0.000,6.373,0.944,0.3308657,0
333937,1000001923769612200,63875742714661,(-0.065, 1.434, 0.288),(-0.023, -0.052, 0.010, 0.998),VALID,(-0.395, 0.200, 0.897),(0.000, 0.000, 0.000),64.325,VALID,(-0.242, 0.269, 0.932),(-0.032, 0.000, 0.000),0.000,0.000,6.415,1.000,VALID,(-0.395, 0.200, 0.897),(0.032, 0.000, 0.000),0.000,0.000,6.373,0.942,0.3315099,0
333938,1000001923774622000,63875742714661,(-0.065, 1.434, 0.288),(-0.023, -0.052, 0.010, 0.998),VALID,(-0.395, 0.199, 0.897),(0.000, 0.000, 0.000),64.325,VALID,(-0.243, 0.269, 0.932),(-0.032, 0.000, 0.000),0.000,0.000,6.415,1.000,VALID,(-0.395, 0.199, 0.897),(0.032, 0.000, 0.000),0.000,0.000,6.373,0.941,0.3324755,0
333939,1000001923779645900,63875742714673,(-0.065, 1.434, 0.288),(-0.023, -0.052, 0.010, 0.998),VALID,(-0.395, 0.199, 0.897),(0.000, 0.000, 0.000),64.325,VALID,(-0.244, 0.269, 0.932),(-0.032, 0.000, 0.000),0.000,0.000,6.415,1.000,VALID,(-0.395, 0.199, 0.897),(0.032, 0.000, 0.000),0.000,0.000,6.373,0.939,0.333091,0
333940,1000001923784655700,63875742714673,(-0.065, 1.434, 0.288),(-0.023, -0.052, 0.010, 0.998),VALID,(-0.395, 0.199, 0.897),(0.000, 0.000, 0.000),64.325,VALID,(-0.245, 0.270, 0.931),(-0.032, 0.000, 0.000),0.000,0.000,6.415,1.000,VALID,(-0.395, 0.198, 0.897),(0.032, 0.000, 0.000),0.000,0.000,6.373,0.938,0.3337727,0
333941,1000001923789676300,63875742714684,(-0.065, 1.434, 0.288),(-0.023, -0.052, 0.010, 0.998),VALID,(-0.394, 0.198, 0.897),(0.000, 0.000, 0.000),64.325,VALID,(-0.245, 0.270, 0.931),(-0.032, 0.000, 0.000),0.527,3.379,6.415,1.000,VALID,(-0.394, 0.198, 0.897),(0.032, 0.000, 0.000),0.591,3.764,6.373,0.937,0.3343504,0
333942,1000001923794686100,63875742714684,(-0.065, 1.434, 0.288),(-0.023, -0.052, 0.010, 0.998),VALID,(-0.394, 0.198, 0.897),(0.000, 0.000, 0.000),64.325,VALID,(-0.246, 0.270, 0.931),(-0.032, 0.000, 0.000),0.527,3.379,6.415,1.000,VALID,(-0.394, 0.198, 0.897),(0.032, 0.000, 0.000),0.591,3.764,6.373,0.936,0.3348802,0
333943,1000001923799706700,63875742714695,(-0.065, 1.434, 0.288),(-0.023, -0.052, 0.010, 0.998),VALID,(-0.394, 0.198, 0.898),(0.000, 0.000, 0.000),64.325,VALID,(-0.246, 0.270, 0.931),(-0.032, 0.000, 0.000),0.527,3.379,6.415,1.000,VALID,(-0.394, 0.198, 0.898),(0.032, 0.000, 0.000),0.591,3.764,6.373,0.935,0.3353146,0
333944,1000001923804727300,63875742714695,(-0.065, 1.434, 0.288),(-0.023, -0.052, 0.010, 0.998),VALID,(-0.393, 0.198, 0.898),(0.000, 0.000, 0.000),64.325,VALID,(-0.246, 0.270, 0.931),(-0.032, 0.000, 0.000),0.527,3.379,6.415,1.000,VALID,(-0.394, 0.198, 0.898),(0.032, 0.000, 0.000),0.591,3.764,6.373,0.934,0.3357674,0
333945,1000001923809747900,63875742714707,(-0.065, 1.434, 0.288),(-0.023, -0.052, 0.010, 0.998),VALID,(-0.393, 0.198, 0.898),(0.000, 0.000, 0.000),64.325,VALID,(-0.246, 0.271, 0.931),(-0.032, 0.000, 0.000),0.527,3.379,6.415,1.000,VALID,(-0.393, 0.198, 0.898),(0.032, 0.000, 0.000),0.591,3.765,6.373,0.933,0.33628,0.7677422
333946,1000001923814785100,63875742714707,(-0.065, 1.434, 0.288),(-0.023, -0.052, 0.010, 0.998),VALID,(-0.393, 0.198, 0.898),(0.000, 0.000, 0.000),64.325,VALID,(-0.246, 0.271, 0.931),(-0.032, 0.000, 0.000),0.527,3.380,6.415,1.000,VALID,(-0.393, 0.198, 0.898),(0.032, 0.000, 0.000),0.591,3.765,6.373,0.933,0.3366283,0.962872
333947,1000001923819812000,63875742714707,(-0.065, 1.434, 0.288),(-0.023, -0.052, 0.010, 0.998),VALID,(-0.392, 0.198, 0.898),(0.000, 0.000, 0.000),64.325,VALID,(-0.247, 0.271, 0.930),(-0.032, 0.000, 0.000),0.527,3.381,6.415,1.000,VALID,(-0.392, 0.198, 0.898),(0.032, 0.000, 0.000),0.591,3.766,6.373,0.932,0.3370551,1
333948,1000001923824854300,63875742714717,(-0.065, 1.434, 0.288),(-0.023, -0.052, 0.010, 0.998),VALID,(-0.392, 0.198, 0.898),(0.000, 0.000, 0.000),64.325,VALID,(-0.247, 0.271, 0.930),(-0.032, 0.000, 0.000),0.527,3.383,6.415,1.000,VALID,(-0.392, 0.198, 0.898),(0.032, 0.000, 0.000),0.591,3.767,6.373,0.932,0.3375633,1
333949,1000001923829874900,63875742714717,(-0.065, 1.434, 0.288),(-0.023, -0.052, 0.010, 0.998),VALID,(-0.392, 0.198, 0.899),(0.000, 0.000, 0.000),64.325,VALID,(-0.247, 0.271, 0.930),(-0.032, 0.000, 0.000),0.528,3.385,6.415,1.000,VALID,(-0.392, 0.198, 0.899),(0.032, 0.000, 0.000),0.591,3.769,6.373,0.931,0.338341,1
333950,1000001923834917200,63875742714729,(-0.066, 1.435, 0.288),(-0.023, -0.052, 0.010, 0.998),VALID,(-0.391, 0.198, 0.899),(0.000, 0.000, 0.000),64.325,VALID,(-0.247, 0.272, 0.930),(-0.032, 0.000, 0.000),0.528,3.387,6.415,1.000,VALID,(-0.391, 0.198, 0.899),(0.032, 0.000, 0.000),0.592,3.771,6.373,0.930,0.3390515,1
333951,1000001923839959500,63875742714729,(-0.066, 1.435, 0.288),(-0.023, -0.052, 0.010, 0.998),VALID,(-0.391, 0.198, 0.899),(0.000, 0.000, 0.000),64.325,VALID,(-0.247, 0.272, 0.930),(-0.032, 0.000, 0.000),0.528,3.388,6.415,1.000,VALID,(-0.391, 0.198, 0.899),(0.032, 0.000, 0.000),0.592,3.773,6.373,0.930,0.3397885,1
333952,1000001923845017100,63875742714740,(-0.066, 1.434, 0.288),(-0.023, -0.052, 0.010, 0.998),VALID,(-0.391, 0.198, 0.899),(0.000, 0.000, 0.000),64.325,VALID,(-0.247, 0.272, 0.930),(-0.032, 0.000, 0.000),0.528,3.389,6.415,1.000,VALID,(-0.391, 0.198, 0.899),(0.032, 0.000, 0.000),0.592,3.774,6.373,0.929,0.3405514,1
333953,1000001923850037700,63875742714740,(-0.066, 1.434, 0.288),(-0.023, -0.052, 0.010, 0.998),VALID,(-0.390, 0.198, 0.899),(0.000, 0.000, 0.000),64.325,VALID,(-0.247, 0.272, 0.930),(-0.032, 0.000, 0.000),0.529,3.392,6.415,1.000,VALID,(-0.390, 0.198, 0.899),(0.032, 0.000, 0.000),0.592,3.776,6.373,0.929,0.3413422,1
333954,1000001923854827000,63875742714751,(-0.066, 1.435, 0.288),(-0.023, -0.052, 0.010, 0.998),VALID,(-0.390, 0.199, 0.899),(0.000, 0.000, 0.000),64.325,VALID,(-0.247, 0.272, 0.930),(-0.032, 0.000, 0.000),0.529,3.394,6.415,1.000,VALID,(-0.390, 0.199, 0.899),(0.032, 0.000, 0.000),0.593,3.778,6.373,0.928,0.3420183,1
333955,1000001923859847600,63875742714751,(-0.066, 1.435, 0.288),(-0.023, -0.052, 0.010, 0.998),VALID,(-0.390, 0.199, 0.899),(0.000, 0.000, 0.000),64.325,VALID,(-0.248, 0.272, 0.930),(-0.032, 0.000, 0.000),0.529,3.396,6.415,1.000,VALID,(-0.390, 0.199, 0.899),(0.032, 0.000, 0.000),0.593,3.780,6.373,0.928,0.3427036,1
333956,1000001923864860700,63875742714751,(-0.066, 1.435, 0.288),(-0.023, -0.052, 0.010, 0.998),VALID,(-0.389, 0.199, 0.899),(0.000, 0.000, 0.000),64.325,VALID,(-0.248, 0.272, 0.930),(-0.032, 0.000, 0.000),0.530,3.397,6.415,1.000,VALID,(-0.389, 0.199, 0.899),(0.032, 0.000, 0.000),0.593,3.782,6.373,0.928,0.3433118,1
333957,1000001923869892500,63875742714762,(-0.066, 1.435, 0.288),(-0.023, -0.052, 0.010, 0.998),VALID,(-0.389, 0.199, 0.900),(0.000, 0.000, 0.000),64.325,VALID,(-0.248, 0.272, 0.930),(-0.032, 0.000, 0.000),0.530,3.399,6.415,1.000,VALID,(-0.389, 0.199, 0.900),(0.032, 0.000, 0.000),0.594,3.784,6.373,0.927,0.3437822,1
333958,1000001923874911100,63875742714762,(-0.066, 1.435, 0.288),(-0.023, -0.052, 0.010, 0.998),VALID,(-0.389, 0.199, 0.900),(0.000, 0.000, 0.000),64.325,VALID,(-0.248, 0.272, 0.930),(-0.032, 0.000, 0.000),0.530,3.401,6.415,1.000,VALID,(-0.389, 0.199, 0.900),(0.032, 0.000, 0.000),0.594,3.785,6.373,0.927,0.3442265,1
333959,1000001923879931700,63875742714772,(-0.066, 1.435, 0.288),(-0.023, -0.052, 0.010, 0.998),VALID,(-0.388, 0.199, 0.900),(0.000, 0.000, 0.000),64.325,VALID,(-0.248, 0.272, 0.930),(-0.032, 0.000, 0.000),0.531,3.403,6.415,1.000,VALID,(-0.389, 0.199, 0.900),(0.032, 0.000, 0.000),0.594,3.787,6.373,0.926,0.3445774,1
333960,1000001923884950300,63875742714772,(-0.066, 1.435, 0.288),(-0.023, -0.052, 0.010, 0.998),VALID,(-0.388, 0.199, 0.900),(0.000, 0.000, 0.000),64.325,VALID,(-0.248, 0.272, 0.930),(-0.032, 0.000, 0.000),0.531,3.405,6.415,1.000,VALID,(-0.388, 0.199, 0.900),(0.032, 0.000, 0.000),0.594,3.788,6.373,0.926,0.3449264,1
333961,1000001923889970900,63875742714784,(-0.066, 1.435, 0.288),(-0.023, -0.052, 0.010, 0.998),VALID,(-0.388, 0.199, 0.900),(0.000, 0.000, 0.000),64.325,VALID,(-0.248, 0.273, 0.930),(-0.032, 0.000, 0.000),0.532,3.410,6.415,1.000,VALID,(-0.388, 0.199, 0.900),(0.032, 0.000, 0.000),0.595,3.790,6.373,0.925,0.3448175,1
333962,1000001923894991500,63875742714784,(-0.066, 1.435, 0.288),(-0.023, -0.052, 0.010, 0.998),VALID,(-0.388, 0.199, 0.900),(0.000, 0.000, 0.000),64.325,VALID,(-0.248, 0.273, 0.929),(-0.032, 0.000, 0.000),0.532,3.415,6.415,1.000,VALID,(-0.388, 0.199, 0.900),(0.032, 0.000, 0.000),0.595,3.792,6.373,0.925,0.3448277,1
333963,1000001923900035800,63875742714795,(-0.066, 1.435, 0.288),(-0.023, -0.052, 0.010, 0.998),VALID,(-0.388, 0.199, 0.900),(0.000, 0.000, 0.000),64.325,VALID,(-0.248, 0.273, 0.929),(-0.032, 0.000, 0.000),0.533,3.420,6.415,1.000,VALID,(-0.388, 0.199, 0.900),(0.032, 0.000, 0.000),0.595,3.793,6.373,0.925,0.3446564,1
333964,1000001923905054400,63875742714795,(-0.066, 1.435, 0.288),(-0.023, -0.052, 0.010, 0.998),VALID,(-0.388, 0.199, 0.900),(0.000, 0.000, 0.000),64.325,VALID,(-0.248, 0.274, 0.929),(-0.032, 0.000, 0.000),0.534,3.424,6.415,1.000,VALID,(-0.388, 0.199, 0.900),(0.032, 0.000, 0.000),0.595,3.794,6.373,0.924,0.3445573,1
333965,1000001923909973700,63875742714795,(-0.066, 1.435, 0.288),(-0.023, -0.052, 0.010, 0.998),VALID,(-0.388, 0.199, 0.900),(0.000, 0.000, 0.000),64.325,VALID,(-0.248, 0.274, 0.929),(-0.032, 0.000, 0.000),0.534,3.426,6.415,1.000,VALID,(-0.388, 0.199, 0.900),(0.032, 0.000, 0.000),0.596,3.795,6.373,0.924,0.3445529,1
333966,1000001923914962600,63875742714806,(-0.066, 1.435, 0.289),(-0.023, -0.052, 0.010, 0.998),VALID,(-0.387, 0.199, 0.900),(0.000, 0.000, 0.000),64.325,VALID,(-0.248, 0.274, 0.929),(-0.032, 0.000, 0.000),0.534,3.428,6.415,1.000,VALID,(-0.388, 0.199, 0.900),(0.032, 0.000, 0.000),0.596,3.796,6.373,0.923,0.34458,1
333967,1000001923919974900,63875742714806,(-0.066, 1.435, 0.289),(-0.023, -0.052, 0.010, 0.998),VALID,(-0.386, 0.199, 0.901),(0.000, 0.000, 0.000),64.325,VALID,(-0.249, 0.274, 0.929),(-0.032, 0.000, 0.000),0.534,3.428,6.415,1.000,VALID,(-0.386, 0.199, 0.901),(0.032, 0.000, 0.000),0.595,3.793,6.373,0.923,0.3478462,0.8078331
333968,1000001923924987200,63875742714818,(-0.066, 1.435, 0.289),(-0.023, -0.052, 0.010, 0.998),VALID,(-0.384, 0.200, 0.901),(0.000, 0.000, 0.000),64.325,VALID,(-0.249, 0.274, 0.929),(-0.032, 0.000, 0.000),0.534,3.428,6.415,1.000,VALID,(-0.384, 0.200, 0.901),(0.032, 0.000, 0.000),0.594,3.783,6.373,0.923,0.3518286,0.8239878
333969,1000001923929999500,63875742714818,(-0.066, 1.435, 0.289),(-0.023, -0.052, 0.010, 0.998),VALID,(-0.382, 0.200, 0.902),(0.000, 0.000, 0.000),64.325,VALID,(-0.249, 0.274, 0.929),(-0.032, 0.000, 0.000),0.534,3.428,6.415,1.000,VALID,(-0.382, 0.200, 0.902),(0.032, 0.000, 0.000),0.591,3.768,6.373,0.923,0.3562556,0.8211728
333970,1000001923935011800,63875742714829,(-0.066, 1.435, 0.289),(-0.023, -0.052, 0.010, 0.998),VALID,(-0.380, 0.200, 0.903),(0.000, 0.000, 0.000),64.325,VALID,(-0.249, 0.274, 0.929),(-0.032, 0.000, 0.000),0.534,3.428,6.415,1.000,VALID,(-0.380, 0.201, 0.903),(0.032, 0.000, 0.000),0.589,3.752,6.373,0.922,0.3606963,0.8117902
333971,1000001923940018900,63875742714829,(-0.066, 1.435, 0.289),(-0.023, -0.052, 0.010, 0.998),VALID,(-0.378, 0.201, 0.904),(0.000, 0.000, 0.000),64.325,VALID,(-0.249, 0.274, 0.929),(-0.032, 0.000, 0.000),0.534,3.429,6.415,1.000,VALID,(-0.377, 0.201, 0.904),(0.032, 0.000, 0.000),0.586,3.735,6.373,0.922,0.3648957,0.814765
333972,1000001923945035400,63875742714840,(-0.066, 1.435, 0.289),(-0.023, -0.052, 0.010, 0.998),VALID,(-0.376, 0.201, 0.905),(0.000, 0.000, 0.000),64.325,VALID,(-0.249, 0.274, 0.929),(-0.032, 0.000, 0.000),0.535,3.430,6.415,1.000,VALID,(-0.376, 0.201, 0.905),(0.032, 0.000, 0.000),0.585,3.729,6.373,0.921,0.3689541,0.8216612
333973,1000001923950042500,63875742714840,(-0.066, 1.435, 0.289),(-0.023, -0.052, 0.010, 0.998),VALID,(-0.374, 0.201, 0.905),(0.000, 0.000, 0.000),64.325,VALID,(-0.249, 0.274, 0.929),(-0.032, 0.000, 0.000),0.535,3.433,6.415,1.000,VALID,(-0.374, 0.201, 0.905),(0.032, 0.000, 0.000),0.585,3.726,6.373,0.921,0.373171,0.8013351
333974,1000001923955054800,63875742714840,(-0.066, 1.435, 0.289),(-0.023, -0.052, 0.010, 0.998),VALID,(-0.371, 0.202, 0.906),(0.000, 0.000, 0.000),64.325,VALID,(-0.249, 0.274, 0.929),(-0.032, 0.000, 0.000),0.535,3.434,6.415,1.000,VALID,(-0.371, 0.202, 0.906),(0.032, 0.000, 0.000),0.584,3.725,6.373,0.920,0.3790873,0.7249795
333975,1000001923960150600,63875742714851,(-0.066, 1.435, 0.289),(-0.023, -0.052, 0.010, 0.998),VALID,(-0.369, 0.203, 0.907),(0.000, 0.000, 0.000),64.325,VALID,(-0.249, 0.274, 0.929),(-0.032, 0.000, 0.000),0.536,3.435,6.415,1.000,VALID,(-0.369, 0.203, 0.907),(0.032, 0.000, 0.000),0.584,3.723,6.373,0.920,0.3858325,0.7035435
333976,1000001923965162900,63875742714851,(-0.066, 1.435, 0.289),(-0.023, -0.052, 0.010, 0.998),VALID,(-0.368, 0.203, 0.907),(0.000, 0.000, 0.000),64.325,VALID,(-0.250, 0.274, 0.929),(-0.032, 0.000, 0.000),0.536,3.438,6.415,0.999,VALID,(-0.367, 0.203, 0.908),(0.032, 0.000, 0.000),0.584,3.721,6.373,0.921,0.3914085,0.649322
333977,1000001923970145400,63875742714862,(-0.066, 1.435, 0.289),(-0.024, -0.052, 0.010, 0.998),VALID,(-0.367, 0.204, 0.908),(0.000, 0.000, 0.000),64.325,VALID,(-0.251, 0.273, 0.929),(-0.032, 0.000, 0.000),0.536,3.438,6.415,0.998,VALID,(-0.367, 0.204, 0.908),(0.032, 0.000, 0.000),0.584,3.720,6.373,0.921,0.3959559,0.5887185
333978,1000001923975157700,63875742714862,(-0.066, 1.435, 0.289),(-0.024, -0.052, 0.010, 0.998),VALID,(-0.367, 0.204, 0.908),(0.000, 0.000, 0.000),64.325,VALID,(-0.252, 0.273, 0.929),(-0.032, 0.000, 0.000),0.536,3.438,6.415,0.996,VALID,(-0.367, 0.204, 0.908),(0.032, 0.000, 0.000),0.584,3.719,6.373,0.922,0.3994677,0.5508438
333979,1000001923980150000,63875742714872,(-0.066, 1.435, 0.289),(-0.023, -0.052, 0.010, 0.998),VALID,(-0.368, 0.204, 0.907),(0.000, 0.000, 0.000),64.325,VALID,(-0.253, 0.272, 0.928),(-0.032, 0.000, 0.000),0.536,3.437,6.415,0.995,VALID,(-0.368, 0.204, 0.907),(0.032, 0.000, 0.000),0.583,3.717,6.373,0.922,0.4023769,0.5144076
333980,1000001923985150100,63875742714872,(-0.066, 1.435, 0.289),(-0.023, -0.052, 0.010, 0.998),VALID,(-0.368, 0.204, 0.907),(0.000, 0.000, 0.000),64.325,VALID,(-0.254, 0.272, 0.928),(-0.032, 0.000, 0.000),0.536,3.436,6.415,0.995,VALID,(-0.368, 0.204, 0.907),(0.032, 0.000, 0.000),0.583,3.716,6.373,0.923,0.4053851,0.4971407
333981,1000001923990157200,63875742714885,(-0.066, 1.435, 0.289),(-0.023, -0.052, 0.010, 0.998),VALID,(-0.369, 0.204, 0.907),(0.000, 0.000, 0.000),64.325,VALID,(-0.256, 0.272, 0.928),(-0.032, 0.000, 0.000),0.536,3.436,6.415,0.995,VALID,(-0.369, 0.204, 0.907),(0.032, 0.000, 0.000),0.583,3.714,6.373,0.923,0.408046,0.4815965
333982,1000001923995159200,63875742714885,(-0.066, 1.435, 0.289),(-0.023, -0.052, 0.010, 0.998),VALID,(-0.369, 0.204, 0.907),(0.000, 0.000, 0.000),64.325,VALID,(-0.257, 0.271, 0.928),(-0.032, 0.000, 0.000),0.536,3.436,6.415,0.994,VALID,(-0.369, 0.204, 0.907),(0.032, 0.000, 0.000),0.582,3.712,6.373,0.924,0.4110127,0.4786633
333983,1000001924000166300,63875742714895,(-0.066, 1.435, 0.289),(-0.023, -0.052, 0.010, 0.998),VALID,(-0.369, 0.204, 0.907),(0.000, 0.000, 0.000),64.325,VALID,(-0.258, 0.271, 0.927),(-0.032, 0.000, 0.000),0.535,3.433,6.415,0.993,VALID,(-0.369, 0.204, 0.907),(0.032, 0.000, 0.000),0.582,3.710,6.373,0.924,0.4137424,0.4697075
333984,1000001924005166400,63875742714895,(-0.066, 1.435, 0.289),(-0.023, -0.052, 0.010, 0.998),VALID,(-0.370, 0.204, 0.906),(0.000, 0.000, 0.000),64.325,VALID,(-0.260, 0.271, 0.927),(-0.032, 0.000, 0.000),0.535,3.431,6.415,0.992,VALID,(-0.370, 0.204, 0.906),(0.032, 0.000, 0.000),0.582,3.707,6.373,0.925,0.4159456,0.4599441
333985,1000001924010187300,63875742714906,(-0.066, 1.435, 0.289),(-0.023, -0.052, 0.010, 0.998),VALID,(-0.370, 0.204, 0.906),(0.000, 0.000, 0.000),64.325,VALID,(-0.261, 0.271, 0.927),(-0.032, 0.000, 0.000),0.535,3.429,6.415,0.992,VALID,(-0.370, 0.204, 0.906),(0.032, 0.000, 0.000),0.581,3.703,6.373,0.925,0.4176743,0.4423219
333986,1000001924015195500,63875742714906,(-0.066, 1.435, 0.289),(-0.023, -0.052, 0.010, 0.998),VALID,(-0.370, 0.204, 0.906),(0.000, 0.000, 0.000),64.325,VALID,(-0.262, 0.270, 0.927),(-0.032, 0.000, 0.000),0.534,3.428,6.415,0.992,VALID,(-0.370, 0.204, 0.906),(0.032, 0.000, 0.000),0.580,3.698,6.373,0.926,0.4194196,0.7586347
333987,1000001924020275800,63875742714910,(-0.066, 1.435, 0.289),(-0.023, -0.052, 0.010, 0.998),VALID,(-0.371, 0.204, 0.906),(0.000, 0.000, 0.000),64.325,VALID,(-0.263, 0.270, 0.926),(-0.032, 0.000, 0.000),0.534,3.426,6.415,0.992,VALID,(-0.371, 0.204, 0.906),(0.032, 0.000, 0.000),0.579,3.691,6.373,0.926,0.4207336,0.7406514
333988,1000001924025282900,63875742714944,(-0.066, 1.435, 0.289),(-0.023, -0.052, 0.010, 0.998),VALID,(-0.371, 0.204, 0.906),(0.000, 0.000, 0.000),64.325,VALID,(-0.263, 0.270, 0.926),(-0.032, 0.000, 0.000),0.534,3.426,6.415,0.991,VALID,(-0.371, 0.204, 0.906),(0.032, 0.000, 0.000),0.578,3.685,6.373,0.926,0.4218003,0.7439145
333989,1000001924030281200,63875742714945,(-0.066, 1.435, 0.289),(-0.023, -0.052, 0.010, 0.998),VALID,(-0.371, 0.204, 0.906),(0.000, 0.000, 0.000),64.325,VALID,(-0.264, 0.270, 0.926),(-0.032, 0.000, 0.000),0.533,3.421,6.415,0.991,VALID,(-0.371, 0.204, 0.906),(0.032, 0.000, 0.000),0.578,3.681,6.373,0.926,0.4228998,0.7516216
333990,1000001924035281200,63875742714945,(-0.066, 1.435, 0.289),(-0.023, -0.052, 0.010, 0.998),VALID,(-0.371, 0.204, 0.906),(0.000, 0.000, 0.000),64.325,VALID,(-0.264, 0.269, 0.926),(-0.032, 0.000, 0.000),0.533,3.416,6.415,0.991,VALID,(-0.371, 0.204, 0.906),(0.032, 0.000, 0.000),0.577,3.677,6.373,0.926,0.4238357,0.7535411
333991,1000001924040281500,63875742714945,(-0.066, 1.435, 0.289),(-0.023, -0.052, 0.010, 0.998),VALID,(-0.371, 0.204, 0.906),(0.000, 0.000, 0.000),64.325,VALID,(-0.265, 0.269, 0.926),(-0.032, 0.000, 0.000),0.532,3.413,6.415,0.991,VALID,(-0.371, 0.204, 0.906),(0.032, 0.000, 0.000),0.576,3.674,6.373,0.927,0.4246192,0.7472797
333992,1000001924045285200,63875742714945,(-0.066, 1.435, 0.289),(-0.023, -0.052, 0.010, 0.998),VALID,(-0.372, 0.204, 0.906),(0.000, 0.000, 0.000),64.325,VALID,(-0.265, 0.269, 0.926),(-0.032, 0.000, 0.000),0.532,3.411,6.415,0.990,VALID,(-0.372, 0.204, 0.906),(0.032, 0.000, 0.000),0.576,3.668,6.373,0.927,0.425178,0.7733214
333993,1000001924050285300,63875742714945,(-0.066, 1.435, 0.289),(-0.023, -0.052, 0.010, 0.998),VALID,(-0.372, 0.203, 0.906),(0.000, 0.000, 0.000),64.325,VALID,(-0.265, 0.269, 0.926),(-0.032, 0.000, 0.000),0.531,3.409,6.415,0.990,VALID,(-0.372, 0.203, 0.906),(0.032, 0.000, 0.000),0.575,3.663,6.373,0.927,0.4256598,0.8444867
333994,1000001924055289000,63875742714945,(-0.066, 1.435, 0.289),(-0.023, -0.052, 0.010, 0.998),VALID,(-0.372, 0.203, 0.906),(0.000, 0.000, 0.000),64.325,VALID,(-0.266, 0.269, 0.926),(-0.032, 0.000, 0.000),0.531,3.406,6.415,0.989,VALID,(-0.372, 0.203, 0.906),(0.032, 0.000, 0.000),0.574,3.656,6.373,0.927,0.4259835,0.8545471
333995,1000001924060289100,63875742714953,(-0.066, 1.435, 0.289),(-0.023, -0.052, 0.010, 0.998),VALID,(-0.372, 0.203, 0.906),(0.000, 0.000, 0.000),64.325,VALID,(-0.266, 0.269, 0.926),(-0.032, 0.000, 0.000),0.530,3.403,6.415,0.988,VALID,(-0.372, 0.203, 0.906),(0.032, 0.000, 0.000),0.572,3.647,6.373,0.927,0.425741,0.9102077
333996,1000001924065362700,63875742714965,(-0.066, 1.435, 0.289),(-0.024, -0.052, 0.010, 0.998),VALID,(-0.373, 0.203, 0.905),(0.000, 0.000, 0.000),64.325,VALID,(-0.266, 0.269, 0.926),(-0.032, 0.000, 0.000),0.529,3.397,6.415,0.988,VALID,(-0.373, 0.203, 0.906),(0.032, 0.000, 0.000),0.571,3.640,6.373,0.927,0.425315,0.9687347
333997,1000001924070355200,63875742714965,(-0.066, 1.435, 0.289),(-0.024, -0.052, 0.010, 0.998),VALID,(-0.373, 0.203, 0.905),(0.000, 0.000, 0.000),64.325,VALID,(-0.266, 0.269, 0.926),(-0.032, 0.000, 0.000),0.529,3.391,6.415,0.988,VALID,(-0.373, 0.203, 0.905),(0.032, 0.000, 0.000),0.571,3.636,6.373,0.927,0.4246962,1
333998,1000001924075355300,63875742714975,(-0.066, 1.435, 0.289),(-0.023, -0.052, 0.010, 0.998),VALID,(-0.373, 0.203, 0.905),(0.000, 0.000, 0.000),64.325,VALID,(-0.266, 0.269, 0.926),(-0.032, 0.000, 0.000),0.528,3.387,6.415,0.988,VALID,(-0.373, 0.203, 0.905),(0.032, 0.000, 0.000),0.570,3.632,6.373,0.927,0.4239905,1
333999,1000001924080355300,63875742714985,(-0.066, 1.435, 0.289),(-0.023, -0.052, 0.010, 0.998),VALID,(-0.373, 0.203, 0.905),(0.000, 0.000, 0.000),64.325,VALID,(-0.267, 0.269, 0.926),(-0.032, 0.000, 0.000),0.528,3.384,6.415,0.988,VALID,(-0.373, 0.203, 0.905),(0.032, 0.000, 0.000),0.569,3.629,6.373,0.927,0.4232706,1
334000,1000001924085369600,63875742715005,(-0.066, 1.435, 0.289),(-0.023, -0.052, 0.010, 0.998),VALID,(-0.374, 0.203, 0.905),(0.000, 0.000, 0.000),64.325,VALID,(-0.267, 0.269, 0.926),(-0.032, 0.000, 0.000),0.527,3.382,6.415,0.986,VALID,(-0.374, 0.203, 0.905),(0.032, 0.000, 0.000),0.568,3.623,6.373,0.927,0.4223531,1
334001,1000001924090391400,63875742715005,(-0.066, 1.435, 0.289),(-0.023, -0.052, 0.010, 0.998),VALID,(-0.374, 0.203, 0.905),(0.000, 0.000, 0.000),64.325,VALID,(-0.267, 0.269, 0.925),(-0.032, 0.000, 0.000),0.527,3.380,6.415,0.986,VALID,(-0.374, 0.203, 0.905),(0.032, 0.000, 0.000),0.567,3.616,6.373,0.927,0.4213023,1
334002,1000001924095406000,63875742715005,(-0.066, 1.435, 0.289),(-0.023, -0.052, 0.010, 0.998),VALID,(-0.374, 0.203, 0.905),(0.000, 0.000, 0.000),64.325,VALID,(-0.267, 0.269, 0.925),(-0.032, 0.000, 0.000),0.527,3.378,6.415,0.986,VALID,(-0.374, 0.203, 0.905),(0.032, 0.000, 0.000),0.566,3.609,6.373,0.927,0.4202126,1
334003,1000001924100438500,63875742715005,(-0.066, 1.435, 0.289),(-0.023, -0.052, 0.010, 0.998),VALID,(-0.374, 0.202, 0.905),(0.000, 0.000, 0.000),64.325,VALID,(-0.267, 0.269, 0.925),(-0.032, 0.000, 0.000),0.525,3.371,6.415,0.986,VALID,(-0.374, 0.202, 0.905),(0.032, 0.000, 0.000),0.565,3.603,6.373,0.927,0.4191883,1
334004,1000001924105442200,63875742715017,(-0.066, 1.435, 0.289),(-0.023, -0.052, 0.010, 0.998),VALID,(-0.375, 0.202, 0.905),(0.000, 0.000, 0.000),64.325,VALID,(-0.267, 0.269, 0.925),(-0.032, 0.000, 0.000),0.525,3.366,6.415,0.985,VALID,(-0.375, 0.202, 0.905),(0.032, 0.000, 0.000),0.564,3.596,6.373,0.926,0.4180197,1
334005,1000001924110450400,63875742715017,(-0.066, 1.435, 0.289),(-0.023, -0.052, 0.010, 0.998),VALID,(-0.375, 0.202, 0.905),(0.000, 0.000, 0.000),64.325,VALID,(-0.267, 0.269, 0.925),(-0.032, 0.000, 0.000),0.524,3.361,6.415,0.985,VALID,(-0.375, 0.202, 0.905),(0.032, 0.000, 0.000),0.563,3.590,6.373,0.926,0.4168366,1
334006,1000001924115467600,63875742715025,(-0.066, 1.435, 0.289),(-0.023, -0.052, 0.010, 0.998),VALID,(-0.375, 0.202, 0.905),(0.000, 0.000, 0.000),64.325,VALID,(-0.267, 0.269, 0.925),(-0.032, 0.000, 0.000),0.523,3.358,6.415,0.985,VALID,(-0.375, 0.202, 0.905),(0.032, 0.000, 0.000),0.562,3.584,6.373,0.926,0.415538,1
334007,1000001924120482300,63875742715025,(-0.066, 1.435, 0.289),(-0.023, -0.052, 0.010, 0.998),VALID,(-0.375, 0.201, 0.905),(0.000, 0.000, 0.000),64.325,VALID,(-0.267, 0.269, 0.925),(-0.032, 0.000, 0.000),0.523,3.354,6.415,0.985,VALID,(-0.375, 0.201, 0.905),(0.032, 0.000, 0.000),0.562,3.579,6.373,0.926,0.4142182,1
334008,1000001924125492100,63875742715037,(-0.066, 1.435, 0.289),(-0.023, -0.052, 0.010, 0.998),VALID,(-0.375, 0.201, 0.905),(0.000, 0.000, 0.000),64.325,VALID,(-0.267, 0.269, 0.925),(-0.032, 0.000, 0.000),0.522,3.348,6.415,0.985,VALID,(-0.375, 0.201, 0.905),(0.032, 0.000, 0.000),0.561,3.573,6.373,0.926,0.4128976,1
334009,1000001924130527800,63875742715037,(-0.066, 1.435, 0.289),(-0.023, -0.052, 0.010, 0.998),VALID,(-0.375, 0.201, 0.905),(0.000, 0.000, 0.000),64.325,VALID,(-0.267, 0.269, 0.925),(-0.032, 0.000, 0.000),0.521,3.342,6.415,0.984,VALID,(-0.375, 0.201, 0.905),(0.032, 0.000, 0.000),0.560,3.567,6.373,0.926,0.4117261,1
334010,1000001924135540900,63875742715037,(-0.066, 1.435, 0.289),(-0.023, -0.052, 0.010, 0.998),VALID,(-0.376, 0.201, 0.905),(0.000, 0.000, 0.000),64.325,VALID,(-0.267, 0.269, 0.925),(-0.032, 0.000, 0.000),0.520,3.337,6.415,0.984,VALID,(-0.376, 0.201, 0.905),(0.032, 0.000, 0.000),0.559,3.563,6.373,0.926,0.4106826,1
334011,1000001924140545600,63875742715037,(-0.066, 1.435, 0.289),(-0.023, -0.052, 0.010, 0.998),VALID,(-0.376, 0.201, 0.905),(0.000, 0.000, 0.000),64.325,VALID,(-0.267, 0.270, 0.925),(-0.032, 0.000, 0.000),0.520,3.333,6.415,0.982,VALID,(-0.376, 0.201, 0.905),(0.032, 0.000, 0.000),0.558,3.558,6.373,0.925,0.4099315,1
334012,1000001924145526900,63875742715048,(-0.066, 1.435, 0.289),(-0.023, -0.052, 0.010, 0.998),VALID,(-0.376, 0.201, 0.905),(0.000, 0.000, 0.000),64.325,VALID,(-0.267, 0.270, 0.925),(-0.032, 0.000, 0.000),0.519,3.329,6.415,0.983,VALID,(-0.376, 0.201, 0.905),(0.032, 0.000, 0.000),0.558,3.553,6.373,0.925,0.4092009,1
334013,1000001924150547600,63875742715048,(-0.066, 1.435, 0.289),(-0.023, -0.052, 0.010, 0.998),VALID,(-0.376, 0.200, 0.905),(0.000, 0.000, 0.000),64.325,VALID,(-0.267, 0.270, 0.925),(-0.032, 0.000, 0.000),0.518,3.323,6.415,0.983,VALID,(-0.376, 0.200, 0.905),(0.032, 0.000, 0.000),0.557,3.549,6.373,0.925,0.4086017,1
334014,1000001924155560700,63875742715059,(-0.066, 1.435, 0.289),(-0.023, -0.052, 0.010, 0.998),VALID,(-0.376, 0.200, 0.905),(0.000, 0.000, 0.000),64.325,VALID,(-0.267, 0.270, 0.925),(-0.032, 0.000, 0.000),0.517,3.317,6.415,0.982,VALID,(-0.376, 0.200, 0.905),(0.032, 0.000, 0.000),0.556,3.545,6.373,0.925,0.4083073,1
334015,1000001924160573800,63875742715059,(-0.066, 1.435, 0.289),(-0.023, -0.052, 0.010, 0.998),VALID,(-0.376, 0.201, 0.905),(0.000, 0.000, 0.000),64.325,VALID,(-0.267, 0.270, 0.925),(-0.032, 0.000, 0.000),0.516,3.313,6.415,0.981,VALID,(-0.376, 0.201, 0.905),(0.032, 0.000, 0.000),0.555,3.540,6.373,0.925,0.4080891,1
334016,1000001924165607100,63875742715059,(-0.066, 1.435, 0.289),(-0.023, -0.052, 0.010, 0.998),VALID,(-0.376, 0.201, 0.905),(0.000, 0.000, 0.000),64.325,VALID,(-0.267, 0.270, 0.925),(-0.032, 0.000, 0.000),0.516,3.309,6.415,0.982,VALID,(-0.376, 0.201, 0.905),(0.032, 0.000, 0.000),0.555,3.536,6.373,0.924,0.408177,1
334017,1000001924170615200,63875742715081,(-0.066, 1.435, 0.289),(-0.023, -0.052, 0.010, 0.998),VALID,(-0.376, 0.201, 0.905),(0.000, 0.000, 0.000),64.325,VALID,(-0.267, 0.270, 0.925),(-0.032, 0.000, 0.000),0.515,3.305,6.415,0.981,VALID,(-0.376, 0.201, 0.905),(0.032, 0.000, 0.000),0.554,3.532,6.373,0.924,0.4082687,1
334018,1000001924175628300,63875742715081,(-0.066, 1.435, 0.289),(-0.023, -0.052, 0.010, 0.998),VALID,(-0.376, 0.201, 0.905),(0.000, 0.000, 0.000),64.325,VALID,(-0.267, 0.270, 0.925),(-0.032, 0.000, 0.000),0.515,3.301,6.415,0.982,VALID,(-0.376, 0.201, 0.905),(0.032, 0.000, 0.000),0.553,3.527,6.373,0.924,0.4082222,1
334019,1000001924180639900,63875742715081,(-0.066, 1.435, 0.289),(-0.023, -0.052, 0.010, 0.998),VALID,(-0.376, 0.201, 0.905),(0.000, 0.000, 0.000),64.325,VALID,(-0.267, 0.270, 0.925),(-0.032, 0.000, 0.000),0.514,3.298,6.415,0.982,VALID,(-0.376, 0.201, 0.905),(0.032, 0.000, 0.000),0.553,3.523,6.373,0.924,0.4081812,1
334020,1000001924185653000,63875742715081,(-0.066, 1.435, 0.289),(-0.023, -0.052, 0.010, 0.998),VALID,(-0.376, 0.201, 0.905),(0.000, 0.000, 0.000),64.325,VALID,(-0.267, 0.270, 0.925),(-0.032, 0.000, 0.000),0.514,3.295,6.415,0.982,VALID,(-0.376, 0.201, 0.905),(0.032, 0.000, 0.000),0.552,3.520,6.373,0.924,0.4081977,1
334021,1000001924190666100,63875742715081,(-0.066, 1.435, 0.289),(-0.023, -0.052, 0.010, 0.998),VALID,(-0.376, 0.201, 0.905),(0.000, 0.000, 0.000),64.325,VALID,(-0.267, 0.270, 0.925),(-0.032, 0.000, 0.000),0.513,3.293,6.415,0.981,VALID,(-0.376, 0.201, 0.905),(0.032, 0.000, 0.000),0.552,3.517,6.373,0.923,0.4082183,1
334022,1000001924195662500,63875742715082,(-0.066, 1.435, 0.289),(-0.023, -0.052, 0.010, 0.998),VALID,(-0.376, 0.201, 0.905),(0.000, 0.000, 0.000),64.325,VALID,(-0.267, 0.270, 0.925),(-0.032, 0.000, 0.000),0.513,3.290,6.415,0.981,VALID,(-0.376, 0.201, 0.905),(0.032, 0.000, 0.000),0.551,3.512,6.373,0.923,0.4082679,1
334023,1000001924200662200,63875742715111,(-0.066, 1.435, 0.289),(-0.023, -0.052, 0.010, 0.998),VALID,(-0.376, 0.201, 0.904),(0.000, 0.000, 0.000),64.325,VALID,(-0.267, 0.270, 0.925),(-0.032, 0.000, 0.000),0.513,3.288,6.415,0.981,VALID,(-0.376, 0.201, 0.904),(0.032, 0.000, 0.000),0.550,3.507,6.373,0.923,0.4082185,1
334024,1000001924205675300,63875742715111,(-0.066, 1.435, 0.289),(-0.023, -0.052, 0.010, 0.998),VALID,(-0.376, 0.201, 0.904),(0.000, 0.000, 0.000),64.325,VALID,(-0.267, 0.270, 0.925),(-0.032, 0.000, 0.000),0.512,3.285,6.415,0.981,VALID,(-0.376, 0.201, 0.904),(0.032, 0.000, 0.000),0.549,3.499,6.373,0.922,0.4081143,1
334025,1000001924210694500,63875742715111,(-0.066, 1.435, 0.289),(-0.023, -0.052, 0.010, 0.998),VALID,(-0.376, 0.201, 0.904),(0.000, 0.000, 0.000),64.325,VALID,(-0.267, 0.270, 0.925),(-0.032, 0.000, 0.000),0.511,3.281,6.415,0.981,VALID,(-0.376, 0.201, 0.904),(0.032, 0.000, 0.000),0.548,3.493,6.373,0.922,0.4079561,1
334026,1000001924215706200,63875742715111,(-0.066, 1.435, 0.289),(-0.023, -0.052, 0.010, 0.998),VALID,(-0.376, 0.201, 0.904),(0.000, 0.000, 0.000),64.325,VALID,(-0.266, 0.270, 0.925),(-0.032, 0.000, 0.000),0.511,3.278,6.415,0.981,VALID,(-0.376, 0.201, 0.904),(0.032, 0.000, 0.000),0.547,3.488,6.373,0.922,0.4077198,1
334027,1000001924220753600,63875742715111,(-0.066, 1.435, 0.289),(-0.023, -0.052, 0.010, 0.998),VALID,(-0.376, 0.201, 0.904),(0.000, 0.000, 0.000),64.325,VALID,(-0.266, 0.270, 0.925),(-0.032, 0.000, 0.000),0.511,3.275,6.415,0.981,VALID,(-0.376, 0.201, 0.904),(0.032, 0.000, 0.000),0.547,3.484,6.373,0.921,0.4074411,1
334028,1000001924225764600,63875742715111,(-0.066, 1.435, 0.289),(-0.023, -0.052, 0.010, 0.998),VALID,(-0.376, 0.201, 0.904),(0.000, 0.000, 0.000),64.325,VALID,(-0.266, 0.270, 0.925),(-0.032, 0.000, 0.000),0.509,3.268,6.415,0.981,VALID,(-0.376, 0.201, 0.904),(0.032, 0.000, 0.000),0.546,3.480,6.373,0.921,0.4072339,1
334029,1000001924230776200,63875742715133,(-0.066, 1.435, 0.289),(-0.023, -0.052, 0.010, 0.998),VALID,(-0.376, 0.201, 0.904),(0.000, 0.000, 0.000),64.325,VALID,(-0.266, 0.270, 0.925),(-0.032, 0.000, 0.000),0.509,3.265,6.415,0.981,VALID,(-0.376, 0.201, 0.904),(0.032, 0.000, 0.000),0.546,3.477,6.373,0.921,0.4071249,1
334030,1000001924235787500,63875742715133,(-0.066, 1.435, 0.289),(-0.023, -0.052, 0.010, 0.998),VALID,(-0.376, 0.201, 0.904),(0.000, 0.000, 0.000),64.325,VALID,(-0.266, 0.270, 0.925),(-0.032, 0.000, 0.000),0.508,3.261,6.415,0.981,VALID,(-0.376, 0.201, 0.904),(0.032, 0.000, 0.000),0.545,3.472,6.373,0.921,0.4065802,1
334031,1000001924240798800,63875742715133,(-0.066, 1.435, 0.289),(-0.023, -0.052, 0.010, 0.998),VALID,(-0.376, 0.201, 0.904),(0.000, 0.000, 0.000),64.325,VALID,(-0.266, 0.270, 0.925),(-0.032, 0.000, 0.000),0.508,3.259,6.415,0.981,VALID,(-0.376, 0.201, 0.904),(0.032, 0.000, 0.000),0.544,3.468,6.373,0.920,0.4058798,1
334032,1000001924245810100,63875742715133,(-0.066, 1.435, 0.289),(-0.023, -0.052, 0.010, 0.998),VALID,(-0.376, 0.201, 0.904),(0.000, 0.000, 0.000),64.325,VALID,(-0.266, 0.270, 0.925),(-0.032, 0.000, 0.000),0.508,3.257,6.415,0.980,VALID,(-0.376, 0.201, 0.904),(0.032, 0.000, 0.000),0.544,3.465,6.373,0.920,0.4051239,1
334033,1000001924250776600,63875742715156,(-0.066, 1.435, 0.289),(-0.023, -0.052, 0.010, 0.998),VALID,(-0.377, 0.201, 0.904),(0.000, 0.000, 0.000),64.325,VALID,(-0.266, 0.270, 0.925),(-0.032, 0.000, 0.000),0.507,3.253,6.415,0.980,VALID,(-0.377, 0.201, 0.904),(0.032, 0.000, 0.000),0.543,3.463,6.373,0.920,0.4046779,1
334034,1000001924255789500,63875742715156,(-0.066, 1.435, 0.289),(-0.023, -0.052, 0.010, 0.998),VALID,(-0.377, 0.201, 0.904),(0.000, 0.000, 0.000),64.325,VALID,(-0.266, 0.270, 0.925),(-0.032, 0.000, 0.000),0.507,3.250,6.415,0.980,VALID,(-0.377, 0.201, 0.904),(0.032, 0.000, 0.000),0.543,3.461,6.373,0.919,0.4042185,1
334035,1000001924260800800,63875742715156,(-0.066, 1.435, 0.289),(-0.023, -0.052, 0.010, 0.998),VALID,(-0.377, 0.201, 0.904),(0.000, 0.000, 0.000),64.325,VALID,(-0.266, 0.271, 0.925),(-0.032, 0.000, 0.000),0.506,3.249,6.415,0.980,VALID,(-0.377, 0.201, 0.904),(0.032, 0.000, 0.000),0.543,3.459,6.373,0.919,0.4038777,1
334036,1000001924265840800,63875742715156,(-0.066, 1.435, 0.289),(-0.023, -0.052, 0.010, 0.998),VALID,(-0.376, 0.201, 0.904),(0.000, 0.000, 0.000),64.325,VALID,(-0.266, 0.271, 0.925),(-0.032, 0.000, 0.000),0.506,3.247,6.415,0.980,VALID,(-0.376, 0.201, 0.904),(0.032, 0.000, 0.000),0.542,3.456,6.373,0.919,0.4034775,1
334037,1000001924270838200,63875742715156,(-0.066, 1.435, 0.289),(-0.023, -0.052, 0.010, 0.998),VALID,(-0.376, 0.201, 0.904),(0.000, 0.000, 0.000),64.325,VALID,(-0.266, 0.271, 0.925),(-0.032, 0.000, 0.000),0.506,3.246,6.415,0.980,VALID,(-0.376, 0.201, 0.904),(0.032, 0.000, 0.000),0.542,3.454,6.373,0.918,0.40316,1
334038,1000001924275847800,63875742715178,(-0.066, 1.435, 0.289),(-0.023, -0.052, 0.010, 0.998),VALID,(-0.376, 0.201, 0.904),(0.000, 0.000, 0.000),64.325,VALID,(-0.266, 0.271, 0.925),(-0.032, 0.000, 0.000),0.506,3.243,6.415,0.980,VALID,(-0.376, 0.201, 0.904),(0.032, 0.000, 0.000),0.542,3.451,6.373,0.918,0.4029095,1
334039,1000001924280870300,63875742715178,(-0.066, 1.435, 0.289),(-0.023, -0.052, 0.010, 0.998),VALID,(-0.376, 0.201, 0.904),(0.000, 0.000, 0.000),64.325,VALID,(-0.266, 0.271, 0.925),(-0.032, 0.000, 0.000),0.505,3.242,6.415,0.979,VALID,(-0.376, 0.201, 0.904),(0.032, 0.000, 0.000),0.541,3.448,6.373,0.918,0.4024567,1
334040,1000001924285885800,63875742715178,(-0.066, 1.435, 0.289),(-0.023, -0.052, 0.010, 0.998),VALID,(-0.376, 0.201, 0.904),(0.000, 0.000, 0.000),64.325,VALID,(-0.266, 0.271, 0.925),(-0.032, 0.000, 0.000),0.505,3.241,6.415,0.980,VALID,(-0.376, 0.201, 0.904),(0.032, 0.000, 0.000),0.541,3.447,6.373,0.917,0.4020026,1
334041,1000001924290897100,63875742715178,(-0.066, 1.435, 0.289),(-0.023, -0.052, 0.010, 0.998),VALID,(-0.376, 0.201, 0.904),(0.000, 0.000, 0.000),64.325,VALID,(-0.266, 0.271, 0.925),(-0.032, 0.000, 0.000),0.505,3.241,6.415,0.980,VALID,(-0.376, 0.201, 0.904),(0.032, 0.000, 0.000),0.541,3.445,6.373,0.917,0.4014966,1
334042,1000001924295908800,63875742715201,(-0.066, 1.435, 0.289),(-0.023, -0.052, 0.010, 0.998),VALID,(-0.376, 0.201, 0.904),(0.000, 0.000, 0.000),64.325,VALID,(-0.266, 0.272, 0.925),(-0.032, 0.000, 0.000),0.505,3.240,6.415,0.979,VALID,(-0.376, 0.201, 0.904),(0.032, 0.000, 0.000),0.540,3.443,6.373,0.917,0.4011108,1
334043,1000001924300920100,63875742715201,(-0.066, 1.435, 0.289),(-0.023, -0.052, 0.010, 0.998),VALID,(-0.376, 0.201, 0.904),(0.000, 0.000, 0.000),64.325,VALID,(-0.266, 0.272, 0.925),(-0.032, 0.000, 0.000),0.505,3.240,6.415,0.979,VALID,(-0.376, 0.201, 0.904),(0.032, 0.000, 0.000),0.540,3.442,6.373,0.917,0.4005399,1
334044,1000001924305914100,63875742715201,(-0.066, 1.435, 0.289),(-0.023, -0.052, 0.010, 0.998),VALID,(-0.376, 0.201, 0.904),(0.000, 0.000, 0.000),64.325,VALID,(-0.266, 0.272, 0.925),(-0.032, 0.000, 0.000),0.505,3.240,6.415,0.977,VALID,(-0.376, 0.201, 0.904),(0.032, 0.000, 0.000),0.540,3.441,6.373,0.916,0.3999624,1
334045,1000001924310925400,63875742715201,(-0.066, 1.435, 0.289),(-0.023, -0.052, 0.010, 0.998),VALID,(-0.376, 0.201, 0.904),(0.000, 0.000, 0.000),64.325,VALID,(-0.266, 0.272, 0.925),(-0.032, 0.000, 0.000),0.505,3.240,6.415,0.978,VALID,(-0.376, 0.201, 0.904),(0.032, 0.000, 0.000),0.540,3.440,6.373,0.916,0.3994335,1
334046,1000001924315937100,63875742715227,(-0.066, 1.435, 0.289),(-0.023, -0.052, 0.010, 0.998),VALID,(-0.376, 0.201, 0.904),(0.000, 0.000, 0.000),64.325,VALID,(-0.266, 0.272, 0.925),(-0.032, 0.000, 0.000),0.505,3.240,6.415,0.977,VALID,(-0.376, 0.201, 0.904),(0.032, 0.000, 0.000),0.540,3.438,6.373,0.916,0.3990094,1
334047,1000001924320978700,63875742715227,(-0.066, 1.435, 0.289),(-0.023, -0.052, 0.010, 0.998),VALID,(-0.376, 0.201, 0.904),(0.000, 0.000, 0.000),64.325,VALID,(-0.266, 0.272, 0.925),(-0.032, 0.000, 0.000),0.505,3.240,6.415,0.977,VALID,(-0.376, 0.201, 0.904),(0.032, 0.000, 0.000),0.539,3.437,6.373,0.915,0.3989113,1
334048,1000001924325991000,63875742715227,(-0.066, 1.435, 0.289),(-0.023, -0.052, 0.010, 0.998),VALID,(-0.376, 0.201, 0.904),(0.000, 0.000, 0.000),64.325,VALID,(-0.266, 0.272, 0.925),(-0.032, 0.000, 0.000),0.505,3.240,6.415,0.977,VALID,(-0.376, 0.201, 0.904),(0.032, 0.000, 0.000),0.539,3.436,6.373,0.915,0.3987987,1
334049,1000001924331003300,63875742715227,(-0.066, 1.435, 0.289),(-0.023, -0.052, 0.010, 0.998),VALID,(-0.376, 0.201, 0.904),(0.000, 0.000, 0.000),64.325,VALID,(-0.266, 0.272, 0.925),(-0.032, 0.000, 0.000),0.505,3.240,6.415,0.976,VALID,(-0.376, 0.201, 0.904),(0.032, 0.000, 0.000),0.539,3.435,6.373,0.915,0.3986172,1
334050,1000001924336015600,63875742715227,(-0.066, 1.435, 0.289),(-0.023, -0.052, 0.010, 0.998),VALID,(-0.376, 0.201, 0.904),(0.000, 0.000, 0.000),64.325,VALID,(-0.266, 0.273, 0.925),(-0.032, 0.000, 0.000),0.505,3.241,6.415,0.976,VALID,(-0.376, 0.201, 0.904),(0.032, 0.000, 0.000),0.539,3.434,6.373,0.914,0.3980479,1
334051,1000001924341074600,63875742715227,(-0.066, 1.435, 0.289),(-0.023, -0.052, 0.010, 0.998),VALID,(-0.376, 0.201, 0.905),(0.000, 0.000, 0.000),64.325,VALID,(-0.266, 0.273, 0.924),(-0.032, 0.000, 0.000),0.505,3.241,6.415,0.976,VALID,(-0.376, 0.201, 0.905),(0.032, 0.000, 0.000),0.539,3.433,6.373,0.914,0.397454,1
334052,1000001924346086900,63875742715237,(-0.066, 1.435, 0.289),(-0.023, -0.052, 0.010, 0.998),VALID,(-0.376, 0.200, 0.905),(0.000, 0.000, 0.000),64.325,VALID,(-0.266, 0.273, 0.924),(-0.032, 0.000, 0.000),0.505,3.240,6.415,0.976,VALID,(-0.376, 0.200, 0.905),(0.032, 0.000, 0.000),0.539,3.432,6.373,0.914,0.3970362,1
334053,1000001924351021000,63875742715248,(-0.066, 1.435, 0.289),(-0.023, -0.052, 0.009, 0.998),VALID,(-0.376, 0.200, 0.905),(0.000, 0.000, 0.000),64.325,VALID,(-0.266, 0.273, 0.924),(-0.032, 0.000, 0.000),0.505,3.240,6.415,0.976,VALID,(-0.376, 0.200, 0.905),(0.032, 0.000, 0.000),0.538,3.432,6.373,0.913,0.3965665,1
334054,1000001924356033300,63875742715248,(-0.066, 1.435, 0.289),(-0.023, -0.052, 0.009, 0.998),VALID,(-0.376, 0.200, 0.905),(0.000, 0.000, 0.000),64.325,VALID,(-0.267, 0.273, 0.924),(-0.032, 0.000, 0.000),0.505,3.240,6.415,0.976,VALID,(-0.376, 0.200, 0.905),(0.032, 0.000, 0.000),0.538,3.431,6.373,0.913,0.3959997,1
334055,1000001924361054100,63875742715248,(-0.066, 1.435, 0.289),(-0.023, -0.052, 0.009, 0.998),VALID,(-0.376, 0.200, 0.905),(0.000, 0.000, 0.000),64.325,VALID,(-0.267, 0.273, 0.924),(-0.032, 0.000, 0.000),0.505,3.238,6.415,0.977,VALID,(-0.376, 0.200, 0.905),(0.032, 0.000, 0.000),0.538,3.430,6.373,0.913,0.3957533,1
334056,1000001924366066400,63875742715259,(-0.066, 1.435, 0.289),(-0.023, -0.052, 0.009, 0.998),VALID,(-0.377, 0.200, 0.905),(0.000, 0.000, 0.000),64.325,VALID,(-0.267, 0.273, 0.924),(-0.032, 0.000, 0.000),0.505,3.238,6.415,0.977,VALID,(-0.377, 0.200, 0.905),(0.032, 0.000, 0.000),0.538,3.430,6.373,0.912,0.3952497,1
334057,1000001924371078700,63875742715260,(-0.066, 1.435, 0.289),(-0.023, -0.052, 0.009, 0.998),VALID,(-0.377, 0.200, 0.904),(0.000, 0.000, 0.000),64.325,VALID,(-0.267, 0.273, 0.924),(-0.032, 0.000, 0.000),0.505,3.239,6.415,0.977,VALID,(-0.377, 0.200, 0.904),(0.032, 0.000, 0.000),0.538,3.429,6.373,0.912,0.3941747,1
334058,1000001924376091000,63875742715271,(-0.066, 1.435, 0.289),(-0.023, -0.052, 0.009, 0.998),VALID,(-0.377, 0.200, 0.904),(0.000, 0.000, 0.000),64.325,VALID,(-0.267, 0.273, 0.924),(-0.032, 0.000, 0.000),0.505,3.240,6.415,0.977,VALID,(-0.377, 0.200, 0.904),(0.032, 0.000, 0.000),0.538,3.428,6.373,0.912,0.393309,1
334059,1000001924381157100,63875742715271,(-0.066, 1.435, 0.289),(-0.023, -0.052, 0.009, 0.998),VALID,(-0.377, 0.200, 0.904),(0.000, 0.000, 0.000),64.325,VALID,(-0.266, 0.273, 0.924),(-0.032, 0.000, 0.000),0.505,3.240,6.415,0.978,VALID,(-0.377, 0.200, 0.904),(0.032, 0.000, 0.000),0.538,3.427,6.373,0.911,0.3930722,1
334060,1000001924386201600,63875742715271,(-0.066, 1.435, 0.289),(-0.023, -0.052, 0.009, 0.998),VALID,(-0.377, 0.200, 0.904),(0.000, 0.000, 0.000),64.325,VALID,(-0.266, 0.274, 0.924),(-0.032, 0.000, 0.000),0.505,3.241,6.415,0.978,VALID,(-0.377, 0.200, 0.904),(0.032, 0.000, 0.000),0.538,3.426,6.373,0.911,0.3925697,0.9899323
334061,1000001924391215400,63875742715281,(-0.066, 1.435, 0.289),(-0.023, -0.052, 0.009, 0.998),VALID,(-0.377, 0.200, 0.905),(0.000, 0.000, 0.000),64.325,VALID,(-0.266, 0.274, 0.924),(-0.032, 0.000, 0.000),0.506,3.248,6.415,0.979,VALID,(-0.377, 0.200, 0.905),(0.032, 0.000, 0.000),0.537,3.425,6.373,0.910,0.3911324,0.9690339
334062,1000001924396233800,63875742715281,(-0.066, 1.435, 0.289),(-0.023, -0.052, 0.009, 0.998),VALID,(-0.376, 0.200, 0.905),(0.000, 0.000, 0.000),64.325,VALID,(-0.266, 0.274, 0.924),(-0.032, 0.000, 0.000),0.507,3.251,6.415,0.979,VALID,(-0.376, 0.200, 0.905),(0.032, 0.000, 0.000),0.537,3.425,6.373,0.910,0.3897134,0.9562451
334063,1000001924401247600,63875742715293,(-0.066, 1.435, 0.289),(-0.023, -0.052, 0.009, 0.998),VALID,(-0.376, 0.200, 0.905),(0.000, 0.000, 0.000),64.325,VALID,(-0.265, 0.275, 0.924),(-0.032, 0.000, 0.000),0.507,3.251,6.415,0.979,VALID,(-0.376, 0.200, 0.905),(0.032, 0.000, 0.000),0.537,3.425,6.373,0.909,0.3887027,0.9449447
334064,1000001924406153500,63875742715293,(-0.066, 1.435, 0.289),(-0.023, -0.052, 0.009, 0.998),VALID,(-0.376, 0.200, 0.905),(0.000, 0.000, 0.000),64.325,VALID,(-0.265, 0.275, 0.924),(-0.032, 0.000, 0.000),0.507,3.253,6.415,0.980,VALID,(-0.376, 0.200, 0.905),(0.032, 0.000, 0.000),0.537,3.425,6.373,0.909,0.387725,0.9353636
334065,1000001924411165800,63875742715304,(-0.065, 1.435, 0.289),(-0.023, -0.052, 0.009, 0.998),VALID,(-0.376, 0.200, 0.905),(0.000, 0.000, 0.000),64.325,VALID,(-0.264, 0.275, 0.924),(-0.032, 0.000, 0.000),0.507,3.253,6.415,0.980,VALID,(-0.376, 0.200, 0.905),(0.032, 0.000, 0.000),0.537,3.425,6.373,0.909,0.3873393,0.9289467
334066,1000001924416182700,63875742715304,(-0.065, 1.435, 0.289),(-0.023, -0.052, 0.009, 0.998),VALID,(-0.375, 0.200, 0.905),(0.000, 0.000, 0.000),64.325,VALID,(-0.264, 0.276, 0.924),(-0.032, 0.000, 0.000),0.507,3.254,6.415,0.981,VALID,(-0.375, 0.200, 0.905),(0.032, 0.000, 0.000),0.537,3.425,6.373,0.908,0.3870838,0.934176
334067,1000001924421195000,63875742715316,(-0.065, 1.435, 0.289),(-0.023, -0.051, 0.009, 0.998),VALID,(-0.375, 0.201, 0.905),(0.000, 0.000, 0.000),64.325,VALID,(-0.263, 0.276, 0.924),(-0.032, 0.000, 0.000),0.507,3.254,6.415,0.980,VALID,(-0.375, 0.201, 0.905),(0.032, 0.000, 0.000),0.537,3.425,6.373,0.908,0.3865541,0.9240557
334068,1000001924426207300,63875742715316,(-0.065, 1.435, 0.289),(-0.023, -0.051, 0.009, 0.998),VALID,(-0.374, 0.201, 0.905),(0.000, 0.000, 0.000),64.325,VALID,(-0.263, 0.276, 0.924),(-0.032, 0.000, 0.000),0.507,3.254,6.415,0.981,VALID,(-0.374, 0.201, 0.905),(0.032, 0.000, 0.000),0.538,3.426,6.373,0.908,0.3862515,0.9253205
334069,1000001924431219000,63875742715316,(-0.065, 1.435, 0.289),(-0.023, -0.051, 0.009, 0.998),VALID,(-0.374, 0.201, 0.905),(0.000, 0.000, 0.000),64.325,VALID,(-0.262, 0.277, 0.924),(-0.032, 0.000, 0.000),0.507,3.255,6.415,0.982,VALID,(-0.374, 0.201, 0.905),(0.032, 0.000, 0.000),0.538,3.427,6.373,0.908,0.3861275,0.9303632
334070,1000001924436239400,63875742715326,(-0.065, 1.434, 0.290),(-0.024, -0.051, 0.010, 0.998),VALID,(-0.373, 0.201, 0.906),(0.000, 0.000, 0.000),64.325,VALID,(-0.262, 0.277, 0.924),(-0.032, 0.000, 0.000),0.507,3.255,6.415,0.983,VALID,(-0.373, 0.201, 0.906),(0.032, 0.000, 0.000),0.538,3.428,6.373,0.907,0.3862661,0.9170669
334071,1000001924441293100,63875742715326,(-0.065, 1.434, 0.290),(-0.024, -0.051, 0.010, 0.998),VALID,(-0.373, 0.202, 0.906),(0.000, 0.000, 0.000),64.325,VALID,(-0.262, 0.277, 0.925),(-0.032, 0.000, 0.000),0.508,3.256,6.415,0.984,VALID,(-0.373, 0.202, 0.906),(0.032, 0.000, 0.000),0.538,3.430,6.373,0.907,0.3865196,0.9072229
334072,1000001924446311500,63875742715338,(-0.065, 1.434, 0.290),(-0.024, -0.051, 0.010, 0.998),VALID,(-0.372, 0.202, 0.906),(0.000, 0.000, 0.000),64.325,VALID,(-0.261, 0.277, 0.925),(-0.032, 0.000, 0.000),0.508,3.257,6.415,0.984,VALID,(-0.372, 0.202, 0.906),(0.032, 0.000, 0.000),0.538,3.431,6.373,0.907,0.3868659,0.9119738
334073,1000001924451332600,63875742715338,(-0.065, 1.434, 0.290),(-0.024, -0.051, 0.010, 0.998),VALID,(-0.372, 0.202, 0.906),(0.000, 0.000, 0.000),64.325,VALID,(-0.261, 0.278, 0.925),(-0.032, 0.000, 0.000),0.508,3.258,6.415,0.984,VALID,(-0.372, 0.202, 0.906),(0.032, 0.000, 0.000),0.539,3.432,6.373,0.906,0.3874366,0.909447
334074,1000001924456398900,63875742715350,(-0.064, 1.434, 0.290),(-0.024, -0.051, 0.010, 0.998),VALID,(-0.371, 0.202, 0.906),(0.000, 0.000, 0.000),64.325,VALID,(-0.261, 0.278, 0.925),(-0.032, 0.000, 0.000),0.508,3.259,6.415,0.984,VALID,(-0.371, 0.202, 0.906),(0.032, 0.000, 0.000),0.539,3.434,6.373,0.906,0.3881205,0.9196641
334075,1000001924461420000,63875742715350,(-0.064, 1.434, 0.290),(-0.024, -0.051, 0.010, 0.998),VALID,(-0.371, 0.203, 0.906),(0.000, 0.000, 0.000),64.325,VALID,(-0.261, 0.278, 0.925),(-0.032, 0.000, 0.000),0.508,3.261,6.415,0.985,VALID,(-0.371, 0.203, 0.906),(0.032, 0.000, 0.000),0.539,3.435,6.373,0.906,0.3887784,0.9485883
334076,1000001924466330400,63875742715361,(-0.064, 1.434, 0.290),(-0.023, -0.051, 0.010, 0.998),VALID,(-0.370, 0.203, 0.906),(0.000, 0.000, 0.000),64.325,VALID,(-0.260, 0.278, 0.925),(-0.032, 0.000, 0.000),0.509,3.263,6.415,0.985,VALID,(-0.370, 0.203, 0.906),(0.032, 0.000, 0.000),0.539,3.436,6.373,0.906,0.3895672,0.958581
334077,1000001924471337200,63875742715361,(-0.064, 1.434, 0.290),(-0.023, -0.051, 0.010, 0.998),VALID,(-0.370, 0.203, 0.907),(0.000, 0.000, 0.000),64.325,VALID,(-0.260, 0.278, 0.925),(-0.032, 0.000, 0.000),0.509,3.266,6.415,0.986,VALID,(-0.370, 0.203, 0.907),(0.032, 0.000, 0.000),0.539,3.438,6.373,0.905,0.3904081,0.9962991
334078,1000001924476336500,63875742715372,(-0.064, 1.434, 0.290),(-0.023, -0.051, 0.010, 0.998),VALID,(-0.369, 0.204, 0.907),(0.000, 0.000, 0.000),64.325,VALID,(-0.260, 0.278, 0.925),(-0.032, 0.000, 0.000),0.510,3.270,6.415,0.986,VALID,(-0.369, 0.204, 0.907),(0.032, 0.000, 0.000),0.540,3.439,6.373,0.905,0.3910318,1
334079,1000001924481352800,63875742715372,(-0.064, 1.434, 0.290),(-0.023, -0.051, 0.010, 0.998),VALID,(-0.369, 0.204, 0.907),(0.000, 0.000, 0.000),64.325,VALID,(-0.260, 0.279, 0.925),(-0.032, 0.000, 0.000),0.510,3.273,6.415,0.986,VALID,(-0.369, 0.204, 0.907),(0.032, 0.000, 0.000),0.540,3.441,6.373,0.905,0.3915665,1
334080,1000001924486366800,63875742715383,(-0.064, 1.434, 0.290),(-0.023, -0.051, 0.010, 0.998),VALID,(-0.369, 0.204, 0.907),(0.000, 0.000, 0.000),64.325,VALID,(-0.260, 0.279, 0.925),(-0.032, 0.000, 0.000),0.511,3.275,6.415,0.987,VALID,(-0.369, 0.204, 0.907),(0.032, 0.000, 0.000),0.540,3.442,6.373,0.904,0.3920833,1
334081,1000001924491380800,63875742715383,(-0.064, 1.434, 0.290),(-0.023, -0.051, 0.010, 0.998),VALID,(-0.368, 0.204, 0.907),(0.000, 0.000, 0.000),64.325,VALID,(-0.260, 0.279, 0.925),(-0.032, 0.000, 0.000),0.511,3.277,6.415,0.988,VALID,(-0.368, 0.204, 0.907),(0.032, 0.000, 0.000),0.540,3.443,6.373,0.904,0.392636,1
334082,1000001924496406800,63875742715394,(-0.064, 1.434, 0.291),(-0.023, -0.051, 0.010, 0.998),VALID,(-0.368, 0.204, 0.907),(0.000, 0.000, 0.000),64.325,VALID,(-0.259, 0.279, 0.925),(-0.032, 0.000, 0.000),0.511,3.279,6.415,0.987,VALID,(-0.368, 0.204, 0.907),(0.032, 0.000, 0.000),0.541,3.445,6.373,0.904,0.3929291,1
334083,1000001924501420800,63875742715394,(-0.064, 1.434, 0.291),(-0.023, -0.051, 0.010, 0.998),VALID,(-0.368, 0.204, 0.907),(0.000, 0.000, 0.000),64.325,VALID,(-0.259, 0.279, 0.925),(-0.032, 0.000, 0.000),0.511,3.280,6.415,0.987,VALID,(-0.368, 0.204, 0.907),(0.032, 0.000, 0.000),0.541,3.447,6.373,0.904,0.3932165,1
334084,1000001924506446900,63875742715394,(-0.064, 1.434, 0.291),(-0.023, -0.051, 0.010, 0.998),VALID,(-0.368, 0.204, 0.907),(0.000, 0.000, 0.000),64.325,VALID,(-0.259, 0.279, 0.925),(-0.032, 0.000, 0.000),0.512,3.282,6.415,0.988,VALID,(-0.368, 0.204, 0.907),(0.032, 0.000, 0.000),0.541,3.449,6.373,0.903,0.3931669,1
334085,1000001924511455400,63875742715406,(-0.064, 1.433, 0.291),(-0.024, -0.051, 0.010, 0.998),VALID,(-0.368, 0.204, 0.907),(0.000, 0.000, 0.000),64.325,VALID,(-0.259, 0.280, 0.924),(-0.032, 0.000, 0.000),0.516,3.311,6.415,0.988,VALID,(-0.368, 0.204, 0.907),(0.032, 0.000, 0.000),0.541,3.451,6.373,0.903,0.3901863,1
334086,1000001924516467100,63875742715406,(-0.064, 1.433, 0.291),(-0.024, -0.051, 0.010, 0.998),VALID,(-0.367, 0.204, 0.907),(0.000, 0.000, 0.000),64.325,VALID,(-0.259, 0.281, 0.924),(-0.032, 0.000, 0.000),0.517,3.318,6.415,0.989,VALID,(-0.367, 0.204, 0.907),(0.032, 0.000, 0.000),0.542,3.453,6.373,0.903,0.3879323,1
334087,1000001924521476900,63875742715417,(-0.064, 1.433, 0.291),(-0.024, -0.051, 0.010, 0.998),VALID,(-0.367, 0.204, 0.907),(0.000, 0.000, 0.000),64.325,VALID,(-0.259, 0.282, 0.924),(-0.032, 0.000, 0.000),0.517,3.320,6.415,0.990,VALID,(-0.367, 0.204, 0.907),(0.032, 0.000, 0.000),0.542,3.455,6.373,0.903,0.38574,1
334088,1000001924526468300,63875742715417,(-0.064, 1.433, 0.291),(-0.024, -0.051, 0.010, 0.998),VALID,(-0.367, 0.204, 0.907),(0.000, 0.000, 0.000),64.325,VALID,(-0.259, 0.282, 0.924),(-0.032, 0.000, 0.000),0.518,3.320,6.415,0.990,VALID,(-0.367, 0.204, 0.907),(0.032, 0.000, 0.000),0.542,3.457,6.373,0.902,0.383991,1
334089,1000001924531477400,63875742715428,(-0.063, 1.433, 0.291),(-0.024, -0.051, 0.010, 0.998),VALID,(-0.367, 0.204, 0.907),(0.000, 0.000, 0.000),64.325,VALID,(-0.259, 0.283, 0.923),(-0.032, 0.000, 0.000),0.518,3.320,6.415,0.990,VALID,(-0.367, 0.204, 0.907),(0.032, 0.000, 0.000),0.543,3.459,6.373,0.902,0.3829342,1
334090,1000001924536487500,63875742715428,(-0.063, 1.433, 0.291),(-0.024, -0.051, 0.010, 0.998),VALID,(-0.367, 0.205, 0.907),(0.000, 0.000, 0.000),64.325,VALID,(-0.259, 0.283, 0.923),(-0.032, 0.000, 0.000),0.517,3.319,6.415,0.990,VALID,(-0.367, 0.205, 0.907),(0.032, 0.000, 0.000),0.543,3.462,6.373,0.902,0.3821993,1
334091,1000001924541496600,63875742715439,(-0.063, 1.433, 0.291),(-0.023, -0.052, 0.010, 0.998),VALID,(-0.367, 0.205, 0.907),(0.000, 0.000, 0.000),64.325,VALID,(-0.259, 0.283, 0.923),(-0.032, 0.000, 0.000),0.517,3.318,6.415,0.990,VALID,(-0.367, 0.205, 0.907),(0.032, 0.000, 0.000),0.544,3.466,6.373,0.902,0.3816911,1
334092,1000001924546505700,63875742715439,(-0.063, 1.433, 0.291),(-0.023, -0.052, 0.010, 0.998),VALID,(-0.367, 0.205, 0.907),(0.000, 0.000, 0.000),64.325,VALID,(-0.259, 0.284, 0.923),(-0.032, 0.000, 0.000),0.517,3.316,6.415,0.990,VALID,(-0.367, 0.205, 0.907),(0.032, 0.000, 0.000),0.545,3.470,6.373,0.901,0.381776,1
334093,1000001924551593100,63875742715439,(-0.063, 1.433, 0.291),(-0.023, -0.052, 0.010, 0.998),VALID,(-0.367, 0.205, 0.907),(0.000, 0.000, 0.000),64.325,VALID,(-0.259, 0.284, 0.923),(-0.032, 0.000, 0.000),0.517,3.316,6.415,0.990,VALID,(-0.367, 0.205, 0.907),(0.032, 0.000, 0.000),0.545,3.474,6.373,0.901,0.3818392,1
334094,1000001924556581000,63875742715450,(-0.063, 1.433, 0.291),(-0.023, -0.052, 0.010, 0.998),VALID,(-0.367, 0.205, 0.907),(0.000, 0.000, 0.000),64.325,VALID,(-0.259, 0.284, 0.923),(-0.032, 0.000, 0.000),0.517,3.316,6.415,0.991,VALID,(-0.367, 0.205, 0.907),(0.032, 0.000, 0.000),0.546,3.478,6.373,0.901,0.382002,1
334095,1000001924561590100,63875742715451,(-0.063, 1.433, 0.291),(-0.023, -0.052, 0.010, 0.998),VALID,(-0.367, 0.205, 0.907),(0.000, 0.000, 0.000),64.325,VALID,(-0.259, 0.284, 0.923),(-0.032, 0.000, 0.000),0.517,3.315,6.415,0.991,VALID,(-0.367, 0.205, 0.907),(0.032, 0.000, 0.000),0.546,3.481,6.373,0.901,0.3822447,1
334096,1000001924566587700,63875742715451,(-0.063, 1.433, 0.291),(-0.023, -0.052, 0.010, 0.998),VALID,(-0.367, 0.205, 0.907),(0.000, 0.000, 0.000),64.325,VALID,(-0.259, 0.284, 0.923),(-0.032, 0.000, 0.000),0.516,3.313,6.415,0.990,VALID,(-0.367, 0.205, 0.907),(0.032, 0.000, 0.000),0.547,3.484,6.373,0.900,0.3827493,1
334097,1000001924571596800,63875742715462,(-0.063, 1.433, 0.291),(-0.024, -0.052, 0.010, 0.998),VALID,(-0.367, 0.205, 0.907),(0.000, 0.000, 0.000),64.325,VALID,(-0.259, 0.283, 0.923),(-0.032, 0.000, 0.000),0.515,3.307,6.415,0.990,VALID,(-0.367, 0.205, 0.907),(0.032, 0.000, 0.000),0.547,3.486,6.373,0.900,0.3839428,1
334098,1000001924576603600,63875742715462,(-0.063, 1.433, 0.291),(-0.024, -0.052, 0.010, 0.998),VALID,(-0.367, 0.205, 0.907),(0.000, 0.000, 0.000),64.325,VALID,(-0.259, 0.283, 0.923),(-0.032, 0.000, 0.000),0.515,3.304,6.415,0.990,VALID,(-0.367, 0.205, 0.907),(0.032, 0.000, 0.000),0.547,3.488,6.373,0.900,0.3843541,1
334099,1000001924581622400,63875742715472,(-0.063, 1.433, 0.291),(-0.023, -0.052, 0.010, 0.998),VALID,(-0.367, 0.205, 0.907),(0.000, 0.000, 0.000),64.325,VALID,(-0.259, 0.283, 0.923),(-0.032, 0.000, 0.000),0.515,3.302,6.415,0.990,VALID,(-0.367, 0.205, 0.907),(0.032, 0.000, 0.000),0.548,3.490,6.373,0.900,0.3848503,1
334100,1000001924586629200,63875742715472,(-0.063, 1.433, 0.291),(-0.023, -0.052, 0.010, 0.998),VALID,(-0.367, 0.205, 0.907),(0.000, 0.000, 0.000),64.325,VALID,(-0.259, 0.283, 0.923),(-0.032, 0.000, 0.000),0.515,3.302,6.415,0.990,VALID,(-0.367, 0.205, 0.907),(0.032, 0.000, 0.000),0.548,3.493,6.373,0.900,0.3854283,1
334101,1000001924591638300,63875742715483,(-0.063, 1.433, 0.292),(-0.023, -0.052, 0.010, 0.998),VALID,(-0.367, 0.205, 0.907),(0.000, 0.000, 0.000),64.325,VALID,(-0.259, 0.283, 0.923),(-0.032, 0.000, 0.000),0.515,3.302,6.415,0.989,VALID,(-0.367, 0.205, 0.907),(0.032, 0.000, 0.000),0.549,3.496,6.373,0.899,0.3856108,1
334102,1000001924596647400,63875742715483,(-0.063, 1.433, 0.292),(-0.023, -0.052, 0.010, 0.998),VALID,(-0.367, 0.205, 0.907),(0.000, 0.000, 0.000),64.325,VALID,(-0.259, 0.283, 0.923),(-0.032, 0.000, 0.000),0.515,3.303,6.415,0.989,VALID,(-0.367, 0.205, 0.907),(0.032, 0.000, 0.000),0.549,3.499,6.373,0.899,0.38557,1
334103,1000001924601656500,63875742715495,(-0.063, 1.433, 0.292),(-0.023, -0.052, 0.010, 0.998),VALID,(-0.367, 0.205, 0.907),(0.000, 0.000, 0.000),64.325,VALID,(-0.259, 0.283, 0.923),(-0.032, 0.000, 0.000),0.515,3.304,6.415,0.990,VALID,(-0.367, 0.205, 0.907),(0.032, 0.000, 0.000),0.549,3.502,6.373,0.899,0.3855366,1
334104,1000001924606669500,63875742715495,(-0.063, 1.433, 0.292),(-0.023, -0.052, 0.010, 0.998),VALID,(-0.367, 0.205, 0.907),(0.000, 0.000, 0.000),64.325,VALID,(-0.259, 0.283, 0.923),(-0.032, 0.000, 0.000),0.515,3.305,6.415,0.988,VALID,(-0.367, 0.205, 0.907),(0.032, 0.000, 0.000),0.550,3.505,6.373,0.899,0.3855305,1
334105,1000001924611694000,63875742715506,(-0.063, 1.433, 0.292),(-0.023, -0.052, 0.010, 0.998),VALID,(-0.367, 0.205, 0.907),(0.000, 0.000, 0.000),64.325,VALID,(-0.259, 0.283, 0.923),(-0.032, 0.000, 0.000),0.521,3.339,6.415,0.988,VALID,(-0.367, 0.205, 0.907),(0.032, 0.000, 0.000),0.550,3.508,6.373,0.899,0.3846236,1
334106,1000001924616703100,63875742715506,(-0.063, 1.433, 0.292),(-0.023, -0.052, 0.010, 0.998),VALID,(-0.367, 0.205, 0.907),(0.000, 0.000, 0.000),64.325,VALID,(-0.259, 0.283, 0.923),(-0.032, 0.000, 0.000),0.522,3.347,6.415,0.988,VALID,(-0.367, 0.205, 0.907),(0.032, 0.000, 0.000),0.551,3.511,6.373,0.899,0.3836829,1
334107,1000001924621712200,63875742715517,(-0.063, 1.433, 0.292),(-0.023, -0.052, 0.010, 0.998),VALID,(-0.367, 0.205, 0.907),(0.000, 0.000, 0.000),64.325,VALID,(-0.259, 0.283, 0.923),(-0.032, 0.000, 0.000),0.522,3.349,6.415,0.987,VALID,(-0.367, 0.205, 0.907),(0.032, 0.000, 0.000),0.551,3.515,6.373,0.898,0.3827086,1
334108,1000001924626734000,63875742715517,(-0.063, 1.433, 0.292),(-0.023, -0.052, 0.010, 0.998),VALID,(-0.367, 0.205, 0.907),(0.000, 0.000, 0.000),64.325,VALID,(-0.259, 0.284, 0.923),(-0.032, 0.000, 0.000),0.522,3.350,6.415,0.987,VALID,(-0.367, 0.205, 0.907),(0.032, 0.000, 0.000),0.552,3.517,6.373,0.898,0.3817612,1
334109,1000001924631743100,63875742715517,(-0.063, 1.433, 0.292),(-0.023, -0.052, 0.010, 0.998),VALID,(-0.367, 0.205, 0.907),(0.000, 0.000, 0.000),64.325,VALID,(-0.259, 0.284, 0.923),(-0.032, 0.000, 0.000),0.522,3.350,6.415,0.987,VALID,(-0.367, 0.205, 0.907),(0.032, 0.000, 0.000),0.552,3.519,6.373,0.898,0.3808417,1
334110,1000001924636761800,63875742715528,(-0.063, 1.433, 0.292),(-0.023, -0.052, 0.010, 0.998),VALID,(-0.367, 0.205, 0.907),(0.000, 0.000, 0.000),64.325,VALID,(-0.259, 0.284, 0.923),(-0.032, 0.000, 0.000),0.522,3.349,6.415,0.987,VALID,(-0.367, 0.205, 0.907),(0.032, 0.000, 0.000),0.552,3.521,6.373,0.898,0.3806013,1
334111,1000001924641770900,63875742715539,(-0.062, 1.432, 0.292),(-0.023, -0.052, 0.010, 0.998),VALID,(-0.367, 0.205, 0.907),(0.000, 0.000, 0.000),64.325,VALID,(-0.259, 0.284, 0.923),(-0.032, 0.000, 0.000),0.522,3.348,6.415,0.986,VALID,(-0.367, 0.205, 0.907),(0.032, 0.000, 0.000),0.553,3.522,6.373,0.897,0.380215,1
334112,1000001924646751800,63875742715539,(-0.062, 1.432, 0.292),(-0.023, -0.052, 0.010, 0.998),VALID,(-0.367, 0.205, 0.908),(0.000, 0.000, 0.000),64.325,VALID,(-0.259, 0.284, 0.923),(-0.032, 0.000, 0.000),0.522,3.348,6.415,0.986,VALID,(-0.367, 0.205, 0.908),(0.032, 0.000, 0.000),0.553,3.525,6.373,0.897,0.3793342,1
334113,1000001924651773900,63875742715550,(-0.062, 1.432, 0.292),(-0.023, -0.052, 0.011, 0.998),VALID,(-0.367, 0.205, 0.908),(0.000, 0.000, 0.000),64.325,VALID,(-0.259, 0.284, 0.923),(-0.032, 0.000, 0.000),0.522,3.348,6.415,0.986,VALID,(-0.367, 0.205, 0.908),(0.032, 0.000, 0.000),0.553,3.527,6.373,0.897,0.378464,1
334114,1000001924656795500,63875742715550,(-0.062, 1.432, 0.292),(-0.023, -0.052, 0.011, 0.998),VALID,(-0.367, 0.205, 0.908),(0.000, 0.000, 0.000),64.325,VALID,(-0.259, 0.285, 0.923),(-0.032, 0.000, 0.000),0.522,3.348,6.415,0.985,VALID,(-0.367, 0.205, 0.908),(0.032, 0.000, 0.000),0.554,3.531,6.373,0.897,0.3776873,1
334115,1000001924661815900,63875742715561,(-0.062, 1.432, 0.292),(-0.024, -0.052, 0.011, 0.998),VALID,(-0.367, 0.204, 0.908),(0.000, 0.000, 0.000),64.325,VALID,(-0.259, 0.285, 0.923),(-0.032, 0.000, 0.000),0.522,3.348,6.415,0.985,VALID,(-0.367, 0.204, 0.908),(0.032, 0.000, 0.000),0.554,3.533,6.373,0.896,0.3772748,1
334116,1000001924666799400,63875742715561,(-0.062, 1.432, 0.292),(-0.024, -0.052, 0.011, 0.998),VALID,(-0.367, 0.204, 0.908),(0.000, 0.000, 0.000),64.325,VALID,(-0.259, 0.285, 0.923),(-0.032, 0.000, 0.000),0.522,3.348,6.415,0.986,VALID,(-0.367, 0.204, 0.908),(0.032, 0.000, 0.000),0.555,3.535,6.373,0.896,0.376746,1
334117,1000001924671819800,63875742715561,(-0.062, 1.432, 0.292),(-0.024, -0.052, 0.011, 0.998),VALID,(-0.367, 0.204, 0.908),(0.000, 0.000, 0.000),64.325,VALID,(-0.259, 0.285, 0.923),(-0.032, 0.000, 0.000),0.522,3.347,6.415,0.985,VALID,(-0.367, 0.204, 0.908),(0.032, 0.000, 0.000),0.555,3.538,6.373,0.896,0.376786,1
334118,1000001924676840200,63875742715572,(-0.062, 1.432, 0.292),(-0.023, -0.052, 0.011, 0.998),VALID,(-0.367, 0.204, 0.908),(0.000, 0.000, 0.000),64.325,VALID,(-0.259, 0.284, 0.923),(-0.032, 0.000, 0.000),0.522,3.346,6.415,0.985,VALID,(-0.367, 0.204, 0.908),(0.032, 0.000, 0.000),0.555,3.540,6.373,0.895,0.3769096,1
334119,1000001924681861100,63875742715572,(-0.062, 1.432, 0.292),(-0.023, -0.052, 0.011, 0.998),VALID,(-0.367, 0.204, 0.908),(0.000, 0.000, 0.000),64.325,VALID,(-0.259, 0.284, 0.923),(-0.032, 0.000, 0.000),0.521,3.345,6.415,0.985,VALID,(-0.367, 0.204, 0.908),(0.032, 0.000, 0.000),0.556,3.543,6.373,0.895,0.3770037,1
334120,1000001924686882000,63875742715572,(-0.062, 1.432, 0.292),(-0.023, -0.052, 0.011, 0.998),VALID,(-0.367, 0.204, 0.908),(0.000, 0.000, 0.000),64.325,VALID,(-0.259, 0.284, 0.923),(-0.032, 0.000, 0.000),0.521,3.345,6.415,0.985,VALID,(-0.367, 0.204, 0.908),(0.032, 0.000, 0.000),0.556,3.545,6.373,0.895,0.377094,1
334121,1000001924691908800,63875742715584,(-0.062, 1.432, 0.292),(-0.023, -0.052, 0.011, 0.998),VALID,(-0.367, 0.204, 0.908),(0.000, 0.000, 0.000),64.325,VALID,(-0.258, 0.284, 0.923),(-0.032, 0.000, 0.000),0.521,3.344,6.415,0.985,VALID,(-0.367, 0.204, 0.908),(0.032, 0.000, 0.000),0.556,3.546,6.373,0.895,0.3772091,1
334122,1000001924696929700,63875742715584,(-0.062, 1.432, 0.292),(-0.023, -0.052, 0.011, 0.998),VALID,(-0.367, 0.204, 0.908),(0.000, 0.000, 0.000),64.325,VALID,(-0.258, 0.284, 0.923),(-0.032, 0.000, 0.000),0.521,3.343,6.415,0.985,VALID,(-0.367, 0.204, 0.908),(0.032, 0.000, 0.000),0.557,3.547,6.373,0.895,0.3771774,1
334123,1000001924701886200,63875742715595,(-0.062, 1.432, 0.292),(-0.023, -0.052, 0.011, 0.998),VALID,(-0.367, 0.204, 0.908),(0.000, 0.000, 0.000),64.325,VALID,(-0.258, 0.284, 0.923),(-0.032, 0.000, 0.000),0.521,3.342,6.415,0.986,VALID,(-0.367, 0.204, 0.908),(0.032, 0.000, 0.000),0.557,3.548,6.373,0.895,0.3770648,1
334124,1000001924706907100,63875742715595,(-0.062, 1.432, 0.292),(-0.023, -0.052, 0.011, 0.998),VALID,(-0.367, 0.204, 0.908),(0.000, 0.000, 0.000),64.325,VALID,(-0.258, 0.284, 0.923),(-0.032, 0.000, 0.000),0.521,3.341,6.415,0.986,VALID,(-0.367, 0.204, 0.908),(0.032, 0.000, 0.000),0.557,3.549,6.373,0.895,0.376943,1
334125,1000001924711928000,63875742715606,(-0.062, 1.432, 0.292),(-0.024, -0.052, 0.010, 0.998),VALID,(-0.367, 0.204, 0.908),(0.000, 0.000, 0.000),64.325,VALID,(-0.258, 0.284, 0.923),(-0.032, 0.000, 0.000),0.521,3.342,6.415,0.986,VALID,(-0.367, 0.204, 0.908),(0.032, 0.000, 0.000),0.557,3.551,6.373,0.895,0.3767763,1
334126,1000001924716948400,63875742715606,(-0.062, 1.432, 0.292),(-0.024, -0.052, 0.010, 0.998),VALID,(-0.367, 0.204, 0.908),(0.000, 0.000, 0.000),64.325,VALID,(-0.258, 0.284, 0.923),(-0.032, 0.000, 0.000),0.521,3.343,6.415,0.986,VALID,(-0.367, 0.204, 0.908),(0.032, 0.000, 0.000),0.557,3.552,6.373,0.895,0.3768638,1
334127,1000001924721952500,63875742715617,(-0.062, 1.432, 0.292),(-0.024, -0.052, 0.010, 0.998),VALID,(-0.367, 0.204, 0.908),(0.000, 0.000, 0.000),64.325,VALID,(-0.258, 0.283, 0.924),(-0.032, 0.000, 0.000),0.521,3.344,6.415,0.987,VALID,(-0.367, 0.204, 0.908),(0.032, 0.000, 0.000),0.558,3.553,6.373,0.894,0.3774727,1
334128,1000001924726972900,63875742715618,(-0.062, 1.432, 0.292),(-0.024, -0.052, 0.010, 0.998),VALID,(-0.367, 0.204, 0.908),(0.000, 0.000, 0.000),64.325,VALID,(-0.258, 0.283, 0.924),(-0.032, 0.000, 0.000),0.522,3.346,6.415,0.987,VALID,(-0.367, 0.204, 0.908),(0.032, 0.000, 0.000),0.558,3.555,6.373,0.894,0.3789525,1
334129,1000001924731991300,63875742715618,(-0.062, 1.432, 0.292),(-0.024, -0.052, 0.010, 0.998),VALID,(-0.367, 0.203, 0.908),(0.000, 0.000, 0.000),64.325,VALID,(-0.258, 0.282, 0.924),(-0.032, 0.000, 0.000),0.522,3.347,6.415,0.987,VALID,(-0.367, 0.203, 0.908),(0.032, 0.000, 0.000),0.558,3.556,6.373,0.894,0.3805073,1
334130,1000001924737052900,63875742715629,(-0.062, 1.432, 0.292),(-0.024, -0.052, 0.010, 0.998),VALID,(-0.367, 0.203, 0.908),(0.000, 0.000, 0.000),64.325,VALID,(-0.258, 0.282, 0.924),(-0.032, 0.000, 0.000),0.522,3.349,6.415,0.987,VALID,(-0.367, 0.203, 0.908),(0.032, 0.000, 0.000),0.558,3.557,6.373,0.894,0.3813508,1
334131,1000001924742071300,63875742715629,(-0.062, 1.432, 0.292),(-0.024, -0.052, 0.010, 0.998),VALID,(-0.367, 0.203, 0.908),(0.000, 0.000, 0.000),64.325,VALID,(-0.258, 0.282, 0.924),(-0.032, 0.000, 0.000),0.522,3.350,6.415,0.987,VALID,(-0.367, 0.203, 0.908),(0.032, 0.000, 0.000),0.558,3.558,6.373,0.894,0.3820707,1
334132,1000001924747089700,63875742715639,(-0.062, 1.432, 0.292),(-0.024, -0.052, 0.010, 0.998),VALID,(-0.367, 0.203, 0.908),(0.000, 0.000, 0.000),64.325,VALID,(-0.258, 0.281, 0.924),(-0.032, 0.000, 0.000),0.522,3.351,6.415,0.987,VALID,(-0.367, 0.203, 0.908),(0.032, 0.000, 0.000),0.559,3.559,6.373,0.894,0.3830929,1
334133,1000001924752093500,63875742715640,(-0.062, 1.432, 0.292),(-0.024, -0.052, 0.010, 0.998),VALID,(-0.366, 0.203, 0.908),(0.000, 0.000, 0.000),64.325,VALID,(-0.258, 0.281, 0.924),(-0.032, 0.000, 0.000),0.522,3.352,6.415,0.987,VALID,(-0.366, 0.203, 0.908),(0.032, 0.000, 0.000),0.559,3.560,6.373,0.894,0.3838789,1
334134,1000001924757034000,63875742715650,(-0.062, 1.432, 0.292),(-0.024, -0.052, 0.010, 0.998),VALID,(-0.366, 0.203, 0.908),(0.000, 0.000, 0.000),64.325,VALID,(-0.258, 0.281, 0.924),(-0.032, 0.000, 0.000),0.523,3.353,6.415,0.987,VALID,(-0.366, 0.203, 0.908),(0.032, 0.000, 0.000),0.559,3.562,6.373,0.893,0.3846888,1
334135,1000001924762049700,63875742715650,(-0.062, 1.432, 0.292),(-0.024, -0.052, 0.010, 0.998),VALID,(-0.366, 0.203, 0.908),(0.000, 0.000, 0.000),64.325,VALID,(-0.258, 0.281, 0.925),(-0.032, 0.000, 0.000),0.523,3.354,6.415,0.988,VALID,(-0.366, 0.203, 0.908),(0.032, 0.000, 0.000),0.559,3.563,6.373,0.893,0.385485,1
334136,1000001924767068100,63875742715661,(-0.062, 1.432, 0.292),(-0.024, -0.052, 0.010, 0.998),VALID,(-0.366, 0.203, 0.908),(0.000, 0.000, 0.000),64.325,VALID,(-0.258, 0.280, 0.925),(-0.032, 0.000, 0.000),0.523,3.354,6.415,0.988,VALID,(-0.366, 0.203, 0.908),(0.032, 0.000, 0.000),0.559,3.564,6.373,0.893,0.3862725,1
334137,1000001924772083800,63875742715661,(-0.062, 1.432, 0.292),(-0.024, -0.052, 0.010, 0.998),VALID,(-0.366, 0.203, 0.908),(0.000, 0.000, 0.000),64.325,VALID,(-0.258, 0.280, 0.925),(-0.032, 0.000, 0.000),0.523,3.355,6.415,0.988,VALID,(-0.366, 0.203, 0.908),(0.032, 0.000, 0.000),0.559,3.565,6.373,0.893,0.3868451,1
334138,1000001924777099500,63875742715672,(-0.062, 1.432, 0.292),(-0.024, -0.052, 0.010, 0.998),VALID,(-0.366, 0.203, 0.908),(0.000, 0.000, 0.000),64.325,VALID,(-0.258, 0.280, 0.925),(-0.032, 0.000, 0.000),0.523,3.358,6.415,0.988,VALID,(-0.366, 0.203, 0.908),(0.032, 0.000, 0.000),0.559,3.566,6.373,0.893,0.3871682,1
334139,1000001924782157500,63875742715672,(-0.062, 1.432, 0.292),(-0.024, -0.052, 0.010, 0.998),VALID,(-0.366, 0.203, 0.908),(0.000, 0.000, 0.000),64.325,VALID,(-0.258, 0.280, 0.925),(-0.032, 0.000, 0.000),0.524,3.360,6.415,0.988,VALID,(-0.366, 0.203, 0.908),(0.032, 0.000, 0.000),0.560,3.566,6.373,0.893,0.3875732,1
334140,1000001924787173200,63875742715672,(-0.062, 1.432, 0.292),(-0.024, -0.052, 0.010, 0.998),VALID,(-0.366, 0.203, 0.908),(0.000, 0.000, 0.000),64.325,VALID,(-0.258, 0.280, 0.925),(-0.032, 0.000, 0.000),0.524,3.362,6.415,0.988,VALID,(-0.366, 0.203, 0.908),(0.032, 0.000, 0.000),0.560,3.567,6.373,0.892,0.3877953,1
334141,1000001924792217500,63875742715684,(-0.062, 1.432, 0.292),(-0.024, -0.052, 0.010, 0.998),VALID,(-0.366, 0.203, 0.908),(0.000, 0.000, 0.000),64.325,VALID,(-0.258, 0.280, 0.925),(-0.032, 0.000, 0.000),0.524,3.361,6.415,0.988,VALID,(-0.366, 0.203, 0.908),(0.032, 0.000, 0.000),0.560,3.568,6.373,0.892,0.3884058,1
334142,1000001924797217000,63875742715684,(-0.062, 1.432, 0.292),(-0.024, -0.052, 0.010, 0.998),VALID,(-0.366, 0.203, 0.908),(0.000, 0.000, 0.000),64.325,VALID,(-0.258, 0.280, 0.925),(-0.032, 0.000, 0.000),0.524,3.360,6.415,0.988,VALID,(-0.366, 0.203, 0.908),(0.032, 0.000, 0.000),0.560,3.568,6.373,0.892,0.3883524,1
334143,1000001924802155800,63875742715695,(-0.062, 1.432, 0.292),(-0.024, -0.052, 0.010, 0.998),VALID,(-0.366, 0.203, 0.908),(0.000, 0.000, 0.000),64.325,VALID,(-0.258, 0.280, 0.925),(-0.032, 0.000, 0.000),0.524,3.361,6.415,0.988,VALID,(-0.366, 0.203, 0.908),(0.032, 0.000, 0.000),0.560,3.569,6.373,0.891,0.387682,1
334144,1000001924807155300,63875742715695,(-0.062, 1.432, 0.292),(-0.024, -0.052, 0.010, 0.998),VALID,(-0.366, 0.203, 0.908),(0.000, 0.000, 0.000),64.325,VALID,(-0.258, 0.280, 0.925),(-0.032, 0.000, 0.000),0.524,3.362,6.415,0.988,VALID,(-0.366, 0.203, 0.908),(0.032, 0.000, 0.000),0.560,3.570,6.373,0.891,0.3875746,1
334145,1000001924812155700,63875742715706,(-0.062, 1.432, 0.292),(-0.024, -0.052, 0.010, 0.998),VALID,(-0.220, 0.495, 0.841),(0.000, 0.000, 0.000),64.325,VALID,(-0.158, 0.512, 0.844),(-0.032, 0.000, 0.000),0.524,3.361,6.415,0.989,VALID,(-0.328, 0.479, 0.814),(0.032, 0.000, 0.000),0.560,3.571,6.373,0.891,0.3511652,0
334146,1000001924817158700,63875742715706,(-0.062, 1.432, 0.292),(-0.024, -0.052, 0.010, 0.998),VALID,(-0.109, 0.624, 0.774),(0.000, 0.000, 0.000),64.325,VALID,(-0.078, 0.625, 0.777),(-0.032, 0.000, 0.000),0.524,3.361,6.415,0.989,VALID,(-0.299, 0.599, 0.743),(0.032, 0.000, 0.000),0.561,3.573,6.373,0.890,0.2771215,0
334147,1000001924822167700,63875742715716,(-0.062, 1.432, 0.292),(-0.024, -0.052, 0.011, 0.998),VALID,(-0.052, 0.669, 0.741),(0.000, 0.000, 0.000),64.325,VALID,(-0.031, 0.668, 0.743),(-0.032, 0.000, 0.000),0.524,3.361,6.415,0.989,VALID,(-0.286, 0.642, 0.711),(0.032, 0.000, 0.000),0.561,3.574,6.373,0.890,0.2429878,0
334148,1000001924827170700,63875742715716,(-0.062, 1.432, 0.292),(-0.024, -0.052, 0.011, 0.998),VALID,(-0.025, 0.687, 0.726),(0.000, 0.000, 0.000),64.325,VALID,(-0.007, 0.686, 0.728),(-0.032, 0.000, 0.000),0.524,3.361,6.415,0.989,VALID,(-0.281, 0.659, 0.697),(0.032, 0.000, 0.000),0.561,3.576,6.373,0.890,0.2271459,0
334149,1000001924832183100,63875742715728,(-0.062, 1.432, 0.292),(-0.024, -0.052, 0.011, 0.998),VALID,(-0.013, 0.696, 0.718),(0.000, 0.000, 0.000),64.325,VALID,(0.005, 0.695, 0.719),(-0.032, 0.000, 0.000),0.571,3.660,6.415,0.989,VALID,(-0.278, 0.668, 0.690),(0.032, 0.000, 0.000),0.561,3.578,6.373,0.890,0.2203852,0
334150,1000001924837219800,63875742715728,(-0.062, 1.432, 0.292),(-0.024, -0.052, 0.011, 0.998),VALID,(-0.008, 0.698, 0.716),(0.000, 0.000, 0.000),64.325,VALID,(0.011, 0.698, 0.716),(-0.032, 0.000, 0.000),0.575,3.686,6.415,0.989,VALID,(-0.277, 0.671, 0.688),(0.032, 0.000, 0.000),0.562,3.579,6.373,0.890,0.2164641,0
334151,1000001924842225800,63875742715728,(-0.062, 1.432, 0.292),(-0.024, -0.052, 0.011, 0.998),VALID,(-0.011, 0.704, 0.710),(0.000, 0.000, 0.000),64.325,VALID,(0.010, 0.704, 0.710),(-0.032, 0.000, 0.000),0.578,3.707,6.415,0.989,VALID,(-0.275, 0.677, 0.682),(0.032, 0.000, 0.000),0.562,3.580,6.373,0.889,0.2189716,0
334152,1000001924847248300,63875742715739,(-0.061, 1.432, 0.292),(-0.024, -0.052, 0.011, 0.998),VALID,(-0.015, 0.708, 0.706),(0.000, 0.000, 0.000),64.325,VALID,(0.009, 0.708, 0.706),(-0.032, 0.000, 0.000),0.579,3.715,6.415,0.989,VALID,(-0.273, 0.681, 0.679),(0.032, 0.000, 0.000),0.562,3.583,6.373,0.888,0.2212084,0
334153,1000001924852254300,63875742715739,(-0.061, 1.432, 0.292),(-0.024, -0.052, 0.011, 0.998),VALID,(-0.069, 0.667, 0.742),(0.000, 0.000, 0.000),64.325,VALID,(-0.036, 0.662, 0.749),(-0.032, 0.000, 0.000),0.536,3.442,6.415,0.989,VALID,(-0.287, 0.641, 0.712),(0.032, 0.000, 0.000),0.563,3.589,6.373,0.888,0.2464129,0
334154,1000001924857277900,63875742715750,(-0.061, 1.432, 0.292),(-0.024, -0.052, 0.011, 0.998),VALID,(-0.125, 0.520, 0.845),(0.000, 0.000, 0.000),64.325,VALID,(-0.060, 0.570, 0.820),(-0.032, 0.000, 0.000),0.534,3.427,6.415,0.988,VALID,(-0.324, 0.495, 0.806),(0.032, 0.000, 0.000),0.564,3.594,6.373,0.887,0.2218731,0
334155,1000001924862283900,63875742715750,(-0.061, 1.432, 0.292),(-0.024, -0.052, 0.011, 0.998),VALID,(-0.212, 0.368, 0.905),(0.000, 0.000, 0.000),64.325,VALID,(-0.115, 0.460, 0.881),(-0.032, 0.000, 0.000),0.534,3.424,6.415,0.987,VALID,(-0.350, 0.352, 0.868),(0.032, 0.000, 0.000),0.564,3.597,6.373,0.886,0.2237911,0
334156,1000001924867281500,63875742715761,(-0.061, 1.432, 0.292),(-0.024, -0.052, 0.011, 0.998),VALID,(-0.278, 0.278, 0.919),(0.000, 0.000, 0.000),64.325,VALID,(-0.168, 0.385, 0.908),(-0.032, 0.000, 0.000),0.533,3.421,6.415,0.988,VALID,(-0.360, 0.271, 0.893),(0.032, 0.000, 0.000),0.565,3.599,6.373,0.885,0.2443688,0
334157,1000001924872296700,63875742715761,(-0.061, 1.432, 0.292),(-0.024, -0.052, 0.011, 0.998),VALID,(-0.318, 0.236, 0.918),(0.000, 0.000, 0.000),64.325,VALID,(-0.205, 0.343, 0.917),(-0.032, 0.000, 0.000),0.532,3.414,6.415,0.987,VALID,(-0.363, 0.232, 0.902),(0.032, 0.000, 0.000),0.565,3.602,6.373,0.882,0.2689989,0
334158,1000001924877322200,63875742715761,(-0.061, 1.432, 0.292),(-0.024, -0.052, 0.011, 0.998),VALID,(-0.340, 0.217, 0.915),(0.000, 0.000, 0.000),64.325,VALID,(-0.228, 0.322, 0.919),(-0.032, 0.000, 0.000),0.531,3.407,6.415,0.987,VALID,(-0.365, 0.215, 0.906),(0.032, 0.000, 0.000),0.566,3.607,6.373,0.878,0.2877077,0
334159,1000001924882336800,63875742715772,(-0.061, 1.432, 0.292),(-0.023, -0.052, 0.011, 0.998),VALID,(-0.352, 0.208, 0.912),(0.000, 0.000, 0.000),64.325,VALID,(-0.241, 0.311, 0.919),(-0.032, 0.000, 0.000),0.530,3.400,6.415,0.987,VALID,(-0.366, 0.207, 0.907),(0.032, 0.000, 0.000),0.566,3.610,6.373,0.872,0.3005724,0
334160,1000001924887352000,63875742715772,(-0.061, 1.432, 0.292),(-0.023, -0.052, 0.011, 0.998),VALID,(-0.359, 0.204, 0.911),(0.000, 0.000, 0.000),64.325,VALID,(-0.249, 0.310, 0.918),(-0.032, 0.000, 0.000),0.531,3.404,6.415,0.987,VALID,(-0.366, 0.203, 0.908),(0.032, 0.000, 0.000),0.567,3.614,6.373,0.869,0.298305,0
334161,1000001924892367200,63875742715784,(-0.061, 1.432, 0.292),(-0.024, -0.052, 0.010, 0.998),VALID,(-0.298, 0.261, 0.918),(0.000, 0.000, 0.000),64.325,VALID,(-0.196, 0.363, 0.911),(-0.032, 0.000, 0.000),0.531,3.407,6.415,0.986,VALID,(-0.362, 0.255, 0.897),(0.032, 0.000, 0.000),0.569,3.624,6.373,0.864,0.268645,0
334162,1000001924897382400,63875742715784,(-0.061, 1.432, 0.292),(-0.024, -0.052, 0.010, 0.998),VALID,(-0.233, 0.484, 0.843),(0.000, 0.000, 0.000),64.325,VALID,(-0.150, 0.514, 0.844),(-0.032, 0.000, 0.000),0.531,3.407,6.415,0.984,VALID,(-0.330, 0.470, 0.819),(0.032, 0.000, 0.000),0.565,3.602,6.373,0.853,0.3269767,0
334163,1000001924902372500,63875742715795,(-0.061, 1.432, 0.293),(-0.024, -0.051, 0.010, 0.998),VALID,(-0.243, 0.430, 0.869),(0.000, 0.000, 0.000),64.325,VALID,(-0.086, 0.485, 0.870),(-0.032, 0.000, 0.000),0.531,3.407,6.415,0.980,VALID,(-0.339, 0.417, 0.843),(0.032, 0.000, 0.000),0.565,3.602,6.373,0.847,0.2324267,0
334164,1000001924907394000,63875742715795,(-0.061, 1.432, 0.293),(-0.024, -0.051, 0.010, 0.998),VALID,(-0.247, 0.424, 0.871),(0.000, 0.000, 0.000),64.325,VALID,(-0.112, 0.460, 0.881),(-0.032, 0.000, 0.000),0.541,3.470,6.415,0.975,VALID,(-0.332, 0.413, 0.848),(0.032, 0.000, 0.000),0.578,3.682,6.373,0.836,0.2714473,0
334165,1000001924912429800,63875742715806,(-0.061, 1.432, 0.293),(-0.024, -0.051, 0.010, 0.998),VALID,(-0.256, 0.359, 0.898),(0.000, 0.000, 0.000),64.325,VALID,(-0.124, 0.416, 0.901),(-0.032, 0.000, 0.000),0.548,3.515,6.415,0.965,VALID,(-0.328, 0.351, 0.877),(0.032, 0.000, 0.000),0.546,3.478,6.373,0.822,0.2811419,0
334166,1000001924917439200,63875742715806,(-0.061, 1.432, 0.293),(-0.024, -0.051, 0.010, 0.998),VALID,(-0.265, 0.258, 0.929),(0.000, 0.000, 0.000),64.325,VALID,(-0.131, 0.371, 0.919),(-0.032, 0.000, 0.000),0.559,3.583,6.415,0.956,VALID,(-0.322, 0.253, 0.912),(0.032, 0.000, 0.000),0.488,3.111,6.373,0.809,0.240711,0
334167,1000001924922454400,63875742715818,(-0.061, 1.432, 0.293),(-0.023, -0.051, 0.010, 0.998),VALID,(-0.268, 0.217, 0.939),(0.000, 0.000, 0.000),64.325,VALID,(-0.141, 0.249, 0.958),(-0.032, 0.000, 0.000),0.635,4.075,6.415,0.942,VALID,(-0.313, 0.214, 0.925),(0.032, 0.000, 0.000),0.474,3.020,6.373,0.791,0.3443401,0
334168,1000001924927458800,63875742715818,(-0.061, 1.432, 0.293),(-0.023, -0.051, 0.010, 0.998),VALID,(-0.256, 0.182, 0.949),(0.000, 0.000, 0.000),64.325,INVALID,,,,,,,VALID,(-0.267, 0.182, 0.946),(0.032, 0.000, 0.000),0.487,3.101,6.373,,2,0
334169,1000001924932461800,63875742715840,(-0.061, 1.432, 0.293),(-0.024, -0.051, 0.010, 0.998),VALID,(-0.241, 0.127, 0.962),(0.000, 0.000, 0.000),64.325,INVALID,,,,,,,VALID,(-0.234, 0.127, 0.964),(0.032, 0.000, 0.000),0.464,2.957,6.373,,2,0
334170,1000001924937463700,63875742715840,(-0.061, 1.432, 0.293),(-0.024, -0.051, 0.010, 0.998),VALID,(-0.215, 0.118, 0.970),(0.000, 0.000, 0.000),64.325,INVALID,,,,,,,VALID,(-0.197, 0.119, 0.973),(0.032, 0.000, 0.000),0.457,2.912,6.373,,2,0
334171,1000001924942485200,63875742715840,(-0.061, 1.432, 0.293),(-0.024, -0.051, 0.010, 0.998),INVALID,,,,INVALID,,,,,,,INVALID,,,,,,,,
334172,1000001924947512300,63875742715840,(-0.061, 1.432, 0.293),(-0.024, -0.051, 0.010, 0.998),INVALID,,,,INVALID,,,,,,,INVALID,,,,,,,,
334173,1000001924952533800,63875742715840,(-0.061, 1.432, 0.293),(-0.024, -0.051, 0.010, 0.998),VALID,(0.519, 0.115, 0.847),(0.000, 0.000, 0.000),64.325,INVALID,,,,,,,VALID,(0.545, 0.113, 0.830),(0.032, 0.000, 0.000),0.463,2.949,6.373,,2,0
334174,1000001924957532100,63875742715973,(-0.061, 1.432, 0.293),(-0.024, -0.051, 0.011, 0.998),INVALID,,,,INVALID,,,,,,,INVALID,,,,,,,,
334175,1000001924962547300,63875742715973,(-0.061, 1.432, 0.293),(-0.024, -0.051, 0.011, 0.998),INVALID,,,,INVALID,,,,,,,INVALID,,,,,,,,
334176,1000001924967573300,63875742715973,(-0.061, 1.432, 0.293),(-0.024, -0.051, 0.011, 0.998),INVALID,,,,INVALID,,,,,,,INVALID,,,,,,,,
334177,1000001924972588500,63875742715973,(-0.061, 1.432, 0.293),(-0.024, -0.051, 0.011, 0.998),INVALID,,,,INVALID,,,,,,,INVALID,,,,,,,,
334178,1000001924977610000,63875742715973,(-0.061, 1.432, 0.293),(-0.024, -0.051, 0.011, 0.998),INVALID,,,,INVALID,,,,,,,INVALID,,,,,,,,
334179,1000001924982625200,63875742715973,(-0.061, 1.432, 0.293),(-0.024, -0.051, 0.011, 0.998),INVALID,,,,INVALID,,,,,,,INVALID,,,,,,,,
334180,1000001924987610800,63875742715973,(-0.061, 1.432, 0.293),(-0.024, -0.051, 0.011, 0.998),INVALID,,,,INVALID,,,,,,,INVALID,,,,,,,,
334181,1000001924992599200,63875742715973,(-0.061, 1.432, 0.293),(-0.024, -0.051, 0.011, 0.998),INVALID,,,,INVALID,,,,,,,INVALID,,,,,,,,
334182,1000001924997609200,63875742715973,(-0.061, 1.432, 0.293),(-0.024, -0.051, 0.011, 0.998),INVALID,,,,INVALID,,,,,,,INVALID,,,,,,,,
334183,1000001925002626800,63875742715986,(-0.061, 1.432, 0.293),(-0.024, -0.051, 0.011, 0.998),INVALID,,,,INVALID,,,,,,,INVALID,,,,,,,,
334184,1000001925007663400,63875742715986,(-0.061, 1.432, 0.293),(-0.024, -0.051, 0.011, 0.998),INVALID,,,,INVALID,,,,,,,INVALID,,,,,,,,
334185,1000001925012673400,63875742715986,(-0.061, 1.432, 0.293),(-0.024, -0.051, 0.011, 0.998),INVALID,,,,INVALID,,,,,,,INVALID,,,,,,,,
334186,1000001925017691000,63875742715986,(-0.061, 1.432, 0.293),(-0.024, -0.051, 0.011, 0.998),INVALID,,,,INVALID,,,,,,,INVALID,,,,,,,,
334187,1000001925022701000,63875742715986,(-0.061, 1.432, 0.293),(-0.024, -0.051, 0.011, 0.998),INVALID,,,,INVALID,,,,,,,INVALID,,,,,,,,
334188,1000001925027710000,63875742715986,(-0.061, 1.432, 0.293),(-0.024, -0.051, 0.011, 0.998),INVALID,,,,INVALID,,,,,,,INVALID,,,,,,,,
334189,1000001925032719000,63875742715986,(-0.061, 1.432, 0.293),(-0.024, -0.051, 0.011, 0.998),INVALID,,,,INVALID,,,,,,,INVALID,,,,,,,,
334190,1000001925037722000,63875742715986,(-0.061, 1.432, 0.293),(-0.024, -0.051, 0.011, 0.998),INVALID,,,,INVALID,,,,,,,INVALID,,,,,,,,
334191,1000001925042733300,63875742715986,(-0.061, 1.432, 0.293),(-0.024, -0.051, 0.011, 0.998),INVALID,,,,INVALID,,,,,,,INVALID,,,,,,,,
334192,1000001925047736300,63875742715986,(-0.061, 1.432, 0.293),(-0.024, -0.051, 0.011, 0.998),INVALID,,,,INVALID,,,,,,,INVALID,,,,,,,,
334193,1000001925052745300,63875742715986,(-0.061, 1.432, 0.293),(-0.024, -0.051, 0.011, 0.998),INVALID,,,,INVALID,,,,,,,INVALID,,,,,,,,
334194,1000001925057754300,63875742715986,(-0.061, 1.432, 0.293),(-0.024, -0.051, 0.011, 0.998),INVALID,,,,INVALID,,,,,,,INVALID,,,,,,,,
334195,1000001925062766200,63875742715986,(-0.061, 1.432, 0.293),(-0.024, -0.051, 0.011, 0.998),INVALID,,,,INVALID,,,,,,,INVALID,,,,,,,,
334196,1000001925067806500,63875742715986,(-0.061, 1.432, 0.293),(-0.024, -0.051, 0.011, 0.998),INVALID,,,,INVALID,,,,,,,INVALID,,,,,,,,
334197,1000001925072815500,63875742715986,(-0.061, 1.432, 0.293),(-0.024, -0.051, 0.011, 0.998),INVALID,,,,INVALID,,,,,,,INVALID,,,,,,,,
334198,1000001925077827400,63875742715986,(-0.061, 1.432, 0.293),(-0.024, -0.051, 0.011, 0.998),VALID,(0.216, -0.455, 0.864),(0.000, 0.000, 0.000),64.325,INVALID,,,,,,,VALID,(0.189, -0.458, 0.869),(0.032, 0.000, 0.000),0.528,3.367,6.373,,2,0
334199,1000001925082839300,63875742715986,(-0.061, 1.432, 0.293),(-0.024, -0.051, 0.011, 0.998),VALID,(0.178, -0.549, 0.817),(0.000, 0.000, 0.000),64.325,INVALID,,,,,,,VALID,(0.103, -0.555, 0.826),(0.032, 0.000, 0.000),0.507,3.232,6.373,,2,0
334200,1000001925087851200,63875742715995,(-0.061, 1.432, 0.293),(-0.023, -0.051, 0.011, 0.998),INVALID,,,,INVALID,,,,,,,INVALID,,,,,,,,
334201,1000001925092860200,63875742715995,(-0.061, 1.432, 0.293),(-0.023, -0.051, 0.011, 0.998),VALID,(0.105, -0.618, 0.779),(0.000, 0.000, 0.000),64.325,INVALID,,,,,,,VALID,(0.085, -0.619, 0.781),(0.032, 0.000, 0.000),0.545,3.471,6.373,,2,0
334202,1000001925097872100,63875742715995,(-0.061, 1.432, 0.293),(-0.023, -0.051, 0.011, 0.998),VALID,(0.179, -0.461, 0.869),(0.000, 0.000, 0.000),64.325,VALID,(0.470, -0.292, 0.833),(-0.032, 0.000, 0.000),0.461,2.958,6.415,0.497,INVALID,,,,,,0.364,2,0
334203,1000001925102881100,63875742715995,(-0.061, 1.432, 0.293),(-0.023, -0.051, 0.011, 0.998),INVALID,,,,INVALID,,,,,,,INVALID,,,,,,,,
334204,1000001925107893000,63875742715995,(-0.061, 1.432, 0.293),(-0.023, -0.051, 0.011, 0.998),VALID,(0.296, -0.373, 0.879),(0.000, 0.000, 0.000),64.325,VALID,(0.465, -0.276, 0.841),(-0.032, 0.000, 0.000),0.472,3.028,6.415,0.499,INVALID,,,,,,0.380,2,0
334205,1000001925112890500,63875742716012,(-0.061, 1.432, 0.293),(-0.023, -0.052, 0.011, 0.998),INVALID,,,,INVALID,,,,,,,INVALID,,,,,,,,
334206,1000001925117920300,63875742716012,(-0.061, 1.432, 0.293),(-0.023, -0.052, 0.011, 0.998),INVALID,,,,INVALID,,,,,,,INVALID,,,,,,,,
334207,1000001925122964900,63875742716012,(-0.061, 1.432, 0.293),(-0.023, -0.052, 0.011, 0.998),VALID,(0.264, -0.388, 0.883),(0.000, 0.000, 0.000),64.325,INVALID,,,,,,,VALID,(0.185, -0.406, 0.895),(0.032, 0.000, 0.000),0.490,3.122,6.373,,2,0
334208,1000001925127976800,63875742716023,(-0.061, 1.432, 0.293),(-0.023, -0.052, 0.011, 0.998),INVALID,,,,INVALID,,,,,,,INVALID,,,,,,,,
334209,1000001925133006600,63875742716023,(-0.061, 1.432, 0.293),(-0.023, -0.052, 0.011, 0.998),INVALID,,,,INVALID,,,,,,,INVALID,,,,,,,,
334210,1000001925138018500,63875742716023,(-0.061, 1.432, 0.293),(-0.023, -0.052, 0.011, 0.998),VALID,(0.237, -0.451, 0.861),(0.000, 0.000, 0.000),64.325,INVALID,,,,,,,VALID,(0.145, -0.506, 0.850),(0.032, 0.000, 0.000),0.403,2.571,6.373,,2,0
334211,1000001925143049600,63875742716034,(-0.061, 1.432, 0.293),(-0.023, -0.052, 0.011, 0.998),VALID,(0.229, -0.471, 0.852),(0.000, 0.000, 0.000),64.325,INVALID,,,,,,,VALID,(0.092, -0.547, 0.832),(0.032, 0.000, 0.000),0.404,2.574,6.373,,2,0
334212,1000001925148061500,63875742716034,(-0.061, 1.432, 0.293),(-0.023, -0.052, 0.011, 0.998),VALID,(0.216, -0.487, 0.846),(0.000, 0.000, 0.000),64.325,INVALID,,,,,,,VALID,(0.096, -0.524, 0.846),(0.032, 0.000, 0.000),0.407,2.594,6.373,,2,0
334213,1000001925152981500,63875742716045,(-0.061, 1.432, 0.293),(-0.023, -0.052, 0.011, 0.998),VALID,(0.189, -0.512, 0.838),(0.000, 0.000, 0.000),64.325,INVALID,,,,,,,VALID,(0.097, -0.533, 0.841),(0.032, 0.000, 0.000),0.374,2.385,6.373,,2,0
334214,1000001925157993400,63875742716045,(-0.061, 1.432, 0.293),(-0.023, -0.052, 0.011, 0.998),VALID,(0.164, -0.525, 0.835),(0.000, 0.000, 0.000),64.325,INVALID,,,,,,,VALID,(0.097, -0.536, 0.839),(0.032, 0.000, 0.000),0.371,2.362,6.373,,2,0
334215,1000001925163043900,63875742716056,(-0.061, 1.432, 0.293),(-0.023, -0.052, 0.011, 0.998),VALID,(0.141, -0.523, 0.841),(0.000, 0.000, 0.000),64.325,INVALID,,,,,,,VALID,(0.097, -0.528, 0.844),(0.032, 0.000, 0.000),0.370,2.359,6.373,,2,0
334216,1000001925168055800,63875742716056,(-0.061, 1.432, 0.293),(-0.023, -0.052, 0.011, 0.998),VALID,(0.124, -0.523, 0.843),(0.000, 0.000, 0.000),64.325,INVALID,,,,,,,VALID,(0.097, -0.526, 0.845),(0.032, 0.000, 0.000),0.370,2.360,6.373,,2,0
334217,1000001925173034100,63875742716067,(-0.061, 1.432, 0.293),(-0.023, -0.052, 0.011, 0.998),VALID,(0.114, -0.528, 0.842),(0.000, 0.000, 0.000),64.325,INVALID,,,,,,,VALID,(0.096, -0.530, 0.843),(0.032, 0.000, 0.000),0.372,2.368,6.373,,2,0
334218,1000001925178065200,63875742716067,(-0.061, 1.432, 0.293),(-0.023, -0.052, 0.011, 0.998),VALID,(0.108, -0.533, 0.839),(0.000, 0.000, 0.000),64.325,INVALID,,,,,,,VALID,(0.096, -0.534, 0.840),(0.032, 0.000, 0.000),0.372,2.372,6.373,,2,0
334219,1000001925183096300,63875742716089,(-0.061, 1.432, 0.294),(-0.024, -0.052, 0.011, 0.998),INVALID,,,,INVALID,,,,,,,INVALID,,,,,,,,
334220,1000001925188164500,63875742716089,(-0.061, 1.432, 0.294),(-0.024, -0.052, 0.011, 0.998),INVALID,,,,INVALID,,,,,,,INVALID,,,,,,,,
334221,1000001925193181700,63875742716089,(-0.061, 1.432, 0.294),(-0.024, -0.052, 0.011, 0.998),VALID,(0.116, -0.489, 0.864),(0.000, 0.000, 0.000),64.325,INVALID,,,,,,,VALID,(0.102, -0.483, 0.870),(0.032, 0.000, 0.000),0.446,2.842,6.373,,2,0
334222,1000001925198180400,63875742716100,(-0.061, 1.432, 0.294),(-0.024, -0.052, 0.011, 0.998),VALID,(0.124, -0.492, 0.862),(0.000, 0.000, 0.000),64.325,INVALID,,,,,,,VALID,(0.108, -0.489, 0.866),(0.032, 0.000, 0.000),0.450,2.869,6.373,,2,0
334223,1000001925203197600,63875742716100,(-0.061, 1.432, 0.294),(-0.024, -0.052, 0.011, 0.998),VALID,(0.129, -0.493, 0.860),(0.000, 0.000, 0.000),64.325,INVALID,,,,,,,VALID,(0.113, -0.492, 0.863),(0.032, 0.000, 0.000),0.452,2.880,6.373,,2,0
334224,1000001925208163800,63875742716100,(-0.061, 1.432, 0.294),(-0.024, -0.052, 0.011, 0.998),VALID,(0.110, -0.501, 0.858),(0.000, 0.000, 0.000),64.325,INVALID,,,,,,,VALID,(0.108, -0.502, 0.858),(0.032, 0.000, 0.000),0.453,2.884,6.373,,2,0
334225,1000001925213181000,63875742716115,(-0.061, 1.433, 0.294),(-0.024, -0.052, 0.011, 0.998),VALID,(0.103, -0.502, 0.859),(0.000, 0.000, 0.000),64.325,INVALID,,,,,,,VALID,(0.106, -0.502, 0.858),(0.032, 0.000, 0.000),0.448,2.855,6.373,,2,0
334226,1000001925218158400,63875742716115,(-0.061, 1.433, 0.294),(-0.024, -0.052, 0.011, 0.998),VALID,(0.103, -0.506, 0.857),(0.000, 0.000, 0.000),64.325,INVALID,,,,,,,VALID,(0.105, -0.506, 0.856),(0.032, 0.000, 0.000),0.438,2.794,6.373,,2,0
334227,1000001925223175600,63875742716115,(-0.061, 1.433, 0.294),(-0.024, -0.052, 0.011, 0.998),VALID,(0.103, -0.507, 0.856),(0.000, 0.000, 0.000),64.325,INVALID,,,,,,,VALID,(0.105, -0.508, 0.855),(0.032, 0.000, 0.000),0.433,2.763,6.373,,2,0
334228,1000001925228197400,63875742716115,(-0.061, 1.433, 0.294),(-0.024, -0.052, 0.011, 0.998),VALID,(0.105, -0.508, 0.855),(0.000, 0.000, 0.000),64.325,INVALID,,,,,,,VALID,(0.106, -0.509, 0.854),(0.032, 0.000, 0.000),0.430,2.742,6.373,,2,0
334229,1000001925233219200,63875742716127,(-0.061, 1.433, 0.294),(-0.024, -0.052, 0.011, 0.998),VALID,(0.106, -0.509, 0.854),(0.000, 0.000, 0.000),64.325,INVALID,,,,,,,VALID,(0.106, -0.510, 0.854),(0.032, 0.000, 0.000),0.428,2.730,6.373,,2,0
334230,1000001925238241000,63875742716127,(-0.061, 1.433, 0.294),(-0.024, -0.052, 0.011, 0.998),VALID,(0.108, -0.510, 0.853),(0.000, 0.000, 0.000),64.325,INVALID,,,,,,,VALID,(0.107, -0.511, 0.853),(0.032, 0.000, 0.000),0.426,2.714,6.373,,2,0
334231,1000001925243262800,63875742716137,(-0.061, 1.433, 0.295),(-0.024, -0.051, 0.011, 0.998),VALID,(0.110, -0.512, 0.852),(0.000, 0.000, 0.000),64.325,INVALID,,,,,,,VALID,(0.108, -0.513, 0.852),(0.032, 0.000, 0.000),0.422,2.691,6.373,,2,0
334232,1000001925248280000,63875742716137,(-0.061, 1.433, 0.295),(-0.024, -0.051, 0.011, 0.998),VALID,(0.116, -0.512, 0.851),(0.000, 0.000, 0.000),64.325,INVALID,,,,,,,VALID,(0.114, -0.512, 0.851),(0.032, 0.000, 0.000),0.419,2.672,6.373,,2,0
334233,1000001925253248900,63875742716149,(-0.061, 1.433, 0.295),(-0.024, -0.051, 0.011, 0.998),VALID,(0.119, -0.503, 0.856),(0.000, 0.000, 0.000),64.325,INVALID,,,,,,,VALID,(0.120, -0.495, 0.860),(0.032, 0.000, 0.000),0.496,3.161,6.373,,2,0
334234,1000001925258266100,63875742716149,(-0.061, 1.433, 0.295),(-0.024, -0.051, 0.011, 0.998),VALID,(0.122, -0.481, 0.868),(0.000, 0.000, 0.000),64.325,INVALID,,,,,,,VALID,(0.127, -0.481, 0.868),(0.032, 0.000, 0.000),0.500,3.187,6.373,,2,0
334235,1000001925263285700,63875742716149,(-0.061, 1.433, 0.295),(-0.024, -0.051, 0.011, 0.998),VALID,(0.126, -0.453, 0.882),(0.000, 0.000, 0.000),64.325,INVALID,,,,,,,VALID,(0.134, -0.457, 0.879),(0.032, 0.000, 0.000),0.500,3.187,6.373,,2,0
334236,1000001925268302900,63875742716159,(-0.061, 1.433, 0.295),(-0.024, -0.051, 0.011, 0.998),VALID,(0.127, -0.462, 0.878),(0.000, 0.000, 0.000),64.325,VALID,(0.145, -0.489, 0.860),(-0.032, 0.000, 0.000),0.460,2.951,6.415,0.642,VALID,(0.136, -0.463, 0.876),(0.032, 0.000, 0.000),0.468,2.981,6.373,0.550,2,0
334237,1000001925273322500,63875742716159,(-0.061, 1.433, 0.295),(-0.024, -0.051, 0.011, 0.998),VALID,(0.128, -0.462, 0.878),(0.000, 0.000, 0.000),64.325,VALID,(0.136, -0.461, 0.877),(-0.032, 0.000, 0.000),0.456,2.928,6.415,0.644,VALID,(0.136, -0.463, 0.876),(0.032, 0.000, 0.000),0.464,2.956,6.373,0.554,2,0
334238,1000001925278335300,63875742716171,(-0.061, 1.433, 0.295),(-0.024, -0.051, 0.011, 0.998),VALID,(0.129, -0.461, 0.878),(0.000, 0.000, 0.000),64.325,VALID,(-0.070, -0.235, 0.969),(-0.032, 0.000, 0.000),0.450,2.889,6.415,0.646,VALID,(0.136, -0.462, 0.876),(0.032, 0.000, 0.000),0.463,2.950,6.373,0.558,2,0
334239,1000001925283354900,63875742716171,(-0.061, 1.433, 0.295),(-0.024, -0.051, 0.011, 0.998),VALID,(0.129, -0.461, 0.878),(0.000, 0.000, 0.000),64.325,VALID,(0.010, -0.397, 0.918),(-0.032, 0.000, 0.000),0.441,2.828,6.415,0.650,VALID,(0.136, -0.462, 0.876),(0.032, 0.000, 0.000),0.463,2.948,6.373,0.565,2,0
334240,1000001925288374500,63875742716182,(-0.061, 1.433, 0.295),(-0.024, -0.051, 0.011, 0.998),VALID,(0.131, -0.457, 0.880),(0.000, 0.000, 0.000),64.325,VALID,(0.069, -0.427, 0.902),(-0.032, 0.000, 0.000),0.437,2.802,6.415,0.659,VALID,(0.138, -0.458, 0.878),(0.032, 0.000, 0.000),0.461,2.940,6.373,0.572,2,0
334241,1000001925293394100,63875742716182,(-0.061, 1.433, 0.295),(-0.024, -0.051, 0.011, 0.998),VALID,(0.137, -0.382, 0.914),(0.000, 0.000, 0.000),64.325,VALID,(0.102, -0.316, 0.943),(-0.032, 0.000, 0.000),0.428,2.748,6.415,0.662,VALID,(0.142, -0.386, 0.912),(0.032, 0.000, 0.000),0.543,3.461,6.373,0.578,2,0
334242,1000001925298415900,63875742716182,(-0.061, 1.433, 0.295),(-0.024, -0.051, 0.011, 0.998),VALID,(0.138, -0.332, 0.933),(0.000, 0.000, 0.000),64.325,VALID,(0.112, -0.283, 0.952),(-0.032, 0.000, 0.000),0.426,2.731,6.415,0.669,VALID,(0.143, -0.335, 0.931),(0.032, 0.000, 0.000),0.538,3.426,6.373,0.585,2,0
334243,1000001925303435500,63875742716192,(-0.061, 1.433, 0.295),(-0.024, -0.051, 0.011, 0.998),VALID,(0.138, -0.302, 0.943),(0.000, 0.000, 0.000),64.325,VALID,(0.118, -0.272, 0.955),(-0.032, 0.000, 0.000),0.423,2.714,6.415,0.677,VALID,(0.142, -0.304, 0.942),(0.032, 0.000, 0.000),0.537,3.424,6.373,0.592,2,0
334244,1000001925308391000,63875742716192,(-0.061, 1.433, 0.295),(-0.024, -0.051, 0.011, 0.998),VALID,(0.138, -0.295, 0.945),(0.000, 0.000, 0.000),64.325,VALID,(0.117, -0.279, 0.953),(-0.032, 0.000, 0.000),0.419,2.688,6.415,0.684,VALID,(0.141, -0.296, 0.945),(0.032, 0.000, 0.000),0.537,3.422,6.373,0.599,2,0
334245,1000001925313384300,63875742716205,(-0.061, 1.433, 0.296),(-0.024, -0.051, 0.011, 0.998),VALID,(0.137, -0.290, 0.947),(0.000, 0.000, 0.000),64.325,VALID,(0.117, -0.282, 0.952),(-0.032, 0.000, 0.000),0.416,2.672,6.415,0.691,VALID,(0.140, -0.291, 0.946),(0.032, 0.000, 0.000),0.537,3.424,6.373,0.606,2,0
334246,1000001925318392000,63875742716205,(-0.061, 1.433, 0.296),(-0.024, -0.051, 0.011, 0.998),VALID,(0.136, -0.287, 0.948),(0.000, 0.000, 0.000),64.325,VALID,(0.117, -0.282, 0.952),(-0.032, 0.000, 0.000),0.439,2.817,6.415,0.698,VALID,(0.139, -0.287, 0.948),(0.032, 0.000, 0.000),0.539,3.432,6.373,0.613,2,0
334247,1000001925323406200,63875742716216,(-0.061, 1.433, 0.296),(-0.024, -0.051, 0.011, 0.998),VALID,(0.134, -0.284, 0.949),(0.000, 0.000, 0.000),64.325,VALID,(0.118, -0.281, 0.953),(-0.032, 0.000, 0.000),0.441,2.829,6.415,0.705,VALID,(0.138, -0.284, 0.949),(0.032, 0.000, 0.000),0.540,3.439,6.373,0.620,2,0
334248,1000001925328420400,63875742716216,(-0.061, 1.433, 0.296),(-0.024, -0.051, 0.011, 0.998),VALID,(0.133, -0.281, 0.950),(0.000, 0.000, 0.000),64.325,VALID,(0.119, -0.279, 0.953),(-0.032, 0.000, 0.000),0.447,2.870,6.415,0.711,VALID,(0.136, -0.281, 0.950),(0.032, 0.000, 0.000),0.541,3.445,6.373,0.626,2,0
334249,1000001925333421400,63875742716228,(-0.061, 1.433, 0.296),(-0.024, -0.051, 0.011, 0.998),VALID,(0.132, -0.278, 0.951),(0.000, 0.000, 0.000),64.325,VALID,(0.196, -0.231, 0.953),(-0.032, 0.000, 0.000),0.422,2.705,6.415,0.718,VALID,(0.135, -0.278, 0.951),(0.032, 0.000, 0.000),0.541,3.450,6.373,0.633,0.6613541,0
334250,1000001925338435600,63875742716228,(-0.061, 1.433, 0.296),(-0.024, -0.051, 0.011, 0.998),VALID,(0.132, -0.272, 0.953),(0.000, 0.000, 0.000),64.325,VALID,(0.171, -0.243, 0.955),(-0.032, 0.000, 0.000),0.418,2.680,6.415,0.723,VALID,(0.134, -0.272, 0.953),(0.032, 0.000, 0.000),0.545,3.471,6.373,0.640,2,0
334251,1000001925343473100,63875742716239,(-0.061, 1.433, 0.296),(-0.024, -0.051, 0.011, 0.998),VALID,(0.132, -0.267, 0.955),(0.000, 0.000, 0.000),64.325,VALID,(0.157, -0.248, 0.956),(-0.032, 0.000, 0.000),0.417,2.673,6.415,0.729,VALID,(0.134, -0.267, 0.954),(0.032, 0.000, 0.000),0.546,3.480,6.373,0.646,2,0
334252,1000001925348487300,63875742716239,(-0.061, 1.433, 0.296),(-0.024, -0.051, 0.011, 0.998),VALID,(0.132, -0.263, 0.956),(0.000, 0.000, 0.000),64.325,VALID,(0.151, -0.251, 0.956),(-0.032, 0.000, 0.000),0.417,2.673,6.415,0.734,VALID,(0.134, -0.263, 0.956),(0.032, 0.000, 0.000),0.550,3.506,6.373,0.652,2,0
334253,1000001925353575800,63875742716248,(-0.061, 1.433, 0.296),(-0.024, -0.051, 0.011, 0.998),VALID,(0.133, -0.259, 0.957),(0.000, 0.000, 0.000),64.325,VALID,(0.206, -0.221, 0.953),(-0.032, 0.000, 0.000),0.417,2.672,6.415,0.739,VALID,(0.135, -0.259, 0.957),(0.032, 0.000, 0.000),0.552,3.515,6.373,0.658,0.6989346,0
334254,1000001925358589700,63875742716248,(-0.061, 1.433, 0.296),(-0.024, -0.051, 0.011, 0.998),VALID,(0.134, -0.255, 0.958),(0.000, 0.000, 0.000),64.325,VALID,(0.243, -0.204, 0.948),(-0.032, 0.000, 0.000),0.416,2.670,6.415,0.744,VALID,(0.136, -0.255, 0.957),(0.032, 0.000, 0.000),0.553,3.522,6.373,0.664,0.4848993,0
334255,1000001925363603900,63875742716248,(-0.061, 1.433, 0.296),(-0.024, -0.051, 0.011, 0.998),VALID,(0.135, -0.253, 0.958),(0.000, 0.000, 0.000),64.325,VALID,(0.263, -0.200, 0.944),(-0.032, 0.000, 0.000),0.397,2.544,6.415,0.749,VALID,(0.136, -0.253, 0.958),(0.032, 0.000, 0.000),0.553,3.522,6.373,0.669,0.4259628,0
334256,1000001925368617800,63875742716259,(-0.061, 1.433, 0.296),(-0.024, -0.051, 0.011, 0.998),VALID,(0.135, -0.249, 0.959),(0.000, 0.000, 0.000),64.325,VALID,(0.284, -0.192, 0.939),(-0.032, 0.000, 0.000),0.538,3.451,6.415,0.753,VALID,(0.137, -0.249, 0.959),(0.032, 0.000, 0.000),0.553,3.522,6.373,0.674,0.3727567,0
334257,1000001925373632000,63875742716259,(-0.061, 1.433, 0.296),(-0.024, -0.051, 0.011, 0.998),VALID,(0.136, -0.241, 0.961),(0.000, 0.000, 0.000),64.325,VALID,(0.297, -0.167, 0.940),(-0.032, 0.000, 0.000),0.543,3.485,6.415,0.757,VALID,(0.138, -0.241, 0.961),(0.032, 0.000, 0.000),0.557,3.548,6.373,0.679,0.3253839,0
334258,1000001925378617600,63875742716270,(-0.061, 1.433, 0.296),(-0.024, -0.051, 0.011, 0.998),VALID,(0.137, -0.234, 0.963),(0.000, 0.000, 0.000),64.325,VALID,(0.253, -0.174, 0.952),(-0.032, 0.000, 0.000),0.543,3.486,6.415,0.761,VALID,(0.139, -0.234, 0.962),(0.032, 0.000, 0.000),0.559,3.564,6.373,0.684,0.4380398,0
334259,1000001925383536600,63875742716270,(-0.061, 1.433, 0.296),(-0.024, -0.051, 0.011, 0.998),VALID,(0.139, -0.230, 0.963),(0.000, 0.000, 0.000),64.325,VALID,(0.232, -0.178, 0.956),(-0.032, 0.000, 0.000),0.543,3.486,6.415,0.765,VALID,(0.140, -0.230, 0.963),(0.032, 0.000, 0.000),0.561,3.574,6.373,0.688,0.5314254,0
334260,1000001925388563600,63875742716282,(-0.061, 1.433, 0.296),(-0.024, -0.051, 0.011, 0.998),VALID,(0.139, -0.221, 0.965),(0.000, 0.000, 0.000),64.325,VALID,(0.219, -0.180, 0.959),(-0.032, 0.000, 0.000),0.543,3.486,6.415,0.768,VALID,(0.140, -0.221, 0.965),(0.032, 0.000, 0.000),0.562,3.582,6.373,0.692,0.6385207,0
334261,1000001925393621800,63875742716292,(-0.061, 1.433, 0.296),(-0.024, -0.051, 0.011, 0.998),VALID,(0.140, -0.214, 0.967),(0.000, 0.000, 0.000),64.325,VALID,(0.215, -0.180, 0.960),(-0.032, 0.000, 0.000),0.501,3.211,6.415,0.772,VALID,(0.141, -0.214, 0.967),(0.032, 0.000, 0.000),0.562,3.584,6.373,0.696,0.7126094,0
334262,1000001925398665400,63875742716292,(-0.061, 1.433, 0.296),(-0.024, -0.051, 0.011, 0.998),VALID,(0.140, -0.209, 0.968),(0.000, 0.000, 0.000),64.325,VALID,(0.208, -0.181, 0.961),(-0.032, 0.000, 0.000),0.550,3.526,6.415,0.775,VALID,(0.141, -0.209, 0.968),(0.032, 0.000, 0.000),0.562,3.584,6.373,0.699,0.8076409,0
334263,1000001925403692400,63875742716292,(-0.061, 1.433, 0.296),(-0.024, -0.051, 0.011, 0.998),VALID,(0.140, -0.205, 0.969),(0.000, 0.000, 0.000),64.325,VALID,(0.199, -0.183, 0.963),(-0.032, 0.000, 0.000),0.553,3.551,6.415,0.777,VALID,(0.141, -0.205, 0.968),(0.032, 0.000, 0.000),0.562,3.585,6.373,0.702,0.9545027,0
334264,1000001925408624800,63875742716292,(-0.061, 1.433, 0.296),(-0.024, -0.051, 0.011, 0.998),VALID,(0.141, -0.203, 0.969),(0.000, 0.000, 0.000),64.325,VALID,(0.189, -0.184, 0.965),(-0.032, 0.000, 0.000),0.554,3.555,6.415,0.780,VALID,(0.142, -0.203, 0.969),(0.032, 0.000, 0.000),0.563,3.586,6.373,0.706,2,0
334265,1000001925413656700,63875742716303,(-0.061, 1.433, 0.296),(-0.024, -0.051, 0.011, 0.998),VALID,(0.142, -0.200, 0.969),(0.000, 0.000, 0.000),64.325,VALID,(0.181, -0.185, 0.966),(-0.032, 0.000, 0.000),0.554,3.555,6.415,0.782,VALID,(0.142, -0.200, 0.969),(0.032, 0.000, 0.000),0.563,3.588,6.373,0.708,2,0
334266,1000001925418683700,63875742716303,(-0.061, 1.433, 0.296),(-0.024, -0.051, 0.011, 0.998),VALID,(0.142, -0.198, 0.970),(0.000, 0.000, 0.000),64.325,VALID,(0.174, -0.186, 0.967),(-0.032, 0.000, 0.000),0.554,3.555,6.415,0.784,VALID,(0.143, -0.198, 0.970),(0.032, 0.000, 0.000),0.564,3.594,6.373,0.711,2,0
334267,1000001925423697600,63875742716314,(-0.061, 1.433, 0.297),(-0.024, -0.051, 0.011, 0.998),VALID,(0.143, -0.195, 0.970),(0.000, 0.000, 0.000),64.325,VALID,(0.168, -0.186, 0.968),(-0.032, 0.000, 0.000),0.554,3.555,6.415,0.787,VALID,(0.143, -0.195, 0.970),(0.032, 0.000, 0.000),0.565,3.599,6.373,0.713,2,0
334268,1000001925428724600,63875742716326,(-0.061, 1.433, 0.297),(-0.024, -0.051, 0.011, 0.998),VALID,(0.144, -0.193, 0.971),(0.000, 0.000, 0.000),64.325,VALID,(0.164, -0.186, 0.969),(-0.032, 0.000, 0.000),0.554,3.555,6.415,0.788,VALID,(0.144, -0.193, 0.971),(0.032, 0.000, 0.000),0.565,3.604,6.373,0.714,2,0
334269,1000001925434033900,63875742716326,(-0.061, 1.433, 0.297),(-0.024, -0.051, 0.011, 0.998),VALID,(0.145, -0.191, 0.971),(0.000, 0.000, 0.000),64.325,VALID,(0.161, -0.186, 0.969),(-0.032, 0.000, 0.000),0.554,3.555,6.415,0.790,VALID,(0.145, -0.191, 0.971),(0.032, 0.000, 0.000),0.566,3.608,6.373,0.716,2,0
334270,1000001925439068000,63875742716326,(-0.061, 1.433, 0.297),(-0.024, -0.051, 0.011, 0.998),VALID,(0.146, -0.190, 0.971),(0.000, 0.000, 0.000),64.325,VALID,(0.159, -0.186, 0.970),(-0.032, 0.000, 0.000),0.554,3.554,6.415,0.791,VALID,(0.146, -0.190, 0.971),(0.032, 0.000, 0.000),0.567,3.613,6.373,0.717,2,0
334271,1000001925443735700,63875742716337,(-0.061, 1.433, 0.297),(-0.024, -0.051, 0.011, 0.998),VALID,(0.146, -0.188, 0.971),(0.000, 0.000, 0.000),64.325,VALID,(0.157, -0.186, 0.970),(-0.032, 0.000, 0.000),0.554,3.554,6.415,0.792,VALID,(0.146, -0.188, 0.971),(0.032, 0.000, 0.000),0.568,3.617,6.373,0.719,2,0
334272,1000001925448724200,63875742716337,(-0.061, 1.433, 0.297),(-0.024, -0.051, 0.011, 0.998),VALID,(0.147, -0.187, 0.971),(0.000, 0.000, 0.000),64.325,VALID,(0.156, -0.186, 0.970),(-0.032, 0.000, 0.000),0.554,3.551,6.415,0.793,VALID,(0.147, -0.187, 0.971),(0.032, 0.000, 0.000),0.568,3.620,6.373,0.720,2,0
334273,1000001925453761700,63875742716348,(-0.061, 1.433, 0.297),(-0.024, -0.051, 0.011, 0.998),VALID,(0.148, -0.186, 0.971),(0.000, 0.000, 0.000),64.325,VALID,(0.156, -0.186, 0.970),(-0.032, 0.000, 0.000),0.554,3.551,6.415,0.794,VALID,(0.147, -0.186, 0.971),(0.032, 0.000, 0.000),0.568,3.621,6.373,0.720,2,0
334274,1000001925458784800,63875742716349,(-0.061, 1.433, 0.297),(-0.024, -0.051, 0.011, 0.998),VALID,(0.148, -0.185, 0.971),(0.000, 0.000, 0.000),64.325,VALID,(0.155, -0.186, 0.970),(-0.032, 0.000, 0.000),0.554,3.554,6.415,0.794,VALID,(0.148, -0.185, 0.971),(0.032, 0.000, 0.000),0.568,3.622,6.373,0.721,2,0
334275,1000001925463828400,63875742716349,(-0.061, 1.433, 0.297),(-0.024, -0.051, 0.011, 0.998),VALID,(0.149, -0.185, 0.971),(0.000, 0.000, 0.000),64.325,VALID,(0.155, -0.185, 0.970),(-0.032, 0.000, 0.000),0.554,3.557,6.415,0.795,VALID,(0.149, -0.185, 0.971),(0.032, 0.000, 0.000),0.568,3.623,6.373,0.721,2,0
334276,1000001925468855400,63875742716359,(-0.061, 1.433, 0.297),(-0.024, -0.051, 0.011, 0.998),VALID,(0.150, -0.184, 0.971),(0.000, 0.000, 0.000),64.325,VALID,(0.156, -0.185, 0.970),(-0.032, 0.000, 0.000),0.563,3.609,6.415,0.795,VALID,(0.150, -0.184, 0.971),(0.032, 0.000, 0.000),0.569,3.624,6.373,0.721,2,0.1472904
334277,1000001925473899000,63875742716359,(-0.061, 1.433, 0.297),(-0.024, -0.051, 0.011, 0.998),VALID,(0.155, -0.184, 0.971),(0.000, 0.000, 0.000),64.325,VALID,(0.160, -0.185, 0.970),(-0.032, 0.000, 0.000),0.572,3.671,6.415,0.795,VALID,(0.155, -0.184, 0.971),(0.032, 0.000, 0.000),0.571,3.639,6.373,0.723,2,0
334278,1000001925478926000,63875742716371,(-0.061, 1.433, 0.297),(-0.024, -0.051, 0.011, 0.998),VALID,(0.159, -0.186, 0.970),(0.000, 0.000, 0.000),64.325,VALID,(0.162, -0.185, 0.969),(-0.032, 0.000, 0.000),0.592,3.796,6.415,0.795,VALID,(0.159, -0.186, 0.970),(0.032, 0.000, 0.000),0.574,3.658,6.373,0.724,2,0
334279,1000001925483969600,63875742716371,(-0.061, 1.433, 0.297),(-0.024, -0.051, 0.011, 0.998),VALID,(0.159, -0.188, 0.969),(0.000, 0.000, 0.000),64.325,VALID,(0.169, -0.172, 0.971),(-0.032, 0.000, 0.000),0.535,3.430,6.415,0.796,VALID,(0.158, -0.188, 0.969),(0.032, 0.000, 0.000),0.575,3.665,6.373,0.725,2,0
334280,1000001925488996600,63875742716382,(-0.061, 1.434, 0.297),(-0.024, -0.051, 0.011, 0.998),VALID,(0.155, -0.188, 0.970),(0.000, 0.000, 0.000),64.325,VALID,(0.167, -0.174, 0.971),(-0.032, 0.000, 0.000),0.534,3.426,6.415,0.795,VALID,(0.155, -0.188, 0.970),(0.032, 0.000, 0.000),0.585,3.731,6.373,0.727,2,0
334281,1000001925493873600,63875742716392,(-0.061, 1.434, 0.297),(-0.024, -0.051, 0.011, 0.998),VALID,(0.153, -0.189, 0.970),(0.000, 0.000, 0.000),64.325,VALID,(0.159, -0.175, 0.972),(-0.032, 0.000, 0.000),0.543,3.483,6.415,0.795,VALID,(0.153, -0.189, 0.970),(0.032, 0.000, 0.000),0.593,3.778,6.373,0.727,2,0
334282,1000001925498830700,63875742716392,(-0.061, 1.434, 0.297),(-0.024, -0.051, 0.011, 0.998),VALID,(0.136, -0.192, 0.972),(0.000, 0.000, 0.000),64.325,VALID,(0.132, -0.179, 0.975),(-0.032, 0.000, 0.000),0.554,3.552,6.415,0.793,VALID,(0.136, -0.192, 0.972),(0.032, 0.000, 0.000),0.586,3.736,6.373,0.728,2,0
334283,1000001925503837700,63875742716404,(-0.061, 1.434, 0.297),(-0.024, -0.051, 0.011, 0.998),VALID,(0.116, -0.194, 0.974),(0.000, 0.000, 0.000),64.325,VALID,(0.144, -0.176, 0.974),(-0.032, 0.000, 0.000),0.559,3.589,6.415,0.788,VALID,(0.116, -0.194, 0.974),(0.032, 0.000, 0.000),0.585,3.727,6.373,0.728,2,0
334284,1000001925508849900,63875742716404,(-0.061, 1.434, 0.297),(-0.024, -0.051, 0.011, 0.998),VALID,(0.092, -0.197, 0.976),(0.000, 0.000, 0.000),64.325,VALID,(0.148, -0.175, 0.973),(-0.032, 0.000, 0.000),0.565,3.622,6.415,0.784,VALID,(0.092, -0.197, 0.976),(0.032, 0.000, 0.000),0.588,3.750,6.373,0.728,0.9957798,0
334285,1000001925513858000,63875742716404,(-0.061, 1.434, 0.297),(-0.024, -0.051, 0.011, 0.998),VALID,(0.070, -0.201, 0.977),(0.000, 0.000, 0.000),64.325,VALID,(0.152, -0.175, 0.973),(-0.032, 0.000, 0.000),0.570,3.658,6.415,0.779,VALID,(0.070, -0.201, 0.977),(0.032, 0.000, 0.000),0.592,3.774,6.373,0.728,0.702719,0
334286,1000001925518880000,63875742716404,(-0.061, 1.434, 0.297),(-0.024, -0.051, 0.011, 0.998),VALID,(0.049, -0.203, 0.978),(0.000, 0.000, 0.000),64.325,VALID,(0.159, -0.174, 0.972),(-0.032, 0.000, 0.000),0.575,3.687,6.415,0.774,VALID,(0.048, -0.203, 0.978),(0.032, 0.000, 0.000),0.609,3.884,6.373,0.728,0.5409688,0
334287,1000001925523917600,63875742716416,(-0.061, 1.434, 0.297),(-0.024, -0.051, 0.011, 0.998),VALID,(0.029, -0.206, 0.978),(0.000, 0.000, 0.000),64.325,VALID,(0.166, -0.174, 0.971),(-0.032, 0.000, 0.000),0.582,3.735,6.415,0.770,VALID,(0.029, -0.206, 0.978),(0.032, 0.000, 0.000),0.612,3.902,6.373,0.728,0.4433685,0
334288,1000001925528955200,63875742716416,(-0.061, 1.434, 0.297),(-0.024, -0.051, 0.011, 0.998),VALID,(0.021, -0.212, 0.977),(0.000, 0.000, 0.000),64.325,VALID,(0.172, -0.175, 0.970),(-0.032, 0.000, 0.000),0.588,3.771,6.415,0.767,VALID,(0.021, -0.212, 0.977),(0.032, 0.000, 0.000),0.614,3.911,6.373,0.728,0.3988559,0
334289,1000001925534295600,63875742716426,(-0.061, 1.433, 0.297),(-0.024, -0.051, 0.011, 0.998),VALID,(0.014, -0.217, 0.976),(0.000, 0.000, 0.000),64.325,VALID,(0.161, -0.180, 0.970),(-0.032, 0.000, 0.000),0.592,3.800,6.415,0.764,VALID,(0.014, -0.217, 0.976),(0.032, 0.000, 0.000),0.614,3.910,6.373,0.728,0.4072374,0
334290,1000001925539303700,63875742716437,(-0.061, 1.433, 0.297),(-0.024, -0.051, 0.011, 0.998),VALID,(-0.011, -0.213, 0.977),(0.000, 0.000, 0.000),64.325,VALID,(0.108, -0.182, 0.977),(-0.032, 0.000, 0.000),0.597,3.828,6.415,0.762,VALID,(-0.011, -0.213, 0.977),(0.032, 0.000, 0.000),0.614,3.913,6.373,0.728,0.5038512,0
334291,1000001925544069500,63875742716448,(-0.061, 1.433, 0.297),(-0.024, -0.051, 0.011, 0.998),VALID,(-0.013, -0.213, 0.977),(0.000, 0.000, 0.000),64.325,VALID,(0.159, -0.184, 0.970),(-0.032, 0.000, 0.000),0.599,3.843,6.415,0.760,VALID,(-0.013, -0.213, 0.977),(0.032, 0.000, 0.000),0.614,3.914,6.373,0.728,0.3614734,0
334292,1000001925548981100,63875742716448,(-0.061, 1.433, 0.297),(-0.024, -0.051, 0.011, 0.998),VALID,(-0.010, -0.217, 0.976),(0.000, 0.000, 0.000),64.325,VALID,(0.166, -0.184, 0.969),(-0.032, 0.000, 0.000),0.600,3.850,6.415,0.759,VALID,(-0.010, -0.217, 0.976),(0.032, 0.000, 0.000),0.615,3.918,6.373,0.728,0.3497994,0
334293,1000001925553988200,63875742716448,(-0.061, 1.433, 0.297),(-0.024, -0.051, 0.011, 0.998),VALID,(-0.009, -0.221, 0.975),(0.000, 0.000, 0.000),64.325,VALID,(0.263, -0.188, 0.946),(-0.032, 0.000, 0.000),0.601,3.853,6.415,0.758,VALID,(-0.009, -0.221, 0.975),(0.032, 0.000, 0.000),0.615,3.917,6.373,0.728,0.2280296,0
334294,1000001925558995200,63875742716448,(-0.061, 1.433, 0.297),(-0.024, -0.051, 0.011, 0.998),VALID,(-0.009, -0.225, 0.974),(0.000, 0.000, 0.000),64.325,VALID,(0.332, -0.192, 0.923),(-0.032, 0.000, 0.000),0.601,3.855,6.415,0.757,VALID,(-0.009, -0.225, 0.974),(0.032, 0.000, 0.000),0.614,3.916,6.373,0.729,0.1800022,0
334295,1000001925564002300,63875742716459,(-0.061, 1.433, 0.297),(-0.024, -0.051, 0.011, 0.998),VALID,(-0.008, -0.228, 0.974),(0.000, 0.000, 0.000),64.325,VALID,(0.288, -0.193, 0.938),(-0.032, 0.000, 0.000),0.601,3.857,6.415,0.757,VALID,(-0.008, -0.228, 0.974),(0.032, 0.000, 0.000),0.613,3.909,6.373,0.729,0.2080971,0
334296,1000001925569010400,63875742716459,(-0.061, 1.433, 0.297),(-0.024, -0.051, 0.011, 0.998),VALID,(-0.008, -0.231, 0.973),(0.000, 0.000, 0.000),64.325,VALID,(0.265, -0.193, 0.945),(-0.032, 0.000, 0.000),0.601,3.858,6.415,0.756,VALID,(-0.008, -0.231, 0.973),(0.032, 0.000, 0.000),0.613,3.907,6.373,0.730,0.2256996,0
334297,1000001925574025100,63875742716471,(-0.061, 1.433, 0.297),(-0.024, -0.051, 0.011, 0.998),VALID,(-0.008, -0.234, 0.972),(0.000, 0.000, 0.000),64.325,VALID,(0.252, -0.193, 0.948),(-0.032, 0.000, 0.000),0.601,3.858,6.415,0.756,VALID,(-0.008, -0.234, 0.972),(0.032, 0.000, 0.000),0.612,3.901,6.373,0.730,0.2360786,0
334298,1000001925579032200,63875742716471,(-0.061, 1.433, 0.297),(-0.024, -0.051, 0.011, 0.998),VALID,(-0.008, -0.236, 0.972),(0.000, 0.000, 0.000),64.325,VALID,(0.245, -0.192, 0.950),(-0.032, 0.000, 0.000),0.602,3.859,6.415,0.756,VALID,(-0.008, -0.236, 0.972),(0.032, 0.000, 0.000),0.612,3.897,6.373,0.731,0.2419494,0
334299,1000001925584099500,63875742716471,(-0.061, 1.433, 0.297),(-0.024, -0.051, 0.011, 0.998),VALID,(-0.012, -0.236, 0.972),(0.000, 0.000, 0.000),64.325,VALID,(0.303, -0.194, 0.933),(-0.032, 0.000, 0.000),0.602,3.860,6.415,0.756,VALID,(-0.012, -0.236, 0.972),(0.032, 0.000, 0.000),0.611,3.891,6.373,0.732,0.1949431,0
334300,1000001925589106500,63875742716481,(-0.061, 1.433, 0.297),(-0.024, -0.051, 0.011, 0.998),VALID,(-0.015, -0.237, 0.971),(0.000, 0.000, 0.000),64.325,VALID,(0.283, -0.194, 0.939),(-0.032, 0.000, 0.000),0.602,3.861,6.415,0.756,VALID,(-0.015, -0.237, 0.971),(0.032, 0.000, 0.000),0.608,3.875,6.373,0.732,0.2066713,0
334301,1000001925594088200,63875742716492,(-0.061, 1.433, 0.297),(-0.024, -0.051, 0.011, 0.998),VALID,(-0.017, -0.238, 0.971),(0.000, 0.000, 0.000),64.325,VALID,(0.327, -0.198, 0.924),(-0.032, 0.000, 0.000),0.601,3.855,6.415,0.756,VALID,(-0.017, -0.238, 0.971),(0.032, 0.000, 0.000),0.605,3.855,6.373,0.733,0.1778398,0
334302,1000001925599088900,63875742716492,(-0.061, 1.433, 0.297),(-0.024, -0.051, 0.011, 0.998),VALID,(-0.018, -0.239, 0.971),(0.000, 0.000, 0.000),64.325,VALID,(0.358, -0.202, 0.912),(-0.032, 0.000, 0.000),0.596,3.824,6.415,0.756,VALID,(-0.018, -0.239, 0.971),(0.032, 0.000, 0.000),0.605,3.856,6.373,0.734,0.1619649,0
334303,1000001925604095900,63875742716504,(-0.061, 1.433, 0.298),(-0.024, -0.051, 0.011, 0.998),VALID,(-0.019, -0.240, 0.971),(0.000, 0.000, 0.000),64.325,VALID,(0.373, -0.205, 0.905),(-0.032, 0.000, 0.000),0.591,3.789,6.415,0.757,VALID,(-0.019, -0.240, 0.971),(0.032, 0.000, 0.000),0.605,3.856,6.373,0.735,0.1545537,0
334304,1000001925609167200,63875742716504,(-0.061, 1.433, 0.298),(-0.024, -0.051, 0.011, 0.998),VALID,(-0.020, -0.240, 0.970),(0.000, 0.000, 0.000),64.325,VALID,(0.378, -0.210, 0.902),(-0.032, 0.000, 0.000),0.583,3.738,6.415,0.757,VALID,(-0.020, -0.240, 0.970),(0.032, 0.000, 0.000),0.605,3.855,6.373,0.736,0.152596,0
334305,1000001925614157000,63875742716504,(-0.061, 1.433, 0.298),(-0.024, -0.051, 0.011, 0.998),VALID,(-0.021, -0.242, 0.970),(0.000, 0.000, 0.000),64.325,VALID,(0.342, -0.217, 0.914),(-0.032, 0.000, 0.000),0.575,3.690,6.415,0.757,VALID,(-0.021, -0.242, 0.970),(0.032, 0.000, 0.000),0.603,3.844,6.373,0.738,0.1691984,0
334306,1000001925619150600,63875742716515,(-0.061, 1.433, 0.298),(-0.024, -0.051, 0.011, 0.998),VALID,(-0.019, -0.244, 0.970),(0.000, 0.000, 0.000),64.325,VALID,(0.327, -0.224, 0.918),(-0.032, 0.000, 0.000),0.624,4.003,6.415,0.757,VALID,(-0.019, -0.244, 0.970),(0.032, 0.000, 0.000),0.603,3.844,6.373,0.738,0.177935,0
334307,1000001925624156900,63875742716515,(-0.061, 1.433, 0.298),(-0.024, -0.051, 0.011, 0.998),VALID,(-0.017, -0.246, 0.969),(0.000, 0.000, 0.000),64.325,VALID,(0.219, -0.235, 0.947),(-0.032, 0.000, 0.000),0.571,3.662,6.415,0.758,VALID,(-0.017, -0.246, 0.969),(0.032, 0.000, 0.000),0.603,3.845,6.373,0.740,0.2675258,0
334308,1000001925629173500,63875742716515,(-0.061, 1.433, 0.298),(-0.024, -0.051, 0.011, 0.998),VALID,(-0.016, -0.247, 0.969),(0.000, 0.000, 0.000),64.325,VALID,(0.141, -0.242, 0.960),(-0.032, 0.000, 0.000),0.557,3.572,6.415,0.758,VALID,(-0.016, -0.247, 0.969),(0.032, 0.000, 0.000),0.603,3.845,6.373,0.741,0.4069922,0
334309,1000001925634179800,63875742716526,(-0.061, 1.433, 0.297),(-0.024, -0.051, 0.011, 0.998),VALID,(-0.015, -0.249, 0.968),(0.000, 0.000, 0.000),64.325,VALID,(0.074, -0.246, 0.966),(-0.032, 0.000, 0.000),0.557,3.572,6.415,0.758,VALID,(-0.015, -0.249, 0.968),(0.032, 0.000, 0.000),0.603,3.845,6.373,0.742,0.72133,0
334310,1000001925639339700,63875742716526,(-0.061, 1.433, 0.297),(-0.024, -0.051, 0.011, 0.998),VALID,(-0.014, -0.250, 0.968),(0.000, 0.000, 0.000),64.325,VALID,(0.108, -0.248, 0.963),(-0.032, 0.000, 0.000),0.565,3.624,6.415,0.759,VALID,(-0.014, -0.250, 0.968),(0.032, 0.000, 0.000),0.603,3.845,6.373,0.743,0.5247231,0
334311,1000001925644346000,63875742716537,(-0.061, 1.433, 0.297),(-0.024, -0.051, 0.011, 0.998),VALID,(-0.013, -0.252, 0.968),(0.000, 0.000, 0.000),64.325,VALID,(0.056, -0.251, 0.966),(-0.032, 0.000, 0.000),0.573,3.677,6.415,0.759,VALID,(-0.013, -0.252, 0.968),(0.032, 0.000, 0.000),0.603,3.844,6.373,0.744,0.9200205,0.1692016
334312,1000001925649184700,63875742716537,(-0.061, 1.433, 0.297),(-0.024, -0.051, 0.011, 0.998),VALID,(-0.013, -0.253, 0.967),(0.000, 0.000, 0.000),64.325,VALID,(0.027, -0.253, 0.967),(-0.032, 0.000, 0.000),0.571,3.663,6.415,0.760,VALID,(-0.013, -0.253, 0.967),(0.032, 0.000, 0.000),0.603,3.842,6.373,0.745,2,0.1856385
334313,1000001925654195300,63875742716549,(-0.061, 1.433, 0.298),(-0.024, -0.051, 0.011, 0.998),VALID,(-0.013, -0.254, 0.967),(0.000, 0.000, 0.000),64.325,VALID,(0.011, -0.255, 0.967),(-0.032, 0.000, 0.000),0.576,3.693,6.415,0.761,VALID,(-0.013, -0.254, 0.967),(0.032, 0.000, 0.000),0.603,3.841,6.373,0.746,2,0.1973263
334314,1000001925659207300,63875742716549,(-0.061, 1.433, 0.298),(-0.024, -0.051, 0.011, 0.998),VALID,(-0.012, -0.255, 0.967),(0.000, 0.000, 0.000),64.325,VALID,(0.002, -0.256, 0.967),(-0.032, 0.000, 0.000),0.578,3.707,6.415,0.761,VALID,(-0.012, -0.255, 0.967),(0.032, 0.000, 0.000),0.603,3.840,6.373,0.748,2,0.2282788
334315,1000001925664273400,63875742716549,(-0.061, 1.433, 0.298),(-0.024, -0.051, 0.011, 0.998),VALID,(-0.012, -0.256, 0.966),(0.000, 0.000, 0.000),64.325,VALID,(0.041, -0.257, 0.966),(-0.032, 0.000, 0.000),0.579,3.712,6.415,0.762,VALID,(-0.012, -0.256, 0.966),(0.032, 0.000, 0.000),0.603,3.840,6.373,0.749,1.205899,0.2456238
334316,1000001925669284000,63875742716559,(-0.061, 1.433, 0.298),(-0.024, -0.051, 0.011, 0.998),VALID,(-0.012, -0.257, 0.966),(0.000, 0.000, 0.000),64.325,VALID,(0.061, -0.258, 0.964),(-0.032, 0.000, 0.000),0.585,3.752,6.415,0.763,VALID,(-0.012, -0.257, 0.966),(0.032, 0.000, 0.000),0.602,3.839,6.373,0.750,0.8871194,0.2718494
334317,1000001925674256800,63875742716559,(-0.061, 1.433, 0.298),(-0.024, -0.051, 0.011, 0.998),VALID,(-0.011, -0.258, 0.966),(0.000, 0.000, 0.000),64.325,VALID,(0.037, -0.259, 0.965),(-0.032, 0.000, 0.000),0.589,3.776,6.415,0.764,VALID,(-0.011, -0.258, 0.966),(0.032, 0.000, 0.000),0.602,3.838,6.373,0.751,2,0.2824319
334318,1000001925679276600,63875742716571,(-0.061, 1.433, 0.298),(-0.024, -0.051, 0.011, 0.998),VALID,(-0.011, -0.259, 0.966),(0.000, 0.000, 0.000),64.325,VALID,(0.055, -0.259, 0.964),(-0.032, 0.000, 0.000),0.601,3.855,6.415,0.764,VALID,(-0.011, -0.259, 0.966),(0.032, 0.000, 0.000),0.602,3.837,6.373,0.752,0.9623041,0.5478771
334319,1000001925684312500,63875742716571,(-0.061, 1.433, 0.298),(-0.024, -0.051, 0.011, 0.998),VALID,(-0.011, -0.259, 0.966),(0.000, 0.000, 0.000),64.325,VALID,(0.035, -0.260, 0.965),(-0.032, 0.000, 0.000),0.604,3.872,6.415,0.765,VALID,(-0.011, -0.259, 0.966),(0.032, 0.000, 0.000),0.602,3.836,6.373,0.753,2,0.6299316
334320,1000001925689324500,63875742716582,(-0.061, 1.433, 0.297),(-0.024, -0.051, 0.011, 0.998),VALID,(-0.012, -0.257, 0.966),(0.000, 0.000, 0.000),64.325,VALID,(0.051, -0.257, 0.965),(-0.032, 0.000, 0.000),0.604,3.877,6.415,0.766,VALID,(-0.012, -0.257, 0.966),(0.032, 0.000, 0.000),0.602,3.836,6.373,0.754,1.027653,0.310908
334321,1000001925694390400,63875742716582,(-0.061, 1.433, 0.297),(-0.024, -0.051, 0.011, 0.998),VALID,(-0.012, -0.255, 0.967),(0.000, 0.000, 0.000),64.325,VALID,(0.061, -0.254, 0.965),(-0.032, 0.000, 0.000),0.613,3.932,6.415,0.767,VALID,(-0.012, -0.255, 0.967),(0.032, 0.000, 0.000),0.602,3.836,6.373,0.756,0.8720109,0.3602721
334322,1000001925699401000,63875742716592,(-0.061, 1.433, 0.297),(-0.024, -0.051, 0.011, 0.998),VALID,(-0.012, -0.254, 0.967),(0.000, 0.000, 0.000),64.325,VALID,(0.040, -0.253, 0.967),(-0.032, 0.000, 0.000),0.633,4.062,6.415,0.768,VALID,(-0.012, -0.254, 0.967),(0.032, 0.000, 0.000),0.602,3.835,6.373,0.756,1.219509,0.3714534
334323,1000001925704346100,63875742716593,(-0.061, 1.433, 0.297),(-0.024, -0.051, 0.011, 0.998),VALID,(-0.013, -0.253, 0.967),(0.000, 0.000, 0.000),64.325,VALID,(0.049, -0.252, 0.967),(-0.032, 0.000, 0.000),0.638,4.090,6.415,0.769,VALID,(-0.013, -0.253, 0.967),(0.032, 0.000, 0.000),0.602,3.835,6.373,0.757,1.035764,0.3779932
334324,1000001925709356700,63875742716593,(-0.061, 1.433, 0.297),(-0.024, -0.051, 0.011, 0.998),VALID,(-0.013, -0.253, 0.967),(0.000, 0.000, 0.000),64.325,VALID,(0.031, -0.251, 0.967),(-0.032, 0.000, 0.000),0.634,4.067,6.415,0.770,VALID,(-0.013, -0.253, 0.967),(0.032, 0.000, 0.000),0.602,3.836,6.373,0.759,2,0.4335406
334325,1000001925714367300,63875742716604,(-0.061, 1.433, 0.298),(-0.024, -0.051, 0.011, 0.998),VALID,(-0.014, -0.252, 0.968),(0.000, 0.000, 0.000),64.325,VALID,(0.018, -0.251, 0.968),(-0.032, 0.000, 0.000),0.623,3.999,6.415,0.771,VALID,(-0.014, -0.252, 0.968),(0.032, 0.000, 0.000),0.602,3.837,6.373,0.760,2,0.6783924
334326,1000001925719389400,63875742716604,(-0.061, 1.433, 0.298),(-0.024, -0.051, 0.011, 0.998),VALID,(-0.014, -0.251, 0.968),(0.000, 0.000, 0.000),64.325,VALID,(0.007, -0.250, 0.968),(-0.032, 0.000, 0.000),0.613,3.935,6.415,0.772,VALID,(-0.014, -0.251, 0.968),(0.032, 0.000, 0.000),0.602,3.838,6.373,0.761,2,0.6772003
334327,1000001925724397100,63875742716615,(-0.061, 1.433, 0.297),(-0.024, -0.051, 0.011, 0.998),VALID,(-0.014, -0.250, 0.968),(0.000, 0.000, 0.000),64.325,VALID,(0.000, -0.249, 0.968),(-0.032, 0.000, 0.000),0.611,3.918,6.415,0.772,VALID,(-0.014, -0.250, 0.968),(0.032, 0.000, 0.000),0.602,3.839,6.373,0.762,2,0.6737363
334328,1000001925729407700,63875742716615,(-0.061, 1.433, 0.297),(-0.024, -0.051, 0.011, 0.998),VALID,(-0.014, -0.249, 0.969),(0.000, 0.000, 0.000),64.325,VALID,(-0.004, -0.249, 0.969),(-0.032, 0.000, 0.000),0.602,3.865,6.415,0.773,VALID,(-0.014, -0.249, 0.969),(0.032, 0.000, 0.000),0.603,3.840,6.373,0.762,2,0.6805847
334329,1000001925734419700,63875742716626,(-0.061, 1.433, 0.298),(-0.024, -0.051, 0.011, 0.998),VALID,(-0.014, -0.247, 0.969),(0.000, 0.000, 0.000),64.325,VALID,(-0.008, -0.247, 0.969),(-0.032, 0.000, 0.000),0.600,3.850,6.415,0.773,VALID,(-0.014, -0.247, 0.969),(0.032, 0.000, 0.000),0.603,3.842,6.373,0.763,2,0.6776514
334330,1000001925739441000,63875742716626,(-0.061, 1.433, 0.298),(-0.024, -0.051, 0.011, 0.998),VALID,(-0.015, -0.246, 0.969),(0.000, 0.000, 0.000),64.325,VALID,(-0.010, -0.246, 0.969),(-0.032, 0.000, 0.000),0.596,3.826,6.415,0.774,VALID,(-0.015, -0.246, 0.969),(0.032, 0.000, 0.000),0.603,3.844,6.373,0.764,2,0.7132906
334331,1000001925744457200,63875742716637,(-0.062, 1.433, 0.298),(-0.024, -0.051, 0.011, 0.998),VALID,(-0.015, -0.245, 0.969),(0.000, 0.000, 0.000),64.325,VALID,(-0.012, -0.245, 0.969),(-0.032, 0.000, 0.000),0.594,3.811,6.415,0.775,VALID,(-0.015, -0.245, 0.969),(0.032, 0.000, 0.000),0.603,3.845,6.373,0.765,2,0.7267966
334332,1000001925749473400,63875742716648,(-0.062, 1.433, 0.298),(-0.024, -0.051, 0.011, 0.998),VALID,(-0.015, -0.244, 0.970),(0.000, 0.000, 0.000),64.325,VALID,(-0.013, -0.244, 0.970),(-0.032, 0.000, 0.000),0.591,3.793,6.415,0.776,VALID,(-0.015, -0.244, 0.970),(0.032, 0.000, 0.000),0.604,3.846,6.373,0.766,2,0.7394994
334333,1000001925754485400,63875742716648,(-0.062, 1.433, 0.298),(-0.024, -0.051, 0.011, 0.998),VALID,(-0.015, -0.243, 0.970),(0.000, 0.000, 0.000),64.325,VALID,(-0.013, -0.243, 0.970),(-0.032, 0.000, 0.000),0.591,3.794,6.415,0.776,VALID,(-0.015, -0.243, 0.970),(0.032, 0.000, 0.000),0.604,3.847,6.373,0.767,2,0.7368222
334334,1000001925759501600,63875742716648,(-0.062, 1.433, 0.298),(-0.024, -0.051, 0.011, 0.998),VALID,(-0.015, -0.242, 0.970),(0.000, 0.000, 0.000),64.325,VALID,(0.002, -0.243, 0.970),(-0.032, 0.000, 0.000),0.598,3.834,6.415,0.777,VALID,(-0.015, -0.242, 0.970),(0.032, 0.000, 0.000),0.604,3.848,6.373,0.767,2,0.7388864
334335,1000001925764513600,63875742716660,(-0.062, 1.433, 0.297),(-0.024, -0.051, 0.011, 0.998),VALID,(-0.015, -0.241, 0.970),(0.000, 0.000, 0.000),64.325,VALID,(-0.001, -0.242, 0.970),(-0.032, 0.000, 0.000),0.599,3.843,6.415,0.778,VALID,(-0.015, -0.241, 0.970),(0.032, 0.000, 0.000),0.604,3.848,6.373,0.768,2,0.7386507
334336,1000001925769485600,63875742716660,(-0.062, 1.433, 0.297),(-0.024, -0.051, 0.011, 0.998),VALID,(-0.015, -0.241, 0.970),(0.000, 0.000, 0.000),64.325,VALID,(-0.003, -0.242, 0.970),(-0.032, 0.000, 0.000),0.600,3.852,6.415,0.778,VALID,(-0.015, -0.241, 0.970),(0.032, 0.000, 0.000),0.604,3.848,6.373,0.769,2,0.7421731
334337,1000001925774501800,63875742716660,(-0.062, 1.433, 0.297),(-0.024, -0.051, 0.011, 0.998),VALID,(-0.015, -0.241, 0.971),(0.000, 0.000, 0.000),64.325,VALID,(0.003, -0.241, 0.970),(-0.032, 0.000, 0.000),0.605,3.883,6.415,0.779,VALID,(-0.015, -0.241, 0.971),(0.032, 0.000, 0.000),0.604,3.849,6.373,0.769,2,0.7221795
334338,1000001925779509400,63875742716671,(-0.062, 1.433, 0.298),(-0.024, -0.051, 0.011, 0.998),VALID,(-0.015, -0.241, 0.970),(0.000, 0.000, 0.000),64.325,VALID,(0.001, -0.242, 0.970),(-0.032, 0.000, 0.000),0.608,3.900,6.415,0.779,VALID,(-0.015, -0.241, 0.970),(0.032, 0.000, 0.000),0.604,3.851,6.373,0.770,2,0.6213688
334339,1000001925784525600,63875742716671,(-0.062, 1.433, 0.298),(-0.024, -0.051, 0.011, 0.998),VALID,(-0.015, -0.241, 0.970),(0.000, 0.000, 0.000),64.325,VALID,(0.000, -0.241, 0.970),(-0.032, 0.000, 0.000),0.599,3.845,6.415,0.779,VALID,(-0.015, -0.241, 0.970),(0.032, 0.000, 0.000),0.611,3.893,6.373,0.770,2,0.9056378
334340,1000001925789552500,63875742716682,(-0.062, 1.433, 0.298),(-0.024, -0.051, 0.011, 0.998),VALID,(-0.015, -0.241, 0.970),(0.000, 0.000, 0.000),64.325,VALID,(-0.002, -0.242, 0.970),(-0.032, 0.000, 0.000),0.543,3.483,6.415,0.780,VALID,(-0.015, -0.241, 0.970),(0.032, 0.000, 0.000),0.611,3.892,6.373,0.770,2,0.7684054
334341,1000001925794568700,63875742716682,(-0.062, 1.433, 0.298),(-0.024, -0.051, 0.011, 0.998),VALID,(-0.015, -0.242, 0.970),(0.000, 0.000, 0.000),64.325,VALID,(-0.004, -0.242, 0.970),(-0.032, 0.000, 0.000),0.511,3.277,6.415,0.779,VALID,(-0.015, -0.242, 0.970),(0.032, 0.000, 0.000),0.605,3.855,6.373,0.769,2,0.7107841
334342,1000001925799604600,63875742716692,(-0.061, 1.433, 0.297),(-0.024, -0.051, 0.011, 0.998),VALID,(-0.017, -0.241, 0.970),(0.000, 0.000, 0.000),64.325,VALID,(-0.008, -0.242, 0.970),(-0.032, 0.000, 0.000),0.507,3.253,6.415,0.779,VALID,(-0.017, -0.241, 0.970),(0.032, 0.000, 0.000),0.601,3.828,6.373,0.769,2,0.4606246
334343,1000001925804619900,63875742716692,(-0.061, 1.433, 0.297),(-0.024, -0.051, 0.011, 0.998),VALID,(-0.018, -0.241, 0.970),(0.000, 0.000, 0.000),64.325,VALID,(-0.012, -0.241, 0.970),(-0.032, 0.000, 0.000),0.507,3.250,6.415,0.779,VALID,(-0.018, -0.241, 0.970),(0.032, 0.000, 0.000),0.593,3.782,6.373,0.768,2,0.4071489
334344,1000001925809609100,63875742716704,(-0.061, 1.433, 0.297),(-0.024, -0.051, 0.011, 0.998),VALID,(-0.020, -0.238, 0.971),(0.000, 0.000, 0.000),64.325,VALID,(-0.015, -0.238, 0.971),(-0.032, 0.000, 0.000),0.507,3.250,6.415,0.779,VALID,(-0.020, -0.238, 0.971),(0.032, 0.000, 0.000),0.587,3.741,6.373,0.767,2,0.058174
334345,1000001925814633500,63875742716704,(-0.061, 1.433, 0.297),(-0.024, -0.051, 0.011, 0.998),VALID,(-0.021, -0.231, 0.973),(0.000, 0.000, 0.000),64.325,VALID,(-0.019, -0.231, 0.973),(-0.032, 0.000, 0.000),0.581,3.726,6.415,0.779,VALID,(-0.021, -0.231, 0.973),(0.032, 0.000, 0.000),0.587,3.743,6.373,0.767,2,0
334346,1000001925819648800,63875742716715,(-0.061, 1.433, 0.298),(-0.024, -0.051, 0.011, 0.998),VALID,(-0.023, -0.219, 0.975),(0.000, 0.000, 0.000),64.325,VALID,(-0.022, -0.220, 0.975),(-0.032, 0.000, 0.000),0.584,3.744,6.415,0.779,VALID,(-0.023, -0.219, 0.975),(0.032, 0.000, 0.000),0.590,3.762,6.373,0.766,2,0
334347,1000001925824725000,63875742716715,(-0.061, 1.433, 0.298),(-0.024, -0.051, 0.011, 0.998),VALID,(-0.025, -0.206, 0.978),(0.000, 0.000, 0.000),64.325,VALID,(-0.024, -0.206, 0.978),(-0.032, 0.000, 0.000),0.584,3.749,6.415,0.780,VALID,(-0.025, -0.206, 0.978),(0.032, 0.000, 0.000),0.595,3.794,6.373,0.766,2,0
334348,1000001925829748500,63875742716715,(-0.061, 1.433, 0.298),(-0.024, -0.051, 0.011, 0.998),VALID,(-0.027, -0.193, 0.981),(0.000, 0.000, 0.000),64.325,VALID,(-0.027, -0.194, 0.981),(-0.032, 0.000, 0.000),0.584,3.749,6.415,0.781,VALID,(-0.027, -0.193, 0.981),(0.032, 0.000, 0.000),0.598,3.808,6.373,0.766,2,0
334349,1000001925834682800,63875742716727,(-0.061, 1.433, 0.298),(-0.024, -0.051, 0.011, 0.998),VALID,(-0.028, -0.183, 0.983),(0.000, 0.000, 0.000),64.325,VALID,(-0.029, -0.183, 0.983),(-0.032, 0.000, 0.000),0.584,3.749,6.415,0.783,VALID,(-0.028, -0.183, 0.983),(0.032, 0.000, 0.000),0.598,3.812,6.373,0.766,2,0
334350,1000001925839720400,63875742716727,(-0.061, 1.433, 0.298),(-0.024, -0.051, 0.011, 0.998),VALID,(-0.030, -0.176, 0.984),(0.000, 0.000, 0.000),64.325,VALID,(-0.031, -0.176, 0.984),(-0.032, 0.000, 0.000),0.584,3.748,6.415,0.785,VALID,(-0.030, -0.176, 0.984),(0.032, 0.000, 0.000),0.597,3.804,6.373,0.766,2,0
334351,1000001925844745200,63875742716738,(-0.062, 1.433, 0.298),(-0.024, -0.051, 0.011, 0.998),VALID,(-0.031, -0.172, 0.985),(0.000, 0.000, 0.000),64.325,VALID,(-0.033, -0.172, 0.984),(-0.032, 0.000, 0.000),0.584,3.748,6.415,0.787,VALID,(-0.031, -0.172, 0.985),(0.032, 0.000, 0.000),0.594,3.784,6.373,0.766,2,0
334352,1000001925849736900,63875742716738,(-0.062, 1.433, 0.298),(-0.024, -0.051, 0.011, 0.998),VALID,(-0.033, -0.171, 0.985),(0.000, 0.000, 0.000),64.325,VALID,(-0.034, -0.171, 0.985),(-0.032, 0.000, 0.000),0.591,3.794,6.415,0.790,VALID,(-0.033, -0.171, 0.985),(0.032, 0.000, 0.000),0.591,3.766,6.373,0.767,2,0
334353,1000001925854761700,63875742716749,(-0.061, 1.433, 0.298),(-0.024, -0.051, 0.011, 0.998),VALID,(-0.034, -0.170, 0.985),(0.000, 0.000, 0.000),64.325,VALID,(-0.036, -0.170, 0.985),(-0.032, 0.000, 0.000),0.602,3.862,6.415,0.791,VALID,(-0.034, -0.170, 0.985),(0.032, 0.000, 0.000),0.589,3.753,6.373,0.767,2,0
334354,1000001925859789500,63875742716749,(-0.061, 1.433, 0.298),(-0.024, -0.051, 0.011, 0.998),VALID,(-0.035, -0.169, 0.985),(0.000, 0.000, 0.000),64.325,VALID,(-0.037, -0.169, 0.985),(-0.032, 0.000, 0.000),0.605,3.879,6.415,0.793,VALID,(-0.035, -0.169, 0.985),(0.032, 0.000, 0.000),0.588,3.745,6.373,0.767,2,0
334355,1000001925864813000,63875742716759,(-0.062, 1.433, 0.298),(-0.024, -0.051, 0.011, 0.998),VALID,(-0.036, -0.167, 0.985),(0.000, 0.000, 0.000),64.325,VALID,(-0.037, -0.167, 0.985),(-0.032, 0.000, 0.000),0.610,3.916,6.415,0.793,VALID,(-0.036, -0.167, 0.985),(0.032, 0.000, 0.000),0.589,3.754,6.373,0.768,2,0
334356,1000001925869840800,63875742716760,(-0.062, 1.433, 0.298),(-0.024, -0.051, 0.011, 0.998),VALID,(-0.036, -0.165, 0.986),(0.000, 0.000, 0.000),64.325,VALID,(-0.038, -0.165, 0.986),(-0.032, 0.000, 0.000),0.613,3.932,6.415,0.795,VALID,(-0.036, -0.165, 0.986),(0.032, 0.000, 0.000),0.590,3.761,6.373,0.768,2,0
334357,1000001925874864300,63875742716760,(-0.062, 1.433, 0.298),(-0.024, -0.051, 0.011, 0.998),VALID,(-0.037, -0.164, 0.986),(0.000, 0.000, 0.000),64.325,VALID,(-0.038, -0.164, 0.986),(-0.032, 0.000, 0.000),0.613,3.933,6.415,0.797,VALID,(-0.037, -0.164, 0.986),(0.032, 0.000, 0.000),0.590,3.762,6.373,0.768,2,0
334358,1000001925879892100,63875742716771,(-0.062, 1.433, 0.298),(-0.023, -0.051, 0.012, 0.998),VALID,(-0.037, -0.163, 0.986),(0.000, 0.000, 0.000),64.325,VALID,(-0.038, -0.163, 0.986),(-0.032, 0.000, 0.000),0.617,3.957,6.415,0.798,VALID,(-0.037, -0.163, 0.986),(0.032, 0.000, 0.000),0.590,3.762,6.373,0.769,2,0
334359,1000001925884915600,63875742716771,(-0.062, 1.433, 0.298),(-0.023, -0.051, 0.012, 0.998),VALID,(-0.038, -0.163, 0.986),(0.000, 0.000, 0.000),64.325,VALID,(-0.038, -0.163, 0.986),(-0.032, 0.000, 0.000),0.620,3.976,6.415,0.798,VALID,(-0.038, -0.163, 0.986),(0.032, 0.000, 0.000),0.590,3.759,6.373,0.769,2,0
334360,1000001925889800100,63875742716782,(-0.062, 1.433, 0.297),(-0.023, -0.051, 0.012, 0.998),VALID,(-0.038, -0.163, 0.986),(0.000, 0.000, 0.000),64.325,VALID,(-0.039, -0.163, 0.986),(-0.032, 0.000, 0.000),0.631,4.048,6.415,0.799,VALID,(-0.038, -0.163, 0.986),(0.032, 0.000, 0.000),0.590,3.758,6.373,0.770,2,0
334361,1000001925894820400,63875742716793,(-0.062, 1.433, 0.297),(-0.023, -0.051, 0.011, 0.998),VALID,(-0.038, -0.163, 0.986),(0.000, 0.000, 0.000),64.325,VALID,(-0.039, -0.163, 0.986),(-0.032, 0.000, 0.000),0.640,4.108,6.415,0.800,VALID,(-0.038, -0.163, 0.986),(0.032, 0.000, 0.000),0.589,3.757,6.373,0.770,2,0
334362,1000001925899843900,63875742716804,(-0.062, 1.433, 0.297),(-0.023, -0.051, 0.011, 0.998),VALID,(-0.038, -0.163, 0.986),(0.000, 0.000, 0.000),64.325,VALID,(-0.039, -0.163, 0.986),(-0.032, 0.000, 0.000),0.640,4.109,6.415,0.801,VALID,(-0.038, -0.163, 0.986),(0.032, 0.000, 0.000),0.589,3.755,6.373,0.771,2,0
334363,1000001925904867400,63875742716805,(-0.062, 1.433, 0.297),(-0.023, -0.051, 0.011, 0.998),VALID,(-0.038, -0.163, 0.986),(0.000, 0.000, 0.000),64.325,VALID,(-0.039, -0.163, 0.986),(-0.032, 0.000, 0.000),0.641,4.111,6.415,0.802,VALID,(-0.038, -0.163, 0.986),(0.032, 0.000, 0.000),0.589,3.753,6.373,0.772,2,0
334364,1000001925909831900,63875742716805,(-0.062, 1.433, 0.297),(-0.023, -0.051, 0.011, 0.998),VALID,(-0.038, -0.163, 0.986),(0.000, 0.000, 0.000),64.325,VALID,(-0.039, -0.163, 0.986),(-0.032, 0.000, 0.000),0.641,4.110,6.415,0.804,VALID,(-0.038, -0.163, 0.986),(0.032, 0.000, 0.000),0.589,3.751,6.373,0.772,2,0.3142841
334365,1000001925914857200,63875742716816,(-0.062, 1.433, 0.297),(-0.024, -0.051, 0.011, 0.998),VALID,(-0.038, -0.163, 0.986),(0.000, 0.000, 0.000),64.325,VALID,(-0.039, -0.163, 0.986),(-0.032, 0.000, 0.000),0.640,4.105,6.415,0.806,VALID,(-0.038, -0.163, 0.986),(0.032, 0.000, 0.000),0.588,3.750,6.373,0.773,2,0.5505455
334366,1000001925919880700,63875742716816,(-0.062, 1.433, 0.297),(-0.024, -0.051, 0.011, 0.998),VALID,(-0.037, -0.164, 0.986),(0.000, 0.000, 0.000),64.325,VALID,(-0.038, -0.164, 0.986),(-0.032, 0.000, 0.000),0.638,4.096,6.415,0.808,VALID,(-0.037, -0.164, 0.986),(0.032, 0.000, 0.000),0.588,3.749,6.373,0.774,2,0.4774472
334367,1000001925924937300,63875742716816,(-0.062, 1.433, 0.297),(-0.024, -0.051, 0.011, 0.998),VALID,(-0.036, -0.165, 0.986),(0.000, 0.000, 0.000),64.325,VALID,(-0.037, -0.165, 0.986),(-0.032, 0.000, 0.000),0.636,4.082,6.415,0.811,VALID,(-0.036, -0.165, 0.986),(0.032, 0.000, 0.000),0.588,3.748,6.373,0.775,2,0.5287935
334368,1000001925929960800,63875742716826,(-0.062, 1.433, 0.297),(-0.023, -0.051, 0.011, 0.998),VALID,(-0.036, -0.166, 0.986),(0.000, 0.000, 0.000),64.325,VALID,(-0.036, -0.166, 0.986),(-0.032, 0.000, 0.000),0.637,4.085,6.415,0.813,VALID,(-0.036, -0.166, 0.986),(0.032, 0.000, 0.000),0.588,3.746,6.373,0.776,2,0.5518448
334369,1000001925934986100,63875742716826,(-0.062, 1.433, 0.297),(-0.023, -0.051, 0.011, 0.998),VALID,(-0.035, -0.166, 0.985),(0.000, 0.000, 0.000),64.325,VALID,(-0.036, -0.166, 0.985),(-0.032, 0.000, 0.000),0.638,4.095,6.415,0.813,VALID,(-0.035, -0.166, 0.985),(0.032, 0.000, 0.000),0.587,3.744,6.373,0.776,2,0.6068457
334370,1000001925940008000,63875742716826,(-0.062, 1.433, 0.297),(-0.023, -0.051, 0.011, 0.998),VALID,(-0.036, -0.166, 0.985),(0.000, 0.000, 0.000),64.325,VALID,(-0.036, -0.166, 0.985),(-0.032, 0.000, 0.000),0.638,4.095,6.415,0.814,VALID,(-0.036, -0.166, 0.985),(0.032, 0.000, 0.000),0.587,3.743,6.373,0.777,2,0.416974
334371,1000001925944930400,63875742716838,(-0.062, 1.433, 0.297),(-0.024, -0.051, 0.011, 0.998),VALID,(-0.036, -0.166, 0.985),(0.000, 0.000, 0.000),64.325,VALID,(0.023, -0.166, 0.986),(-0.032, 0.000, 0.000),0.636,4.080,6.415,0.814,VALID,(-0.036, -0.166, 0.985),(0.032, 0.000, 0.000),0.587,3.743,6.373,0.778,1.095212,0.4643832
334372,1000001925949947700,63875742716838,(-0.062, 1.433, 0.297),(-0.024, -0.051, 0.011, 0.998),VALID,(-0.036, -0.166, 0.985),(0.000, 0.000, 0.000),64.325,VALID,(0.012, -0.166, 0.986),(-0.032, 0.000, 0.000),0.636,4.081,6.415,0.815,VALID,(-0.036, -0.166, 0.985),(0.032, 0.000, 0.000),0.587,3.743,6.373,0.779,2,0.490983
334373,1000001925954969600,63875742716848,(-0.062, 1.432, 0.297),(-0.024, -0.051, 0.011, 0.998),VALID,(-0.036, -0.167, 0.985),(0.000, 0.000, 0.000),64.325,VALID,(0.007, -0.167, 0.986),(-0.032, 0.000, 0.000),0.641,4.109,6.415,0.816,VALID,(-0.036, -0.167, 0.985),(0.032, 0.000, 0.000),0.587,3.743,6.373,0.780,2,0.233733
334374,1000001925959989200,63875742716848,(-0.062, 1.432, 0.297),(-0.024, -0.051, 0.011, 0.998),VALID,(-0.036, -0.166, 0.985),(0.000, 0.000, 0.000),64.325,VALID,(0.003, -0.167, 0.986),(-0.032, 0.000, 0.000),0.642,4.120,6.415,0.816,VALID,(-0.036, -0.166, 0.985),(0.032, 0.000, 0.000),0.587,3.742,6.373,0.781,2,0.09086417
334375,1000001925965008800,63875742716860,(-0.062, 1.432, 0.297),(-0.024, -0.051, 0.011, 0.998),VALID,(-0.036, -0.166, 0.985),(0.000, 0.000, 0.000),64.325,VALID,(0.001, -0.166, 0.986),(-0.032, 0.000, 0.000),0.644,4.130,6.415,0.817,VALID,(-0.036, -0.166, 0.985),(0.032, 0.000, 0.000),0.588,3.747,6.373,0.782,2,0.06076667
334376,1000001925970030700,63875742716860,(-0.062, 1.432, 0.297),(-0.024, -0.051, 0.011, 0.998),VALID,(-0.035, -0.166, 0.985),(0.000, 0.000, 0.000),64.325,VALID,(0.000, -0.166, 0.986),(-0.032, 0.000, 0.000),0.647,4.149,6.415,0.817,VALID,(-0.035, -0.166, 0.985),(0.032, 0.000, 0.000),0.589,3.751,6.373,0.783,2,0
334377,1000001925975052600,63875742716860,(-0.062, 1.432, 0.297),(-0.024, -0.051, 0.011, 0.998),VALID,(-0.035, -0.164, 0.986),(0.000, 0.000, 0.000),64.325,VALID,(-0.003, -0.164, 0.986),(-0.032, 0.000, 0.000),0.653,4.188,6.415,0.817,VALID,(-0.035, -0.164, 0.986),(0.032, 0.000, 0.000),0.589,3.757,6.373,0.784,2,0
334378,1000001925980074500,63875742716872,(-0.062, 1.432, 0.296),(-0.024, -0.051, 0.011, 0.998),VALID,(-0.035, -0.164, 0.986),(0.000, 0.000, 0.000),64.325,VALID,(-0.007, -0.164, 0.986),(-0.032, 0.000, 0.000),0.655,4.205,6.415,0.820,VALID,(-0.035, -0.164, 0.986),(0.032, 0.000, 0.000),0.590,3.758,6.373,0.785,2,0
334379,1000001925985094100,63875742716872,(-0.062, 1.432, 0.296),(-0.024, -0.051, 0.011, 0.998),VALID,(-0.035, -0.164, 0.986),(0.000, 0.000, 0.000),64.325,VALID,(-0.011, -0.164, 0.986),(-0.032, 0.000, 0.000),0.658,4.222,6.415,0.820,VALID,(-0.035, -0.164, 0.986),(0.032, 0.000, 0.000),0.590,3.758,6.373,0.785,2,0
334380,1000001925990116000,63875742716883,(-0.062, 1.432, 0.296),(-0.024, -0.050, 0.011, 0.998),VALID,(-0.024, -0.156, 0.987),(0.000, 0.000, 0.000),64.325,VALID,(-0.008, -0.156, 0.988),(-0.032, 0.000, 0.000),0.655,4.205,6.415,0.821,VALID,(-0.035, -0.156, 0.987),(0.032, 0.000, 0.000),0.590,3.761,6.373,0.786,2,0
334381,1000001925995110200,63875742716883,(-0.062, 1.432, 0.296),(-0.024, -0.050, 0.011, 0.998),VALID,(-0.006, -0.145, 0.989),(0.000, 0.000, 0.000),64.325,VALID,(0.002, -0.145, 0.989),(-0.032, 0.000, 0.000),0.642,4.120,6.415,0.821,VALID,(-0.035, -0.145, 0.989),(0.032, 0.000, 0.000),0.590,3.763,6.373,0.787,2,0
334382,1000001926000065000,63875742716893,(-0.062, 1.432, 0.296),(-0.023, -0.050, 0.011, 0.998),VALID,(0.014, -0.136, 0.991),(0.000, 0.000, 0.000),64.325,VALID,(0.017, -0.136, 0.991),(-0.032, 0.000, 0.000),0.623,3.996,6.415,0.822,VALID,(-0.034, -0.136, 0.990),(0.032, 0.000, 0.000),0.596,3.801,6.373,0.787,2,0
334383,1000001926005084600,63875742716893,(-0.062, 1.432, 0.296),(-0.023, -0.050, 0.011, 0.998),VALID,(0.030, -0.133, 0.991),(0.000, 0.000, 0.000),64.325,VALID,(0.032, -0.133, 0.991),(-0.032, 0.000, 0.000),0.602,3.864,6.415,0.822,VALID,(-0.033, -0.133, 0.991),(0.032, 0.000, 0.000),0.598,3.812,6.373,0.788,0.9819362,0
334384,1000001926010106500,63875742716905,(-0.062, 1.432, 0.296),(-0.023, -0.050, 0.011, 0.998),VALID,(0.044, -0.130, 0.991),(0.000, 0.000, 0.000),64.325,VALID,(0.046, -0.130, 0.990),(-0.032, 0.000, 0.000),0.586,3.758,6.415,0.822,VALID,(-0.032, -0.130, 0.991),(0.032, 0.000, 0.000),0.599,3.814,6.373,0.788,0.8187202,0
334385,1000001926015126100,63875742716905,(-0.062, 1.432, 0.296),(-0.023, -0.050, 0.011, 0.998),VALID,(0.060, -0.130, 0.990),(0.000, 0.000, 0.000),64.325,VALID,(0.061, -0.130, 0.990),(-0.032, 0.000, 0.000),0.582,3.731,6.415,0.823,VALID,(-0.032, -0.130, 0.991),(0.032, 0.000, 0.000),0.599,3.815,6.373,0.788,0.6882774,0
334386,1000001926020151400,63875742716905,(-0.062, 1.432, 0.296),(-0.023, -0.050, 0.011, 0.998),VALID,(0.069, -0.131, 0.989),(0.000, 0.000, 0.000),64.325,VALID,(0.072, -0.131, 0.989),(-0.032, 0.000, 0.000),0.579,3.712,6.415,0.823,VALID,(-0.031, -0.131, 0.991),(0.032, 0.000, 0.000),0.599,3.815,6.373,0.788,0.6217408,0
334387,1000001926025180100,63875742716916,(-0.062, 1.432, 0.296),(-0.023, -0.050, 0.011, 0.998),VALID,(0.077, -0.130, 0.989),(0.000, 0.000, 0.000),64.325,VALID,(0.078, -0.130, 0.988),(-0.032, 0.000, 0.000),0.578,3.705,6.415,0.822,VALID,(-0.032, -0.130, 0.991),(0.032, 0.000, 0.000),0.599,3.815,6.373,0.788,0.581064,0
334388,1000001926030205400,63875742716916,(-0.062, 1.432, 0.296),(-0.023, -0.050, 0.011, 0.998),VALID,(0.079, -0.128, 0.989),(0.000, 0.000, 0.000),64.325,VALID,(0.081, -0.128, 0.988),(-0.032, 0.000, 0.000),0.580,3.720,6.415,0.822,VALID,(-0.032, -0.128, 0.991),(0.032, 0.000, 0.000),0.598,3.812,6.373,0.788,0.5649238,0
334389,1000001926035238600,63875742716927,(-0.062, 1.432, 0.296),(-0.023, -0.050, 0.011, 0.998),VALID,(0.080, -0.124, 0.989),(0.000, 0.000, 0.000),64.325,VALID,(0.082, -0.124, 0.989),(-0.032, 0.000, 0.000),0.582,3.734,6.415,0.821,VALID,(-0.033, -0.124, 0.992),(0.032, 0.000, 0.000),0.596,3.801,6.373,0.788,0.5590825,0
334390,1000001926040258200,63875742716927,(-0.062, 1.432, 0.296),(-0.023, -0.050, 0.011, 0.998),VALID,(0.081, -0.121, 0.989),(0.000, 0.000, 0.000),64.325,VALID,(0.083, -0.121, 0.989),(-0.032, 0.000, 0.000),0.583,3.738,6.415,0.821,VALID,(-0.033, -0.121, 0.992),(0.032, 0.000, 0.000),0.594,3.788,6.373,0.788,0.5538499,0
334391,1000001926045178400,63875742716938,(-0.062, 1.432, 0.296),(-0.023, -0.050, 0.011, 0.998),VALID,(0.082, -0.119, 0.990),(0.000, 0.000, 0.000),64.325,VALID,(0.083, -0.119, 0.989),(-0.032, 0.000, 0.000),0.583,3.738,6.415,0.821,VALID,(-0.033, -0.119, 0.992),(0.032, 0.000, 0.000),0.592,3.772,6.373,0.787,0.5503936,0
334392,1000001926050198000,63875742716938,(-0.062, 1.432, 0.296),(-0.023, -0.050, 0.011, 0.998),VALID,(0.082, -0.117, 0.990),(0.000, 0.000, 0.000),64.325,VALID,(0.083, -0.117, 0.990),(-0.032, 0.000, 0.000),0.582,3.733,6.415,0.819,VALID,(-0.034, -0.118, 0.992),(0.032, 0.000, 0.000),0.591,3.765,6.373,0.787,0.5484781,0
334393,1000001926055201400,63875742716949,(-0.062, 1.432, 0.296),(-0.023, -0.050, 0.011, 0.998),VALID,(0.082, -0.117, 0.990),(0.000, 0.000, 0.000),64.325,VALID,(0.084, -0.117, 0.990),(-0.032, 0.000, 0.000),0.580,3.721,6.415,0.819,VALID,(-0.034, -0.117, 0.993),(0.032, 0.000, 0.000),0.590,3.759,6.373,0.786,0.5452713,0
334394,1000001926060221000,63875742716949,(-0.062, 1.432, 0.296),(-0.023, -0.050, 0.011, 0.998),VALID,(0.066, -0.124, 0.990),(0.000, 0.000, 0.000),64.325,VALID,(0.070, -0.124, 0.990),(-0.032, 0.000, 0.000),0.583,3.738,6.415,0.817,VALID,(-0.034, -0.125, 0.992),(0.032, 0.000, 0.000),0.586,3.732,6.373,0.785,0.6116135,0
334395,1000001926065247200,63875742716960,(-0.062, 1.432, 0.296),(-0.023, -0.050, 0.011, 0.998),VALID,(0.061, -0.127, 0.990),(0.000, 0.000, 0.000),64.325,VALID,(0.062, -0.127, 0.990),(-0.032, 0.000, 0.000),0.592,3.795,6.415,0.814,VALID,(-0.035, -0.127, 0.991),(0.032, 0.000, 0.000),0.582,3.711,6.373,0.783,0.6656939,0
334396,1000001926070252000,63875742716960,(-0.062, 1.432, 0.296),(-0.023, -0.050, 0.011, 0.998),VALID,(0.048, -0.132, 0.990),(0.000, 0.000, 0.000),64.325,VALID,(0.047, -0.132, 0.990),(-0.032, 0.000, 0.000),0.603,3.871,6.415,0.810,VALID,(-0.034, -0.132, 0.991),(0.032, 0.000, 0.000),0.581,3.705,6.373,0.781,0.7885811,0
334397,1000001926075244000,63875742716971,(-0.062, 1.432, 0.296),(-0.023, -0.050, 0.011, 0.998),VALID,(0.028, -0.139, 0.990),(0.000, 0.000, 0.000),64.325,VALID,(0.026, -0.139, 0.990),(-0.032, 0.000, 0.000),0.547,3.512,6.415,0.804,VALID,(-0.035, -0.139, 0.990),(0.032, 0.000, 0.000),0.581,3.705,6.373,0.777,1.058196,0
334398,1000001926080270200,63875742716971,(-0.062, 1.432, 0.296),(-0.023, -0.050, 0.011, 0.998),VALID,(0.007, -0.147, 0.989),(0.000, 0.000, 0.000),64.325,VALID,(0.036, -0.137, 0.990),(-0.032, 0.000, 0.000),0.539,3.457,6.415,0.801,VALID,(-0.036, -0.147, 0.988),(0.032, 0.000, 0.000),0.581,3.701,6.373,0.770,0.8700392,0
334399,1000001926085296400,63875742716982,(-0.062, 1.432, 0.296),(-0.023, -0.050, 0.011, 0.998),VALID,(-0.012, -0.155, 0.988),(0.000, 0.000, 0.000),64.325,VALID,(0.038, -0.133, 0.990),(-0.032, 0.000, 0.000),0.538,3.450,6.415,0.793,VALID,(-0.039, -0.155, 0.987),(0.032, 0.000, 0.000),0.581,3.701,6.373,0.755,0.7700425,0
334400,1000001926090322600,63875742716982,(-0.062, 1.432, 0.296),(-0.023, -0.050, 0.011, 0.998),VALID,(-0.026, -0.162, 0.986),(0.000, 0.000, 0.000),64.325,VALID,(0.018, -0.136, 0.991),(-0.032, 0.000, 0.000),0.537,3.445,6.415,0.785,VALID,(-0.041, -0.162, 0.986),(0.032, 0.000, 0.000),0.580,3.696,6.373,0.729,0.914095,0
334401,1000001926095340000,63875742716982,(-0.062, 1.432, 0.296),(-0.023, -0.050, 0.011, 0.998),VALID,(-0.025, -0.184, 0.983),(0.000, 0.000, 0.000),64.325,VALID,(0.027, -0.136, 0.990),(-0.032, 0.000, 0.000),0.514,3.300,6.415,0.771,VALID,(-0.039, -0.184, 0.982),(0.032, 0.000, 0.000),0.573,3.653,6.373,0.691,0.6224702,0
334402,1000001926100296500,63875742717082,(-0.063, 1.432, 0.295),(-0.023, -0.050, 0.011, 0.998),VALID,(-0.046, -0.200, 0.979),(0.000, 0.000, 0.000),64.325,VALID,(0.038, -0.148, 0.988),(-0.032, 0.000, 0.000),0.432,2.772,6.415,0.749,VALID,(-0.046, -0.200, 0.979),(0.032, 0.000, 0.000),0.570,3.631,6.373,0.658,0.5408764,0
334403,1000001926105313900,63875742717082,(-0.063, 1.432, 0.295),(-0.023, -0.050, 0.011, 0.998),INVALID,,,,INVALID,,,,,,,INVALID,,,,,,,,
334404,1000001926110344600,63875742717083,(-0.063, 1.432, 0.295),(-0.023, -0.050, 0.011, 0.998),VALID,(-0.099, -0.546, 0.832),(0.000, 0.000, 0.000),64.325,INVALID,,,,,,,VALID,(-0.081, -0.547, 0.834),(0.032, 0.000, 0.000),0.545,3.476,6.373,,2,0
334405,1000001926115352400,63875742717083,(-0.063, 1.432, 0.295),(-0.023, -0.050, 0.011, 0.998),VALID,(-0.209, -0.661, 0.721),(0.000, 0.000, 0.000),64.325,INVALID,,,,,,,VALID,(-0.185, -0.664, 0.725),(0.032, 0.000, 0.000),0.490,3.120,6.373,,2,0
334406,1000001926120369800,63875742717083,(-0.063, 1.432, 0.295),(-0.023, -0.050, 0.011, 0.998),INVALID,,,,INVALID,,,,,,,INVALID,,,,,,,,
334407,1000001926125382400,63875742717083,(-0.063, 1.432, 0.295),(-0.023, -0.050, 0.011, 0.998),INVALID,,,,INVALID,,,,,,,INVALID,,,,,,,,
334408,1000001926130374500,63875742717083,(-0.063, 1.432, 0.295),(-0.023, -0.050, 0.011, 0.998),INVALID,,,,INVALID,,,,,,,INVALID,,,,,,,,
334409,1000001926135387800,63875742717083,(-0.063, 1.432, 0.295),(-0.023, -0.050, 0.011, 0.998),INVALID,,,,INVALID,,,,,,,INVALID,,,,,,,,
334410,1000001926140401100,63875742717083,(-0.063, 1.432, 0.295),(-0.023, -0.050, 0.011, 0.998),INVALID,,,,INVALID,,,,,,,INVALID,,,,,,,,
334411,1000001926145427000,63875742717083,(-0.063, 1.432, 0.295),(-0.023, -0.050, 0.011, 0.998),INVALID,,,,INVALID,,,,,,,INVALID,,,,,,,,
334412,1000001926150439600,63875742717083,(-0.063, 1.432, 0.295),(-0.023, -0.050, 0.011, 0.998),INVALID,,,,INVALID,,,,,,,INVALID,,,,,,,,
334413,1000001926155452900,63875742717083,(-0.063, 1.432, 0.295),(-0.023, -0.050, 0.011, 0.998),INVALID,,,,INVALID,,,,,,,INVALID,,,,,,,,
334414,1000001926160465500,63875742717083,(-0.063, 1.432, 0.295),(-0.023, -0.050, 0.011, 0.998),INVALID,,,,INVALID,,,,,,,INVALID,,,,,,,,
334415,1000001926165478800,63875742717083,(-0.063, 1.432, 0.295),(-0.023, -0.050, 0.011, 0.998),INVALID,,,,INVALID,,,,,,,INVALID,,,,,,,,
334416,1000001926170491400,63875742717083,(-0.063, 1.432, 0.295),(-0.023, -0.050, 0.011, 0.998),INVALID,,,,INVALID,,,,,,,INVALID,,,,,,,,
334417,1000001926175504700,63875742717083,(-0.063, 1.432, 0.295),(-0.023, -0.050, 0.011, 0.998),INVALID,,,,INVALID,,,,,,,INVALID,,,,,,,,
334418,1000001926180517300,63875742717083,(-0.063, 1.432, 0.295),(-0.023, -0.050, 0.011, 0.998),INVALID,,,,INVALID,,,,,,,INVALID,,,,,,,,
334419,1000001926185530600,63875742717083,(-0.063, 1.432, 0.295),(-0.023, -0.050, 0.011, 0.998),INVALID,,,,INVALID,,,,,,,INVALID,,,,,,,,
334420,1000001926190543900,63875742717083,(-0.063, 1.432, 0.295),(-0.023, -0.050, 0.011, 0.998),INVALID,,,,INVALID,,,,,,,INVALID,,,,,,,,
334421,1000001926195557200,63875742717083,(-0.063, 1.432, 0.295),(-0.023, -0.050, 0.011, 0.998),VALID,(-0.133, -0.554, 0.822),(0.000, 0.000, 0.000),64.325,INVALID,,,,,,,VALID,(-0.152, -0.552, 0.820),(0.032, 0.000, 0.000),0.468,2.981,6.373,,2,0
334422,1000001926200570500,63875742717116,(-0.063, 1.432, 0.295),(-0.023, -0.050, 0.011, 0.998),VALID,(-0.107, -0.652, 0.750),(0.000, 0.000, 0.000),64.325,INVALID,,,,,,,VALID,(-0.122, -0.651, 0.749),(0.032, 0.000, 0.000),0.468,2.981,6.373,,2,0
334423,1000001926205583100,63875742717116,(-0.063, 1.432, 0.295),(-0.023, -0.050, 0.011, 0.998),INVALID,,,,INVALID,,,,,,,INVALID,,,,,,,,
334424,1000001926210596400,63875742717116,(-0.063, 1.432, 0.295),(-0.023, -0.050, 0.011, 0.998),INVALID,,,,INVALID,,,,,,,INVALID,,,,,,,,
334425,1000001926215609000,63875742717116,(-0.063, 1.432, 0.295),(-0.023, -0.050, 0.011, 0.998),INVALID,,,,INVALID,,,,,,,INVALID,,,,,,,,
334426,1000001926220622300,63875742717116,(-0.063, 1.432, 0.295),(-0.023, -0.050, 0.011, 0.998),INVALID,,,,INVALID,,,,,,,INVALID,,,,,,,,
334427,1000001926225634900,63875742717116,(-0.063, 1.432, 0.295),(-0.023, -0.050, 0.011, 0.998),VALID,(-0.098, -0.557, 0.825),(0.000, 0.000, 0.000),64.325,INVALID,,,,,,,VALID,(-0.092, -0.557, 0.825),(0.032, 0.000, 0.000),0.434,2.765,6.373,,2,0
334428,1000001926230648200,63875742717116,(-0.063, 1.432, 0.295),(-0.023, -0.050, 0.011, 0.998),VALID,(-0.070, -0.518, 0.853),(0.000, 0.000, 0.000),64.325,INVALID,,,,,,,VALID,(-0.054, -0.518, 0.854),(0.032, 0.000, 0.000),0.434,2.765,6.373,,2,0
334429,1000001926235661500,63875742717128,(-0.063, 1.432, 0.295),(-0.023, -0.050, 0.011, 0.998),VALID,(-0.041, -0.509, 0.860),(0.000, 0.000, 0.000),64.325,INVALID,,,,,,,VALID,(-0.025, -0.510, 0.860),(0.032, 0.000, 0.000),0.434,2.764,6.373,,2,0
334430,1000001926240695200,63875742717128,(-0.063, 1.432, 0.295),(-0.023, -0.050, 0.011, 0.998),VALID,(-0.016, -0.500, 0.866),(0.000, 0.000, 0.000),64.325,INVALID,,,,,,,VALID,(-0.003, -0.500, 0.866),(0.032, 0.000, 0.000),0.433,2.762,6.373,,2,0
334431,1000001926245705000,63875742717138,(-0.063, 1.432, 0.295),(-0.023, -0.050, 0.011, 0.998),VALID,(0.005, -0.491, 0.871),(0.000, 0.000, 0.000),64.325,INVALID,,,,,,,VALID,(0.015, -0.491, 0.871),(0.032, 0.000, 0.000),0.431,2.746,6.373,,2,0
334432,1000001926250672600,63875742717150,(-0.063, 1.432, 0.295),(-0.023, -0.050, 0.011, 0.998),VALID,(0.021, -0.484, 0.875),(0.000, 0.000, 0.000),64.325,INVALID,,,,,,,VALID,(0.028, -0.484, 0.875),(0.032, 0.000, 0.000),0.429,2.735,6.373,,2,0
334433,1000001926255706300,63875742717172,(-0.063, 1.432, 0.295),(-0.023, -0.050, 0.011, 0.998),VALID,(0.080, -0.490, 0.868),(0.000, 0.000, 0.000),64.325,VALID,(0.252, -0.519, 0.817),(-0.032, 0.000, 0.000),0.435,2.794,6.415,0.674,VALID,(0.033, -0.491, 0.870),(0.032, 0.000, 0.000),0.428,2.725,6.373,0.494,0.270553,0
334434,1000001926260729600,63875742717172,(-0.063, 1.432, 0.295),(-0.023, -0.050, 0.011, 0.998),INVALID,,,,INVALID,,,,,,,INVALID,,,,,,,,
334435,1000001926265763300,63875742717172,(-0.063, 1.432, 0.295),(-0.023, -0.050, 0.011, 0.998),VALID,(0.155, -0.487, 0.860),(0.000, 0.000, 0.000),64.325,VALID,(0.232, -0.489, 0.841),(-0.032, 0.000, 0.000),0.455,2.920,6.415,0.675,INVALID,,,,,,0.504,2,0
334436,1000001926270786600,63875742717172,(-0.063, 1.432, 0.295),(-0.023, -0.050, 0.011, 0.998),VALID,(0.097, -0.449, 0.888),(0.000, 0.000, 0.000),64.325,INVALID,,,,,,,VALID,(-0.004, -0.326, 0.945),(0.032, 0.000, 0.000),0.492,3.133,6.373,,2,0
334437,1000001926275820300,63875742717182,(-0.063, 1.432, 0.295),(-0.023, -0.050, 0.011, 0.998),VALID,(0.065, -0.406, 0.911),(0.000, 0.000, 0.000),64.325,INVALID,,,,,,,VALID,(-0.014, -0.322, 0.947),(0.032, 0.000, 0.000),0.492,3.137,6.373,,2,0
334438,1000001926280843600,63875742717182,(-0.063, 1.432, 0.295),(-0.023, -0.050, 0.011, 0.998),VALID,(0.450, -0.243, 0.859),(0.000, 0.000, 0.000),64.325,VALID,(0.722, -0.074, 0.688),(-0.032, 0.000, 0.000),0.385,2.470,6.415,0.676,VALID,(0.016, -0.353, 0.935),(0.032, 0.000, 0.000),0.493,3.140,6.373,0.515,0.06538703,0
334439,1000001926285756500,63875742717182,(-0.063, 1.432, 0.295),(-0.023, -0.050, 0.011, 0.998),VALID,(0.563, -0.165, 0.810),(0.000, 0.000, 0.000),64.325,VALID,(0.721, -0.088, 0.688),(-0.032, 0.000, 0.000),0.385,2.470,6.415,0.677,VALID,(0.006, -0.248, 0.969),(0.032, 0.000, 0.000),0.497,3.165,6.373,0.519,0.06873354,0
334440,1000001926290790800,63875742717182,(-0.063, 1.432, 0.295),(-0.023, -0.050, 0.011, 0.998),VALID,(0.579, -0.139, 0.804),(0.000, 0.000, 0.000),64.325,VALID,(0.518, -0.126, 0.846),(-0.032, 0.000, 0.000),0.385,2.470,6.415,0.679,VALID,(-0.001, -0.196, 0.981),(0.032, 0.000, 0.000),0.499,3.182,6.373,0.523,0.1096349,0
334441,1000001926295824500,63875742717193,(-0.063, 1.432, 0.295),(-0.023, -0.050, 0.011, 0.998),VALID,(0.452, -0.154, 0.879),(0.000, 0.000, 0.000),64.325,VALID,(0.659, -0.113, 0.743),(-0.032, 0.000, 0.000),0.385,2.471,6.415,0.681,VALID,(-0.005, -0.185, 0.983),(0.032, 0.000, 0.000),0.500,3.189,6.373,0.527,0.07925172,0
334442,1000001926300858200,63875742717193,(-0.063, 1.432, 0.295),(-0.023, -0.050, 0.011, 0.998),VALID,(0.376, -0.173, 0.910),(0.000, 0.000, 0.000),64.325,VALID,(0.697, -0.115, 0.708),(-0.032, 0.000, 0.000),0.385,2.472,6.415,0.683,VALID,(-0.008, -0.194, 0.981),(0.032, 0.000, 0.000),0.501,3.192,6.373,0.531,0.07263244,0
334443,1000001926305891900,63875742717193,(-0.063, 1.432, 0.295),(-0.023, -0.050, 0.011, 0.998),VALID,(0.325, -0.223, 0.919),(0.000, 0.000, 0.000),64.325,INVALID,,,,,,,VALID,(-0.008, -0.241, 0.970),(0.032, 0.000, 0.000),0.501,3.194,6.373,,2,0
334444,1000001926310926200,63875742717205,(-0.063, 1.432, 0.295),(-0.023, -0.050, 0.011, 0.998),VALID,(0.238, -0.262, 0.935),(0.000, 0.000, 0.000),64.325,VALID,(0.191, -0.334, 0.923),(-0.032, 0.000, 0.000),0.443,2.844,6.415,0.687,VALID,(-0.008, -0.275, 0.962),(0.032, 0.000, 0.000),0.501,3.196,6.373,0.540,0.285129,0
334445,1000001926315949500,63875742717205,(-0.063, 1.432, 0.295),(-0.023, -0.050, 0.011, 0.998),VALID,(0.161, -0.285, 0.945),(0.000, 0.000, 0.000),64.325,VALID,(0.185, -0.342, 0.921),(-0.032, 0.000, 0.000),0.443,2.844,6.415,0.690,VALID,(-0.007, -0.294, 0.956),(0.032, 0.000, 0.000),0.502,3.197,6.373,0.544,0.3038083,0
334446,1000001926320983800,63875742717216,(-0.063, 1.432, 0.295),(-0.023, -0.050, 0.011, 0.998),VALID,(0.147, -0.298, 0.943),(0.000, 0.000, 0.000),64.325,VALID,(0.535, -0.194, 0.822),(-0.032, 0.000, 0.000),0.443,2.843,6.415,0.693,VALID,(-0.008, -0.307, 0.952),(0.032, 0.000, 0.000),0.502,3.198,6.373,0.549,0.1028756,0
334447,1000001926326007100,63875742717216,(-0.063, 1.432, 0.295),(-0.023, -0.050, 0.011, 0.998),VALID,(0.124, -0.303, 0.945),(0.000, 0.000, 0.000),64.325,VALID,(0.493, -0.260, 0.831),(-0.032, 0.000, 0.000),0.443,2.843,6.415,0.697,VALID,(-0.009, -0.314, 0.949),(0.032, 0.000, 0.000),0.502,3.198,6.373,0.554,0.1158494,0
334448,1000001926331041400,63875742717217,(-0.063, 1.432, 0.295),(-0.023, -0.050, 0.011, 0.998),VALID,(0.055, -0.306, 0.950),(0.000, 0.000, 0.000),64.325,INVALID,,,,,,,VALID,(-0.011, -0.315, 0.949),(0.032, 0.000, 0.000),0.499,3.182,6.373,,2,0
334449,1000001926336064700,63875742717227,(-0.063, 1.432, 0.294),(-0.023, -0.050, 0.011, 0.998),VALID,(0.059, -0.309, 0.949),(0.000, 0.000, 0.000),64.325,VALID,(0.112, -0.335, 0.936),(-0.032, 0.000, 0.000),0.476,3.056,6.415,0.705,VALID,(-0.015, -0.316, 0.949),(0.032, 0.000, 0.000),0.490,3.122,6.373,0.562,0.4890918,0
334450,1000001926340919700,63875742717227,(-0.063, 1.432, 0.294),(-0.023, -0.050, 0.011, 0.998),VALID,(0.014, -0.313, 0.950),(0.000, 0.000, 0.000),64.325,VALID,(0.036, -0.340, 0.940),(-0.032, 0.000, 0.000),0.443,2.845,6.415,0.709,VALID,(-0.017, -0.318, 0.948),(0.032, 0.000, 0.000),0.484,3.085,6.373,0.566,0.9965274,0
334451,1000001926345889200,63875742717238,(-0.063, 1.432, 0.294),(-0.023, -0.050, 0.011, 0.998),VALID,(0.016, -0.322, 0.947),(0.000, 0.000, 0.000),64.325,VALID,(0.406, -0.298, 0.864),(-0.032, 0.000, 0.000),0.459,2.947,6.415,0.714,VALID,(-0.024, -0.323, 0.946),(0.032, 0.000, 0.000),0.476,3.037,6.373,0.570,0.1401738,0
334452,1000001926350912500,63875742717238,(-0.063, 1.432, 0.294),(-0.023, -0.050, 0.011, 0.998),VALID,(-0.030, -0.322, 0.946),(0.000, 0.000, 0.000),64.325,VALID,(0.424, -0.296, 0.856),(-0.032, 0.000, 0.000),0.470,3.013,6.415,0.719,VALID,(-0.033, -0.323, 0.946),(0.032, 0.000, 0.000),0.473,3.012,6.373,0.574,0.1308315,0
334453,1000001926355935800,63875742717249,(-0.063, 1.431, 0.294),(-0.022, -0.050, 0.011, 0.998),VALID,(-0.054, -0.329, 0.943),(0.000, 0.000, 0.000),64.325,VALID,(0.427, -0.306, 0.851),(-0.032, 0.000, 0.000),0.472,3.026,6.415,0.724,VALID,(-0.044, -0.328, 0.944),(0.032, 0.000, 0.000),0.471,2.999,6.373,0.579,0.1270075,0
334454,1000001926361115600,63875742717249,(-0.063, 1.431, 0.294),(-0.022, -0.050, 0.011, 0.998),VALID,(-0.066, -0.336, 0.940),(0.000, 0.000, 0.000),64.325,VALID,(0.437, -0.313, 0.843),(-0.032, 0.000, 0.000),0.473,3.032,6.415,0.729,VALID,(-0.053, -0.334, 0.941),(0.032, 0.000, 0.000),0.467,2.976,6.373,0.583,0.1218421,0
334455,1000001926366199000,63875742717261,(-0.063, 1.431, 0.294),(-0.023, -0.050, 0.011, 0.998),VALID,(-0.026, -0.327, 0.945),(0.000, 0.000, 0.000),64.325,VALID,(0.413, -0.271, 0.870),(-0.032, 0.000, 0.000),0.473,3.033,6.415,0.734,VALID,(-0.041, -0.330, 0.943),(0.032, 0.000, 0.000),0.525,3.348,6.373,0.588,0.1319409,0
334456,1000001926371233300,63875742717261,(-0.063, 1.431, 0.294),(-0.023, -0.050, 0.011, 0.998),VALID,(-0.004, -0.316, 0.949),(0.000, 0.000, 0.000),64.325,VALID,(0.373, -0.255, 0.892),(-0.032, 0.000, 0.000),0.467,2.998,6.415,0.738,VALID,(-0.038, -0.314, 0.949),(0.032, 0.000, 0.000),0.530,3.376,6.373,0.593,0.1470652,0
334457,1000001926376282000,63875742717261,(-0.063, 1.431, 0.294),(-0.023, -0.050, 0.011, 0.998),VALID,(0.008, -0.298, 0.955),(0.000, 0.000, 0.000),64.325,VALID,(0.340, -0.211, 0.917),(-0.032, 0.000, 0.000),0.465,2.983,6.415,0.745,VALID,(-0.031, -0.294, 0.955),(0.032, 0.000, 0.000),0.530,3.379,6.373,0.598,0.1601988,0
334458,1000001926381316300,63875742717272,(-0.063, 1.431, 0.294),(-0.022, -0.050, 0.011, 0.998),VALID,(0.016, -0.281, 0.959),(0.000, 0.000, 0.000),64.325,VALID,(0.373, -0.209, 0.904),(-0.032, 0.000, 0.000),0.465,2.982,6.415,0.749,VALID,(-0.021, -0.277, 0.961),(0.032, 0.000, 0.000),0.530,3.379,6.373,0.604,0.1519992,0
334459,1000001926386080300,63875742717272,(-0.063, 1.431, 0.294),(-0.022, -0.050, 0.011, 0.998),VALID,(0.021, -0.270, 0.963),(0.000, 0.000, 0.000),64.325,VALID,(0.309, -0.217, 0.926),(-0.032, 0.000, 0.000),0.442,2.832,6.415,0.754,VALID,(-0.010, -0.266, 0.964),(0.032, 0.000, 0.000),0.530,3.379,6.373,0.609,0.1911706,0
334460,1000001926391114600,63875742717283,(-0.063, 1.431, 0.294),(-0.023, -0.050, 0.011, 0.998),VALID,(0.023, -0.259, 0.966),(0.000, 0.000, 0.000),64.325,VALID,(0.272, -0.167, 0.948),(-0.032, 0.000, 0.000),0.440,2.825,6.415,0.760,VALID,(-0.002, -0.255, 0.967),(0.032, 0.000, 0.000),0.531,3.386,6.373,0.615,0.2090921,0
334461,1000001926396032400,63875742717283,(-0.063, 1.431, 0.294),(-0.023, -0.050, 0.011, 0.998),VALID,(0.024, -0.247, 0.969),(0.000, 0.000, 0.000),64.325,VALID,(0.301, -0.178, 0.937),(-0.032, 0.000, 0.000),0.440,2.823,6.415,0.765,VALID,(0.005, -0.244, 0.970),(0.032, 0.000, 0.000),0.535,3.410,6.373,0.622,0.2017616,0
334462,1000001926401043300,63875742717294,(-0.063, 1.431, 0.294),(-0.023, -0.050, 0.011, 0.998),VALID,(0.023, -0.229, 0.973),(0.000, 0.000, 0.000),64.325,VALID,(0.317, -0.178, 0.932),(-0.032, 0.000, 0.000),0.440,2.820,6.415,0.772,VALID,(0.008, -0.227, 0.974),(0.032, 0.000, 0.000),0.545,3.475,6.373,0.628,0.1969723,0
334463,1000001926406077600,63875742717294,(-0.063, 1.431, 0.294),(-0.023, -0.050, 0.011, 0.998),VALID,(0.024, -0.207, 0.978),(0.000, 0.000, 0.000),64.325,VALID,(0.287, -0.139, 0.948),(-0.032, 0.000, 0.000),0.439,2.819,6.415,0.778,VALID,(0.012, -0.205, 0.979),(0.032, 0.000, 0.000),0.554,3.529,6.373,0.635,0.2161642,0
334464,1000001926411049800,63875742717306,(-0.063, 1.431, 0.294),(-0.022, -0.050, 0.011, 0.998),VALID,(0.027, -0.183, 0.983),(0.000, 0.000, 0.000),64.325,VALID,(0.261, -0.110, 0.959),(-0.032, 0.000, 0.000),0.439,2.819,6.415,0.785,VALID,(0.020, -0.182, 0.983),(0.032, 0.000, 0.000),0.563,3.586,6.373,0.642,0.239804,0
334465,1000001926416060700,63875742717306,(-0.063, 1.431, 0.294),(-0.022, -0.050, 0.011, 0.998),VALID,(0.029, -0.162, 0.986),(0.000, 0.000, 0.000),64.325,VALID,(0.243, -0.091, 0.966),(-0.032, 0.000, 0.000),0.439,2.818,6.415,0.791,VALID,(0.025, -0.161, 0.987),(0.032, 0.000, 0.000),0.566,3.607,6.373,0.648,0.2625714,0
334466,1000001926421078700,63875742717306,(-0.063, 1.431, 0.294),(-0.022, -0.050, 0.011, 0.998),VALID,(0.031, -0.147, 0.989),(0.000, 0.000, 0.000),64.325,VALID,(0.232, -0.087, 0.969),(-0.032, 0.000, 0.000),0.425,2.724,6.415,0.798,VALID,(0.029, -0.147, 0.989),(0.032, 0.000, 0.000),0.567,3.614,6.373,0.655,0.287816,0
334467,1000001926426089600,63875742717316,(-0.063, 1.431, 0.294),(-0.022, -0.050, 0.011, 0.998),VALID,(0.032, -0.138, 0.990),(0.000, 0.000, 0.000),64.325,VALID,(0.224, -0.086, 0.971),(-0.032, 0.000, 0.000),0.422,2.705,6.415,0.805,VALID,(0.032, -0.137, 0.990),(0.032, 0.000, 0.000),0.568,3.618,6.373,0.663,0.3079465,0
334468,1000001926431171000,63875742717316,(-0.063, 1.431, 0.294),(-0.022, -0.050, 0.011, 0.998),VALID,(0.033, -0.132, 0.991),(0.000, 0.000, 0.000),64.325,VALID,(0.219, -0.086, 0.972),(-0.032, 0.000, 0.000),0.421,2.701,6.415,0.812,VALID,(0.035, -0.132, 0.991),(0.032, 0.000, 0.000),0.568,3.620,6.373,0.670,0.3233111,0
334469,1000001926436181900,63875742717328,(-0.063, 1.431, 0.294),(-0.022, -0.050, 0.011, 0.998),VALID,(0.035, -0.132, 0.991),(0.000, 0.000, 0.000),64.325,VALID,(0.150, -0.099, 0.984),(-0.032, 0.000, 0.000),0.420,2.696,6.415,0.818,VALID,(0.038, -0.132, 0.991),(0.032, 0.000, 0.000),0.570,3.632,6.373,0.678,0.5254154,0
334470,1000001926441170400,63875742717328,(-0.063, 1.431, 0.294),(-0.022, -0.050, 0.011, 0.998),VALID,(0.035, -0.131, 0.991),(0.000, 0.000, 0.000),64.325,VALID,(0.106, -0.108, 0.988),(-0.032, 0.000, 0.000),0.419,2.688,6.415,0.823,VALID,(0.040, -0.131, 0.991),(0.032, 0.000, 0.000),0.571,3.641,6.373,0.685,0.8613918,0
334471,1000001926446144500,63875742717338,(-0.063, 1.431, 0.294),(-0.022, -0.050, 0.011, 0.998),VALID,(0.036, -0.131, 0.991),(0.000, 0.000, 0.000),64.325,VALID,(0.082, -0.113, 0.990),(-0.032, 0.000, 0.000),0.419,2.685,6.415,0.827,VALID,(0.043, -0.130, 0.991),(0.032, 0.000, 0.000),0.572,3.648,6.373,0.692,2,0
334472,1000001926451155400,63875742717339,(-0.063, 1.431, 0.294),(-0.022, -0.050, 0.011, 0.998),VALID,(0.037, -0.128, 0.991),(0.000, 0.000, 0.000),64.325,VALID,(0.069, -0.115, 0.991),(-0.032, 0.000, 0.000),0.457,2.934,6.415,0.836,VALID,(0.045, -0.128, 0.991),(0.032, 0.000, 0.000),0.574,3.657,6.373,0.698,2,0
334473,1000001926456185300,63875742717350,(-0.063, 1.431, 0.294),(-0.022, -0.050, 0.011, 0.998),VALID,(0.038, -0.128, 0.991),(0.000, 0.000, 0.000),64.325,VALID,(0.064, -0.118, 0.991),(-0.032, 0.000, 0.000),0.461,2.960,6.415,0.843,VALID,(0.048, -0.128, 0.991),(0.032, 0.000, 0.000),0.575,3.666,6.373,0.705,2,0
334474,1000001926461196200,63875742717350,(-0.063, 1.431, 0.294),(-0.022, -0.050, 0.011, 0.998),VALID,(0.038, -0.123, 0.992),(0.000, 0.000, 0.000),64.325,VALID,(0.057, -0.116, 0.992),(-0.032, 0.000, 0.000),0.462,2.964,6.415,0.846,VALID,(0.047, -0.123, 0.991),(0.032, 0.000, 0.000),0.578,3.685,6.373,0.711,2,0
334475,1000001926466181300,63875742717361,(-0.063, 1.431, 0.294),(-0.022, -0.050, 0.011, 0.998),VALID,(0.038, -0.119, 0.992),(0.000, 0.000, 0.000),64.325,VALID,(0.049, -0.115, 0.992),(-0.032, 0.000, 0.000),0.462,2.966,6.415,0.850,VALID,(0.045, -0.119, 0.992),(0.032, 0.000, 0.000),0.581,3.703,6.373,0.715,2,0
334476,1000001926471192200,63875742717361,(-0.063, 1.431, 0.294),(-0.022, -0.050, 0.011, 0.998),VALID,(0.042, -0.122, 0.992),(0.000, 0.000, 0.000),64.325,VALID,(0.097, -0.092, 0.991),(-0.032, 0.000, 0.000),0.464,2.980,6.415,0.853,VALID,(0.052, -0.122, 0.991),(0.032, 0.000, 0.000),0.586,3.736,6.373,0.719,0.989574,0
334477,1000001926476270900,63875742717361,(-0.063, 1.431, 0.294),(-0.022, -0.050, 0.011, 0.998),VALID,(0.054, -0.128, 0.990),(0.000, 0.000, 0.000),64.325,VALID,(0.102, -0.103, 0.989),(-0.032, 0.000, 0.000),0.472,3.027,6.415,0.857,VALID,(0.067, -0.128, 0.989),(0.032, 0.000, 0.000),0.586,3.734,6.373,0.722,2,0
334478,1000001926481281800,63875742717372,(-0.063, 1.431, 0.294),(-0.022, -0.050, 0.011, 0.998),VALID,(0.081, -0.132, 0.988),(0.000, 0.000, 0.000),64.325,VALID,(0.116, -0.109, 0.987),(-0.032, 0.000, 0.000),0.479,3.075,6.415,0.859,VALID,(0.096, -0.131, 0.987),(0.032, 0.000, 0.000),0.579,3.690,6.373,0.723,2,0
334479,1000001926486292700,63875742717372,(-0.063, 1.431, 0.294),(-0.022, -0.050, 0.011, 0.998),VALID,(0.103, -0.129, 0.986),(0.000, 0.000, 0.000),64.325,VALID,(0.131, -0.059, 0.990),(-0.032, 0.000, 0.000),0.537,3.447,6.415,0.860,VALID,(0.116, -0.128, 0.985),(0.032, 0.000, 0.000),0.572,3.643,6.373,0.723,0.1834798,0
334480,1000001926491294600,63875742717383,(-0.063, 1.431, 0.294),(-0.022, -0.050, 0.011, 0.998),VALID,(0.114, -0.115, 0.987),(0.000, 0.000, 0.000),64.325,VALID,(0.185, -0.012, 0.983),(-0.032, 0.000, 0.000),0.511,3.278,6.415,0.857,VALID,(0.124, -0.115, 0.986),(0.032, 0.000, 0.000),0.571,3.638,6.373,0.722,0.275554,0
334481,1000001926496282500,63875742717383,(-0.063, 1.431, 0.294),(-0.022, -0.050, 0.011, 0.998),VALID,(0.142, -0.111, 0.984),(0.000, 0.000, 0.000),64.325,VALID,(0.241, 0.025, 0.970),(-0.032, 0.000, 0.000),0.502,3.218,6.415,0.855,VALID,(0.150, -0.111, 0.982),(0.032, 0.000, 0.000),0.570,3.633,6.373,0.723,0.2175518,0
334482,1000001926501278000,63875742717394,(-0.063, 1.431, 0.294),(-0.022, -0.050, 0.011, 0.998),VALID,(0.167, -0.106, 0.980),(0.000, 0.000, 0.000),64.325,VALID,(0.232, -0.009, 0.973),(-0.032, 0.000, 0.000),0.499,3.204,6.415,0.855,VALID,(0.173, -0.106, 0.979),(0.032, 0.000, 0.000),0.569,3.626,6.373,0.724,0.2975559,0
334483,1000001926506272700,63875742717394,(-0.063, 1.431, 0.294),(-0.022, -0.050, 0.011, 0.998),VALID,(0.187, -0.101, 0.977),(0.000, 0.000, 0.000),64.325,VALID,(0.229, -0.027, 0.973),(-0.032, 0.000, 0.000),0.505,3.239,6.415,0.855,VALID,(0.190, -0.100, 0.977),(0.032, 0.000, 0.000),0.569,3.626,6.373,0.727,0.358691,0
334484,1000001926511271400,63875742717405,(-0.063, 1.431, 0.294),(-0.022, -0.051, 0.011, 0.998),VALID,(0.208, -0.099, 0.973),(0.000, 0.000, 0.000),64.325,VALID,(0.233, -0.039, 0.972),(-0.032, 0.000, 0.000),0.508,3.260,6.415,0.854,VALID,(0.211, -0.099, 0.973),(0.032, 0.000, 0.000),0.569,3.626,6.373,0.729,0.3416632,0
334485,1000001926516310800,63875742717405,(-0.063, 1.431, 0.294),(-0.022, -0.051, 0.011, 0.998),VALID,(0.229, -0.100, 0.968),(0.000, 0.000, 0.000),64.325,VALID,(0.241, -0.045, 0.969),(-0.032, 0.000, 0.000),0.515,3.303,6.415,0.854,VALID,(0.230, -0.100, 0.968),(0.032, 0.000, 0.000),0.569,3.627,6.373,0.733,0.2176134,0
334486,1000001926521309500,63875742717416,(-0.063, 1.431, 0.294),(-0.022, -0.051, 0.011, 0.998),VALID,(0.243, -0.100, 0.965),(0.000, 0.000, 0.000),64.325,VALID,(0.249, -0.046, 0.968),(-0.032, 0.000, 0.000),0.581,3.728,6.415,0.853,VALID,(0.244, -0.100, 0.965),(0.032, 0.000, 0.000),0.570,3.631,6.373,0.737,0.1025124,0
334487,1000001926526310000,63875742717416,(-0.063, 1.431, 0.294),(-0.022, -0.051, 0.011, 0.998),VALID,(0.253, -0.098, 0.963),(0.000, 0.000, 0.000),64.325,VALID,(0.255, -0.050, 0.966),(-0.032, 0.000, 0.000),0.591,3.794,6.415,0.852,VALID,(0.254, -0.098, 0.962),(0.032, 0.000, 0.000),0.571,3.639,6.373,0.742,2,0
334488,1000001926531363400,63875742717429,(-0.063, 1.431, 0.294),(-0.022, -0.051, 0.011, 0.998),VALID,(0.260, -0.096, 0.961),(0.000, 0.000, 0.000),64.325,VALID,(0.260, -0.055, 0.964),(-0.032, 0.000, 0.000),0.595,3.818,6.415,0.851,VALID,(0.260, -0.096, 0.961),(0.032, 0.000, 0.000),0.573,3.649,6.373,0.745,2,0
334489,1000001926536365300,63875742717429,(-0.063, 1.431, 0.294),(-0.022, -0.051, 0.011, 0.998),VALID,(0.265, -0.092, 0.960),(0.000, 0.000, 0.000),64.325,VALID,(0.264, -0.058, 0.963),(-0.032, 0.000, 0.000),0.601,3.858,6.415,0.851,VALID,(0.265, -0.092, 0.960),(0.032, 0.000, 0.000),0.575,3.665,6.373,0.748,2,0
334490,1000001926541388400,63875742717429,(-0.063, 1.431, 0.294),(-0.022, -0.051, 0.011, 0.998),VALID,(0.261, -0.081, 0.962),(0.000, 0.000, 0.000),64.325,VALID,(0.261, -0.056, 0.964),(-0.032, 0.000, 0.000),0.606,3.890,6.415,0.850,VALID,(0.261, -0.081, 0.962),(0.032, 0.000, 0.000),0.577,3.678,6.373,0.751,2,0
334491,1000001926546387100,63875742717438,(-0.063, 1.431, 0.294),(-0.022, -0.051, 0.011, 0.998),VALID,(0.260, -0.071, 0.963),(0.000, 0.000, 0.000),64.325,VALID,(0.261, -0.055, 0.964),(-0.032, 0.000, 0.000),0.610,3.911,6.415,0.850,VALID,(0.261, -0.071, 0.963),(0.032, 0.000, 0.000),0.579,3.692,6.373,0.754,2,0
334492,1000001926551423700,63875742717438,(-0.063, 1.431, 0.294),(-0.022, -0.051, 0.011, 0.998),VALID,(0.260, -0.061, 0.964),(0.000, 0.000, 0.000),64.325,VALID,(0.261, -0.053, 0.964),(-0.032, 0.000, 0.000),0.620,3.979,6.415,0.850,VALID,(0.261, -0.061, 0.964),(0.032, 0.000, 0.000),0.581,3.702,6.373,0.758,2,0
334493,1000001926556422400,63875742717450,(-0.063, 1.431, 0.294),(-0.022, -0.051, 0.011, 0.998),VALID,(0.261, -0.054, 0.964),(0.000, 0.000, 0.000),64.325,VALID,(0.261, -0.052, 0.964),(-0.032, 0.000, 0.000),0.623,3.996,6.415,0.851,VALID,(0.261, -0.054, 0.964),(0.032, 0.000, 0.000),0.582,3.708,6.373,0.761,2,0
334494,1000001926561421100,63875742717450,(-0.063, 1.431, 0.294),(-0.022, -0.051, 0.011, 0.998),VALID,(0.241, -0.038, 0.970),(0.000, 0.000, 0.000),64.325,VALID,(0.249, -0.048, 0.967),(-0.032, 0.000, 0.000),0.625,4.008,6.415,0.850,VALID,(0.241, -0.038, 0.970),(0.032, 0.000, 0.000),0.584,3.723,6.373,0.765,2,0
334495,1000001926566423000,63875742717462,(-0.063, 1.431, 0.294),(-0.022, -0.051, 0.011, 0.998),VALID,(0.246, -0.034, 0.969),(0.000, 0.000, 0.000),64.325,VALID,(0.251, -0.046, 0.967),(-0.032, 0.000, 0.000),0.626,4.018,6.415,0.849,VALID,(0.246, -0.034, 0.969),(0.032, 0.000, 0.000),0.586,3.733,6.373,0.768,2,0
334496,1000001926571464000,63875742717462,(-0.063, 1.431, 0.294),(-0.022, -0.051, 0.011, 0.998),VALID,(0.250, -0.032, 0.968),(0.000, 0.000, 0.000),64.325,VALID,(0.253, -0.044, 0.967),(-0.032, 0.000, 0.000),0.627,4.023,6.415,0.847,VALID,(0.250, -0.032, 0.968),(0.032, 0.000, 0.000),0.587,3.740,6.373,0.771,2,0
334497,1000001926576473700,63875742717462,(-0.063, 1.431, 0.294),(-0.022, -0.051, 0.011, 0.998),VALID,(0.253, -0.029, 0.967),(0.000, 0.000, 0.000),64.325,VALID,(0.254, -0.041, 0.966),(-0.032, 0.000, 0.000),0.628,4.031,6.415,0.847,VALID,(0.253, -0.029, 0.967),(0.032, 0.000, 0.000),0.589,3.751,6.373,0.774,2,0
334498,1000001926581485700,63875742717472,(-0.063, 1.431, 0.294),(-0.022, -0.050, 0.011, 0.998),VALID,(0.256, -0.026, 0.966),(0.000, 0.000, 0.000),64.325,VALID,(0.256, -0.037, 0.966),(-0.032, 0.000, 0.000),0.629,4.034,6.415,0.847,VALID,(0.256, -0.026, 0.966),(0.032, 0.000, 0.000),0.590,3.758,6.373,0.777,2,0
334499,1000001926586508900,63875742717472,(-0.063, 1.431, 0.294),(-0.022, -0.050, 0.011, 0.998),VALID,(0.258, -0.024, 0.966),(0.000, 0.000, 0.000),64.325,VALID,(0.258, -0.034, 0.966),(-0.032, 0.000, 0.000),0.631,4.047,6.415,0.847,VALID,(0.259, -0.024, 0.966),(0.032, 0.000, 0.000),0.590,3.759,6.373,0.779,2,0
334500,1000001926591520800,63875742717483,(-0.062, 1.431, 0.294),(-0.022, -0.050, 0.011, 0.998),VALID,(0.260, -0.021, 0.965),(0.000, 0.000, 0.000),64.325,VALID,(0.259, -0.031, 0.965),(-0.032, 0.000, 0.000),0.631,4.050,6.415,0.847,VALID,(0.260, -0.021, 0.965),(0.032, 0.000, 0.000),0.590,3.762,6.373,0.782,2,0
334501,1000001926596530500,63875742717483,(-0.062, 1.431, 0.294),(-0.022, -0.050, 0.011, 0.998),VALID,(0.261, -0.019, 0.965),(0.000, 0.000, 0.000),64.325,VALID,(0.260, -0.028, 0.965),(-0.032, 0.000, 0.000),0.631,4.050,6.415,0.847,VALID,(0.261, -0.019, 0.965),(0.032, 0.000, 0.000),0.591,3.765,6.373,0.784,2,0
334502,1000001926601540200,63875742717494,(-0.062, 1.431, 0.294),(-0.022, -0.050, 0.011, 0.998),VALID,(0.263, -0.017, 0.965),(0.000, 0.000, 0.000),64.325,VALID,(0.261, -0.024, 0.965),(-0.032, 0.000, 0.000),0.631,4.051,6.415,0.847,VALID,(0.263, -0.017, 0.965),(0.032, 0.000, 0.000),0.591,3.769,6.373,0.787,2,0
334503,1000001926606567900,63875742717506,(-0.062, 1.431, 0.294),(-0.022, -0.050, 0.011, 0.998),VALID,(0.264, -0.015, 0.965),(0.000, 0.000, 0.000),64.325,VALID,(0.262, -0.022, 0.965),(-0.032, 0.000, 0.000),0.631,4.051,6.415,0.847,VALID,(0.264, -0.015, 0.965),(0.032, 0.000, 0.000),0.592,3.772,6.373,0.789,2,0
334504,1000001926611577600,63875742717506,(-0.062, 1.431, 0.294),(-0.022, -0.050, 0.011, 0.998),VALID,(0.265, -0.014, 0.964),(0.000, 0.000, 0.000),64.325,VALID,(0.263, -0.019, 0.965),(-0.032, 0.000, 0.000),0.632,4.051,6.415,0.847,VALID,(0.265, -0.014, 0.964),(0.032, 0.000, 0.000),0.592,3.775,6.373,0.791,2,0
334505,1000001926616589500,63875742717517,(-0.062, 1.431, 0.294),(-0.022, -0.050, 0.011, 0.998),VALID,(0.265, -0.012, 0.964),(0.000, 0.000, 0.000),64.325,VALID,(0.264, -0.017, 0.964),(-0.032, 0.000, 0.000),0.635,4.076,6.415,0.846,VALID,(0.265, -0.012, 0.964),(0.032, 0.000, 0.000),0.593,3.777,6.373,0.793,2,0
334506,1000001926621601400,63875742717517,(-0.062, 1.431, 0.294),(-0.022, -0.050, 0.011, 0.998),VALID,(0.266, -0.010, 0.964),(0.000, 0.000, 0.000),64.325,VALID,(0.265, -0.015, 0.964),(-0.032, 0.000, 0.000),0.637,4.088,6.415,0.847,VALID,(0.266, -0.010, 0.964),(0.032, 0.000, 0.000),0.593,3.779,6.373,0.795,2,0
334507,1000001926626613400,63875742717529,(-0.062, 1.431, 0.294),(-0.022, -0.050, 0.011, 0.998),VALID,(0.267, -0.009, 0.964),(0.000, 0.000, 0.000),64.325,VALID,(0.266, -0.013, 0.964),(-0.032, 0.000, 0.000),0.638,4.092,6.415,0.847,VALID,(0.267, -0.009, 0.964),(0.032, 0.000, 0.000),0.594,3.783,6.373,0.797,2,0
334508,1000001926631625400,63875742717529,(-0.062, 1.431, 0.294),(-0.022, -0.050, 0.011, 0.998),VALID,(0.260, -0.001, 0.966),(0.000, 0.000, 0.000),64.325,VALID,(0.262, -0.004, 0.965),(-0.032, 0.000, 0.000),0.638,4.094,6.415,0.846,VALID,(0.260, -0.001, 0.966),(0.032, 0.000, 0.000),0.595,3.793,6.373,0.798,2,0
334509,1000001926636637400,63875742717529,(-0.062, 1.431, 0.294),(-0.022, -0.050, 0.011, 0.998),VALID,(0.254, 0.007, 0.967),(0.000, 0.000, 0.000),64.325,VALID,(0.253, 0.004, 0.968),(-0.032, 0.000, 0.000),0.638,4.096,6.415,0.846,VALID,(0.254, 0.007, 0.967),(0.032, 0.000, 0.000),0.598,3.808,6.373,0.800,2,0
334510,1000001926641649400,63875742717539,(-0.062, 1.431, 0.294),(-0.022, -0.050, 0.011, 0.998),VALID,(0.242, 0.013, 0.970),(0.000, 0.000, 0.000),64.325,VALID,(0.239, 0.010, 0.971),(-0.032, 0.000, 0.000),0.639,4.098,6.415,0.846,VALID,(0.242, 0.013, 0.970),(0.032, 0.000, 0.000),0.600,3.826,6.373,0.801,2,0
334511,1000001926646652400,63875742717539,(-0.062, 1.431, 0.294),(-0.022, -0.050, 0.011, 0.998),VALID,(0.229, 0.018, 0.973),(0.000, 0.000, 0.000),64.325,VALID,(0.226, 0.016, 0.974),(-0.032, 0.000, 0.000),0.639,4.098,6.415,0.845,VALID,(0.229, 0.018, 0.973),(0.032, 0.000, 0.000),0.603,3.841,6.373,0.803,2,0
334512,1000001926651664400,63875742717539,(-0.062, 1.431, 0.294),(-0.022, -0.050, 0.011, 0.998),VALID,(0.236, 0.014, 0.972),(0.000, 0.000, 0.000),64.325,VALID,(0.234, 0.013, 0.972),(-0.032, 0.000, 0.000),0.639,4.099,6.415,0.845,VALID,(0.236, 0.014, 0.972),(0.032, 0.000, 0.000),0.604,3.849,6.373,0.804,2,0
334513,1000001926656676400,63875742717551,(-0.062, 1.431, 0.294),(-0.022, -0.050, 0.011, 0.998),VALID,(0.225, 0.019, 0.974),(0.000, 0.000, 0.000),64.325,VALID,(0.223, 0.018, 0.975),(-0.032, 0.000, 0.000),0.639,4.099,6.415,0.845,VALID,(0.225, 0.019, 0.974),(0.032, 0.000, 0.000),0.605,3.854,6.373,0.806,2,0
334514,1000001926661720400,63875742717551,(-0.062, 1.431, 0.294),(-0.022, -0.050, 0.011, 0.998),VALID,(0.232, 0.016, 0.972),(0.000, 0.000, 0.000),64.325,VALID,(0.231, 0.015, 0.973),(-0.032, 0.000, 0.000),0.639,4.099,6.415,0.846,VALID,(0.232, 0.016, 0.972),(0.032, 0.000, 0.000),0.605,3.856,6.373,0.807,2,0
334515,1000001926666732400,63875742717561,(-0.062, 1.431, 0.294),(-0.022, -0.050, 0.011, 0.998),VALID,(0.223, 0.021, 0.975),(0.000, 0.000, 0.000),64.325,VALID,(0.222, 0.020, 0.975),(-0.032, 0.000, 0.000),0.639,4.097,6.415,0.845,VALID,(0.223, 0.021, 0.975),(0.032, 0.000, 0.000),0.605,3.856,6.373,0.808,2,0
334516,1000001926671751800,63875742717561,(-0.062, 1.431, 0.294),(-0.022, -0.050, 0.011, 0.998),VALID,(0.215, 0.025, 0.976),(0.000, 0.000, 0.000),64.325,VALID,(0.213, 0.024, 0.977),(-0.032, 0.000, 0.000),0.638,4.093,6.415,0.844,VALID,(0.215, 0.025, 0.976),(0.032, 0.000, 0.000),0.605,3.857,6.373,0.809,2,0
334517,1000001926676771200,63875742717561,(-0.062, 1.431, 0.294),(-0.022, -0.050, 0.011, 0.998),VALID,(0.208, 0.028, 0.978),(0.000, 0.000, 0.000),64.325,VALID,(0.207, 0.028, 0.978),(-0.032, 0.000, 0.000),0.638,4.093,6.415,0.845,VALID,(0.208, 0.028, 0.978),(0.032, 0.000, 0.000),0.606,3.864,6.373,0.810,2,0
334518,1000001926681739300,63875742717572,(-0.062, 1.431, 0.293),(-0.021, -0.050, 0.011, 0.998),VALID,(0.218, 0.024, 0.976),(0.000, 0.000, 0.000),64.325,VALID,(0.218, 0.024, 0.976),(-0.032, 0.000, 0.000),0.638,4.092,6.415,0.845,VALID,(0.218, 0.024, 0.976),(0.032, 0.000, 0.000),0.606,3.864,6.373,0.811,2,0
334519,1000001926686758700,63875742717572,(-0.062, 1.431, 0.293),(-0.021, -0.050, 0.011, 0.998),VALID,(0.213, 0.027, 0.977),(0.000, 0.000, 0.000),64.325,VALID,(0.212, 0.027, 0.977),(-0.032, 0.000, 0.000),0.638,4.092,6.415,0.845,VALID,(0.213, 0.027, 0.977),(0.032, 0.000, 0.000),0.607,3.869,6.373,0.812,2,0
334520,1000001926691740500,63875742717583,(-0.062, 1.431, 0.293),(-0.021, -0.050, 0.011, 0.998),VALID,(0.208, 0.030, 0.978),(0.000, 0.000, 0.000),64.325,VALID,(0.207, 0.030, 0.978),(-0.032, 0.000, 0.000),0.638,4.092,6.415,0.845,VALID,(0.208, 0.030, 0.978),(0.032, 0.000, 0.000),0.608,3.874,6.373,0.813,2,0
334521,1000001926696759900,63875742717583,(-0.062, 1.431, 0.293),(-0.021, -0.050, 0.011, 0.998),VALID,(0.203, 0.032, 0.979),(0.000, 0.000, 0.000),64.325,VALID,(0.203, 0.032, 0.979),(-0.032, 0.000, 0.000),0.638,4.092,6.415,0.845,VALID,(0.203, 0.032, 0.979),(0.032, 0.000, 0.000),0.608,3.878,6.373,0.814,2,0
334522,1000001926701780900,63875742717595,(-0.062, 1.431, 0.293),(-0.021, -0.050, 0.010, 0.998),VALID,(0.199, 0.034, 0.979),(0.000, 0.000, 0.000),64.325,VALID,(0.199, 0.034, 0.979),(-0.032, 0.000, 0.000),0.638,4.092,6.415,0.845,VALID,(0.199, 0.034, 0.979),(0.032, 0.000, 0.000),0.609,3.881,6.373,0.815,2,0
334523,1000001926706800300,63875742717595,(-0.062, 1.431, 0.293),(-0.021, -0.050, 0.010, 0.998),VALID,(0.196, 0.036, 0.980),(0.000, 0.000, 0.000),64.325,VALID,(0.196, 0.036, 0.980),(-0.032, 0.000, 0.000),0.638,4.093,6.415,0.845,VALID,(0.196, 0.036, 0.980),(0.032, 0.000, 0.000),0.611,3.892,6.373,0.816,2,0
334524,1000001926711796700,63875742717606,(-0.062, 1.432, 0.293),(-0.021, -0.050, 0.010, 0.998),VALID,(0.194, 0.038, 0.980),(0.000, 0.000, 0.000),64.325,VALID,(0.194, 0.038, 0.980),(-0.032, 0.000, 0.000),0.638,4.095,6.415,0.845,VALID,(0.194, 0.038, 0.980),(0.032, 0.000, 0.000),0.612,3.900,6.373,0.817,2,0
334525,1000001926716816100,63875742717606,(-0.062, 1.432, 0.293),(-0.021, -0.050, 0.010, 0.998),VALID,(0.192, 0.039, 0.981),(0.000, 0.000, 0.000),64.325,VALID,(0.192, 0.039, 0.981),(-0.032, 0.000, 0.000),0.639,4.097,6.415,0.845,VALID,(0.192, 0.039, 0.981),(0.032, 0.000, 0.000),0.612,3.903,6.373,0.818,2,0
334526,1000001926721835500,63875742717617,(-0.062, 1.432, 0.293),(-0.021, -0.050, 0.011, 0.998),VALID,(0.202, 0.035, 0.979),(0.000, 0.000, 0.000),64.325,VALID,(0.201, 0.035, 0.979),(-0.032, 0.000, 0.000),0.639,4.098,6.415,0.845,VALID,(0.202, 0.035, 0.979),(0.032, 0.000, 0.000),0.612,3.903,6.373,0.819,2,0
334527,1000001926726854900,63875742717617,(-0.062, 1.432, 0.293),(-0.021, -0.050, 0.011, 0.998),VALID,(0.200, 0.037, 0.979),(0.000, 0.000, 0.000),64.325,VALID,(0.200, 0.037, 0.979),(-0.032, 0.000, 0.000),0.639,4.100,6.415,0.845,VALID,(0.200, 0.037, 0.979),(0.032, 0.000, 0.000),0.613,3.904,6.373,0.820,2,0
334528,1000001926731861300,63875742717617,(-0.062, 1.432, 0.293),(-0.021, -0.050, 0.011, 0.998),VALID,(0.198, 0.039, 0.979),(0.000, 0.000, 0.000),64.325,VALID,(0.198, 0.039, 0.979),(-0.032, 0.000, 0.000),0.640,4.105,6.415,0.845,VALID,(0.198, 0.039, 0.979),(0.032, 0.000, 0.000),0.613,3.906,6.373,0.820,2,0
334529,1000001926736872100,63875742717628,(-0.062, 1.432, 0.293),(-0.021, -0.050, 0.011, 0.998),VALID,(0.196, 0.041, 0.980),(0.000, 0.000, 0.000),64.325,VALID,(0.196, 0.041, 0.980),(-0.032, 0.000, 0.000),0.622,3.988,6.415,0.845,VALID,(0.196, 0.041, 0.980),(0.032, 0.000, 0.000),0.613,3.908,6.373,0.821,2,0
334530,1000001926741878500,63875742717628,(-0.062, 1.432, 0.293),(-0.021, -0.050, 0.011, 0.998),VALID,(0.195, 0.042, 0.980),(0.000, 0.000, 0.000),64.325,VALID,(0.195, 0.042, 0.980),(-0.032, 0.000, 0.000),0.616,3.949,6.415,0.846,VALID,(0.195, 0.042, 0.980),(0.032, 0.000, 0.000),0.613,3.909,6.373,0.822,2,0
334531,1000001926746886800,63875742717640,(-0.062, 1.432, 0.293),(-0.021, -0.050, 0.011, 0.998),VALID,(0.194, 0.044, 0.980),(0.000, 0.000, 0.000),64.325,VALID,(0.194, 0.044, 0.980),(-0.032, 0.000, 0.000),0.616,3.951,6.415,0.846,VALID,(0.194, 0.044, 0.980),(0.032, 0.000, 0.000),0.615,3.916,6.373,0.822,2,0
334532,1000001926751893200,63875742717640,(-0.062, 1.432, 0.293),(-0.021, -0.050, 0.011, 0.998),VALID,(0.193, 0.045, 0.980),(0.000, 0.000, 0.000),64.325,VALID,(0.193, 0.045, 0.980),(-0.032, 0.000, 0.000),0.616,3.950,6.415,0.846,VALID,(0.193, 0.045, 0.980),(0.032, 0.000, 0.000),0.616,3.924,6.373,0.823,2,0
334533,1000001926756901500,63875742717651,(-0.061, 1.432, 0.293),(-0.021, -0.050, 0.011, 0.998),VALID,(0.193, 0.047, 0.980),(0.000, 0.000, 0.000),64.325,VALID,(0.192, 0.047, 0.980),(-0.032, 0.000, 0.000),0.619,3.971,6.415,0.846,VALID,(0.193, 0.047, 0.980),(0.032, 0.000, 0.000),0.616,3.929,6.373,0.824,2,0
334534,1000001926761924000,63875742717651,(-0.061, 1.432, 0.293),(-0.021, -0.050, 0.011, 0.998),VALID,(0.192, 0.048, 0.980),(0.000, 0.000, 0.000),64.325,VALID,(0.192, 0.048, 0.980),(-0.032, 0.000, 0.000),0.621,3.985,6.415,0.846,VALID,(0.192, 0.048, 0.980),(0.032, 0.000, 0.000),0.617,3.932,6.373,0.825,2,0
334535,1000001926766927200,63875742717662,(-0.061, 1.432, 0.293),(-0.021, -0.050, 0.011, 0.998),VALID,(0.191, 0.049, 0.980),(0.000, 0.000, 0.000),64.325,VALID,(0.191, 0.049, 0.980),(-0.032, 0.000, 0.000),0.626,4.018,6.415,0.847,VALID,(0.191, 0.049, 0.980),(0.032, 0.000, 0.000),0.617,3.935,6.373,0.826,2,0
334536,1000001926771933600,63875742717662,(-0.061, 1.432, 0.293),(-0.021, -0.050, 0.011, 0.998),VALID,(0.191, 0.050, 0.980),(0.000, 0.000, 0.000),64.325,VALID,(0.191, 0.050, 0.980),(-0.032, 0.000, 0.000),0.631,4.046,6.415,0.847,VALID,(0.191, 0.050, 0.980),(0.032, 0.000, 0.000),0.618,3.937,6.373,0.826,2,0
334537,1000001926776940000,63875742717662,(-0.061, 1.432, 0.293),(-0.021, -0.050, 0.011, 0.998),VALID,(0.191, 0.051, 0.980),(0.000, 0.000, 0.000),64.325,VALID,(0.191, 0.051, 0.980),(-0.032, 0.000, 0.000),0.637,4.088,6.415,0.846,VALID,(0.191, 0.051, 0.980),(0.032, 0.000, 0.000),0.618,3.938,6.373,0.827,2,0
334538,1000001926781978200,63875742717672,(-0.061, 1.432, 0.293),(-0.021, -0.050, 0.011, 0.998),VALID,(0.191, 0.052, 0.980),(0.000, 0.000, 0.000),64.325,VALID,(0.191, 0.052, 0.980),(-0.032, 0.000, 0.000),0.641,4.114,6.415,0.846,VALID,(0.191, 0.052, 0.980),(0.032, 0.000, 0.000),0.618,3.941,6.373,0.828,2,0
334539,1000001926786981400,63875742717672,(-0.061, 1.432, 0.293),(-0.021, -0.050, 0.011, 0.998),VALID,(0.191, 0.053, 0.980),(0.000, 0.000, 0.000),64.325,VALID,(0.191, 0.053, 0.980),(-0.032, 0.000, 0.000),0.643,4.124,6.415,0.847,VALID,(0.191, 0.053, 0.980),(0.032, 0.000, 0.000),0.619,3.945,6.373,0.828,2,0
334540,1000001926791989300,63875742717684,(-0.061, 1.432, 0.293),(-0.021, -0.050, 0.011, 0.998),VALID,(0.191, 0.054, 0.980),(0.000, 0.000, 0.000),64.325,VALID,(0.191, 0.055, 0.980),(-0.032, 0.000, 0.000),0.646,4.144,6.415,0.848,VALID,(0.191, 0.054, 0.980),(0.032, 0.000, 0.000),0.619,3.948,6.373,0.829,2,0
334541,1000001926797015500,63875742717684,(-0.061, 1.432, 0.293),(-0.021, -0.050, 0.011, 0.998),VALID,(0.191, 0.056, 0.980),(0.000, 0.000, 0.000),64.325,VALID,(0.191, 0.056, 0.980),(-0.032, 0.000, 0.000),0.647,4.152,6.415,0.847,VALID,(0.191, 0.056, 0.980),(0.032, 0.000, 0.000),0.620,3.950,6.373,0.830,2,0
334542,1000001926802013900,63875742717695,(-0.061, 1.432, 0.293),(-0.021, -0.050, 0.010, 0.998),VALID,(0.191, 0.057, 0.980),(0.000, 0.000, 0.000),64.325,VALID,(0.191, 0.057, 0.980),(-0.032, 0.000, 0.000),0.648,4.156,6.415,0.847,VALID,(0.191, 0.057, 0.980),(0.032, 0.000, 0.000),0.620,3.952,6.373,0.829,2,0
334543,1000001926807006600,63875742717695,(-0.061, 1.432, 0.293),(-0.021, -0.050, 0.010, 0.998),VALID,(0.191, 0.058, 0.980),(0.000, 0.000, 0.000),64.325,VALID,(0.191, 0.058, 0.980),(-0.032, 0.000, 0.000),0.648,4.158,6.415,0.847,VALID,(0.191, 0.058, 0.980),(0.032, 0.000, 0.000),0.620,3.954,6.373,0.829,2,0
334544,1000001926812009800,63875742717707,(-0.061, 1.432, 0.293),(-0.021, -0.050, 0.010, 0.998),VALID,(0.191, 0.059, 0.980),(0.000, 0.000, 0.000),64.325,VALID,(0.191, 0.059, 0.980),(-0.032, 0.000, 0.000),0.648,4.158,6.415,0.847,VALID,(0.191, 0.059, 0.980),(0.032, 0.000, 0.000),0.621,3.957,6.373,0.829,2,0
334545,1000001926817061000,63875742717707,(-0.061, 1.432, 0.293),(-0.021, -0.050, 0.010, 0.998),VALID,(0.191, 0.060, 0.980),(0.000, 0.000, 0.000),64.325,VALID,(0.191, 0.060, 0.980),(-0.032, 0.000, 0.000),0.646,4.147,6.415,0.846,VALID,(0.191, 0.060, 0.980),(0.032, 0.000, 0.000),0.621,3.960,6.373,0.829,2,0
334546,1000001926822064200,63875742717717,(-0.061, 1.432, 0.293),(-0.021, -0.050, 0.010, 0.998),VALID,(0.198, 0.058, 0.978),(0.000, 0.000, 0.000),64.325,VALID,(0.198, 0.058, 0.978),(-0.032, 0.000, 0.000),0.636,4.080,6.415,0.846,VALID,(0.198, 0.058, 0.978),(0.032, 0.000, 0.000),0.620,3.954,6.373,0.829,2,0
334547,1000001926827091300,63875742717717,(-0.061, 1.432, 0.293),(-0.021, -0.050, 0.010, 0.998),VALID,(0.199, 0.057, 0.978),(0.000, 0.000, 0.000),64.325,VALID,(0.199, 0.057, 0.978),(-0.032, 0.000, 0.000),0.636,4.082,6.415,0.846,VALID,(0.199, 0.057, 0.978),(0.032, 0.000, 0.000),0.623,3.971,6.373,0.829,2,0
334548,1000001926832094500,63875742717717,(-0.061, 1.432, 0.293),(-0.021, -0.050, 0.010, 0.998),VALID,(0.197, 0.055, 0.979),(0.000, 0.000, 0.000),64.325,VALID,(0.206, 0.075, 0.976),(-0.032, 0.000, 0.000),0.579,3.713,6.415,0.844,VALID,(0.197, 0.055, 0.979),(0.032, 0.000, 0.000),0.614,3.912,6.373,0.831,2,0
334549,1000001926837135600,63875742717728,(-0.061, 1.432, 0.293),(-0.021, -0.050, 0.010, 0.998),VALID,(0.194, 0.049, 0.980),(0.000, 0.000, 0.000),64.325,VALID,(0.208, 0.085, 0.974),(-0.032, 0.000, 0.000),0.529,3.391,6.415,0.840,VALID,(0.194, 0.049, 0.980),(0.032, 0.000, 0.000),0.611,3.892,6.373,0.835,2,0
334550,1000001926842153000,63875742717728,(-0.061, 1.432, 0.293),(-0.021, -0.050, 0.010, 0.998),VALID,(0.183, 0.049, 0.982),(0.000, 0.000, 0.000),64.325,VALID,(0.204, 0.079, 0.976),(-0.032, 0.000, 0.000),0.525,3.371,6.415,0.833,VALID,(0.183, 0.049, 0.982),(0.032, 0.000, 0.000),0.608,3.874,6.373,0.841,2,0
334551,1000001926847151200,63875742717740,(-0.061, 1.432, 0.293),(-0.021, -0.050, 0.010, 0.998),VALID,(0.154, 0.047, 0.987),(0.000, 0.000, 0.000),64.325,VALID,(0.204, 0.085, 0.975),(-0.032, 0.000, 0.000),0.526,3.372,6.415,0.822,VALID,(0.154, 0.047, 0.987),(0.032, 0.000, 0.000),0.615,3.919,6.373,0.846,0.7916563,0
334552,1000001926852151600,63875742717740,(-0.061, 1.432, 0.293),(-0.021, -0.050, 0.010, 0.998),VALID,(0.119, 0.049, 0.992),(0.000, 0.000, 0.000),64.325,VALID,(0.173, 0.083, 0.981),(-0.032, 0.000, 0.000),0.535,3.430,6.415,0.808,VALID,(0.119, 0.049, 0.992),(0.032, 0.000, 0.000),0.607,3.866,6.373,0.850,0.8332484,0
334553,1000001926857154400,63875742717750,(-0.061, 1.432, 0.293),(-0.021, -0.050, 0.010, 0.998),VALID,(0.073, 0.050, 0.996),(0.000, 0.000, 0.000),64.325,VALID,(0.175, 0.086, 0.981),(-0.032, 0.000, 0.000),0.545,3.497,6.415,0.796,VALID,(0.073, 0.050, 0.996),(0.032, 0.000, 0.000),0.606,3.859,6.373,0.853,0.547215,0
334554,1000001926862188600,63875742717750,(-0.061, 1.432, 0.293),(-0.021, -0.050, 0.010, 0.998),VALID,(0.027, 0.052, 0.998),(0.000, 0.000, 0.000),64.325,VALID,(0.098, 0.004, 0.995),(-0.032, 0.000, 0.000),0.476,3.052,6.415,0.787,VALID,(0.027, 0.052, 0.998),(0.032, 0.000, 0.000),0.611,3.891,6.373,0.855,0.6196836,0
334555,1000001926867191400,63875742717761,(-0.061, 1.432, 0.293),(-0.021, -0.050, 0.010, 0.998),VALID,(-0.014, 0.058, 0.998),(0.000, 0.000, 0.000),64.325,VALID,(0.064, 0.014, 0.998),(-0.032, 0.000, 0.000),0.616,3.953,6.415,0.794,VALID,(-0.014, 0.058, 0.998),(0.032, 0.000, 0.000),0.632,4.031,6.373,0.857,0.6227022,0
334556,1000001926872212200,63875742717761,(-0.061, 1.432, 0.293),(-0.021, -0.050, 0.010, 0.998),VALID,(-0.047, 0.065, 0.997),(0.000, 0.000, 0.000),64.325,VALID,(0.040, 0.062, 0.997),(-0.032, 0.000, 0.000),0.622,3.988,6.415,0.798,VALID,(-0.047, 0.065, 0.997),(0.032, 0.000, 0.000),0.633,4.032,6.373,0.857,0.7351154,0
334557,1000001926877215000,63875742717773,(-0.061, 1.432, 0.293),(-0.021, -0.050, 0.010, 0.998),VALID,(-0.074, 0.085, 0.994),(0.000, 0.000, 0.000),64.325,VALID,(-0.023, 0.090, 0.996),(-0.032, 0.000, 0.000),0.618,3.966,6.415,0.804,VALID,(-0.074, 0.085, 0.994),(0.032, 0.000, 0.000),0.633,4.031,6.373,0.857,2,0
334558,1000001926882217800,63875742717773,(-0.061, 1.432, 0.293),(-0.021, -0.050, 0.010, 0.998),VALID,(-0.093, 0.105, 0.990),(0.000, 0.000, 0.000),64.325,VALID,(-0.066, 0.113, 0.991),(-0.032, 0.000, 0.000),0.611,3.922,6.415,0.812,VALID,(-0.093, 0.105, 0.990),(0.032, 0.000, 0.000),0.633,4.037,6.373,0.857,2,0
334559,1000001926887319000,63875742717773,(-0.061, 1.432, 0.293),(-0.021, -0.050, 0.010, 0.998),VALID,(-0.105, 0.123, 0.987),(0.000, 0.000, 0.000),64.325,VALID,(-0.090, 0.130, 0.987),(-0.032, 0.000, 0.000),0.608,3.903,6.415,0.822,VALID,(-0.105, 0.123, 0.987),(0.032, 0.000, 0.000),0.635,4.046,6.373,0.858,2,0
334560,1000001926892318500,63875742717783,(-0.061, 1.432, 0.293),(-0.021, -0.050, 0.010, 0.998),VALID,(-0.112, 0.137, 0.984),(0.000, 0.000, 0.000),64.325,VALID,(-0.104, 0.144, 0.984),(-0.032, 0.000, 0.000),0.607,3.894,6.415,0.833,VALID,(-0.112, 0.137, 0.984),(0.032, 0.000, 0.000),0.639,4.069,6.373,0.859,2,0
334561,1000001926897283300,63875742717784,(-0.061, 1.432, 0.293),(-0.021, -0.050, 0.010, 0.998),VALID,(-0.116, 0.148, 0.982),(0.000, 0.000, 0.000),64.325,VALID,(-0.112, 0.153, 0.982),(-0.032, 0.000, 0.000),0.651,4.178,6.415,0.842,VALID,(-0.116, 0.148, 0.982),(0.032, 0.000, 0.000),0.641,4.083,6.373,0.859,2,0
334562,1000001926902284600,63875742717795,(-0.061, 1.432, 0.293),(-0.021, -0.050, 0.010, 0.998),VALID,(-0.119, 0.156, 0.981),(0.000, 0.000, 0.000),64.325,VALID,(-0.117, 0.160, 0.980),(-0.032, 0.000, 0.000),0.650,4.168,6.415,0.851,VALID,(-0.119, 0.156, 0.981),(0.032, 0.000, 0.000),0.641,4.087,6.373,0.860,2,0
334563,1000001926907284400,63875742717795,(-0.061, 1.432, 0.293),(-0.021, -0.050, 0.010, 0.998),VALID,(-0.120, 0.161, 0.980),(0.000, 0.000, 0.000),64.325,VALID,(-0.119, 0.164, 0.979),(-0.032, 0.000, 0.000),0.639,4.098,6.415,0.860,VALID,(-0.120, 0.161, 0.980),(0.032, 0.000, 0.000),0.642,4.090,6.373,0.861,2,0
334564,1000001926912285700,63875742717806,(-0.061, 1.432, 0.293),(-0.021, -0.050, 0.010, 0.998),VALID,(-0.121, 0.164, 0.979),(0.000, 0.000, 0.000),64.325,VALID,(-0.120, 0.167, 0.979),(-0.032, 0.000, 0.000),0.635,4.076,6.415,0.865,VALID,(-0.121, 0.164, 0.979),(0.032, 0.000, 0.000),0.642,4.088,6.373,0.862,2,0
334565,1000001926917287000,63875742717806,(-0.061, 1.432, 0.293),(-0.021, -0.050, 0.010, 0.998),VALID,(-0.119, 0.152, 0.981),(0.000, 0.000, 0.000),64.325,VALID,(-0.119, 0.152, 0.981),(-0.032, 0.000, 0.000),0.634,4.067,6.415,0.872,VALID,(-0.119, 0.152, 0.981),(0.032, 0.000, 0.000),0.639,4.075,6.373,0.863,2,0
334566,1000001926922308600,63875742717817,(-0.061, 1.432, 0.293),(-0.020, -0.050, 0.010, 0.998),VALID,(-0.118, 0.144, 0.983),(0.000, 0.000, 0.000),64.325,VALID,(-0.118, 0.144, 0.983),(-0.032, 0.000, 0.000),0.633,4.060,6.415,0.878,VALID,(-0.118, 0.144, 0.983),(0.032, 0.000, 0.000),0.638,4.063,6.373,0.865,2,0
334567,1000001926927380400,63875742717817,(-0.061, 1.432, 0.293),(-0.020, -0.050, 0.010, 0.998),VALID,(-0.117, 0.139, 0.983),(0.000, 0.000, 0.000),64.325,VALID,(-0.117, 0.138, 0.983),(-0.032, 0.000, 0.000),0.633,4.058,6.415,0.881,VALID,(-0.117, 0.139, 0.983),(0.032, 0.000, 0.000),0.637,4.060,6.373,0.866,2,0
334568,1000001926932398200,63875742717817,(-0.061, 1.432, 0.293),(-0.020, -0.050, 0.010, 0.998),VALID,(-0.116, 0.136, 0.984),(0.000, 0.000, 0.000),64.325,VALID,(-0.116, 0.135, 0.984),(-0.032, 0.000, 0.000),0.633,4.063,6.415,0.886,VALID,(-0.116, 0.136, 0.984),(0.032, 0.000, 0.000),0.637,4.057,6.373,0.867,2,0
334569,1000001926937416000,63875742717828,(-0.061, 1.432, 0.293),(-0.020, -0.050, 0.010, 0.998),VALID,(-0.116, 0.133, 0.984),(0.000, 0.000, 0.000),64.325,VALID,(-0.115, 0.132, 0.984),(-0.032, 0.000, 0.000),0.635,4.070,6.415,0.889,VALID,(-0.116, 0.133, 0.984),(0.032, 0.000, 0.000),0.636,4.053,6.373,0.868,2,0
334570,1000001926942399600,63875742717828,(-0.061, 1.432, 0.293),(-0.020, -0.050, 0.010, 0.998),VALID,(-0.115, 0.131, 0.985),(0.000, 0.000, 0.000),64.325,VALID,(-0.115, 0.130, 0.985),(-0.032, 0.000, 0.000),0.635,4.073,6.415,0.891,VALID,(-0.115, 0.131, 0.985),(0.032, 0.000, 0.000),0.635,4.050,6.373,0.869,2,0
334571,1000001926947375000,63875742717839,(-0.061, 1.433, 0.293),(-0.020, -0.050, 0.010, 0.998),VALID,(-0.115, 0.130, 0.985),(0.000, 0.000, 0.000),64.325,VALID,(-0.115, 0.129, 0.985),(-0.032, 0.000, 0.000),0.635,4.073,6.415,0.894,VALID,(-0.115, 0.130, 0.985),(0.032, 0.000, 0.000),0.635,4.047,6.373,0.871,2,0
334572,1000001926952376600,63875742717839,(-0.061, 1.433, 0.293),(-0.020, -0.050, 0.010, 0.998),VALID,(-0.115, 0.129, 0.985),(0.000, 0.000, 0.000),64.325,VALID,(-0.115, 0.128, 0.985),(-0.032, 0.000, 0.000),0.635,4.074,6.415,0.896,VALID,(-0.115, 0.129, 0.985),(0.032, 0.000, 0.000),0.634,4.043,6.373,0.872,2,0
334573,1000001926957394400,63875742717851,(-0.061, 1.433, 0.293),(-0.020, -0.050, 0.010, 0.998),VALID,(-0.115, 0.129, 0.985),(0.000, 0.000, 0.000),64.325,VALID,(-0.115, 0.127, 0.985),(-0.032, 0.000, 0.000),0.635,4.074,6.415,0.897,VALID,(-0.115, 0.129, 0.985),(0.032, 0.000, 0.000),0.634,4.041,6.373,0.873,2,0
334574,1000001926962396000,63875742717851,(-0.061, 1.433, 0.293),(-0.020, -0.050, 0.010, 0.998),VALID,(-0.115, 0.128, 0.985),(0.000, 0.000, 0.000),64.325,VALID,(-0.115, 0.126, 0.985),(-0.032, 0.000, 0.000),0.636,4.077,6.415,0.900,VALID,(-0.115, 0.128, 0.985),(0.032, 0.000, 0.000),0.633,4.037,6.373,0.875,2,0
334575,1000001926967414700,63875742717862,(-0.061, 1.432, 0.293),(-0.020, -0.050, 0.010, 0.998),VALID,(-0.115, 0.128, 0.985),(0.000, 0.000, 0.000),64.325,VALID,(-0.115, 0.126, 0.985),(-0.032, 0.000, 0.000),0.636,4.083,6.415,0.901,VALID,(-0.115, 0.128, 0.985),(0.032, 0.000, 0.000),0.633,4.034,6.373,0.876,2,0
334576,1000001926972427900,63875742717862,(-0.061, 1.432, 0.293),(-0.020, -0.050, 0.010, 0.998),VALID,(-0.115, 0.127, 0.985),(0.000, 0.000, 0.000),64.325,VALID,(-0.114, 0.126, 0.985),(-0.032, 0.000, 0.000),0.638,4.091,6.415,0.903,VALID,(-0.115, 0.127, 0.985),(0.032, 0.000, 0.000),0.633,4.032,6.373,0.877,2,0
334577,1000001926977449900,63875742717873,(-0.061, 1.433, 0.293),(-0.020, -0.050, 0.010, 0.998),VALID,(-0.115, 0.126, 0.985),(0.000, 0.000, 0.000),64.325,VALID,(-0.114, 0.125, 0.986),(-0.032, 0.000, 0.000),0.639,4.097,6.415,0.904,VALID,(-0.115, 0.126, 0.985),(0.032, 0.000, 0.000),0.632,4.030,6.373,0.878,2,0.02893556
334578,1000001926982483100,63875742717873,(-0.061, 1.433, 0.293),(-0.020, -0.050, 0.010, 0.998),VALID,(-0.115, 0.125, 0.986),(0.000, 0.000, 0.000),64.325,VALID,(-0.114, 0.124, 0.986),(-0.032, 0.000, 0.000),0.639,4.101,6.415,0.905,VALID,(-0.115, 0.125, 0.986),(0.032, 0.000, 0.000),0.632,4.029,6.373,0.879,2,0.08104729
334579,1000001926987505100,63875742717873,(-0.061, 1.433, 0.293),(-0.020, -0.050, 0.010, 0.998),VALID,(-0.114, 0.124, 0.986),(0.000, 0.000, 0.000),64.325,VALID,(-0.114, 0.124, 0.986),(-0.032, 0.000, 0.000),0.641,4.113,6.415,0.906,VALID,(-0.114, 0.124, 0.986),(0.032, 0.000, 0.000),0.632,4.028,6.373,0.880,2,0.1655923
334580,1000001926992490400,63875742717884,(-0.061, 1.433, 0.293),(-0.020, -0.050, 0.010, 0.998),VALID,(-0.114, 0.123, 0.986),(0.000, 0.000, 0.000),64.325,VALID,(-0.114, 0.123, 0.986),(-0.032, 0.000, 0.000),0.642,4.119,6.415,0.907,VALID,(-0.114, 0.123, 0.986),(0.032, 0.000, 0.000),0.632,4.028,6.373,0.881,2,0.1809863
334581,1000001926997503600,63875742717884,(-0.061, 1.433, 0.293),(-0.020, -0.050, 0.010, 0.998),VALID,(-0.114, 0.122, 0.986),(0.000, 0.000, 0.000),64.325,VALID,(-0.114, 0.122, 0.986),(-0.032, 0.000, 0.000),0.642,4.120,6.415,0.907,VALID,(-0.114, 0.122, 0.986),(0.032, 0.000, 0.000),0.632,4.028,6.373,0.882,2,0.1945586
334582,1000001927002535800,63875742717894,(-0.061, 1.433, 0.293),(-0.020, -0.050, 0.010, 0.998),VALID,(-0.114, 0.121, 0.986),(0.000, 0.000, 0.000),64.325,VALID,(-0.114, 0.121, 0.986),(-0.032, 0.000, 0.000),0.642,4.121,6.415,0.908,VALID,(-0.114, 0.121, 0.986),(0.032, 0.000, 0.000),0.631,4.024,6.373,0.884,2,0.1810421
334583,1000001927007549000,63875742717894,(-0.061, 1.433, 0.293),(-0.020, -0.050, 0.010, 0.998),VALID,(-0.114, 0.120, 0.986),(0.000, 0.000, 0.000),64.325,VALID,(-0.114, 0.121, 0.986),(-0.032, 0.000, 0.000),0.642,4.118,6.415,0.910,VALID,(-0.114, 0.120, 0.986),(0.032, 0.000, 0.000),0.631,4.022,6.373,0.884,2,0.2056608
334584,1000001927012571000,63875742717906,(-0.061, 1.433, 0.293),(-0.020, -0.050, 0.010, 0.998),VALID,(-0.114, 0.119, 0.986),(0.000, 0.000, 0.000),64.325,VALID,(-0.114, 0.120, 0.986),(-0.032, 0.000, 0.000),0.642,4.119,6.415,0.911,VALID,(-0.114, 0.119, 0.986),(0.032, 0.000, 0.000),0.631,4.022,6.373,0.885,2,1
334585,1000001927017593000,63875742717907,(-0.061, 1.433, 0.293),(-0.020, -0.050, 0.010, 0.998),VALID,(-0.114, 0.119, 0.986),(0.000, 0.000, 0.000),64.325,VALID,(-0.114, 0.119, 0.986),(-0.032, 0.000, 0.000),0.643,4.122,6.415,0.913,VALID,(-0.114, 0.119, 0.986),(0.032, 0.000, 0.000),0.631,4.021,6.373,0.886,2,1
334586,1000001927022544300,63875742717917,(-0.061, 1.433, 0.293),(-0.020, -0.050, 0.010, 0.998),VALID,(-0.114, 0.118, 0.986),(0.000, 0.000, 0.000),64.325,VALID,(-0.114, 0.118, 0.986),(-0.032, 0.000, 0.000),0.643,4.127,6.415,0.913,VALID,(-0.114, 0.118, 0.986),(0.032, 0.000, 0.000),0.631,4.021,6.373,0.887,2,1
334587,1000001927027566300,63875742717917,(-0.061, 1.433, 0.293),(-0.020, -0.050, 0.010, 0.998),VALID,(-0.114, 0.117, 0.987),(0.000, 0.000, 0.000),64.325,VALID,(-0.114, 0.117, 0.987),(-0.032, 0.000, 0.000),0.645,4.140,6.415,0.914,VALID,(-0.114, 0.117, 0.987),(0.032, 0.000, 0.000),0.630,4.018,6.373,0.888,2,1
334588,1000001927032618000,63875742717929,(-0.061, 1.433, 0.293),(-0.020, -0.050, 0.010, 0.998),VALID,(-0.114, 0.116, 0.987),(0.000, 0.000, 0.000),64.325,VALID,(-0.114, 0.117, 0.987),(-0.032, 0.000, 0.000),0.646,4.143,6.415,0.914,VALID,(-0.114, 0.116, 0.987),(0.032, 0.000, 0.000),0.630,4.016,6.373,0.889,2,1
334589,1000001927037645600,63875742717929,(-0.061, 1.433, 0.293),(-0.020, -0.050, 0.010, 0.998),VALID,(-0.114, 0.115, 0.987),(0.000, 0.000, 0.000),64.325,VALID,(-0.114, 0.116, 0.987),(-0.032, 0.000, 0.000),0.646,4.143,6.415,0.914,VALID,(-0.114, 0.115, 0.987),(0.032, 0.000, 0.000),0.630,4.016,6.373,0.889,2,1
334590,1000001927042640600,63875742717929,(-0.061, 1.433, 0.293),(-0.020, -0.050, 0.010, 0.998),VALID,(-0.114, 0.115, 0.987),(0.000, 0.000, 0.000),64.325,VALID,(-0.114, 0.115, 0.987),(-0.032, 0.000, 0.000),0.646,4.143,6.415,0.914,VALID,(-0.114, 0.115, 0.987),(0.032, 0.000, 0.000),0.630,4.015,6.373,0.890,2,1
334591,1000001927047660300,63875742717939,(-0.061, 1.433, 0.293),(-0.020, -0.050, 0.010, 0.998),VALID,(-0.114, 0.114, 0.987),(0.000, 0.000, 0.000),64.325,VALID,(-0.114, 0.114, 0.987),(-0.032, 0.000, 0.000),0.626,4.015,6.415,0.914,VALID,(-0.114, 0.114, 0.987),(0.032, 0.000, 0.000),0.630,4.014,6.373,0.891,2,1
334592,1000001927052666700,63875742717939,(-0.061, 1.433, 0.293),(-0.020, -0.050, 0.010, 0.998),VALID,(-0.114, 0.114, 0.987),(0.000, 0.000, 0.000),64.325,VALID,(-0.114, 0.114, 0.987),(-0.032, 0.000, 0.000),0.623,3.996,6.415,0.915,VALID,(-0.114, 0.114, 0.987),(0.032, 0.000, 0.000),0.630,4.014,6.373,0.892,2,1
334593,1000001927057686400,63875742717950,(-0.061, 1.433, 0.293),(-0.020, -0.050, 0.010, 0.998),VALID,(-0.114, 0.113, 0.987),(0.000, 0.000, 0.000),64.325,VALID,(-0.113, 0.113, 0.987),(-0.032, 0.000, 0.000),0.612,3.928,6.415,0.915,VALID,(-0.114, 0.113, 0.987),(0.032, 0.000, 0.000),0.629,4.012,6.373,0.892,2,1
334594,1000001927062699600,63875742717950,(-0.061, 1.433, 0.293),(-0.020, -0.050, 0.010, 0.998),VALID,(-0.114, 0.113, 0.987),(0.000, 0.000, 0.000),64.325,VALID,(-0.113, 0.113, 0.987),(-0.032, 0.000, 0.000),0.612,3.927,6.415,0.916,VALID,(-0.114, 0.113, 0.987),(0.032, 0.000, 0.000),0.629,4.010,6.373,0.893,2,1
334595,1000001927067719300,63875742717961,(-0.061, 1.433, 0.293),(-0.020, -0.050, 0.010, 0.998),VALID,(-0.113, 0.112, 0.987),(0.000, 0.000, 0.000),64.325,VALID,(-0.113, 0.112, 0.987),(-0.032, 0.000, 0.000),0.706,4.532,6.415,0.917,VALID,(-0.113, 0.112, 0.987),(0.032, 0.000, 0.000),0.629,4.009,6.373,0.894,2,1
334596,1000001927072732500,63875742717961,(-0.061, 1.433, 0.293),(-0.020, -0.050, 0.010, 0.998),VALID,(-0.113, 0.112, 0.987),(0.000, 0.000, 0.000),64.325,VALID,(-0.113, 0.112, 0.987),(-0.032, 0.000, 0.000),0.698,4.479,6.415,0.917,VALID,(-0.113, 0.112, 0.987),(0.032, 0.000, 0.000),0.629,4.008,6.373,0.895,2,1
334597,1000001927077709500,63875742717972,(-0.061, 1.433, 0.293),(-0.020, -0.050, 0.010, 0.998),VALID,(-0.114, 0.114, 0.987),(0.000, 0.000, 0.000),64.325,VALID,(-0.114, 0.114, 0.987),(-0.032, 0.000, 0.000),0.688,4.411,6.415,0.917,VALID,(-0.114, 0.114, 0.987),(0.032, 0.000, 0.000),0.629,4.008,6.373,0.896,2,0.2265637
334598,1000001927082701700,63875742717972,(-0.061, 1.433, 0.293),(-0.020, -0.050, 0.010, 0.998),VALID,(-0.114, 0.114, 0.987),(0.000, 0.000, 0.000),64.325,VALID,(-0.114, 0.114, 0.987),(-0.032, 0.000, 0.000),0.681,4.366,6.415,0.917,VALID,(-0.114, 0.114, 0.987),(0.032, 0.000, 0.000),0.629,4.008,6.373,0.896,2,0
334599,1000001927087707400,63875742717972,(-0.061, 1.433, 0.293),(-0.020, -0.050, 0.010, 0.998),VALID,(-0.114, 0.117, 0.987),(0.000, 0.000, 0.000),64.325,VALID,(-0.114, 0.117, 0.987),(-0.032, 0.000, 0.000),0.677,4.340,6.415,0.918,VALID,(-0.114, 0.117, 0.987),(0.032, 0.000, 0.000),0.629,4.008,6.373,0.897,2,0
334600,1000001927092720300,63875742717983,(-0.061, 1.433, 0.293),(-0.020, -0.050, 0.010, 0.998),VALID,(-0.114, 0.123, 0.986),(0.000, 0.000, 0.000),64.325,VALID,(-0.114, 0.123, 0.986),(-0.032, 0.000, 0.000),0.674,4.322,6.415,0.919,VALID,(-0.114, 0.123, 0.986),(0.032, 0.000, 0.000),0.629,4.011,6.373,0.898,2,0
334601,1000001927097736800,63875742717984,(-0.061, 1.433, 0.293),(-0.020, -0.050, 0.010, 0.998),VALID,(-0.114, 0.129, 0.985),(0.000, 0.000, 0.000),64.325,VALID,(-0.114, 0.129, 0.985),(-0.032, 0.000, 0.000),0.672,4.308,6.415,0.919,VALID,(-0.114, 0.129, 0.985),(0.032, 0.000, 0.000),0.630,4.014,6.373,0.899,2,0
334602,1000001927102752400,63875742717995,(-0.061, 1.433, 0.293),(-0.020, -0.050, 0.010, 0.998),VALID,(-0.115, 0.135, 0.984),(0.000, 0.000, 0.000),64.325,VALID,(-0.115, 0.135, 0.984),(-0.032, 0.000, 0.000),0.675,4.328,6.415,0.919,VALID,(-0.115, 0.135, 0.984),(0.032, 0.000, 0.000),0.630,4.014,6.373,0.899,2,0
334603,1000001927107765300,63875742717995,(-0.061, 1.433, 0.293),(-0.020, -0.050, 0.010, 0.998),VALID,(-0.115, 0.140, 0.984),(0.000, 0.000, 0.000),64.325,VALID,(-0.115, 0.140, 0.983),(-0.032, 0.000, 0.000),0.680,4.360,6.415,0.919,VALID,(-0.115, 0.140, 0.984),(0.032, 0.000, 0.000),0.630,4.015,6.373,0.900,2,0
334604,1000001927112807500,63875742718006,(-0.061, 1.433, 0.293),(-0.020, -0.050, 0.010, 0.998),VALID,(-0.115, 0.144, 0.983),(0.000, 0.000, 0.000),64.325,VALID,(-0.115, 0.144, 0.983),(-0.032, 0.000, 0.000),0.673,4.320,6.415,0.921,VALID,(-0.115, 0.144, 0.983),(0.032, 0.000, 0.000),0.630,4.015,6.373,0.901,2,0
334605,1000001927117823100,63875742718006,(-0.061, 1.433, 0.293),(-0.020, -0.050, 0.010, 0.998),VALID,(-0.115, 0.148, 0.982),(0.000, 0.000, 0.000),64.325,VALID,(-0.115, 0.148, 0.982),(-0.032, 0.000, 0.000),0.667,4.276,6.415,0.921,VALID,(-0.115, 0.148, 0.982),(0.032, 0.000, 0.000),0.630,4.015,6.373,0.901,2,0
334606,1000001927122838700,63875742718017,(-0.061, 1.433, 0.293),(-0.020, -0.050, 0.011, 0.998),VALID,(-0.115, 0.150, 0.982),(0.000, 0.000, 0.000),64.325,VALID,(-0.115, 0.150, 0.982),(-0.032, 0.000, 0.000),0.661,4.241,6.415,0.920,VALID,(-0.115, 0.150, 0.982),(0.032, 0.000, 0.000),0.630,4.014,6.373,0.902,2,0
334607,1000001927127851600,63875742718017,(-0.061, 1.433, 0.293),(-0.020, -0.050, 0.011, 0.998),VALID,(-0.115, 0.151, 0.982),(0.000, 0.000, 0.000),64.325,VALID,(-0.115, 0.151, 0.982),(-0.032, 0.000, 0.000),0.658,4.224,6.415,0.921,VALID,(-0.115, 0.151, 0.982),(0.032, 0.000, 0.000),0.630,4.014,6.373,0.902,2,0
334608,1000001927132841500,63875742718029,(-0.061, 1.433, 0.293),(-0.020, -0.050, 0.011, 0.998),VALID,(-0.111, 0.161, 0.981),(0.000, 0.000, 0.000),64.325,VALID,(-0.111, 0.161, 0.981),(-0.032, 0.000, 0.000),0.657,4.213,6.415,0.921,VALID,(-0.111, 0.161, 0.981),(0.032, 0.000, 0.000),0.630,4.013,6.373,0.902,2,0
334609,1000001927137854400,63875742718029,(-0.061, 1.433, 0.293),(-0.020, -0.050, 0.011, 0.998),VALID,(-0.108, 0.173, 0.979),(0.000, 0.000, 0.000),64.325,VALID,(-0.104, 0.168, 0.980),(-0.032, 0.000, 0.000),0.573,3.675,6.415,0.922,VALID,(-0.108, 0.173, 0.979),(0.032, 0.000, 0.000),0.633,4.031,6.373,0.902,2,0
334610,1000001927142870000,63875742718029,(-0.061, 1.433, 0.293),(-0.020, -0.050, 0.011, 0.998),VALID,(-0.109, 0.167, 0.980),(0.000, 0.000, 0.000),64.325,VALID,(-0.102, 0.170, 0.980),(-0.032, 0.000, 0.000),0.553,3.547,6.415,0.923,VALID,(-0.109, 0.167, 0.980),(0.032, 0.000, 0.000),0.632,4.031,6.373,0.901,2,0
334611,1000001927147882900,63875742718039,(-0.061, 1.433, 0.293),(-0.020, -0.050, 0.011, 0.998),VALID,(-0.116, 0.162, 0.980),(0.000, 0.000, 0.000),64.325,VALID,(-0.100, 0.172, 0.980),(-0.032, 0.000, 0.000),0.549,3.522,6.415,0.923,VALID,(-0.116, 0.162, 0.980),(0.032, 0.000, 0.000),0.614,3.913,6.373,0.901,2,0
334612,1000001927152868500,63875742718039,(-0.061, 1.433, 0.293),(-0.020, -0.050, 0.011, 0.998),VALID,(-0.132, 0.159, 0.978),(0.000, 0.000, 0.000),64.325,VALID,(-0.103, 0.177, 0.979),(-0.032, 0.000, 0.000),0.551,3.534,6.415,0.925,VALID,(-0.132, 0.159, 0.978),(0.032, 0.000, 0.000),0.617,3.934,6.373,0.897,2,0
334613,1000001927157892800,63875742718050,(-0.061, 1.433, 0.293),(-0.020, -0.050, 0.011, 0.998),VALID,(-0.161, 0.156, 0.975),(0.000, 0.000, 0.000),64.325,VALID,(-0.105, 0.176, 0.979),(-0.032, 0.000, 0.000),0.535,3.433,6.415,0.926,VALID,(-0.161, 0.156, 0.975),(0.032, 0.000, 0.000),0.639,4.073,6.373,0.893,1.004608,0
334614,1000001927162905700,63875742718050,(-0.061, 1.433, 0.293),(-0.020, -0.050, 0.011, 0.998),VALID,(-0.204, 0.153, 0.967),(0.000, 0.000, 0.000),64.325,VALID,(-0.115, 0.175, 0.978),(-0.032, 0.000, 0.000),0.535,3.433,6.415,0.927,VALID,(-0.204, 0.153, 0.967),(0.032, 0.000, 0.000),0.636,4.056,6.373,0.886,0.6685521,0
334615,1000001927167925300,63875742718062,(-0.061, 1.433, 0.293),(-0.020, -0.050, 0.011, 0.998),VALID,(-0.243, 0.153, 0.958),(0.000, 0.000, 0.000),64.325,VALID,(-0.130, 0.175, 0.976),(-0.032, 0.000, 0.000),0.536,3.441,6.415,0.929,VALID,(-0.243, 0.153, 0.958),(0.032, 0.000, 0.000),0.632,4.029,6.373,0.879,0.531314,0
334616,1000001927172931000,63875742718062,(-0.061, 1.433, 0.293),(-0.020, -0.050, 0.011, 0.998),VALID,(-0.277, 0.157, 0.948),(0.000, 0.000, 0.000),64.325,VALID,(-0.147, 0.174, 0.974),(-0.032, 0.000, 0.000),0.540,3.462,6.415,0.929,VALID,(-0.277, 0.157, 0.948),(0.032, 0.000, 0.000),0.638,4.067,6.373,0.871,0.4665413,0
334617,1000001927177946600,63875742718072,(-0.061, 1.433, 0.293),(-0.020, -0.050, 0.011, 0.998),VALID,(-0.306, 0.161, 0.938),(0.000, 0.000, 0.000),64.325,VALID,(-0.163, 0.175, 0.971),(-0.032, 0.000, 0.000),0.541,3.472,6.415,0.931,VALID,(-0.306, 0.161, 0.938),(0.032, 0.000, 0.000),0.638,4.063,6.373,0.863,0.4214533,0
334618,1000001927182952300,63875742718073,(-0.061, 1.433, 0.293),(-0.020, -0.050, 0.011, 0.998),VALID,(-0.331, 0.163, 0.929),(0.000, 0.000, 0.000),64.325,VALID,(-0.178, 0.175, 0.968),(-0.032, 0.000, 0.000),0.545,3.497,6.415,0.932,VALID,(-0.331, 0.163, 0.929),(0.032, 0.000, 0.000),0.626,3.988,6.373,0.856,0.3906924,0
334619,1000001927187989700,63875742718073,(-0.061, 1.433, 0.293),(-0.020, -0.050, 0.011, 0.998),VALID,(-0.346, 0.167, 0.923),(0.000, 0.000, 0.000),64.325,VALID,(-0.190, 0.176, 0.966),(-0.032, 0.000, 0.000),0.548,3.514,6.415,0.932,VALID,(-0.346, 0.167, 0.923),(0.032, 0.000, 0.000),0.626,3.991,6.373,0.851,0.3798907,0
334620,1000001927192995400,63875742718083,(-0.061, 1.433, 0.293),(-0.020, -0.050, 0.011, 0.998),VALID,(-0.355, 0.171, 0.919),(0.000, 0.000, 0.000),64.325,VALID,(-0.214, 0.170, 0.962),(-0.032, 0.000, 0.000),0.504,3.232,6.415,0.932,VALID,(-0.355, 0.171, 0.919),(0.032, 0.000, 0.000),0.626,3.992,6.373,0.847,0.4146084,0
334621,1000001927198001100,63875742718084,(-0.061, 1.433, 0.293),(-0.020, -0.050, 0.011, 0.998),VALID,(-0.360, 0.174, 0.917),(0.000, 0.000, 0.000),64.325,VALID,(-0.230, 0.167, 0.959),(-0.032, 0.000, 0.000),0.501,3.216,6.415,0.933,VALID,(-0.360, 0.174, 0.917),(0.032, 0.000, 0.000),0.626,3.992,6.373,0.845,0.4444091,0
334622,1000001927202995100,63875742718095,(-0.061, 1.433, 0.293),(-0.020, -0.050, 0.011, 0.998),VALID,(-0.363, 0.177, 0.915),(0.000, 0.000, 0.000),64.325,VALID,(-0.241, 0.165, 0.956),(-0.032, 0.000, 0.000),0.501,3.216,6.415,0.935,VALID,(-0.363, 0.177, 0.915),(0.032, 0.000, 0.000),0.626,3.992,6.373,0.843,0.4673202,0
334623,1000001927207984200,63875742718095,(-0.061, 1.433, 0.293),(-0.020, -0.050, 0.011, 0.998),VALID,(-0.364, 0.180, 0.914),(0.000, 0.000, 0.000),64.325,VALID,(-0.249, 0.163, 0.955),(-0.032, 0.000, 0.000),0.501,3.217,6.415,0.936,VALID,(-0.364, 0.180, 0.914),(0.032, 0.000, 0.000),0.626,3.992,6.373,0.843,0.4831043,0
334624,1000001927212999800,63875742718106,(-0.061, 1.433, 0.293),(-0.020, -0.050, 0.011, 0.998),VALID,(-0.365, 0.183, 0.913),(0.000, 0.000, 0.000),64.325,VALID,(-0.254, 0.161, 0.954),(-0.032, 0.000, 0.000),0.502,3.219,6.415,0.939,VALID,(-0.365, 0.183, 0.913),(0.032, 0.000, 0.000),0.626,3.993,6.373,0.842,0.4923038,0
334625,1000001927218004000,63875742718106,(-0.061, 1.433, 0.293),(-0.020, -0.050, 0.011, 0.998),VALID,(-0.365, 0.185, 0.912),(0.000, 0.000, 0.000),64.325,VALID,(-0.258, 0.159, 0.953),(-0.032, 0.000, 0.000),0.502,3.221,6.415,0.940,VALID,(-0.365, 0.185, 0.912),(0.032, 0.000, 0.000),0.626,3.993,6.373,0.842,0.497249,0
334626,1000001927223058400,63875742718117,(-0.061, 1.433, 0.293),(-0.020, -0.050, 0.011, 0.998),VALID,(-0.365, 0.186, 0.912),(0.000, 0.000, 0.000),64.325,VALID,(-0.261, 0.156, 0.953),(-0.032, 0.000, 0.000),0.502,3.222,6.415,0.942,VALID,(-0.365, 0.186, 0.912),(0.032, 0.000, 0.000),0.626,3.993,6.373,0.842,0.4980096,0
334627,1000001927228062400,63875742718117,(-0.061, 1.433, 0.293),(-0.020, -0.050, 0.011, 0.998),VALID,(-0.365, 0.188, 0.912),(0.000, 0.000, 0.000),64.325,VALID,(-0.263, 0.154, 0.952),(-0.032, 0.000, 0.000),0.502,3.224,6.415,0.943,VALID,(-0.365, 0.188, 0.912),(0.032, 0.000, 0.000),0.626,3.993,6.373,0.842,0.4964377,0
334628,1000001927233043800,63875742718128,(-0.061, 1.433, 0.293),(-0.020, -0.051, 0.011, 0.998),VALID,(-0.365, 0.189, 0.912),(0.000, 0.000, 0.000),64.325,VALID,(-0.264, 0.153, 0.952),(-0.032, 0.000, 0.000),0.503,3.228,6.415,0.945,VALID,(-0.365, 0.189, 0.912),(0.032, 0.000, 0.000),0.626,3.992,6.373,0.842,0.4925849,0
334629,1000001927238054000,63875742718128,(-0.061, 1.433, 0.293),(-0.020, -0.051, 0.011, 0.998),VALID,(-0.365, 0.189, 0.912),(0.000, 0.000, 0.000),64.325,VALID,(-0.261, 0.153, 0.953),(-0.032, 0.000, 0.000),0.508,3.258,6.415,0.948,VALID,(-0.365, 0.189, 0.912),(0.032, 0.000, 0.000),0.626,3.991,6.373,0.842,0.4823619,0
334630,1000001927243058200,63875742718128,(-0.061, 1.433, 0.293),(-0.020, -0.051, 0.011, 0.998),VALID,(-0.365, 0.190, 0.912),(0.000, 0.000, 0.000),64.325,VALID,(-0.261, 0.153, 0.953),(-0.032, 0.000, 0.000),0.508,3.259,6.415,0.951,VALID,(-0.365, 0.190, 0.912),(0.032, 0.000, 0.000),0.626,3.986,6.373,0.843,0.4796702,0
334631,1000001927248062400,63875742718139,(-0.061, 1.433, 0.293),(-0.020, -0.051, 0.011, 0.998),VALID,(-0.364, 0.190, 0.912),(0.000, 0.000, 0.000),64.325,VALID,(-0.261, 0.153, 0.953),(-0.032, 0.000, 0.000),0.508,3.259,6.415,0.952,VALID,(-0.364, 0.190, 0.912),(0.032, 0.000, 0.000),0.625,3.982,6.373,0.843,0.4773977,0
334632,1000001927253145200,63875742718139,(-0.061, 1.433, 0.293),(-0.020, -0.051, 0.011, 0.998),VALID,(-0.364, 0.191, 0.912),(0.000, 0.000, 0.000),64.325,VALID,(-0.261, 0.152, 0.953),(-0.032, 0.000, 0.000),0.508,3.259,6.415,0.954,VALID,(-0.364, 0.191, 0.912),(0.032, 0.000, 0.000),0.624,3.978,6.373,0.843,0.4763054,0
334633,1000001927258147000,63875742718150,(-0.061, 1.433, 0.293),(-0.020, -0.051, 0.011, 0.998),VALID,(-0.364, 0.191, 0.912),(0.000, 0.000, 0.000),64.325,VALID,(-0.261, 0.152, 0.953),(-0.032, 0.000, 0.000),0.508,3.259,6.415,0.957,VALID,(-0.364, 0.191, 0.912),(0.032, 0.000, 0.000),0.624,3.975,6.373,0.844,0.4756888,0
334634,1000001927263150600,63875742718150,(-0.061, 1.433, 0.293),(-0.020, -0.051, 0.011, 0.998),VALID,(-0.364, 0.191, 0.912),(0.000, 0.000, 0.000),64.325,VALID,(-0.262, 0.152, 0.953),(-0.032, 0.000, 0.000),0.505,3.237,6.415,0.958,VALID,(-0.364, 0.191, 0.912),(0.032, 0.000, 0.000),0.623,3.968,6.373,0.844,0.4780952,0
334635,1000001927268154400,63875742718161,(-0.061, 1.433, 0.293),(-0.020, -0.051, 0.011, 0.998),VALID,(-0.364, 0.191, 0.912),(0.000, 0.000, 0.000),64.325,VALID,(-0.263, 0.152, 0.953),(-0.032, 0.000, 0.000),0.503,3.228,6.415,0.961,VALID,(-0.364, 0.191, 0.912),(0.032, 0.000, 0.000),0.622,3.961,6.373,0.845,0.482251,0.3045428
334636,1000001927273158200,63875742718161,(-0.061, 1.433, 0.293),(-0.020, -0.051, 0.011, 0.998),VALID,(-0.363, 0.191, 0.912),(0.000, 0.000, 0.000),64.325,VALID,(-0.264, 0.152, 0.952),(-0.032, 0.000, 0.000),0.502,3.223,6.415,0.963,VALID,(-0.363, 0.191, 0.912),(0.032, 0.000, 0.000),0.621,3.957,6.373,0.846,0.4869795,0.6233099
334637,1000001927278178200,63875742718172,(-0.061, 1.433, 0.293),(-0.020, -0.051, 0.011, 0.998),VALID,(-0.363, 0.191, 0.912),(0.000, 0.000, 0.000),64.325,VALID,(-0.265, 0.152, 0.952),(-0.032, 0.000, 0.000),0.501,3.217,6.415,0.964,VALID,(-0.363, 0.191, 0.912),(0.032, 0.000, 0.000),0.620,3.952,6.373,0.846,0.4916448,0.9001632
334638,1000001927283180200,63875742718172,(-0.061, 1.433, 0.293),(-0.020, -0.051, 0.011, 0.998),VALID,(-0.363, 0.191, 0.912),(0.000, 0.000, 0.000),64.325,VALID,(-0.266, 0.153, 0.952),(-0.032, 0.000, 0.000),0.501,3.217,6.415,0.966,VALID,(-0.363, 0.191, 0.912),(0.032, 0.000, 0.000),0.619,3.945,6.373,0.847,0.4963016,1
334639,1000001927288184200,63875742718172,(-0.061, 1.433, 0.293),(-0.020, -0.051, 0.011, 0.998),VALID,(-0.363, 0.191, 0.912),(0.000, 0.000, 0.000),64.325,VALID,(-0.267, 0.153, 0.952),(-0.032, 0.000, 0.000),0.501,3.217,6.415,0.967,VALID,(-0.363, 0.191, 0.912),(0.032, 0.000, 0.000),0.618,3.941,6.373,0.848,0.5018428,1
334640,1000001927293200000,63875742718184,(-0.061, 1.433, 0.293),(-0.020, -0.051, 0.011, 0.998),VALID,(-0.363, 0.191, 0.912),(0.000, 0.000, 0.000),64.325,VALID,(-0.267, 0.153, 0.951),(-0.032, 0.000, 0.000),0.501,3.215,6.415,0.968,VALID,(-0.363, 0.191, 0.912),(0.032, 0.000, 0.000),0.617,3.933,6.373,0.849,0.5064996,1
334641,1000001927298232200,63875742718184,(-0.061, 1.433, 0.293),(-0.020, -0.051, 0.011, 0.998),VALID,(-0.363, 0.191, 0.912),(0.000, 0.000, 0.000),64.325,VALID,(-0.269, 0.153, 0.951),(-0.032, 0.000, 0.000),0.499,3.204,6.415,0.969,VALID,(-0.363, 0.191, 0.912),(0.032, 0.000, 0.000),0.616,3.924,6.373,0.850,0.5147331,1
334642,1000001927303236000,63875742718195,(-0.061, 1.433, 0.293),(-0.020, -0.051, 0.011, 0.998),VALID,(-0.362, 0.191, 0.912),(0.000, 0.000, 0.000),64.325,VALID,(-0.271, 0.153, 0.950),(-0.032, 0.000, 0.000),0.498,3.196,6.415,0.971,VALID,(-0.362, 0.191, 0.912),(0.032, 0.000, 0.000),0.615,3.920,6.373,0.850,0.522621,1
334643,1000001927308240000,63875742718195,(-0.061, 1.433, 0.293),(-0.020, -0.051, 0.011, 0.998),VALID,(-0.362, 0.191, 0.912),(0.000, 0.000, 0.000),64.325,VALID,(-0.273, 0.153, 0.950),(-0.032, 0.000, 0.000),0.497,3.190,6.415,0.972,VALID,(-0.362, 0.191, 0.912),(0.032, 0.000, 0.000),0.614,3.915,6.373,0.851,0.5289184,1
334644,1000001927313244000,63875742718206,(-0.061, 1.433, 0.293),(-0.020, -0.051, 0.011, 0.998),VALID,(-0.362, 0.191, 0.912),(0.000, 0.000, 0.000),64.325,VALID,(-0.272, 0.162, 0.949),(-0.032, 0.000, 0.000),0.525,3.371,6.415,0.972,VALID,(-0.362, 0.191, 0.912),(0.032, 0.000, 0.000),0.613,3.910,6.373,0.852,0.5596119,1
334645,1000001927318259300,63875742718206,(-0.061, 1.433, 0.293),(-0.020, -0.051, 0.011, 0.998),VALID,(-0.362, 0.191, 0.912),(0.000, 0.000, 0.000),64.325,VALID,(-0.271, 0.174, 0.947),(-0.032, 0.000, 0.000),0.529,3.394,6.415,0.972,VALID,(-0.362, 0.191, 0.912),(0.032, 0.000, 0.000),0.613,3.905,6.373,0.853,0.5949951,1
334646,1000001927323297500,63875742718217,(-0.061, 1.433, 0.293),(-0.020, -0.051, 0.011, 0.998),VALID,(-0.362, 0.191, 0.912),(0.000, 0.000, 0.000),64.325,VALID,(-0.270, 0.186, 0.945),(-0.032, 0.000, 0.000),0.530,3.398,6.415,0.973,VALID,(-0.362, 0.191, 0.912),(0.032, 0.000, 0.000),0.611,3.894,6.373,0.854,0.6168191,1
334647,1000001927328307700,63875742718228,(-0.061, 1.433, 0.293),(-0.020, -0.051, 0.011, 0.998),VALID,(-0.362, 0.191, 0.912),(0.000, 0.000, 0.000),64.325,VALID,(-0.269, 0.198, 0.943),(-0.032, 0.000, 0.000),0.530,3.401,6.415,0.974,VALID,(-0.362, 0.191, 0.912),(0.032, 0.000, 0.000),0.610,3.886,6.373,0.855,0.6194961,1
334648,1000001927333334000,63875742718228,(-0.061, 1.433, 0.293),(-0.020, -0.051, 0.011, 0.998),VALID,(-0.362, 0.191, 0.912),(0.000, 0.000, 0.000),64.325,VALID,(-0.268, 0.208, 0.941),(-0.032, 0.000, 0.000),0.531,3.405,6.415,0.975,VALID,(-0.362, 0.191, 0.912),(0.032, 0.000, 0.000),0.609,3.879,6.373,0.856,0.6083521,1
334649,1000001927338344200,63875742718228,(-0.061, 1.433, 0.293),(-0.020, -0.051, 0.011, 0.998),VALID,(-0.362, 0.191, 0.913),(0.000, 0.000, 0.000),64.325,VALID,(-0.267, 0.215, 0.939),(-0.032, 0.000, 0.000),0.531,3.408,6.415,0.976,VALID,(-0.362, 0.191, 0.913),(0.032, 0.000, 0.000),0.608,3.873,6.373,0.857,0.5918437,1
334650,1000001927343336700,63875742718239,(-0.061, 1.433, 0.293),(-0.020, -0.051, 0.011, 0.998),VALID,(-0.362, 0.191, 0.913),(0.000, 0.000, 0.000),64.325,VALID,(-0.267, 0.223, 0.938),(-0.032, 0.000, 0.000),0.531,3.409,6.415,0.976,VALID,(-0.362, 0.191, 0.913),(0.032, 0.000, 0.000),0.607,3.866,6.373,0.857,0.5720076,1
334651,1000001927348331900,63875742718239,(-0.061, 1.433, 0.293),(-0.020, -0.051, 0.011, 0.998),VALID,(-0.362, 0.191, 0.913),(0.000, 0.000, 0.000),64.325,VALID,(-0.267, 0.228, 0.936),(-0.032, 0.000, 0.000),0.532,3.410,6.415,0.977,VALID,(-0.362, 0.191, 0.913),(0.032, 0.000, 0.000),0.606,3.859,6.373,0.858,0.5544785,1
334652,1000001927353342100,63875742718239,(-0.061, 1.433, 0.293),(-0.020, -0.051, 0.011, 0.998),VALID,(-0.362, 0.191, 0.913),(0.000, 0.000, 0.000),64.325,VALID,(-0.267, 0.232, 0.935),(-0.032, 0.000, 0.000),0.532,3.410,6.415,0.977,VALID,(-0.362, 0.191, 0.913),(0.032, 0.000, 0.000),0.605,3.853,6.373,0.858,0.5404134,1
334653,1000001927358345900,63875742718251,(-0.061, 1.433, 0.293),(-0.020, -0.051, 0.011, 0.998),VALID,(-0.362, 0.191, 0.913),(0.000, 0.000, 0.000),64.325,VALID,(-0.266, 0.235, 0.935),(-0.032, 0.000, 0.000),0.532,3.411,6.415,0.977,VALID,(-0.362, 0.191, 0.913),(0.032, 0.000, 0.000),0.604,3.846,6.373,0.859,0.5297919,1
334654,1000001927363352800,63875742718251,(-0.061, 1.433, 0.293),(-0.020, -0.051, 0.011, 0.998),VALID,(-0.362, 0.191, 0.913),(0.000, 0.000, 0.000),64.325,VALID,(-0.266, 0.238, 0.934),(-0.032, 0.000, 0.000),0.532,3.412,6.415,0.977,VALID,(-0.362, 0.191, 0.913),(0.032, 0.000, 0.000),0.603,3.841,6.373,0.859,0.5195725,1
334655,1000001927368420100,63875742718262,(-0.061, 1.433, 0.293),(-0.020, -0.051, 0.011, 0.998),VALID,(-0.362, 0.191, 0.913),(0.000, 0.000, 0.000),64.325,VALID,(-0.266, 0.244, 0.933),(-0.032, 0.000, 0.000),0.535,3.430,6.415,0.977,VALID,(-0.362, 0.191, 0.913),(0.032, 0.000, 0.000),0.602,3.835,6.373,0.860,0.4967785,1
334656,1000001927373509900,63875742718262,(-0.061, 1.433, 0.293),(-0.020, -0.051, 0.011, 0.998),VALID,(-0.362, 0.191, 0.913),(0.000, 0.000, 0.000),64.325,VALID,(-0.266, 0.257, 0.929),(-0.032, 0.000, 0.000),0.557,3.571,6.415,0.977,VALID,(-0.362, 0.191, 0.913),(0.032, 0.000, 0.000),0.601,3.827,6.373,0.860,0.4455003,1
334657,1000001927378524600,63875742718273,(-0.061, 1.433, 0.293),(-0.020, -0.051, 0.011, 0.998),VALID,(-0.362, 0.191, 0.913),(0.000, 0.000, 0.000),64.325,VALID,(-0.266, 0.266, 0.926),(-0.032, 0.000, 0.000),0.559,3.584,6.415,0.978,VALID,(-0.362, 0.191, 0.913),(0.032, 0.000, 0.000),0.600,3.821,6.373,0.861,0.4088139,1
334658,1000001927383539300,63875742718273,(-0.061, 1.433, 0.293),(-0.020, -0.051, 0.011, 0.998),VALID,(-0.361, 0.191, 0.913),(0.000, 0.000, 0.000),64.325,VALID,(-0.266, 0.265, 0.927),(-0.032, 0.000, 0.000),0.546,3.504,6.415,0.978,VALID,(-0.361, 0.191, 0.913),(0.032, 0.000, 0.000),0.598,3.814,6.373,0.861,0.4157301,1
334659,1000001927388422200,63875742718284,(-0.061, 1.433, 0.293),(-0.020, -0.051, 0.011, 0.998),VALID,(-0.361, 0.191, 0.913),(0.000, 0.000, 0.000),64.325,VALID,(-0.267, 0.263, 0.927),(-0.032, 0.000, 0.000),0.542,3.479,6.415,0.978,VALID,(-0.361, 0.191, 0.913),(0.032, 0.000, 0.000),0.597,3.806,6.373,0.861,0.4208396,1
334660,1000001927393476400,63875742718284,(-0.061, 1.433, 0.293),(-0.020, -0.051, 0.011, 0.998),VALID,(-0.361, 0.191, 0.913),(0.000, 0.000, 0.000),64.325,VALID,(-0.267, 0.263, 0.927),(-0.032, 0.000, 0.000),0.540,3.464,6.415,0.978,VALID,(-0.361, 0.191, 0.913),(0.032, 0.000, 0.000),0.596,3.801,6.373,0.862,0.4253419,1
334661,1000001927398496400,63875742718284,(-0.061, 1.433, 0.293),(-0.020, -0.051, 0.011, 0.998),VALID,(-0.361, 0.191, 0.913),(0.000, 0.000, 0.000),64.325,VALID,(-0.267, 0.261, 0.928),(-0.032, 0.000, 0.000),0.537,3.442,6.415,0.979,VALID,(-0.361, 0.191, 0.913),(0.032, 0.000, 0.000),0.595,3.795,6.373,0.862,0.4323101,1
334662,1000001927403512200,63875742718295,(-0.061, 1.433, 0.293),(-0.020, -0.051, 0.011, 0.998),VALID,(-0.361, 0.192, 0.912),(0.000, 0.000, 0.000),64.325,VALID,(-0.267, 0.260, 0.928),(-0.032, 0.000, 0.000),0.535,3.434,6.415,0.979,VALID,(-0.361, 0.192, 0.912),(0.032, 0.000, 0.000),0.594,3.787,6.373,0.862,0.4373628,1
334663,1000001927408528000,63875742718295,(-0.061, 1.433, 0.293),(-0.020, -0.051, 0.011, 0.998),VALID,(-0.361, 0.192, 0.912),(0.000, 0.000, 0.000),64.325,VALID,(-0.267, 0.259, 0.928),(-0.032, 0.000, 0.000),0.533,3.417,6.415,0.979,VALID,(-0.361, 0.192, 0.912),(0.032, 0.000, 0.000),0.593,3.780,6.373,0.863,0.4437347,1
334664,1000001927413521100,63875742718306,(-0.061, 1.433, 0.293),(-0.020, -0.051, 0.011, 0.998),VALID,(-0.361, 0.192, 0.912),(0.000, 0.000, 0.000),64.325,VALID,(-0.267, 0.257, 0.929),(-0.032, 0.000, 0.000),0.531,3.407,6.415,0.979,VALID,(-0.361, 0.192, 0.912),(0.032, 0.000, 0.000),0.592,3.774,6.373,0.863,0.4490364,1
334665,1000001927418507600,63875742718306,(-0.061, 1.433, 0.293),(-0.020, -0.051, 0.011, 0.998),VALID,(-0.361, 0.192, 0.912),(0.000, 0.000, 0.000),64.325,VALID,(-0.267, 0.257, 0.929),(-0.032, 0.000, 0.000),0.530,3.400,6.415,0.980,VALID,(-0.361, 0.192, 0.912),(0.032, 0.000, 0.000),0.591,3.767,6.373,0.863,0.4492602,1
334666,1000001927423514700,63875742718317,(-0.061, 1.433, 0.292),(-0.020, -0.051, 0.011, 0.998),VALID,(-0.362, 0.192, 0.912),(0.000, 0.000, 0.000),64.325,VALID,(-0.268, 0.258, 0.928),(-0.032, 0.000, 0.000),0.529,3.397,6.415,0.980,VALID,(-0.362, 0.192, 0.912),(0.032, 0.000, 0.000),0.590,3.763,6.373,0.864,0.4490076,1
334667,1000001927428557200,63875742718317,(-0.061, 1.433, 0.292),(-0.020, -0.051, 0.011, 0.998),VALID,(-0.362, 0.192, 0.912),(0.000, 0.000, 0.000),64.325,VALID,(-0.268, 0.258, 0.928),(-0.032, 0.000, 0.000),0.529,3.391,6.415,0.980,VALID,(-0.362, 0.192, 0.912),(0.032, 0.000, 0.000),0.590,3.757,6.373,0.864,0.4488052,1
334668,1000001927433564300,63875742718329,(-0.061, 1.433, 0.292),(-0.020, -0.051, 0.011, 0.998),VALID,(-0.362, 0.192, 0.912),(0.000, 0.000, 0.000),64.325,VALID,(-0.268, 0.260, 0.928),(-0.032, 0.000, 0.000),0.531,3.407,6.415,0.980,VALID,(-0.362, 0.192, 0.912),(0.032, 0.000, 0.000),0.589,3.752,6.373,0.864,0.4416936,1
334669,1000001927438571400,63875742718329,(-0.061, 1.433, 0.292),(-0.020, -0.051, 0.011, 0.998),VALID,(-0.362, 0.192, 0.912),(0.000, 0.000, 0.000),64.325,VALID,(-0.269, 0.262, 0.927),(-0.032, 0.000, 0.000),0.533,3.420,6.415,0.980,VALID,(-0.362, 0.192, 0.912),(0.032, 0.000, 0.000),0.588,3.746,6.373,0.864,0.4335277,1
334670,1000001927443573000,63875742718329,(-0.061, 1.433, 0.292),(-0.020, -0.051, 0.011, 0.998),VALID,(-0.362, 0.192, 0.912),(0.000, 0.000, 0.000),64.325,VALID,(-0.269, 0.263, 0.927),(-0.032, 0.000, 0.000),0.533,3.419,6.415,0.981,VALID,(-0.362, 0.192, 0.912),(0.032, 0.000, 0.000),0.587,3.743,6.373,0.865,0.4307837,1
334671,1000001927448574600,63875742718339,(-0.062, 1.432, 0.291),(-0.019, -0.050, 0.011, 0.998),VALID,(-0.362, 0.192, 0.912),(0.000, 0.000, 0.000),64.325,VALID,(-0.270, 0.263, 0.926),(-0.032, 0.000, 0.000),0.532,3.415,6.415,0.982,VALID,(-0.362, 0.192, 0.912),(0.032, 0.000, 0.000),0.587,3.740,6.373,0.865,0.4291528,1
334672,1000001927453611700,63875742718339,(-0.062, 1.432, 0.291),(-0.019, -0.050, 0.011, 0.998),VALID,(-0.362, 0.192, 0.912),(0.000, 0.000, 0.000),64.325,VALID,(-0.270, 0.265, 0.926),(-0.032, 0.000, 0.000),0.534,3.425,6.415,0.982,VALID,(-0.362, 0.192, 0.912),(0.032, 0.000, 0.000),0.586,3.736,6.373,0.865,0.421217,1
334673,1000001927458613300,63875742718351,(-0.062, 1.433, 0.291),(-0.019, -0.050, 0.011, 0.998),VALID,(-0.362, 0.192, 0.912),(0.000, 0.000, 0.000),64.325,VALID,(-0.270, 0.268, 0.925),(-0.032, 0.000, 0.000),0.536,3.439,6.415,0.982,VALID,(-0.362, 0.192, 0.912),(0.032, 0.000, 0.000),0.586,3.732,6.373,0.865,0.4110571,1
334674,1000001927463666300,63875742718351,(-0.062, 1.433, 0.291),(-0.019, -0.050, 0.011, 0.998),VALID,(-0.362, 0.192, 0.912),(0.000, 0.000, 0.000),64.325,VALID,(-0.270, 0.268, 0.925),(-0.032, 0.000, 0.000),0.534,3.426,6.415,0.982,VALID,(-0.362, 0.192, 0.912),(0.032, 0.000, 0.000),0.585,3.728,6.373,0.866,0.4106898,1
334675,1000001927468673400,63875742718361,(-0.062, 1.432, 0.291),(-0.019, -0.050, 0.011, 0.998),VALID,(-0.362, 0.192, 0.912),(0.000, 0.000, 0.000),64.325,VALID,(-0.270, 0.267, 0.925),(-0.032, 0.000, 0.000),0.531,3.405,6.415,0.982,VALID,(-0.362, 0.192, 0.912),(0.032, 0.000, 0.000),0.584,3.724,6.373,0.866,0.4127204,1
334676,1000001927473691300,63875742718361,(-0.062, 1.432, 0.291),(-0.019, -0.050, 0.011, 0.998),VALID,(-0.362, 0.192, 0.912),(0.000, 0.000, 0.000),64.325,VALID,(-0.270, 0.266, 0.925),(-0.032, 0.000, 0.000),0.525,3.369,6.415,0.982,VALID,(-0.362, 0.192, 0.912),(0.032, 0.000, 0.000),0.584,3.722,6.373,0.866,0.419212,1
334677,1000001927478695100,63875742718372,(-0.062, 1.432, 0.291),(-0.019, -0.050, 0.011, 0.998),VALID,(-0.363, 0.192, 0.912),(0.000, 0.000, 0.000),64.325,VALID,(-0.270, 0.265, 0.926),(-0.032, 0.000, 0.000),0.523,3.354,6.415,0.982,VALID,(-0.363, 0.192, 0.912),(0.032, 0.000, 0.000),0.584,3.720,6.373,0.866,0.4243137,1
334678,1000001927483703300,63875742718372,(-0.062, 1.432, 0.291),(-0.019, -0.050, 0.011, 0.998),VALID,(-0.363, 0.193, 0.912),(0.000, 0.000, 0.000),64.325,VALID,(-0.270, 0.264, 0.926),(-0.032, 0.000, 0.000),0.522,3.350,6.415,0.982,VALID,(-0.363, 0.193, 0.912),(0.032, 0.000, 0.000),0.582,3.712,6.373,0.866,0.4246199,1
334679,1000001927488696600,63875742718384,(-0.063, 1.432, 0.290),(-0.019, -0.050, 0.011, 0.999),VALID,(-0.362, 0.193, 0.912),(0.000, 0.000, 0.000),64.325,VALID,(-0.268, 0.263, 0.927),(-0.032, 0.000, 0.000),0.521,3.345,6.415,0.983,VALID,(-0.362, 0.193, 0.912),(0.032, 0.000, 0.000),0.583,3.712,6.373,0.866,0.4327233,0.4563896
334680,1000001927493700600,63875742718384,(-0.063, 1.432, 0.290),(-0.019, -0.050, 0.011, 0.999),VALID,(-0.353, 0.194, 0.915),(0.000, 0.000, 0.000),64.325,VALID,(-0.263, 0.266, 0.928),(-0.032, 0.000, 0.000),0.556,3.567,6.415,0.983,VALID,(-0.353, 0.194, 0.915),(0.032, 0.000, 0.000),0.580,3.698,6.373,0.867,0.4292857,0
334681,1000001927498707700,63875742718384,(-0.063, 1.432, 0.290),(-0.019, -0.050, 0.011, 0.999),VALID,(-0.329, 0.196, 0.924),(0.000, 0.000, 0.000),64.325,VALID,(-0.245, 0.266, 0.933),(-0.032, 0.000, 0.000),0.529,3.397,6.415,0.984,VALID,(-0.329, 0.196, 0.924),(0.032, 0.000, 0.000),0.574,3.659,6.373,0.869,0.4465004,0
334682,1000001927503714300,63875742718394,(-0.063, 1.432, 0.290),(-0.019, -0.050, 0.011, 0.999),VALID,(-0.295, 0.198, 0.935),(0.000, 0.000, 0.000),64.325,VALID,(-0.216, 0.266, 0.939),(-0.032, 0.000, 0.000),0.521,3.345,6.415,0.983,VALID,(-0.295, 0.198, 0.935),(0.032, 0.000, 0.000),0.573,3.650,6.373,0.868,0.4650929,0
334683,1000001927508793000,63875742718394,(-0.063, 1.432, 0.290),(-0.019, -0.050, 0.011, 0.999),VALID,(-0.257, 0.200, 0.945),(0.000, 0.000, 0.000),64.325,VALID,(-0.173, 0.262, 0.949),(-0.032, 0.000, 0.000),0.509,3.264,6.415,0.983,VALID,(-0.257, 0.200, 0.945),(0.032, 0.000, 0.000),0.573,3.653,6.373,0.867,0.4980029,0
334684,1000001927513799600,63875742718405,(-0.063, 1.432, 0.290),(-0.019, -0.050, 0.011, 0.999),VALID,(-0.215, 0.202, 0.955),(0.000, 0.000, 0.000),64.325,VALID,(-0.137, 0.254, 0.958),(-0.032, 0.000, 0.000),0.508,3.261,6.415,0.983,VALID,(-0.215, 0.202, 0.955),(0.032, 0.000, 0.000),0.573,3.649,6.373,0.867,0.5709422,0
334685,1000001927518806200,63875742718406,(-0.063, 1.432, 0.290),(-0.019, -0.050, 0.011, 0.999),VALID,(-0.181, 0.201, 0.963),(0.000, 0.000, 0.000),64.325,VALID,(-0.099, 0.247, 0.964),(-0.032, 0.000, 0.000),0.526,3.375,6.415,0.983,VALID,(-0.181, 0.201, 0.963),(0.032, 0.000, 0.000),0.571,3.636,6.373,0.867,0.5945551,0
334686,1000001927523810700,63875742718416,(-0.063, 1.432, 0.289),(-0.019, -0.050, 0.011, 0.999),VALID,(-0.149, 0.198, 0.969),(0.000, 0.000, 0.000),64.325,VALID,(-0.067, 0.240, 0.968),(-0.032, 0.000, 0.000),0.534,3.425,6.415,0.983,VALID,(-0.149, 0.198, 0.969),(0.032, 0.000, 0.000),0.569,3.628,6.373,0.866,0.6190023,0
334687,1000001927528778100,63875742718416,(-0.063, 1.432, 0.289),(-0.019, -0.050, 0.011, 0.999),VALID,(-0.124, 0.192, 0.974),(0.000, 0.000, 0.000),64.325,VALID,(-0.042, 0.230, 0.972),(-0.032, 0.000, 0.000),0.533,3.418,6.415,0.983,VALID,(-0.124, 0.192, 0.974),(0.032, 0.000, 0.000),0.567,3.613,6.373,0.866,0.636966,0
334688,1000001927533794700,63875742718428,(-0.063, 1.432, 0.289),(-0.019, -0.050, 0.011, 0.999),VALID,(-0.109, 0.184, 0.977),(0.000, 0.000, 0.000),64.325,VALID,(-0.023, 0.215, 0.976),(-0.032, 0.000, 0.000),0.517,3.315,6.415,0.983,VALID,(-0.109, 0.184, 0.977),(0.032, 0.000, 0.000),0.566,3.604,6.373,0.867,0.6609753,0
334689,1000001927538801800,63875742718428,(-0.063, 1.432, 0.289),(-0.019, -0.050, 0.011, 0.999),VALID,(-0.099, 0.177, 0.979),(0.000, 0.000, 0.000),64.325,VALID,(-0.012, 0.200, 0.980),(-0.032, 0.000, 0.000),0.510,3.269,6.415,0.983,VALID,(-0.099, 0.177, 0.979),(0.032, 0.000, 0.000),0.565,3.600,6.373,0.867,0.6896437,0
334690,1000001927543808400,63875742718428,(-0.063, 1.432, 0.289),(-0.019, -0.050, 0.011, 0.999),VALID,(-0.092, 0.170, 0.981),(0.000, 0.000, 0.000),64.325,VALID,(-0.006, 0.188, 0.982),(-0.032, 0.000, 0.000),0.506,3.249,6.415,0.983,VALID,(-0.092, 0.170, 0.981),(0.032, 0.000, 0.000),0.564,3.598,6.373,0.867,0.7166147,0
334691,1000001927548815000,63875742718439,(-0.063, 1.432, 0.289),(-0.019, -0.050, 0.011, 0.999),VALID,(-0.088, 0.165, 0.982),(0.000, 0.000, 0.000),64.325,VALID,(-0.004, 0.179, 0.984),(-0.032, 0.000, 0.000),0.506,3.244,6.415,0.983,VALID,(-0.088, 0.165, 0.982),(0.032, 0.000, 0.000),0.564,3.596,6.373,0.867,0.7354167,0
334692,1000001927553847500,63875742718439,(-0.063, 1.432, 0.289),(-0.019, -0.050, 0.011, 0.999),VALID,(-0.086, 0.160, 0.983),(0.000, 0.000, 0.000),64.325,VALID,(-0.002, 0.174, 0.985),(-0.032, 0.000, 0.000),0.505,3.240,6.415,0.983,VALID,(-0.086, 0.160, 0.983),(0.032, 0.000, 0.000),0.564,3.595,6.373,0.867,0.7467591,0
334693,1000001927558854100,63875742718449,(-0.064, 1.431, 0.289),(-0.019, -0.050, 0.011, 0.999),VALID,(-0.084, 0.155, 0.984),(0.000, 0.000, 0.000),64.325,VALID,(-0.002, 0.173, 0.985),(-0.032, 0.000, 0.000),0.506,3.246,6.415,0.983,VALID,(-0.084, 0.155, 0.984),(0.032, 0.000, 0.000),0.564,3.594,6.373,0.867,0.7458121,0
334694,1000001927563882500,63875742718449,(-0.064, 1.431, 0.289),(-0.019, -0.050, 0.011, 0.999),VALID,(-0.084, 0.152, 0.985),(0.000, 0.000, 0.000),64.325,VALID,(-0.003, 0.174, 0.985),(-0.032, 0.000, 0.000),0.511,3.278,6.415,0.983,VALID,(-0.084, 0.152, 0.985),(0.032, 0.000, 0.000),0.564,3.593,6.373,0.867,0.7405809,0
334695,1000001927568890700,63875742718461,(-0.064, 1.431, 0.289),(-0.019, -0.050, 0.011, 0.999),VALID,(-0.083, 0.149, 0.985),(0.000, 0.000, 0.000),64.325,VALID,(-0.004, 0.175, 0.985),(-0.032, 0.000, 0.000),0.513,3.293,6.415,0.983,VALID,(-0.083, 0.149, 0.985),(0.032, 0.000, 0.000),0.564,3.592,6.373,0.867,0.731627,0
334696,1000001927573898900,63875742718461,(-0.064, 1.431, 0.289),(-0.019, -0.050, 0.011, 0.999),VALID,(-0.083, 0.147, 0.986),(0.000, 0.000, 0.000),64.325,VALID,(-0.005, 0.174, 0.985),(-0.032, 0.000, 0.000),0.513,3.293,6.415,0.983,VALID,(-0.083, 0.147, 0.986),(0.032, 0.000, 0.000),0.563,3.591,6.373,0.868,0.7356918,0
334697,1000001927578905500,63875742718474,(-0.064, 1.431, 0.288),(-0.018, -0.050, 0.011, 0.999),VALID,(-0.083, 0.145, 0.986),(0.000, 0.000, 0.000),64.325,VALID,(-0.005, 0.172, 0.985),(-0.032, 0.000, 0.000),0.513,3.289,6.415,0.983,VALID,(-0.083, 0.145, 0.986),(0.032, 0.000, 0.000),0.563,3.589,6.373,0.868,0.7375867,0
334698,1000001927583912100,63875742718474,(-0.064, 1.431, 0.288),(-0.018, -0.050, 0.011, 0.999),VALID,(-0.083, 0.144, 0.986),(0.000, 0.000, 0.000),64.325,VALID,(-0.006, 0.172, 0.985),(-0.032, 0.000, 0.000),0.512,3.286,6.415,0.983,VALID,(-0.083, 0.144, 0.986),(0.032, 0.000, 0.000),0.563,3.588,6.373,0.868,0.7380098,0
334699,1000001927588919500,63875742718484,(-0.064, 1.431, 0.288),(-0.018, -0.050, 0.010, 0.999),VALID,(-0.083, 0.142, 0.986),(0.000, 0.000, 0.000),64.325,VALID,(-0.007, 0.174, 0.985),(-0.032, 0.000, 0.000),0.517,3.316,6.415,0.983,VALID,(-0.083, 0.142, 0.986),(0.032, 0.000, 0.000),0.563,3.587,6.373,0.868,0.7188075,0
334700,1000001927593944300,63875742718495,(-0.064, 1.431, 0.288),(-0.018, -0.050, 0.010, 0.999),VALID,(-0.083, 0.141, 0.987),(0.000, 0.000, 0.000),64.325,VALID,(-0.007, 0.175, 0.984),(-0.032, 0.000, 0.000),0.518,3.322,6.415,0.983,VALID,(-0.083, 0.141, 0.987),(0.032, 0.000, 0.000),0.563,3.587,6.373,0.868,0.7010317,0
334701,1000001927598950900,63875742718495,(-0.064, 1.431, 0.288),(-0.018, -0.050, 0.010, 0.999),VALID,(-0.083, 0.140, 0.987),(0.000, 0.000, 0.000),64.325,VALID,(-0.008, 0.177, 0.984),(-0.032, 0.000, 0.000),0.520,3.334,6.415,0.983,VALID,(-0.083, 0.140, 0.987),(0.032, 0.000, 0.000),0.563,3.586,6.373,0.869,0.6845194,0
334702,1000001927603960900,63875742718495,(-0.064, 1.431, 0.288),(-0.018, -0.050, 0.010, 0.999),VALID,(-0.083, 0.139, 0.987),(0.000, 0.000, 0.000),64.325,VALID,(-0.008, 0.178, 0.984),(-0.032, 0.000, 0.000),0.520,3.337,6.415,0.983,VALID,(-0.083, 0.139, 0.987),(0.032, 0.000, 0.000),0.563,3.586,6.373,0.869,0.6726621,0
334703,1000001927609001100,63875742718507,(-0.064, 1.431, 0.288),(-0.018, -0.050, 0.011, 0.999),VALID,(-0.083, 0.139, 0.987),(0.000, 0.000, 0.000),64.325,VALID,(-0.008, 0.180, 0.984),(-0.032, 0.000, 0.000),0.521,3.341,6.415,0.983,VALID,(-0.083, 0.139, 0.987),(0.032, 0.000, 0.000),0.563,3.586,6.373,0.869,0.662905,0
334704,1000001927614017200,63875742718507,(-0.064, 1.431, 0.288),(-0.018, -0.050, 0.011, 0.999),VALID,(-0.083, 0.138, 0.987),(0.000, 0.000, 0.000),64.325,VALID,(-0.009, 0.181, 0.984),(-0.032, 0.000, 0.000),0.522,3.350,6.415,0.983,VALID,(-0.083, 0.138, 0.987),(0.032, 0.000, 0.000),0.563,3.585,6.373,0.869,0.6525815,0.2126756
334705,1000001927619040400,63875742718517,(-0.064, 1.431, 0.287),(-0.018, -0.050, 0.010, 0.999),VALID,(-0.083, 0.138, 0.987),(0.000, 0.000, 0.000),64.325,VALID,(-0.009, 0.182, 0.983),(-0.032, 0.000, 0.000),0.526,3.376,6.415,0.983,VALID,(-0.083, 0.138, 0.987),(0.032, 0.000, 0.000),0.563,3.585,6.373,0.869,0.6401911,0.6106061
334706,1000001927624056500,63875742718517,(-0.064, 1.431, 0.287),(-0.018, -0.050, 0.010, 0.999),VALID,(-0.083, 0.137, 0.987),(0.000, 0.000, 0.000),64.325,VALID,(-0.010, 0.183, 0.983),(-0.032, 0.000, 0.000),0.530,3.400,6.415,0.983,VALID,(-0.083, 0.137, 0.987),(0.032, 0.000, 0.000),0.563,3.585,6.373,0.869,0.6286178,0.867944
334707,1000001927629028800,63875742718528,(-0.064, 1.431, 0.287),(-0.018, -0.050, 0.010, 0.999),VALID,(-0.083, 0.137, 0.987),(0.000, 0.000, 0.000),64.325,VALID,(-0.010, 0.184, 0.983),(-0.032, 0.000, 0.000),0.531,3.407,6.415,0.983,VALID,(-0.083, 0.137, 0.987),(0.032, 0.000, 0.000),0.563,3.585,6.373,0.870,0.6192688,0.933914
334708,1000001927634066800,63875742718528,(-0.064, 1.431, 0.287),(-0.018, -0.050, 0.010, 0.999),VALID,(-0.083, 0.137, 0.987),(0.000, 0.000, 0.000),64.325,VALID,(-0.010, 0.184, 0.983),(-0.032, 0.000, 0.000),0.529,3.395,6.415,0.984,VALID,(-0.083, 0.137, 0.987),(0.032, 0.000, 0.000),0.563,3.585,6.373,0.870,0.6177397,0.9803083
334709,1000001927639090000,63875742718539,(-0.064, 1.431, 0.287),(-0.018, -0.050, 0.010, 0.999),VALID,(-0.083, 0.136, 0.987),(0.000, 0.000, 0.000),64.325,VALID,(-0.010, 0.182, 0.983),(-0.032, 0.000, 0.000),0.520,3.334,6.415,0.983,VALID,(-0.083, 0.136, 0.987),(0.032, 0.000, 0.000),0.563,3.586,6.373,0.871,0.6282284,0.9963835
334710,1000001927644083500,63875742718539,(-0.064, 1.431, 0.287),(-0.018, -0.050, 0.010, 0.999),VALID,(-0.084, 0.136, 0.987),(0.000, 0.000, 0.000),64.325,VALID,(-0.009, 0.181, 0.984),(-0.032, 0.000, 0.000),0.515,3.304,6.415,0.984,VALID,(-0.084, 0.136, 0.987),(0.032, 0.000, 0.000),0.563,3.587,6.373,0.871,0.6357996,1
334711,1000001927649073800,63875742718539,(-0.064, 1.431, 0.287),(-0.018, -0.050, 0.010, 0.999),VALID,(-0.084, 0.136, 0.987),(0.000, 0.000, 0.000),64.325,VALID,(-0.010, 0.177, 0.984),(-0.032, 0.000, 0.000),0.514,3.295,6.415,0.983,VALID,(-0.084, 0.136, 0.987),(0.032, 0.000, 0.000),0.563,3.587,6.373,0.871,0.6625146,1
334712,1000001927654119300,63875742718550,(-0.064, 1.431, 0.287),(-0.018, -0.050, 0.010, 0.999),VALID,(-0.084, 0.136, 0.987),(0.000, 0.000, 0.000),64.325,VALID,(-0.010, 0.174, 0.985),(-0.032, 0.000, 0.000),0.513,3.290,6.415,0.984,VALID,(-0.084, 0.136, 0.987),(0.032, 0.000, 0.000),0.563,3.588,6.373,0.871,0.6867177,1
334713,1000001927659142500,63875742718550,(-0.064, 1.431, 0.287),(-0.018, -0.050, 0.010, 0.999),VALID,(-0.084, 0.136, 0.987),(0.000, 0.000, 0.000),64.325,VALID,(-0.010, 0.171, 0.985),(-0.032, 0.000, 0.000),0.512,3.286,6.415,0.984,VALID,(-0.084, 0.136, 0.987),(0.032, 0.000, 0.000),0.563,3.589,6.373,0.871,0.709511,1
334714,1000001927664175700,63875742718561,(-0.065, 1.431, 0.287),(-0.018, -0.050, 0.010, 0.999),VALID,(-0.084, 0.136, 0.987),(0.000, 0.000, 0.000),64.325,VALID,(-0.010, 0.169, 0.986),(-0.032, 0.000, 0.000),0.512,3.284,6.415,0.984,VALID,(-0.084, 0.136, 0.987),(0.032, 0.000, 0.000),0.563,3.590,6.373,0.871,0.7283861,1
334715,1000001927669206400,63875742718561,(-0.065, 1.431, 0.287),(-0.018, -0.050, 0.010, 0.999),VALID,(-0.083, 0.135, 0.987),(0.000, 0.000, 0.000),64.325,VALID,(-0.010, 0.167, 0.986),(-0.032, 0.000, 0.000),0.511,3.280,6.415,0.983,VALID,(-0.083, 0.135, 0.987),(0.032, 0.000, 0.000),0.563,3.591,6.373,0.871,0.7404394,1
334716,1000001927674237100,63875742718561,(-0.065, 1.431, 0.287),(-0.018, -0.050, 0.010, 0.999),VALID,(-0.083, 0.135, 0.987),(0.000, 0.000, 0.000),64.325,VALID,(-0.010, 0.165, 0.986),(-0.032, 0.000, 0.000),0.511,3.276,6.415,0.984,VALID,(-0.083, 0.135, 0.987),(0.032, 0.000, 0.000),0.564,3.593,6.373,0.872,0.7489383,1
334717,1000001927679260300,63875742718572,(-0.065, 1.431, 0.287),(-0.018, -0.050, 0.011, 0.999),VALID,(-0.083, 0.135, 0.987),(0.000, 0.000, 0.000),64.325,VALID,(-0.010, 0.165, 0.986),(-0.032, 0.000, 0.000),0.511,3.276,6.415,0.984,VALID,(-0.083, 0.135, 0.987),(0.032, 0.000, 0.000),0.564,3.595,6.373,0.872,0.7487624,1
334718,1000001927684191400,63875742718572,(-0.065, 1.431, 0.287),(-0.018, -0.050, 0.011, 0.999),VALID,(-0.083, 0.135, 0.987),(0.000, 0.000, 0.000),64.325,VALID,(-0.010, 0.167, 0.986),(-0.032, 0.000, 0.000),0.527,3.378,6.415,0.984,VALID,(-0.083, 0.135, 0.987),(0.032, 0.000, 0.000),0.564,3.598,6.373,0.872,0.7331567,1
334719,1000001927689214600,63875742718583,(-0.065, 1.431, 0.287),(-0.018, -0.050, 0.011, 0.999),VALID,(-0.083, 0.135, 0.987),(0.000, 0.000, 0.000),64.325,VALID,(-0.011, 0.169, 0.986),(-0.032, 0.000, 0.000),0.530,3.399,6.415,0.984,VALID,(-0.083, 0.135, 0.987),(0.032, 0.000, 0.000),0.565,3.601,6.373,0.872,0.7200276,1
334720,1000001927694205400,63875742718583,(-0.065, 1.431, 0.287),(-0.018, -0.050, 0.011, 0.999),VALID,(-0.083, 0.134, 0.987),(0.000, 0.000, 0.000),64.325,VALID,(-0.011, 0.170, 0.985),(-0.032, 0.000, 0.000),0.531,3.404,6.415,0.984,VALID,(-0.083, 0.134, 0.987),(0.032, 0.000, 0.000),0.566,3.605,6.373,0.872,0.7105967,1
334721,1000001927699214400,63875742718595,(-0.065, 1.431, 0.287),(-0.018, -0.050, 0.011, 0.999),VALID,(-0.083, 0.134, 0.987),(0.000, 0.000, 0.000),64.325,VALID,(-0.011, 0.170, 0.985),(-0.032, 0.000, 0.000),0.521,3.343,6.415,0.985,VALID,(-0.083, 0.134, 0.987),(0.032, 0.000, 0.000),0.566,3.608,6.373,0.872,0.717166,1
334722,1000001927704237600,63875742718595,(-0.065, 1.431, 0.287),(-0.018, -0.050, 0.011, 0.999),VALID,(-0.083, 0.134, 0.987),(0.000, 0.000, 0.000),64.325,VALID,(-0.011, 0.169, 0.986),(-0.032, 0.000, 0.000),0.519,3.331,6.415,0.985,VALID,(-0.083, 0.134, 0.987),(0.032, 0.000, 0.000),0.567,3.611,6.373,0.873,0.7226315,1
334723,1000001927709268300,63875742718595,(-0.065, 1.431, 0.287),(-0.018, -0.050, 0.011, 0.999),VALID,(-0.083, 0.134, 0.987),(0.000, 0.000, 0.000),64.325,VALID,(-0.011, 0.168, 0.986),(-0.032, 0.000, 0.000),0.519,3.327,6.415,0.985,VALID,(-0.083, 0.134, 0.987),(0.032, 0.000, 0.000),0.567,3.614,6.373,0.873,0.7270561,1
334724,1000001927714299000,63875742718606,(-0.065, 1.431, 0.286),(-0.018, -0.050, 0.011, 0.999),VALID,(-0.083, 0.134, 0.988),(0.000, 0.000, 0.000),64.325,VALID,(-0.011, 0.167, 0.986),(-0.032, 0.000, 0.000),0.517,3.319,6.415,0.985,VALID,(-0.083, 0.134, 0.988),(0.032, 0.000, 0.000),0.568,3.618,6.373,0.875,0.7384173,1
334725,1000001927719329700,63875742718606,(-0.065, 1.431, 0.286),(-0.018, -0.050, 0.011, 0.999),VALID,(-0.084, 0.134, 0.987),(0.000, 0.000, 0.000),64.325,VALID,(-0.018, 0.163, 0.987),(-0.032, 0.000, 0.000),0.515,3.306,6.415,0.984,VALID,(-0.084, 0.134, 0.987),(0.032, 0.000, 0.000),0.568,3.622,6.373,0.880,0.821115,0.9844937
334726,1000001927724360400,63875742718617,(-0.065, 1.431, 0.286),(-0.018, -0.050, 0.011, 0.999),VALID,(-0.084, 0.135, 0.987),(0.000, 0.000, 0.000),64.325,VALID,(-0.017, 0.166, 0.986),(-0.032, 0.000, 0.000),0.571,3.660,6.415,0.984,VALID,(-0.084, 0.135, 0.987),(0.032, 0.000, 0.000),0.571,3.641,6.373,0.885,0.7837134,0.8631901
334727,1000001927729325200,63875742718617,(-0.065, 1.431, 0.286),(-0.018, -0.050, 0.011, 0.999),VALID,(-0.082, 0.134, 0.988),(0.000, 0.000, 0.000),64.325,VALID,(-0.014, 0.166, 0.986),(-0.032, 0.000, 0.000),0.551,3.537,6.415,0.984,VALID,(-0.082, 0.134, 0.988),(0.032, 0.000, 0.000),0.586,3.737,6.373,0.887,0.7647801,0.4832925
334728,1000001927734341300,63875742718628,(-0.065, 1.430, 0.286),(-0.018, -0.050, 0.011, 0.999),VALID,(-0.075, 0.125, 0.989),(0.000, 0.000, 0.000),64.325,VALID,(0.000, 0.164, 0.986),(-0.032, 0.000, 0.000),0.550,3.526,6.415,0.983,VALID,(-0.075, 0.125, 0.989),(0.032, 0.000, 0.000),0.586,3.733,6.373,0.889,0.6697668,0
334729,1000001927739310600,63875742718628,(-0.065, 1.430, 0.286),(-0.018, -0.050, 0.011, 0.999),VALID,(-0.061, 0.115, 0.992),(0.000, 0.000, 0.000),64.325,VALID,(0.029, 0.161, 0.987),(-0.032, 0.000, 0.000),0.541,3.468,6.415,0.981,VALID,(-0.061, 0.115, 0.992),(0.032, 0.000, 0.000),0.582,3.709,6.373,0.890,0.5633355,0
334730,1000001927744326700,63875742718639,(-0.065, 1.430, 0.286),(-0.018, -0.049, 0.011, 0.999),VALID,(-0.029, 0.097, 0.995),(0.000, 0.000, 0.000),64.325,VALID,(0.075, 0.155, 0.985),(-0.032, 0.000, 0.000),0.533,3.422,6.415,0.974,VALID,(-0.029, 0.097, 0.995),(0.032, 0.000, 0.000),0.574,3.655,6.373,0.891,0.464199,0
334731,1000001927749335200,63875742718639,(-0.065, 1.430, 0.286),(-0.018, -0.049, 0.011, 0.999),VALID,(0.007, 0.086, 0.996),(0.000, 0.000, 0.000),64.325,VALID,(0.120, 0.152, 0.981),(-0.032, 0.000, 0.000),0.551,3.535,6.415,0.955,VALID,(0.007, 0.086, 0.996),(0.032, 0.000, 0.000),0.572,3.642,6.373,0.892,0.4160571,0
334732,1000001927754343700,63875742718639,(-0.065, 1.430, 0.286),(-0.018, -0.049, 0.011, 0.999),VALID,(0.048, 0.076, 0.996),(0.000, 0.000, 0.000),64.325,VALID,(0.167, 0.146, 0.975),(-0.032, 0.000, 0.000),0.551,3.532,6.415,0.933,VALID,(0.048, 0.076, 0.996),(0.032, 0.000, 0.000),0.571,3.639,6.373,0.892,0.3922886,0
334733,1000001927759356000,63875742718650,(-0.065, 1.430, 0.286),(-0.018, -0.049, 0.011, 0.999),VALID,(0.084, 0.069, 0.994),(0.000, 0.000, 0.000),64.325,VALID,(0.205, 0.139, 0.969),(-0.032, 0.000, 0.000),0.549,3.520,6.415,0.914,VALID,(0.084, 0.069, 0.994),(0.032, 0.000, 0.000),0.569,3.627,6.373,0.893,0.3828093,0
334734,1000001927764393000,63875742718650,(-0.065, 1.430, 0.286),(-0.018, -0.049, 0.011, 0.999),VALID,(0.121, 0.059, 0.991),(0.000, 0.000, 0.000),64.325,VALID,(0.237, 0.132, 0.962),(-0.032, 0.000, 0.000),0.548,3.515,6.415,0.898,VALID,(0.121, 0.059, 0.991),(0.032, 0.000, 0.000),0.568,3.622,6.373,0.893,0.3785889,0
334735,1000001927769409100,63875742718662,(-0.065, 1.430, 0.286),(-0.018, -0.049, 0.011, 0.999),VALID,(0.147, 0.048, 0.988),(0.000, 0.000, 0.000),64.325,VALID,(0.259, 0.126, 0.958),(-0.032, 0.000, 0.000),0.550,3.527,6.415,0.888,VALID,(0.147, 0.048, 0.988),(0.032, 0.000, 0.000),0.568,3.622,6.373,0.893,0.3665509,0
334736,1000001927774425200,63875742718662,(-0.065, 1.430, 0.286),(-0.018, -0.049, 0.011, 0.999),VALID,(0.125, 0.049, 0.991),(0.000, 0.000, 0.000),64.325,VALID,(0.272, 0.122, 0.955),(-0.032, 0.000, 0.000),0.553,3.547,6.415,0.878,VALID,(0.125, 0.049, 0.991),(0.032, 0.000, 0.000),0.569,3.627,6.373,0.893,0.3330677,0
334737,1000001927779437500,63875742718672,(-0.065, 1.430, 0.286),(-0.018, -0.049, 0.011, 0.999),VALID,(0.154, 0.040, 0.987),(0.000, 0.000, 0.000),64.325,VALID,(0.279, 0.119, 0.953),(-0.032, 0.000, 0.000),0.555,3.559,6.415,0.865,VALID,(0.154, 0.040, 0.987),(0.032, 0.000, 0.000),0.570,3.633,6.373,0.893,0.3466137,0
334738,1000001927784438800,63875742718672,(-0.065, 1.430, 0.286),(-0.018, -0.049, 0.011, 0.999),VALID,(0.133, 0.042, 0.990),(0.000, 0.000, 0.000),64.325,VALID,(0.283, 0.117, 0.952),(-0.032, 0.000, 0.000),0.556,3.566,6.415,0.856,VALID,(0.133, 0.042, 0.990),(0.032, 0.000, 0.000),0.572,3.644,6.373,0.893,0.3230203,0
334739,1000001927789416800,63875742718683,(-0.065, 1.430, 0.286),(-0.018, -0.049, 0.011, 0.999),VALID,(0.121, 0.042, 0.992),(0.000, 0.000, 0.000),64.325,VALID,(0.285, 0.115, 0.951),(-0.032, 0.000, 0.000),0.556,3.568,6.415,0.853,VALID,(0.121, 0.042, 0.992),(0.032, 0.000, 0.000),0.574,3.659,6.373,0.893,0.3092258,0
334740,1000001927794429100,63875742718684,(-0.065, 1.430, 0.286),(-0.018, -0.049, 0.011, 0.999),VALID,(0.114, 0.043, 0.993),(0.000, 0.000, 0.000),64.325,VALID,(0.287, 0.114, 0.951),(-0.032, 0.000, 0.000),0.557,3.571,6.415,0.852,VALID,(0.114, 0.043, 0.993),(0.032, 0.000, 0.000),0.576,3.674,6.373,0.893,0.3006458,0
334741,1000001927799449000,63875742718695,(-0.065, 1.430, 0.286),(-0.018, -0.049, 0.011, 0.999),VALID,(0.109, 0.042, 0.993),(0.000, 0.000, 0.000),64.325,VALID,(0.288, 0.113, 0.951),(-0.032, 0.000, 0.000),0.557,3.570,6.415,0.852,VALID,(0.109, 0.042, 0.993),(0.032, 0.000, 0.000),0.577,3.679,6.373,0.893,0.2948782,0
334742,1000001927804461300,63875742718695,(-0.065, 1.430, 0.286),(-0.018, -0.049, 0.011, 0.999),VALID,(0.106, 0.042, 0.994),(0.000, 0.000, 0.000),64.325,VALID,(0.289, 0.112, 0.951),(-0.032, 0.000, 0.000),0.557,3.570,6.415,0.849,VALID,(0.106, 0.042, 0.994),(0.032, 0.000, 0.000),0.578,3.686,6.373,0.893,0.2908369,0
334743,1000001927809476200,63875742718695,(-0.065, 1.430, 0.286),(-0.018, -0.049, 0.011, 0.999),VALID,(0.103, 0.042, 0.994),(0.000, 0.000, 0.000),64.325,VALID,(0.289, 0.111, 0.951),(-0.032, 0.000, 0.000),0.556,3.570,6.415,0.848,VALID,(0.103, 0.042, 0.994),(0.032, 0.000, 0.000),0.579,3.689,6.373,0.893,0.2878893,0
334744,1000001927814568400,63875742718706,(-0.065, 1.430, 0.286),(-0.018, -0.049, 0.010, 0.999),VALID,(0.101, 0.041, 0.994),(0.000, 0.000, 0.000),64.325,VALID,(0.254, 0.095, 0.963),(-0.032, 0.000, 0.000),0.556,3.566,6.415,0.846,VALID,(0.101, 0.041, 0.994),(0.032, 0.000, 0.000),0.579,3.691,6.373,0.894,0.3589873,0
334745,1000001927819541400,63875742718706,(-0.065, 1.430, 0.286),(-0.018, -0.049, 0.010, 0.999),VALID,(0.100, 0.041, 0.994),(0.000, 0.000, 0.000),64.325,VALID,(0.262, 0.098, 0.960),(-0.032, 0.000, 0.000),0.555,3.561,6.415,0.845,VALID,(0.100, 0.041, 0.994),(0.032, 0.000, 0.000),0.580,3.694,6.373,0.894,0.339211,0
334746,1000001927824501000,63875742718717,(-0.065, 1.430, 0.286),(-0.018, -0.049, 0.010, 0.999),VALID,(0.099, 0.041, 0.994),(0.000, 0.000, 0.000),64.325,VALID,(0.268, 0.100, 0.958),(-0.032, 0.000, 0.000),0.555,3.558,6.415,0.846,VALID,(0.099, 0.041, 0.994),(0.032, 0.000, 0.000),0.580,3.696,6.373,0.894,0.3247612,0
334747,1000001927829531400,63875742718717,(-0.065, 1.430, 0.286),(-0.018, -0.049, 0.010, 0.999),VALID,(0.099, 0.041, 0.994),(0.000, 0.000, 0.000),64.325,VALID,(0.260, 0.086, 0.962),(-0.032, 0.000, 0.000),0.554,3.557,6.415,0.845,VALID,(0.099, 0.041, 0.994),(0.032, 0.000, 0.000),0.580,3.697,6.373,0.894,0.3537245,0
334748,1000001927834539000,63875742718729,(-0.065, 1.430, 0.286),(-0.018, -0.049, 0.010, 0.999),VALID,(0.098, 0.041, 0.994),(0.000, 0.000, 0.000),64.325,VALID,(0.263, 0.090, 0.961),(-0.032, 0.000, 0.000),0.554,3.556,6.415,0.845,VALID,(0.098, 0.041, 0.994),(0.032, 0.000, 0.000),0.580,3.697,6.373,0.894,0.3427401,0
334749,1000001927839564300,63875742718729,(-0.065, 1.430, 0.286),(-0.018, -0.049, 0.010, 0.999),VALID,(0.121, 0.035, 0.992),(0.000, 0.000, 0.000),64.325,VALID,(0.260, 0.070, 0.963),(-0.032, 0.000, 0.000),0.554,3.555,6.415,0.845,VALID,(0.121, 0.035, 0.992),(0.032, 0.000, 0.000),0.580,3.696,6.373,0.894,0.4176752,0
334750,1000001927844571900,63875742718739,(-0.065, 1.430, 0.286),(-0.018, -0.049, 0.010, 0.999),VALID,(0.143, 0.030, 0.989),(0.000, 0.000, 0.000),64.325,VALID,(0.253, 0.053, 0.966),(-0.032, 0.000, 0.000),0.554,3.555,6.415,0.845,VALID,(0.143, 0.030, 0.989),(0.032, 0.000, 0.000),0.579,3.688,6.373,0.894,0.5350201,0
334751,1000001927849601800,63875742718739,(-0.065, 1.430, 0.286),(-0.018, -0.049, 0.010, 0.999),VALID,(0.160, 0.026, 0.987),(0.000, 0.000, 0.000),64.325,VALID,(0.244, 0.040, 0.969),(-0.032, 0.000, 0.000),0.554,3.555,6.415,0.845,VALID,(0.160, 0.026, 0.987),(0.032, 0.000, 0.000),0.577,3.675,6.373,0.894,0.7069994,0
334752,1000001927854601200,63875742718739,(-0.065, 1.430, 0.286),(-0.018, -0.049, 0.010, 0.999),VALID,(0.172, 0.022, 0.985),(0.000, 0.000, 0.000),64.325,VALID,(0.235, 0.030, 0.971),(-0.032, 0.000, 0.000),0.554,3.554,6.415,0.845,VALID,(0.172, 0.022, 0.985),(0.032, 0.000, 0.000),0.574,3.660,6.373,0.894,0.9508713,0
334753,1000001927859609000,63875742718750,(-0.065, 1.430, 0.286),(-0.018, -0.049, 0.011, 0.999),VALID,(0.180, 0.019, 0.983),(0.000, 0.000, 0.000),64.325,VALID,(0.228, 0.024, 0.973),(-0.032, 0.000, 0.000),0.613,3.930,6.415,0.844,VALID,(0.180, 0.019, 0.983),(0.032, 0.000, 0.000),0.572,3.645,6.373,0.894,2,0
334754,1000001927864616600,63875742718750,(-0.065, 1.430, 0.286),(-0.018, -0.049, 0.011, 0.999),VALID,(0.160, 0.022, 0.987),(0.000, 0.000, 0.000),64.325,VALID,(0.189, 0.027, 0.982),(-0.032, 0.000, 0.000),0.616,3.950,6.415,0.844,VALID,(0.160, 0.022, 0.987),(0.032, 0.000, 0.000),0.572,3.644,6.373,0.894,2,0
334755,1000001927869636300,63875742718761,(-0.065, 1.430, 0.286),(-0.018, -0.049, 0.011, 0.999),VALID,(0.149, 0.025, 0.988),(0.000, 0.000, 0.000),64.325,VALID,(0.158, 0.030, 0.987),(-0.032, 0.000, 0.000),0.616,3.953,6.415,0.843,VALID,(0.149, 0.025, 0.988),(0.032, 0.000, 0.000),0.572,3.645,6.373,0.894,2,0
334756,1000001927874643900,63875742718761,(-0.065, 1.430, 0.286),(-0.018, -0.049, 0.011, 0.999),VALID,(0.143, 0.026, 0.989),(0.000, 0.000, 0.000),64.325,VALID,(0.136, 0.032, 0.990),(-0.032, 0.000, 0.000),0.616,3.954,6.415,0.843,VALID,(0.143, 0.026, 0.989),(0.032, 0.000, 0.000),0.573,3.649,6.373,0.894,2,0
334757,1000001927879651600,63875742718772,(-0.065, 1.430, 0.286),(-0.017, -0.049, 0.011, 0.999),VALID,(0.140, 0.028, 0.990),(0.000, 0.000, 0.000),64.325,VALID,(0.122, 0.033, 0.992),(-0.032, 0.000, 0.000),0.616,3.955,6.415,0.843,VALID,(0.140, 0.028, 0.990),(0.032, 0.000, 0.000),0.574,3.657,6.373,0.894,2,0
334758,1000001927884659200,63875742718772,(-0.065, 1.430, 0.286),(-0.017, -0.049, 0.011, 0.999),VALID,(0.138, 0.028, 0.990),(0.000, 0.000, 0.000),64.325,VALID,(0.113, 0.033, 0.993),(-0.032, 0.000, 0.000),0.616,3.955,6.415,0.842,VALID,(0.138, 0.028, 0.990),(0.032, 0.000, 0.000),0.575,3.662,6.373,0.895,2,0
334759,1000001927889666800,63875742718784,(-0.065, 1.430, 0.286),(-0.017, -0.049, 0.011, 0.999),VALID,(0.135, 0.029, 0.990),(0.000, 0.000, 0.000),64.325,VALID,(0.107, 0.034, 0.994),(-0.032, 0.000, 0.000),0.616,3.954,6.415,0.843,VALID,(0.135, 0.029, 0.990),(0.032, 0.000, 0.000),0.575,3.662,6.373,0.895,2,0
334760,1000001927894702300,63875742718784,(-0.065, 1.430, 0.286),(-0.017, -0.049, 0.011, 0.999),VALID,(0.130, 0.030, 0.991),(0.000, 0.000, 0.000),64.325,VALID,(0.103, 0.034, 0.994),(-0.032, 0.000, 0.000),0.616,3.952,6.415,0.844,VALID,(0.130, 0.030, 0.991),(0.032, 0.000, 0.000),0.575,3.662,6.373,0.895,2,0
334761,1000001927899709900,63875742718795,(-0.065, 1.430, 0.286),(-0.017, -0.049, 0.011, 0.999),VALID,(0.125, 0.030, 0.992),(0.000, 0.000, 0.000),64.325,VALID,(0.101, 0.034, 0.994),(-0.032, 0.000, 0.000),0.616,3.951,6.415,0.843,VALID,(0.125, 0.030, 0.992),(0.032, 0.000, 0.000),0.574,3.660,6.373,0.895,2,0
334762,1000001927904866800,63875742718795,(-0.065, 1.430, 0.286),(-0.017, -0.049, 0.011, 0.999),VALID,(0.120, 0.030, 0.992),(0.000, 0.000, 0.000),64.325,VALID,(0.100, 0.034, 0.994),(-0.032, 0.000, 0.000),0.616,3.950,6.415,0.843,VALID,(0.120, 0.030, 0.992),(0.032, 0.000, 0.000),0.574,3.656,6.373,0.895,2,0
334763,1000001927909874500,63875742718795,(-0.065, 1.430, 0.286),(-0.017, -0.049, 0.011, 0.999),VALID,(0.116, 0.030, 0.993),(0.000, 0.000, 0.000),64.325,VALID,(0.099, 0.033, 0.995),(-0.032, 0.000, 0.000),0.615,3.948,6.415,0.843,VALID,(0.116, 0.030, 0.993),(0.032, 0.000, 0.000),0.573,3.652,6.373,0.895,2,0
334764,1000001927914890600,63875742718807,(-0.065, 1.430, 0.286),(-0.017, -0.049, 0.010, 0.999),VALID,(0.113, 0.030, 0.993),(0.000, 0.000, 0.000),64.325,VALID,(0.099, 0.033, 0.995),(-0.032, 0.000, 0.000),0.615,3.946,6.415,0.843,VALID,(0.113, 0.030, 0.993),(0.032, 0.000, 0.000),0.572,3.647,6.373,0.895,2,0
334765,1000001927919898300,63875742718807,(-0.065, 1.430, 0.286),(-0.017, -0.049, 0.010, 0.999),VALID,(0.110, 0.030, 0.993),(0.000, 0.000, 0.000),64.325,VALID,(0.098, 0.033, 0.995),(-0.032, 0.000, 0.000),0.615,3.946,6.415,0.843,VALID,(0.110, 0.030, 0.993),(0.032, 0.000, 0.000),0.572,3.643,6.373,0.895,2,0
334766,1000001927924779400,63875742718817,(-0.065, 1.430, 0.286),(-0.017, -0.049, 0.010, 0.999),VALID,(0.108, 0.030, 0.994),(0.000, 0.000, 0.000),64.325,VALID,(0.098, 0.033, 0.995),(-0.032, 0.000, 0.000),0.613,3.933,6.415,0.841,VALID,(0.108, 0.030, 0.994),(0.032, 0.000, 0.000),0.571,3.639,6.373,0.895,2,0
334767,1000001927929758500,63875742718817,(-0.065, 1.430, 0.286),(-0.017, -0.049, 0.010, 0.999),VALID,(0.106, 0.031, 0.994),(0.000, 0.000, 0.000),64.325,VALID,(0.098, 0.033, 0.995),(-0.032, 0.000, 0.000),0.612,3.927,6.415,0.842,VALID,(0.106, 0.031, 0.994),(0.032, 0.000, 0.000),0.570,3.636,6.373,0.896,2,0
334768,1000001927934777000,63875742718828,(-0.065, 1.430, 0.286),(-0.017, -0.049, 0.010, 0.999),VALID,(0.104, 0.031, 0.994),(0.000, 0.000, 0.000),64.325,VALID,(0.098, 0.033, 0.995),(-0.032, 0.000, 0.000),0.611,3.921,6.415,0.842,VALID,(0.104, 0.031, 0.994),(0.032, 0.000, 0.000),0.570,3.631,6.373,0.896,2,0
334769,1000001927939784700,63875742718828,(-0.065, 1.430, 0.286),(-0.017, -0.049, 0.010, 0.999),VALID,(0.103, 0.031, 0.994),(0.000, 0.000, 0.000),64.325,VALID,(0.098, 0.033, 0.995),(-0.032, 0.000, 0.000),0.610,3.912,6.415,0.842,VALID,(0.103, 0.031, 0.994),(0.032, 0.000, 0.000),0.569,3.627,6.373,0.896,2,0
334770,1000001927944807300,63875742718839,(-0.065, 1.430, 0.286),(-0.017, -0.049, 0.011, 0.999),VALID,(0.102, 0.031, 0.994),(0.000, 0.000, 0.000),64.325,VALID,(0.098, 0.033, 0.995),(-0.032, 0.000, 0.000),0.609,3.906,6.415,0.843,VALID,(0.102, 0.031, 0.994),(0.032, 0.000, 0.000),0.569,3.623,6.373,0.896,2,0
334771,1000001927949836800,63875742718839,(-0.065, 1.430, 0.286),(-0.017, -0.049, 0.011, 0.999),VALID,(0.102, 0.031, 0.994),(0.000, 0.000, 0.000),64.325,VALID,(0.098, 0.033, 0.995),(-0.032, 0.000, 0.000),0.609,3.907,6.415,0.843,VALID,(0.102, 0.031, 0.994),(0.032, 0.000, 0.000),0.568,3.621,6.373,0.896,2,0
334772,1000001927954855300,63875742718839,(-0.065, 1.430, 0.286),(-0.017, -0.049, 0.011, 0.999),VALID,(0.101, 0.031, 0.994),(0.000, 0.000, 0.000),64.325,VALID,(0.098, 0.033, 0.995),(-0.032, 0.000, 0.000),0.610,3.910,6.415,0.843,VALID,(0.101, 0.031, 0.994),(0.032, 0.000, 0.000),0.568,3.617,6.373,0.896,2,0
334773,1000001927959874700,63875742718850,(-0.065, 1.430, 0.286),(-0.017, -0.049, 0.011, 0.999),VALID,(0.101, 0.031, 0.994),(0.000, 0.000, 0.000),64.325,VALID,(0.099, 0.033, 0.995),(-0.032, 0.000, 0.000),0.610,3.913,6.415,0.844,VALID,(0.101, 0.031, 0.994),(0.032, 0.000, 0.000),0.567,3.613,6.373,0.896,2,0.9993708
334774,1000001927964882400,63875742718850,(-0.065, 1.430, 0.286),(-0.017, -0.049, 0.011, 0.999),VALID,(0.101, 0.031, 0.994),(0.000, 0.000, 0.000),64.325,VALID,(0.099, 0.033, 0.995),(-0.032, 0.000, 0.000),0.610,3.915,6.415,0.844,VALID,(0.101, 0.031, 0.994),(0.032, 0.000, 0.000),0.566,3.608,6.373,0.896,2,1
334775,1000001927969929800,63875742718861,(-0.065, 1.430, 0.286),(-0.017, -0.049, 0.011, 0.999),VALID,(0.101, 0.031, 0.994),(0.000, 0.000, 0.000),64.325,VALID,(0.099, 0.033, 0.995),(-0.032, 0.000, 0.000),0.610,3.915,6.415,0.844,VALID,(0.101, 0.031, 0.994),(0.032, 0.000, 0.000),0.566,3.604,6.373,0.896,2,1
334776,1000001927974948300,63875742718861,(-0.065, 1.430, 0.286),(-0.017, -0.049, 0.011, 0.999),VALID,(0.101, 0.032, 0.994),(0.000, 0.000, 0.000),64.325,VALID,(0.099, 0.033, 0.994),(-0.032, 0.000, 0.000),0.610,3.916,6.415,0.844,VALID,(0.101, 0.032, 0.994),(0.032, 0.000, 0.000),0.565,3.600,6.373,0.896,2,0.9941258
334777,1000001927979906900,63875742718872,(-0.065, 1.430, 0.286),(-0.017, -0.049, 0.011, 0.999),VALID,(0.101, 0.032, 0.994),(0.000, 0.000, 0.000),64.325,VALID,(0.100, 0.033, 0.994),(-0.032, 0.000, 0.000),0.609,3.909,6.415,0.844,VALID,(0.101, 0.032, 0.994),(0.032, 0.000, 0.000),0.564,3.597,6.373,0.896,2,0.987087
334778,1000001927984921800,63875742718872,(-0.065, 1.430, 0.286),(-0.017, -0.049, 0.011, 0.999),VALID,(0.101, 0.032, 0.994),(0.000, 0.000, 0.000),64.325,VALID,(0.100, 0.034, 0.994),(-0.032, 0.000, 0.000),0.606,3.888,6.415,0.842,VALID,(0.101, 0.032, 0.994),(0.032, 0.000, 0.000),0.564,3.594,6.373,0.896,2,0.988006
334779,1000001927989916200,63875742718884,(-0.065, 1.430, 0.286),(-0.017, -0.050, 0.011, 0.999),VALID,(0.101, 0.032, 0.994),(0.000, 0.000, 0.000),64.325,VALID,(0.100, 0.034, 0.994),(-0.032, 0.000, 0.000),0.605,3.881,6.415,0.842,VALID,(0.101, 0.032, 0.994),(0.032, 0.000, 0.000),0.563,3.591,6.373,0.896,2,1
334780,1000001927994932900,63875742718884,(-0.065, 1.430, 0.286),(-0.017, -0.050, 0.011, 0.999),VALID,(0.101, 0.032, 0.994),(0.000, 0.000, 0.000),64.325,VALID,(0.100, 0.034, 0.994),(-0.032, 0.000, 0.000),0.605,3.881,6.415,0.842,VALID,(0.101, 0.032, 0.994),(0.032, 0.000, 0.000),0.563,3.589,6.373,0.896,2,1
334781,1000001927999902900,63875742718895,(-0.065, 1.430, 0.286),(-0.017, -0.050, 0.011, 0.999),VALID,(0.101, 0.032, 0.994),(0.000, 0.000, 0.000),64.325,VALID,(0.100, 0.034, 0.994),(-0.032, 0.000, 0.000),0.605,3.882,6.415,0.842,VALID,(0.101, 0.032, 0.994),(0.032, 0.000, 0.000),0.563,3.585,6.373,0.896,2,1
334782,1000001928004945000,63875742718895,(-0.065, 1.430, 0.286),(-0.017, -0.050, 0.011, 0.999),VALID,(0.101, 0.032, 0.994),(0.000, 0.000, 0.000),64.325,VALID,(0.100, 0.034, 0.994),(-0.032, 0.000, 0.000),0.605,3.883,6.415,0.842,VALID,(0.101, 0.032, 0.994),(0.032, 0.000, 0.000),0.562,3.581,6.373,0.896,2,1
334783,1000001928009963500,63875742718895,(-0.065, 1.430, 0.286),(-0.017, -0.050, 0.011, 0.999),VALID,(0.101, 0.033, 0.994),(0.000, 0.000, 0.000),64.325,VALID,(0.100, 0.034, 0.994),(-0.032, 0.000, 0.000),0.607,3.893,6.415,0.843,VALID,(0.101, 0.033, 0.994),(0.032, 0.000, 0.000),0.561,3.577,6.373,0.896,2,1
334784,1000001928014995600,63875742718906,(-0.065, 1.430, 0.286),(-0.017, -0.050, 0.011, 0.999),VALID,(0.101, 0.033, 0.994),(0.000, 0.000, 0.000),64.325,VALID,(0.100, 0.034, 0.994),(-0.032, 0.000, 0.000),0.607,3.896,6.415,0.843,VALID,(0.101, 0.033, 0.994),(0.032, 0.000, 0.000),0.561,3.574,6.373,0.896,2,0.9999258
334785,1000001928020014100,63875742718906,(-0.065, 1.430, 0.286),(-0.017, -0.050, 0.011, 0.999),VALID,(0.101, 0.033, 0.994),(0.000, 0.000, 0.000),64.325,VALID,(0.100, 0.034, 0.994),(-0.032, 0.000, 0.000),0.608,3.898,6.415,0.843,VALID,(0.101, 0.033, 0.994),(0.032, 0.000, 0.000),0.560,3.570,6.373,0.896,2,0.9816903
334786,1000001928025032600,63875742718917,(-0.065, 1.430, 0.285),(-0.017, -0.050, 0.011, 0.999),VALID,(0.101, 0.033, 0.994),(0.000, 0.000, 0.000),64.325,VALID,(0.100, 0.034, 0.994),(-0.032, 0.000, 0.000),0.608,3.898,6.415,0.843,VALID,(0.101, 0.033, 0.994),(0.032, 0.000, 0.000),0.560,3.567,6.373,0.895,2,0.9898706
334787,1000001928030049300,63875742718917,(-0.065, 1.430, 0.285),(-0.017, -0.050, 0.011, 0.999),VALID,(0.101, 0.033, 0.994),(0.000, 0.000, 0.000),64.325,VALID,(0.101, 0.034, 0.994),(-0.032, 0.000, 0.000),0.608,3.900,6.415,0.843,VALID,(0.101, 0.033, 0.994),(0.032, 0.000, 0.000),0.559,3.564,6.373,0.894,2,1
334788,1000001928035029800,63875742718929,(-0.065, 1.430, 0.285),(-0.017, -0.050, 0.011, 0.999),VALID,(0.101, 0.033, 0.994),(0.000, 0.000, 0.000),64.325,VALID,(0.101, 0.034, 0.994),(-0.032, 0.000, 0.000),0.608,3.902,6.415,0.843,VALID,(0.101, 0.033, 0.994),(0.032, 0.000, 0.000),0.559,3.560,6.373,0.893,2,1
334789,1000001928040047300,63875742718929,(-0.065, 1.430, 0.285),(-0.017, -0.050, 0.011, 0.999),VALID,(0.101, 0.033, 0.994),(0.000, 0.000, 0.000),64.325,VALID,(0.100, 0.034, 0.994),(-0.032, 0.000, 0.000),0.608,3.902,6.415,0.843,VALID,(0.101, 0.033, 0.994),(0.032, 0.000, 0.000),0.558,3.556,6.373,0.892,2,0.9821323
334790,1000001928045073900,63875742718939,(-0.065, 1.430, 0.285),(-0.017, -0.050, 0.011, 0.999),VALID,(0.101, 0.033, 0.994),(0.000, 0.000, 0.000),64.325,VALID,(0.100, 0.034, 0.994),(-0.032, 0.000, 0.000),0.608,3.901,6.415,0.843,VALID,(0.101, 0.033, 0.994),(0.032, 0.000, 0.000),0.558,3.553,6.373,0.890,2,0.9744493
334791,1000001928050092400,63875742718939,(-0.065, 1.430, 0.285),(-0.017, -0.050, 0.011, 0.999),VALID,(0.101, 0.033, 0.994),(0.000, 0.000, 0.000),64.325,VALID,(0.100, 0.034, 0.994),(-0.032, 0.000, 0.000),0.608,3.898,6.415,0.844,VALID,(0.101, 0.033, 0.994),(0.032, 0.000, 0.000),0.557,3.552,6.373,0.889,2,0.9922022
334792,1000001928055085200,63875742718951,(-0.065, 1.430, 0.285),(-0.017, -0.049, 0.011, 0.999),VALID,(0.112, 0.032, 0.993),(0.000, 0.000, 0.000),64.325,VALID,(0.112, 0.032, 0.993),(-0.032, 0.000, 0.000),0.607,3.891,6.415,0.844,VALID,(0.112, 0.032, 0.993),(0.032, 0.000, 0.000),0.556,3.544,6.373,0.888,2,0
334793,1000001928060124500,63875742718951,(-0.065, 1.430, 0.285),(-0.017, -0.049, 0.011, 0.999),VALID,(0.111, 0.032, 0.993),(0.000, 0.000, 0.000),64.325,VALID,(0.111, 0.032, 0.993),(-0.032, 0.000, 0.000),0.607,3.891,6.415,0.843,VALID,(0.111, 0.032, 0.993),(0.032, 0.000, 0.000),0.555,3.540,6.373,0.887,2,0
334794,1000001928065150100,63875742718951,(-0.065, 1.430, 0.285),(-0.017, -0.049, 0.011, 0.999),VALID,(0.110, 0.032, 0.993),(0.000, 0.000, 0.000),64.325,VALID,(0.110, 0.032, 0.993),(-0.032, 0.000, 0.000),0.607,3.891,6.415,0.843,VALID,(0.110, 0.032, 0.993),(0.032, 0.000, 0.000),0.555,3.537,6.373,0.885,2,0
334795,1000001928070175700,63875742718962,(-0.065, 1.430, 0.285),(-0.017, -0.049, 0.011, 0.999),VALID,(0.109, 0.032, 0.993),(0.000, 0.000, 0.000),64.325,VALID,(0.109, 0.032, 0.994),(-0.032, 0.000, 0.000),0.606,3.891,6.415,0.843,VALID,(0.109, 0.032, 0.993),(0.032, 0.000, 0.000),0.555,3.535,6.373,0.884,2,0
334796,1000001928075193200,63875742718962,(-0.065, 1.430, 0.285),(-0.017, -0.049, 0.011, 0.999),VALID,(0.109, 0.032, 0.994),(0.000, 0.000, 0.000),64.325,VALID,(0.109, 0.032, 0.994),(-0.032, 0.000, 0.000),0.608,3.902,6.415,0.843,VALID,(0.109, 0.032, 0.994),(0.032, 0.000, 0.000),0.555,3.534,6.373,0.883,2,0
334797,1000001928080174000,63875742718972,(-0.065, 1.430, 0.285),(-0.017, -0.049, 0.011, 0.999),VALID,(0.109, 0.032, 0.994),(0.000, 0.000, 0.000),64.325,VALID,(0.108, 0.032, 0.994),(-0.032, 0.000, 0.000),0.609,3.907,6.415,0.842,VALID,(0.109, 0.032, 0.994),(0.032, 0.000, 0.000),0.555,3.535,6.373,0.882,2,0
334798,1000001928085173300,63875742718972,(-0.065, 1.430, 0.285),(-0.017, -0.049, 0.011, 0.999),VALID,(0.108, 0.032, 0.994),(0.000, 0.000, 0.000),64.325,VALID,(0.108, 0.032, 0.994),(-0.032, 0.000, 0.000),0.609,3.908,6.415,0.842,VALID,(0.108, 0.032, 0.994),(0.032, 0.000, 0.000),0.555,3.536,6.373,0.881,2,0
334799,1000001928090190800,63875742718984,(-0.065, 1.430, 0.285),(-0.017, -0.049, 0.011, 0.999),VALID,(0.108, 0.032, 0.994),(0.000, 0.000, 0.000),64.325,VALID,(0.108, 0.032, 0.994),(-0.032, 0.000, 0.000),0.609,3.908,6.415,0.842,VALID,(0.108, 0.032, 0.994),(0.032, 0.000, 0.000),0.555,3.539,6.373,0.880,2,0
334800,1000001928095206700,63875742718984,(-0.065, 1.430, 0.285),(-0.017, -0.049, 0.011, 0.999),VALID,(0.107, 0.032, 0.994),(0.000, 0.000, 0.000),64.325,VALID,(0.107, 0.032, 0.994),(-0.032, 0.000, 0.000),0.609,3.908,6.415,0.841,VALID,(0.107, 0.032, 0.994),(0.032, 0.000, 0.000),0.556,3.541,6.373,0.878,2,0
334801,1000001928100189100,63875742718995,(-0.065, 1.430, 0.285),(-0.017, -0.049, 0.011, 0.999),VALID,(0.107, 0.032, 0.994),(0.000, 0.000, 0.000),64.325,VALID,(0.107, 0.032, 0.994),(-0.032, 0.000, 0.000),0.609,3.906,6.415,0.840,VALID,(0.107, 0.032, 0.994),(0.032, 0.000, 0.000),0.556,3.543,6.373,0.877,2,0
334802,1000001928105206600,63875742718995,(-0.065, 1.430, 0.285),(-0.017, -0.049, 0.011, 0.999),VALID,(0.117, 0.031, 0.993),(0.000, 0.000, 0.000),64.325,VALID,(0.117, 0.031, 0.993),(-0.032, 0.000, 0.000),0.608,3.904,6.415,0.841,VALID,(0.117, 0.031, 0.993),(0.032, 0.000, 0.000),0.556,3.542,6.373,0.876,2,0
334803,1000001928110224400,63875742718995,(-0.065, 1.430, 0.285),(-0.017, -0.049, 0.011, 0.999),VALID,(0.116, 0.031, 0.993),(0.000, 0.000, 0.000),64.325,VALID,(0.116, 0.031, 0.993),(-0.032, 0.000, 0.000),0.608,3.899,6.415,0.841,VALID,(0.116, 0.031, 0.993),(0.032, 0.000, 0.000),0.556,3.542,6.373,0.875,2,0
334804,1000001928115278100,63875742719007,(-0.065, 1.430, 0.285),(-0.017, -0.049, 0.011, 0.999),VALID,(0.130, 0.030, 0.991),(0.000, 0.000, 0.000),64.325,VALID,(0.157, 0.039, 0.987),(-0.032, 0.000, 0.000),0.548,3.514,6.415,0.841,VALID,(0.130, 0.030, 0.991),(0.032, 0.000, 0.000),0.555,3.538,6.373,0.874,2,0
334805,1000001928120295900,63875742719007,(-0.065, 1.430, 0.285),(-0.017, -0.049, 0.011, 0.999),VALID,(0.143, 0.029, 0.989),(0.000, 0.000, 0.000),64.325,VALID,(0.192, 0.047, 0.980),(-0.032, 0.000, 0.000),0.540,3.461,6.415,0.839,VALID,(0.143, 0.029, 0.989),(0.032, 0.000, 0.000),0.555,3.539,6.373,0.874,1.109282,0
334806,1000001928125313700,63875742719017,(-0.065, 1.430, 0.285),(-0.017, -0.049, 0.011, 0.999),VALID,(0.147, 0.024, 0.989),(0.000, 0.000, 0.000),64.325,VALID,(0.209, 0.050, 0.977),(-0.032, 0.000, 0.000),0.535,3.434,6.415,0.839,VALID,(0.147, 0.024, 0.989),(0.032, 0.000, 0.000),0.558,3.555,6.373,0.873,0.8465115,0
334807,1000001928130331200,63875742719017,(-0.065, 1.430, 0.285),(-0.017, -0.049, 0.011, 0.999),VALID,(0.146, 0.015, 0.989),(0.000, 0.000, 0.000),64.325,VALID,(0.217, 0.045, 0.975),(-0.032, 0.000, 0.000),0.536,3.438,6.415,0.837,VALID,(0.145, 0.015, 0.989),(0.032, 0.000, 0.000),0.559,3.565,6.373,0.873,0.7377003,0
334808,1000001928135288100,63875742719028,(-0.065, 1.430, 0.285),(-0.017, -0.049, 0.011, 0.999),VALID,(0.148, 0.007, 0.989),(0.000, 0.000, 0.000),64.325,VALID,(0.218, 0.039, 0.975),(-0.032, 0.000, 0.000),0.545,3.497,6.415,0.833,VALID,(0.137, 0.007, 0.991),(0.032, 0.000, 0.000),0.558,3.553,6.373,0.874,0.6647163,0
334809,1000001928140317300,63875742719028,(-0.065, 1.430, 0.285),(-0.017, -0.049, 0.011, 0.999),VALID,(0.144, -0.004, 0.990),(0.000, 0.000, 0.000),64.325,VALID,(0.207, 0.027, 0.978),(-0.032, 0.000, 0.000),0.549,3.524,6.415,0.834,VALID,(0.134, -0.004, 0.991),(0.032, 0.000, 0.000),0.557,3.549,6.373,0.877,0.7250575,0
334810,1000001928145335100,63875742719039,(-0.065, 1.430, 0.285),(-0.017, -0.049, 0.011, 0.999),VALID,(0.139, -0.024, 0.990),(0.000, 0.000, 0.000),64.325,VALID,(0.196, 0.023, 0.980),(-0.032, 0.000, 0.000),0.549,3.523,6.415,0.832,VALID,(0.122, -0.024, 0.992),(0.032, 0.000, 0.000),0.557,3.547,6.373,0.879,0.6078684,0
334811,1000001928150321100,63875742719039,(-0.065, 1.430, 0.285),(-0.017, -0.049, 0.011, 0.999),VALID,(0.125, -0.045, 0.991),(0.000, 0.000, 0.000),64.325,VALID,(0.187, 0.014, 0.982),(-0.032, 0.000, 0.000),0.540,3.462,6.415,0.829,VALID,(0.104, -0.045, 0.994),(0.032, 0.000, 0.000),0.561,3.574,6.373,0.881,0.5076112,0
334812,1000001928155338900,63875742719050,(-0.065, 1.430, 0.285),(-0.017, -0.050, 0.011, 0.999),VALID,(0.102, -0.062, 0.993),(0.000, 0.000, 0.000),64.325,VALID,(0.182, 0.004, 0.983),(-0.032, 0.000, 0.000),0.532,3.414,6.415,0.827,VALID,(0.082, -0.063, 0.995),(0.032, 0.000, 0.000),0.564,3.594,6.373,0.884,0.4393353,0
334813,1000001928160348500,63875742719050,(-0.065, 1.430, 0.285),(-0.017, -0.050, 0.011, 0.999),VALID,(0.074, -0.074, 0.995),(0.000, 0.000, 0.000),64.325,VALID,(0.152, -0.024, 0.988),(-0.032, 0.000, 0.000),0.526,3.376,6.415,0.826,VALID,(0.057, -0.074, 0.996),(0.032, 0.000, 0.000),0.565,3.600,6.373,0.886,0.52864,0
334814,1000001928165341800,63875742719050,(-0.065, 1.430, 0.285),(-0.017, -0.050, 0.011, 0.999),VALID,(0.071, -0.078, 0.994),(0.000, 0.000, 0.000),64.325,VALID,(0.142, -0.044, 0.989),(-0.032, 0.000, 0.000),0.531,3.405,6.415,0.825,VALID,(0.033, -0.079, 0.996),(0.032, 0.000, 0.000),0.565,3.598,6.373,0.887,0.5294358,0
334815,1000001928170354200,63875742719061,(-0.065, 1.430, 0.285),(-0.017, -0.050, 0.011, 0.999),VALID,(0.039, -0.090, 0.995),(0.000, 0.000, 0.000),64.325,VALID,(0.090, -0.067, 0.994),(-0.032, 0.000, 0.000),0.535,3.429,6.415,0.824,VALID,(0.012, -0.090, 0.996),(0.032, 0.000, 0.000),0.564,3.595,6.373,0.888,0.7516453,0
334816,1000001928175366600,63875742719061,(-0.065, 1.430, 0.285),(-0.017, -0.050, 0.011, 0.999),VALID,(0.014, -0.098, 0.995),(0.000, 0.000, 0.000),64.325,VALID,(0.045, -0.083, 0.995),(-0.032, 0.000, 0.000),0.535,3.433,6.415,0.823,VALID,(-0.005, -0.098, 0.995),(0.032, 0.000, 0.000),0.564,3.594,6.373,0.889,2,0
334817,1000001928180394600,63875742719072,(-0.065, 1.430, 0.285),(-0.017, -0.050, 0.011, 0.999),VALID,(-0.005, -0.104, 0.995),(0.000, 0.000, 0.000),64.325,VALID,(0.059, -0.075, 0.995),(-0.032, 0.000, 0.000),0.535,3.433,6.415,0.823,VALID,(-0.016, -0.104, 0.994),(0.032, 0.000, 0.000),0.564,3.594,6.373,0.888,0.7402959,0
334818,1000001928185402800,63875742719072,(-0.065, 1.430, 0.285),(-0.017, -0.050, 0.011, 0.999),VALID,(-0.018, -0.108, 0.994),(0.000, 0.000, 0.000),64.325,VALID,(0.067, -0.070, 0.995),(-0.032, 0.000, 0.000),0.535,3.430,6.415,0.823,VALID,(-0.025, -0.108, 0.994),(0.032, 0.000, 0.000),0.564,3.594,6.373,0.888,0.5959409,0
334819,1000001928190415200,63875742719084,(-0.065, 1.430, 0.285),(-0.017, -0.050, 0.011, 0.999),VALID,(-0.027, -0.110, 0.994),(0.000, 0.000, 0.000),64.325,VALID,(0.072, -0.067, 0.995),(-0.032, 0.000, 0.000),0.535,3.431,6.415,0.822,VALID,(-0.031, -0.110, 0.993),(0.032, 0.000, 0.000),0.564,3.594,6.373,0.888,0.5272163,0
334820,1000001928195420900,63875742719084,(-0.065, 1.430, 0.285),(-0.017, -0.050, 0.011, 0.999),VALID,(-0.032, -0.112, 0.993),(0.000, 0.000, 0.000),64.325,VALID,(0.076, -0.065, 0.995),(-0.032, 0.000, 0.000),0.535,3.434,6.415,0.821,VALID,(-0.035, -0.112, 0.993),(0.032, 0.000, 0.000),0.564,3.594,6.373,0.888,0.4892946,0
334821,1000001928200433300,63875742719095,(-0.065, 1.430, 0.285),(-0.017, -0.050, 0.011, 0.999),VALID,(-0.036, -0.114, 0.993),(0.000, 0.000, 0.000),64.325,VALID,(0.039, -0.079, 0.996),(-0.032, 0.000, 0.000),0.535,3.435,6.415,0.820,VALID,(-0.038, -0.114, 0.993),(0.032, 0.000, 0.000),0.564,3.594,6.373,0.888,0.6939463,0
334822,1000001928205448200,63875742719095,(-0.065, 1.430, 0.285),(-0.017, -0.050, 0.011, 0.999),VALID,(-0.038, -0.115, 0.993),(0.000, 0.000, 0.000),64.325,VALID,(0.011, -0.091, 0.996),(-0.032, 0.000, 0.000),0.535,3.435,6.415,0.822,VALID,(-0.040, -0.115, 0.993),(0.032, 0.000, 0.000),0.564,3.594,6.373,0.887,1.024519,0
334823,1000001928210463100,63875742719106,(-0.065, 1.430, 0.285),(-0.017, -0.050, 0.011, 0.999),VALID,(-0.040, -0.117, 0.992),(0.000, 0.000, 0.000),64.325,VALID,(0.032, -0.083, 0.996),(-0.032, 0.000, 0.000),0.536,3.441,6.415,0.826,VALID,(-0.041, -0.117, 0.992),(0.032, 0.000, 0.000),0.564,3.594,6.373,0.887,0.7229292,0
334824,1000001928215460500,63875742719106,(-0.065, 1.430, 0.285),(-0.017, -0.050, 0.011, 0.999),VALID,(-0.041, -0.117, 0.992),(0.000, 0.000, 0.000),64.325,VALID,(0.044, -0.077, 0.996),(-0.032, 0.000, 0.000),0.537,3.444,6.415,0.832,VALID,(-0.042, -0.117, 0.992),(0.032, 0.000, 0.000),0.564,3.594,6.373,0.887,0.6115057,0
334825,1000001928220475400,63875742719117,(-0.065, 1.430, 0.284),(-0.017, -0.049, 0.011, 0.999),VALID,(-0.042, -0.118, 0.992),(0.000, 0.000, 0.000),64.325,VALID,(0.052, -0.074, 0.996),(-0.032, 0.000, 0.000),0.537,3.444,6.415,0.837,VALID,(-0.042, -0.118, 0.992),(0.032, 0.000, 0.000),0.564,3.594,6.373,0.887,0.5555467,0
334826,1000001928225492400,63875742719117,(-0.065, 1.430, 0.284),(-0.017, -0.049, 0.011, 0.999),VALID,(-0.043, -0.119, 0.992),(0.000, 0.000, 0.000),64.325,VALID,(0.057, -0.071, 0.996),(-0.032, 0.000, 0.000),0.537,3.444,6.415,0.843,VALID,(-0.043, -0.119, 0.992),(0.032, 0.000, 0.000),0.564,3.594,6.373,0.887,0.5234173,0
334827,1000001928230507300,63875742719117,(-0.065, 1.430, 0.284),(-0.017, -0.049, 0.011, 0.999),VALID,(-0.043, -0.119, 0.992),(0.000, 0.000, 0.000),64.325,VALID,(0.060, -0.070, 0.996),(-0.032, 0.000, 0.000),0.537,3.443,6.415,0.848,VALID,(-0.043, -0.119, 0.992),(0.032, 0.000, 0.000),0.564,3.594,6.373,0.887,0.5031894,0
334828,1000001928235539400,63875742719128,(-0.065, 1.430, 0.285),(-0.017, -0.049, 0.011, 0.999),VALID,(-0.043, -0.120, 0.992),(0.000, 0.000, 0.000),64.325,VALID,(0.062, -0.068, 0.996),(-0.032, 0.000, 0.000),0.535,3.433,6.415,0.852,VALID,(-0.043, -0.120, 0.992),(0.032, 0.000, 0.000),0.564,3.594,6.373,0.887,0.4911938,0
334829,1000001928240551800,63875742719128,(-0.065, 1.430, 0.285),(-0.017, -0.049, 0.011, 0.999),VALID,(-0.043, -0.120, 0.992),(0.000, 0.000, 0.000),64.325,VALID,(0.064, -0.068, 0.996),(-0.032, 0.000, 0.000),0.534,3.429,6.415,0.856,VALID,(-0.043, -0.120, 0.992),(0.032, 0.000, 0.000),0.564,3.595,6.373,0.886,0.4834315,0
334830,1000001928245564200,63875742719139,(-0.065, 1.430, 0.284),(-0.017, -0.049, 0.011, 0.999),VALID,(-0.043, -0.120, 0.992),(0.000, 0.000, 0.000),64.325,VALID,(0.064, -0.067, 0.996),(-0.032, 0.000, 0.000),0.533,3.422,6.415,0.859,VALID,(-0.043, -0.120, 0.992),(0.032, 0.000, 0.000),0.564,3.596,6.373,0.886,0.4789135,0
334831,1000001928250569900,63875742719139,(-0.065, 1.430, 0.284),(-0.017, -0.049, 0.011, 0.999),VALID,(-0.043, -0.121, 0.992),(0.000, 0.000, 0.000),64.325,VALID,(0.065, -0.067, 0.996),(-0.032, 0.000, 0.000),0.533,3.418,6.415,0.862,VALID,(-0.043, -0.121, 0.992),(0.032, 0.000, 0.000),0.564,3.596,6.373,0.886,0.473536,0
334832,1000001928255582300,63875742719151,(-0.065, 1.430, 0.284),(-0.017, -0.049, 0.011, 0.999),VALID,(-0.043, -0.121, 0.992),(0.000, 0.000, 0.000),64.325,VALID,(0.067, -0.067, 0.996),(-0.032, 0.000, 0.000),0.532,3.415,6.415,0.865,VALID,(-0.043, -0.121, 0.992),(0.032, 0.000, 0.000),0.564,3.597,6.373,0.886,0.4682526,0
334833,1000001928260588000,63875742719151,(-0.065, 1.430, 0.284),(-0.017, -0.049, 0.011, 0.999),VALID,(-0.043, -0.121, 0.992),(0.000, 0.000, 0.000),64.325,VALID,(0.068, -0.066, 0.995),(-0.032, 0.000, 0.000),0.532,3.414,6.415,0.867,VALID,(-0.043, -0.121, 0.992),(0.032, 0.000, 0.000),0.565,3.598,6.373,0.886,0.4629452,0
334834,1000001928265592500,63875742719151,(-0.065, 1.430, 0.284),(-0.017, -0.049, 0.011, 0.999),VALID,(-0.042, -0.121, 0.992),(0.000, 0.000, 0.000),64.325,VALID,(0.070, -0.066, 0.995),(-0.032, 0.000, 0.000),0.532,3.413,6.415,0.868,VALID,(-0.042, -0.121, 0.992),(0.032, 0.000, 0.000),0.565,3.601,6.373,0.886,0.4579456,0.9019188
334835,1000001928270598200,63875742719161,(-0.065, 1.430, 0.284),(-0.016, -0.049, 0.011, 0.999),VALID,(-0.042, -0.122, 0.992),(0.000, 0.000, 0.000),64.325,VALID,(0.072, -0.066, 0.995),(-0.032, 0.000, 0.000),0.532,3.414,6.415,0.870,VALID,(-0.042, -0.122, 0.992),(0.032, 0.000, 0.000),0.565,3.604,6.373,0.886,0.4533636,0.9756331
334836,1000001928275617600,63875742719161,(-0.065, 1.430, 0.284),(-0.016, -0.049, 0.011, 0.999),VALID,(-0.042, -0.122, 0.992),(0.000, 0.000, 0.000),64.325,VALID,(0.073, -0.066, 0.995),(-0.032, 0.000, 0.000),0.532,3.414,6.415,0.872,VALID,(-0.042, -0.122, 0.992),(0.032, 0.000, 0.000),0.566,3.606,6.373,0.886,0.449164,1
334837,1000001928280667800,63875742719172,(-0.065, 1.430, 0.284),(-0.016, -0.049, 0.011, 0.999),VALID,(-0.042, -0.122, 0.992),(0.000, 0.000, 0.000),64.325,VALID,(0.075, -0.066, 0.995),(-0.032, 0.000, 0.000),0.533,3.416,6.415,0.873,VALID,(-0.042, -0.122, 0.992),(0.032, 0.000, 0.000),0.566,3.608,6.373,0.886,0.4451325,1
334838,1000001928285652200,63875742719172,(-0.065, 1.430, 0.284),(-0.016, -0.049, 0.011, 0.999),VALID,(-0.042, -0.122, 0.992),(0.000, 0.000, 0.000),64.325,VALID,(0.076, -0.065, 0.995),(-0.032, 0.000, 0.000),0.533,3.419,6.415,0.874,VALID,(-0.042, -0.122, 0.992),(0.032, 0.000, 0.000),0.566,3.610,6.373,0.886,0.4416356,1
334839,1000001928290656700,63875742719184,(-0.065, 1.430, 0.284),(-0.016, -0.049, 0.011, 0.999),VALID,(-0.041, -0.122, 0.992),(0.000, 0.000, 0.000),64.325,VALID,(0.077, -0.065, 0.995),(-0.032, 0.000, 0.000),0.533,3.421,6.415,0.875,VALID,(-0.041, -0.122, 0.992),(0.032, 0.000, 0.000),0.567,3.612,6.373,0.886,0.4385343,1
334840,1000001928295658700,63875742719184,(-0.065, 1.430, 0.284),(-0.016, -0.049, 0.011, 0.999),VALID,(-0.041, -0.123, 0.992),(0.000, 0.000, 0.000),64.325,VALID,(0.078, -0.065, 0.995),(-0.032, 0.000, 0.000),0.533,3.422,6.415,0.876,VALID,(-0.041, -0.123, 0.992),(0.032, 0.000, 0.000),0.567,3.615,6.373,0.886,0.4357846,1
334841,1000001928300663200,63875742719195,(-0.065, 1.430, 0.284),(-0.016, -0.049, 0.011, 0.999),VALID,(-0.041, -0.123, 0.992),(0.000, 0.000, 0.000),64.325,VALID,(0.079, -0.065, 0.995),(-0.032, 0.000, 0.000),0.534,3.423,6.415,0.877,VALID,(-0.041, -0.123, 0.992),(0.032, 0.000, 0.000),0.568,3.617,6.373,0.886,0.4334159,1
334842,1000001928305665200,63875742719195,(-0.065, 1.430, 0.284),(-0.016, -0.049, 0.011, 0.999),VALID,(-0.041, -0.123, 0.992),(0.000, 0.000, 0.000),64.325,VALID,(0.079, -0.065, 0.995),(-0.032, 0.000, 0.000),0.534,3.425,6.415,0.878,VALID,(-0.041, -0.123, 0.992),(0.032, 0.000, 0.000),0.568,3.622,6.373,0.886,0.4315469,1
334843,1000001928310699200,63875742719206,(-0.065, 1.430, 0.283),(-0.016, -0.049, 0.011, 0.999),VALID,(-0.041, -0.123, 0.992),(0.000, 0.000, 0.000),64.325,VALID,(0.080, -0.065, 0.995),(-0.032, 0.000, 0.000),0.534,3.425,6.415,0.878,VALID,(-0.041, -0.123, 0.992),(0.032, 0.000, 0.000),0.569,3.627,6.373,0.886,0.4301676,1
334844,1000001928315694500,63875742719207,(-0.065, 1.430, 0.283),(-0.016, -0.049, 0.011, 0.999),VALID,(-0.041, -0.124, 0.992),(0.000, 0.000, 0.000),64.325,VALID,(0.080, -0.065, 0.995),(-0.032, 0.000, 0.000),0.534,3.425,6.415,0.879,VALID,(-0.041, -0.124, 0.992),(0.032, 0.000, 0.000),0.570,3.630,6.373,0.886,0.4289877,1
