177366,1.00000113899865e+18,63875741929889,0.033,1.44,-0.022,0.053,-0.024,0.003,0.998,NaN,0.237,0.167,0.957,0,0,0,64.325,NaN,0.237,0.167,0.957,-0.032,0,0,0.645,4.137,6.415,0.918,NaN,0.238,0.162,0.958,0.032,0,0,0.616,3.927,6.373,0.941,2,0
177367,1.00000113900366e+18,63875741929889,0.033,1.44,-0.022,0.053,-0.024,0.003,0.998,NaN,0.237,0.167,0.957,0,0,0,64.325,NaN,0.237,0.167,0.957,-0.032,0,0,0.645,4.135,6.415,0.918,NaN,0.238,0.162,0.958,0.032,0,0,0.616,3.927,6.373,0.941,2,0
177368,1.00000113900866e+18,63875741929900,0.033,1.44,-0.022,0.053,-0.024,0.003,0.998,NaN,0.237,0.167,0.957,0,0,0,64.325,NaN,0.237,0.167,0.957,-0.032,0,0,0.644,4.134,6.415,0.918,NaN,0.237,0.162,0.958,0.032,0,0,0.616,3.927,6.373,0.941,2,0
177369,1.00000113901367e+18,63875741929900,0.033,1.44,-0.022,0.053,-0.024,0.003,0.998,NaN,0.237,0.166,0.957,0,0,0,64.325,NaN,0.237,0.166,0.957,-0.032,0,0,0.644,4.133,6.415,0.918,NaN,0.237,0.162,0.958,0.032,0,0,0.616,3.927,6.373,0.941,2,0
177370,1.00000113901867e+18,63875741929911,0.033,1.44,-0.022,0.053,-0.024,0.003,0.998,NaN,0.237,0.166,0.957,0,0,0,64.325,NaN,0.237,0.166,0.957,-0.032,0,0,0.644,4.132,6.415,0.918,NaN,0.237,0.162,0.958,0.032,0,0,0.616,3.927,6.373,0.941,2,0
177371,1.0000011390237e+18,63875741929911,0.033,1.44,-0.022,0.053,-0.024,0.003,0.998,NaN,0.227,0.167,0.959,0,0,0,64.325,NaN,0.229,0.167,0.959,-0.032,0,0,0.643,4.125,6.415,0.918,NaN,0.214,0.165,0.963,0.032,0,0,0.616,3.925,6.373,0.941,2,0
177372,1.0000011390287e+18,63875741929922,0.033,1.44,-0.022,0.053,-0.024,0.003,0.998,NaN,0.218,0.166,0.962,0,0,0,64.325,NaN,0.22,0.166,0.961,-0.032,0,0,0.643,4.125,6.415,0.918,NaN,0.207,0.163,0.965,0.032,0,0,0.615,3.917,6.373,0.941,2,0
177373,1.00000113903394e+18,63875741929922,0.033,1.44,-0.022,0.053,-0.024,0.003,0.998,NaN,0.213,0.163,0.963,0,0,0,64.325,NaN,0.215,0.162,0.963,-0.032,0,0,0.644,4.129,6.415,0.918,NaN,0.204,0.162,0.966,0.032,0,0,0.613,3.909,6.373,0.941,2,0
177374,1.00000113903889e+18,63875741929933,0.033,1.44,-0.022,0.053,-0.024,0.003,0.998,NaN,0.211,0.158,0.965,0,0,0,64.325,NaN,0.213,0.157,0.964,-0.032,0,0,0.643,4.127,6.415,0.918,NaN,0.203,0.158,0.966,0.032,0,0,0.611,3.892,6.373,0.941,2,0
177375,1.00000113904373e+18,63875741929933,0.033,1.44,-0.022,0.053,-0.024,0.003,0.998,NaN,0.213,0.151,0.965,0,0,0,64.325,NaN,0.215,0.151,0.965,-0.032,0,0,0.642,4.12,6.415,0.918,NaN,0.207,0.154,0.966,0.032,0,0,0.609,3.883,6.373,0.941,2,0
177376,1.00000113904873e+18,63875741929933,0.033,1.44,-0.022,0.053,-0.024,0.003,0.998,NaN,0.215,0.144,0.966,0,0,0,64.325,NaN,0.216,0.143,0.966,-0.032,0,0,0.641,4.111,6.415,0.919,NaN,0.209,0.147,0.967,0.032,0,0,0.607,3.871,6.373,0.94,2,0
177377,1.00000113905374e+18,63875741929942,0.033,1.44,-0.022,0.053,-0.024,0.003,0.998,NaN,0.218,0.137,0.966,0,0,0,64.325,NaN,0.218,0.137,0.966,-0.032,0,0,0.638,4.091,6.415,0.919,NaN,0.212,0.14,0.967,0.032,0,0,0.606,3.863,6.373,0.94,2,0
177378,1.00000113905879e+18,63875741929954,0.033,1.44,-0.022,0.053,-0.024,0.003,0.998,NaN,0.22,0.125,0.967,0,0,0,64.325,NaN,0.221,0.125,0.967,-0.032,0,0,0.635,4.075,6.415,0.919,NaN,0.215,0.129,0.968,0.032,0,0,0.605,3.857,6.373,0.94,2,0
177379,1.0000011390638e+18,63875741929954,0.033,1.44,-0.022,0.053,-0.024,0.003,0.998,NaN,0.221,0.119,0.968,0,0,0,64.325,NaN,0.222,0.119,0.968,-0.032,0,0,0.633,4.058,6.415,0.919,NaN,0.217,0.122,0.969,0.032,0,0,0.604,3.851,6.373,0.94,2,0
177380,1.0000011390688e+18,63875741929954,0.033,1.44,-0.022,0.053,-0.024,0.003,0.998,NaN,0.223,0.115,0.968,0,0,0,64.325,NaN,0.223,0.115,0.968,-0.032,0,0,0.63,4.041,6.415,0.92,NaN,0.218,0.118,0.969,0.032,0,0,0.604,3.846,6.373,0.939,2,0
177381,1.0000011390738e+18,63875741929965,0.033,1.44,-0.022,0.053,-0.024,0.003,0.998,NaN,0.223,0.112,0.968,0,0,0,64.325,NaN,0.224,0.111,0.968,-0.032,0,0,0.629,4.034,6.415,0.92,NaN,0.219,0.114,0.969,0.032,0,0,0.603,3.843,6.373,0.939,2,0
177382,1.00000113907886e+18,63875741929965,0.033,1.44,-0.022,0.053,-0.024,0.003,0.998,NaN,0.224,0.109,0.968,0,0,0,64.325,NaN,0.225,0.109,0.968,-0.032,0,0,0.628,4.032,6.415,0.92,NaN,0.22,0.11,0.969,0.032,0,0,0.602,3.84,6.373,0.939,2,0
177383,1.00000113908386e+18,63875741929976,0.033,1.44,-0.022,0.053,-0.023,0.003,0.998,NaN,0.225,0.107,0.968,0,0,0,64.325,NaN,0.226,0.106,0.968,-0.032,0,0,0.626,4.014,6.415,0.92,NaN,0.222,0.108,0.969,0.032,0,0,0.602,3.836,6.373,0.939,2,0
177384,1.00000113908887e+18,63875741929976,0.033,1.44,-0.022,0.053,-0.023,0.003,0.998,NaN,0.226,0.105,0.968,0,0,0,64.325,NaN,0.227,0.105,0.968,-0.032,0,0,0.624,4.005,6.415,0.921,NaN,0.224,0.106,0.969,0.032,0,0,0.601,3.831,6.373,0.939,2,0
177385,1.00000113909387e+18,63875741929988,0.033,1.44,-0.022,0.053,-0.023,0.003,0.998,NaN,0.227,0.104,0.968,0,0,0,64.325,NaN,0.228,0.103,0.968,-0.032,0,0,0.624,4.001,6.415,0.921,NaN,0.226,0.104,0.969,0.032,0,0,0.6,3.823,6.373,0.937,2,0
177386,1.00000113909887e+18,63875741929988,0.033,1.44,-0.022,0.053,-0.023,0.003,0.998,NaN,0.229,0.102,0.968,0,0,0,64.325,NaN,0.229,0.102,0.968,-0.032,0,0,0.623,3.997,6.415,0.922,NaN,0.228,0.103,0.968,0.032,0,0,0.598,3.813,6.373,0.935,2,0
177387,1.00000113910388e+18,63875741929999,0.033,1.44,-0.022,0.053,-0.023,0.003,0.998,NaN,0.23,0.101,0.968,0,0,0,64.325,NaN,0.23,0.101,0.968,-0.032,0,0,0.621,3.981,6.415,0.922,NaN,0.23,0.102,0.968,0.032,0,0,0.597,3.804,6.373,0.933,2,0
177388,1.00000113910889e+18,63875741929999,0.033,1.44,-0.022,0.053,-0.023,0.003,0.998,NaN,0.231,0.1,0.968,0,0,0,64.325,NaN,0.232,0.1,0.968,-0.032,0,0,0.616,3.954,6.415,0.923,NaN,0.231,0.101,0.968,0.032,0,0,0.596,3.796,6.373,0.932,2,0
177389,1.00000113911392e+18,63875741929999,0.033,1.44,-0.022,0.053,-0.023,0.003,0.998,NaN,0.233,0.1,0.967,0,0,0,64.325,NaN,0.233,0.1,0.967,-0.032,0,0,0.615,3.944,6.415,0.924,NaN,0.233,0.1,0.967,0.032,0,0,0.595,3.791,6.373,0.93,2,0
177390,1.00000113911893e+18,63875741930009,0.033,1.44,-0.022,0.053,-0.023,0.003,0.998,NaN,0.235,0.096,0.967,0,0,0,64.325,NaN,0.235,0.096,0.967,-0.032,0,0,0.615,3.944,6.415,0.925,NaN,0.235,0.096,0.967,0.032,0,0,0.594,3.783,6.373,0.928,2,0
177391,1.00000113912396e+18,63875741930010,0.033,1.44,-0.022,0.053,-0.023,0.003,0.998,NaN,0.236,0.096,0.967,0,0,0,64.325,NaN,0.236,0.096,0.967,-0.032,0,0,0.615,3.944,6.415,0.924,NaN,0.236,0.096,0.967,0.032,0,0,0.593,3.777,6.373,0.927,2,0
177392,1.00000113912896e+18,63875741930021,0.033,1.44,-0.022,0.053,-0.023,0.003,0.998,NaN,0.237,0.096,0.967,0,0,0,64.325,NaN,0.236,0.096,0.967,-0.032,0,0,0.614,3.938,6.415,0.925,NaN,0.237,0.096,0.967,0.032,0,0,0.592,3.771,6.373,0.926,2,0
177393,1.00000113913396e+18,63875741930021,0.033,1.44,-0.022,0.053,-0.023,0.003,0.998,NaN,0.238,0.093,0.967,0,0,0,64.325,NaN,0.238,0.093,0.967,-0.032,0,0,0.614,3.938,6.415,0.925,NaN,0.239,0.093,0.967,0.032,0,0,0.591,3.766,6.373,0.924,2,0
177394,1.00000113913899e+18,63875741930032,0.033,1.44,-0.022,0.053,-0.023,0.003,0.998,NaN,0.239,0.093,0.967,0,0,0,64.325,NaN,0.239,0.093,0.967,-0.032,0,0,0.614,3.936,6.415,0.925,NaN,0.24,0.093,0.966,0.032,0,0,0.59,3.759,6.373,0.924,2,0
177395,1.000001139144e+18,63875741930032,0.033,1.44,-0.022,0.053,-0.023,0.003,0.998,NaN,0.239,0.094,0.966,0,0,0,64.325,NaN,0.239,0.094,0.966,-0.032,0,0,0.612,3.924,6.415,0.926,NaN,0.24,0.094,0.966,0.032,0,0,0.589,3.754,6.373,0.923,2,0
177396,1.00000113914902e+18,63875741930043,0.033,1.44,-0.022,0.053,-0.023,0.003,0.998,NaN,0.24,0.094,0.966,0,0,0,64.325,NaN,0.24,0.094,0.966,-0.032,0,0,0.609,3.905,6.415,0.926,NaN,0.241,0.094,0.966,0.032,0,0,0.588,3.746,6.373,0.922,2,0
177397,1.00000113915403e+18,63875741930043,0.033,1.44,-0.022,0.053,-0.023,0.003,0.998,NaN,0.24,0.094,0.966,0,0,0,64.325,NaN,0.24,0.094,0.966,-0.032,0,0,0.606,3.89,6.415,0.926,NaN,0.241,0.094,0.966,0.032,0,0,0.587,3.741,6.373,0.921,2,0
177398,1.00000113915903e+18,63875741930054,0.033,1.44,-0.021,0.053,-0.023,0.003,0.998,NaN,0.241,0.094,0.966,0,0,0,64.325,NaN,0.241,0.094,0.966,-0.032,0,0,0.603,3.868,6.415,0.927,NaN,0.241,0.094,0.966,0.032,0,0,0.586,3.732,6.373,0.921,2,0
177399,1.00000113916404e+18,63875741930054,0.033,1.44,-0.021,0.053,-0.023,0.003,0.998,NaN,0.241,0.094,0.966,0,0,0,64.325,NaN,0.241,0.094,0.966,-0.032,0,0,0.6,3.851,6.415,0.927,NaN,0.242,0.094,0.966,0.032,0,0,0.584,3.723,6.373,0.92,2,0.07351273
177400,1.00000113916905e+18,63875741930054,0.033,1.44,-0.021,0.053,-0.023,0.003,0.998,NaN,0.242,0.093,0.966,0,0,0,64.325,NaN,0.242,0.093,0.966,-0.032,0,0,0.6,3.85,6.415,0.927,NaN,0.242,0.093,0.966,0.032,0,0,0.583,3.717,6.373,0.92,2,0
177401,1.00000113917406e+18,63875741930065,0.032,1.44,-0.022,0.053,-0.023,0.003,0.998,NaN,0.243,0.092,0.966,0,0,0,64.325,NaN,0.243,0.092,0.966,-0.032,0,0,0.6,3.851,6.415,0.928,NaN,0.243,0.092,0.966,0.032,0,0,0.582,3.712,6.373,0.92,2,0
177402,1.00000113917907e+18,63875741930065,0.032,1.44,-0.022,0.053,-0.023,0.003,0.998,NaN,0.244,0.091,0.966,0,0,0,64.325,NaN,0.244,0.091,0.966,-0.032,0,0,0.601,3.855,6.415,0.928,NaN,0.244,0.091,0.966,0.032,0,0,0.582,3.707,6.373,0.919,2,0
177403,1.00000113918408e+18,63875741930076,0.032,1.44,-0.022,0.053,-0.023,0.003,0.998,NaN,0.244,0.089,0.966,0,0,0,64.325,NaN,0.244,0.089,0.966,-0.032,0,0,0.602,3.864,6.415,0.928,NaN,0.245,0.089,0.965,0.032,0,0,0.58,3.699,6.373,0.919,2,0
177404,1.00000113918909e+18,63875741930076,0.032,1.44,-0.022,0.053,-0.023,0.003,0.998,NaN,0.245,0.088,0.966,0,0,0,64.325,NaN,0.245,0.088,0.966,-0.032,0,0,0.604,3.875,6.415,0.929,NaN,0.245,0.088,0.965,0.032,0,0,0.579,3.691,6.373,0.918,2,0
177405,1.0000011391941e+18,63875741930087,0.032,1.44,-0.022,0.053,-0.023,0.003,0.998,NaN,0.244,0.089,0.966,0,0,0,64.325,NaN,0.244,0.089,0.966,-0.032,0,0,0.604,3.875,6.415,0.929,NaN,0.245,0.089,0.965,0.032,0,0,0.578,3.683,6.373,0.918,2,0
177406,1.00000113919913e+18,63875741930087,0.032,1.44,-0.022,0.053,-0.023,0.003,0.998,NaN,0.245,0.089,0.966,0,0,0,64.325,NaN,0.245,0.089,0.966,-0.032,0,0,0.604,3.873,6.415,0.929,NaN,0.245,0.089,0.965,0.032,0,0,0.577,3.677,6.373,0.918,2,0
177407,1.00000113920414e+18,63875741930099,0.032,1.44,-0.022,0.053,-0.023,0.003,0.998,NaN,0.245,0.089,0.965,0,0,0,64.325,NaN,0.245,0.089,0.965,-0.032,0,0,0.603,3.871,6.415,0.929,NaN,0.245,0.089,0.965,0.032,0,0,0.576,3.673,6.373,0.918,2,0
177408,1.00000113920915e+18,63875741930099,0.032,1.44,-0.022,0.053,-0.023,0.003,0.998,NaN,0.245,0.088,0.965,0,0,0,64.325,NaN,0.245,0.088,0.965,-0.032,0,0,0.602,3.864,6.415,0.929,NaN,0.246,0.088,0.965,0.032,0,0,0.576,3.668,6.373,0.917,2,0
177409,1.00000113921419e+18,63875741930099,0.032,1.44,-0.022,0.053,-0.023,0.003,0.998,NaN,0.246,0.088,0.965,0,0,0,64.325,NaN,0.246,0.088,0.965,-0.032,0,0,0.601,3.855,6.415,0.929,NaN,0.246,0.088,0.965,0.032,0,0,0.575,3.664,6.373,0.917,2,0
177410,1.00000113921919e+18,63875741930110,0.033,1.44,-0.022,0.053,-0.023,0.003,0.998,NaN,0.246,0.088,0.965,0,0,0,64.325,NaN,0.246,0.088,0.965,-0.032,0,0,0.6,3.851,6.415,0.929,NaN,0.246,0.088,0.965,0.032,0,0,0.574,3.659,6.373,0.917,2,0
177411,1.0000011392242e+18,63875741930110,0.033,1.44,-0.022,0.053,-0.023,0.003,0.998,NaN,0.246,0.087,0.965,0,0,0,64.325,NaN,0.246,0.087,0.965,-0.032,0,0,0.6,3.849,6.415,0.93,NaN,0.246,0.087,0.965,0.032,0,0,0.573,3.655,6.373,0.916,2,0
177412,1.00000113922922e+18,63875741930121,0.033,1.441,-0.022,0.053,-0.023,0.003,0.998,NaN,0.246,0.087,0.965,0,0,0,64.325,NaN,0.246,0.087,0.965,-0.032,0,0,0.6,3.847,6.415,0.93,NaN,0.246,0.087,0.965,0.032,0,0,0.573,3.649,6.373,0.916,2,0.01596215
177413,1.00000113923423e+18,63875741930121,0.033,1.441,-0.022,0.053,-0.023,0.003,0.998,NaN,0.246,0.087,0.965,0,0,0,64.325,NaN,0.246,0.087,0.965,-0.032,0,0,0.599,3.843,6.415,0.931,NaN,0.246,0.087,0.965,0.032,0,0,0.572,3.645,6.373,0.916,2,0.2625183
177414,1.00000113923923e+18,63875741930132,0.033,1.441,-0.022,0.053,-0.023,0.003,0.998,NaN,0.246,0.087,0.965,0,0,0,64.325,NaN,0.246,0.087,0.965,-0.032,0,0,0.598,3.837,6.415,0.931,NaN,0.247,0.087,0.965,0.032,0,0,0.571,3.641,6.373,0.916,2,0.2601615
177415,1.00000113924428e+18,63875741930132,0.033,1.441,-0.022,0.053,-0.023,0.003,0.998,NaN,0.246,0.087,0.965,0,0,0,64.325,NaN,0.246,0.087,0.965,-0.032,0,0,0.597,3.832,6.415,0.931,NaN,0.247,0.087,0.965,0.032,0,0,0.57,3.635,6.373,0.915,2,0.2537397
177416,1.00000113924929e+18,63875741930143,0.033,1.441,-0.022,0.053,-0.023,0.003,0.998,NaN,0.247,0.087,0.965,0,0,0,64.325,NaN,0.247,0.087,0.965,-0.032,0,0,0.597,3.829,6.415,0.931,NaN,0.247,0.087,0.965,0.032,0,0,0.57,3.63,6.373,0.915,2,0.2290613
177417,1.0000011392543e+18,63875741930143,0.033,1.441,-0.022,0.053,-0.023,0.003,0.998,NaN,0.237,0.088,0.968,0,0,0,64.325,NaN,0.245,0.088,0.965,-0.032,0,0,0.596,3.825,6.415,0.932,NaN,0.23,0.089,0.969,0.032,0,0,0.57,3.63,6.373,0.915,2,0
177418,1.0000011392593e+18,63875741930154,0.033,1.441,-0.022,0.053,-0.023,0.003,0.998,NaN,0.238,0.088,0.967,0,0,0,64.325,NaN,0.246,0.088,0.965,-0.032,0,0,0.591,3.793,6.415,0.931,NaN,0.232,0.088,0.969,0.032,0,0,0.57,3.631,6.373,0.917,2,0
177419,1.00000113926431e+18,63875741930154,0.033,1.441,-0.022,0.053,-0.023,0.003,0.998,NaN,0.229,0.088,0.969,0,0,0,64.325,NaN,0.24,0.088,0.967,-0.032,0,0,0.59,3.786,6.415,0.931,NaN,0.223,0.089,0.971,0.032,0,0,0.573,3.649,6.373,0.921,2,0
177420,1.00000113926932e+18,63875741930165,0.032,1.441,-0.022,0.053,-0.023,0.003,0.998,NaN,0.207,0.089,0.974,0,0,0,64.325,NaN,0.219,0.089,0.972,-0.032,0,0,0.584,3.748,6.415,0.931,NaN,0.202,0.089,0.975,0.032,0,0,0.574,3.657,6.373,0.925,2,0
177421,1.00000113927433e+18,63875741930165,0.032,1.441,-0.022,0.053,-0.023,0.003,0.998,NaN,0.182,0.09,0.979,0,0,0,64.325,NaN,0.199,0.089,0.976,-0.032,0,0,0.55,3.528,6.415,0.931,NaN,0.178,0.09,0.98,0.032,0,0,0.573,3.652,6.373,0.93,2,0
177422,1.00000113927933e+18,63875741930176,0.033,1.441,-0.022,0.053,-0.023,0.003,0.998,NaN,0.143,0.091,0.985,0,0,0,64.325,NaN,0.157,0.091,0.983,-0.032,0,0,0.55,3.529,6.415,0.929,NaN,0.141,0.091,0.986,0.032,0,0,0.567,3.616,6.373,0.934,2,0
177423,1.00000113928434e+18,63875741930176,0.033,1.441,-0.022,0.053,-0.023,0.003,0.998,NaN,0.099,0.093,0.991,0,0,0,64.325,NaN,0.109,0.093,0.99,-0.032,0,0,0.55,3.529,6.415,0.929,NaN,0.098,0.093,0.991,0.032,0,0,0.568,3.621,6.373,0.938,2,0
177424,1.00000113928936e+18,63875741930176,0.033,1.441,-0.022,0.053,-0.023,0.003,0.998,NaN,0.031,0.096,0.995,0,0,0,64.325,NaN,0.044,0.096,0.994,-0.032,0,0,0.549,3.524,6.415,0.93,NaN,0.03,0.096,0.995,0.032,0,0,0.569,3.625,6.373,0.94,2,0
177425,1.00000113929436e+18,63875741930188,0.033,1.441,-0.022,0.053,-0.023,0.003,0.998,NaN,-0.002,0.098,0.995,0,0,0,64.325,NaN,0.005,0.098,0.995,-0.032,0,0,0.55,3.53,6.415,0.93,NaN,-0.003,0.098,0.995,0.032,0,0,0.569,3.629,6.373,0.941,2,0
177426,1.00000113929937e+18,63875741930188,0.033,1.441,-0.022,0.053,-0.023,0.003,0.998,NaN,-0.033,0.1,0.994,0,0,0,64.325,NaN,-0.029,0.1,0.995,-0.032,0,0,0.583,3.739,6.415,0.931,NaN,-0.033,0.1,0.994,0.032,0,0,0.57,3.632,6.373,0.941,2,0
177427,1.00000113930438e+18,63875741930198,0.033,1.441,-0.022,0.053,-0.023,0.003,0.998,NaN,-0.079,0.102,0.992,0,0,0,64.325,NaN,-0.071,0.102,0.992,-0.032,0,0,0.585,3.752,6.415,0.932,NaN,-0.079,0.102,0.992,0.032,0,0,0.57,3.636,6.373,0.942,2,0
177428,1.00000113930941e+18,63875741930198,0.033,1.441,-0.022,0.053,-0.023,0.003,0.998,NaN,-0.084,0.104,0.991,0,0,0,64.325,NaN,-0.08,0.104,0.991,-0.032,0,0,0.585,3.75,6.415,0.933,NaN,-0.084,0.104,0.991,0.032,0,0,0.571,3.638,6.373,0.942,2,0
177429,1.00000113931441e+18,63875741930198,0.033,1.441,-0.022,0.053,-0.023,0.003,0.998,NaN,-0.089,0.106,0.99,0,0,0,64.325,NaN,-0.087,0.106,0.991,-0.032,0,0,0.584,3.749,6.415,0.934,NaN,-0.089,0.106,0.99,0.032,0,0,0.571,3.641,6.373,0.942,2,0
177430,1.00000113931942e+18,63875741930209,0.033,1.441,-0.022,0.053,-0.023,0.003,0.998,NaN,-0.113,0.108,0.988,0,0,0,64.325,NaN,-0.107,0.108,0.988,-0.032,0,0,0.584,3.744,6.415,0.936,NaN,-0.113,0.108,0.988,0.032,0,0,0.571,3.641,6.373,0.942,2,0
177431,1.00000113932442e+18,63875741930209,0.033,1.441,-0.022,0.053,-0.023,0.003,0.998,NaN,-0.127,0.109,0.986,0,0,0,64.325,NaN,-0.119,0.109,0.987,-0.032,0,0,0.582,3.734,6.415,0.937,NaN,-0.127,0.109,0.986,0.032,0,0,0.571,3.636,6.373,0.942,2,0
177432,1.00000113932943e+18,63875741930221,0.032,1.441,-0.022,0.053,-0.023,0.003,0.998,NaN,-0.134,0.11,0.985,0,0,0,64.325,NaN,-0.126,0.11,0.986,-0.032,0,0,0.58,3.724,6.415,0.939,NaN,-0.135,0.11,0.985,0.032,0,0,0.57,3.633,6.373,0.942,2,0
177433,1.00000113933444e+18,63875741930221,0.032,1.441,-0.022,0.053,-0.023,0.003,0.998,NaN,-0.139,0.111,0.984,0,0,0,64.325,NaN,-0.13,0.111,0.985,-0.032,0,0,0.579,3.717,6.415,0.941,NaN,-0.139,0.111,0.984,0.032,0,0,0.569,3.625,6.373,0.942,2,0
177434,1.00000113933945e+18,63875741930232,0.032,1.441,-0.022,0.053,-0.023,0.003,0.998,NaN,-0.141,0.112,0.984,0,0,0,64.325,NaN,-0.132,0.112,0.985,-0.032,0,0,0.579,3.713,6.415,0.943,NaN,-0.142,0.112,0.984,0.032,0,0,0.567,3.616,6.373,0.943,2,0
177435,1.00000113934447e+18,63875741930232,0.032,1.441,-0.022,0.053,-0.023,0.003,0.998,NaN,-0.142,0.112,0.983,0,0,0,64.325,NaN,-0.134,0.112,0.985,-0.032,0,0,0.579,3.712,6.415,0.945,NaN,-0.143,0.112,0.983,0.032,0,0,0.566,3.61,6.373,0.943,2,0
177436,1.00000113934948e+18,63875741930243,0.032,1.441,-0.022,0.053,-0.023,0.003,0.998,NaN,-0.143,0.112,0.983,0,0,0,64.325,NaN,-0.135,0.113,0.984,-0.032,0,0,0.578,3.709,6.415,0.946,NaN,-0.144,0.112,0.983,0.032,0,0,0.566,3.607,6.373,0.943,2,0
177437,1.00000113935452e+18,63875741930243,0.032,1.441,-0.022,0.053,-0.023,0.003,0.998,NaN,-0.143,0.113,0.983,0,0,0,64.325,NaN,-0.136,0.113,0.984,-0.032,0,0,0.578,3.707,6.415,0.947,NaN,-0.144,0.113,0.983,0.032,0,0,0.566,3.605,6.373,0.943,2,0
177438,1.00000113935953e+18,63875741930253,0.032,1.441,-0.022,0.053,-0.023,0.003,0.998,NaN,-0.144,0.112,0.983,0,0,0,64.325,NaN,-0.137,0.113,0.984,-0.032,0,0,0.577,3.705,6.415,0.948,NaN,-0.144,0.112,0.983,0.032,0,0,0.565,3.602,6.373,0.943,2,0
177439,1.00000113936454e+18,63875741930253,0.032,1.441,-0.022,0.053,-0.023,0.003,0.998,NaN,-0.144,0.112,0.983,0,0,0,64.325,NaN,-0.137,0.112,0.984,-0.032,0,0,0.577,3.703,6.415,0.949,NaN,-0.144,0.112,0.983,0.032,0,0,0.565,3.598,6.373,0.944,2,0
177440,1.00000113936955e+18,63875741930253,0.032,1.441,-0.022,0.053,-0.023,0.003,0.998,NaN,-0.144,0.112,0.983,0,0,0,64.325,NaN,-0.137,0.112,0.984,-0.032,0,0,0.577,3.703,6.415,0.951,NaN,-0.145,0.112,0.983,0.032,0,0,0.564,3.595,6.373,0.944,2,0
177441,1.00000113937455e+18,63875741930265,0.032,1.441,-0.021,0.053,-0.023,0.003,0.998,NaN,-0.144,0.112,0.983,0,0,0,64.325,NaN,-0.137,0.112,0.984,-0.032,0,0,0.577,3.701,6.415,0.952,NaN,-0.145,0.112,0.983,0.032,0,0,0.564,3.592,6.373,0.944,2,0
177442,1.00000113937955e+18,63875741930265,0.032,1.441,-0.021,0.053,-0.023,0.003,0.998,NaN,-0.144,0.111,0.983,0,0,0,64.325,NaN,-0.137,0.111,0.984,-0.032,0,0,0.577,3.703,6.415,0.953,NaN,-0.145,0.111,0.983,0.032,0,0,0.563,3.59,6.373,0.944,2,0
177443,1.00000113938456e+18,63875741930275,0.032,1.441,-0.021,0.052,-0.023,0.003,0.998,NaN,-0.144,0.111,0.983,0,0,0,64.325,NaN,-0.135,0.111,0.985,-0.032,0,0,0.573,3.676,6.415,0.954,NaN,-0.144,0.111,0.983,0.032,0,0,0.563,3.589,6.373,0.944,2,0
177444,1.00000113938959e+18,63875741930275,0.032,1.441,-0.021,0.052,-0.023,0.003,0.998,NaN,-0.143,0.111,0.983,0,0,0,64.325,NaN,-0.134,0.111,0.985,-0.032,0,0,0.572,3.671,6.415,0.954,NaN,-0.144,0.111,0.983,0.032,0,0,0.563,3.588,6.373,0.944,2,0
177445,1.0000011393946e+18,63875741930287,0.032,1.44,-0.021,0.052,-0.023,0.003,0.998,NaN,-0.143,0.11,0.983,0,0,0,64.325,NaN,-0.133,0.111,0.985,-0.032,0,0,0.572,3.671,6.415,0.955,NaN,-0.144,0.11,0.983,0.032,0,0,0.563,3.586,6.373,0.945,2,0
177446,1.00000113939961e+18,63875741930287,0.032,1.44,-0.021,0.052,-0.023,0.003,0.998,NaN,-0.143,0.11,0.984,0,0,0,64.325,NaN,-0.133,0.11,0.985,-0.032,0,0,0.573,3.673,6.415,0.956,NaN,-0.144,0.11,0.983,0.032,0,0,0.563,3.585,6.373,0.945,2,0
177447,1.00000113940462e+18,63875741930298,0.032,1.44,-0.021,0.052,-0.023,0.003,0.998,NaN,-0.143,0.11,0.984,0,0,0,64.325,NaN,-0.134,0.11,0.985,-0.032,0,0,0.573,3.679,6.415,0.956,NaN,-0.144,0.11,0.983,0.032,0,0,0.562,3.584,6.373,0.945,2,0.2944795
177448,1.00000113940968e+18,63875741930298,0.032,1.44,-0.021,0.052,-0.023,0.003,0.998,NaN,-0.143,0.11,0.984,0,0,0,64.325,NaN,-0.134,0.11,0.985,-0.032,0,0,0.574,3.683,6.415,0.957,NaN,-0.144,0.11,0.983,0.032,0,0,0.562,3.583,6.373,0.945,2,0.3510794
177449,1.00000113941469e+18,63875741930298,0.032,1.44,-0.021,0.052,-0.023,0.003,0.998,NaN,-0.143,0.11,0.984,0,0,0,64.325,NaN,-0.134,0.11,0.985,-0.032,0,0,0.574,3.685,6.415,0.957,NaN,-0.144,0.11,0.984,0.032,0,0,0.562,3.582,6.373,0.945,2,1
177450,1.0000011394197e+18,63875741930310,0.032,1.44,-0.021,0.052,-0.023,0.003,0.998,NaN,-0.143,0.11,0.984,0,0,0,64.325,NaN,-0.134,0.11,0.985,-0.032,0,0,0.575,3.686,6.415,0.958,NaN,-0.144,0.11,0.984,0.032,0,0,0.562,3.582,6.373,0.945,2,1
177451,1.00000113942469e+18,63875741930310,0.032,1.44,-0.021,0.052,-0.023,0.003,0.998,NaN,-0.143,0.109,0.984,0,0,0,64.325,NaN,-0.134,0.11,0.985,-0.032,0,0,0.575,3.687,6.415,0.958,NaN,-0.144,0.109,0.984,0.032,0,0,0.562,3.58,6.373,0.946,2,1
177452,1.0000011394297e+18,63875741930321,0.032,1.44,-0.021,0.052,-0.023,0.003,0.998,NaN,-0.143,0.109,0.984,0,0,0,64.325,NaN,-0.134,0.109,0.985,-0.032,0,0,0.575,3.688,6.415,0.959,NaN,-0.144,0.109,0.984,0.032,0,0,0.561,3.578,6.373,0.946,2,1
177453,1.0000011394347e+18,63875741930321,0.032,1.44,-0.021,0.052,-0.023,0.003,0.998,NaN,-0.143,0.109,0.984,0,0,0,64.325,NaN,-0.135,0.109,0.985,-0.032,0,0,0.575,3.689,6.415,0.959,NaN,-0.144,0.109,0.984,0.032,0,0,0.561,3.577,6.373,0.946,2,1
177454,1.0000011394397e+18,63875741930333,0.032,1.44,-0.021,0.052,-0.023,0.003,0.998,NaN,-0.143,0.109,0.984,0,0,0,64.325,NaN,-0.134,0.109,0.985,-0.032,0,0,0.575,3.689,6.415,0.96,NaN,-0.144,0.109,0.984,0.032,0,0,0.561,3.576,6.373,0.946,2,1
177455,1.00000113944471e+18,63875741930333,0.032,1.44,-0.021,0.052,-0.023,0.003,0.998,NaN,-0.143,0.109,0.984,0,0,0,64.325,NaN,-0.135,0.109,0.985,-0.032,0,0,0.575,3.688,6.415,0.96,NaN,-0.144,0.109,0.984,0.032,0,0,0.561,3.576,6.373,0.947,2,1
177456,1.00000113944973e+18,63875741930343,0.032,1.44,-0.021,0.052,-0.023,0.003,0.998,NaN,-0.143,0.108,0.984,0,0,0,64.325,NaN,-0.135,0.108,0.985,-0.032,0,0,0.575,3.687,6.415,0.961,NaN,-0.144,0.108,0.984,0.032,0,0,0.561,3.575,6.373,0.947,2,1
177457,1.00000113945477e+18,63875741930343,0.032,1.44,-0.021,0.052,-0.023,0.003,0.998,NaN,-0.143,0.108,0.984,0,0,0,64.325,NaN,-0.134,0.108,0.985,-0.032,0,0,0.575,3.687,6.415,0.961,NaN,-0.144,0.108,0.984,0.032,0,0,0.561,3.575,6.373,0.947,2,1
177458,1.00000113945978e+18,63875741930354,0.032,1.44,-0.021,0.052,-0.023,0.003,0.998,NaN,-0.143,0.107,0.984,0,0,0,64.325,NaN,-0.135,0.107,0.985,-0.032,0,0,0.575,3.687,6.415,0.961,NaN,-0.144,0.107,0.984,0.032,0,0,0.561,3.575,6.373,0.947,2,1
177459,1.00000113946484e+18,63875741930354,0.032,1.44,-0.021,0.052,-0.023,0.003,0.998,NaN,-0.143,0.107,0.984,0,0,0,64.325,NaN,-0.129,0.107,0.986,-0.032,0,0,0.54,3.462,6.415,0.96,NaN,-0.144,0.107,0.984,0.032,0,0,0.561,3.575,6.373,0.947,2,1
177460,1.00000113946984e+18,63875741930354,0.032,1.44,-0.021,0.052,-0.023,0.003,0.998,NaN,-0.14,0.107,0.984,0,0,0,64.325,NaN,-0.126,0.107,0.986,-0.032,0,0,0.535,3.429,6.415,0.96,NaN,-0.141,0.107,0.984,0.032,0,0,0.561,3.576,6.373,0.946,2,0.3939925
177461,1.00000113947485e+18,63875741930365,0.032,1.439,-0.021,0.052,-0.023,0.003,0.998,NaN,-0.139,0.108,0.984,0,0,0,64.325,NaN,-0.124,0.107,0.987,-0.032,0,0,0.535,3.431,6.415,0.959,NaN,-0.139,0.107,0.984,0.032,0,0,0.562,3.581,6.373,0.945,2,0.3597854
177462,1.00000113947985e+18,63875741930365,0.032,1.439,-0.021,0.052,-0.023,0.003,0.998,NaN,-0.136,0.108,0.985,0,0,0,64.325,NaN,-0.106,0.106,0.989,-0.032,0,0,0.533,3.418,6.415,0.958,NaN,-0.137,0.108,0.985,0.032,0,0,0.563,3.588,6.373,0.938,2,0.3177336
177463,1.00000113948486e+18,63875741930377,0.032,1.439,-0.021,0.052,-0.023,0.003,0.998,NaN,-0.133,0.108,0.985,0,0,0,64.325,NaN,-0.089,0.106,0.99,-0.032,0,0,0.533,3.418,6.415,0.952,NaN,-0.134,0.108,0.985,0.032,0,0,0.563,3.585,6.373,0.924,2,0.1840645
177464,1.00000113948987e+18,63875741930377,0.032,1.439,-0.021,0.052,-0.023,0.003,0.998,NaN,-0.13,0.107,0.986,0,0,0,64.325,NaN,-0.074,0.105,0.992,-0.032,0,0,0.533,3.418,6.415,0.947,NaN,-0.13,0.107,0.986,0.032,0,0,0.56,3.571,6.373,0.897,1.117763,0.02968526
177465,1.00000113949488e+18,63875741930388,0.032,1.439,-0.021,0.052,-0.023,0.003,0.998,NaN,-0.122,0.104,0.987,0,0,0,64.325,NaN,NaN,NaN,NaN,NaN,NaN,NaN,NaN,-0.122,0.104,0.987,0.032,0,0,0.542,3.456,6.373,NaN,2,0,NaN,NaN,NaN,NaN
177466,1.00000113949989e+18,63875741930388,0.032,1.439,-0.021,0.052,-0.023,0.003,0.998,NaN,-0.114,0.101,0.988,0,0,0,64.325,NaN,NaN,NaN,NaN,NaN,NaN,NaN,NaN,-0.114,0.101,0.988,0.032,0,0,0.535,3.408,6.373,NaN,2,0,NaN,NaN,NaN,NaN
177479,1.00000113956506e+18,63875741930933,0.032,1.441,-0.022,0.05,-0.023,0.003,0.998,NaN,NaN,NaN,NaN,NaN,NaN,NaN,NaN,NaN,NaN,NaN,NaN,NaN,NaN,NaN,NaN,NaN,NaN,NaN,NaN,NaN,NaN,NaN,NaN,NaN,NaN,NaN,NaN,NaN,NaN,NaN,NaN
177480,1.0000011395701e+18,63875741930933,0.032,1.441,-0.022,0.05,-0.023,0.003,0.998,NaN,NaN,NaN,NaN,NaN,NaN,NaN,NaN,NaN,NaN,NaN,NaN,NaN,NaN,NaN,NaN,NaN,NaN,NaN,NaN,NaN,NaN,NaN,NaN,NaN,NaN,NaN,NaN,NaN,NaN,NaN,NaN
177481,1.00000113957506e+18,63875741930933,0.032,1.441,-0.022,0.05,-0.023,0.003,0.998,NaN,NaN,NaN,NaN,NaN,NaN,NaN,NaN,NaN,NaN,NaN,NaN,NaN,NaN,NaN,NaN,NaN,NaN,NaN,NaN,NaN,NaN,NaN,NaN,NaN,NaN,NaN,NaN,NaN,NaN,NaN,NaN
177482,1.00000113958006e+18,63875741930933,0.032,1.441,-0.022,0.05,-0.023,0.003,0.998,NaN,NaN,NaN,NaN,NaN,NaN,NaN,NaN,NaN,NaN,NaN,NaN,NaN,NaN,NaN,NaN,NaN,NaN,NaN,NaN,NaN,NaN,NaN,NaN,NaN,NaN,NaN,NaN,NaN,NaN,NaN,NaN
177483,1.0000011395851e+18,63875741930933,0.032,1.441,-0.022,0.05,-0.023,0.003,0.998,NaN,NaN,NaN,NaN,NaN,NaN,NaN,NaN,NaN,NaN,NaN,NaN,NaN,NaN,NaN,NaN,NaN,NaN,NaN,NaN,NaN,NaN,NaN,NaN,NaN,NaN,NaN,NaN,NaN,NaN,NaN,NaN
177484,1.00000113959012e+18,63875741930933,0.032,1.441,-0.022,0.05,-0.023,0.003,0.998,NaN,NaN,NaN,NaN,NaN,NaN,NaN,NaN,NaN,NaN,NaN,NaN,NaN,NaN,NaN,NaN,NaN,NaN,NaN,NaN,NaN,NaN,NaN,NaN,NaN,NaN,NaN,NaN,NaN,NaN,NaN,NaN
177485,1.00000113959511e+18,63875741930933,0.032,1.441,-0.022,0.05,-0.023,0.003,0.998,NaN,NaN,NaN,NaN,NaN,NaN,NaN,NaN,NaN,NaN,NaN,NaN,NaN,NaN,NaN,NaN,NaN,NaN,NaN,NaN,NaN,NaN,NaN,NaN,NaN,NaN,NaN,NaN,NaN,NaN,NaN,NaN
177486,1.00000113960013e+18,63875741930933,0.032,1.441,-0.022,0.05,-0.023,0.003,0.998,NaN,NaN,NaN,NaN,NaN,NaN,NaN,NaN,NaN,NaN,NaN,NaN,NaN,NaN,NaN,NaN,NaN,NaN,NaN,NaN,NaN,NaN,NaN,NaN,NaN,NaN,NaN,NaN,NaN,NaN,NaN,NaN
177487,1.00000113960516e+18,63875741930933,0.032,1.441,-0.022,0.05,-0.023,0.003,0.998,NaN,NaN,NaN,NaN,NaN,NaN,NaN,NaN,NaN,NaN,NaN,NaN,NaN,NaN,NaN,NaN,NaN,NaN,NaN,NaN,NaN,NaN,NaN,NaN,NaN,NaN,NaN,NaN,NaN,NaN,NaN,NaN
177488,1.00000113961018e+18,63875741930933,0.032,1.441,-0.022,0.05,-0.023,0.003,0.998,NaN,NaN,NaN,NaN,NaN,NaN,NaN,NaN,NaN,NaN,NaN,NaN,NaN,NaN,NaN,NaN,NaN,NaN,NaN,NaN,NaN,NaN,NaN,NaN,NaN,NaN,NaN,NaN,NaN,NaN,NaN,NaN
177489,1.00000113961515e+18,63875741930933,0.032,1.441,-0.022,0.05,-0.023,0.003,0.998,NaN,NaN,NaN,NaN,NaN,NaN,NaN,NaN,NaN,NaN,NaN,NaN,NaN,NaN,NaN,NaN,NaN,NaN,NaN,NaN,NaN,NaN,NaN,NaN,NaN,NaN,NaN,NaN,NaN,NaN,NaN,NaN
177490,1.00000113962017e+18,63875741930933,0.032,1.441,-0.022,0.05,-0.023,0.003,0.998,NaN,NaN,NaN,NaN,NaN,NaN,NaN,NaN,NaN,NaN,NaN,NaN,NaN,NaN,NaN,NaN,NaN,NaN,NaN,NaN,NaN,NaN,NaN,NaN,NaN,NaN,NaN,NaN,NaN,NaN,NaN,NaN
177491,1.00000113962519e+18,63875741930933,0.032,1.441,-0.022,0.05,-0.023,0.003,0.998,NaN,NaN,NaN,NaN,NaN,NaN,NaN,NaN,NaN,NaN,NaN,NaN,NaN,NaN,NaN,NaN,NaN,NaN,NaN,NaN,NaN,NaN,NaN,NaN,NaN,NaN,NaN,NaN,NaN,NaN,NaN,NaN
177492,1.0000011396302e+18,63875741930933,0.032,1.441,-0.022,0.05,-0.023,0.003,0.998,NaN,NaN,NaN,NaN,NaN,NaN,NaN,NaN,NaN,NaN,NaN,NaN,NaN,NaN,NaN,NaN,NaN,NaN,NaN,NaN,NaN,NaN,NaN,NaN,NaN,NaN,NaN,NaN,NaN,NaN,NaN,NaN
177493,1.00000113963519e+18,63875741930933,0.032,1.441,-0.022,0.05,-0.023,0.003,0.998,NaN,NaN,NaN,NaN,NaN,NaN,NaN,NaN,NaN,NaN,NaN,NaN,NaN,NaN,NaN,NaN,NaN,NaN,NaN,NaN,NaN,NaN,NaN,NaN,NaN,NaN,NaN,NaN,NaN,NaN,NaN,NaN
177494,1.00000113964019e+18,63875741930933,0.032,1.441,-0.022,0.05,-0.023,0.003,0.998,NaN,NaN,NaN,NaN,NaN,NaN,NaN,NaN,NaN,NaN,NaN,NaN,NaN,NaN,NaN,NaN,NaN,NaN,NaN,NaN,NaN,NaN,NaN,NaN,NaN,NaN,NaN,NaN,NaN,NaN,NaN,NaN
177495,1.00000113964519e+18,63875741930933,0.032,1.441,-0.022,0.05,-0.023,0.003,0.998,NaN,NaN,NaN,NaN,NaN,NaN,NaN,NaN,NaN,NaN,NaN,NaN,NaN,NaN,NaN,NaN,NaN,NaN,NaN,NaN,NaN,NaN,NaN,NaN,NaN,NaN,NaN,NaN,NaN,NaN,NaN,NaN
177496,1.00000113965023e+18,63875741930933,0.032,1.441,-0.022,0.05,-0.023,0.003,0.998,NaN,NaN,NaN,NaN,NaN,NaN,NaN,NaN,NaN,NaN,NaN,NaN,NaN,NaN,NaN,NaN,NaN,NaN,NaN,NaN,NaN,NaN,NaN,NaN,NaN,NaN,NaN,NaN,NaN,NaN,NaN,NaN
177497,1.00000113965523e+18,63875741930933,0.032,1.441,-0.022,0.05,-0.023,0.003,0.998,NaN,NaN,NaN,NaN,NaN,NaN,NaN,NaN,NaN,NaN,NaN,NaN,NaN,NaN,NaN,NaN,NaN,NaN,NaN,NaN,NaN,NaN,NaN,NaN,NaN,NaN,NaN,NaN,NaN,NaN,NaN,NaN
177498,1.00000113966025e+18,63875741930933,0.032,1.441,-0.022,0.05,-0.023,0.003,0.998,NaN,NaN,NaN,NaN,NaN,NaN,NaN,NaN,NaN,NaN,NaN,NaN,NaN,NaN,NaN,NaN,NaN,NaN,NaN,NaN,NaN,NaN,NaN,NaN,NaN,NaN,NaN,NaN,NaN,NaN,NaN,NaN
177499,1.00000113966525e+18,63875741930933,0.032,1.441,-0.022,0.05,-0.023,0.003,0.998,NaN,NaN,NaN,NaN,NaN,NaN,NaN,NaN,NaN,NaN,NaN,NaN,NaN,NaN,NaN,NaN,NaN,NaN,NaN,NaN,NaN,NaN,NaN,NaN,NaN,NaN,NaN,NaN,NaN,NaN,NaN,NaN
177500,1.00000113967026e+18,63875741930933,0.032,1.441,-0.022,0.05,-0.023,0.003,0.998,NaN,NaN,NaN,NaN,NaN,NaN,NaN,NaN,NaN,NaN,NaN,NaN,NaN,NaN,NaN,NaN,NaN,NaN,NaN,NaN,NaN,NaN,NaN,NaN,NaN,NaN,NaN,NaN,NaN,NaN,NaN,NaN
177501,1.00000113967531e+18,63875741930933,0.032,1.441,-0.022,0.05,-0.023,0.003,0.998,NaN,NaN,NaN,NaN,NaN,NaN,NaN,NaN,NaN,NaN,NaN,NaN,NaN,NaN,NaN,NaN,NaN,NaN,NaN,NaN,NaN,NaN,NaN,NaN,NaN,NaN,NaN,NaN,NaN,NaN,NaN,NaN
177502,1.00000113968031e+18,63875741930933,0.032,1.441,-0.022,0.05,-0.023,0.003,0.998,NaN,NaN,NaN,NaN,NaN,NaN,NaN,NaN,NaN,NaN,NaN,NaN,NaN,NaN,NaN,NaN,NaN,NaN,NaN,NaN,NaN,NaN,NaN,NaN,NaN,NaN,NaN,NaN,NaN,NaN,NaN,NaN
177503,1.00000113968532e+18,63875741930933,0.032,1.441,-0.022,0.05,-0.023,0.003,0.998,NaN,NaN,NaN,NaN,NaN,NaN,NaN,NaN,NaN,NaN,NaN,NaN,NaN,NaN,NaN,NaN,NaN,NaN,NaN,NaN,NaN,NaN,NaN,NaN,NaN,NaN,NaN,NaN,NaN,NaN,NaN,NaN
177504,1.00000113969033e+18,63875741930933,0.032,1.441,-0.022,0.05,-0.023,0.003,0.998,NaN,NaN,NaN,NaN,NaN,NaN,NaN,NaN,NaN,NaN,NaN,NaN,NaN,NaN,NaN,NaN,NaN,NaN,NaN,NaN,NaN,NaN,NaN,NaN,NaN,NaN,NaN,NaN,NaN,NaN,NaN,NaN
177505,1.00000113969534e+18,63875741930933,0.032,1.441,-0.022,0.05,-0.023,0.003,0.998,NaN,NaN,NaN,NaN,NaN,NaN,NaN,NaN,NaN,NaN,NaN,NaN,NaN,NaN,NaN,NaN,NaN,NaN,NaN,NaN,NaN,NaN,NaN,NaN,NaN,NaN,NaN,NaN,NaN,NaN,NaN,NaN
177506,1.00000113970034e+18,63875741930933,0.032,1.441,-0.022,0.05,-0.023,0.003,0.998,NaN,NaN,NaN,NaN,NaN,NaN,NaN,NaN,NaN,NaN,NaN,NaN,NaN,NaN,NaN,NaN,NaN,NaN,NaN,NaN,NaN,NaN,NaN,NaN,NaN,NaN,NaN,NaN,NaN,NaN,NaN,NaN
177507,1.00000113970535e+18,63875741930933,0.032,1.441,-0.022,0.05,-0.023,0.003,0.998,NaN,NaN,NaN,NaN,NaN,NaN,NaN,NaN,NaN,NaN,NaN,NaN,NaN,NaN,NaN,NaN,NaN,NaN,NaN,NaN,NaN,NaN,NaN,NaN,NaN,NaN,NaN,NaN,NaN,NaN,NaN,NaN
177508,1.00000113971035e+18,63875741930933,0.032,1.441,-0.022,0.05,-0.023,0.003,0.998,NaN,NaN,NaN,NaN,NaN,NaN,NaN,NaN,NaN,NaN,NaN,NaN,NaN,NaN,NaN,NaN,NaN,NaN,NaN,NaN,NaN,NaN,NaN,NaN,NaN,NaN,NaN,NaN,NaN,NaN,NaN,NaN
177509,1.00000113971535e+18,63875741930933,0.032,1.441,-0.022,0.05,-0.023,0.003,0.998,NaN,NaN,NaN,NaN,NaN,NaN,NaN,NaN,NaN,NaN,NaN,NaN,NaN,NaN,NaN,NaN,NaN,NaN,NaN,NaN,NaN,NaN,NaN,NaN,NaN,NaN,NaN,NaN,NaN,NaN,NaN,NaN
177510,1.00000113972039e+18,63875741930933,0.032,1.441,-0.022,0.05,-0.023,0.003,0.998,NaN,NaN,NaN,NaN,NaN,NaN,NaN,NaN,NaN,NaN,NaN,NaN,NaN,NaN,NaN,NaN,NaN,NaN,NaN,NaN,NaN,NaN,NaN,NaN,NaN,NaN,NaN,NaN,NaN,NaN,NaN,NaN
177511,1.00000113972539e+18,63875741930933,0.032,1.441,-0.022,0.05,-0.023,0.003,0.998,NaN,NaN,NaN,NaN,NaN,NaN,NaN,NaN,NaN,NaN,NaN,NaN,NaN,NaN,NaN,NaN,NaN,NaN,NaN,NaN,NaN,NaN,NaN,NaN,NaN,NaN,NaN,NaN,NaN,NaN,NaN,NaN
177512,1.00000113973039e+18,63875741930933,0.032,1.441,-0.022,0.05,-0.023,0.003,0.998,NaN,NaN,NaN,NaN,NaN,NaN,NaN,NaN,NaN,NaN,NaN,NaN,NaN,NaN,NaN,NaN,NaN,NaN,NaN,NaN,NaN,NaN,NaN,NaN,NaN,NaN,NaN,NaN,NaN,NaN,NaN,NaN
177513,1.00000113973541e+18,63875741930933,0.032,1.441,-0.022,0.05,-0.023,0.003,0.998,NaN,NaN,NaN,NaN,NaN,NaN,NaN,NaN,NaN,NaN,NaN,NaN,NaN,NaN,NaN,NaN,NaN,NaN,NaN,NaN,NaN,NaN,NaN,NaN,NaN,NaN,NaN,NaN,NaN,NaN,NaN,NaN
177514,1.00000113974049e+18,63875741930933,0.032,1.441,-0.022,0.05,-0.023,0.003,0.998,NaN,NaN,NaN,NaN,NaN,NaN,NaN,NaN,NaN,NaN,NaN,NaN,NaN,NaN,NaN,NaN,NaN,NaN,NaN,NaN,NaN,NaN,NaN,NaN,NaN,NaN,NaN,NaN,NaN,NaN,NaN,NaN
177515,1.00000113974549e+18,63875741930933,0.032,1.441,-0.022,0.05,-0.023,0.003,0.998,NaN,NaN,NaN,NaN,NaN,NaN,NaN,NaN,NaN,NaN,NaN,NaN,NaN,NaN,NaN,NaN,NaN,NaN,NaN,NaN,NaN,NaN,NaN,NaN,NaN,NaN,NaN,NaN,NaN,NaN,NaN,NaN
177516,1.00000113975051e+18,63875741930933,0.032,1.441,-0.022,0.05,-0.023,0.003,0.998,NaN,NaN,NaN,NaN,NaN,NaN,NaN,NaN,NaN,NaN,NaN,NaN,NaN,NaN,NaN,NaN,NaN,NaN,NaN,NaN,NaN,NaN,NaN,NaN,NaN,NaN,NaN,NaN,NaN,NaN,NaN,NaN
177517,1.00000113975552e+18,63875741930933,0.032,1.441,-0.022,0.05,-0.023,0.003,0.998,NaN,NaN,NaN,NaN,NaN,NaN,NaN,NaN,NaN,NaN,NaN,NaN,NaN,NaN,NaN,NaN,NaN,NaN,NaN,NaN,NaN,NaN,NaN,NaN,NaN,NaN,NaN,NaN,NaN,NaN,NaN,NaN
177518,1.00000113976058e+18,63875741930933,0.032,1.441,-0.022,0.05,-0.023,0.003,0.998,NaN,NaN,NaN,NaN,NaN,NaN,NaN,NaN,NaN,NaN,NaN,NaN,NaN,NaN,NaN,NaN,NaN,NaN,NaN,NaN,NaN,NaN,NaN,NaN,NaN,NaN,NaN,NaN,NaN,NaN,NaN,NaN
177519,1.00000113976559e+18,63875741930933,0.032,1.441,-0.022,0.05,-0.023,0.003,0.998,NaN,NaN,NaN,NaN,NaN,NaN,NaN,NaN,NaN,NaN,NaN,NaN,NaN,NaN,NaN,NaN,NaN,NaN,NaN,NaN,NaN,NaN,NaN,NaN,NaN,NaN,NaN,NaN,NaN,NaN,NaN,NaN
177520,1.00000113977053e+18,63875741930933,0.032,1.441,-0.022,0.05,-0.023,0.003,0.998,NaN,NaN,NaN,NaN,NaN,NaN,NaN,NaN,NaN,NaN,NaN,NaN,NaN,NaN,NaN,NaN,NaN,NaN,NaN,NaN,NaN,NaN,NaN,NaN,NaN,NaN,NaN,NaN,NaN,NaN,NaN,NaN
177521,1.00000113977554e+18,63875741930933,0.032,1.441,-0.022,0.05,-0.023,0.003,0.998,NaN,NaN,NaN,NaN,NaN,NaN,NaN,NaN,NaN,NaN,NaN,NaN,NaN,NaN,NaN,NaN,NaN,NaN,NaN,NaN,NaN,NaN,NaN,NaN,NaN,NaN,NaN,NaN,NaN,NaN,NaN,NaN
177522,1.00000113978054e+18,63875741930933,0.032,1.441,-0.022,0.05,-0.023,0.003,0.998,NaN,NaN,NaN,NaN,NaN,NaN,NaN,NaN,NaN,NaN,NaN,NaN,NaN,NaN,NaN,NaN,NaN,NaN,NaN,NaN,NaN,NaN,NaN,NaN,NaN,NaN,NaN,NaN,NaN,NaN,NaN,NaN
177523,1.00000113978555e+18,63875741930933,0.032,1.441,-0.022,0.05,-0.023,0.003,0.998,NaN,NaN,NaN,NaN,NaN,NaN,NaN,NaN,NaN,NaN,NaN,NaN,NaN,NaN,NaN,NaN,NaN,NaN,NaN,NaN,NaN,NaN,NaN,NaN,NaN,NaN,NaN,NaN,NaN,NaN,NaN,NaN
177524,1.00000113979057e+18,63875741930933,0.032,1.441,-0.022,0.05,-0.023,0.003,0.998,NaN,NaN,NaN,NaN,NaN,NaN,NaN,NaN,NaN,NaN,NaN,NaN,NaN,NaN,NaN,NaN,NaN,NaN,NaN,NaN,NaN,NaN,NaN,NaN,NaN,NaN,NaN,NaN,NaN,NaN,NaN,NaN
177525,1.00000113979559e+18,63875741930933,0.032,1.441,-0.022,0.05,-0.023,0.003,0.998,NaN,NaN,NaN,NaN,NaN,NaN,NaN,NaN,NaN,NaN,NaN,NaN,NaN,NaN,NaN,NaN,NaN,NaN,NaN,NaN,NaN,NaN,NaN,NaN,NaN,NaN,NaN,NaN,NaN,NaN,NaN,NaN
177526,1.0000011398006e+18,63875741930933,0.032,1.441,-0.022,0.05,-0.023,0.003,0.998,NaN,NaN,NaN,NaN,NaN,NaN,NaN,NaN,NaN,NaN,NaN,NaN,NaN,NaN,NaN,NaN,NaN,NaN,NaN,NaN,NaN,NaN,NaN,NaN,NaN,NaN,NaN,NaN,NaN,NaN,NaN,NaN
177527,1.00000113980562e+18,63875741930933,0.032,1.441,-0.022,0.05,-0.023,0.003,0.998,NaN,NaN,NaN,NaN,NaN,NaN,NaN,NaN,NaN,NaN,NaN,NaN,NaN,NaN,NaN,NaN,NaN,NaN,NaN,NaN,NaN,NaN,NaN,NaN,NaN,NaN,NaN,NaN,NaN,NaN,NaN,NaN
177528,1.00000113981063e+18,63875741930933,0.032,1.441,-0.022,0.05,-0.023,0.003,0.998,NaN,NaN,NaN,NaN,NaN,NaN,NaN,NaN,NaN,NaN,NaN,NaN,NaN,NaN,NaN,NaN,NaN,NaN,NaN,NaN,NaN,NaN,NaN,NaN,NaN,NaN,NaN,NaN,NaN,NaN,NaN,NaN
177529,1.00000113981567e+18,63875741930933,0.032,1.441,-0.022,0.05,-0.023,0.003,0.998,NaN,NaN,NaN,NaN,NaN,NaN,NaN,NaN,NaN,NaN,NaN,NaN,NaN,NaN,NaN,NaN,NaN,NaN,NaN,NaN,NaN,NaN,NaN,NaN,NaN,NaN,NaN,NaN,NaN,NaN,NaN,NaN
177530,1.00000113982069e+18,63875741930933,0.032,1.441,-0.022,0.05,-0.023,0.003,0.998,NaN,NaN,NaN,NaN,NaN,NaN,NaN,NaN,NaN,NaN,NaN,NaN,NaN,NaN,NaN,NaN,NaN,NaN,NaN,NaN,NaN,NaN,NaN,NaN,NaN,NaN,NaN,NaN,NaN,NaN,NaN,NaN
177531,1.00000113982565e+18,63875741930933,0.032,1.441,-0.022,0.05,-0.023,0.003,0.998,NaN,NaN,NaN,NaN,NaN,NaN,NaN,NaN,NaN,NaN,NaN,NaN,NaN,NaN,NaN,NaN,NaN,NaN,NaN,NaN,NaN,NaN,NaN,NaN,NaN,NaN,NaN,NaN,NaN,NaN,NaN,NaN
177532,1.00000113983067e+18,63875741930933,0.032,1.441,-0.022,0.05,-0.023,0.003,0.998,NaN,NaN,NaN,NaN,NaN,NaN,NaN,NaN,NaN,NaN,NaN,NaN,NaN,NaN,NaN,NaN,NaN,NaN,NaN,NaN,NaN,NaN,NaN,NaN,NaN,NaN,NaN,NaN,NaN,NaN,NaN,NaN
177533,1.0000011398357e+18,63875741930933,0.032,1.441,-0.022,0.05,-0.023,0.003,0.998,NaN,NaN,NaN,NaN,NaN,NaN,NaN,NaN,NaN,NaN,NaN,NaN,NaN,NaN,NaN,NaN,NaN,NaN,NaN,NaN,NaN,NaN,NaN,NaN,NaN,NaN,NaN,NaN,NaN,NaN,NaN,NaN
177534,1.00000113984074e+18,63875741930933,0.032,1.441,-0.022,0.05,-0.023,0.003,0.998,NaN,NaN,NaN,NaN,NaN,NaN,NaN,NaN,NaN,NaN,NaN,NaN,NaN,NaN,NaN,NaN,NaN,NaN,NaN,NaN,NaN,NaN,NaN,NaN,NaN,NaN,NaN,NaN,NaN,NaN,NaN,NaN
177535,1.00000113984577e+18,63875741930933,0.032,1.441,-0.022,0.05,-0.023,0.003,0.998,NaN,NaN,NaN,NaN,NaN,NaN,NaN,NaN,NaN,NaN,NaN,NaN,NaN,NaN,NaN,NaN,NaN,NaN,NaN,NaN,NaN,NaN,NaN,NaN,NaN,NaN,NaN,NaN,NaN,NaN,NaN,NaN
177536,1.00000113985079e+18,63875741930933,0.032,1.441,-0.022,0.05,-0.023,0.003,0.998,NaN,NaN,NaN,NaN,NaN,NaN,NaN,NaN,NaN,NaN,NaN,NaN,NaN,NaN,NaN,NaN,NaN,NaN,NaN,NaN,NaN,NaN,NaN,NaN,NaN,NaN,NaN,NaN,NaN,NaN,NaN,NaN
177537,1.00000113985582e+18,63875741930933,0.032,1.441,-0.022,0.05,-0.023,0.003,0.998,NaN,NaN,NaN,NaN,NaN,NaN,NaN,NaN,NaN,NaN,NaN,NaN,NaN,NaN,NaN,NaN,NaN,NaN,NaN,NaN,NaN,NaN,NaN,NaN,NaN,NaN,NaN,NaN,NaN,NaN,NaN,NaN
177538,1.00000113986085e+18,63875741930933,0.032,1.441,-0.022,0.05,-0.023,0.003,0.998,NaN,NaN,NaN,NaN,NaN,NaN,NaN,NaN,NaN,NaN,NaN,NaN,NaN,NaN,NaN,NaN,NaN,NaN,NaN,NaN,NaN,NaN,NaN,NaN,NaN,NaN,NaN,NaN,NaN,NaN,NaN,NaN
177539,1.00000113986587e+18,63875741930933,0.032,1.441,-0.022,0.05,-0.023,0.003,0.998,NaN,NaN,NaN,NaN,NaN,NaN,NaN,NaN,NaN,NaN,NaN,NaN,NaN,NaN,NaN,NaN,NaN,NaN,NaN,NaN,NaN,NaN,NaN,NaN,NaN,NaN,NaN,NaN,NaN,NaN,NaN,NaN
177540,1.0000011398709e+18,63875741930933,0.032,1.441,-0.022,0.05,-0.023,0.003,0.998,NaN,NaN,NaN,NaN,NaN,NaN,NaN,NaN,NaN,NaN,NaN,NaN,NaN,NaN,NaN,NaN,NaN,NaN,NaN,NaN,NaN,NaN,NaN,NaN,NaN,NaN,NaN,NaN,NaN,NaN,NaN,NaN
177541,1.00000113987591e+18,63875741930933,0.032,1.441,-0.022,0.05,-0.023,0.003,0.998,NaN,NaN,NaN,NaN,NaN,NaN,NaN,NaN,NaN,NaN,NaN,NaN,NaN,NaN,NaN,NaN,NaN,NaN,NaN,NaN,NaN,NaN,NaN,NaN,NaN,NaN,NaN,NaN,NaN,NaN,NaN,NaN
177542,1.0000011398808e+18,63875741930933,0.032,1.441,-0.022,0.05,-0.023,0.003,0.998,NaN,NaN,NaN,NaN,NaN,NaN,NaN,NaN,NaN,NaN,NaN,NaN,NaN,NaN,NaN,NaN,NaN,NaN,NaN,NaN,NaN,NaN,NaN,NaN,NaN,NaN,NaN,NaN,NaN,NaN,NaN,NaN
177543,1.00000113988582e+18,63875741930933,0.032,1.441,-0.022,0.05,-0.023,0.003,0.998,NaN,NaN,NaN,NaN,NaN,NaN,NaN,NaN,NaN,NaN,NaN,NaN,NaN,NaN,NaN,NaN,NaN,NaN,NaN,NaN,NaN,NaN,NaN,NaN,NaN,NaN,NaN,NaN,NaN,NaN,NaN,NaN
177544,1.00000113989085e+18,63875741930933,0.032,1.441,-0.022,0.05,-0.023,0.003,0.998,NaN,NaN,NaN,NaN,NaN,NaN,NaN,NaN,NaN,NaN,NaN,NaN,NaN,NaN,NaN,NaN,NaN,NaN,NaN,NaN,NaN,NaN,NaN,NaN,NaN,NaN,NaN,NaN,NaN,NaN,NaN,NaN
177545,1.00000113989587e+18,63875741930933,0.032,1.441,-0.022,0.05,-0.023,0.003,0.998,NaN,NaN,NaN,NaN,NaN,NaN,NaN,NaN,NaN,NaN,NaN,NaN,NaN,NaN,NaN,NaN,NaN,NaN,NaN,NaN,NaN,NaN,NaN,NaN,NaN,NaN,NaN,NaN,NaN,NaN,NaN,NaN
177546,1.00000113990086e+18,63875741930933,0.032,1.441,-0.022,0.05,-0.023,0.003,0.998,NaN,NaN,NaN,NaN,NaN,NaN,NaN,NaN,NaN,NaN,NaN,NaN,NaN,NaN,NaN,NaN,NaN,NaN,NaN,NaN,NaN,NaN,NaN,NaN,NaN,NaN,NaN,NaN,NaN,NaN,NaN,NaN
177547,1.00000113990589e+18,63875741930933,0.032,1.441,-0.022,0.05,-0.023,0.003,0.998,NaN,NaN,NaN,NaN,NaN,NaN,NaN,NaN,NaN,NaN,NaN,NaN,NaN,NaN,NaN,NaN,NaN,NaN,NaN,NaN,NaN,NaN,NaN,NaN,NaN,NaN,NaN,NaN,NaN,NaN,NaN,NaN
177548,1.00000113991091e+18,63875741930933,0.032,1.441,-0.022,0.05,-0.023,0.003,0.998,NaN,NaN,NaN,NaN,NaN,NaN,NaN,NaN,NaN,NaN,NaN,NaN,NaN,NaN,NaN,NaN,NaN,NaN,NaN,NaN,NaN,NaN,NaN,NaN,NaN,NaN,NaN,NaN,NaN,NaN,NaN,NaN
177549,1.00000113991594e+18,63875741930933,0.032,1.441,-0.022,0.05,-0.023,0.003,0.998,NaN,NaN,NaN,NaN,NaN,NaN,NaN,NaN,NaN,NaN,NaN,NaN,NaN,NaN,NaN,NaN,NaN,NaN,NaN,NaN,NaN,NaN,NaN,NaN,NaN,NaN,NaN,NaN,NaN,NaN,NaN,NaN
177550,1.00000113992096e+18,63875741930933,0.032,1.441,-0.022,0.05,-0.023,0.003,0.998,NaN,NaN,NaN,NaN,NaN,NaN,NaN,NaN,NaN,NaN,NaN,NaN,NaN,NaN,NaN,NaN,NaN,NaN,NaN,NaN,NaN,NaN,NaN,NaN,NaN,NaN,NaN,NaN,NaN,NaN,NaN,NaN
177551,1.00000113992592e+18,63875741930933,0.032,1.441,-0.022,0.05,-0.023,0.003,0.998,NaN,NaN,NaN,NaN,NaN,NaN,NaN,NaN,NaN,NaN,NaN,NaN,NaN,NaN,NaN,NaN,NaN,NaN,NaN,NaN,NaN,NaN,NaN,NaN,NaN,NaN,NaN,NaN,NaN,NaN,NaN,NaN
177552,1.00000113993094e+18,63875741930933,0.032,1.441,-0.022,0.05,-0.023,0.003,0.998,NaN,NaN,NaN,NaN,NaN,NaN,NaN,NaN,NaN,NaN,NaN,NaN,NaN,NaN,NaN,NaN,NaN,NaN,NaN,NaN,NaN,NaN,NaN,NaN,NaN,NaN,NaN,NaN,NaN,NaN,NaN,NaN
177553,1.00000113993596e+18,63875741930933,0.032,1.441,-0.022,0.05,-0.023,0.003,0.998,NaN,NaN,NaN,NaN,NaN,NaN,NaN,NaN,NaN,NaN,NaN,NaN,NaN,NaN,NaN,NaN,NaN,NaN,NaN,NaN,NaN,NaN,NaN,NaN,NaN,NaN,NaN,NaN,NaN,NaN,NaN,NaN
177554,1.00000113994096e+18,63875741930933,0.032,1.441,-0.022,0.05,-0.023,0.003,0.998,NaN,NaN,NaN,NaN,NaN,NaN,NaN,NaN,NaN,NaN,NaN,NaN,NaN,NaN,NaN,NaN,NaN,NaN,NaN,NaN,NaN,NaN,NaN,NaN,NaN,NaN,NaN,NaN,NaN,NaN,NaN,NaN
177555,1.00000113994596e+18,63875741930933,0.032,1.441,-0.022,0.05,-0.023,0.003,0.998,NaN,NaN,NaN,NaN,NaN,NaN,NaN,NaN,NaN,NaN,NaN,NaN,NaN,NaN,NaN,NaN,NaN,NaN,NaN,NaN,NaN,NaN,NaN,NaN,NaN,NaN,NaN,NaN,NaN,NaN,NaN,NaN
177556,1.00000113995095e+18,63875741930933,0.032,1.441,-0.022,0.05,-0.023,0.003,0.998,NaN,NaN,NaN,NaN,NaN,NaN,NaN,NaN,NaN,NaN,NaN,NaN,NaN,NaN,NaN,NaN,NaN,NaN,NaN,NaN,NaN,NaN,NaN,NaN,NaN,NaN,NaN,NaN,NaN,NaN,NaN,NaN
177557,1.00000113995596e+18,63875741930933,0.032,1.441,-0.022,0.05,-0.023,0.003,0.998,NaN,NaN,NaN,NaN,NaN,NaN,NaN,NaN,NaN,NaN,NaN,NaN,NaN,NaN,NaN,NaN,NaN,NaN,NaN,NaN,NaN,NaN,NaN,NaN,NaN,NaN,NaN,NaN,NaN,NaN,NaN,NaN
177558,1.000001139961e+18,63875741930933,0.032,1.441,-0.022,0.05,-0.023,0.003,0.998,NaN,NaN,NaN,NaN,NaN,NaN,NaN,NaN,NaN,NaN,NaN,NaN,NaN,NaN,NaN,NaN,NaN,NaN,NaN,NaN,NaN,NaN,NaN,NaN,NaN,NaN,NaN,NaN,NaN,NaN,NaN,NaN
177559,1.000001139966e+18,63875741930933,0.032,1.441,-0.022,0.05,-0.023,0.003,0.998,NaN,NaN,NaN,NaN,NaN,NaN,NaN,NaN,NaN,NaN,NaN,NaN,NaN,NaN,NaN,NaN,NaN,NaN,NaN,NaN,NaN,NaN,NaN,NaN,NaN,NaN,NaN,NaN,NaN,NaN,NaN,NaN
177560,1.000001139971e+18,63875741930933,0.032,1.441,-0.022,0.05,-0.023,0.003,0.998,NaN,NaN,NaN,NaN,NaN,NaN,NaN,NaN,NaN,NaN,NaN,NaN,NaN,NaN,NaN,NaN,NaN,NaN,NaN,NaN,NaN,NaN,NaN,NaN,NaN,NaN,NaN,NaN,NaN,NaN,NaN,NaN
177561,1.00000113997602e+18,63875741930933,0.032,1.441,-0.022,0.05,-0.023,0.003,0.998,NaN,NaN,NaN,NaN,NaN,NaN,NaN,NaN,NaN,NaN,NaN,NaN,NaN,NaN,NaN,NaN,NaN,NaN,NaN,NaN,NaN,NaN,NaN,NaN,NaN,NaN,NaN,NaN,NaN,NaN,NaN,NaN
177562,1.00000113998105e+18,63875741930933,0.032,1.441,-0.022,0.05,-0.023,0.003,0.998,NaN,NaN,NaN,NaN,NaN,NaN,NaN,NaN,NaN,NaN,NaN,NaN,NaN,NaN,NaN,NaN,NaN,NaN,NaN,NaN,NaN,NaN,NaN,NaN,NaN,NaN,NaN,NaN,NaN,NaN,NaN,NaN
177563,1.00000113998605e+18,63875741930933,0.032,1.441,-0.022,0.05,-0.023,0.003,0.998,NaN,NaN,NaN,NaN,NaN,NaN,NaN,NaN,NaN,NaN,NaN,NaN,NaN,NaN,NaN,NaN,NaN,NaN,NaN,NaN,NaN,NaN,NaN,NaN,NaN,NaN,NaN,NaN,NaN,NaN,NaN,NaN
177564,1.00000113999105e+18,63875741930933,0.032,1.441,-0.022,0.05,-0.023,0.003,0.998,NaN,NaN,NaN,NaN,NaN,NaN,NaN,NaN,NaN,NaN,NaN,NaN,NaN,NaN,NaN,NaN,NaN,NaN,NaN,NaN,NaN,NaN,NaN,NaN,NaN,NaN,NaN,NaN,NaN,NaN,NaN,NaN
177565,1.00000113999606e+18,63875741930933,0.032,1.441,-0.022,0.05,-0.023,0.003,0.998,NaN,NaN,NaN,NaN,NaN,NaN,NaN,NaN,NaN,NaN,NaN,NaN,NaN,NaN,NaN,NaN,NaN,NaN,NaN,NaN,NaN,NaN,NaN,NaN,NaN,NaN,NaN,NaN,NaN,NaN,NaN,NaN
177566,1.0000011400011e+18,63875741930933,0.032,1.441,-0.022,0.05,-0.023,0.003,0.998,NaN,NaN,NaN,NaN,NaN,NaN,NaN,NaN,NaN,NaN,NaN,NaN,NaN,NaN,NaN,NaN,NaN,NaN,NaN,NaN,NaN,NaN,NaN,NaN,NaN,NaN,NaN,NaN,NaN,NaN,NaN,NaN
177567,1.00000114000611e+18,63875741930933,0.032,1.441,-0.022,0.05,-0.023,0.003,0.998,NaN,NaN,NaN,NaN,NaN,NaN,NaN,NaN,NaN,NaN,NaN,NaN,NaN,NaN,NaN,NaN,NaN,NaN,NaN,NaN,NaN,NaN,NaN,NaN,NaN,NaN,NaN,NaN,NaN,NaN,NaN,NaN
177568,1.00000114001112e+18,63875741930933,0.032,1.441,-0.022,0.05,-0.023,0.003,0.998,NaN,NaN,NaN,NaN,NaN,NaN,NaN,NaN,NaN,NaN,NaN,NaN,NaN,NaN,NaN,NaN,NaN,NaN,NaN,NaN,NaN,NaN,NaN,NaN,NaN,NaN,NaN,NaN,NaN,NaN,NaN,NaN
177569,1.00000114001613e+18,63875741930933,0.032,1.441,-0.022,0.05,-0.023,0.003,0.998,NaN,NaN,NaN,NaN,NaN,NaN,NaN,NaN,NaN,NaN,NaN,NaN,NaN,NaN,NaN,NaN,NaN,NaN,NaN,NaN,NaN,NaN,NaN,NaN,NaN,NaN,NaN,NaN,NaN,NaN,NaN,NaN
177570,1.00000114002114e+18,63875741930933,0.032,1.441,-0.022,0.05,-0.023,0.003,0.998,NaN,NaN,NaN,NaN,NaN,NaN,NaN,NaN,NaN,NaN,NaN,NaN,NaN,NaN,NaN,NaN,NaN,NaN,NaN,NaN,NaN,NaN,NaN,NaN,NaN,NaN,NaN,NaN,NaN,NaN,NaN,NaN
177571,1.00000114002615e+18,63875741930933,0.032,1.441,-0.022,0.05,-0.023,0.003,0.998,NaN,NaN,NaN,NaN,NaN,NaN,NaN,NaN,NaN,NaN,NaN,NaN,NaN,NaN,NaN,NaN,NaN,NaN,NaN,NaN,NaN,NaN,NaN,NaN,NaN,NaN,NaN,NaN,NaN,NaN,NaN,NaN
177572,1.00000114003116e+18,63875741930933,0.032,1.441,-0.022,0.05,-0.023,0.003,0.998,NaN,NaN,NaN,NaN,NaN,NaN,NaN,NaN,NaN,NaN,NaN,NaN,NaN,NaN,NaN,NaN,NaN,NaN,NaN,NaN,NaN,NaN,NaN,NaN,NaN,NaN,NaN,NaN,NaN,NaN,NaN,NaN
177573,1.00000114003619e+18,63875741930933,0.032,1.441,-0.022,0.05,-0.023,0.003,0.998,NaN,NaN,NaN,NaN,NaN,NaN,NaN,NaN,NaN,NaN,NaN,NaN,NaN,NaN,NaN,NaN,NaN,NaN,NaN,NaN,NaN,NaN,NaN,NaN,NaN,NaN,NaN,NaN,NaN,NaN,NaN,NaN
177574,1.00000114004187e+18,63875741930933,0.032,1.441,-0.022,0.05,-0.023,0.003,0.998,NaN,-0.102,-0.375,0.921,0,0,0,64.325,NaN,-0.071,-0.631,0.772,-0.032,0,0,0,0,6.415,0.248,NaN,NaN,NaN,NaN,NaN,NaN,0.136,2,0,NaN,NaN,NaN,NaN
177575,1.00000114004664e+18,63875741930933,0.032,1.441,-0.022,0.05,-0.023,0.003,0.998,NaN,-0.093,-0.568,0.817,0,0,0,64.325,NaN,-0.096,-0.651,0.753,-0.032,0,0,0,0,6.415,0.258,NaN,NaN,NaN,NaN,NaN,NaN,0.142,2,0,NaN,NaN,NaN,NaN
177576,1.00000114005164e+18,63875741930944,0.032,1.441,-0.022,0.05,-0.023,0.003,0.998,NaN,NaN,NaN,NaN,NaN,NaN,NaN,NaN,NaN,NaN,NaN,NaN,NaN,NaN,NaN,NaN,NaN,NaN,NaN,NaN,NaN,NaN,NaN,NaN,NaN,NaN,NaN,NaN,NaN,NaN,NaN,NaN
177577,1.00000114005628e+18,63875741930944,0.032,1.441,-0.022,0.05,-0.023,0.003,0.998,NaN,-0.092,-0.639,0.764,0,0,0,64.325,NaN,-0.083,-0.426,0.901,-0.032,0,0,0,0,6.415,0.274,NaN,NaN,NaN,NaN,NaN,NaN,0.143,2,0,NaN,NaN,NaN,NaN
177578,1.00000114006124e+18,63875741930977,0.032,1.441,-0.022,0.049,-0.023,0.002,0.999,NaN,-0.092,-0.66,0.746,0,0,0,64.325,NaN,-0.079,-0.6,0.796,-0.032,0,0,0,0,6.415,0.28,NaN,NaN,NaN,NaN,NaN,NaN,0.142,2,0,NaN,NaN,NaN,NaN
177579,1.00000114006625e+18,63875741930977,0.032,1.441,-0.022,0.049,-0.023,0.002,0.999,NaN,-0.097,-0.666,0.74,0,0,0,64.325,NaN,-0.082,-0.647,0.758,-0.032,0,0,0,0,6.415,0.282,NaN,NaN,NaN,NaN,NaN,NaN,0.142,2,0,NaN,NaN,NaN,NaN
177580,1.00000114007125e+18,63875741930977,0.032,1.441,-0.022,0.049,-0.023,0.002,0.999,NaN,NaN,NaN,NaN,NaN,NaN,NaN,NaN,NaN,NaN,NaN,NaN,NaN,NaN,NaN,NaN,NaN,NaN,NaN,NaN,NaN,NaN,NaN,NaN,NaN,NaN,NaN,NaN,NaN,NaN,NaN,NaN
177581,1.00000114007626e+18,63875741930978,0.032,1.441,-0.022,0.049,-0.023,0.002,0.999,NaN,NaN,NaN,NaN,NaN,NaN,NaN,NaN,NaN,NaN,NaN,NaN,NaN,NaN,NaN,NaN,NaN,NaN,NaN,NaN,NaN,NaN,NaN,NaN,NaN,NaN,NaN,NaN,NaN,NaN,NaN,NaN
177582,1.00000114008127e+18,63875741930978,0.032,1.441,-0.022,0.049,-0.023,0.002,0.999,NaN,NaN,NaN,NaN,NaN,NaN,NaN,NaN,NaN,NaN,NaN,NaN,NaN,NaN,NaN,NaN,NaN,NaN,NaN,NaN,NaN,NaN,NaN,NaN,NaN,NaN,NaN,NaN,NaN,NaN,NaN,NaN
177583,1.00000114008633e+18,63875741930978,0.032,1.441,-0.022,0.049,-0.023,0.002,0.999,NaN,NaN,NaN,NaN,NaN,NaN,NaN,NaN,NaN,NaN,NaN,NaN,NaN,NaN,NaN,NaN,NaN,NaN,NaN,NaN,NaN,NaN,NaN,NaN,NaN,NaN,NaN,NaN,NaN,NaN,NaN,NaN
177584,1.0000011400914e+18,63875741930978,0.032,1.441,-0.022,0.049,-0.023,0.002,0.999,NaN,-0.115,-0.596,0.795,0,0,0,64.325,NaN,-0.102,-0.583,0.806,-0.032,0,0,0,0,6.415,0.309,NaN,NaN,NaN,NaN,NaN,NaN,0.146,2,0,NaN,NaN,NaN,NaN
177585,1.00000114009641e+18,63875741931055,0.032,1.441,-0.022,0.049,-0.024,0.003,0.999,NaN,NaN,NaN,NaN,NaN,NaN,NaN,NaN,NaN,NaN,NaN,NaN,NaN,NaN,NaN,NaN,NaN,NaN,NaN,NaN,NaN,NaN,NaN,NaN,NaN,NaN,NaN,NaN,NaN,NaN,NaN,NaN
177586,1.00000114010142e+18,63875741931055,0.032,1.441,-0.022,0.049,-0.024,0.003,0.999,NaN,NaN,NaN,NaN,NaN,NaN,NaN,NaN,NaN,NaN,NaN,NaN,NaN,NaN,NaN,NaN,NaN,NaN,NaN,NaN,NaN,NaN,NaN,NaN,NaN,NaN,NaN,NaN,NaN,NaN,NaN,NaN
177587,1.00000114010642e+18,63875741931055,0.032,1.441,-0.022,0.049,-0.024,0.003,0.999,NaN,NaN,NaN,NaN,NaN,NaN,NaN,NaN,NaN,NaN,NaN,NaN,NaN,NaN,NaN,NaN,NaN,NaN,NaN,NaN,NaN,NaN,NaN,NaN,NaN,NaN,NaN,NaN,NaN,NaN,NaN,NaN
177588,1.00000114011141e+18,63875741931055,0.032,1.441,-0.022,0.049,-0.024,0.003,0.999,NaN,NaN,NaN,NaN,NaN,NaN,NaN,NaN,NaN,NaN,NaN,NaN,NaN,NaN,NaN,NaN,NaN,NaN,NaN,NaN,NaN,NaN,NaN,NaN,NaN,NaN,NaN,NaN,NaN,NaN,NaN,NaN
177589,1.00000114011637e+18,63875741931055,0.032,1.441,-0.022,0.049,-0.024,0.003,0.999,NaN,0.301,-0.469,0.831,0,0,0,64.325,NaN,NaN,NaN,NaN,NaN,NaN,NaN,NaN,0.64,-0.096,0.762,0.032,0,0,0,0,6.373,NaN,2,0,NaN,NaN,NaN,NaN
177590,1.00000114012136e+18,63875741931055,0.032,1.441,-0.022,0.049,-0.024,0.003,0.999,NaN,NaN,NaN,NaN,NaN,NaN,NaN,NaN,NaN,NaN,NaN,NaN,NaN,NaN,NaN,NaN,NaN,NaN,NaN,NaN,NaN,NaN,NaN,NaN,NaN,NaN,NaN,NaN,NaN,NaN,NaN,NaN
177591,1.00000114012637e+18,63875741931055,0.032,1.441,-0.022,0.049,-0.024,0.003,0.999,NaN,NaN,NaN,NaN,NaN,NaN,NaN,NaN,NaN,NaN,NaN,NaN,NaN,NaN,NaN,NaN,NaN,NaN,NaN,NaN,NaN,NaN,NaN,NaN,NaN,NaN,NaN,NaN,NaN,NaN,NaN,NaN
177592,1.00000114013139e+18,63875741931055,0.032,1.441,-0.022,0.049,-0.024,0.003,0.999,NaN,NaN,NaN,NaN,NaN,NaN,NaN,NaN,NaN,NaN,NaN,NaN,NaN,NaN,NaN,NaN,NaN,NaN,NaN,NaN,NaN,NaN,NaN,NaN,NaN,NaN,NaN,NaN,NaN,NaN,NaN,NaN
177593,1.00000114013641e+18,63875741931055,0.032,1.441,-0.022,0.049,-0.024,0.003,0.999,NaN,NaN,NaN,NaN,NaN,NaN,NaN,NaN,NaN,NaN,NaN,NaN,NaN,NaN,NaN,NaN,NaN,NaN,NaN,NaN,NaN,NaN,NaN,NaN,NaN,NaN,NaN,NaN,NaN,NaN,NaN,NaN
177594,1.00000114014141e+18,63875741931055,0.032,1.441,-0.022,0.049,-0.024,0.003,0.999,NaN,NaN,NaN,NaN,NaN,NaN,NaN,NaN,NaN,NaN,NaN,NaN,NaN,NaN,NaN,NaN,NaN,NaN,NaN,NaN,NaN,NaN,NaN,NaN,NaN,NaN,NaN,NaN,NaN,NaN,NaN,NaN
177595,1.00000114014643e+18,63875741931055,0.032,1.441,-0.022,0.049,-0.024,0.003,0.999,NaN,NaN,NaN,NaN,NaN,NaN,NaN,NaN,NaN,NaN,NaN,NaN,NaN,NaN,NaN,NaN,NaN,NaN,NaN,NaN,NaN,NaN,NaN,NaN,NaN,NaN,NaN,NaN,NaN,NaN,NaN,NaN
177596,1.00000114015143e+18,63875741931055,0.032,1.441,-0.022,0.049,-0.024,0.003,0.999,NaN,NaN,NaN,NaN,NaN,NaN,NaN,NaN,NaN,NaN,NaN,NaN,NaN,NaN,NaN,NaN,NaN,NaN,NaN,NaN,NaN,NaN,NaN,NaN,NaN,NaN,NaN,NaN,NaN,NaN,NaN,NaN
177597,1.00000114015645e+18,63875741931055,0.032,1.441,-0.022,0.049,-0.024,0.003,0.999,NaN,NaN,NaN,NaN,NaN,NaN,NaN,NaN,NaN,NaN,NaN,NaN,NaN,NaN,NaN,NaN,NaN,NaN,NaN,NaN,NaN,NaN,NaN,NaN,NaN,NaN,NaN,NaN,NaN,NaN,NaN,NaN
177598,1.00000114016145e+18,63875741931055,0.032,1.441,-0.022,0.049,-0.024,0.003,0.999,NaN,0.211,-0.343,0.915,0,0,0,64.325,NaN,NaN,NaN,NaN,NaN,NaN,NaN,NaN,-0.02,0.065,0.998,0.032,0,0,0,0,6.373,NaN,2,0,NaN,NaN,NaN,NaN
177599,1.00000114016646e+18,63875741931055,0.032,1.441,-0.022,0.049,-0.024,0.003,0.999,NaN,0.185,-0.168,0.968,0,0,0,64.325,NaN,NaN,NaN,NaN,NaN,NaN,NaN,NaN,-0.091,0.093,0.992,0.032,0,0,0,0,6.373,NaN,2,0,NaN,NaN,NaN,NaN
177600,1.00000114017151e+18,63875741931067,0.032,1.441,-0.022,0.049,-0.024,0.003,0.999,NaN,0.161,-0.057,0.985,0,0,0,64.325,NaN,NaN,NaN,NaN,NaN,NaN,NaN,NaN,-0.072,0.084,0.994,0.032,0,0,0,0,6.373,NaN,2,0,NaN,NaN,NaN,NaN
177601,1.00000114017652e+18,63875741931067,0.032,1.441,-0.022,0.049,-0.024,0.003,0.999,NaN,0.102,-0.04,0.994,0,0,0,64.325,NaN,NaN,NaN,NaN,NaN,NaN,NaN,NaN,-0.066,0.056,0.996,0.032,0,0,0,0,6.373,NaN,2,0,NaN,NaN,NaN,NaN
177602,1.00000114018152e+18,63875741931067,0.032,1.441,-0.022,0.049,-0.024,0.003,0.999,NaN,0.048,-0.032,0.998,0,0,0,64.325,NaN,NaN,NaN,NaN,NaN,NaN,NaN,NaN,-0.061,0.032,0.998,0.032,0,0,0,0,6.373,NaN,2,0,NaN,NaN,NaN,NaN
177603,1.00000114018654e+18,63875741931078,0.032,1.441,-0.022,0.049,-0.024,0.003,0.999,NaN,0.011,-0.026,1,0,0,0,64.325,NaN,NaN,NaN,NaN,NaN,NaN,NaN,NaN,-0.058,0.016,0.998,0.032,0,0,0,0,6.373,NaN,2,0,NaN,NaN,NaN,NaN
177604,1.00000114019157e+18,63875741931078,0.032,1.441,-0.022,0.049,-0.024,0.003,0.999,NaN,-0.011,-0.015,1,0,0,0,64.325,NaN,NaN,NaN,NaN,NaN,NaN,NaN,NaN,-0.054,0.01,0.998,0.032,0,0,0,0,6.373,NaN,2,0,NaN,NaN,NaN,NaN
177605,1.00000114019659e+18,63875741931090,0.032,1.441,-0.022,0.049,-0.024,0.003,0.999,NaN,-0.024,-0.01,1,0,0,0,64.325,NaN,NaN,NaN,NaN,NaN,NaN,NaN,NaN,-0.052,0.005,0.999,0.032,0,0,0,0,6.373,NaN,2,0,NaN,NaN,NaN,NaN
177606,1.00000114020161e+18,63875741931090,0.032,1.441,-0.022,0.049,-0.024,0.003,0.999,NaN,-0.03,-0.004,1,0,0,0,64.325,NaN,NaN,NaN,NaN,NaN,NaN,NaN,NaN,-0.048,0.005,0.999,0.032,0,0,0,0,6.373,NaN,2,0,NaN,NaN,NaN,NaN
177607,1.00000114020663e+18,63875741931100,0.032,1.441,-0.022,0.048,-0.024,0.003,0.999,NaN,-0.033,0.008,0.999,0,0,0,64.325,NaN,NaN,NaN,NaN,NaN,NaN,NaN,NaN,-0.046,0.01,0.999,0.032,0,0,0,0,6.373,NaN,2,0,NaN,NaN,NaN,NaN
177608,1.00000114021165e+18,63875741931100,0.032,1.441,-0.022,0.048,-0.024,0.003,0.999,NaN,-0.034,0.018,0.999,0,0,0,64.325,NaN,NaN,NaN,NaN,NaN,NaN,NaN,NaN,-0.043,0.015,0.999,0.032,0,0,0,0,6.373,NaN,2,0,NaN,NaN,NaN,NaN
177609,1.00000114021666e+18,63875741931111,0.032,1.441,-0.022,0.048,-0.024,0.003,0.999,NaN,-0.033,0.027,0.999,0,0,0,64.325,NaN,NaN,NaN,NaN,NaN,NaN,NaN,NaN,-0.041,0.02,0.999,0.032,0,0,0,0,6.373,NaN,2,0,NaN,NaN,NaN,NaN
177610,1.00000114022161e+18,63875741931111,0.032,1.441,-0.022,0.048,-0.024,0.003,0.999,NaN,-0.031,0.035,0.999,0,0,0,64.325,NaN,NaN,NaN,NaN,NaN,NaN,NaN,NaN,-0.037,0.024,0.999,0.032,0,0,0,0,6.373,NaN,2,0,NaN,NaN,NaN,NaN
177611,1.00000114022662e+18,63875741931111,0.032,1.441,-0.022,0.048,-0.024,0.003,0.999,NaN,-0.029,0.044,0.999,0,0,0,64.325,NaN,NaN,NaN,NaN,NaN,NaN,NaN,NaN,-0.034,0.029,0.999,0.032,0,0,0,0,6.373,NaN,2,0,NaN,NaN,NaN,NaN
177612,1.00000114023163e+18,63875741931122,0.032,1.441,-0.022,0.048,-0.024,0.003,0.999,NaN,-0.027,0.05,0.998,0,0,0,64.325,NaN,NaN,NaN,NaN,NaN,NaN,NaN,NaN,-0.031,0.032,0.999,0.032,0,0,0,0,6.373,NaN,2,0,NaN,NaN,NaN,NaN
177613,1.00000114023665e+18,63875741931122,0.032,1.441,-0.022,0.048,-0.024,0.003,0.999,NaN,-0.025,0.057,0.998,0,0,0,64.325,NaN,NaN,NaN,NaN,NaN,NaN,NaN,NaN,-0.029,0.035,0.999,0.032,0,0,0,0,6.373,NaN,2,0,NaN,NaN,NaN,NaN
177614,1.00000114024167e+18,63875741931133,0.032,1.441,-0.022,0.048,-0.024,0.003,0.999,NaN,-0.024,0.065,0.998,0,0,0,64.325,NaN,NaN,NaN,NaN,NaN,NaN,NaN,NaN,-0.027,0.036,0.999,0.032,0,0,0,0,6.373,NaN,2,0,NaN,NaN,NaN,NaN
177615,1.0000011402467e+18,63875741931133,0.032,1.441,-0.022,0.048,-0.024,0.003,0.999,NaN,-0.023,0.071,0.997,0,0,0,64.325,NaN,NaN,NaN,NaN,NaN,NaN,NaN,NaN,-0.025,0.04,0.999,0.032,0,0,0,0,6.373,NaN,2,0,NaN,NaN,NaN,NaN
177616,1.00000114025172e+18,63875741931145,0.032,1.441,-0.022,0.048,-0.024,0.003,0.999,NaN,-0.022,0.061,0.998,0,0,0,64.325,NaN,NaN,NaN,NaN,NaN,NaN,NaN,NaN,-0.024,0.041,0.999,0.032,0,0,0,0,6.373,NaN,2,0,NaN,NaN,NaN,NaN
177617,1.00000114025677e+18,63875741931145,0.032,1.441,-0.022,0.048,-0.024,0.003,0.999,NaN,-0.021,0.058,0.998,0,0,0,64.325,NaN,NaN,NaN,NaN,NaN,NaN,NaN,NaN,-0.022,0.042,0.999,0.032,0,0,0,0,6.373,NaN,2,0,NaN,NaN,NaN,NaN
177618,1.00000114026179e+18,63875741931155,0.032,1.441,-0.022,0.048,-0.024,0.003,0.999,NaN,-0.019,0.058,0.998,0,0,0,64.325,NaN,NaN,NaN,NaN,NaN,NaN,NaN,NaN,-0.02,0.043,0.999,0.032,0,0,0,0,6.373,NaN,2,0,NaN,NaN,NaN,NaN
177619,1.00000114026676e+18,63875741931155,0.032,1.441,-0.022,0.048,-0.024,0.003,0.999,NaN,-0.017,0.067,0.998,0,0,0,64.325,NaN,NaN,NaN,NaN,NaN,NaN,NaN,NaN,-0.017,0.05,0.999,0.032,0,0,0,0,6.373,NaN,2,0,NaN,NaN,NaN,NaN
177620,1.00000114027175e+18,63875741931167,0.032,1.441,-0.022,0.048,-0.024,0.003,0.999,NaN,-0.015,0.074,0.997,0,0,0,64.325,NaN,NaN,NaN,NaN,NaN,NaN,NaN,NaN,-0.014,0.057,0.998,0.032,0,0,0,0,6.373,NaN,2,0,NaN,NaN,NaN,NaN
177621,1.00000114027675e+18,63875741931167,0.032,1.441,-0.022,0.048,-0.024,0.003,0.999,NaN,-0.014,0.079,0.997,0,0,0,64.325,NaN,NaN,NaN,NaN,NaN,NaN,NaN,NaN,-0.012,0.063,0.998,0.032,0,0,0,0,6.373,NaN,2,0,NaN,NaN,NaN,NaN
177622,1.00000114028176e+18,63875741931167,0.032,1.441,-0.022,0.048,-0.024,0.003,0.999,NaN,-0.012,0.083,0.997,0,0,0,64.325,NaN,NaN,NaN,NaN,NaN,NaN,NaN,NaN,-0.01,0.069,0.998,0.032,0,0,0,0,6.373,NaN,2,0,NaN,NaN,NaN,NaN
177623,1.00000114028677e+18,63875741931178,0.032,1.441,-0.022,0.048,-0.024,0.003,0.999,NaN,-0.011,0.086,0.996,0,0,0,64.325,NaN,NaN,NaN,NaN,NaN,NaN,NaN,NaN,-0.008,0.074,0.997,0.032,0,0,0,0,6.373,NaN,2,0,NaN,NaN,NaN,NaN
177624,1.00000114029178e+18,63875741931178,0.032,1.441,-0.022,0.048,-0.024,0.003,0.999,NaN,-0.01,0.104,0.995,0,0,0,64.325,NaN,NaN,NaN,NaN,NaN,NaN,NaN,NaN,-0.006,0.092,0.996,0.032,0,0,0,0,6.373,NaN,2,0,NaN,NaN,NaN,NaN
177625,1.00000114029679e+18,63875741931189,0.032,1.441,-0.022,0.048,-0.024,0.004,0.999,NaN,-0.009,0.104,0.994,0,0,0,64.325,NaN,0.004,0.105,0.994,-0.032,0,0,0,0,6.415,0.705,NaN,-0.004,0.095,0.995,0.032,0,0,0,0,6.373,0.703,2,0
177626,1.0000011403018e+18,63875741931189,0.032,1.441,-0.022,0.048,-0.024,0.004,0.999,NaN,-0.009,0.106,0.994,0,0,0,64.325,NaN,NaN,NaN,NaN,NaN,NaN,NaN,NaN,-0.002,0.099,0.995,0.032,0,0,0,0,6.373,NaN,2,0,NaN,NaN,NaN,NaN
177627,1.0000011403068e+18,63875741931200,0.032,1.441,-0.022,0.048,-0.024,0.004,0.999,NaN,-0.008,0.105,0.994,0,0,0,64.325,NaN,0.089,0.102,0.991,-0.032,0,0,0,0,6.415,0.715,NaN,-0.001,0.1,0.995,0.032,0,0,0,0,6.373,0.712,0.7123432,0
177628,1.00000114031187e+18,63875741931200,0.032,1.441,-0.022,0.048,-0.024,0.004,0.999,NaN,-0.005,0.105,0.994,0,0,0,64.325,NaN,0.09,0.102,0.991,-0.032,0,0,0,0,6.415,0.715,NaN,0.001,0.101,0.995,0.032,0,0,0,0,6.373,0.716,0.7189603,0
177629,1.00000114031687e+18,63875741931211,0.032,1.441,-0.022,0.048,-0.024,0.004,0.999,NaN,-0.004,0.111,0.994,0,0,0,64.325,NaN,-0.107,-0.465,0.879,-0.032,0,0,0,0,6.415,0.722,NaN,0.002,0.108,0.994,0.032,0,0,0,0,6.373,0.719,2,0
177630,1.00000114032187e+18,63875741931211,0.032,1.441,-0.022,0.048,-0.024,0.004,0.999,NaN,-0.003,0.118,0.993,0,0,0,64.325,NaN,-0.097,-0.27,0.958,-0.032,0,0,0,0,6.415,0.724,NaN,0.004,0.114,0.993,0.032,0,0,0,0,6.373,0.724,2,0
177631,1.00000114032687e+18,63875741931222,0.032,1.441,-0.022,0.048,-0.024,0.003,0.999,NaN,-0.001,0.123,0.992,0,0,0,64.325,NaN,-0.074,-0.065,0.995,-0.032,0,0,0,0,6.415,0.727,NaN,0.005,0.12,0.993,0.032,0,0,0,0,6.373,0.727,2,0
177632,1.00000114033187e+18,63875741931223,0.032,1.441,-0.022,0.048,-0.024,0.003,0.999,NaN,0,0.127,0.992,0,0,0,64.325,NaN,-0.05,0.048,0.998,-0.032,0,0,0,0,6.415,0.728,NaN,0.006,0.125,0.992,0.032,0,0,0,0,6.373,0.733,2,0
177633,1.00000114033691e+18,63875741931233,0.032,1.441,-0.022,0.048,-0.024,0.003,0.999,NaN,0.007,0.129,0.992,0,0,0,64.325,NaN,-0.003,0.021,1,-0.032,0,0,0,0,6.415,0.734,NaN,0.014,0.127,0.992,0.032,0,0,0,0,6.373,0.742,2,0
177634,1.00000114034191e+18,63875741931233,0.032,1.441,-0.022,0.048,-0.024,0.003,0.999,NaN,0.015,0.134,0.991,0,0,0,64.325,NaN,0.028,0.018,0.999,-0.032,0,0,0,0,6.415,0.74,NaN,0.021,0.133,0.991,0.032,0,0,0,0,6.373,0.751,0.03100931,0
177635,1.00000114034691e+18,63875741931233,0.032,1.441,-0.022,0.048,-0.024,0.003,0.999,NaN,0.022,0.14,0.99,0,0,0,64.325,NaN,0.047,0.018,0.999,-0.032,0,0,0,0,6.415,0.748,NaN,0.028,0.139,0.99,0.032,0,0,0,0,6.373,0.76,0.08061169,0
177636,1.00000114035195e+18,63875741931245,0.032,1.441,-0.022,0.048,-0.024,0.003,0.999,NaN,0.028,0.137,0.99,0,0,0,64.325,NaN,0.049,0.071,0.996,-0.032,0,0,0,0,6.415,0.755,NaN,0.032,0.136,0.99,0.032,0,0,0,0,6.373,0.769,0.2402497,0
177637,1.00000114035696e+18,63875741931245,0.032,1.441,-0.022,0.048,-0.024,0.003,0.999,NaN,0.032,0.134,0.991,0,0,0,64.325,NaN,0.049,0.097,0.994,-0.032,0,0,0,0,6.415,0.763,NaN,0.035,0.133,0.99,0.032,0,0,0,0,6.373,0.777,2,0
177638,1.00000114036196e+18,63875741931256,0.032,1.441,-0.022,0.048,-0.024,0.003,0.999,NaN,0.034,0.135,0.99,0,0,0,64.325,NaN,0.057,0.069,0.996,-0.032,0,0,0,0,6.415,0.771,NaN,0.037,0.134,0.99,0.032,0,0,0,0,6.373,0.784,0.2812651,0
177639,1.00000114036697e+18,63875741931256,0.032,1.441,-0.022,0.048,-0.024,0.003,0.999,NaN,0.036,0.135,0.99,0,0,0,64.325,NaN,0.062,0.061,0.996,-0.032,0,0,0,0,6.415,0.778,NaN,0.038,0.135,0.99,0.032,0,0,0,0,6.373,0.791,0.2566037,0
177640,1.00000114037197e+18,63875741931267,0.032,1.441,-0.022,0.047,-0.024,0.003,0.999,NaN,0.038,0.135,0.99,0,0,0,64.325,NaN,0.066,0.06,0.996,-0.032,0,0,0,0,6.415,0.785,NaN,0.039,0.135,0.99,0.032,0,0,0,0,6.373,0.798,0.2648373,0
177641,1.00000114037697e+18,63875741931267,0.032,1.441,-0.022,0.047,-0.024,0.003,0.999,NaN,0.039,0.136,0.99,0,0,0,64.325,NaN,0.068,0.06,0.996,-0.032,0,0,0,0,6.415,0.792,NaN,0.04,0.135,0.99,0.032,0,0,0,0,6.373,0.804,0.2746238,0
177642,1.000001140382e+18,63875741931267,0.032,1.441,-0.022,0.047,-0.024,0.003,0.999,NaN,0.039,0.135,0.99,0,0,0,64.325,NaN,0.069,0.06,0.996,-0.032,0,0,0,0,6.415,0.799,NaN,0.04,0.135,0.99,0.032,0,0,0,0,6.373,0.81,0.284332,0
177643,1.000001140387e+18,63875741931278,0.032,1.441,-0.022,0.048,-0.024,0.003,0.999,NaN,0.04,0.136,0.99,0,0,0,64.325,NaN,0.07,0.06,0.996,-0.032,0,0,0,0,6.415,0.806,NaN,0.041,0.135,0.99,0.032,0,0,0,0,6.373,0.816,0.2857183,0
177644,1.00000114039204e+18,63875741931278,0.032,1.441,-0.022,0.048,-0.024,0.003,0.999,NaN,0.035,0.137,0.99,0,0,0,64.325,NaN,0.07,0.06,0.996,-0.032,0,0,0,0,6.415,0.812,NaN,0.036,0.137,0.99,0.032,0,0,0,0,6.373,0.821,0.3124564,0
177645,1.00000114039703e+18,63875741931290,0.032,1.441,-0.022,0.047,-0.024,0.003,0.999,NaN,0.032,0.137,0.99,0,0,0,64.325,NaN,0.07,0.064,0.995,-0.032,0,0,0,0,6.415,0.818,NaN,0.033,0.137,0.99,0.032,0,0,0,0,6.373,0.825,0.3529972,0
177646,1.00000114040201e+18,63875741931290,0.032,1.441,-0.022,0.047,-0.024,0.003,0.999,NaN,0.03,0.137,0.99,0,0,0,64.325,NaN,0.07,0.069,0.995,-0.032,0,0,0,0,6.415,0.824,NaN,0.031,0.137,0.99,0.032,0,0,0,0,6.373,0.829,0.406213,0
177647,1.00000114040702e+18,63875741931300,0.032,1.441,-0.022,0.048,-0.024,0.003,0.999,NaN,0.029,0.137,0.99,0,0,0,64.325,NaN,0.071,0.076,0.995,-0.032,0,0,0,0,6.415,0.829,NaN,0.03,0.136,0.99,0.032,0,0,0,0,6.373,0.833,0.4918584,0
177648,1.00000114041209e+18,63875741931300,0.032,1.441,-0.022,0.048,-0.024,0.003,0.999,NaN,0.028,0.135,0.99,0,0,0,64.325,NaN,0.071,0.082,0.994,-0.032,0,0,0,0,6.415,0.834,NaN,0.028,0.135,0.99,0.032,0,0,0,0,6.373,0.837,0.5856475,0
177649,1.00000114041709e+18,63875741931311,0.032,1.441,-0.022,0.047,-0.024,0.003,0.999,NaN,0.026,0.135,0.991,0,0,0,64.325,NaN,0.071,0.086,0.994,-0.032,0,0,0,0,6.415,0.838,NaN,0.027,0.134,0.991,0.032,0,0,0,0,6.373,0.841,0.6633191,0
177650,1.0000011404221e+18,63875741931312,0.032,1.441,-0.022,0.047,-0.024,0.003,0.999,NaN,0.024,0.134,0.991,0,0,0,64.325,NaN,0.071,0.089,0.993,-0.032,0,0,0.555,3.562,6.415,0.842,NaN,0.024,0.134,0.991,0.032,0,0,0.624,3.978,6.373,0.844,0.7113911,0
177651,1.00000114042711e+18,63875741931323,0.032,1.441,-0.022,0.047,-0.024,0.003,0.999,NaN,0.022,0.134,0.991,0,0,0,64.325,NaN,0.071,0.091,0.993,-0.032,0,0,0.555,3.563,6.415,0.846,NaN,0.022,0.134,0.991,0.032,0,0,0.624,3.978,6.373,0.846,0.7370923,0
177652,1.00000114043215e+18,63875741931323,0.032,1.441,-0.022,0.047,-0.024,0.003,0.999,NaN,0.018,0.134,0.991,0,0,0,64.325,NaN,0.075,0.095,0.993,-0.032,0,0,0.562,3.608,6.415,0.848,NaN,0.018,0.134,0.991,0.032,0,0,0.624,3.979,6.373,0.849,0.7719458,0
177653,1.00000114043716e+18,63875741931323,0.032,1.441,-0.022,0.047,-0.024,0.003,0.999,NaN,0.017,0.135,0.991,0,0,0,64.325,NaN,0.078,0.099,0.992,-0.032,0,0,0.57,3.658,6.415,0.851,NaN,0.017,0.135,0.991,0.032,0,0,0.626,3.99,6.373,0.85,0.7830888,0
177654,1.00000114044218e+18,63875741931334,0.032,1.441,-0.022,0.048,-0.024,0.003,0.999,NaN,0.02,0.135,0.991,0,0,0,64.325,NaN,0.092,0.095,0.991,-0.032,0,0,0.576,3.698,6.415,0.852,NaN,0.02,0.134,0.991,0.032,0,0,0.642,4.09,6.373,0.852,0.684678,0
177655,1.00000114044719e+18,63875741931334,0.032,1.441,-0.022,0.048,-0.024,0.003,0.999,NaN,0.028,0.135,0.99,0,0,0,64.325,NaN,0.12,0.086,0.989,-0.032,0,0,0.573,3.675,6.415,0.852,NaN,0.028,0.135,0.99,0.032,0,0,0.667,4.249,6.373,0.854,0.5443621,0
177656,1.0000011404522e+18,63875741931345,0.032,1.441,-0.022,0.048,-0.024,0.003,0.999,NaN,0.049,0.137,0.989,0,0,0,64.325,NaN,0.146,0.08,0.986,-0.032,0,0,0.573,3.673,6.415,0.852,NaN,0.048,0.137,0.989,0.032,0,0,0.669,4.263,6.373,0.857,0.4925383,0
177657,1.00000114045721e+18,63875741931345,0.032,1.441,-0.022,0.048,-0.024,0.003,0.999,NaN,0.079,0.135,0.988,0,0,0,64.325,NaN,0.166,0.075,0.983,-0.032,0,0,0.563,3.614,6.415,0.851,NaN,0.078,0.135,0.988,0.032,0,0,0.629,4.008,6.373,0.859,0.5003671,0
177658,1.00000114046222e+18,63875741931355,0.032,1.441,-0.022,0.048,-0.024,0.003,0.999,NaN,0.108,0.127,0.986,0,0,0,64.325,NaN,0.189,0.072,0.979,-0.032,0,0,0.543,3.486,6.415,0.85,NaN,0.107,0.127,0.986,0.032,0,0,0.622,3.962,6.373,0.86,0.5362161,0
177659,1.00000114046723e+18,63875741931355,0.032,1.441,-0.022,0.048,-0.024,0.003,0.999,NaN,0.13,0.121,0.984,0,0,0,64.325,NaN,0.207,0.069,0.976,-0.032,0,0,0.54,3.463,6.415,0.847,NaN,0.129,0.121,0.984,0.032,0,0,0.621,3.961,6.373,0.862,0.5659711,0
177660,1.00000114047225e+18,63875741931367,0.032,1.441,-0.022,0.047,-0.023,0.003,0.999,NaN,0.158,0.118,0.98,0,0,0,64.325,NaN,0.225,0.07,0.972,-0.032,0,0,0.585,3.755,6.415,0.842,NaN,0.158,0.118,0.98,0.032,0,0,0.632,4.027,6.373,0.863,0.6265157,0
177661,1.00000114047729e+18,63875741931367,0.032,1.441,-0.022,0.047,-0.023,0.003,0.999,NaN,0.179,0.116,0.977,0,0,0,64.325,NaN,0.235,0.071,0.969,-0.032,0,0,0.592,3.799,6.415,0.836,NaN,0.179,0.116,0.977,0.032,0,0,0.637,4.061,6.373,0.864,0.6864199,0
177662,1.0000011404823e+18,63875741931367,0.032,1.441,-0.022,0.047,-0.023,0.003,0.999,NaN,0.195,0.11,0.975,0,0,0,64.325,NaN,0.232,0.072,0.97,-0.032,0,0,0.594,3.811,6.415,0.83,NaN,0.194,0.11,0.975,0.032,0,0,0.639,4.074,6.373,0.866,0.8419508,0
177663,1.00000114048731e+18,63875741931378,0.032,1.441,-0.022,0.047,-0.023,0.003,0.999,NaN,0.205,0.11,0.973,0,0,0,64.325,NaN,0.239,0.073,0.968,-0.032,0,0,0.595,3.817,6.415,0.826,NaN,0.203,0.11,0.973,0.032,0,0,0.64,4.082,6.373,0.867,2,0
177664,1.00000114049232e+18,63875741931378,0.032,1.441,-0.022,0.047,-0.023,0.003,0.999,NaN,0.211,0.111,0.971,0,0,0,64.325,NaN,0.243,0.074,0.967,-0.032,0,0,0.597,3.832,6.415,0.822,NaN,0.21,0.111,0.971,0.032,0,0,0.642,4.094,6.373,0.869,2,0
177665,1.00000114049733e+18,63875741931389,0.032,1.441,-0.022,0.047,-0.023,0.003,0.999,NaN,0.213,0.103,0.972,0,0,0,64.325,NaN,0.246,0.076,0.966,-0.032,0,0,0.598,3.838,6.415,0.82,NaN,0.213,0.103,0.972,0.032,0,0,0.63,4.013,6.373,0.87,2,0
177666,1.00000114050234e+18,63875741931400,0.032,1.441,-0.022,0.047,-0.023,0.003,0.999,NaN,0.214,0.095,0.972,0,0,0,64.325,NaN,0.247,0.077,0.966,-0.032,0,0,0.599,3.844,6.415,0.817,NaN,0.214,0.095,0.972,0.032,0,0,0.623,3.97,6.373,0.872,2,0
177667,1.00000114050732e+18,63875741931400,0.032,1.441,-0.022,0.047,-0.023,0.003,0.999,NaN,0.214,0.087,0.973,0,0,0,64.325,NaN,0.248,0.078,0.966,-0.032,0,0,0.6,3.846,6.415,0.816,NaN,0.214,0.087,0.973,0.032,0,0,0.62,3.953,6.373,0.873,2,0
177668,1.00000114051232e+18,63875741931400,0.032,1.441,-0.022,0.047,-0.023,0.003,0.999,NaN,0.213,0.082,0.974,0,0,0,64.325,NaN,0.238,0.077,0.968,-0.032,0,0,0.6,3.847,6.415,0.814,NaN,0.213,0.082,0.974,0.032,0,0,0.619,3.943,6.373,0.875,2,0
177669,1.00000114051733e+18,63875741931413,0.032,1.441,-0.022,0.048,-0.023,0.003,0.999,NaN,0.211,0.078,0.974,0,0,0,64.325,NaN,0.231,0.076,0.97,-0.032,0,0,0.6,3.85,6.415,0.814,NaN,0.211,0.078,0.974,0.032,0,0,0.617,3.932,6.373,0.876,2,0
177670,1.00000114052234e+18,63875741931413,0.032,1.441,-0.022,0.048,-0.023,0.003,0.999,NaN,0.21,0.075,0.975,0,0,0,64.325,NaN,0.226,0.075,0.971,-0.032,0,0,0.6,3.852,6.415,0.813,NaN,0.21,0.075,0.975,0.032,0,0,0.616,3.926,6.373,0.878,2,0
177671,1.00000114052735e+18,63875741931413,0.032,1.441,-0.022,0.048,-0.023,0.003,0.999,NaN,0.209,0.072,0.975,0,0,0,64.325,NaN,0.223,0.074,0.972,-0.032,0,0,0.601,3.854,6.415,0.813,NaN,0.209,0.072,0.975,0.032,0,0,0.615,3.92,6.373,0.879,2,0
177672,1.00000114053236e+18,63875741931423,0.032,1.441,-0.022,0.048,-0.023,0.003,0.999,NaN,0.208,0.07,0.976,0,0,0,64.325,NaN,0.22,0.074,0.973,-0.032,0,0,0.64,4.105,6.415,0.812,NaN,0.208,0.07,0.976,0.032,0,0,0.614,3.916,6.373,0.88,2,0
177673,1.00000114053737e+18,63875741931423,0.032,1.441,-0.022,0.048,-0.023,0.003,0.999,NaN,0.208,0.068,0.976,0,0,0,64.325,NaN,0.218,0.073,0.973,-0.032,0,0,0.644,4.132,6.415,0.812,NaN,0.207,0.068,0.976,0.032,0,0,0.614,3.912,6.373,0.882,2,0
177674,1.00000114054244e+18,63875741931434,0.032,1.441,-0.022,0.048,-0.023,0.003,0.999,NaN,0.207,0.067,0.976,0,0,0,64.325,NaN,0.217,0.073,0.973,-0.032,0,0,0.644,4.134,6.415,0.812,NaN,0.207,0.067,0.976,0.032,0,0,0.613,3.905,6.373,0.883,2,0
177675,1.00000114054745e+18,63875741931434,0.032,1.441,-0.022,0.048,-0.023,0.003,0.999,NaN,0.206,0.065,0.976,0,0,0,64.325,NaN,0.216,0.072,0.974,-0.032,0,0,0.645,4.136,6.415,0.812,NaN,0.206,0.065,0.976,0.032,0,0,0.612,3.9,6.373,0.884,2,0
177676,1.00000114055246e+18,63875741931444,0.032,1.441,-0.022,0.048,-0.023,0.003,0.999,NaN,0.206,0.064,0.977,0,0,0,64.325,NaN,0.215,0.071,0.974,-0.032,0,0,0.645,4.137,6.415,0.812,NaN,0.206,0.064,0.977,0.032,0,0,0.611,3.896,6.373,0.886,2,0
177677,1.00000114055746e+18,63875741931444,0.032,1.441,-0.022,0.048,-0.023,0.003,0.999,NaN,0.205,0.062,0.977,0,0,0,64.325,NaN,0.214,0.07,0.974,-0.032,0,0,0.645,4.137,6.415,0.812,NaN,0.205,0.062,0.977,0.032,0,0,0.611,3.893,6.373,0.887,2,0
177678,1.00000114056247e+18,63875741931456,0.032,1.441,-0.022,0.048,-0.023,0.003,0.999,NaN,0.205,0.061,0.977,0,0,0,64.325,NaN,0.214,0.068,0.974,-0.032,0,0,0.645,4.14,6.415,0.813,NaN,0.205,0.061,0.977,0.032,0,0,0.61,3.89,6.373,0.888,2,0
177679,1.00000114056748e+18,63875741931456,0.032,1.441,-0.022,0.048,-0.023,0.003,0.999,NaN,0.204,0.059,0.977,0,0,0,64.325,NaN,0.214,0.067,0.975,-0.032,0,0,0.645,4.141,6.415,0.813,NaN,0.204,0.059,0.977,0.032,0,0,0.61,3.887,6.373,0.889,2,0
177680,1.00000114057249e+18,63875741931467,0.032,1.441,-0.022,0.048,-0.023,0.003,0.999,NaN,0.204,0.058,0.977,0,0,0,64.325,NaN,0.213,0.065,0.975,-0.032,0,0,0.645,4.14,6.415,0.813,NaN,0.204,0.058,0.977,0.032,0,0,0.61,3.886,6.373,0.89,2,0
177681,1.0000011405775e+18,63875741931467,0.032,1.441,-0.022,0.048,-0.023,0.003,0.999,NaN,0.204,0.058,0.977,0,0,0,64.325,NaN,0.212,0.064,0.975,-0.032,0,0,0.646,4.143,6.415,0.813,NaN,0.204,0.058,0.977,0.032,0,0,0.609,3.883,6.373,0.892,2,0
177682,1.00000114058251e+18,63875741931467,0.032,1.441,-0.022,0.048,-0.023,0.003,0.999,NaN,0.204,0.057,0.977,0,0,0,64.325,NaN,0.212,0.063,0.975,-0.032,0,0,0.646,4.145,6.415,0.814,NaN,0.204,0.057,0.977,0.032,0,0,0.609,3.881,6.373,0.893,2,0
177683,1.00000114058752e+18,63875741931478,0.032,1.441,-0.022,0.048,-0.023,0.003,0.999,NaN,0.204,0.057,0.977,0,0,0,64.325,NaN,0.211,0.062,0.976,-0.032,0,0,0.646,4.146,6.415,0.814,NaN,0.203,0.057,0.977,0.032,0,0,0.609,3.879,6.373,0.894,2,0.01731742
177684,1.00000114059253e+18,63875741931478,0.032,1.441,-0.022,0.048,-0.023,0.003,0.999,NaN,0.203,0.056,0.977,0,0,0,64.325,NaN,0.21,0.061,0.976,-0.032,0,0,0.646,4.147,6.415,0.815,NaN,0.203,0.056,0.977,0.032,0,0,0.608,3.878,6.373,0.895,2,0.6780558
177685,1.00000114059754e+18,63875741931490,0.032,1.441,-0.022,0.048,-0.023,0.003,0.999,NaN,0.203,0.056,0.978,0,0,0,64.325,NaN,0.209,0.06,0.976,-0.032,0,0,0.647,4.148,6.415,0.816,NaN,0.203,0.056,0.978,0.032,0,0,0.608,3.876,6.373,0.896,2,0.8045589
177686,1.00000114060255e+18,63875741931490,0.032,1.441,-0.022,0.048,-0.023,0.003,0.999,NaN,0.203,0.056,0.978,0,0,0,64.325,NaN,0.209,0.059,0.976,-0.032,0,0,0.646,4.147,6.415,0.817,NaN,0.203,0.056,0.978,0.032,0,0,0.608,3.874,6.373,0.897,2,0.8257927
177687,1.00000114060757e+18,63875741931501,0.032,1.441,-0.022,0.048,-0.023,0.004,0.999,NaN,0.203,0.056,0.977,0,0,0,64.325,NaN,0.208,0.059,0.976,-0.032,0,0,0.645,4.139,6.415,0.817,NaN,0.203,0.056,0.977,0.032,0,0,0.608,3.874,6.373,0.898,2,0.896646
177688,1.00000114061257e+18,63875741931501,0.032,1.441,-0.022,0.048,-0.023,0.004,0.999,NaN,0.204,0.057,0.977,0,0,0,64.325,NaN,0.208,0.059,0.976,-0.032,0,0,0.642,4.118,6.415,0.819,NaN,0.204,0.057,0.977,0.032,0,0,0.608,3.874,6.373,0.899,2,0.945163
177689,1.00000114061759e+18,63875741931511,0.032,1.441,-0.022,0.048,-0.023,0.004,0.999,NaN,0.204,0.057,0.977,0,0,0,64.325,NaN,0.208,0.059,0.976,-0.032,0,0,0.641,4.111,6.415,0.82,NaN,0.204,0.057,0.977,0.032,0,0,0.608,3.872,6.373,0.9,2,0.943134
177690,1.00000114062258e+18,63875741931511,0.032,1.441,-0.022,0.048,-0.023,0.004,0.999,NaN,0.204,0.057,0.977,0,0,0,64.325,NaN,0.208,0.059,0.976,-0.032,0,0,0.639,4.097,6.415,0.821,NaN,0.204,0.057,0.977,0.032,0,0,0.607,3.87,6.373,0.9,2,0.9607645
177691,1.0000011406276e+18,63875741931523,0.032,1.441,-0.022,0.048,-0.023,0.004,0.999,NaN,0.204,0.057,0.977,0,0,0,64.325,NaN,0.207,0.059,0.977,-0.032,0,0,0.638,4.091,6.415,0.822,NaN,0.204,0.057,0.977,0.032,0,0,0.607,3.866,6.373,0.901,2,0.9664423
177692,1.00000114063264e+18,63875741931523,0.032,1.441,-0.022,0.048,-0.023,0.004,0.999,NaN,0.204,0.057,0.977,0,0,0,64.325,NaN,0.207,0.059,0.977,-0.032,0,0,0.636,4.081,6.415,0.823,NaN,0.204,0.057,0.977,0.032,0,0,0.606,3.861,6.373,0.902,2,0.9782249
177693,1.00000114063764e+18,63875741931533,0.032,1.441,-0.022,0.048,-0.023,0.004,0.999,NaN,0.204,0.057,0.977,0,0,0,64.325,NaN,0.207,0.059,0.977,-0.032,0,0,0.633,4.061,6.415,0.825,NaN,0.204,0.057,0.977,0.032,0,0,0.605,3.855,6.373,0.902,2,0.9870916
177694,1.00000114064265e+18,63875741931533,0.032,1.441,-0.022,0.048,-0.023,0.004,0.999,NaN,0.204,0.057,0.977,0,0,0,64.325,NaN,0.207,0.058,0.977,-0.032,0,0,0.632,4.055,6.415,0.825,NaN,0.204,0.057,0.977,0.032,0,0,0.604,3.848,6.373,0.903,2,0.9893284
177695,1.00000114064767e+18,63875741931533,0.032,1.441,-0.022,0.048,-0.023,0.004,0.999,NaN,0.204,0.057,0.977,0,0,0,64.325,NaN,0.206,0.058,0.977,-0.032,0,0,0.63,4.044,6.415,0.827,NaN,0.204,0.057,0.977,0.032,0,0,0.603,3.844,6.373,0.904,2,0.9995045
177696,1.00000114065268e+18,63875741931545,0.032,1.441,-0.022,0.048,-0.023,0.004,0.999,NaN,0.204,0.057,0.977,0,0,0,64.325,NaN,0.206,0.058,0.977,-0.032,0,0,0.629,4.034,6.415,0.828,NaN,0.204,0.057,0.977,0.032,0,0,0.602,3.838,6.373,0.904,2,1
177697,1.00000114065769e+18,63875741931545,0.032,1.441,-0.022,0.048,-0.023,0.004,0.999,NaN,0.204,0.057,0.977,0,0,0,64.325,NaN,0.206,0.058,0.977,-0.032,0,0,0.627,4.025,6.415,0.83,NaN,0.204,0.057,0.977,0.032,0,0,0.601,3.832,6.373,0.904,2,1
177698,1.0000011406627e+18,63875741931556,0.032,1.441,-0.022,0.048,-0.023,0.003,0.999,NaN,0.204,0.057,0.977,0,0,0,64.325,NaN,0.206,0.058,0.977,-0.032,0,0,0.626,4.017,6.415,0.831,NaN,0.204,0.057,0.977,0.032,0,0,0.6,3.825,6.373,0.905,2,0.9710752
177699,1.0000011406677e+18,63875741931556,0.032,1.441,-0.022,0.048,-0.023,0.003,0.999,NaN,0.204,0.058,0.977,0,0,0,64.325,NaN,0.206,0.059,0.977,-0.032,0,0,0.625,4.012,6.415,0.832,NaN,0.204,0.058,0.977,0.032,0,0,0.599,3.82,6.373,0.906,2,0.8694705
177700,1.00000114067271e+18,63875741931567,0.032,1.442,-0.022,0.048,-0.023,0.003,0.999,NaN,0.204,0.057,0.977,0,0,0,64.325,NaN,0.205,0.058,0.977,-0.032,0,0,0.615,3.942,6.415,0.832,NaN,0.204,0.057,0.977,0.032,0,0,0.599,3.815,6.373,0.906,2,0.5841612
177701,1.00000114067772e+18,63875741931567,0.032,1.442,-0.022,0.048,-0.023,0.003,0.999,NaN,0.203,0.055,0.978,0,0,0,64.325,NaN,0.206,0.055,0.977,-0.032,0,0,0.6,3.846,6.415,0.831,NaN,0.2,0.055,0.978,0.032,0,0,0.599,3.817,6.373,0.906,2,0.2358411
177702,1.00000114068273e+18,63875741931578,0.032,1.442,-0.022,0.047,-0.023,0.004,0.999,NaN,0.199,0.044,0.979,0,0,0,64.325,NaN,0.203,0.044,0.978,-0.032,0,0,0.591,3.794,6.415,0.833,NaN,0.192,0.044,0.98,0.032,0,0,0.607,3.871,6.373,0.905,2,0
177703,1.00000114068774e+18,63875741931578,0.032,1.442,-0.022,0.047,-0.023,0.004,0.999,NaN,0.178,0.017,0.984,0,0,0,64.325,NaN,0.199,0.016,0.98,-0.032,0,0,0.598,3.836,6.415,0.834,NaN,0.167,0.017,0.986,0.032,0,0,0.607,3.868,6.373,0.905,2,0
177704,1.00000114069275e+18,63875741931590,0.032,1.442,-0.022,0.047,-0.023,0.004,0.999,NaN,0.148,-0.013,0.989,0,0,0,64.325,NaN,0.179,-0.013,0.984,-0.032,0,0,0.612,3.927,6.415,0.835,NaN,0.132,-0.013,0.991,0.032,0,0,0.597,3.805,6.373,0.905,2,0
177705,1.00000114069779e+18,63875741931590,0.032,1.442,-0.022,0.047,-0.023,0.004,0.999,NaN,0.105,-0.046,0.993,0,0,0,64.325,NaN,0.166,-0.046,0.985,-0.032,0,0,0.613,3.93,6.415,0.838,NaN,0.092,-0.046,0.995,0.032,0,0,0.592,3.775,6.373,0.905,0.8517357,0
177706,1.0000011407028e+18,63875741931601,0.032,1.442,-0.022,0.047,-0.023,0.004,0.999,NaN,0.073,-0.076,0.994,0,0,0,64.325,NaN,0.152,-0.076,0.985,-0.032,0,0,0.597,3.827,6.415,0.842,NaN,0.063,-0.076,0.995,0.032,0,0,0.591,3.768,6.373,0.904,0.7131207,0
177707,1.00000114070781e+18,63875741931601,0.032,1.442,-0.022,0.047,-0.023,0.004,0.999,NaN,0.059,-0.094,0.994,0,0,0,64.325,NaN,0.134,-0.094,0.987,-0.032,0,0,0.592,3.796,6.415,0.846,NaN,0.04,-0.094,0.995,0.032,0,0,0.591,3.768,6.373,0.903,0.6769056,0
177708,1.00000114071282e+18,63875741931601,0.032,1.442,-0.022,0.047,-0.023,0.004,0.999,NaN,0.033,-0.116,0.993,0,0,0,64.325,NaN,0.118,-0.103,0.988,-0.032,0,0,0.567,3.635,6.415,0.849,NaN,0.021,-0.116,0.993,0.032,0,0,0.591,3.767,6.373,0.902,0.6446439,0
177709,1.00000114071788e+18,63875741931612,0.032,1.442,-0.022,0.046,-0.023,0.004,0.999,NaN,0.015,-0.13,0.991,0,0,0,64.325,NaN,0.106,-0.109,0.988,-0.032,0,0,0.566,3.631,6.415,0.853,NaN,0.007,-0.13,0.991,0.032,0,0,0.591,3.767,6.373,0.901,0.6175692,0
177710,1.00000114072288e+18,63875741931612,0.032,1.442,-0.022,0.046,-0.023,0.004,0.999,NaN,0.002,-0.139,0.99,0,0,0,64.325,NaN,0.097,-0.113,0.989,-0.032,0,0,0.566,3.632,6.415,0.855,NaN,-0.003,-0.139,0.99,0.032,0,0,0.591,3.765,6.373,0.9,0.598354,0
177711,1.00000114072788e+18,63875741931623,0.032,1.442,-0.022,0.046,-0.023,0.004,0.999,NaN,-0.006,-0.146,0.989,0,0,0,64.325,NaN,0.091,-0.116,0.989,-0.032,0,0,0.566,3.632,6.415,0.858,NaN,-0.009,-0.146,0.989,0.032,0,0,0.59,3.758,6.373,0.899,0.5878077,0
177712,1.00000114073288e+18,63875741931623,0.032,1.442,-0.022,0.046,-0.023,0.004,0.999,NaN,-0.011,-0.15,0.989,0,0,0,64.325,NaN,0.087,-0.118,0.989,-0.032,0,0,0.566,3.632,6.415,0.86,NaN,-0.013,-0.15,0.989,0.032,0,0,0.589,3.753,6.373,0.898,0.5851967,0
177713,1.00000114073786e+18,63875741931623,0.032,1.442,-0.022,0.046,-0.023,0.004,0.999,NaN,-0.014,-0.153,0.988,0,0,0,64.325,NaN,0.084,-0.12,0.989,-0.032,0,0,0.566,3.631,6.415,0.863,NaN,-0.015,-0.153,0.988,0.032,0,0,0.588,3.745,6.373,0.897,0.5828676,0
177714,1.00000114074287e+18,63875741931634,0.032,1.442,-0.022,0.046,-0.024,0.004,0.999,NaN,-0.015,-0.155,0.988,0,0,0,64.325,NaN,0.082,-0.121,0.989,-0.032,0,0,0.565,3.627,6.415,0.865,NaN,-0.016,-0.155,0.988,0.032,0,0,0.586,3.735,6.373,0.897,0.5836544,0
177715,1.0000011407479e+18,63875741931634,0.032,1.442,-0.022,0.046,-0.024,0.004,0.999,NaN,-0.016,-0.157,0.987,0,0,0,64.325,NaN,0.08,-0.122,0.989,-0.032,0,0,0.564,3.621,6.415,0.867,NaN,-0.017,-0.157,0.987,0.032,0,0,0.585,3.728,6.373,0.896,0.5844783,0
177716,1.00000114075291e+18,63875741931645,0.032,1.442,-0.022,0.046,-0.024,0.004,0.999,NaN,-0.017,-0.159,0.987,0,0,0,64.325,NaN,0.079,-0.124,0.989,-0.032,0,0,0.563,3.613,6.415,0.87,NaN,-0.017,-0.159,0.987,0.032,0,0,0.584,3.721,6.373,0.895,0.5872499,0
177717,1.00000114075792e+18,63875741931645,0.032,1.442,-0.022,0.046,-0.024,0.004,0.999,NaN,-0.017,-0.16,0.987,0,0,0,64.325,NaN,0.079,-0.125,0.989,-0.032,0,0,0.562,3.608,6.415,0.872,NaN,-0.017,-0.16,0.987,0.032,0,0,0.583,3.715,6.373,0.895,0.5896291,0
177718,1.00000114076294e+18,63875741931657,0.032,1.442,-0.022,0.046,-0.024,0.004,0.999,NaN,-0.017,-0.16,0.987,0,0,0,64.325,NaN,0.078,-0.126,0.989,-0.032,0,0,0.561,3.597,6.415,0.874,NaN,-0.017,-0.16,0.987,0.032,0,0,0.582,3.71,6.373,0.894,0.5939791,0
177719,1.00000114076794e+18,63875741931657,0.032,1.442,-0.022,0.046,-0.024,0.004,0.999,NaN,-0.016,-0.159,0.987,0,0,0,64.325,NaN,0.083,-0.134,0.988,-0.032,0,0,0.56,3.59,6.415,0.876,NaN,-0.017,-0.159,0.987,0.032,0,0,0.581,3.705,6.373,0.894,0.6028724,0
177720,1.00000114077295e+18,63875741931667,0.032,1.442,-0.022,0.046,-0.024,0.004,0.999,NaN,-0.016,-0.16,0.987,0,0,0,64.325,NaN,0.081,-0.133,0.988,-0.032,0,0,0.559,3.585,6.415,0.878,NaN,-0.017,-0.16,0.987,0.032,0,0,0.581,3.701,6.373,0.894,0.6042348,0
177721,1.00000114077799e+18,63875741931667,0.032,1.442,-0.022,0.046,-0.024,0.004,0.999,NaN,-0.015,-0.159,0.987,0,0,0,64.325,NaN,0.084,-0.139,0.987,-0.032,0,0,0.558,3.583,6.415,0.88,NaN,-0.017,-0.159,0.987,0.032,0,0,0.58,3.697,6.373,0.894,0.6061552,0
177722,1.00000114078299e+18,63875741931678,0.032,1.442,-0.022,0.046,-0.024,0.004,0.999,NaN,-0.007,-0.156,0.988,0,0,0,64.325,NaN,0.083,-0.14,0.987,-0.032,0,0,0.558,3.581,6.415,0.882,NaN,-0.017,-0.156,0.988,0.032,0,0,0.58,3.693,6.373,0.893,0.6227822,0
177723,1.000001140788e+18,63875741931678,0.032,1.442,-0.022,0.046,-0.024,0.004,0.999,NaN,-0.009,-0.157,0.988,0,0,0,64.325,NaN,0.082,-0.138,0.987,-0.032,0,0,0.558,3.58,6.415,0.884,NaN,-0.017,-0.157,0.987,0.032,0,0,0.579,3.691,6.373,0.893,0.6215844,0
177724,1.00000114079299e+18,63875741931678,0.032,1.442,-0.022,0.046,-0.024,0.004,0.999,NaN,-0.01,-0.157,0.988,0,0,0,64.325,NaN,0.085,-0.142,0.986,-0.032,0,0,0.558,3.578,6.415,0.886,NaN,-0.017,-0.157,0.987,0.032,0,0,0.579,3.689,6.373,0.893,0.615899,0
177725,1.000001140798e+18,63875741931690,0.032,1.442,-0.023,0.046,-0.024,0.004,0.999,NaN,-0.005,-0.155,0.988,0,0,0,64.325,NaN,0.084,-0.142,0.986,-0.032,0,0,0.558,3.578,6.415,0.887,NaN,-0.017,-0.155,0.988,0.032,0,0,0.578,3.685,6.373,0.893,0.6266861,0
177726,1.00000114080303e+18,63875741931690,0.032,1.442,-0.023,0.046,-0.024,0.004,0.999,NaN,-0.006,-0.156,0.988,0,0,0,64.325,NaN,0.085,-0.146,0.986,-0.032,0,0,0.558,3.578,6.415,0.889,NaN,-0.017,-0.156,0.988,0.032,0,0,0.578,3.682,6.373,0.893,0.6194699,0
177727,1.00000114080805e+18,63875741931701,0.032,1.442,-0.023,0.046,-0.024,0.004,0.999,NaN,-0.002,-0.154,0.988,0,0,0,64.325,NaN,0.084,-0.145,0.986,-0.032,0,0,0.558,3.577,6.415,0.89,NaN,-0.017,-0.154,0.988,0.032,0,0,0.577,3.68,6.373,0.893,0.6279502,0
177728,1.00000114081306e+18,63875741931701,0.032,1.442,-0.023,0.046,-0.024,0.004,0.999,NaN,0,-0.152,0.988,0,0,0,64.325,NaN,0.083,-0.145,0.986,-0.032,0,0,0.577,3.705,6.415,0.892,NaN,-0.017,-0.152,0.988,0.032,0,0,0.577,3.678,6.373,0.893,0.635271,0
177729,1.00000114081808e+18,63875741931712,0.032,1.442,-0.023,0.046,-0.024,0.004,0.999,NaN,0.001,-0.151,0.988,0,0,0,64.325,NaN,0.083,-0.145,0.986,-0.032,0,0,0.582,3.731,6.415,0.893,NaN,-0.017,-0.151,0.988,0.032,0,0,0.577,3.676,6.373,0.893,0.6415699,0
177730,1.00000114082309e+18,63875741931712,0.032,1.442,-0.023,0.046,-0.024,0.004,0.999,NaN,0.001,-0.153,0.988,0,0,0,64.325,NaN,0.084,-0.148,0.985,-0.032,0,0,0.582,3.733,6.415,0.895,NaN,-0.016,-0.153,0.988,0.032,0,0,0.577,3.674,6.373,0.893,0.6333174,0
177731,1.00000114082812e+18,63875741931723,0.032,1.442,-0.023,0.046,-0.024,0.004,0.999,NaN,0.002,-0.152,0.988,0,0,0,64.325,NaN,0.084,-0.148,0.985,-0.032,0,0,0.583,3.737,6.415,0.896,NaN,-0.016,-0.152,0.988,0.032,0,0,0.576,3.673,6.373,0.893,0.6394679,0
177732,1.00000114083312e+18,63875741931723,0.032,1.442,-0.023,0.046,-0.024,0.004,0.999,NaN,0.001,-0.154,0.988,0,0,0,64.325,NaN,0.083,-0.145,0.986,-0.032,0,0,0.562,3.606,6.415,0.897,NaN,-0.016,-0.154,0.988,0.032,0,0,0.576,3.671,6.373,0.893,0.641817,0
177733,1.00000114083814e+18,63875741931723,0.032,1.442,-0.023,0.046,-0.024,0.004,0.999,NaN,0,-0.156,0.988,0,0,0,64.325,NaN,0.084,-0.148,0.985,-0.032,0,0,0.558,3.581,6.415,0.898,NaN,-0.016,-0.156,0.988,0.032,0,0,0.576,3.67,6.373,0.893,0.6360114,0
177734,1.00000114084315e+18,63875741931734,0.032,1.442,-0.023,0.046,-0.024,0.005,0.999,NaN,-0.001,-0.158,0.987,0,0,0,64.325,NaN,0.085,-0.152,0.985,-0.032,0,0,0.557,3.571,6.415,0.899,NaN,-0.016,-0.158,0.987,0.032,0,0,0.576,3.668,6.373,0.893,0.6320385,0
177735,1.00000114084815e+18,63875741931734,0.032,1.442,-0.023,0.046,-0.024,0.005,0.999,NaN,-0.001,-0.159,0.987,0,0,0,64.325,NaN,0.086,-0.154,0.984,-0.032,0,0,0.556,3.569,6.415,0.899,NaN,-0.015,-0.159,0.987,0.032,0,0,0.575,3.667,6.373,0.893,0.6295323,0
177736,1.00000114085316e+18,63875741931745,0.032,1.442,-0.023,0.046,-0.025,0.005,0.999,NaN,-0.002,-0.16,0.987,0,0,0,64.325,NaN,0.087,-0.157,0.984,-0.032,0,0,0.556,3.568,6.415,0.9,NaN,-0.015,-0.16,0.987,0.032,0,0,0.575,3.666,6.373,0.893,0.6281701,0
177737,1.00000114085817e+18,63875741931745,0.032,1.442,-0.023,0.046,-0.025,0.005,0.999,NaN,-0.002,-0.162,0.987,0,0,0,64.325,NaN,0.087,-0.159,0.983,-0.032,0,0,0.573,3.676,6.415,0.9,NaN,-0.015,-0.162,0.987,0.032,0,0,0.575,3.664,6.373,0.893,0.6271816,0
177738,1.00000114086318e+18,63875741931756,0.031,1.442,-0.023,0.046,-0.025,0.005,0.999,NaN,-0.001,-0.16,0.987,0,0,0,64.325,NaN,0.087,-0.157,0.984,-0.032,0,0,0.576,3.697,6.415,0.901,NaN,-0.015,-0.16,0.987,0.032,0,0,0.575,3.663,6.373,0.893,0.6299214,0
177739,1.00000114086819e+18,63875741931756,0.031,1.442,-0.023,0.046,-0.025,0.005,0.999,NaN,-0.001,-0.161,0.987,0,0,0,64.325,NaN,0.087,-0.159,0.983,-0.032,0,0,0.577,3.702,6.415,0.902,NaN,-0.015,-0.161,0.987,0.032,0,0,0.575,3.662,6.373,0.893,0.6286019,0
177740,1.0000011408732e+18,63875741931767,0.031,1.442,-0.022,0.045,-0.025,0.005,0.999,NaN,0,-0.16,0.987,0,0,0,64.325,NaN,0.087,-0.158,0.984,-0.032,0,0,0.578,3.705,6.415,0.902,NaN,-0.015,-0.16,0.987,0.032,0,0,0.575,3.661,6.373,0.893,0.6310701,0
177741,1.00000114087823e+18,63875741931767,0.031,1.442,-0.022,0.045,-0.025,0.005,0.999,NaN,-0.001,-0.162,0.987,0,0,0,64.325,NaN,0.086,-0.154,0.984,-0.032,0,0,0.56,3.591,6.415,0.903,NaN,-0.015,-0.162,0.987,0.032,0,0,0.574,3.661,6.373,0.894,0.6320313,0
177742,1.00000114088324e+18,63875741931778,0.031,1.442,-0.022,0.045,-0.025,0.005,0.999,NaN,-0.001,-0.162,0.987,0,0,0,64.325,NaN,0.087,-0.156,0.984,-0.032,0,0,0.556,3.569,6.415,0.903,NaN,-0.014,-0.162,0.987,0.032,0,0,0.574,3.66,6.373,0.894,0.6310624,0
177743,1.00000114088824e+18,63875741931778,0.031,1.442,-0.022,0.045,-0.025,0.005,0.999,NaN,-0.001,-0.163,0.987,0,0,0,64.325,NaN,0.087,-0.157,0.984,-0.032,0,0,0.555,3.564,6.415,0.904,NaN,-0.014,-0.163,0.987,0.032,0,0,0.574,3.659,6.373,0.894,0.6292478,0
177744,1.00000114089327e+18,63875741931778,0.031,1.442,-0.022,0.045,-0.025,0.005,0.999,NaN,-0.002,-0.163,0.987,0,0,0,64.325,NaN,0.087,-0.158,0.984,-0.032,0,0,0.555,3.562,6.415,0.904,NaN,-0.014,-0.163,0.987,0.032,0,0,0.574,3.659,6.373,0.894,0.6269884,0
177745,1.00000114089827e+18,63875741931790,0.031,1.442,-0.022,0.045,-0.026,0.005,0.999,NaN,-0.003,-0.164,0.987,0,0,0,64.325,NaN,0.087,-0.155,0.984,-0.032,0,0,0.555,3.562,6.415,0.905,NaN,-0.014,-0.164,0.986,0.032,0,0,0.574,3.659,6.373,0.895,0.627126,0
177746,1.00000114090327e+18,63875741931790,0.031,1.442,-0.022,0.045,-0.026,0.005,0.999,NaN,-0.004,-0.164,0.986,0,0,0,64.325,NaN,0.087,-0.154,0.984,-0.032,0,0,0.555,3.561,6.415,0.905,NaN,-0.014,-0.164,0.986,0.032,0,0,0.574,3.658,6.373,0.895,0.6279106,0
177747,1.00000114090829e+18,63875741931801,0.031,1.442,-0.022,0.045,-0.026,0.005,0.999,NaN,-0.002,-0.162,0.987,0,0,0,64.325,NaN,0.086,-0.153,0.984,-0.032,0,0,0.555,3.561,6.415,0.905,NaN,-0.014,-0.162,0.987,0.032,0,0,0.574,3.658,6.373,0.895,0.6331249,0
177748,1.00000114091335e+18,63875741931801,0.031,1.442,-0.022,0.045,-0.026,0.005,0.999,NaN,-0.001,-0.161,0.987,0,0,0,64.325,NaN,0.085,-0.153,0.985,-0.032,0,0,0.555,3.561,6.415,0.906,NaN,-0.014,-0.161,0.987,0.032,0,0,0.574,3.658,6.373,0.895,0.6381957,0
177749,1.00000114091836e+18,63875741931813,0.031,1.442,-0.022,0.044,-0.026,0.005,0.999,NaN,0.001,-0.16,0.987,0,0,0,64.325,NaN,0.085,-0.153,0.985,-0.032,0,0,0.555,3.56,6.415,0.906,NaN,-0.014,-0.16,0.987,0.032,0,0,0.574,3.658,6.373,0.895,0.6432157,0
177750,1.00000114092333e+18,63875741931813,0.031,1.442,-0.022,0.044,-0.026,0.005,0.999,NaN,0.003,-0.16,0.987,0,0,0,64.325,NaN,0.084,-0.152,0.985,-0.032,0,0,0.555,3.56,6.415,0.906,NaN,-0.014,-0.16,0.987,0.032,0,0,0.574,3.657,6.373,0.895,0.6486759,0
177751,1.00000114092835e+18,63875741931823,0.031,1.442,-0.022,0.044,-0.027,0.005,0.999,NaN,0.006,-0.159,0.987,0,0,0,64.325,NaN,0.083,-0.151,0.985,-0.032,0,0,0.577,3.704,6.415,0.906,NaN,-0.014,-0.159,0.987,0.032,0,0,0.574,3.657,6.373,0.896,0.6550979,0
177752,1.00000114093336e+18,63875741931823,0.031,1.442,-0.022,0.044,-0.027,0.005,0.999,NaN,0.008,-0.157,0.988,0,0,0,64.325,NaN,0.082,-0.151,0.985,-0.032,0,0,0.581,3.725,6.415,0.906,NaN,-0.014,-0.157,0.987,0.032,0,0,0.574,3.657,6.373,0.896,0.6606646,0
177753,1.00000114093838e+18,63875741931834,0.031,1.442,-0.022,0.044,-0.027,0.006,0.999,NaN,0.011,-0.156,0.988,0,0,0,64.325,NaN,0.082,-0.15,0.985,-0.032,0,0,0.582,3.732,6.415,0.907,NaN,-0.014,-0.156,0.988,0.032,0,0,0.574,3.656,6.373,0.896,0.667043,0
177754,1.0000011409434e+18,63875741931834,0.031,1.442,-0.022,0.044,-0.027,0.006,0.999,NaN,0.013,-0.155,0.988,0,0,0,64.325,NaN,0.081,-0.149,0.985,-0.032,0,0,0.582,3.734,6.415,0.907,NaN,-0.014,-0.155,0.988,0.032,0,0,0.574,3.656,6.373,0.896,0.6734893,0
177755,1.00000114094841e+18,63875741931834,0.031,1.442,-0.022,0.044,-0.027,0.006,0.999,NaN,0.015,-0.154,0.988,0,0,0,64.325,NaN,0.08,-0.149,0.986,-0.032,0,0,0.582,3.736,6.415,0.907,NaN,-0.014,-0.154,0.988,0.032,0,0,0.574,3.656,6.373,0.896,0.6798345,0
177756,1.00000114095343e+18,63875741931845,0.031,1.442,-0.022,0.044,-0.027,0.006,0.999,NaN,0.017,-0.153,0.988,0,0,0,64.325,NaN,0.08,-0.149,0.986,-0.032,0,0,0.582,3.736,6.415,0.907,NaN,-0.014,-0.153,0.988,0.032,0,0,0.574,3.656,6.373,0.896,0.6853904,0
177757,1.00000114095841e+18,63875741931845,0.031,1.442,-0.022,0.044,-0.027,0.006,0.999,NaN,0.013,-0.154,0.988,0,0,0,64.325,NaN,0.079,-0.147,0.986,-0.032,0,0,0.56,3.594,6.415,0.907,NaN,-0.014,-0.154,0.988,0.032,0,0,0.574,3.656,6.373,0.896,0.6854191,0
177758,1.00000114096343e+18,63875741931856,0.031,1.442,-0.022,0.044,-0.027,0.006,0.999,NaN,0.012,-0.155,0.988,0,0,0,64.325,NaN,0.08,-0.148,0.986,-0.032,0,0,0.557,3.575,6.415,0.907,NaN,-0.014,-0.155,0.988,0.032,0,0,0.574,3.656,6.373,0.896,0.6789891,0
177759,1.00000114096845e+18,63875741931856,0.031,1.442,-0.022,0.044,-0.027,0.006,0.999,NaN,0.015,-0.152,0.988,0,0,0,64.325,NaN,0.081,-0.145,0.986,-0.032,0,0,0.556,3.57,6.415,0.907,NaN,-0.013,-0.152,0.988,0.032,0,0,0.574,3.656,6.373,0.896,0.6774321,0
177760,1.00000114097347e+18,63875741931867,0.031,1.442,-0.022,0.044,-0.027,0.006,0.999,NaN,0.016,-0.148,0.989,0,0,0,64.325,NaN,0.079,-0.143,0.987,-0.032,0,0,0.556,3.568,6.415,0.906,NaN,-0.013,-0.148,0.989,0.032,0,0,0.574,3.656,6.373,0.896,0.6909829,0
177761,1.00000114097848e+18,63875741931868,0.031,1.442,-0.022,0.044,-0.027,0.006,0.999,NaN,0.019,-0.144,0.989,0,0,0,64.325,NaN,0.08,-0.139,0.987,-0.032,0,0,0.556,3.567,6.415,0.906,NaN,-0.013,-0.144,0.989,0.032,0,0,0.574,3.656,6.373,0.896,0.6879569,0
177762,1.0000011409835e+18,63875741931879,0.031,1.442,-0.022,0.044,-0.028,0.006,0.999,NaN,0.02,-0.141,0.99,0,0,0,64.325,NaN,0.078,-0.137,0.987,-0.032,0,0,0.582,3.736,6.415,0.906,NaN,-0.013,-0.141,0.99,0.032,0,0,0.574,3.656,6.373,0.896,0.7022478,0
177763,1.00000114098852e+18,63875741931879,0.031,1.442,-0.022,0.044,-0.028,0.006,0.999,NaN,0.021,-0.139,0.99,0,0,0,64.325,NaN,0.076,-0.136,0.988,-0.032,0,0,0.588,3.772,6.415,0.906,NaN,-0.013,-0.139,0.99,0.032,0,0,0.574,3.656,6.373,0.896,0.7178743,0
177764,1.00000114099353e+18,63875741931879,0.031,1.442,-0.022,0.044,-0.028,0.006,0.999,NaN,0.022,-0.137,0.99,0,0,0,64.325,NaN,0.075,-0.134,0.988,-0.032,0,0,0.589,3.781,6.415,0.905,NaN,-0.012,-0.137,0.991,0.032,0,0,0.574,3.657,6.373,0.896,0.7326614,0
177765,1.00000114099855e+18,63875741931890,0.031,1.442,-0.022,0.044,-0.028,0.007,0.999,NaN,0.023,-0.139,0.99,0,0,0,64.325,NaN,0.075,-0.136,0.988,-0.032,0,0,0.589,3.781,6.415,0.904,NaN,-0.012,-0.139,0.99,0.032,0,0,0.574,3.657,6.373,0.896,0.7345145,0
177766,1.00000114100357e+18,63875741931890,0.031,1.442,-0.022,0.044,-0.028,0.007,0.999,NaN,0.024,-0.14,0.99,0,0,0,64.325,NaN,0.075,-0.138,0.988,-0.032,0,0,0.589,3.779,6.415,0.902,NaN,-0.012,-0.14,0.99,0.032,0,0,0.574,3.658,6.373,0.895,0.7353863,0
177767,1.00000114100858e+18,63875741931901,0.031,1.442,-0.022,0.044,-0.028,0.007,0.999,NaN,0.02,-0.143,0.989,0,0,0,64.325,NaN,0.075,-0.137,0.988,-0.032,0,0,0.561,3.601,6.415,0.9,NaN,-0.012,-0.143,0.99,0.032,0,0,0.574,3.66,6.373,0.894,0.731415,0
177768,1.00000114101356e+18,63875741931901,0.031,1.442,-0.022,0.044,-0.028,0.007,0.999,NaN,0.021,-0.144,0.989,0,0,0,64.325,NaN,0.075,-0.139,0.987,-0.032,0,0,0.558,3.58,6.415,0.896,NaN,-0.012,-0.144,0.99,0.032,0,0,0.574,3.661,6.373,0.892,0.7312034,0
177769,1.00000114101857e+18,63875741931912,0.031,1.442,-0.022,0.044,-0.028,0.007,0.999,NaN,0.019,-0.145,0.989,0,0,0,64.325,NaN,0.062,-0.14,0.988,-0.032,0,0,0.558,3.578,6.415,0.891,NaN,-0.012,-0.145,0.989,0.032,0,0,0.575,3.662,6.373,0.889,0.8649747,0
177770,1.00000114102359e+18,63875741931912,0.031,1.442,-0.022,0.044,-0.028,0.007,0.999,NaN,0.018,-0.147,0.989,0,0,0,64.325,NaN,0.064,-0.14,0.988,-0.032,0,0,0.558,3.577,6.415,0.883,NaN,-0.012,-0.147,0.989,0.032,0,0,0.576,3.668,6.373,0.883,0.8366708,0
177771,1.0000011410286e+18,63875741931923,0.031,1.441,-0.022,0.044,-0.028,0.007,0.999,NaN,0.018,-0.146,0.989,0,0,0,64.325,NaN,0.061,-0.14,0.988,-0.032,0,0,0.555,3.561,6.415,0.87,NaN,-0.012,-0.146,0.989,0.032,0,0,0.577,3.678,6.373,0.872,0.8709568,0
177772,1.00000114103361e+18,63875741931923,0.031,1.441,-0.022,0.044,-0.028,0.007,0.999,NaN,0.016,-0.149,0.989,0,0,0,64.325,NaN,0.063,-0.139,0.988,-0.032,0,0,0.552,3.541,6.415,0.847,NaN,-0.012,-0.149,0.989,0.032,0,0,0.578,3.682,6.373,0.855,0.8408654,0
177773,1.00000114103863e+18,63875741931934,0.031,1.441,-0.023,0.044,-0.028,0.007,0.999,NaN,0.011,-0.148,0.989,0,0,0,64.325,NaN,0.044,-0.14,0.989,-0.032,0,0,0.533,3.416,6.415,0.813,NaN,-0.012,-0.148,0.989,0.032,0,0,0.579,3.689,6.373,0.824,1.106985,0
177774,1.00000114104365e+18,63875741931934,0.031,1.441,-0.023,0.044,-0.028,0.007,0.999,NaN,0.005,-0.154,0.988,0,0,0,64.325,NaN,0.027,-0.143,0.989,-0.032,0,0,0.524,3.36,6.415,0.781,NaN,-0.013,-0.154,0.988,0.032,0,0,0.571,3.641,6.373,0.777,2,0
177775,1.00000114104866e+18,63875741932067,0.031,1.442,-0.022,0.045,-0.027,0.007,0.999,NaN,-0.004,-0.178,0.984,0,0,0,64.325,NaN,0.04,-0.154,0.987,-0.032,0,0,0.496,3.18,6.415,0.73,NaN,-0.016,-0.178,0.984,0.032,0,0,0.558,3.554,6.373,0.712,0.9709744,0
177776,1.00000114105368e+18,63875741932067,0.031,1.442,-0.022,0.045,-0.027,0.007,0.999,NaN,NaN,NaN,NaN,NaN,NaN,NaN,NaN,NaN,NaN,NaN,NaN,NaN,NaN,NaN,NaN,NaN,NaN,NaN,NaN,NaN,NaN,NaN,NaN,NaN,NaN,NaN,NaN,NaN,NaN,NaN,NaN
177777,1.00000114105871e+18,63875741932067,0.031,1.442,-0.022,0.045,-0.027,0.007,0.999,NaN,NaN,NaN,NaN,NaN,NaN,NaN,NaN,NaN,NaN,NaN,NaN,NaN,NaN,NaN,NaN,NaN,NaN,NaN,NaN,NaN,NaN,NaN,NaN,NaN,NaN,NaN,NaN,NaN,NaN,NaN,NaN
177778,1.00000114106373e+18,63875741932067,0.031,1.442,-0.022,0.045,-0.027,0.007,0.999,NaN,NaN,NaN,NaN,NaN,NaN,NaN,NaN,NaN,NaN,NaN,NaN,NaN,NaN,NaN,NaN,NaN,NaN,NaN,NaN,NaN,NaN,NaN,NaN,NaN,NaN,NaN,NaN,NaN,NaN,NaN,NaN
177779,1.00000114106869e+18,63875741932067,0.031,1.442,-0.022,0.045,-0.027,0.007,0.999,NaN,NaN,NaN,NaN,NaN,NaN,NaN,NaN,NaN,NaN,NaN,NaN,NaN,NaN,NaN,NaN,NaN,NaN,NaN,NaN,NaN,NaN,NaN,NaN,NaN,NaN,NaN,NaN,NaN,NaN,NaN,NaN
177780,1.00000114107372e+18,63875741932067,0.031,1.442,-0.022,0.045,-0.027,0.007,0.999,NaN,NaN,NaN,NaN,NaN,NaN,NaN,NaN,NaN,NaN,NaN,NaN,NaN,NaN,NaN,NaN,NaN,NaN,NaN,NaN,NaN,NaN,NaN,NaN,NaN,NaN,NaN,NaN,NaN,NaN,NaN,NaN
177781,1.00000114107873e+18,63875741932067,0.031,1.442,-0.022,0.045,-0.027,0.007,0.999,NaN,NaN,NaN,NaN,NaN,NaN,NaN,NaN,NaN,NaN,NaN,NaN,NaN,NaN,NaN,NaN,NaN,NaN,NaN,NaN,NaN,NaN,NaN,NaN,NaN,NaN,NaN,NaN,NaN,NaN,NaN,NaN
177782,1.00000114108374e+18,63875741932067,0.031,1.442,-0.022,0.045,-0.027,0.007,0.999,NaN,NaN,NaN,NaN,NaN,NaN,NaN,NaN,NaN,NaN,NaN,NaN,NaN,NaN,NaN,NaN,NaN,NaN,NaN,NaN,NaN,NaN,NaN,NaN,NaN,NaN,NaN,NaN,NaN,NaN,NaN,NaN
177783,1.00000114108874e+18,63875741932067,0.031,1.442,-0.022,0.045,-0.027,0.007,0.999,NaN,NaN,NaN,NaN,NaN,NaN,NaN,NaN,NaN,NaN,NaN,NaN,NaN,NaN,NaN,NaN,NaN,NaN,NaN,NaN,NaN,NaN,NaN,NaN,NaN,NaN,NaN,NaN,NaN,NaN,NaN,NaN
177784,1.00000114109375e+18,63875741932067,0.031,1.442,-0.022,0.045,-0.027,0.007,0.999,NaN,NaN,NaN,NaN,NaN,NaN,NaN,NaN,NaN,NaN,NaN,NaN,NaN,NaN,NaN,NaN,NaN,NaN,NaN,NaN,NaN,NaN,NaN,NaN,NaN,NaN,NaN,NaN,NaN,NaN,NaN,NaN
177785,1.00000114109876e+18,63875741932067,0.031,1.442,-0.022,0.045,-0.027,0.007,0.999,NaN,NaN,NaN,NaN,NaN,NaN,NaN,NaN,NaN,NaN,NaN,NaN,NaN,NaN,NaN,NaN,NaN,NaN,NaN,NaN,NaN,NaN,NaN,NaN,NaN,NaN,NaN,NaN,NaN,NaN,NaN,NaN
177786,1.00000114110379e+18,63875741932067,0.031,1.442,-0.022,0.045,-0.027,0.007,0.999,NaN,NaN,NaN,NaN,NaN,NaN,NaN,NaN,NaN,NaN,NaN,NaN,NaN,NaN,NaN,NaN,NaN,NaN,NaN,NaN,NaN,NaN,NaN,NaN,NaN,NaN,NaN,NaN,NaN,NaN,NaN,NaN
177787,1.0000011411088e+18,63875741932067,0.031,1.442,-0.022,0.045,-0.027,0.007,0.999,NaN,NaN,NaN,NaN,NaN,NaN,NaN,NaN,NaN,NaN,NaN,NaN,NaN,NaN,NaN,NaN,NaN,NaN,NaN,NaN,NaN,NaN,NaN,NaN,NaN,NaN,NaN,NaN,NaN,NaN,NaN,NaN
177788,1.00000114111381e+18,63875741932067,0.031,1.442,-0.022,0.045,-0.027,0.007,0.999,NaN,NaN,NaN,NaN,NaN,NaN,NaN,NaN,NaN,NaN,NaN,NaN,NaN,NaN,NaN,NaN,NaN,NaN,NaN,NaN,NaN,NaN,NaN,NaN,NaN,NaN,NaN,NaN,NaN,NaN,NaN,NaN
177789,1.00000114111882e+18,63875741932068,0.031,1.442,-0.022,0.045,-0.027,0.007,0.999,NaN,NaN,NaN,NaN,NaN,NaN,NaN,NaN,NaN,NaN,NaN,NaN,NaN,NaN,NaN,NaN,NaN,NaN,NaN,NaN,NaN,NaN,NaN,NaN,NaN,NaN,NaN,NaN,NaN,NaN,NaN,NaN
177790,1.00000114112388e+18,63875741932068,0.031,1.442,-0.022,0.045,-0.027,0.007,0.999,NaN,NaN,NaN,NaN,NaN,NaN,NaN,NaN,NaN,NaN,NaN,NaN,NaN,NaN,NaN,NaN,NaN,NaN,NaN,NaN,NaN,NaN,NaN,NaN,NaN,NaN,NaN,NaN,NaN,NaN,NaN,NaN
177791,1.00000114112887e+18,63875741932068,0.031,1.442,-0.022,0.045,-0.027,0.007,0.999,NaN,NaN,NaN,NaN,NaN,NaN,NaN,NaN,NaN,NaN,NaN,NaN,NaN,NaN,NaN,NaN,NaN,NaN,NaN,NaN,NaN,NaN,NaN,NaN,NaN,NaN,NaN,NaN,NaN,NaN,NaN,NaN
177792,1.00000114113386e+18,63875741932068,0.031,1.442,-0.022,0.045,-0.027,0.007,0.999,NaN,NaN,NaN,NaN,NaN,NaN,NaN,NaN,NaN,NaN,NaN,NaN,NaN,NaN,NaN,NaN,NaN,NaN,NaN,NaN,NaN,NaN,NaN,NaN,NaN,NaN,NaN,NaN,NaN,NaN,NaN,NaN
177793,1.00000114113887e+18,63875741932068,0.031,1.442,-0.022,0.045,-0.027,0.007,0.999,NaN,NaN,NaN,NaN,NaN,NaN,NaN,NaN,NaN,NaN,NaN,NaN,NaN,NaN,NaN,NaN,NaN,NaN,NaN,NaN,NaN,NaN,NaN,NaN,NaN,NaN,NaN,NaN,NaN,NaN,NaN,NaN
177794,1.00000114114388e+18,63875741932068,0.031,1.442,-0.022,0.045,-0.027,0.007,0.999,NaN,NaN,NaN,NaN,NaN,NaN,NaN,NaN,NaN,NaN,NaN,NaN,NaN,NaN,NaN,NaN,NaN,NaN,NaN,NaN,NaN,NaN,NaN,NaN,NaN,NaN,NaN,NaN,NaN,NaN,NaN,NaN
177795,1.00000114114888e+18,63875741932068,0.031,1.442,-0.022,0.045,-0.027,0.007,0.999,NaN,NaN,NaN,NaN,NaN,NaN,NaN,NaN,NaN,NaN,NaN,NaN,NaN,NaN,NaN,NaN,NaN,NaN,NaN,NaN,NaN,NaN,NaN,NaN,NaN,NaN,NaN,NaN,NaN,NaN,NaN,NaN
177796,1.00000114115388e+18,63875741932068,0.031,1.442,-0.022,0.045,-0.027,0.007,0.999,NaN,NaN,NaN,NaN,NaN,NaN,NaN,NaN,NaN,NaN,NaN,NaN,NaN,NaN,NaN,NaN,NaN,NaN,NaN,NaN,NaN,NaN,NaN,NaN,NaN,NaN,NaN,NaN,NaN,NaN,NaN,NaN
177797,1.0000011411589e+18,63875741932068,0.031,1.442,-0.022,0.045,-0.027,0.007,0.999,NaN,NaN,NaN,NaN,NaN,NaN,NaN,NaN,NaN,NaN,NaN,NaN,NaN,NaN,NaN,NaN,NaN,NaN,NaN,NaN,NaN,NaN,NaN,NaN,NaN,NaN,NaN,NaN,NaN,NaN,NaN,NaN
177798,1.00000114116389e+18,63875741932068,0.031,1.442,-0.022,0.045,-0.027,0.007,0.999,NaN,NaN,NaN,NaN,NaN,NaN,NaN,NaN,NaN,NaN,NaN,NaN,NaN,NaN,NaN,NaN,NaN,NaN,NaN,NaN,NaN,NaN,NaN,NaN,NaN,NaN,NaN,NaN,NaN,NaN,NaN,NaN
177799,1.00000114116892e+18,63875741932068,0.031,1.442,-0.022,0.045,-0.027,0.007,0.999,NaN,NaN,NaN,NaN,NaN,NaN,NaN,NaN,NaN,NaN,NaN,NaN,NaN,NaN,NaN,NaN,NaN,NaN,NaN,NaN,NaN,NaN,NaN,NaN,NaN,NaN,NaN,NaN,NaN,NaN,NaN,NaN
177800,1.00000114117397e+18,63875741932068,0.031,1.442,-0.022,0.045,-0.027,0.007,0.999,NaN,-0.04,-0.398,0.917,0,0,0,64.325,NaN,NaN,NaN,NaN,NaN,NaN,NaN,NaN,-0.038,-0.398,0.917,0.032,0,0,0.592,3.771,6.373,NaN,2,0,NaN,NaN,NaN,NaN
177801,1.00000114117897e+18,63875741932068,0.031,1.442,-0.022,0.045,-0.027,0.007,0.999,NaN,-0.09,-0.643,0.76,0,0,0,64.325,NaN,NaN,NaN,NaN,NaN,NaN,NaN,NaN,-0.081,-0.644,0.761,0.032,0,0,0.592,3.771,6.373,NaN,2,0,NaN,NaN,NaN,NaN
177802,1.00000114118395e+18,63875741932078,0.031,1.442,-0.022,0.045,-0.027,0.007,0.999,NaN,-0.118,-0.704,0.7,0,0,0,64.325,NaN,NaN,NaN,NaN,NaN,NaN,NaN,NaN,-0.11,-0.705,0.701,0.032,0,0,0.592,3.772,6.373,NaN,2,0,NaN,NaN,NaN,NaN
177803,1.00000114118896e+18,63875741932078,0.031,1.442,-0.022,0.045,-0.027,0.007,0.999,NaN,-0.131,-0.719,0.682,0,0,0,64.325,NaN,NaN,NaN,NaN,NaN,NaN,NaN,NaN,-0.125,-0.72,0.683,0.032,0,0,0.592,3.773,6.373,NaN,2,0,NaN,NaN,NaN,NaN
177804,1.000001141194e+18,63875741932089,0.031,1.442,-0.022,0.045,-0.027,0.007,0.999,NaN,-0.119,-0.637,0.761,0,0,0,64.325,NaN,NaN,NaN,NaN,NaN,NaN,NaN,NaN,-0.117,-0.637,0.762,0.032,0,0,0.594,3.787,6.373,NaN,2,0,NaN,NaN,NaN,NaN
177805,1.000001141199e+18,63875741932090,0.031,1.442,-0.022,0.045,-0.027,0.007,0.999,NaN,NaN,NaN,NaN,NaN,NaN,NaN,NaN,NaN,NaN,NaN,NaN,NaN,NaN,NaN,NaN,NaN,NaN,NaN,NaN,NaN,NaN,NaN,NaN,NaN,NaN,NaN,NaN,NaN,NaN,NaN,NaN
177806,1.000001141204e+18,63875741932090,0.031,1.442,-0.022,0.045,-0.027,0.007,0.999,NaN,-0.093,-0.555,0.826,0,0,0,64.325,NaN,NaN,NaN,NaN,NaN,NaN,NaN,NaN,-0.098,-0.555,0.826,0.032,0,0,0.591,3.766,6.373,NaN,2,0,NaN,NaN,NaN,NaN
177807,1.00000114120899e+18,63875741932100,0.031,1.442,-0.022,0.045,-0.027,0.007,0.999,NaN,-0.079,-0.545,0.835,0,0,0,64.325,NaN,NaN,NaN,NaN,NaN,NaN,NaN,NaN,-0.076,-0.545,0.835,0.032,0,0,0.59,3.758,6.373,NaN,2,0,NaN,NaN,NaN,NaN
177808,1.00000114121404e+18,63875741932100,0.031,1.442,-0.022,0.045,-0.027,0.007,0.999,NaN,-0.011,-0.503,0.864,0,0,0,64.325,NaN,NaN,NaN,NaN,NaN,NaN,NaN,NaN,-0.003,-0.503,0.864,0.032,0,0,0.516,3.289,6.373,NaN,2,0,NaN,NaN,NaN,NaN
177809,1.00000114121904e+18,63875741932112,0.031,1.442,-0.023,0.045,-0.027,0.006,0.999,NaN,0.057,-0.465,0.884,0,0,0,64.325,NaN,NaN,NaN,NaN,NaN,NaN,NaN,NaN,0.065,-0.465,0.883,0.032,0,0,0.514,3.278,6.373,NaN,2,0,NaN,NaN,NaN,NaN
177810,1.00000114122409e+18,63875741932112,0.031,1.442,-0.023,0.045,-0.027,0.006,0.999,NaN,0.104,-0.436,0.894,0,0,0,64.325,NaN,NaN,NaN,NaN,NaN,NaN,NaN,NaN,0.108,-0.436,0.894,0.032,0,0,0.514,3.278,6.373,NaN,2,0,NaN,NaN,NaN,NaN
177811,1.00000114122909e+18,63875741932123,0.031,1.442,-0.023,0.045,-0.027,0.006,0.999,NaN,0.128,-0.424,0.896,0,0,0,64.325,NaN,NaN,NaN,NaN,NaN,NaN,NaN,NaN,0.131,-0.424,0.896,0.032,0,0,0.513,3.272,6.373,NaN,2,0,NaN,NaN,NaN,NaN
177812,1.00000114123409e+18,63875741932123,0.031,1.442,-0.023,0.045,-0.027,0.006,0.999,NaN,0.151,-0.412,0.898,0,0,0,64.325,NaN,0.232,-0.389,0.892,-0.032,0,0,0.463,2.973,6.415,0.461,NaN,0.153,-0.412,0.898,0.032,0,0,0.526,3.353,6.373,0.433,0.7424827,0
177813,1.00000114123908e+18,63875741932134,0.031,1.442,-0.022,0.045,-0.027,0.006,0.999,NaN,0.161,-0.414,0.896,0,0,0,64.325,NaN,0.363,-0.394,0.845,-0.032,0,0,0.415,2.664,6.415,0.468,NaN,0.162,-0.414,0.896,0.032,0,0,0.525,3.347,6.373,0.442,0.295579,0
177814,1.00000114124408e+18,63875741932134,0.031,1.442,-0.022,0.045,-0.027,0.006,0.999,NaN,0.15,-0.336,0.93,0,0,0,64.325,NaN,0.134,-0.168,0.977,-0.032,0,0,0.411,2.638,6.415,0.472,NaN,0.15,-0.336,0.93,0.032,0,0,0.562,3.584,6.373,0.449,2,0
177815,1.00000114124913e+18,63875741932134,0.031,1.442,-0.022,0.045,-0.027,0.006,0.999,NaN,0.143,-0.284,0.948,0,0,0,64.325,NaN,0.233,-0.178,0.956,-0.032,0,0,0.421,2.699,6.415,0.479,NaN,0.143,-0.284,0.948,0.032,0,0,0.564,3.595,6.373,0.456,0.2962597,0
177816,1.00000114125413e+18,63875741932146,0.031,1.442,-0.023,0.045,-0.027,0.006,0.999,NaN,0.14,-0.277,0.951,0,0,0,64.325,NaN,0.381,-0.193,0.904,-0.032,0,0,0.427,2.738,6.415,0.487,NaN,0.14,-0.277,0.951,0.032,0,0,0.563,3.588,6.373,0.463,0.2281336,0
177817,1.00000114125921e+18,63875741932146,0.031,1.442,-0.023,0.045,-0.027,0.006,0.999,NaN,0.137,-0.283,0.949,0,0,0,64.325,NaN,0.372,-0.221,0.902,-0.032,0,0,0.43,2.756,6.415,0.492,NaN,0.137,-0.283,0.949,0.032,0,0,0.557,3.55,6.373,0.468,0.243553,0
177818,1.00000114126421e+18,63875741932156,0.031,1.442,-0.022,0.045,-0.027,0.006,0.999,NaN,0.129,-0.313,0.941,0,0,0,64.325,NaN,0.364,-0.268,0.892,-0.032,0,0,0.432,2.771,6.415,0.497,NaN,0.129,-0.313,0.941,0.032,0,0,0.542,3.457,6.373,0.473,0.2508633,0
177819,1.00000114126921e+18,63875741932156,0.031,1.442,-0.022,0.045,-0.027,0.006,0.999,NaN,0.125,-0.333,0.935,0,0,0,64.325,NaN,0.359,-0.303,0.883,-0.032,0,0,0.434,2.783,6.415,0.502,NaN,0.124,-0.333,0.935,0.032,0,0,0.537,3.422,6.373,0.478,0.2552619,0
177820,1.0000011412742e+18,63875741932168,0.031,1.442,-0.022,0.045,-0.027,0.005,0.999,NaN,0.121,-0.347,0.93,0,0,0,64.325,NaN,0.422,-0.318,0.849,-0.032,0,0,0.436,2.796,6.415,0.505,NaN,0.121,-0.347,0.93,0.032,0,0,0.535,3.411,6.373,0.484,0.1946998,0
177821,1.0000011412792e+18,63875741932168,0.031,1.442,-0.022,0.045,-0.027,0.005,0.999,NaN,0.119,-0.358,0.926,0,0,0,64.325,NaN,0.39,-0.341,0.855,-0.032,0,0,0.506,3.248,6.415,0.508,NaN,0.118,-0.358,0.926,0.032,0,0,0.534,3.401,6.373,0.489,0.2179662,0
177822,1.0000011412842e+18,63875741932178,0.031,1.442,-0.022,0.045,-0.027,0.005,0.999,NaN,0.117,-0.364,0.924,0,0,0,64.325,NaN,0.374,-0.353,0.857,-0.032,0,0,0.513,3.292,6.415,0.511,NaN,0.116,-0.364,0.924,0.032,0,0,0.533,3.396,6.373,0.495,0.2307664,0
177823,1.00000114128922e+18,63875741932178,0.031,1.442,-0.022,0.045,-0.027,0.005,0.999,NaN,0.113,-0.366,0.924,0,0,0,64.325,NaN,0.368,-0.353,0.86,-0.032,0,0,0.515,3.302,6.415,0.514,NaN,0.113,-0.366,0.924,0.032,0,0,0.533,3.395,6.373,0.5,0.2340169,0
177824,1.00000114129421e+18,63875741932190,0.032,1.442,-0.022,0.045,-0.027,0.005,0.999,NaN,0.111,-0.367,0.924,0,0,0,64.325,NaN,0.368,-0.351,0.861,-0.032,0,0,0.515,3.301,6.415,0.518,NaN,0.11,-0.367,0.924,0.032,0,0,0.533,3.394,6.373,0.505,0.2327479,0
177825,1.00000114129925e+18,63875741932190,0.032,1.442,-0.022,0.045,-0.027,0.005,0.999,NaN,0.109,-0.368,0.924,0,0,0,64.325,NaN,0.375,-0.348,0.859,-0.032,0,0,0.509,3.267,6.415,0.521,NaN,0.109,-0.368,0.924,0.032,0,0,0.533,3.394,6.373,0.511,0.2245845,0
177826,1.00000114130427e+18,63875741932190,0.032,1.442,-0.022,0.045,-0.027,0.005,0.999,NaN,0.107,-0.371,0.923,0,0,0,64.325,NaN,0.38,-0.356,0.854,-0.032,0,0,0.506,3.248,6.415,0.525,NaN,0.106,-0.371,0.923,0.032,0,0,0.533,3.395,6.373,0.516,0.2179291,0
177827,1.00000114130931e+18,63875741932201,0.032,1.442,-0.022,0.044,-0.026,0.004,0.999,NaN,0.105,-0.372,0.922,0,0,0,64.325,NaN,0.386,-0.364,0.848,-0.032,0,0,0.507,3.249,6.415,0.529,NaN,0.105,-0.372,0.922,0.032,0,0,0.528,3.363,6.373,0.522,0.2111699,0
177828,1.00000114131431e+18,63875741932201,0.032,1.442,-0.022,0.044,-0.026,0.004,0.999,NaN,0.104,-0.377,0.92,0,0,0,64.325,NaN,0.407,-0.37,0.835,-0.032,0,0,0.486,3.12,6.415,0.533,NaN,0.104,-0.377,0.921,0.032,0,0,0.521,3.321,6.373,0.528,0.193744,0
177829,1.00000114131932e+18,63875741932212,0.032,1.442,-0.022,0.044,-0.026,0.004,0.999,NaN,0.103,-0.385,0.917,0,0,0,64.325,NaN,0.421,-0.377,0.825,-0.032,0,0,0.481,3.088,6.415,0.539,NaN,0.103,-0.385,0.917,0.032,0,0,0.515,3.281,6.373,0.534,0.1831388,0
177830,1.00000114132432e+18,63875741932212,0.032,1.442,-0.022,0.044,-0.026,0.004,0.999,NaN,0.102,-0.396,0.913,0,0,0,64.325,NaN,0.432,-0.383,0.817,-0.032,0,0,0.48,3.078,6.415,0.545,NaN,0.102,-0.396,0.913,0.032,0,0,0.51,3.25,6.373,0.54,0.1764267,0
177831,1.00000114132932e+18,63875741932223,0.032,1.442,-0.023,0.045,-0.026,0.003,0.999,NaN,0.101,-0.407,0.908,0,0,0,64.325,NaN,0.437,-0.388,0.811,-0.032,0,0,0.479,3.074,6.415,0.551,NaN,0.101,-0.407,0.908,0.032,0,0,0.505,3.218,6.373,0.548,0.1730176,0
177832,1.00000114133434e+18,63875741932223,0.032,1.442,-0.023,0.045,-0.026,0.003,0.999,NaN,0.099,-0.41,0.907,0,0,0,64.325,NaN,0.442,-0.384,0.81,-0.032,0,0,0.479,3.073,6.415,0.559,NaN,0.098,-0.41,0.907,0.032,0,0,0.511,3.259,6.373,0.556,0.1692576,0
177833,1.00000114133935e+18,63875741932234,0.032,1.442,-0.023,0.045,-0.026,0.003,0.999,NaN,0.096,-0.412,0.906,0,0,0,64.325,NaN,0.446,-0.381,0.81,-0.032,0,0,0.479,3.073,6.415,0.568,NaN,0.095,-0.412,0.906,0.032,0,0,0.514,3.278,6.373,0.564,0.1658519,0
177834,1.0000011413444e+18,63875741932234,0.032,1.442,-0.023,0.045,-0.026,0.003,0.999,NaN,0.092,-0.414,0.906,0,0,0,64.325,NaN,0.452,-0.378,0.808,-0.032,0,0,0.479,3.073,6.415,0.576,NaN,0.092,-0.414,0.906,0.032,0,0,0.516,3.287,6.373,0.573,0.1615427,0
177835,1.0000011413494e+18,63875741932245,0.032,1.442,-0.023,0.044,-0.026,0.003,0.999,NaN,0.09,-0.414,0.906,0,0,0,64.325,NaN,0.457,-0.376,0.806,-0.032,0,0,0.479,3.076,6.415,0.586,NaN,0.09,-0.414,0.906,0.032,0,0,0.516,3.291,6.373,0.582,0.1581952,0
177836,1.00000114135441e+18,63875741932245,0.032,1.442,-0.023,0.044,-0.026,0.003,0.999,NaN,0.089,-0.414,0.906,0,0,0,64.325,NaN,0.459,-0.374,0.806,-0.032,0,0,0.48,3.081,6.415,0.595,NaN,0.089,-0.414,0.906,0.032,0,0,0.516,3.291,6.373,0.591,0.1566638,0
177837,1.00000114135942e+18,63875741932245,0.032,1.442,-0.023,0.044,-0.026,0.003,0.999,NaN,0.089,-0.414,0.906,0,0,0,64.325,NaN,0.459,-0.372,0.807,-0.032,0,0,0.484,3.104,6.415,0.603,NaN,0.089,-0.414,0.906,0.032,0,0,0.516,3.291,6.373,0.6,0.1571447,0
177838,1.00000114136444e+18,63875741932256,0.032,1.442,-0.023,0.044,-0.025,0.003,0.999,NaN,0.091,-0.413,0.906,0,0,0,64.325,NaN,0.458,-0.371,0.808,-0.032,0,0,0.491,3.15,6.415,0.612,NaN,0.091,-0.413,0.906,0.032,0,0,0.516,3.29,6.373,0.61,0.1579791,0
177839,1.00000114136945e+18,63875741932256,0.032,1.442,-0.023,0.044,-0.025,0.003,0.999,NaN,0.093,-0.412,0.906,0,0,0,64.325,NaN,0.458,-0.369,0.809,-0.032,0,0,0.498,3.197,6.415,0.62,NaN,0.093,-0.412,0.906,0.032,0,0,0.516,3.29,6.373,0.62,0.1590112,0
177840,1.00000114137446e+18,63875741932268,0.032,1.442,-0.023,0.044,-0.025,0.003,0.999,NaN,0.094,-0.41,0.907,0,0,0,64.325,NaN,0.456,-0.368,0.811,-0.032,0,0,0.504,3.23,6.415,0.629,NaN,0.094,-0.41,0.907,0.032,0,0,0.516,3.291,6.373,0.629,0.1604575,0
177841,1.00000114137948e+18,63875741932268,0.032,1.442,-0.023,0.044,-0.025,0.003,0.999,NaN,0.097,-0.408,0.908,0,0,0,64.325,NaN,0.453,-0.366,0.813,-0.032,0,0,0.506,3.248,6.415,0.637,NaN,0.096,-0.408,0.908,0.032,0,0,0.517,3.295,6.373,0.639,0.163159,0
177842,1.0000011413845e+18,63875741932278,0.032,1.442,-0.023,0.044,-0.025,0.003,0.999,NaN,0.101,-0.407,0.908,0,0,0,64.325,NaN,0.45,-0.364,0.815,-0.032,0,0,0.509,3.266,6.415,0.646,NaN,0.101,-0.407,0.908,0.032,0,0,0.518,3.302,6.373,0.648,0.1666599,0
177843,1.00000114138952e+18,63875741932278,0.032,1.442,-0.023,0.044,-0.025,0.003,0.999,NaN,0.109,-0.405,0.908,0,0,0,64.325,NaN,0.447,-0.363,0.818,-0.032,0,0,0.51,3.274,6.415,0.654,NaN,0.108,-0.405,0.908,0.032,0,0,0.52,3.314,6.373,0.657,0.1718372,0
177844,1.00000114139453e+18,63875741932289,0.032,1.442,-0.023,0.043,-0.024,0.003,0.999,NaN,0.117,-0.4,0.909,0,0,0,64.325,NaN,0.444,-0.361,0.82,-0.032,0,0,0.514,3.301,6.415,0.663,NaN,0.117,-0.4,0.909,0.032,0,0,0.525,3.343,6.373,0.666,0.1775432,0
177845,1.00000114139955e+18,63875741932289,0.032,1.442,-0.023,0.043,-0.024,0.003,0.999,NaN,0.126,-0.392,0.911,0,0,0,64.325,NaN,0.443,-0.356,0.823,-0.032,0,0,0.517,3.315,6.415,0.67,NaN,0.126,-0.392,0.911,0.032,0,0,0.528,3.363,6.373,0.674,0.182966,0
177846,1.00000114140457e+18,63875741932301,0.032,1.442,-0.023,0.043,-0.024,0.003,0.999,NaN,0.135,-0.383,0.914,0,0,0,64.325,NaN,0.443,-0.349,0.826,-0.032,0,0,0.518,3.322,6.415,0.678,NaN,0.135,-0.383,0.914,0.032,0,0,0.53,3.377,6.373,0.682,0.1879427,0
177847,1.00000114140959e+18,63875741932301,0.032,1.442,-0.023,0.043,-0.024,0.003,0.999,NaN,0.142,-0.374,0.917,0,0,0,64.325,NaN,0.443,-0.341,0.829,-0.032,0,0,0.519,3.327,6.415,0.686,NaN,0.142,-0.374,0.917,0.032,0,0,0.532,3.388,6.373,0.69,0.1919339,0
177848,1.00000114141456e+18,63875741932312,0.032,1.442,-0.023,0.043,-0.024,0.003,0.999,NaN,0.149,-0.365,0.919,0,0,0,64.325,NaN,0.437,-0.335,0.835,-0.032,0,0,0.536,3.437,6.415,0.693,NaN,0.149,-0.365,0.919,0.032,0,0,0.533,3.395,6.373,0.696,0.2004588,0
177849,1.00000114141955e+18,63875741932312,0.032,1.442,-0.023,0.043,-0.024,0.003,0.999,NaN,0.177,-0.343,0.923,0,0,0,64.325,NaN,0.411,-0.32,0.854,-0.032,0,0,0.535,3.433,6.415,0.7,NaN,0.155,-0.344,0.926,0.032,0,0,0.533,3.398,6.373,0.703,0.22821,0
177850,1.00000114142457e+18,63875741932312,0.032,1.442,-0.023,0.043,-0.024,0.003,0.999,NaN,0.198,-0.325,0.925,0,0,0,64.325,NaN,0.382,-0.309,0.871,-0.032,0,0,0.529,3.396,6.415,0.707,NaN,0.16,-0.327,0.931,0.032,0,0,0.533,3.399,6.373,0.71,0.265816,0
177851,1.00000114142959e+18,63875741932323,0.032,1.442,-0.023,0.043,-0.024,0.003,0.999,NaN,0.215,-0.306,0.927,0,0,0,64.325,NaN,0.351,-0.295,0.888,-0.032,0,0,0.524,3.365,6.415,0.713,NaN,0.158,-0.31,0.938,0.032,0,0,0.532,3.394,6.373,0.714,0.3095469,0
177852,1.00000114143461e+18,63875741932323,0.032,1.442,-0.023,0.043,-0.024,0.003,0.999,NaN,0.203,-0.258,0.945,0,0,0,64.325,NaN,0.324,-0.25,0.912,-0.032,0,0,0.523,3.353,6.415,0.718,NaN,0.153,-0.26,0.953,0.032,0,0,0.576,3.669,6.373,0.717,0.3531323,0
177853,1.00000114143963e+18,63875741932333,0.032,1.442,-0.023,0.043,-0.024,0.003,0.999,NaN,0.197,-0.221,0.955,0,0,0,64.325,NaN,0.281,-0.218,0.935,-0.032,0,0,0.539,3.455,6.415,0.721,NaN,0.15,-0.223,0.963,0.032,0,0,0.581,3.706,6.373,0.718,0.4656116,0
177854,1.00000114144465e+18,63875741932333,0.032,1.442,-0.023,0.043,-0.024,0.003,0.999,NaN,0.199,-0.16,0.967,0,0,0,64.325,NaN,0.273,-0.157,0.949,-0.032,0,0,0.569,3.648,6.415,0.721,NaN,0.151,-0.161,0.975,0.032,0,0,0.583,3.713,6.373,0.719,0.4987431,0
177855,1.00000114144967e+18,63875741932344,0.032,1.442,-0.023,0.043,-0.024,0.003,0.999,NaN,0.203,-0.14,0.969,0,0,0,64.325,NaN,0.269,-0.138,0.953,-0.032,0,0,0.569,3.653,6.415,0.72,NaN,0.158,-0.141,0.977,0.032,0,0,0.582,3.707,6.373,0.72,0.549127,0
177856,1.00000114145471e+18,63875741932344,0.032,1.442,-0.023,0.043,-0.024,0.003,0.999,NaN,0.214,-0.102,0.972,0,0,0,64.325,NaN,0.279,-0.1,0.955,-0.032,0,0,0.555,3.563,6.415,0.721,NaN,0.177,-0.102,0.979,0.032,0,0,0.583,3.713,6.373,0.721,0.5970323,0
177857,1.00000114145971e+18,63875741932355,0.033,1.442,-0.023,0.043,-0.024,0.002,0.999,NaN,0.223,-0.038,0.974,0,0,0,64.325,NaN,0.295,-0.034,0.955,-0.032,0,0,0.522,3.349,6.415,0.722,NaN,0.196,-0.038,0.98,0.032,0,0,0.593,3.776,6.373,0.721,0.6044761,0
177858,1.00000114146468e+18,63875741932356,0.033,1.442,-0.023,0.043,-0.024,0.002,0.999,NaN,0.227,0.01,0.974,0,0,0,64.325,NaN,0.305,0.014,0.952,-0.032,0,0,0.52,3.335,6.415,0.72,NaN,0.208,0.01,0.978,0.032,0,0,0.602,3.834,6.373,0.725,0.6150894,0
177859,1.00000114146971e+18,63875741932356,0.033,1.442,-0.023,0.043,-0.024,0.002,0.999,NaN,0.238,0.047,0.97,0,0,0,64.325,NaN,0.311,0.056,0.949,-0.032,0,0,0.521,3.34,6.415,0.719,NaN,0.226,0.047,0.973,0.032,0,0,0.602,3.836,6.373,0.73,0.6931059,0
177860,1.0000011414747e+18,63875741932367,0.033,1.442,-0.023,0.043,-0.024,0.002,0.999,NaN,0.245,0.08,0.966,0,0,0,64.325,NaN,0.315,0.084,0.945,-0.032,0,0,0.519,3.328,6.415,0.717,NaN,0.237,0.08,0.968,0.032,0,0,0.602,3.836,6.373,0.738,0.755603,0
177861,1.00000114147972e+18,63875741932367,0.033,1.442,-0.023,0.043,-0.024,0.002,0.999,NaN,0.231,0.133,0.964,0,0,0,64.325,NaN,0.317,0.093,0.944,-0.032,0,0,0.504,3.234,6.415,0.716,NaN,0.224,0.133,0.966,0.032,0,0,0.604,3.848,6.373,0.747,0.5551175,0
177862,1.00000114148472e+18,63875741932378,0.033,1.442,-0.023,0.042,-0.024,0.002,0.999,NaN,0.239,0.154,0.959,0,0,0,64.325,NaN,0.32,0.088,0.943,-0.032,0,0,0.48,3.077,6.415,0.721,NaN,0.235,0.154,0.96,0.032,0,0,0.607,3.87,6.373,0.758,0.4577909,0
177863,1.00000114148977e+18,63875741932378,0.033,1.442,-0.023,0.042,-0.024,0.002,0.999,NaN,0.235,0.147,0.961,0,0,0,64.325,NaN,0.322,0.085,0.943,-0.032,0,0,0.476,3.053,6.415,0.73,NaN,0.232,0.147,0.962,0.032,0,0,0.588,3.75,6.373,0.771,0.4683013,0
177864,1.00000114149481e+18,63875741932389,0.033,1.442,-0.023,0.042,-0.024,0.002,0.999,NaN,0.232,0.145,0.962,0,0,0,64.325,NaN,0.324,0.083,0.942,-0.032,0,0,0.475,3.048,6.415,0.742,NaN,0.229,0.145,0.963,0.032,0,0,0.585,3.731,6.373,0.784,0.4596375,0
177865,1.00000114149984e+18,63875741932400,0.033,1.442,-0.023,0.042,-0.024,0.001,0.999,NaN,0.236,0.134,0.962,0,0,0,64.325,NaN,0.322,0.099,0.941,-0.032,0,0,0.477,3.062,6.415,0.754,NaN,0.226,0.135,0.965,0.032,0,0,0.585,3.73,6.373,0.797,0.557641,0
177866,1.00000114150486e+18,63875741932400,0.033,1.442,-0.023,0.042,-0.024,0.001,0.999,NaN,0.239,0.136,0.961,0,0,0,64.325,NaN,0.321,0.115,0.94,-0.032,0,0,0.484,3.104,6.415,0.768,NaN,0.225,0.137,0.965,0.032,0,0,0.585,3.73,6.373,0.811,0.5948595,0
177867,1.00000114150976e+18,63875741932400,0.033,1.442,-0.023,0.042,-0.024,0.001,0.999,NaN,0.243,0.139,0.96,0,0,0,64.325,NaN,0.32,0.126,0.939,-0.032,0,0,0.487,3.125,6.415,0.778,NaN,0.225,0.14,0.964,0.032,0,0,0.587,3.744,6.373,0.824,0.6142805,0
177868,1.00000114151478e+18,63875741932400,0.033,1.442,-0.023,0.042,-0.024,0.001,0.999,NaN,0.246,0.144,0.959,0,0,0,64.325,NaN,0.319,0.135,0.938,-0.032,0,0,0.49,3.141,6.415,0.79,NaN,0.225,0.145,0.964,0.032,0,0,0.591,3.766,6.373,0.836,0.6285158,0
177869,1.00000114151981e+18,63875741932412,0.033,1.442,-0.023,0.042,-0.024,0.001,0.999,NaN,0.25,0.148,0.957,0,0,0,64.325,NaN,0.317,0.142,0.938,-0.032,0,0,0.522,3.347,6.415,0.802,NaN,0.226,0.149,0.963,0.032,0,0,0.594,3.784,6.373,0.847,0.6467035,0
177870,1.00000114152484e+18,63875741932412,0.033,1.442,-0.023,0.042,-0.024,0.001,0.999,NaN,0.247,0.166,0.955,0,0,0,64.325,NaN,0.303,0.162,0.939,-0.032,0,0,0.613,3.93,6.415,0.807,NaN,0.227,0.167,0.96,0.032,0,0,0.597,3.803,6.373,0.857,0.7802098,0
177871,1.00000114152987e+18,63875741932423,0.033,1.442,-0.023,0.042,-0.024,0.001,0.999,NaN,0.246,0.179,0.953,0,0,0,64.325,NaN,0.289,0.176,0.941,-0.032,0,0,0.619,3.973,6.415,0.816,NaN,0.228,0.18,0.957,0.032,0,0,0.6,3.822,6.373,0.866,0.9813136,0
177872,1.00000114153489e+18,63875741932423,0.033,1.442,-0.023,0.042,-0.024,0.001,0.999,NaN,0.245,0.188,0.951,0,0,0,64.325,NaN,0.277,0.187,0.942,-0.032,0,0,0.621,3.981,6.415,0.824,NaN,0.23,0.189,0.955,0.032,0,0,0.603,3.841,6.373,0.874,2,0
177873,1.00000114153988e+18,63875741932434,0.033,1.442,-0.023,0.042,-0.024,0.001,0.999,NaN,0.244,0.197,0.95,0,0,0,64.325,NaN,0.268,0.196,0.943,-0.032,0,0,0.621,3.984,6.415,0.833,NaN,0.231,0.197,0.953,0.032,0,0,0.606,3.86,6.373,0.881,2,0
177874,1.0000011415449e+18,63875741932434,0.033,1.442,-0.023,0.042,-0.024,0.001,0.999,NaN,0.244,0.203,0.948,0,0,0,64.325,NaN,0.261,0.203,0.944,-0.032,0,0,0.624,4.001,6.415,0.84,NaN,0.233,0.204,0.951,0.032,0,0,0.609,3.88,6.373,0.888,2,0
177875,1.00000114154993e+18,63875741932445,0.033,1.442,-0.023,0.042,-0.024,0.001,0.999,NaN,0.243,0.21,0.947,0,0,0,64.325,NaN,0.255,0.21,0.944,-0.032,0,0,0.625,4.012,6.415,0.846,NaN,0.234,0.211,0.949,0.032,0,0,0.613,3.906,6.373,0.894,2,0
177876,1.00000114155495e+18,63875741932445,0.033,1.442,-0.023,0.042,-0.024,0.001,0.999,NaN,0.243,0.215,0.946,0,0,0,64.325,NaN,0.252,0.215,0.944,-0.032,0,0,0.626,4.017,6.415,0.852,NaN,0.236,0.216,0.948,0.032,0,0,0.617,3.932,6.373,0.899,2,0
177877,1.00000114155996e+18,63875741932456,0.033,1.442,-0.023,0.042,-0.024,0,0.999,NaN,0.243,0.22,0.945,0,0,0,64.325,NaN,0.25,0.22,0.943,-0.032,0,0,0.627,4.021,6.415,0.858,NaN,0.237,0.221,0.946,0.032,0,0,0.621,3.96,6.373,0.905,2,0
177878,1.00000114156492e+18,63875741932456,0.033,1.442,-0.023,0.042,-0.024,0,0.999,NaN,0.243,0.225,0.944,0,0,0,64.325,NaN,0.249,0.225,0.942,-0.032,0,0,0.627,4.025,6.415,0.864,NaN,0.239,0.225,0.945,0.032,0,0,0.625,3.984,6.373,0.909,2,0
177879,1.00000114156992e+18,63875741932456,0.033,1.442,-0.023,0.042,-0.024,0,0.999,NaN,0.244,0.228,0.943,0,0,0,64.325,NaN,0.248,0.228,0.941,-0.032,0,0,0.628,4.028,6.415,0.869,NaN,0.24,0.229,0.943,0.032,0,0,0.628,4.005,6.373,0.913,2,0
177880,1.00000114157493e+18,63875741932467,0.033,1.442,-0.023,0.042,-0.024,0,0.999,NaN,0.244,0.232,0.942,0,0,0,64.325,NaN,0.248,0.232,0.94,-0.032,0,0,0.63,4.043,6.415,0.873,NaN,0.241,0.233,0.942,0.032,0,0,0.632,4.026,6.373,0.917,2,0
177881,1.00000114157994e+18,63875741932467,0.033,1.442,-0.023,0.042,-0.024,0,0.999,NaN,0.244,0.236,0.941,0,0,0,64.325,NaN,0.248,0.236,0.94,-0.032,0,0,0.632,4.053,6.415,0.877,NaN,0.243,0.236,0.941,0.032,0,0,0.635,4.046,6.373,0.92,2,0
177882,1.00000114158495e+18,63875741932478,0.033,1.442,-0.023,0.043,-0.024,0,0.999,NaN,0.245,0.239,0.94,0,0,0,64.325,NaN,0.248,0.239,0.939,-0.032,0,0,0.633,4.061,6.415,0.881,NaN,0.244,0.239,0.94,0.032,0,0,0.638,4.067,6.373,0.923,2,0
177883,1.00000114158996e+18,63875741932478,0.033,1.442,-0.023,0.043,-0.024,0,0.999,NaN,0.246,0.242,0.939,0,0,0,64.325,NaN,0.249,0.242,0.938,-0.032,0,0,0.634,4.065,6.415,0.885,NaN,0.245,0.242,0.939,0.032,0,0,0.643,4.097,6.373,0.926,2,0
177884,1.00000114159497e+18,63875741932489,0.033,1.442,-0.023,0.043,-0.024,0,0.999,NaN,0.247,0.244,0.938,0,0,0,64.325,NaN,0.25,0.244,0.937,-0.032,0,0,0.636,4.077,6.415,0.888,NaN,0.247,0.244,0.938,0.032,0,0,0.646,4.119,6.373,0.927,2,0
177885,1.00000114160003e+18,63875741932489,0.033,1.442,-0.023,0.043,-0.024,0,0.999,NaN,0.248,0.247,0.937,0,0,0,64.325,NaN,0.251,0.247,0.936,-0.032,0,0,0.636,4.082,6.415,0.892,NaN,0.249,0.247,0.937,0.032,0,0,0.649,4.134,6.373,0.928,2,0
177886,1.00000114160504e+18,63875741932500,0.033,1.442,-0.023,0.043,-0.024,0,0.999,NaN,0.249,0.249,0.936,0,0,0,64.325,NaN,0.252,0.249,0.935,-0.032,0,0,0.637,4.086,6.415,0.895,NaN,0.25,0.249,0.936,0.032,0,0,0.651,4.147,6.373,0.928,2,0
177887,1.00000114161002e+18,63875741932500,0.033,1.442,-0.023,0.043,-0.024,0,0.999,NaN,0.25,0.251,0.935,0,0,0,64.325,NaN,0.253,0.251,0.934,-0.032,0,0,0.637,4.088,6.415,0.898,NaN,0.251,0.251,0.935,0.032,0,0,0.652,4.158,6.373,0.929,2,0
177888,1.00000114161503e+18,63875741932500,0.033,1.442,-0.023,0.043,-0.024,0,0.999,NaN,0.252,0.253,0.934,0,0,0,64.325,NaN,0.253,0.253,0.934,-0.032,0,0,0.637,4.089,6.415,0.899,NaN,0.252,0.253,0.934,0.032,0,0,0.655,4.173,6.373,0.93,2,0
177889,1.00000114162004e+18,63875741932511,0.033,1.442,-0.023,0.043,-0.024,0,0.999,NaN,0.25,0.24,0.938,0,0,0,64.325,NaN,0.251,0.239,0.938,-0.032,0,0,0.637,4.088,6.415,0.903,NaN,0.25,0.24,0.938,0.032,0,0,0.616,3.928,6.373,0.931,2,0
177890,1.00000114162505e+18,63875741932511,0.033,1.442,-0.023,0.043,-0.024,0,0.999,NaN,0.249,0.232,0.94,0,0,0,64.325,NaN,0.248,0.232,0.941,-0.032,0,0,0.637,4.088,6.415,0.905,NaN,0.248,0.232,0.94,0.032,0,0,0.612,3.901,6.373,0.932,2,0
177891,1.00000114163006e+18,63875741932523,0.033,1.442,-0.023,0.043,-0.025,0,0.999,NaN,0.248,0.229,0.941,0,0,0,64.325,NaN,0.245,0.228,0.942,-0.032,0,0,0.637,4.088,6.415,0.908,NaN,0.247,0.229,0.942,0.032,0,0,0.611,3.893,6.373,0.933,2,0
177892,1.00000114163507e+18,63875741932523,0.033,1.442,-0.023,0.043,-0.025,0,0.999,NaN,0.247,0.228,0.942,0,0,0,64.325,NaN,0.242,0.227,0.943,-0.032,0,0,0.637,4.089,6.415,0.91,NaN,0.246,0.228,0.942,0.032,0,0,0.611,3.897,6.373,0.934,2,0
177893,1.00000114164009e+18,63875741932533,0.033,1.442,-0.023,0.043,-0.025,0,0.999,NaN,0.247,0.225,0.943,0,0,0,64.325,NaN,0.241,0.225,0.944,-0.032,0,0,0.637,4.088,6.415,0.913,NaN,0.245,0.225,0.943,0.032,0,0,0.612,3.899,6.373,0.935,2,0
177894,1.0000011416451e+18,63875741932533,0.033,1.442,-0.023,0.043,-0.025,0,0.999,NaN,0.246,0.221,0.944,0,0,0,64.325,NaN,0.239,0.221,0.945,-0.032,0,0,0.636,4.083,6.415,0.915,NaN,0.245,0.221,0.944,0.032,0,0,0.612,3.9,6.373,0.935,2,0
177895,1.00000114165011e+18,63875741932544,0.033,1.442,-0.023,0.043,-0.025,0,0.999,NaN,0.245,0.217,0.945,0,0,0,64.325,NaN,0.238,0.217,0.947,-0.032,0,0,0.636,4.081,6.415,0.917,NaN,0.244,0.217,0.945,0.032,0,0,0.612,3.901,6.373,0.936,2,0
177896,1.00000114165516e+18,63875741932545,0.033,1.442,-0.023,0.043,-0.025,0,0.999,NaN,0.244,0.212,0.946,0,0,0,64.325,NaN,0.237,0.213,0.948,-0.032,0,0,0.636,4.08,6.415,0.918,NaN,0.244,0.212,0.946,0.032,0,0,0.612,3.901,6.373,0.937,2,0
177897,1.00000114166018e+18,63875741932556,0.033,1.442,-0.023,0.043,-0.025,0,0.999,NaN,0.243,0.209,0.947,0,0,0,64.325,NaN,0.237,0.21,0.949,-0.032,0,0,0.636,4.078,6.415,0.921,NaN,0.243,0.209,0.947,0.032,0,0,0.614,3.912,6.373,0.939,2,0
177898,1.0000011416652e+18,63875741932556,0.033,1.442,-0.023,0.043,-0.025,0,0.999,NaN,0.242,0.207,0.948,0,0,0,64.325,NaN,0.236,0.208,0.949,-0.032,0,0,0.636,4.077,6.415,0.921,NaN,0.242,0.207,0.948,0.032,0,0,0.615,3.917,6.373,0.94,2,0
177899,1.0000011416702e+18,63875741932556,0.033,1.442,-0.023,0.043,-0.025,0,0.999,NaN,0.241,0.205,0.949,0,0,0,64.325,NaN,0.236,0.205,0.95,-0.032,0,0,0.636,4.077,6.415,0.923,NaN,0.242,0.205,0.949,0.032,0,0,0.615,3.919,6.373,0.941,2,0
177900,1.00000114167523e+18,63875741932567,0.033,1.442,-0.023,0.043,-0.025,0,0.999,NaN,0.24,0.202,0.949,0,0,0,64.325,NaN,0.236,0.203,0.95,-0.032,0,0,0.636,4.077,6.415,0.924,NaN,0.241,0.202,0.949,0.032,0,0,0.615,3.92,6.373,0.942,2,0
177901,1.00000114168025e+18,63875741932567,0.033,1.442,-0.023,0.043,-0.025,0,0.999,NaN,0.24,0.2,0.95,0,0,0,64.325,NaN,0.235,0.201,0.951,-0.032,0,0,0.636,4.077,6.415,0.926,NaN,0.24,0.2,0.95,0.032,0,0,0.615,3.92,6.373,0.943,2,0
177902,1.00000114168527e+18,63875741932578,0.033,1.442,-0.023,0.043,-0.025,0,0.999,NaN,0.239,0.199,0.951,0,0,0,64.325,NaN,0.235,0.199,0.951,-0.032,0,0,0.636,4.077,6.415,0.927,NaN,0.239,0.199,0.95,0.032,0,0,0.615,3.92,6.373,0.944,2,0
177903,1.0000011416903e+18,63875741932578,0.033,1.442,-0.023,0.043,-0.025,0,0.999,NaN,0.238,0.197,0.951,0,0,0,64.325,NaN,0.235,0.197,0.952,-0.032,0,0,0.636,4.077,6.415,0.928,NaN,0.239,0.197,0.951,0.032,0,0,0.615,3.92,6.373,0.945,2,0
177904,1.00000114169523e+18,63875741932589,0.033,1.442,-0.023,0.043,-0.025,0,0.999,NaN,0.238,0.195,0.951,0,0,0,64.325,NaN,0.235,0.196,0.952,-0.032,0,0,0.636,4.077,6.415,0.929,NaN,0.238,0.195,0.951,0.032,0,0,0.615,3.919,6.373,0.946,2,0
177905,1.00000114170025e+18,63875741932589,0.033,1.442,-0.023,0.043,-0.025,0,0.999,NaN,0.24,0.19,0.952,0,0,0,64.325,NaN,0.237,0.191,0.953,-0.032,0,0,0.635,4.076,6.415,0.93,NaN,0.24,0.19,0.952,0.032,0,0,0.614,3.913,6.373,0.947,2,0
177906,1.00000114170528e+18,63875741932601,0.033,1.442,-0.023,0.043,-0.025,0,0.999,NaN,0.236,0.197,0.951,0,0,0,64.325,NaN,0.238,0.197,0.951,-0.032,0,0,0.635,4.072,6.415,0.931,NaN,0.228,0.198,0.953,0.032,0,0,0.612,3.899,6.373,0.948,2,0
177907,1.0000011417103e+18,63875741932612,0.033,1.442,-0.023,0.043,-0.025,0,0.999,NaN,0.201,0.202,0.959,0,0,0,64.325,NaN,0.236,0.2,0.951,-0.032,0,0,0.633,4.058,6.415,0.932,NaN,0.161,0.203,0.966,0.032,0,0,0.615,3.917,6.373,0.949,0.8235887,0
177908,1.00000114171526e+18,63875741932612,0.033,1.442,-0.023,0.043,-0.025,0,0.999,NaN,0.206,0.198,0.958,0,0,0,64.325,NaN,0.235,0.197,0.952,-0.032,0,0,0.633,4.058,6.415,0.931,NaN,0.178,0.199,0.964,0.032,0,0,0.618,3.937,6.373,0.95,1.069346,0
177909,1.00000114172028e+18,63875741932612,0.033,1.442,-0.023,0.043,-0.025,0,0.999,NaN,0.199,0.2,0.959,0,0,0,64.325,NaN,0.226,0.199,0.954,-0.032,0,0,0.633,4.058,6.415,0.931,NaN,0.178,0.201,0.963,0.032,0,0,0.618,3.937,6.373,0.952,2,0
177910,1.0000011417253e+18,63875741932623,0.034,1.442,-0.023,0.043,-0.025,0,0.999,NaN,0.181,0.202,0.963,0,0,0,64.325,NaN,0.204,0.201,0.958,-0.032,0,0,0.628,4.027,6.415,0.93,NaN,0.165,0.202,0.965,0.032,0,0,0.616,3.927,6.373,0.954,2,0
177911,1.00000114173033e+18,63875741932623,0.034,1.442,-0.023,0.043,-0.025,0,0.999,NaN,0.154,0.203,0.967,0,0,0,64.325,NaN,0.186,0.202,0.962,-0.032,0,0,0.583,3.74,6.415,0.93,NaN,0.144,0.203,0.969,0.032,0,0,0.616,3.923,6.373,0.955,2,0
177912,1.00000114173535e+18,63875741932633,0.034,1.442,-0.023,0.043,-0.025,0,0.999,NaN,0.127,0.204,0.971,0,0,0,64.325,NaN,0.16,0.204,0.966,-0.032,0,0,0.586,3.762,6.415,0.931,NaN,0.121,0.204,0.971,0.032,0,0,0.61,3.889,6.373,0.956,2,0
177913,1.00000114174038e+18,63875741932633,0.034,1.442,-0.023,0.043,-0.025,0,0.999,NaN,0.094,0.206,0.974,0,0,0,64.325,NaN,0.135,0.205,0.969,-0.032,0,0,0.588,3.771,6.415,0.931,NaN,0.091,0.206,0.974,0.032,0,0,0.608,3.873,6.373,0.957,2,0
177914,1.0000011417454e+18,63875741932633,0.034,1.442,-0.023,0.043,-0.025,0,0.999,NaN,0.064,0.208,0.976,0,0,0,64.325,NaN,0.11,0.207,0.972,-0.032,0,0,0.588,3.771,6.415,0.932,NaN,0.064,0.208,0.976,0.032,0,0,0.608,3.872,6.373,0.957,2,0
177915,1.00000114175043e+18,63875741932645,0.034,1.443,-0.023,0.042,-0.025,0,0.999,NaN,0.037,0.211,0.977,0,0,0,64.325,NaN,0.067,0.211,0.975,-0.032,0,0,0.588,3.769,6.415,0.933,NaN,0.037,0.211,0.977,0.032,0,0,0.607,3.869,6.373,0.957,2,0
177916,1.00000114175546e+18,63875741932645,0.034,1.443,-0.023,0.042,-0.025,0,0.999,NaN,0.011,0.213,0.977,0,0,0,64.325,NaN,0.03,0.214,0.976,-0.032,0,0,0.587,3.768,6.415,0.934,NaN,0.012,0.213,0.977,0.032,0,0,0.605,3.858,6.373,0.958,2,0
177917,1.00000114176037e+18,63875741932655,0.034,1.443,-0.023,0.042,-0.025,0,0.999,NaN,-0.005,0.217,0.976,0,0,0,64.325,NaN,0.01,0.217,0.976,-0.032,0,0,0.583,3.743,6.415,0.936,NaN,-0.005,0.217,0.976,0.032,0,0,0.605,3.853,6.373,0.958,2,0
177918,1.00000114176539e+18,63875741932655,0.034,1.443,-0.023,0.042,-0.025,0,0.999,NaN,-0.015,0.22,0.975,0,0,0,64.325,NaN,-0.003,0.221,0.975,-0.032,0,0,0.582,3.731,6.415,0.938,NaN,-0.015,0.22,0.975,0.032,0,0,0.604,3.851,6.373,0.959,2,0
177919,1.00000114177042e+18,63875741932667,0.034,1.443,-0.023,0.042,-0.025,0,0.999,NaN,-0.021,0.224,0.974,0,0,0,64.325,NaN,-0.009,0.225,0.974,-0.032,0,0,0.588,3.774,6.415,0.94,NaN,-0.021,0.224,0.974,0.032,0,0,0.604,3.847,6.373,0.96,2,0
177920,1.00000114177548e+18,63875741932667,0.034,1.443,-0.023,0.042,-0.025,0,0.999,NaN,-0.025,0.228,0.973,0,0,0,64.325,NaN,-0.012,0.228,0.974,-0.032,0,0,0.589,3.776,6.415,0.942,NaN,-0.026,0.228,0.973,0.032,0,0,0.603,3.842,6.373,0.96,2,0
177921,1.0000011417805e+18,63875741932667,0.034,1.443,-0.023,0.042,-0.025,0,0.999,NaN,-0.027,0.231,0.973,0,0,0,64.325,NaN,-0.016,0.231,0.973,-0.032,0,0,0.589,3.776,6.415,0.944,NaN,-0.028,0.231,0.973,0.032,0,0,0.602,3.836,6.373,0.961,2,0
177922,1.00000114178554e+18,63875741932678,0.034,1.443,-0.023,0.042,-0.025,0,0.999,NaN,-0.029,0.233,0.972,0,0,0,64.325,NaN,-0.017,0.234,0.972,-0.032,0,0,0.589,3.776,6.415,0.946,NaN,-0.03,0.233,0.972,0.032,0,0,0.6,3.824,6.373,0.962,2,0
177923,1.00000114179057e+18,63875741932678,0.034,1.443,-0.023,0.042,-0.025,0,0.999,NaN,-0.03,0.235,0.972,0,0,0,64.325,NaN,-0.018,0.235,0.972,-0.032,0,0,0.588,3.774,6.415,0.947,NaN,-0.031,0.235,0.972,0.032,0,0,0.598,3.812,6.373,0.963,2,0
177924,1.0000011417956e+18,63875741932689,0.034,1.443,-0.023,0.042,-0.025,0,0.999,NaN,-0.03,0.236,0.971,0,0,0,64.325,NaN,-0.018,0.236,0.972,-0.032,0,0,0.586,3.76,6.415,0.95,NaN,-0.031,0.236,0.971,0.032,0,0,0.596,3.801,6.373,0.964,2,0
177925,1.00000114180063e+18,63875741932689,0.034,1.443,-0.023,0.042,-0.025,0,0.999,NaN,-0.03,0.237,0.971,0,0,0,64.325,NaN,-0.018,0.237,0.971,-0.032,0,0,0.585,3.753,6.415,0.952,NaN,-0.031,0.237,0.971,0.032,0,0,0.595,3.79,6.373,0.964,2,0
177926,1.00000114180566e+18,63875741932700,0.034,1.442,-0.023,0.042,-0.025,0,0.999,NaN,-0.03,0.238,0.971,0,0,0,64.325,NaN,-0.02,0.238,0.971,-0.032,0,0,0.585,3.753,6.415,0.953,NaN,-0.031,0.238,0.971,0.032,0,0,0.593,3.779,6.373,0.965,2,0
177927,1.00000114181062e+18,63875741932700,0.034,1.442,-0.023,0.042,-0.025,0,0.999,NaN,-0.03,0.239,0.971,0,0,0,64.325,NaN,-0.021,0.239,0.971,-0.032,0,0,0.584,3.744,6.415,0.955,NaN,-0.031,0.239,0.971,0.032,0,0,0.591,3.765,6.373,0.966,2,0
177928,1.00000114181551e+18,63875741932711,0.034,1.442,-0.023,0.043,-0.025,-0.001,0.999,NaN,-0.029,0.239,0.971,0,0,0,64.325,NaN,-0.022,0.239,0.971,-0.032,0,0,0.582,3.732,6.415,0.955,NaN,-0.031,0.239,0.971,0.032,0,0,0.589,3.753,6.373,0.967,2,0
177929,1.00000114182053e+18,63875741932711,0.034,1.442,-0.023,0.043,-0.025,-0.001,0.999,NaN,-0.029,0.239,0.971,0,0,0,64.325,NaN,-0.022,0.239,0.971,-0.032,0,0,0.581,3.727,6.415,0.957,NaN,-0.03,0.239,0.971,0.032,0,0,0.587,3.741,6.373,0.968,2,0
177930,1.00000114182555e+18,63875741932711,0.034,1.442,-0.023,0.043,-0.025,-0.001,0.999,NaN,-0.029,0.239,0.971,0,0,0,64.325,NaN,-0.023,0.239,0.971,-0.032,0,0,0.579,3.712,6.415,0.958,NaN,-0.03,0.239,0.971,0.032,0,0,0.585,3.73,6.373,0.969,2,0
177931,1.00000114183057e+18,63875741932722,0.034,1.442,-0.023,0.043,-0.025,0,0.999,NaN,-0.028,0.239,0.971,0,0,0,64.325,NaN,-0.023,0.239,0.971,-0.032,0,0,0.576,3.696,6.415,0.96,NaN,-0.03,0.239,0.971,0.032,0,0,0.584,3.721,6.373,0.969,2,0
177932,1.00000114183559e+18,63875741932722,0.034,1.442,-0.023,0.043,-0.025,0,0.999,NaN,-0.028,0.239,0.971,0,0,0,64.325,NaN,-0.022,0.239,0.971,-0.032,0,0,0.572,3.673,6.415,0.961,NaN,-0.029,0.239,0.971,0.032,0,0,0.583,3.713,6.373,0.97,2,0
177933,1.00000114184061e+18,63875741932733,0.034,1.442,-0.023,0.043,-0.025,0,0.999,NaN,-0.028,0.239,0.971,0,0,0,64.325,NaN,-0.021,0.239,0.971,-0.032,0,0,0.57,3.66,6.415,0.962,NaN,-0.029,0.239,0.971,0.032,0,0,0.581,3.704,6.373,0.971,2,0.2699186
177934,1.00000114184563e+18,63875741932734,0.034,1.442,-0.023,0.043,-0.025,0,0.999,NaN,-0.027,0.239,0.971,0,0,0,64.325,NaN,-0.02,0.239,0.971,-0.032,0,0,0.568,3.642,6.415,0.963,NaN,-0.028,0.239,0.971,0.032,0,0,0.579,3.692,6.373,0.972,2,0.5510877
177935,1.00000114185066e+18,63875741932745,0.034,1.442,-0.024,0.043,-0.025,0,0.999,NaN,-0.027,0.239,0.971,0,0,0,64.325,NaN,-0.02,0.239,0.971,-0.032,0,0,0.565,3.622,6.415,0.963,NaN,-0.028,0.239,0.971,0.032,0,0,0.578,3.681,6.373,0.973,2,0.8264643
177936,1.00000114185566e+18,63875741932745,0.034,1.442,-0.024,0.043,-0.025,0,0.999,NaN,-0.027,0.239,0.971,0,0,0,64.325,NaN,-0.02,0.239,0.971,-0.032,0,0,0.562,3.606,6.415,0.964,NaN,-0.028,0.239,0.971,0.032,0,0,0.576,3.673,6.373,0.973,2,0.8920104
177937,1.00000114186064e+18,63875741932756,0.034,1.442,-0.023,0.043,-0.024,0,0.999,NaN,-0.027,0.239,0.971,0,0,0,64.325,NaN,-0.02,0.239,0.971,-0.032,0,0,0.561,3.598,6.415,0.965,NaN,-0.028,0.239,0.971,0.032,0,0,0.574,3.66,6.373,0.974,2,0.9394822
177938,1.0000011418656e+18,63875741932756,0.034,1.442,-0.023,0.043,-0.024,0,0.999,NaN,-0.027,0.238,0.971,0,0,0,64.325,NaN,-0.02,0.239,0.971,-0.032,0,0,0.56,3.593,6.415,0.966,NaN,-0.028,0.238,0.971,0.032,0,0,0.572,3.645,6.373,0.975,2,0.9813163
177939,1.00000114187064e+18,63875741932756,0.034,1.442,-0.023,0.043,-0.024,0,0.999,NaN,-0.027,0.238,0.971,0,0,0,64.325,NaN,-0.019,0.238,0.971,-0.032,0,0,0.559,3.585,6.415,0.966,NaN,-0.028,0.238,0.971,0.032,0,0,0.57,3.634,6.373,0.976,2,0.9928982
177940,1.00000114187565e+18,63875741932767,0.034,1.442,-0.023,0.043,-0.024,0,0.999,NaN,-0.027,0.238,0.971,0,0,0,64.325,NaN,-0.019,0.238,0.971,-0.032,0,0,0.559,3.583,6.415,0.967,NaN,-0.028,0.238,0.971,0.032,0,0,0.568,3.62,6.373,0.976,2,0.9804108
177941,1.00000114188066e+18,63875741932767,0.034,1.442,-0.023,0.043,-0.024,0,0.999,NaN,-0.027,0.238,0.971,0,0,0,64.325,NaN,-0.014,0.237,0.971,-0.032,0,0,0.539,3.461,6.415,0.967,NaN,-0.028,0.238,0.971,0.032,0,0,0.566,3.609,6.373,0.977,2,1
177942,1.00000114188571e+18,63875741932777,0.034,1.442,-0.023,0.043,-0.024,0,0.999,NaN,-0.027,0.238,0.971,0,0,0,64.325,NaN,-0.015,0.237,0.971,-0.032,0,0,0.536,3.442,6.415,0.967,NaN,-0.027,0.238,0.971,0.032,0,0,0.564,3.597,6.373,0.978,2,0.9820632
177943,1.00000114189072e+18,63875741932777,0.034,1.442,-0.023,0.043,-0.024,0,0.999,NaN,-0.027,0.238,0.971,0,0,0,64.325,NaN,-0.012,0.236,0.972,-0.032,0,0,0.536,3.437,6.415,0.968,NaN,-0.027,0.238,0.971,0.032,0,0,0.563,3.586,6.373,0.978,2,0.9558656
177944,1.00000114189574e+18,63875741932789,0.034,1.442,-0.023,0.043,-0.024,0,0.999,NaN,-0.027,0.238,0.971,0,0,0,64.325,NaN,-0.006,0.233,0.972,-0.032,0,0,0.533,3.422,6.415,0.968,NaN,-0.027,0.238,0.971,0.032,0,0,0.561,3.575,6.373,0.979,2,0.9604701
177945,1.00000114190075e+18,63875741932790,0.034,1.442,-0.023,0.043,-0.024,0,0.999,NaN,-0.027,0.238,0.971,0,0,0,64.325,NaN,-0.007,0.233,0.972,-0.032,0,0,0.533,3.417,6.415,0.968,NaN,-0.027,0.238,0.971,0.032,0,0,0.559,3.565,6.373,0.979,2,0.951368
177946,1.00000114190575e+18,63875741932801,0.034,1.442,-0.023,0.043,-0.024,0,0.999,NaN,-0.027,0.238,0.971,0,0,0,64.325,NaN,-0.009,0.234,0.972,-0.032,0,0,0.532,3.413,6.415,0.969,NaN,-0.028,0.238,0.971,0.032,0,0,0.558,3.556,6.373,0.98,2,0.9367578
177947,1.00000114191076e+18,63875741932801,0.034,1.442,-0.023,0.043,-0.024,0,0.999,NaN,-0.027,0.237,0.971,0,0,0,64.325,NaN,-0.009,0.233,0.972,-0.032,0,0,0.531,3.406,6.415,0.969,NaN,-0.028,0.237,0.971,0.032,0,0,0.556,3.545,6.373,0.98,2,0.8633604
177948,1.00000114191577e+18,63875741932801,0.034,1.442,-0.023,0.043,-0.024,0,0.999,NaN,-0.028,0.237,0.971,0,0,0,64.325,NaN,-0.01,0.233,0.972,-0.032,0,0,0.528,3.386,6.415,0.969,NaN,-0.028,0.237,0.971,0.032,0,0,0.553,3.525,6.373,0.98,2,0.8248241
177949,1.00000114192078e+18,63875741932812,0.034,1.442,-0.023,0.043,-0.024,0,0.999,NaN,-0.026,0.237,0.971,0,0,0,64.325,NaN,-0.007,0.233,0.973,-0.032,0,0,0,0,6.415,0.97,NaN,-0.03,0.238,0.971,0.032,0,0,0,0,6.373,0.981,2,0.4138444
177950,1.00000114192583e+18,63875741932812,0.034,1.442,-0.023,0.043,-0.024,0,0.999,NaN,-0.025,0.239,0.971,0,0,0,64.325,NaN,-0.003,0.234,0.972,-0.032,0,0,0,0,6.415,0.97,NaN,-0.033,0.242,0.97,0.032,0,0,0,0,6.373,0.982,2,0.02499143
177951,1.00000114193087e+18,63875741932822,0.034,1.442,-0.023,0.043,-0.024,0,0.999,NaN,-0.027,0.245,0.969,0,0,0,64.325,NaN,0.001,0.237,0.972,-0.032,0,0,0,0,6.415,0.97,NaN,-0.036,0.248,0.968,0.032,0,0,0,0,6.373,0.983,2,0
177952,1.00000114193589e+18,63875741932822,0.034,1.442,-0.023,0.043,-0.024,0,0.999,NaN,-0.031,0.254,0.967,0,0,0,64.325,NaN,-0.003,0.246,0.969,-0.032,0,0,0,0,6.415,0.97,NaN,-0.04,0.257,0.966,0.032,0,0,0,0,6.373,0.984,2,0
177953,1.00000114194091e+18,63875741932834,0.033,1.442,-0.023,0.043,-0.024,0,0.999,NaN,-0.035,0.272,0.962,0,0,0,64.325,NaN,0,0.262,0.965,-0.032,0,0,0,0,6.415,0.972,NaN,-0.043,0.274,0.961,0.032,0,0,0,0,6.373,0.985,2,0
177954,1.00000114194593e+18,63875741932834,0.033,1.442,-0.023,0.043,-0.024,0,0.999,NaN,-0.033,0.296,0.955,0,0,0,64.325,NaN,0.003,0.283,0.959,-0.032,0,0,0,0,6.415,0.971,NaN,-0.046,0.304,0.952,0.032,0,0,0,0,6.373,0.985,1.076058,0
177955,1.00000114195096e+18,63875741932845,0.034,1.442,-0.023,0.043,-0.024,0.001,0.999,NaN,-0.031,0.324,0.946,0,0,0,64.325,NaN,0.007,0.309,0.951,-0.032,0,0,0,0,6.415,0.969,NaN,-0.049,0.335,0.941,0.032,0,0,0,0,6.373,0.985,0.9027784,0
177956,1.00000114195597e+18,63875741932845,0.034,1.442,-0.023,0.043,-0.024,0.001,0.999,NaN,0.723,0.348,0.596,0,0,0,64.325,NaN,0.011,0.341,0.94,-0.032,0,0,0,0,6.415,0.966,NaN,0.715,0.357,0.601,0.032,0,0,0,0,6.373,0.985,2,0
177957,1.00000114196087e+18,63875741932856,0.034,1.442,-0.023,0.043,-0.024,0.001,0.999,NaN,0.821,0.323,0.471,0,0,0,64.325,NaN,0.014,0.367,0.93,-0.032,0,0,0,0,6.415,0.963,NaN,0.819,0.326,0.472,0.032,0,0,0,0,6.373,0.986,2,0
177958,1.00000114196588e+18,63875741932856,0.034,1.442,-0.023,0.043,-0.024,0.001,0.999,NaN,0.695,0.366,0.619,0,0,0,64.325,NaN,0.017,0.385,0.923,-0.032,0,0,0,0,6.415,0.959,NaN,0.713,0.362,0.6,0.032,0,0,0,0,6.373,0.986,2,0
177959,1.00000114197089e+18,63875741932856,0.034,1.442,-0.023,0.043,-0.024,0.001,0.999,NaN,0.447,0.432,0.783,0,0,0,64.325,NaN,0.02,0.401,0.916,-0.032,0,0,0,0,6.415,0.956,NaN,0.4,0.453,0.797,0.032,0,0,0,0,6.373,0.987,2,0
177960,1.00000114197591e+18,63875741932867,0.034,1.442,-0.023,0.043,-0.024,0.001,0.999,NaN,0.179,0.466,0.866,0,0,0,64.325,NaN,0.021,0.415,0.909,-0.032,0,0,0,0,6.415,0.952,NaN,0.111,0.485,0.867,0.032,0,0,0,0,6.373,0.988,2,0
177961,1.00000114198092e+18,63875741932867,0.034,1.442,-0.023,0.043,-0.024,0.001,0.999,NaN,0.053,0.471,0.881,0,0,0,64.325,NaN,0.023,0.426,0.904,-0.032,0,0,0,0,6.415,0.948,NaN,-0.008,0.49,0.872,0.032,0,0,0,0,6.373,0.989,0.3234909,0
177962,1.00000114198593e+18,63875741932878,0.034,1.442,-0.023,0.042,-0.024,0.001,0.999,NaN,0.006,0.472,0.881,0,0,0,64.325,NaN,0.024,0.435,0.9,-0.032,0,0,0,0,6.415,0.946,NaN,-0.05,0.493,0.869,0.032,0,0,0,0,6.373,0.989,0.4784127,0
177963,1.00000114199095e+18,63875741932878,0.034,1.442,-0.023,0.042,-0.024,0.001,0.999,NaN,-0.011,0.475,0.88,0,0,0,64.325,NaN,0.025,0.442,0.897,-0.032,0,0,0,0,6.415,0.944,NaN,-0.065,0.498,0.865,0.032,0,0,0,0,6.373,0.99,0.4716957,0
177964,1.00000114199598e+18,63875741932890,0.034,1.442,-0.024,0.042,-0.024,0.001,0.999,NaN,-0.018,0.48,0.877,0,0,0,64.325,NaN,0.025,0.449,0.893,-0.032,0,0,0,0,6.415,0.942,NaN,-0.07,0.505,0.86,0.032,0,0,0,0,6.373,0.991,0.4607029,0
177965,1.000001142001e+18,63875741932890,0.034,1.442,-0.024,0.042,-0.024,0.001,0.999,NaN,-0.02,0.484,0.875,0,0,0,64.325,NaN,0.026,0.456,0.89,-0.032,0,0,0,0,6.415,0.945,NaN,-0.072,0.51,0.857,0.032,0,0,0,0,6.373,0.991,0.4592386,0
177966,1.00000114200602e+18,63875741932901,0.034,1.442,-0.024,0.042,-0.025,0.001,0.999,NaN,-0.02,0.491,0.871,0,0,0,64.325,NaN,0.027,0.465,0.885,-0.032,0,0,0,0,6.415,0.947,NaN,-0.072,0.516,0.853,0.032,0,0,0,0,6.373,0.992,0.4723102,0
177967,1.00000114201102e+18,63875741932901,0.034,1.442,-0.024,0.042,-0.025,0.001,0.999,NaN,-0.02,0.495,0.869,0,0,0,64.325,NaN,0.028,0.47,0.882,-0.032,0,0,0,0,6.415,0.951,NaN,-0.072,0.521,0.851,0.032,0,0,0,0,6.373,0.992,0.4746617,0
177968,1.00000114201602e+18,63875741932912,0.034,1.442,-0.024,0.041,-0.025,0.001,0.999,NaN,-0.019,0.498,0.867,0,0,0,64.325,NaN,0.028,0.473,0.88,-0.032,0,0,0,0,6.415,0.955,NaN,-0.072,0.523,0.849,0.032,0,0,0,0,6.373,0.993,0.4751318,0
177969,1.00000114202102e+18,63875741932912,0.034,1.442,-0.024,0.041,-0.025,0.001,0.999,NaN,-0.019,0.5,0.866,0,0,0,64.325,NaN,0.029,0.475,0.879,-0.032,0,0,0,0,6.415,0.96,NaN,-0.071,0.525,0.848,0.032,0,0,0,0,6.373,0.993,0.4741873,0
177970,1.00000114202603e+18,63875741932912,0.034,1.442,-0.024,0.041,-0.025,0.001,0.999,NaN,-0.02,0.496,0.868,0,0,0,64.325,NaN,0.03,0.473,0.881,-0.032,0,0,0,0,6.415,0.964,NaN,-0.046,0.515,0.856,0.032,0,0,0,0,6.373,0.993,0.5968746,0
177971,1.00000114203105e+18,63875741932922,0.033,1.442,-0.024,0.041,-0.025,0.001,0.999,NaN,-0.018,0.496,0.868,0,0,0,64.325,NaN,0.031,0.471,0.882,-0.032,0,0,0,0,6.415,0.968,NaN,-0.057,0.518,0.853,0.032,0,0,0,0,6.373,0.994,0.5214075,0
177972,1.00000114203606e+18,63875741932922,0.033,1.442,-0.024,0.041,-0.025,0.001,0.999,NaN,-0.018,0.497,0.868,0,0,0,64.325,NaN,0.032,0.471,0.882,-0.032,0,0,0,0,6.415,0.972,NaN,-0.063,0.519,0.852,0.032,0,0,0,0,6.373,0.994,0.4998759,0
177973,1.00000114204108e+18,63875741932934,0.034,1.442,-0.024,0.041,-0.025,0.001,0.999,NaN,-0.017,0.497,0.868,0,0,0,64.325,NaN,0.032,0.47,0.882,-0.032,0,0,0,0,6.415,0.975,NaN,-0.065,0.52,0.852,0.032,0,0,0,0,6.373,0.994,0.4850634,0
177974,1.00000114204605e+18,63875741932934,0.034,1.442,-0.024,0.041,-0.025,0.001,0.999,NaN,-0.016,0.495,0.869,0,0,0,64.325,NaN,0.033,0.467,0.883,-0.032,0,0,0,0,6.415,0.978,NaN,-0.066,0.52,0.852,0.032,0,0,0,0,6.373,0.995,0.4683004,0
177975,1.00000114205108e+18,63875741932945,0.033,1.442,-0.024,0.041,-0.025,0.001,0.999,NaN,-0.016,0.494,0.869,0,0,0,64.325,NaN,0.033,0.466,0.884,-0.032,0,0,0,0,6.415,0.98,NaN,-0.067,0.52,0.852,0.032,0,0,0,0,6.373,0.995,0.4572247,0
177976,1.00000114205609e+18,63875741932945,0.033,1.442,-0.024,0.041,-0.025,0.001,0.999,NaN,-0.015,0.493,0.87,0,0,0,64.325,NaN,0.034,0.464,0.885,-0.032,0,0,0,0,6.415,0.982,NaN,-0.067,0.52,0.852,0.032,0,0,0,0,6.373,0.995,0.4497053,0
177977,1.00000114206113e+18,63875741932956,0.034,1.442,-0.024,0.041,-0.025,0.001,0.999,NaN,-0.012,0.49,0.872,0,0,0,64.325,NaN,0.035,0.463,0.886,-0.032,0,0,0,0,6.415,0.984,NaN,-0.045,0.513,0.857,0.032,0,0,0,0,6.373,0.995,0.5263328,0
177978,1.00000114206614e+18,63875741932956,0.034,1.442,-0.024,0.041,-0.025,0.001,0.999,NaN,-0.012,0.49,0.872,0,0,0,64.325,NaN,0.035,0.462,0.886,-0.032,0,0,0,0,6.415,0.985,NaN,-0.053,0.514,0.856,0.032,0,0,0,0,6.373,0.996,0.497214,0
177979,1.00000114207137e+18,63875741932956,0.034,1.442,-0.024,0.041,-0.025,0.001,0.999,NaN,-0.012,0.489,0.872,0,0,0,64.325,NaN,0.036,0.46,0.887,-0.032,0,0,0,0,6.415,0.987,NaN,-0.057,0.514,0.856,0.032,0,0,0,0,6.373,0.996,0.4756185,0
177980,1.00000114207638e+18,63875741932968,0.033,1.442,-0.024,0.041,-0.025,0.001,0.999,NaN,-0.012,0.489,0.872,0,0,0,64.325,NaN,0.037,0.459,0.887,-0.032,0,0,0,0,6.415,0.988,NaN,-0.06,0.514,0.855,0.032,0,0,0,0,6.373,0.996,0.4614097,0
177981,1.0000011420814e+18,63875741932978,0.033,1.442,-0.024,0.041,-0.025,0.001,0.999,NaN,-0.012,0.489,0.872,0,0,0,64.325,NaN,0.037,0.459,0.888,-0.032,0,0,0,0,6.415,0.989,NaN,-0.062,0.515,0.855,0.032,0,0,0,0,6.373,0.996,0.4517773,0
177982,1.00000114208641e+18,63875741932978,0.033,1.442,-0.024,0.041,-0.025,0.001,0.999,NaN,-0.012,0.488,0.873,0,0,0,64.325,NaN,0.038,0.458,0.888,-0.032,0,0,0,0,6.415,0.99,NaN,-0.063,0.515,0.855,0.032,0,0,0,0,6.373,0.996,0.4449681,0
177983,1.00000114209124e+18,63875741932978,0.033,1.442,-0.024,0.041,-0.025,0.001,0.999,NaN,-0.012,0.488,0.873,0,0,0,64.325,NaN,0.039,0.457,0.888,-0.032,0,0,0,0,6.415,0.99,NaN,-0.064,0.515,0.855,0.032,0,0,0,0,6.373,0.997,0.4399181,0
177984,1.00000114209625e+18,63875741932990,0.033,1.442,-0.024,0.041,-0.025,0.001,0.999,NaN,-0.012,0.488,0.873,0,0,0,64.325,NaN,0.039,0.457,0.889,-0.032,0,0,0,0,6.415,0.991,NaN,-0.064,0.515,0.855,0.032,0,0,0,0,6.373,0.997,0.4358993,0
177985,1.00000114210124e+18,63875741932990,0.033,1.442,-0.024,0.041,-0.025,0.001,0.999,NaN,-0.011,0.487,0.873,0,0,0,64.325,NaN,0.04,0.456,0.889,-0.032,0,0,0,0,6.415,0.992,NaN,-0.064,0.515,0.855,0.032,0,0,0,0,6.373,0.997,0.4335466,0
177986,1.00000114210625e+18,63875741933001,0.033,1.442,-0.024,0.041,-0.025,0.001,0.999,NaN,-0.011,0.487,0.873,0,0,0,64.325,NaN,0.04,0.456,0.889,-0.032,0,0,0,0,6.415,0.992,NaN,-0.064,0.514,0.855,0.032,0,0,0,0,6.373,0.997,0.431618,0
177987,1.00000114211126e+18,63875741933001,0.033,1.442,-0.024,0.041,-0.025,0.001,0.999,NaN,-0.011,0.487,0.873,0,0,0,64.325,NaN,0.041,0.456,0.889,-0.032,0,0,0,0,6.415,0.993,NaN,-0.064,0.514,0.855,0.032,0,0,0,0,6.373,0.997,0.4300313,0
177988,1.00000114211628e+18,63875741933012,0.033,1.442,-0.024,0.041,-0.025,0.002,0.999,NaN,-0.011,0.487,0.873,0,0,0,64.325,NaN,0.041,0.455,0.889,-0.032,0,0,0,0,6.415,0.993,NaN,-0.065,0.514,0.855,0.032,0,0,0,0,6.373,0.997,0.4287811,0
177989,1.00000114212128e+18,63875741933023,0.033,1.442,-0.024,0.041,-0.025,0.002,0.999,NaN,-0.01,0.487,0.874,0,0,0,64.325,NaN,0.042,0.455,0.889,-0.032,0,0,0,0,6.415,0.994,NaN,-0.065,0.514,0.855,0.032,0,0,0,0,6.373,0.997,0.4278143,0.1421062
177990,1.0000011421263e+18,63875741933023,0.033,1.442,-0.024,0.041,-0.025,0.002,0.999,NaN,-0.017,0.483,0.875,0,0,0,64.325,NaN,0.042,0.455,0.89,-0.032,0,0,0,0,6.415,0.994,NaN,-0.06,0.509,0.859,0.032,0,0,0,0,6.373,0.997,0.457199,0
177991,1.0000011421313e+18,63875741933023,0.033,1.442,-0.024,0.041,-0.025,0.002,0.999,NaN,-0.023,0.479,0.878,0,0,0,64.325,NaN,0.042,0.455,0.89,-0.032,0,0,0,0,6.415,0.994,NaN,-0.057,0.5,0.864,0.032,0,0,0,0,6.373,0.998,0.5068855,0
177992,1.00000114213632e+18,63875741933034,0.033,1.442,-0.024,0.041,-0.025,0.002,0.999,NaN,-0.027,0.474,0.88,0,0,0,64.325,NaN,0.043,0.454,0.89,-0.032,0,0,0,0,6.415,0.995,NaN,-0.055,0.489,0.871,0.032,0,0,0,0,6.373,0.998,0.5619351,0
177993,1.00000114214134e+18,63875741933034,0.033,1.442,-0.024,0.041,-0.025,0.002,0.999,NaN,-0.03,0.469,0.882,0,0,0,64.325,NaN,0.043,0.454,0.89,-0.032,0,0,0,0,6.415,0.995,NaN,-0.054,0.479,0.876,0.032,0,0,0,0,6.373,0.998,0.6079143,0
177994,1.00000114214636e+18,63875741933045,0.033,1.442,-0.024,0.041,-0.025,0.002,0.999,NaN,-0.032,0.465,0.884,0,0,0,64.325,NaN,0.043,0.454,0.89,-0.032,0,0,0.486,3.115,6.415,0.995,NaN,-0.053,0.471,0.88,0.032,0,0,0.52,3.315,6.373,0.998,0.6390049,0
177995,1.00000114215137e+18,63875741933045,0.033,1.442,-0.024,0.041,-0.025,0.002,0.999,NaN,-0.034,0.462,0.886,0,0,0,64.325,NaN,0.044,0.453,0.89,-0.032,0,0,0.485,3.115,6.415,0.995,NaN,-0.052,0.465,0.884,0.032,0,0,0.52,3.314,6.373,0.998,0.6567366,0
177996,1.00000114215636e+18,63875741933045,0.033,1.442,-0.024,0.041,-0.025,0.002,0.999,NaN,-0.035,0.46,0.887,0,0,0,64.325,NaN,0.044,0.453,0.89,-0.032,0,0,0.485,3.112,6.415,0.996,NaN,-0.051,0.461,0.886,0.032,0,0,0.52,3.311,6.373,0.998,0.6654399,0.08191354
177997,1.00000114216137e+18,63875741933056,0.033,1.442,-0.024,0.041,-0.025,0.002,0.999,NaN,-0.036,0.458,0.888,0,0,0,64.325,NaN,0.045,0.453,0.89,-0.032,0,0,0.484,3.108,6.415,0.996,NaN,-0.051,0.458,0.887,0.032,0,0,0.519,3.307,6.373,0.998,0.6688293,0.3624096
177998,1.00000114216638e+18,63875741933056,0.033,1.442,-0.024,0.041,-0.025,0.002,0.999,NaN,-0.037,0.456,0.889,0,0,0,64.325,NaN,0.045,0.453,0.89,-0.032,0,0,0.484,3.103,6.415,0.996,NaN,-0.051,0.456,0.888,0.032,0,0,0.518,3.303,6.373,0.998,0.6697375,0.3972148
177999,1.0000011421714e+18,63875741933068,0.033,1.442,-0.024,0.041,-0.025,0.002,0.999,NaN,-0.038,0.455,0.89,0,0,0,64.325,NaN,0.045,0.453,0.89,-0.032,0,0,0.483,3.099,6.415,0.996,NaN,-0.05,0.454,0.889,0.032,0,0,0.517,3.296,6.373,0.998,0.6706994,0.3974636
178000,1.00000114217641e+18,63875741933068,0.033,1.442,-0.024,0.041,-0.025,0.002,0.999,NaN,-0.038,0.453,0.891,0,0,0,64.325,NaN,0.046,0.453,0.89,-0.032,0,0,0.482,3.094,6.415,0.996,NaN,-0.05,0.452,0.89,0.032,0,0,0.516,3.291,6.373,0.998,0.6733754,0.342894
178001,1.00000114218144e+18,63875741933068,0.033,1.442,-0.024,0.041,-0.025,0.002,0.999,NaN,-0.035,0.453,0.891,0,0,0,64.325,NaN,0.046,0.453,0.89,-0.032,0,0,0.481,3.088,6.415,0.997,NaN,-0.047,0.453,0.89,0.032,0,0,0.514,3.278,6.373,0.998,0.6916083,0.06815266
178002,1.00000114218645e+18,63875741933078,0.033,1.442,-0.024,0.041,-0.025,0.002,0.999,NaN,-0.036,0.453,0.891,0,0,0,64.325,NaN,0.045,0.453,0.89,-0.032,0,0,0.481,3.085,6.415,0.997,NaN,-0.047,0.452,0.891,0.032,0,0,0.513,3.267,6.373,0.998,0.6975714,0
178003,1.00000114219148e+18,63875741933078,0.033,1.442,-0.024,0.041,-0.025,0.002,0.999,NaN,-0.039,0.453,0.89,0,0,0,64.325,NaN,0.044,0.454,0.89,-0.032,0,0,0.48,3.08,6.415,0.997,NaN,-0.047,0.453,0.89,0.032,0,0,0.512,3.26,6.373,0.998,0.7007473,0
178004,1.00000114219647e+18,63875741933090,0.033,1.442,-0.024,0.041,-0.026,0.002,0.999,NaN,-0.045,0.457,0.888,0,0,0,64.325,NaN,0.044,0.456,0.889,-0.032,0,0,0.479,3.075,6.415,0.997,NaN,-0.048,0.458,0.888,0.032,0,0,0.511,3.257,6.373,0.999,0.6991848,0
178005,1.00000114220145e+18,63875741933090,0.033,1.442,-0.024,0.041,-0.026,0.002,0.999,NaN,-0.045,0.459,0.887,0,0,0,64.325,NaN,0.041,0.459,0.887,-0.032,0,0,0.477,3.06,6.415,0.997,NaN,-0.048,0.461,0.886,0.032,0,0,0.51,3.25,6.373,0.999,0.717602,0
178006,1.00000114220644e+18,63875741933101,0.033,1.442,-0.024,0.041,-0.026,0.002,0.999,NaN,-0.058,0.461,0.885,0,0,0,64.325,NaN,0.037,0.465,0.885,-0.032,0,0,0.475,3.047,6.415,0.997,NaN,-0.052,0.464,0.884,0.032,0,0,0.509,3.246,6.373,0.999,0.7205026,0
178007,1.00000114221146e+18,63875741933101,0.033,1.442,-0.024,0.041,-0.026,0.002,0.999,NaN,-0.07,0.467,0.881,0,0,0,64.325,NaN,0.03,0.472,0.881,-0.032,0,0,0.474,3.041,6.415,0.997,NaN,-0.06,0.467,0.882,0.032,0,0,0.51,3.248,6.373,0.999,0.7139558,0
178008,1.00000114221647e+18,63875741933111,0.033,1.442,-0.024,0.041,-0.026,0.002,0.999,NaN,-0.085,0.475,0.876,0,0,0,64.325,NaN,0.02,0.481,0.877,-0.032,0,0,0.474,3.041,6.415,0.997,NaN,-0.072,0.474,0.878,0.032,0,0,0.51,3.248,6.373,0.999,0.6886379,0
178009,1.00000114222148e+18,63875741933111,0.033,1.442,-0.024,0.041,-0.026,0.002,0.999,NaN,-0.099,0.485,0.869,0,0,0,64.325,NaN,0.008,0.493,0.87,-0.032,0,0,0.475,3.05,6.415,0.998,NaN,-0.086,0.482,0.872,0.032,0,0,0.51,3.248,6.373,0.999,0.6671658,0
178010,1.00000114222653e+18,63875741933111,0.033,1.442,-0.024,0.041,-0.026,0.002,0.999,NaN,-0.112,0.493,0.863,0,0,0,64.325,NaN,-0.006,0.51,0.86,-0.032,0,0,0.492,3.154,6.415,0.998,NaN,-0.101,0.49,0.866,0.032,0,0,0.51,3.248,6.373,0.999,0.6479973,0
178011,1.00000114223154e+18,63875741933123,0.033,1.442,-0.024,0.041,-0.026,0.002,0.999,NaN,-0.122,0.499,0.858,0,0,0,64.325,NaN,-0.018,0.522,0.853,-0.032,0,0,0.496,3.183,6.415,0.998,NaN,-0.113,0.496,0.861,0.032,0,0,0.51,3.248,6.373,0.999,0.6244493,0
178012,1.00000114223655e+18,63875741933134,0.033,1.442,-0.024,0.041,-0.026,0.002,0.999,NaN,-0.129,0.503,0.855,0,0,0,64.325,NaN,-0.027,0.531,0.847,-0.032,0,0,0.499,3.201,6.415,0.998,NaN,-0.123,0.501,0.857,0.032,0,0,0.51,3.247,6.373,0.999,0.6037526,0
178013,1.00000114224156e+18,63875741933134,0.033,1.442,-0.024,0.041,-0.026,0.002,0.999,NaN,-0.135,0.506,0.852,0,0,0,64.325,NaN,-0.033,0.537,0.843,-0.032,0,0,0.503,3.227,6.415,0.998,NaN,-0.13,0.505,0.853,0.032,0,0,0.509,3.246,6.373,0.999,0.5927947,0
178014,1.00000114224658e+18,63875741933134,0.033,1.442,-0.024,0.041,-0.026,0.002,0.999,NaN,-0.139,0.509,0.849,0,0,0,64.325,NaN,-0.04,0.541,0.84,-0.032,0,0,0.51,3.271,6.415,0.998,NaN,-0.135,0.508,0.851,0.032,0,0,0.509,3.246,6.373,0.999,0.5941711,0
178015,1.00000114225159e+18,63875741933145,0.033,1.442,-0.024,0.04,-0.026,0.002,0.999,NaN,-0.141,0.511,0.848,0,0,0,64.325,NaN,-0.044,0.544,0.838,-0.032,0,0,0.512,3.284,6.415,0.998,NaN,-0.139,0.51,0.849,0.032,0,0,0.509,3.245,6.373,0.999,0.5963842,0
178016,1.00000114225658e+18,63875741933145,0.033,1.442,-0.024,0.04,-0.026,0.002,0.999,NaN,-0.143,0.512,0.847,0,0,0,64.325,NaN,-0.047,0.545,0.837,-0.032,0,0,0.513,3.288,6.415,0.998,NaN,-0.141,0.512,0.848,0.032,0,0,0.509,3.245,6.373,0.999,0.596808,0
178017,1.0000011422616e+18,63875741933156,0.033,1.442,-0.024,0.04,-0.026,0.002,0.999,NaN,-0.144,0.513,0.846,0,0,0,64.325,NaN,-0.046,0.541,0.84,-0.032,0,0,0.494,3.169,6.415,0.998,NaN,-0.143,0.513,0.846,0.032,0,0,0.509,3.245,6.373,0.999,0.6049588,0
178018,1.00000114226662e+18,63875741933156,0.033,1.442,-0.024,0.04,-0.026,0.002,0.999,NaN,-0.145,0.514,0.845,0,0,0,64.325,NaN,-0.044,0.535,0.844,-0.032,0,0,0.478,3.066,6.415,0.998,NaN,-0.144,0.514,0.846,0.032,0,0,0.509,3.245,6.373,0.999,0.6154544,0
178019,1.00000114227163e+18,63875741933167,0.033,1.442,-0.024,0.04,-0.025,0.002,0.999,NaN,-0.145,0.515,0.845,0,0,0,64.325,NaN,-0.043,0.53,0.847,-0.032,0,0,0.475,3.047,6.415,0.998,NaN,-0.145,0.515,0.845,0.032,0,0,0.509,3.245,6.373,0.999,0.6158957,0
178020,1.00000114227665e+18,63875741933167,0.033,1.442,-0.024,0.04,-0.025,0.002,0.999,NaN,-0.145,0.516,0.844,0,0,0,64.325,NaN,-0.042,0.528,0.848,-0.032,0,0,0.474,3.039,6.415,0.998,NaN,-0.145,0.516,0.844,0.032,0,0,0.509,3.245,6.373,0.999,0.6129124,0
178021,1.00000114228166e+18,63875741933167,0.033,1.442,-0.024,0.04,-0.025,0.002,0.999,NaN,-0.145,0.517,0.844,0,0,0,64.325,NaN,-0.041,0.526,0.85,-0.032,0,0,0.473,3.035,6.415,0.998,NaN,-0.145,0.516,0.844,0.032,0,0,0.509,3.246,6.373,0.999,0.6096171,0
178022,1.00000114228668e+18,63875741933178,0.033,1.442,-0.024,0.04,-0.025,0.002,0.999,NaN,-0.145,0.517,0.843,0,0,0,64.325,NaN,-0.04,0.524,0.851,-0.032,0,0,0.473,3.033,6.415,0.998,NaN,-0.145,0.517,0.844,0.032,0,0,0.509,3.246,6.373,0.999,0.6064994,0
178023,1.00000114229172e+18,63875741933178,0.033,1.442,-0.024,0.04,-0.025,0.002,0.999,NaN,-0.145,0.518,0.843,0,0,0,64.325,NaN,-0.039,0.523,0.851,-0.032,0,0,0.472,3.029,6.415,0.999,NaN,-0.144,0.518,0.843,0.032,0,0,0.509,3.246,6.373,0.999,0.6044507,0
178024,1.00000114229674e+18,63875741933190,0.033,1.442,-0.024,0.04,-0.025,0.002,0.999,NaN,-0.144,0.518,0.843,0,0,0,64.325,NaN,-0.039,0.523,0.852,-0.032,0,0,0.472,3.027,6.415,0.999,NaN,-0.144,0.518,0.843,0.032,0,0,0.509,3.245,6.373,0.999,0.6028557,0
178025,1.00000114230171e+18,63875741933190,0.033,1.442,-0.024,0.04,-0.025,0.002,0.999,NaN,-0.144,0.519,0.843,0,0,0,64.325,NaN,-0.038,0.522,0.852,-0.032,0,0,0.472,3.025,6.415,0.999,NaN,-0.144,0.518,0.843,0.032,0,0,0.509,3.244,6.373,0.999,0.6029908,0.3075669
178026,1.00000114230673e+18,63875741933201,0.033,1.442,-0.024,0.041,-0.025,0.001,0.999,NaN,-0.143,0.519,0.843,0,0,0,64.325,NaN,-0.038,0.522,0.852,-0.032,0,0,0.471,3.024,6.415,0.999,NaN,-0.143,0.519,0.843,0.032,0,0,0.509,3.243,6.373,0.999,0.6037697,0.4414174
178027,1.00000114231174e+18,63875741933201,0.033,1.442,-0.024,0.041,-0.025,0.001,0.999,NaN,-0.143,0.519,0.843,0,0,0,64.325,NaN,-0.038,0.522,0.852,-0.032,0,0,0.471,3.023,6.415,0.999,NaN,-0.143,0.519,0.843,0.032,0,0,0.509,3.243,6.373,0.999,0.6040659,0.6871729
178028,1.00000114231676e+18,63875741933212,0.033,1.442,-0.024,0.041,-0.025,0.001,0.999,NaN,-0.142,0.519,0.843,0,0,0,64.325,NaN,-0.037,0.521,0.853,-0.032,0,0,0.471,3.023,6.415,0.999,NaN,-0.142,0.519,0.843,0.032,0,0,0.509,3.242,6.373,0.999,0.6046367,0.8427073
178029,1.00000114232176e+18,63875741933223,0.033,1.442,-0.024,0.041,-0.025,0.001,0.999,NaN,-0.142,0.519,0.843,0,0,0,64.325,NaN,-0.037,0.521,0.853,-0.032,0,0,0.471,3.022,6.415,0.999,NaN,-0.142,0.519,0.843,0.032,0,0,0.509,3.242,6.373,0.999,0.6052842,0.9541834
178030,1.00000114232675e+18,63875741933223,0.033,1.442,-0.024,0.041,-0.025,0.001,0.999,NaN,-0.142,0.519,0.843,0,0,0,64.325,NaN,-0.037,0.521,0.853,-0.032,0,0,0.471,3.021,6.415,0.999,NaN,-0.142,0.519,0.843,0.032,0,0,0.509,3.241,6.373,0.999,0.6057555,1
178031,1.00000114233177e+18,63875741933223,0.033,1.442,-0.024,0.041,-0.025,0.001,0.999,NaN,-0.141,0.519,0.843,0,0,0,64.325,NaN,-0.037,0.52,0.853,-0.032,0,0,0.471,3.021,6.415,0.999,NaN,-0.141,0.519,0.843,0.032,0,0,0.508,3.241,6.373,0.999,0.6061101,1
178032,1.00000114233684e+18,63875741933235,0.033,1.442,-0.024,0.041,-0.025,0.002,0.999,NaN,-0.141,0.519,0.843,0,0,0,64.325,NaN,-0.036,0.52,0.854,-0.032,0,0,0.471,3.021,6.415,0.999,NaN,-0.141,0.519,0.843,0.032,0,0,0.508,3.24,6.373,0.999,0.6063453,1
178033,1.00000114234185e+18,63875741933235,0.033,1.442,-0.024,0.041,-0.025,0.002,0.999,NaN,-0.141,0.519,0.843,0,0,0,64.325,NaN,-0.036,0.519,0.854,-0.032,0,0,0.471,3.02,6.415,0.999,NaN,-0.141,0.519,0.843,0.032,0,0,0.508,3.24,6.373,0.999,0.6066375,1
178034,1.0000011423469e+18,63875741933235,0.033,1.442,-0.024,0.041,-0.025,0.002,0.999,NaN,-0.141,0.519,0.843,0,0,0,64.325,NaN,-0.036,0.519,0.854,-0.032,0,0,0.471,3.02,6.415,0.999,NaN,-0.141,0.519,0.843,0.032,0,0,0.508,3.239,6.373,0.999,0.606546,1
178035,1.00000114235191e+18,63875741933245,0.033,1.442,-0.024,0.041,-0.025,0.002,0.999,NaN,-0.141,0.519,0.843,0,0,0,64.325,NaN,-0.036,0.518,0.854,-0.032,0,0,0.47,3.015,6.415,0.999,NaN,-0.141,0.519,0.843,0.032,0,0,0.508,3.238,6.373,0.999,0.6060283,1
178036,1.00000114235689e+18,63875741933245,0.033,1.442,-0.024,0.041,-0.025,0.002,0.999,NaN,-0.141,0.519,0.843,0,0,0,64.325,NaN,-0.036,0.518,0.855,-0.032,0,0,0.469,3.011,6.415,0.999,NaN,-0.141,0.519,0.843,0.032,0,0,0.508,3.237,6.373,0.999,0.6053252,1
178037,1.00000114236187e+18,63875741933256,0.033,1.442,-0.024,0.041,-0.025,0.002,0.999,NaN,-0.141,0.518,0.843,0,0,0,64.325,NaN,-0.036,0.517,0.855,-0.032,0,0,0.469,3.01,6.415,0.999,NaN,-0.14,0.518,0.843,0.032,0,0,0.508,3.235,6.373,1,0.6044694,1
178038,1.00000114236687e+18,63875741933256,0.033,1.442,-0.024,0.041,-0.025,0.002,0.999,NaN,-0.14,0.518,0.844,0,0,0,64.325,NaN,-0.036,0.516,0.856,-0.032,0,0,0.469,3.009,6.415,0.999,NaN,-0.14,0.518,0.844,0.032,0,0,0.507,3.234,6.373,1,0.6037142,1
178039,1.00000114237188e+18,63875741933268,0.033,1.442,-0.023,0.041,-0.025,0.002,0.999,NaN,-0.14,0.518,0.844,0,0,0,64.325,NaN,-0.036,0.516,0.856,-0.032,0,0,0.469,3.008,6.415,0.999,NaN,-0.14,0.518,0.844,0.032,0,0,0.507,3.231,6.373,1,0.6032554,1
178040,1.00000114237685e+18,63875741933268,0.033,1.442,-0.023,0.041,-0.025,0.002,0.999,NaN,-0.14,0.518,0.844,0,0,0,64.325,NaN,-0.036,0.515,0.856,-0.032,0,0,0.469,3.007,6.415,0.999,NaN,-0.14,0.518,0.844,0.032,0,0,0.507,3.229,6.373,1,0.6028047,1
178041,1.00000114238187e+18,63875741933268,0.033,1.442,-0.023,0.041,-0.025,0.002,0.999,NaN,-0.14,0.518,0.844,0,0,0,64.325,NaN,-0.036,0.515,0.857,-0.032,0,0,0.469,3.007,6.415,0.999,NaN,-0.14,0.518,0.844,0.032,0,0,0.506,3.227,6.373,1,0.6023018,1
178042,1.00000114238688e+18,63875741933278,0.033,1.442,-0.023,0.041,-0.025,0.002,0.999,NaN,-0.14,0.517,0.844,0,0,0,64.325,NaN,-0.035,0.514,0.857,-0.032,0,0,0.468,3.005,6.415,0.999,NaN,-0.14,0.517,0.844,0.032,0,0,0.506,3.225,6.373,1,0.6019086,1
178043,1.00000114239192e+18,63875741933278,0.033,1.442,-0.023,0.041,-0.025,0.002,0.999,NaN,-0.14,0.517,0.844,0,0,0,64.325,NaN,-0.035,0.514,0.857,-0.032,0,0,0.468,3.004,6.415,0.999,NaN,-0.14,0.517,0.844,0.032,0,0,0.506,3.224,6.373,1,0.6015894,1
178044,1.00000114239693e+18,63875741933290,0.033,1.442,-0.023,0.041,-0.025,0.002,0.999,NaN,-0.14,0.517,0.844,0,0,0,64.325,NaN,-0.035,0.513,0.857,-0.032,0,0,0.468,3.001,6.415,0.999,NaN,-0.14,0.517,0.844,0.032,0,0,0.506,3.223,6.373,1,0.601341,1
178045,1.00000114240198e+18,63875741933290,0.033,1.442,-0.023,0.041,-0.025,0.002,0.999,NaN,-0.14,0.517,0.844,0,0,0,64.325,NaN,-0.035,0.513,0.858,-0.032,0,0,0.467,2.998,6.415,0.999,NaN,-0.14,0.517,0.845,0.032,0,0,0.506,3.222,6.373,1,0.6008885,1
178046,1.00000114240696e+18,63875741933301,0.033,1.442,-0.023,0.041,-0.025,0.002,0.999,NaN,-0.14,0.517,0.845,0,0,0,64.325,NaN,-0.035,0.512,0.858,-0.032,0,0,0.467,2.993,6.415,0.999,NaN,-0.14,0.517,0.845,0.032,0,0,0.505,3.22,6.373,1,0.6003681,1
178047,1.00000114241196e+18,63875741933301,0.033,1.442,-0.023,0.041,-0.025,0.002,0.999,NaN,-0.14,0.517,0.845,0,0,0,64.325,NaN,-0.035,0.512,0.858,-0.032,0,0,0.466,2.989,6.415,0.999,NaN,-0.14,0.517,0.845,0.032,0,0,0.505,3.219,6.373,1,0.5999588,1
178048,1.00000114241696e+18,63875741933311,0.033,1.442,-0.023,0.041,-0.025,0.001,0.999,NaN,-0.14,0.517,0.845,0,0,0,64.325,NaN,-0.035,0.511,0.859,-0.032,0,0,0.465,2.986,6.415,0.999,NaN,-0.14,0.517,0.845,0.032,0,0,0.505,3.219,6.373,1,0.599594,1
178049,1.00000114242197e+18,63875741933312,0.033,1.442,-0.023,0.041,-0.025,0.001,0.999,NaN,-0.14,0.516,0.845,0,0,0,64.325,NaN,-0.035,0.511,0.859,-0.032,0,0,0.465,2.985,6.415,0.999,NaN,-0.14,0.516,0.845,0.032,0,0,0.505,3.219,6.373,1,0.6000434,0.9075248
178050,1.00000114242701e+18,63875741933312,0.033,1.442,-0.023,0.041,-0.025,0.001,0.999,NaN,-0.14,0.516,0.845,0,0,0,64.325,NaN,-0.036,0.51,0.859,-0.032,0,0,0.465,2.984,6.415,0.999,NaN,-0.14,0.516,0.845,0.032,0,0,0.505,3.22,6.373,1,0.5997517,0.7430653
178051,1.00000114243201e+18,63875741933323,0.033,1.442,-0.023,0.041,-0.025,0.001,0.999,NaN,-0.14,0.516,0.845,0,0,0,64.325,NaN,-0.036,0.51,0.859,-0.032,0,0,0.465,2.983,6.415,0.999,NaN,-0.14,0.516,0.845,0.032,0,0,0.505,3.221,6.373,1,0.6003277,0.6129134
178052,1.00000114243702e+18,63875741933323,0.033,1.442,-0.023,0.041,-0.025,0.001,0.999,NaN,-0.14,0.515,0.846,0,0,0,64.325,NaN,-0.036,0.51,0.86,-0.032,0,0,0.465,2.982,6.415,0.999,NaN,-0.14,0.515,0.846,0.032,0,0,0.506,3.223,6.373,1,0.6009775,0.6090957
178053,1.00000114244204e+18,63875741933334,0.033,1.442,-0.023,0.041,-0.025,0.001,0.999,NaN,-0.14,0.515,0.846,0,0,0,64.325,NaN,-0.036,0.51,0.86,-0.032,0,0,0.464,2.98,6.415,0.999,NaN,-0.14,0.515,0.846,0.032,0,0,0.506,3.224,6.373,1,0.6016102,0.6134908
178054,1.0000011424471e+18,63875741933334,0.033,1.442,-0.023,0.041,-0.025,0.001,0.999,NaN,-0.14,0.514,0.846,0,0,0,64.325,NaN,-0.036,0.509,0.86,-0.032,0,0,0.464,2.977,6.415,0.999,NaN,-0.14,0.514,0.846,0.032,0,0,0.506,3.223,6.373,1,0.6023553,0.5870995
178055,1.00000114245212e+18,63875741933346,0.033,1.442,-0.023,0.042,-0.025,0.001,0.999,NaN,-0.14,0.513,0.847,0,0,0,64.325,NaN,-0.036,0.509,0.86,-0.032,0,0,0.464,2.975,6.415,1,NaN,-0.14,0.513,0.847,0.032,0,0,0.506,3.223,6.373,1,0.6029925,0.5764831
178056,1.00000114245707e+18,63875741933346,0.033,1.442,-0.023,0.042,-0.025,0.001,0.999,NaN,-0.14,0.513,0.847,0,0,0,64.325,NaN,-0.036,0.509,0.86,-0.032,0,0,0.464,2.974,6.415,1,NaN,-0.14,0.513,0.847,0.032,0,0,0.505,3.221,6.373,1,0.6035616,0.5653531
178057,1.00000114246208e+18,63875741933356,0.033,1.442,-0.023,0.042,-0.025,0.001,0.999,NaN,-0.14,0.512,0.848,0,0,0,64.325,NaN,-0.036,0.509,0.86,-0.032,0,0,0.463,2.972,6.415,1,NaN,-0.14,0.512,0.848,0.032,0,0,0.505,3.22,6.373,1,0.6040826,0.5708639
178058,1.0000011424671e+18,63875741933356,0.033,1.442,-0.023,0.042,-0.025,0.001,0.999,NaN,-0.14,0.511,0.848,0,0,0,64.325,NaN,-0.036,0.508,0.86,-0.032,0,0,0.463,2.971,6.415,1,NaN,-0.14,0.511,0.848,0.032,0,0,0.505,3.218,6.373,1,0.6044447,0.584422
178059,1.00000114247211e+18,63875741933368,0.033,1.442,-0.023,0.042,-0.025,0.001,0.999,NaN,-0.14,0.51,0.849,0,0,0,64.325,NaN,-0.036,0.508,0.861,-0.032,0,0,0.463,2.968,6.415,1,NaN,-0.14,0.51,0.849,0.032,0,0,0.505,3.217,6.373,1,0.6047211,0.5951846
178060,1.00000114247723e+18,63875741933379,0.033,1.442,-0.023,0.042,-0.025,0.001,0.999,NaN,-0.141,0.509,0.849,0,0,0,64.325,NaN,-0.036,0.508,0.861,-0.032,0,0,0.462,2.965,6.415,1,NaN,-0.141,0.509,0.849,0.032,0,0,0.505,3.216,6.373,1,0.6048704,0.5920919
178061,1.00000114248224e+18,63875741933379,0.033,1.442,-0.023,0.042,-0.025,0.001,0.999,NaN,-0.141,0.508,0.85,0,0,0,64.325,NaN,-0.036,0.508,0.861,-0.032,0,0,0.462,2.963,6.415,1,NaN,-0.141,0.508,0.85,0.032,0,0,0.504,3.214,6.373,1,0.6049158,0.5831257
178062,1.00000114248715e+18,63875741933379,0.033,1.442,-0.023,0.042,-0.025,0.001,0.999,NaN,-0.141,0.508,0.85,0,0,0,64.325,NaN,-0.036,0.508,0.86,-0.032,0,0,0.462,2.962,6.415,1,NaN,-0.141,0.508,0.85,0.032,0,0,0.504,3.211,6.373,1,0.6046398,0.5605946
178063,1.00000114249216e+18,63875741933390,0.033,1.442,-0.023,0.042,-0.025,0.001,0.999,NaN,-0.141,0.507,0.851,0,0,0,64.325,NaN,-0.036,0.508,0.86,-0.032,0,0,0.462,2.961,6.415,1,NaN,-0.141,0.507,0.851,0.032,0,0,0.504,3.209,6.373,1,0.6042264,0.5598491
178064,1.00000114249718e+18,63875741933390,0.033,1.442,-0.023,0.042,-0.025,0.001,0.999,NaN,-0.141,0.506,0.851,0,0,0,64.325,NaN,-0.036,0.508,0.86,-0.032,0,0,0.461,2.961,6.415,1,NaN,-0.141,0.506,0.851,0.032,0,0,0.503,3.208,6.373,1,0.6036727,0.5583811
178065,1.00000114250221e+18,63875741933390,0.033,1.442,-0.023,0.042,-0.025,0.001,0.999,NaN,-0.141,0.505,0.851,0,0,0,64.325,NaN,-0.036,0.508,0.86,-0.032,0,0,0.461,2.96,6.415,1,NaN,-0.141,0.505,0.851,0.032,0,0,0.503,3.205,6.373,1,0.6032791,0.5552367
178066,1.00000114250728e+18,63875741933401,0.033,1.442,-0.023,0.042,-0.025,0.001,0.999,NaN,-0.141,0.505,0.852,0,0,0,64.325,NaN,-0.036,0.509,0.86,-0.032,0,0,0.461,2.96,6.415,1,NaN,-0.141,0.505,0.852,0.032,0,0,0.503,3.203,6.373,1,0.6028076,0.5589757
178067,1.00000114251228e+18,63875741933401,0.033,1.442,-0.023,0.042,-0.025,0.001,0.999,NaN,-0.141,0.504,0.852,0,0,0,64.325,NaN,-0.036,0.509,0.86,-0.032,0,0,0.461,2.959,6.415,1,NaN,-0.141,0.504,0.852,0.032,0,0,0.502,3.202,6.373,1,0.6021264,0.5706343
178068,1.00000114251722e+18,63875741933412,0.033,1.442,-0.023,0.042,-0.025,0.001,0.999,NaN,-0.142,0.504,0.852,0,0,0,64.325,NaN,-0.036,0.509,0.86,-0.032,0,0,0.461,2.959,6.415,1,NaN,-0.142,0.504,0.852,0.032,0,0,0.502,3.201,6.373,1,0.6014581,0.7123125
178069,1.00000114252223e+18,63875741933412,0.033,1.442,-0.023,0.042,-0.025,0.001,0.999,NaN,-0.142,0.503,0.852,0,0,0,64.325,NaN,-0.036,0.509,0.86,-0.032,0,0,0.461,2.957,6.415,1,NaN,-0.142,0.503,0.852,0.032,0,0,0.502,3.2,6.373,1,0.6008798,0.871857
178070,1.00000114252725e+18,63875741933423,0.033,1.442,-0.023,0.042,-0.025,0.001,0.999,NaN,-0.142,0.503,0.853,0,0,0,64.325,NaN,-0.036,0.509,0.86,-0.032,0,0,0.461,2.956,6.415,1,NaN,-0.142,0.503,0.853,0.032,0,0,0.502,3.199,6.373,1,0.6002567,1
178071,1.00000114253228e+18,63875741933423,0.033,1.442,-0.023,0.042,-0.025,0.001,0.999,NaN,-0.142,0.503,0.853,0,0,0,64.325,NaN,-0.036,0.509,0.86,-0.032,0,0,0.46,2.953,6.415,1,NaN,-0.142,0.503,0.853,0.032,0,0,0.502,3.198,6.373,1,0.5997701,1
178072,1.0000011425373e+18,63875741933423,0.033,1.442,-0.023,0.042,-0.025,0.001,0.999,NaN,-0.142,0.503,0.853,0,0,0,64.325,NaN,-0.036,0.509,0.86,-0.032,0,0,0.46,2.952,6.415,1,NaN,-0.142,0.503,0.853,0.032,0,0,0.502,3.197,6.373,1,0.5993,0.9984729
178073,1.00000114254231e+18,63875741933434,0.033,1.442,-0.023,0.042,-0.025,0.001,0.999,NaN,-0.142,0.503,0.853,0,0,0,64.325,NaN,-0.036,0.509,0.86,-0.032,0,0,0.46,2.952,6.415,1,NaN,-0.142,0.503,0.853,0.032,0,0,0.501,3.196,6.373,1,0.5989207,1
178074,1.00000114254733e+18,63875741933434,0.033,1.442,-0.023,0.042,-0.025,0.001,0.999,NaN,-0.142,0.503,0.853,0,0,0,64.325,NaN,-0.036,0.51,0.86,-0.032,0,0,0.46,2.95,6.415,1,NaN,-0.142,0.503,0.853,0.032,0,0,0.501,3.196,6.373,1,0.5986613,1
178075,1.00000114255234e+18,63875741933445,0.033,1.442,-0.023,0.042,-0.025,0.001,0.999,NaN,-0.142,0.503,0.853,0,0,0,64.325,NaN,-0.036,0.51,0.86,-0.032,0,0,0.46,2.949,6.415,1,NaN,-0.142,0.503,0.853,0.032,0,0,0.501,3.195,6.373,1,0.5985551,1
178076,1.00000114255735e+18,63875741933445,0.033,1.442,-0.023,0.042,-0.025,0.001,0.999,NaN,-0.142,0.503,0.853,0,0,0,64.325,NaN,-0.036,0.51,0.859,-0.032,0,0,0.46,2.948,6.415,1,NaN,-0.142,0.503,0.853,0.032,0,0,0.501,3.195,6.373,1,0.5986425,1
178077,1.00000114256232e+18,63875741933456,0.033,1.442,-0.023,0.042,-0.025,0.001,0.999,NaN,-0.142,0.503,0.853,0,0,0,64.325,NaN,-0.036,0.51,0.859,-0.032,0,0,0.459,2.948,6.415,1,NaN,-0.142,0.503,0.853,0.032,0,0,0.501,3.195,6.373,1,0.5988861,1
178078,1.00000114256733e+18,63875741933456,0.033,1.442,-0.023,0.042,-0.025,0.001,0.999,NaN,-0.142,0.503,0.852,0,0,0,64.325,NaN,-0.036,0.511,0.859,-0.032,0,0,0.459,2.948,6.415,1,NaN,-0.142,0.503,0.852,0.032,0,0,0.501,3.194,6.373,1,0.5993581,0.8859819
178079,1.00000114257234e+18,63875741933467,0.033,1.442,-0.023,0.042,-0.025,0.001,0.999,NaN,-0.142,0.503,0.852,0,0,0,64.325,NaN,-0.036,0.511,0.859,-0.032,0,0,0.459,2.947,6.415,1,NaN,-0.142,0.503,0.852,0.032,0,0,0.501,3.193,6.373,1,0.5994157,0.7602265
178080,1.00000114257739e+18,63875741933467,0.033,1.442,-0.023,0.042,-0.025,0.001,0.999,NaN,-0.142,0.504,0.852,0,0,0,64.325,NaN,-0.036,0.511,0.859,-0.032,0,0,0.459,2.947,6.415,1,NaN,-0.142,0.504,0.852,0.032,0,0,0.501,3.193,6.373,1,0.5998036,0.7394287
178081,1.0000011425824e+18,63875741933467,0.033,1.442,-0.023,0.042,-0.025,0.001,0.999,NaN,-0.142,0.504,0.852,0,0,0,64.325,NaN,-0.036,0.511,0.859,-0.032,0,0,0.459,2.947,6.415,1,NaN,-0.142,0.504,0.852,0.032,0,0,0.501,3.193,6.373,1,0.5995157,0.6925372
178082,1.00000114258741e+18,63875741933478,0.033,1.442,-0.023,0.042,-0.025,0.001,0.999,NaN,-0.142,0.504,0.852,0,0,0,64.325,NaN,-0.036,0.511,0.859,-0.032,0,0,0.46,2.954,6.415,1,NaN,-0.142,0.504,0.852,0.032,0,0,0.501,3.193,6.373,1,0.5994604,0.599929
178083,1.00000114259242e+18,63875741933478,0.033,1.442,-0.023,0.042,-0.025,0.001,0.999,NaN,-0.142,0.504,0.852,0,0,0,64.325,NaN,-0.036,0.51,0.859,-0.032,0,0,0.463,2.972,6.415,1,NaN,-0.142,0.504,0.852,0.032,0,0,0.502,3.198,6.373,1,0.5965834,0.4441882
178084,1.00000114259741e+18,63875741933491,0.033,1.442,-0.023,0.042,-0.025,0.001,0.999,NaN,-0.141,0.502,0.853,0,0,0,64.325,NaN,-0.033,0.505,0.863,-0.032,0,0,0.464,2.978,6.415,1,NaN,-0.141,0.502,0.853,0.032,0,0,0.502,3.198,6.373,1,0.5883373,0
178085,1.00000114260242e+18,63875741933491,0.033,1.442,-0.023,0.042,-0.025,0.001,0.999,NaN,-0.138,0.496,0.857,0,0,0,64.325,NaN,-0.026,0.495,0.869,-0.032,0,0,0.465,2.986,6.415,1,NaN,-0.138,0.496,0.857,0.032,0,0,0.501,3.193,6.373,1,0.5645377,0
178086,1.00000114260745e+18,63875741933501,0.033,1.442,-0.024,0.041,-0.025,0.001,0.999,NaN,-0.133,0.485,0.864,0,0,0,64.325,NaN,-0.015,0.479,0.878,-0.032,0,0,0.465,2.986,6.415,1,NaN,-0.133,0.485,0.864,0.032,0,0,0.5,3.187,6.373,1,0.536185,0
178087,1.00000114261246e+18,63875741933501,0.033,1.442,-0.024,0.041,-0.025,0.001,0.999,NaN,-0.115,0.47,0.875,0,0,0,64.325,NaN,0.001,0.457,0.889,-0.032,0,0,0.465,2.983,6.415,1,NaN,-0.115,0.47,0.875,0.032,0,0,0.5,3.186,6.373,1,0.5372412,0
178088,1.00000114261747e+18,63875741933512,0.033,1.442,-0.024,0.041,-0.025,0.001,0.999,NaN,-0.093,0.45,0.888,0,0,0,64.325,NaN,-0.003,0.439,0.898,-0.032,0,0,0.464,2.979,6.415,1,NaN,-0.095,0.449,0.888,0.032,0,0,0.499,3.183,6.373,1,0.6789662,0
178089,1.00000114262248e+18,63875741933512,0.033,1.442,-0.024,0.041,-0.025,0.001,0.999,NaN,-0.071,0.423,0.903,0,0,0,64.325,NaN,-0.003,0.415,0.91,-0.032,0,0,0.464,2.974,6.415,1,NaN,-0.075,0.423,0.903,0.032,0,0,0.498,3.175,6.373,1,0.8693219,0
178090,1.00000114262751e+18,63875741933512,0.033,1.442,-0.024,0.041,-0.025,0.001,0.999,NaN,-0.047,0.395,0.917,0,0,0,64.325,NaN,0.005,0.39,0.921,-0.032,0,0,0.462,2.964,6.415,1,NaN,-0.056,0.395,0.917,0.032,0,0,0.497,3.169,6.373,1,1.050864,0
178091,1.00000114263251e+18,63875741933524,0.033,1.442,-0.024,0.041,-0.025,0.001,0.999,NaN,-0.048,0.355,0.934,0,0,0,64.325,NaN,0.017,0.352,0.936,-0.032,0,0,0.458,2.94,6.415,1,NaN,-0.077,0.354,0.932,0.032,0,0,0.496,3.159,6.373,1,0.6824966,0
178092,1.00000114263752e+18,63875741933524,0.033,1.442,-0.024,0.041,-0.025,0.001,0.999,NaN,-0.033,0.315,0.948,0,0,0,64.325,NaN,0.033,0.313,0.949,-0.032,0,0,0.474,3.043,6.415,1,NaN,-0.063,0.315,0.947,0.032,0,0,0.492,3.138,6.373,1,0.6733369,0
178093,1.00000114264253e+18,63875741933545,0.033,1.442,-0.024,0.041,-0.025,0.001,0.999,NaN,0.002,0.291,0.957,0,0,0,64.325,NaN,0.048,0.29,0.956,-0.032,0,0,0.485,3.109,6.415,1,NaN,-0.029,0.291,0.956,0.032,0,0,0.491,3.127,6.373,1,0.8267117,0
178094,1.00000114264754e+18,63875741933545,0.033,1.442,-0.024,0.041,-0.025,0.001,0.999,NaN,0.014,0.249,0.968,0,0,0,64.325,NaN,0.058,0.248,0.967,-0.032,0,0,0.487,3.127,6.415,1,NaN,-0.007,0.249,0.968,0.032,0,0,0.49,3.12,6.373,1,0.9823741,0
178095,1.00000114265255e+18,63875741933556,0.033,1.442,-0.024,0.041,-0.025,0.001,0.999,NaN,0.025,0.222,0.975,0,0,0,64.325,NaN,0.065,0.222,0.973,-0.032,0,0,0.489,3.14,6.415,1,NaN,0.011,0.222,0.975,0.032,0,0,0.489,3.119,6.373,1,1.191152,0
178096,1.00000114265757e+18,63875741933556,0.033,1.442,-0.024,0.041,-0.025,0.001,0.999,NaN,0.04,0.189,0.981,0,0,0,64.325,NaN,0.076,0.189,0.979,-0.032,0,0,0.489,3.138,6.415,1,NaN,0.031,0.19,0.981,0.032,0,0,0.489,3.117,6.373,1,2,0
178097,1.00000114266259e+18,63875741933556,0.033,1.442,-0.024,0.041,-0.025,0.001,0.999,NaN,0.05,0.157,0.986,0,0,0,64.325,NaN,0.084,0.157,0.984,-0.032,0,0,0.489,3.139,6.415,1,NaN,0.044,0.157,0.987,0.032,0,0,0.488,3.111,6.373,1,2,0
178098,1.00000114266761e+18,63875741933556,0.033,1.442,-0.024,0.041,-0.025,0.001,0.999,NaN,0.064,0.131,0.989,0,0,0,64.325,NaN,0.102,0.13,0.986,-0.032,0,0,0.49,3.142,6.415,1,NaN,0.059,0.131,0.99,0.032,0,0,0.486,3.098,6.373,1,2,0
178099,1.00000114267263e+18,63875741933567,0.033,1.442,-0.024,0.041,-0.025,0.002,0.999,NaN,0.074,0.109,0.991,0,0,0,64.325,NaN,0.116,0.109,0.987,-0.032,0,0,0.49,3.145,6.415,1,NaN,0.069,0.109,0.992,0.032,0,0,0.485,3.093,6.373,1,2,0
178100,1.00000114267764e+18,63875741933567,0.033,1.442,-0.024,0.041,-0.025,0.002,0.999,NaN,0.081,0.088,0.993,0,0,0,64.325,NaN,0.121,0.088,0.989,-0.032,0,0,0.492,3.153,6.415,1,NaN,0.077,0.088,0.993,0.032,0,0,0.485,3.091,6.373,1,2,0
178101,1.00000114268266e+18,63875741933579,0.033,1.442,-0.024,0.041,-0.025,0.002,0.999,NaN,0.086,0.074,0.994,0,0,0,64.325,NaN,0.126,0.073,0.989,-0.032,0,0,0.493,3.16,6.415,1,NaN,0.083,0.074,0.994,0.032,0,0,0.485,3.091,6.373,1,2,0
178102,1.00000114268768e+18,63875741933579,0.033,1.442,-0.024,0.041,-0.025,0.002,0.999,NaN,0.091,0.067,0.994,0,0,0,64.325,NaN,0.138,0.066,0.988,-0.032,0,0,0.493,3.16,6.415,1,NaN,0.087,0.067,0.994,0.032,0,0,0.485,3.091,6.373,1,2,0
178103,1.0000011426927e+18,63875741933579,0.033,1.442,-0.024,0.041,-0.025,0.002,0.999,NaN,0.093,0.055,0.994,0,0,0,64.325,NaN,0.14,0.055,0.989,-0.032,0,0,0.493,3.162,6.415,1,NaN,0.089,0.055,0.994,0.032,0,0,0.485,3.092,6.373,1,2,0
178104,1.00000114269767e+18,63875741933589,0.033,1.442,-0.024,0.041,-0.025,0.002,0.999,NaN,0.094,0.047,0.994,0,0,0,64.325,NaN,0.142,0.047,0.989,-0.032,0,0,0.494,3.169,6.415,1,NaN,0.091,0.047,0.995,0.032,0,0,0.485,3.093,6.373,1,2,0
178105,1.00000114270268e+18,63875741933590,0.033,1.442,-0.024,0.041,-0.025,0.002,0.999,NaN,0.095,0.042,0.995,0,0,0,64.325,NaN,0.143,0.042,0.989,-0.032,0,0,0.495,3.175,6.415,1,NaN,0.092,0.042,0.995,0.032,0,0,0.486,3.095,6.373,1,2,0
178106,1.0000011427077e+18,63875741933600,0.033,1.442,-0.024,0.041,-0.025,0.002,0.999,NaN,0.098,0.042,0.994,0,0,0,64.325,NaN,0.149,0.042,0.988,-0.032,0,0,0.495,3.175,6.415,1,NaN,0.093,0.042,0.995,0.032,0,0,0.486,3.097,6.373,1,1.129674,0
178107,1.00000114271272e+18,63875741933601,0.033,1.442,-0.024,0.041,-0.025,0.002,0.999,NaN,0.1,0.042,0.994,0,0,0,64.325,NaN,0.153,0.042,0.987,-0.032,0,0,0.495,3.175,6.415,1,NaN,0.094,0.042,0.995,0.032,0,0,0.486,3.099,6.373,1,1.064693,0
178108,1.00000114271775e+18,63875741933612,0.033,1.442,-0.024,0.041,-0.025,0.002,0.999,NaN,0.099,0.039,0.994,0,0,0,64.325,NaN,0.151,0.038,0.988,-0.032,0,0,0.495,3.177,6.415,1,NaN,0.094,0.039,0.995,0.032,0,0,0.487,3.101,6.373,1,1.12106,0
178109,1.00000114272277e+18,63875741933612,0.033,1.442,-0.024,0.041,-0.025,0.002,0.999,NaN,0.102,0.031,0.994,0,0,0,64.325,NaN,0.148,0.03,0.988,-0.032,0,0,0.495,3.178,6.415,1,NaN,0.097,0.031,0.995,0.032,0,0,0.487,3.104,6.373,1,2,0
178110,1.00000114272775e+18,63875741933623,0.033,1.442,-0.024,0.04,-0.025,0.002,0.999,NaN,0.104,0.026,0.994,0,0,0,64.325,NaN,0.146,0.026,0.989,-0.032,0,0,0.496,3.181,6.415,1,NaN,0.1,0.026,0.995,0.032,0,0,0.488,3.107,6.373,1,2,0
178111,1.00000114273277e+18,63875741933623,0.033,1.442,-0.024,0.04,-0.025,0.002,0.999,NaN,0.108,0.028,0.994,0,0,0,64.325,NaN,0.149,0.028,0.988,-0.032,0,0,0.496,3.185,6.415,1,NaN,0.101,0.028,0.994,0.032,0,0,0.488,3.11,6.373,1,2,0
178112,1.00000114273779e+18,63875741933623,0.033,1.442,-0.024,0.04,-0.025,0.002,0.999,NaN,0.108,0.025,0.994,0,0,0,64.325,NaN,0.147,0.025,0.989,-0.032,0,0,0.498,3.195,6.415,1,NaN,0.102,0.025,0.994,0.032,0,0,0.489,3.113,6.373,1,2,0
178113,1.00000114274281e+18,63875741933634,0.033,1.442,-0.024,0.04,-0.025,0.002,0.999,NaN,0.108,0.023,0.994,0,0,0,64.325,NaN,0.145,0.023,0.989,-0.032,0,0,0.499,3.202,6.415,1,NaN,0.103,0.023,0.994,0.032,0,0,0.489,3.116,6.373,1,2,0
178114,1.00000114274783e+18,63875741933634,0.033,1.442,-0.024,0.04,-0.025,0.002,0.999,NaN,0.109,0.022,0.994,0,0,0,64.325,NaN,0.144,0.022,0.989,-0.032,0,0,0.5,3.208,6.415,1,NaN,0.104,0.022,0.994,0.032,0,0,0.49,3.12,6.373,1,2,0
178115,1.00000114275285e+18,63875741933645,0.033,1.442,-0.024,0.04,-0.025,0.002,0.999,NaN,0.109,0.021,0.994,0,0,0,64.325,NaN,0.142,0.021,0.99,-0.032,0,0,0.501,3.214,6.415,1,NaN,0.104,0.021,0.994,0.032,0,0,0.49,3.124,6.373,1,2,0
178116,1.00000114275789e+18,63875741933645,0.033,1.442,-0.024,0.04,-0.025,0.002,0.999,NaN,0.109,0.021,0.994,0,0,0,64.325,NaN,0.141,0.021,0.99,-0.032,0,0,0.503,3.228,6.415,1,NaN,0.105,0.021,0.994,0.032,0,0,0.491,3.128,6.373,1,2,0
178117,1.00000114276291e+18,63875741933656,0.033,1.442,-0.024,0.04,-0.025,0.002,0.999,NaN,0.109,0.021,0.994,0,0,0,64.325,NaN,0.14,0.021,0.99,-0.032,0,0,0.504,3.234,6.415,1,NaN,0.105,0.021,0.994,0.032,0,0,0.492,3.133,6.373,1,2,0
178118,1.00000114276789e+18,63875741933656,0.033,1.442,-0.024,0.04,-0.025,0.002,0.999,NaN,0.11,0.021,0.994,0,0,0,64.325,NaN,0.139,0.021,0.99,-0.032,0,0,0.506,3.246,6.415,1,NaN,0.106,0.021,0.994,0.032,0,0,0.492,3.137,6.373,1,2,0
178119,1.00000114277291e+18,63875741933667,0.033,1.442,-0.024,0.04,-0.025,0.002,0.999,NaN,0.108,0.029,0.994,0,0,0,64.325,NaN,0.138,0.029,0.99,-0.032,0,0,0.507,3.253,6.415,1,NaN,0.105,0.029,0.994,0.032,0,0,0.493,3.14,6.373,1,2,0
178120,1.00000114277791e+18,63875741933668,0.033,1.442,-0.024,0.04,-0.025,0.002,0.999,NaN,0.108,0.035,0.994,0,0,0,64.325,NaN,0.138,0.035,0.99,-0.032,0,0,0.508,3.261,6.415,1,NaN,0.104,0.035,0.994,0.032,0,0,0.493,3.143,6.373,1,2,0
178121,1.00000114278285e+18,63875741933679,0.033,1.442,-0.024,0.04,-0.025,0.002,0.999,NaN,0.107,0.038,0.994,0,0,0,64.325,NaN,0.137,0.038,0.99,-0.032,0,0,0.51,3.269,6.415,1,NaN,0.103,0.038,0.994,0.032,0,0,0.494,3.146,6.373,1,2,0
178122,1.00000114278786e+18,63875741933679,0.033,1.442,-0.024,0.04,-0.025,0.002,0.999,NaN,0.107,0.041,0.993,0,0,0,64.325,NaN,0.137,0.041,0.99,-0.032,0,0,0.511,3.281,6.415,1,NaN,0.103,0.041,0.994,0.032,0,0,0.494,3.148,6.373,1,2,0
178123,1.00000114279287e+18,63875741933679,0.033,1.442,-0.024,0.04,-0.025,0.002,0.999,NaN,0.106,0.043,0.993,0,0,0,64.325,NaN,0.136,0.042,0.99,-0.032,0,0,0.513,3.289,6.415,1,NaN,0.103,0.043,0.994,0.032,0,0,0.494,3.151,6.373,1,2,0
178124,1.00000114279793e+18,63875741933690,0.033,1.443,-0.024,0.04,-0.025,0.002,0.999,NaN,0.106,0.044,0.993,0,0,0,64.325,NaN,0.136,0.044,0.99,-0.032,0,0,0.515,3.301,6.415,1,NaN,0.102,0.044,0.994,0.032,0,0,0.495,3.154,6.373,1,2,0
178125,1.00000114280293e+18,63875741933690,0.033,1.443,-0.024,0.04,-0.025,0.002,0.999,NaN,0.105,0.044,0.994,0,0,0,64.325,NaN,0.136,0.044,0.99,-0.032,0,0,0.515,3.307,6.415,1,NaN,0.102,0.044,0.994,0.032,0,0,0.495,3.158,6.373,1,2,0
178126,1.00000114280794e+18,63875741933701,0.033,1.443,-0.024,0.04,-0.025,0.002,0.999,NaN,0.104,0.044,0.994,0,0,0,64.325,NaN,0.135,0.044,0.99,-0.032,0,0,0.517,3.314,6.415,1,NaN,0.101,0.044,0.994,0.032,0,0,0.496,3.163,6.373,1,2,0
178127,1.00000114281294e+18,63875741933701,0.033,1.443,-0.024,0.04,-0.025,0.002,0.999,NaN,0.104,0.044,0.994,0,0,0,64.325,NaN,0.135,0.044,0.99,-0.032,0,0,0.518,3.321,6.415,1,NaN,0.1,0.044,0.994,0.032,0,0,0.498,3.171,6.373,1,2,0
178128,1.00000114281795e+18,63875741933712,0.033,1.443,-0.024,0.04,-0.025,0.002,0.999,NaN,0.103,0.044,0.994,0,0,0,64.325,NaN,0.134,0.044,0.99,-0.032,0,0,0.518,3.325,6.415,1,NaN,0.1,0.044,0.994,0.032,0,0,0.499,3.179,6.373,1,2,0
178129,1.00000114282295e+18,63875741933712,0.033,1.443,-0.024,0.04,-0.025,0.002,0.999,NaN,0.103,0.045,0.994,0,0,0,64.325,NaN,0.133,0.044,0.99,-0.032,0,0,0.519,3.331,6.415,1,NaN,0.1,0.045,0.994,0.032,0,0,0.5,3.185,6.373,1,2,0
178130,1.00000114282797e+18,63875741933723,0.033,1.443,-0.024,0.04,-0.025,0.002,0.999,NaN,0.103,0.045,0.994,0,0,0,64.325,NaN,0.133,0.045,0.99,-0.032,0,0,0.52,3.336,6.415,1,NaN,0.1,0.045,0.994,0.032,0,0,0.5,3.189,6.373,1,2,0
178131,1.00000114283302e+18,63875741933734,0.033,1.443,-0.024,0.04,-0.025,0.002,0.999,NaN,0.103,0.045,0.994,0,0,0,64.325,NaN,0.132,0.045,0.99,-0.032,0,0,0.521,3.345,6.415,1,NaN,0.1,0.045,0.994,0.032,0,0,0.501,3.193,6.373,1,2,0.1520443
178132,1.000001142838e+18,63875741933734,0.033,1.443,-0.024,0.04,-0.025,0.002,0.999,NaN,0.103,0.046,0.994,0,0,0,64.325,NaN,0.131,0.045,0.99,-0.032,0,0,0.523,3.354,6.415,1,NaN,0.099,0.046,0.994,0.032,0,0,0.502,3.197,6.373,1,2,0.1537515
178133,1.00000114284301e+18,63875741933734,0.033,1.443,-0.024,0.04,-0.025,0.002,0.999,NaN,0.102,0.046,0.994,0,0,0,64.325,NaN,0.13,0.046,0.99,-0.032,0,0,0.524,3.364,6.415,1,NaN,0.099,0.046,0.994,0.032,0,0,0.502,3.2,6.373,1,2,0.1605219
178134,1.00000114284802e+18,63875741933734,0.033,1.443,-0.024,0.04,-0.025,0.002,0.999,NaN,0.102,0.047,0.994,0,0,0,64.325,NaN,0.129,0.046,0.991,-0.032,0,0,0.526,3.374,6.415,1,NaN,0.099,0.047,0.994,0.032,0,0,0.503,3.205,6.373,1,2,0.1566745
178135,1.00000114285305e+18,63875741933745,0.033,1.443,-0.024,0.039,-0.025,0.002,0.999,NaN,0.102,0.047,0.994,0,0,0,64.325,NaN,0.128,0.047,0.991,-0.032,0,0,0.528,3.388,6.415,1,NaN,0.099,0.047,0.994,0.032,0,0,0.504,3.21,6.373,1,2,0.1632559
178136,1.00000114285805e+18,63875741933745,0.033,1.443,-0.024,0.039,-0.025,0.002,0.999,NaN,0.102,0.047,0.994,0,0,0,64.325,NaN,0.127,0.047,0.991,-0.032,0,0,0.53,3.401,6.415,1,NaN,0.099,0.047,0.994,0.032,0,0,0.505,3.216,6.373,1,2,0.1652133
178137,1.00000114286306e+18,63875741933756,0.033,1.443,-0.024,0.039,-0.025,0.002,0.999,NaN,0.102,0.048,0.994,0,0,0,64.325,NaN,0.126,0.048,0.991,-0.032,0,0,0.531,3.407,6.415,1,NaN,0.099,0.048,0.994,0.032,0,0,0.505,3.221,6.373,1,2,0.1705461
178138,1.00000114286805e+18,63875741933757,0.033,1.443,-0.024,0.039,-0.025,0.002,0.999,NaN,0.102,0.048,0.994,0,0,0,64.325,NaN,0.125,0.048,0.991,-0.032,0,0,0.532,3.415,6.415,1,NaN,0.1,0.048,0.994,0.032,0,0,0.506,3.226,6.373,1,2,0.7158262
178139,1.00000114287309e+18,63875741933767,0.033,1.443,-0.024,0.039,-0.025,0.003,0.999,NaN,0.102,0.049,0.994,0,0,0,64.325,NaN,0.125,0.048,0.991,-0.032,0,0,0.533,3.42,6.415,1,NaN,0.1,0.049,0.994,0.032,0,0,0.507,3.231,6.373,1,2,0.7107477
178140,1.0000011428781e+18,63875741933767,0.033,1.443,-0.024,0.039,-0.025,0.003,0.999,NaN,0.102,0.049,0.994,0,0,0,64.325,NaN,0.124,0.049,0.991,-0.032,0,0,0.534,3.427,6.415,1,NaN,0.1,0.049,0.994,0.032,0,0,0.508,3.237,6.373,1,2,0.706272
178141,1.0000011428831e+18,63875741933778,0.033,1.443,-0.024,0.039,-0.025,0.003,0.999,NaN,0.103,0.048,0.994,0,0,0,64.325,NaN,0.124,0.048,0.991,-0.032,0,0,0.535,3.433,6.415,1,NaN,0.1,0.048,0.994,0.032,0,0,0.509,3.245,6.373,1,2,0.2879901
178142,1.00000114288816e+18,63875741933778,0.033,1.443,-0.024,0.039,-0.025,0.003,0.999,NaN,0.103,0.047,0.994,0,0,0,64.325,NaN,0.123,0.047,0.991,-0.032,0,0,0.536,3.438,6.415,1,NaN,0.101,0.047,0.994,0.032,0,0,0.51,3.252,6.373,1,2,0.2832397
178143,1.00000114289317e+18,63875741933778,0.033,1.443,-0.024,0.039,-0.025,0.003,0.999,NaN,0.104,0.045,0.994,0,0,0,64.325,NaN,0.123,0.045,0.991,-0.032,0,0,0.536,3.441,6.415,1,NaN,0.102,0.045,0.994,0.032,0,0,0.511,3.259,6.373,1,2,0.2771842
178144,1.00000114289818e+18,63875741933789,0.033,1.443,-0.024,0.039,-0.025,0.003,0.999,NaN,0.105,0.043,0.994,0,0,0,64.325,NaN,0.123,0.043,0.992,-0.032,0,0,0.537,3.446,6.415,1,NaN,0.103,0.043,0.994,0.032,0,0,0.512,3.266,6.373,1,2,0.5099949
178145,1.00000114290319e+18,63875741933789,0.033,1.443,-0.024,0.039,-0.025,0.003,0.999,NaN,0.105,0.043,0.994,0,0,0,64.325,NaN,0.122,0.043,0.992,-0.032,0,0,0.538,3.449,6.415,1,NaN,0.103,0.043,0.994,0.032,0,0,0.513,3.272,6.373,1,2,0.2064496
178146,1.00000114290819e+18,63875741933800,0.033,1.443,-0.024,0.039,-0.025,0.003,0.999,NaN,0.105,0.043,0.994,0,0,0,64.325,NaN,0.122,0.043,0.992,-0.032,0,0,0.538,3.452,6.415,1,NaN,0.103,0.043,0.994,0.032,0,0,0.514,3.278,6.373,1,2,0.1973878
178147,1.00000114291323e+18,63875741933800,0.033,1.443,-0.024,0.039,-0.025,0.003,0.999,NaN,0.105,0.043,0.994,0,0,0,64.325,NaN,0.122,0.043,0.992,-0.032,0,0,0.539,3.455,6.415,1,NaN,0.103,0.043,0.994,0.032,0,0,0.515,3.282,6.373,1,2,0.14357
178148,1.00000114291824e+18,63875741933811,0.033,1.443,-0.024,0.039,-0.025,0.003,0.999,NaN,0.106,0.042,0.994,0,0,0,64.325,NaN,0.122,0.042,0.992,-0.032,0,0,0.54,3.461,6.415,1,NaN,0.104,0.042,0.994,0.032,0,0,0.516,3.286,6.373,1,2,0.2931487
178149,1.00000114292325e+18,63875741933811,0.033,1.443,-0.024,0.039,-0.025,0.003,0.999,NaN,0.106,0.042,0.993,0,0,0,64.325,NaN,0.121,0.042,0.992,-0.032,0,0,0.541,3.468,6.415,1,NaN,0.104,0.042,0.994,0.032,0,0,0.516,3.289,6.373,1,2,0.291198
178150,1.00000114292825e+18,63875741933823,0.033,1.443,-0.024,0.039,-0.025,0.003,0.999,NaN,0.106,0.042,0.993,0,0,0,64.325,NaN,0.121,0.042,0.992,-0.032,0,0,0.542,3.475,6.415,1,NaN,0.104,0.042,0.994,0.032,0,0,0.517,3.294,6.373,1,2,0.2501631
178151,1.00000114293326e+18,63875741933823,0.033,1.443,-0.024,0.039,-0.025,0.003,0.999,NaN,0.106,0.042,0.993,0,0,0,64.325,NaN,0.121,0.042,0.992,-0.032,0,0,0.543,3.481,6.415,1,NaN,0.105,0.042,0.994,0.032,0,0,0.517,3.297,6.373,1,2,0.2433074
178152,1.00000114293827e+18,63875741933834,0.033,1.443,-0.024,0.039,-0.025,0.003,0.999,NaN,0.106,0.042,0.993,0,0,0,64.325,NaN,0.121,0.042,0.992,-0.032,0,0,0.543,3.485,6.415,1,NaN,0.105,0.042,0.994,0.032,0,0,0.518,3.303,6.373,1,2,0.2418314
178153,1.00000114294328e+18,63875741933834,0.033,1.443,-0.024,0.039,-0.025,0.003,0.999,NaN,0.107,0.042,0.993,0,0,0,64.325,NaN,0.121,0.041,0.992,-0.032,0,0,0.544,3.489,6.415,0.998,NaN,0.105,0.042,0.994,0.032,0,0,0.519,3.309,6.373,1,2,0.2121
178154,1.00000114294829e+18,63875741933834,0.033,1.443,-0.024,0.039,-0.025,0.003,0.999,NaN,0.108,0.041,0.993,0,0,0,64.325,NaN,0.122,0.041,0.992,-0.032,0,0,0.544,3.491,6.415,0.994,NaN,0.106,0.041,0.993,0.032,0,0,0.52,3.315,6.373,0.999,2,0.1135161
178155,1.0000011429533e+18,63875741933845,0.033,1.443,-0.024,0.039,-0.025,0.003,0.999,NaN,0.109,0.04,0.993,0,0,0,64.325,NaN,0.123,0.04,0.992,-0.032,0,0,0.544,3.491,6.415,0.989,NaN,0.107,0.04,0.993,0.032,0,0,0.522,3.328,6.373,0.998,2,0
178156,1.00000114295831e+18,63875741933845,0.033,1.443,-0.024,0.039,-0.025,0.003,0.999,NaN,0.108,0.039,0.993,0,0,0,64.325,NaN,0.122,0.038,0.992,-0.032,0,0,0.544,3.491,6.415,0.98,NaN,0.106,0.039,0.994,0.032,0,0,0.525,3.347,6.373,0.998,2,0
178157,1.00000114296332e+18,63875741933856,0.033,1.443,-0.024,0.039,-0.025,0.003,0.999,NaN,0.109,0.04,0.993,0,0,0,64.325,NaN,0.123,0.04,0.992,-0.032,0,0,0.549,3.523,6.415,0.954,NaN,0.105,0.04,0.994,0.032,0,0,0.528,3.367,6.373,0.996,2,0
178158,1.00000114296832e+18,63875741933856,0.033,1.443,-0.024,0.039,-0.025,0.003,0.999,NaN,0.108,0.043,0.993,0,0,0,64.325,NaN,0.12,0.043,0.992,-0.032,0,0,0.55,3.53,6.415,0.932,NaN,0.102,0.043,0.994,0.032,0,0,0.531,3.382,6.373,0.996,2,0
178159,1.00000114297333e+18,63875741933867,0.033,1.443,-0.024,0.038,-0.025,0.003,0.999,NaN,0.102,0.051,0.993,0,0,0,64.325,NaN,0.109,0.051,0.993,-0.032,0,0,0.548,3.516,6.415,0.913,NaN,0.096,0.051,0.994,0.032,0,0,0.533,3.394,6.373,0.996,2,0
178160,1.00000114297834e+18,63875741933867,0.033,1.443,-0.024,0.038,-0.025,0.003,0.999,NaN,0.094,0.059,0.994,0,0,0,64.325,NaN,0.097,0.059,0.994,-0.032,0,0,0.548,3.516,6.415,0.917,NaN,0.088,0.059,0.994,0.032,0,0,0.535,3.41,6.373,0.996,2,0
178161,1.00000114298336e+18,63875741933879,0.033,1.443,-0.024,0.038,-0.025,0.003,0.999,NaN,0.078,0.069,0.995,0,0,0,64.325,NaN,0.078,0.069,0.995,-0.032,0,0,0.545,3.497,6.415,0.923,NaN,0.073,0.069,0.995,0.032,0,0,0.538,3.425,6.373,0.996,2,0
178162,1.00000114298837e+18,63875741933879,0.033,1.443,-0.024,0.038,-0.025,0.003,0.999,NaN,0.058,0.079,0.995,0,0,0,64.325,NaN,0.055,0.079,0.995,-0.032,0,0,0.545,3.497,6.415,0.927,NaN,0.054,0.079,0.995,0.032,0,0,0.538,3.429,6.373,0.996,2,0
178163,1.00000114299338e+18,63875741933879,0.033,1.443,-0.024,0.038,-0.025,0.003,0.999,NaN,0.021,0.089,0.996,0,0,0,64.325,NaN,0.027,0.089,0.996,-0.032,0,0,0.545,3.496,6.415,0.928,NaN,0.018,0.089,0.996,0.032,0,0,0.539,3.432,6.373,0.996,2,0
178164,1.00000114299842e+18,63875741933890,0.033,1.443,-0.024,0.038,-0.025,0.003,0.999,NaN,-0.01,0.097,0.995,0,0,0,64.325,NaN,0.003,0.097,0.995,-0.032,0,0,0.545,3.498,6.415,0.93,NaN,-0.012,0.097,0.995,0.032,0,0,0.54,3.439,6.373,0.996,2,0
178165,1.00000114300342e+18,63875741933890,0.033,1.443,-0.024,0.038,-0.025,0.003,0.999,NaN,-0.033,0.104,0.994,0,0,0,64.325,NaN,-0.015,0.104,0.994,-0.032,0,0,0.546,3.5,6.415,0.933,NaN,-0.034,0.104,0.994,0.032,0,0,0.54,3.442,6.373,0.996,2,0
178166,1.00000114300842e+18,63875741933901,0.033,1.443,-0.024,0.038,-0.025,0.003,0.999,NaN,-0.048,0.109,0.993,0,0,0,64.325,NaN,-0.028,0.109,0.994,-0.032,0,0,0.546,3.502,6.415,0.936,NaN,-0.049,0.109,0.993,0.032,0,0,0.54,3.443,6.373,0.996,2,0
178167,1.00000114301343e+18,63875741933901,0.033,1.443,-0.024,0.038,-0.025,0.003,0.999,NaN,-0.059,0.114,0.992,0,0,0,64.325,NaN,-0.037,0.114,0.993,-0.032,0,0,0.546,3.505,6.415,0.939,NaN,-0.06,0.114,0.992,0.032,0,0,0.54,3.443,6.373,0.996,2,0
178168,1.00000114301848e+18,63875741933912,0.033,1.443,-0.024,0.038,-0.025,0.004,0.999,NaN,-0.05,0.118,0.992,0,0,0,64.325,NaN,-0.036,0.118,0.992,-0.032,0,0,0.547,3.507,6.415,0.942,NaN,-0.051,0.118,0.992,0.032,0,0,0.54,3.444,6.373,0.996,2,0
178169,1.00000114302348e+18,63875741933912,0.033,1.443,-0.024,0.038,-0.025,0.004,0.999,NaN,-0.045,0.121,0.992,0,0,0,64.325,NaN,-0.035,0.121,0.992,-0.032,0,0,0.547,3.51,6.415,0.946,NaN,-0.046,0.121,0.992,0.032,0,0,0.541,3.446,6.373,0.996,2,0
178170,1.0000011430285e+18,63875741933923,0.032,1.443,-0.024,0.038,-0.025,0.004,0.999,NaN,-0.042,0.123,0.991,0,0,0,64.325,NaN,-0.035,0.123,0.992,-0.032,0,0,0.547,3.511,6.415,0.95,NaN,-0.042,0.123,0.991,0.032,0,0,0.542,3.451,6.373,0.996,2,0
178171,1.0000011430335e+18,63875741933923,0.032,1.443,-0.024,0.038,-0.025,0.004,0.999,NaN,-0.04,0.125,0.991,0,0,0,64.325,NaN,-0.035,0.125,0.992,-0.032,0,0,0.547,3.512,6.415,0.951,NaN,-0.04,0.125,0.991,0.032,0,0,0.543,3.458,6.373,0.996,2,0
178172,1.00000114303852e+18,63875741933935,0.033,1.443,-0.024,0.038,-0.025,0.004,0.999,NaN,-0.038,0.126,0.991,0,0,0,64.325,NaN,-0.034,0.126,0.991,-0.032,0,0,0.548,3.513,6.415,0.954,NaN,-0.039,0.126,0.991,0.032,0,0,0.544,3.465,6.373,0.996,2,0
178173,1.00000114304352e+18,63875741933935,0.033,1.443,-0.024,0.038,-0.025,0.004,0.999,NaN,-0.037,0.127,0.991,0,0,0,64.325,NaN,-0.034,0.127,0.991,-0.032,0,0,0.548,3.515,6.415,0.957,NaN,-0.038,0.127,0.991,0.032,0,0,0.544,3.469,6.373,0.996,2,0
178174,1.00000114304853e+18,63875741933935,0.033,1.443,-0.024,0.038,-0.025,0.004,0.999,NaN,-0.037,0.128,0.991,0,0,0,64.325,NaN,-0.034,0.128,0.991,-0.032,0,0,0.548,3.516,6.415,0.959,NaN,-0.037,0.128,0.991,0.032,0,0,0.545,3.472,6.373,0.996,2,0
178175,1.00000114305354e+18,63875741933946,0.032,1.443,-0.024,0.038,-0.025,0.004,0.999,NaN,-0.036,0.128,0.991,0,0,0,64.325,NaN,-0.034,0.128,0.991,-0.032,0,0,0.548,3.517,6.415,0.961,NaN,-0.036,0.128,0.991,0.032,0,0,0.545,3.474,6.373,0.996,2,0
178176,1.00000114305855e+18,63875741933946,0.032,1.443,-0.024,0.038,-0.025,0.004,0.999,NaN,-0.036,0.128,0.991,0,0,0,64.325,NaN,-0.034,0.128,0.991,-0.032,0,0,0.548,3.517,6.415,0.963,NaN,-0.036,0.128,0.991,0.032,0,0,0.545,3.476,6.373,0.996,2,0
178177,1.00000114306356e+18,63875741933956,0.033,1.443,-0.024,0.038,-0.025,0.004,0.999,NaN,-0.035,0.128,0.991,0,0,0,64.325,NaN,-0.034,0.128,0.991,-0.032,0,0,0.548,3.517,6.415,0.965,NaN,-0.035,0.128,0.991,0.032,0,0,0.546,3.477,6.373,0.996,2,0
178178,1.00000114306856e+18,63875741933956,0.033,1.443,-0.024,0.038,-0.025,0.004,0.999,NaN,-0.035,0.128,0.991,0,0,0,64.325,NaN,-0.034,0.128,0.991,-0.032,0,0,0.548,3.517,6.415,0.966,NaN,-0.035,0.128,0.991,0.032,0,0,0.546,3.479,6.373,0.996,2,0
178179,1.00000114307357e+18,63875741933968,0.033,1.443,-0.024,0.038,-0.025,0.004,0.999,NaN,-0.035,0.128,0.991,0,0,0,64.325,NaN,-0.034,0.128,0.991,-0.032,0,0,0.548,3.517,6.415,0.968,NaN,-0.035,0.128,0.991,0.032,0,0,0.546,3.48,6.373,0.996,2,0
178180,1.00000114307858e+18,63875741933968,0.033,1.443,-0.024,0.038,-0.025,0.004,0.999,NaN,-0.034,0.127,0.991,0,0,0,64.325,NaN,-0.034,0.127,0.991,-0.032,0,0,0.548,3.517,6.415,0.969,NaN,-0.034,0.127,0.991,0.032,0,0,0.546,3.481,6.373,0.996,2,0
178181,1.0000011430837e+18,63875741933979,0.033,1.443,-0.024,0.038,-0.025,0.004,0.999,NaN,-0.034,0.127,0.991,0,0,0,64.325,NaN,-0.033,0.127,0.991,-0.032,0,0,0.548,3.517,6.415,0.97,NaN,-0.034,0.127,0.991,0.032,0,0,0.546,3.481,6.373,0.996,2,0
178182,1.00000114308871e+18,63875741933979,0.033,1.443,-0.024,0.038,-0.025,0.004,0.999,NaN,-0.034,0.127,0.991,0,0,0,64.325,NaN,-0.033,0.127,0.991,-0.032,0,0,0.548,3.517,6.415,0.971,NaN,-0.034,0.127,0.991,0.032,0,0,0.546,3.482,6.373,0.996,2,0.2408096
178183,1.00000114309365e+18,63875741933990,0.033,1.443,-0.024,0.038,-0.025,0.004,0.999,NaN,-0.034,0.127,0.991,0,0,0,64.325,NaN,-0.033,0.127,0.991,-0.032,0,0,0.548,3.517,6.415,0.971,NaN,-0.034,0.127,0.991,0.032,0,0,0.547,3.484,6.373,0.996,2,0.3438891
178184,1.00000114309865e+18,63875741933990,0.033,1.443,-0.024,0.038,-0.025,0.004,0.999,NaN,-0.033,0.127,0.991,0,0,0,64.325,NaN,-0.033,0.127,0.991,-0.032,0,0,0.548,3.517,6.415,0.972,NaN,-0.033,0.127,0.991,0.032,0,0,0.547,3.485,6.373,0.996,2,0.411516
178185,1.00000114310366e+18,63875741934000,0.033,1.443,-0.024,0.038,-0.025,0.004,0.999,NaN,-0.033,0.127,0.991,0,0,0,64.325,NaN,-0.033,0.127,0.991,-0.032,0,0,0.548,3.517,6.415,0.973,NaN,-0.033,0.127,0.991,0.032,0,0,0.547,3.487,6.373,0.996,2,0.4410884
178186,1.00000114310869e+18,63875741934000,0.033,1.443,-0.024,0.038,-0.025,0.004,0.999,NaN,-0.033,0.127,0.991,0,0,0,64.325,NaN,-0.033,0.127,0.991,-0.032,0,0,0.548,3.518,6.415,0.973,NaN,-0.033,0.127,0.991,0.032,0,0,0.548,3.49,6.373,0.996,2,0.4697221
178187,1.0000011431137e+18,63875741934000,0.033,1.443,-0.024,0.038,-0.025,0.004,0.999,NaN,-0.033,0.127,0.991,0,0,0,64.325,NaN,-0.032,0.127,0.991,-0.032,0,0,0.548,3.518,6.415,0.973,NaN,-0.033,0.127,0.991,0.032,0,0,0.548,3.492,6.373,0.996,2,1
178188,1.0000011431187e+18,63875741934012,0.033,1.443,-0.024,0.039,-0.025,0.004,0.999,NaN,-0.033,0.127,0.991,0,0,0,64.325,NaN,-0.032,0.127,0.991,-0.032,0,0,0.548,3.518,6.415,0.973,NaN,-0.033,0.127,0.991,0.032,0,0,0.548,3.494,6.373,0.996,2,1
178189,1.00000114312371e+18,63875741934012,0.033,1.443,-0.024,0.039,-0.025,0.004,0.999,NaN,-0.032,0.127,0.991,0,0,0,64.325,NaN,-0.032,0.127,0.991,-0.032,0,0,0.548,3.518,6.415,0.973,NaN,-0.033,0.127,0.991,0.032,0,0,0.548,3.496,6.373,0.995,2,1
178190,1.00000114312872e+18,63875741934023,0.033,1.443,-0.024,0.039,-0.025,0.004,0.999,NaN,-0.032,0.127,0.991,0,0,0,64.325,NaN,-0.032,0.127,0.991,-0.032,0,0,0.548,3.518,6.415,0.973,NaN,-0.032,0.127,0.991,0.032,0,0,0.549,3.497,6.373,0.995,2,1
178191,1.00000114313373e+18,63875741934023,0.033,1.443,-0.024,0.039,-0.025,0.004,0.999,NaN,-0.032,0.127,0.991,0,0,0,64.325,NaN,-0.032,0.127,0.991,-0.032,0,0,0.548,3.518,6.415,0.973,NaN,-0.032,0.127,0.991,0.032,0,0,0.549,3.499,6.373,0.994,2,1
178192,1.00000114313875e+18,63875741934035,0.033,1.443,-0.024,0.039,-0.026,0.004,0.999,NaN,-0.032,0.127,0.991,0,0,0,64.325,NaN,-0.03,0.127,0.991,-0.032,0,0,0.52,3.338,6.415,0.973,NaN,-0.032,0.127,0.991,0.032,0,0,0.549,3.501,6.373,0.993,2,1
178193,1.00000114314376e+18,63875741934035,0.033,1.443,-0.024,0.039,-0.026,0.004,0.999,NaN,-0.032,0.127,0.991,0,0,0,64.325,NaN,-0.03,0.127,0.991,-0.032,0,0,0.516,3.31,6.415,0.971,NaN,-0.032,0.127,0.991,0.032,0,0,0.55,3.503,6.373,0.99,2,1
178194,1.00000114314877e+18,63875741934035,0.033,1.443,-0.024,0.039,-0.026,0.004,0.999,NaN,-0.033,0.127,0.991,0,0,0,64.325,NaN,-0.031,0.127,0.991,-0.032,0,0,0.515,3.304,6.415,0.968,NaN,-0.033,0.127,0.991,0.032,0,0,0.55,3.506,6.373,0.981,2,0.9525904
178195,1.00000114315378e+18,63875741934045,0.033,1.443,-0.024,0.039,-0.026,0.004,0.999,NaN,-0.033,0.127,0.991,0,0,0,64.325,NaN,-0.028,0.127,0.991,-0.032,0,0,0.519,3.331,6.415,0.96,NaN,-0.033,0.127,0.991,0.032,0,0,0.551,3.511,6.373,0.962,2,0.9410154
178196,1.00000114315879e+18,63875741934045,0.033,1.443,-0.024,0.039,-0.026,0.004,0.999,NaN,-0.034,0.126,0.991,0,0,0,64.325,NaN,-0.025,0.127,0.992,-0.032,0,0,0.52,3.336,6.415,0.957,NaN,-0.034,0.126,0.991,0.032,0,0,0.551,3.51,6.373,0.919,2,0.8278762
178197,1.00000114316379e+18,63875741934056,0.033,1.443,-0.024,0.039,-0.026,0.004,0.999,NaN,-0.033,0.121,0.992,0,0,0,64.325,NaN,-0.024,0.126,0.992,-0.032,0,0,0,0,6.415,0.943,NaN,-0.034,0.117,0.993,0.032,0,0,0,0,6.373,0.857,2,0
178198,1.00000114316883e+18,63875741934056,0.033,1.443,-0.024,0.039,-0.026,0.004,0.999,NaN,-0.07,-0.05,0.996,0,0,0,64.325,NaN,NaN,NaN,NaN,NaN,NaN,NaN,NaN,-0.072,-0.056,0.996,0.032,0,0,0,0,6.373,NaN,2,0,NaN,NaN,NaN,NaN
178199,1.00000114317383e+18,63875741934067,0.033,1.443,-0.024,0.04,-0.026,0.004,0.999,NaN,NaN,NaN,NaN,NaN,NaN,NaN,NaN,NaN,NaN,NaN,NaN,NaN,NaN,NaN,NaN,NaN,NaN,NaN,NaN,NaN,NaN,NaN,NaN,NaN,NaN,NaN,NaN,NaN,NaN,NaN,NaN
178200,1.00000114317886e+18,63875741934068,0.033,1.443,-0.024,0.04,-0.026,0.004,0.999,NaN,-0.066,-0.245,0.967,0,0,0,64.325,NaN,NaN,NaN,NaN,NaN,NaN,NaN,NaN,-0.067,-0.249,0.966,0.032,0,0,0,0,6.373,NaN,2,0,NaN,NaN,NaN,NaN
178201,1.00000114318387e+18,63875741934123,0.033,1.443,-0.024,0.04,-0.026,0.005,0.999,NaN,NaN,NaN,NaN,NaN,NaN,NaN,NaN,NaN,NaN,NaN,NaN,NaN,NaN,NaN,NaN,NaN,NaN,NaN,NaN,NaN,NaN,NaN,NaN,NaN,NaN,NaN,NaN,NaN,NaN,NaN,NaN
178202,1.00000114318888e+18,63875741934123,0.033,1.443,-0.024,0.04,-0.026,0.005,0.999,NaN,NaN,NaN,NaN,NaN,NaN,NaN,NaN,NaN,NaN,NaN,NaN,NaN,NaN,NaN,NaN,NaN,NaN,NaN,NaN,NaN,NaN,NaN,NaN,NaN,NaN,NaN,NaN,NaN,NaN,NaN,NaN
178203,1.00000114319392e+18,63875741934123,0.033,1.443,-0.024,0.04,-0.026,0.005,0.999,NaN,NaN,NaN,NaN,NaN,NaN,NaN,NaN,NaN,NaN,NaN,NaN,NaN,NaN,NaN,NaN,NaN,NaN,NaN,NaN,NaN,NaN,NaN,NaN,NaN,NaN,NaN,NaN,NaN,NaN,NaN,NaN
178204,1.00000114319892e+18,63875741934123,0.033,1.443,-0.024,0.04,-0.026,0.005,0.999,NaN,NaN,NaN,NaN,NaN,NaN,NaN,NaN,NaN,NaN,NaN,NaN,NaN,NaN,NaN,NaN,NaN,NaN,NaN,NaN,NaN,NaN,NaN,NaN,NaN,NaN,NaN,NaN,NaN,NaN,NaN,NaN
178205,1.00000114320391e+18,63875741934123,0.033,1.443,-0.024,0.04,-0.026,0.005,0.999,NaN,NaN,NaN,NaN,NaN,NaN,NaN,NaN,NaN,NaN,NaN,NaN,NaN,NaN,NaN,NaN,NaN,NaN,NaN,NaN,NaN,NaN,NaN,NaN,NaN,NaN,NaN,NaN,NaN,NaN,NaN,NaN
178206,1.00000114320891e+18,63875741934123,0.033,1.443,-0.024,0.04,-0.026,0.005,0.999,NaN,NaN,NaN,NaN,NaN,NaN,NaN,NaN,NaN,NaN,NaN,NaN,NaN,NaN,NaN,NaN,NaN,NaN,NaN,NaN,NaN,NaN,NaN,NaN,NaN,NaN,NaN,NaN,NaN,NaN,NaN,NaN
178207,1.00000114321391e+18,63875741934123,0.033,1.443,-0.024,0.04,-0.026,0.005,0.999,NaN,NaN,NaN,NaN,NaN,NaN,NaN,NaN,NaN,NaN,NaN,NaN,NaN,NaN,NaN,NaN,NaN,NaN,NaN,NaN,NaN,NaN,NaN,NaN,NaN,NaN,NaN,NaN,NaN,NaN,NaN,NaN
178208,1.00000114321892e+18,63875741934123,0.033,1.443,-0.024,0.04,-0.026,0.005,0.999,NaN,NaN,NaN,NaN,NaN,NaN,NaN,NaN,NaN,NaN,NaN,NaN,NaN,NaN,NaN,NaN,NaN,NaN,NaN,NaN,NaN,NaN,NaN,NaN,NaN,NaN,NaN,NaN,NaN,NaN,NaN,NaN
178209,1.00000114322397e+18,63875741934123,0.033,1.443,-0.024,0.04,-0.026,0.005,0.999,NaN,NaN,NaN,NaN,NaN,NaN,NaN,NaN,NaN,NaN,NaN,NaN,NaN,NaN,NaN,NaN,NaN,NaN,NaN,NaN,NaN,NaN,NaN,NaN,NaN,NaN,NaN,NaN,NaN,NaN,NaN,NaN
178210,1.00000114322896e+18,63875741934123,0.033,1.443,-0.024,0.04,-0.026,0.005,0.999,NaN,NaN,NaN,NaN,NaN,NaN,NaN,NaN,NaN,NaN,NaN,NaN,NaN,NaN,NaN,NaN,NaN,NaN,NaN,NaN,NaN,NaN,NaN,NaN,NaN,NaN,NaN,NaN,NaN,NaN,NaN,NaN
178211,1.00000114323397e+18,63875741934123,0.033,1.443,-0.024,0.04,-0.026,0.005,0.999,NaN,-0.07,-0.116,0.991,0,0,0,64.325,NaN,-0.08,0.164,0.983,-0.032,0,0,0,0,6.415,0.671,NaN,-0.154,-0.213,0.965,0.032,0,0,0,0,6.373,0.401,0.031236,0
178212,1.00000114323901e+18,63875741934135,0.032,1.443,-0.024,0.04,-0.025,0.005,0.999,NaN,-0.155,-0.136,0.979,0,0,0,64.325,NaN,NaN,NaN,NaN,NaN,NaN,NaN,NaN,-0.217,-0.194,0.957,0.032,0,0,0,0,6.373,NaN,2,0,NaN,NaN,NaN,NaN
178213,1.000001143244e+18,63875741934135,0.032,1.443,-0.024,0.04,-0.025,0.005,0.999,NaN,-0.219,-0.149,0.964,0,0,0,64.325,NaN,NaN,NaN,NaN,NaN,NaN,NaN,NaN,-0.256,-0.185,0.949,0.032,0,0,0,0,6.373,NaN,2,0,NaN,NaN,NaN,NaN
178214,1.00000114324902e+18,63875741934135,0.032,1.443,-0.024,0.04,-0.025,0.005,0.999,NaN,-0.259,-0.162,0.952,0,0,0,64.325,NaN,NaN,NaN,NaN,NaN,NaN,NaN,NaN,-0.279,-0.185,0.942,0.032,0,0,0,0,6.373,NaN,2,0,NaN,NaN,NaN,NaN
178215,1.00000114325402e+18,63875741934145,0.032,1.443,-0.024,0.04,-0.026,0.005,0.999,NaN,-0.28,-0.171,0.945,0,0,0,64.325,NaN,NaN,NaN,NaN,NaN,NaN,NaN,NaN,-0.291,-0.185,0.939,0.032,0,0,0,0,6.373,NaN,2,0,NaN,NaN,NaN,NaN
178216,1.00000114325903e+18,63875741934145,0.032,1.443,-0.024,0.04,-0.026,0.005,0.999,NaN,-0.31,-0.144,0.94,0,0,0,64.325,NaN,NaN,NaN,NaN,NaN,NaN,NaN,NaN,-0.316,-0.153,0.937,0.032,0,0,0,0,6.373,NaN,2,0,NaN,NaN,NaN,NaN
178217,1.00000114326403e+18,63875741934156,0.032,1.443,-0.024,0.04,-0.026,0.005,0.999,NaN,-0.291,-0.123,0.949,0,0,0,64.325,NaN,NaN,NaN,NaN,NaN,NaN,NaN,NaN,-0.295,-0.126,0.947,0.032,0,0,0,0,6.373,NaN,2,0,NaN,NaN,NaN,NaN
178218,1.00000114326904e+18,63875741934156,0.032,1.443,-0.024,0.04,-0.026,0.005,0.999,NaN,-0.281,-0.102,0.954,0,0,0,64.325,NaN,NaN,NaN,NaN,NaN,NaN,NaN,NaN,-0.284,-0.108,0.953,0.032,0,0,0,0,6.373,NaN,2,0,NaN,NaN,NaN,NaN
178219,1.00000114327405e+18,63875741934167,0.032,1.443,-0.024,0.04,-0.026,0.005,0.999,NaN,-0.278,-0.064,0.958,0,0,0,64.325,NaN,NaN,NaN,NaN,NaN,NaN,NaN,NaN,-0.28,-0.07,0.957,0.032,0,0,0,0,6.373,NaN,2,0,NaN,NaN,NaN,NaN
178220,1.00000114327909e+18,63875741934167,0.032,1.443,-0.024,0.04,-0.026,0.005,0.999,NaN,-0.276,-0.029,0.961,0,0,0,64.325,NaN,NaN,NaN,NaN,NaN,NaN,NaN,NaN,-0.278,-0.033,0.96,0.032,0,0,0,0,6.373,NaN,2,0,NaN,NaN,NaN,NaN
178221,1.0000011432841e+18,63875741934178,0.032,1.443,-0.024,0.04,-0.026,0.005,0.999,NaN,-0.315,-0.042,0.948,0,0,0,64.325,NaN,NaN,NaN,NaN,NaN,NaN,NaN,NaN,-0.314,-0.045,0.948,0.032,0,0,0,0,6.373,NaN,2,0,NaN,NaN,NaN,NaN
178222,1.00000114328911e+18,63875741934178,0.032,1.443,-0.024,0.04,-0.026,0.005,0.999,NaN,-0.339,-0.049,0.94,0,0,0,64.325,NaN,NaN,NaN,NaN,NaN,NaN,NaN,NaN,-0.338,-0.052,0.94,0.032,0,0,0,0,6.373,NaN,2,0,NaN,NaN,NaN,NaN
178223,1.00000114329415e+18,63875741934190,0.032,1.443,-0.024,0.04,-0.026,0.005,0.999,NaN,-0.352,-0.055,0.935,0,0,0,64.325,NaN,NaN,NaN,NaN,NaN,NaN,NaN,NaN,-0.351,-0.057,0.935,0.032,0,0,0,0,6.373,NaN,2,0,NaN,NaN,NaN,NaN
178224,1.00000114329915e+18,63875741934190,0.032,1.443,-0.024,0.04,-0.026,0.005,0.999,NaN,-0.358,-0.057,0.932,0,0,0,64.325,NaN,NaN,NaN,NaN,NaN,NaN,NaN,NaN,-0.357,-0.059,0.932,0.032,0,0,0,0,6.373,NaN,2,0,NaN,NaN,NaN,NaN
178225,1.00000114330416e+18,63875741934190,0.032,1.443,-0.024,0.04,-0.026,0.005,0.999,NaN,-0.342,-0.052,0.938,0,0,0,64.325,NaN,NaN,NaN,NaN,NaN,NaN,NaN,NaN,-0.342,-0.053,0.938,0.032,0,0,0,0,6.373,NaN,2,0,NaN,NaN,NaN,NaN
178226,1.00000114330917e+18,63875741934200,0.032,1.443,-0.024,0.04,-0.026,0.005,0.999,NaN,-0.329,-0.048,0.943,0,0,0,64.325,NaN,NaN,NaN,NaN,NaN,NaN,NaN,NaN,-0.33,-0.049,0.943,0.032,0,0,0,0,6.373,NaN,2,0,NaN,NaN,NaN,NaN
178227,1.00000114331418e+18,63875741934200,0.032,1.443,-0.024,0.04,-0.026,0.005,0.999,NaN,-0.323,-0.044,0.945,0,0,0,64.325,NaN,NaN,NaN,NaN,NaN,NaN,NaN,NaN,-0.324,-0.044,0.945,0.032,0,0,0,0,6.373,NaN,2,0,NaN,NaN,NaN,NaN
178228,1.00000114331919e+18,63875741934212,0.032,1.443,-0.024,0.04,-0.026,0.005,0.999,NaN,-0.319,-0.041,0.947,0,0,0,64.325,NaN,NaN,NaN,NaN,NaN,NaN,NaN,NaN,-0.32,-0.041,0.947,0.032,0,0,0,0,6.373,NaN,2,0,NaN,NaN,NaN,NaN
178229,1.0000011433242e+18,63875741934212,0.032,1.443,-0.024,0.04,-0.026,0.005,0.999,NaN,-0.326,-0.044,0.944,0,0,0,64.325,NaN,NaN,NaN,NaN,NaN,NaN,NaN,NaN,-0.326,-0.044,0.944,0.032,0,0,0,0,6.373,NaN,2,0,NaN,NaN,NaN,NaN
178230,1.00000114332921e+18,63875741934223,0.032,1.443,-0.025,0.039,-0.026,0.005,0.999,NaN,-0.332,-0.043,0.942,0,0,0,64.325,NaN,NaN,NaN,NaN,NaN,NaN,NaN,NaN,-0.332,-0.044,0.942,0.032,0,0,0,0,6.373,NaN,2,0,NaN,NaN,NaN,NaN
178231,1.00000114333423e+18,63875741934223,0.032,1.443,-0.025,0.039,-0.026,0.005,0.999,NaN,-0.336,-0.041,0.941,0,0,0,64.325,NaN,NaN,NaN,NaN,NaN,NaN,NaN,NaN,-0.336,-0.041,0.941,0.032,0,0,0,0,6.373,NaN,2,0,NaN,NaN,NaN,NaN
178232,1.00000114333924e+18,63875741934235,0.032,1.443,-0.025,0.039,-0.026,0.005,0.999,NaN,-0.339,-0.035,0.94,0,0,0,64.325,NaN,NaN,NaN,NaN,NaN,NaN,NaN,NaN,-0.339,-0.034,0.94,0.032,0,0,0,0,6.373,NaN,2,0,NaN,NaN,NaN,NaN
178233,1.00000114334425e+18,63875741934235,0.032,1.443,-0.025,0.039,-0.026,0.005,0.999,NaN,-0.341,-0.026,0.94,0,0,0,64.325,NaN,NaN,NaN,NaN,NaN,NaN,NaN,NaN,-0.341,-0.026,0.94,0.032,0,0,0,0,6.373,NaN,2,0,NaN,NaN,NaN,NaN
178234,1.00000114334927e+18,63875741934235,0.032,1.443,-0.025,0.039,-0.026,0.005,0.999,NaN,-0.342,-0.018,0.94,0,0,0,64.325,NaN,NaN,NaN,NaN,NaN,NaN,NaN,NaN,-0.342,-0.018,0.94,0.032,0,0,0,0,6.373,NaN,2,0,NaN,NaN,NaN,NaN
178235,1.00000114335428e+18,63875741934245,0.032,1.443,-0.025,0.04,-0.026,0.005,0.999,NaN,-0.335,-0.001,0.942,0,0,0,64.325,NaN,NaN,NaN,NaN,NaN,NaN,NaN,NaN,-0.335,-0.001,0.942,0.032,0,0,0,0,6.373,NaN,2,0,NaN,NaN,NaN,NaN
178236,1.00000114335929e+18,63875741934245,0.032,1.443,-0.025,0.04,-0.026,0.005,0.999,NaN,-0.33,0.014,0.944,0,0,0,64.325,NaN,NaN,NaN,NaN,NaN,NaN,NaN,NaN,-0.331,0.014,0.944,0.032,0,0,0,0,6.373,NaN,2,0,NaN,NaN,NaN,NaN
178237,1.0000011433643e+18,63875741934256,0.032,1.443,-0.025,0.04,-0.026,0.006,0.999,NaN,-0.327,0.03,0.944,0,0,0,64.325,NaN,NaN,NaN,NaN,NaN,NaN,NaN,NaN,-0.328,0.031,0.944,0.032,0,0,0,0,6.373,NaN,2,0,NaN,NaN,NaN,NaN
178238,1.00000114336933e+18,63875741934256,0.032,1.443,-0.025,0.04,-0.026,0.006,0.999,NaN,-0.324,0.042,0.945,0,0,0,64.325,NaN,NaN,NaN,NaN,NaN,NaN,NaN,NaN,-0.324,0.043,0.945,0.032,0,0,0,0,6.373,NaN,2,0,NaN,NaN,NaN,NaN
178239,1.00000114337435e+18,63875741934268,0.032,1.443,-0.025,0.04,-0.026,0.006,0.999,NaN,-0.314,0.055,0.948,0,0,0,64.325,NaN,NaN,NaN,NaN,NaN,NaN,NaN,NaN,-0.313,0.055,0.948,0.032,0,0,0,0,6.373,NaN,2,0,NaN,NaN,NaN,NaN
178240,1.00000114337936e+18,63875741934268,0.032,1.443,-0.025,0.04,-0.026,0.006,0.999,NaN,-0.299,0.066,0.952,0,0,0,64.325,NaN,-0.237,0.089,0.968,-0.032,0,0,0,0,6.415,0.878,NaN,-0.298,0.066,0.952,0.032,0,0,0,0,6.373,0.71,0.8760962,0
178241,1.00000114338437e+18,63875741934278,0.032,1.443,-0.025,0.04,-0.026,0.006,0.999,NaN,-0.283,0.075,0.956,0,0,0,64.325,NaN,-0.234,0.096,0.967,-0.032,0,0,0,0,6.415,0.883,NaN,-0.282,0.076,0.956,0.032,0,0,0,0,6.373,0.718,1.079507,0
178242,1.00000114338937e+18,63875741934278,0.032,1.443,-0.025,0.04,-0.026,0.006,0.999,NaN,-0.27,0.084,0.959,0,0,0,64.325,NaN,-0.045,0.126,0.991,-0.032,0,0,0,0,6.415,0.889,NaN,-0.269,0.085,0.959,0.032,0,0,0,0,6.373,0.725,0.2698899,0
178243,1.00000114339438e+18,63875741934290,0.032,1.443,-0.025,0.04,-0.026,0.006,0.999,NaN,-0.258,0.093,0.962,0,0,0,64.325,NaN,-0.077,0.125,0.989,-0.032,0,0,0,0,6.415,0.894,NaN,-0.258,0.093,0.962,0.032,0,0,0,0,6.373,0.732,0.3358729,0
178244,1.00000114339936e+18,63875741934290,0.032,1.443,-0.025,0.04,-0.026,0.006,0.999,NaN,-0.25,0.099,0.963,0,0,0,64.325,NaN,-0.109,0.125,0.986,-0.032,0,0,0,0,6.415,0.896,NaN,-0.249,0.099,0.963,0.032,0,0,0,0,6.373,0.739,0.4306636,0
178245,1.00000114340438e+18,63875741934290,0.032,1.443,-0.025,0.04,-0.026,0.006,0.999,NaN,-0.243,0.104,0.964,0,0,0,64.325,NaN,-0.135,0.124,0.983,-0.032,0,0,0,0,6.415,0.896,NaN,-0.243,0.104,0.964,0.032,0,0,0,0,6.373,0.746,0.5570946,0
178246,1.00000114340941e+18,63875741934300,0.032,1.443,-0.025,0.04,-0.026,0.006,0.999,NaN,-0.239,0.108,0.965,0,0,0,64.325,NaN,-0.121,0.124,0.985,-0.032,0,0,0,0,6.415,0.899,NaN,-0.238,0.108,0.965,0.032,0,0,0,0,6.373,0.763,0.5214388,0
178247,1.00000114341443e+18,63875741934300,0.032,1.443,-0.025,0.04,-0.026,0.006,0.999,NaN,-0.235,0.111,0.966,0,0,0,64.325,NaN,-0.157,0.124,0.98,-0.032,0,0,0,0,6.415,0.903,NaN,-0.235,0.111,0.966,0.032,0,0,0,0,6.373,0.778,0.7789705,0
178248,1.00000114341944e+18,63875741934312,0.032,1.443,-0.025,0.04,-0.026,0.006,0.999,NaN,-0.233,0.113,0.966,0,0,0,64.325,NaN,-0.183,0.123,0.975,-0.032,0,0,0.525,3.367,6.415,0.907,NaN,-0.233,0.113,0.966,0.032,0,0,0.571,3.636,6.373,0.792,2,0
178249,1.00000114342445e+18,63875741934312,0.032,1.443,-0.025,0.04,-0.026,0.006,0.999,NaN,-0.231,0.116,0.966,0,0,0,64.325,NaN,-0.198,0.122,0.973,-0.032,0,0,0.53,3.398,6.415,0.911,NaN,-0.231,0.116,0.966,0.032,0,0,0.571,3.636,6.373,0.804,2,0
178250,1.00000114342947e+18,63875741934323,0.032,1.443,-0.025,0.04,-0.026,0.006,0.999,NaN,-0.229,0.119,0.966,0,0,0,64.325,NaN,-0.207,0.122,0.971,-0.032,0,0,0.566,3.629,6.415,0.916,NaN,-0.228,0.119,0.966,0.032,0,0,0.571,3.642,6.373,0.815,2,0
178251,1.00000114343448e+18,63875741934323,0.032,1.443,-0.025,0.04,-0.026,0.006,0.999,NaN,-0.227,0.121,0.966,0,0,0,64.325,NaN,-0.213,0.122,0.969,-0.032,0,0,0.577,3.703,6.415,0.922,NaN,-0.227,0.121,0.966,0.032,0,0,0.572,3.647,6.373,0.826,2,0
178252,1.0000011434395e+18,63875741934335,0.032,1.443,-0.025,0.04,-0.026,0.006,0.999,NaN,-0.226,0.122,0.966,0,0,0,64.325,NaN,-0.217,0.122,0.969,-0.032,0,0,0.58,3.721,6.415,0.927,NaN,-0.226,0.122,0.966,0.032,0,0,0.573,3.652,6.373,0.834,2,0
178253,1.00000114344452e+18,63875741934335,0.032,1.443,-0.025,0.04,-0.026,0.006,0.999,NaN,-0.226,0.123,0.966,0,0,0,64.325,NaN,-0.219,0.122,0.968,-0.032,0,0,0.585,3.752,6.415,0.932,NaN,-0.226,0.123,0.966,0.032,0,0,0.573,3.654,6.373,0.842,2,0
178254,1.00000114344952e+18,63875741934345,0.032,1.443,-0.025,0.039,-0.026,0.006,0.999,NaN,-0.225,0.124,0.967,0,0,0,64.325,NaN,-0.22,0.123,0.968,-0.032,0,0,0.595,3.818,6.415,0.937,NaN,-0.225,0.124,0.967,0.032,0,0,0.573,3.655,6.373,0.849,2,0
178255,1.0000011434545e+18,63875741934345,0.032,1.443,-0.025,0.039,-0.026,0.006,0.999,NaN,-0.224,0.124,0.967,0,0,0,64.325,NaN,-0.22,0.123,0.968,-0.032,0,0,0.597,3.829,6.415,0.942,NaN,-0.224,0.124,0.967,0.032,0,0,0.574,3.655,6.373,0.856,2,0
178256,1.00000114345952e+18,63875741934345,0.032,1.443,-0.025,0.039,-0.026,0.006,0.999,NaN,-0.224,0.124,0.967,0,0,0,64.325,NaN,-0.221,0.123,0.967,-0.032,0,0,0.589,3.779,6.415,0.947,NaN,-0.224,0.124,0.967,0.032,0,0,0.574,3.655,6.373,0.862,2,0
178257,1.00000114346453e+18,63875741934356,0.032,1.443,-0.025,0.039,-0.026,0.006,0.999,NaN,-0.224,0.124,0.967,0,0,0,64.325,NaN,-0.198,0.123,0.972,-0.032,0,0,0.589,3.781,6.415,0.952,NaN,-0.224,0.124,0.967,0.032,0,0,0.574,3.655,6.373,0.867,2,0.2209288
178258,1.00000114346957e+18,63875741934356,0.032,1.443,-0.025,0.039,-0.026,0.006,0.999,NaN,-0.223,0.124,0.967,0,0,0,64.325,NaN,-0.203,0.123,0.971,-0.032,0,0,0.596,3.824,6.415,0.956,NaN,-0.223,0.124,0.967,0.032,0,0,0.573,3.655,6.373,0.871,2,0.4071768
178259,1.00000114347458e+18,63875741934367,0.032,1.443,-0.025,0.039,-0.026,0.006,0.999,NaN,-0.223,0.124,0.967,0,0,0,64.325,NaN,-0.194,0.124,0.973,-0.032,0,0,0.598,3.838,6.415,0.961,NaN,-0.223,0.124,0.967,0.032,0,0,0.573,3.655,6.373,0.876,2,0.5118481
178260,1.0000011434796e+18,63875741934367,0.032,1.443,-0.025,0.039,-0.026,0.006,0.999,NaN,-0.223,0.123,0.967,0,0,0,64.325,NaN,-0.187,0.124,0.974,-0.032,0,0,0.598,3.838,6.415,0.965,NaN,-0.223,0.123,0.967,0.032,0,0,0.573,3.655,6.373,0.881,2,0.6093672
178261,1.00000114348462e+18,63875741934378,0.032,1.443,-0.025,0.039,-0.026,0.007,0.999,NaN,-0.223,0.123,0.967,0,0,0,64.325,NaN,-0.188,0.124,0.974,-0.032,0,0,0.599,3.844,6.415,0.969,NaN,-0.223,0.123,0.967,0.032,0,0,0.573,3.655,6.373,0.885,2,0.711154
178262,1.00000114348963e+18,63875741934378,0.032,1.443,-0.025,0.039,-0.026,0.007,0.999,NaN,-0.223,0.123,0.967,0,0,0,64.325,NaN,-0.179,0.124,0.976,-0.032,0,0,0.603,3.867,6.415,0.973,NaN,-0.223,0.123,0.967,0.032,0,0,0.573,3.655,6.373,0.889,2,0.8008856
178263,1.00000114349464e+18,63875741934389,0.032,1.443,-0.025,0.039,-0.026,0.007,0.999,NaN,-0.223,0.122,0.967,0,0,0,64.325,NaN,-0.166,0.124,0.978,-0.032,0,0,0.603,3.868,6.415,0.976,NaN,-0.223,0.122,0.967,0.032,0,0,0.573,3.654,6.373,0.892,1.088007,0.8280641
178264,1.00000114349964e+18,63875741934390,0.032,1.443,-0.025,0.039,-0.026,0.007,0.999,NaN,-0.223,0.122,0.967,0,0,0,64.325,NaN,-0.154,0.124,0.98,-0.032,0,0,0.603,3.87,6.415,0.979,NaN,-0.223,0.122,0.967,0.032,0,0,0.573,3.654,6.373,0.895,0.8888952,0.8349115
178265,1.00000114350464e+18,63875741934390,0.032,1.443,-0.025,0.039,-0.026,0.007,0.999,NaN,-0.223,0.121,0.967,0,0,0,64.325,NaN,-0.142,0.124,0.982,-0.032,0,0,0.604,3.875,6.415,0.981,NaN,-0.223,0.121,0.967,0.032,0,0,0.573,3.654,6.373,0.898,0.7660495,0.8582827
178266,1.00000114350964e+18,63875741934400,0.032,1.443,-0.025,0.038,-0.026,0.007,0.999,NaN,-0.223,0.121,0.967,0,0,0,64.325,NaN,-0.125,0.124,0.984,-0.032,0,0,0.553,3.546,6.415,0.982,NaN,-0.223,0.121,0.967,0.032,0,0,0.573,3.654,6.373,0.9,0.6288884,0.8785432
178267,1.00000114351464e+18,63875741934400,0.032,1.443,-0.025,0.038,-0.026,0.007,0.999,NaN,-0.223,0.121,0.967,0,0,0,64.325,NaN,-0.111,0.124,0.986,-0.032,0,0,0.548,3.516,6.415,0.982,NaN,-0.223,0.121,0.967,0.032,0,0,0.573,3.654,6.373,0.902,0.5526692,0.8680556
178268,1.00000114351965e+18,63875741934412,0.032,1.443,-0.025,0.038,-0.026,0.007,0.999,NaN,-0.223,0.12,0.967,0,0,0,64.325,NaN,-0.127,0.124,0.984,-0.032,0,0,0.536,3.436,6.415,0.983,NaN,-0.223,0.12,0.967,0.032,0,0,0.573,3.654,6.373,0.904,0.641546,0.9373834
178269,1.00000114352472e+18,63875741934413,0.032,1.443,-0.025,0.038,-0.026,0.007,0.999,NaN,-0.223,0.12,0.967,0,0,0,64.325,NaN,-0.115,0.124,0.986,-0.032,0,0,0.533,3.42,6.415,0.983,NaN,-0.223,0.12,0.967,0.032,0,0,0.573,3.654,6.373,0.906,0.5722102,0.9922096
178270,1.00000114352972e+18,63875741934424,0.032,1.443,-0.025,0.038,-0.026,0.007,0.999,NaN,-0.223,0.12,0.967,0,0,0,64.325,NaN,-0.127,0.125,0.984,-0.032,0,0,0.532,3.416,6.415,0.984,NaN,-0.223,0.12,0.967,0.032,0,0,0.573,3.654,6.373,0.907,0.643684,1
178271,1.00000114353472e+18,63875741934424,0.032,1.443,-0.025,0.038,-0.026,0.007,0.999,NaN,-0.223,0.12,0.967,0,0,0,64.325,NaN,-0.116,0.125,0.985,-0.032,0,0,0.532,3.414,6.415,0.984,NaN,-0.223,0.12,0.967,0.032,0,0,0.573,3.655,6.373,0.909,0.5803966,1
178272,1.00000114353973e+18,63875741934434,0.032,1.443,-0.025,0.038,-0.026,0.007,0.999,NaN,-0.223,0.12,0.967,0,0,0,64.325,NaN,-0.126,0.125,0.984,-0.032,0,0,0.532,3.415,6.415,0.984,NaN,-0.223,0.12,0.967,0.032,0,0,0.574,3.655,6.373,0.911,0.6378091,1
178273,1.00000114354473e+18,63875741934445,0.032,1.443,-0.025,0.037,-0.026,0.007,0.999,NaN,-0.223,0.12,0.967,0,0,0,64.325,NaN,-0.131,0.125,0.983,-0.032,0,0,0.532,3.415,6.415,0.985,NaN,-0.223,0.12,0.967,0.032,0,0,0.574,3.656,6.373,0.912,0.6727219,1
178274,1.00000114354973e+18,63875741934445,0.032,1.443,-0.025,0.037,-0.026,0.007,0.999,NaN,-0.223,0.12,0.967,0,0,0,64.325,NaN,-0.126,0.125,0.984,-0.032,0,0,0.532,3.414,6.415,0.985,NaN,-0.224,0.12,0.967,0.032,0,0,0.574,3.656,6.373,0.913,0.6366804,1
178275,1.00000114355474e+18,63875741934445,0.032,1.443,-0.025,0.037,-0.026,0.007,0.999,NaN,-0.224,0.12,0.967,0,0,0,64.325,NaN,-0.132,0.125,0.983,-0.032,0,0,0.532,3.413,6.415,0.985,NaN,-0.224,0.12,0.967,0.032,0,0,0.574,3.657,6.373,0.914,0.6701514,0.9520748
178276,1.00000114355975e+18,63875741934456,0.032,1.443,-0.025,0.037,-0.026,0.007,0.999,NaN,-0.225,0.12,0.967,0,0,0,64.325,NaN,-0.147,0.124,0.981,-0.032,0,0,0.533,3.42,6.415,0.986,NaN,-0.225,0.12,0.967,0.032,0,0,0.576,3.673,6.373,0.915,0.7996008,0.9351808
178277,1.00000114356476e+18,63875741934456,0.032,1.443,-0.025,0.037,-0.026,0.007,0.999,NaN,-0.223,0.119,0.968,0,0,0,64.325,NaN,-0.158,0.123,0.98,-0.032,0,0,0.546,3.5,6.415,0.986,NaN,-0.223,0.119,0.968,0.032,0,0,0.573,3.651,6.373,0.916,0.9554951,0.4454871
178278,1.00000114356978e+18,63875741934467,0.032,1.444,-0.025,0.037,-0.026,0.007,0.999,NaN,-0.208,0.119,0.971,0,0,0,64.325,NaN,-0.154,0.122,0.981,-0.032,0,0,0.582,3.735,6.415,0.985,NaN,-0.208,0.119,0.971,0.032,0,0,0.581,3.7,6.373,0.916,1.149342,0
178279,1.00000114357487e+18,63875741934468,0.032,1.444,-0.025,0.037,-0.026,0.007,0.999,NaN,-0.186,0.119,0.975,0,0,0,64.325,NaN,-0.149,0.121,0.981,-0.032,0,0,0.581,3.727,6.415,0.985,NaN,-0.186,0.119,0.975,0.032,0,0,0.58,3.694,6.373,0.916,2,0
178280,1.00000114357987e+18,63875741934468,0.032,1.444,-0.025,0.037,-0.026,0.007,0.999,NaN,-0.154,0.12,0.981,0,0,0,64.325,NaN,-0.147,0.122,0.982,-0.032,0,0,0.567,3.64,6.415,0.984,NaN,-0.154,0.12,0.981,0.032,0,0,0.582,3.711,6.373,0.917,2,0
178281,1.00000114358488e+18,63875741934478,0.031,1.444,-0.025,0.037,-0.026,0.008,0.999,NaN,-0.107,0.121,0.987,0,0,0,64.325,NaN,-0.128,0.122,0.984,-0.032,0,0,0.569,3.653,6.415,0.982,NaN,-0.107,0.121,0.987,0.032,0,0,0.582,3.709,6.373,0.918,2,0
178282,1.00000114358988e+18,63875741934478,0.031,1.444,-0.025,0.037,-0.026,0.008,0.999,NaN,-0.079,0.121,0.99,0,0,0,64.325,NaN,-0.104,0.121,0.987,-0.032,0,0,0.585,3.753,6.415,0.979,NaN,-0.08,0.121,0.989,0.032,0,0,0.576,3.673,6.373,0.919,2,0
178283,1.00000114359491e+18,63875741934490,0.031,1.444,-0.025,0.036,-0.026,0.008,0.999,NaN,-0.045,0.121,0.992,0,0,0,64.325,NaN,-0.072,0.121,0.99,-0.032,0,0,0.594,3.809,6.415,0.976,NaN,-0.045,0.121,0.992,0.032,0,0,0.574,3.66,6.373,0.919,2,0
178284,1.00000114359992e+18,63875741934490,0.031,1.444,-0.025,0.036,-0.026,0.008,0.999,NaN,-0.013,0.12,0.993,0,0,0,64.325,NaN,-0.036,0.121,0.992,-0.032,0,0,0.621,3.985,6.415,0.972,NaN,-0.013,0.12,0.993,0.032,0,0,0.572,3.647,6.373,0.921,2,0
178285,1.0000011436049e+18,63875741934500,0.031,1.444,-0.025,0.036,-0.026,0.008,0.999,NaN,0.025,0.12,0.992,0,0,0,64.325,NaN,0.005,0.121,0.993,-0.032,0,0,0.644,4.134,6.415,0.967,NaN,0.025,0.12,0.992,0.032,0,0,0.572,3.647,6.373,0.922,2,0
178286,1.0000011436099e+18,63875741934500,0.031,1.444,-0.025,0.036,-0.026,0.008,0.999,NaN,0.066,0.118,0.991,0,0,0,64.325,NaN,0.051,0.118,0.992,-0.032,0,0,0.673,4.318,6.415,0.962,NaN,0.066,0.118,0.991,0.032,0,0,0.572,3.648,6.373,0.923,2,0
178287,1.0000011436149e+18,63875741934500,0.031,1.444,-0.025,0.036,-0.026,0.008,0.999,NaN,0.093,0.116,0.989,0,0,0,64.325,NaN,0.083,0.116,0.99,-0.032,0,0,0.678,4.35,6.415,0.957,NaN,0.093,0.116,0.989,0.032,0,0,0.573,3.652,6.373,0.924,2,0
178288,1.0000011436199e+18,63875741934512,0.031,1.444,-0.025,0.036,-0.026,0.008,0.999,NaN,0.115,0.115,0.987,0,0,0,64.325,NaN,0.121,0.114,0.986,-0.032,0,0,0.592,3.798,6.415,0.954,NaN,0.112,0.115,0.987,0.032,0,0,0.574,3.655,6.373,0.926,2,0
178289,1.00000114362492e+18,63875741934512,0.031,1.444,-0.025,0.036,-0.026,0.008,0.999,NaN,0.129,0.114,0.985,0,0,0,64.325,NaN,0.142,0.113,0.983,-0.032,0,0,0.586,3.759,6.415,0.951,NaN,0.125,0.114,0.986,0.032,0,0,0.574,3.659,6.373,0.927,2,0
178290,1.00000114362993e+18,63875741934523,0.031,1.444,-0.026,0.036,-0.026,0.008,0.999,NaN,0.137,0.112,0.984,0,0,0,64.325,NaN,0.153,0.111,0.982,-0.032,0,0,0.585,3.755,6.415,0.949,NaN,0.132,0.112,0.985,0.032,0,0,0.574,3.661,6.373,0.929,2,0
178291,1.00000114363497e+18,63875741934523,0.031,1.444,-0.026,0.036,-0.026,0.008,0.999,NaN,0.142,0.111,0.984,0,0,0,64.325,NaN,0.159,0.11,0.981,-0.032,0,0,0.583,3.74,6.415,0.947,NaN,0.137,0.111,0.984,0.032,0,0,0.574,3.661,6.373,0.931,2,0
178292,1.00000114363999e+18,63875741934534,0.031,1.443,-0.025,0.036,-0.026,0.008,0.999,NaN,0.145,0.109,0.983,0,0,0,64.325,NaN,0.162,0.108,0.981,-0.032,0,0,0.582,3.734,6.415,0.946,NaN,0.14,0.109,0.984,0.032,0,0,0.574,3.66,6.373,0.933,2,0
178293,1.00000114364499e+18,63875741934534,0.031,1.443,-0.025,0.036,-0.026,0.008,0.999,NaN,0.147,0.108,0.983,0,0,0,64.325,NaN,0.162,0.107,0.981,-0.032,0,0,0.582,3.733,6.415,0.945,NaN,0.142,0.108,0.984,0.032,0,0,0.574,3.66,6.373,0.934,2,0
178294,1.00000114365e+18,63875741934545,0.031,1.443,-0.025,0.036,-0.026,0.008,0.999,NaN,0.148,0.106,0.983,0,0,0,64.325,NaN,0.162,0.105,0.981,-0.032,0,0,0.579,3.716,6.415,0.944,NaN,0.143,0.106,0.984,0.032,0,0,0.574,3.659,6.373,0.936,2,0
178295,1.000001143655e+18,63875741934545,0.031,1.443,-0.025,0.036,-0.026,0.008,0.999,NaN,0.148,0.105,0.983,0,0,0,64.325,NaN,0.161,0.104,0.981,-0.032,0,0,0.579,3.716,6.415,0.943,NaN,0.144,0.105,0.984,0.032,0,0,0.574,3.659,6.373,0.938,2,0
178296,1.00000114366e+18,63875741934556,0.031,1.443,-0.025,0.035,-0.026,0.008,0.999,NaN,0.148,0.104,0.983,0,0,0,64.325,NaN,0.158,0.103,0.982,-0.032,0,0,0.58,3.723,6.415,0.943,NaN,0.144,0.104,0.984,0.032,0,0,0.574,3.657,6.373,0.94,2,0
178297,1.000001143665e+18,63875741934556,0.031,1.443,-0.025,0.035,-0.026,0.008,0.999,NaN,0.148,0.103,0.984,0,0,0,64.325,NaN,0.156,0.102,0.982,-0.032,0,0,0.581,3.729,6.415,0.942,NaN,0.145,0.103,0.984,0.032,0,0,0.574,3.656,6.373,0.941,2,0
178298,1.00000114367005e+18,63875741934556,0.031,1.443,-0.025,0.035,-0.026,0.008,0.999,NaN,0.148,0.102,0.984,0,0,0,64.325,NaN,0.155,0.101,0.983,-0.032,0,0,0.582,3.732,6.415,0.942,NaN,0.145,0.102,0.984,0.032,0,0,0.573,3.654,6.373,0.943,2,0
178299,1.00000114367505e+18,63875741934567,0.031,1.443,-0.025,0.035,-0.026,0.008,0.999,NaN,0.148,0.101,0.984,0,0,0,64.325,NaN,0.154,0.101,0.983,-0.032,0,0,0.582,3.733,6.415,0.942,NaN,0.145,0.101,0.984,0.032,0,0,0.573,3.653,6.373,0.945,2,0
178300,1.00000114368006e+18,63875741934567,0.031,1.443,-0.025,0.035,-0.026,0.008,0.999,NaN,0.147,0.101,0.984,0,0,0,64.325,NaN,0.153,0.1,0.983,-0.032,0,0,0.582,3.733,6.415,0.942,NaN,0.144,0.101,0.984,0.032,0,0,0.573,3.652,6.373,0.946,2,0
178301,1.00000114368509e+18,63875741934579,0.031,1.443,-0.025,0.035,-0.026,0.008,0.999,NaN,0.147,0.1,0.984,0,0,0,64.325,NaN,0.153,0.1,0.983,-0.032,0,0,0.582,3.732,6.415,0.942,NaN,0.144,0.1,0.984,0.032,0,0,0.573,3.651,6.373,0.948,2,0
178302,1.0000011436901e+18,63875741934579,0.031,1.443,-0.025,0.035,-0.026,0.008,0.999,NaN,0.147,0.099,0.984,0,0,0,64.325,NaN,0.152,0.099,0.983,-0.032,0,0,0.582,3.732,6.415,0.941,NaN,0.144,0.099,0.985,0.032,0,0,0.573,3.65,6.373,0.949,2,0
178303,1.00000114369512e+18,63875741934590,0.031,1.443,-0.025,0.035,-0.026,0.008,0.999,NaN,0.146,0.099,0.984,0,0,0,64.325,NaN,0.151,0.098,0.984,-0.032,0,0,0.585,3.753,6.415,0.942,NaN,0.144,0.099,0.985,0.032,0,0,0.573,3.649,6.373,0.95,2,0
178304,1.00000114370014e+18,63875741934590,0.031,1.443,-0.025,0.035,-0.026,0.008,0.999,NaN,0.146,0.098,0.984,0,0,0,64.325,NaN,0.149,0.098,0.984,-0.032,0,0,0.586,3.761,6.415,0.942,NaN,0.144,0.098,0.985,0.032,0,0,0.573,3.649,6.373,0.951,2,0
178305,1.00000114370515e+18,63875741934600,0.031,1.443,-0.025,0.035,-0.026,0.008,0.999,NaN,0.146,0.097,0.985,0,0,0,64.325,NaN,0.149,0.097,0.984,-0.032,0,0,0.586,3.757,6.415,0.942,NaN,0.144,0.097,0.985,0.032,0,0,0.573,3.649,6.373,0.953,2,0.4936236
178306,1.00000114371017e+18,63875741934600,0.031,1.443,-0.025,0.035,-0.026,0.008,0.999,NaN,0.146,0.097,0.985,0,0,0,64.325,NaN,0.148,0.096,0.984,-0.032,0,0,0.585,3.752,6.415,0.942,NaN,0.144,0.097,0.985,0.032,0,0,0.572,3.648,6.373,0.954,2,0.6276834
178307,1.00000114371518e+18,63875741934612,0.031,1.442,-0.025,0.035,-0.027,0.008,0.999,NaN,0.145,0.096,0.985,0,0,0,64.325,NaN,0.148,0.096,0.984,-0.032,0,0,0.585,3.75,6.415,0.942,NaN,0.144,0.096,0.985,0.032,0,0,0.572,3.648,6.373,0.955,2,0.8409809
178308,1.0000011437202e+18,63875741934612,0.031,1.442,-0.025,0.035,-0.027,0.008,0.999,NaN,0.145,0.096,0.985,0,0,0,64.325,NaN,0.147,0.095,0.984,-0.032,0,0,0.585,3.753,6.415,0.942,NaN,0.144,0.096,0.985,0.032,0,0,0.572,3.648,6.373,0.956,2,0.8855074
178309,1.00000114372521e+18,63875741934612,0.031,1.442,-0.025,0.035,-0.027,0.008,0.999,NaN,0.145,0.095,0.985,0,0,0,64.325,NaN,0.147,0.095,0.985,-0.032,0,0,0.585,3.752,6.415,0.942,NaN,0.143,0.095,0.985,0.032,0,0,0.572,3.648,6.373,0.957,2,0.915805
178310,1.00000114373022e+18,63875741934623,0.031,1.442,-0.025,0.035,-0.027,0.008,0.999,NaN,0.144,0.095,0.985,0,0,0,64.325,NaN,0.146,0.095,0.985,-0.032,0,0,0.584,3.747,6.415,0.942,NaN,0.143,0.095,0.985,0.032,0,0,0.572,3.648,6.373,0.957,2,0.941313
178311,1.00000114373521e+18,63875741934623,0.031,1.442,-0.025,0.035,-0.027,0.008,0.999,NaN,0.144,0.095,0.985,0,0,0,64.325,NaN,0.146,0.095,0.985,-0.032,0,0,0.585,3.75,6.415,0.942,NaN,0.143,0.095,0.985,0.032,0,0,0.572,3.648,6.373,0.958,2,0.9364108
178312,1.00000114374022e+18,63875741934634,0.031,1.442,-0.025,0.035,-0.027,0.008,0.999,NaN,0.144,0.095,0.985,0,0,0,64.325,NaN,0.145,0.095,0.985,-0.032,0,0,0.585,3.752,6.415,0.943,NaN,0.143,0.095,0.985,0.032,0,0,0.572,3.647,6.373,0.959,2,0.9380035
178313,1.00000114374524e+18,63875741934635,0.031,1.442,-0.025,0.035,-0.027,0.008,0.999,NaN,0.144,0.095,0.985,0,0,0,64.325,NaN,0.145,0.095,0.985,-0.032,0,0,0.585,3.754,6.415,0.943,NaN,0.143,0.095,0.985,0.032,0,0,0.572,3.647,6.373,0.96,2,0.929174
178314,1.00000114375025e+18,63875741934646,0.031,1.442,-0.025,0.035,-0.027,0.008,0.999,NaN,0.143,0.095,0.985,0,0,0,64.325,NaN,0.145,0.095,0.985,-0.032,0,0,0.585,3.754,6.415,0.943,NaN,0.143,0.095,0.985,0.032,0,0,0.572,3.647,6.373,0.961,2,0.9380578
178315,1.00000114375527e+18,63875741934646,0.031,1.442,-0.025,0.035,-0.027,0.008,0.999,NaN,0.143,0.095,0.985,0,0,0,64.325,NaN,0.144,0.095,0.985,-0.032,0,0,0.585,3.753,6.415,0.943,NaN,0.142,0.095,0.985,0.032,0,0,0.572,3.647,6.373,0.961,2,0.9538436
178316,1.00000114376028e+18,63875741934646,0.031,1.442,-0.025,0.035,-0.027,0.008,0.999,NaN,0.143,0.095,0.985,0,0,0,64.325,NaN,0.144,0.095,0.985,-0.032,0,0,0.585,3.752,6.415,0.943,NaN,0.142,0.095,0.985,0.032,0,0,0.572,3.647,6.373,0.962,2,0.9590395
178317,1.00000114376529e+18,63875741934656,0.031,1.442,-0.025,0.035,-0.027,0.008,0.999,NaN,0.143,0.095,0.985,0,0,0,64.325,NaN,0.144,0.095,0.985,-0.032,0,0,0.585,3.75,6.415,0.943,NaN,0.142,0.095,0.985,0.032,0,0,0.572,3.647,6.373,0.962,2,0.9386322
178318,1.00000114377031e+18,63875741934656,0.031,1.442,-0.025,0.035,-0.027,0.008,0.999,NaN,0.142,0.095,0.985,0,0,0,64.325,NaN,0.143,0.095,0.985,-0.032,0,0,0.584,3.75,6.415,0.943,NaN,0.142,0.095,0.985,0.032,0,0,0.572,3.647,6.373,0.963,2,0.9266762
178319,1.00000114377532e+18,63875741934668,0.031,1.442,-0.024,0.035,-0.027,0.007,0.999,NaN,0.142,0.094,0.985,0,0,0,64.325,NaN,0.143,0.094,0.985,-0.032,0,0,0.584,3.748,6.415,0.943,NaN,0.142,0.094,0.985,0.032,0,0,0.572,3.647,6.373,0.963,2,0.9123758
178320,1.00000114378034e+18,63875741934668,0.031,1.442,-0.024,0.035,-0.027,0.007,0.999,NaN,0.142,0.094,0.985,0,0,0,64.325,NaN,0.143,0.094,0.985,-0.032,0,0,0.584,3.746,6.415,0.943,NaN,0.142,0.094,0.985,0.032,0,0,0.572,3.647,6.373,0.963,2,0.8981724
178321,1.00000114378535e+18,63875741934678,0.031,1.442,-0.024,0.035,-0.027,0.007,0.999,NaN,0.142,0.093,0.985,0,0,0,64.325,NaN,0.143,0.093,0.985,-0.032,0,0,0.584,3.745,6.415,0.944,NaN,0.141,0.093,0.986,0.032,0,0,0.572,3.646,6.373,0.964,2,0.8869621
178322,1.00000114379037e+18,63875741934678,0.031,1.442,-0.024,0.035,-0.027,0.007,0.999,NaN,0.142,0.092,0.986,0,0,0,64.325,NaN,0.143,0.092,0.985,-0.032,0,0,0.584,3.745,6.415,0.944,NaN,0.141,0.092,0.986,0.032,0,0,0.572,3.646,6.373,0.964,2,0.8876085
178323,1.00000114379538e+18,63875741934690,0.031,1.442,-0.024,0.035,-0.027,0.007,0.999,NaN,0.142,0.092,0.986,0,0,0,64.325,NaN,0.143,0.092,0.986,-0.032,0,0,0.584,3.743,6.415,0.944,NaN,0.141,0.092,0.986,0.032,0,0,0.572,3.646,6.373,0.965,2,0.8955109
178324,1.00000114380038e+18,63875741934690,0.031,1.442,-0.024,0.035,-0.027,0.007,0.999,NaN,0.142,0.091,0.986,0,0,0,64.325,NaN,0.143,0.091,0.986,-0.032,0,0,0.583,3.742,6.415,0.944,NaN,0.141,0.091,0.986,0.032,0,0,0.572,3.645,6.373,0.965,2,0.9024554
178325,1.0000011438054e+18,63875741934700,0.031,1.442,-0.024,0.034,-0.027,0.007,0.999,NaN,0.141,0.09,0.986,0,0,0,64.325,NaN,0.143,0.09,0.986,-0.032,0,0,0.583,3.739,6.415,0.944,NaN,0.141,0.09,0.986,0.032,0,0,0.572,3.645,6.373,0.965,2,0.9043325
178326,1.00000114381039e+18,63875741934700,0.031,1.442,-0.024,0.034,-0.027,0.007,0.999,NaN,0.141,0.089,0.986,0,0,0,64.325,NaN,0.143,0.089,0.986,-0.032,0,0,0.582,3.737,6.415,0.944,NaN,0.141,0.089,0.986,0.032,0,0,0.572,3.644,6.373,0.966,2,0.9074906
178327,1.0000011438154e+18,63875741934712,0.031,1.442,-0.024,0.034,-0.027,0.007,0.999,NaN,0.141,0.088,0.986,0,0,0,64.325,NaN,0.142,0.088,0.986,-0.032,0,0,0.582,3.735,6.415,0.944,NaN,0.141,0.088,0.986,0.032,0,0,0.572,3.644,6.373,0.966,2,0.9204776
178328,1.0000011438205e+18,63875741934712,0.031,1.442,-0.024,0.034,-0.027,0.007,0.999,NaN,0.141,0.088,0.986,0,0,0,64.325,NaN,0.142,0.088,0.986,-0.032,0,0,0.582,3.733,6.415,0.945,NaN,0.141,0.088,0.986,0.032,0,0,0.572,3.643,6.373,0.966,2,0.9298856
178329,1.00000114382551e+18,63875741934712,0.031,1.442,-0.024,0.034,-0.027,0.007,0.999,NaN,0.141,0.087,0.986,0,0,0,64.325,NaN,0.142,0.087,0.986,-0.032,0,0,0.582,3.733,6.415,0.945,NaN,0.141,0.087,0.986,0.032,0,0,0.571,3.642,6.373,0.966,2,0.931952
178330,1.00000114383052e+18,63875741934723,0.031,1.442,-0.024,0.034,-0.027,0.007,0.999,NaN,0.141,0.087,0.986,0,0,0,64.325,NaN,0.142,0.087,0.986,-0.032,0,0,0.582,3.733,6.415,0.945,NaN,0.141,0.087,0.986,0.032,0,0,0.571,3.64,6.373,0.967,2,0.9334601
178331,1.00000114383552e+18,63875741934723,0.031,1.442,-0.024,0.034,-0.027,0.007,0.999,NaN,0.141,0.087,0.986,0,0,0,64.325,NaN,0.142,0.087,0.986,-0.032,0,0,0.582,3.733,6.415,0.945,NaN,0.141,0.087,0.986,0.032,0,0,0.571,3.639,6.373,0.967,2,0.9398932
178332,1.00000114384053e+18,63875741934734,0.031,1.442,-0.024,0.034,-0.027,0.007,0.999,NaN,0.141,0.087,0.986,0,0,0,64.325,NaN,0.142,0.087,0.986,-0.032,0,0,0.582,3.732,6.415,0.945,NaN,0.141,0.087,0.986,0.032,0,0,0.571,3.637,6.373,0.967,2,0.9427397
178333,1.00000114384554e+18,63875741934734,0.031,1.442,-0.024,0.034,-0.027,0.007,0.999,NaN,0.142,0.088,0.986,0,0,0,64.325,NaN,0.142,0.088,0.986,-0.032,0,0,0.581,3.728,6.415,0.945,NaN,0.141,0.088,0.986,0.032,0,0,0.57,3.635,6.373,0.967,2,0.9194419
178334,1.00000114385046e+18,63875741934745,0.031,1.442,-0.024,0.034,-0.026,0.007,0.999,NaN,0.142,0.088,0.986,0,0,0,64.325,NaN,0.142,0.088,0.986,-0.032,0,0,0.58,3.724,6.415,0.945,NaN,0.141,0.088,0.986,0.032,0,0,0.57,3.633,6.373,0.968,2,0.9122408
178335,1.00000114385551e+18,63875741934745,0.031,1.442,-0.024,0.034,-0.026,0.007,0.999,NaN,0.142,0.088,0.986,0,0,0,64.325,NaN,0.142,0.088,0.986,-0.032,0,0,0.58,3.723,6.415,0.945,NaN,0.142,0.088,0.986,0.032,0,0,0.57,3.63,6.373,0.968,2,0.9031395
178336,1.00000114386051e+18,63875741934756,0.031,1.442,-0.024,0.034,-0.026,0.007,0.999,NaN,0.142,0.088,0.986,0,0,0,64.325,NaN,0.142,0.088,0.986,-0.032,0,0,0.58,3.723,6.415,0.945,NaN,0.142,0.088,0.986,0.032,0,0,0.569,3.628,6.373,0.968,2,0.9268586
178337,1.00000114386552e+18,63875741934756,0.031,1.442,-0.024,0.034,-0.026,0.007,0.999,NaN,0.142,0.089,0.986,0,0,0,64.325,NaN,0.142,0.089,0.986,-0.032,0,0,0.58,3.723,6.415,0.945,NaN,0.142,0.089,0.986,0.032,0,0,0.569,3.625,6.373,0.968,2,0.9299136
178338,1.00000114387053e+18,63875741934756,0.031,1.442,-0.024,0.034,-0.026,0.007,0.999,NaN,0.142,0.089,0.986,0,0,0,64.325,NaN,0.142,0.089,0.986,-0.032,0,0,0.58,3.723,6.415,0.945,NaN,0.142,0.089,0.986,0.032,0,0,0.568,3.623,6.373,0.969,2,0.8621541
178339,1.00000114387558e+18,63875741934768,0.031,1.442,-0.024,0.034,-0.026,0.007,0.999,NaN,0.142,0.089,0.986,0,0,0,64.325,NaN,0.142,0.089,0.986,-0.032,0,0,0.581,3.724,6.415,0.945,NaN,0.141,0.089,0.986,0.032,0,0,0.568,3.619,6.373,0.969,2,0.817674
178340,1.00000114388059e+18,63875741934768,0.031,1.442,-0.024,0.034,-0.026,0.007,0.999,NaN,0.141,0.089,0.986,0,0,0,64.325,NaN,0.142,0.089,0.986,-0.032,0,0,0.581,3.725,6.415,0.945,NaN,0.141,0.089,0.986,0.032,0,0,0.567,3.612,6.373,0.968,2,0.7234718
178341,1.00000114388563e+18,63875741934778,0.031,1.442,-0.024,0.034,-0.026,0.006,0.999,NaN,0.142,0.088,0.986,0,0,0,64.325,NaN,0.142,0.088,0.986,-0.032,0,0,0.581,3.726,6.415,0.945,NaN,0.142,0.088,0.986,0.032,0,0,0.565,3.6,6.373,0.968,2,0.3330617
178342,1.00000114389064e+18,63875741934778,0.031,1.442,-0.024,0.034,-0.026,0.006,0.999,NaN,0.145,0.087,0.986,0,0,0,64.325,NaN,0.145,0.087,0.986,-0.032,0,0,0.581,3.726,6.415,0.944,NaN,0.145,0.087,0.986,0.032,0,0,0.561,3.575,6.373,0.968,2,0
178343,1.00000114389561e+18,63875741934790,0.031,1.442,-0.024,0.034,-0.026,0.006,0.999,NaN,0.15,0.087,0.985,0,0,0,64.325,NaN,0.149,0.087,0.985,-0.032,0,0,0.581,3.728,6.415,0.942,NaN,0.15,0.087,0.985,0.032,0,0,0.558,3.558,6.373,0.968,2,0
178344,1.00000114390062e+18,63875741934790,0.031,1.442,-0.024,0.034,-0.026,0.006,0.999,NaN,0.157,0.086,0.984,0,0,0,64.325,NaN,0.156,0.086,0.984,-0.032,0,0,0.582,3.731,6.415,0.941,NaN,0.158,0.086,0.984,0.032,0,0,0.557,3.549,6.373,0.968,2,0
178345,1.0000011439056e+18,63875741934800,0.031,1.441,-0.024,0.035,-0.026,0.006,0.999,NaN,0.166,0.086,0.982,0,0,0,64.325,NaN,0.165,0.086,0.983,-0.032,0,0,0.582,3.733,6.415,0.939,NaN,0.167,0.086,0.982,0.032,0,0,0.556,3.545,6.373,0.967,2,0
178346,1.00000114391061e+18,63875741934800,0.031,1.441,-0.024,0.035,-0.026,0.006,0.999,NaN,0.175,0.085,0.981,0,0,0,64.325,NaN,0.174,0.085,0.981,-0.032,0,0,0.582,3.734,6.415,0.937,NaN,0.176,0.085,0.981,0.032,0,0,0.556,3.54,6.373,0.967,2,0
178347,1.00000114391563e+18,63875741934800,0.031,1.441,-0.024,0.035,-0.026,0.006,0.999,NaN,0.183,0.084,0.979,0,0,0,64.325,NaN,0.182,0.084,0.98,-0.032,0,0,0.582,3.735,6.415,0.936,NaN,0.184,0.084,0.979,0.032,0,0,0.555,3.537,6.373,0.967,2,0
178348,1.00000114392066e+18,63875741934812,0.031,1.441,-0.024,0.035,-0.026,0.006,0.999,NaN,0.19,0.084,0.978,0,0,0,64.325,NaN,0.189,0.084,0.978,-0.032,0,0,0.582,3.735,6.415,0.934,NaN,0.19,0.084,0.978,0.032,0,0,0.555,3.534,6.373,0.967,2,0
178349,1.00000114392568e+18,63875741934812,0.031,1.441,-0.024,0.035,-0.026,0.006,0.999,NaN,0.195,0.083,0.977,0,0,0,64.325,NaN,0.194,0.083,0.977,-0.032,0,0,0.582,3.734,6.415,0.933,NaN,0.195,0.083,0.977,0.032,0,0,0.554,3.53,6.373,0.967,2,0
178350,1.00000114393074e+18,63875741934823,0.031,1.441,-0.024,0.035,-0.025,0.006,0.999,NaN,0.199,0.082,0.977,0,0,0,64.325,NaN,0.199,0.082,0.977,-0.032,0,0,0.582,3.733,6.415,0.932,NaN,0.199,0.082,0.976,0.032,0,0,0.553,3.527,6.373,0.967,2,0
178351,1.00000114393576e+18,63875741934823,0.031,1.441,-0.024,0.035,-0.025,0.006,0.999,NaN,0.202,0.081,0.976,0,0,0,64.325,NaN,0.202,0.081,0.976,-0.032,0,0,0.581,3.73,6.415,0.931,NaN,0.202,0.081,0.976,0.032,0,0,0.553,3.523,6.373,0.967,2,0
178352,1.00000114394077e+18,63875741934835,0.031,1.441,-0.024,0.035,-0.025,0.006,0.999,NaN,0.205,0.081,0.975,0,0,0,64.325,NaN,0.204,0.081,0.976,-0.032,0,0,0.581,3.725,6.415,0.931,NaN,0.205,0.081,0.975,0.032,0,0,0.552,3.52,6.373,0.967,2,0
178353,1.00000114394578e+18,63875741934835,0.031,1.441,-0.024,0.035,-0.025,0.006,0.999,NaN,0.207,0.08,0.975,0,0,0,64.325,NaN,0.206,0.08,0.975,-0.032,0,0,0.58,3.72,6.415,0.93,NaN,0.207,0.08,0.975,0.032,0,0,0.552,3.517,6.373,0.967,2,0
178354,1.00000114395074e+18,63875741934845,0.031,1.441,-0.024,0.035,-0.025,0.006,0.999,NaN,0.208,0.08,0.975,0,0,0,64.325,NaN,0.208,0.08,0.975,-0.032,0,0,0.579,3.717,6.415,0.93,NaN,0.208,0.08,0.975,0.032,0,0,0.551,3.514,6.373,0.966,2,0
178355,1.00000114395574e+18,63875741934845,0.031,1.441,-0.024,0.035,-0.025,0.006,0.999,NaN,0.21,0.079,0.975,0,0,0,64.325,NaN,0.209,0.079,0.975,-0.032,0,0,0.579,3.715,6.415,0.929,NaN,0.21,0.079,0.975,0.032,0,0,0.551,3.511,6.373,0.966,2,0
178356,1.00000114396075e+18,63875741934856,0.031,1.441,-0.024,0.035,-0.025,0.006,0.999,NaN,0.211,0.079,0.974,0,0,0,64.325,NaN,0.211,0.079,0.974,-0.032,0,0,0.579,3.714,6.415,0.928,NaN,0.211,0.079,0.974,0.032,0,0,0.55,3.507,6.373,0.966,2,0
178357,1.00000114396576e+18,63875741934856,0.031,1.441,-0.024,0.035,-0.025,0.006,0.999,NaN,0.211,0.079,0.974,0,0,0,64.325,NaN,0.211,0.079,0.974,-0.032,0,0,0.579,3.712,6.415,0.928,NaN,0.211,0.079,0.974,0.032,0,0,0.55,3.504,6.373,0.966,2,0
178358,1.00000114397077e+18,63875741934856,0.031,1.441,-0.024,0.035,-0.025,0.006,0.999,NaN,0.212,0.079,0.974,0,0,0,64.325,NaN,0.212,0.079,0.974,-0.032,0,0,0.578,3.708,6.415,0.927,NaN,0.212,0.079,0.974,0.032,0,0,0.549,3.5,6.373,0.966,2,0
178359,1.00000114397581e+18,63875741934868,0.031,1.442,-0.024,0.035,-0.024,0.006,0.999,NaN,0.212,0.079,0.974,0,0,0,64.325,NaN,0.212,0.079,0.974,-0.032,0,0,0.577,3.703,6.415,0.926,NaN,0.213,0.079,0.974,0.032,0,0,0.549,3.497,6.373,0.966,2,0
178360,1.00000114398082e+18,63875741934868,0.031,1.442,-0.024,0.035,-0.024,0.006,0.999,NaN,0.213,0.079,0.974,0,0,0,64.325,NaN,0.213,0.079,0.974,-0.032,0,0,0.577,3.702,6.415,0.926,NaN,0.213,0.079,0.974,0.032,0,0,0.548,3.494,6.373,0.966,2,0.2259731
178361,1.00000114398583e+18,63875741934878,0.031,1.442,-0.024,0.035,-0.024,0.006,0.999,NaN,0.213,0.079,0.974,0,0,0,64.325,NaN,0.213,0.079,0.974,-0.032,0,0,0.577,3.701,6.415,0.926,NaN,0.213,0.079,0.974,0.032,0,0,0.548,3.491,6.373,0.966,2,0.5687565
178362,1.00000114399084e+18,63875741934878,0.031,1.442,-0.024,0.035,-0.024,0.006,0.999,NaN,0.213,0.079,0.974,0,0,0,64.325,NaN,0.213,0.079,0.974,-0.032,0,0,0.577,3.699,6.415,0.926,NaN,0.213,0.079,0.974,0.032,0,0,0.547,3.489,6.373,0.966,2,0.6691893
178363,1.00000114399585e+18,63875741934890,0.031,1.442,-0.024,0.035,-0.024,0.006,0.999,NaN,0.214,0.079,0.974,0,0,0,64.325,NaN,0.214,0.079,0.974,-0.032,0,0,0.576,3.696,6.415,0.925,NaN,0.214,0.079,0.974,0.032,0,0,0.547,3.485,6.373,0.966,2,0.8149199
178364,1.00000114400085e+18,63875741934890,0.031,1.442,-0.024,0.035,-0.024,0.006,0.999,NaN,0.214,0.079,0.974,0,0,0,64.325,NaN,0.214,0.079,0.974,-0.032,0,0,0.576,3.693,6.415,0.925,NaN,0.214,0.079,0.974,0.032,0,0,0.546,3.481,6.373,0.967,2,0.9204335
178365,1.00000114400586e+18,63875741934900,0.031,1.442,-0.024,0.035,-0.023,0.006,0.999,NaN,0.214,0.079,0.974,0,0,0,64.325,NaN,0.214,0.079,0.974,-0.032,0,0,0.575,3.688,6.415,0.925,NaN,0.214,0.079,0.974,0.032,0,0,0.546,3.478,6.373,0.967,2,0.9529274
178366,1.00000114401086e+18,63875741934900,0.031,1.442,-0.024,0.035,-0.023,0.006,0.999,NaN,0.214,0.079,0.974,0,0,0,64.325,NaN,0.214,0.079,0.974,-0.032,0,0,0.574,3.679,6.415,0.924,NaN,0.214,0.079,0.974,0.032,0,0,0.545,3.475,6.373,0.967,2,1
178367,1.00000114401585e+18,63875741934912,0.031,1.442,-0.024,0.035,-0.023,0.006,0.999,NaN,0.214,0.079,0.974,0,0,0,64.325,NaN,0.214,0.079,0.974,-0.032,0,0,0.573,3.674,6.415,0.924,NaN,0.214,0.079,0.974,0.032,0,0,0.545,3.473,6.373,0.967,2,1
178368,1.00000114402087e+18,63875741934912,0.031,1.442,-0.024,0.035,-0.023,0.006,0.999,NaN,0.214,0.079,0.974,0,0,0,64.325,NaN,0.214,0.079,0.974,-0.032,0,0,0.572,3.668,6.415,0.924,NaN,0.214,0.079,0.974,0.032,0,0,0.544,3.47,6.373,0.967,2,1
178369,1.00000114402589e+18,63875741934912,0.031,1.442,-0.024,0.035,-0.023,0.006,0.999,NaN,0.215,0.079,0.973,0,0,0,64.325,NaN,0.215,0.079,0.973,-0.032,0,0,0.571,3.663,6.415,0.924,NaN,0.215,0.079,0.973,0.032,0,0,0.544,3.467,6.373,0.967,2,0.9843313
178370,1.00000114403096e+18,63875741934923,0.031,1.442,-0.024,0.035,-0.023,0.006,0.999,NaN,0.215,0.079,0.973,0,0,0,64.325,NaN,0.215,0.079,0.973,-0.032,0,0,0.571,3.661,6.415,0.924,NaN,0.215,0.079,0.973,0.032,0,0,0.544,3.465,6.373,0.967,2,0.9924068
178371,1.00000114403597e+18,63875741934923,0.031,1.442,-0.024,0.035,-0.023,0.006,0.999,NaN,0.216,0.079,0.973,0,0,0,64.325,NaN,0.216,0.079,0.973,-0.032,0,0,0.57,3.658,6.415,0.924,NaN,0.216,0.079,0.973,0.032,0,0,0.543,3.464,6.373,0.967,2,0.991517
178372,1.00000114404099e+18,63875741934935,0.031,1.442,-0.024,0.035,-0.023,0.006,0.999,NaN,0.216,0.079,0.973,0,0,0,64.325,NaN,0.216,0.079,0.973,-0.032,0,0,0.57,3.656,6.415,0.923,NaN,0.216,0.079,0.973,0.032,0,0,0.543,3.462,6.373,0.967,2,0.9898285
178373,1.000001144046e+18,63875741934935,0.031,1.442,-0.024,0.035,-0.023,0.006,0.999,NaN,0.216,0.079,0.973,0,0,0,64.325,NaN,0.216,0.079,0.973,-0.032,0,0,0.569,3.653,6.415,0.924,NaN,0.216,0.079,0.973,0.032,0,0,0.543,3.46,6.373,0.967,2,0.995313
178374,1.00000114405101e+18,63875741934945,0.031,1.442,-0.024,0.035,-0.023,0.006,0.999,NaN,0.216,0.079,0.973,0,0,0,64.325,NaN,0.216,0.079,0.973,-0.032,0,0,0.569,3.65,6.415,0.923,NaN,0.216,0.079,0.973,0.032,0,0,0.543,3.458,6.373,0.967,2,0.9978631
178375,1.00000114405602e+18,63875741934945,0.031,1.442,-0.024,0.035,-0.023,0.006,0.999,NaN,0.217,0.079,0.973,0,0,0,64.325,NaN,0.217,0.079,0.973,-0.032,0,0,0.568,3.647,6.415,0.924,NaN,0.217,0.079,0.973,0.032,0,0,0.542,3.456,6.373,0.967,2,1
178376,1.000001144061e+18,63875741934956,0.031,1.442,-0.024,0.035,-0.022,0.006,0.999,NaN,0.217,0.079,0.973,0,0,0,64.325,NaN,0.217,0.079,0.973,-0.032,0,0,0.568,3.643,6.415,0.924,NaN,0.217,0.079,0.973,0.032,0,0,0.542,3.454,6.373,0.967,2,1
178377,1.00000114406601e+18,63875741934956,0.031,1.442,-0.024,0.035,-0.022,0.006,0.999,NaN,0.217,0.079,0.973,0,0,0,64.325,NaN,0.217,0.079,0.973,-0.032,0,0,0.567,3.639,6.415,0.923,NaN,0.217,0.079,0.973,0.032,0,0,0.542,3.452,6.373,0.967,2,1
178378,1.00000114407102e+18,63875741934956,0.031,1.442,-0.024,0.035,-0.022,0.006,0.999,NaN,0.217,0.079,0.973,0,0,0,64.325,NaN,0.217,0.079,0.973,-0.032,0,0,0.567,3.636,6.415,0.924,NaN,0.217,0.079,0.973,0.032,0,0,0.541,3.451,6.373,0.967,2,1
