176365,1000001133981506700,63875741924868,(0.032, 1.438, -0.019),(0.061, -0.022, 0.002, 0.998),VALID,(-0.009, -0.129, 0.992),(0.000, 0.000, 0.000),64.325,VALID,(0.061, -0.129, 0.990),(-0.032, 0.000, 0.000),0.587,3.765,6.415,0.914,VALID,(-0.030, -0.129, 0.991),(0.032, 0.000, 0.000),0.574,3.657,6.373,0.903,0.7100887,0
176366,1000001133986543000,63875741924879,(0.032, 1.439, -0.019),(0.061, -0.022, 0.002, 0.998),VALID,(-0.017, -0.133, 0.991),(0.000, 0.000, 0.000),64.325,VALID,(0.041, -0.133, 0.990),(-0.032, 0.000, 0.000),0.587,3.767,6.415,0.914,VALID,(-0.040, -0.133, 0.990),(0.032, 0.000, 0.000),0.575,3.664,6.373,0.902,0.7927341,0
176367,1000001133991579300,63875741924879,(0.032, 1.439, -0.019),(0.061, -0.022, 0.002, 0.998),VALID,(-0.023, -0.136, 0.990),(0.000, 0.000, 0.000),64.325,VALID,(0.027, -0.136, 0.990),(-0.032, 0.000, 0.000),0.588,3.772,6.415,0.915,VALID,(-0.048, -0.136, 0.990),(0.032, 0.000, 0.000),0.575,3.666,6.373,0.901,0.8611598,0
176368,1000001133996615600,63875741924890,(0.032, 1.439, -0.019),(0.061, -0.022, 0.002, 0.998),VALID,(-0.035, -0.143, 0.989),(0.000, 0.000, 0.000),64.325,VALID,(0.043, -0.143, 0.989),(-0.032, 0.000, 0.000),0.588,3.771,6.415,0.915,VALID,(-0.052, -0.143, 0.988),(0.032, 0.000, 0.000),0.576,3.668,6.373,0.900,0.6736069,0
176369,1000001134001641000,63875741924890,(0.032, 1.439, -0.019),(0.061, -0.022, 0.002, 0.998),VALID,(-0.042, -0.149, 0.988),(0.000, 0.000, 0.000),64.325,VALID,(0.053, -0.149, 0.987),(-0.032, 0.000, 0.000),0.588,3.771,6.415,0.916,VALID,(-0.055, -0.149, 0.987),(0.032, 0.000, 0.000),0.576,3.668,6.373,0.899,0.594043,0
176370,1000001134006453600,63875741924901,(0.032, 1.439, -0.019),(0.061, -0.022, 0.003, 0.998),VALID,(-0.045, -0.153, 0.987),(0.000, 0.000, 0.000),64.325,VALID,(0.057, -0.153, 0.987),(-0.032, 0.000, 0.000),0.587,3.763,6.415,0.916,VALID,(-0.057, -0.153, 0.987),(0.032, 0.000, 0.000),0.576,3.669,6.373,0.898,0.5600732,0
176371,1000001134011489900,63875741924901,(0.032, 1.439, -0.019),(0.061, -0.022, 0.003, 0.998),VALID,(-0.048, -0.157, 0.986),(0.000, 0.000, 0.000),64.325,VALID,(0.062, -0.156, 0.986),(-0.032, 0.000, 0.000),0.585,3.753,6.415,0.917,VALID,(-0.058, -0.156, 0.986),(0.032, 0.000, 0.000),0.576,3.669,6.373,0.898,0.5332271,0
176372,1000001134016483400,63875741924913,(0.032, 1.439, -0.019),(0.061, -0.022, 0.003, 0.998),VALID,(-0.049, -0.158, 0.986),(0.000, 0.000, 0.000),64.325,VALID,(0.065, -0.158, 0.985),(-0.032, 0.000, 0.000),0.583,3.741,6.415,0.918,VALID,(-0.059, -0.158, 0.986),(0.032, 0.000, 0.000),0.576,3.669,6.373,0.897,0.5171748,0
176373,1000001134021519700,63875741924913,(0.032, 1.439, -0.019),(0.061, -0.022, 0.003, 0.998),VALID,(-0.049, -0.160, 0.986),(0.000, 0.000, 0.000),64.325,VALID,(0.067, -0.160, 0.985),(-0.032, 0.000, 0.000),0.582,3.734,6.415,0.918,VALID,(-0.060, -0.160, 0.985),(0.032, 0.000, 0.000),0.576,3.669,6.373,0.897,0.506081,0
176374,1000001134026533700,63875741924913,(0.032, 1.439, -0.019),(0.061, -0.022, 0.003, 0.998),VALID,(-0.051, -0.162, 0.985),(0.000, 0.000, 0.000),64.325,VALID,(0.068, -0.162, 0.984),(-0.032, 0.000, 0.000),0.582,3.732,6.415,0.919,VALID,(-0.060, -0.162, 0.985),(0.032, 0.000, 0.000),0.576,3.669,6.373,0.896,0.4971827,0
176375,1000001134031570000,63875741924923,(0.032, 1.439, -0.019),(0.061, -0.022, 0.003, 0.998),VALID,(-0.053, -0.163, 0.985),(0.000, 0.000, 0.000),64.325,VALID,(0.070, -0.163, 0.984),(-0.032, 0.000, 0.000),0.581,3.730,6.415,0.920,VALID,(-0.061, -0.163, 0.985),(0.032, 0.000, 0.000),0.576,3.669,6.373,0.896,0.4904514,0
176376,1000001134036582300,63875741924923,(0.032, 1.439, -0.019),(0.061, -0.022, 0.003, 0.998),VALID,(-0.045, -0.158, 0.986),(0.000, 0.000, 0.000),64.325,VALID,(0.061, -0.158, 0.986),(-0.032, 0.000, 0.000),0.582,3.732,6.415,0.921,VALID,(-0.061, -0.158, 0.986),(0.032, 0.000, 0.000),0.576,3.669,6.373,0.896,0.5243022,0
176377,1000001134041618600,63875741924934,(0.032, 1.439, -0.019),(0.061, -0.022, 0.003, 0.998),VALID,(-0.042, -0.157, 0.987),(0.000, 0.000, 0.000),64.325,VALID,(0.049, -0.157, 0.986),(-0.032, 0.000, 0.000),0.583,3.740,6.415,0.921,VALID,(-0.062, -0.156, 0.986),(0.032, 0.000, 0.000),0.576,3.669,6.373,0.896,0.57708,0
176378,1000001134046630900,63875741924934,(0.032, 1.439, -0.019),(0.061, -0.022, 0.003, 0.998),VALID,(-0.045, -0.158, 0.986),(0.000, 0.000, 0.000),64.325,VALID,(0.054, -0.158, 0.986),(-0.032, 0.000, 0.000),0.584,3.746,6.415,0.922,VALID,(-0.062, -0.158, 0.985),(0.032, 0.000, 0.000),0.576,3.668,6.373,0.895,0.5507206,0
176379,1000001134051643200,63875741924945,(0.032, 1.439, -0.019),(0.061, -0.023, 0.003, 0.998),VALID,(-0.047, -0.159, 0.986),(0.000, 0.000, 0.000),64.325,VALID,(0.058, -0.159, 0.986),(-0.032, 0.000, 0.000),0.584,3.749,6.415,0.922,VALID,(-0.062, -0.159, 0.985),(0.032, 0.000, 0.000),0.576,3.668,6.373,0.895,0.5343592,0
176380,1000001134056646900,63875741924945,(0.032, 1.439, -0.019),(0.061, -0.023, 0.003, 0.998),VALID,(-0.044, -0.156, 0.987),(0.000, 0.000, 0.000),64.325,VALID,(0.046, -0.156, 0.987),(-0.032, 0.000, 0.000),0.586,3.759,6.415,0.923,VALID,(-0.063, -0.156, 0.986),(0.032, 0.000, 0.000),0.576,3.668,6.373,0.895,0.59305,0
176381,1000001134061551600,63875741924957,(0.032, 1.439, -0.019),(0.061, -0.023, 0.003, 0.998),VALID,(-0.046, -0.157, 0.987),(0.000, 0.000, 0.000),64.325,VALID,(0.050, -0.157, 0.986),(-0.032, 0.000, 0.000),0.586,3.759,6.415,0.923,VALID,(-0.063, -0.157, 0.986),(0.032, 0.000, 0.000),0.576,3.668,6.373,0.895,0.5666574,0
176382,1000001134066555300,63875741924957,(0.032, 1.439, -0.019),(0.061, -0.023, 0.003, 0.998),VALID,(-0.047, -0.158, 0.986),(0.000, 0.000, 0.000),64.325,VALID,(0.054, -0.158, 0.986),(-0.032, 0.000, 0.000),0.585,3.755,6.415,0.924,VALID,(-0.063, -0.158, 0.986),(0.032, 0.000, 0.000),0.576,3.668,6.373,0.895,0.5502966,0
176383,1000001134071580200,63875741924957,(0.032, 1.439, -0.019),(0.061, -0.023, 0.003, 0.998),VALID,(-0.048, -0.159, 0.986),(0.000, 0.000, 0.000),64.325,VALID,(0.056, -0.158, 0.986),(-0.032, 0.000, 0.000),0.584,3.750,6.415,0.925,VALID,(-0.063, -0.158, 0.985),(0.032, 0.000, 0.000),0.576,3.668,6.373,0.895,0.5395932,0
176384,1000001134076592500,63875741924968,(0.032, 1.439, -0.019),(0.061, -0.023, 0.004, 0.998),VALID,(-0.050, -0.160, 0.986),(0.000, 0.000, 0.000),64.325,VALID,(0.058, -0.160, 0.985),(-0.032, 0.000, 0.000),0.584,3.747,6.415,0.925,VALID,(-0.063, -0.160, 0.985),(0.032, 0.000, 0.000),0.576,3.668,6.373,0.895,0.5324909,0
176385,1000001134081628800,63875741924968,(0.032, 1.439, -0.019),(0.061, -0.023, 0.004, 0.998),VALID,(-0.051, -0.161, 0.986),(0.000, 0.000, 0.000),64.325,VALID,(0.059, -0.161, 0.985),(-0.032, 0.000, 0.000),0.583,3.738,6.415,0.926,VALID,(-0.062, -0.161, 0.985),(0.032, 0.000, 0.000),0.576,3.668,6.373,0.894,0.5284631,0
176386,1000001134086691400,63875741924978,(0.032, 1.439, -0.019),(0.061, -0.023, 0.004, 0.998),VALID,(-0.051, -0.161, 0.986),(0.000, 0.000, 0.000),64.325,VALID,(0.059, -0.161, 0.985),(-0.032, 0.000, 0.000),0.582,3.734,6.415,0.926,VALID,(-0.062, -0.161, 0.985),(0.032, 0.000, 0.000),0.576,3.669,6.373,0.894,0.5264459,0
176387,1000001134091695100,63875741924978,(0.032, 1.439, -0.019),(0.061, -0.023, 0.004, 0.998),VALID,(-0.052, -0.162, 0.985),(0.000, 0.000, 0.000),64.325,VALID,(0.060, -0.162, 0.985),(-0.032, 0.000, 0.000),0.582,3.731,6.415,0.927,VALID,(-0.062, -0.162, 0.985),(0.032, 0.000, 0.000),0.576,3.669,6.373,0.894,0.5236058,0
176388,1000001134096732700,63875741924990,(0.032, 1.439, -0.019),(0.061, -0.023, 0.004, 0.998),VALID,(-0.052, -0.163, 0.985),(0.000, 0.000, 0.000),64.325,VALID,(0.061, -0.162, 0.985),(-0.032, 0.000, 0.000),0.582,3.731,6.415,0.927,VALID,(-0.062, -0.162, 0.985),(0.032, 0.000, 0.000),0.576,3.669,6.373,0.894,0.5201725,0
176389,1000001134101736400,63875741924991,(0.032, 1.439, -0.019),(0.061, -0.023, 0.004, 0.998),VALID,(-0.052, -0.163, 0.985),(0.000, 0.000, 0.000),64.325,VALID,(0.063, -0.163, 0.985),(-0.032, 0.000, 0.000),0.582,3.731,6.415,0.927,VALID,(-0.062, -0.163, 0.985),(0.032, 0.000, 0.000),0.576,3.670,6.373,0.894,0.5155985,0
176390,1000001134106774000,63875741925001,(0.032, 1.439, -0.019),(0.061, -0.023, 0.005, 0.998),VALID,(-0.053, -0.164, 0.985),(0.000, 0.000, 0.000),64.325,VALID,(0.050, -0.164, 0.985),(-0.032, 0.000, 0.000),0.582,3.736,6.415,0.927,VALID,(-0.062, -0.164, 0.985),(0.032, 0.000, 0.000),0.576,3.670,6.373,0.894,0.5726017,0
176391,1000001134111746900,63875741925001,(0.032, 1.439, -0.019),(0.061, -0.023, 0.005, 0.998),VALID,(-0.054, -0.165, 0.985),(0.000, 0.000, 0.000),64.325,VALID,(0.030, -0.165, 0.986),(-0.032, 0.000, 0.000),0.586,3.757,6.415,0.928,VALID,(-0.061, -0.165, 0.984),(0.032, 0.000, 0.000),0.576,3.670,6.373,0.894,0.699084,0
176392,1000001134116742500,63875741925012,(0.032, 1.439, -0.019),(0.061, -0.024, 0.005, 0.998),VALID,(-0.053, -0.165, 0.985),(0.000, 0.000, 0.000),64.325,VALID,(0.037, -0.165, 0.986),(-0.032, 0.000, 0.000),0.587,3.765,6.415,0.928,VALID,(-0.061, -0.165, 0.984),(0.032, 0.000, 0.000),0.576,3.671,6.373,0.894,0.6527424,0
176393,1000001134121746200,63875741925012,(0.032, 1.439, -0.019),(0.061, -0.024, 0.005, 0.998),VALID,(-0.053, -0.165, 0.985),(0.000, 0.000, 0.000),64.325,VALID,(0.041, -0.165, 0.985),(-0.032, 0.000, 0.000),0.587,3.767,6.415,0.929,VALID,(-0.061, -0.165, 0.984),(0.032, 0.000, 0.000),0.576,3.671,6.373,0.894,0.6278703,0
176394,1000001134126735000,63875741925012,(0.032, 1.439, -0.019),(0.061, -0.024, 0.005, 0.998),VALID,(-0.054, -0.166, 0.985),(0.000, 0.000, 0.000),64.325,VALID,(0.043, -0.166, 0.985),(-0.032, 0.000, 0.000),0.588,3.769,6.415,0.929,VALID,(-0.061, -0.166, 0.984),(0.032, 0.000, 0.000),0.576,3.671,6.373,0.894,0.6168665,0
176395,1000001134131738800,63875741925023,(0.032, 1.439, -0.019),(0.062, -0.024, 0.005, 0.998),VALID,(-0.054, -0.166, 0.985),(0.000, 0.000, 0.000),64.325,VALID,(0.045, -0.166, 0.985),(-0.032, 0.000, 0.000),0.587,3.766,6.415,0.930,VALID,(-0.061, -0.166, 0.984),(0.032, 0.000, 0.000),0.576,3.672,6.373,0.894,0.6070487,0
176396,1000001134136757400,63875741925023,(0.032, 1.439, -0.019),(0.062, -0.024, 0.005, 0.998),VALID,(-0.053, -0.167, 0.985),(0.000, 0.000, 0.000),64.325,VALID,(0.047, -0.167, 0.985),(-0.032, 0.000, 0.000),0.585,3.753,6.415,0.930,VALID,(-0.060, -0.167, 0.984),(0.032, 0.000, 0.000),0.576,3.672,6.373,0.894,0.5952684,0
176397,1000001134141766600,63875741925034,(0.032, 1.439, -0.019),(0.062, -0.024, 0.005, 0.998),VALID,(-0.053, -0.167, 0.985),(0.000, 0.000, 0.000),64.325,VALID,(0.051, -0.167, 0.985),(-0.032, 0.000, 0.000),0.584,3.748,6.415,0.930,VALID,(-0.060, -0.167, 0.984),(0.032, 0.000, 0.000),0.576,3.673,6.373,0.894,0.5773148,0
176398,1000001134146801200,63875741925034,(0.032, 1.439, -0.019),(0.062, -0.024, 0.005, 0.998),VALID,(-0.053, -0.167, 0.984),(0.000, 0.000, 0.000),64.325,VALID,(0.054, -0.167, 0.984),(-0.032, 0.000, 0.000),0.584,3.745,6.415,0.930,VALID,(-0.060, -0.167, 0.984),(0.032, 0.000, 0.000),0.576,3.673,6.373,0.894,0.5594894,0
176399,1000001134151851000,63875741925045,(0.032, 1.439, -0.019),(0.062, -0.024, 0.005, 0.998),VALID,(-0.053, -0.168, 0.984),(0.000, 0.000, 0.000),64.325,VALID,(0.058, -0.168, 0.984),(-0.032, 0.000, 0.000),0.583,3.743,6.415,0.930,VALID,(-0.060, -0.168, 0.984),(0.032, 0.000, 0.000),0.577,3.674,6.373,0.894,0.5435928,0.05389125
176400,1000001134156864200,63875741925045,(0.032, 1.439, -0.019),(0.062, -0.024, 0.005, 0.998),VALID,(-0.055, -0.169, 0.984),(0.000, 0.000, 0.000),64.325,VALID,(0.054, -0.169, 0.984),(-0.032, 0.000, 0.000),0.584,3.748,6.415,0.930,VALID,(-0.061, -0.169, 0.984),(0.032, 0.000, 0.000),0.577,3.674,6.373,0.894,0.5584704,0.3637236
176401,1000001134161862600,63875741925056,(0.032, 1.439, -0.019),(0.062, -0.025, 0.006, 0.998),VALID,(-0.055, -0.170, 0.984),(0.000, 0.000, 0.000),64.325,VALID,(0.055, -0.170, 0.984),(-0.032, 0.000, 0.000),0.585,3.752,6.415,0.931,VALID,(-0.062, -0.170, 0.984),(0.032, 0.000, 0.000),0.576,3.673,6.373,0.894,0.5485476,0.2828966
176402,1000001134166877000,63875741925056,(0.032, 1.439, -0.019),(0.062, -0.025, 0.006, 0.998),VALID,(-0.053, -0.167, 0.984),(0.000, 0.000, 0.000),64.325,VALID,(0.053, -0.167, 0.984),(-0.032, 0.000, 0.000),0.586,3.760,6.415,0.931,VALID,(-0.062, -0.167, 0.984),(0.032, 0.000, 0.000),0.576,3.672,6.373,0.894,0.5528497,0
176403,1000001134171891400,63875741925067,(0.032, 1.439, -0.019),(0.062, -0.025, 0.006, 0.998),VALID,(-0.053, -0.168, 0.984),(0.000, 0.000, 0.000),64.325,VALID,(0.054, -0.168, 0.984),(-0.032, 0.000, 0.000),0.587,3.765,6.415,0.931,VALID,(-0.063, -0.168, 0.984),(0.032, 0.000, 0.000),0.576,3.669,6.373,0.894,0.544427,0
176404,1000001134176904400,63875741925067,(0.032, 1.439, -0.019),(0.062, -0.025, 0.006, 0.998),VALID,(-0.054, -0.169, 0.984),(0.000, 0.000, 0.000),64.325,VALID,(0.040, -0.169, 0.985),(-0.032, 0.000, 0.000),0.590,3.782,6.415,0.931,VALID,(-0.064, -0.169, 0.984),(0.032, 0.000, 0.000),0.575,3.665,6.373,0.894,0.617749,0
176405,1000001134181856100,63875741925067,(0.032, 1.439, -0.019),(0.062, -0.025, 0.006, 0.998),VALID,(-0.054, -0.170, 0.984),(0.000, 0.000, 0.000),64.325,VALID,(0.043, -0.170, 0.985),(-0.032, 0.000, 0.000),0.590,3.782,6.415,0.931,VALID,(-0.065, -0.170, 0.983),(0.032, 0.000, 0.000),0.575,3.663,6.373,0.894,0.5958321,0
176406,1000001134186870500,63875741925078,(0.032, 1.439, -0.019),(0.062, -0.025, 0.006, 0.998),VALID,(-0.055, -0.170, 0.984),(0.000, 0.000, 0.000),64.325,VALID,(0.025, -0.171, 0.985),(-0.032, 0.000, 0.000),0.591,3.790,6.415,0.931,VALID,(-0.065, -0.170, 0.983),(0.032, 0.000, 0.000),0.575,3.662,6.373,0.894,0.7100767,0
176407,1000001134191898100,63875741925078,(0.032, 1.439, -0.019),(0.062, -0.025, 0.006, 0.998),VALID,(-0.056, -0.171, 0.984),(0.000, 0.000, 0.000),64.325,VALID,(0.006, -0.171, 0.985),(-0.032, 0.000, 0.000),0.592,3.800,6.415,0.931,VALID,(-0.066, -0.171, 0.983),(0.032, 0.000, 0.000),0.575,3.662,6.373,0.894,0.8861814,0
176408,1000001134196915000,63875741925090,(0.032, 1.439, -0.019),(0.062, -0.025, 0.006, 0.998),VALID,(-0.054, -0.169, 0.984),(0.000, 0.000, 0.000),64.325,VALID,(0.009, -0.169, 0.986),(-0.032, 0.000, 0.000),0.594,3.813,6.415,0.931,VALID,(-0.066, -0.169, 0.983),(0.032, 0.000, 0.000),0.575,3.662,6.373,0.894,0.8489697,0
176409,1000001134201929400,63875741925090,(0.032, 1.439, -0.019),(0.062, -0.025, 0.006, 0.998),VALID,(-0.052, -0.168, 0.984),(0.000, 0.000, 0.000),64.325,VALID,(0.011, -0.168, 0.986),(-0.032, 0.000, 0.000),0.595,3.814,6.415,0.931,VALID,(-0.067, -0.168, 0.984),(0.032, 0.000, 0.000),0.575,3.662,6.373,0.894,0.824207,0
176410,1000001134206943800,63875741925101,(0.032, 1.439, -0.019),(0.062, -0.025, 0.006, 0.998),VALID,(-0.053, -0.168, 0.984),(0.000, 0.000, 0.000),64.325,VALID,(-0.005, -0.168, 0.986),(-0.032, 0.000, 0.000),0.596,3.824,6.415,0.931,VALID,(-0.067, -0.168, 0.983),(0.032, 0.000, 0.000),0.575,3.663,6.373,0.894,1.02282,0
176411,1000001134211958200,63875741925101,(0.032, 1.439, -0.019),(0.062, -0.025, 0.006, 0.998),VALID,(-0.049, -0.166, 0.985),(0.000, 0.000, 0.000),64.325,VALID,(0.000, -0.166, 0.986),(-0.032, 0.000, 0.000),0.596,3.826,6.415,0.931,VALID,(-0.068, -0.166, 0.984),(0.032, 0.000, 0.000),0.575,3.663,6.373,0.894,0.9472784,0
176412,1000001134216972600,63875741925113,(0.032, 1.439, -0.019),(0.062, -0.026, 0.006, 0.998),VALID,(-0.051, -0.167, 0.985),(0.000, 0.000, 0.000),64.325,VALID,(0.010, -0.167, 0.986),(-0.032, 0.000, 0.000),0.596,3.821,6.415,0.931,VALID,(-0.069, -0.167, 0.984),(0.032, 0.000, 0.000),0.575,3.664,6.373,0.894,0.808718,0
176413,1000001134221987000,63875741925113,(0.032, 1.439, -0.019),(0.062, -0.026, 0.006, 0.998),VALID,(-0.049, -0.166, 0.985),(0.000, 0.000, 0.000),64.325,VALID,(0.010, -0.166, 0.986),(-0.032, 0.000, 0.000),0.594,3.812,6.415,0.931,VALID,(-0.069, -0.166, 0.984),(0.032, 0.000, 0.000),0.576,3.673,6.373,0.894,0.8200287,0
176414,1000001134227001400,63875741925113,(0.032, 1.439, -0.019),(0.062, -0.026, 0.006, 0.998),VALID,(-0.043, -0.166, 0.985),(0.000, 0.000, 0.000),64.325,VALID,(0.012, -0.166, 0.986),(-0.032, 0.000, 0.000),0.598,3.836,6.415,0.930,VALID,(-0.067, -0.165, 0.984),(0.032, 0.000, 0.000),0.582,3.707,6.373,0.893,0.8106744,0
176415,1000001134232014000,63875741925123,(0.032, 1.439, -0.019),(0.062, -0.026, 0.006, 0.998),VALID,(-0.027, -0.162, 0.986),(0.000, 0.000, 0.000),64.325,VALID,(0.019, -0.162, 0.987),(-0.032, 0.000, 0.000),0.607,3.896,6.415,0.928,VALID,(-0.061, -0.162, 0.985),(0.032, 0.000, 0.000),0.585,3.726,6.373,0.892,0.804832,0
176416,1000001134236997600,63875741925134,(0.032, 1.439, -0.019),(0.062, -0.026, 0.006, 0.998),VALID,(-0.004, -0.155, 0.988),(0.000, 0.000, 0.000),64.325,VALID,(0.038, -0.155, 0.987),(-0.032, 0.000, 0.000),0.599,3.845,6.415,0.925,VALID,(-0.041, -0.155, 0.987),(0.032, 0.000, 0.000),0.587,3.739,6.373,0.892,0.8062563,0
176417,1000001134242026600,63875741925134,(0.032, 1.439, -0.019),(0.062, -0.026, 0.006, 0.998),VALID,(0.020, -0.146, 0.989),(0.000, 0.000, 0.000),64.325,VALID,(0.070, -0.146, 0.987),(-0.032, 0.000, 0.000),0.595,3.816,6.415,0.919,VALID,(-0.013, -0.146, 0.989),(0.032, 0.000, 0.000),0.585,3.731,6.373,0.891,0.7734151,0
176418,1000001134247052600,63875741925134,(0.032, 1.439, -0.019),(0.062, -0.026, 0.006, 0.998),VALID,(0.060, -0.136, 0.989),(0.000, 0.000, 0.000),64.325,VALID,(0.102, -0.136, 0.985),(-0.032, 0.000, 0.000),0.587,3.767,6.415,0.912,VALID,(0.023, -0.137, 0.990),(0.032, 0.000, 0.000),0.581,3.705,6.373,0.889,0.8108402,0
176419,1000001134252096500,63875741925145,(0.032, 1.439, -0.019),(0.062, -0.026, 0.006, 0.998),VALID,(0.093, -0.114, 0.989),(0.000, 0.000, 0.000),64.325,VALID,(0.132, -0.113, 0.985),(-0.032, 0.000, 0.000),0.587,3.768,6.415,0.907,VALID,(0.059, -0.114, 0.992),(0.032, 0.000, 0.000),0.580,3.694,6.373,0.887,0.8814668,0
176420,1000001134257120000,63875741925145,(0.032, 1.439, -0.019),(0.062, -0.026, 0.006, 0.998),VALID,(0.126, -0.093, 0.988),(0.000, 0.000, 0.000),64.325,VALID,(0.168, -0.092, 0.981),(-0.032, 0.000, 0.000),0.574,3.681,6.415,0.901,VALID,(0.090, -0.093, 0.992),(0.032, 0.000, 0.000),0.579,3.689,6.373,0.886,0.7997242,0
176421,1000001134262078400,63875741925156,(0.032, 1.439, -0.019),(0.062, -0.026, 0.007, 0.998),VALID,(0.142, -0.080, 0.987),(0.000, 0.000, 0.000),64.325,VALID,(0.197, -0.079, 0.977),(-0.032, 0.000, 0.000),0.573,3.674,6.415,0.896,VALID,(0.114, -0.080, 0.990),(0.032, 0.000, 0.000),0.579,3.689,6.373,0.883,0.7467318,0
176422,1000001134267101900,63875741925156,(0.032, 1.439, -0.019),(0.062, -0.026, 0.007, 0.998),VALID,(0.162, -0.070, 0.984),(0.000, 0.000, 0.000),64.325,VALID,(0.212, -0.070, 0.975),(-0.032, 0.000, 0.000),0.573,3.674,6.415,0.894,VALID,(0.131, -0.071, 0.989),(0.032, 0.000, 0.000),0.579,3.692,6.373,0.877,0.7657771,0
176423,1000001134272125400,63875741925167,(0.032, 1.439, -0.019),(0.062, -0.026, 0.007, 0.998),VALID,(0.177, -0.055, 0.983),(0.000, 0.000, 0.000),64.325,VALID,(0.221, -0.055, 0.974),(-0.032, 0.000, 0.000),0.585,3.756,6.415,0.892,VALID,(0.142, -0.055, 0.988),(0.032, 0.000, 0.000),0.580,3.697,6.373,0.872,0.7887594,0
176424,1000001134277142300,63875741925167,(0.032, 1.439, -0.019),(0.062, -0.026, 0.007, 0.998),VALID,(0.184, -0.048, 0.982),(0.000, 0.000, 0.000),64.325,VALID,(0.225, -0.048, 0.973),(-0.032, 0.000, 0.000),0.587,3.768,6.415,0.891,VALID,(0.149, -0.048, 0.988),(0.032, 0.000, 0.000),0.581,3.700,6.373,0.867,0.8159678,0
176425,1000001134282159200,63875741925178,(0.032, 1.439, -0.019),(0.062, -0.026, 0.007, 0.998),VALID,(0.189, -0.038, 0.981),(0.000, 0.000, 0.000),64.325,VALID,(0.228, -0.037, 0.973),(-0.032, 0.000, 0.000),0.589,3.776,6.415,0.890,VALID,(0.154, -0.038, 0.987),(0.032, 0.000, 0.000),0.581,3.702,6.373,0.864,0.8322365,0
176426,1000001134287149500,63875741925178,(0.032, 1.439, -0.019),(0.062, -0.026, 0.007, 0.998),VALID,(0.191, -0.035, 0.981),(0.000, 0.000, 0.000),64.325,VALID,(0.228, -0.034, 0.973),(-0.032, 0.000, 0.000),0.591,3.791,6.415,0.889,VALID,(0.157, -0.035, 0.987),(0.032, 0.000, 0.000),0.581,3.702,6.373,0.861,0.8611184,0
176427,1000001134292156100,63875741925178,(0.032, 1.439, -0.019),(0.062, -0.026, 0.007, 0.998),VALID,(0.192, -0.032, 0.981),(0.000, 0.000, 0.000),64.325,VALID,(0.228, -0.032, 0.973),(-0.032, 0.000, 0.000),0.593,3.807,6.415,0.889,VALID,(0.158, -0.032, 0.987),(0.032, 0.000, 0.000),0.581,3.702,6.373,0.858,0.8826761,0
176428,1000001134297173000,63875741925190,(0.032, 1.439, -0.019),(0.062, -0.026, 0.007, 0.998),VALID,(0.192, -0.031, 0.981),(0.000, 0.000, 0.000),64.325,VALID,(0.228, -0.030, 0.973),(-0.032, 0.000, 0.000),0.594,3.811,6.415,0.889,VALID,(0.159, -0.031, 0.987),(0.032, 0.000, 0.000),0.581,3.702,6.373,0.856,0.9027153,0
176429,1000001134302189900,63875741925190,(0.032, 1.439, -0.019),(0.062, -0.026, 0.007, 0.998),VALID,(0.192, -0.030, 0.981),(0.000, 0.000, 0.000),64.325,VALID,(0.227, -0.030, 0.974),(-0.032, 0.000, 0.000),0.595,3.819,6.415,0.889,VALID,(0.160, -0.030, 0.987),(0.032, 0.000, 0.000),0.581,3.702,6.373,0.855,0.9255853,0
176430,1000001134307213400,63875741925200,(0.032, 1.439, -0.019),(0.062, -0.026, 0.007, 0.998),VALID,(0.192, -0.030, 0.981),(0.000, 0.000, 0.000),64.325,VALID,(0.226, -0.029, 0.974),(-0.032, 0.000, 0.000),0.595,3.814,6.415,0.890,VALID,(0.160, -0.030, 0.987),(0.032, 0.000, 0.000),0.581,3.702,6.373,0.854,0.9411512,0
176431,1000001134312230300,63875741925200,(0.032, 1.439, -0.019),(0.062, -0.026, 0.007, 0.998),VALID,(0.193, -0.029, 0.981),(0.000, 0.000, 0.000),64.325,VALID,(0.226, -0.029, 0.974),(-0.032, 0.000, 0.000),0.594,3.812,6.415,0.890,VALID,(0.161, -0.030, 0.987),(0.032, 0.000, 0.000),0.581,3.701,6.373,0.853,0.9520191,0
176432,1000001134317240700,63875741925211,(0.032, 1.439, -0.019),(0.062, -0.026, 0.007, 0.998),VALID,(0.192, -0.029, 0.981),(0.000, 0.000, 0.000),64.325,VALID,(0.225, -0.029, 0.974),(-0.032, 0.000, 0.000),0.594,3.813,6.415,0.890,VALID,(0.161, -0.029, 0.987),(0.032, 0.000, 0.000),0.581,3.701,6.373,0.853,0.96982,0
176433,1000001134322253100,63875741925212,(0.032, 1.439, -0.019),(0.062, -0.026, 0.007, 0.998),VALID,(0.192, -0.029, 0.981),(0.000, 0.000, 0.000),64.325,VALID,(0.224, -0.029, 0.974),(-0.032, 0.000, 0.000),0.595,3.816,6.415,0.890,VALID,(0.161, -0.029, 0.986),(0.032, 0.000, 0.000),0.581,3.701,6.373,0.852,0.9847448,0
176434,1000001134327272800,63875741925223,(0.032, 1.439, -0.019),(0.062, -0.026, 0.007, 0.998),VALID,(0.192, -0.029, 0.981),(0.000, 0.000, 0.000),64.325,VALID,(0.223, -0.028, 0.974),(-0.032, 0.000, 0.000),0.595,3.819,6.415,0.890,VALID,(0.161, -0.029, 0.986),(0.032, 0.000, 0.000),0.581,3.700,6.373,0.852,0.9989957,0
176435,1000001134332285200,63875741925223,(0.032, 1.439, -0.019),(0.062, -0.026, 0.007, 0.998),VALID,(0.191, -0.028, 0.981),(0.000, 0.000, 0.000),64.325,VALID,(0.222, -0.028, 0.975),(-0.032, 0.000, 0.000),0.599,3.841,6.415,0.890,VALID,(0.162, -0.028, 0.986),(0.032, 0.000, 0.000),0.581,3.700,6.373,0.852,1.025088,0
176436,1000001134337304900,63875741925223,(0.032, 1.439, -0.019),(0.062, -0.026, 0.007, 0.998),VALID,(0.191, -0.028, 0.981),(0.000, 0.000, 0.000),64.325,VALID,(0.221, -0.027, 0.975),(-0.032, 0.000, 0.000),0.601,3.853,6.415,0.890,VALID,(0.162, -0.028, 0.986),(0.032, 0.000, 0.000),0.581,3.700,6.373,0.852,1.049806,0
176437,1000001134342317300,63875741925234,(0.032, 1.439, -0.019),(0.062, -0.026, 0.007, 0.998),VALID,(0.190, -0.027, 0.981),(0.000, 0.000, 0.000),64.325,VALID,(0.220, -0.027, 0.975),(-0.032, 0.000, 0.000),0.602,3.860,6.415,0.890,VALID,(0.162, -0.027, 0.986),(0.032, 0.000, 0.000),0.581,3.700,6.373,0.852,1.071389,0
176438,1000001134347297600,63875741925234,(0.032, 1.439, -0.019),(0.062, -0.026, 0.007, 0.998),VALID,(0.190, -0.027, 0.981),(0.000, 0.000, 0.000),64.325,VALID,(0.219, -0.027, 0.975),(-0.032, 0.000, 0.000),0.602,3.862,6.415,0.891,VALID,(0.162, -0.027, 0.986),(0.032, 0.000, 0.000),0.581,3.700,6.373,0.853,1.090101,0
176439,1000001134352331200,63875741925245,(0.032, 1.439, -0.019),(0.062, -0.026, 0.007, 0.998),VALID,(0.190, -0.027, 0.981),(0.000, 0.000, 0.000),64.325,VALID,(0.218, -0.026, 0.976),(-0.032, 0.000, 0.000),0.602,3.865,6.415,0.891,VALID,(0.162, -0.027, 0.986),(0.032, 0.000, 0.000),0.580,3.699,6.373,0.853,1.111888,0
176440,1000001134357345300,63875741925245,(0.032, 1.439, -0.019),(0.062, -0.026, 0.007, 0.998),VALID,(0.190, -0.026, 0.981),(0.000, 0.000, 0.000),64.325,VALID,(0.217, -0.026, 0.976),(-0.032, 0.000, 0.000),0.603,3.867,6.415,0.892,VALID,(0.163, -0.027, 0.986),(0.032, 0.000, 0.000),0.580,3.699,6.373,0.853,1.130123,0
176441,1000001134362325200,63875741925255,(0.032, 1.439, -0.018),(0.062, -0.026, 0.007, 0.998),VALID,(0.190, -0.027, 0.981),(0.000, 0.000, 0.000),64.325,VALID,(0.217, -0.027, 0.976),(-0.032, 0.000, 0.000),0.600,3.850,6.415,0.892,VALID,(0.163, -0.027, 0.986),(0.032, 0.000, 0.000),0.580,3.699,6.373,0.853,1.140862,0.03779667
176442,1000001134367337600,63875741925255,(0.032, 1.439, -0.018),(0.062, -0.026, 0.007, 0.998),VALID,(0.190, -0.027, 0.981),(0.000, 0.000, 0.000),64.325,VALID,(0.217, -0.027, 0.976),(-0.032, 0.000, 0.000),0.599,3.842,6.415,0.892,VALID,(0.163, -0.028, 0.986),(0.032, 0.000, 0.000),0.580,3.699,6.373,0.854,1.144673,0.4083496
176443,1000001134372377400,63875741925267,(0.032, 1.439, -0.018),(0.062, -0.026, 0.007, 0.998),VALID,(0.189, -0.028, 0.982),(0.000, 0.000, 0.000),64.325,VALID,(0.217, -0.028, 0.976),(-0.032, 0.000, 0.000),0.598,3.839,6.415,0.893,VALID,(0.163, -0.028, 0.986),(0.032, 0.000, 0.000),0.580,3.698,6.373,0.854,1.148942,0.5546923
176444,1000001134377374800,63875741925267,(0.032, 1.439, -0.018),(0.062, -0.026, 0.007, 0.998),VALID,(0.189, -0.028, 0.982),(0.000, 0.000, 0.000),64.325,VALID,(0.216, -0.028, 0.976),(-0.032, 0.000, 0.000),0.599,3.845,6.415,0.893,VALID,(0.163, -0.028, 0.986),(0.032, 0.000, 0.000),0.580,3.698,6.373,0.855,1.162644,0.7760471
176445,1000001134382383900,63875741925267,(0.032, 1.439, -0.018),(0.062, -0.026, 0.007, 0.998),VALID,(0.189, -0.028, 0.982),(0.000, 0.000, 0.000),64.325,VALID,(0.216, -0.028, 0.976),(-0.032, 0.000, 0.000),0.600,3.848,6.415,0.893,VALID,(0.163, -0.028, 0.986),(0.032, 0.000, 0.000),0.580,3.698,6.373,0.855,1.173906,0.9309848
176446,1000001134387390600,63875741925278,(0.032, 1.439, -0.018),(0.062, -0.026, 0.007, 0.998),VALID,(0.189, -0.029, 0.982),(0.000, 0.000, 0.000),64.325,VALID,(0.215, -0.029, 0.976),(-0.032, 0.000, 0.000),0.600,3.847,6.415,0.894,VALID,(0.163, -0.029, 0.986),(0.032, 0.000, 0.000),0.580,3.697,6.373,0.856,1.183173,0.9146894
176447,1000001134392399700,63875741925278,(0.032, 1.439, -0.018),(0.062, -0.026, 0.007, 0.998),VALID,(0.189, -0.029, 0.982),(0.000, 0.000, 0.000),64.325,VALID,(0.215, -0.029, 0.976),(-0.032, 0.000, 0.000),0.598,3.836,6.415,0.894,VALID,(0.163, -0.029, 0.986),(0.032, 0.000, 0.000),0.580,3.697,6.373,0.857,1.188646,0.8959359
176448,1000001134397406400,63875741925289,(0.032, 1.439, -0.018),(0.062, -0.026, 0.008, 0.998),VALID,(0.189, -0.030, 0.982),(0.000, 0.000, 0.000),64.325,VALID,(0.215, -0.030, 0.976),(-0.032, 0.000, 0.000),0.597,3.831,6.415,0.895,VALID,(0.163, -0.030, 0.986),(0.032, 0.000, 0.000),0.580,3.697,6.373,0.857,1.187679,0.9047158
176449,1000001134402413800,63875741925289,(0.032, 1.439, -0.018),(0.062, -0.026, 0.008, 0.998),VALID,(0.189, -0.030, 0.982),(0.000, 0.000, 0.000),64.325,VALID,(0.215, -0.030, 0.976),(-0.032, 0.000, 0.000),0.597,3.831,6.415,0.896,VALID,(0.163, -0.030, 0.986),(0.032, 0.000, 0.000),0.580,3.696,6.373,0.858,1.196002,0.9248434
176450,1000001134407420500,63875741925294,(0.032, 1.439, -0.018),(0.062, -0.026, 0.007, 0.998),VALID,(0.189, -0.030, 0.982),(0.000, 0.000, 0.000),64.325,VALID,(0.215, -0.030, 0.976),(-0.032, 0.000, 0.000),0.597,3.830,6.415,0.896,VALID,(0.163, -0.031, 0.986),(0.032, 0.000, 0.000),0.580,3.696,6.373,0.859,1.198817,0.9068923
176451,1000001134412427200,63875741925304,(0.032, 1.439, -0.018),(0.062, -0.026, 0.007, 0.998),VALID,(0.189, -0.031, 0.982),(0.000, 0.000, 0.000),64.325,VALID,(0.215, -0.031, 0.976),(-0.032, 0.000, 0.000),0.597,3.829,6.415,0.899,VALID,(0.164, -0.031, 0.986),(0.032, 0.000, 0.000),0.580,3.696,6.373,0.860,2,0.9139833
176452,1000001134417433900,63875741925304,(0.032, 1.439, -0.018),(0.062, -0.026, 0.007, 0.998),VALID,(0.189, -0.031, 0.982),(0.000, 0.000, 0.000),64.325,VALID,(0.215, -0.031, 0.976),(-0.032, 0.000, 0.000),0.597,3.827,6.415,0.900,VALID,(0.164, -0.031, 0.986),(0.032, 0.000, 0.000),0.580,3.696,6.373,0.861,2,0.9001473
176453,1000001134422440600,63875741925316,(0.031, 1.439, -0.018),(0.062, -0.026, 0.007, 0.998),VALID,(0.189, -0.031, 0.982),(0.000, 0.000, 0.000),64.325,VALID,(0.215, -0.031, 0.976),(-0.032, 0.000, 0.000),0.596,3.826,6.415,0.901,VALID,(0.164, -0.031, 0.986),(0.032, 0.000, 0.000),0.580,3.696,6.373,0.862,2,0.9079082
176454,1000001134427483300,63875741925316,(0.031, 1.439, -0.018),(0.062, -0.026, 0.007, 0.998),VALID,(0.189, -0.032, 0.982),(0.000, 0.000, 0.000),64.325,VALID,(0.215, -0.031, 0.976),(-0.032, 0.000, 0.000),0.596,3.825,6.415,0.901,VALID,(0.164, -0.032, 0.986),(0.032, 0.000, 0.000),0.580,3.697,6.373,0.863,2,0.9396884
176455,1000001134432488400,63875741925326,(0.032, 1.439, -0.018),(0.061, -0.026, 0.007, 0.998),VALID,(0.189, -0.032, 0.982),(0.000, 0.000, 0.000),64.325,VALID,(0.214, -0.032, 0.976),(-0.032, 0.000, 0.000),0.596,3.824,6.415,0.901,VALID,(0.164, -0.032, 0.986),(0.032, 0.000, 0.000),0.580,3.697,6.373,0.864,2,0.9370805
176456,1000001134437516000,63875741925326,(0.032, 1.439, -0.018),(0.061, -0.026, 0.007, 0.998),VALID,(0.189, -0.032, 0.982),(0.000, 0.000, 0.000),64.325,VALID,(0.214, -0.032, 0.976),(-0.032, 0.000, 0.000),0.596,3.823,6.415,0.902,VALID,(0.164, -0.032, 0.986),(0.032, 0.000, 0.000),0.580,3.698,6.373,0.864,2,0.9226958
176457,1000001134442521100,63875741925326,(0.032, 1.439, -0.018),(0.061, -0.026, 0.007, 0.998),VALID,(0.189, -0.032, 0.981),(0.000, 0.000, 0.000),64.325,VALID,(0.214, -0.032, 0.976),(-0.032, 0.000, 0.000),0.596,3.823,6.415,0.902,VALID,(0.164, -0.032, 0.986),(0.032, 0.000, 0.000),0.580,3.699,6.373,0.865,2,0.9086495
176458,1000001134447564000,63875741925337,(0.031, 1.439, -0.018),(0.061, -0.026, 0.007, 0.998),VALID,(0.189, -0.032, 0.982),(0.000, 0.000, 0.000),64.325,VALID,(0.214, -0.032, 0.976),(-0.032, 0.000, 0.000),0.596,3.823,6.415,0.903,VALID,(0.164, -0.032, 0.986),(0.032, 0.000, 0.000),0.581,3.700,6.373,0.866,2,0.9098048
176459,1000001134452563800,63875741925337,(0.031, 1.439, -0.018),(0.061, -0.026, 0.007, 0.998),VALID,(0.189, -0.032, 0.981),(0.000, 0.000, 0.000),64.325,VALID,(0.214, -0.032, 0.976),(-0.032, 0.000, 0.000),0.594,3.811,6.415,0.903,VALID,(0.164, -0.033, 0.986),(0.032, 0.000, 0.000),0.581,3.701,6.373,0.867,2,0.8838698
176460,1000001134457545900,63875741925353,(0.031, 1.439, -0.018),(0.061, -0.026, 0.007, 0.998),VALID,(0.189, -0.033, 0.981),(0.000, 0.000, 0.000),64.325,VALID,(0.214, -0.032, 0.976),(-0.032, 0.000, 0.000),0.593,3.805,6.415,0.904,VALID,(0.164, -0.033, 0.986),(0.032, 0.000, 0.000),0.581,3.702,6.373,0.867,2,0.9427171
176461,1000001134462566700,63875741925353,(0.031, 1.439, -0.018),(0.061, -0.026, 0.007, 0.998),VALID,(0.189, -0.033, 0.981),(0.000, 0.000, 0.000),64.325,VALID,(0.214, -0.033, 0.976),(-0.032, 0.000, 0.000),0.593,3.803,6.415,0.904,VALID,(0.164, -0.033, 0.986),(0.032, 0.000, 0.000),0.581,3.703,6.373,0.868,2,0.9302633
176462,1000001134467580000,63875741925359,(0.031, 1.439, -0.018),(0.062, -0.026, 0.007, 0.998),VALID,(0.188, -0.034, 0.982),(0.000, 0.000, 0.000),64.325,VALID,(0.214, -0.034, 0.976),(-0.032, 0.000, 0.000),0.593,3.801,6.415,0.905,VALID,(0.163, -0.034, 0.986),(0.032, 0.000, 0.000),0.581,3.706,6.373,0.869,2,0.6120633
176463,1000001134472579800,63875741925359,(0.031, 1.439, -0.018),(0.062, -0.026, 0.007, 0.998),VALID,(0.185, -0.036, 0.982),(0.000, 0.000, 0.000),64.325,VALID,(0.215, -0.036, 0.976),(-0.032, 0.000, 0.000),0.591,3.792,6.415,0.905,VALID,(0.162, -0.036, 0.986),(0.032, 0.000, 0.000),0.583,3.717,6.373,0.870,1.185662,0.3078441
176464,1000001134477579600,63875741925370,(0.031, 1.439, -0.018),(0.062, -0.026, 0.007, 0.998),VALID,(0.184, -0.036, 0.982),(0.000, 0.000, 0.000),64.325,VALID,(0.214, -0.035, 0.976),(-0.032, 0.000, 0.000),0.594,3.808,6.415,0.905,VALID,(0.163, -0.036, 0.986),(0.032, 0.000, 0.000),0.585,3.728,6.373,0.872,2,0
176465,1000001134482621400,63875741925370,(0.031, 1.439, -0.018),(0.062, -0.026, 0.007, 0.998),VALID,(0.185, -0.034, 0.982),(0.000, 0.000, 0.000),64.325,VALID,(0.216, -0.034, 0.976),(-0.032, 0.000, 0.000),0.595,3.815,6.415,0.904,VALID,(0.165, -0.034, 0.986),(0.032, 0.000, 0.000),0.587,3.740,6.373,0.872,2,0
176466,1000001134487634700,63875741925381,(0.031, 1.439, -0.018),(0.062, -0.026, 0.006, 0.998),VALID,(0.186, -0.027, 0.982),(0.000, 0.000, 0.000),64.325,VALID,(0.217, -0.027, 0.976),(-0.032, 0.000, 0.000),0.593,3.802,6.415,0.904,VALID,(0.167, -0.027, 0.986),(0.032, 0.000, 0.000),0.588,3.747,6.373,0.873,2,0
176467,1000001134492648000,63875741925381,(0.031, 1.439, -0.018),(0.062, -0.026, 0.006, 0.998),VALID,(0.187, -0.018, 0.982),(0.000, 0.000, 0.000),64.325,VALID,(0.218, -0.017, 0.976),(-0.032, 0.000, 0.000),0.594,3.811,6.415,0.903,VALID,(0.172, -0.018, 0.985),(0.032, 0.000, 0.000),0.590,3.762,6.373,0.872,2,0
176468,1000001134497661300,63875741925392,(0.031, 1.439, -0.018),(0.062, -0.026, 0.006, 0.998),VALID,(0.185, 0.017, 0.983),(0.000, 0.000, 0.000),64.325,VALID,(0.219, 0.017, 0.976),(-0.032, 0.000, 0.000),0.603,3.867,6.415,0.903,VALID,(0.168, 0.017, 0.986),(0.032, 0.000, 0.000),0.592,3.774,6.373,0.872,2,0
176469,1000001134502750400,63875741925392,(0.031, 1.439, -0.018),(0.062, -0.026, 0.006, 0.998),VALID,(0.191, 0.056, 0.980),(0.000, 0.000, 0.000),64.325,VALID,(0.223, 0.056, 0.973),(-0.032, 0.000, 0.000),0.599,3.846,6.415,0.896,VALID,(0.181, 0.056, 0.982),(0.032, 0.000, 0.000),0.594,3.789,6.373,0.872,2,0
176470,1000001134507763700,63875741925392,(0.031, 1.439, -0.018),(0.062, -0.026, 0.006, 0.998),VALID,(0.202, 0.087, 0.975),(0.000, 0.000, 0.000),64.325,VALID,(0.229, 0.087, 0.970),(-0.032, 0.000, 0.000),0.603,3.869,6.415,0.887,VALID,(0.200, 0.087, 0.976),(0.032, 0.000, 0.000),0.595,3.792,6.373,0.873,2,0
176471,1000001134512724700,63875741925403,(0.031, 1.439, -0.018),(0.062, -0.026, 0.006, 0.998),VALID,(0.216, 0.114, 0.970),(0.000, 0.000, 0.000),64.325,VALID,(0.236, 0.113, 0.965),(-0.032, 0.000, 0.000),0.599,3.845,6.415,0.879,VALID,(0.216, 0.114, 0.970),(0.032, 0.000, 0.000),0.595,3.793,6.373,0.874,2,0
176472,1000001134517667200,63875741925415,(0.031, 1.439, -0.018),(0.062, -0.026, 0.006, 0.998),VALID,(0.229, 0.129, 0.965),(0.000, 0.000, 0.000),64.325,VALID,(0.248, 0.129, 0.960),(-0.032, 0.000, 0.000),0.590,3.784,6.415,0.872,VALID,(0.227, 0.129, 0.965),(0.032, 0.000, 0.000),0.595,3.790,6.373,0.876,2,0
176473,1000001134522680500,63875741925415,(0.031, 1.439, -0.018),(0.062, -0.026, 0.006, 0.998),VALID,(0.256, 0.161, 0.953),(0.000, 0.000, 0.000),64.325,VALID,(0.266, 0.161, 0.950),(-0.032, 0.000, 0.000),0.548,3.516,6.415,0.866,VALID,(0.222, 0.165, 0.961),(0.032, 0.000, 0.000),0.562,3.579,6.373,0.877,2,0
176474,1000001134527742900,63875741925415,(0.031, 1.439, -0.018),(0.062, -0.026, 0.006, 0.998),VALID,(0.279, 0.179, 0.943),(0.000, 0.000, 0.000),64.325,VALID,(0.284, 0.179, 0.942),(-0.032, 0.000, 0.000),0.537,3.445,6.415,0.862,VALID,(0.218, 0.190, 0.957),(0.032, 0.000, 0.000),0.557,3.552,6.373,0.879,0.9051563,0
176475,1000001134532763700,63875741925426,(0.031, 1.439, -0.018),(0.062, -0.026, 0.006, 0.998),VALID,(0.297, 0.194, 0.935),(0.000, 0.000, 0.000),64.325,VALID,(0.298, 0.194, 0.935),(-0.032, 0.000, 0.000),0.532,3.411,6.415,0.860,VALID,(0.216, 0.208, 0.954),(0.032, 0.000, 0.000),0.556,3.545,6.373,0.882,0.7175109,0
176476,1000001134537786400,63875741925426,(0.031, 1.439, -0.018),(0.062, -0.026, 0.006, 0.998),VALID,(0.308, 0.204, 0.929),(0.000, 0.000, 0.000),64.325,VALID,(0.308, 0.204, 0.929),(-0.032, 0.000, 0.000),0.528,3.388,6.415,0.857,VALID,(0.215, 0.221, 0.951),(0.032, 0.000, 0.000),0.556,3.544,6.373,0.886,0.6278501,0
176477,1000001134542807200,63875741925436,(0.031, 1.439, -0.018),(0.062, -0.026, 0.006, 0.998),VALID,(0.316, 0.210, 0.925),(0.000, 0.000, 0.000),64.325,VALID,(0.316, 0.210, 0.925),(-0.032, 0.000, 0.000),0.527,3.381,6.415,0.856,VALID,(0.214, 0.229, 0.950),(0.032, 0.000, 0.000),0.556,3.543,6.373,0.888,0.576053,0
176478,1000001134547828000,63875741925436,(0.031, 1.439, -0.018),(0.062, -0.026, 0.006, 0.998),VALID,(0.322, 0.214, 0.922),(0.000, 0.000, 0.000),64.325,VALID,(0.321, 0.214, 0.922),(-0.032, 0.000, 0.000),0.526,3.375,6.415,0.855,VALID,(0.213, 0.235, 0.948),(0.032, 0.000, 0.000),0.556,3.542,6.373,0.891,0.5419029,0
176479,1000001134552836400,63875741925437,(0.031, 1.439, -0.018),(0.062, -0.026, 0.006, 0.998),VALID,(0.325, 0.198, 0.925),(0.000, 0.000, 0.000),64.325,VALID,(0.324, 0.198, 0.925),(-0.032, 0.000, 0.000),0.522,3.351,6.415,0.853,VALID,(0.212, 0.238, 0.948),(0.032, 0.000, 0.000),0.556,3.541,6.373,0.893,0.4907973,0
176480,1000001134557788400,63875741925448,(0.031, 1.439, -0.018),(0.062, -0.026, 0.006, 0.998),VALID,(0.328, 0.205, 0.922),(0.000, 0.000, 0.000),64.325,VALID,(0.327, 0.205, 0.923),(-0.032, 0.000, 0.000),0.522,3.347,6.415,0.852,VALID,(0.212, 0.239, 0.948),(0.032, 0.000, 0.000),0.555,3.539,6.373,0.893,0.4894303,0
176481,1000001134562802500,63875741925449,(0.031, 1.439, -0.018),(0.062, -0.026, 0.006, 0.998),VALID,(0.328, 0.196, 0.924),(0.000, 0.000, 0.000),64.325,VALID,(0.330, 0.196, 0.923),(-0.032, 0.000, 0.000),0.522,3.348,6.415,0.848,VALID,(0.238, 0.220, 0.946),(0.032, 0.000, 0.000),0.550,3.508,6.373,0.892,0.6163059,0
176482,1000001134567861500,63875741925459,(0.031, 1.439, -0.018),(0.062, -0.026, 0.005, 0.998),VALID,(0.330, 0.202, 0.922),(0.000, 0.000, 0.000),64.325,VALID,(0.332, 0.202, 0.921),(-0.032, 0.000, 0.000),0.524,3.360,6.415,0.843,VALID,(0.235, 0.225, 0.946),(0.032, 0.000, 0.000),0.554,3.529,6.373,0.890,0.5928419,0
176483,1000001134572875600,63875741925459,(0.031, 1.439, -0.018),(0.062, -0.026, 0.005, 0.998),VALID,(0.333, 0.204, 0.921),(0.000, 0.000, 0.000),64.325,VALID,(0.334, 0.204, 0.920),(-0.032, 0.000, 0.000),0.525,3.370,6.415,0.830,VALID,(0.234, 0.220, 0.947),(0.032, 0.000, 0.000),0.548,3.494,6.373,0.883,0.5823554,0
176484,1000001134577879700,63875741925471,(0.031, 1.439, -0.018),(0.061, -0.026, 0.005, 0.998),VALID,(0.203, 0.566, 0.799),(0.000, 0.000, 0.000),64.325,VALID,(0.197, 0.567, 0.800),(-0.032, 0.000, 0.000),0.525,3.371,6.415,0.809,VALID,(0.243, 0.241, 0.940),(0.032, 0.000, 0.000),0.620,3.950,6.373,0.865,2,0
176485,1000001134582875200,63875741925572,(0.031, 1.440, -0.019),(0.060, -0.025, 0.004, 0.998),INVALID,,,,INVALID,,,,,,,INVALID,,,,,,,,
176486,1000001134587883600,63875741925572,(0.031, 1.440, -0.019),(0.060, -0.025, 0.004, 0.998),INVALID,,,,INVALID,,,,,,,INVALID,,,,,,,,
176487,1000001134592897700,63875741925572,(0.031, 1.440, -0.019),(0.060, -0.025, 0.004, 0.998),INVALID,,,,INVALID,,,,,,,INVALID,,,,,,,,
176488,1000001134597911800,63875741925572,(0.031, 1.440, -0.019),(0.060, -0.025, 0.004, 0.998),INVALID,,,,INVALID,,,,,,,INVALID,,,,,,,,
176489,1000001134602955900,63875741925572,(0.031, 1.440, -0.019),(0.060, -0.025, 0.004, 0.998),INVALID,,,,INVALID,,,,,,,INVALID,,,,,,,,
176490,1000001134607964300,63875741925572,(0.031, 1.440, -0.019),(0.060, -0.025, 0.004, 0.998),INVALID,,,,INVALID,,,,,,,INVALID,,,,,,,,
176491,1000001134612911700,63875741925572,(0.031, 1.440, -0.019),(0.060, -0.025, 0.004, 0.998),INVALID,,,,INVALID,,,,,,,INVALID,,,,,,,,
176492,1000001134617932400,63875741925572,(0.031, 1.440, -0.019),(0.060, -0.025, 0.004, 0.998),INVALID,,,,INVALID,,,,,,,INVALID,,,,,,,,
176493,1000001134622946500,63875741925572,(0.031, 1.440, -0.019),(0.060, -0.025, 0.004, 0.998),INVALID,,,,INVALID,,,,,,,INVALID,,,,,,,,
176494,1000001134627953300,63875741925572,(0.031, 1.440, -0.019),(0.060, -0.025, 0.004, 0.998),INVALID,,,,INVALID,,,,,,,INVALID,,,,,,,,
176495,1000001134632967400,63875741925572,(0.031, 1.440, -0.019),(0.060, -0.025, 0.004, 0.998),INVALID,,,,INVALID,,,,,,,INVALID,,,,,,,,
176496,1000001134637981500,63875741925572,(0.031, 1.440, -0.019),(0.060, -0.025, 0.004, 0.998),INVALID,,,,INVALID,,,,,,,INVALID,,,,,,,,
176497,1000001134643002200,63875741925572,(0.031, 1.440, -0.019),(0.060, -0.025, 0.004, 0.998),INVALID,,,,INVALID,,,,,,,INVALID,,,,,,,,
176498,1000001134648052500,63875741925572,(0.031, 1.440, -0.019),(0.060, -0.025, 0.004, 0.998),INVALID,,,,INVALID,,,,,,,INVALID,,,,,,,,
176499,1000001134653073200,63875741925572,(0.031, 1.440, -0.019),(0.060, -0.025, 0.004, 0.998),INVALID,,,,INVALID,,,,,,,INVALID,,,,,,,,
176500,1000001134658042400,63875741925572,(0.031, 1.440, -0.019),(0.060, -0.025, 0.004, 0.998),INVALID,,,,INVALID,,,,,,,INVALID,,,,,,,,
176501,1000001134663056500,63875741925572,(0.031, 1.440, -0.019),(0.060, -0.025, 0.004, 0.998),INVALID,,,,INVALID,,,,,,,INVALID,,,,,,,,
176502,1000001134668058700,63875741925572,(0.031, 1.440, -0.019),(0.060, -0.025, 0.004, 0.998),INVALID,,,,INVALID,,,,,,,INVALID,,,,,,,,
176503,1000001134673072800,63875741925572,(0.031, 1.440, -0.019),(0.060, -0.025, 0.004, 0.998),INVALID,,,,INVALID,,,,,,,INVALID,,,,,,,,
176504,1000001134678095200,63875741925572,(0.031, 1.440, -0.019),(0.060, -0.025, 0.004, 0.998),INVALID,,,,INVALID,,,,,,,INVALID,,,,,,,,
176505,1000001134683115900,63875741925572,(0.031, 1.440, -0.019),(0.060, -0.025, 0.004, 0.998),INVALID,,,,INVALID,,,,,,,INVALID,,,,,,,,
176506,1000001134688136600,63875741925572,(0.031, 1.440, -0.019),(0.060, -0.025, 0.004, 0.998),VALID,(0.253, 0.682, 0.686),(0.000, 0.000, 0.000),64.325,INVALID,,,,,,,VALID,(0.337, 0.586, 0.737),(0.032, 0.000, 0.000),0.509,3.242,6.373,,2,0
176507,1000001134693141600,63875741925584,(0.031, 1.440, -0.019),(0.060, -0.025, 0.004, 0.998),VALID,(0.337, 0.686, 0.645),(0.000, 0.000, 0.000),64.325,INVALID,,,,,,,VALID,(0.390, 0.649, 0.654),(0.032, 0.000, 0.000),0.507,3.231,6.373,,2,0
176508,1000001134698135700,63875741925584,(0.031, 1.440, -0.019),(0.060, -0.025, 0.004, 0.998),VALID,(0.394, 0.677, 0.621),(0.000, 0.000, 0.000),64.325,VALID,(0.291, 0.173, 0.941),(-0.032, 0.000, 0.000),0.473,3.037,6.415,0.805,VALID,(0.422, 0.661, 0.621),(0.032, 0.000, 0.000),0.507,3.230,6.373,0.751,2,0
176509,1000001134703156400,63875741925594,(0.031, 1.440, -0.019),(0.059, -0.025, 0.004, 0.998),VALID,(0.427, 0.671, 0.606),(0.000, 0.000, 0.000),64.325,VALID,(0.290, 0.178, 0.940),(-0.032, 0.000, 0.000),0.476,3.051,6.415,0.812,VALID,(0.441, 0.663, 0.605),(0.032, 0.000, 0.000),0.513,3.270,6.373,0.765,2,0
176510,1000001134708177100,63875741925594,(0.031, 1.440, -0.019),(0.059, -0.025, 0.004, 0.998),VALID,(0.399, 0.586, 0.706),(0.000, 0.000, 0.000),64.325,VALID,(0.225, 0.433, 0.873),(-0.032, 0.000, 0.000),0.478,3.065,6.415,0.810,VALID,(0.398, 0.569, 0.719),(0.032, 0.000, 0.000),0.515,3.284,6.373,0.781,2,0
176511,1000001134713197700,63875741925605,(0.031, 1.440, -0.019),(0.059, -0.025, 0.004, 0.998),VALID,(0.390, 0.489, 0.781),(0.000, 0.000, 0.000),64.325,VALID,(0.235, 0.389, 0.891),(-0.032, 0.000, 0.000),0.478,3.069,6.415,0.814,VALID,(0.402, 0.491, 0.773),(0.032, 0.000, 0.000),0.517,3.297,6.373,0.796,2,0
176512,1000001134718190000,63875741925605,(0.031, 1.440, -0.019),(0.059, -0.025, 0.004, 0.998),VALID,(0.336, 0.360, 0.871),(0.000, 0.000, 0.000),64.325,VALID,(0.238, 0.374, 0.896),(-0.032, 0.000, 0.000),0.480,3.078,6.415,0.814,VALID,(0.352, 0.370, 0.860),(0.032, 0.000, 0.000),0.522,3.329,6.373,0.813,2,0
176513,1000001134723210600,63875741925616,(0.031, 1.440, -0.019),(0.059, -0.025, 0.004, 0.998),VALID,(0.278, 0.275, 0.920),(0.000, 0.000, 0.000),64.325,VALID,(0.246, 0.331, 0.911),(-0.032, 0.000, 0.000),0.481,3.083,6.415,0.814,VALID,(0.291, 0.283, 0.914),(0.032, 0.000, 0.000),0.525,3.348,6.373,0.827,2,0
176514,1000001134728215600,63875741925616,(0.031, 1.440, -0.019),(0.059, -0.025, 0.004, 0.998),VALID,(0.239, 0.239, 0.941),(0.000, 0.000, 0.000),64.325,VALID,(0.251, 0.286, 0.925),(-0.032, 0.000, 0.000),0.471,3.024,6.415,0.814,VALID,(0.247, 0.244, 0.938),(0.032, 0.000, 0.000),0.530,3.381,6.373,0.840,2,0
176515,1000001134733249700,63875741925628,(0.031, 1.439, -0.019),(0.059, -0.025, 0.004, 0.998),VALID,(0.217, 0.226, 0.950),(0.000, 0.000, 0.000),64.325,VALID,(0.254, 0.253, 0.933),(-0.032, 0.000, 0.000),0.467,2.998,6.415,0.816,VALID,(0.221, 0.228, 0.948),(0.032, 0.000, 0.000),0.562,3.580,6.373,0.851,2,0
176516,1000001134738254700,63875741925628,(0.031, 1.439, -0.019),(0.059, -0.025, 0.004, 0.998),VALID,(0.206, 0.223, 0.953),(0.000, 0.000, 0.000),64.325,VALID,(0.255, 0.238, 0.937),(-0.032, 0.000, 0.000),0.468,3.005,6.415,0.816,VALID,(0.209, 0.224, 0.952),(0.032, 0.000, 0.000),0.569,3.625,6.373,0.860,2,0
176517,1000001134743259000,63875741925628,(0.031, 1.439, -0.019),(0.059, -0.025, 0.004, 0.998),VALID,(0.188, 0.238, 0.953),(0.000, 0.000, 0.000),64.325,VALID,(0.256, 0.228, 0.939),(-0.032, 0.000, 0.000),0.470,3.013,6.415,0.818,VALID,(0.189, 0.239, 0.952),(0.032, 0.000, 0.000),0.573,3.652,6.373,0.870,0.897624,0
176518,1000001134748245500,63875741925640,(0.031, 1.439, -0.019),(0.059, -0.025, 0.004, 0.998),VALID,(0.195, 0.236, 0.952),(0.000, 0.000, 0.000),64.325,VALID,(0.256, 0.222, 0.941),(-0.032, 0.000, 0.000),0.470,3.017,6.415,0.819,VALID,(0.196, 0.236, 0.952),(0.032, 0.000, 0.000),0.575,3.664,6.373,0.878,0.9698476,0
176519,1000001134753250500,63875741925640,(0.031, 1.439, -0.019),(0.059, -0.025, 0.004, 0.998),VALID,(0.200, 0.236, 0.951),(0.000, 0.000, 0.000),64.325,VALID,(0.257, 0.218, 0.942),(-0.032, 0.000, 0.000),0.471,3.019,6.415,0.819,VALID,(0.200, 0.236, 0.951),(0.032, 0.000, 0.000),0.578,3.680,6.373,0.885,1.010672,0
176520,1000001134758255500,63875741925651,(0.031, 1.439, -0.019),(0.059, -0.024, 0.003, 0.998),VALID,(0.192, 0.249, 0.949),(0.000, 0.000, 0.000),64.325,VALID,(0.257, 0.216, 0.942),(-0.032, 0.000, 0.000),0.471,3.022,6.415,0.820,VALID,(0.192, 0.249, 0.949),(0.032, 0.000, 0.000),0.581,3.702,6.373,0.892,0.7790405,0
176521,1000001134763300900,63875741925651,(0.031, 1.439, -0.019),(0.059, -0.024, 0.003, 0.998),VALID,(0.189, 0.260, 0.947),(0.000, 0.000, 0.000),64.325,VALID,(0.257, 0.215, 0.942),(-0.032, 0.000, 0.000),0.471,3.024,6.415,0.821,VALID,(0.189, 0.260, 0.947),(0.032, 0.000, 0.000),0.585,3.730,6.373,0.899,0.653298,0
176522,1000001134768313900,63875741925661,(0.031, 1.439, -0.019),(0.059, -0.024, 0.003, 0.998),VALID,(0.187, 0.268, 0.945),(0.000, 0.000, 0.000),64.325,VALID,(0.257, 0.216, 0.942),(-0.032, 0.000, 0.000),0.472,3.027,6.415,0.822,VALID,(0.188, 0.268, 0.945),(0.032, 0.000, 0.000),0.587,3.742,6.373,0.905,0.5945332,0
176523,1000001134773318900,63875741925661,(0.031, 1.439, -0.019),(0.059, -0.024, 0.003, 0.998),VALID,(0.199, 0.267, 0.943),(0.000, 0.000, 0.000),64.325,VALID,(0.256, 0.220, 0.941),(-0.032, 0.000, 0.000),0.478,3.066,6.415,0.824,VALID,(0.199, 0.267, 0.943),(0.032, 0.000, 0.000),0.590,3.758,6.373,0.911,0.6794162,0
176524,1000001134778328500,63875741925672,(0.031, 1.439, -0.019),(0.059, -0.024, 0.003, 0.998),VALID,(0.206, 0.268, 0.941),(0.000, 0.000, 0.000),64.325,VALID,(0.255, 0.230, 0.939),(-0.032, 0.000, 0.000),0.525,3.368,6.415,0.825,VALID,(0.206, 0.268, 0.941),(0.032, 0.000, 0.000),0.591,3.769,6.373,0.916,0.8138739,0
176525,1000001134783333500,63875741925672,(0.031, 1.439, -0.019),(0.059, -0.024, 0.003, 0.998),VALID,(0.211, 0.271, 0.939),(0.000, 0.000, 0.000),64.325,VALID,(0.254, 0.237, 0.938),(-0.032, 0.000, 0.000),0.534,3.427,6.415,0.827,VALID,(0.211, 0.271, 0.939),(0.032, 0.000, 0.000),0.593,3.777,6.373,0.922,0.9098554,0
176526,1000001134788359100,63875741925684,(0.031, 1.439, -0.019),(0.059, -0.024, 0.003, 0.998),VALID,(0.215, 0.275, 0.937),(0.000, 0.000, 0.000),64.325,VALID,(0.252, 0.242, 0.937),(-0.032, 0.000, 0.000),0.541,3.473,6.415,0.828,VALID,(0.215, 0.274, 0.937),(0.032, 0.000, 0.000),0.593,3.782,6.373,0.927,2,0
176527,1000001134793368700,63875741925684,(0.031, 1.439, -0.019),(0.059, -0.024, 0.003, 0.998),VALID,(0.218, 0.279, 0.935),(0.000, 0.000, 0.000),64.325,VALID,(0.249, 0.246, 0.937),(-0.032, 0.000, 0.000),0.551,3.536,6.415,0.829,VALID,(0.218, 0.278, 0.935),(0.032, 0.000, 0.000),0.595,3.794,6.373,0.932,2,0
176528,1000001134798389000,63875741925684,(0.031, 1.439, -0.019),(0.059, -0.024, 0.003, 0.998),VALID,(0.220, 0.283, 0.934),(0.000, 0.000, 0.000),64.325,VALID,(0.246, 0.250, 0.937),(-0.032, 0.000, 0.000),0.559,3.587,6.415,0.831,VALID,(0.220, 0.283, 0.934),(0.032, 0.000, 0.000),0.597,3.806,6.373,0.937,2,0
176529,1000001134803389300,63875741925694,(0.031, 1.439, -0.019),(0.059, -0.024, 0.003, 0.998),VALID,(0.222, 0.287, 0.932),(0.000, 0.000, 0.000),64.325,VALID,(0.243, 0.251, 0.937),(-0.032, 0.000, 0.000),0.567,3.641,6.415,0.833,VALID,(0.223, 0.287, 0.932),(0.032, 0.000, 0.000),0.600,3.821,6.373,0.942,2,0
176530,1000001134808404700,63875741925694,(0.031, 1.439, -0.019),(0.059, -0.024, 0.003, 0.998),VALID,(0.222, 0.287, 0.932),(0.000, 0.000, 0.000),64.325,VALID,(0.240, 0.254, 0.937),(-0.032, 0.000, 0.000),0.569,3.652,6.415,0.834,VALID,(0.223, 0.287, 0.932),(0.032, 0.000, 0.000),0.595,3.795,6.373,0.947,2,0
176531,1000001134813405000,63875741925704,(0.031, 1.439, -0.019),(0.059, -0.024, 0.003, 0.998),VALID,(0.222, 0.286, 0.932),(0.000, 0.000, 0.000),64.325,VALID,(0.237, 0.258, 0.937),(-0.032, 0.000, 0.000),0.572,3.672,6.415,0.835,VALID,(0.223, 0.286, 0.932),(0.032, 0.000, 0.000),0.592,3.774,6.373,0.951,2,0
176532,1000001134818414600,63875741925714,(0.031, 1.439, -0.019),(0.059, -0.024, 0.003, 0.998),VALID,(0.222, 0.284, 0.933),(0.000, 0.000, 0.000),64.325,VALID,(0.234, 0.263, 0.936),(-0.032, 0.000, 0.000),0.573,3.678,6.415,0.837,VALID,(0.222, 0.284, 0.933),(0.032, 0.000, 0.000),0.590,3.759,6.373,0.956,2,0
176533,1000001134823461300,63875741925714,(0.031, 1.439, -0.019),(0.059, -0.024, 0.003, 0.998),VALID,(0.222, 0.283, 0.933),(0.000, 0.000, 0.000),64.325,VALID,(0.231, 0.268, 0.935),(-0.032, 0.000, 0.000),0.574,3.682,6.415,0.837,VALID,(0.222, 0.283, 0.933),(0.032, 0.000, 0.000),0.588,3.748,6.373,0.960,2,0
176534,1000001134828461600,63875741925725,(0.031, 1.439, -0.019),(0.059, -0.024, 0.002, 0.998),VALID,(0.222, 0.281, 0.934),(0.000, 0.000, 0.000),64.325,VALID,(0.229, 0.272, 0.935),(-0.032, 0.000, 0.000),0.574,3.683,6.415,0.839,VALID,(0.222, 0.281, 0.934),(0.032, 0.000, 0.000),0.587,3.741,6.373,0.964,2,0
176535,1000001134833483200,63875741925725,(0.031, 1.439, -0.019),(0.059, -0.024, 0.002, 0.998),VALID,(0.221, 0.280, 0.934),(0.000, 0.000, 0.000),64.325,VALID,(0.228, 0.275, 0.934),(-0.032, 0.000, 0.000),0.574,3.683,6.415,0.841,VALID,(0.221, 0.280, 0.934),(0.032, 0.000, 0.000),0.586,3.735,6.373,0.968,2,0
176536,1000001134838492800,63875741925725,(0.031, 1.439, -0.019),(0.059, -0.024, 0.002, 0.998),VALID,(0.221, 0.279, 0.935),(0.000, 0.000, 0.000),64.325,VALID,(0.226, 0.278, 0.934),(-0.032, 0.000, 0.000),0.574,3.683,6.415,0.842,VALID,(0.221, 0.279, 0.935),(0.032, 0.000, 0.000),0.585,3.731,6.373,0.971,2,0
176537,1000001134843502800,63875741925736,(0.031, 1.439, -0.019),(0.059, -0.024, 0.002, 0.998),VALID,(0.221, 0.277, 0.935),(0.000, 0.000, 0.000),64.325,VALID,(0.225, 0.280, 0.933),(-0.032, 0.000, 0.000),0.574,3.684,6.415,0.843,VALID,(0.221, 0.278, 0.935),(0.032, 0.000, 0.000),0.585,3.728,6.373,0.975,2,0
176538,1000001134848512400,63875741925736,(0.031, 1.439, -0.019),(0.059, -0.024, 0.002, 0.998),VALID,(0.221, 0.277, 0.935),(0.000, 0.000, 0.000),64.325,VALID,(0.224, 0.281, 0.933),(-0.032, 0.000, 0.000),0.574,3.682,6.415,0.844,VALID,(0.221, 0.277, 0.935),(0.032, 0.000, 0.000),0.585,3.726,6.373,0.978,2,0
176539,1000001134853522400,63875741925748,(0.031, 1.439, -0.019),(0.059, -0.024, 0.002, 0.998),VALID,(0.220, 0.276, 0.936),(0.000, 0.000, 0.000),64.325,VALID,(0.223, 0.283, 0.933),(-0.032, 0.000, 0.000),0.574,3.680,6.415,0.851,VALID,(0.220, 0.276, 0.936),(0.032, 0.000, 0.000),0.584,3.722,6.373,0.980,2,0
176540,1000001134858532000,63875741925748,(0.031, 1.439, -0.019),(0.059, -0.024, 0.002, 0.998),VALID,(0.220, 0.275, 0.936),(0.000, 0.000, 0.000),64.325,VALID,(0.223, 0.284, 0.933),(-0.032, 0.000, 0.000),0.574,3.680,6.415,0.858,VALID,(0.220, 0.275, 0.936),(0.032, 0.000, 0.000),0.584,3.719,6.373,0.982,2,0
176541,1000001134863542000,63875741925748,(0.031, 1.439, -0.019),(0.059, -0.024, 0.002, 0.998),VALID,(0.222, 0.278, 0.934),(0.000, 0.000, 0.000),64.325,VALID,(0.222, 0.285, 0.932),(-0.032, 0.000, 0.000),0.574,3.683,6.415,0.866,VALID,(0.222, 0.278, 0.934),(0.032, 0.000, 0.000),0.583,3.717,6.373,0.984,2,0
176542,1000001134868538200,63875741925759,(0.031, 1.439, -0.019),(0.059, -0.024, 0.002, 0.998),VALID,(0.223, 0.281, 0.933),(0.000, 0.000, 0.000),64.325,VALID,(0.222, 0.285, 0.932),(-0.032, 0.000, 0.000),0.574,3.683,6.415,0.874,VALID,(0.223, 0.281, 0.933),(0.032, 0.000, 0.000),0.583,3.715,6.373,0.986,2,0
176543,1000001134873551200,63875741925759,(0.031, 1.439, -0.019),(0.059, -0.024, 0.002, 0.998),VALID,(0.219, 0.282, 0.934),(0.000, 0.000, 0.000),64.325,VALID,(0.220, 0.286, 0.933),(-0.032, 0.000, 0.000),0.000,0.000,6.415,0.879,VALID,(0.214, 0.282, 0.935),(0.032, 0.000, 0.000),0.000,0.000,6.373,0.987,2,0
176544,1000001134878568500,63875741925770,(0.031, 1.439, -0.019),(0.059, -0.024, 0.002, 0.998),VALID,(0.207, 0.283, 0.937),(0.000, 0.000, 0.000),64.325,VALID,(0.212, 0.287, 0.934),(-0.032, 0.000, 0.000),0.000,0.000,6.415,0.887,VALID,(0.193, 0.284, 0.939),(0.032, 0.000, 0.000),0.000,0.000,6.373,0.988,2,0
176545,1000001134883581500,63875741925780,(0.031, 1.439, -0.019),(0.059, -0.024, 0.002, 0.998),VALID,(0.188, 0.284, 0.940),(0.000, 0.000, 0.000),64.325,VALID,(0.199, 0.287, 0.937),(-0.032, 0.000, 0.000),0.000,0.000,6.415,0.896,VALID,(0.164, 0.285, 0.944),(0.032, 0.000, 0.000),0.000,0.000,6.373,0.989,2,0
176546,1000001134888613600,63875741925780,(0.031, 1.439, -0.019),(0.059, -0.024, 0.002, 0.998),VALID,(0.165, 0.285, 0.944),(0.000, 0.000, 0.000),64.325,VALID,(0.177, 0.287, 0.941),(-0.032, 0.000, 0.000),0.000,0.000,6.415,0.904,VALID,(0.146, 0.286, 0.947),(0.032, 0.000, 0.000),0.000,0.000,6.373,0.990,2,0
176547,1000001134893623600,63875741925780,(0.031, 1.439, -0.019),(0.059, -0.024, 0.002, 0.998),VALID,(0.114, 0.288, 0.951),(0.000, 0.000, 0.000),64.325,VALID,(0.151, 0.287, 0.946),(-0.032, 0.000, 0.000),0.000,0.000,6.415,0.910,VALID,(0.100, 0.288, 0.952),(0.032, 0.000, 0.000),0.000,0.000,6.373,0.991,2,0
176548,1000001134898640600,63875741925792,(0.031, 1.439, -0.019),(0.059, -0.024, 0.002, 0.998),VALID,(0.067, 0.289, 0.955),(0.000, 0.000, 0.000),64.325,VALID,(0.123, 0.287, 0.950),(-0.032, 0.000, 0.000),0.000,0.000,6.415,0.918,VALID,(0.059, 0.289, 0.956),(0.032, 0.000, 0.000),0.000,0.000,6.373,0.991,0.9889352,0
176549,1000001134903650600,63875741925792,(0.031, 1.439, -0.019),(0.059, -0.024, 0.002, 0.998),VALID,(0.023, 0.289, 0.957),(0.000, 0.000, 0.000),64.325,VALID,(0.098, 0.287, 0.953),(-0.032, 0.000, 0.000),0.000,0.000,6.415,0.926,VALID,(0.018, 0.289, 0.957),(0.032, 0.000, 0.000),0.000,0.000,6.373,0.992,0.79627,0
176550,1000001134908651200,63875741925792,(0.031, 1.439, -0.019),(0.059, -0.024, 0.002, 0.998),VALID,(-0.010, 0.289, 0.957),(0.000, 0.000, 0.000),64.325,VALID,(0.078, 0.286, 0.955),(-0.032, 0.000, 0.000),0.566,3.629,6.415,0.932,VALID,(-0.012, 0.289, 0.957),(0.032, 0.000, 0.000),0.577,3.678,6.373,0.992,0.7054625,0
176551,1000001134913661200,63875741925805,(0.031, 1.439, -0.019),(0.058, -0.023, 0.002, 0.998),VALID,(-0.004, 0.288, 0.958),(0.000, 0.000, 0.000),64.325,VALID,(0.065, 0.285, 0.956),(-0.032, 0.000, 0.000),0.000,0.000,6.415,0.936,VALID,(-0.023, 0.288, 0.957),(0.032, 0.000, 0.000),0.000,0.000,6.373,0.993,0.7313449,0
176552,1000001134918674600,63875741925805,(0.031, 1.439, -0.019),(0.058, -0.023, 0.002, 0.998),VALID,(-0.002, 0.286, 0.958),(0.000, 0.000, 0.000),64.325,VALID,(0.056, 0.282, 0.958),(-0.032, 0.000, 0.000),0.000,0.000,6.415,0.938,VALID,(-0.029, 0.288, 0.957),(0.032, 0.000, 0.000),0.000,0.000,6.373,0.993,0.7474868,0
176553,1000001134923684600,63875741925816,(0.031, 1.439, -0.019),(0.058, -0.023, 0.002, 0.998),VALID,(-0.001, 0.284, 0.959),(0.000, 0.000, 0.000),64.325,VALID,(0.050, 0.279, 0.959),(-0.032, 0.000, 0.000),0.000,0.000,6.415,0.941,VALID,(-0.033, 0.288, 0.957),(0.032, 0.000, 0.000),0.000,0.000,6.373,0.994,0.7570371,0
176554,1000001134928698000,63875741925816,(0.031, 1.439, -0.019),(0.058, -0.023, 0.002, 0.998),VALID,(-0.001, 0.282, 0.959),(0.000, 0.000, 0.000),64.325,VALID,(0.046, 0.275, 0.960),(-0.032, 0.000, 0.000),0.000,0.000,6.415,0.943,VALID,(-0.036, 0.287, 0.957),(0.032, 0.000, 0.000),0.000,0.000,6.373,0.994,0.7593383,0
176555,1000001134933741600,63875741925827,(0.031, 1.439, -0.019),(0.058, -0.023, 0.002, 0.998),VALID,(-0.001, 0.280, 0.960),(0.000, 0.000, 0.000),64.325,VALID,(0.044, 0.271, 0.962),(-0.032, 0.000, 0.000),0.000,0.000,6.415,0.946,VALID,(-0.038, 0.287, 0.957),(0.032, 0.000, 0.000),0.000,0.000,6.373,0.994,0.7560805,0
176556,1000001134938758600,63875741925827,(0.031, 1.439, -0.019),(0.058, -0.023, 0.002, 0.998),VALID,(-0.001, 0.278, 0.961),(0.000, 0.000, 0.000),64.325,VALID,(0.042, 0.268, 0.963),(-0.032, 0.000, 0.000),0.000,0.000,6.415,0.949,VALID,(-0.039, 0.286, 0.957),(0.032, 0.000, 0.000),0.000,0.000,6.373,0.995,0.749484,0
176557,1000001134943775600,63875741925839,(0.031, 1.439, -0.019),(0.058, -0.023, 0.002, 0.998),VALID,(-0.001, 0.276, 0.961),(0.000, 0.000, 0.000),64.325,VALID,(0.041, 0.265, 0.963),(-0.032, 0.000, 0.000),0.000,0.000,6.415,0.951,VALID,(-0.039, 0.286, 0.957),(0.032, 0.000, 0.000),0.000,0.000,6.373,0.995,0.7403215,0
176558,1000001134948789000,63875741925839,(0.031, 1.439, -0.019),(0.058, -0.023, 0.002, 0.998),VALID,(-0.001, 0.275, 0.962),(0.000, 0.000, 0.000),64.325,VALID,(0.041, 0.262, 0.964),(-0.032, 0.000, 0.000),0.000,0.000,6.415,0.954,VALID,(-0.040, 0.285, 0.958),(0.032, 0.000, 0.000),0.000,0.000,6.373,0.995,0.7299129,0
176559,1000001134953806000,63875741925839,(0.031, 1.439, -0.019),(0.058, -0.023, 0.002, 0.998),VALID,(-0.001, 0.273, 0.962),(0.000, 0.000, 0.000),64.325,VALID,(0.040, 0.259, 0.965),(-0.032, 0.000, 0.000),0.000,0.000,6.415,0.954,VALID,(-0.040, 0.285, 0.958),(0.032, 0.000, 0.000),0.000,0.000,6.373,0.995,0.7194319,0
176560,1000001134958798000,63875741925850,(0.031, 1.439, -0.019),(0.058, -0.023, 0.002, 0.998),VALID,(-0.001, 0.272, 0.962),(0.000, 0.000, 0.000),64.325,VALID,(0.040, 0.257, 0.966),(-0.032, 0.000, 0.000),0.000,0.000,6.415,0.955,VALID,(-0.040, 0.284, 0.958),(0.032, 0.000, 0.000),0.000,0.000,6.373,0.996,0.7092065,0
176561,1000001134963774000,63875741925850,(0.031, 1.439, -0.019),(0.058, -0.023, 0.002, 0.998),VALID,(-0.001, 0.270, 0.963),(0.000, 0.000, 0.000),64.325,VALID,(0.040, 0.255, 0.966),(-0.032, 0.000, 0.000),0.000,0.000,6.415,0.957,VALID,(-0.040, 0.284, 0.958),(0.032, 0.000, 0.000),0.000,0.000,6.373,0.996,0.6989623,0
176562,1000001134968790100,63875741925861,(0.031, 1.439, -0.019),(0.058, -0.023, 0.001, 0.998),VALID,(0.000, 0.269, 0.963),(0.000, 0.000, 0.000),64.325,VALID,(0.040, 0.253, 0.967),(-0.032, 0.000, 0.000),0.000,0.000,6.415,0.958,VALID,(-0.040, 0.283, 0.958),(0.032, 0.000, 0.000),0.000,0.000,6.373,0.996,0.6902475,0
176563,1000001134973864400,63875741925861,(0.031, 1.439, -0.019),(0.058, -0.023, 0.001, 0.998),VALID,(0.000, 0.268, 0.963),(0.000, 0.000, 0.000),64.325,VALID,(0.040, 0.251, 0.967),(-0.032, 0.000, 0.000),0.000,0.000,6.415,0.959,VALID,(-0.040, 0.283, 0.958),(0.032, 0.000, 0.000),0.000,0.000,6.373,0.996,0.6838864,0
176564,1000001134978880500,63875741925873,(0.031, 1.439, -0.019),(0.058, -0.023, 0.001, 0.998),VALID,(0.000, 0.267, 0.964),(0.000, 0.000, 0.000),64.325,VALID,(0.040, 0.250, 0.967),(-0.032, 0.000, 0.000),0.000,0.000,6.415,0.960,VALID,(-0.040, 0.282, 0.958),(0.032, 0.000, 0.000),0.000,0.000,6.373,0.996,0.6792811,0
176565,1000001134983946400,63875741925873,(0.031, 1.439, -0.019),(0.058, -0.023, 0.001, 0.998),VALID,(0.000, 0.266, 0.964),(0.000, 0.000, 0.000),64.325,VALID,(0.040, 0.249, 0.968),(-0.032, 0.000, 0.000),0.000,0.000,6.415,0.960,VALID,(-0.040, 0.282, 0.959),(0.032, 0.000, 0.000),0.000,0.000,6.373,0.997,0.6760737,0
176566,1000001134989026200,63875741925884,(0.031, 1.439, -0.019),(0.058, -0.023, 0.001, 0.998),VALID,(0.000, 0.266, 0.964),(0.000, 0.000, 0.000),64.325,VALID,(0.040, 0.249, 0.968),(-0.032, 0.000, 0.000),0.000,0.000,6.415,0.960,VALID,(-0.041, 0.282, 0.959),(0.032, 0.000, 0.000),0.000,0.000,6.373,0.997,0.6765925,0
176567,1000001134994043200,63875741925895,(0.031, 1.439, -0.019),(0.058, -0.023, 0.001, 0.998),VALID,(0.000, 0.265, 0.964),(0.000, 0.000, 0.000),64.325,VALID,(0.040, 0.248, 0.968),(-0.032, 0.000, 0.000),0.000,0.000,6.415,0.962,VALID,(-0.041, 0.281, 0.959),(0.032, 0.000, 0.000),0.000,0.000,6.373,0.997,0.6779379,0
176568,1000001134998921600,63875741925895,(0.031, 1.439, -0.019),(0.058, -0.023, 0.001, 0.998),VALID,(-0.001, 0.264, 0.964),(0.000, 0.000, 0.000),64.325,VALID,(0.040, 0.248, 0.968),(-0.032, 0.000, 0.000),0.000,0.000,6.415,0.962,VALID,(-0.041, 0.281, 0.959),(0.032, 0.000, 0.000),0.000,0.000,6.373,0.997,0.6777344,0.05133661
176569,1000001135003937700,63875741925895,(0.031, 1.439, -0.019),(0.058, -0.023, 0.001, 0.998),VALID,(-0.001, 0.264, 0.965),(0.000, 0.000, 0.000),64.325,VALID,(0.039, 0.247, 0.968),(-0.032, 0.000, 0.000),0.000,0.000,6.415,0.962,VALID,(-0.041, 0.280, 0.959),(0.032, 0.000, 0.000),0.000,0.000,6.373,0.997,0.6776665,0.2576952
176570,1000001135008900800,63875741925895,(0.031, 1.439, -0.019),(0.058, -0.023, 0.001, 0.998),VALID,(-0.001, 0.264, 0.965),(0.000, 0.000, 0.000),64.325,VALID,(0.039, 0.247, 0.968),(-0.032, 0.000, 0.000),0.000,0.000,6.415,0.964,VALID,(-0.041, 0.280, 0.959),(0.032, 0.000, 0.000),0.000,0.000,6.373,0.997,0.67794,1
176571,1000001135013916900,63875741925906,(0.031, 1.439, -0.019),(0.058, -0.023, 0.001, 0.998),VALID,(-0.001, 0.263, 0.965),(0.000, 0.000, 0.000),64.325,VALID,(0.039, 0.247, 0.968),(-0.032, 0.000, 0.000),0.000,0.000,6.415,0.965,VALID,(-0.041, 0.280, 0.959),(0.032, 0.000, 0.000),0.000,0.000,6.373,0.997,0.6782959,1
176572,1000001135018920900,63875741925906,(0.031, 1.439, -0.019),(0.058, -0.023, 0.001, 0.998),VALID,(-0.001, 0.263, 0.965),(0.000, 0.000, 0.000),64.325,VALID,(0.039, 0.246, 0.968),(-0.032, 0.000, 0.000),0.000,0.000,6.415,0.965,VALID,(-0.041, 0.279, 0.959),(0.032, 0.000, 0.000),0.000,0.000,6.373,0.997,0.6790668,1
176573,1000001135023947400,63875741925917,(0.031, 1.439, -0.019),(0.058, -0.023, 0.002, 0.998),VALID,(-0.001, 0.263, 0.965),(0.000, 0.000, 0.000),64.325,VALID,(0.039, 0.246, 0.968),(-0.032, 0.000, 0.000),0.000,0.000,6.415,0.966,VALID,(-0.040, 0.279, 0.959),(0.032, 0.000, 0.000),0.000,0.000,6.373,0.998,0.6798688,1
176574,1000001135028967500,63875741925917,(0.031, 1.439, -0.019),(0.058, -0.023, 0.002, 0.998),VALID,(-0.001, 0.263, 0.965),(0.000, 0.000, 0.000),64.325,VALID,(0.039, 0.246, 0.968),(-0.032, 0.000, 0.000),0.000,0.000,6.415,0.967,VALID,(-0.040, 0.279, 0.959),(0.032, 0.000, 0.000),0.000,0.000,6.373,0.998,0.6806249,1
176575,1000001135033966600,63875741925928,(0.031, 1.439, -0.019),(0.058, -0.023, 0.002, 0.998),VALID,(-0.001, 0.262, 0.965),(0.000, 0.000, 0.000),64.325,VALID,(0.039, 0.246, 0.968),(-0.032, 0.000, 0.000),0.000,0.000,6.415,0.966,VALID,(-0.040, 0.279, 0.960),(0.032, 0.000, 0.000),0.000,0.000,6.373,0.998,0.6810856,1
176576,1000001135038988200,63875741925928,(0.031, 1.439, -0.019),(0.058, -0.023, 0.002, 0.998),VALID,(-0.001, 0.262, 0.965),(0.000, 0.000, 0.000),64.325,VALID,(0.039, 0.246, 0.969),(-0.032, 0.000, 0.000),0.000,0.000,6.415,0.967,VALID,(-0.040, 0.278, 0.960),(0.032, 0.000, 0.000),0.000,0.000,6.373,0.998,0.681687,1
176577,1000001135044019300,63875741925939,(0.031, 1.438, -0.019),(0.058, -0.023, 0.002, 0.998),VALID,(-0.001, 0.262, 0.965),(0.000, 0.000, 0.000),64.325,VALID,(0.039, 0.246, 0.969),(-0.032, 0.000, 0.000),0.000,0.000,6.415,0.968,VALID,(-0.040, 0.278, 0.960),(0.032, 0.000, 0.000),0.000,0.000,6.373,0.998,0.682364,1
176578,1000001135049040900,63875741925939,(0.031, 1.438, -0.019),(0.058, -0.023, 0.002, 0.998),VALID,(-0.001, 0.262, 0.965),(0.000, 0.000, 0.000),64.325,VALID,(0.039, 0.246, 0.969),(-0.032, 0.000, 0.000),0.000,0.000,6.415,0.969,VALID,(-0.040, 0.278, 0.960),(0.032, 0.000, 0.000),0.000,0.000,6.373,0.998,0.6843205,1
176579,1000001135054018700,63875741925939,(0.031, 1.438, -0.019),(0.058, -0.023, 0.002, 0.998),VALID,(-0.001, 0.262, 0.965),(0.000, 0.000, 0.000),64.325,VALID,(0.039, 0.246, 0.969),(-0.032, 0.000, 0.000),0.000,0.000,6.415,0.969,VALID,(-0.040, 0.278, 0.960),(0.032, 0.000, 0.000),0.000,0.000,6.373,0.998,0.6863269,1
176580,1000001135059004700,63875741925950,(0.031, 1.438, -0.019),(0.058, -0.023, 0.002, 0.998),VALID,(-0.001, 0.262, 0.965),(0.000, 0.000, 0.000),64.325,VALID,(0.039, 0.246, 0.969),(-0.032, 0.000, 0.000),0.000,0.000,6.415,0.969,VALID,(-0.040, 0.278, 0.960),(0.032, 0.000, 0.000),0.000,0.000,6.373,0.998,0.688202,1
176581,1000001135064024800,63875741925950,(0.031, 1.438, -0.019),(0.058, -0.023, 0.002, 0.998),VALID,(-0.001, 0.262, 0.965),(0.000, 0.000, 0.000),64.325,VALID,(0.039, 0.246, 0.969),(-0.032, 0.000, 0.000),0.000,0.000,6.415,0.970,VALID,(-0.040, 0.278, 0.960),(0.032, 0.000, 0.000),0.000,0.000,6.373,0.998,0.6892565,1
176582,1000001135069040900,63875741925961,(0.031, 1.438, -0.019),(0.058, -0.023, 0.002, 0.998),VALID,(-0.001, 0.262, 0.965),(0.000, 0.000, 0.000),64.325,VALID,(0.039, 0.246, 0.969),(-0.032, 0.000, 0.000),0.000,0.000,6.415,0.969,VALID,(-0.040, 0.278, 0.960),(0.032, 0.000, 0.000),0.000,0.000,6.373,0.998,0.6900455,1
176583,1000001135074055000,63875741925962,(0.031, 1.438, -0.019),(0.058, -0.023, 0.002, 0.998),VALID,(-0.001, 0.262, 0.965),(0.000, 0.000, 0.000),64.325,VALID,(0.039, 0.246, 0.969),(-0.032, 0.000, 0.000),0.000,0.000,6.415,0.969,VALID,(-0.040, 0.278, 0.960),(0.032, 0.000, 0.000),0.000,0.000,6.373,0.998,0.6943942,1
176584,1000001135079071100,63875741925973,(0.031, 1.439, -0.019),(0.058, -0.023, 0.002, 0.998),VALID,(-0.001, 0.262, 0.965),(0.000, 0.000, 0.000),64.325,VALID,(0.038, 0.246, 0.968),(-0.032, 0.000, 0.000),0.000,0.000,6.415,0.970,VALID,(-0.040, 0.277, 0.960),(0.032, 0.000, 0.000),0.000,0.000,6.373,0.998,0.6982049,1
176585,1000001135084087200,63875741925973,(0.031, 1.439, -0.019),(0.058, -0.023, 0.002, 0.998),VALID,(-0.001, 0.262, 0.965),(0.000, 0.000, 0.000),64.325,VALID,(0.038, 0.246, 0.968),(-0.032, 0.000, 0.000),0.000,0.000,6.415,0.971,VALID,(-0.040, 0.277, 0.960),(0.032, 0.000, 0.000),0.000,0.000,6.373,0.998,0.7016683,1
176586,1000001135089100600,63875741925984,(0.031, 1.439, -0.019),(0.058, -0.023, 0.002, 0.998),VALID,(-0.001, 0.262, 0.965),(0.000, 0.000, 0.000),64.325,VALID,(0.038, 0.247, 0.968),(-0.032, 0.000, 0.000),0.000,0.000,6.415,0.971,VALID,(-0.040, 0.277, 0.960),(0.032, 0.000, 0.000),0.000,0.000,6.373,0.999,0.7049177,1
176587,1000001135094102300,63875741925985,(0.031, 1.439, -0.019),(0.058, -0.023, 0.002, 0.998),VALID,(-0.001, 0.262, 0.965),(0.000, 0.000, 0.000),64.325,VALID,(0.038, 0.247, 0.968),(-0.032, 0.000, 0.000),0.000,0.000,6.415,0.972,VALID,(-0.040, 0.277, 0.960),(0.032, 0.000, 0.000),0.000,0.000,6.373,0.999,0.7077651,1
176588,1000001135099111900,63875741925985,(0.031, 1.439, -0.019),(0.058, -0.023, 0.002, 0.998),VALID,(-0.001, 0.262, 0.965),(0.000, 0.000, 0.000),64.325,VALID,(0.038, 0.247, 0.968),(-0.032, 0.000, 0.000),0.000,0.000,6.415,0.973,VALID,(-0.040, 0.277, 0.960),(0.032, 0.000, 0.000),0.000,0.000,6.373,0.999,0.7100374,1
176589,1000001135104120100,63875741925995,(0.031, 1.439, -0.019),(0.058, -0.024, 0.002, 0.998),VALID,(-0.001, 0.262, 0.965),(0.000, 0.000, 0.000),64.325,VALID,(0.038, 0.247, 0.968),(-0.032, 0.000, 0.000),0.000,0.000,6.415,0.973,VALID,(-0.040, 0.277, 0.960),(0.032, 0.000, 0.000),0.000,0.000,6.373,0.999,0.7123128,1
176590,1000001135109126300,63875741925995,(0.031, 1.439, -0.019),(0.058, -0.024, 0.002, 0.998),VALID,(-0.001, 0.262, 0.965),(0.000, 0.000, 0.000),64.325,VALID,(0.038, 0.247, 0.968),(-0.032, 0.000, 0.000),0.000,0.000,6.415,0.974,VALID,(-0.040, 0.277, 0.960),(0.032, 0.000, 0.000),0.000,0.000,6.373,0.999,0.7146195,1
176591,1000001135114132500,63875741926006,(0.031, 1.439, -0.019),(0.058, -0.024, 0.002, 0.998),VALID,(-0.001, 0.262, 0.965),(0.000, 0.000, 0.000),64.325,VALID,(0.037, 0.247, 0.968),(-0.032, 0.000, 0.000),0.000,0.000,6.415,0.975,VALID,(-0.040, 0.277, 0.960),(0.032, 0.000, 0.000),0.000,0.000,6.373,0.999,0.7168143,1
176592,1000001135119147700,63875741926006,(0.031, 1.439, -0.019),(0.058, -0.024, 0.002, 0.998),VALID,(-0.001, 0.262, 0.965),(0.000, 0.000, 0.000),64.325,VALID,(0.037, 0.247, 0.968),(-0.032, 0.000, 0.000),0.000,0.000,6.415,0.976,VALID,(-0.040, 0.276, 0.960),(0.032, 0.000, 0.000),0.000,0.000,6.373,0.999,0.7187079,1
176593,1000001135124153900,63875741926017,(0.031, 1.439, -0.019),(0.058, -0.024, 0.002, 0.998),VALID,(-0.001, 0.262, 0.965),(0.000, 0.000, 0.000),64.325,VALID,(0.037, 0.247, 0.968),(-0.032, 0.000, 0.000),0.000,0.000,6.415,0.977,VALID,(-0.040, 0.276, 0.960),(0.032, 0.000, 0.000),0.000,0.000,6.373,0.999,0.7202996,1
176594,1000001135129179600,63875741926017,(0.031, 1.439, -0.019),(0.058, -0.024, 0.002, 0.998),VALID,(-0.001, 0.263, 0.965),(0.000, 0.000, 0.000),64.325,VALID,(0.037, 0.247, 0.968),(-0.032, 0.000, 0.000),0.000,0.000,6.415,0.976,VALID,(-0.038, 0.277, 0.960),(0.032, 0.000, 0.000),0.000,0.000,6.373,0.999,0.7268678,0.6950095
176595,1000001135134185800,63875741926029,(0.031, 1.439, -0.019),(0.058, -0.024, 0.002, 0.998),VALID,(-0.002, 0.264, 0.964),(0.000, 0.000, 0.000),64.325,VALID,(0.031, 0.249, 0.968),(-0.032, 0.000, 0.000),0.000,0.000,6.415,0.977,VALID,(-0.036, 0.277, 0.960),(0.032, 0.000, 0.000),0.000,0.000,6.373,0.999,0.8044475,0.5527081
176596,1000001135139207100,63875741926029,(0.031, 1.439, -0.019),(0.058, -0.024, 0.002, 0.998),VALID,(-0.009, 0.264, 0.965),(0.000, 0.000, 0.000),64.325,VALID,(0.022, 0.249, 0.968),(-0.032, 0.000, 0.000),0.000,0.000,6.415,0.977,VALID,(-0.037, 0.274, 0.961),(0.032, 0.000, 0.000),0.000,0.000,6.373,0.999,0.9080208,0
176597,1000001135144213300,63875741926029,(0.031, 1.439, -0.019),(0.058, -0.024, 0.002, 0.998),VALID,(-0.019, 0.260, 0.965),(0.000, 0.000, 0.000),64.325,VALID,(0.017, 0.243, 0.970),(-0.032, 0.000, 0.000),0.000,0.000,6.415,0.979,VALID,(-0.039, 0.267, 0.963),(0.032, 0.000, 0.000),0.000,0.000,6.373,0.999,0.9504137,0
176598,1000001135149219500,63875741926040,(0.031, 1.439, -0.019),(0.058, -0.024, 0.003, 0.998),VALID,(-0.034, 0.253, 0.967),(0.000, 0.000, 0.000),64.325,VALID,(-0.005, 0.238, 0.971),(-0.032, 0.000, 0.000),0.539,3.458,6.415,0.979,VALID,(-0.043, 0.255, 0.966),(0.032, 0.000, 0.000),0.564,3.596,6.373,0.998,2,0
176599,1000001135154232700,63875741926040,(0.031, 1.439, -0.019),(0.058, -0.024, 0.003, 0.998),VALID,(-0.050, 0.241, 0.969),(0.000, 0.000, 0.000),64.325,VALID,(-0.026, 0.229, 0.973),(-0.032, 0.000, 0.000),0.538,3.449,6.415,0.979,VALID,(-0.051, 0.240, 0.969),(0.032, 0.000, 0.000),0.564,3.593,6.373,0.997,2,0
176600,1000001135159303300,63875741926051,(0.031, 1.439, -0.019),(0.058, -0.024, 0.003, 0.998),VALID,(-0.065, 0.225, 0.972),(0.000, 0.000, 0.000),64.325,VALID,(-0.051, 0.218, 0.975),(-0.032, 0.000, 0.000),0.536,3.438,6.415,0.979,VALID,(-0.061, 0.222, 0.973),(0.032, 0.000, 0.000),0.564,3.592,6.373,0.995,2,0
176601,1000001135164301700,63875741926051,(0.031, 1.439, -0.019),(0.058, -0.024, 0.003, 0.998),VALID,(-0.078, 0.210, 0.975),(0.000, 0.000, 0.000),64.325,VALID,(-0.063, 0.206, 0.977),(-0.032, 0.000, 0.000),0.536,3.437,6.415,0.979,VALID,(-0.072, 0.206, 0.976),(0.032, 0.000, 0.000),0.563,3.591,6.373,0.993,2,0
176602,1000001135169307900,63875741926062,(0.031, 1.439, -0.019),(0.058, -0.024, 0.003, 0.998),VALID,(-0.088, 0.196, 0.977),(0.000, 0.000, 0.000),64.325,VALID,(-0.080, 0.194, 0.978),(-0.032, 0.000, 0.000),0.556,3.568,6.415,0.979,VALID,(-0.081, 0.192, 0.978),(0.032, 0.000, 0.000),0.563,3.588,6.373,0.991,2,0
176603,1000001135174326300,63875741926062,(0.031, 1.439, -0.019),(0.058, -0.024, 0.003, 0.998),VALID,(-0.095, 0.185, 0.978),(0.000, 0.000, 0.000),64.325,VALID,(-0.090, 0.185, 0.979),(-0.032, 0.000, 0.000),0.561,3.602,6.415,0.979,VALID,(-0.089, 0.181, 0.979),(0.032, 0.000, 0.000),0.562,3.581,6.373,0.988,2,0
176604,1000001135179334500,63875741926073,(0.031, 1.439, -0.019),(0.058, -0.024, 0.003, 0.998),VALID,(-0.100, 0.176, 0.979),(0.000, 0.000, 0.000),64.325,VALID,(-0.097, 0.176, 0.980),(-0.032, 0.000, 0.000),0.564,3.618,6.415,0.979,VALID,(-0.094, 0.173, 0.980),(0.032, 0.000, 0.000),0.561,3.574,6.373,0.979,2,0
176605,1000001135184344100,63875741926073,(0.031, 1.439, -0.019),(0.058, -0.024, 0.003, 0.998),VALID,(-0.103, 0.169, 0.980),(0.000, 0.000, 0.000),64.325,VALID,(-0.101, 0.170, 0.980),(-0.032, 0.000, 0.000),0.565,3.622,6.415,0.979,VALID,(-0.098, 0.167, 0.981),(0.032, 0.000, 0.000),0.560,3.568,6.373,0.970,2,0
176606,1000001135189350300,63875741926085,(0.031, 1.438, -0.019),(0.058, -0.025, 0.003, 0.998),VALID,(-0.104, 0.164, 0.981),(0.000, 0.000, 0.000),64.325,VALID,(-0.103, 0.165, 0.981),(-0.032, 0.000, 0.000),0.566,3.630,6.415,0.979,VALID,(-0.100, 0.162, 0.982),(0.032, 0.000, 0.000),0.559,3.563,6.373,0.962,2,0
176607,1000001135194369800,63875741926085,(0.031, 1.438, -0.019),(0.058, -0.025, 0.003, 0.998),VALID,(-0.105, 0.160, 0.982),(0.000, 0.000, 0.000),64.325,VALID,(-0.105, 0.160, 0.981),(-0.032, 0.000, 0.000),0.566,3.633,6.415,0.979,VALID,(-0.102, 0.158, 0.982),(0.032, 0.000, 0.000),0.558,3.557,6.373,0.955,2,0
176608,1000001135199377300,63875741926095,(0.031, 1.439, -0.019),(0.058, -0.025, 0.003, 0.998),VALID,(-0.106, 0.156, 0.982),(0.000, 0.000, 0.000),64.325,VALID,(-0.106, 0.157, 0.982),(-0.032, 0.000, 0.000),0.566,3.633,6.415,0.979,VALID,(-0.103, 0.155, 0.982),(0.032, 0.000, 0.000),0.557,3.551,6.373,0.948,2,0
176609,1000001135204384800,63875741926095,(0.031, 1.439, -0.019),(0.058, -0.025, 0.003, 0.998),VALID,(-0.106, 0.154, 0.982),(0.000, 0.000, 0.000),64.325,VALID,(-0.106, 0.154, 0.982),(-0.032, 0.000, 0.000),0.566,3.632,6.415,0.979,VALID,(-0.104, 0.153, 0.983),(0.032, 0.000, 0.000),0.556,3.546,6.373,0.943,2,0
176610,1000001135209391000,63875741926095,(0.031, 1.439, -0.019),(0.058, -0.025, 0.003, 0.998),VALID,(-0.107, 0.152, 0.983),(0.000, 0.000, 0.000),64.325,VALID,(-0.107, 0.152, 0.983),(-0.032, 0.000, 0.000),0.566,3.628,6.415,0.979,VALID,(-0.105, 0.151, 0.983),(0.032, 0.000, 0.000),0.556,3.540,6.373,0.939,2,0
176611,1000001135214398500,63875741926107,(0.031, 1.438, -0.019),(0.059, -0.025, 0.003, 0.998),VALID,(-0.107, 0.150, 0.983),(0.000, 0.000, 0.000),64.325,VALID,(-0.107, 0.151, 0.983),(-0.032, 0.000, 0.000),0.565,3.625,6.415,0.979,VALID,(-0.105, 0.149, 0.983),(0.032, 0.000, 0.000),0.555,3.535,6.373,0.935,2,0
176612,1000001135219445800,63875741926107,(0.031, 1.438, -0.019),(0.059, -0.025, 0.003, 0.998),VALID,(-0.107, 0.149, 0.983),(0.000, 0.000, 0.000),64.325,VALID,(-0.107, 0.149, 0.983),(-0.032, 0.000, 0.000),0.564,3.619,6.415,0.979,VALID,(-0.106, 0.148, 0.983),(0.032, 0.000, 0.000),0.554,3.531,6.373,0.932,2,0
176613,1000001135224453300,63875741926119,(0.031, 1.439, -0.019),(0.059, -0.025, 0.003, 0.998),VALID,(-0.107, 0.147, 0.983),(0.000, 0.000, 0.000),64.325,VALID,(-0.107, 0.148, 0.983),(-0.032, 0.000, 0.000),0.563,3.612,6.415,0.978,VALID,(-0.106, 0.147, 0.983),(0.032, 0.000, 0.000),0.553,3.526,6.373,0.930,2,0
176614,1000001135229507400,63875741926119,(0.031, 1.439, -0.019),(0.059, -0.025, 0.003, 0.998),VALID,(-0.106, 0.146, 0.983),(0.000, 0.000, 0.000),64.325,VALID,(-0.106, 0.147, 0.983),(-0.032, 0.000, 0.000),0.562,3.607,6.415,0.978,VALID,(-0.106, 0.146, 0.984),(0.032, 0.000, 0.000),0.552,3.521,6.373,0.928,2,0
176615,1000001135234527700,63875741926129,(0.031, 1.439, -0.019),(0.059, -0.025, 0.003, 0.998),VALID,(-0.106, 0.146, 0.984),(0.000, 0.000, 0.000),64.325,VALID,(-0.106, 0.146, 0.984),(-0.032, 0.000, 0.000),0.562,3.603,6.415,0.978,VALID,(-0.106, 0.145, 0.984),(0.032, 0.000, 0.000),0.552,3.517,6.373,0.926,2,0
176616,1000001135239549000,63875741926129,(0.031, 1.439, -0.019),(0.059, -0.025, 0.003, 0.998),VALID,(-0.106, 0.145, 0.984),(0.000, 0.000, 0.000),64.325,VALID,(-0.106, 0.145, 0.984),(-0.032, 0.000, 0.000),0.561,3.597,6.415,0.978,VALID,(-0.106, 0.145, 0.984),(0.032, 0.000, 0.000),0.551,3.513,6.373,0.925,2,0
176617,1000001135244556500,63875741926140,(0.031, 1.439, -0.019),(0.059, -0.025, 0.003, 0.998),VALID,(-0.106, 0.145, 0.984),(0.000, 0.000, 0.000),64.325,VALID,(-0.106, 0.145, 0.984),(-0.032, 0.000, 0.000),0.559,3.588,6.415,0.978,VALID,(-0.105, 0.145, 0.984),(0.032, 0.000, 0.000),0.551,3.510,6.373,0.923,2,0.2371269
176618,1000001135249465500,63875741926140,(0.031, 1.439, -0.019),(0.059, -0.025, 0.003, 0.998),VALID,(-0.105, 0.145, 0.984),(0.000, 0.000, 0.000),64.325,VALID,(-0.105, 0.145, 0.984),(-0.032, 0.000, 0.000),0.559,3.584,6.415,0.978,VALID,(-0.105, 0.145, 0.984),(0.032, 0.000, 0.000),0.550,3.507,6.373,0.922,2,0.4809871
176619,1000001135254478200,63875741926140,(0.031, 1.439, -0.019),(0.059, -0.025, 0.003, 0.998),VALID,(-0.105, 0.145, 0.984),(0.000, 0.000, 0.000),64.325,VALID,(-0.105, 0.145, 0.984),(-0.032, 0.000, 0.000),0.558,3.580,6.415,0.978,VALID,(-0.105, 0.144, 0.984),(0.032, 0.000, 0.000),0.550,3.504,6.373,0.922,2,0.7019759
176620,1000001135259490900,63875741926150,(0.031, 1.439, -0.019),(0.059, -0.025, 0.003, 0.998),VALID,(-0.105, 0.145, 0.984),(0.000, 0.000, 0.000),64.325,VALID,(-0.105, 0.145, 0.984),(-0.032, 0.000, 0.000),0.557,3.575,6.415,0.977,VALID,(-0.105, 0.144, 0.984),(0.032, 0.000, 0.000),0.549,3.501,6.373,0.921,2,0.8218682
176621,1000001135264498400,63875741926151,(0.031, 1.439, -0.019),(0.059, -0.025, 0.003, 0.998),VALID,(-0.105, 0.145, 0.984),(0.000, 0.000, 0.000),64.325,VALID,(-0.104, 0.145, 0.984),(-0.032, 0.000, 0.000),0.557,3.571,6.415,0.977,VALID,(-0.105, 0.145, 0.984),(0.032, 0.000, 0.000),0.549,3.498,6.373,0.920,2,0.8916889
176622,1000001135269511100,63875741926162,(0.031, 1.439, -0.019),(0.059, -0.025, 0.003, 0.998),VALID,(-0.104, 0.145, 0.984),(0.000, 0.000, 0.000),64.325,VALID,(-0.104, 0.145, 0.984),(-0.032, 0.000, 0.000),0.556,3.570,6.415,0.977,VALID,(-0.104, 0.145, 0.984),(0.032, 0.000, 0.000),0.548,3.495,6.373,0.919,2,0.9175155
176623,1000001135274542000,63875741926162,(0.031, 1.439, -0.019),(0.059, -0.025, 0.003, 0.998),VALID,(-0.104, 0.145, 0.984),(0.000, 0.000, 0.000),64.325,VALID,(-0.104, 0.145, 0.984),(-0.032, 0.000, 0.000),0.556,3.569,6.415,0.977,VALID,(-0.104, 0.145, 0.984),(0.032, 0.000, 0.000),0.548,3.492,6.373,0.919,2,0.9648594
176624,1000001135279549500,63875741926173,(0.031, 1.439, -0.019),(0.059, -0.025, 0.003, 0.998),VALID,(-0.104, 0.145, 0.984),(0.000, 0.000, 0.000),64.325,VALID,(-0.104, 0.145, 0.984),(-0.032, 0.000, 0.000),0.556,3.568,6.415,0.977,VALID,(-0.104, 0.145, 0.984),(0.032, 0.000, 0.000),0.547,3.489,6.373,0.918,2,0.9903131
176625,1000001135284576100,63875741926173,(0.031, 1.439, -0.019),(0.059, -0.025, 0.003, 0.998),VALID,(-0.104, 0.146, 0.984),(0.000, 0.000, 0.000),64.325,VALID,(-0.103, 0.146, 0.984),(-0.032, 0.000, 0.000),0.556,3.566,6.415,0.977,VALID,(-0.103, 0.146, 0.984),(0.032, 0.000, 0.000),0.547,3.486,6.373,0.918,2,1
176626,1000001135289588800,63875741926184,(0.031, 1.439, -0.019),(0.059, -0.025, 0.004, 0.998),VALID,(-0.103, 0.146, 0.984),(0.000, 0.000, 0.000),64.325,VALID,(-0.103, 0.146, 0.984),(-0.032, 0.000, 0.000),0.555,3.563,6.415,0.977,VALID,(-0.103, 0.146, 0.984),(0.032, 0.000, 0.000),0.547,3.484,6.373,0.917,2,1
176627,1000001135294601500,63875741926184,(0.031, 1.439, -0.019),(0.059, -0.025, 0.004, 0.998),VALID,(-0.103, 0.146, 0.984),(0.000, 0.000, 0.000),64.325,VALID,(-0.103, 0.146, 0.984),(-0.032, 0.000, 0.000),0.555,3.562,6.415,0.977,VALID,(-0.103, 0.146, 0.984),(0.032, 0.000, 0.000),0.546,3.481,6.373,0.917,2,1
176628,1000001135299609000,63875741926195,(0.031, 1.439, -0.019),(0.059, -0.025, 0.004, 0.998),VALID,(-0.103, 0.146, 0.984),(0.000, 0.000, 0.000),64.325,VALID,(-0.102, 0.146, 0.984),(-0.032, 0.000, 0.000),0.555,3.560,6.415,0.977,VALID,(-0.103, 0.146, 0.984),(0.032, 0.000, 0.000),0.546,3.477,6.373,0.916,2,1
176629,1000001135304600500,63875741926195,(0.031, 1.439, -0.019),(0.059, -0.025, 0.004, 0.998),VALID,(-0.103, 0.146, 0.984),(0.000, 0.000, 0.000),64.325,VALID,(-0.102, 0.146, 0.984),(-0.032, 0.000, 0.000),0.555,3.558,6.415,0.976,VALID,(-0.103, 0.146, 0.984),(0.032, 0.000, 0.000),0.545,3.474,6.373,0.916,2,1
176630,1000001135309612300,63875741926195,(0.031, 1.439, -0.019),(0.059, -0.025, 0.004, 0.998),VALID,(-0.102, 0.146, 0.984),(0.000, 0.000, 0.000),64.325,VALID,(-0.102, 0.146, 0.984),(-0.032, 0.000, 0.000),0.554,3.557,6.415,0.976,VALID,(-0.102, 0.146, 0.984),(0.032, 0.000, 0.000),0.545,3.471,6.373,0.916,2,1
176631,1000001135314638600,63875741926207,(0.031, 1.439, -0.020),(0.058, -0.025, 0.004, 0.998),VALID,(-0.102, 0.146, 0.984),(0.000, 0.000, 0.000),64.325,VALID,(-0.102, 0.146, 0.984),(-0.032, 0.000, 0.000),0.554,3.555,6.415,0.976,VALID,(-0.102, 0.146, 0.984),(0.032, 0.000, 0.000),0.544,3.468,6.373,0.915,2,1
176632,1000001135319644000,63875741926207,(0.031, 1.439, -0.020),(0.058, -0.025, 0.004, 0.998),VALID,(-0.102, 0.147, 0.984),(0.000, 0.000, 0.000),64.325,VALID,(-0.101, 0.147, 0.984),(-0.032, 0.000, 0.000),0.554,3.554,6.415,0.976,VALID,(-0.102, 0.147, 0.984),(0.032, 0.000, 0.000),0.544,3.466,6.373,0.915,2,1
176633,1000001135324656700,63875741926218,(0.031, 1.439, -0.020),(0.059, -0.025, 0.004, 0.998),VALID,(-0.102, 0.147, 0.984),(0.000, 0.000, 0.000),64.325,VALID,(-0.101, 0.147, 0.984),(-0.032, 0.000, 0.000),0.554,3.553,6.415,0.976,VALID,(-0.102, 0.147, 0.984),(0.032, 0.000, 0.000),0.544,3.464,6.373,0.915,2,1
176634,1000001135329696800,63875741926218,(0.031, 1.439, -0.020),(0.059, -0.025, 0.004, 0.998),VALID,(-0.102, 0.147, 0.984),(0.000, 0.000, 0.000),64.325,VALID,(-0.101, 0.147, 0.984),(-0.032, 0.000, 0.000),0.554,3.552,6.415,0.976,VALID,(-0.102, 0.147, 0.984),(0.032, 0.000, 0.000),0.543,3.462,6.373,0.915,2,1
176635,1000001135334709500,63875741926230,(0.031, 1.439, -0.020),(0.058, -0.025, 0.004, 0.998),VALID,(-0.101, 0.147, 0.984),(0.000, 0.000, 0.000),64.325,VALID,(-0.101, 0.147, 0.984),(-0.032, 0.000, 0.000),0.553,3.551,6.415,0.976,VALID,(-0.102, 0.147, 0.984),(0.032, 0.000, 0.000),0.543,3.460,6.373,0.914,2,1
176636,1000001135339722200,63875741926230,(0.031, 1.439, -0.020),(0.058, -0.025, 0.004, 0.998),VALID,(-0.101, 0.147, 0.984),(0.000, 0.000, 0.000),64.325,VALID,(-0.101, 0.147, 0.984),(-0.032, 0.000, 0.000),0.553,3.548,6.415,0.976,VALID,(-0.101, 0.147, 0.984),(0.032, 0.000, 0.000),0.543,3.458,6.373,0.914,2,1
176637,1000001135344734000,63875741926240,(0.031, 1.439, -0.020),(0.058, -0.025, 0.004, 0.998),VALID,(-0.101, 0.148, 0.984),(0.000, 0.000, 0.000),64.325,VALID,(-0.101, 0.148, 0.984),(-0.032, 0.000, 0.000),0.553,3.547,6.415,0.976,VALID,(-0.101, 0.148, 0.984),(0.032, 0.000, 0.000),0.542,3.457,6.373,0.914,2,1
176638,1000001135349746700,63875741926252,(0.031, 1.439, -0.020),(0.059, -0.025, 0.004, 0.998),VALID,(-0.101, 0.148, 0.984),(0.000, 0.000, 0.000),64.325,VALID,(-0.100, 0.148, 0.984),(-0.032, 0.000, 0.000),0.553,3.545,6.415,0.976,VALID,(-0.101, 0.148, 0.984),(0.032, 0.000, 0.000),0.542,3.456,6.373,0.914,2,1
176639,1000001135354758500,63875741926252,(0.031, 1.439, -0.020),(0.059, -0.025, 0.004, 0.998),VALID,(-0.101, 0.148, 0.984),(0.000, 0.000, 0.000),64.325,VALID,(-0.100, 0.148, 0.984),(-0.032, 0.000, 0.000),0.552,3.544,6.415,0.976,VALID,(-0.101, 0.148, 0.984),(0.032, 0.000, 0.000),0.542,3.456,6.373,0.913,2,1
176640,1000001135359742700,63875741926252,(0.031, 1.439, -0.020),(0.059, -0.025, 0.004, 0.998),VALID,(-0.100, 0.148, 0.984),(0.000, 0.000, 0.000),64.325,VALID,(-0.100, 0.148, 0.984),(-0.032, 0.000, 0.000),0.552,3.543,6.415,0.975,VALID,(-0.100, 0.148, 0.984),(0.032, 0.000, 0.000),0.542,3.455,6.373,0.913,2,1
176641,1000001135364754500,63875741926262,(0.031, 1.439, -0.020),(0.058, -0.025, 0.004, 0.998),VALID,(-0.100, 0.148, 0.984),(0.000, 0.000, 0.000),64.325,VALID,(-0.100, 0.148, 0.984),(-0.032, 0.000, 0.000),0.552,3.542,6.415,0.975,VALID,(-0.100, 0.148, 0.984),(0.032, 0.000, 0.000),0.542,3.455,6.373,0.913,2,1
176642,1000001135369767200,63875741926262,(0.031, 1.439, -0.020),(0.058, -0.025, 0.004, 0.998),VALID,(-0.100, 0.148, 0.984),(0.000, 0.000, 0.000),64.325,VALID,(-0.100, 0.148, 0.984),(-0.032, 0.000, 0.000),0.552,3.541,6.415,0.975,VALID,(-0.100, 0.148, 0.984),(0.032, 0.000, 0.000),0.542,3.454,6.373,0.913,2,1
176643,1000001135374779000,63875741926263,(0.031, 1.439, -0.020),(0.058, -0.025, 0.004, 0.998),VALID,(-0.099, 0.148, 0.984),(0.000, 0.000, 0.000),64.325,VALID,(-0.099, 0.148, 0.984),(-0.032, 0.000, 0.000),0.552,3.540,6.415,0.975,VALID,(-0.099, 0.148, 0.984),(0.032, 0.000, 0.000),0.542,3.454,6.373,0.913,2,1
176644,1000001135379791900,63875741926274,(0.031, 1.439, -0.020),(0.059, -0.025, 0.004, 0.998),VALID,(-0.099, 0.149, 0.984),(0.000, 0.000, 0.000),64.325,VALID,(-0.099, 0.149, 0.984),(-0.032, 0.000, 0.000),0.551,3.538,6.415,0.974,VALID,(-0.099, 0.149, 0.984),(0.032, 0.000, 0.000),0.542,3.454,6.373,0.913,2,1
176645,1000001135384918700,63875741926274,(0.031, 1.439, -0.020),(0.059, -0.025, 0.004, 0.998),VALID,(-0.099, 0.149, 0.984),(0.000, 0.000, 0.000),64.325,VALID,(-0.099, 0.149, 0.984),(-0.032, 0.000, 0.000),0.551,3.536,6.415,0.974,VALID,(-0.099, 0.149, 0.984),(0.032, 0.000, 0.000),0.542,3.453,6.373,0.912,2,1
176646,1000001135389939400,63875741926285,(0.031, 1.439, -0.020),(0.058, -0.025, 0.004, 0.998),VALID,(-0.099, 0.149, 0.984),(0.000, 0.000, 0.000),64.325,VALID,(-0.099, 0.149, 0.984),(-0.032, 0.000, 0.000),0.551,3.533,6.415,0.973,VALID,(-0.099, 0.149, 0.984),(0.032, 0.000, 0.000),0.542,3.453,6.373,0.912,2,1
176647,1000001135394960100,63875741926285,(0.031, 1.439, -0.020),(0.058, -0.025, 0.004, 0.998),VALID,(-0.098, 0.149, 0.984),(0.000, 0.000, 0.000),64.325,VALID,(-0.098, 0.149, 0.984),(-0.032, 0.000, 0.000),0.550,3.530,6.415,0.973,VALID,(-0.098, 0.149, 0.984),(0.032, 0.000, 0.000),0.542,3.453,6.373,0.912,2,1
176648,1000001135399971900,63875741926296,(0.031, 1.439, -0.020),(0.059, -0.025, 0.004, 0.998),VALID,(-0.098, 0.149, 0.984),(0.000, 0.000, 0.000),64.325,VALID,(-0.098, 0.149, 0.984),(-0.032, 0.000, 0.000),0.550,3.528,6.415,0.972,VALID,(-0.098, 0.149, 0.984),(0.032, 0.000, 0.000),0.542,3.452,6.373,0.912,2,1
176649,1000001135404880400,63875741926296,(0.031, 1.439, -0.020),(0.059, -0.025, 0.004, 0.998),VALID,(-0.098, 0.149, 0.984),(0.000, 0.000, 0.000),64.325,VALID,(-0.098, 0.149, 0.984),(-0.032, 0.000, 0.000),0.550,3.526,6.415,0.972,VALID,(-0.098, 0.149, 0.984),(0.032, 0.000, 0.000),0.542,3.452,6.373,0.912,2,1
176650,1000001135409892200,63875741926307,(0.031, 1.439, -0.020),(0.059, -0.025, 0.004, 0.998),VALID,(-0.098, 0.149, 0.984),(0.000, 0.000, 0.000),64.325,VALID,(-0.098, 0.149, 0.984),(-0.032, 0.000, 0.000),0.550,3.525,6.415,0.972,VALID,(-0.098, 0.149, 0.984),(0.032, 0.000, 0.000),0.542,3.452,6.373,0.912,2,1
176651,1000001135414905000,63875741926307,(0.031, 1.439, -0.020),(0.059, -0.025, 0.004, 0.998),VALID,(-0.098, 0.149, 0.984),(0.000, 0.000, 0.000),64.325,VALID,(-0.098, 0.149, 0.984),(-0.032, 0.000, 0.000),0.549,3.525,6.415,0.972,VALID,(-0.098, 0.149, 0.984),(0.032, 0.000, 0.000),0.542,3.452,6.373,0.912,2,1
176652,1000001135419916800,63875741926307,(0.031, 1.439, -0.020),(0.059, -0.025, 0.004, 0.998),VALID,(-0.097, 0.149, 0.984),(0.000, 0.000, 0.000),64.325,VALID,(-0.097, 0.149, 0.984),(-0.032, 0.000, 0.000),0.550,3.526,6.415,0.972,VALID,(-0.097, 0.149, 0.984),(0.032, 0.000, 0.000),0.542,3.452,6.373,0.912,2,1
176653,1000001135424929600,63875741926318,(0.031, 1.439, -0.020),(0.059, -0.025, 0.004, 0.998),VALID,(-0.097, 0.150, 0.984),(0.000, 0.000, 0.000),64.325,VALID,(-0.097, 0.150, 0.984),(-0.032, 0.000, 0.000),0.550,3.527,6.415,0.972,VALID,(-0.097, 0.150, 0.984),(0.032, 0.000, 0.000),0.542,3.452,6.373,0.911,2,1
176654,1000001135429938200,63875741926318,(0.031, 1.439, -0.020),(0.059, -0.025, 0.004, 0.998),VALID,(-0.097, 0.150, 0.984),(0.000, 0.000, 0.000),64.325,VALID,(-0.097, 0.150, 0.984),(-0.032, 0.000, 0.000),0.550,3.528,6.415,0.972,VALID,(-0.097, 0.150, 0.984),(0.032, 0.000, 0.000),0.542,3.452,6.373,0.911,2,1
176655,1000001135434951000,63875741926329,(0.031, 1.439, -0.020),(0.059, -0.025, 0.005, 0.998),VALID,(-0.098, 0.150, 0.984),(0.000, 0.000, 0.000),64.325,VALID,(-0.098, 0.150, 0.984),(-0.032, 0.000, 0.000),0.550,3.531,6.415,0.972,VALID,(-0.098, 0.150, 0.984),(0.032, 0.000, 0.000),0.542,3.453,6.373,0.911,2,0.9748397
176656,1000001135439977700,63875741926329,(0.031, 1.439, -0.020),(0.059, -0.025, 0.005, 0.998),VALID,(-0.099, 0.150, 0.984),(0.000, 0.000, 0.000),64.325,VALID,(-0.100, 0.150, 0.984),(-0.032, 0.000, 0.000),0.553,3.548,6.415,0.971,VALID,(-0.099, 0.150, 0.984),(0.032, 0.000, 0.000),0.543,3.462,6.373,0.911,2,0.5903435
176657,1000001135444998400,63875741926340,(0.031, 1.439, -0.020),(0.059, -0.026, 0.005, 0.998),VALID,(-0.099, 0.150, 0.984),(0.000, 0.000, 0.000),64.325,VALID,(-0.099, 0.150, 0.984),(-0.032, 0.000, 0.000),0.560,3.592,6.415,0.970,VALID,(-0.099, 0.150, 0.984),(0.032, 0.000, 0.000),0.548,3.491,6.373,0.911,2,0
176658,1000001135449993700,63875741926340,(0.031, 1.439, -0.020),(0.059, -0.026, 0.005, 0.998),VALID,(-0.096, 0.150, 0.984),(0.000, 0.000, 0.000),64.325,VALID,(-0.095, 0.150, 0.984),(-0.032, 0.000, 0.000),0.563,3.613,6.415,0.968,VALID,(-0.096, 0.150, 0.984),(0.032, 0.000, 0.000),0.548,3.489,6.373,0.913,2,0
176659,1000001135455006500,63875741926352,(0.031, 1.439, -0.020),(0.059, -0.026, 0.005, 0.998),VALID,(-0.080, 0.150, 0.985),(0.000, 0.000, 0.000),64.325,VALID,(-0.057, 0.148, 0.987),(-0.032, 0.000, 0.000),0.534,3.426,6.415,0.961,VALID,(-0.080, 0.150, 0.985),(0.032, 0.000, 0.000),0.546,3.478,6.373,0.914,2,0
176660,1000001135460003700,63875741926352,(0.031, 1.439, -0.020),(0.059, -0.026, 0.005, 0.998),VALID,(-0.051, 0.150, 0.987),(0.000, 0.000, 0.000),64.325,VALID,(-0.029, 0.148, 0.988),(-0.032, 0.000, 0.000),0.530,3.398,6.415,0.934,VALID,(-0.052, 0.150, 0.987),(0.032, 0.000, 0.000),0.542,3.453,6.373,0.919,2,0
176661,1000001135465016500,63875741926352,(0.031, 1.439, -0.020),(0.059, -0.026, 0.005, 0.998),VALID,(-0.008, 0.150, 0.989),(0.000, 0.000, 0.000),64.325,VALID,(0.009, 0.148, 0.989),(-0.032, 0.000, 0.000),0.530,3.398,6.415,0.877,VALID,(-0.008, 0.150, 0.989),(0.032, 0.000, 0.000),0.541,3.449,6.373,0.923,2,0
176662,1000001135470037200,63875741926362,(0.031, 1.439, -0.019),(0.058, -0.026, 0.005, 0.998),VALID,(0.040, 0.150, 0.988),(0.000, 0.000, 0.000),64.325,VALID,(0.051, 0.147, 0.988),(-0.032, 0.000, 0.000),0.529,3.394,6.415,0.858,VALID,(0.040, 0.150, 0.988),(0.032, 0.000, 0.000),0.541,3.445,6.373,0.927,2,0
176663,1000001135475049500,63875741926362,(0.031, 1.439, -0.019),(0.058, -0.026, 0.005, 0.998),VALID,(0.085, 0.146, 0.986),(0.000, 0.000, 0.000),64.325,VALID,(0.091, 0.143, 0.986),(-0.032, 0.000, 0.000),0.529,3.394,6.415,0.865,VALID,(0.084, 0.146, 0.986),(0.032, 0.000, 0.000),0.540,3.444,6.373,0.930,2,0
176664,1000001135480070200,63875741926374,(0.031, 1.439, -0.019),(0.058, -0.026, 0.005, 0.998),VALID,(0.119, 0.141, 0.983),(0.000, 0.000, 0.000),64.325,VALID,(0.123, 0.137, 0.983),(-0.032, 0.000, 0.000),0.563,3.615,6.415,0.871,VALID,(0.119, 0.141, 0.983),(0.032, 0.000, 0.000),0.541,3.448,6.373,0.933,2,0
176665,1000001135485083000,63875741926374,(0.031, 1.439, -0.019),(0.058, -0.026, 0.005, 0.998),VALID,(0.142, 0.135, 0.981),(0.000, 0.000, 0.000),64.325,VALID,(0.144, 0.131, 0.981),(-0.032, 0.000, 0.000),0.570,3.654,6.415,0.876,VALID,(0.142, 0.135, 0.981),(0.032, 0.000, 0.000),0.542,3.453,6.373,0.936,2,0
176666,1000001135490105100,63875741926385,(0.031, 1.439, -0.019),(0.058, -0.026, 0.005, 0.998),VALID,(0.156, 0.129, 0.979),(0.000, 0.000, 0.000),64.325,VALID,(0.157, 0.126, 0.980),(-0.032, 0.000, 0.000),0.570,3.659,6.415,0.878,VALID,(0.156, 0.129, 0.979),(0.032, 0.000, 0.000),0.542,3.457,6.373,0.938,2,0
176667,1000001135495165900,63875741926385,(0.031, 1.439, -0.019),(0.058, -0.026, 0.005, 0.998),VALID,(0.165, 0.124, 0.979),(0.000, 0.000, 0.000),64.325,VALID,(0.166, 0.121, 0.979),(-0.032, 0.000, 0.000),0.571,3.662,6.415,0.879,VALID,(0.165, 0.123, 0.979),(0.032, 0.000, 0.000),0.543,3.459,6.373,0.941,2,0
176668,1000001135500188000,63875741926396,(0.031, 1.439, -0.019),(0.058, -0.026, 0.005, 0.998),VALID,(0.171, 0.119, 0.978),(0.000, 0.000, 0.000),64.325,VALID,(0.171, 0.117, 0.978),(-0.032, 0.000, 0.000),0.571,3.665,6.415,0.883,VALID,(0.171, 0.119, 0.978),(0.032, 0.000, 0.000),0.543,3.460,6.373,0.943,2,0
176669,1000001135505111300,63875741926396,(0.031, 1.439, -0.019),(0.058, -0.026, 0.005, 0.998),VALID,(0.175, 0.115, 0.978),(0.000, 0.000, 0.000),64.325,VALID,(0.175, 0.113, 0.978),(-0.032, 0.000, 0.000),0.572,3.667,6.415,0.886,VALID,(0.175, 0.115, 0.978),(0.032, 0.000, 0.000),0.543,3.460,6.373,0.945,2,0
176670,1000001135510124100,63875741926407,(0.031, 1.439, -0.019),(0.058, -0.026, 0.005, 0.998),VALID,(0.177, 0.112, 0.978),(0.000, 0.000, 0.000),64.325,VALID,(0.177, 0.111, 0.978),(-0.032, 0.000, 0.000),0.572,3.668,6.415,0.890,VALID,(0.177, 0.112, 0.978),(0.032, 0.000, 0.000),0.543,3.460,6.373,0.947,2,0
176671,1000001135515148200,63875741926407,(0.031, 1.439, -0.019),(0.058, -0.026, 0.005, 0.998),VALID,(0.178, 0.109, 0.978),(0.000, 0.000, 0.000),64.325,VALID,(0.178, 0.108, 0.978),(-0.032, 0.000, 0.000),0.572,3.668,6.415,0.893,VALID,(0.178, 0.109, 0.978),(0.032, 0.000, 0.000),0.543,3.460,6.373,0.949,2,0
176672,1000001135520161000,63875741926407,(0.031, 1.439, -0.019),(0.058, -0.026, 0.005, 0.998),VALID,(0.179, 0.107, 0.978),(0.000, 0.000, 0.000),64.325,VALID,(0.179, 0.106, 0.978),(-0.032, 0.000, 0.000),0.572,3.668,6.415,0.896,VALID,(0.179, 0.107, 0.978),(0.032, 0.000, 0.000),0.543,3.460,6.373,0.951,2,0
176673,1000001135525183100,63875741926418,(0.031, 1.439, -0.019),(0.058, -0.026, 0.005, 0.998),VALID,(0.179, 0.105, 0.978),(0.000, 0.000, 0.000),64.325,VALID,(0.179, 0.105, 0.978),(-0.032, 0.000, 0.000),0.572,3.668,6.415,0.900,VALID,(0.179, 0.105, 0.978),(0.032, 0.000, 0.000),0.543,3.460,6.373,0.952,2,0
176674,1000001135530192900,63875741926418,(0.031, 1.439, -0.019),(0.058, -0.026, 0.005, 0.998),VALID,(0.180, 0.104, 0.978),(0.000, 0.000, 0.000),64.325,VALID,(0.180, 0.104, 0.978),(-0.032, 0.000, 0.000),0.572,3.668,6.415,0.903,VALID,(0.180, 0.104, 0.978),(0.032, 0.000, 0.000),0.543,3.460,6.373,0.953,2,0
176675,1000001135535183400,63875741926429,(0.031, 1.439, -0.019),(0.058, -0.026, 0.005, 0.998),VALID,(0.180, 0.103, 0.978),(0.000, 0.000, 0.000),64.325,VALID,(0.180, 0.103, 0.978),(-0.032, 0.000, 0.000),0.572,3.668,6.415,0.907,VALID,(0.180, 0.103, 0.978),(0.032, 0.000, 0.000),0.543,3.461,6.373,0.955,2,0
176676,1000001135540205500,63875741926429,(0.031, 1.439, -0.019),(0.058, -0.026, 0.005, 0.998),VALID,(0.180, 0.102, 0.978),(0.000, 0.000, 0.000),64.325,VALID,(0.180, 0.102, 0.978),(-0.032, 0.000, 0.000),0.572,3.668,6.415,0.908,VALID,(0.180, 0.102, 0.978),(0.032, 0.000, 0.000),0.543,3.461,6.373,0.956,2,0
176677,1000001135545227600,63875741926441,(0.031, 1.439, -0.019),(0.058, -0.026, 0.005, 0.998),VALID,(0.180, 0.101, 0.978),(0.000, 0.000, 0.000),64.325,VALID,(0.180, 0.101, 0.978),(-0.032, 0.000, 0.000),0.572,3.667,6.415,0.910,VALID,(0.180, 0.101, 0.978),(0.032, 0.000, 0.000),0.543,3.461,6.373,0.957,2,0
176678,1000001135550249700,63875741926441,(0.031, 1.439, -0.019),(0.058, -0.026, 0.005, 0.998),VALID,(0.180, 0.100, 0.979),(0.000, 0.000, 0.000),64.325,VALID,(0.180, 0.100, 0.979),(-0.032, 0.000, 0.000),0.572,3.666,6.415,0.911,VALID,(0.180, 0.100, 0.979),(0.032, 0.000, 0.000),0.543,3.462,6.373,0.958,2,0
176679,1000001135555271800,63875741926452,(0.031, 1.439, -0.019),(0.058, -0.026, 0.005, 0.998),VALID,(0.180, 0.100, 0.979),(0.000, 0.000, 0.000),64.325,VALID,(0.180, 0.100, 0.979),(-0.032, 0.000, 0.000),0.571,3.666,6.415,0.913,VALID,(0.180, 0.100, 0.979),(0.032, 0.000, 0.000),0.543,3.462,6.373,0.959,2,0
176680,1000001135560256600,63875741926452,(0.031, 1.439, -0.019),(0.058, -0.026, 0.005, 0.998),VALID,(0.180, 0.099, 0.979),(0.000, 0.000, 0.000),64.325,VALID,(0.180, 0.099, 0.979),(-0.032, 0.000, 0.000),0.571,3.665,6.415,0.914,VALID,(0.180, 0.099, 0.979),(0.032, 0.000, 0.000),0.543,3.463,6.373,0.960,2,0
176681,1000001135565281500,63875741926452,(0.031, 1.439, -0.019),(0.058, -0.026, 0.005, 0.998),VALID,(0.180, 0.098, 0.979),(0.000, 0.000, 0.000),64.325,VALID,(0.180, 0.098, 0.979),(-0.032, 0.000, 0.000),0.571,3.665,6.415,0.915,VALID,(0.180, 0.098, 0.979),(0.032, 0.000, 0.000),0.543,3.463,6.373,0.961,2,0.0797792
176682,1000001135570336900,63875741926463,(0.031, 1.439, -0.019),(0.058, -0.026, 0.005, 0.998),VALID,(0.180, 0.098, 0.979),(0.000, 0.000, 0.000),64.325,VALID,(0.180, 0.098, 0.979),(-0.032, 0.000, 0.000),0.571,3.664,6.415,0.916,VALID,(0.180, 0.098, 0.979),(0.032, 0.000, 0.000),0.544,3.464,6.373,0.962,2,0.6560103
176683,1000001135575359000,63875741926463,(0.031, 1.439, -0.019),(0.058, -0.026, 0.005, 0.998),VALID,(0.179, 0.097, 0.979),(0.000, 0.000, 0.000),64.325,VALID,(0.179, 0.097, 0.979),(-0.032, 0.000, 0.000),0.571,3.664,6.415,0.916,VALID,(0.179, 0.097, 0.979),(0.032, 0.000, 0.000),0.544,3.466,6.373,0.963,2,0.9043751
176684,1000001135580381200,63875741926474,(0.031, 1.439, -0.019),(0.058, -0.026, 0.005, 0.998),VALID,(0.179, 0.097, 0.979),(0.000, 0.000, 0.000),64.325,VALID,(0.179, 0.097, 0.979),(-0.032, 0.000, 0.000),0.571,3.664,6.415,0.917,VALID,(0.179, 0.097, 0.979),(0.032, 0.000, 0.000),0.544,3.467,6.373,0.963,2,1
176685,1000001135585403400,63875741926474,(0.031, 1.439, -0.019),(0.058, -0.026, 0.005, 0.998),VALID,(0.179, 0.096, 0.979),(0.000, 0.000, 0.000),64.325,VALID,(0.179, 0.096, 0.979),(-0.032, 0.000, 0.000),0.571,3.664,6.415,0.918,VALID,(0.179, 0.096, 0.979),(0.032, 0.000, 0.000),0.544,3.469,6.373,0.964,2,1
176686,1000001135590326300,63875741926485,(0.031, 1.439, -0.019),(0.058, -0.026, 0.005, 0.998),VALID,(0.179, 0.096, 0.979),(0.000, 0.000, 0.000),64.325,VALID,(0.179, 0.096, 0.979),(-0.032, 0.000, 0.000),0.571,3.664,6.415,0.918,VALID,(0.179, 0.096, 0.979),(0.032, 0.000, 0.000),0.545,3.471,6.373,0.964,2,1
176687,1000001135595348500,63875741926485,(0.031, 1.439, -0.019),(0.058, -0.026, 0.005, 0.998),VALID,(0.179, 0.095, 0.979),(0.000, 0.000, 0.000),64.325,VALID,(0.179, 0.095, 0.979),(-0.032, 0.000, 0.000),0.571,3.664,6.415,0.919,VALID,(0.179, 0.095, 0.979),(0.032, 0.000, 0.000),0.545,3.472,6.373,0.965,2,1
176688,1000001135600370700,63875741926495,(0.031, 1.439, -0.019),(0.058, -0.026, 0.005, 0.998),VALID,(0.179, 0.095, 0.979),(0.000, 0.000, 0.000),64.325,VALID,(0.179, 0.095, 0.979),(-0.032, 0.000, 0.000),0.571,3.664,6.415,0.919,VALID,(0.179, 0.095, 0.979),(0.032, 0.000, 0.000),0.545,3.474,6.373,0.965,2,1
176689,1000001135605364500,63875741926495,(0.031, 1.439, -0.019),(0.058, -0.026, 0.005, 0.998),VALID,(0.179, 0.095, 0.979),(0.000, 0.000, 0.000),64.325,VALID,(0.179, 0.095, 0.979),(-0.032, 0.000, 0.000),0.571,3.663,6.415,0.920,VALID,(0.179, 0.095, 0.979),(0.032, 0.000, 0.000),0.545,3.476,6.373,0.966,2,1
176690,1000001135610375000,63875741926507,(0.031, 1.439, -0.019),(0.058, -0.026, 0.005, 0.998),VALID,(0.179, 0.094, 0.979),(0.000, 0.000, 0.000),64.325,VALID,(0.179, 0.094, 0.979),(-0.032, 0.000, 0.000),0.571,3.663,6.415,0.920,VALID,(0.179, 0.094, 0.979),(0.032, 0.000, 0.000),0.546,3.479,6.373,0.966,2,1
176691,1000001135615392600,63875741926507,(0.031, 1.439, -0.019),(0.058, -0.026, 0.005, 0.998),VALID,(0.179, 0.094, 0.979),(0.000, 0.000, 0.000),64.325,VALID,(0.179, 0.094, 0.979),(-0.032, 0.000, 0.000),0.571,3.664,6.415,0.921,VALID,(0.179, 0.094, 0.979),(0.032, 0.000, 0.000),0.547,3.483,6.373,0.967,2,1
176692,1000001135620403100,63875741926507,(0.031, 1.439, -0.019),(0.058, -0.026, 0.005, 0.998),VALID,(0.179, 0.094, 0.979),(0.000, 0.000, 0.000),64.325,VALID,(0.179, 0.094, 0.979),(-0.032, 0.000, 0.000),0.571,3.666,6.415,0.922,VALID,(0.179, 0.094, 0.979),(0.032, 0.000, 0.000),0.547,3.486,6.373,0.967,2,1
176693,1000001135625420700,63875741926519,(0.031, 1.439, -0.019),(0.058, -0.026, 0.005, 0.998),VALID,(0.179, 0.094, 0.979),(0.000, 0.000, 0.000),64.325,VALID,(0.179, 0.094, 0.979),(-0.032, 0.000, 0.000),0.572,3.669,6.415,0.922,VALID,(0.179, 0.094, 0.979),(0.032, 0.000, 0.000),0.548,3.489,6.373,0.968,2,1
176694,1000001135630438300,63875741926519,(0.031, 1.439, -0.019),(0.058, -0.026, 0.005, 0.998),VALID,(0.179, 0.094, 0.979),(0.000, 0.000, 0.000),64.325,VALID,(0.179, 0.094, 0.979),(-0.032, 0.000, 0.000),0.572,3.670,6.415,0.923,VALID,(0.179, 0.094, 0.979),(0.032, 0.000, 0.000),0.548,3.492,6.373,0.968,2,1
176695,1000001135635455900,63875741926530,(0.031, 1.439, -0.019),(0.058, -0.026, 0.005, 0.998),VALID,(0.179, 0.093, 0.979),(0.000, 0.000, 0.000),64.325,VALID,(0.179, 0.093, 0.979),(-0.032, 0.000, 0.000),0.572,3.671,6.415,0.923,VALID,(0.179, 0.093, 0.979),(0.032, 0.000, 0.000),0.548,3.494,6.373,0.968,2,1
176696,1000001135640695000,63875741926530,(0.031, 1.439, -0.019),(0.058, -0.026, 0.005, 0.998),VALID,(0.179, 0.093, 0.979),(0.000, 0.000, 0.000),64.325,VALID,(0.179, 0.093, 0.979),(-0.032, 0.000, 0.000),0.573,3.673,6.415,0.923,VALID,(0.179, 0.093, 0.979),(0.032, 0.000, 0.000),0.549,3.496,6.373,0.969,2,1
176697,1000001135645712600,63875741926540,(0.031, 1.439, -0.019),(0.058, -0.026, 0.005, 0.998),VALID,(0.179, 0.093, 0.979),(0.000, 0.000, 0.000),64.325,VALID,(0.179, 0.093, 0.979),(-0.032, 0.000, 0.000),0.573,3.676,6.415,0.923,VALID,(0.179, 0.093, 0.979),(0.032, 0.000, 0.000),0.549,3.499,6.373,0.969,2,1
176698,1000001135650467800,63875741926540,(0.031, 1.439, -0.019),(0.058, -0.026, 0.005, 0.998),VALID,(0.179, 0.093, 0.979),(0.000, 0.000, 0.000),64.325,VALID,(0.179, 0.093, 0.979),(-0.032, 0.000, 0.000),0.574,3.680,6.415,0.923,VALID,(0.179, 0.093, 0.979),(0.032, 0.000, 0.000),0.549,3.501,6.373,0.969,2,1
176699,1000001135655485400,63875741926552,(0.031, 1.439, -0.019),(0.058, -0.026, 0.005, 0.998),VALID,(0.179, 0.093, 0.979),(0.000, 0.000, 0.000),64.325,VALID,(0.179, 0.093, 0.979),(-0.032, 0.000, 0.000),0.574,3.683,6.415,0.923,VALID,(0.179, 0.093, 0.979),(0.032, 0.000, 0.000),0.550,3.504,6.373,0.969,2,1
176700,1000001135660495900,63875741926552,(0.031, 1.439, -0.019),(0.058, -0.026, 0.005, 0.998),VALID,(0.179, 0.093, 0.979),(0.000, 0.000, 0.000),64.325,VALID,(0.179, 0.093, 0.979),(-0.032, 0.000, 0.000),0.575,3.686,6.415,0.923,VALID,(0.179, 0.093, 0.979),(0.032, 0.000, 0.000),0.550,3.508,6.373,0.970,2,1
176701,1000001135665498500,63875741926552,(0.031, 1.439, -0.019),(0.058, -0.026, 0.005, 0.998),VALID,(0.179, 0.093, 0.979),(0.000, 0.000, 0.000),64.325,VALID,(0.179, 0.093, 0.979),(-0.032, 0.000, 0.000),0.576,3.693,6.415,0.923,VALID,(0.179, 0.093, 0.979),(0.032, 0.000, 0.000),0.551,3.511,6.373,0.970,2,1
176702,1000001135670509000,63875741926563,(0.031, 1.439, -0.019),(0.058, -0.025, 0.005, 0.998),VALID,(0.179, 0.093, 0.979),(0.000, 0.000, 0.000),64.325,VALID,(0.179, 0.093, 0.979),(-0.032, 0.000, 0.000),0.576,3.697,6.415,0.923,VALID,(0.179, 0.093, 0.979),(0.032, 0.000, 0.000),0.551,3.515,6.373,0.970,2,1
176703,1000001135675514300,63875741926563,(0.031, 1.439, -0.019),(0.058, -0.025, 0.005, 0.998),VALID,(0.179, 0.092, 0.979),(0.000, 0.000, 0.000),64.325,VALID,(0.179, 0.092, 0.979),(-0.032, 0.000, 0.000),0.578,3.706,6.415,0.924,VALID,(0.179, 0.092, 0.979),(0.032, 0.000, 0.000),0.552,3.519,6.373,0.970,2,1
176704,1000001135680574600,63875741926574,(0.031, 1.439, -0.019),(0.058, -0.025, 0.005, 0.998),VALID,(0.179, 0.092, 0.979),(0.000, 0.000, 0.000),64.325,VALID,(0.179, 0.092, 0.979),(-0.032, 0.000, 0.000),0.579,3.712,6.415,0.924,VALID,(0.179, 0.092, 0.979),(0.032, 0.000, 0.000),0.553,3.522,6.373,0.971,2,1
176705,1000001135685579900,63875741926574,(0.031, 1.439, -0.019),(0.058, -0.025, 0.005, 0.998),VALID,(0.179, 0.092, 0.979),(0.000, 0.000, 0.000),64.325,VALID,(0.179, 0.092, 0.979),(-0.032, 0.000, 0.000),0.579,3.716,6.415,0.924,VALID,(0.179, 0.092, 0.979),(0.032, 0.000, 0.000),0.553,3.526,6.373,0.971,2,1
176706,1000001135690585200,63875741926585,(0.031, 1.439, -0.019),(0.058, -0.025, 0.005, 0.998),VALID,(0.179, 0.092, 0.979),(0.000, 0.000, 0.000),64.325,VALID,(0.179, 0.092, 0.979),(-0.032, 0.000, 0.000),0.580,3.719,6.415,0.924,VALID,(0.179, 0.092, 0.979),(0.032, 0.000, 0.000),0.554,3.531,6.373,0.971,2,1
176707,1000001135695589500,63875741926585,(0.031, 1.439, -0.019),(0.058, -0.025, 0.005, 0.998),VALID,(0.179, 0.092, 0.980),(0.000, 0.000, 0.000),64.325,VALID,(0.179, 0.092, 0.980),(-0.032, 0.000, 0.000),0.580,3.721,6.415,0.924,VALID,(0.179, 0.092, 0.980),(0.032, 0.000, 0.000),0.555,3.535,6.373,0.971,2,1
176708,1000001135700594800,63875741926596,(0.031, 1.439, -0.019),(0.058, -0.025, 0.005, 0.998),VALID,(0.179, 0.092, 0.980),(0.000, 0.000, 0.000),64.325,VALID,(0.179, 0.092, 0.980),(-0.032, 0.000, 0.000),0.580,3.723,6.415,0.924,VALID,(0.179, 0.092, 0.980),(0.032, 0.000, 0.000),0.555,3.539,6.373,0.971,2,1
176709,1000001135705588400,63875741926596,(0.031, 1.439, -0.019),(0.058, -0.025, 0.005, 0.998),VALID,(0.179, 0.092, 0.980),(0.000, 0.000, 0.000),64.325,VALID,(0.179, 0.092, 0.980),(-0.032, 0.000, 0.000),0.581,3.729,6.415,0.924,VALID,(0.179, 0.092, 0.980),(0.032, 0.000, 0.000),0.556,3.543,6.373,0.971,2,1
176710,1000001135710590200,63875741926608,(0.031, 1.439, -0.019),(0.057, -0.025, 0.005, 0.998),VALID,(0.179, 0.092, 0.980),(0.000, 0.000, 0.000),64.325,VALID,(0.179, 0.092, 0.980),(-0.032, 0.000, 0.000),0.582,3.732,6.415,0.924,VALID,(0.179, 0.092, 0.980),(0.032, 0.000, 0.000),0.556,3.546,6.373,0.972,2,1
176711,1000001135715594500,63875741926608,(0.031, 1.439, -0.019),(0.057, -0.025, 0.005, 0.998),VALID,(0.179, 0.092, 0.980),(0.000, 0.000, 0.000),64.325,VALID,(0.179, 0.092, 0.980),(-0.032, 0.000, 0.000),0.582,3.736,6.415,0.924,VALID,(0.179, 0.092, 0.980),(0.032, 0.000, 0.000),0.557,3.549,6.373,0.972,2,1
176712,1000001135720610300,63875741926608,(0.031, 1.439, -0.019),(0.057, -0.025, 0.005, 0.998),VALID,(0.179, 0.092, 0.980),(0.000, 0.000, 0.000),64.325,VALID,(0.179, 0.092, 0.980),(-0.032, 0.000, 0.000),0.583,3.739,6.415,0.924,VALID,(0.179, 0.092, 0.980),(0.032, 0.000, 0.000),0.557,3.551,6.373,0.972,2,1
176713,1000001135725650500,63875741926619,(0.031, 1.439, -0.019),(0.057, -0.025, 0.005, 0.998),VALID,(0.179, 0.092, 0.979),(0.000, 0.000, 0.000),64.325,VALID,(0.179, 0.092, 0.979),(-0.032, 0.000, 0.000),0.583,3.741,6.415,0.924,VALID,(0.179, 0.092, 0.979),(0.032, 0.000, 0.000),0.558,3.554,6.373,0.972,2,1
176714,1000001135730655800,63875741926619,(0.031, 1.439, -0.019),(0.057, -0.025, 0.005, 0.998),VALID,(0.179, 0.092, 0.979),(0.000, 0.000, 0.000),64.325,VALID,(0.179, 0.092, 0.979),(-0.032, 0.000, 0.000),0.584,3.745,6.415,0.924,VALID,(0.179, 0.092, 0.979),(0.032, 0.000, 0.000),0.558,3.557,6.373,0.972,2,1
176715,1000001135735705700,63875741926630,(0.030, 1.439, -0.019),(0.057, -0.025, 0.005, 0.998),VALID,(0.179, 0.092, 0.979),(0.000, 0.000, 0.000),64.325,VALID,(0.179, 0.092, 0.979),(-0.032, 0.000, 0.000),0.584,3.748,6.415,0.924,VALID,(0.179, 0.092, 0.979),(0.032, 0.000, 0.000),0.559,3.560,6.373,0.972,2,1
176716,1000001135741142200,63875741926630,(0.030, 1.439, -0.019),(0.057, -0.025, 0.005, 0.998),VALID,(0.179, 0.092, 0.979),(0.000, 0.000, 0.000),64.325,VALID,(0.179, 0.092, 0.979),(-0.032, 0.000, 0.000),0.585,3.750,6.415,0.924,VALID,(0.179, 0.092, 0.979),(0.032, 0.000, 0.000),0.559,3.563,6.373,0.973,2,1
176717,1000001135745937100,63875741926630,(0.030, 1.439, -0.019),(0.057, -0.025, 0.005, 0.998),VALID,(0.180, 0.092, 0.979),(0.000, 0.000, 0.000),64.325,VALID,(0.180, 0.092, 0.979),(-0.032, 0.000, 0.000),0.585,3.756,6.415,0.924,VALID,(0.180, 0.092, 0.979),(0.032, 0.000, 0.000),0.560,3.567,6.373,0.973,2,1
176718,1000001135750736200,63875741926641,(0.030, 1.439, -0.019),(0.057, -0.025, 0.005, 0.998),VALID,(0.180, 0.092, 0.979),(0.000, 0.000, 0.000),64.325,VALID,(0.180, 0.092, 0.979),(-0.032, 0.000, 0.000),0.586,3.760,6.415,0.924,VALID,(0.180, 0.092, 0.979),(0.032, 0.000, 0.000),0.562,3.580,6.373,0.973,2,0.9035386
176719,1000001135755741500,63875741926652,(0.030, 1.439, -0.019),(0.057, -0.025, 0.005, 0.998),VALID,(0.179, 0.094, 0.979),(0.000, 0.000, 0.000),64.325,VALID,(0.179, 0.094, 0.979),(-0.032, 0.000, 0.000),0.602,3.861,6.415,0.923,VALID,(0.179, 0.094, 0.979),(0.032, 0.000, 0.000),0.568,3.623,6.373,0.973,2,0.4909791
176720,1000001135760743300,63875741926652,(0.030, 1.439, -0.019),(0.057, -0.025, 0.005, 0.998),VALID,(0.169, 0.094, 0.981),(0.000, 0.000, 0.000),64.325,VALID,(0.171, 0.094, 0.981),(-0.032, 0.000, 0.000),0.601,3.854,6.415,0.922,VALID,(0.169, 0.094, 0.981),(0.032, 0.000, 0.000),0.573,3.649,6.373,0.973,2,0
176721,1000001135765727300,63875741926652,(0.030, 1.439, -0.019),(0.057, -0.025, 0.005, 0.998),VALID,(0.159, 0.096, 0.983),(0.000, 0.000, 0.000),64.325,VALID,(0.158, 0.095, 0.983),(-0.032, 0.000, 0.000),0.564,3.616,6.415,0.921,VALID,(0.158, 0.096, 0.983),(0.032, 0.000, 0.000),0.576,3.674,6.373,0.973,2,0
176722,1000001135770732900,63875741926663,(0.030, 1.439, -0.019),(0.057, -0.025, 0.005, 0.998),VALID,(0.134, 0.097, 0.986),(0.000, 0.000, 0.000),64.325,VALID,(0.134, 0.097, 0.986),(-0.032, 0.000, 0.000),0.566,3.629,6.415,0.919,VALID,(0.134, 0.097, 0.986),(0.032, 0.000, 0.000),0.576,3.673,6.373,0.973,2,0
176723,1000001135775748200,63875741926663,(0.030, 1.439, -0.019),(0.057, -0.025, 0.005, 0.998),VALID,(0.086, 0.100, 0.991),(0.000, 0.000, 0.000),64.325,VALID,(0.091, 0.100, 0.991),(-0.032, 0.000, 0.000),0.558,3.583,6.415,0.916,VALID,(0.085, 0.100, 0.991),(0.032, 0.000, 0.000),0.575,3.662,6.373,0.973,2,0
176724,1000001135780763700,63875741926674,(0.030, 1.439, -0.019),(0.057, -0.025, 0.004, 0.998),VALID,(0.030, 0.102, 0.994),(0.000, 0.000, 0.000),64.325,VALID,(0.049, 0.102, 0.994),(-0.032, 0.000, 0.000),0.547,3.509,6.415,0.917,VALID,(0.027, 0.102, 0.994),(0.032, 0.000, 0.000),0.575,3.662,6.373,0.973,2,0
176725,1000001135785769000,63875741926674,(0.030, 1.439, -0.019),(0.057, -0.025, 0.004, 0.998),VALID,(0.002, 0.104, 0.995),(0.000, 0.000, 0.000),64.325,VALID,(0.014, 0.104, 0.995),(-0.032, 0.000, 0.000),0.558,3.582,6.415,0.918,VALID,(0.000, 0.104, 0.995),(0.032, 0.000, 0.000),0.575,3.662,6.373,0.972,2,0
176726,1000001135790874200,63875741926685,(0.030, 1.439, -0.019),(0.057, -0.025, 0.004, 0.998),VALID,(-0.044, 0.106, 0.993),(0.000, 0.000, 0.000),64.325,VALID,(-0.032, 0.106, 0.994),(-0.032, 0.000, 0.000),0.596,3.821,6.415,0.919,VALID,(-0.046, 0.106, 0.993),(0.032, 0.000, 0.000),0.574,3.661,6.373,0.972,2,0
176727,1000001135795877900,63875741926685,(0.030, 1.439, -0.019),(0.057, -0.025, 0.004, 0.998),VALID,(-0.075, 0.107, 0.991),(0.000, 0.000, 0.000),64.325,VALID,(-0.063, 0.107, 0.992),(-0.032, 0.000, 0.000),0.598,3.834,6.415,0.921,VALID,(-0.077, 0.107, 0.991),(0.032, 0.000, 0.000),0.574,3.660,6.373,0.972,2,0
176728,1000001135800858000,63875741926697,(0.030, 1.439, -0.019),(0.057, -0.025, 0.004, 0.998),VALID,(-0.095, 0.109, 0.990),(0.000, 0.000, 0.000),64.325,VALID,(-0.083, 0.109, 0.991),(-0.032, 0.000, 0.000),0.598,3.833,6.415,0.923,VALID,(-0.096, 0.109, 0.989),(0.032, 0.000, 0.000),0.574,3.660,6.373,0.972,2,0
176729,1000001135805861700,63875741926697,(0.030, 1.439, -0.019),(0.057, -0.025, 0.004, 0.998),VALID,(-0.106, 0.111, 0.988),(0.000, 0.000, 0.000),64.325,VALID,(-0.095, 0.111, 0.989),(-0.032, 0.000, 0.000),0.596,3.826,6.415,0.925,VALID,(-0.108, 0.111, 0.988),(0.032, 0.000, 0.000),0.574,3.660,6.373,0.972,2,0
176730,1000001135810849900,63875741926708,(0.030, 1.439, -0.019),(0.057, -0.025, 0.004, 0.998),VALID,(-0.114, 0.113, 0.987),(0.000, 0.000, 0.000),64.325,VALID,(-0.102, 0.113, 0.988),(-0.032, 0.000, 0.000),0.595,3.815,6.415,0.928,VALID,(-0.115, 0.113, 0.987),(0.032, 0.000, 0.000),0.574,3.658,6.373,0.972,2,0
176731,1000001135815853600,63875741926708,(0.030, 1.439, -0.019),(0.057, -0.025, 0.004, 0.998),VALID,(-0.118, 0.114, 0.986),(0.000, 0.000, 0.000),64.325,VALID,(-0.106, 0.114, 0.988),(-0.032, 0.000, 0.000),0.592,3.797,6.415,0.929,VALID,(-0.120, 0.114, 0.986),(0.032, 0.000, 0.000),0.574,3.655,6.373,0.972,2,0
176732,1000001135820863700,63875741926708,(0.030, 1.439, -0.019),(0.057, -0.025, 0.004, 0.998),VALID,(-0.121, 0.116, 0.986),(0.000, 0.000, 0.000),64.325,VALID,(-0.108, 0.116, 0.987),(-0.032, 0.000, 0.000),0.591,3.789,6.415,0.931,VALID,(-0.122, 0.116, 0.986),(0.032, 0.000, 0.000),0.573,3.653,6.373,0.972,2,0
176733,1000001135825875500,63875741926719,(0.030, 1.439, -0.019),(0.057, -0.025, 0.004, 0.998),VALID,(-0.122, 0.117, 0.986),(0.000, 0.000, 0.000),64.325,VALID,(-0.110, 0.117, 0.987),(-0.032, 0.000, 0.000),0.590,3.785,6.415,0.933,VALID,(-0.123, 0.117, 0.985),(0.032, 0.000, 0.000),0.573,3.652,6.373,0.972,2,0
176734,1000001135830886900,63875741926720,(0.030, 1.439, -0.019),(0.057, -0.025, 0.004, 0.998),VALID,(-0.123, 0.117, 0.985),(0.000, 0.000, 0.000),64.325,VALID,(-0.110, 0.117, 0.987),(-0.032, 0.000, 0.000),0.589,3.781,6.415,0.935,VALID,(-0.124, 0.117, 0.985),(0.032, 0.000, 0.000),0.573,3.650,6.373,0.972,2,0
176735,1000001135835907100,63875741926730,(0.030, 1.439, -0.019),(0.057, -0.025, 0.004, 0.998),VALID,(-0.123, 0.118, 0.985),(0.000, 0.000, 0.000),64.325,VALID,(-0.111, 0.118, 0.987),(-0.032, 0.000, 0.000),0.589,3.781,6.415,0.937,VALID,(-0.125, 0.118, 0.985),(0.032, 0.000, 0.000),0.572,3.648,6.373,0.972,2,0
176736,1000001135840917000,63875741926731,(0.030, 1.439, -0.019),(0.057, -0.025, 0.004, 0.998),VALID,(-0.124, 0.118, 0.985),(0.000, 0.000, 0.000),64.325,VALID,(-0.112, 0.118, 0.987),(-0.032, 0.000, 0.000),0.590,3.782,6.415,0.939,VALID,(-0.125, 0.118, 0.985),(0.032, 0.000, 0.000),0.572,3.646,6.373,0.972,2,0
176737,1000001135845965700,63875741926731,(0.030, 1.439, -0.019),(0.057, -0.025, 0.004, 0.998),VALID,(-0.124, 0.118, 0.985),(0.000, 0.000, 0.000),64.325,VALID,(-0.112, 0.118, 0.987),(-0.032, 0.000, 0.000),0.588,3.775,6.415,0.941,VALID,(-0.125, 0.118, 0.985),(0.032, 0.000, 0.000),0.572,3.644,6.373,0.972,2,0
176738,1000001135850974400,63875741926741,(0.030, 1.438, -0.019),(0.058, -0.025, 0.004, 0.998),VALID,(-0.124, 0.118, 0.985),(0.000, 0.000, 0.000),64.325,VALID,(-0.111, 0.118, 0.987),(-0.032, 0.000, 0.000),0.587,3.768,6.415,0.942,VALID,(-0.126, 0.118, 0.985),(0.032, 0.000, 0.000),0.572,3.643,6.373,0.972,2,0
176739,1000001135855973300,63875741926742,(0.030, 1.438, -0.019),(0.058, -0.025, 0.004, 0.998),VALID,(-0.124, 0.118, 0.985),(0.000, 0.000, 0.000),64.325,VALID,(-0.111, 0.118, 0.987),(-0.032, 0.000, 0.000),0.587,3.764,6.415,0.943,VALID,(-0.126, 0.118, 0.985),(0.032, 0.000, 0.000),0.571,3.642,6.373,0.972,2,0
176740,1000001135860982000,63875741926752,(0.031, 1.438, -0.019),(0.058, -0.024, 0.004, 0.998),VALID,(-0.124, 0.118, 0.985),(0.000, 0.000, 0.000),64.325,VALID,(-0.111, 0.118, 0.987),(-0.032, 0.000, 0.000),0.586,3.762,6.415,0.945,VALID,(-0.126, 0.118, 0.985),(0.032, 0.000, 0.000),0.571,3.641,6.373,0.972,2,0
176741,1000001135865990700,63875741926763,(0.031, 1.438, -0.019),(0.057, -0.024, 0.004, 0.998),VALID,(-0.124, 0.118, 0.985),(0.000, 0.000, 0.000),64.325,VALID,(-0.110, 0.118, 0.987),(-0.032, 0.000, 0.000),0.585,3.752,6.415,0.946,VALID,(-0.126, 0.118, 0.985),(0.032, 0.000, 0.000),0.571,3.639,6.373,0.972,2,0
176742,1000001135870999400,63875741926763,(0.031, 1.438, -0.019),(0.057, -0.024, 0.004, 0.998),VALID,(-0.124, 0.118, 0.985),(0.000, 0.000, 0.000),64.325,VALID,(-0.109, 0.118, 0.987),(-0.032, 0.000, 0.000),0.584,3.745,6.415,0.947,VALID,(-0.126, 0.118, 0.985),(0.032, 0.000, 0.000),0.571,3.638,6.373,0.972,2,0
176743,1000001135875988200,63875741926763,(0.031, 1.438, -0.019),(0.057, -0.024, 0.004, 0.998),VALID,(-0.124, 0.118, 0.985),(0.000, 0.000, 0.000),64.325,VALID,(-0.108, 0.118, 0.987),(-0.032, 0.000, 0.000),0.583,3.738,6.415,0.948,VALID,(-0.126, 0.118, 0.985),(0.032, 0.000, 0.000),0.571,3.637,6.373,0.972,2,0
176744,1000001135881008300,63875741926775,(0.031, 1.438, -0.019),(0.057, -0.024, 0.004, 0.998),VALID,(-0.124, 0.117, 0.985),(0.000, 0.000, 0.000),64.325,VALID,(-0.108, 0.118, 0.987),(-0.032, 0.000, 0.000),0.582,3.732,6.415,0.948,VALID,(-0.125, 0.117, 0.985),(0.032, 0.000, 0.000),0.570,3.636,6.373,0.972,2,0
176745,1000001135886018200,63875741926775,(0.031, 1.438, -0.019),(0.057, -0.024, 0.004, 0.998),VALID,(-0.124, 0.117, 0.985),(0.000, 0.000, 0.000),64.325,VALID,(-0.108, 0.117, 0.987),(-0.032, 0.000, 0.000),0.583,3.740,6.415,0.949,VALID,(-0.125, 0.117, 0.985),(0.032, 0.000, 0.000),0.570,3.635,6.373,0.972,2,0.8165035
176746,1000001135891046300,63875741926775,(0.031, 1.438, -0.019),(0.057, -0.024, 0.004, 0.998),VALID,(-0.124, 0.117, 0.985),(0.000, 0.000, 0.000),64.325,VALID,(-0.108, 0.117, 0.987),(-0.032, 0.000, 0.000),0.583,3.742,6.415,0.950,VALID,(-0.125, 0.117, 0.985),(0.032, 0.000, 0.000),0.570,3.634,6.373,0.972,2,0.944777
176747,1000001135896056200,63875741926785,(0.031, 1.438, -0.019),(0.057, -0.024, 0.004, 0.998),VALID,(-0.124, 0.117, 0.985),(0.000, 0.000, 0.000),64.325,VALID,(-0.108, 0.117, 0.987),(-0.032, 0.000, 0.000),0.583,3.740,6.415,0.950,VALID,(-0.125, 0.117, 0.985),(0.032, 0.000, 0.000),0.570,3.633,6.373,0.972,2,1
176748,1000001135901066100,63875741926785,(0.031, 1.438, -0.019),(0.057, -0.024, 0.004, 0.998),VALID,(-0.123, 0.117, 0.986),(0.000, 0.000, 0.000),64.325,VALID,(-0.103, 0.117, 0.988),(-0.032, 0.000, 0.000),0.582,3.732,6.415,0.951,VALID,(-0.125, 0.117, 0.985),(0.032, 0.000, 0.000),0.570,3.632,6.373,0.972,2,0.9859856
176749,1000001135906074800,63875741926797,(0.031, 1.438, -0.019),(0.057, -0.024, 0.004, 0.998),VALID,(-0.123, 0.117, 0.986),(0.000, 0.000, 0.000),64.325,VALID,(-0.103, 0.117, 0.988),(-0.032, 0.000, 0.000),0.580,3.723,6.415,0.952,VALID,(-0.125, 0.117, 0.985),(0.032, 0.000, 0.000),0.570,3.631,6.373,0.972,2,0.9516003
176750,1000001135911095500,63875741926808,(0.031, 1.438, -0.019),(0.057, -0.024, 0.004, 0.998),VALID,(-0.122, 0.117, 0.986),(0.000, 0.000, 0.000),64.325,VALID,(-0.103, 0.117, 0.988),(-0.032, 0.000, 0.000),0.579,3.715,6.415,0.952,VALID,(-0.124, 0.117, 0.985),(0.032, 0.000, 0.000),0.570,3.630,6.373,0.972,2,0.9587137
176751,1000001135916104200,63875741926808,(0.031, 1.438, -0.019),(0.057, -0.024, 0.004, 0.998),VALID,(-0.122, 0.116, 0.986),(0.000, 0.000, 0.000),64.325,VALID,(-0.103, 0.117, 0.988),(-0.032, 0.000, 0.000),0.578,3.710,6.415,0.953,VALID,(-0.124, 0.116, 0.985),(0.032, 0.000, 0.000),0.570,3.630,6.373,0.972,2,0.9557254
176752,1000001135921127700,63875741926808,(0.031, 1.438, -0.019),(0.057, -0.024, 0.004, 0.998),VALID,(-0.122, 0.116, 0.986),(0.000, 0.000, 0.000),64.325,VALID,(-0.103, 0.117, 0.988),(-0.032, 0.000, 0.000),0.578,3.706,6.415,0.953,VALID,(-0.124, 0.116, 0.985),(0.032, 0.000, 0.000),0.569,3.629,6.373,0.972,2,0.9736747
176753,1000001135926136400,63875741926819,(0.031, 1.438, -0.019),(0.057, -0.024, 0.004, 0.998),VALID,(-0.122, 0.116, 0.986),(0.000, 0.000, 0.000),64.325,VALID,(-0.103, 0.117, 0.988),(-0.032, 0.000, 0.000),0.578,3.707,6.415,0.953,VALID,(-0.124, 0.116, 0.985),(0.032, 0.000, 0.000),0.569,3.628,6.373,0.972,2,0.9754467
176754,1000001135931145100,63875741926819,(0.031, 1.438, -0.019),(0.057, -0.024, 0.004, 0.998),VALID,(-0.122, 0.116, 0.986),(0.000, 0.000, 0.000),64.325,VALID,(-0.104, 0.116, 0.988),(-0.032, 0.000, 0.000),0.578,3.707,6.415,0.954,VALID,(-0.123, 0.116, 0.986),(0.032, 0.000, 0.000),0.569,3.627,6.373,0.972,2,0.9821603
176755,1000001135936155300,63875741926830,(0.031, 1.438, -0.019),(0.057, -0.024, 0.004, 0.998),VALID,(-0.121, 0.116, 0.986),(0.000, 0.000, 0.000),64.325,VALID,(-0.104, 0.116, 0.988),(-0.032, 0.000, 0.000),0.578,3.707,6.415,0.954,VALID,(-0.123, 0.116, 0.986),(0.032, 0.000, 0.000),0.569,3.626,6.373,0.972,2,0.985431
176756,1000001135941175400,63875741926830,(0.031, 1.438, -0.019),(0.057, -0.024, 0.004, 0.998),VALID,(-0.121, 0.116, 0.986),(0.000, 0.000, 0.000),64.325,VALID,(-0.103, 0.116, 0.988),(-0.032, 0.000, 0.000),0.578,3.707,6.415,0.954,VALID,(-0.123, 0.116, 0.986),(0.032, 0.000, 0.000),0.569,3.624,6.373,0.972,2,0.9856021
176757,1000001135946205200,63875741926841,(0.031, 1.438, -0.019),(0.057, -0.024, 0.004, 0.998),VALID,(-0.121, 0.116, 0.986),(0.000, 0.000, 0.000),64.325,VALID,(-0.103, 0.116, 0.988),(-0.032, 0.000, 0.000),0.579,3.712,6.415,0.955,VALID,(-0.123, 0.116, 0.986),(0.032, 0.000, 0.000),0.569,3.623,6.373,0.972,2,0.9914181
176758,1000001135951225100,63875741926841,(0.031, 1.438, -0.019),(0.057, -0.024, 0.004, 0.998),VALID,(-0.121, 0.116, 0.986),(0.000, 0.000, 0.000),64.325,VALID,(-0.104, 0.116, 0.988),(-0.032, 0.000, 0.000),0.579,3.713,6.415,0.955,VALID,(-0.123, 0.116, 0.986),(0.032, 0.000, 0.000),0.568,3.622,6.373,0.972,2,0.9879535
176759,1000001135956245200,63875741926853,(0.031, 1.438, -0.019),(0.057, -0.024, 0.004, 0.998),VALID,(-0.121, 0.116, 0.986),(0.000, 0.000, 0.000),64.325,VALID,(-0.103, 0.116, 0.988),(-0.032, 0.000, 0.000),0.579,3.712,6.415,0.955,VALID,(-0.122, 0.116, 0.986),(0.032, 0.000, 0.000),0.568,3.621,6.373,0.972,2,0.983129
176760,1000001135961250800,63875741926853,(0.031, 1.438, -0.019),(0.057, -0.024, 0.004, 0.998),VALID,(-0.121, 0.116, 0.986),(0.000, 0.000, 0.000),64.325,VALID,(-0.103, 0.116, 0.988),(-0.032, 0.000, 0.000),0.579,3.712,6.415,0.955,VALID,(-0.122, 0.116, 0.986),(0.032, 0.000, 0.000),0.568,3.619,6.373,0.972,2,0.9795082
176761,1000001135966270900,63875741926853,(0.031, 1.438, -0.019),(0.057, -0.024, 0.004, 0.998),VALID,(-0.121, 0.116, 0.986),(0.000, 0.000, 0.000),64.325,VALID,(-0.104, 0.116, 0.988),(-0.032, 0.000, 0.000),0.579,3.712,6.415,0.955,VALID,(-0.122, 0.116, 0.986),(0.032, 0.000, 0.000),0.568,3.618,6.373,0.972,2,0.9699194
176762,1000001135971276500,63875741926863,(0.031, 1.438, -0.019),(0.057, -0.024, 0.004, 0.998),VALID,(-0.121, 0.116, 0.986),(0.000, 0.000, 0.000),64.325,VALID,(-0.104, 0.116, 0.988),(-0.032, 0.000, 0.000),0.579,3.713,6.415,0.956,VALID,(-0.122, 0.116, 0.986),(0.032, 0.000, 0.000),0.567,3.616,6.373,0.972,2,0.9853141
176763,1000001135976296600,63875741926863,(0.031, 1.438, -0.019),(0.057, -0.024, 0.004, 0.998),VALID,(-0.120, 0.116, 0.986),(0.000, 0.000, 0.000),64.325,VALID,(-0.104, 0.116, 0.988),(-0.032, 0.000, 0.000),0.579,3.714,6.415,0.956,VALID,(-0.122, 0.116, 0.986),(0.032, 0.000, 0.000),0.567,3.614,6.373,0.972,2,0.9829619
176764,1000001135981316700,63875741926874,(0.031, 1.438, -0.019),(0.057, -0.024, 0.004, 0.998),VALID,(-0.120, 0.116, 0.986),(0.000, 0.000, 0.000),64.325,VALID,(-0.104, 0.116, 0.988),(-0.032, 0.000, 0.000),0.581,3.727,6.415,0.956,VALID,(-0.122, 0.116, 0.986),(0.032, 0.000, 0.000),0.567,3.612,6.373,0.972,2,0.9770827
176765,1000001135986336800,63875741926874,(0.031, 1.438, -0.019),(0.057, -0.024, 0.004, 0.998),VALID,(-0.120, 0.116, 0.986),(0.000, 0.000, 0.000),64.325,VALID,(-0.105, 0.116, 0.988),(-0.032, 0.000, 0.000),0.581,3.730,6.415,0.957,VALID,(-0.122, 0.116, 0.986),(0.032, 0.000, 0.000),0.567,3.610,6.373,0.972,2,0.9709275
176766,1000001135991392500,63875741926885,(0.031, 1.438, -0.019),(0.057, -0.024, 0.004, 0.998),VALID,(-0.120, 0.116, 0.986),(0.000, 0.000, 0.000),64.325,VALID,(-0.105, 0.116, 0.988),(-0.032, 0.000, 0.000),0.582,3.731,6.415,0.957,VALID,(-0.122, 0.116, 0.986),(0.032, 0.000, 0.000),0.566,3.608,6.373,0.971,2,0.9722144
176767,1000001135996414200,63875741926885,(0.031, 1.438, -0.019),(0.057, -0.024, 0.004, 0.998),VALID,(-0.120, 0.116, 0.986),(0.000, 0.000, 0.000),64.325,VALID,(-0.105, 0.116, 0.988),(-0.032, 0.000, 0.000),0.581,3.727,6.415,0.957,VALID,(-0.122, 0.116, 0.986),(0.032, 0.000, 0.000),0.566,3.606,6.373,0.971,2,1
176768,1000001136001489900,63875741926885,(0.031, 1.438, -0.019),(0.057, -0.024, 0.004, 0.998),VALID,(-0.120, 0.116, 0.986),(0.000, 0.000, 0.000),64.325,VALID,(-0.105, 0.116, 0.988),(-0.032, 0.000, 0.000),0.581,3.727,6.415,0.957,VALID,(-0.122, 0.116, 0.986),(0.032, 0.000, 0.000),0.565,3.604,6.373,0.971,2,1
176769,1000001136006511600,63875741926896,(0.031, 1.438, -0.019),(0.057, -0.024, 0.004, 0.998),VALID,(-0.120, 0.116, 0.986),(0.000, 0.000, 0.000),64.325,VALID,(-0.106, 0.116, 0.988),(-0.032, 0.000, 0.000),0.581,3.728,6.415,0.957,VALID,(-0.122, 0.116, 0.986),(0.032, 0.000, 0.000),0.565,3.602,6.373,0.971,2,1
176770,1000001136011432300,63875741926908,(0.031, 1.438, -0.019),(0.057, -0.024, 0.004, 0.998),VALID,(-0.120, 0.115, 0.986),(0.000, 0.000, 0.000),64.325,VALID,(-0.106, 0.115, 0.988),(-0.032, 0.000, 0.000),0.581,3.729,6.415,0.956,VALID,(-0.122, 0.115, 0.986),(0.032, 0.000, 0.000),0.565,3.600,6.373,0.970,2,1
176771,1000001136016452000,63875741926908,(0.031, 1.438, -0.019),(0.057, -0.024, 0.004, 0.998),VALID,(-0.118, 0.115, 0.986),(0.000, 0.000, 0.000),64.325,VALID,(-0.105, 0.115, 0.988),(-0.032, 0.000, 0.000),0.582,3.731,6.415,0.955,VALID,(-0.119, 0.115, 0.986),(0.032, 0.000, 0.000),0.565,3.600,6.373,0.969,2,0.426085
176772,1000001136021473700,63875741926919,(0.031, 1.438, -0.019),(0.057, -0.024, 0.004, 0.998),VALID,(-0.115, 0.115, 0.987),(0.000, 0.000, 0.000),64.325,VALID,(-0.104, 0.115, 0.988),(-0.032, 0.000, 0.000),0.582,3.732,6.415,0.954,VALID,(-0.116, 0.115, 0.987),(0.032, 0.000, 0.000),0.565,3.601,6.373,0.967,2,0.4092896
176773,1000001136026494400,63875741926919,(0.031, 1.438, -0.019),(0.057, -0.024, 0.004, 0.998),VALID,(-0.111, 0.115, 0.987),(0.000, 0.000, 0.000),64.325,VALID,(-0.103, 0.115, 0.988),(-0.032, 0.000, 0.000),0.583,3.738,6.415,0.952,VALID,(-0.112, 0.115, 0.987),(0.032, 0.000, 0.000),0.565,3.602,6.373,0.964,2,0.3576644
176774,1000001136031516100,63875741926919,(0.031, 1.438, -0.019),(0.057, -0.024, 0.004, 0.998),VALID,(-0.108, 0.114, 0.988),(0.000, 0.000, 0.000),64.325,VALID,(-0.095, 0.115, 0.989),(-0.032, 0.000, 0.000),0.559,3.584,6.415,0.953,VALID,(-0.108, 0.114, 0.988),(0.032, 0.000, 0.000),0.566,3.605,6.373,0.959,2,0.3265584
176775,1000001136036536800,63875741926930,(0.031, 1.438, -0.019),(0.057, -0.024, 0.004, 0.998),VALID,(-0.105, 0.114, 0.988),(0.000, 0.000, 0.000),64.325,VALID,(-0.094, 0.114, 0.989),(-0.032, 0.000, 0.000),0.553,3.549,6.415,0.952,VALID,(-0.106, 0.114, 0.988),(0.032, 0.000, 0.000),0.566,3.607,6.373,0.948,2,0.276754
176776,1000001136041430300,63875741926930,(0.031, 1.438, -0.019),(0.057, -0.024, 0.004, 0.998),VALID,(-0.104, 0.113, 0.988),(0.000, 0.000, 0.000),64.325,VALID,(-0.094, 0.114, 0.989),(-0.032, 0.000, 0.000),0.552,3.540,6.415,0.945,VALID,(-0.104, 0.113, 0.988),(0.032, 0.000, 0.000),0.566,3.607,6.373,0.926,2,0.2264696
176777,1000001136046452000,63875741926941,(0.031, 1.438, -0.019),(0.057, -0.024, 0.004, 0.998),VALID,(-0.098, 0.114, 0.989),(0.000, 0.000, 0.000),64.325,VALID,(-0.085, 0.113, 0.990),(-0.032, 0.000, 0.000),0.531,3.409,6.415,0.934,VALID,(-0.098, 0.114, 0.989),(0.032, 0.000, 0.000),0.558,3.557,6.373,0.884,2,0
176778,1000001136051466800,63875741926941,(0.031, 1.438, -0.019),(0.057, -0.024, 0.004, 0.998),VALID,(-0.089, 0.109, 0.990),(0.000, 0.000, 0.000),64.325,VALID,(-0.072, 0.102, 0.992),(-0.032, 0.000, 0.000),0.000,0.000,6.415,0.906,VALID,(-0.096, 0.112, 0.989),(0.032, 0.000, 0.000),0.000,0.000,6.373,0.818,2,0
176779,1000001136056471400,63875741927041,(0.031, 1.438, -0.019),(0.057, -0.024, 0.004, 0.998),INVALID,,,,INVALID,,,,,,,INVALID,,,,,,,,
176780,1000001136061458300,63875741927041,(0.031, 1.438, -0.019),(0.057, -0.024, 0.004, 0.998),INVALID,,,,INVALID,,,,,,,INVALID,,,,,,,,
176781,1000001136066472900,63875741927041,(0.031, 1.438, -0.019),(0.057, -0.024, 0.004, 0.998),INVALID,,,,INVALID,,,,,,,INVALID,,,,,,,,
176782,1000001136071477500,63875741927041,(0.031, 1.438, -0.019),(0.057, -0.024, 0.004, 0.998),INVALID,,,,INVALID,,,,,,,INVALID,,,,,,,,
176783,1000001136076505500,63875741927041,(0.031, 1.438, -0.019),(0.057, -0.024, 0.004, 0.998),INVALID,,,,INVALID,,,,,,,INVALID,,,,,,,,
176784,1000001136081510100,63875741927041,(0.031, 1.438, -0.019),(0.057, -0.024, 0.004, 0.998),INVALID,,,,INVALID,,,,,,,INVALID,,,,,,,,
176785,1000001136086556400,63875741927041,(0.031, 1.438, -0.019),(0.057, -0.024, 0.004, 0.998),INVALID,,,,INVALID,,,,,,,INVALID,,,,,,,,
176786,1000001136091561000,63875741927041,(0.031, 1.438, -0.019),(0.057, -0.024, 0.004, 0.998),INVALID,,,,INVALID,,,,,,,INVALID,,,,,,,,
176787,1000001136096554600,63875741927041,(0.031, 1.438, -0.019),(0.057, -0.024, 0.004, 0.998),INVALID,,,,INVALID,,,,,,,INVALID,,,,,,,,
176788,1000001136101559200,63875741927041,(0.031, 1.438, -0.019),(0.057, -0.024, 0.004, 0.998),INVALID,,,,INVALID,,,,,,,INVALID,,,,,,,,
176789,1000001136106567800,63875741927041,(0.031, 1.438, -0.019),(0.057, -0.024, 0.004, 0.998),INVALID,,,,INVALID,,,,,,,INVALID,,,,,,,,
176790,1000001136111572400,63875741927041,(0.031, 1.438, -0.019),(0.057, -0.024, 0.004, 0.998),INVALID,,,,INVALID,,,,,,,INVALID,,,,,,,,
176791,1000001136116581400,63875741927041,(0.031, 1.438, -0.019),(0.057, -0.024, 0.004, 0.998),INVALID,,,,INVALID,,,,,,,INVALID,,,,,,,,
176792,1000001136121607100,63875741927041,(0.031, 1.438, -0.019),(0.057, -0.024, 0.004, 0.998),INVALID,,,,INVALID,,,,,,,INVALID,,,,,,,,
176793,1000001136126611700,63875741927041,(0.031, 1.438, -0.019),(0.057, -0.024, 0.004, 0.998),INVALID,,,,INVALID,,,,,,,INVALID,,,,,,,,
176794,1000001136131666600,63875741927042,(0.031, 1.438, -0.019),(0.057, -0.024, 0.004, 0.998),INVALID,,,,INVALID,,,,,,,INVALID,,,,,,,,
176795,1000001136136671200,63875741927042,(0.031, 1.438, -0.019),(0.057, -0.024, 0.004, 0.998),INVALID,,,,INVALID,,,,,,,INVALID,,,,,,,,
176796,1000001136141679800,63875741927042,(0.031, 1.438, -0.019),(0.057, -0.024, 0.004, 0.998),INVALID,,,,INVALID,,,,,,,INVALID,,,,,,,,
176797,1000001136146684400,63875741927042,(0.031, 1.438, -0.019),(0.057, -0.024, 0.004, 0.998),INVALID,,,,INVALID,,,,,,,INVALID,,,,,,,,
176798,1000001136151687600,63875741927042,(0.031, 1.438, -0.019),(0.057, -0.024, 0.004, 0.998),INVALID,,,,INVALID,,,,,,,INVALID,,,,,,,,
176799,1000001136156690600,63875741927042,(0.031, 1.438, -0.019),(0.057, -0.024, 0.004, 0.998),VALID,(-0.183, -0.195, 0.963),(0.000, 0.000, 0.000),64.325,INVALID,,,,,,,VALID,(-0.193, -0.189, 0.963),(0.032, 0.000, 0.000),0.000,0.000,6.373,,2,0
176800,1000001136161695200,63875741927053,(0.031, 1.438, -0.019),(0.057, -0.024, 0.004, 0.998),VALID,(0.039, -0.309, 0.950),(0.000, 0.000, 0.000),64.325,VALID,(0.391, -0.367, 0.844),(-0.032, 0.000, 0.000),0.000,0.000,6.415,0.426,INVALID,,,,,,0.319,2,0
176801,1000001136166699800,63875741927120,(0.031, 1.438, -0.019),(0.057, -0.024, 0.004, 0.998),INVALID,,,,INVALID,,,,,,,INVALID,,,,,,,,
176802,1000001136171719800,63875741927120,(0.031, 1.438, -0.019),(0.057, -0.024, 0.004, 0.998),INVALID,,,,INVALID,,,,,,,INVALID,,,,,,,,
176803,1000001136176736000,63875741927120,(0.031, 1.438, -0.019),(0.057, -0.024, 0.004, 0.998),INVALID,,,,INVALID,,,,,,,INVALID,,,,,,,,
176804,1000001136181744600,63875741927120,(0.031, 1.438, -0.019),(0.057, -0.024, 0.004, 0.998),VALID,(0.000, -0.380, 0.925),(0.000, 0.000, 0.000),64.325,INVALID,,,,,,,VALID,(-0.205, -0.423, 0.883),(0.032, 0.000, 0.000),0.000,0.000,6.373,,2,0
176805,1000001136186796800,63875741927120,(0.031, 1.438, -0.019),(0.057, -0.024, 0.004, 0.998),INVALID,,,,INVALID,,,,,,,INVALID,,,,,,,,
176806,1000001136191800600,63875741927120,(0.031, 1.438, -0.019),(0.057, -0.024, 0.004, 0.998),INVALID,,,,INVALID,,,,,,,INVALID,,,,,,,,
176807,1000001136196783700,63875741927120,(0.031, 1.438, -0.019),(0.057, -0.024, 0.004, 0.998),INVALID,,,,INVALID,,,,,,,INVALID,,,,,,,,
176808,1000001136201787500,63875741927120,(0.031, 1.438, -0.019),(0.057, -0.024, 0.004, 0.998),INVALID,,,,INVALID,,,,,,,INVALID,,,,,,,,
176809,1000001136206851500,63875741927120,(0.031, 1.438, -0.019),(0.057, -0.024, 0.004, 0.998),INVALID,,,,INVALID,,,,,,,INVALID,,,,,,,,
176810,1000001136211855300,63875741927120,(0.031, 1.438, -0.019),(0.057, -0.024, 0.004, 0.998),INVALID,,,,INVALID,,,,,,,INVALID,,,,,,,,
176811,1000001136216865300,63875741927120,(0.031, 1.438, -0.019),(0.057, -0.024, 0.004, 0.998),INVALID,,,,INVALID,,,,,,,INVALID,,,,,,,,
176812,1000001136221869100,63875741927120,(0.031, 1.438, -0.019),(0.057, -0.024, 0.004, 0.998),VALID,(-0.006, -0.306, 0.952),(0.000, 0.000, 0.000),64.325,INVALID,,,,,,,VALID,(-0.064, -0.220, 0.973),(0.032, 0.000, 0.000),0.000,0.000,6.373,,2,0
176813,1000001136226854000,63875741927120,(0.031, 1.438, -0.019),(0.057, -0.024, 0.004, 0.998),VALID,(-0.008, -0.274, 0.962),(0.000, 0.000, 0.000),64.325,INVALID,,,,,,,VALID,(-0.175, -0.207, 0.963),(0.032, 0.000, 0.000),0.000,0.000,6.373,,2,0
176814,1000001136231869100,63875741927120,(0.031, 1.438, -0.019),(0.057, -0.024, 0.004, 0.998),VALID,(-0.019, -0.286, 0.958),(0.000, 0.000, 0.000),64.325,INVALID,,,,,,,VALID,(-0.170, -0.251, 0.953),(0.032, 0.000, 0.000),0.000,0.000,6.373,,2,0
176815,1000001136236876700,63875741927131,(0.031, 1.438, -0.019),(0.057, -0.024, 0.004, 0.998),VALID,(-0.034, -0.292, 0.956),(0.000, 0.000, 0.000),64.325,INVALID,,,,,,,VALID,(-0.161, -0.273, 0.948),(0.032, 0.000, 0.000),0.000,0.000,6.373,,2,0
176816,1000001136241919100,63875741927131,(0.031, 1.438, -0.019),(0.057, -0.024, 0.004, 0.998),VALID,(-0.048, -0.295, 0.954),(0.000, 0.000, 0.000),64.325,INVALID,,,,,,,VALID,(-0.150, -0.285, 0.947),(0.032, 0.000, 0.000),0.000,0.000,6.373,,2,0
176817,1000001136246922900,63875741927131,(0.031, 1.438, -0.019),(0.057, -0.024, 0.004, 0.998),VALID,(-0.059, -0.296, 0.953),(0.000, 0.000, 0.000),64.325,INVALID,,,,,,,VALID,(-0.138, -0.290, 0.947),(0.032, 0.000, 0.000),0.000,0.000,6.373,,2,0
176818,1000001136251930500,63875741927142,(0.031, 1.438, -0.019),(0.057, -0.024, 0.004, 0.998),VALID,(-0.067, -0.296, 0.953),(0.000, 0.000, 0.000),64.325,INVALID,,,,,,,VALID,(-0.127, -0.292, 0.948),(0.032, 0.000, 0.000),0.000,0.000,6.373,,2,0
176819,1000001136256934300,63875741927142,(0.031, 1.438, -0.019),(0.057, -0.024, 0.004, 0.998),VALID,(-0.074, -0.295, 0.953),(0.000, 0.000, 0.000),64.325,INVALID,,,,,,,VALID,(-0.118, -0.292, 0.949),(0.032, 0.000, 0.000),0.000,0.000,6.373,,2,0
176820,1000001136261951200,63875741927153,(0.031, 1.438, -0.019),(0.057, -0.024, 0.004, 0.998),VALID,(-0.078, -0.294, 0.953),(0.000, 0.000, 0.000),64.325,INVALID,,,,,,,VALID,(-0.111, -0.292, 0.950),(0.032, 0.000, 0.000),0.000,0.000,6.373,,2,0
176821,1000001136266955000,63875741927164,(0.031, 1.438, -0.019),(0.057, -0.024, 0.004, 0.998),VALID,(-0.081, -0.293, 0.953),(0.000, 0.000, 0.000),64.325,INVALID,,,,,,,VALID,(-0.106, -0.292, 0.951),(0.032, 0.000, 0.000),0.000,0.000,6.373,,2,0
176822,1000001136271962600,63875741927164,(0.031, 1.438, -0.019),(0.057, -0.024, 0.004, 0.998),VALID,(-0.084, -0.293, 0.953),(0.000, 0.000, 0.000),64.325,INVALID,,,,,,,VALID,(-0.102, -0.292, 0.951),(0.032, 0.000, 0.000),0.000,0.000,6.373,,2,0
176823,1000001136276970200,63875741927164,(0.031, 1.438, -0.019),(0.057, -0.024, 0.004, 0.998),VALID,(-0.086, -0.291, 0.953),(0.000, 0.000, 0.000),64.325,INVALID,,,,,,,VALID,(-0.100, -0.290, 0.952),(0.032, 0.000, 0.000),0.000,0.000,6.373,,2,0
176824,1000001136282005500,63875741927175,(0.031, 1.438, -0.019),(0.057, -0.024, 0.004, 0.998),VALID,(-0.088, -0.288, 0.954),(0.000, 0.000, 0.000),64.325,INVALID,,,,,,,VALID,(-0.099, -0.286, 0.953),(0.032, 0.000, 0.000),0.000,0.000,6.373,,2,0
176825,1000001136287052100,63875741927175,(0.031, 1.438, -0.019),(0.057, -0.024, 0.004, 0.998),VALID,(-0.091, -0.284, 0.954),(0.000, 0.000, 0.000),64.325,INVALID,,,,,,,VALID,(-0.099, -0.282, 0.954),(0.032, 0.000, 0.000),0.000,0.000,6.373,,2,0
176826,1000001136292064300,63875741927186,(0.031, 1.438, -0.019),(0.057, -0.024, 0.004, 0.998),VALID,(-0.093, -0.280, 0.955),(0.000, 0.000, 0.000),64.325,INVALID,,,,,,,VALID,(-0.099, -0.277, 0.956),(0.032, 0.000, 0.000),0.000,0.000,6.373,,2,0
176827,1000001136297063700,63875741927187,(0.031, 1.438, -0.019),(0.057, -0.024, 0.004, 0.998),VALID,(-0.079, -0.267, 0.960),(0.000, 0.000, 0.000),64.325,VALID,(0.053, -0.076, 0.996),(-0.032, 0.000, 0.000),0.000,0.000,6.415,0.671,VALID,(-0.100, -0.259, 0.961),(0.032, 0.000, 0.000),0.000,0.000,6.373,0.620,0.1674343,0
176828,1000001136302071300,63875741927187,(0.031, 1.438, -0.019),(0.057, -0.024, 0.004, 0.998),VALID,(-0.074, -0.222, 0.972),(0.000, 0.000, 0.000),64.325,VALID,(0.053, -0.074, 0.996),(-0.032, 0.000, 0.000),0.000,0.000,6.415,0.683,VALID,(-0.092, -0.230, 0.969),(0.032, 0.000, 0.000),0.000,0.000,6.373,0.634,0.201179,0
176829,1000001136307078900,63875741927197,(0.031, 1.438, -0.019),(0.057, -0.024, 0.004, 0.998),VALID,(-0.062, -0.175, 0.983),(0.000, 0.000, 0.000),64.325,VALID,(-0.038, 0.054, 0.998),(-0.032, 0.000, 0.000),0.000,0.000,6.415,0.695,VALID,(-0.085, -0.188, 0.978),(0.032, 0.000, 0.000),0.000,0.000,6.373,0.648,0.04857054,0
176830,1000001136312086500,63875741927197,(0.031, 1.438, -0.019),(0.057, -0.024, 0.004, 0.998),VALID,(-0.053, -0.147, 0.988),(0.000, 0.000, 0.000),64.325,VALID,(-0.011, 0.002, 1.000),(-0.032, 0.000, 0.000),0.000,0.000,6.415,0.705,VALID,(-0.078, -0.159, 0.984),(0.032, 0.000, 0.000),0.000,0.000,6.373,0.657,0.1405034,0
176831,1000001136317091700,63875741927208,(0.031, 1.438, -0.020),(0.057, -0.024, 0.004, 0.998),VALID,(-0.040, -0.122, 0.992),(0.000, 0.000, 0.000),64.325,VALID,(0.008, -0.028, 1.000),(-0.032, 0.000, 0.000),0.000,0.000,6.415,0.720,VALID,(-0.075, -0.131, 0.989),(0.032, 0.000, 0.000),0.000,0.000,6.373,0.664,0.3029061,0
176832,1000001136322103100,63875741927208,(0.031, 1.438, -0.020),(0.057, -0.024, 0.004, 0.998),VALID,(-0.030, -0.105, 0.994),(0.000, 0.000, 0.000),64.325,VALID,(0.020, -0.047, 0.999),(-0.032, 0.000, 0.000),0.000,0.000,6.415,0.730,VALID,(-0.072, -0.112, 0.991),(0.032, 0.000, 0.000),0.000,0.000,6.373,0.671,0.4641233,0
176833,1000001136327114500,63875741927220,(0.032, 1.438, -0.020),(0.057, -0.024, 0.004, 0.998),VALID,(-0.024, -0.102, 0.994),(0.000, 0.000, 0.000),64.325,VALID,(0.028, -0.067, 0.997),(-0.032, 0.000, 0.000),0.000,0.000,6.415,0.742,VALID,(-0.069, -0.107, 0.992),(0.032, 0.000, 0.000),0.000,0.000,6.373,0.683,0.5640281,0
176834,1000001136332122100,63875741927220,(0.032, 1.438, -0.020),(0.057, -0.024, 0.004, 0.998),VALID,(-0.021, -0.102, 0.995),(0.000, 0.000, 0.000),64.325,VALID,(0.033, -0.080, 0.996),(-0.032, 0.000, 0.000),0.000,0.000,6.415,0.755,VALID,(-0.066, -0.105, 0.992),(0.032, 0.000, 0.000),0.000,0.000,6.373,0.696,0.6081861,0
176835,1000001136337133500,63875741927231,(0.032, 1.438, -0.020),(0.057, -0.024, 0.004, 0.998),VALID,(-0.017, -0.097, 0.995),(0.000, 0.000, 0.000),64.325,VALID,(0.037, -0.082, 0.996),(-0.032, 0.000, 0.000),0.531,3.409,6.415,0.768,VALID,(-0.064, -0.098, 0.993),(0.032, 0.000, 0.000),0.546,3.481,6.373,0.708,0.6191629,0
176836,1000001136342150200,63875741927231,(0.032, 1.438, -0.020),(0.057, -0.024, 0.004, 0.998),VALID,(-0.016, -0.085, 0.996),(0.000, 0.000, 0.000),64.325,VALID,(0.039, -0.075, 0.996),(-0.032, 0.000, 0.000),0.532,3.412,6.415,0.779,VALID,(-0.064, -0.086, 0.994),(0.032, 0.000, 0.000),0.547,3.488,6.373,0.718,0.615022,0
176837,1000001136347165300,63875741927242,(0.032, 1.438, -0.020),(0.057, -0.023, 0.004, 0.998),VALID,(-0.024, -0.081, 0.996),(0.000, 0.000, 0.000),64.325,VALID,(0.025, -0.075, 0.997),(-0.032, 0.000, 0.000),0.538,3.455,6.415,0.791,VALID,(-0.063, -0.082, 0.995),(0.032, 0.000, 0.000),0.550,3.508,6.373,0.727,0.7284819,0
176838,1000001136352176700,63875741927242,(0.032, 1.438, -0.020),(0.057, -0.023, 0.004, 0.998),VALID,(-0.004, -0.041, 0.999),(0.000, 0.000, 0.000),64.325,VALID,(0.038, -0.049, 0.998),(-0.032, 0.000, 0.000),0.541,3.471,6.415,0.798,VALID,(-0.035, -0.042, 0.999),(0.032, 0.000, 0.000),0.565,3.601,6.373,0.734,0.8776565,0
176839,1000001136357178100,63875741927242,(0.032, 1.438, -0.020),(0.057, -0.023, 0.004, 0.998),VALID,(0.002, -0.024, 1.000),(0.000, 0.000, 0.000),64.325,VALID,(0.036, -0.039, 0.999),(-0.032, 0.000, 0.000),0.536,3.439,6.415,0.805,VALID,(-0.018, -0.025, 1.000),(0.032, 0.000, 0.000),0.569,3.626,6.373,0.748,1.122062,0
176840,1000001136362189500,63875741927253,(0.032, 1.438, -0.020),(0.057, -0.023, 0.004, 0.998),VALID,(0.008, -0.001, 1.000),(0.000, 0.000, 0.000),64.325,VALID,(0.043, -0.030, 0.999),(-0.032, 0.000, 0.000),0.508,3.257,6.415,0.812,VALID,(-0.005, -0.002, 1.000),(0.032, 0.000, 0.000),0.572,3.644,6.373,0.761,0.9957361,0
176841,1000001136367187700,63875741927264,(0.032, 1.438, -0.020),(0.057, -0.023, 0.004, 0.998),VALID,(0.013, 0.022, 1.000),(0.000, 0.000, 0.000),64.325,VALID,(0.039, -0.026, 0.999),(-0.032, 0.000, 0.000),0.509,3.264,6.415,0.819,VALID,(0.006, 0.021, 1.000),(0.032, 0.000, 0.000),0.574,3.656,6.373,0.770,0.6393245,0
176842,1000001136372228500,63875741927264,(0.032, 1.438, -0.020),(0.057, -0.023, 0.004, 0.998),VALID,(0.014, 0.055, 0.998),(0.000, 0.000, 0.000),64.325,VALID,(0.038, -0.008, 0.999),(-0.032, 0.000, 0.000),0.514,3.298,6.415,0.827,VALID,(0.007, 0.054, 0.998),(0.032, 0.000, 0.000),0.579,3.691,6.373,0.778,0.4117432,0
176843,1000001136377226700,63875741927275,(0.032, 1.438, -0.020),(0.057, -0.023, 0.005, 0.998),VALID,(0.014, 0.078, 0.997),(0.000, 0.000, 0.000),64.325,VALID,(0.049, 0.012, 0.999),(-0.032, 0.000, 0.000),0.520,3.339,6.415,0.836,VALID,(0.009, 0.078, 0.997),(0.032, 0.000, 0.000),0.580,3.696,6.373,0.785,0.4314671,0
176844,1000001136382238100,63875741927275,(0.032, 1.438, -0.020),(0.057, -0.023, 0.005, 0.998),VALID,(0.014, 0.092, 0.996),(0.000, 0.000, 0.000),64.325,VALID,(0.057, 0.031, 0.998),(-0.032, 0.000, 0.000),0.524,3.359,6.415,0.845,VALID,(0.011, 0.092, 0.996),(0.032, 0.000, 0.000),0.580,3.698,6.373,0.794,0.5070488,0
176845,1000001136387236300,63875741927275,(0.032, 1.438, -0.020),(0.057, -0.023, 0.005, 0.998),VALID,(0.015, 0.102, 0.995),(0.000, 0.000, 0.000),64.325,VALID,(0.052, 0.057, 0.997),(-0.032, 0.000, 0.000),0.526,3.373,6.415,0.855,VALID,(0.012, 0.102, 0.995),(0.032, 0.000, 0.000),0.580,3.699,6.373,0.804,0.7003753,0
176846,1000001136392258100,63875741927286,(0.032, 1.438, -0.020),(0.057, -0.023, 0.005, 0.998),VALID,(0.015, 0.109, 0.994),(0.000, 0.000, 0.000),64.325,VALID,(0.047, 0.076, 0.996),(-0.032, 0.000, 0.000),0.535,3.432,6.415,0.866,VALID,(0.013, 0.108, 0.994),(0.032, 0.000, 0.000),0.580,3.699,6.373,0.815,2,0
176847,1000001136397256300,63875741927286,(0.032, 1.438, -0.020),(0.057, -0.023, 0.005, 0.998),VALID,(0.015, 0.112, 0.994),(0.000, 0.000, 0.000),64.325,VALID,(0.054, 0.086, 0.995),(-0.032, 0.000, 0.000),0.540,3.467,6.415,0.877,VALID,(0.014, 0.112, 0.994),(0.032, 0.000, 0.000),0.580,3.699,6.373,0.825,2,0
176848,1000001136402273300,63875741927286,(0.032, 1.438, -0.020),(0.057, -0.023, 0.005, 0.998),VALID,(0.016, 0.115, 0.993),(0.000, 0.000, 0.000),64.325,VALID,(0.059, 0.097, 0.994),(-0.032, 0.000, 0.000),0.555,3.561,6.415,0.888,VALID,(0.015, 0.115, 0.993),(0.032, 0.000, 0.000),0.580,3.699,6.373,0.835,2,0
176849,1000001136407322700,63875741927297,(0.032, 1.438, -0.020),(0.057, -0.023, 0.005, 0.998),VALID,(0.016, 0.116, 0.993),(0.000, 0.000, 0.000),64.325,VALID,(0.062, 0.107, 0.992),(-0.032, 0.000, 0.000),0.566,3.628,6.415,0.898,VALID,(0.016, 0.116, 0.993),(0.032, 0.000, 0.000),0.580,3.699,6.373,0.844,2,0
176850,1000001136412339400,63875741927297,(0.032, 1.438, -0.020),(0.057, -0.023, 0.005, 0.998),VALID,(0.017, 0.117, 0.993),(0.000, 0.000, 0.000),64.325,VALID,(0.065, 0.118, 0.991),(-0.032, 0.000, 0.000),0.581,3.729,6.415,0.908,VALID,(0.016, 0.117, 0.993),(0.032, 0.000, 0.000),0.580,3.699,6.373,0.853,2,0
176851,1000001136417350800,63875741927309,(0.032, 1.438, -0.020),(0.057, -0.023, 0.005, 0.998),VALID,(0.017, 0.117, 0.993),(0.000, 0.000, 0.000),64.325,VALID,(0.067, 0.127, 0.990),(-0.032, 0.000, 0.000),0.586,3.759,6.415,0.916,VALID,(0.017, 0.117, 0.993),(0.032, 0.000, 0.000),0.581,3.700,6.373,0.861,2,0
176852,1000001136422362200,63875741927309,(0.032, 1.438, -0.020),(0.057, -0.023, 0.005, 0.998),VALID,(0.017, 0.118, 0.993),(0.000, 0.000, 0.000),64.325,VALID,(0.059, 0.125, 0.990),(-0.032, 0.000, 0.000),0.588,3.772,6.415,0.914,VALID,(0.017, 0.118, 0.993),(0.032, 0.000, 0.000),0.581,3.702,6.373,0.869,2,0
176853,1000001136427386100,63875741927320,(0.032, 1.438, -0.020),(0.057, -0.023, 0.005, 0.998),VALID,(0.018, 0.118, 0.993),(0.000, 0.000, 0.000),64.325,VALID,(0.061, 0.133, 0.989),(-0.032, 0.000, 0.000),0.595,3.819,6.415,0.914,VALID,(0.018, 0.118, 0.993),(0.032, 0.000, 0.000),0.581,3.704,6.373,0.876,2,0
176854,1000001136432397500,63875741927320,(0.032, 1.438, -0.020),(0.057, -0.023, 0.005, 0.998),VALID,(0.018, 0.120, 0.993),(0.000, 0.000, 0.000),64.325,VALID,(0.056, 0.130, 0.990),(-0.032, 0.000, 0.000),0.598,3.838,6.415,0.914,VALID,(0.018, 0.120, 0.993),(0.032, 0.000, 0.000),0.582,3.707,6.373,0.883,2,0
176855,1000001136437408900,63875741927331,(0.032, 1.438, -0.020),(0.057, -0.023, 0.005, 0.998),VALID,(0.019, 0.121, 0.992),(0.000, 0.000, 0.000),64.325,VALID,(0.053, 0.129, 0.990),(-0.032, 0.000, 0.000),0.600,3.848,6.415,0.914,VALID,(0.019, 0.121, 0.992),(0.032, 0.000, 0.000),0.583,3.713,6.373,0.889,2,0
176856,1000001136442407100,63875741927331,(0.032, 1.438, -0.020),(0.057, -0.023, 0.005, 0.998),VALID,(0.019, 0.123, 0.992),(0.000, 0.000, 0.000),64.325,VALID,(0.052, 0.129, 0.990),(-0.032, 0.000, 0.000),0.600,3.852,6.415,0.915,VALID,(0.019, 0.123, 0.992),(0.032, 0.000, 0.000),0.584,3.721,6.373,0.894,2,0
176857,1000001136447405300,63875741927341,(0.032, 1.438, -0.019),(0.057, -0.023, 0.005, 0.998),VALID,(0.019, 0.125, 0.992),(0.000, 0.000, 0.000),64.325,VALID,(0.050, 0.129, 0.990),(-0.032, 0.000, 0.000),0.601,3.853,6.415,0.915,VALID,(0.020, 0.125, 0.992),(0.032, 0.000, 0.000),0.585,3.726,6.373,0.899,2,0
176858,1000001136452401500,63875741927342,(0.032, 1.438, -0.019),(0.057, -0.023, 0.005, 0.998),VALID,(0.020, 0.126, 0.992),(0.000, 0.000, 0.000),64.325,VALID,(0.048, 0.129, 0.991),(-0.032, 0.000, 0.000),0.635,4.071,6.415,0.916,VALID,(0.020, 0.126, 0.992),(0.032, 0.000, 0.000),0.585,3.731,6.373,0.903,2,0
176859,1000001136457399700,63875741927342,(0.032, 1.438, -0.019),(0.057, -0.023, 0.005, 0.998),VALID,(0.020, 0.127, 0.992),(0.000, 0.000, 0.000),64.325,VALID,(0.045, 0.129, 0.991),(-0.032, 0.000, 0.000),0.638,4.091,6.415,0.917,VALID,(0.020, 0.127, 0.992),(0.032, 0.000, 0.000),0.586,3.733,6.373,0.907,2,0
176860,1000001136462430900,63875741927353,(0.032, 1.438, -0.019),(0.057, -0.023, 0.005, 0.998),VALID,(0.020, 0.127, 0.992),(0.000, 0.000, 0.000),64.325,VALID,(0.042, 0.129, 0.991),(-0.032, 0.000, 0.000),0.637,4.084,6.415,0.918,VALID,(0.020, 0.127, 0.992),(0.032, 0.000, 0.000),0.586,3.735,6.373,0.911,2,0
176861,1000001136467427100,63875741927353,(0.032, 1.438, -0.019),(0.057, -0.023, 0.005, 0.998),VALID,(0.020, 0.127, 0.992),(0.000, 0.000, 0.000),64.325,VALID,(0.045, 0.131, 0.990),(-0.032, 0.000, 0.000),0.593,3.805,6.415,0.919,VALID,(0.020, 0.127, 0.992),(0.032, 0.000, 0.000),0.586,3.736,6.373,0.913,2,0.6389185
176862,1000001136472445100,63875741927364,(0.032, 1.439, -0.020),(0.057, -0.024, 0.005, 0.998),VALID,(0.020, 0.127, 0.992),(0.000, 0.000, 0.000),64.325,VALID,(0.046, 0.133, 0.990),(-0.032, 0.000, 0.000),0.589,3.777,6.415,0.920,VALID,(0.020, 0.127, 0.992),(0.032, 0.000, 0.000),0.586,3.737,6.373,0.916,2,0.7527047
176863,1000001136477443300,63875741927375,(0.032, 1.438, -0.020),(0.058, -0.024, 0.005, 0.998),VALID,(0.020, 0.127, 0.992),(0.000, 0.000, 0.000),64.325,VALID,(0.048, 0.135, 0.990),(-0.032, 0.000, 0.000),0.591,3.794,6.415,0.921,VALID,(0.020, 0.127, 0.992),(0.032, 0.000, 0.000),0.587,3.738,6.373,0.920,2,0.7778925
176864,1000001136482531300,63875741927375,(0.032, 1.438, -0.020),(0.058, -0.024, 0.005, 0.998),VALID,(0.020, 0.126, 0.992),(0.000, 0.000, 0.000),64.325,VALID,(0.050, 0.136, 0.989),(-0.032, 0.000, 0.000),0.591,3.794,6.415,0.922,VALID,(0.021, 0.126, 0.992),(0.032, 0.000, 0.000),0.587,3.740,6.373,0.921,2,0.8495912
176865,1000001136487523400,63875741927375,(0.032, 1.438, -0.020),(0.058, -0.024, 0.005, 0.998),VALID,(0.020, 0.126, 0.992),(0.000, 0.000, 0.000),64.325,VALID,(0.052, 0.136, 0.989),(-0.032, 0.000, 0.000),0.588,3.775,6.415,0.924,VALID,(0.021, 0.126, 0.992),(0.032, 0.000, 0.000),0.587,3.741,6.373,0.918,2,0.8673261
176866,1000001136492553300,63875741927387,(0.032, 1.439, -0.020),(0.058, -0.024, 0.005, 0.998),VALID,(0.020, 0.126, 0.992),(0.000, 0.000, 0.000),64.325,VALID,(0.055, 0.136, 0.989),(-0.032, 0.000, 0.000),0.585,3.751,6.415,0.925,VALID,(0.021, 0.126, 0.992),(0.032, 0.000, 0.000),0.587,3.742,6.373,0.917,2,0.8779581
176867,1000001136497532600,63875741927387,(0.032, 1.439, -0.020),(0.058, -0.024, 0.005, 0.998),VALID,(0.021, 0.125, 0.992),(0.000, 0.000, 0.000),64.325,VALID,(0.058, 0.136, 0.989),(-0.032, 0.000, 0.000),0.584,3.746,6.415,0.926,VALID,(0.021, 0.125, 0.992),(0.032, 0.000, 0.000),0.587,3.744,6.373,0.914,2,0.9092312
176868,1000001136502545300,63875741927387,(0.032, 1.439, -0.020),(0.058, -0.024, 0.005, 0.998),VALID,(0.021, 0.125, 0.992),(0.000, 0.000, 0.000),64.325,VALID,(0.061, 0.136, 0.989),(-0.032, 0.000, 0.000),0.584,3.746,6.415,0.927,VALID,(0.021, 0.125, 0.992),(0.032, 0.000, 0.000),0.588,3.746,6.373,0.911,2,0.9139785
176869,1000001136507537400,63875741927398,(0.032, 1.438, -0.020),(0.058, -0.024, 0.005, 0.998),VALID,(0.021, 0.125, 0.992),(0.000, 0.000, 0.000),64.325,VALID,(0.063, 0.136, 0.989),(-0.032, 0.000, 0.000),0.589,3.779,6.415,0.929,VALID,(0.021, 0.125, 0.992),(0.032, 0.000, 0.000),0.588,3.747,6.373,0.909,2,0.9191304
176870,1000001136512562700,63875741927398,(0.032, 1.438, -0.020),(0.058, -0.024, 0.005, 0.998),VALID,(0.021, 0.125, 0.992),(0.000, 0.000, 0.000),64.325,VALID,(0.065, 0.137, 0.988),(-0.032, 0.000, 0.000),0.590,3.787,6.415,0.930,VALID,(0.021, 0.125, 0.992),(0.032, 0.000, 0.000),0.588,3.750,6.373,0.905,2,0.9212418
176871,1000001136517596800,63875741927410,(0.032, 1.439, -0.020),(0.058, -0.024, 0.005, 0.998),VALID,(0.021, 0.125, 0.992),(0.000, 0.000, 0.000),64.325,VALID,(0.067, 0.137, 0.988),(-0.032, 0.000, 0.000),0.588,3.773,6.415,0.931,VALID,(0.021, 0.125, 0.992),(0.032, 0.000, 0.000),0.589,3.753,6.373,0.900,2,0.9410709
176872,1000001136522622100,63875741927410,(0.032, 1.439, -0.020),(0.058, -0.024, 0.005, 0.998),VALID,(0.021, 0.125, 0.992),(0.000, 0.000, 0.000),64.325,VALID,(0.070, 0.136, 0.988),(-0.032, 0.000, 0.000),0.578,3.709,6.415,0.933,VALID,(0.021, 0.125, 0.992),(0.032, 0.000, 0.000),0.589,3.755,6.373,0.897,2,0.9494799
176873,1000001136527647400,63875741927421,(0.032, 1.439, -0.020),(0.058, -0.024, 0.005, 0.998),VALID,(0.021, 0.125, 0.992),(0.000, 0.000, 0.000),64.325,VALID,(0.072, 0.135, 0.988),(-0.032, 0.000, 0.000),0.576,3.693,6.415,0.934,VALID,(0.021, 0.125, 0.992),(0.032, 0.000, 0.000),0.590,3.757,6.373,0.894,2,0.9951296
176874,1000001136532639500,63875741927421,(0.032, 1.439, -0.020),(0.058, -0.024, 0.005, 0.998),VALID,(0.021, 0.125, 0.992),(0.000, 0.000, 0.000),64.325,VALID,(0.073, 0.134, 0.988),(-0.032, 0.000, 0.000),0.574,3.682,6.415,0.935,VALID,(0.022, 0.125, 0.992),(0.032, 0.000, 0.000),0.590,3.759,6.373,0.892,1.194401,1
176875,1000001136537664800,63875741927431,(0.032, 1.439, -0.020),(0.058, -0.024, 0.005, 0.998),VALID,(0.022, 0.125, 0.992),(0.000, 0.000, 0.000),64.325,VALID,(0.075, 0.133, 0.988),(-0.032, 0.000, 0.000),0.573,3.677,6.415,0.936,VALID,(0.022, 0.125, 0.992),(0.032, 0.000, 0.000),0.590,3.763,6.373,0.890,1.173531,1
176876,1000001136542656900,63875741927431,(0.032, 1.439, -0.020),(0.058, -0.024, 0.005, 0.998),VALID,(0.022, 0.125, 0.992),(0.000, 0.000, 0.000),64.325,VALID,(0.076, 0.133, 0.988),(-0.032, 0.000, 0.000),0.573,3.675,6.415,0.937,VALID,(0.022, 0.125, 0.992),(0.032, 0.000, 0.000),0.591,3.765,6.373,0.889,1.15741,1
176877,1000001136547630300,63875741927442,(0.032, 1.439, -0.020),(0.058, -0.024, 0.005, 0.998),VALID,(0.022, 0.125, 0.992),(0.000, 0.000, 0.000),64.325,VALID,(0.077, 0.132, 0.988),(-0.032, 0.000, 0.000),0.573,3.674,6.415,0.938,VALID,(0.022, 0.125, 0.992),(0.032, 0.000, 0.000),0.591,3.767,6.373,0.888,1.143567,1
176878,1000001136552631000,63875741927443,(0.032, 1.439, -0.020),(0.058, -0.024, 0.005, 0.998),VALID,(0.022, 0.125, 0.992),(0.000, 0.000, 0.000),64.325,VALID,(0.078, 0.132, 0.988),(-0.032, 0.000, 0.000),0.573,3.674,6.415,0.939,VALID,(0.022, 0.125, 0.992),(0.032, 0.000, 0.000),0.591,3.768,6.373,0.888,1.131889,1
176879,1000001136557699700,63875741927443,(0.032, 1.439, -0.020),(0.058, -0.024, 0.005, 0.998),VALID,(0.022, 0.125, 0.992),(0.000, 0.000, 0.000),64.325,VALID,(0.078, 0.132, 0.988),(-0.032, 0.000, 0.000),0.573,3.673,6.415,0.940,VALID,(0.022, 0.125, 0.992),(0.032, 0.000, 0.000),0.592,3.770,6.373,0.887,1.123329,1
176880,1000001136562700400,63875741927453,(0.032, 1.439, -0.020),(0.058, -0.024, 0.005, 0.998),VALID,(0.022, 0.125, 0.992),(0.000, 0.000, 0.000),64.325,VALID,(0.073, 0.132, 0.989),(-0.032, 0.000, 0.000),0.573,3.673,6.415,0.941,VALID,(0.022, 0.125, 0.992),(0.032, 0.000, 0.000),0.592,3.771,6.373,0.889,2,1
176881,1000001136567689900,63875741927453,(0.032, 1.439, -0.020),(0.058, -0.024, 0.005, 0.998),VALID,(0.022, 0.125, 0.992),(0.000, 0.000, 0.000),64.325,VALID,(0.074, 0.131, 0.989),(-0.032, 0.000, 0.000),0.572,3.670,6.415,0.942,VALID,(0.023, 0.125, 0.992),(0.032, 0.000, 0.000),0.592,3.773,6.373,0.891,2,1
176882,1000001136572715200,63875741927464,(0.032, 1.439, -0.020),(0.058, -0.024, 0.005, 0.998),VALID,(0.022, 0.126, 0.992),(0.000, 0.000, 0.000),64.325,VALID,(0.072, 0.131, 0.989),(-0.032, 0.000, 0.000),0.571,3.665,6.415,0.942,VALID,(0.023, 0.126, 0.992),(0.032, 0.000, 0.000),0.592,3.775,6.373,0.894,2,0.9915627
176883,1000001136577740500,63875741927464,(0.032, 1.439, -0.020),(0.058, -0.024, 0.005, 0.998),VALID,(0.022, 0.126, 0.992),(0.000, 0.000, 0.000),64.325,VALID,(0.069, 0.131, 0.989),(-0.032, 0.000, 0.000),0.571,3.664,6.415,0.943,VALID,(0.023, 0.126, 0.992),(0.032, 0.000, 0.000),0.593,3.776,6.373,0.897,2,0.9839138
176884,1000001136582765800,63875741927476,(0.032, 1.439, -0.020),(0.058, -0.024, 0.005, 0.998),VALID,(0.022, 0.126, 0.992),(0.000, 0.000, 0.000),64.325,VALID,(0.063, 0.131, 0.989),(-0.032, 0.000, 0.000),0.571,3.665,6.415,0.944,VALID,(0.023, 0.126, 0.992),(0.032, 0.000, 0.000),0.593,3.777,6.373,0.900,2,0.9849647
176885,1000001136587780600,63875741927476,(0.032, 1.439, -0.020),(0.058, -0.024, 0.005, 0.998),VALID,(0.023, 0.126, 0.992),(0.000, 0.000, 0.000),64.325,VALID,(0.065, 0.131, 0.989),(-0.032, 0.000, 0.000),0.571,3.665,6.415,0.945,VALID,(0.023, 0.126, 0.992),(0.032, 0.000, 0.000),0.593,3.778,6.373,0.903,2,0.9637539
176886,1000001136592805900,63875741927487,(0.032, 1.439, -0.020),(0.057, -0.024, 0.005, 0.998),VALID,(0.023, 0.126, 0.992),(0.000, 0.000, 0.000),64.325,VALID,(0.060, 0.131, 0.990),(-0.032, 0.000, 0.000),0.571,3.665,6.415,0.945,VALID,(0.023, 0.126, 0.992),(0.032, 0.000, 0.000),0.593,3.780,6.373,0.907,2,0.9408892
176887,1000001136597820700,63875741927487,(0.032, 1.439, -0.020),(0.057, -0.024, 0.005, 0.998),VALID,(0.023, 0.126, 0.992),(0.000, 0.000, 0.000),64.325,VALID,(0.054, 0.131, 0.990),(-0.032, 0.000, 0.000),0.571,3.665,6.415,0.946,VALID,(0.023, 0.126, 0.992),(0.032, 0.000, 0.000),0.593,3.781,6.373,0.909,2,0.9383799
176888,1000001136602846000,63875741927487,(0.032, 1.439, -0.020),(0.057, -0.024, 0.005, 0.998),VALID,(0.023, 0.126, 0.992),(0.000, 0.000, 0.000),64.325,VALID,(0.048, 0.130, 0.990),(-0.032, 0.000, 0.000),0.571,3.665,6.415,0.947,VALID,(0.023, 0.126, 0.992),(0.032, 0.000, 0.000),0.593,3.782,6.373,0.912,2,0.9453024
176889,1000001136607860800,63875741927498,(0.032, 1.439, -0.020),(0.057, -0.024, 0.005, 0.998),VALID,(0.023, 0.126, 0.992),(0.000, 0.000, 0.000),64.325,VALID,(0.044, 0.130, 0.990),(-0.032, 0.000, 0.000),0.571,3.666,6.415,0.947,VALID,(0.023, 0.126, 0.992),(0.032, 0.000, 0.000),0.594,3.783,6.373,0.914,2,0.9468862
176890,1000001136612886100,63875741927498,(0.032, 1.439, -0.020),(0.057, -0.024, 0.005, 0.998),VALID,(0.023, 0.127, 0.992),(0.000, 0.000, 0.000),64.325,VALID,(0.040, 0.130, 0.991),(-0.032, 0.000, 0.000),0.611,3.922,6.415,0.948,VALID,(0.023, 0.127, 0.992),(0.032, 0.000, 0.000),0.594,3.785,6.373,0.916,2,0.9546011
176891,1000001136617900900,63875741927509,(0.032, 1.439, -0.020),(0.057, -0.024, 0.005, 0.998),VALID,(0.023, 0.127, 0.992),(0.000, 0.000, 0.000),64.325,VALID,(0.037, 0.130, 0.991),(-0.032, 0.000, 0.000),0.615,3.945,6.415,0.948,VALID,(0.023, 0.127, 0.992),(0.032, 0.000, 0.000),0.594,3.786,6.373,0.918,2,0.9574175
176892,1000001136622863400,63875741927509,(0.032, 1.439, -0.020),(0.057, -0.024, 0.005, 0.998),VALID,(0.023, 0.127, 0.992),(0.000, 0.000, 0.000),64.325,VALID,(0.034, 0.130, 0.991),(-0.032, 0.000, 0.000),0.615,3.947,6.415,0.949,VALID,(0.023, 0.127, 0.992),(0.032, 0.000, 0.000),0.594,3.787,6.373,0.919,2,0.9436375
176893,1000001136627878200,63875741927520,(0.032, 1.439, -0.020),(0.057, -0.024, 0.005, 0.998),VALID,(0.023, 0.127, 0.992),(0.000, 0.000, 0.000),64.325,VALID,(0.032, 0.130, 0.991),(-0.032, 0.000, 0.000),0.615,3.948,6.415,0.949,VALID,(0.023, 0.127, 0.992),(0.032, 0.000, 0.000),0.594,3.787,6.373,0.921,2,0.9534634
176894,1000001136632893000,63875741927520,(0.032, 1.439, -0.020),(0.057, -0.024, 0.005, 0.998),VALID,(0.023, 0.127, 0.992),(0.000, 0.000, 0.000),64.325,VALID,(0.030, 0.130, 0.991),(-0.032, 0.000, 0.000),0.615,3.948,6.415,0.950,VALID,(0.023, 0.127, 0.992),(0.032, 0.000, 0.000),0.594,3.788,6.373,0.922,2,0.98004
176895,1000001136637907800,63875741927532,(0.032, 1.439, -0.020),(0.057, -0.024, 0.005, 0.998),VALID,(0.023, 0.128, 0.992),(0.000, 0.000, 0.000),64.325,VALID,(0.029, 0.130, 0.991),(-0.032, 0.000, 0.000),0.615,3.948,6.415,0.950,VALID,(0.023, 0.128, 0.992),(0.032, 0.000, 0.000),0.594,3.788,6.373,0.923,2,0.986294
176896,1000001136642920500,63875741927532,(0.032, 1.439, -0.020),(0.057, -0.024, 0.005, 0.998),VALID,(0.023, 0.128, 0.992),(0.000, 0.000, 0.000),64.325,VALID,(0.028, 0.130, 0.991),(-0.032, 0.000, 0.000),0.615,3.948,6.415,0.950,VALID,(0.023, 0.128, 0.992),(0.032, 0.000, 0.000),0.595,3.789,6.373,0.924,2,0.9838446
176897,1000001136647918600,63875741927542,(0.032, 1.439, -0.020),(0.057, -0.024, 0.005, 0.998),VALID,(0.023, 0.128, 0.992),(0.000, 0.000, 0.000),64.325,VALID,(0.035, 0.130, 0.991),(-0.032, 0.000, 0.000),0.581,3.725,6.415,0.950,VALID,(0.023, 0.128, 0.992),(0.032, 0.000, 0.000),0.595,3.790,6.373,0.924,2,0.9555019
176898,1000001136652921100,63875741927542,(0.032, 1.439, -0.020),(0.057, -0.024, 0.005, 0.998),VALID,(0.023, 0.128, 0.991),(0.000, 0.000, 0.000),64.325,VALID,(0.033, 0.130, 0.991),(-0.032, 0.000, 0.000),0.577,3.699,6.415,0.950,VALID,(0.023, 0.128, 0.991),(0.032, 0.000, 0.000),0.595,3.790,6.373,0.925,2,0.9287989
176899,1000001136657933800,63875741927542,(0.032, 1.439, -0.020),(0.057, -0.024, 0.005, 0.998),VALID,(0.027, 0.128, 0.991),(0.000, 0.000, 0.000),64.325,VALID,(0.037, 0.130, 0.991),(-0.032, 0.000, 0.000),0.576,3.694,6.415,0.950,VALID,(0.027, 0.128, 0.991),(0.032, 0.000, 0.000),0.595,3.791,6.373,0.925,2,0.4199816
176900,1000001136662945000,63875741927553,(0.032, 1.439, -0.020),(0.057, -0.024, 0.005, 0.998),VALID,(0.032, 0.129, 0.991),(0.000, 0.000, 0.000),64.325,VALID,(0.039, 0.129, 0.991),(-0.032, 0.000, 0.000),0.574,3.681,6.415,0.950,VALID,(0.032, 0.129, 0.991),(0.032, 0.000, 0.000),0.595,3.792,6.373,0.925,2,0.3024348
176901,1000001136667957700,63875741927553,(0.032, 1.439, -0.020),(0.057, -0.024, 0.005, 0.998),VALID,(0.037, 0.128, 0.991),(0.000, 0.000, 0.000),64.325,VALID,(0.042, 0.126, 0.991),(-0.032, 0.000, 0.000),0.573,3.679,6.415,0.950,VALID,(0.037, 0.128, 0.991),(0.032, 0.000, 0.000),0.595,3.793,6.373,0.925,2,0.1087847
176902,1000001136672970400,63875741927564,(0.032, 1.439, -0.020),(0.057, -0.024, 0.005, 0.998),VALID,(0.033, 0.122, 0.992),(0.000, 0.000, 0.000),64.325,VALID,(0.045, 0.115, 0.992),(-0.032, 0.000, 0.000),0.571,3.662,6.415,0.949,VALID,(0.033, 0.122, 0.992),(0.032, 0.000, 0.000),0.596,3.800,6.373,0.925,2,0
176903,1000001136677953800,63875741927575,(0.032, 1.439, -0.020),(0.057, -0.024, 0.004, 0.998),VALID,(0.031, 0.110, 0.993),(0.000, 0.000, 0.000),64.325,VALID,(0.045, 0.100, 0.994),(-0.032, 0.000, 0.000),0.571,3.663,6.415,0.942,VALID,(0.031, 0.110, 0.993),(0.032, 0.000, 0.000),0.598,3.812,6.373,0.926,2,0
176904,1000001136682963100,63875741927575,(0.032, 1.439, -0.020),(0.057, -0.024, 0.004, 0.998),VALID,(0.030, 0.089, 0.996),(0.000, 0.000, 0.000),64.325,VALID,(0.043, 0.077, 0.996),(-0.032, 0.000, 0.000),0.573,3.677,6.415,0.930,VALID,(0.028, 0.089, 0.996),(0.032, 0.000, 0.000),0.598,3.812,6.373,0.926,2,0
176905,1000001136687972400,63875741927587,(0.032, 1.439, -0.020),(0.057, -0.024, 0.004, 0.998),VALID,(0.024, 0.059, 0.998),(0.000, 0.000, 0.000),64.325,VALID,(0.042, 0.048, 0.998),(-0.032, 0.000, 0.000),0.577,3.703,6.415,0.917,VALID,(0.018, 0.059, 0.998),(0.032, 0.000, 0.000),0.596,3.796,6.373,0.926,2,0
176906,1000001136693001200,63875741927587,(0.032, 1.439, -0.020),(0.057, -0.024, 0.004, 0.998),VALID,(0.014, 0.027, 1.000),(0.000, 0.000, 0.000),64.325,VALID,(0.040, 0.019, 0.999),(-0.032, 0.000, 0.000),0.577,3.702,6.415,0.906,VALID,(0.006, 0.027, 1.000),(0.032, 0.000, 0.000),0.592,3.775,6.373,0.925,2,0
176907,1000001136698008800,63875741927587,(0.032, 1.439, -0.020),(0.057, -0.024, 0.004, 0.998),VALID,(0.010, 0.007, 1.000),(0.000, 0.000, 0.000),64.325,VALID,(0.040, 0.001, 0.999),(-0.032, 0.000, 0.000),0.606,3.889,6.415,0.895,VALID,(-0.007, 0.007, 1.000),(0.032, 0.000, 0.000),0.590,3.762,6.373,0.924,2,0
176908,1000001136703016400,63875741927598,(0.032, 1.439, -0.020),(0.057, -0.024, 0.004, 0.998),VALID,(0.001, -0.018, 1.000),(0.000, 0.000, 0.000),64.325,VALID,(0.038, -0.022, 0.999),(-0.032, 0.000, 0.000),0.610,3.916,6.415,0.886,VALID,(-0.019, -0.018, 1.000),(0.032, 0.000, 0.000),0.589,3.751,6.373,0.923,1.134847,0
176909,1000001136708027700,63875741927598,(0.032, 1.439, -0.020),(0.057, -0.024, 0.004, 0.998),VALID,(-0.003, -0.039, 0.999),(0.000, 0.000, 0.000),64.325,VALID,(0.039, -0.042, 0.998),(-0.032, 0.000, 0.000),0.607,3.897,6.415,0.878,VALID,(-0.028, -0.039, 0.999),(0.032, 0.000, 0.000),0.587,3.742,6.373,0.922,0.9526352,0
176910,1000001136713072000,63875741927598,(0.032, 1.439, -0.020),(0.057, -0.024, 0.004, 0.998),VALID,(-0.008, -0.053, 0.999),(0.000, 0.000, 0.000),64.325,VALID,(0.038, -0.054, 0.998),(-0.032, 0.000, 0.000),0.604,3.876,6.415,0.872,VALID,(-0.035, -0.053, 0.998),(0.032, 0.000, 0.000),0.586,3.735,6.373,0.920,0.8781049,0
176911,1000001136718079600,63875741927610,(0.032, 1.439, -0.020),(0.057, -0.025, 0.004, 0.998),VALID,(-0.013, -0.061, 0.998),(0.000, 0.000, 0.000),64.325,VALID,(0.037, -0.062, 0.997),(-0.032, 0.000, 0.000),0.602,3.864,6.415,0.866,VALID,(-0.040, -0.061, 0.997),(0.032, 0.000, 0.000),0.585,3.728,6.373,0.918,0.8288918,0
176912,1000001136723088900,63875741927620,(0.032, 1.439, -0.020),(0.057, -0.025, 0.004, 0.998),VALID,(-0.017, -0.066, 0.998),(0.000, 0.000, 0.000),64.325,VALID,(0.036, -0.067, 0.997),(-0.032, 0.000, 0.000),0.601,3.854,6.415,0.861,VALID,(-0.044, -0.066, 0.997),(0.032, 0.000, 0.000),0.584,3.721,6.373,0.916,0.8017724,0
176913,1000001136728096500,63875741927620,(0.032, 1.439, -0.020),(0.057, -0.025, 0.004, 0.998),VALID,(-0.020, -0.070, 0.997),(0.000, 0.000, 0.000),64.325,VALID,(0.035, -0.070, 0.997),(-0.032, 0.000, 0.000),0.600,3.847,6.415,0.856,VALID,(-0.046, -0.070, 0.996),(0.032, 0.000, 0.000),0.583,3.716,6.373,0.915,0.7874239,0
176914,1000001136733088800,63875741927620,(0.032, 1.439, -0.020),(0.057, -0.025, 0.004, 0.998),VALID,(-0.021, -0.074, 0.997),(0.000, 0.000, 0.000),64.325,VALID,(0.034, -0.074, 0.997),(-0.032, 0.000, 0.000),0.600,3.846,6.415,0.853,VALID,(-0.047, -0.074, 0.996),(0.032, 0.000, 0.000),0.582,3.710,6.373,0.913,0.7872213,0
176915,1000001136738096400,63875741927632,(0.032, 1.439, -0.020),(0.057, -0.025, 0.004, 0.998),VALID,(-0.022, -0.076, 0.997),(0.000, 0.000, 0.000),64.325,VALID,(0.034, -0.076, 0.997),(-0.032, 0.000, 0.000),0.598,3.834,6.415,0.849,VALID,(-0.048, -0.076, 0.996),(0.032, 0.000, 0.000),0.581,3.703,6.373,0.911,0.7880851,0
176916,1000001136743104000,63875741927632,(0.032, 1.439, -0.020),(0.057, -0.025, 0.004, 0.998),VALID,(-0.022, -0.078, 0.997),(0.000, 0.000, 0.000),64.325,VALID,(0.033, -0.078, 0.996),(-0.032, 0.000, 0.000),0.597,3.827,6.415,0.846,VALID,(-0.048, -0.078, 0.996),(0.032, 0.000, 0.000),0.580,3.694,6.373,0.909,0.7905607,0
176917,1000001136748142000,63875741927642,(0.032, 1.439, -0.020),(0.057, -0.025, 0.004, 0.998),VALID,(-0.022, -0.079, 0.997),(0.000, 0.000, 0.000),64.325,VALID,(0.032, -0.079, 0.996),(-0.032, 0.000, 0.000),0.596,3.823,6.415,0.851,VALID,(-0.048, -0.079, 0.996),(0.032, 0.000, 0.000),0.579,3.687,6.373,0.907,0.7931983,0
176918,1000001136753146900,63875741927642,(0.032, 1.439, -0.020),(0.057, -0.025, 0.004, 0.998),VALID,(-0.023, -0.080, 0.997),(0.000, 0.000, 0.000),64.325,VALID,(0.032, -0.080, 0.996),(-0.032, 0.000, 0.000),0.595,3.819,6.415,0.857,VALID,(-0.049, -0.080, 0.996),(0.032, 0.000, 0.000),0.577,3.680,6.373,0.906,0.7954472,0
176919,1000001136758191000,63875741927642,(0.032, 1.439, -0.020),(0.057, -0.025, 0.004, 0.998),VALID,(-0.023, -0.081, 0.996),(0.000, 0.000, 0.000),64.325,VALID,(0.031, -0.081, 0.996),(-0.032, 0.000, 0.000),0.594,3.812,6.415,0.868,VALID,(-0.049, -0.081, 0.996),(0.032, 0.000, 0.000),0.577,3.675,6.373,0.905,0.8003052,0
176920,1000001136763195900,63875741927654,(0.032, 1.439, -0.020),(0.057, -0.024, 0.004, 0.998),VALID,(-0.023, -0.081, 0.996),(0.000, 0.000, 0.000),64.325,VALID,(0.031, -0.081, 0.996),(-0.032, 0.000, 0.000),0.593,3.802,6.415,0.880,VALID,(-0.049, -0.081, 0.996),(0.032, 0.000, 0.000),0.576,3.671,6.373,0.903,0.8028773,0
176921,1000001136768203500,63875741927654,(0.032, 1.439, -0.020),(0.057, -0.024, 0.004, 0.998),VALID,(-0.023, -0.082, 0.996),(0.000, 0.000, 0.000),64.325,VALID,(0.031, -0.082, 0.996),(-0.032, 0.000, 0.000),0.591,3.789,6.415,0.891,VALID,(-0.049, -0.082, 0.995),(0.032, 0.000, 0.000),0.576,3.668,6.373,0.902,0.8072083,0
176922,1000001136773208400,63875741927665,(0.032, 1.439, -0.020),(0.057, -0.024, 0.004, 0.998),VALID,(-0.027, -0.087, 0.996),(0.000, 0.000, 0.000),64.325,VALID,(0.031, -0.079, 0.996),(-0.032, 0.000, 0.000),0.560,3.595,6.415,0.901,VALID,(-0.048, -0.087, 0.995),(0.032, 0.000, 0.000),0.575,3.665,6.373,0.901,0.7960523,0
176923,1000001136778213300,63875741927675,(0.032, 1.439, -0.020),(0.057, -0.024, 0.004, 0.998),VALID,(-0.030, -0.091, 0.995),(0.000, 0.000, 0.000),64.325,VALID,(0.032, -0.078, 0.996),(-0.032, 0.000, 0.000),0.556,3.569,6.415,0.909,VALID,(-0.048, -0.091, 0.995),(0.032, 0.000, 0.000),0.574,3.659,6.373,0.900,0.7793491,0
176924,1000001136783214900,63875741927675,(0.032, 1.439, -0.020),(0.057, -0.024, 0.004, 0.998),VALID,(-0.029, -0.088, 0.996),(0.000, 0.000, 0.000),64.325,VALID,(0.030, -0.077, 0.997),(-0.032, 0.000, 0.000),0.555,3.561,6.415,0.916,VALID,(-0.048, -0.088, 0.995),(0.032, 0.000, 0.000),0.573,3.654,6.373,0.899,0.8049529,0
176925,1000001136788217900,63875741927676,(0.032, 1.439, -0.020),(0.057, -0.024, 0.004, 0.998),VALID,(-0.024, -0.083, 0.996),(0.000, 0.000, 0.000),64.325,VALID,(0.032, -0.075, 0.997),(-0.032, 0.000, 0.000),0.554,3.555,6.415,0.921,VALID,(-0.048, -0.083, 0.995),(0.032, 0.000, 0.000),0.573,3.649,6.373,0.899,0.7962017,0
176926,1000001136793285600,63875741927687,(0.032, 1.439, -0.020),(0.057, -0.024, 0.004, 0.998),VALID,(-0.024, -0.081, 0.996),(0.000, 0.000, 0.000),64.325,VALID,(0.031, -0.075, 0.997),(-0.032, 0.000, 0.000),0.553,3.550,6.415,0.925,VALID,(-0.047, -0.081, 0.996),(0.032, 0.000, 0.000),0.572,3.645,6.373,0.898,0.810204,0
176927,1000001136798288600,63875741927687,(0.032, 1.439, -0.020),(0.057, -0.024, 0.004, 0.998),VALID,(-0.023, -0.081, 0.996),(0.000, 0.000, 0.000),64.325,VALID,(0.030, -0.075, 0.997),(-0.032, 0.000, 0.000),0.552,3.541,6.415,0.928,VALID,(-0.047, -0.080, 0.996),(0.032, 0.000, 0.000),0.571,3.640,6.373,0.897,0.823695,0
176928,1000001136803272800,63875741927698,(0.032, 1.439, -0.020),(0.057, -0.024, 0.004, 0.998),VALID,(-0.023, -0.080, 0.997),(0.000, 0.000, 0.000),64.325,VALID,(0.029, -0.075, 0.997),(-0.032, 0.000, 0.000),0.579,3.717,6.415,0.932,VALID,(-0.047, -0.080, 0.996),(0.032, 0.000, 0.000),0.571,3.636,6.373,0.896,0.838417,0
176929,1000001136808276600,63875741927698,(0.032, 1.439, -0.020),(0.057, -0.024, 0.004, 0.998),VALID,(-0.023, -0.079, 0.997),(0.000, 0.000, 0.000),64.325,VALID,(0.028, -0.075, 0.997),(-0.032, 0.000, 0.000),0.583,3.738,6.415,0.934,VALID,(-0.047, -0.079, 0.996),(0.032, 0.000, 0.000),0.570,3.632,6.373,0.896,0.8535315,0
176930,1000001136813323500,63875741927698,(0.032, 1.439, -0.020),(0.057, -0.024, 0.004, 0.998),VALID,(-0.023, -0.079, 0.997),(0.000, 0.000, 0.000),64.325,VALID,(0.027, -0.076, 0.997),(-0.032, 0.000, 0.000),0.585,3.751,6.415,0.935,VALID,(-0.046, -0.079, 0.996),(0.032, 0.000, 0.000),0.569,3.629,6.373,0.895,0.8711925,0
176931,1000001136818327300,63875741927710,(0.032, 1.439, -0.020),(0.057, -0.024, 0.004, 0.998),VALID,(-0.023, -0.078, 0.997),(0.000, 0.000, 0.000),64.325,VALID,(0.026, -0.076, 0.997),(-0.032, 0.000, 0.000),0.585,3.756,6.415,0.936,VALID,(-0.046, -0.078, 0.996),(0.032, 0.000, 0.000),0.569,3.626,6.373,0.895,0.8871576,0
176932,1000001136823331100,63875741927710,(0.032, 1.439, -0.020),(0.057, -0.024, 0.004, 0.998),VALID,(-0.022, -0.078, 0.997),(0.000, 0.000, 0.000),64.325,VALID,(0.025, -0.075, 0.997),(-0.032, 0.000, 0.000),0.586,3.756,6.415,0.938,VALID,(-0.046, -0.078, 0.996),(0.032, 0.000, 0.000),0.569,3.623,6.373,0.894,0.9032872,0
176933,1000001136828334900,63875741927720,(0.032, 1.439, -0.020),(0.057, -0.024, 0.004, 0.998),VALID,(-0.022, -0.078, 0.997),(0.000, 0.000, 0.000),64.325,VALID,(0.024, -0.075, 0.997),(-0.032, 0.000, 0.000),0.586,3.756,6.415,0.939,VALID,(-0.046, -0.078, 0.996),(0.032, 0.000, 0.000),0.568,3.620,6.373,0.894,0.9182847,0
176934,1000001136833357800,63875741927720,(0.032, 1.439, -0.020),(0.057, -0.024, 0.004, 0.998),VALID,(-0.022, -0.077, 0.997),(0.000, 0.000, 0.000),64.325,VALID,(0.023, -0.075, 0.997),(-0.032, 0.000, 0.000),0.585,3.752,6.415,0.940,VALID,(-0.045, -0.077, 0.996),(0.032, 0.000, 0.000),0.568,3.617,6.373,0.893,0.9320288,0
176935,1000001136838360800,63875741927732,(0.032, 1.439, -0.020),(0.056, -0.024, 0.004, 0.998),VALID,(-0.021, -0.076, 0.997),(0.000, 0.000, 0.000),64.325,VALID,(0.025, -0.074, 0.997),(-0.032, 0.000, 0.000),0.584,3.747,6.415,0.941,VALID,(-0.045, -0.076, 0.996),(0.032, 0.000, 0.000),0.567,3.614,6.373,0.893,0.906905,0
176936,1000001136843364600,63875741927732,(0.032, 1.439, -0.020),(0.056, -0.024, 0.004, 0.998),VALID,(-0.019, -0.075, 0.997),(0.000, 0.000, 0.000),64.325,VALID,(0.027, -0.073, 0.997),(-0.032, 0.000, 0.000),0.583,3.738,6.415,0.941,VALID,(-0.045, -0.075, 0.996),(0.032, 0.000, 0.000),0.567,3.612,6.373,0.893,0.8931495,0
176937,1000001136848374300,63875741927742,(0.032, 1.439, -0.020),(0.056, -0.024, 0.004, 0.998),VALID,(-0.019, -0.075, 0.997),(0.000, 0.000, 0.000),64.325,VALID,(0.026, -0.073, 0.997),(-0.032, 0.000, 0.000),0.582,3.731,6.415,0.942,VALID,(-0.045, -0.075, 0.996),(0.032, 0.000, 0.000),0.566,3.609,6.373,0.892,0.9036178,0
176938,1000001136853378100,63875741927742,(0.032, 1.439, -0.020),(0.056, -0.024, 0.004, 0.998),VALID,(-0.020, -0.077, 0.997),(0.000, 0.000, 0.000),64.325,VALID,(0.019, -0.076, 0.997),(-0.032, 0.000, 0.000),0.581,3.730,6.415,0.942,VALID,(-0.045, -0.077, 0.996),(0.032, 0.000, 0.000),0.566,3.607,6.373,0.892,1.001304,0
176939,1000001136858435700,63875741927742,(0.032, 1.439, -0.020),(0.056, -0.024, 0.004, 0.998),VALID,(-0.019, -0.076, 0.997),(0.000, 0.000, 0.000),64.325,VALID,(0.022, -0.075, 0.997),(-0.032, 0.000, 0.000),0.580,3.724,6.415,0.943,VALID,(-0.045, -0.076, 0.996),(0.032, 0.000, 0.000),0.565,3.604,6.373,0.892,0.965754,0
176940,1000001136863439500,63875741927754,(0.032, 1.439, -0.020),(0.056, -0.024, 0.004, 0.998),VALID,(-0.017, -0.076, 0.997),(0.000, 0.000, 0.000),64.325,VALID,(0.023, -0.074, 0.997),(-0.032, 0.000, 0.000),0.580,3.721,6.415,0.943,VALID,(-0.045, -0.076, 0.996),(0.032, 0.000, 0.000),0.565,3.602,6.373,0.892,0.9466261,0
176941,1000001136868448300,63875741927754,(0.032, 1.439, -0.020),(0.056, -0.024, 0.004, 0.998),VALID,(-0.017, -0.075, 0.997),(0.000, 0.000, 0.000),64.325,VALID,(0.023, -0.074, 0.997),(-0.032, 0.000, 0.000),0.579,3.717,6.415,0.944,VALID,(-0.045, -0.075, 0.996),(0.032, 0.000, 0.000),0.565,3.600,6.373,0.891,0.9523552,0
176942,1000001136873457100,63875741927765,(0.032, 1.439, -0.020),(0.056, -0.024, 0.004, 0.998),VALID,(-0.018, -0.075, 0.997),(0.000, 0.000, 0.000),64.325,VALID,(0.022, -0.074, 0.997),(-0.032, 0.000, 0.000),0.578,3.710,6.415,0.944,VALID,(-0.045, -0.075, 0.996),(0.032, 0.000, 0.000),0.565,3.599,6.373,0.891,0.9575101,0
176943,1000001136878465900,63875741927765,(0.032, 1.439, -0.020),(0.056, -0.024, 0.004, 0.998),VALID,(-0.018, -0.075, 0.997),(0.000, 0.000, 0.000),64.325,VALID,(0.022, -0.074, 0.997),(-0.032, 0.000, 0.000),0.578,3.706,6.415,0.944,VALID,(-0.045, -0.075, 0.996),(0.032, 0.000, 0.000),0.565,3.598,6.373,0.891,0.9647571,0
176944,1000001136883469700,63875741927775,(0.032, 1.439, -0.020),(0.056, -0.024, 0.004, 0.998),VALID,(-0.016, -0.075, 0.997),(0.000, 0.000, 0.000),64.325,VALID,(0.023, -0.073, 0.997),(-0.032, 0.000, 0.000),0.577,3.699,6.415,0.944,VALID,(-0.045, -0.074, 0.996),(0.032, 0.000, 0.000),0.564,3.596,6.373,0.891,0.9529111,0
176945,1000001136888478500,63875741927787,(0.032, 1.439, -0.020),(0.056, -0.024, 0.003, 0.998),VALID,(-0.014, -0.074, 0.997),(0.000, 0.000, 0.000),64.325,VALID,(0.024, -0.073, 0.997),(-0.032, 0.000, 0.000),0.576,3.697,6.415,0.945,VALID,(-0.044, -0.074, 0.996),(0.032, 0.000, 0.000),0.564,3.594,6.373,0.890,0.9331034,0
176946,1000001136893488000,63875741927787,(0.032, 1.439, -0.020),(0.056, -0.024, 0.003, 0.998),VALID,(-0.015, -0.074, 0.997),(0.000, 0.000, 0.000),64.325,VALID,(0.024, -0.073, 0.997),(-0.032, 0.000, 0.000),0.576,3.696,6.415,0.945,VALID,(-0.044, -0.074, 0.996),(0.032, 0.000, 0.000),0.564,3.593,6.373,0.890,0.9386613,0
176947,1000001136898493900,63875741927787,(0.032, 1.439, -0.020),(0.056, -0.024, 0.003, 0.998),VALID,(-0.015, -0.073, 0.997),(0.000, 0.000, 0.000),64.325,VALID,(0.024, -0.072, 0.997),(-0.032, 0.000, 0.000),0.576,3.694,6.415,0.945,VALID,(-0.044, -0.073, 0.996),(0.032, 0.000, 0.000),0.564,3.592,6.373,0.890,0.9429715,0
176948,1000001136903502700,63875741927787,(0.032, 1.439, -0.020),(0.056, -0.024, 0.003, 0.998),VALID,(-0.016, -0.073, 0.997),(0.000, 0.000, 0.000),64.325,VALID,(0.023, -0.072, 0.997),(-0.032, 0.000, 0.000),0.576,3.694,6.415,0.945,VALID,(-0.044, -0.073, 0.996),(0.032, 0.000, 0.000),0.563,3.591,6.373,0.890,0.9471703,0
176949,1000001136908514700,63875741927799,(0.032, 1.439, -0.020),(0.056, -0.024, 0.003, 0.998),VALID,(-0.016, -0.073, 0.997),(0.000, 0.000, 0.000),64.325,VALID,(0.023, -0.072, 0.997),(-0.032, 0.000, 0.000),0.576,3.694,6.415,0.945,VALID,(-0.044, -0.073, 0.996),(0.032, 0.000, 0.000),0.563,3.590,6.373,0.890,0.9518718,0
176950,1000001136913565700,63875741927799,(0.032, 1.439, -0.020),(0.056, -0.024, 0.003, 0.998),VALID,(-0.017, -0.073, 0.997),(0.000, 0.000, 0.000),64.325,VALID,(0.023, -0.072, 0.997),(-0.032, 0.000, 0.000),0.576,3.695,6.415,0.945,VALID,(-0.044, -0.073, 0.996),(0.032, 0.000, 0.000),0.563,3.590,6.373,0.890,0.9579679,0
176951,1000001136918564000,63875741927810,(0.032, 1.439, -0.020),(0.056, -0.024, 0.003, 0.998),VALID,(-0.015, -0.072, 0.997),(0.000, 0.000, 0.000),64.325,VALID,(0.024, -0.071, 0.997),(-0.032, 0.000, 0.000),0.576,3.696,6.415,0.945,VALID,(-0.044, -0.071, 0.996),(0.032, 0.000, 0.000),0.563,3.589,6.373,0.890,0.9438102,0
176952,1000001136923579700,63875741927810,(0.032, 1.439, -0.020),(0.056, -0.024, 0.003, 0.998),VALID,(-0.016, -0.071, 0.997),(0.000, 0.000, 0.000),64.325,VALID,(0.023, -0.071, 0.997),(-0.032, 0.000, 0.000),0.576,3.696,6.415,0.945,VALID,(-0.044, -0.071, 0.996),(0.032, 0.000, 0.000),0.563,3.589,6.373,0.890,0.9484073,0
176953,1000001136928591700,63875741927821,(0.032, 1.439, -0.020),(0.056, -0.024, 0.003, 0.998),VALID,(-0.016, -0.071, 0.997),(0.000, 0.000, 0.000),64.325,VALID,(0.023, -0.071, 0.997),(-0.032, 0.000, 0.000),0.576,3.693,6.415,0.945,VALID,(-0.044, -0.071, 0.996),(0.032, 0.000, 0.000),0.563,3.588,6.373,0.889,0.9547937,0
176954,1000001136933625800,63875741927832,(0.032, 1.439, -0.020),(0.056, -0.024, 0.003, 0.998),VALID,(-0.016, -0.071, 0.997),(0.000, 0.000, 0.000),64.325,VALID,(0.022, -0.071, 0.997),(-0.032, 0.000, 0.000),0.575,3.692,6.415,0.946,VALID,(-0.044, -0.071, 0.996),(0.032, 0.000, 0.000),0.563,3.588,6.373,0.889,0.9617067,0
176955,1000001136938634600,63875741927832,(0.032, 1.439, -0.020),(0.056, -0.024, 0.003, 0.998),VALID,(-0.016, -0.071, 0.997),(0.000, 0.000, 0.000),64.325,VALID,(0.022, -0.071, 0.997),(-0.032, 0.000, 0.000),0.575,3.691,6.415,0.946,VALID,(-0.044, -0.071, 0.996),(0.032, 0.000, 0.000),0.563,3.586,6.373,0.889,0.9683447,0
176956,1000001136943646600,63875741927832,(0.032, 1.439, -0.020),(0.056, -0.024, 0.003, 0.998),VALID,(-0.016, -0.071, 0.997),(0.000, 0.000, 0.000),64.325,VALID,(0.022, -0.071, 0.997),(-0.032, 0.000, 0.000),0.578,3.711,6.415,0.946,VALID,(-0.044, -0.071, 0.996),(0.032, 0.000, 0.000),0.563,3.585,6.373,0.889,0.9715078,0
176957,1000001136948658600,63875741927843,(0.032, 1.439, -0.020),(0.056, -0.024, 0.003, 0.998),VALID,(-0.013, -0.071, 0.997),(0.000, 0.000, 0.000),64.325,VALID,(0.028, -0.070, 0.997),(-0.032, 0.000, 0.000),0.578,3.708,6.415,0.946,VALID,(-0.043, -0.070, 0.997),(0.032, 0.000, 0.000),0.563,3.585,6.373,0.888,0.9057327,0
176958,1000001136953670600,63875741927844,(0.032, 1.439, -0.020),(0.056, -0.024, 0.003, 0.998),VALID,(-0.012, -0.069, 0.998),(0.000, 0.000, 0.000),64.325,VALID,(0.027, -0.069, 0.997),(-0.032, 0.000, 0.000),0.586,3.758,6.415,0.945,VALID,(-0.043, -0.069, 0.997),(0.032, 0.000, 0.000),0.563,3.587,6.373,0.887,0.9203691,0
176959,1000001136958649800,63875741927844,(0.032, 1.439, -0.020),(0.056, -0.024, 0.003, 0.998),VALID,(-0.014, -0.068, 0.998),(0.000, 0.000, 0.000),64.325,VALID,(0.026, -0.068, 0.997),(-0.032, 0.000, 0.000),0.586,3.757,6.415,0.945,VALID,(-0.045, -0.068, 0.997),(0.032, 0.000, 0.000),0.563,3.588,6.373,0.886,0.9078456,0
176960,1000001136963662300,63875741927854,(0.032, 1.439, -0.020),(0.056, -0.024, 0.003, 0.998),VALID,(-0.027, -0.069, 0.997),(0.000, 0.000, 0.000),64.325,VALID,(0.028, -0.069, 0.997),(-0.032, 0.000, 0.000),0.580,3.721,6.415,0.945,VALID,(-0.054, -0.069, 0.996),(0.032, 0.000, 0.000),0.564,3.595,6.373,0.883,0.7883006,0
176961,1000001136968683200,63875741927854,(0.032, 1.439, -0.020),(0.056, -0.024, 0.003, 0.998),VALID,(-0.058, -0.070, 0.996),(0.000, 0.000, 0.000),64.325,VALID,(0.027, -0.070, 0.997),(-0.032, 0.000, 0.000),0.576,3.694,6.415,0.945,VALID,(-0.077, -0.070, 0.995),(0.032, 0.000, 0.000),0.565,3.598,6.373,0.878,0.6166803,0
176962,1000001136973695700,63875741927865,(0.032, 1.439, -0.020),(0.056, -0.024, 0.003, 0.998),VALID,(-0.099, -0.070, 0.993),(0.000, 0.000, 0.000),64.325,VALID,(0.022, -0.070, 0.997),(-0.032, 0.000, 0.000),0.573,3.679,6.415,0.945,VALID,(-0.113, -0.070, 0.991),(0.032, 0.000, 0.000),0.565,3.601,6.373,0.873,0.4745764,0
176963,1000001136978710000,63875741927865,(0.032, 1.439, -0.020),(0.056, -0.024, 0.003, 0.998),VALID,(-0.134, -0.069, 0.989),(0.000, 0.000, 0.000),64.325,VALID,(-0.008, -0.069, 0.998),(-0.032, 0.000, 0.000),0.575,3.686,6.415,0.944,VALID,(-0.156, -0.069, 0.985),(0.032, 0.000, 0.000),0.567,3.611,6.373,0.867,0.4283784,0
176964,1000001136983722000,63875741927876,(0.032, 1.439, -0.020),(0.056, -0.024, 0.003, 0.998),VALID,(-0.171, -0.065, 0.983),(0.000, 0.000, 0.000),64.325,VALID,(-0.051, -0.066, 0.996),(-0.032, 0.000, 0.000),0.586,3.756,6.415,0.944,VALID,(-0.202, -0.065, 0.977),(0.032, 0.000, 0.000),0.568,3.617,6.373,0.859,0.4160286,0
176965,1000001136988734500,63875741927876,(0.032, 1.439, -0.020),(0.056, -0.024, 0.003, 0.998),VALID,(-0.203, -0.059, 0.977),(0.000, 0.000, 0.000),64.325,VALID,(-0.104, -0.061, 0.993),(-0.032, 0.000, 0.000),0.589,3.778,6.415,0.944,VALID,(-0.243, -0.059, 0.968),(0.032, 0.000, 0.000),0.569,3.624,6.373,0.849,0.4462349,0
176966,1000001136993746500,63875741927887,(0.032, 1.439, -0.020),(0.056, -0.024, 0.003, 0.998),VALID,(-0.215, -0.051, 0.975),(0.000, 0.000, 0.000),64.325,VALID,(-0.115, -0.052, 0.992),(-0.032, 0.000, 0.000),0.582,3.736,6.415,0.943,VALID,(-0.283, -0.050, 0.958),(0.032, 0.000, 0.000),0.570,3.633,6.373,0.838,0.3653091,0
176967,1000001136998758500,63875741927888,(0.032, 1.439, -0.020),(0.056, -0.024, 0.003, 0.998),VALID,(-0.231, -0.043, 0.972),(0.000, 0.000, 0.000),64.325,VALID,(-0.129, -0.045, 0.991),(-0.032, 0.000, 0.000),0.570,3.659,6.415,0.942,VALID,(-0.309, -0.042, 0.950),(0.032, 0.000, 0.000),0.571,3.636,6.373,0.827,0.3391122,0
176968,1000001137003770500,63875741927888,(0.032, 1.439, -0.020),(0.056, -0.024, 0.003, 0.998),VALID,(-0.238, -0.033, 0.971),(0.000, 0.000, 0.000),64.325,VALID,(-0.151, -0.034, 0.988),(-0.032, 0.000, 0.000),0.571,3.663,6.415,0.942,VALID,(-0.331, -0.032, 0.943),(0.032, 0.000, 0.000),0.571,3.641,6.373,0.825,0.3324187,0
176969,1000001137008923800,63875741927899,(0.032, 1.439, -0.020),(0.056, -0.024, 0.003, 0.998),VALID,(-0.232, -0.024, 0.972),(0.000, 0.000, 0.000),64.325,VALID,(-0.165, -0.024, 0.986),(-0.032, 0.000, 0.000),0.574,3.682,6.415,0.942,VALID,(-0.353, -0.023, 0.935),(0.032, 0.000, 0.000),0.572,3.642,6.373,0.824,0.3169182,0
176970,1000001137013935800,63875741927899,(0.032, 1.439, -0.020),(0.056, -0.024, 0.003, 0.998),VALID,(-0.231, -0.014, 0.973),(0.000, 0.000, 0.000),64.325,VALID,(-0.182, -0.015, 0.983),(-0.032, 0.000, 0.000),0.576,3.695,6.415,0.942,VALID,(-0.369, -0.013, 0.929),(0.032, 0.000, 0.000),0.573,3.653,6.373,0.822,0.3162996,0
176971,1000001137018947800,63875741927910,(0.032, 1.439, -0.020),(0.056, -0.024, 0.003, 0.998),VALID,(-0.231, -0.006, 0.973),(0.000, 0.000, 0.000),64.325,VALID,(-0.195, -0.006, 0.981),(-0.032, 0.000, 0.000),0.577,3.699,6.415,0.942,VALID,(-0.379, -0.006, 0.925),(0.032, 0.000, 0.000),0.575,3.667,6.373,0.822,0.3186361,0
176972,1000001137023960300,63875741927910,(0.032, 1.439, -0.020),(0.056, -0.024, 0.003, 0.998),VALID,(-0.233, 0.001, 0.972),(0.000, 0.000, 0.000),64.325,VALID,(-0.205, 0.000, 0.979),(-0.032, 0.000, 0.000),0.577,3.705,6.415,0.943,VALID,(-0.385, 0.001, 0.923),(0.032, 0.000, 0.000),0.576,3.673,6.373,0.817,0.3239909,0
176973,1000001137028972800,63875741927921,(0.032, 1.439, -0.020),(0.056, -0.024, 0.003, 0.998),VALID,(-0.232, 0.002, 0.973),(0.000, 0.000, 0.000),64.325,VALID,(-0.209, 0.002, 0.978),(-0.032, 0.000, 0.000),0.575,3.687,6.415,0.943,VALID,(-0.389, 0.002, 0.921),(0.032, 0.000, 0.000),0.577,3.675,6.373,0.811,0.3224292,0
176974,1000001137033985300,63875741927921,(0.032, 1.439, -0.020),(0.056, -0.024, 0.003, 0.998),VALID,(-0.232, 0.003, 0.973),(0.000, 0.000, 0.000),64.325,VALID,(-0.210, 0.003, 0.978),(-0.032, 0.000, 0.000),0.574,3.681,6.415,0.944,VALID,(-0.391, 0.003, 0.920),(0.032, 0.000, 0.000),0.577,3.676,6.373,0.807,0.3208041,0
176975,1000001137038997800,63875741927931,(0.032, 1.439, -0.020),(0.056, -0.024, 0.003, 0.998),VALID,(-0.233, 0.006, 0.972),(0.000, 0.000, 0.000),64.325,VALID,(-0.214, 0.006, 0.977),(-0.032, 0.000, 0.000),0.579,3.716,6.415,0.945,VALID,(-0.392, 0.006, 0.920),(0.032, 0.000, 0.000),0.577,3.676,6.373,0.804,0.3246837,0
176976,1000001137043889500,63875741927931,(0.032, 1.439, -0.020),(0.056, -0.024, 0.003, 0.998),VALID,(-0.235, 0.009, 0.972),(0.000, 0.000, 0.000),64.325,VALID,(-0.217, 0.009, 0.976),(-0.032, 0.000, 0.000),0.584,3.744,6.415,0.946,VALID,(-0.393, 0.009, 0.919),(0.032, 0.000, 0.000),0.577,3.676,6.373,0.801,0.3290353,0
176977,1000001137048865800,63875741927943,(0.032, 1.439, -0.020),(0.056, -0.024, 0.003, 0.998),VALID,(-0.237, 0.012, 0.972),(0.000, 0.000, 0.000),64.325,VALID,(-0.220, 0.012, 0.975),(-0.032, 0.000, 0.000),0.586,3.759,6.415,0.948,VALID,(-0.393, 0.011, 0.919),(0.032, 0.000, 0.000),0.577,3.677,6.373,0.799,0.333612,0
176978,1000001137053876900,63875741927943,(0.032, 1.439, -0.020),(0.056, -0.024, 0.003, 0.998),VALID,(-0.239, 0.015, 0.971),(0.000, 0.000, 0.000),64.325,VALID,(-0.223, 0.015, 0.975),(-0.032, 0.000, 0.000),0.589,3.779,6.415,0.950,VALID,(-0.393, 0.014, 0.919),(0.032, 0.000, 0.000),0.577,3.677,6.373,0.803,0.3388307,0
176979,1000001137058907100,63875741927943,(0.032, 1.439, -0.020),(0.056, -0.024, 0.003, 0.998),VALID,(-0.241, 0.020, 0.970),(0.000, 0.000, 0.000),64.325,VALID,(-0.227, 0.020, 0.974),(-0.032, 0.000, 0.000),0.598,3.835,6.415,0.952,VALID,(-0.393, 0.019, 0.919),(0.032, 0.000, 0.000),0.577,3.677,6.373,0.806,0.3461675,0
176980,1000001137063893900,63875741927954,(0.032, 1.439, -0.020),(0.056, -0.024, 0.003, 0.998),VALID,(-0.244, 0.023, 0.969),(0.000, 0.000, 0.000),64.325,VALID,(-0.230, 0.023, 0.973),(-0.032, 0.000, 0.000),0.600,3.849,6.415,0.954,VALID,(-0.393, 0.022, 0.919),(0.032, 0.000, 0.000),0.577,3.677,6.373,0.810,0.3528388,0
176981,1000001137068897200,63875741927954,(0.032, 1.439, -0.020),(0.056, -0.024, 0.003, 0.998),VALID,(-0.244, 0.024, 0.969),(0.000, 0.000, 0.000),64.325,VALID,(-0.230, 0.024, 0.973),(-0.032, 0.000, 0.000),0.599,3.841,6.415,0.957,VALID,(-0.393, 0.022, 0.919),(0.032, 0.000, 0.000),0.577,3.677,6.373,0.816,0.3528758,0
176982,1000001137073915500,63875741927965,(0.032, 1.439, -0.020),(0.056, -0.024, 0.003, 0.998),VALID,(-0.244, 0.024, 0.969),(0.000, 0.000, 0.000),64.325,VALID,(-0.229, 0.024, 0.973),(-0.032, 0.000, 0.000),0.598,3.837,6.415,0.959,VALID,(-0.393, 0.023, 0.919),(0.032, 0.000, 0.000),0.577,3.676,6.373,0.823,0.3522129,0
176983,1000001137078950200,63875741927965,(0.032, 1.439, -0.020),(0.056, -0.024, 0.003, 0.998),VALID,(-0.244, 0.023, 0.969),(0.000, 0.000, 0.000),64.325,VALID,(-0.228, 0.023, 0.973),(-0.032, 0.000, 0.000),0.597,3.827,6.415,0.961,VALID,(-0.393, 0.022, 0.919),(0.032, 0.000, 0.000),0.577,3.676,6.373,0.829,0.3508134,0
176984,1000001137083953500,63875741927976,(0.032, 1.439, -0.020),(0.056, -0.024, 0.003, 0.998),VALID,(-0.245, 0.024, 0.969),(0.000, 0.000, 0.000),64.325,VALID,(-0.229, 0.024, 0.973),(-0.032, 0.000, 0.000),0.597,3.832,6.415,0.963,VALID,(-0.392, 0.022, 0.920),(0.032, 0.000, 0.000),0.577,3.676,6.373,0.835,0.3525665,0
176985,1000001137088985400,63875741927976,(0.032, 1.439, -0.020),(0.056, -0.024, 0.003, 0.998),VALID,(-0.247, 0.025, 0.969),(0.000, 0.000, 0.000),64.325,VALID,(-0.231, 0.025, 0.973),(-0.032, 0.000, 0.000),0.599,3.846,6.415,0.965,VALID,(-0.392, 0.023, 0.920),(0.032, 0.000, 0.000),0.577,3.676,6.373,0.840,0.3586161,0
176986,1000001137093979200,63875741927988,(0.032, 1.439, -0.020),(0.056, -0.024, 0.003, 0.998),VALID,(-0.249, 0.026, 0.968),(0.000, 0.000, 0.000),64.325,VALID,(-0.233, 0.026, 0.972),(-0.032, 0.000, 0.000),0.602,3.859,6.415,0.967,VALID,(-0.392, 0.025, 0.920),(0.032, 0.000, 0.000),0.577,3.677,6.373,0.845,0.3647759,0
176987,1000001137098982500,63875741927988,(0.032, 1.439, -0.020),(0.056, -0.024, 0.003, 0.998),VALID,(-0.246, 0.021, 0.969),(0.000, 0.000, 0.000),64.325,VALID,(-0.226, 0.021, 0.974),(-0.032, 0.000, 0.000),0.582,3.732,6.415,0.970,VALID,(-0.391, 0.020, 0.920),(0.032, 0.000, 0.000),0.577,3.677,6.373,0.849,0.3500608,0
176988,1000001137103994700,63875741927999,(0.032, 1.439, -0.020),(0.056, -0.024, 0.003, 0.998),VALID,(-0.243, 0.018, 0.970),(0.000, 0.000, 0.000),64.325,VALID,(-0.221, 0.018, 0.975),(-0.032, 0.000, 0.000),0.578,3.707,6.415,0.971,VALID,(-0.391, 0.017, 0.920),(0.032, 0.000, 0.000),0.577,3.677,6.373,0.853,0.3411966,0
176989,1000001137108998000,63875741927999,(0.032, 1.439, -0.020),(0.056, -0.024, 0.003, 0.998),VALID,(-0.242, 0.016, 0.970),(0.000, 0.000, 0.000),64.325,VALID,(-0.218, 0.016, 0.976),(-0.032, 0.000, 0.000),0.577,3.700,6.415,0.973,VALID,(-0.391, 0.015, 0.920),(0.032, 0.000, 0.000),0.577,3.678,6.373,0.856,0.3357238,0
176990,1000001137114037500,63875741927999,(0.032, 1.439, -0.020),(0.056, -0.024, 0.003, 0.998),VALID,(-0.240, 0.015, 0.971),(0.000, 0.000, 0.000),64.325,VALID,(-0.216, 0.015, 0.976),(-0.032, 0.000, 0.000),0.576,3.696,6.415,0.975,VALID,(-0.390, 0.014, 0.921),(0.032, 0.000, 0.000),0.577,3.679,6.373,0.859,0.3325044,0
176991,1000001137119040800,63875741928010,(0.032, 1.439, -0.020),(0.056, -0.024, 0.003, 0.998),VALID,(-0.239, 0.014, 0.971),(0.000, 0.000, 0.000),64.325,VALID,(-0.215, 0.014, 0.977),(-0.032, 0.000, 0.000),0.576,3.695,6.415,0.977,VALID,(-0.390, 0.013, 0.921),(0.032, 0.000, 0.000),0.578,3.680,6.373,0.862,0.3307655,0
176992,1000001137124044100,63875741928010,(0.032, 1.439, -0.020),(0.056, -0.024, 0.003, 0.998),VALID,(-0.239, 0.013, 0.971),(0.000, 0.000, 0.000),64.325,VALID,(-0.214, 0.013, 0.977),(-0.032, 0.000, 0.000),0.576,3.694,6.415,0.979,VALID,(-0.390, 0.012, 0.921),(0.032, 0.000, 0.000),0.578,3.683,6.373,0.865,0.3299474,0
176993,1000001137129047400,63875741928021,(0.032, 1.439, -0.020),(0.056, -0.024, 0.003, 0.998),VALID,(-0.238, 0.012, 0.971),(0.000, 0.000, 0.000),64.325,VALID,(-0.213, 0.012, 0.977),(-0.032, 0.000, 0.000),0.579,3.717,6.415,0.980,VALID,(-0.389, 0.012, 0.921),(0.032, 0.000, 0.000),0.578,3.685,6.373,0.867,0.3298194,0
176994,1000001137134124100,63875741928021,(0.032, 1.439, -0.020),(0.056, -0.024, 0.003, 0.998),VALID,(-0.240, 0.013, 0.971),(0.000, 0.000, 0.000),64.325,VALID,(-0.215, 0.013, 0.977),(-0.032, 0.000, 0.000),0.598,3.834,6.415,0.981,VALID,(-0.389, 0.012, 0.921),(0.032, 0.000, 0.000),0.579,3.688,6.373,0.869,0.332378,0
176995,1000001137139127400,63875741928032,(0.032, 1.439, -0.020),(0.056, -0.024, 0.003, 0.998),VALID,(-0.242, 0.013, 0.970),(0.000, 0.000, 0.000),64.325,VALID,(-0.217, 0.013, 0.976),(-0.032, 0.000, 0.000),0.608,3.898,6.415,0.983,VALID,(-0.389, 0.013, 0.921),(0.032, 0.000, 0.000),0.579,3.691,6.373,0.871,0.336906,0
176996,1000001137144136200,63875741928033,(0.032, 1.439, -0.020),(0.056, -0.024, 0.003, 0.998),VALID,(-0.245, 0.014, 0.969),(0.000, 0.000, 0.000),64.325,VALID,(-0.220, 0.014, 0.976),(-0.032, 0.000, 0.000),0.612,3.926,6.415,0.984,VALID,(-0.389, 0.013, 0.921),(0.032, 0.000, 0.000),0.580,3.694,6.373,0.873,0.3429411,0
176997,1000001137149139500,63875741928044,(0.032, 1.439, -0.020),(0.056, -0.024, 0.003, 0.998),VALID,(-0.248, 0.015, 0.969),(0.000, 0.000, 0.000),64.325,VALID,(-0.223, 0.015, 0.975),(-0.032, 0.000, 0.000),0.614,3.941,6.415,0.985,VALID,(-0.388, 0.015, 0.921),(0.032, 0.000, 0.000),0.580,3.697,6.373,0.874,0.3497537,0
176998,1000001137154143200,63875741928044,(0.032, 1.439, -0.020),(0.056, -0.024, 0.003, 0.998),VALID,(-0.250, 0.017, 0.968),(0.000, 0.000, 0.000),64.325,VALID,(-0.226, 0.017, 0.974),(-0.032, 0.000, 0.000),0.616,3.950,6.415,0.987,VALID,(-0.388, 0.016, 0.922),(0.032, 0.000, 0.000),0.580,3.699,6.373,0.875,0.3567364,0
176999,1000001137159146500,63875741928044,(0.032, 1.439, -0.020),(0.056, -0.024, 0.003, 0.998),VALID,(-0.251, 0.016, 0.968),(0.000, 0.000, 0.000),64.325,VALID,(-0.225, 0.016, 0.974),(-0.032, 0.000, 0.000),0.595,3.814,6.415,0.988,VALID,(-0.388, 0.015, 0.922),(0.032, 0.000, 0.000),0.581,3.702,6.373,0.877,0.3562874,0
177000,1000001137164150200,63875741928054,(0.032, 1.438, -0.020),(0.057, -0.024, 0.003, 0.998),VALID,(-0.250, 0.015, 0.968),(0.000, 0.000, 0.000),64.325,VALID,(-0.224, 0.015, 0.974),(-0.032, 0.000, 0.000),0.588,3.773,6.415,0.989,VALID,(-0.388, 0.014, 0.922),(0.032, 0.000, 0.000),0.581,3.706,6.373,0.878,0.354159,0
177001,1000001137169153900,63875741928055,(0.032, 1.438, -0.020),(0.057, -0.024, 0.003, 0.998),VALID,(-0.250, 0.014, 0.968),(0.000, 0.000, 0.000),64.325,VALID,(-0.223, 0.015, 0.975),(-0.032, 0.000, 0.000),0.587,3.766,6.415,0.989,VALID,(-0.387, 0.014, 0.922),(0.032, 0.000, 0.000),0.582,3.708,6.373,0.879,0.352265,0
177002,1000001137174165500,63875741928066,(0.032, 1.438, -0.020),(0.057, -0.024, 0.003, 0.998),VALID,(-0.250, 0.013, 0.968),(0.000, 0.000, 0.000),64.325,VALID,(-0.222, 0.013, 0.975),(-0.032, 0.000, 0.000),0.586,3.762,6.415,0.990,VALID,(-0.387, 0.013, 0.922),(0.032, 0.000, 0.000),0.582,3.711,6.373,0.880,0.3509069,0
177003,1000001137179185500,63875741928066,(0.032, 1.438, -0.020),(0.057, -0.024, 0.003, 0.998),VALID,(-0.250, 0.012, 0.968),(0.000, 0.000, 0.000),64.325,VALID,(-0.221, 0.012, 0.975),(-0.032, 0.000, 0.000),0.586,3.760,6.415,0.991,VALID,(-0.387, 0.011, 0.922),(0.032, 0.000, 0.000),0.583,3.713,6.373,0.881,0.3498757,0
177004,1000001137184196300,63875741928077,(0.032, 1.438, -0.020),(0.057, -0.024, 0.003, 0.998),VALID,(-0.249, 0.010, 0.968),(0.000, 0.000, 0.000),64.325,VALID,(-0.221, 0.010, 0.975),(-0.032, 0.000, 0.000),0.585,3.750,6.415,0.991,VALID,(-0.387, 0.009, 0.922),(0.032, 0.000, 0.000),0.583,3.716,6.373,0.882,0.3490223,0
177005,1000001137189241700,63875741928077,(0.032, 1.438, -0.020),(0.057, -0.024, 0.003, 0.998),VALID,(-0.249, 0.008, 0.968),(0.000, 0.000, 0.000),64.325,VALID,(-0.220, 0.008, 0.975),(-0.032, 0.000, 0.000),0.584,3.745,6.415,0.992,VALID,(-0.387, 0.007, 0.922),(0.032, 0.000, 0.000),0.584,3.719,6.373,0.882,0.3483213,0
177006,1000001137194252500,63875741928088,(0.032, 1.438, -0.020),(0.057, -0.024, 0.003, 0.998),VALID,(-0.249, 0.006, 0.969),(0.000, 0.000, 0.000),64.325,VALID,(-0.219, 0.006, 0.976),(-0.032, 0.000, 0.000),0.583,3.743,6.415,0.992,VALID,(-0.387, 0.005, 0.922),(0.032, 0.000, 0.000),0.584,3.722,6.373,0.883,0.3471361,0
177007,1000001137199263300,63875741928088,(0.032, 1.438, -0.020),(0.057, -0.024, 0.003, 0.998),VALID,(-0.249, 0.004, 0.969),(0.000, 0.000, 0.000),64.325,VALID,(-0.219, 0.004, 0.976),(-0.032, 0.000, 0.000),0.583,3.742,6.415,0.993,VALID,(-0.386, 0.003, 0.922),(0.032, 0.000, 0.000),0.585,3.727,6.373,0.884,0.3456557,0
177008,1000001137204267000,63875741928099,(0.032, 1.438, -0.020),(0.057, -0.024, 0.003, 0.998),VALID,(-0.249, 0.002, 0.969),(0.000, 0.000, 0.000),64.325,VALID,(-0.218, 0.002, 0.976),(-0.032, 0.000, 0.000),0.583,3.741,6.415,0.993,VALID,(-0.386, 0.002, 0.922),(0.032, 0.000, 0.000),0.586,3.732,6.373,0.885,0.3440172,0
177009,1000001137209277800,63875741928099,(0.032, 1.438, -0.020),(0.057, -0.024, 0.003, 0.998),VALID,(-0.249, 0.000, 0.969),(0.000, 0.000, 0.000),64.325,VALID,(-0.217, 0.000, 0.976),(-0.032, 0.000, 0.000),0.583,3.742,6.415,0.994,VALID,(-0.386, 0.000, 0.922),(0.032, 0.000, 0.000),0.586,3.736,6.373,0.885,0.3422217,0
177010,1000001137214281500,63875741928099,(0.032, 1.438, -0.020),(0.057, -0.024, 0.003, 0.998),VALID,(-0.249, -0.001, 0.969),(0.000, 0.000, 0.000),64.325,VALID,(-0.216, -0.001, 0.976),(-0.032, 0.000, 0.000),0.583,3.742,6.415,0.994,VALID,(-0.386, -0.001, 0.922),(0.032, 0.000, 0.000),0.587,3.739,6.373,0.886,0.3404876,0
177011,1000001137219292300,63875741928110,(0.032, 1.438, -0.020),(0.057, -0.024, 0.003, 0.998),VALID,(-0.249, -0.002, 0.969),(0.000, 0.000, 0.000),64.325,VALID,(-0.215, -0.002, 0.977),(-0.032, 0.000, 0.000),0.584,3.743,6.415,0.994,VALID,(-0.386, -0.002, 0.922),(0.032, 0.000, 0.000),0.587,3.742,6.373,0.886,0.3388124,0
177012,1000001137224296000,63875741928110,(0.032, 1.438, -0.020),(0.057, -0.024, 0.003, 0.998),VALID,(-0.249, -0.003, 0.969),(0.000, 0.000, 0.000),64.325,VALID,(-0.214, -0.003, 0.977),(-0.032, 0.000, 0.000),0.584,3.746,6.415,0.995,VALID,(-0.386, -0.003, 0.923),(0.032, 0.000, 0.000),0.588,3.745,6.373,0.887,0.3372721,0
177013,1000001137229310900,63875741928121,(0.032, 1.439, -0.020),(0.057, -0.024, 0.003, 0.998),VALID,(-0.249, -0.002, 0.968),(0.000, 0.000, 0.000),64.325,VALID,(-0.214, -0.002, 0.977),(-0.032, 0.000, 0.000),0.593,3.805,6.415,0.995,VALID,(-0.386, -0.002, 0.923),(0.032, 0.000, 0.000),0.588,3.748,6.373,0.887,0.3386086,0
177014,1000001137234322900,63875741928121,(0.032, 1.439, -0.020),(0.057, -0.024, 0.003, 0.998),VALID,(-0.250, 0.000, 0.968),(0.000, 0.000, 0.000),64.325,VALID,(-0.216, 0.000, 0.976),(-0.032, 0.000, 0.000),0.607,3.893,6.415,0.995,VALID,(-0.386, 0.000, 0.923),(0.032, 0.000, 0.000),0.589,3.752,6.373,0.888,0.3415174,0
177015,1000001137239358000,63875741928132,(0.032, 1.439, -0.020),(0.056, -0.024, 0.003, 0.998),VALID,(-0.252, 0.002, 0.968),(0.000, 0.000, 0.000),64.325,VALID,(-0.216, 0.002, 0.976),(-0.032, 0.000, 0.000),0.619,3.970,6.415,0.995,VALID,(-0.386, 0.002, 0.923),(0.032, 0.000, 0.000),0.589,3.754,6.373,0.888,0.3434148,0
177016,1000001137244370000,63875741928132,(0.032, 1.439, -0.020),(0.056, -0.024, 0.003, 0.998),VALID,(-0.253, 0.003, 0.967),(0.000, 0.000, 0.000),64.325,VALID,(-0.218, 0.003, 0.976),(-0.032, 0.000, 0.000),0.626,4.014,6.415,0.996,VALID,(-0.385, 0.003, 0.923),(0.032, 0.000, 0.000),0.590,3.757,6.373,0.889,0.3458631,0
177017,1000001137249355100,63875741928143,(0.032, 1.439, -0.020),(0.057, -0.024, 0.003, 0.998),VALID,(-0.255, 0.005, 0.967),(0.000, 0.000, 0.000),64.325,VALID,(-0.219, 0.005, 0.976),(-0.032, 0.000, 0.000),0.628,4.032,6.415,0.996,VALID,(-0.385, 0.005, 0.923),(0.032, 0.000, 0.000),0.590,3.760,6.373,0.889,0.3493772,0
177018,1000001137254396200,63875741928143,(0.032, 1.439, -0.020),(0.057, -0.024, 0.003, 0.998),VALID,(-0.256, 0.009, 0.967),(0.000, 0.000, 0.000),64.325,VALID,(-0.221, 0.009, 0.975),(-0.032, 0.000, 0.000),0.630,4.039,6.415,0.996,VALID,(-0.385, 0.008, 0.923),(0.032, 0.000, 0.000),0.590,3.762,6.373,0.890,0.3536668,0.06299387
177019,1000001137259408200,63875741928155,(0.032, 1.439, -0.020),(0.056, -0.024, 0.003, 0.998),VALID,(-0.276, 0.010, 0.961),(0.000, 0.000, 0.000),64.325,VALID,(-0.239, 0.010, 0.971),(-0.032, 0.000, 0.000),0.630,4.041,6.415,0.996,VALID,(-0.385, 0.009, 0.923),(0.032, 0.000, 0.000),0.591,3.765,6.373,0.890,0.3961137,0
177020,1000001137264433100,63875741928155,(0.032, 1.439, -0.020),(0.056, -0.024, 0.003, 0.998),VALID,(-0.274, 0.014, 0.962),(0.000, 0.000, 0.000),64.325,VALID,(-0.239, 0.015, 0.971),(-0.032, 0.000, 0.000),0.632,4.056,6.415,0.996,VALID,(-0.385, 0.014, 0.923),(0.032, 0.000, 0.000),0.591,3.768,6.373,0.890,0.3966525,0
177021,1000001137269458000,63875741928155,(0.032, 1.439, -0.020),(0.056, -0.024, 0.003, 0.998),VALID,(-0.271, 0.013, 0.963),(0.000, 0.000, 0.000),64.325,VALID,(-0.236, 0.013, 0.972),(-0.032, 0.000, 0.000),0.611,3.923,6.415,0.997,VALID,(-0.385, 0.013, 0.923),(0.032, 0.000, 0.000),0.592,3.772,6.373,0.891,0.3887811,0
177022,1000001137274485100,63875741928166,(0.032, 1.439, -0.020),(0.057, -0.024, 0.003, 0.998),VALID,(-0.284, 0.011, 0.959),(0.000, 0.000, 0.000),64.325,VALID,(-0.248, 0.011, 0.969),(-0.032, 0.000, 0.000),0.602,3.862,6.415,0.997,VALID,(-0.385, 0.011, 0.923),(0.032, 0.000, 0.000),0.592,3.774,6.373,0.891,0.420321,0
177023,1000001137279510000,63875741928166,(0.032, 1.439, -0.020),(0.057, -0.024, 0.003, 0.998),VALID,(-0.297, 0.010, 0.955),(0.000, 0.000, 0.000),64.325,VALID,(-0.258, 0.010, 0.966),(-0.032, 0.000, 0.000),0.599,3.840,6.415,0.997,VALID,(-0.384, 0.010, 0.923),(0.032, 0.000, 0.000),0.593,3.777,6.373,0.892,0.4542877,0
177024,1000001137284471300,63875741928177,(0.032, 1.439, -0.020),(0.057, -0.024, 0.003, 0.998),VALID,(-0.288, 0.009, 0.958),(0.000, 0.000, 0.000),64.325,VALID,(-0.250, 0.010, 0.968),(-0.032, 0.000, 0.000),0.596,3.826,6.415,0.997,VALID,(-0.384, 0.009, 0.923),(0.032, 0.000, 0.000),0.593,3.780,6.373,0.892,0.4288489,0
177025,1000001137289486800,63875741928177,(0.032, 1.439, -0.020),(0.057, -0.024, 0.003, 0.998),VALID,(-0.282, 0.009, 0.959),(0.000, 0.000, 0.000),64.325,VALID,(-0.245, 0.009, 0.969),(-0.032, 0.000, 0.000),0.595,3.819,6.415,0.997,VALID,(-0.384, 0.009, 0.923),(0.032, 0.000, 0.000),0.594,3.783,6.373,0.892,0.4145524,0
177026,1000001137294479600,63875741928188,(0.032, 1.439, -0.020),(0.057, -0.024, 0.003, 0.998),VALID,(-0.292, 0.008, 0.956),(0.000, 0.000, 0.000),64.325,VALID,(-0.253, 0.008, 0.968),(-0.032, 0.000, 0.000),0.594,3.810,6.415,0.997,VALID,(-0.384, 0.008, 0.923),(0.032, 0.000, 0.000),0.594,3.786,6.373,0.893,0.4375113,0
177027,1000001137299499800,63875741928188,(0.032, 1.439, -0.020),(0.057, -0.024, 0.003, 0.998),VALID,(-0.287, 0.007, 0.958),(0.000, 0.000, 0.000),64.325,VALID,(-0.248, 0.007, 0.969),(-0.032, 0.000, 0.000),0.593,3.807,6.415,0.997,VALID,(-0.384, 0.007, 0.923),(0.032, 0.000, 0.000),0.594,3.789,6.373,0.893,0.4227167,0
177028,1000001137304524700,63875741928199,(0.032, 1.439, -0.020),(0.057, -0.024, 0.004, 0.998),VALID,(-0.283, 0.006, 0.959),(0.000, 0.000, 0.000),64.325,VALID,(-0.245, 0.006, 0.969),(-0.032, 0.000, 0.000),0.593,3.807,6.415,0.997,VALID,(-0.384, 0.006, 0.923),(0.032, 0.000, 0.000),0.595,3.791,6.373,0.893,0.4157742,0
177029,1000001137309535000,63875741928199,(0.032, 1.439, -0.020),(0.057, -0.024, 0.004, 0.998),VALID,(-0.282, 0.005, 0.959),(0.000, 0.000, 0.000),64.325,VALID,(-0.244, 0.005, 0.970),(-0.032, 0.000, 0.000),0.594,3.808,6.415,0.998,VALID,(-0.384, 0.005, 0.923),(0.032, 0.000, 0.000),0.595,3.793,6.373,0.894,0.4111503,0
177030,1000001137314519900,63875741928199,(0.032, 1.439, -0.020),(0.057, -0.024, 0.004, 0.998),VALID,(-0.281, 0.006, 0.960),(0.000, 0.000, 0.000),64.325,VALID,(-0.243, 0.006, 0.970),(-0.032, 0.000, 0.000),0.608,3.902,6.415,0.997,VALID,(-0.384, 0.005, 0.923),(0.032, 0.000, 0.000),0.596,3.795,6.373,0.894,0.4092559,0
177031,1000001137319540100,63875741928210,(0.032, 1.439, -0.020),(0.057, -0.024, 0.004, 0.998),VALID,(-0.280, 0.006, 0.960),(0.000, 0.000, 0.000),64.325,VALID,(-0.243, 0.006, 0.970),(-0.032, 0.000, 0.000),0.621,3.982,6.415,0.996,VALID,(-0.384, 0.006, 0.923),(0.032, 0.000, 0.000),0.596,3.797,6.373,0.894,0.408775,0
177032,1000001137324555700,63875741928210,(0.032, 1.439, -0.020),(0.057, -0.024, 0.004, 0.998),VALID,(-0.279, 0.007, 0.960),(0.000, 0.000, 0.000),64.325,VALID,(-0.243, 0.007, 0.970),(-0.032, 0.000, 0.000),0.626,4.016,6.415,0.995,VALID,(-0.384, 0.007, 0.923),(0.032, 0.000, 0.000),0.596,3.800,6.373,0.895,0.408802,0
177033,1000001137329575900,63875741928221,(0.032, 1.439, -0.020),(0.056, -0.024, 0.004, 0.998),VALID,(-0.278, 0.008, 0.961),(0.000, 0.000, 0.000),64.325,VALID,(-0.243, 0.008, 0.970),(-0.032, 0.000, 0.000),0.628,4.028,6.415,0.994,VALID,(-0.384, 0.008, 0.923),(0.032, 0.000, 0.000),0.597,3.802,6.373,0.895,0.4088545,0
177034,1000001137334591500,63875741928222,(0.032, 1.439, -0.020),(0.056, -0.024, 0.004, 0.998),VALID,(-0.276, 0.010, 0.961),(0.000, 0.000, 0.000),64.325,VALID,(-0.242, 0.010, 0.970),(-0.032, 0.000, 0.000),0.631,4.046,6.415,0.993,VALID,(-0.383, 0.009, 0.924),(0.032, 0.000, 0.000),0.597,3.804,6.373,0.895,0.4079385,0
177035,1000001137339600200,63875741928232,(0.032, 1.439, -0.020),(0.056, -0.024, 0.003, 0.998),VALID,(-0.280, 0.009, 0.960),(0.000, 0.000, 0.000),64.325,VALID,(-0.242, 0.009, 0.970),(-0.032, 0.000, 0.000),0.638,4.091,6.415,0.991,VALID,(-0.381, 0.009, 0.924),(0.032, 0.000, 0.000),0.598,3.810,6.373,0.895,0.4150354,0
177036,1000001137344614200,63875741928232,(0.032, 1.439, -0.020),(0.056, -0.024, 0.003, 0.998),VALID,(-0.295, 0.009, 0.955),(0.000, 0.000, 0.000),64.325,VALID,(-0.243, 0.009, 0.970),(-0.032, 0.000, 0.000),0.637,4.090,6.415,0.988,VALID,(-0.381, 0.008, 0.925),(0.032, 0.000, 0.000),0.600,3.823,6.373,0.894,0.4182713,0
177037,1000001137349581500,63875741928243,(0.032, 1.439, -0.020),(0.056, -0.024, 0.004, 0.998),VALID,(-0.322, 0.010, 0.947),(0.000, 0.000, 0.000),64.325,VALID,(-0.244, 0.010, 0.970),(-0.032, 0.000, 0.000),0.624,4.001,6.415,0.975,VALID,(-0.382, 0.010, 0.924),(0.032, 0.000, 0.000),0.603,3.842,6.373,0.892,0.4187708,0
177038,1000001137354616100,63875741928244,(0.032, 1.439, -0.020),(0.056, -0.024, 0.004, 0.998),VALID,(-0.357, 0.013, 0.934),(0.000, 0.000, 0.000),64.325,VALID,(-0.250, 0.013, 0.968),(-0.032, 0.000, 0.000),0.617,3.959,6.415,0.961,VALID,(-0.385, 0.012, 0.923),(0.032, 0.000, 0.000),0.606,3.863,6.373,0.889,0.4254883,0
177039,1000001137359640900,63875741928244,(0.032, 1.439, -0.020),(0.056, -0.024, 0.004, 0.998),VALID,(-0.390, 0.017, 0.921),(0.000, 0.000, 0.000),64.325,VALID,(-0.271, 0.018, 0.963),(-0.032, 0.000, 0.000),0.595,3.816,6.415,0.945,VALID,(-0.394, 0.017, 0.919),(0.032, 0.000, 0.000),0.610,3.886,6.373,0.885,0.4625417,0
177040,1000001137364686300,63875741928255,(0.032, 1.439, -0.020),(0.056, -0.024, 0.004, 0.998),VALID,(-0.419, 0.024, 0.908),(0.000, 0.000, 0.000),64.325,VALID,(-0.296, 0.025, 0.955),(-0.032, 0.000, 0.000),0.590,3.784,6.415,0.932,VALID,(-0.408, 0.024, 0.913),(0.032, 0.000, 0.000),0.613,3.904,6.373,0.880,0.5011137,0
177041,1000001137369706500,63875741928255,(0.032, 1.439, -0.020),(0.056, -0.024, 0.004, 0.998),VALID,(-0.441, 0.032, 0.897),(0.000, 0.000, 0.000),64.325,VALID,(-0.317, 0.033, 0.948),(-0.032, 0.000, 0.000),0.590,3.783,6.415,0.922,VALID,(-0.425, 0.032, 0.904),(0.032, 0.000, 0.000),0.615,3.918,6.373,0.872,0.5111809,0
177042,1000001137374726700,63875741928266,(0.032, 1.439, -0.020),(0.056, -0.024, 0.004, 0.998),VALID,(-0.456, 0.039, 0.889),(0.000, 0.000, 0.000),64.325,VALID,(-0.334, 0.041, 0.942),(-0.032, 0.000, 0.000),0.587,3.768,6.415,0.915,VALID,(-0.441, 0.039, 0.897),(0.032, 0.000, 0.000),0.616,3.925,6.373,0.864,0.5087785,0
177043,1000001137379742300,63875741928266,(0.032, 1.439, -0.020),(0.056, -0.024, 0.004, 0.998),VALID,(-0.435, 0.041, 0.899),(0.000, 0.000, 0.000),64.325,VALID,(-0.332, 0.043, 0.942),(-0.032, 0.000, 0.000),0.587,3.769,6.415,0.909,VALID,(-0.454, 0.041, 0.890),(0.032, 0.000, 0.000),0.616,3.927,6.373,0.858,0.4453889,0
177044,1000001137384702900,63875741928277,(0.032, 1.439, -0.020),(0.056, -0.024, 0.004, 0.998),VALID,(-0.423, 0.043, 0.905),(0.000, 0.000, 0.000),64.325,VALID,(-0.331, 0.045, 0.943),(-0.032, 0.000, 0.000),0.588,3.772,6.415,0.906,VALID,(-0.463, 0.043, 0.885),(0.032, 0.000, 0.000),0.616,3.928,6.373,0.853,0.4086283,0
177045,1000001137389718500,63875741928277,(0.032, 1.439, -0.020),(0.056, -0.024, 0.004, 0.998),VALID,(-0.415, 0.045, 0.909),(0.000, 0.000, 0.000),64.325,VALID,(-0.331, 0.047, 0.942),(-0.032, 0.000, 0.000),0.589,3.776,6.415,0.904,VALID,(-0.469, 0.044, 0.882),(0.032, 0.000, 0.000),0.616,3.928,6.373,0.849,0.3894091,0
177046,1000001137394742600,63875741928288,(0.032, 1.439, -0.020),(0.056, -0.024, 0.004, 0.998),VALID,(-0.437, 0.051, 0.898),(0.000, 0.000, 0.000),64.325,VALID,(-0.348, 0.053, 0.936),(-0.032, 0.000, 0.000),0.589,3.780,6.415,0.903,VALID,(-0.473, 0.050, 0.880),(0.032, 0.000, 0.000),0.616,3.929,6.373,0.846,0.4253294,0
177047,1000001137399758200,63875741928288,(0.032, 1.439, -0.020),(0.056, -0.024, 0.004, 0.998),VALID,(-0.453, 0.055, 0.890),(0.000, 0.000, 0.000),64.325,VALID,(-0.362, 0.058, 0.930),(-0.032, 0.000, 0.000),0.590,3.783,6.415,0.902,VALID,(-0.476, 0.054, 0.878),(0.032, 0.000, 0.000),0.616,3.929,6.373,0.844,0.4624243,0
177048,1000001137404720600,63875741928299,(0.032, 1.439, -0.020),(0.056, -0.024, 0.004, 0.998),VALID,(-0.463, 0.058, 0.884),(0.000, 0.000, 0.000),64.325,VALID,(-0.389, 0.061, 0.919),(-0.032, 0.000, 0.000),0.598,3.837,6.415,0.901,VALID,(-0.478, 0.058, 0.877),(0.032, 0.000, 0.000),0.616,3.929,6.373,0.842,0.584092,0
177049,1000001137409744400,63875741928299,(0.032, 1.439, -0.020),(0.056, -0.024, 0.004, 0.998),VALID,(-0.469, 0.061, 0.881),(0.000, 0.000, 0.000),64.325,VALID,(-0.405, 0.063, 0.912),(-0.032, 0.000, 0.000),0.598,3.837,6.415,0.902,VALID,(-0.479, 0.061, 0.876),(0.032, 0.000, 0.000),0.616,3.929,6.373,0.841,0.6932883,0
177050,1000001137414821000,63875741928299,(0.032, 1.439, -0.020),(0.056, -0.024, 0.004, 0.998),VALID,(-0.474, 0.063, 0.878),(0.000, 0.000, 0.000),64.325,VALID,(-0.407, 0.065, 0.911),(-0.032, 0.000, 0.000),0.593,3.807,6.415,0.902,VALID,(-0.480, 0.063, 0.875),(0.032, 0.000, 0.000),0.616,3.929,6.373,0.841,0.7056031,0
177051,1000001137419840800,63875741928311,(0.032, 1.439, -0.020),(0.056, -0.024, 0.004, 0.998),VALID,(-0.476, 0.065, 0.877),(0.000, 0.000, 0.000),64.325,VALID,(-0.408, 0.067, 0.910),(-0.032, 0.000, 0.000),0.592,3.798,6.415,0.902,VALID,(-0.481, 0.065, 0.875),(0.032, 0.000, 0.000),0.616,3.929,6.373,0.840,0.7129394,0
177052,1000001137424860600,63875741928311,(0.032, 1.439, -0.020),(0.056, -0.024, 0.004, 0.998),VALID,(-0.459, 0.063, 0.886),(0.000, 0.000, 0.000),64.325,VALID,(-0.396, 0.065, 0.916),(-0.032, 0.000, 0.000),0.592,3.797,6.415,0.902,VALID,(-0.481, 0.062, 0.874),(0.032, 0.000, 0.000),0.616,3.929,6.373,0.840,0.6094137,0
177053,1000001137429880400,63875741928322,(0.032, 1.439, -0.020),(0.056, -0.024, 0.004, 0.998),VALID,(-0.449, 0.062, 0.891),(0.000, 0.000, 0.000),64.325,VALID,(-0.389, 0.064, 0.919),(-0.032, 0.000, 0.000),0.592,3.799,6.415,0.902,VALID,(-0.481, 0.061, 0.874),(0.032, 0.000, 0.000),0.616,3.929,6.373,0.840,0.5606205,0
177054,1000001137434900200,63875741928322,(0.032, 1.439, -0.020),(0.056, -0.024, 0.004, 0.998),VALID,(-0.443, 0.062, 0.894),(0.000, 0.000, 0.000),64.325,VALID,(-0.381, 0.064, 0.922),(-0.032, 0.000, 0.000),0.601,3.853,6.415,0.903,VALID,(-0.481, 0.060, 0.874),(0.032, 0.000, 0.000),0.616,3.929,6.373,0.840,0.5200443,0
177055,1000001137439874700,63875741928333,(0.032, 1.439, -0.020),(0.056, -0.024, 0.004, 0.998),VALID,(-0.441, 0.062, 0.895),(0.000, 0.000, 0.000),64.325,VALID,(-0.376, 0.064, 0.924),(-0.032, 0.000, 0.000),0.606,3.887,6.415,0.903,VALID,(-0.481, 0.060, 0.874),(0.032, 0.000, 0.000),0.617,3.929,6.373,0.840,0.4953971,0
177056,1000001137444885500,63875741928333,(0.032, 1.439, -0.020),(0.056, -0.024, 0.004, 0.998),VALID,(-0.438, 0.061, 0.897),(0.000, 0.000, 0.000),64.325,VALID,(-0.373, 0.063, 0.926),(-0.032, 0.000, 0.000),0.608,3.900,6.415,0.904,VALID,(-0.481, 0.060, 0.874),(0.032, 0.000, 0.000),0.617,3.929,6.373,0.840,0.4829405,0
177057,1000001137449863000,63875741928345,(0.032, 1.439, -0.020),(0.056, -0.024, 0.004, 0.998),VALID,(-0.434, 0.061, 0.899),(0.000, 0.000, 0.000),64.325,VALID,(-0.372, 0.063, 0.926),(-0.032, 0.000, 0.000),0.608,3.900,6.415,0.905,VALID,(-0.481, 0.060, 0.874),(0.032, 0.000, 0.000),0.617,3.929,6.373,0.841,0.4767016,0
177058,1000001137454878700,63875741928345,(0.032, 1.439, -0.020),(0.056, -0.024, 0.004, 0.998),VALID,(-0.430, 0.061, 0.901),(0.000, 0.000, 0.000),64.325,VALID,(-0.370, 0.063, 0.927),(-0.032, 0.000, 0.000),0.608,3.899,6.415,0.906,VALID,(-0.481, 0.059, 0.875),(0.032, 0.000, 0.000),0.617,3.929,6.373,0.841,0.4726367,0
177059,1000001137459894400,63875741928355,(0.032, 1.439, -0.020),(0.056, -0.024, 0.004, 0.998),VALID,(-0.426, 0.061, 0.903),(0.000, 0.000, 0.000),64.325,VALID,(-0.370, 0.062, 0.927),(-0.032, 0.000, 0.000),0.608,3.899,6.415,0.907,VALID,(-0.481, 0.059, 0.875),(0.032, 0.000, 0.000),0.617,3.929,6.373,0.841,0.4699847,0
177060,1000001137464895600,63875741928355,(0.032, 1.439, -0.020),(0.056, -0.024, 0.004, 0.998),VALID,(-0.423, 0.061, 0.904),(0.000, 0.000, 0.000),64.325,VALID,(-0.369, 0.062, 0.927),(-0.032, 0.000, 0.000),0.608,3.899,6.415,0.908,VALID,(-0.481, 0.059, 0.875),(0.032, 0.000, 0.000),0.617,3.929,6.373,0.841,0.4686678,0
177061,1000001137469915400,63875741928355,(0.032, 1.439, -0.020),(0.056, -0.024, 0.004, 0.998),VALID,(-0.421, 0.061, 0.905),(0.000, 0.000, 0.000),64.325,VALID,(-0.369, 0.062, 0.927),(-0.032, 0.000, 0.000),0.608,3.899,6.415,0.909,VALID,(-0.481, 0.059, 0.875),(0.032, 0.000, 0.000),0.617,3.929,6.373,0.842,0.46823,0
177062,1000001137474954900,63875741928366,(0.032, 1.439, -0.021),(0.056, -0.024, 0.004, 0.998),VALID,(-0.418, 0.060, 0.906),(0.000, 0.000, 0.000),64.325,VALID,(-0.369, 0.062, 0.927),(-0.032, 0.000, 0.000),0.608,3.899,6.415,0.910,VALID,(-0.481, 0.058, 0.875),(0.032, 0.000, 0.000),0.617,3.929,6.373,0.842,0.4684559,0
177063,1000001137479970600,63875741928366,(0.032, 1.439, -0.021),(0.056, -0.024, 0.004, 0.998),VALID,(-0.417, 0.060, 0.907),(0.000, 0.000, 0.000),64.325,VALID,(-0.369, 0.062, 0.927),(-0.032, 0.000, 0.000),0.608,3.898,6.415,0.912,VALID,(-0.481, 0.058, 0.875),(0.032, 0.000, 0.000),0.617,3.929,6.373,0.843,0.4686926,0
177064,1000001137484986300,63875741928377,(0.032, 1.439, -0.021),(0.056, -0.024, 0.004, 0.998),VALID,(-0.416, 0.060, 0.907),(0.000, 0.000, 0.000),64.325,VALID,(-0.369, 0.061, 0.927),(-0.032, 0.000, 0.000),0.608,3.901,6.415,0.913,VALID,(-0.481, 0.058, 0.875),(0.032, 0.000, 0.000),0.617,3.929,6.373,0.843,0.4687911,0
177065,1000001137490001900,63875741928377,(0.032, 1.439, -0.021),(0.056, -0.024, 0.004, 0.998),VALID,(-0.415, 0.060, 0.908),(0.000, 0.000, 0.000),64.325,VALID,(-0.369, 0.061, 0.927),(-0.032, 0.000, 0.000),0.610,3.911,6.415,0.915,VALID,(-0.481, 0.058, 0.875),(0.032, 0.000, 0.000),0.617,3.930,6.373,0.844,0.4692663,0
177066,1000001137494975600,63875741928389,(0.032, 1.439, -0.021),(0.056, -0.024, 0.004, 0.998),VALID,(-0.414, 0.060, 0.908),(0.000, 0.000, 0.000),64.325,VALID,(-0.369, 0.061, 0.927),(-0.032, 0.000, 0.000),0.611,3.917,6.415,0.916,VALID,(-0.481, 0.058, 0.875),(0.032, 0.000, 0.000),0.617,3.930,6.373,0.845,0.4697328,0
177067,1000001137499991200,63875741928389,(0.032, 1.439, -0.021),(0.056, -0.024, 0.004, 0.998),VALID,(-0.414, 0.060, 0.908),(0.000, 0.000, 0.000),64.325,VALID,(-0.369, 0.061, 0.927),(-0.032, 0.000, 0.000),0.611,3.919,6.415,0.917,VALID,(-0.480, 0.058, 0.875),(0.032, 0.000, 0.000),0.617,3.930,6.373,0.846,0.4703428,0
177068,1000001137505006900,63875741928400,(0.032, 1.439, -0.021),(0.056, -0.024, 0.004, 0.998),VALID,(-0.414, 0.060, 0.908),(0.000, 0.000, 0.000),64.325,VALID,(-0.369, 0.061, 0.927),(-0.032, 0.000, 0.000),0.611,3.920,6.415,0.918,VALID,(-0.480, 0.058, 0.875),(0.032, 0.000, 0.000),0.617,3.930,6.373,0.844,0.4710062,0
177069,1000001137510022600,63875741928400,(0.032, 1.439, -0.021),(0.056, -0.024, 0.004, 0.998),VALID,(-0.414, 0.060, 0.908),(0.000, 0.000, 0.000),64.325,VALID,(-0.369, 0.061, 0.927),(-0.032, 0.000, 0.000),0.611,3.922,6.415,0.918,VALID,(-0.480, 0.058, 0.875),(0.032, 0.000, 0.000),0.617,3.930,6.373,0.842,0.4723668,0
177070,1000001137515038300,63875741928400,(0.032, 1.439, -0.021),(0.056, -0.024, 0.004, 0.998),VALID,(-0.414, 0.060, 0.908),(0.000, 0.000, 0.000),64.325,VALID,(-0.369, 0.061, 0.927),(-0.032, 0.000, 0.000),0.611,3.921,6.415,0.919,VALID,(-0.480, 0.058, 0.875),(0.032, 0.000, 0.000),0.617,3.930,6.373,0.838,0.473663,0
177071,1000001137520053300,63875741928411,(0.032, 1.439, -0.020),(0.056, -0.024, 0.004, 0.998),VALID,(-0.414, 0.060, 0.908),(0.000, 0.000, 0.000),64.325,VALID,(-0.369, 0.061, 0.927),(-0.032, 0.000, 0.000),0.611,3.921,6.415,0.920,VALID,(-0.480, 0.058, 0.875),(0.032, 0.000, 0.000),0.617,3.930,6.373,0.835,0.4750649,0.6822769
177072,1000001137525069000,63875741928411,(0.032, 1.439, -0.020),(0.056, -0.024, 0.004, 0.998),VALID,(-0.414, 0.060, 0.908),(0.000, 0.000, 0.000),64.325,VALID,(-0.370, 0.061, 0.927),(-0.032, 0.000, 0.000),0.611,3.921,6.415,0.921,VALID,(-0.480, 0.058, 0.875),(0.032, 0.000, 0.000),0.617,3.930,6.373,0.832,0.4763149,0.6994234
177073,1000001137530084700,63875741928422,(0.032, 1.439, -0.020),(0.056, -0.024, 0.004, 0.998),VALID,(-0.414, 0.060, 0.908),(0.000, 0.000, 0.000),64.325,VALID,(-0.370, 0.061, 0.927),(-0.032, 0.000, 0.000),0.611,3.920,6.415,0.922,VALID,(-0.480, 0.058, 0.876),(0.032, 0.000, 0.000),0.617,3.930,6.373,0.829,0.4774546,0.8362827
177074,1000001137535099700,63875741928422,(0.032, 1.439, -0.020),(0.056, -0.024, 0.004, 0.998),VALID,(-0.414, 0.060, 0.908),(0.000, 0.000, 0.000),64.325,VALID,(-0.370, 0.061, 0.927),(-0.032, 0.000, 0.000),0.611,3.920,6.415,0.922,VALID,(-0.480, 0.058, 0.876),(0.032, 0.000, 0.000),0.617,3.931,6.373,0.826,0.4788078,0.8222862
177075,1000001137540114700,63875741928433,(0.032, 1.439, -0.020),(0.056, -0.024, 0.004, 0.998),VALID,(-0.414, 0.060, 0.908),(0.000, 0.000, 0.000),64.325,VALID,(-0.370, 0.061, 0.927),(-0.032, 0.000, 0.000),0.611,3.920,6.415,0.923,VALID,(-0.480, 0.058, 0.876),(0.032, 0.000, 0.000),0.617,3.931,6.373,0.824,0.4802032,0.8369492
177076,1000001137545081400,63875741928433,(0.032, 1.439, -0.020),(0.056, -0.024, 0.004, 0.998),VALID,(-0.414, 0.060, 0.908),(0.000, 0.000, 0.000),64.325,VALID,(-0.370, 0.061, 0.927),(-0.032, 0.000, 0.000),0.611,3.919,6.415,0.924,VALID,(-0.479, 0.057, 0.876),(0.032, 0.000, 0.000),0.617,3.931,6.373,0.822,0.4815049,0.8778837
177077,1000001137550096400,63875741928444,(0.032, 1.439, -0.020),(0.056, -0.024, 0.004, 0.998),VALID,(-0.414, 0.060, 0.908),(0.000, 0.000, 0.000),64.325,VALID,(-0.371, 0.061, 0.927),(-0.032, 0.000, 0.000),0.611,3.920,6.415,0.925,VALID,(-0.479, 0.057, 0.876),(0.032, 0.000, 0.000),0.617,3.931,6.373,0.820,0.4825572,0.8723744
177078,1000001137555095400,63875741928444,(0.032, 1.439, -0.020),(0.056, -0.024, 0.004, 0.998),VALID,(-0.414, 0.060, 0.908),(0.000, 0.000, 0.000),64.325,VALID,(-0.371, 0.061, 0.927),(-0.032, 0.000, 0.000),0.611,3.922,6.415,0.925,VALID,(-0.479, 0.057, 0.876),(0.032, 0.000, 0.000),0.617,3.932,6.373,0.819,0.483619,0.8963992
177079,1000001137560140000,63875741928455,(0.032, 1.439, -0.020),(0.056, -0.024, 0.004, 0.998),VALID,(-0.414, 0.060, 0.909),(0.000, 0.000, 0.000),64.325,VALID,(-0.371, 0.061, 0.927),(-0.032, 0.000, 0.000),0.612,3.924,6.415,0.926,VALID,(-0.479, 0.057, 0.876),(0.032, 0.000, 0.000),0.617,3.932,6.373,0.817,0.4846463,0.913304
177080,1000001137565139000,63875741928455,(0.032, 1.439, -0.020),(0.056, -0.024, 0.004, 0.998),VALID,(-0.414, 0.060, 0.909),(0.000, 0.000, 0.000),64.325,VALID,(-0.371, 0.061, 0.927),(-0.032, 0.000, 0.000),0.612,3.924,6.415,0.927,VALID,(-0.479, 0.057, 0.876),(0.032, 0.000, 0.000),0.617,3.933,6.373,0.816,0.4855118,0.9088513
177081,1000001137570115400,63875741928455,(0.032, 1.439, -0.020),(0.056, -0.024, 0.004, 0.998),VALID,(-0.413, 0.060, 0.909),(0.000, 0.000, 0.000),64.325,VALID,(-0.371, 0.061, 0.927),(-0.032, 0.000, 0.000),0.614,3.936,6.415,0.928,VALID,(-0.479, 0.057, 0.876),(0.032, 0.000, 0.000),0.617,3.933,6.373,0.815,0.4860348,0.8789219
177082,1000001137575141700,63875741928467,(0.032, 1.439, -0.020),(0.056, -0.024, 0.004, 0.998),VALID,(-0.413, 0.060, 0.909),(0.000, 0.000, 0.000),64.325,VALID,(-0.371, 0.061, 0.927),(-0.032, 0.000, 0.000),0.614,3.938,6.415,0.928,VALID,(-0.479, 0.057, 0.876),(0.032, 0.000, 0.000),0.617,3.933,6.373,0.815,0.4863923,0.8965442
177083,1000001137580177300,63875741928467,(0.032, 1.439, -0.020),(0.056, -0.024, 0.004, 0.998),VALID,(-0.413, 0.060, 0.909),(0.000, 0.000, 0.000),64.325,VALID,(-0.371, 0.061, 0.927),(-0.032, 0.000, 0.000),0.614,3.942,6.415,0.929,VALID,(-0.479, 0.057, 0.876),(0.032, 0.000, 0.000),0.617,3.934,6.373,0.814,0.4869019,0.9075291
177084,1000001137585198300,63875741928477,(0.032, 1.439, -0.020),(0.056, -0.024, 0.004, 0.998),VALID,(-0.413, 0.059, 0.909),(0.000, 0.000, 0.000),64.325,VALID,(-0.371, 0.061, 0.927),(-0.032, 0.000, 0.000),0.614,3.941,6.415,0.929,VALID,(-0.479, 0.057, 0.876),(0.032, 0.000, 0.000),0.617,3.934,6.373,0.813,0.4873078,0.9107159
177085,1000001137590219300,63875741928478,(0.032, 1.439, -0.020),(0.056, -0.024, 0.004, 0.998),VALID,(-0.413, 0.059, 0.909),(0.000, 0.000, 0.000),64.325,VALID,(-0.371, 0.061, 0.927),(-0.032, 0.000, 0.000),0.615,3.947,6.415,0.930,VALID,(-0.479, 0.057, 0.876),(0.032, 0.000, 0.000),0.617,3.935,6.373,0.813,0.4876376,0.8820445
177086,1000001137595226000,63875741928489,(0.032, 1.439, -0.020),(0.056, -0.024, 0.004, 0.998),VALID,(-0.413, 0.059, 0.909),(0.000, 0.000, 0.000),64.325,VALID,(-0.371, 0.061, 0.926),(-0.032, 0.000, 0.000),0.616,3.949,6.415,0.930,VALID,(-0.479, 0.057, 0.876),(0.032, 0.000, 0.000),0.617,3.935,6.373,0.813,0.4883701,0.8802804
177087,1000001137600221700,63875741928489,(0.032, 1.439, -0.020),(0.056, -0.024, 0.004, 0.998),VALID,(-0.413, 0.059, 0.909),(0.000, 0.000, 0.000),64.325,VALID,(-0.372, 0.061, 0.926),(-0.032, 0.000, 0.000),0.616,3.950,6.415,0.931,VALID,(-0.479, 0.057, 0.876),(0.032, 0.000, 0.000),0.618,3.935,6.373,0.812,0.4892865,0.8586129
177088,1000001137605223000,63875741928500,(0.032, 1.439, -0.020),(0.056, -0.024, 0.004, 0.998),VALID,(-0.413, 0.059, 0.909),(0.000, 0.000, 0.000),64.325,VALID,(-0.372, 0.061, 0.926),(-0.032, 0.000, 0.000),0.616,3.950,6.415,0.931,VALID,(-0.479, 0.057, 0.876),(0.032, 0.000, 0.000),0.618,3.936,6.373,0.812,0.4903443,0.8800384
177089,1000001137610218700,63875741928500,(0.032, 1.439, -0.020),(0.056, -0.024, 0.004, 0.998),VALID,(-0.413, 0.059, 0.909),(0.000, 0.000, 0.000),64.325,VALID,(-0.372, 0.060, 0.926),(-0.032, 0.000, 0.000),0.615,3.945,6.415,0.932,VALID,(-0.479, 0.057, 0.876),(0.032, 0.000, 0.000),0.618,3.936,6.373,0.812,0.491364,0.8653372
177090,1000001137615234800,63875741928500,(0.032, 1.439, -0.020),(0.056, -0.024, 0.004, 0.998),VALID,(-0.413, 0.059, 0.909),(0.000, 0.000, 0.000),64.325,VALID,(-0.372, 0.060, 0.926),(-0.032, 0.000, 0.000),0.615,3.944,6.415,0.932,VALID,(-0.479, 0.057, 0.876),(0.032, 0.000, 0.000),0.618,3.937,6.373,0.812,0.4919903,0.8439704
177091,1000001137620233300,63875741928511,(0.032, 1.440, -0.020),(0.056, -0.024, 0.003, 0.998),VALID,(-0.413, 0.059, 0.909),(0.000, 0.000, 0.000),64.325,VALID,(-0.372, 0.060, 0.926),(-0.032, 0.000, 0.000),0.615,3.943,6.415,0.932,VALID,(-0.479, 0.057, 0.876),(0.032, 0.000, 0.000),0.618,3.937,6.373,0.811,0.4926324,0.8357447
177092,1000001137625257200,63875741928511,(0.032, 1.440, -0.020),(0.056, -0.024, 0.003, 0.998),VALID,(-0.413, 0.059, 0.909),(0.000, 0.000, 0.000),64.325,VALID,(-0.372, 0.060, 0.926),(-0.032, 0.000, 0.000),0.615,3.944,6.415,0.933,VALID,(-0.479, 0.057, 0.876),(0.032, 0.000, 0.000),0.618,3.938,6.373,0.811,0.4933052,0.8261471
177093,1000001137630308200,63875741928522,(0.032, 1.440, -0.021),(0.056, -0.024, 0.003, 0.998),VALID,(-0.412, 0.059, 0.909),(0.000, 0.000, 0.000),64.325,VALID,(-0.373, 0.060, 0.926),(-0.032, 0.000, 0.000),0.615,3.946,6.415,0.933,VALID,(-0.479, 0.057, 0.876),(0.032, 0.000, 0.000),0.618,3.938,6.373,0.811,0.4938176,0.8310202
177094,1000001137635299300,63875741928522,(0.032, 1.440, -0.021),(0.056, -0.024, 0.003, 0.998),VALID,(-0.413, 0.059, 0.909),(0.000, 0.000, 0.000),64.325,VALID,(-0.373, 0.060, 0.926),(-0.032, 0.000, 0.000),0.615,3.947,6.415,0.933,VALID,(-0.479, 0.057, 0.876),(0.032, 0.000, 0.000),0.618,3.939,6.373,0.811,0.4961887,0.7631977
177095,1000001137640300500,63875741928533,(0.032, 1.440, -0.021),(0.056, -0.024, 0.003, 0.998),VALID,(-0.413, 0.059, 0.909),(0.000, 0.000, 0.000),64.325,VALID,(-0.375, 0.060, 0.925),(-0.032, 0.000, 0.000),0.618,3.967,6.415,0.933,VALID,(-0.480, 0.057, 0.876),(0.032, 0.000, 0.000),0.619,3.942,6.373,0.810,0.5012829,0.7143801
177096,1000001137645299000,63875741928533,(0.032, 1.440, -0.021),(0.056, -0.024, 0.003, 0.998),VALID,(-0.398, 0.060, 0.915),(0.000, 0.000, 0.000),64.325,VALID,(-0.373, 0.061, 0.926),(-0.032, 0.000, 0.000),0.623,3.996,6.415,0.934,VALID,(-0.479, 0.057, 0.876),(0.032, 0.000, 0.000),0.624,3.976,6.373,0.810,0.4929278,0
177097,1000001137650378200,63875741928544,(0.032, 1.440, -0.021),(0.056, -0.024, 0.003, 0.998),VALID,(-0.401, 0.061, 0.914),(0.000, 0.000, 0.000),64.325,VALID,(-0.368, 0.065, 0.927),(-0.032, 0.000, 0.000),0.612,3.927,6.415,0.935,VALID,(-0.472, 0.059, 0.880),(0.032, 0.000, 0.000),0.628,3.999,6.373,0.808,0.509573,0
177098,1000001137655367300,63875741928544,(0.032, 1.440, -0.021),(0.056, -0.024, 0.003, 0.998),VALID,(-0.381, 0.068, 0.922),(0.000, 0.000, 0.000),64.325,VALID,(-0.358, 0.072, 0.931),(-0.032, 0.000, 0.000),0.607,3.891,6.415,0.936,VALID,(-0.460, 0.065, 0.886),(0.032, 0.000, 0.000),0.627,3.998,6.373,0.804,0.5212176,0
177099,1000001137660363000,63875741928555,(0.032, 1.440, -0.021),(0.056, -0.024, 0.003, 0.998),VALID,(-0.384, 0.067, 0.921),(0.000, 0.000, 0.000),64.325,VALID,(-0.343, 0.084, 0.936),(-0.032, 0.000, 0.000),0.607,3.892,6.415,0.937,VALID,(-0.444, 0.065, 0.894),(0.032, 0.000, 0.000),0.623,3.971,6.373,0.807,0.526172,0
177100,1000001137665358700,63875741928555,(0.032, 1.440, -0.021),(0.056, -0.024, 0.003, 0.998),VALID,(-0.383, 0.067, 0.921),(0.000, 0.000, 0.000),64.325,VALID,(-0.323, 0.096, 0.942),(-0.032, 0.000, 0.000),0.604,3.878,6.415,0.939,VALID,(-0.427, 0.066, 0.902),(0.032, 0.000, 0.000),0.619,3.942,6.373,0.814,0.5028473,0
177101,1000001137670357200,63875741928555,(0.032, 1.440, -0.021),(0.056, -0.024, 0.003, 0.998),VALID,(-0.381, 0.068, 0.922),(0.000, 0.000, 0.000),64.325,VALID,(-0.306, 0.107, 0.946),(-0.032, 0.000, 0.000),0.605,3.882,6.415,0.940,VALID,(-0.410, 0.067, 0.910),(0.032, 0.000, 0.000),0.617,3.929,6.373,0.824,0.4828649,0
177102,1000001137675352900,63875741928566,(0.032, 1.440, -0.021),(0.055, -0.024, 0.003, 0.998),VALID,(-0.379, 0.068, 0.923),(0.000, 0.000, 0.000),64.325,VALID,(-0.288, 0.119, 0.950),(-0.032, 0.000, 0.000),0.607,3.893,6.415,0.941,VALID,(-0.396, 0.068, 0.916),(0.032, 0.000, 0.000),0.615,3.917,6.373,0.836,0.4453706,0
177103,1000001137680404300,63875741928566,(0.032, 1.440, -0.021),(0.055, -0.024, 0.003, 0.998),VALID,(-0.377, 0.069, 0.924),(0.000, 0.000, 0.000),64.325,VALID,(-0.276, 0.127, 0.953),(-0.032, 0.000, 0.000),0.607,3.895,6.415,0.943,VALID,(-0.387, 0.069, 0.920),(0.032, 0.000, 0.000),0.614,3.912,6.373,0.848,0.4238271,0
177104,1000001137685400000,63875741928578,(0.032, 1.440, -0.021),(0.055, -0.024, 0.003, 0.998),VALID,(-0.375, 0.070, 0.925),(0.000, 0.000, 0.000),64.325,VALID,(-0.269, 0.133, 0.954),(-0.032, 0.000, 0.000),0.609,3.904,6.415,0.945,VALID,(-0.380, 0.070, 0.922),(0.032, 0.000, 0.000),0.613,3.909,6.373,0.859,0.4098777,0
177105,1000001137690398500,63875741928578,(0.032, 1.440, -0.021),(0.055, -0.024, 0.003, 0.998),VALID,(-0.373, 0.071, 0.925),(0.000, 0.000, 0.000),64.325,VALID,(-0.264, 0.138, 0.955),(-0.032, 0.000, 0.000),0.609,3.906,6.415,0.946,VALID,(-0.375, 0.071, 0.924),(0.032, 0.000, 0.000),0.613,3.908,6.373,0.868,0.4001469,0
177106,1000001137695459700,63875741928590,(0.032, 1.440, -0.021),(0.055, -0.024, 0.003, 0.998),VALID,(-0.372, 0.072, 0.926),(0.000, 0.000, 0.000),64.325,VALID,(-0.261, 0.141, 0.955),(-0.032, 0.000, 0.000),0.610,3.915,6.415,0.951,VALID,(-0.372, 0.072, 0.925),(0.032, 0.000, 0.000),0.613,3.906,6.373,0.876,0.3955331,0
177107,1000001137700455400,63875741928590,(0.032, 1.440, -0.021),(0.055, -0.024, 0.003, 0.998),VALID,(-0.371, 0.073, 0.926),(0.000, 0.000, 0.000),64.325,VALID,(-0.260, 0.144, 0.955),(-0.032, 0.000, 0.000),0.612,3.924,6.415,0.957,VALID,(-0.370, 0.073, 0.926),(0.032, 0.000, 0.000),0.613,3.905,6.373,0.883,0.3925747,0
177108,1000001137705456300,63875741928600,(0.032, 1.440, -0.021),(0.055, -0.024, 0.003, 0.998),VALID,(-0.370, 0.074, 0.926),(0.000, 0.000, 0.000),64.325,VALID,(-0.260, 0.145, 0.955),(-0.032, 0.000, 0.000),0.613,3.931,6.415,0.962,VALID,(-0.369, 0.074, 0.927),(0.032, 0.000, 0.000),0.613,3.904,6.373,0.889,0.3917165,0
177109,1000001137710540000,63875741928600,(0.032, 1.440, -0.021),(0.055, -0.024, 0.003, 0.998),VALID,(-0.369, 0.074, 0.927),(0.000, 0.000, 0.000),64.325,VALID,(-0.260, 0.147, 0.954),(-0.032, 0.000, 0.000),0.614,3.937,6.415,0.967,VALID,(-0.368, 0.074, 0.927),(0.032, 0.000, 0.000),0.612,3.903,6.373,0.894,0.3920137,0
177110,1000001137715538500,63875741928600,(0.032, 1.440, -0.021),(0.055, -0.024, 0.003, 0.998),VALID,(-0.368, 0.075, 0.927),(0.000, 0.000, 0.000),64.325,VALID,(-0.261, 0.148, 0.954),(-0.032, 0.000, 0.000),0.614,3.940,6.415,0.971,VALID,(-0.367, 0.075, 0.927),(0.032, 0.000, 0.000),0.612,3.902,6.373,0.898,0.3931235,0
177111,1000001137720537000,63875741928611,(0.032, 1.440, -0.021),(0.055, -0.024, 0.004, 0.998),VALID,(-0.368, 0.075, 0.927),(0.000, 0.000, 0.000),64.325,VALID,(-0.261, 0.148, 0.954),(-0.032, 0.000, 0.000),0.615,3.942,6.415,0.974,VALID,(-0.366, 0.075, 0.927),(0.032, 0.000, 0.000),0.612,3.901,6.373,0.902,0.3949331,0
177112,1000001137725538200,63875741928611,(0.032, 1.440, -0.021),(0.055, -0.024, 0.004, 0.998),VALID,(-0.367, 0.076, 0.927),(0.000, 0.000, 0.000),64.325,VALID,(-0.261, 0.149, 0.954),(-0.032, 0.000, 0.000),0.615,3.945,6.415,0.977,VALID,(-0.366, 0.076, 0.928),(0.032, 0.000, 0.000),0.612,3.900,6.373,0.904,0.3967437,0
177113,1000001137730527800,63875741928622,(0.032, 1.440, -0.021),(0.055, -0.024, 0.004, 0.998),VALID,(-0.367, 0.076, 0.927),(0.000, 0.000, 0.000),64.325,VALID,(-0.261, 0.149, 0.954),(-0.032, 0.000, 0.000),0.615,3.944,6.415,0.980,VALID,(-0.366, 0.076, 0.928),(0.032, 0.000, 0.000),0.612,3.900,6.373,0.907,0.3971442,0
177114,1000001137735525900,63875741928622,(0.032, 1.440, -0.021),(0.055, -0.024, 0.004, 0.998),VALID,(-0.366, 0.077, 0.927),(0.000, 0.000, 0.000),64.325,VALID,(-0.260, 0.149, 0.954),(-0.032, 0.000, 0.000),0.614,3.941,6.415,0.982,VALID,(-0.365, 0.077, 0.928),(0.032, 0.000, 0.000),0.612,3.899,6.373,0.909,0.3969785,0
177115,1000001137740516000,63875741928633,(0.032, 1.440, -0.021),(0.055, -0.024, 0.004, 0.998),VALID,(-0.366, 0.077, 0.927),(0.000, 0.000, 0.000),64.325,VALID,(-0.260, 0.150, 0.954),(-0.032, 0.000, 0.000),0.614,3.939,6.415,0.984,VALID,(-0.365, 0.077, 0.928),(0.032, 0.000, 0.000),0.612,3.899,6.373,0.911,0.3965732,0
177116,1000001137745506100,63875741928633,(0.032, 1.440, -0.021),(0.055, -0.024, 0.004, 0.998),VALID,(-0.366, 0.078, 0.928),(0.000, 0.000, 0.000),64.325,VALID,(-0.259, 0.150, 0.954),(-0.032, 0.000, 0.000),0.614,3.937,6.415,0.985,VALID,(-0.365, 0.078, 0.928),(0.032, 0.000, 0.000),0.612,3.898,6.373,0.913,0.3962425,0
177117,1000001137750571000,63875741928644,(0.032, 1.440, -0.021),(0.055, -0.024, 0.004, 0.998),VALID,(-0.365, 0.078, 0.928),(0.000, 0.000, 0.000),64.325,VALID,(-0.260, 0.150, 0.954),(-0.032, 0.000, 0.000),0.614,3.938,6.415,0.987,VALID,(-0.364, 0.078, 0.928),(0.032, 0.000, 0.000),0.612,3.898,6.373,0.914,0.3999855,0
177118,1000001137755607500,63875741928644,(0.032, 1.440, -0.021),(0.055, -0.024, 0.004, 0.998),VALID,(-0.365, 0.078, 0.928),(0.000, 0.000, 0.000),64.325,VALID,(-0.235, 0.144, 0.961),(-0.032, 0.000, 0.000),0.615,3.945,6.415,0.988,VALID,(-0.364, 0.078, 0.928),(0.032, 0.000, 0.000),0.612,3.898,6.373,0.916,0.3721895,0.6525644
177119,1000001137760597600,63875741928655,(0.032, 1.440, -0.021),(0.055, -0.024, 0.004, 0.998),VALID,(-0.365, 0.079, 0.928),(0.000, 0.000, 0.000),64.325,VALID,(-0.242, 0.145, 0.960),(-0.032, 0.000, 0.000),0.616,3.949,6.415,0.989,VALID,(-0.364, 0.079, 0.928),(0.032, 0.000, 0.000),0.612,3.897,6.373,0.917,0.3854236,0.8236797
177120,1000001137765587200,63875741928655,(0.032, 1.440, -0.021),(0.055, -0.024, 0.004, 0.998),VALID,(-0.365, 0.079, 0.928),(0.000, 0.000, 0.000),64.325,VALID,(-0.220, 0.143, 0.965),(-0.032, 0.000, 0.000),0.616,3.953,6.415,0.990,VALID,(-0.364, 0.079, 0.928),(0.032, 0.000, 0.000),0.612,3.897,6.373,0.918,0.3517831,0.9955586
177121,1000001137770614100,63875741928655,(0.032, 1.440, -0.021),(0.055, -0.024, 0.004, 0.998),VALID,(-0.364, 0.079, 0.928),(0.000, 0.000, 0.000),64.325,VALID,(-0.204, 0.138, 0.969),(-0.032, 0.000, 0.000),0.617,3.958,6.415,0.990,VALID,(-0.364, 0.079, 0.928),(0.032, 0.000, 0.000),0.612,3.897,6.373,0.919,0.3327265,1
177122,1000001137775604200,63875741928667,(0.032, 1.440, -0.021),(0.055, -0.024, 0.004, 0.998),VALID,(-0.364, 0.079, 0.928),(0.000, 0.000, 0.000),64.325,VALID,(-0.178, 0.130, 0.975),(-0.032, 0.000, 0.000),0.595,3.815,6.415,0.991,VALID,(-0.364, 0.079, 0.928),(0.032, 0.000, 0.000),0.611,3.897,6.373,0.920,0.3019914,1
177123,1000001137780648800,63875741928667,(0.032, 1.440, -0.021),(0.055, -0.024, 0.004, 0.998),VALID,(-0.364, 0.079, 0.928),(0.000, 0.000, 0.000),64.325,VALID,(-0.158, 0.122, 0.980),(-0.032, 0.000, 0.000),0.588,3.774,6.415,0.992,VALID,(-0.363, 0.079, 0.928),(0.032, 0.000, 0.000),0.611,3.897,6.373,0.921,0.2798353,1
177124,1000001137785705100,63875741928678,(0.032, 1.440, -0.021),(0.055, -0.024, 0.003, 0.998),VALID,(-0.364, 0.079, 0.928),(0.000, 0.000, 0.000),64.325,VALID,(-0.143, 0.115, 0.983),(-0.032, 0.000, 0.000),0.697,4.474,6.415,0.992,VALID,(-0.363, 0.079, 0.928),(0.032, 0.000, 0.000),0.611,3.897,6.373,0.922,0.2653261,1
177125,1000001137790682300,63875741928678,(0.032, 1.440, -0.021),(0.055, -0.024, 0.003, 0.998),VALID,(-0.364, 0.079, 0.928),(0.000, 0.000, 0.000),64.325,VALID,(-0.131, 0.109, 0.985),(-0.032, 0.000, 0.000),0.698,4.480,6.415,0.993,VALID,(-0.363, 0.079, 0.928),(0.032, 0.000, 0.000),0.611,3.897,6.373,0.923,0.2544027,1
177126,1000001137795696200,63875741928689,(0.032, 1.440, -0.021),(0.055, -0.024, 0.003, 0.998),VALID,(-0.364, 0.079, 0.928),(0.000, 0.000, 0.000),64.325,VALID,(-0.122, 0.104, 0.987),(-0.032, 0.000, 0.000),0.697,4.472,6.415,0.993,VALID,(-0.363, 0.079, 0.928),(0.032, 0.000, 0.000),0.611,3.897,6.373,0.923,0.2464029,1
177127,1000001137800706100,63875741928689,(0.032, 1.440, -0.021),(0.055, -0.024, 0.003, 0.998),VALID,(-0.364, 0.080, 0.928),(0.000, 0.000, 0.000),64.325,VALID,(-0.115, 0.101, 0.988),(-0.032, 0.000, 0.000),0.697,4.471,6.415,0.994,VALID,(-0.363, 0.080, 0.928),(0.032, 0.000, 0.000),0.611,3.897,6.373,0.924,0.2411705,1
177128,1000001137805704100,63875741928700,(0.032, 1.440, -0.021),(0.055, -0.024, 0.003, 0.998),VALID,(-0.364, 0.080, 0.928),(0.000, 0.000, 0.000),64.325,VALID,(-0.119, 0.098, 0.988),(-0.032, 0.000, 0.000),0.715,4.585,6.415,0.994,VALID,(-0.363, 0.080, 0.928),(0.032, 0.000, 0.000),0.611,3.897,6.373,0.925,0.2446896,1
177129,1000001137810714000,63875741928700,(0.032, 1.440, -0.021),(0.055, -0.024, 0.003, 0.998),VALID,(-0.364, 0.080, 0.928),(0.000, 0.000, 0.000),64.325,VALID,(-0.123, 0.096, 0.988),(-0.032, 0.000, 0.000),0.723,4.636,6.415,0.994,VALID,(-0.363, 0.080, 0.928),(0.032, 0.000, 0.000),0.611,3.897,6.373,0.925,0.2488533,1
177130,1000001137815737400,63875741928700,(0.032, 1.440, -0.021),(0.055, -0.024, 0.003, 0.998),VALID,(-0.364, 0.080, 0.928),(0.000, 0.000, 0.000),64.325,VALID,(-0.130, 0.094, 0.987),(-0.032, 0.000, 0.000),0.734,4.710,6.415,0.995,VALID,(-0.363, 0.081, 0.928),(0.032, 0.000, 0.000),0.612,3.897,6.373,0.926,0.2557297,1
177131,1000001137820747300,63875741928711,(0.032, 1.440, -0.021),(0.055, -0.024, 0.003, 0.998),VALID,(-0.363, 0.081, 0.928),(0.000, 0.000, 0.000),64.325,VALID,(-0.134, 0.093, 0.987),(-0.032, 0.000, 0.000),0.737,4.730,6.415,0.995,VALID,(-0.363, 0.081, 0.928),(0.032, 0.000, 0.000),0.612,3.898,6.373,0.926,0.2600707,1
177132,1000001137825761600,63875741928711,(0.032, 1.440, -0.021),(0.055, -0.024, 0.003, 0.998),VALID,(-0.363, 0.081, 0.928),(0.000, 0.000, 0.000),64.325,VALID,(-0.150, 0.101, 0.983),(-0.032, 0.000, 0.000),0.619,3.973,6.415,0.995,VALID,(-0.363, 0.081, 0.928),(0.032, 0.000, 0.000),0.612,3.898,6.373,0.927,0.2784543,1
177133,1000001137830763000,63875741928722,(0.032, 1.440, -0.021),(0.055, -0.024, 0.003, 0.998),VALID,(-0.363, 0.081, 0.928),(0.000, 0.000, 0.000),64.325,VALID,(-0.159, 0.106, 0.982),(-0.032, 0.000, 0.000),0.618,3.967,6.415,0.995,VALID,(-0.363, 0.081, 0.928),(0.032, 0.000, 0.000),0.612,3.899,6.373,0.928,0.2880916,1
177134,1000001137835776900,63875741928722,(0.032, 1.440, -0.021),(0.055, -0.024, 0.003, 0.998),VALID,(-0.363, 0.081, 0.928),(0.000, 0.000, 0.000),64.325,VALID,(-0.178, 0.107, 0.978),(-0.032, 0.000, 0.000),0.619,3.973,6.415,0.996,VALID,(-0.363, 0.081, 0.928),(0.032, 0.000, 0.000),0.612,3.899,6.373,0.928,0.3162513,1
177135,1000001137840874500,63875741928733,(0.032, 1.440, -0.021),(0.055, -0.024, 0.003, 0.998),VALID,(-0.363, 0.081, 0.928),(0.000, 0.000, 0.000),64.325,VALID,(-0.200, 0.110, 0.973),(-0.032, 0.000, 0.000),0.620,3.975,6.415,0.996,VALID,(-0.363, 0.081, 0.928),(0.032, 0.000, 0.000),0.612,3.900,6.373,0.929,0.3543362,1
177136,1000001137845888400,63875741928733,(0.032, 1.440, -0.021),(0.055, -0.024, 0.003, 0.998),VALID,(-0.363, 0.081, 0.928),(0.000, 0.000, 0.000),64.325,VALID,(-0.220, 0.116, 0.969),(-0.032, 0.000, 0.000),0.621,3.987,6.415,0.996,VALID,(-0.363, 0.081, 0.928),(0.032, 0.000, 0.000),0.612,3.901,6.373,0.929,0.3929307,1
177137,1000001137850855100,63875741928744,(0.032, 1.440, -0.021),(0.056, -0.024, 0.003, 0.998),VALID,(-0.363, 0.081, 0.928),(0.000, 0.000, 0.000),64.325,VALID,(-0.235, 0.122, 0.964),(-0.032, 0.000, 0.000),0.623,3.996,6.415,0.996,VALID,(-0.363, 0.081, 0.928),(0.032, 0.000, 0.000),0.612,3.901,6.373,0.930,0.4236681,1
177138,1000001137855869000,63875741928744,(0.032, 1.440, -0.021),(0.056, -0.024, 0.003, 0.998),VALID,(-0.363, 0.081, 0.928),(0.000, 0.000, 0.000),64.325,VALID,(-0.245, 0.128, 0.961),(-0.032, 0.000, 0.000),0.626,4.013,6.415,0.996,VALID,(-0.363, 0.081, 0.928),(0.032, 0.000, 0.000),0.612,3.902,6.373,0.930,0.4406329,1
177139,1000001137860880200,63875741928755,(0.032, 1.440, -0.021),(0.056, -0.024, 0.003, 0.998),VALID,(-0.363, 0.081, 0.928),(0.000, 0.000, 0.000),64.325,VALID,(-0.253, 0.133, 0.958),(-0.032, 0.000, 0.000),0.626,4.018,6.415,0.997,VALID,(-0.362, 0.081, 0.928),(0.032, 0.000, 0.000),0.612,3.903,6.373,0.931,0.4500452,1
177140,1000001137865866100,63875741928755,(0.032, 1.440, -0.021),(0.056, -0.024, 0.003, 0.998),VALID,(-0.362, 0.081, 0.929),(0.000, 0.000, 0.000),64.325,VALID,(-0.259, 0.137, 0.956),(-0.032, 0.000, 0.000),0.627,4.022,6.415,0.997,VALID,(-0.362, 0.081, 0.929),(0.032, 0.000, 0.000),0.613,3.906,6.373,0.931,0.4549567,1
177141,1000001137870880000,63875741928755,(0.032, 1.440, -0.021),(0.056, -0.024, 0.003, 0.998),VALID,(-0.362, 0.081, 0.929),(0.000, 0.000, 0.000),64.325,VALID,(-0.269, 0.138, 0.953),(-0.032, 0.000, 0.000),0.626,4.017,6.415,0.997,VALID,(-0.362, 0.081, 0.929),(0.032, 0.000, 0.000),0.616,3.924,6.373,0.931,0.4797165,0.9558225
177142,1000001137875881400,63875741928767,(0.032, 1.440, -0.021),(0.056, -0.024, 0.003, 0.998),VALID,(-0.363, 0.081, 0.928),(0.000, 0.000, 0.000),64.325,VALID,(-0.279, 0.137, 0.950),(-0.032, 0.000, 0.000),0.619,3.972,6.415,0.997,VALID,(-0.363, 0.081, 0.928),(0.032, 0.000, 0.000),0.619,3.946,6.373,0.930,0.5043839,0.5379204
177143,1000001137880931700,63875741928767,(0.032, 1.440, -0.021),(0.056, -0.024, 0.003, 0.998),VALID,(-0.368, 0.081, 0.926),(0.000, 0.000, 0.000),64.325,VALID,(-0.287, 0.129, 0.949),(-0.032, 0.000, 0.000),0.610,3.912,6.415,0.997,VALID,(-0.367, 0.081, 0.927),(0.032, 0.000, 0.000),0.622,3.965,6.373,0.925,0.549134,0.177175
177144,1000001137885933100,63875741928777,(0.032, 1.440, -0.021),(0.055, -0.024, 0.003, 0.998),VALID,(-0.379, 0.079, 0.922),(0.000, 0.000, 0.000),64.325,VALID,(-0.312, 0.126, 0.942),(-0.032, 0.000, 0.000),0.608,3.901,6.415,0.995,VALID,(-0.379, 0.079, 0.922),(0.032, 0.000, 0.000),0.622,3.966,6.373,0.917,0.6047329,0
177145,1000001137890947000,63875741928777,(0.032, 1.440, -0.021),(0.055, -0.024, 0.003, 0.998),VALID,(-0.395, 0.079, 0.916),(0.000, 0.000, 0.000),64.325,VALID,(-0.342, 0.123, 0.932),(-0.032, 0.000, 0.000),0.608,3.901,6.415,0.992,VALID,(-0.394, 0.079, 0.916),(0.032, 0.000, 0.000),0.623,3.969,6.373,0.913,0.6802376,0
177146,1000001137895944600,63875741928789,(0.032, 1.440, -0.021),(0.056, -0.024, 0.003, 0.998),VALID,(-0.413, 0.079, 0.907),(0.000, 0.000, 0.000),64.325,VALID,(-0.370, 0.119, 0.921),(-0.032, 0.000, 0.000),0.608,3.901,6.415,0.988,VALID,(-0.413, 0.079, 0.907),(0.032, 0.000, 0.000),0.624,3.976,6.373,0.909,0.756794,0
177147,1000001137900942100,63875741928790,(0.032, 1.440, -0.021),(0.056, -0.024, 0.003, 0.998),VALID,(-0.431, 0.078, 0.899),(0.000, 0.000, 0.000),64.325,VALID,(-0.397, 0.114, 0.911),(-0.032, 0.000, 0.000),0.618,3.966,6.415,0.985,VALID,(-0.431, 0.078, 0.899),(0.032, 0.000, 0.000),0.627,3.993,6.373,0.905,2,0
177148,1000001137905950500,63875741928800,(0.032, 1.440, -0.021),(0.056, -0.024, 0.003, 0.998),VALID,(-0.408, 0.082, 0.909),(0.000, 0.000, 0.000),64.325,VALID,(-0.362, 0.116, 0.925),(-0.032, 0.000, 0.000),0.623,4.000,6.415,0.981,VALID,(-0.445, 0.081, 0.892),(0.032, 0.000, 0.000),0.629,4.011,6.373,0.903,0.5781489,0
177149,1000001137911018600,63875741928800,(0.032, 1.440, -0.021),(0.056, -0.024, 0.003, 0.998),VALID,(-0.405, 0.086, 0.910),(0.000, 0.000, 0.000),64.325,VALID,(-0.343, 0.116, 0.932),(-0.032, 0.000, 0.000),0.629,4.033,6.415,0.978,VALID,(-0.455, 0.084, 0.886),(0.032, 0.000, 0.000),0.631,4.023,6.373,0.901,0.4563808,0
177150,1000001137916010300,63875741928812,(0.032, 1.440, -0.021),(0.055, -0.024, 0.003, 0.998),VALID,(-0.390, 0.089, 0.917),(0.000, 0.000, 0.000),64.325,VALID,(-0.334, 0.116, 0.936),(-0.032, 0.000, 0.000),0.634,4.065,6.415,0.975,VALID,(-0.463, 0.086, 0.882),(0.032, 0.000, 0.000),0.632,4.027,6.373,0.899,0.4053574,0
177151,1000001137920997800,63875741928812,(0.032, 1.440, -0.021),(0.055, -0.024, 0.003, 0.998),VALID,(-0.371, 0.092, 0.924),(0.000, 0.000, 0.000),64.325,VALID,(-0.328, 0.115, 0.938),(-0.032, 0.000, 0.000),0.639,4.101,6.415,0.973,VALID,(-0.467, 0.088, 0.880),(0.032, 0.000, 0.000),0.632,4.029,6.373,0.897,0.3788757,0
177152,1000001137925997700,63875741928812,(0.032, 1.440, -0.021),(0.055, -0.024, 0.003, 0.998),VALID,(-0.355, 0.094, 0.930),(0.000, 0.000, 0.000),64.325,VALID,(-0.325, 0.114, 0.939),(-0.032, 0.000, 0.000),0.645,4.136,6.415,0.970,VALID,(-0.470, 0.089, 0.878),(0.032, 0.000, 0.000),0.632,4.030,6.373,0.896,0.3645795,0
177153,1000001137930997600,63875741928822,(0.032, 1.440, -0.021),(0.055, -0.024, 0.003, 0.998),VALID,(-0.341, 0.096, 0.935),(0.000, 0.000, 0.000),64.325,VALID,(-0.322, 0.113, 0.940),(-0.032, 0.000, 0.000),0.646,4.146,6.415,0.969,VALID,(-0.472, 0.090, 0.877),(0.032, 0.000, 0.000),0.632,4.030,6.373,0.895,0.3556759,0
177154,1000001137936036700,63875741928822,(0.032, 1.440, -0.021),(0.055, -0.024, 0.003, 0.998),VALID,(-0.331, 0.098, 0.939),(0.000, 0.000, 0.000),64.325,VALID,(-0.320, 0.112, 0.941),(-0.032, 0.000, 0.000),0.647,4.151,6.415,0.968,VALID,(-0.473, 0.092, 0.876),(0.032, 0.000, 0.000),0.632,4.030,6.373,0.894,0.3498731,0
177155,1000001137941035400,63875741928834,(0.032, 1.440, -0.021),(0.055, -0.024, 0.003, 0.998),VALID,(-0.324, 0.100, 0.941),(0.000, 0.000, 0.000),64.325,VALID,(-0.319, 0.112, 0.941),(-0.032, 0.000, 0.000),0.648,4.156,6.415,0.967,VALID,(-0.474, 0.093, 0.876),(0.032, 0.000, 0.000),0.632,4.031,6.373,0.894,0.3459994,0
177156,1000001137946042700,63875741928834,(0.032, 1.440, -0.021),(0.055, -0.024, 0.003, 0.998),VALID,(-0.319, 0.101, 0.942),(0.000, 0.000, 0.000),64.325,VALID,(-0.318, 0.111, 0.941),(-0.032, 0.000, 0.000),0.648,4.159,6.415,0.965,VALID,(-0.474, 0.094, 0.875),(0.032, 0.000, 0.000),0.632,4.031,6.373,0.893,0.343507,0
177157,1000001137951062600,63875741928845,(0.032, 1.440, -0.021),(0.055, -0.024, 0.004, 0.998),VALID,(-0.316, 0.102, 0.943),(0.000, 0.000, 0.000),64.325,VALID,(-0.318, 0.110, 0.942),(-0.032, 0.000, 0.000),0.648,4.159,6.415,0.964,VALID,(-0.475, 0.094, 0.875),(0.032, 0.000, 0.000),0.632,4.031,6.373,0.893,0.3419442,0
177158,1000001137956093000,63875741928845,(0.032, 1.440, -0.021),(0.055, -0.024, 0.004, 0.998),VALID,(-0.314, 0.102, 0.944),(0.000, 0.000, 0.000),64.325,VALID,(-0.317, 0.110, 0.942),(-0.032, 0.000, 0.000),0.648,4.159,6.415,0.963,VALID,(-0.475, 0.095, 0.875),(0.032, 0.000, 0.000),0.632,4.031,6.373,0.893,0.34084,0
177159,1000001137961092900,63875741928856,(0.032, 1.440, -0.021),(0.055, -0.024, 0.004, 0.998),VALID,(-0.313, 0.103, 0.944),(0.000, 0.000, 0.000),64.325,VALID,(-0.317, 0.109, 0.942),(-0.032, 0.000, 0.000),0.648,4.159,6.415,0.962,VALID,(-0.475, 0.095, 0.875),(0.032, 0.000, 0.000),0.632,4.030,6.373,0.893,0.340135,0
177160,1000001137966092800,63875741928856,(0.032, 1.440, -0.021),(0.055, -0.024, 0.004, 0.998),VALID,(-0.313, 0.103, 0.944),(0.000, 0.000, 0.000),64.325,VALID,(-0.317, 0.109, 0.942),(-0.032, 0.000, 0.000),0.648,4.159,6.415,0.962,VALID,(-0.475, 0.096, 0.875),(0.032, 0.000, 0.000),0.632,4.030,6.373,0.892,0.3393654,0
177161,1000001137971134600,63875741928856,(0.032, 1.440, -0.021),(0.055, -0.024, 0.004, 0.998),VALID,(-0.312, 0.104, 0.944),(0.000, 0.000, 0.000),64.325,VALID,(-0.317, 0.109, 0.942),(-0.032, 0.000, 0.000),0.649,4.164,6.415,0.961,VALID,(-0.475, 0.097, 0.874),(0.032, 0.000, 0.000),0.632,4.030,6.373,0.892,0.3386746,0
177162,1000001137976136900,63875741928867,(0.032, 1.440, -0.021),(0.055, -0.024, 0.004, 0.998),VALID,(-0.312, 0.105, 0.944),(0.000, 0.000, 0.000),64.325,VALID,(-0.316, 0.109, 0.942),(-0.032, 0.000, 0.000),0.650,4.170,6.415,0.960,VALID,(-0.475, 0.097, 0.874),(0.032, 0.000, 0.000),0.632,4.029,6.373,0.892,0.3379253,0
177163,1000001137981236400,63875741928867,(0.032, 1.440, -0.021),(0.055, -0.024, 0.004, 0.998),VALID,(-0.311, 0.106, 0.944),(0.000, 0.000, 0.000),64.325,VALID,(-0.316, 0.110, 0.943),(-0.032, 0.000, 0.000),0.650,4.173,6.415,0.960,VALID,(-0.475, 0.098, 0.874),(0.032, 0.000, 0.000),0.632,4.028,6.373,0.892,0.337222,0
177164,1000001137986238700,63875741928877,(0.032, 1.440, -0.021),(0.055, -0.024, 0.004, 0.998),VALID,(-0.311, 0.107, 0.944),(0.000, 0.000, 0.000),64.325,VALID,(-0.315, 0.110, 0.943),(-0.032, 0.000, 0.000),0.652,4.180,6.415,0.960,VALID,(-0.475, 0.099, 0.874),(0.032, 0.000, 0.000),0.632,4.027,6.373,0.892,0.3366112,0
177165,1000001137991241000,63875741928877,(0.032, 1.440, -0.021),(0.055, -0.024, 0.004, 0.998),VALID,(-0.311, 0.107, 0.944),(0.000, 0.000, 0.000),64.325,VALID,(-0.315, 0.110, 0.943),(-0.032, 0.000, 0.000),0.652,4.181,6.415,0.959,VALID,(-0.475, 0.099, 0.874),(0.032, 0.000, 0.000),0.632,4.026,6.373,0.892,0.3359996,0
177166,1000001137996171600,63875741928890,(0.032, 1.440, -0.021),(0.055, -0.024, 0.004, 0.998),VALID,(-0.311, 0.108, 0.944),(0.000, 0.000, 0.000),64.325,VALID,(-0.314, 0.110, 0.943),(-0.032, 0.000, 0.000),0.652,4.182,6.415,0.959,VALID,(-0.475, 0.100, 0.874),(0.032, 0.000, 0.000),0.632,4.025,6.373,0.892,0.3354238,0
177167,1000001138001188200,63875741928890,(0.032, 1.440, -0.021),(0.055, -0.024, 0.004, 0.998),VALID,(-0.311, 0.108, 0.944),(0.000, 0.000, 0.000),64.325,VALID,(-0.314, 0.110, 0.943),(-0.032, 0.000, 0.000),0.652,4.181,6.415,0.959,VALID,(-0.475, 0.100, 0.874),(0.032, 0.000, 0.000),0.631,4.024,6.373,0.892,0.3348656,0.6910292
177168,1000001138006190500,63875741928900,(0.032, 1.440, -0.021),(0.055, -0.024, 0.004, 0.998),VALID,(-0.311, 0.108, 0.944),(0.000, 0.000, 0.000),64.325,VALID,(-0.314, 0.110, 0.943),(-0.032, 0.000, 0.000),0.652,4.183,6.415,0.959,VALID,(-0.475, 0.100, 0.874),(0.032, 0.000, 0.000),0.631,4.023,6.373,0.892,0.3344058,0.728891
177169,1000001138011261700,63875741928900,(0.032, 1.440, -0.021),(0.055, -0.024, 0.004, 0.998),VALID,(-0.310, 0.109, 0.944),(0.000, 0.000, 0.000),64.325,VALID,(-0.313, 0.110, 0.943),(-0.032, 0.000, 0.000),0.653,4.188,6.415,0.959,VALID,(-0.475, 0.101, 0.874),(0.032, 0.000, 0.000),0.631,4.021,6.373,0.892,0.3338103,0.8319414
177170,1000001138016264000,63875741928912,(0.032, 1.440, -0.021),(0.055, -0.025, 0.004, 0.998),VALID,(-0.310, 0.109, 0.944),(0.000, 0.000, 0.000),64.325,VALID,(-0.313, 0.110, 0.943),(-0.032, 0.000, 0.000),0.653,4.191,6.415,0.959,VALID,(-0.475, 0.101, 0.874),(0.032, 0.000, 0.000),0.631,4.020,6.373,0.892,0.3333236,0.8639324
177171,1000001138021296800,63875741928912,(0.032, 1.440, -0.021),(0.055, -0.025, 0.004, 0.998),VALID,(-0.310, 0.109, 0.944),(0.000, 0.000, 0.000),64.325,VALID,(-0.312, 0.110, 0.944),(-0.032, 0.000, 0.000),0.654,4.193,6.415,0.959,VALID,(-0.475, 0.101, 0.874),(0.032, 0.000, 0.000),0.631,4.019,6.373,0.892,0.3328776,0.9159892
177172,1000001138026470300,63875741928912,(0.032, 1.440, -0.021),(0.055, -0.025, 0.004, 0.998),VALID,(-0.310, 0.109, 0.944),(0.000, 0.000, 0.000),64.325,VALID,(-0.312, 0.110, 0.944),(-0.032, 0.000, 0.000),0.654,4.194,6.415,0.959,VALID,(-0.474, 0.101, 0.874),(0.032, 0.000, 0.000),0.630,4.017,6.373,0.892,0.332689,0.9071987
177173,1000001138031396800,63875741928922,(0.032, 1.440, -0.021),(0.055, -0.024, 0.004, 0.998),VALID,(-0.310, 0.110, 0.944),(0.000, 0.000, 0.000),64.325,VALID,(-0.312, 0.110, 0.944),(-0.032, 0.000, 0.000),0.654,4.194,6.415,0.959,VALID,(-0.474, 0.101, 0.875),(0.032, 0.000, 0.000),0.630,4.016,6.373,0.892,0.3323983,0.9017617
177174,1000001138036289700,63875741928922,(0.032, 1.440, -0.021),(0.055, -0.024, 0.004, 0.998),VALID,(-0.310, 0.110, 0.944),(0.000, 0.000, 0.000),64.325,VALID,(-0.312, 0.110, 0.944),(-0.032, 0.000, 0.000),0.654,4.195,6.415,0.959,VALID,(-0.474, 0.102, 0.875),(0.032, 0.000, 0.000),0.630,4.014,6.373,0.892,0.3322573,0.8979018
177175,1000001138041314900,63875741928934,(0.032, 1.440, -0.021),(0.055, -0.025, 0.004, 0.998),VALID,(-0.310, 0.110, 0.944),(0.000, 0.000, 0.000),64.325,VALID,(-0.311, 0.110, 0.944),(-0.032, 0.000, 0.000),0.654,4.195,6.415,0.959,VALID,(-0.474, 0.102, 0.875),(0.032, 0.000, 0.000),0.630,4.013,6.373,0.892,0.3320746,0.8983527
177176,1000001138046327400,63875741928934,(0.032, 1.440, -0.021),(0.055, -0.025, 0.004, 0.998),VALID,(-0.310, 0.110, 0.944),(0.000, 0.000, 0.000),64.325,VALID,(-0.311, 0.111, 0.944),(-0.032, 0.000, 0.000),0.654,4.195,6.415,0.959,VALID,(-0.474, 0.102, 0.875),(0.032, 0.000, 0.000),0.629,4.011,6.373,0.892,0.3320774,0.9163461
177177,1000001138051337900,63875741928945,(0.032, 1.440, -0.021),(0.055, -0.025, 0.004, 0.998),VALID,(-0.310, 0.110, 0.944),(0.000, 0.000, 0.000),64.325,VALID,(-0.311, 0.111, 0.944),(-0.032, 0.000, 0.000),0.654,4.195,6.415,0.959,VALID,(-0.474, 0.102, 0.875),(0.032, 0.000, 0.000),0.629,4.010,6.373,0.893,0.3320555,0.9244524
177178,1000001138056355800,63875741928945,(0.032, 1.440, -0.021),(0.055, -0.025, 0.004, 0.998),VALID,(-0.310, 0.111, 0.944),(0.000, 0.000, 0.000),64.325,VALID,(-0.311, 0.111, 0.944),(-0.032, 0.000, 0.000),0.654,4.196,6.415,0.959,VALID,(-0.474, 0.103, 0.875),(0.032, 0.000, 0.000),0.629,4.008,6.373,0.893,0.3319438,0.9149158
177179,1000001138061367300,63875741928956,(0.032, 1.440, -0.021),(0.054, -0.024, 0.004, 0.998),VALID,(-0.310, 0.111, 0.944),(0.000, 0.000, 0.000),64.325,VALID,(-0.311, 0.111, 0.944),(-0.032, 0.000, 0.000),0.654,4.197,6.415,0.958,VALID,(-0.474, 0.103, 0.875),(0.032, 0.000, 0.000),0.629,4.007,6.373,0.893,0.3319181,0.91497
177180,1000001138066378800,63875741928956,(0.032, 1.440, -0.021),(0.054, -0.024, 0.004, 0.998),VALID,(-0.310, 0.111, 0.944),(0.000, 0.000, 0.000),64.325,VALID,(-0.311, 0.111, 0.944),(-0.032, 0.000, 0.000),0.654,4.197,6.415,0.958,VALID,(-0.474, 0.103, 0.875),(0.032, 0.000, 0.000),0.628,4.005,6.373,0.893,0.3320208,0.952346
177181,1000001138071389300,63875741928967,(0.032, 1.440, -0.021),(0.054, -0.024, 0.004, 0.998),VALID,(-0.310, 0.111, 0.944),(0.000, 0.000, 0.000),64.325,VALID,(-0.311, 0.111, 0.944),(-0.032, 0.000, 0.000),0.654,4.193,6.415,0.958,VALID,(-0.474, 0.103, 0.875),(0.032, 0.000, 0.000),0.628,4.004,6.373,0.893,0.3322585,0.940618
177182,1000001138076365000,63875741928967,(0.032, 1.440, -0.021),(0.054, -0.024, 0.004, 0.998),VALID,(-0.311, 0.111, 0.944),(0.000, 0.000, 0.000),64.325,VALID,(-0.311, 0.111, 0.944),(-0.032, 0.000, 0.000),0.653,4.190,6.415,0.958,VALID,(-0.473, 0.103, 0.875),(0.032, 0.000, 0.000),0.628,4.002,6.373,0.893,0.3325769,0.9465881
177183,1000001138081375500,63875741928967,(0.032, 1.440, -0.021),(0.054, -0.024, 0.004, 0.998),VALID,(-0.311, 0.112, 0.944),(0.000, 0.000, 0.000),64.325,VALID,(-0.311, 0.111, 0.944),(-0.032, 0.000, 0.000),0.653,4.188,6.415,0.958,VALID,(-0.473, 0.103, 0.875),(0.032, 0.000, 0.000),0.628,4.001,6.373,0.893,0.3328033,0.953833
177184,1000001138086414100,63875741928978,(0.032, 1.440, -0.021),(0.054, -0.024, 0.004, 0.998),VALID,(-0.311, 0.112, 0.944),(0.000, 0.000, 0.000),64.325,VALID,(-0.311, 0.111, 0.944),(-0.032, 0.000, 0.000),0.653,4.186,6.415,0.958,VALID,(-0.473, 0.103, 0.875),(0.032, 0.000, 0.000),0.628,3.999,6.373,0.893,0.3329809,0.968973
177185,1000001138091424600,63875741928978,(0.032, 1.440, -0.021),(0.054, -0.024, 0.004, 0.998),VALID,(-0.311, 0.112, 0.944),(0.000, 0.000, 0.000),64.325,VALID,(-0.311, 0.111, 0.944),(-0.032, 0.000, 0.000),0.653,4.187,6.415,0.958,VALID,(-0.473, 0.104, 0.875),(0.032, 0.000, 0.000),0.627,3.998,6.373,0.893,0.3330274,0.956991
177186,1000001138096435300,63875741928989,(0.032, 1.440, -0.021),(0.054, -0.024, 0.003, 0.998),VALID,(-0.311, 0.112, 0.944),(0.000, 0.000, 0.000),64.325,VALID,(-0.311, 0.111, 0.944),(-0.032, 0.000, 0.000),0.653,4.186,6.415,0.958,VALID,(-0.473, 0.104, 0.875),(0.032, 0.000, 0.000),0.627,3.996,6.373,0.893,0.3331368,0.9703346
177187,1000001138101454700,63875741928989,(0.032, 1.440, -0.021),(0.054, -0.024, 0.003, 0.998),VALID,(-0.311, 0.112, 0.944),(0.000, 0.000, 0.000),64.325,VALID,(-0.311, 0.111, 0.944),(-0.032, 0.000, 0.000),0.653,4.186,6.415,0.958,VALID,(-0.473, 0.104, 0.875),(0.032, 0.000, 0.000),0.627,3.995,6.373,0.893,0.333202,0.971139
177188,1000001138106465400,63875741929000,(0.032, 1.440, -0.021),(0.054, -0.024, 0.003, 0.998),VALID,(-0.311, 0.112, 0.944),(0.000, 0.000, 0.000),64.325,VALID,(-0.311, 0.111, 0.944),(-0.032, 0.000, 0.000),0.653,4.186,6.415,0.959,VALID,(-0.473, 0.104, 0.875),(0.032, 0.000, 0.000),0.627,3.993,6.373,0.894,0.3332697,1
177189,1000001138111476100,63875741929000,(0.032, 1.440, -0.021),(0.054, -0.024, 0.003, 0.998),VALID,(-0.311, 0.112, 0.944),(0.000, 0.000, 0.000),64.325,VALID,(-0.311, 0.112, 0.944),(-0.032, 0.000, 0.000),0.652,4.186,6.415,0.958,VALID,(-0.473, 0.104, 0.875),(0.032, 0.000, 0.000),0.626,3.992,6.373,0.894,0.3332829,1
177190,1000001138116486800,63875741929012,(0.033, 1.440, -0.021),(0.054, -0.024, 0.003, 0.998),VALID,(-0.311, 0.112, 0.944),(0.000, 0.000, 0.000),64.325,VALID,(-0.311, 0.112, 0.944),(-0.032, 0.000, 0.000),0.652,4.185,6.415,0.958,VALID,(-0.473, 0.104, 0.875),(0.032, 0.000, 0.000),0.626,3.991,6.373,0.894,0.3332762,0.9995279
177191,1000001138121511200,63875741929012,(0.033, 1.440, -0.021),(0.054, -0.024, 0.003, 0.998),VALID,(-0.311, 0.112, 0.944),(0.000, 0.000, 0.000),64.325,VALID,(-0.311, 0.112, 0.944),(-0.032, 0.000, 0.000),0.652,4.182,6.415,0.958,VALID,(-0.473, 0.104, 0.875),(0.032, 0.000, 0.000),0.626,3.989,6.373,0.894,0.3333353,1
177192,1000001138126521900,63875741929012,(0.033, 1.440, -0.021),(0.054, -0.024, 0.003, 0.998),VALID,(-0.311, 0.112, 0.944),(0.000, 0.000, 0.000),64.325,VALID,(-0.310, 0.112, 0.944),(-0.032, 0.000, 0.000),0.653,4.186,6.415,0.959,VALID,(-0.473, 0.104, 0.875),(0.032, 0.000, 0.000),0.626,3.988,6.373,0.894,0.3331699,0.9805899
177193,1000001138131533400,63875741929022,(0.033, 1.440, -0.021),(0.054, -0.024, 0.003, 0.998),VALID,(-0.310, 0.112, 0.944),(0.000, 0.000, 0.000),64.325,VALID,(-0.310, 0.112, 0.944),(-0.032, 0.000, 0.000),0.653,4.186,6.415,0.958,VALID,(-0.473, 0.104, 0.875),(0.032, 0.000, 0.000),0.626,3.987,6.373,0.894,0.3331034,0.9723181
177194,1000001138136544900,63875741929022,(0.033, 1.440, -0.021),(0.054, -0.024, 0.003, 0.998),VALID,(-0.310, 0.112, 0.944),(0.000, 0.000, 0.000),64.325,VALID,(-0.310, 0.112, 0.944),(-0.032, 0.000, 0.000),0.652,4.186,6.415,0.958,VALID,(-0.472, 0.104, 0.875),(0.032, 0.000, 0.000),0.625,3.986,6.373,0.894,0.3330426,0.9772861
177195,1000001138141552500,63875741929034,(0.033, 1.440, -0.021),(0.054, -0.024, 0.003, 0.998),VALID,(-0.310, 0.112, 0.944),(0.000, 0.000, 0.000),64.325,VALID,(-0.310, 0.112, 0.944),(-0.032, 0.000, 0.000),0.652,4.185,6.415,0.958,VALID,(-0.472, 0.104, 0.875),(0.032, 0.000, 0.000),0.625,3.985,6.373,0.894,0.3330745,0.9719629
177196,1000001138146561700,63875741929034,(0.033, 1.440, -0.021),(0.054, -0.024, 0.003, 0.998),VALID,(-0.310, 0.112, 0.944),(0.000, 0.000, 0.000),64.325,VALID,(-0.310, 0.112, 0.944),(-0.032, 0.000, 0.000),0.652,4.183,6.415,0.958,VALID,(-0.472, 0.104, 0.875),(0.032, 0.000, 0.000),0.625,3.985,6.373,0.894,0.3329871,0.9565909
177197,1000001138151573200,63875741929045,(0.033, 1.440, -0.021),(0.054, -0.024, 0.003, 0.998),VALID,(-0.310, 0.112, 0.944),(0.000, 0.000, 0.000),64.325,VALID,(-0.310, 0.111, 0.944),(-0.032, 0.000, 0.000),0.652,4.180,6.415,0.958,VALID,(-0.472, 0.104, 0.875),(0.032, 0.000, 0.000),0.625,3.984,6.373,0.894,0.333039,0.9547615
177198,1000001138156590200,63875741929045,(0.033, 1.440, -0.021),(0.054, -0.024, 0.003, 0.998),VALID,(-0.310, 0.112, 0.944),(0.000, 0.000, 0.000),64.325,VALID,(-0.310, 0.111, 0.944),(-0.032, 0.000, 0.000),0.651,4.174,6.415,0.958,VALID,(-0.472, 0.103, 0.876),(0.032, 0.000, 0.000),0.625,3.983,6.373,0.894,0.3332372,0.9311274
177199,1000001138161601700,63875741929057,(0.033, 1.440, -0.021),(0.055, -0.023, 0.003, 0.998),VALID,(-0.310, 0.111, 0.944),(0.000, 0.000, 0.000),64.325,VALID,(-0.310, 0.111, 0.944),(-0.032, 0.000, 0.000),0.651,4.174,6.415,0.958,VALID,(-0.472, 0.103, 0.876),(0.032, 0.000, 0.000),0.625,3.982,6.373,0.894,0.3334393,0.925116
177200,1000001138166620200,63875741929057,(0.033, 1.440, -0.021),(0.055, -0.023, 0.003, 0.998),VALID,(-0.310, 0.111, 0.944),(0.000, 0.000, 0.000),64.325,VALID,(-0.309, 0.111, 0.944),(-0.032, 0.000, 0.000),0.651,4.174,6.415,0.958,VALID,(-0.472, 0.103, 0.876),(0.032, 0.000, 0.000),0.625,3.982,6.373,0.894,0.3333171,0.9084888
177201,1000001138171630900,63875741929057,(0.033, 1.440, -0.021),(0.055, -0.023, 0.003, 0.998),VALID,(-0.309, 0.111, 0.944),(0.000, 0.000, 0.000),64.325,VALID,(-0.309, 0.111, 0.945),(-0.032, 0.000, 0.000),0.651,4.174,6.415,0.958,VALID,(-0.471, 0.103, 0.876),(0.032, 0.000, 0.000),0.625,3.981,6.373,0.895,0.3331557,0.9055613
177202,1000001138176650800,63875741929068,(0.033, 1.440, -0.021),(0.055, -0.023, 0.003, 0.998),VALID,(-0.309, 0.111, 0.944),(0.000, 0.000, 0.000),64.325,VALID,(-0.309, 0.111, 0.945),(-0.032, 0.000, 0.000),0.651,4.175,6.415,0.958,VALID,(-0.471, 0.103, 0.876),(0.032, 0.000, 0.000),0.625,3.981,6.373,0.895,0.3330146,0.9071683
177203,1000001138181661500,63875741929068,(0.033, 1.440, -0.021),(0.055, -0.023, 0.003, 0.998),VALID,(-0.309, 0.111, 0.944),(0.000, 0.000, 0.000),64.325,VALID,(-0.309, 0.111, 0.945),(-0.032, 0.000, 0.000),0.651,4.175,6.415,0.958,VALID,(-0.471, 0.103, 0.876),(0.032, 0.000, 0.000),0.625,3.980,6.373,0.895,0.3330717,0.8118601
177204,1000001138186654400,63875741929078,(0.033, 1.440, -0.021),(0.055, -0.023, 0.003, 0.998),VALID,(-0.310, 0.110, 0.944),(0.000, 0.000, 0.000),64.325,VALID,(-0.310, 0.110, 0.944),(-0.032, 0.000, 0.000),0.651,4.175,6.415,0.958,VALID,(-0.472, 0.102, 0.876),(0.032, 0.000, 0.000),0.624,3.976,6.373,0.895,0.3332271,0.6614169
177205,1000001138191665100,63875741929078,(0.033, 1.440, -0.021),(0.055, -0.023, 0.003, 0.998),VALID,(-0.318, 0.110, 0.942),(0.000, 0.000, 0.000),64.325,VALID,(-0.317, 0.109, 0.942),(-0.032, 0.000, 0.000),0.649,4.162,6.415,0.958,VALID,(-0.472, 0.102, 0.876),(0.032, 0.000, 0.000),0.624,3.977,6.373,0.894,0.3485438,0
177206,1000001138196682900,63875741929090,(0.033, 1.440, -0.021),(0.055, -0.023, 0.003, 0.998),VALID,(-0.317, 0.110, 0.942),(0.000, 0.000, 0.000),64.325,VALID,(-0.316, 0.110, 0.942),(-0.032, 0.000, 0.000),0.646,4.146,6.415,0.960,VALID,(-0.471, 0.102, 0.876),(0.032, 0.000, 0.000),0.624,3.978,6.373,0.894,0.3494596,0
177207,1000001138201700700,63875741929090,(0.033, 1.440, -0.021),(0.055, -0.023, 0.003, 0.998),VALID,(-0.345, 0.105, 0.933),(0.000, 0.000, 0.000),64.325,VALID,(-0.318, 0.111, 0.942),(-0.032, 0.000, 0.000),0.610,3.913,6.415,0.963,VALID,(-0.467, 0.099, 0.879),(0.032, 0.000, 0.000),0.624,3.974,6.373,0.893,0.3613061,0
177208,1000001138206718500,63875741929101,(0.033, 1.440, -0.021),(0.055, -0.023, 0.003, 0.998),VALID,(-0.340, 0.106, 0.934),(0.000, 0.000, 0.000),64.325,VALID,(-0.316, 0.112, 0.942),(-0.032, 0.000, 0.000),0.598,3.836,6.415,0.966,VALID,(-0.458, 0.101, 0.883),(0.032, 0.000, 0.000),0.622,3.965,6.373,0.893,0.3806632,0
177209,1000001138211736300,63875741929101,(0.033, 1.440, -0.021),(0.055, -0.023, 0.003, 0.998),VALID,(-0.340, 0.107, 0.934),(0.000, 0.000, 0.000),64.325,VALID,(-0.314, 0.114, 0.943),(-0.032, 0.000, 0.000),0.594,3.812,6.415,0.968,VALID,(-0.447, 0.102, 0.889),(0.032, 0.000, 0.000),0.621,3.959,6.373,0.892,0.4110347,0
177210,1000001138216735100,63875741929112,(0.033, 1.440, -0.021),(0.055, -0.023, 0.003, 0.998),VALID,(-0.341, 0.110, 0.934),(0.000, 0.000, 0.000),64.325,VALID,(-0.307, 0.118, 0.944),(-0.032, 0.000, 0.000),0.592,3.795,6.415,0.969,VALID,(-0.435, 0.105, 0.895),(0.032, 0.000, 0.000),0.621,3.959,6.373,0.891,0.4314655,0
177211,1000001138221755800,63875741929112,(0.033, 1.440, -0.021),(0.055, -0.023, 0.003, 0.998),VALID,(-0.335, 0.117, 0.935),(0.000, 0.000, 0.000),64.325,VALID,(-0.278, 0.127, 0.952),(-0.032, 0.000, 0.000),0.591,3.789,6.415,0.971,VALID,(-0.423, 0.113, 0.899),(0.032, 0.000, 0.000),0.622,3.965,6.373,0.890,0.3848094,0
177212,1000001138226773600,63875741929123,(0.033, 1.440, -0.021),(0.055, -0.023, 0.003, 0.998),VALID,(-0.335, 0.123, 0.934),(0.000, 0.000, 0.000),64.325,VALID,(-0.266, 0.133, 0.955),(-0.032, 0.000, 0.000),0.624,4.001,6.415,0.973,VALID,(-0.414, 0.119, 0.902),(0.032, 0.000, 0.000),0.623,3.972,6.373,0.890,0.3808786,0
177213,1000001138231741500,63875741929123,(0.033, 1.440, -0.021),(0.055, -0.023, 0.003, 0.998),VALID,(-0.336, 0.129, 0.933),(0.000, 0.000, 0.000),64.325,VALID,(-0.256, 0.138, 0.957),(-0.032, 0.000, 0.000),0.627,4.025,6.415,0.975,VALID,(-0.407, 0.125, 0.905),(0.032, 0.000, 0.000),0.624,3.976,6.373,0.889,0.3763518,0
177214,1000001138236763300,63875741929123,(0.033, 1.440, -0.021),(0.055, -0.023, 0.003, 0.998),VALID,(-0.338, 0.135, 0.932),(0.000, 0.000, 0.000),64.325,VALID,(-0.249, 0.143, 0.958),(-0.032, 0.000, 0.000),0.628,4.027,6.415,0.977,VALID,(-0.402, 0.131, 0.906),(0.032, 0.000, 0.000),0.624,3.977,6.373,0.889,0.3721088,0
177215,1000001138241781800,63875741929134,(0.033, 1.440, -0.021),(0.055, -0.023, 0.003, 0.998),VALID,(-0.339, 0.140, 0.930),(0.000, 0.000, 0.000),64.325,VALID,(-0.244, 0.148, 0.958),(-0.032, 0.000, 0.000),0.628,4.028,6.415,0.978,VALID,(-0.399, 0.136, 0.907),(0.032, 0.000, 0.000),0.624,3.978,6.373,0.889,0.3696493,0
177216,1000001138246799000,63875741929134,(0.033, 1.440, -0.021),(0.055, -0.023, 0.003, 0.998),VALID,(-0.340, 0.144, 0.930),(0.000, 0.000, 0.000),64.325,VALID,(-0.241, 0.151, 0.959),(-0.032, 0.000, 0.000),0.627,4.022,6.415,0.979,VALID,(-0.397, 0.140, 0.907),(0.032, 0.000, 0.000),0.624,3.978,6.373,0.889,0.3687793,0
177217,1000001138251817500,63875741929145,(0.032, 1.440, -0.021),(0.055, -0.023, 0.003, 0.998),VALID,(-0.341, 0.147, 0.929),(0.000, 0.000, 0.000),64.325,VALID,(-0.239, 0.154, 0.959),(-0.032, 0.000, 0.000),0.626,4.013,6.415,0.980,VALID,(-0.395, 0.143, 0.907),(0.032, 0.000, 0.000),0.624,3.978,6.373,0.889,0.368925,0
177218,1000001138256835300,63875741929145,(0.032, 1.440, -0.021),(0.055, -0.023, 0.003, 0.998),VALID,(-0.342, 0.149, 0.928),(0.000, 0.000, 0.000),64.325,VALID,(-0.238, 0.156, 0.959),(-0.032, 0.000, 0.000),0.624,4.006,6.415,0.982,VALID,(-0.394, 0.146, 0.908),(0.032, 0.000, 0.000),0.624,3.978,6.373,0.889,0.3698919,0
177219,1000001138261857000,63875741929156,(0.032, 1.440, -0.021),(0.055, -0.023, 0.003, 0.998),VALID,(-0.343, 0.151, 0.927),(0.000, 0.000, 0.000),64.325,VALID,(-0.238, 0.158, 0.958),(-0.032, 0.000, 0.000),0.624,4.006,6.415,0.983,VALID,(-0.393, 0.148, 0.908),(0.032, 0.000, 0.000),0.624,3.978,6.373,0.889,0.3714309,0
177220,1000001138266883800,63875741929156,(0.032, 1.440, -0.021),(0.055, -0.023, 0.003, 0.998),VALID,(-0.344, 0.153, 0.926),(0.000, 0.000, 0.000),64.325,VALID,(-0.237, 0.159, 0.958),(-0.032, 0.000, 0.000),0.624,4.006,6.415,0.983,VALID,(-0.392, 0.150, 0.908),(0.032, 0.000, 0.000),0.624,3.978,6.373,0.889,0.3728902,0
177221,1000001138271904500,63875741929166,(0.032, 1.440, -0.021),(0.054, -0.023, 0.003, 0.998),VALID,(-0.345, 0.154, 0.926),(0.000, 0.000, 0.000),64.325,VALID,(-0.238, 0.161, 0.958),(-0.032, 0.000, 0.000),0.624,4.004,6.415,0.984,VALID,(-0.391, 0.151, 0.908),(0.032, 0.000, 0.000),0.624,3.978,6.373,0.889,0.3750662,0
177222,1000001138276925200,63875741929167,(0.032, 1.440, -0.021),(0.054, -0.023, 0.003, 0.998),VALID,(-0.345, 0.155, 0.926),(0.000, 0.000, 0.000),64.325,VALID,(-0.239, 0.161, 0.958),(-0.032, 0.000, 0.000),0.624,4.001,6.415,0.985,VALID,(-0.391, 0.152, 0.908),(0.032, 0.000, 0.000),0.624,3.978,6.373,0.889,0.3780331,0
177223,1000001138281943000,63875741929167,(0.032, 1.440, -0.021),(0.054, -0.023, 0.003, 0.998),VALID,(-0.346, 0.156, 0.925),(0.000, 0.000, 0.000),64.325,VALID,(-0.240, 0.162, 0.957),(-0.032, 0.000, 0.000),0.623,3.998,6.415,0.985,VALID,(-0.391, 0.153, 0.908),(0.032, 0.000, 0.000),0.624,3.978,6.373,0.889,0.3813243,0
177224,1000001138286948400,63875741929178,(0.032, 1.440, -0.021),(0.054, -0.023, 0.003, 0.998),VALID,(-0.346, 0.156, 0.925),(0.000, 0.000, 0.000),64.325,VALID,(-0.241, 0.162, 0.957),(-0.032, 0.000, 0.000),0.623,3.996,6.415,0.986,VALID,(-0.390, 0.153, 0.908),(0.032, 0.000, 0.000),0.624,3.978,6.373,0.890,0.3845853,0
177225,1000001138291922700,63875741929178,(0.032, 1.440, -0.021),(0.054, -0.023, 0.003, 0.998),VALID,(-0.347, 0.157, 0.925),(0.000, 0.000, 0.000),64.325,VALID,(-0.241, 0.162, 0.957),(-0.032, 0.000, 0.000),0.624,4.002,6.415,0.987,VALID,(-0.390, 0.154, 0.908),(0.032, 0.000, 0.000),0.624,3.978,6.373,0.890,0.3849302,0
177226,1000001138296897500,63875741929189,(0.032, 1.440, -0.021),(0.054, -0.023, 0.003, 0.998),VALID,(-0.348, 0.157, 0.924),(0.000, 0.000, 0.000),64.325,VALID,(-0.241, 0.163, 0.957),(-0.032, 0.000, 0.000),0.624,4.005,6.415,0.988,VALID,(-0.390, 0.154, 0.908),(0.032, 0.000, 0.000),0.624,3.978,6.373,0.890,0.3857265,0
177227,1000001138301917200,63875741929189,(0.032, 1.440, -0.021),(0.054, -0.023, 0.003, 0.998),VALID,(-0.348, 0.157, 0.924),(0.000, 0.000, 0.000),64.325,VALID,(-0.241, 0.163, 0.957),(-0.032, 0.000, 0.000),0.625,4.008,6.415,0.988,VALID,(-0.390, 0.154, 0.908),(0.032, 0.000, 0.000),0.624,3.978,6.373,0.891,0.3867125,0
177228,1000001138306947500,63875741929200,(0.032, 1.440, -0.021),(0.054, -0.023, 0.003, 0.998),VALID,(-0.349, 0.157, 0.924),(0.000, 0.000, 0.000),64.325,VALID,(-0.242, 0.163, 0.956),(-0.032, 0.000, 0.000),0.625,4.009,6.415,0.989,VALID,(-0.390, 0.155, 0.908),(0.032, 0.000, 0.000),0.624,3.978,6.373,0.891,0.3878447,0
177229,1000001138311967200,63875741929200,(0.032, 1.440, -0.021),(0.054, -0.023, 0.003, 0.998),VALID,(-0.349, 0.158, 0.924),(0.000, 0.000, 0.000),64.325,VALID,(-0.242, 0.163, 0.956),(-0.032, 0.000, 0.000),0.625,4.009,6.415,0.989,VALID,(-0.390, 0.155, 0.908),(0.032, 0.000, 0.000),0.624,3.978,6.373,0.891,0.3890983,0
177230,1000001138316987900,63875741929211,(0.032, 1.440, -0.021),(0.054, -0.023, 0.003, 0.998),VALID,(-0.349, 0.158, 0.924),(0.000, 0.000, 0.000),64.325,VALID,(-0.243, 0.164, 0.956),(-0.032, 0.000, 0.000),0.625,4.009,6.415,0.990,VALID,(-0.390, 0.155, 0.907),(0.032, 0.000, 0.000),0.624,3.978,6.373,0.891,0.3907601,0
177231,1000001138322019100,63875741929211,(0.032, 1.440, -0.021),(0.054, -0.023, 0.003, 0.998),VALID,(-0.349, 0.158, 0.924),(0.000, 0.000, 0.000),64.325,VALID,(-0.244, 0.164, 0.956),(-0.032, 0.000, 0.000),0.625,4.009,6.415,0.990,VALID,(-0.390, 0.155, 0.907),(0.032, 0.000, 0.000),0.624,3.979,6.373,0.892,0.392436,0.6776515
177232,1000001138327039800,63875741929211,(0.032, 1.440, -0.021),(0.054, -0.023, 0.003, 0.998),VALID,(-0.350, 0.158, 0.923),(0.000, 0.000, 0.000),64.325,VALID,(-0.245, 0.164, 0.956),(-0.032, 0.000, 0.000),0.625,4.008,6.415,0.991,VALID,(-0.391, 0.155, 0.907),(0.032, 0.000, 0.000),0.624,3.979,6.373,0.892,0.3937703,0.722482
177233,1000001138332010200,63875741929224,(0.032, 1.440, -0.021),(0.054, -0.023, 0.003, 0.998),VALID,(-0.350, 0.158, 0.923),(0.000, 0.000, 0.000),64.325,VALID,(-0.245, 0.164, 0.956),(-0.032, 0.000, 0.000),0.625,4.008,6.415,0.991,VALID,(-0.391, 0.156, 0.907),(0.032, 0.000, 0.000),0.624,3.979,6.373,0.893,0.3949375,0.745979
177234,1000001138337030900,63875741929224,(0.032, 1.440, -0.021),(0.054, -0.023, 0.003, 0.998),VALID,(-0.350, 0.158, 0.923),(0.000, 0.000, 0.000),64.325,VALID,(-0.246, 0.164, 0.955),(-0.032, 0.000, 0.000),0.625,4.008,6.415,0.992,VALID,(-0.391, 0.156, 0.907),(0.032, 0.000, 0.000),0.625,3.980,6.373,0.893,0.3959,0.7530207
177235,1000001138342052700,63875741929235,(0.032, 1.440, -0.021),(0.054, -0.023, 0.003, 0.998),VALID,(-0.350, 0.158, 0.923),(0.000, 0.000, 0.000),64.325,VALID,(-0.246, 0.164, 0.955),(-0.032, 0.000, 0.000),0.625,4.008,6.415,0.992,VALID,(-0.391, 0.156, 0.907),(0.032, 0.000, 0.000),0.625,3.981,6.373,0.894,0.3966327,0.7552308
177236,1000001138347069500,63875741929235,(0.032, 1.440, -0.021),(0.054, -0.023, 0.003, 0.998),VALID,(-0.350, 0.159, 0.923),(0.000, 0.000, 0.000),64.325,VALID,(-0.247, 0.164, 0.955),(-0.032, 0.000, 0.000),0.625,4.008,6.415,0.992,VALID,(-0.391, 0.156, 0.907),(0.032, 0.000, 0.000),0.625,3.981,6.373,0.894,0.3977241,0.7901577
177237,1000001138352091300,63875741929245,(0.032, 1.440, -0.021),(0.054, -0.023, 0.003, 0.998),VALID,(-0.356, 0.157, 0.921),(0.000, 0.000, 0.000),64.325,VALID,(-0.253, 0.166, 0.953),(-0.032, 0.000, 0.000),0.601,3.853,6.415,0.993,VALID,(-0.391, 0.154, 0.907),(0.032, 0.000, 0.000),0.625,3.982,6.373,0.895,0.4146558,0.1288071
177238,1000001138357111000,63875741929245,(0.032, 1.440, -0.021),(0.054, -0.023, 0.003, 0.998),VALID,(-0.356, 0.157, 0.921),(0.000, 0.000, 0.000),64.325,VALID,(-0.254, 0.166, 0.953),(-0.032, 0.000, 0.000),0.597,3.831,6.415,0.993,VALID,(-0.391, 0.155, 0.907),(0.032, 0.000, 0.000),0.625,3.983,6.373,0.895,0.4163982,0
177239,1000001138362091600,63875741929256,(0.032, 1.440, -0.021),(0.054, -0.023, 0.003, 0.998),VALID,(-0.355, 0.157, 0.922),(0.000, 0.000, 0.000),64.325,VALID,(-0.254, 0.166, 0.953),(-0.032, 0.000, 0.000),0.596,3.826,6.415,0.994,VALID,(-0.391, 0.155, 0.907),(0.032, 0.000, 0.000),0.625,3.984,6.373,0.896,0.4181868,0
177240,1000001138367106800,63875741929256,(0.032, 1.440, -0.021),(0.054, -0.023, 0.003, 0.998),VALID,(-0.361, 0.156, 0.919),(0.000, 0.000, 0.000),64.325,VALID,(-0.263, 0.168, 0.950),(-0.032, 0.000, 0.000),0.596,3.824,6.415,0.994,VALID,(-0.392, 0.154, 0.907),(0.032, 0.000, 0.000),0.625,3.985,6.373,0.896,0.4424355,0
177241,1000001138372126500,63875741929268,(0.032, 1.440, -0.021),(0.054, -0.023, 0.003, 0.998),VALID,(-0.360, 0.156, 0.920),(0.000, 0.000, 0.000),64.325,VALID,(-0.262, 0.167, 0.950),(-0.032, 0.000, 0.000),0.596,3.824,6.415,0.994,VALID,(-0.392, 0.154, 0.907),(0.032, 0.000, 0.000),0.626,3.987,6.373,0.897,0.4409308,0
177242,1000001138377170000,63875741929268,(0.032, 1.440, -0.021),(0.054, -0.023, 0.003, 0.998),VALID,(-0.359, 0.156, 0.920),(0.000, 0.000, 0.000),64.325,VALID,(-0.262, 0.167, 0.951),(-0.032, 0.000, 0.000),0.596,3.827,6.415,0.994,VALID,(-0.392, 0.154, 0.907),(0.032, 0.000, 0.000),0.626,3.988,6.373,0.897,0.4393377,0
177243,1000001138382189700,63875741929268,(0.032, 1.440, -0.021),(0.054, -0.023, 0.003, 0.998),VALID,(-0.365, 0.155, 0.918),(0.000, 0.000, 0.000),64.325,VALID,(-0.269, 0.169, 0.948),(-0.032, 0.000, 0.000),0.597,3.828,6.415,0.995,VALID,(-0.392, 0.154, 0.907),(0.032, 0.000, 0.000),0.626,3.989,6.373,0.898,0.4637827,0
177244,1000001138387169700,63875741929278,(0.032, 1.440, -0.021),(0.054, -0.023, 0.003, 0.998),VALID,(-0.363, 0.156, 0.919),(0.000, 0.000, 0.000),64.325,VALID,(-0.268, 0.168, 0.949),(-0.032, 0.000, 0.000),0.597,3.829,6.415,0.995,VALID,(-0.392, 0.154, 0.907),(0.032, 0.000, 0.000),0.626,3.990,6.373,0.898,0.4593742,0
177245,1000001138392184900,63875741929278,(0.032, 1.440, -0.021),(0.054, -0.023, 0.003, 0.998),VALID,(-0.362, 0.156, 0.919),(0.000, 0.000, 0.000),64.325,VALID,(-0.267, 0.168, 0.949),(-0.032, 0.000, 0.000),0.597,3.829,6.415,0.995,VALID,(-0.392, 0.154, 0.907),(0.032, 0.000, 0.000),0.626,3.991,6.373,0.898,0.4558454,0
177246,1000001138397207800,63875741929290,(0.032, 1.440, -0.021),(0.054, -0.023, 0.003, 0.998),VALID,(-0.361, 0.156, 0.920),(0.000, 0.000, 0.000),64.325,VALID,(-0.267, 0.168, 0.949),(-0.032, 0.000, 0.000),0.597,3.830,6.415,0.995,VALID,(-0.392, 0.154, 0.907),(0.032, 0.000, 0.000),0.627,3.993,6.373,0.898,0.4531375,0
177247,1000001138402223000,63875741929290,(0.032, 1.440, -0.021),(0.054, -0.023, 0.003, 0.998),VALID,(-0.360, 0.156, 0.920),(0.000, 0.000, 0.000),64.325,VALID,(-0.266, 0.168, 0.949),(-0.032, 0.000, 0.000),0.597,3.830,6.415,0.996,VALID,(-0.392, 0.154, 0.907),(0.032, 0.000, 0.000),0.627,3.994,6.373,0.899,0.4509026,0
177248,1000001138407242700,63875741929300,(0.032, 1.440, -0.021),(0.054, -0.023, 0.003, 0.998),VALID,(-0.359, 0.157, 0.920),(0.000, 0.000, 0.000),64.325,VALID,(-0.265, 0.167, 0.949),(-0.032, 0.000, 0.000),0.622,3.990,6.415,0.996,VALID,(-0.392, 0.154, 0.907),(0.032, 0.000, 0.000),0.627,3.996,6.373,0.899,0.4489214,0
177249,1000001138412262400,63875741929300,(0.032, 1.440, -0.021),(0.054, -0.023, 0.003, 0.998),VALID,(-0.358, 0.157, 0.920),(0.000, 0.000, 0.000),64.325,VALID,(-0.265, 0.167, 0.950),(-0.032, 0.000, 0.000),0.626,4.013,6.415,0.996,VALID,(-0.392, 0.155, 0.907),(0.032, 0.000, 0.000),0.627,3.997,6.373,0.899,0.4470882,0
177250,1000001138417284900,63875741929311,(0.032, 1.440, -0.021),(0.054, -0.023, 0.004, 0.998),VALID,(-0.358, 0.157, 0.920),(0.000, 0.000, 0.000),64.325,VALID,(-0.265, 0.167, 0.950),(-0.032, 0.000, 0.000),0.626,4.018,6.415,0.996,VALID,(-0.393, 0.155, 0.907),(0.032, 0.000, 0.000),0.627,3.999,6.373,0.899,0.4459196,0
177251,1000001138422299800,63875741929311,(0.032, 1.440, -0.021),(0.054, -0.023, 0.004, 0.998),VALID,(-0.357, 0.157, 0.921),(0.000, 0.000, 0.000),64.325,VALID,(-0.264, 0.167, 0.950),(-0.032, 0.000, 0.000),0.627,4.019,6.415,0.996,VALID,(-0.393, 0.155, 0.907),(0.032, 0.000, 0.000),0.628,4.000,6.373,0.899,0.444343,0
177252,1000001138427237700,63875741929322,(0.032, 1.440, -0.021),(0.054, -0.024, 0.004, 0.998),VALID,(-0.357, 0.158, 0.921),(0.000, 0.000, 0.000),64.325,VALID,(-0.264, 0.167, 0.950),(-0.032, 0.000, 0.000),0.627,4.020,6.415,0.996,VALID,(-0.393, 0.155, 0.906),(0.032, 0.000, 0.000),0.628,4.002,6.373,0.899,0.4428553,0
177253,1000001138432252900,63875741929322,(0.032, 1.440, -0.021),(0.054, -0.024, 0.004, 0.998),VALID,(-0.355, 0.158, 0.921),(0.000, 0.000, 0.000),64.325,VALID,(-0.264, 0.167, 0.950),(-0.032, 0.000, 0.000),0.627,4.020,6.415,0.997,VALID,(-0.393, 0.155, 0.906),(0.032, 0.000, 0.000),0.628,4.004,6.373,0.899,0.4412149,0
177254,1000001138437278800,63875741929323,(0.032, 1.440, -0.021),(0.054, -0.024, 0.004, 0.998),VALID,(-0.353, 0.158, 0.922),(0.000, 0.000, 0.000),64.325,VALID,(-0.263, 0.167, 0.950),(-0.032, 0.000, 0.000),0.627,4.020,6.415,0.997,VALID,(-0.393, 0.155, 0.906),(0.032, 0.000, 0.000),0.629,4.005,6.373,0.898,0.4393861,0
177255,1000001138442294000,63875741929334,(0.032, 1.440, -0.021),(0.055, -0.024, 0.004, 0.998),VALID,(-0.351, 0.158, 0.923),(0.000, 0.000, 0.000),64.325,VALID,(-0.263, 0.167, 0.950),(-0.032, 0.000, 0.000),0.627,4.020,6.415,0.996,VALID,(-0.393, 0.155, 0.906),(0.032, 0.000, 0.000),0.629,4.007,6.373,0.898,0.4373417,0
177256,1000001138447309200,63875741929334,(0.032, 1.440, -0.021),(0.055, -0.024, 0.004, 0.998),VALID,(-0.349, 0.158, 0.924),(0.000, 0.000, 0.000),64.325,VALID,(-0.261, 0.166, 0.951),(-0.032, 0.000, 0.000),0.625,4.007,6.415,0.995,VALID,(-0.394, 0.155, 0.906),(0.032, 0.000, 0.000),0.629,4.011,6.373,0.896,0.4312523,0
177257,1000001138452335100,63875741929345,(0.032, 1.439, -0.021),(0.055, -0.024, 0.004, 0.998),VALID,(-0.348, 0.157, 0.924),(0.000, 0.000, 0.000),64.325,VALID,(-0.256, 0.165, 0.952),(-0.032, 0.000, 0.000),0.614,3.940,6.415,0.995,VALID,(-0.394, 0.154, 0.906),(0.032, 0.000, 0.000),0.631,4.021,6.373,0.893,0.4142553,0
177258,1000001138457350300,63875741929345,(0.032, 1.439, -0.021),(0.055, -0.024, 0.004, 0.998),VALID,(-0.351, 0.157, 0.923),(0.000, 0.000, 0.000),64.325,VALID,(-0.258, 0.161, 0.953),(-0.032, 0.000, 0.000),0.570,3.660,6.415,0.993,VALID,(-0.395, 0.154, 0.906),(0.032, 0.000, 0.000),0.639,4.075,6.373,0.884,0.4173637,0
177259,1000001138462376200,63875741929356,(0.032, 1.439, -0.021),(0.055, -0.023, 0.004, 0.998),VALID,(-0.353, 0.157, 0.922),(0.000, 0.000, 0.000),64.325,VALID,(-0.258, 0.146, 0.955),(-0.032, 0.000, 0.000),0.543,3.485,6.415,0.986,VALID,(-0.395, 0.154, 0.906),(0.032, 0.000, 0.000),0.654,4.171,6.373,0.856,0.4128168,0
177260,1000001138467391400,63875741929356,(0.032, 1.439, -0.021),(0.055, -0.023, 0.004, 0.998),VALID,(-0.353, 0.157, 0.922),(0.000, 0.000, 0.000),64.325,VALID,(-0.258, 0.132, 0.957),(-0.032, 0.000, 0.000),0.545,3.497,6.415,0.982,VALID,(-0.392, 0.155, 0.907),(0.032, 0.000, 0.000),0.658,4.194,6.373,0.797,0.4058238,0
177261,1000001138472377200,63875741929489,(0.033, 1.439, -0.021),(0.055, -0.024, 0.004, 0.998),VALID,(-0.343, 0.155, 0.926),(0.000, 0.000, 0.000),64.325,VALID,(-0.257, 0.119, 0.959),(-0.032, 0.000, 0.000),0.553,3.550,6.415,0.969,VALID,(-0.375, 0.156, 0.914),(0.032, 0.000, 0.000),0.622,3.961,6.373,0.733,0.4368194,0
177262,1000001138477392400,63875741929489,(0.033, 1.439, -0.021),(0.055, -0.024, 0.004, 0.998),VALID,(-0.345, 0.119, 0.931),(0.000, 0.000, 0.000),64.325,INVALID,,,,,,,VALID,(-0.371, 0.124, 0.920),(0.032, 0.000, 0.000),0.577,3.676,6.373,,2,0
177263,1000001138482356100,63875741929489,(0.033, 1.439, -0.021),(0.055, -0.024, 0.004, 0.998),INVALID,,,,INVALID,,,,,,,INVALID,,,,,,,,
177264,1000001138487383600,63875741929489,(0.033, 1.439, -0.021),(0.055, -0.024, 0.004, 0.998),INVALID,,,,INVALID,,,,,,,INVALID,,,,,,,,
177265,1000001138492411100,63875741929489,(0.033, 1.439, -0.021),(0.055, -0.024, 0.004, 0.998),INVALID,,,,INVALID,,,,,,,INVALID,,,,,,,,
177266,1000001138497438600,63875741929489,(0.033, 1.439, -0.021),(0.055, -0.024, 0.004, 0.998),INVALID,,,,INVALID,,,,,,,INVALID,,,,,,,,
177267,1000001138502457000,63875741929489,(0.033, 1.439, -0.021),(0.055, -0.024, 0.004, 0.998),INVALID,,,,INVALID,,,,,,,INVALID,,,,,,,,
177268,1000001138507484500,63875741929489,(0.033, 1.439, -0.021),(0.055, -0.024, 0.004, 0.998),INVALID,,,,INVALID,,,,,,,INVALID,,,,,,,,
177269,1000001138512512000,63875741929489,(0.033, 1.439, -0.021),(0.055, -0.024, 0.004, 0.998),INVALID,,,,INVALID,,,,,,,INVALID,,,,,,,,
177270,1000001138517539500,63875741929489,(0.033, 1.439, -0.021),(0.055, -0.024, 0.004, 0.998),INVALID,,,,INVALID,,,,,,,INVALID,,,,,,,,
177271,1000001138522557900,63875741929489,(0.033, 1.439, -0.021),(0.055, -0.024, 0.004, 0.998),INVALID,,,,INVALID,,,,,,,INVALID,,,,,,,,
177272,1000001138527495800,63875741929489,(0.033, 1.439, -0.021),(0.055, -0.024, 0.004, 0.998),INVALID,,,,INVALID,,,,,,,INVALID,,,,,,,,
177273,1000001138532514200,63875741929489,(0.033, 1.439, -0.021),(0.055, -0.024, 0.004, 0.998),INVALID,,,,INVALID,,,,,,,INVALID,,,,,,,,
177274,1000001138537512900,63875741929489,(0.033, 1.439, -0.021),(0.055, -0.024, 0.004, 0.998),INVALID,,,,INVALID,,,,,,,INVALID,,,,,,,,
177275,1000001138542531300,63875741929489,(0.033, 1.439, -0.021),(0.055, -0.024, 0.004, 0.998),INVALID,,,,INVALID,,,,,,,INVALID,,,,,,,,
177276,1000001138547549700,63875741929489,(0.033, 1.439, -0.021),(0.055, -0.024, 0.004, 0.998),INVALID,,,,INVALID,,,,,,,INVALID,,,,,,,,
177277,1000001138552568100,63875741929489,(0.033, 1.439, -0.021),(0.055, -0.024, 0.004, 0.998),INVALID,,,,INVALID,,,,,,,INVALID,,,,,,,,
177278,1000001138557586500,63875741929489,(0.033, 1.439, -0.021),(0.055, -0.024, 0.004, 0.998),INVALID,,,,INVALID,,,,,,,INVALID,,,,,,,,
177279,1000001138562604900,63875741929489,(0.033, 1.439, -0.021),(0.055, -0.024, 0.004, 0.998),INVALID,,,,INVALID,,,,,,,INVALID,,,,,,,,
177280,1000001138567623300,63875741929489,(0.033, 1.439, -0.021),(0.055, -0.024, 0.004, 0.998),INVALID,,,,INVALID,,,,,,,INVALID,,,,,,,,
177281,1000001138572641700,63875741929489,(0.033, 1.439, -0.021),(0.055, -0.024, 0.004, 0.998),INVALID,,,,INVALID,,,,,,,INVALID,,,,,,,,
177282,1000001138577654500,63875741929489,(0.033, 1.439, -0.021),(0.055, -0.024, 0.004, 0.998),INVALID,,,,INVALID,,,,,,,INVALID,,,,,,,,
177283,1000001138582672900,63875741929489,(0.033, 1.439, -0.021),(0.055, -0.024, 0.004, 0.998),INVALID,,,,INVALID,,,,,,,INVALID,,,,,,,,
177284,1000001138587658800,63875741929489,(0.033, 1.439, -0.021),(0.055, -0.024, 0.004, 0.998),INVALID,,,,INVALID,,,,,,,INVALID,,,,,,,,
177285,1000001138592638200,63875741929489,(0.033, 1.439, -0.021),(0.055, -0.024, 0.004, 0.998),INVALID,,,,INVALID,,,,,,,INVALID,,,,,,,,
177286,1000001138597651200,63875741929489,(0.033, 1.439, -0.021),(0.055, -0.024, 0.004, 0.998),INVALID,,,,INVALID,,,,,,,INVALID,,,,,,,,
177287,1000001138602666800,63875741929489,(0.033, 1.439, -0.021),(0.055, -0.024, 0.004, 0.998),VALID,(-0.158, 0.032, 0.987),(0.000, 0.000, 0.000),64.325,INVALID,,,,,,,VALID,(-0.153, 0.040, 0.987),(0.032, 0.000, 0.000),0.464,2.957,6.373,,2,0
177288,1000001138607683100,63875741929500,(0.033, 1.439, -0.021),(0.055, -0.024, 0.004, 0.998),VALID,(-0.001, 0.046, 0.999),(0.000, 0.000, 0.000),64.325,INVALID,,,,,,,VALID,(0.011, 0.051, 0.999),(0.032, 0.000, 0.000),0.593,3.780,6.373,,2,0
177289,1000001138612696100,63875741929500,(0.033, 1.439, -0.021),(0.055, -0.024, 0.004, 0.998),VALID,(0.080, 0.053, 0.995),(0.000, 0.000, 0.000),64.325,INVALID,,,,,,,VALID,(0.089, 0.057, 0.994),(0.032, 0.000, 0.000),0.598,3.813,6.373,,2,0
177290,1000001138617721900,63875741929511,(0.033, 1.439, -0.021),(0.055, -0.024, 0.004, 0.998),VALID,(0.150, 0.054, 0.987),(0.000, 0.000, 0.000),64.325,VALID,(0.260, 0.044, 0.965),(-0.032, 0.000, 0.000),0.474,3.042,6.415,0.649,VALID,(0.123, 0.060, 0.991),(0.032, 0.000, 0.000),0.598,3.810,6.373,0.573,0.4442039,0
177291,1000001138622734900,63875741929511,(0.033, 1.439, -0.021),(0.055, -0.024, 0.004, 0.998),VALID,(0.181, 0.054, 0.982),(0.000, 0.000, 0.000),64.325,VALID,(0.259, 0.041, 0.965),(-0.032, 0.000, 0.000),0.474,3.043,6.415,0.655,VALID,(0.139, 0.062, 0.988),(0.032, 0.000, 0.000),0.597,3.803,6.373,0.586,0.4973272,0
177292,1000001138627749200,63875741929521,(0.033, 1.439, -0.021),(0.055, -0.024, 0.004, 0.998),VALID,(0.207, 0.058, 0.977),(0.000, 0.000, 0.000),64.325,VALID,(-0.021, 0.111, 0.994),(-0.032, 0.000, 0.000),0.476,3.053,6.415,0.660,VALID,(0.159, 0.062, 0.985),(0.032, 0.000, 0.000),0.585,3.725,6.373,0.605,2,0
177293,1000001138632752800,63875741929521,(0.033, 1.439, -0.021),(0.055, -0.024, 0.004, 0.998),VALID,(0.218, 0.061, 0.974),(0.000, 0.000, 0.000),64.325,VALID,(0.141, 0.100, 0.985),(-0.032, 0.000, 0.000),0.000,0.000,6.415,0.666,VALID,(0.168, 0.064, 0.984),(0.032, 0.000, 0.000),0.000,0.000,6.373,0.619,2,0
177294,1000001138637720300,63875741929521,(0.033, 1.439, -0.021),(0.055, -0.024, 0.004, 0.998),VALID,(0.223, 0.064, 0.973),(0.000, 0.000, 0.000),64.325,VALID,(0.217, 0.091, 0.972),(-0.032, 0.000, 0.000),0.000,0.000,6.415,0.676,VALID,(0.172, 0.067, 0.983),(0.032, 0.000, 0.000),0.000,0.000,6.373,0.634,2,0
177295,1000001138642745200,63875741929533,(0.033, 1.439, -0.021),(0.055, -0.024, 0.004, 0.998),VALID,(0.225, 0.066, 0.972),(0.000, 0.000, 0.000),64.325,VALID,(0.250, 0.083, 0.965),(-0.032, 0.000, 0.000),0.000,0.000,6.415,0.682,VALID,(0.174, 0.071, 0.982),(0.032, 0.000, 0.000),0.000,0.000,6.373,0.642,0.7843579,0
177296,1000001138647759500,63875741929533,(0.033, 1.439, -0.021),(0.055, -0.024, 0.004, 0.998),VALID,(0.225, 0.068, 0.972),(0.000, 0.000, 0.000),64.325,VALID,(0.263, 0.078, 0.962),(-0.032, 0.000, 0.000),0.000,0.000,6.415,0.684,VALID,(0.175, 0.075, 0.982),(0.032, 0.000, 0.000),0.000,0.000,6.373,0.650,0.6914421,0
177297,1000001138652779300,63875741929545,(0.033, 1.440, -0.021),(0.055, -0.024, 0.004, 0.998),VALID,(0.225, 0.071, 0.972),(0.000, 0.000, 0.000),64.325,VALID,(0.269, 0.075, 0.960),(-0.032, 0.000, 0.000),0.000,0.000,6.415,0.688,VALID,(0.176, 0.077, 0.981),(0.032, 0.000, 0.000),0.000,0.000,6.373,0.660,0.6583062,0
177298,1000001138657865900,63875741929545,(0.033, 1.440, -0.021),(0.055, -0.024, 0.004, 0.998),VALID,(0.226, 0.072, 0.972),(0.000, 0.000, 0.000),64.325,VALID,(0.271, 0.073, 0.960),(-0.032, 0.000, 0.000),0.000,0.000,6.415,0.694,VALID,(0.177, 0.079, 0.981),(0.032, 0.000, 0.000),0.000,0.000,6.373,0.674,0.6491115,0
177299,1000001138662882200,63875741929555,(0.033, 1.440, -0.021),(0.055, -0.024, 0.004, 0.998),VALID,(0.225, 0.074, 0.972),(0.000, 0.000, 0.000),64.325,VALID,(0.269, 0.071, 0.960),(-0.032, 0.000, 0.000),0.000,0.000,6.415,0.700,VALID,(0.178, 0.080, 0.981),(0.032, 0.000, 0.000),0.000,0.000,6.373,0.687,0.6677709,0
177300,1000001138667896500,63875741929555,(0.033, 1.440, -0.021),(0.055, -0.024, 0.004, 0.998),VALID,(0.225, 0.075, 0.972),(0.000, 0.000, 0.000),64.325,VALID,(0.268, 0.071, 0.961),(-0.032, 0.000, 0.000),0.000,0.000,6.415,0.706,VALID,(0.180, 0.082, 0.980),(0.032, 0.000, 0.000),0.000,0.000,6.373,0.698,0.6801348,0
177301,1000001138672912800,63875741929567,(0.032, 1.440, -0.021),(0.055, -0.024, 0.004, 0.998),VALID,(0.226, 0.076, 0.971),(0.000, 0.000, 0.000),64.325,VALID,(0.270, 0.073, 0.960),(-0.032, 0.000, 0.000),0.000,0.000,6.415,0.712,VALID,(0.181, 0.085, 0.980),(0.032, 0.000, 0.000),0.000,0.000,6.373,0.708,0.6728187,0
177302,1000001138677927100,63875741929567,(0.032, 1.440, -0.021),(0.055, -0.024, 0.004, 0.998),VALID,(0.226, 0.078, 0.971),(0.000, 0.000, 0.000),64.325,VALID,(0.268, 0.077, 0.960),(-0.032, 0.000, 0.000),0.000,0.000,6.415,0.719,VALID,(0.182, 0.092, 0.979),(0.032, 0.000, 0.000),0.000,0.000,6.373,0.717,0.6951196,0
177303,1000001138682943400,63875741929578,(0.032, 1.440, -0.021),(0.055, -0.024, 0.004, 0.998),VALID,(0.226, 0.083, 0.971),(0.000, 0.000, 0.000),64.325,VALID,(0.268, 0.082, 0.960),(-0.032, 0.000, 0.000),0.000,0.000,6.415,0.725,VALID,(0.183, 0.100, 0.978),(0.032, 0.000, 0.000),0.000,0.000,6.373,0.725,0.6914463,0
177304,1000001138687957700,63875741929578,(0.032, 1.440, -0.021),(0.055, -0.024, 0.004, 0.998),VALID,(0.222, 0.085, 0.971),(0.000, 0.000, 0.000),64.325,VALID,(0.268, 0.085, 0.960),(-0.032, 0.000, 0.000),0.000,0.000,6.415,0.731,VALID,(0.175, 0.098, 0.980),(0.032, 0.000, 0.000),0.000,0.000,6.373,0.732,0.6437212,0
177305,1000001138692974000,63875741929578,(0.032, 1.440, -0.021),(0.055, -0.024, 0.004, 0.998),VALID,(0.219, 0.087, 0.972),(0.000, 0.000, 0.000),64.325,VALID,(0.268, 0.087, 0.959),(-0.032, 0.000, 0.000),0.000,0.000,6.415,0.737,VALID,(0.170, 0.098, 0.981),(0.032, 0.000, 0.000),0.000,0.000,6.373,0.740,0.615298,0
177306,1000001138697948200,63875741929589,(0.032, 1.440, -0.021),(0.055, -0.024, 0.004, 0.998),VALID,(0.218, 0.088, 0.972),(0.000, 0.000, 0.000),64.325,VALID,(0.268, 0.089, 0.959),(-0.032, 0.000, 0.000),0.000,0.000,6.415,0.743,VALID,(0.167, 0.097, 0.981),(0.032, 0.000, 0.000),0.000,0.000,6.373,0.746,0.5978678,0
177307,1000001138702901000,63875741929589,(0.032, 1.440, -0.021),(0.055, -0.024, 0.004, 0.998),VALID,(0.216, 0.091, 0.972),(0.000, 0.000, 0.000),64.325,VALID,(0.268, 0.090, 0.959),(-0.032, 0.000, 0.000),0.000,0.000,6.415,0.749,VALID,(0.165, 0.096, 0.982),(0.032, 0.000, 0.000),0.000,0.000,6.373,0.753,0.5922737,0
177308,1000001138707894000,63875741929600,(0.032, 1.440, -0.021),(0.055, -0.024, 0.004, 0.998),VALID,(0.216, 0.094, 0.972),(0.000, 0.000, 0.000),64.325,VALID,(0.269, 0.092, 0.959),(-0.032, 0.000, 0.000),0.000,0.000,6.415,0.756,VALID,(0.164, 0.097, 0.982),(0.032, 0.000, 0.000),0.000,0.000,6.373,0.760,0.5803524,0
177309,1000001138712914800,63875741929600,(0.032, 1.440, -0.021),(0.055, -0.024, 0.004, 0.998),VALID,(0.228, 0.100, 0.969),(0.000, 0.000, 0.000),64.325,VALID,(0.265, 0.096, 0.959),(-0.032, 0.000, 0.000),0.000,0.000,6.415,0.763,VALID,(0.163, 0.097, 0.982),(0.032, 0.000, 0.000),0.000,0.000,6.373,0.766,0.5991457,0
177310,1000001138717995600,63875741929611,(0.033, 1.440, -0.021),(0.055, -0.024, 0.004, 0.998),VALID,(0.230, 0.096, 0.968),(0.000, 0.000, 0.000),64.325,VALID,(0.262, 0.094, 0.961),(-0.032, 0.000, 0.000),0.000,0.000,6.415,0.770,VALID,(0.178, 0.095, 0.979),(0.032, 0.000, 0.000),0.000,0.000,6.373,0.774,0.7318718,0
177311,1000001138723014400,63875741929611,(0.033, 1.440, -0.021),(0.055, -0.024, 0.004, 0.998),VALID,(0.232, 0.094, 0.968),(0.000, 0.000, 0.000),64.325,VALID,(0.258, 0.094, 0.961),(-0.032, 0.000, 0.000),0.000,0.000,6.415,0.778,VALID,(0.191, 0.094, 0.977),(0.032, 0.000, 0.000),0.000,0.000,6.373,0.781,0.9044024,0
177312,1000001138728019700,63875741929622,(0.033, 1.440, -0.021),(0.054, -0.024, 0.004, 0.998),VALID,(0.230, 0.091, 0.969),(0.000, 0.000, 0.000),64.325,VALID,(0.261, 0.097, 0.961),(-0.032, 0.000, 0.000),0.000,0.000,6.415,0.786,VALID,(0.202, 0.089, 0.975),(0.032, 0.000, 0.000),0.000,0.000,6.373,0.788,1.001432,0
177313,1000001138733038500,63875741929622,(0.033, 1.440, -0.021),(0.054, -0.024, 0.004, 0.998),VALID,(0.230, 0.087, 0.969),(0.000, 0.000, 0.000),64.325,VALID,(0.262, 0.101, 0.960),(-0.032, 0.000, 0.000),0.535,3.431,6.415,0.795,VALID,(0.210, 0.082, 0.974),(0.032, 0.000, 0.000),0.555,3.534,6.373,0.795,1.026693,0
177314,1000001138738010100,63875741929633,(0.033, 1.440, -0.021),(0.054, -0.024, 0.004, 0.998),VALID,(0.231, 0.087, 0.969),(0.000, 0.000, 0.000),64.325,VALID,(0.256, 0.100, 0.961),(-0.032, 0.000, 0.000),0.535,3.431,6.415,0.804,VALID,(0.217, 0.083, 0.973),(0.032, 0.000, 0.000),0.590,3.759,6.373,0.803,2,0
177315,1000001138743011000,63875741929633,(0.033, 1.440, -0.021),(0.054, -0.024, 0.004, 0.998),VALID,(0.232, 0.088, 0.969),(0.000, 0.000, 0.000),64.325,VALID,(0.252, 0.100, 0.962),(-0.032, 0.000, 0.000),0.540,3.466,6.415,0.813,VALID,(0.222, 0.085, 0.971),(0.032, 0.000, 0.000),0.596,3.796,6.373,0.810,2,0
177316,1000001138748029800,63875741929633,(0.033, 1.440, -0.021),(0.054, -0.024, 0.004, 0.998),VALID,(0.235, 0.088, 0.968),(0.000, 0.000, 0.000),64.325,VALID,(0.251, 0.100, 0.963),(-0.032, 0.000, 0.000),0.556,3.568,6.415,0.821,VALID,(0.229, 0.085, 0.970),(0.032, 0.000, 0.000),0.597,3.807,6.373,0.817,2,0
177317,1000001138753040700,63875741929645,(0.033, 1.440, -0.021),(0.054, -0.024, 0.004, 0.998),VALID,(0.239, 0.088, 0.967),(0.000, 0.000, 0.000),64.325,VALID,(0.251, 0.100, 0.963),(-0.032, 0.000, 0.000),0.565,3.624,6.415,0.830,VALID,(0.236, 0.086, 0.968),(0.032, 0.000, 0.000),0.598,3.812,6.373,0.825,2,0
177318,1000001138758051600,63875741929645,(0.033, 1.440, -0.021),(0.054, -0.024, 0.004, 0.998),VALID,(0.243, 0.089, 0.966),(0.000, 0.000, 0.000),64.325,VALID,(0.252, 0.100, 0.963),(-0.032, 0.000, 0.000),0.604,3.876,6.415,0.838,VALID,(0.242, 0.086, 0.966),(0.032, 0.000, 0.000),0.599,3.816,6.373,0.832,2,0
177319,1000001138763050400,63875741929655,(0.033, 1.439, -0.021),(0.054, -0.023, 0.004, 0.998),VALID,(0.252, 0.088, 0.964),(0.000, 0.000, 0.000),64.325,VALID,(0.252, 0.109, 0.962),(-0.032, 0.000, 0.000),0.579,3.716,6.415,0.846,VALID,(0.255, 0.086, 0.963),(0.032, 0.000, 0.000),0.600,3.822,6.373,0.839,2,0
177320,1000001138768059200,63875741929655,(0.033, 1.439, -0.021),(0.054, -0.023, 0.004, 0.998),VALID,(0.256, 0.088, 0.963),(0.000, 0.000, 0.000),64.325,VALID,(0.251, 0.119, 0.961),(-0.032, 0.000, 0.000),0.579,3.712,6.415,0.853,VALID,(0.259, 0.086, 0.962),(0.032, 0.000, 0.000),0.602,3.838,6.373,0.846,2,0
177321,1000001138773070100,63875741929666,(0.033, 1.439, -0.021),(0.054, -0.023, 0.004, 0.998),VALID,(0.258, 0.089, 0.962),(0.000, 0.000, 0.000),64.325,VALID,(0.251, 0.129, 0.959),(-0.032, 0.000, 0.000),0.579,3.712,6.415,0.860,VALID,(0.260, 0.086, 0.962),(0.032, 0.000, 0.000),0.606,3.859,6.373,0.853,2,0
177322,1000001138778078900,63875741929666,(0.033, 1.439, -0.021),(0.054, -0.023, 0.004, 0.998),VALID,(0.260, 0.090, 0.961),(0.000, 0.000, 0.000),64.325,VALID,(0.250, 0.139, 0.958),(-0.032, 0.000, 0.000),0.589,3.777,6.415,0.867,VALID,(0.262, 0.088, 0.961),(0.032, 0.000, 0.000),0.609,3.881,6.373,0.859,2,0
177323,1000001138783099400,63875741929677,(0.032, 1.439, -0.021),(0.054, -0.023, 0.004, 0.998),VALID,(0.257, 0.097, 0.962),(0.000, 0.000, 0.000),64.325,VALID,(0.249, 0.141, 0.958),(-0.032, 0.000, 0.000),0.593,3.807,6.415,0.874,VALID,(0.257, 0.095, 0.962),(0.032, 0.000, 0.000),0.613,3.904,6.373,0.866,2,0
177324,1000001138788137500,63875741929678,(0.032, 1.439, -0.021),(0.054, -0.023, 0.004, 0.998),VALID,(0.254, 0.106, 0.961),(0.000, 0.000, 0.000),64.325,VALID,(0.249, 0.143, 0.958),(-0.032, 0.000, 0.000),0.605,3.881,6.415,0.881,VALID,(0.255, 0.105, 0.961),(0.032, 0.000, 0.000),0.616,3.925,6.373,0.872,2,0
177325,1000001138793146300,63875741929678,(0.032, 1.439, -0.021),(0.054, -0.023, 0.004, 0.998),VALID,(0.253, 0.116, 0.960),(0.000, 0.000, 0.000),64.325,VALID,(0.249, 0.146, 0.958),(-0.032, 0.000, 0.000),0.607,3.895,6.415,0.888,VALID,(0.253, 0.115, 0.961),(0.032, 0.000, 0.000),0.619,3.944,6.373,0.877,2,0
177326,1000001138798148100,63875741929690,(0.032, 1.439, -0.021),(0.054, -0.023, 0.004, 0.998),VALID,(0.253, 0.125, 0.959),(0.000, 0.000, 0.000),64.325,VALID,(0.249, 0.148, 0.957),(-0.032, 0.000, 0.000),0.607,3.895,6.415,0.895,VALID,(0.253, 0.125, 0.959),(0.032, 0.000, 0.000),0.622,3.964,6.373,0.883,2,0
177327,1000001138803165600,63875741929690,(0.032, 1.439, -0.021),(0.054, -0.023, 0.004, 0.998),VALID,(0.253, 0.134, 0.958),(0.000, 0.000, 0.000),64.325,VALID,(0.249, 0.151, 0.957),(-0.032, 0.000, 0.000),0.640,4.104,6.415,0.900,VALID,(0.253, 0.133, 0.958),(0.032, 0.000, 0.000),0.625,3.984,6.373,0.888,2,0
177328,1000001138808167400,63875741929700,(0.032, 1.440, -0.021),(0.054, -0.023, 0.004, 0.998),VALID,(0.254, 0.141, 0.957),(0.000, 0.000, 0.000),64.325,VALID,(0.250, 0.154, 0.956),(-0.032, 0.000, 0.000),0.640,4.103,6.415,0.906,VALID,(0.254, 0.141, 0.957),(0.032, 0.000, 0.000),0.628,4.005,6.373,0.893,2,0
177329,1000001138813169200,63875741929700,(0.032, 1.440, -0.021),(0.054, -0.023, 0.004, 0.998),VALID,(0.254, 0.149, 0.956),(0.000, 0.000, 0.000),64.325,VALID,(0.251, 0.157, 0.955),(-0.032, 0.000, 0.000),0.637,4.090,6.415,0.911,VALID,(0.254, 0.149, 0.956),(0.032, 0.000, 0.000),0.632,4.027,6.373,0.898,2,0
177330,1000001138818171000,63875741929711,(0.032, 1.440, -0.021),(0.054, -0.023, 0.004, 0.998),VALID,(0.253, 0.148, 0.956),(0.000, 0.000, 0.000),64.325,VALID,(0.250, 0.155, 0.956),(-0.032, 0.000, 0.000),0.636,4.080,6.415,0.915,VALID,(0.253, 0.149, 0.956),(0.032, 0.000, 0.000),0.629,4.008,6.373,0.902,2,0
177331,1000001138823240200,63875741929711,(0.032, 1.440, -0.021),(0.054, -0.023, 0.004, 0.998),VALID,(0.255, 0.142, 0.956),(0.000, 0.000, 0.000),64.325,VALID,(0.250, 0.159, 0.955),(-0.032, 0.000, 0.000),0.601,3.856,6.415,0.920,VALID,(0.256, 0.142, 0.956),(0.032, 0.000, 0.000),0.626,3.987,6.373,0.907,2,0
177332,1000001138828249000,63875741929722,(0.032, 1.440, -0.021),(0.054, -0.023, 0.004, 0.998),VALID,(0.258, 0.137, 0.957),(0.000, 0.000, 0.000),64.325,VALID,(0.249, 0.161, 0.955),(-0.032, 0.000, 0.000),0.598,3.833,6.415,0.924,VALID,(0.259, 0.136, 0.956),(0.032, 0.000, 0.000),0.624,3.975,6.373,0.911,2,0
177333,1000001138833250800,63875741929722,(0.032, 1.440, -0.021),(0.054, -0.023, 0.004, 0.998),VALID,(0.259, 0.133, 0.957),(0.000, 0.000, 0.000),64.325,VALID,(0.249, 0.163, 0.955),(-0.032, 0.000, 0.000),0.597,3.831,6.415,0.921,VALID,(0.260, 0.133, 0.956),(0.032, 0.000, 0.000),0.623,3.967,6.373,0.915,2,0
177334,1000001138838260600,63875741929733,(0.032, 1.440, -0.021),(0.054, -0.023, 0.004, 0.998),VALID,(0.258, 0.133, 0.957),(0.000, 0.000, 0.000),64.325,VALID,(0.249, 0.158, 0.956),(-0.032, 0.000, 0.000),0.597,3.830,6.415,0.919,VALID,(0.258, 0.133, 0.957),(0.032, 0.000, 0.000),0.622,3.963,6.373,0.916,2,0
177335,1000001138843279400,63875741929733,(0.032, 1.440, -0.021),(0.054, -0.023, 0.004, 0.998),VALID,(0.257, 0.133, 0.957),(0.000, 0.000, 0.000),64.325,VALID,(0.249, 0.155, 0.956),(-0.032, 0.000, 0.000),0.597,3.830,6.415,0.918,VALID,(0.257, 0.133, 0.957),(0.032, 0.000, 0.000),0.621,3.959,6.373,0.917,2,0
177336,1000001138848281200,63875741929733,(0.032, 1.440, -0.021),(0.054, -0.023, 0.004, 0.998),VALID,(0.256, 0.133, 0.958),(0.000, 0.000, 0.000),64.325,VALID,(0.249, 0.152, 0.956),(-0.032, 0.000, 0.000),0.597,3.831,6.415,0.917,VALID,(0.256, 0.133, 0.958),(0.032, 0.000, 0.000),0.621,3.955,6.373,0.918,2,0
177337,1000001138853279500,63875741929744,(0.032, 1.440, -0.021),(0.054, -0.023, 0.004, 0.998),VALID,(0.255, 0.133, 0.958),(0.000, 0.000, 0.000),64.325,VALID,(0.249, 0.151, 0.957),(-0.032, 0.000, 0.000),0.598,3.838,6.415,0.917,VALID,(0.255, 0.133, 0.958),(0.032, 0.000, 0.000),0.620,3.953,6.373,0.919,2,0
177338,1000001138858313800,63875741929744,(0.032, 1.440, -0.021),(0.054, -0.023, 0.004, 0.998),VALID,(0.256, 0.132, 0.958),(0.000, 0.000, 0.000),64.325,VALID,(0.250, 0.149, 0.957),(-0.032, 0.000, 0.000),0.635,4.074,6.415,0.916,VALID,(0.256, 0.132, 0.958),(0.032, 0.000, 0.000),0.620,3.950,6.373,0.920,2,0
177339,1000001138863312100,63875741929755,(0.032, 1.440, -0.021),(0.054, -0.023, 0.004, 0.998),VALID,(0.255, 0.135, 0.957),(0.000, 0.000, 0.000),64.325,VALID,(0.250, 0.150, 0.957),(-0.032, 0.000, 0.000),0.639,4.097,6.415,0.915,VALID,(0.255, 0.135, 0.957),(0.032, 0.000, 0.000),0.619,3.947,6.373,0.921,2,0
177340,1000001138868311600,63875741929755,(0.032, 1.440, -0.021),(0.054, -0.023, 0.004, 0.998),VALID,(0.255, 0.138, 0.957),(0.000, 0.000, 0.000),64.325,VALID,(0.250, 0.151, 0.957),(-0.032, 0.000, 0.000),0.640,4.106,6.415,0.915,VALID,(0.254, 0.139, 0.957),(0.032, 0.000, 0.000),0.618,3.941,6.373,0.922,2,0
177341,1000001138873306800,63875741929767,(0.032, 1.440, -0.021),(0.054, -0.023, 0.004, 0.998),VALID,(0.254, 0.141, 0.957),(0.000, 0.000, 0.000),64.325,VALID,(0.250, 0.151, 0.956),(-0.032, 0.000, 0.000),0.640,4.108,6.415,0.915,VALID,(0.254, 0.141, 0.957),(0.032, 0.000, 0.000),0.618,3.937,6.373,0.923,2,0
177342,1000001138878305100,63875741929767,(0.032, 1.440, -0.021),(0.054, -0.023, 0.004, 0.998),VALID,(0.254, 0.143, 0.957),(0.000, 0.000, 0.000),64.325,VALID,(0.250, 0.151, 0.956),(-0.032, 0.000, 0.000),0.641,4.109,6.415,0.915,VALID,(0.254, 0.143, 0.957),(0.032, 0.000, 0.000),0.617,3.935,6.373,0.924,2,0
177343,1000001138883363500,63875741929777,(0.032, 1.440, -0.021),(0.054, -0.024, 0.004, 0.998),VALID,(0.254, 0.145, 0.956),(0.000, 0.000, 0.000),64.325,VALID,(0.250, 0.152, 0.956),(-0.032, 0.000, 0.000),0.640,4.108,6.415,0.914,VALID,(0.253, 0.146, 0.956),(0.032, 0.000, 0.000),0.617,3.935,6.373,0.925,2,0
177344,1000001138888363800,63875741929777,(0.032, 1.440, -0.021),(0.054, -0.024, 0.004, 0.998),VALID,(0.253, 0.148, 0.956),(0.000, 0.000, 0.000),64.325,VALID,(0.249, 0.152, 0.956),(-0.032, 0.000, 0.000),0.640,4.107,6.415,0.914,VALID,(0.253, 0.148, 0.956),(0.032, 0.000, 0.000),0.617,3.934,6.373,0.926,2,0
177345,1000001138893380800,63875741929777,(0.032, 1.440, -0.021),(0.054, -0.024, 0.004, 0.998),VALID,(0.253, 0.150, 0.956),(0.000, 0.000, 0.000),64.325,VALID,(0.249, 0.153, 0.956),(-0.032, 0.000, 0.000),0.642,4.116,6.415,0.914,VALID,(0.252, 0.151, 0.956),(0.032, 0.000, 0.000),0.617,3.933,6.373,0.927,2,0
177346,1000001138898379100,63875741929790,(0.032, 1.440, -0.022),(0.054, -0.023, 0.004, 0.998),VALID,(0.252, 0.152, 0.956),(0.000, 0.000, 0.000),64.325,VALID,(0.249, 0.154, 0.956),(-0.032, 0.000, 0.000),0.642,4.116,6.415,0.914,VALID,(0.252, 0.152, 0.956),(0.032, 0.000, 0.000),0.617,3.933,6.373,0.928,2,0
177347,1000001138903402300,63875741929790,(0.032, 1.440, -0.022),(0.054, -0.023, 0.004, 0.998),VALID,(0.252, 0.153, 0.956),(0.000, 0.000, 0.000),64.325,VALID,(0.249, 0.154, 0.956),(-0.032, 0.000, 0.000),0.642,4.116,6.415,0.915,VALID,(0.252, 0.153, 0.956),(0.032, 0.000, 0.000),0.617,3.932,6.373,0.929,2,0
177348,1000001138908400600,63875741929800,(0.032, 1.440, -0.022),(0.054, -0.024, 0.004, 0.998),VALID,(0.252, 0.154, 0.956),(0.000, 0.000, 0.000),64.325,VALID,(0.249, 0.155, 0.956),(-0.032, 0.000, 0.000),0.642,4.116,6.415,0.915,VALID,(0.251, 0.154, 0.956),(0.032, 0.000, 0.000),0.617,3.931,6.373,0.930,2,0
177349,1000001138913414400,63875741929812,(0.032, 1.440, -0.022),(0.054, -0.024, 0.004, 0.998),VALID,(0.251, 0.155, 0.955),(0.000, 0.000, 0.000),64.325,VALID,(0.249, 0.155, 0.956),(-0.032, 0.000, 0.000),0.644,4.130,6.415,0.915,VALID,(0.251, 0.155, 0.955),(0.032, 0.000, 0.000),0.617,3.931,6.373,0.931,2,0
177350,1000001138918406200,63875741929812,(0.032, 1.440, -0.022),(0.054, -0.024, 0.004, 0.998),VALID,(0.250, 0.156, 0.955),(0.000, 0.000, 0.000),64.325,VALID,(0.248, 0.156, 0.956),(-0.032, 0.000, 0.000),0.645,4.137,6.415,0.915,VALID,(0.250, 0.156, 0.955),(0.032, 0.000, 0.000),0.617,3.931,6.373,0.932,2,0
177351,1000001138923454200,63875741929812,(0.032, 1.440, -0.022),(0.054, -0.024, 0.004, 0.998),VALID,(0.250, 0.157, 0.955),(0.000, 0.000, 0.000),64.325,VALID,(0.248, 0.157, 0.956),(-0.032, 0.000, 0.000),0.645,4.139,6.415,0.915,VALID,(0.250, 0.157, 0.955),(0.032, 0.000, 0.000),0.617,3.930,6.373,0.933,2,0
177352,1000001138928464400,63875741929822,(0.032, 1.440, -0.022),(0.054, -0.024, 0.004, 0.998),VALID,(0.249, 0.159, 0.955),(0.000, 0.000, 0.000),64.325,VALID,(0.247, 0.158, 0.956),(-0.032, 0.000, 0.000),0.646,4.141,6.415,0.915,VALID,(0.249, 0.159, 0.955),(0.032, 0.000, 0.000),0.617,3.930,6.373,0.934,2,0
177353,1000001138933464700,63875741929822,(0.032, 1.440, -0.022),(0.054, -0.024, 0.004, 0.998),VALID,(0.248, 0.159, 0.956),(0.000, 0.000, 0.000),64.325,VALID,(0.247, 0.158, 0.956),(-0.032, 0.000, 0.000),0.646,4.141,6.415,0.915,VALID,(0.248, 0.160, 0.955),(0.032, 0.000, 0.000),0.617,3.930,6.373,0.935,2,0
177354,1000001138938474900,63875741929834,(0.032, 1.440, -0.022),(0.053, -0.024, 0.004, 0.998),VALID,(0.235, 0.179, 0.955),(0.000, 0.000, 0.000),64.325,VALID,(0.236, 0.175, 0.956),(-0.032, 0.000, 0.000),0.646,4.141,6.415,0.916,VALID,(0.238, 0.158, 0.958),(0.032, 0.000, 0.000),0.583,3.718,6.373,0.935,2,0
177355,1000001138943512100,63875741929834,(0.032, 1.440, -0.022),(0.053, -0.024, 0.004, 0.998),VALID,(0.236, 0.177, 0.956),(0.000, 0.000, 0.000),64.325,VALID,(0.236, 0.174, 0.956),(-0.032, 0.000, 0.000),0.645,4.141,6.415,0.916,VALID,(0.238, 0.159, 0.958),(0.032, 0.000, 0.000),0.579,3.693,6.373,0.936,2,0
177356,1000001138948522300,63875741929834,(0.032, 1.440, -0.022),(0.053, -0.024, 0.004, 0.998),VALID,(0.236, 0.174, 0.956),(0.000, 0.000, 0.000),64.325,VALID,(0.236, 0.172, 0.956),(-0.032, 0.000, 0.000),0.645,4.141,6.415,0.916,VALID,(0.238, 0.160, 0.958),(0.032, 0.000, 0.000),0.579,3.687,6.373,0.937,2,0
177357,1000001138953531800,63875741929845,(0.032, 1.440, -0.022),(0.054, -0.024, 0.004, 0.998),VALID,(0.237, 0.173, 0.956),(0.000, 0.000, 0.000),64.325,VALID,(0.237, 0.171, 0.956),(-0.032, 0.000, 0.000),0.645,4.140,6.415,0.916,VALID,(0.238, 0.160, 0.958),(0.032, 0.000, 0.000),0.578,3.686,6.373,0.938,2,0
177358,1000001138958572000,63875741929845,(0.032, 1.440, -0.022),(0.054, -0.024, 0.004, 0.998),VALID,(0.237, 0.171, 0.956),(0.000, 0.000, 0.000),64.325,VALID,(0.237, 0.170, 0.957),(-0.032, 0.000, 0.000),0.645,4.140,6.415,0.917,VALID,(0.238, 0.161, 0.958),(0.032, 0.000, 0.000),0.578,3.685,6.373,0.938,2,0
177359,1000001138963581500,63875741929855,(0.033, 1.440, -0.022),(0.054, -0.024, 0.004, 0.998),VALID,(0.237, 0.170, 0.956),(0.000, 0.000, 0.000),64.325,VALID,(0.237, 0.169, 0.957),(-0.032, 0.000, 0.000),0.647,4.148,6.415,0.917,VALID,(0.238, 0.161, 0.958),(0.032, 0.000, 0.000),0.611,3.895,6.373,0.939,2,0
177360,1000001138968591700,63875741929855,(0.033, 1.440, -0.022),(0.054, -0.024, 0.004, 0.998),VALID,(0.237, 0.170, 0.957),(0.000, 0.000, 0.000),64.325,VALID,(0.237, 0.169, 0.957),(-0.032, 0.000, 0.000),0.647,4.153,6.415,0.917,VALID,(0.238, 0.161, 0.958),(0.032, 0.000, 0.000),0.615,3.920,6.373,0.939,2,0
177361,1000001138973601200,63875741929866,(0.033, 1.440, -0.022),(0.054, -0.024, 0.004, 0.998),VALID,(0.237, 0.169, 0.957),(0.000, 0.000, 0.000),64.325,VALID,(0.237, 0.168, 0.957),(-0.032, 0.000, 0.000),0.648,4.155,6.415,0.917,VALID,(0.238, 0.162, 0.958),(0.032, 0.000, 0.000),0.616,3.925,6.373,0.939,2,0
177362,1000001138978602100,63875741929866,(0.033, 1.440, -0.022),(0.054, -0.024, 0.004, 0.998),VALID,(0.237, 0.169, 0.957),(0.000, 0.000, 0.000),64.325,VALID,(0.237, 0.168, 0.957),(-0.032, 0.000, 0.000),0.648,4.155,6.415,0.917,VALID,(0.238, 0.162, 0.958),(0.032, 0.000, 0.000),0.616,3.926,6.373,0.940,2,0
177363,1000001138983572400,63875741929877,(0.033, 1.440, -0.022),(0.053, -0.024, 0.003, 0.998),VALID,(0.237, 0.168, 0.957),(0.000, 0.000, 0.000),64.325,VALID,(0.237, 0.168, 0.957),(-0.032, 0.000, 0.000),0.647,4.151,6.415,0.918,VALID,(0.238, 0.162, 0.958),(0.032, 0.000, 0.000),0.616,3.927,6.373,0.940,2,0
177364,1000001138988581900,63875741929877,(0.033, 1.440, -0.022),(0.053, -0.024, 0.003, 0.998),VALID,(0.237, 0.168, 0.957),(0.000, 0.000, 0.000),64.325,VALID,(0.237, 0.167, 0.957),(-0.032, 0.000, 0.000),0.647,4.148,6.415,0.918,VALID,(0.238, 0.162, 0.958),(0.032, 0.000, 0.000),0.616,3.927,6.373,0.940,2,0
177365,1000001138993643100,63875741929889,(0.033, 1.440, -0.022),(0.053, -0.024, 0.003, 0.998),VALID,(0.237, 0.167, 0.957),(0.000, 0.000, 0.000),64.325,VALID,(0.237, 0.167, 0.957),(-0.032, 0.000, 0.000),0.646,4.141,6.415,0.918,VALID,(0.238, 0.162, 0.958),(0.032, 0.000, 0.000),0.616,3.927,6.373,0.940,2,0
