450125,1.00000250613142e+18,63875743297048,0.012,1.435,0.008,0.013,-0.248,0.033,0.968,NaN,0.261,-0.504,0.824,0,0,0,63.85,NaN,0.261,-0.503,0.824,-0.032,0,0,0.433,2.734,6.314,0.412,NaN,NaN,NaN,NaN,NaN,NaN,0.278,2,0,NaN,NaN,NaN,NaN
450126,1.00000250613644e+18,63875743297048,0.012,1.435,0.008,0.013,-0.248,0.033,0.968,NaN,NaN,NaN,NaN,NaN,NaN,NaN,NaN,NaN,NaN,NaN,NaN,NaN,NaN,NaN,NaN,NaN,NaN,NaN,NaN,NaN,NaN,NaN,NaN,NaN,NaN,NaN,NaN,NaN,NaN,NaN,NaN
450127,1.00000250614147e+18,63875743297048,0.012,1.435,0.008,0.013,-0.248,0.033,0.968,NaN,NaN,NaN,NaN,NaN,NaN,NaN,NaN,NaN,NaN,NaN,NaN,NaN,NaN,NaN,NaN,NaN,NaN,NaN,NaN,NaN,NaN,NaN,NaN,NaN,NaN,NaN,NaN,NaN,NaN,NaN,NaN
450128,1.00000250614648e+18,63875743297048,0.012,1.435,0.008,0.013,-0.248,0.033,0.968,NaN,NaN,NaN,NaN,NaN,NaN,NaN,NaN,NaN,NaN,NaN,NaN,NaN,NaN,NaN,NaN,NaN,NaN,NaN,NaN,NaN,NaN,NaN,NaN,NaN,NaN,NaN,NaN,NaN,NaN,NaN,NaN
450129,1.00000250615148e+18,63875743297048,0.012,1.435,0.008,0.013,-0.248,0.033,0.968,NaN,NaN,NaN,NaN,NaN,NaN,NaN,NaN,NaN,NaN,NaN,NaN,NaN,NaN,NaN,NaN,NaN,NaN,NaN,NaN,NaN,NaN,NaN,NaN,NaN,NaN,NaN,NaN,NaN,NaN,NaN,NaN
450130,1.00000250615649e+18,63875743297048,0.012,1.435,0.008,0.013,-0.248,0.033,0.968,NaN,0.229,-0.483,0.845,0,0,0,63.85,NaN,NaN,NaN,NaN,NaN,NaN,NaN,NaN,0.052,-0.468,0.882,0.032,0,0,0.597,3.793,6.354,NaN,2,0,NaN,NaN,NaN,NaN
450131,1.0000025061615e+18,63875743297048,0.012,1.435,0.008,0.013,-0.248,0.033,0.968,NaN,0.213,-0.475,0.854,0,0,0,63.85,NaN,NaN,NaN,NaN,NaN,NaN,NaN,NaN,0.055,-0.472,0.88,0.032,0,0,0.591,3.753,6.354,NaN,2,0,NaN,NaN,NaN,NaN
450132,1.0000025061665e+18,63875743297115,0.012,1.436,0.008,0.013,-0.248,0.033,0.968,NaN,NaN,NaN,NaN,NaN,NaN,NaN,NaN,NaN,NaN,NaN,NaN,NaN,NaN,NaN,NaN,NaN,NaN,NaN,NaN,NaN,NaN,NaN,NaN,NaN,NaN,NaN,NaN,NaN,NaN,NaN,NaN
450133,1.00000250617151e+18,63875743297115,0.012,1.436,0.008,0.013,-0.248,0.033,0.968,NaN,NaN,NaN,NaN,NaN,NaN,NaN,NaN,NaN,NaN,NaN,NaN,NaN,NaN,NaN,NaN,NaN,NaN,NaN,NaN,NaN,NaN,NaN,NaN,NaN,NaN,NaN,NaN,NaN,NaN,NaN,NaN
450134,1.00000250617652e+18,63875743297115,0.012,1.436,0.008,0.013,-0.248,0.033,0.968,NaN,NaN,NaN,NaN,NaN,NaN,NaN,NaN,NaN,NaN,NaN,NaN,NaN,NaN,NaN,NaN,NaN,NaN,NaN,NaN,NaN,NaN,NaN,NaN,NaN,NaN,NaN,NaN,NaN,NaN,NaN,NaN
450135,1.00000250618157e+18,63875743297115,0.012,1.436,0.008,0.013,-0.248,0.033,0.968,NaN,NaN,NaN,NaN,NaN,NaN,NaN,NaN,NaN,NaN,NaN,NaN,NaN,NaN,NaN,NaN,NaN,NaN,NaN,NaN,NaN,NaN,NaN,NaN,NaN,NaN,NaN,NaN,NaN,NaN,NaN,NaN
450136,1.00000250618656e+18,63875743297115,0.012,1.436,0.008,0.013,-0.248,0.033,0.968,NaN,NaN,NaN,NaN,NaN,NaN,NaN,NaN,NaN,NaN,NaN,NaN,NaN,NaN,NaN,NaN,NaN,NaN,NaN,NaN,NaN,NaN,NaN,NaN,NaN,NaN,NaN,NaN,NaN,NaN,NaN,NaN
450137,1.00000250619157e+18,63875743297115,0.012,1.436,0.008,0.013,-0.248,0.033,0.968,NaN,NaN,NaN,NaN,NaN,NaN,NaN,NaN,NaN,NaN,NaN,NaN,NaN,NaN,NaN,NaN,NaN,NaN,NaN,NaN,NaN,NaN,NaN,NaN,NaN,NaN,NaN,NaN,NaN,NaN,NaN,NaN
450138,1.0000025061966e+18,63875743297115,0.012,1.436,0.008,0.013,-0.248,0.033,0.968,NaN,NaN,NaN,NaN,NaN,NaN,NaN,NaN,NaN,NaN,NaN,NaN,NaN,NaN,NaN,NaN,NaN,NaN,NaN,NaN,NaN,NaN,NaN,NaN,NaN,NaN,NaN,NaN,NaN,NaN,NaN,NaN
450139,1.00000250620161e+18,63875743297115,0.012,1.436,0.008,0.013,-0.248,0.033,0.968,NaN,NaN,NaN,NaN,NaN,NaN,NaN,NaN,NaN,NaN,NaN,NaN,NaN,NaN,NaN,NaN,NaN,NaN,NaN,NaN,NaN,NaN,NaN,NaN,NaN,NaN,NaN,NaN,NaN,NaN,NaN,NaN
450140,1.00000250620662e+18,63875743297115,0.012,1.436,0.008,0.013,-0.248,0.033,0.968,NaN,NaN,NaN,NaN,NaN,NaN,NaN,NaN,NaN,NaN,NaN,NaN,NaN,NaN,NaN,NaN,NaN,NaN,NaN,NaN,NaN,NaN,NaN,NaN,NaN,NaN,NaN,NaN,NaN,NaN,NaN,NaN
450141,1.00000250621162e+18,63875743297115,0.012,1.436,0.008,0.013,-0.248,0.033,0.968,NaN,NaN,NaN,NaN,NaN,NaN,NaN,NaN,NaN,NaN,NaN,NaN,NaN,NaN,NaN,NaN,NaN,NaN,NaN,NaN,NaN,NaN,NaN,NaN,NaN,NaN,NaN,NaN,NaN,NaN,NaN,NaN
450142,1.00000250621665e+18,63875743297115,0.012,1.436,0.008,0.013,-0.248,0.033,0.968,NaN,0.191,-0.435,0.88,0,0,0,63.85,NaN,NaN,NaN,NaN,NaN,NaN,NaN,NaN,0.157,-0.193,0.969,0.032,0,0,0.52,3.305,6.354,NaN,2,0,NaN,NaN,NaN,NaN
450143,1.00000250622166e+18,63875743297115,0.012,1.436,0.008,0.013,-0.248,0.033,0.968,NaN,NaN,NaN,NaN,NaN,NaN,NaN,NaN,NaN,NaN,NaN,NaN,NaN,NaN,NaN,NaN,NaN,NaN,NaN,NaN,NaN,NaN,NaN,NaN,NaN,NaN,NaN,NaN,NaN,NaN,NaN,NaN
450144,1.00000250622668e+18,63875743297115,0.012,1.436,0.008,0.013,-0.248,0.033,0.968,NaN,0.184,-0.405,0.895,0,0,0,63.85,NaN,0.163,-0.28,0.946,-0.032,0,0,0.619,3.907,6.314,0.482,NaN,NaN,NaN,NaN,NaN,NaN,0.428,2,0,NaN,NaN,NaN,NaN
450145,1.0000025062318e+18,63875743297137,0.012,1.436,0.008,0.013,-0.248,0.033,0.968,NaN,NaN,NaN,NaN,NaN,NaN,NaN,NaN,NaN,NaN,NaN,NaN,NaN,NaN,NaN,NaN,NaN,NaN,NaN,NaN,NaN,NaN,NaN,NaN,NaN,NaN,NaN,NaN,NaN,NaN,NaN,NaN
450146,1.00000250623678e+18,63875743297137,0.012,1.436,0.008,0.013,-0.248,0.033,0.968,NaN,NaN,NaN,NaN,NaN,NaN,NaN,NaN,NaN,NaN,NaN,NaN,NaN,NaN,NaN,NaN,NaN,NaN,NaN,NaN,NaN,NaN,NaN,NaN,NaN,NaN,NaN,NaN,NaN,NaN,NaN,NaN
450147,1.00000250624178e+18,63875743297137,0.012,1.436,0.008,0.013,-0.248,0.033,0.968,NaN,0.153,-0.399,0.904,0,0,0,63.85,NaN,0.082,-0.322,0.943,-0.032,0,0,0.387,2.441,6.314,0.498,NaN,0.082,-0.322,0.943,0.032,0,0,0.528,3.354,6.354,0.458,2,0
450148,1.00000250624679e+18,63875743297137,0.012,1.436,0.008,0.013,-0.248,0.033,0.968,NaN,0.126,-0.398,0.909,0,0,0,63.85,NaN,0.235,-0.44,0.867,-0.032,0,0,0.387,2.441,6.314,0.508,NaN,0.074,-0.341,0.937,0.032,0,0,0.527,3.35,6.354,0.465,0.2516095,0
450149,1.0000025062518e+18,63875743297137,0.012,1.436,0.008,0.013,-0.248,0.033,0.968,NaN,0.115,-0.386,0.915,0,0,0,63.85,NaN,0.234,-0.401,0.886,-0.032,0,0,0.389,2.457,6.314,0.509,NaN,0.149,-0.235,0.961,0.032,0,0,0.526,3.343,6.354,0.469,0.1334127,0
450150,1.00000250625681e+18,63875743297148,0.012,1.436,0.008,0.013,-0.247,0.033,0.968,NaN,0.1,-0.381,0.919,0,0,0,63.85,NaN,0.203,-0.39,0.898,-0.032,0,0,0.392,2.472,6.314,0.511,NaN,0.135,-0.283,0.95,0.032,0,0,0.525,3.334,6.354,0.474,0.2305592,0
450151,1.00000250626182e+18,63875743297148,0.012,1.436,0.008,0.013,-0.247,0.033,0.968,NaN,0.095,-0.372,0.923,0,0,0,63.85,NaN,0.169,-0.382,0.908,-0.032,0,0,0.395,2.491,6.314,0.515,NaN,0.124,-0.305,0.944,0.032,0,0,0.523,3.322,6.354,0.482,0.311208,0
450152,1.00000250626677e+18,63875743297160,0.012,1.436,0.008,0.013,-0.247,0.033,0.968,NaN,0.088,-0.372,0.924,0,0,0,63.85,NaN,0.138,-0.381,0.914,-0.032,0,0,0.407,2.572,6.314,0.52,NaN,0.112,-0.333,0.936,0.032,0,0,0.521,3.307,6.354,0.489,0.466582,0
450153,1.00000250627177e+18,63875743297160,0.012,1.436,0.008,0.013,-0.247,0.033,0.968,NaN,0.082,-0.374,0.924,0,0,0,63.85,NaN,0.114,-0.382,0.917,-0.032,0,0,0.419,2.647,6.314,0.523,NaN,0.101,-0.354,0.93,0.032,0,0,0.517,3.284,6.354,0.495,2,0
450154,1.00000250627682e+18,63875743297171,0.013,1.436,0.008,0.013,-0.247,0.033,0.968,NaN,0.079,-0.376,0.923,0,0,0,63.85,NaN,0.098,-0.384,0.918,-0.032,0,0,0.428,2.7,6.314,0.526,NaN,0.093,-0.369,0.925,0.032,0,0,0.514,3.269,6.354,0.5,2,0
450155,1.00000250628181e+18,63875743297171,0.013,1.436,0.008,0.013,-0.247,0.033,0.968,NaN,0.077,-0.378,0.922,0,0,0,63.85,NaN,0.089,-0.385,0.919,-0.032,0,0,0.437,2.759,6.314,0.53,NaN,0.088,-0.378,0.922,0.032,0,0,0.513,3.261,6.354,0.505,2,0
450156,1.0000025062868e+18,63875743297171,0.013,1.436,0.008,0.013,-0.247,0.033,0.968,NaN,0.077,-0.38,0.922,0,0,0,63.85,NaN,0.085,-0.387,0.918,-0.032,0,0,0.456,2.88,6.314,0.534,NaN,0.085,-0.387,0.918,0.032,0,0,0.509,3.236,6.354,0.51,2,0
450157,1.00000250629181e+18,63875743297181,0.013,1.436,0.008,0.013,-0.247,0.033,0.968,NaN,0.078,-0.382,0.921,0,0,0,63.85,NaN,0.083,-0.39,0.917,-0.032,0,0,0.471,2.976,6.314,0.538,NaN,0.083,-0.393,0.916,0.032,0,0,0.507,3.222,6.354,0.516,2,0
450158,1.00000250629682e+18,63875743297193,0.013,1.436,0.008,0.013,-0.247,0.033,0.968,NaN,0.079,-0.383,0.921,0,0,0,63.85,NaN,0.082,-0.391,0.917,-0.032,0,0,0.475,2.997,6.314,0.542,NaN,0.083,-0.395,0.915,0.032,0,0,0.506,3.215,6.354,0.521,2,0
450159,1.00000250630185e+18,63875743297193,0.013,1.436,0.008,0.013,-0.247,0.033,0.968,NaN,0.083,-0.381,0.921,0,0,0,63.85,NaN,0.087,-0.388,0.918,-0.032,0,0,0.477,3.009,6.314,0.547,NaN,0.086,-0.385,0.919,0.032,0,0,0.506,3.212,6.354,0.527,2,0
450160,1.00000250630686e+18,63875743297193,0.013,1.436,0.008,0.013,-0.247,0.033,0.968,NaN,0.087,-0.378,0.921,0,0,0,63.85,NaN,0.091,-0.385,0.918,-0.032,0,0,0.478,3.015,6.314,0.552,NaN,0.089,-0.374,0.923,0.032,0,0,0.506,3.213,6.354,0.533,2,0
450161,1.00000250631187e+18,63875743297204,0.013,1.436,0.007,0.013,-0.247,0.033,0.968,NaN,0.091,-0.375,0.923,0,0,0,63.85,NaN,0.095,-0.384,0.919,-0.032,0,0,0.479,3.025,6.314,0.556,NaN,0.092,-0.367,0.926,0.032,0,0,0.506,3.217,6.354,0.539,2,0
450162,1.00000250631688e+18,63875743297204,0.013,1.436,0.007,0.013,-0.247,0.033,0.968,NaN,0.094,-0.37,0.924,0,0,0,63.85,NaN,0.098,-0.38,0.92,-0.032,0,0,0.481,3.035,6.314,0.561,NaN,0.095,-0.361,0.928,0.032,0,0,0.507,3.224,6.354,0.545,2,0
450163,1.00000250632187e+18,63875743297216,0.013,1.436,0.007,0.013,-0.247,0.033,0.968,NaN,0.097,-0.364,0.927,0,0,0,63.85,NaN,0.101,-0.374,0.922,-0.032,0,0,0.482,3.042,6.314,0.566,NaN,0.097,-0.356,0.93,0.032,0,0,0.511,3.244,6.354,0.551,2,0
450164,1.00000250632688e+18,63875743297216,0.013,1.436,0.007,0.013,-0.247,0.033,0.968,NaN,0.1,-0.352,0.931,0,0,0,63.85,NaN,0.105,-0.362,0.926,-0.032,0,0,0.483,3.052,6.314,0.571,NaN,0.099,-0.348,0.932,0.032,0,0,0.516,3.279,6.354,0.557,2,0
450165,1.00000250633193e+18,63875743297226,0.012,1.436,0.007,0.013,-0.247,0.033,0.968,NaN,0.102,-0.336,0.936,0,0,0,63.85,NaN,0.109,-0.345,0.932,-0.032,0,0,0.487,3.078,6.314,0.577,NaN,0.101,-0.343,0.934,0.032,0,0,0.521,3.309,6.354,0.564,2,0
450166,1.00000250633692e+18,63875743297226,0.012,1.436,0.007,0.013,-0.247,0.033,0.968,NaN,0.104,-0.322,0.941,0,0,0,63.85,NaN,0.112,-0.328,0.938,-0.032,0,0,0.478,3.018,6.314,0.584,NaN,0.102,-0.34,0.935,0.032,0,0,0.523,3.326,6.354,0.571,2,0
450167,1.00000250634193e+18,63875743297239,0.013,1.436,0.007,0.013,-0.247,0.033,0.968,NaN,0.107,-0.3,0.948,0,0,0,63.85,NaN,0.115,-0.304,0.946,-0.032,0,0,0.475,3.002,6.314,0.591,NaN,0.105,-0.328,0.939,0.032,0,0,0.525,3.339,6.354,0.579,2,0
450168,1.00000250634701e+18,63875743297239,0.013,1.436,0.007,0.013,-0.247,0.033,0.968,NaN,0.11,-0.281,0.953,0,0,0,63.85,NaN,0.118,-0.284,0.952,-0.032,0,0,0.475,2.996,6.314,0.6,NaN,0.11,-0.311,0.944,0.032,0,0,0.527,3.351,6.354,0.588,2,0
450169,1.00000250635202e+18,63875743297239,0.013,1.436,0.007,0.013,-0.247,0.033,0.968,NaN,0.115,-0.277,0.954,0,0,0,63.85,NaN,0.133,-0.279,0.951,-0.032,0,0,0.485,3.063,6.314,0.609,NaN,0.113,-0.301,0.947,0.032,0,0,0.533,3.384,6.354,0.597,2,0
450170,1.00000250635703e+18,63875743297248,0.013,1.436,0.007,0.013,-0.246,0.034,0.968,NaN,0.12,-0.271,0.955,0,0,0,63.85,NaN,0.146,-0.271,0.951,-0.032,0,0,0.495,3.123,6.314,0.618,NaN,0.118,-0.29,0.95,0.032,0,0,0.536,3.406,6.354,0.606,2,0
450171,1.00000250636204e+18,63875743297248,0.013,1.436,0.007,0.013,-0.246,0.034,0.968,NaN,0.127,-0.268,0.955,0,0,0,63.85,NaN,0.151,-0.268,0.952,-0.032,0,0,0.494,3.12,6.314,0.628,NaN,0.122,-0.283,0.951,0.032,0,0,0.542,3.447,6.354,0.616,2,0
450172,1.00000250636705e+18,63875743297260,0.013,1.436,0.006,0.013,-0.246,0.034,0.969,NaN,0.134,-0.257,0.957,0,0,0,63.85,NaN,0.154,-0.257,0.954,-0.032,0,0,0.49,3.093,6.314,0.637,NaN,0.128,-0.269,0.955,0.032,0,0,0.547,3.473,6.354,0.625,2,0
450173,1.00000250637206e+18,63875743297260,0.013,1.436,0.006,0.013,-0.246,0.034,0.969,NaN,0.139,-0.245,0.96,0,0,0,63.85,NaN,0.156,-0.244,0.957,-0.032,0,0,0.484,3.055,6.314,0.646,NaN,0.133,-0.254,0.958,0.032,0,0,0.552,3.506,6.354,0.635,2,0
450174,1.00000250637701e+18,63875743297270,0.013,1.436,0.006,0.013,-0.246,0.034,0.969,NaN,0.145,-0.228,0.963,0,0,0,63.85,NaN,0.162,-0.227,0.96,-0.032,0,0,0.484,3.053,6.314,0.656,NaN,0.138,-0.235,0.962,0.032,0,0,0.556,3.534,6.354,0.645,2,0
450175,1.00000250638203e+18,63875743297270,0.013,1.436,0.006,0.013,-0.246,0.034,0.969,NaN,0.149,-0.222,0.963,0,0,0,63.85,NaN,0.167,-0.221,0.961,-0.032,0,0,0.485,3.062,6.314,0.669,NaN,0.142,-0.227,0.963,0.032,0,0,0.559,3.553,6.354,0.654,2,0
450176,1.00000250638704e+18,63875743297281,0.013,1.436,0.006,0.013,-0.246,0.035,0.969,NaN,0.152,-0.218,0.964,0,0,0,63.85,NaN,0.17,-0.217,0.961,-0.032,0,0,0.488,3.083,6.314,0.682,NaN,0.145,-0.221,0.964,0.032,0,0,0.561,3.566,6.354,0.663,2,0
450177,1.00000250639206e+18,63875743297281,0.013,1.436,0.006,0.013,-0.246,0.035,0.969,NaN,0.152,-0.213,0.965,0,0,0,63.85,NaN,0.166,-0.212,0.963,-0.032,0,0,0.513,3.242,6.314,0.694,NaN,0.146,-0.216,0.965,0.032,0,0,0.562,3.569,6.354,0.671,2,0
450178,1.00000250639708e+18,63875743297281,0.013,1.436,0.006,0.013,-0.246,0.035,0.969,NaN,0.151,-0.21,0.966,0,0,0,63.85,NaN,0.164,-0.21,0.964,-0.032,0,0,0.517,3.263,6.314,0.705,NaN,0.147,-0.212,0.966,0.032,0,0,0.562,3.569,6.354,0.679,2,0
450179,1.00000250640212e+18,63875743297293,0.013,1.436,0.006,0.012,-0.246,0.035,0.969,NaN,0.151,-0.207,0.967,0,0,0,63.85,NaN,0.162,-0.207,0.965,-0.032,0,0,0.522,3.298,6.314,0.715,NaN,0.147,-0.209,0.967,0.032,0,0,0.561,3.567,6.354,0.687,2,0
450180,1.00000250640714e+18,63875743297293,0.013,1.436,0.006,0.012,-0.246,0.035,0.969,NaN,0.151,-0.2,0.968,0,0,0,63.85,NaN,0.16,-0.199,0.967,-0.032,0,0,0.526,3.321,6.314,0.724,NaN,0.147,-0.201,0.968,0.032,0,0,0.561,3.563,6.354,0.694,2,0
450181,1.00000250641216e+18,63875743297304,0.013,1.436,0.006,0.012,-0.245,0.035,0.969,NaN,0.15,-0.193,0.97,0,0,0,63.85,NaN,0.159,-0.192,0.968,-0.032,0,0,0.543,3.428,6.314,0.732,NaN,0.148,-0.193,0.97,0.032,0,0,0.561,3.564,6.354,0.7,2,0
450182,1.00000250641718e+18,63875743297304,0.013,1.436,0.006,0.012,-0.245,0.035,0.969,NaN,0.15,-0.185,0.971,0,0,0,63.85,NaN,0.158,-0.185,0.97,-0.032,0,0,0.552,3.487,6.314,0.738,NaN,0.148,-0.186,0.971,0.032,0,0,0.561,3.566,6.354,0.705,2,0
450183,1.0000025064222e+18,63875743297315,0.013,1.437,0.006,0.012,-0.245,0.035,0.969,NaN,0.15,-0.187,0.971,0,0,0,63.85,NaN,0.158,-0.187,0.97,-0.032,0,0,0.554,3.498,6.314,0.744,NaN,0.148,-0.188,0.971,0.032,0,0,0.562,3.568,6.354,0.71,2,0
450184,1.00000250642722e+18,63875743297315,0.013,1.437,0.006,0.012,-0.245,0.035,0.969,NaN,0.149,-0.189,0.971,0,0,0,63.85,NaN,0.157,-0.189,0.969,-0.032,0,0,0.555,3.501,6.314,0.742,NaN,0.148,-0.189,0.971,0.032,0,0,0.562,3.569,6.354,0.714,2,0
450185,1.00000250643214e+18,63875743297326,0.013,1.437,0.006,0.012,-0.245,0.035,0.969,NaN,0.149,-0.184,0.972,0,0,0,63.85,NaN,0.157,-0.184,0.97,-0.032,0,0,0.555,3.503,6.314,0.742,NaN,0.148,-0.184,0.972,0.032,0,0,0.562,3.57,6.354,0.717,2,0
450186,1.00000250643718e+18,63875743297326,0.013,1.437,0.006,0.012,-0.245,0.035,0.969,NaN,0.149,-0.18,0.972,0,0,0,63.85,NaN,0.157,-0.18,0.971,-0.032,0,0,0.555,3.503,6.314,0.741,NaN,0.147,-0.18,0.973,0.032,0,0,0.562,3.571,6.354,0.72,2,0
450187,1.00000250644221e+18,63875743297337,0.013,1.437,0.006,0.011,-0.244,0.035,0.969,NaN,0.149,-0.177,0.973,0,0,0,63.85,NaN,0.156,-0.177,0.972,-0.032,0,0,0.555,3.503,6.314,0.741,NaN,0.147,-0.178,0.973,0.032,0,0,0.562,3.573,6.354,0.722,2,0
450188,1.00000250644719e+18,63875743297337,0.013,1.437,0.006,0.011,-0.244,0.035,0.969,NaN,0.148,-0.175,0.973,0,0,0,63.85,NaN,0.155,-0.175,0.972,-0.032,0,0,0.555,3.502,6.314,0.741,NaN,0.147,-0.175,0.973,0.032,0,0,0.563,3.574,6.354,0.725,2,0
450189,1.00000250645221e+18,63875743297337,0.013,1.437,0.006,0.011,-0.244,0.035,0.969,NaN,0.148,-0.172,0.974,0,0,0,63.85,NaN,0.154,-0.171,0.973,-0.032,0,0,0.555,3.503,6.314,0.74,NaN,0.147,-0.172,0.974,0.032,0,0,0.563,3.575,6.354,0.727,2,0
450190,1.00000250645724e+18,63875743297348,0.013,1.437,0.006,0.011,-0.244,0.035,0.969,NaN,0.147,-0.17,0.974,0,0,0,63.85,NaN,0.153,-0.17,0.973,-0.032,0,0,0.564,3.558,6.314,0.74,NaN,0.146,-0.17,0.975,0.032,0,0,0.564,3.584,6.354,0.728,2,0
450191,1.00000250646226e+18,63875743297348,0.013,1.437,0.006,0.011,-0.244,0.035,0.969,NaN,0.147,-0.172,0.974,0,0,0,63.85,NaN,0.152,-0.171,0.973,-0.032,0,0,0.565,3.564,6.314,0.739,NaN,0.146,-0.172,0.974,0.032,0,0,0.566,3.595,6.354,0.729,2,0
450192,1.00000250646729e+18,63875743297359,0.013,1.437,0.006,0.011,-0.244,0.035,0.969,NaN,0.148,-0.175,0.973,0,0,0,63.85,NaN,0.153,-0.175,0.973,-0.032,0,0,0.577,3.643,6.314,0.739,NaN,0.147,-0.175,0.974,0.032,0,0,0.575,3.651,6.354,0.731,2,0
450193,1.00000250647231e+18,63875743297360,0.013,1.437,0.006,0.011,-0.244,0.035,0.969,NaN,0.154,-0.184,0.971,0,0,0,63.85,NaN,0.154,-0.184,0.971,-0.032,0,0,0.557,3.515,6.314,0.737,NaN,0.154,-0.184,0.971,0.032,0,0,0.574,3.649,6.354,0.732,2,0
450194,1.00000250647733e+18,63875743297371,0.014,1.437,0.005,0.01,-0.243,0.034,0.969,NaN,0.165,-0.187,0.969,0,0,0,63.85,NaN,0.161,-0.187,0.969,-0.032,0,0,0.546,3.445,6.314,0.735,NaN,0.165,-0.187,0.968,0.032,0,0,0.595,3.781,6.354,0.733,2,0
450195,1.00000250648232e+18,63875743297371,0.014,1.437,0.005,0.01,-0.243,0.034,0.969,NaN,0.179,-0.19,0.965,0,0,0,63.85,NaN,0.172,-0.19,0.967,-0.032,0,0,0.566,3.573,6.314,0.733,NaN,0.18,-0.19,0.965,0.032,0,0,0.585,3.718,6.354,0.735,2,0
450196,1.00000250648729e+18,63875743297383,0.014,1.437,0.005,0.01,-0.243,0.034,0.969,NaN,0.197,-0.195,0.961,0,0,0,63.85,NaN,0.189,-0.196,0.962,-0.032,0,0,0.582,3.672,6.314,0.731,NaN,0.199,-0.195,0.96,0.032,0,0,0.592,3.763,6.354,0.736,2,0
450197,1.00000250649231e+18,63875743297383,0.014,1.437,0.005,0.01,-0.243,0.034,0.969,NaN,0.215,-0.204,0.955,0,0,0,63.85,NaN,0.207,-0.205,0.957,-0.032,0,0,0.581,3.668,6.314,0.728,NaN,0.216,-0.204,0.955,0.032,0,0,0.601,3.815,6.354,0.738,2,0
450198,1.00000250649738e+18,63875743297383,0.014,1.437,0.005,0.01,-0.243,0.034,0.969,NaN,0.231,-0.212,0.949,0,0,0,63.85,NaN,0.225,-0.212,0.951,-0.032,0,0,0.581,3.666,6.314,0.727,NaN,0.233,-0.212,0.949,0.032,0,0,0.607,3.857,6.354,0.739,2,0
450199,1.00000250650241e+18,63875743297394,0.014,1.437,0.005,0.01,-0.243,0.034,0.969,NaN,0.245,-0.22,0.944,0,0,0,63.85,NaN,0.24,-0.22,0.946,-0.032,0,0,0.581,3.667,6.314,0.726,NaN,0.246,-0.22,0.944,0.032,0,0,0.612,3.889,6.354,0.741,2,0
450200,1.00000250650736e+18,63875743297394,0.014,1.437,0.005,0.01,-0.243,0.034,0.969,NaN,0.254,-0.234,0.938,0,0,0,63.85,NaN,0.251,-0.235,0.939,-0.032,0,0,0.583,3.68,6.314,0.726,NaN,0.255,-0.234,0.938,0.032,0,0,0.588,3.734,6.354,0.743,2,0
450201,1.0000025065124e+18,63875743297405,0.014,1.437,0.005,0.01,-0.242,0.033,0.97,NaN,0.26,-0.247,0.933,0,0,0,63.85,NaN,0.258,-0.247,0.934,-0.032,0,0,0.584,3.688,6.314,0.726,NaN,0.261,-0.247,0.933,0.032,0,0,0.582,3.7,6.354,0.745,2,0
450202,1.00000250651743e+18,63875743297416,0.014,1.436,0.005,0.01,-0.242,0.033,0.97,NaN,0.264,-0.256,0.93,0,0,0,63.85,NaN,0.263,-0.256,0.93,-0.032,0,0,0.585,3.697,6.314,0.726,NaN,0.265,-0.256,0.93,0.032,0,0,0.581,3.691,6.354,0.746,2,0
450203,1.00000250652247e+18,63875743297416,0.014,1.436,0.005,0.01,-0.242,0.033,0.97,NaN,0.267,-0.263,0.927,0,0,0,63.85,NaN,0.266,-0.263,0.927,-0.032,0,0,0.586,3.702,6.314,0.726,NaN,0.268,-0.263,0.927,0.032,0,0,0.579,3.68,6.354,0.747,2,0
450204,1.00000250652749e+18,63875743297416,0.014,1.436,0.005,0.01,-0.242,0.033,0.97,NaN,0.27,-0.268,0.925,0,0,0,63.85,NaN,0.269,-0.268,0.925,-0.032,0,0,0.586,3.703,6.314,0.726,NaN,0.27,-0.268,0.925,0.032,0,0,0.578,3.674,6.354,0.749,2,0
450205,1.00000250653244e+18,63875743297427,0.014,1.436,0.005,0.009,-0.242,0.033,0.97,NaN,0.275,-0.283,0.919,0,0,0,63.85,NaN,0.274,-0.283,0.919,-0.032,0,0,0.586,3.701,6.314,0.727,NaN,0.275,-0.283,0.919,0.032,0,0,0.576,3.661,6.354,0.75,2,0
450206,1.00000250653746e+18,63875743297427,0.014,1.436,0.005,0.009,-0.242,0.033,0.97,NaN,0.278,-0.294,0.914,0,0,0,63.85,NaN,0.278,-0.294,0.915,-0.032,0,0,0.585,3.696,6.314,0.727,NaN,0.278,-0.294,0.914,0.032,0,0,0.574,3.65,6.354,0.752,2,0
450207,1.00000250654249e+18,63875743297438,0.014,1.436,0.005,0.009,-0.242,0.033,0.97,NaN,0.28,-0.302,0.911,0,0,0,63.85,NaN,0.28,-0.302,0.911,-0.032,0,0,0.583,3.682,6.314,0.727,NaN,0.28,-0.302,0.911,0.032,0,0,0.573,3.643,6.354,0.753,2,0
450208,1.00000250654749e+18,63875743297438,0.014,1.436,0.005,0.009,-0.242,0.033,0.97,NaN,0.282,-0.307,0.909,0,0,0,63.85,NaN,0.282,-0.307,0.909,-0.032,0,0,0.58,3.664,6.314,0.728,NaN,0.282,-0.307,0.909,0.032,0,0,0.573,3.639,6.354,0.755,2,0
450209,1.00000250655253e+18,63875743297448,0.014,1.436,0.005,0.009,-0.242,0.032,0.97,NaN,0.283,-0.311,0.907,0,0,0,63.85,NaN,0.283,-0.311,0.907,-0.032,0,0,0.578,3.652,6.314,0.728,NaN,0.283,-0.311,0.907,0.032,0,0,0.572,3.636,6.354,0.757,2,0
450210,1.00000250655752e+18,63875743297448,0.014,1.436,0.005,0.009,-0.242,0.032,0.97,NaN,0.283,-0.313,0.907,0,0,0,63.85,NaN,0.283,-0.313,0.907,-0.032,0,0,0.578,3.647,6.314,0.729,NaN,0.283,-0.313,0.906,0.032,0,0,0.572,3.635,6.354,0.759,2,0
450211,1.00000250656245e+18,63875743297461,0.014,1.436,0.005,0.009,-0.241,0.032,0.97,NaN,0.284,-0.314,0.906,0,0,0,63.85,NaN,0.284,-0.314,0.906,-0.032,0,0,0.577,3.644,6.314,0.73,NaN,0.284,-0.314,0.906,0.032,0,0,0.572,3.633,6.354,0.761,2,0
450212,1.00000250656752e+18,63875743297461,0.014,1.436,0.005,0.009,-0.241,0.032,0.97,NaN,0.282,-0.313,0.907,0,0,0,63.85,NaN,0.282,-0.313,0.907,-0.032,0,0,0.576,3.637,6.314,0.731,NaN,0.282,-0.313,0.907,0.032,0,0,0.572,3.632,6.354,0.763,2,0
450213,1.00000250657255e+18,63875743297461,0.014,1.436,0.005,0.009,-0.241,0.032,0.97,NaN,0.281,-0.313,0.907,0,0,0,63.85,NaN,0.281,-0.313,0.907,-0.032,0,0,0.575,3.627,6.314,0.731,NaN,0.281,-0.313,0.907,0.032,0,0,0.572,3.632,6.354,0.765,2,0
450214,1.00000250657758e+18,63875743297471,0.014,1.436,0.005,0.009,-0.241,0.032,0.97,NaN,0.281,-0.313,0.907,0,0,0,63.85,NaN,0.28,-0.313,0.907,-0.032,0,0,0.573,3.619,6.314,0.733,NaN,0.281,-0.313,0.907,0.032,0,0,0.572,3.632,6.354,0.767,2,0
450215,1.00000250658261e+18,63875743297471,0.014,1.436,0.005,0.009,-0.241,0.032,0.97,NaN,0.279,-0.31,0.909,0,0,0,63.85,NaN,0.279,-0.31,0.909,-0.032,0,0,0.573,3.615,6.314,0.734,NaN,0.279,-0.31,0.909,0.032,0,0,0.572,3.635,6.354,0.769,2,0
450216,1.00000250658753e+18,63875743297483,0.014,1.436,0.005,0.009,-0.241,0.032,0.97,NaN,0.279,-0.309,0.909,0,0,0,63.85,NaN,0.279,-0.309,0.909,-0.032,0,0,0.572,3.612,6.314,0.735,NaN,0.279,-0.309,0.909,0.032,0,0,0.572,3.636,6.354,0.771,2,0
450217,1.00000250659255e+18,63875743297483,0.014,1.436,0.005,0.009,-0.241,0.032,0.97,NaN,0.278,-0.308,0.91,0,0,0,63.85,NaN,0.278,-0.308,0.91,-0.032,0,0,0.572,3.612,6.314,0.736,NaN,0.278,-0.308,0.91,0.032,0,0,0.573,3.638,6.354,0.773,2,0
450218,1.00000250659755e+18,63875743297483,0.014,1.436,0.005,0.009,-0.241,0.032,0.97,NaN,0.277,-0.307,0.91,0,0,0,63.85,NaN,0.277,-0.307,0.91,-0.032,0,0,0.572,3.612,6.314,0.738,NaN,0.277,-0.307,0.91,0.032,0,0,0.573,3.641,6.354,0.774,2,0
450219,1.00000250660257e+18,63875743297494,0.014,1.436,0.005,0.008,-0.241,0.031,0.97,NaN,0.277,-0.306,0.911,0,0,0,63.85,NaN,0.277,-0.306,0.911,-0.032,0,0,0.572,3.614,6.314,0.739,NaN,0.277,-0.306,0.911,0.032,0,0,0.573,3.642,6.354,0.776,2,0.159914
450220,1.00000250660759e+18,63875743297494,0.014,1.436,0.005,0.008,-0.241,0.031,0.97,NaN,0.276,-0.306,0.911,0,0,0,63.85,NaN,0.276,-0.306,0.911,-0.032,0,0,0.573,3.617,6.314,0.741,NaN,0.276,-0.306,0.911,0.032,0,0,0.573,3.643,6.354,0.778,2,0.1806781
450221,1.0000025066126e+18,63875743297505,0.014,1.436,0.005,0.008,-0.241,0.031,0.97,NaN,0.276,-0.305,0.911,0,0,0,63.85,NaN,0.276,-0.305,0.911,-0.032,0,0,0.573,3.618,6.314,0.742,NaN,0.276,-0.305,0.911,0.032,0,0,0.573,3.644,6.354,0.779,2,0.1905974
450222,1.00000250661762e+18,63875743297505,0.014,1.436,0.005,0.008,-0.241,0.031,0.97,NaN,0.276,-0.305,0.912,0,0,0,63.85,NaN,0.276,-0.305,0.912,-0.032,0,0,0.573,3.621,6.314,0.744,NaN,0.276,-0.305,0.912,0.032,0,0,0.574,3.648,6.354,0.781,2,0.2070483
450223,1.00000250662264e+18,63875743297516,0.014,1.436,0.005,0.008,-0.241,0.031,0.97,NaN,0.276,-0.305,0.912,0,0,0,63.85,NaN,0.276,-0.305,0.912,-0.032,0,0,0.574,3.623,6.314,0.745,NaN,0.276,-0.305,0.912,0.032,0,0,0.575,3.652,6.354,0.782,2,0.2378843
450224,1.00000250662766e+18,63875743297516,0.014,1.436,0.005,0.008,-0.241,0.031,0.97,NaN,0.275,-0.305,0.912,0,0,0,63.85,NaN,0.275,-0.305,0.912,-0.032,0,0,0.574,3.624,6.314,0.746,NaN,0.275,-0.305,0.912,0.032,0,0,0.575,3.654,6.354,0.784,2,0.7675887
450225,1.00000250663266e+18,63875743297527,0.014,1.436,0.005,0.008,-0.241,0.031,0.97,NaN,0.275,-0.304,0.912,0,0,0,63.85,NaN,0.275,-0.304,0.912,-0.032,0,0,0.574,3.627,6.314,0.748,NaN,0.275,-0.304,0.912,0.032,0,0,0.575,3.656,6.354,0.785,2,0.7934413
450226,1.0000025066377e+18,63875743297527,0.014,1.436,0.005,0.008,-0.241,0.031,0.97,NaN,0.275,-0.304,0.912,0,0,0,63.85,NaN,0.275,-0.304,0.912,-0.032,0,0,0.575,3.628,6.314,0.749,NaN,0.275,-0.304,0.912,0.032,0,0,0.576,3.659,6.354,0.786,2,0.8213095
450227,1.00000250664273e+18,63875743297537,0.014,1.435,0.005,0.008,-0.241,0.031,0.97,NaN,0.275,-0.304,0.912,0,0,0,63.85,NaN,0.275,-0.304,0.912,-0.032,0,0,0.575,3.63,6.314,0.75,NaN,0.275,-0.304,0.912,0.032,0,0,0.576,3.662,6.354,0.787,2,0.8122508
450228,1.00000250664777e+18,63875743297548,0.013,1.435,0.005,0.009,-0.241,0.03,0.97,NaN,0.275,-0.304,0.912,0,0,0,63.85,NaN,0.274,-0.304,0.912,-0.032,0,0,0.575,3.631,6.314,0.751,NaN,0.275,-0.304,0.912,0.032,0,0,0.577,3.664,6.354,0.789,2,0.8150629
450229,1.0000025066528e+18,63875743297548,0.013,1.435,0.005,0.009,-0.241,0.03,0.97,NaN,0.274,-0.303,0.913,0,0,0,63.85,NaN,0.274,-0.303,0.913,-0.032,0,0,0.575,3.634,6.314,0.752,NaN,0.274,-0.303,0.913,0.032,0,0,0.577,3.666,6.354,0.79,2,0.8188245
450230,1.00000250665784e+18,63875743297548,0.013,1.435,0.005,0.009,-0.241,0.03,0.97,NaN,0.274,-0.303,0.913,0,0,0,63.85,NaN,0.274,-0.303,0.913,-0.032,0,0,0.576,3.638,6.314,0.753,NaN,0.274,-0.303,0.913,0.032,0,0,0.577,3.667,6.354,0.791,2,0.8284252
450231,1.00000250666274e+18,63875743297559,0.013,1.435,0.005,0.009,-0.242,0.03,0.97,NaN,0.274,-0.303,0.913,0,0,0,63.85,NaN,0.274,-0.303,0.913,-0.032,0,0,0.577,3.641,6.314,0.754,NaN,0.274,-0.303,0.913,0.032,0,0,0.577,3.667,6.354,0.792,2,0.9616548
450232,1.00000250666777e+18,63875743297559,0.013,1.435,0.005,0.009,-0.242,0.03,0.97,NaN,0.274,-0.303,0.913,0,0,0,63.85,NaN,0.274,-0.303,0.913,-0.032,0,0,0.577,3.644,6.314,0.754,NaN,0.274,-0.303,0.913,0.032,0,0,0.577,3.669,6.354,0.792,2,0.9659722
450233,1.0000025066728e+18,63875743297559,0.013,1.435,0.005,0.009,-0.242,0.03,0.97,NaN,0.274,-0.303,0.913,0,0,0,63.85,NaN,0.274,-0.303,0.913,-0.032,0,0,0.578,3.647,6.314,0.755,NaN,0.274,-0.303,0.913,0.032,0,0,0.578,3.67,6.354,0.793,2,0.9683382
450234,1.00000250667777e+18,63875743297570,0.013,1.435,0.005,0.009,-0.242,0.03,0.97,NaN,0.274,-0.303,0.913,0,0,0,63.85,NaN,0.274,-0.303,0.913,-0.032,0,0,0.578,3.649,6.314,0.756,NaN,0.274,-0.303,0.913,0.032,0,0,0.578,3.67,6.354,0.794,2,1
450235,1.0000025066828e+18,63875743297570,0.013,1.435,0.005,0.009,-0.242,0.03,0.97,NaN,0.274,-0.303,0.913,0,0,0,63.85,NaN,0.274,-0.303,0.913,-0.032,0,0,0.578,3.653,6.314,0.757,NaN,0.274,-0.303,0.913,0.032,0,0,0.578,3.671,6.354,0.795,2,1
450236,1.00000250668778e+18,63875743297581,0.013,1.435,0.005,0.009,-0.242,0.03,0.97,NaN,0.273,-0.303,0.913,0,0,0,63.85,NaN,0.273,-0.303,0.913,-0.032,0,0,0.579,3.655,6.314,0.758,NaN,0.273,-0.303,0.913,0.032,0,0,0.578,3.671,6.354,0.795,2,1
450237,1.00000250669279e+18,63875743297581,0.013,1.435,0.005,0.009,-0.242,0.03,0.97,NaN,0.273,-0.303,0.913,0,0,0,63.85,NaN,0.273,-0.303,0.913,-0.032,0,0,0.579,3.657,6.314,0.758,NaN,0.273,-0.303,0.913,0.032,0,0,0.578,3.671,6.354,0.796,2,1
450238,1.00000250669785e+18,63875743297592,0.013,1.435,0.005,0.009,-0.242,0.03,0.97,NaN,0.273,-0.303,0.913,0,0,0,63.85,NaN,0.273,-0.303,0.913,-0.032,0,0,0.579,3.658,6.314,0.759,NaN,0.273,-0.303,0.913,0.032,0,0,0.578,3.671,6.354,0.797,2,1
450239,1.00000250670286e+18,63875743297592,0.013,1.435,0.005,0.009,-0.242,0.03,0.97,NaN,0.273,-0.302,0.913,0,0,0,63.85,NaN,0.273,-0.302,0.913,-0.032,0,0,0.58,3.662,6.314,0.759,NaN,0.273,-0.302,0.913,0.032,0,0,0.578,3.671,6.354,0.797,2,0.9734513
450240,1.0000025067079e+18,63875743297592,0.013,1.435,0.005,0.009,-0.242,0.03,0.97,NaN,0.272,-0.302,0.914,0,0,0,63.85,NaN,0.272,-0.302,0.914,-0.032,0,0,0.581,3.667,6.314,0.76,NaN,0.272,-0.302,0.914,0.032,0,0,0.578,3.671,6.354,0.798,2,0.9693481
450241,1.0000025067129e+18,63875743297604,0.013,1.435,0.005,0.01,-0.242,0.03,0.97,NaN,0.272,-0.302,0.914,0,0,0,63.85,NaN,0.272,-0.302,0.914,-0.032,0,0,0.582,3.674,6.314,0.76,NaN,0.272,-0.302,0.914,0.032,0,0,0.578,3.672,6.354,0.798,2,0.9614508
450242,1.00000250671787e+18,63875743297604,0.013,1.435,0.005,0.01,-0.242,0.03,0.97,NaN,0.272,-0.301,0.914,0,0,0,63.85,NaN,0.272,-0.301,0.914,-0.032,0,0,0.583,3.68,6.314,0.761,NaN,0.272,-0.301,0.914,0.032,0,0,0.578,3.672,6.354,0.799,2,0.9586576
450243,1.00000250672287e+18,63875743297615,0.013,1.435,0.006,0.01,-0.242,0.03,0.97,NaN,0.272,-0.301,0.914,0,0,0,63.85,NaN,0.272,-0.301,0.914,-0.032,0,0,0.584,3.687,6.314,0.761,NaN,0.272,-0.301,0.914,0.032,0,0,0.578,3.672,6.354,0.799,2,0.9626423
450244,1.00000250672786e+18,63875743297615,0.013,1.435,0.006,0.01,-0.242,0.03,0.97,NaN,0.271,-0.3,0.914,0,0,0,63.85,NaN,0.271,-0.3,0.914,-0.032,0,0,0.585,3.691,6.314,0.762,NaN,0.271,-0.3,0.914,0.032,0,0,0.578,3.674,6.354,0.8,2,0.9662364
450245,1.00000250673287e+18,63875743297625,0.013,1.434,0.006,0.011,-0.242,0.03,0.97,NaN,0.271,-0.3,0.915,0,0,0,63.85,NaN,0.271,-0.3,0.915,-0.032,0,0,0.585,3.693,6.314,0.762,NaN,0.271,-0.3,0.915,0.032,0,0,0.578,3.675,6.354,0.8,2,0.961924
450246,1.00000250673789e+18,63875743297636,0.013,1.434,0.006,0.011,-0.242,0.03,0.97,NaN,0.271,-0.3,0.915,0,0,0,63.85,NaN,0.271,-0.3,0.915,-0.032,0,0,0.585,3.694,6.314,0.762,NaN,0.271,-0.3,0.915,0.032,0,0,0.578,3.675,6.354,0.8,2,0.9615392
450247,1.00000250674292e+18,63875743297636,0.013,1.434,0.006,0.011,-0.242,0.03,0.97,NaN,0.271,-0.3,0.915,0,0,0,63.85,NaN,0.271,-0.3,0.915,-0.032,0,0,0.585,3.695,6.314,0.762,NaN,0.271,-0.3,0.915,0.032,0,0,0.579,3.676,6.354,0.8,2,0.9636245
450248,1.00000250674793e+18,63875743297648,0.013,1.434,0.006,0.011,-0.242,0.03,0.97,NaN,0.271,-0.299,0.915,0,0,0,63.85,NaN,0.271,-0.299,0.915,-0.032,0,0,0.585,3.696,6.314,0.762,NaN,0.271,-0.299,0.915,0.032,0,0,0.579,3.677,6.354,0.801,2,0.9509002
450249,1.00000250675294e+18,63875743297648,0.013,1.434,0.006,0.011,-0.242,0.03,0.97,NaN,0.271,-0.299,0.915,0,0,0,63.85,NaN,0.271,-0.299,0.915,-0.032,0,0,0.585,3.696,6.314,0.763,NaN,0.271,-0.299,0.915,0.032,0,0,0.579,3.677,6.354,0.801,2,0.8217081
450250,1.00000250675795e+18,63875743297659,0.013,1.434,0.006,0.012,-0.242,0.031,0.97,NaN,0.272,-0.298,0.915,0,0,0,63.85,NaN,0.272,-0.298,0.915,-0.032,0,0,0.591,3.732,6.314,0.763,NaN,0.272,-0.298,0.915,0.032,0,0,0.579,3.679,6.354,0.801,2,0.7121501
450251,1.00000250676299e+18,63875743297659,0.013,1.434,0.006,0.012,-0.242,0.031,0.97,NaN,0.269,-0.298,0.916,0,0,0,63.85,NaN,0.269,-0.298,0.916,-0.032,0,0,0.588,3.71,6.314,0.763,NaN,0.269,-0.298,0.916,0.032,0,0,0.581,3.692,6.354,0.801,2,0.2463811
450252,1.00000250676799e+18,63875743297671,0.012,1.434,0.006,0.012,-0.242,0.031,0.97,NaN,0.259,-0.299,0.919,0,0,0,63.85,NaN,0.259,-0.299,0.919,-0.032,0,0,0.591,3.734,6.314,0.763,NaN,0.259,-0.299,0.919,0.032,0,0,0.584,3.708,6.354,0.802,2,0
450253,1.000002506773e+18,63875743297671,0.012,1.434,0.006,0.012,-0.242,0.031,0.97,NaN,0.239,-0.3,0.924,0,0,0,63.85,NaN,0.239,-0.3,0.924,-0.032,0,0,0.608,3.842,6.314,0.765,NaN,0.239,-0.3,0.924,0.032,0,0,0.584,3.713,6.354,0.802,2,0
450254,1.000002506778e+18,63875743297671,0.012,1.434,0.006,0.012,-0.242,0.031,0.97,NaN,0.218,-0.302,0.928,0,0,0,63.85,NaN,0.218,-0.302,0.928,-0.032,0,0,0.595,3.758,6.314,0.766,NaN,0.218,-0.302,0.928,0.032,0,0,0.588,3.738,6.354,0.802,2,0
450255,1.00000250678301e+18,63875743297681,0.012,1.434,0.006,0.012,-0.242,0.031,0.97,NaN,0.191,-0.304,0.933,0,0,0,63.85,NaN,0.191,-0.304,0.933,-0.032,0,0,0.595,3.758,6.314,0.767,NaN,0.191,-0.304,0.933,0.032,0,0,0.589,3.741,6.354,0.802,2,0
450256,1.00000250678801e+18,63875743297681,0.012,1.434,0.006,0.012,-0.242,0.031,0.97,NaN,0.153,-0.305,0.94,0,0,0,63.85,NaN,0.153,-0.305,0.94,-0.032,0,0,0.6,3.79,6.314,0.767,NaN,0.153,-0.305,0.94,0.032,0,0,0.591,3.756,6.354,0.802,2,0
450257,1.00000250679301e+18,63875743297681,0.012,1.434,0.006,0.012,-0.242,0.031,0.97,NaN,0.122,-0.305,0.945,0,0,0,63.85,NaN,0.122,-0.305,0.945,-0.032,0,0,0.602,3.801,6.314,0.769,NaN,0.122,-0.305,0.945,0.032,0,0,0.592,3.764,6.354,0.801,2,0
450258,1.00000250679807e+18,63875743297692,0.012,1.434,0.006,0.013,-0.242,0.031,0.97,NaN,0.097,-0.304,0.948,0,0,0,63.85,NaN,0.097,-0.304,0.948,-0.032,0,0,0.609,3.844,6.314,0.77,NaN,0.097,-0.304,0.948,0.032,0,0,0.593,3.765,6.354,0.801,2,0
450259,1.00000250680307e+18,63875743297692,0.012,1.434,0.006,0.013,-0.242,0.031,0.97,NaN,0.081,-0.302,0.95,0,0,0,63.85,NaN,0.081,-0.302,0.95,-0.032,0,0,0.612,3.864,6.314,0.772,NaN,0.081,-0.302,0.95,0.032,0,0,0.593,3.766,6.354,0.8,2,0
450260,1.00000250680808e+18,63875743297704,0.012,1.434,0.006,0.013,-0.242,0.031,0.97,NaN,0.07,-0.301,0.951,0,0,0,63.85,NaN,0.07,-0.301,0.951,-0.032,0,0,0.614,3.875,6.314,0.774,NaN,0.07,-0.301,0.951,0.032,0,0,0.593,3.766,6.354,0.8,2,0
450261,1.0000025068131e+18,63875743297704,0.012,1.434,0.006,0.013,-0.242,0.031,0.97,NaN,0.062,-0.3,0.952,0,0,0,63.85,NaN,0.062,-0.3,0.952,-0.032,0,0,0.614,3.877,6.314,0.776,NaN,0.062,-0.3,0.952,0.032,0,0,0.593,3.766,6.354,0.799,2,0
450262,1.00000250681811e+18,63875743297704,0.012,1.434,0.006,0.013,-0.242,0.031,0.97,NaN,0.057,-0.299,0.953,0,0,0,63.85,NaN,0.057,-0.299,0.953,-0.032,0,0,0.614,3.878,6.314,0.778,NaN,0.057,-0.299,0.953,0.032,0,0,0.593,3.766,6.354,0.799,2,0
450263,1.00000250682311e+18,63875743297715,0.012,1.434,0.006,0.014,-0.242,0.031,0.97,NaN,0.06,-0.299,0.952,0,0,0,63.85,NaN,0.06,-0.299,0.952,-0.032,0,0,0.614,3.876,6.314,0.781,NaN,0.06,-0.299,0.952,0.032,0,0,0.593,3.766,6.354,0.799,2,0
450264,1.00000250682812e+18,63875743297715,0.012,1.434,0.006,0.014,-0.242,0.031,0.97,NaN,0.061,-0.3,0.952,0,0,0,63.85,NaN,0.061,-0.3,0.952,-0.032,0,0,0.615,3.882,6.314,0.783,NaN,0.061,-0.3,0.952,0.032,0,0,0.593,3.766,6.354,0.799,2,0
450265,1.00000250683312e+18,63875743297725,0.012,1.434,0.006,0.014,-0.242,0.031,0.97,NaN,0.06,-0.3,0.952,0,0,0,63.85,NaN,0.06,-0.3,0.952,-0.032,0,0,0.616,3.886,6.314,0.786,NaN,0.06,-0.3,0.952,0.032,0,0,0.593,3.766,6.354,0.799,2,0
450266,1.00000250683814e+18,63875743297726,0.012,1.434,0.006,0.014,-0.242,0.031,0.97,NaN,0.06,-0.3,0.952,0,0,0,63.85,NaN,0.06,-0.3,0.952,-0.032,0,0,0.616,3.887,6.314,0.788,NaN,0.06,-0.3,0.952,0.032,0,0,0.593,3.766,6.354,0.798,2,0
450267,1.00000250684315e+18,63875743297736,0.012,1.434,0.006,0.014,-0.242,0.031,0.97,NaN,0.06,-0.301,0.952,0,0,0,63.85,NaN,0.06,-0.301,0.952,-0.032,0,0,0.616,3.887,6.314,0.791,NaN,0.06,-0.301,0.952,0.032,0,0,0.593,3.765,6.354,0.798,2,0
450268,1.00000250684816e+18,63875743297748,0.012,1.434,0.006,0.014,-0.243,0.032,0.97,NaN,0.056,-0.299,0.952,0,0,0,63.85,NaN,0.056,-0.299,0.952,-0.032,0,0,0.616,3.889,6.314,0.793,NaN,0.056,-0.299,0.952,0.032,0,0,0.592,3.762,6.354,0.798,2,0
450269,1.0000025068532e+18,63875743297748,0.012,1.434,0.006,0.014,-0.243,0.032,0.97,NaN,0.053,-0.298,0.953,0,0,0,63.85,NaN,0.053,-0.298,0.953,-0.032,0,0,0.617,3.896,6.314,0.795,NaN,0.053,-0.298,0.953,0.032,0,0,0.592,3.759,6.354,0.798,2,0
450270,1.00000250685821e+18,63875743297748,0.012,1.434,0.006,0.014,-0.243,0.032,0.97,NaN,0.055,-0.299,0.953,0,0,0,63.85,NaN,0.055,-0.299,0.953,-0.032,0,0,0.62,3.912,6.314,0.797,NaN,0.055,-0.299,0.953,0.032,0,0,0.591,3.756,6.354,0.798,2,0
450271,1.00000250686324e+18,63875743297759,0.012,1.434,0.006,0.015,-0.243,0.032,0.969,NaN,0.057,-0.299,0.952,0,0,0,63.85,NaN,0.057,-0.299,0.952,-0.032,0,0,0.619,3.911,6.314,0.799,NaN,0.057,-0.299,0.952,0.032,0,0,0.591,3.753,6.354,0.798,2,0
450272,1.00000250686825e+18,63875743297759,0.012,1.434,0.006,0.015,-0.243,0.032,0.969,NaN,0.058,-0.3,0.952,0,0,0,63.85,NaN,0.058,-0.3,0.952,-0.032,0,0,0.617,3.897,6.314,0.801,NaN,0.058,-0.3,0.952,0.032,0,0,0.59,3.75,6.354,0.798,2,0
450273,1.00000250687327e+18,63875743297770,0.012,1.434,0.006,0.015,-0.243,0.032,0.969,NaN,0.059,-0.3,0.952,0,0,0,63.85,NaN,0.059,-0.3,0.952,-0.032,0,0,0.615,3.884,6.314,0.802,NaN,0.059,-0.3,0.952,0.032,0,0,0.59,3.749,6.354,0.798,2,0
450274,1.00000250687827e+18,63875743297771,0.012,1.434,0.006,0.015,-0.243,0.032,0.969,NaN,0.056,-0.299,0.952,0,0,0,63.85,NaN,0.056,-0.299,0.952,-0.032,0,0,0.615,3.883,6.314,0.804,NaN,0.056,-0.299,0.952,0.032,0,0,0.59,3.748,6.354,0.798,2,0
450275,1.00000250688326e+18,63875743297781,0.012,1.434,0.006,0.015,-0.243,0.032,0.969,NaN,0.058,-0.3,0.952,0,0,0,63.85,NaN,0.058,-0.3,0.952,-0.032,0,0,0.614,3.879,6.314,0.805,NaN,0.058,-0.3,0.952,0.032,0,0,0.59,3.748,6.354,0.798,2,0
450276,1.00000250688827e+18,63875743297781,0.012,1.434,0.006,0.015,-0.243,0.032,0.969,NaN,0.059,-0.3,0.952,0,0,0,63.85,NaN,0.059,-0.3,0.952,-0.032,0,0,0.614,3.878,6.314,0.806,NaN,0.059,-0.3,0.952,0.032,0,0,0.59,3.747,6.354,0.798,2,0
450277,1.00000250689326e+18,63875743297781,0.012,1.434,0.006,0.015,-0.243,0.032,0.969,NaN,0.06,-0.3,0.952,0,0,0,63.85,NaN,0.06,-0.3,0.952,-0.032,0,0,0.614,3.875,6.314,0.807,NaN,0.06,-0.3,0.952,0.032,0,0,0.59,3.747,6.354,0.798,2,0
450278,1.00000250689828e+18,63875743297792,0.012,1.434,0.006,0.016,-0.243,0.032,0.969,NaN,0.06,-0.301,0.952,0,0,0,63.85,NaN,0.06,-0.301,0.952,-0.032,0,0,0.612,3.867,6.314,0.808,NaN,0.06,-0.301,0.952,0.032,0,0,0.59,3.747,6.354,0.798,2,0
450279,1.00000250690329e+18,63875743297792,0.012,1.434,0.006,0.016,-0.243,0.032,0.969,NaN,0.061,-0.301,0.952,0,0,0,63.85,NaN,0.061,-0.301,0.952,-0.032,0,0,0.612,3.867,6.314,0.809,NaN,0.061,-0.301,0.952,0.032,0,0,0.59,3.747,6.354,0.798,2,0
450280,1.00000250690831e+18,63875743297803,0.012,1.434,0.006,0.016,-0.243,0.032,0.969,NaN,0.061,-0.301,0.952,0,0,0,63.85,NaN,0.061,-0.301,0.952,-0.032,0,0,0.612,3.867,6.314,0.81,NaN,0.061,-0.301,0.952,0.032,0,0,0.59,3.747,6.354,0.798,2,0
450281,1.00000250691333e+18,63875743297804,0.012,1.434,0.006,0.016,-0.243,0.032,0.969,NaN,0.061,-0.302,0.951,0,0,0,63.85,NaN,0.061,-0.302,0.951,-0.032,0,0,0.614,3.877,6.314,0.811,NaN,0.061,-0.302,0.951,0.032,0,0,0.59,3.748,6.354,0.799,2,0
450282,1.00000250691839e+18,63875743297804,0.012,1.434,0.006,0.016,-0.243,0.032,0.969,NaN,0.059,-0.301,0.952,0,0,0,63.85,NaN,0.059,-0.301,0.952,-0.032,0,0,0.617,3.898,6.314,0.812,NaN,0.059,-0.301,0.952,0.032,0,0,0.59,3.75,6.354,0.799,2,0
450283,1.00000250692339e+18,63875743297814,0.012,1.434,0.006,0.016,-0.244,0.032,0.969,NaN,0.06,-0.301,0.952,0,0,0,63.85,NaN,0.06,-0.301,0.952,-0.032,0,0,0.62,3.912,6.314,0.813,NaN,0.06,-0.301,0.952,0.032,0,0,0.591,3.753,6.354,0.799,2,0
450284,1.00000250692837e+18,63875743297814,0.012,1.434,0.006,0.016,-0.244,0.032,0.969,NaN,0.058,-0.301,0.952,0,0,0,63.85,NaN,0.058,-0.301,0.952,-0.032,0,0,0.622,3.93,6.314,0.814,NaN,0.058,-0.301,0.952,0.032,0,0,0.591,3.755,6.354,0.799,2,0
450285,1.00000250693338e+18,63875743297826,0.011,1.434,0.006,0.016,-0.244,0.032,0.969,NaN,0.057,-0.301,0.952,0,0,0,63.85,NaN,0.057,-0.301,0.952,-0.032,0,0,0.625,3.949,6.314,0.815,NaN,0.057,-0.301,0.952,0.032,0,0,0.591,3.757,6.354,0.799,2,0
450286,1.00000250693839e+18,63875743297826,0.011,1.434,0.006,0.016,-0.244,0.032,0.969,NaN,0.055,-0.301,0.952,0,0,0,63.85,NaN,0.055,-0.301,0.952,-0.032,0,0,0.628,3.965,6.314,0.816,NaN,0.055,-0.301,0.952,0.032,0,0,0.592,3.758,6.354,0.799,2,0
450287,1.0000025069434e+18,63875743297838,0.011,1.434,0.006,0.017,-0.244,0.032,0.969,NaN,0.054,-0.3,0.952,0,0,0,63.85,NaN,0.054,-0.3,0.952,-0.032,0,0,0.63,3.979,6.314,0.817,NaN,0.054,-0.3,0.952,0.032,0,0,0.592,3.759,6.354,0.8,2,0
450288,1.0000025069484e+18,63875743297838,0.011,1.434,0.006,0.017,-0.244,0.032,0.969,NaN,0.053,-0.3,0.952,0,0,0,63.85,NaN,0.053,-0.3,0.952,-0.032,0,0,0.632,3.993,6.314,0.817,NaN,0.053,-0.3,0.952,0.032,0,0,0.592,3.76,6.354,0.8,2,0
450289,1.00000250695341e+18,63875743297848,0.011,1.434,0.007,0.017,-0.244,0.032,0.969,NaN,0.052,-0.3,0.953,0,0,0,63.85,NaN,0.052,-0.3,0.953,-0.032,0,0,0.633,4,6.314,0.818,NaN,0.052,-0.3,0.953,0.032,0,0,0.592,3.761,6.354,0.8,2,0
450290,1.00000250695842e+18,63875743297848,0.011,1.434,0.007,0.017,-0.244,0.032,0.969,NaN,0.052,-0.299,0.953,0,0,0,63.85,NaN,0.052,-0.299,0.953,-0.032,0,0,0.63,3.978,6.314,0.819,NaN,0.052,-0.299,0.953,0.032,0,0,0.592,3.761,6.354,0.8,2,0
450291,1.00000250696347e+18,63875743297848,0.011,1.434,0.007,0.017,-0.244,0.032,0.969,NaN,0.051,-0.299,0.953,0,0,0,63.85,NaN,0.051,-0.299,0.953,-0.032,0,0,0.628,3.966,6.314,0.819,NaN,0.051,-0.299,0.953,0.032,0,0,0.592,3.761,6.354,0.801,2,0
450292,1.00000250696848e+18,63875743297859,0.011,1.434,0.007,0.017,-0.244,0.032,0.969,NaN,0.051,-0.299,0.953,0,0,0,63.85,NaN,0.051,-0.299,0.953,-0.032,0,0,0.627,3.96,6.314,0.82,NaN,0.051,-0.299,0.953,0.032,0,0,0.592,3.761,6.354,0.801,2,0
450293,1.00000250697347e+18,63875743297859,0.011,1.434,0.007,0.017,-0.244,0.032,0.969,NaN,0.051,-0.298,0.953,0,0,0,63.85,NaN,0.051,-0.298,0.953,-0.032,0,0,0.628,3.962,6.314,0.82,NaN,0.051,-0.298,0.953,0.032,0,0,0.592,3.761,6.354,0.801,2,0
450294,1.0000025069785e+18,63875743297871,0.011,1.435,0.007,0.018,-0.244,0.032,0.969,NaN,0.05,-0.298,0.953,0,0,0,63.85,NaN,0.05,-0.298,0.953,-0.032,0,0,0.628,3.964,6.314,0.821,NaN,0.05,-0.298,0.953,0.032,0,0,0.592,3.76,6.354,0.801,2,0.1711315
450295,1.00000250698351e+18,63875743297871,0.011,1.435,0.007,0.018,-0.244,0.032,0.969,NaN,0.05,-0.297,0.953,0,0,0,63.85,NaN,0.05,-0.297,0.953,-0.032,0,0,0.628,3.964,6.314,0.822,NaN,0.05,-0.297,0.953,0.032,0,0,0.592,3.76,6.354,0.802,2,0.07218307
450296,1.00000250698852e+18,63875743297882,0.011,1.435,0.007,0.018,-0.245,0.032,0.969,NaN,0.05,-0.297,0.954,0,0,0,63.85,NaN,0.05,-0.297,0.954,-0.032,0,0,0.628,3.965,6.314,0.822,NaN,0.05,-0.297,0.954,0.032,0,0,0.592,3.759,6.354,0.802,2,0.07010177
450297,1.00000250699354e+18,63875743297882,0.011,1.435,0.007,0.018,-0.245,0.032,0.969,NaN,0.05,-0.297,0.954,0,0,0,63.85,NaN,0.05,-0.297,0.954,-0.032,0,0,0.628,3.967,6.314,0.823,NaN,0.05,-0.297,0.954,0.032,0,0,0.592,3.759,6.354,0.802,2,0.08338858
450298,1.00000250699855e+18,63875743297893,0.011,1.435,0.007,0.018,-0.245,0.033,0.969,NaN,0.05,-0.297,0.954,0,0,0,63.85,NaN,0.05,-0.297,0.954,-0.032,0,0,0.629,3.969,6.314,0.824,NaN,0.05,-0.297,0.954,0.032,0,0,0.591,3.758,6.354,0.802,2,0.1085161
450299,1.00000250700356e+18,63875743297893,0.011,1.435,0.007,0.018,-0.245,0.033,0.969,NaN,0.05,-0.297,0.954,0,0,0,63.85,NaN,0.05,-0.297,0.954,-0.032,0,0,0.629,3.968,6.314,0.824,NaN,0.05,-0.297,0.954,0.032,0,0,0.591,3.758,6.354,0.803,2,0.09443429
450300,1.00000250700858e+18,63875743297893,0.011,1.435,0.007,0.018,-0.245,0.033,0.969,NaN,0.05,-0.296,0.954,0,0,0,63.85,NaN,0.05,-0.296,0.954,-0.032,0,0,0.628,3.968,6.314,0.824,NaN,0.05,-0.296,0.954,0.032,0,0,0.591,3.758,6.354,0.803,2,0.02963773
450301,1.00000250701359e+18,63875743297904,0.011,1.435,0.007,0.019,-0.245,0.033,0.969,NaN,0.05,-0.295,0.954,0,0,0,63.85,NaN,0.05,-0.295,0.954,-0.032,0,0,0.629,3.969,6.314,0.825,NaN,0.05,-0.295,0.954,0.032,0,0,0.591,3.757,6.354,0.803,2,0.3140709
450302,1.00000250701861e+18,63875743297904,0.011,1.435,0.007,0.019,-0.245,0.033,0.969,NaN,0.05,-0.295,0.954,0,0,0,63.85,NaN,0.05,-0.295,0.954,-0.032,0,0,0.629,3.97,6.314,0.825,NaN,0.05,-0.295,0.954,0.032,0,0,0.591,3.756,6.354,0.803,2,0.4815292
450303,1.00000250702362e+18,63875743297915,0.011,1.435,0.007,0.019,-0.245,0.033,0.969,NaN,0.05,-0.295,0.954,0,0,0,63.85,NaN,0.05,-0.295,0.954,-0.032,0,0,0.63,3.975,6.314,0.825,NaN,0.05,-0.295,0.954,0.032,0,0,0.591,3.756,6.354,0.804,2,0.7257161
450304,1.00000250702861e+18,63875743297915,0.011,1.435,0.007,0.019,-0.245,0.033,0.969,NaN,0.05,-0.295,0.954,0,0,0,63.85,NaN,0.05,-0.295,0.954,-0.032,0,0,0.63,3.975,6.314,0.825,NaN,0.05,-0.295,0.954,0.032,0,0,0.591,3.757,6.354,0.804,2,0.7310063
450305,1.00000250703362e+18,63875743297925,0.011,1.435,0.007,0.019,-0.245,0.033,0.969,NaN,0.05,-0.295,0.954,0,0,0,63.85,NaN,0.05,-0.295,0.954,-0.032,0,0,0.629,3.971,6.314,0.824,NaN,0.05,-0.295,0.954,0.032,0,0,0.591,3.757,6.354,0.804,2,0.7232394
450306,1.00000250703866e+18,63875743297926,0.011,1.435,0.007,0.019,-0.245,0.033,0.969,NaN,0.051,-0.296,0.954,0,0,0,63.85,NaN,0.051,-0.296,0.954,-0.032,0,0,0.626,3.954,6.314,0.824,NaN,0.051,-0.296,0.954,0.032,0,0,0.592,3.76,6.354,0.804,2,0.4585759
450307,1.00000250704367e+18,63875743297937,0.011,1.435,0.007,0.019,-0.245,0.033,0.969,NaN,0.051,-0.296,0.954,0,0,0,63.85,NaN,0.051,-0.296,0.954,-0.032,0,0,0.624,3.942,6.314,0.824,NaN,0.051,-0.296,0.954,0.032,0,0,0.592,3.761,6.354,0.805,2,0.1170304
450308,1.00000250704868e+18,63875743297937,0.011,1.435,0.007,0.019,-0.245,0.033,0.969,NaN,0.051,-0.296,0.954,0,0,0,63.85,NaN,0.051,-0.296,0.954,-0.032,0,0,0.624,3.942,6.314,0.824,NaN,0.051,-0.296,0.954,0.032,0,0,0.592,3.761,6.354,0.805,2,0.04266162
450309,1.00000250705369e+18,63875743297948,0.011,1.435,0.007,0.019,-0.245,0.033,0.969,NaN,0.051,-0.295,0.954,0,0,0,63.85,NaN,0.051,-0.295,0.954,-0.032,0,0,0.625,3.943,6.314,0.824,NaN,0.051,-0.295,0.954,0.032,0,0,0.592,3.761,6.354,0.805,2,0.04596354
450310,1.00000250705869e+18,63875743297949,0.011,1.435,0.007,0.019,-0.245,0.033,0.969,NaN,0.051,-0.295,0.954,0,0,0,63.85,NaN,0.051,-0.295,0.954,-0.032,0,0,0.623,3.931,6.314,0.824,NaN,0.051,-0.295,0.954,0.032,0,0,0.592,3.762,6.354,0.805,2,0.0399728
450311,1.00000250706371e+18,63875743297949,0.011,1.435,0.007,0.019,-0.245,0.033,0.969,NaN,0.051,-0.295,0.954,0,0,0,63.85,NaN,0.051,-0.295,0.954,-0.032,0,0,0.623,3.931,6.314,0.824,NaN,0.051,-0.295,0.954,0.032,0,0,0.592,3.762,6.354,0.806,2,0.04383729
450312,1.00000250706872e+18,63875743297959,0.011,1.435,0.008,0.019,-0.245,0.032,0.969,NaN,0.052,-0.296,0.954,0,0,0,63.85,NaN,0.052,-0.296,0.954,-0.032,0,0,0.622,3.928,6.314,0.824,NaN,0.052,-0.296,0.954,0.032,0,0,0.592,3.762,6.354,0.806,2,0
450313,1.00000250707374e+18,63875743297959,0.011,1.435,0.008,0.019,-0.245,0.032,0.969,NaN,0.052,-0.295,0.954,0,0,0,63.85,NaN,0.052,-0.295,0.954,-0.032,0,0,0.626,3.954,6.314,0.824,NaN,0.052,-0.295,0.954,0.032,0,0,0.592,3.762,6.354,0.806,2,0
450314,1.00000250707875e+18,63875743297970,0.011,1.435,0.008,0.02,-0.245,0.032,0.969,NaN,0.052,-0.295,0.954,0,0,0,63.85,NaN,0.052,-0.295,0.954,-0.032,0,0,0.628,3.963,6.314,0.824,NaN,0.052,-0.295,0.954,0.032,0,0,0.592,3.762,6.354,0.806,2,0
450315,1.00000250708375e+18,63875743297970,0.011,1.435,0.008,0.02,-0.245,0.032,0.969,NaN,0.052,-0.294,0.954,0,0,0,63.85,NaN,0.052,-0.294,0.954,-0.032,0,0,0.63,3.977,6.314,0.824,NaN,0.052,-0.294,0.954,0.032,0,0,0.592,3.761,6.354,0.807,2,0
450316,1.00000250708876e+18,63875743297982,0.011,1.435,0.008,0.02,-0.245,0.032,0.969,NaN,0.053,-0.295,0.954,0,0,0,63.85,NaN,0.053,-0.295,0.954,-0.032,0,0,0.63,3.977,6.314,0.824,NaN,0.053,-0.295,0.954,0.032,0,0,0.592,3.76,6.354,0.807,2,0
450317,1.00000250709379e+18,63875743297982,0.011,1.435,0.008,0.02,-0.245,0.032,0.969,NaN,0.054,-0.295,0.954,0,0,0,63.85,NaN,0.054,-0.295,0.954,-0.032,0,0,0.629,3.969,6.314,0.824,NaN,0.054,-0.295,0.954,0.032,0,0,0.592,3.76,6.354,0.807,2,0
450318,1.0000025070988e+18,63875743297993,0.011,1.435,0.008,0.02,-0.245,0.032,0.969,NaN,0.054,-0.294,0.954,0,0,0,63.85,NaN,0.054,-0.294,0.954,-0.032,0,0,0.627,3.959,6.314,0.824,NaN,0.054,-0.294,0.954,0.032,0,0,0.592,3.759,6.354,0.807,2,0
450319,1.00000250710384e+18,63875743297993,0.011,1.435,0.008,0.02,-0.245,0.032,0.969,NaN,0.055,-0.295,0.954,0,0,0,63.85,NaN,0.055,-0.295,0.954,-0.032,0,0,0.625,3.946,6.314,0.824,NaN,0.055,-0.295,0.954,0.032,0,0,0.592,3.759,6.354,0.807,2,0
450320,1.00000250710884e+18,63875743298004,0.011,1.436,0.008,0.02,-0.245,0.032,0.969,NaN,0.057,-0.295,0.954,0,0,0,63.85,NaN,0.057,-0.295,0.954,-0.032,0,0,0.622,3.93,6.314,0.824,NaN,0.057,-0.295,0.954,0.032,0,0,0.592,3.759,6.354,0.807,2,0
450321,1.00000250711383e+18,63875743298004,0.011,1.436,0.008,0.02,-0.245,0.032,0.969,NaN,0.058,-0.295,0.954,0,0,0,63.85,NaN,0.058,-0.295,0.954,-0.032,0,0,0.622,3.928,6.314,0.824,NaN,0.058,-0.295,0.954,0.032,0,0,0.592,3.759,6.354,0.807,2,0
450322,1.00000250711883e+18,63875743298004,0.011,1.436,0.008,0.02,-0.245,0.032,0.969,NaN,0.059,-0.295,0.954,0,0,0,63.85,NaN,0.059,-0.295,0.954,-0.032,0,0,0.622,3.928,6.314,0.823,NaN,0.059,-0.295,0.954,0.032,0,0,0.592,3.759,6.354,0.807,2,0
450323,1.00000250712386e+18,63875743298016,0.011,1.436,0.008,0.02,-0.245,0.032,0.969,NaN,0.061,-0.296,0.953,0,0,0,63.85,NaN,0.061,-0.296,0.953,-0.032,0,0,0.622,3.925,6.314,0.823,NaN,0.061,-0.296,0.953,0.032,0,0,0.592,3.759,6.354,0.807,2,0
450324,1.00000250712889e+18,63875743298016,0.011,1.436,0.008,0.02,-0.245,0.032,0.969,NaN,0.062,-0.297,0.953,0,0,0,63.85,NaN,0.062,-0.297,0.953,-0.032,0,0,0.62,3.916,6.314,0.823,NaN,0.061,-0.297,0.953,0.032,0,0,0.592,3.76,6.354,0.807,2,0
450325,1.00000250713389e+18,63875743298026,0.011,1.436,0.008,0.02,-0.245,0.032,0.969,NaN,0.062,-0.299,0.952,0,0,0,63.85,NaN,0.062,-0.299,0.952,-0.032,0,0,0.612,3.863,6.314,0.821,NaN,0.061,-0.299,0.952,0.032,0,0,0.592,3.763,6.354,0.806,2,0
450326,1.00000250713891e+18,63875743298026,0.011,1.436,0.008,0.02,-0.245,0.032,0.969,NaN,0.063,-0.3,0.952,0,0,0,63.85,NaN,0.063,-0.3,0.952,-0.032,0,0,0.611,3.86,6.314,0.819,NaN,0.062,-0.3,0.952,0.032,0,0,0.591,3.757,6.354,0.805,2,0
450327,1.00000250714391e+18,63875743298038,0.011,1.436,0.008,0.02,-0.245,0.032,0.969,NaN,0.065,-0.3,0.952,0,0,0,63.85,NaN,0.065,-0.3,0.952,-0.032,0,0,0.615,3.883,6.314,0.816,NaN,0.065,-0.3,0.952,0.032,0,0,0.586,3.725,6.354,0.803,2,0
450328,1.00000250714893e+18,63875743298038,0.011,1.436,0.008,0.02,-0.245,0.032,0.969,NaN,0.069,-0.298,0.952,0,0,0,63.85,NaN,0.07,-0.298,0.952,-0.032,0,0,0.612,3.866,6.314,0.812,NaN,0.069,-0.298,0.952,0.032,0,0,0.584,3.709,6.354,0.8,2,0
450329,1.00000250715395e+18,63875743298048,0.011,1.436,0.008,0.02,-0.245,0.032,0.969,NaN,0.076,-0.293,0.953,0,0,0,63.85,NaN,0.076,-0.293,0.953,-0.032,0,0,0.609,3.848,6.314,0.808,NaN,0.076,-0.293,0.953,0.032,0,0,0.584,3.713,6.354,0.797,2,0
450330,1.00000250715897e+18,63875743298048,0.011,1.436,0.008,0.02,-0.245,0.032,0.969,NaN,0.083,-0.281,0.956,0,0,0,63.85,NaN,0.083,-0.281,0.956,-0.032,0,0,0.608,3.841,6.314,0.803,NaN,0.083,-0.281,0.956,0.032,0,0,0.585,3.718,6.354,0.793,2,0
450331,1.00000250716397e+18,63875743298060,0.011,1.436,0.008,0.02,-0.245,0.032,0.969,NaN,0.089,-0.257,0.962,0,0,0,63.85,NaN,0.089,-0.257,0.962,-0.032,0,0,0.608,3.839,6.314,0.8,NaN,0.089,-0.257,0.962,0.032,0,0,0.594,3.772,6.354,0.791,2,0
450332,1.00000250716896e+18,63875743298060,0.011,1.436,0.008,0.02,-0.245,0.032,0.969,NaN,0.096,-0.237,0.967,0,0,0,63.85,NaN,0.096,-0.237,0.967,-0.032,0,0,0.606,3.828,6.314,0.797,NaN,0.096,-0.237,0.967,0.032,0,0,0.594,3.775,6.354,0.79,2,0
450333,1.00000250717396e+18,63875743298060,0.011,1.436,0.008,0.02,-0.245,0.032,0.969,NaN,0.102,-0.22,0.97,0,0,0,63.85,NaN,0.102,-0.22,0.97,-0.032,0,0,0.604,3.815,6.314,0.796,NaN,0.102,-0.22,0.97,0.032,0,0,0.594,3.775,6.354,0.789,2,0
450334,1.00000250717894e+18,63875743298070,0.011,1.436,0.008,0.02,-0.245,0.032,0.969,NaN,0.105,-0.203,0.973,0,0,0,63.85,NaN,0.105,-0.203,0.973,-0.032,0,0,0.604,3.812,6.314,0.796,NaN,0.105,-0.203,0.973,0.032,0,0,0.594,3.775,6.354,0.789,2,0
450335,1.00000250718397e+18,63875743298070,0.011,1.436,0.008,0.02,-0.245,0.032,0.969,NaN,0.107,-0.191,0.976,0,0,0,63.85,NaN,0.107,-0.191,0.976,-0.032,0,0,0.606,3.824,6.314,0.796,NaN,0.107,-0.191,0.976,0.032,0,0,0.594,3.776,6.354,0.789,2,0
450336,1.00000250718899e+18,63875743298082,0.011,1.436,0.008,0.02,-0.245,0.032,0.969,NaN,0.108,-0.182,0.977,0,0,0,63.85,NaN,0.108,-0.182,0.977,-0.032,0,0,0.607,3.835,6.314,0.797,NaN,0.108,-0.182,0.977,0.032,0,0,0.594,3.776,6.354,0.79,2,0
450337,1.00000250719401e+18,63875743298082,0.011,1.436,0.008,0.02,-0.245,0.032,0.969,NaN,0.109,-0.176,0.978,0,0,0,63.85,NaN,0.109,-0.176,0.978,-0.032,0,0,0.61,3.852,6.314,0.797,NaN,0.109,-0.176,0.978,0.032,0,0,0.594,3.776,6.354,0.79,2,0
450338,1.000002507199e+18,63875743298093,0.011,1.436,0.008,0.02,-0.245,0.032,0.969,NaN,0.109,-0.172,0.979,0,0,0,63.85,NaN,0.11,-0.172,0.979,-0.032,0,0,0.612,3.866,6.314,0.798,NaN,0.109,-0.172,0.979,0.032,0,0,0.594,3.776,6.354,0.791,2,0
450339,1.00000250720402e+18,63875743298093,0.011,1.436,0.008,0.02,-0.245,0.032,0.969,NaN,0.111,-0.17,0.979,0,0,0,63.85,NaN,0.111,-0.17,0.979,-0.032,0,0,0.612,3.865,6.314,0.798,NaN,0.111,-0.17,0.979,0.032,0,0,0.594,3.776,6.354,0.791,2,0
450340,1.00000250720904e+18,63875743298104,0.011,1.436,0.008,0.02,-0.245,0.031,0.969,NaN,0.111,-0.169,0.979,0,0,0,63.85,NaN,0.111,-0.169,0.979,-0.032,0,0,0.615,3.881,6.314,0.799,NaN,0.111,-0.169,0.979,0.032,0,0,0.594,3.776,6.354,0.792,2,0
450341,1.00000250721407e+18,63875743298104,0.011,1.436,0.008,0.02,-0.245,0.031,0.969,NaN,0.112,-0.168,0.979,0,0,0,63.85,NaN,0.112,-0.168,0.979,-0.032,0,0,0.621,3.921,6.314,0.801,NaN,0.112,-0.168,0.979,0.032,0,0,0.594,3.776,6.354,0.793,2,0
450342,1.00000250721909e+18,63875743298104,0.011,1.436,0.008,0.02,-0.245,0.031,0.969,NaN,0.112,-0.168,0.979,0,0,0,63.85,NaN,0.112,-0.168,0.979,-0.032,0,0,0.624,3.938,6.314,0.802,NaN,0.112,-0.168,0.979,0.032,0,0,0.594,3.775,6.354,0.795,2,0
450343,1.0000025072241e+18,63875743298116,0.011,1.436,0.008,0.02,-0.245,0.031,0.969,NaN,0.113,-0.168,0.979,0,0,0,63.85,NaN,0.113,-0.168,0.979,-0.032,0,0,0.627,3.959,6.314,0.804,NaN,0.113,-0.168,0.979,0.032,0,0,0.594,3.774,6.354,0.796,2,0
450344,1.00000250722912e+18,63875743298126,0.011,1.436,0.008,0.02,-0.245,0.031,0.969,NaN,0.113,-0.168,0.979,0,0,0,63.85,NaN,0.113,-0.168,0.979,-0.032,0,0,0.629,3.969,6.314,0.805,NaN,0.113,-0.168,0.979,0.032,0,0,0.594,3.773,6.354,0.798,2,0
450345,1.00000250723414e+18,63875743298126,0.011,1.436,0.008,0.02,-0.245,0.031,0.969,NaN,0.113,-0.167,0.979,0,0,0,63.85,NaN,0.113,-0.167,0.979,-0.032,0,0,0.629,3.972,6.314,0.807,NaN,0.113,-0.167,0.979,0.032,0,0,0.594,3.773,6.354,0.799,2,0
450346,1.00000250723916e+18,63875743298126,0.011,1.436,0.008,0.02,-0.245,0.031,0.969,NaN,0.114,-0.167,0.979,0,0,0,63.85,NaN,0.114,-0.167,0.979,-0.032,0,0,0.629,3.973,6.314,0.809,NaN,0.114,-0.167,0.979,0.032,0,0,0.594,3.772,6.354,0.801,2,0
450347,1.00000250724436e+18,63875743298137,0.011,1.436,0.008,0.02,-0.245,0.031,0.969,NaN,0.114,-0.167,0.979,0,0,0,63.85,NaN,0.114,-0.167,0.979,-0.032,0,0,0.629,3.973,6.314,0.811,NaN,0.114,-0.167,0.979,0.032,0,0,0.593,3.771,6.354,0.803,2,0
450348,1.00000250724938e+18,63875743298137,0.011,1.436,0.008,0.02,-0.245,0.031,0.969,NaN,0.114,-0.167,0.979,0,0,0,63.85,NaN,0.114,-0.167,0.979,-0.032,0,0,0.63,3.98,6.314,0.813,NaN,0.114,-0.167,0.979,0.032,0,0,0.593,3.768,6.354,0.805,2,0
450349,1.00000250725439e+18,63875743298149,0.011,1.436,0.008,0.02,-0.245,0.031,0.969,NaN,0.114,-0.168,0.979,0,0,0,63.85,NaN,0.114,-0.168,0.979,-0.032,0,0,0.631,3.986,6.314,0.815,NaN,0.114,-0.168,0.979,0.032,0,0,0.593,3.766,6.354,0.807,2,0.04893858
450350,1.00000250725941e+18,63875743298149,0.011,1.436,0.008,0.02,-0.245,0.031,0.969,NaN,0.114,-0.168,0.979,0,0,0,63.85,NaN,0.114,-0.168,0.979,-0.032,0,0,0.632,3.988,6.314,0.818,NaN,0.114,-0.168,0.979,0.032,0,0,0.593,3.764,6.354,0.809,2,0.5752396
450351,1.00000250726443e+18,63875743298149,0.011,1.436,0.008,0.02,-0.245,0.031,0.969,NaN,0.114,-0.168,0.979,0,0,0,63.85,NaN,0.114,-0.168,0.979,-0.032,0,0,0.634,4.004,6.314,0.82,NaN,0.114,-0.168,0.979,0.032,0,0,0.592,3.763,6.354,0.811,2,0.7215791
450352,1.0000025072692e+18,63875743298160,0.011,1.436,0.008,0.02,-0.245,0.031,0.969,NaN,0.114,-0.168,0.979,0,0,0,63.85,NaN,0.114,-0.168,0.979,-0.032,0,0,0.634,4.004,6.314,0.823,NaN,0.114,-0.168,0.979,0.032,0,0,0.592,3.762,6.354,0.813,2,0.7703627
450353,1.00000250727428e+18,63875743298160,0.011,1.436,0.008,0.02,-0.245,0.031,0.969,NaN,0.114,-0.169,0.979,0,0,0,63.85,NaN,0.114,-0.169,0.979,-0.032,0,0,0.629,3.973,6.314,0.825,NaN,0.114,-0.169,0.979,0.032,0,0,0.592,3.76,6.354,0.815,2,0.984449
450354,1.00000250727929e+18,63875743298170,0.011,1.436,0.008,0.02,-0.245,0.031,0.969,NaN,0.114,-0.169,0.979,0,0,0,63.85,NaN,0.114,-0.169,0.979,-0.032,0,0,0.628,3.963,6.314,0.828,NaN,0.114,-0.169,0.979,0.032,0,0,0.592,3.759,6.354,0.817,2,1
450355,1.00000250728425e+18,63875743298170,0.011,1.436,0.008,0.02,-0.245,0.031,0.969,NaN,0.114,-0.169,0.979,0,0,0,63.85,NaN,0.114,-0.169,0.979,-0.032,0,0,0.619,3.907,6.314,0.83,NaN,0.114,-0.169,0.979,0.032,0,0,0.591,3.758,6.354,0.819,2,1
450356,1.00000250728926e+18,63875743298182,0.011,1.435,0.008,0.02,-0.245,0.031,0.969,NaN,0.115,-0.17,0.979,0,0,0,63.85,NaN,0.115,-0.17,0.979,-0.032,0,0,0.615,3.884,6.314,0.832,NaN,0.115,-0.17,0.979,0.032,0,0,0.591,3.757,6.354,0.821,2,0.9121616
450357,1.00000250729427e+18,63875743298182,0.011,1.435,0.008,0.02,-0.245,0.031,0.969,NaN,0.115,-0.17,0.979,0,0,0,63.85,NaN,0.115,-0.17,0.979,-0.032,0,0,0.614,3.877,6.314,0.834,NaN,0.115,-0.17,0.979,0.032,0,0,0.591,3.757,6.354,0.822,2,0.8018283
450358,1.00000250729928e+18,63875743298193,0.011,1.435,0.008,0.02,-0.245,0.031,0.969,NaN,0.116,-0.171,0.978,0,0,0,63.85,NaN,0.116,-0.171,0.978,-0.032,0,0,0.613,3.868,6.314,0.836,NaN,0.116,-0.171,0.978,0.032,0,0,0.591,3.756,6.354,0.824,2,0.7271795
450359,1.0000025073043e+18,63875743298193,0.011,1.435,0.008,0.02,-0.245,0.031,0.969,NaN,0.116,-0.172,0.978,0,0,0,63.85,NaN,0.116,-0.172,0.978,-0.032,0,0,0.611,3.856,6.314,0.837,NaN,0.116,-0.172,0.978,0.032,0,0,0.591,3.756,6.354,0.826,2,0.7306314
450360,1.00000250730932e+18,63875743298204,0.011,1.435,0.007,0.02,-0.245,0.031,0.969,NaN,0.117,-0.172,0.978,0,0,0,63.85,NaN,0.117,-0.172,0.978,-0.032,0,0,0.608,3.842,6.314,0.839,NaN,0.117,-0.172,0.978,0.032,0,0,0.591,3.756,6.354,0.827,2,0.7356947
450361,1.00000250731434e+18,63875743298204,0.011,1.435,0.007,0.02,-0.245,0.031,0.969,NaN,0.117,-0.173,0.978,0,0,0,63.85,NaN,0.117,-0.173,0.978,-0.032,0,0,0.608,3.836,6.314,0.84,NaN,0.117,-0.173,0.978,0.032,0,0,0.591,3.756,6.354,0.828,2,0.7412188
450362,1.00000250731935e+18,63875743298204,0.011,1.435,0.007,0.02,-0.245,0.031,0.969,NaN,0.117,-0.173,0.978,0,0,0,63.85,NaN,0.117,-0.173,0.978,-0.032,0,0,0.607,3.834,6.314,0.842,NaN,0.117,-0.173,0.978,0.032,0,0,0.591,3.755,6.354,0.83,2,0.6256089
450363,1.00000250732437e+18,63875743298216,0.011,1.435,0.007,0.02,-0.245,0.031,0.969,NaN,0.117,-0.173,0.978,0,0,0,63.85,NaN,0.117,-0.173,0.978,-0.032,0,0,0.607,3.832,6.314,0.843,NaN,0.117,-0.173,0.978,0.032,0,0,0.591,3.755,6.354,0.83,2,0.4510131
450364,1.00000250732939e+18,63875743298216,0.011,1.435,0.007,0.02,-0.245,0.031,0.969,NaN,0.116,-0.174,0.978,0,0,0,63.85,NaN,0.116,-0.174,0.978,-0.032,0,0,0.608,3.841,6.314,0.843,NaN,0.116,-0.174,0.978,0.032,0,0,0.591,3.755,6.354,0.831,2,0.2852305
450365,1.0000025073344e+18,63875743298226,0.011,1.435,0.007,0.02,-0.245,0.031,0.969,NaN,0.116,-0.175,0.978,0,0,0,63.85,NaN,0.116,-0.175,0.978,-0.032,0,0,0.62,3.915,6.314,0.843,NaN,0.116,-0.175,0.978,0.032,0,0,0.591,3.756,6.354,0.831,2,0.192884
450366,1.00000250733937e+18,63875743298227,0.011,1.435,0.007,0.02,-0.245,0.031,0.969,NaN,0.116,-0.174,0.978,0,0,0,63.85,NaN,0.116,-0.174,0.978,-0.032,0,0,0.621,3.922,6.314,0.842,NaN,0.116,-0.174,0.978,0.032,0,0,0.591,3.756,6.354,0.83,2,0
450367,1.00000250734436e+18,63875743298238,0.011,1.435,0.007,0.02,-0.245,0.031,0.969,NaN,0.116,-0.17,0.979,0,0,0,63.85,NaN,0.116,-0.17,0.979,-0.032,0,0,0.624,3.942,6.314,0.842,NaN,0.116,-0.17,0.979,0.032,0,0,0.593,3.765,6.354,0.83,2,0
450368,1.00000250734939e+18,63875743298238,0.011,1.435,0.007,0.02,-0.245,0.031,0.969,NaN,0.115,-0.154,0.981,0,0,0,63.85,NaN,0.115,-0.154,0.981,-0.032,0,0,0.603,3.809,6.314,0.841,NaN,0.115,-0.154,0.981,0.032,0,0,0.593,3.77,6.354,0.829,2,0
450369,1.0000025073544e+18,63875743298249,0.011,1.435,0.007,0.02,-0.246,0.031,0.969,NaN,0.116,-0.136,0.984,0,0,0,63.85,NaN,0.116,-0.136,0.984,-0.032,0,0,0.609,3.842,6.314,0.84,NaN,0.116,-0.136,0.984,0.032,0,0,0.592,3.761,6.354,0.827,2,0
450370,1.00000250735942e+18,63875743298249,0.011,1.435,0.007,0.02,-0.246,0.031,0.969,NaN,0.116,-0.109,0.987,0,0,0,63.85,NaN,0.116,-0.109,0.987,-0.032,0,0,0.612,3.866,6.314,0.839,NaN,0.116,-0.109,0.987,0.032,0,0,0.589,3.742,6.354,0.826,2,0
450371,1.00000250736443e+18,63875743298260,0.011,1.435,0.007,0.019,-0.246,0.031,0.969,NaN,0.117,-0.076,0.99,0,0,0,63.85,NaN,0.117,-0.076,0.99,-0.032,0,0,0.62,3.916,6.314,0.838,NaN,0.117,-0.076,0.99,0.032,0,0,0.588,3.733,6.354,0.826,2,0
450372,1.00000250736947e+18,63875743298260,0.011,1.435,0.007,0.019,-0.246,0.031,0.969,NaN,0.121,-0.035,0.992,0,0,0,63.85,NaN,0.121,-0.035,0.992,-0.032,0,0,0.619,3.91,6.314,0.837,NaN,0.121,-0.035,0.992,0.032,0,0,0.588,3.733,6.354,0.826,2,0
450373,1.00000250737452e+18,63875743298260,0.011,1.435,0.007,0.019,-0.246,0.031,0.969,NaN,0.128,-0.007,0.992,0,0,0,63.85,NaN,0.128,-0.007,0.992,-0.032,0,0,0.615,3.88,6.314,0.837,NaN,0.128,-0.007,0.992,0.032,0,0,0.59,3.749,6.354,0.826,2,0
450374,1.00000250737952e+18,63875743298271,0.011,1.435,0.007,0.019,-0.246,0.031,0.969,NaN,0.132,0.037,0.991,0,0,0,63.85,NaN,0.132,0.037,0.991,-0.032,0,0,0.615,3.881,6.314,0.838,NaN,0.132,0.037,0.991,0.032,0,0,0.593,3.766,6.354,0.826,2,0
450375,1.00000250738449e+18,63875743298271,0.011,1.435,0.007,0.019,-0.246,0.031,0.969,NaN,0.135,0.072,0.988,0,0,0,63.85,NaN,0.135,0.072,0.988,-0.032,0,0,0.619,3.91,6.314,0.838,NaN,0.135,0.072,0.988,0.032,0,0,0.595,3.783,6.354,0.826,2,0
450376,1.00000250738951e+18,63875743298282,0.011,1.435,0.006,0.019,-0.246,0.031,0.968,NaN,0.137,0.096,0.986,0,0,0,63.85,NaN,0.137,0.096,0.986,-0.032,0,0,0.62,3.916,6.314,0.84,NaN,0.137,0.096,0.986,0.032,0,0,0.597,3.794,6.354,0.828,2,0
450377,1.00000250739452e+18,63875743298282,0.011,1.435,0.006,0.019,-0.246,0.031,0.968,NaN,0.14,0.111,0.984,0,0,0,63.85,NaN,0.14,0.111,0.984,-0.032,0,0,0.621,3.924,6.314,0.843,NaN,0.14,0.111,0.984,0.032,0,0,0.598,3.801,6.354,0.831,2,0
450378,1.00000250739954e+18,63875743298294,0.011,1.435,0.006,0.019,-0.247,0.031,0.968,NaN,0.142,0.12,0.983,0,0,0,63.85,NaN,0.142,0.12,0.983,-0.032,0,0,0.622,3.928,6.314,0.847,NaN,0.142,0.12,0.983,0.032,0,0,0.599,3.805,6.354,0.834,2,0
450379,1.00000250740454e+18,63875743298294,0.011,1.435,0.006,0.019,-0.247,0.031,0.968,NaN,0.144,0.125,0.982,0,0,0,63.85,NaN,0.144,0.125,0.982,-0.032,0,0,0.623,3.935,6.314,0.852,NaN,0.144,0.125,0.982,0.032,0,0,0.599,3.807,6.354,0.839,2,0
450380,1.00000250740956e+18,63875743298305,0.011,1.435,0.006,0.019,-0.247,0.031,0.968,NaN,0.144,0.129,0.981,0,0,0,63.85,NaN,0.144,0.129,0.981,-0.032,0,0,0.624,3.941,6.314,0.859,NaN,0.144,0.129,0.981,0.032,0,0,0.599,3.808,6.354,0.844,2,0
450381,1.00000250741459e+18,63875743298305,0.011,1.435,0.006,0.019,-0.247,0.031,0.968,NaN,0.147,0.129,0.981,0,0,0,63.85,NaN,0.147,0.129,0.981,-0.032,0,0,0.626,3.956,6.314,0.866,NaN,0.147,0.129,0.981,0.032,0,0,0.599,3.809,6.354,0.849,2,0
450382,1.0000025074196e+18,63875743298305,0.011,1.435,0.006,0.019,-0.247,0.031,0.968,NaN,0.148,0.129,0.98,0,0,0,63.85,NaN,0.148,0.129,0.98,-0.032,0,0,0.627,3.956,6.314,0.873,NaN,0.148,0.129,0.98,0.032,0,0,0.6,3.81,6.354,0.855,2,0
450383,1.00000250742459e+18,63875743298315,0.011,1.435,0.006,0.02,-0.247,0.031,0.968,NaN,0.15,0.129,0.98,0,0,0,63.85,NaN,0.15,0.129,0.98,-0.032,0,0,0.63,3.977,6.314,0.881,NaN,0.15,0.129,0.98,0.032,0,0,0.6,3.811,6.354,0.86,2,0
450384,1.0000025074296e+18,63875743298315,0.011,1.435,0.006,0.02,-0.247,0.031,0.968,NaN,0.152,0.129,0.98,0,0,0,63.85,NaN,0.152,0.129,0.98,-0.032,0,0,0.633,3.995,6.314,0.889,NaN,0.152,0.129,0.98,0.032,0,0,0.6,3.811,6.354,0.866,2,0
450385,1.00000250743462e+18,63875743298327,0.011,1.435,0.006,0.02,-0.247,0.031,0.968,NaN,0.153,0.13,0.98,0,0,0,63.85,NaN,0.153,0.13,0.98,-0.032,0,0,0.637,4.02,6.314,0.898,NaN,0.153,0.13,0.98,0.032,0,0,0.6,3.811,6.354,0.871,2,0
450386,1.00000250743963e+18,63875743298327,0.011,1.435,0.006,0.02,-0.247,0.031,0.968,NaN,0.155,0.131,0.979,0,0,0,63.85,NaN,0.155,0.131,0.979,-0.032,0,0,0.642,4.056,6.314,0.905,NaN,0.155,0.131,0.979,0.032,0,0,0.6,3.812,6.354,0.876,2,0
450387,1.00000250744463e+18,63875743298337,0.011,1.435,0.006,0.02,-0.247,0.03,0.968,NaN,0.156,0.132,0.979,0,0,0,63.85,NaN,0.156,0.132,0.979,-0.032,0,0,0.633,3.997,6.314,0.912,NaN,0.156,0.132,0.979,0.032,0,0,0.6,3.812,6.354,0.881,2,0
450388,1.00000250744964e+18,63875743298337,0.011,1.435,0.006,0.02,-0.247,0.03,0.968,NaN,0.156,0.131,0.979,0,0,0,63.85,NaN,0.156,0.131,0.979,-0.032,0,0,0.625,3.948,6.314,0.918,NaN,0.156,0.131,0.979,0.032,0,0,0.6,3.812,6.354,0.886,2,0
450389,1.00000250745464e+18,63875743298349,0.011,1.435,0.006,0.02,-0.247,0.03,0.968,NaN,0.153,0.12,0.981,0,0,0,63.85,NaN,0.153,0.12,0.981,-0.032,0,0,0.625,3.949,6.314,0.916,NaN,0.153,0.12,0.981,0.032,0,0,0.6,3.812,6.354,0.89,2,0
450390,1.00000250745965e+18,63875743298349,0.011,1.435,0.006,0.02,-0.247,0.03,0.968,NaN,0.151,0.112,0.982,0,0,0,63.85,NaN,0.151,0.112,0.982,-0.032,0,0,0.653,4.125,6.314,0.915,NaN,0.151,0.112,0.982,0.032,0,0,0.6,3.812,6.354,0.894,2,0
450391,1.00000250746468e+18,63875743298349,0.011,1.435,0.006,0.02,-0.247,0.03,0.968,NaN,0.149,0.106,0.983,0,0,0,63.85,NaN,0.149,0.106,0.983,-0.032,0,0,0.665,4.197,6.314,0.915,NaN,0.149,0.106,0.983,0.032,0,0,0.6,3.812,6.354,0.898,2,0
450392,1.00000250746969e+18,63875743298360,0.011,1.435,0.006,0.02,-0.247,0.03,0.968,NaN,0.149,0.103,0.984,0,0,0,63.85,NaN,0.149,0.103,0.984,-0.032,0,0,0.669,4.222,6.314,0.915,NaN,0.149,0.103,0.984,0.032,0,0,0.6,3.811,6.354,0.901,2,0
450393,1.0000025074747e+18,63875743298360,0.011,1.435,0.006,0.02,-0.247,0.03,0.968,NaN,0.148,0.1,0.984,0,0,0,63.85,NaN,0.148,0.1,0.984,-0.032,0,0,0.678,4.284,6.314,0.915,NaN,0.148,0.1,0.984,0.032,0,0,0.6,3.81,6.354,0.905,2,0
450394,1.00000250747971e+18,63875743298371,0.012,1.435,0.006,0.02,-0.247,0.03,0.968,NaN,0.147,0.099,0.984,0,0,0,63.85,NaN,0.147,0.099,0.984,-0.032,0,0,0.684,4.316,6.314,0.915,NaN,0.147,0.099,0.984,0.032,0,0,0.6,3.81,6.354,0.907,2,0
450395,1.00000250748472e+18,63875743298371,0.012,1.435,0.006,0.02,-0.247,0.03,0.968,NaN,0.147,0.097,0.984,0,0,0,63.85,NaN,0.147,0.097,0.984,-0.032,0,0,0.686,4.333,6.314,0.915,NaN,0.147,0.097,0.984,0.032,0,0,0.6,3.809,6.354,0.911,2,0
450396,1.00000250748974e+18,63875743298382,0.012,1.435,0.007,0.02,-0.247,0.03,0.968,NaN,0.146,0.094,0.985,0,0,0,63.85,NaN,0.146,0.094,0.985,-0.032,0,0,0.686,4.334,6.314,0.916,NaN,0.146,0.094,0.985,0.032,0,0,0.599,3.809,6.354,0.914,2,0
450397,1.00000250749475e+18,63875743298382,0.012,1.435,0.007,0.02,-0.247,0.03,0.968,NaN,0.145,0.09,0.985,0,0,0,63.85,NaN,0.145,0.09,0.985,-0.032,0,0,0.686,4.331,6.314,0.917,NaN,0.145,0.09,0.985,0.032,0,0,0.599,3.808,6.354,0.916,2,0
450398,1.00000250749978e+18,63875743298394,0.012,1.435,0.007,0.021,-0.247,0.03,0.968,NaN,0.145,0.087,0.986,0,0,0,63.85,NaN,0.145,0.087,0.986,-0.032,0,0,0.67,4.229,6.314,0.917,NaN,0.145,0.087,0.986,0.032,0,0,0.599,3.807,6.354,0.919,2,0
450399,1.00000250750479e+18,63875743298394,0.012,1.435,0.007,0.021,-0.247,0.03,0.968,NaN,0.144,0.083,0.986,0,0,0,63.85,NaN,0.144,0.083,0.986,-0.032,0,0,0.632,3.993,6.314,0.918,NaN,0.144,0.083,0.986,0.032,0,0,0.599,3.807,6.354,0.921,2,0
450400,1.0000025075098e+18,63875743298405,0.012,1.435,0.007,0.021,-0.247,0.029,0.968,NaN,0.144,0.08,0.986,0,0,0,63.85,NaN,0.144,0.08,0.986,-0.032,0,0,0.622,3.929,6.314,0.92,NaN,0.144,0.08,0.986,0.032,0,0,0.599,3.807,6.354,0.923,2,0
450401,1.00000250751487e+18,63875743298405,0.012,1.435,0.007,0.021,-0.247,0.029,0.968,NaN,0.144,0.078,0.987,0,0,0,63.85,NaN,0.144,0.078,0.987,-0.032,0,0,0.621,3.918,6.314,0.921,NaN,0.144,0.078,0.987,0.032,0,0,0.599,3.807,6.354,0.925,2,0
450402,1.00000250751986e+18,63875743298405,0.012,1.435,0.007,0.021,-0.247,0.029,0.968,NaN,0.143,0.076,0.987,0,0,0,63.85,NaN,0.143,0.076,0.987,-0.032,0,0,0.617,3.898,6.314,0.921,NaN,0.143,0.076,0.987,0.032,0,0,0.599,3.807,6.354,0.927,2,0
450403,1.00000250752487e+18,63875743298416,0.012,1.435,0.007,0.021,-0.247,0.029,0.968,NaN,0.143,0.074,0.987,0,0,0,63.85,NaN,0.143,0.074,0.987,-0.032,0,0,0.613,3.869,6.314,0.923,NaN,0.143,0.074,0.987,0.032,0,0,0.599,3.806,6.354,0.929,2,0
450404,1.00000250752987e+18,63875743298416,0.012,1.435,0.007,0.021,-0.247,0.029,0.968,NaN,0.143,0.073,0.987,0,0,0,63.85,NaN,0.143,0.073,0.987,-0.032,0,0,0.611,3.859,6.314,0.924,NaN,0.143,0.073,0.987,0.032,0,0,0.599,3.806,6.354,0.931,2,0
450405,1.00000250753488e+18,63875743298426,0.012,1.435,0.007,0.022,-0.247,0.029,0.968,NaN,0.142,0.072,0.987,0,0,0,63.85,NaN,0.142,0.072,0.987,-0.032,0,0,0.611,3.859,6.314,0.924,NaN,0.142,0.072,0.987,0.032,0,0,0.599,3.806,6.354,0.933,2,0
450406,1.0000025075399e+18,63875743298427,0.012,1.435,0.007,0.022,-0.247,0.029,0.968,NaN,0.142,0.071,0.987,0,0,0,63.85,NaN,0.142,0.071,0.987,-0.032,0,0,0.611,3.858,6.314,0.925,NaN,0.142,0.071,0.987,0.032,0,0,0.599,3.806,6.354,0.935,2,0
450407,1.00000250754491e+18,63875743298438,0.012,1.435,0.007,0.022,-0.247,0.029,0.968,NaN,0.142,0.07,0.987,0,0,0,63.85,NaN,0.142,0.07,0.987,-0.032,0,0,0.611,3.856,6.314,0.926,NaN,0.142,0.07,0.987,0.032,0,0,0.599,3.806,6.354,0.936,2,0
450408,1.00000250754992e+18,63875743298438,0.012,1.435,0.007,0.022,-0.247,0.029,0.968,NaN,0.142,0.069,0.988,0,0,0,63.85,NaN,0.142,0.069,0.988,-0.032,0,0,0.61,3.855,6.314,0.928,NaN,0.142,0.069,0.988,0.032,0,0,0.599,3.806,6.354,0.937,2,0.6862791
450409,1.00000250755493e+18,63875743298449,0.012,1.435,0.007,0.022,-0.247,0.029,0.968,NaN,0.141,0.068,0.988,0,0,0,63.85,NaN,0.141,0.068,0.988,-0.032,0,0,0.61,3.854,6.314,0.928,NaN,0.141,0.068,0.988,0.032,0,0,0.599,3.806,6.354,0.938,2,0.6707155
450410,1.00000250755994e+18,63875743298449,0.012,1.435,0.007,0.022,-0.247,0.029,0.968,NaN,0.141,0.067,0.988,0,0,0,63.85,NaN,0.141,0.067,0.988,-0.032,0,0,0.61,3.854,6.314,0.929,NaN,0.141,0.067,0.988,0.032,0,0,0.599,3.806,6.354,0.939,2,0.7136038
450411,1.00000250756496e+18,63875743298461,0.012,1.435,0.008,0.022,-0.247,0.029,0.968,NaN,0.141,0.066,0.988,0,0,0,63.85,NaN,0.141,0.066,0.988,-0.032,0,0,0.61,3.854,6.314,0.929,NaN,0.141,0.066,0.988,0.032,0,0,0.599,3.806,6.354,0.94,2,0.7063843
450412,1.00000250756999e+18,63875743298461,0.012,1.435,0.008,0.022,-0.247,0.029,0.968,NaN,0.141,0.067,0.988,0,0,0,63.85,NaN,0.141,0.067,0.988,-0.032,0,0,0.611,3.861,6.314,0.93,NaN,0.141,0.067,0.988,0.032,0,0,0.599,3.807,6.354,0.94,2,0.6388663
450413,1.000002507575e+18,63875743298461,0.012,1.435,0.008,0.022,-0.247,0.029,0.968,NaN,0.141,0.068,0.988,0,0,0,63.85,NaN,0.141,0.068,0.988,-0.032,0,0,0.611,3.861,6.314,0.931,NaN,0.141,0.068,0.988,0.032,0,0,0.6,3.81,6.354,0.94,2,0.5456923
450414,1.00000250757995e+18,63875743298471,0.012,1.435,0.008,0.023,-0.247,0.029,0.968,NaN,0.14,0.07,0.988,0,0,0,63.85,NaN,0.14,0.07,0.988,-0.032,0,0,0.618,3.905,6.314,0.932,NaN,0.14,0.07,0.988,0.032,0,0,0.6,3.812,6.354,0.941,2,0.3875639
450415,1.00000250758495e+18,63875743298483,0.012,1.435,0.008,0.023,-0.246,0.029,0.968,NaN,0.139,0.071,0.988,0,0,0,63.85,NaN,0.139,0.071,0.988,-0.032,0,0,0.63,3.98,6.314,0.934,NaN,0.139,0.071,0.988,0.032,0,0,0.601,3.817,6.354,0.941,2,0.3040955
450416,1.00000250758996e+18,63875743298483,0.012,1.435,0.008,0.023,-0.246,0.029,0.968,NaN,0.137,0.072,0.988,0,0,0,63.85,NaN,0.137,0.072,0.988,-0.032,0,0,0.637,4.024,6.314,0.935,NaN,0.137,0.072,0.988,0.032,0,0,0.601,3.818,6.354,0.941,2,0.1730113
450417,1.00000250759498e+18,63875743298483,0.012,1.435,0.008,0.023,-0.246,0.029,0.968,NaN,0.135,0.075,0.988,0,0,0,63.85,NaN,0.135,0.075,0.988,-0.032,0,0,0.637,4.022,6.314,0.937,NaN,0.135,0.075,0.988,0.032,0,0,0.601,3.819,6.354,0.942,2,0.0838718
450418,1.00000250760001e+18,63875743298494,0.012,1.435,0.008,0.023,-0.246,0.029,0.968,NaN,0.131,0.078,0.988,0,0,0,63.85,NaN,0.131,0.078,0.988,-0.032,0,0,0.637,4.022,6.314,0.94,NaN,0.131,0.078,0.988,0.032,0,0,0.601,3.819,6.354,0.942,2,0.02490035
450419,1.00000250760502e+18,63875743298494,0.012,1.435,0.008,0.023,-0.246,0.029,0.968,NaN,0.13,0.079,0.988,0,0,0,63.85,NaN,0.13,0.079,0.988,-0.032,0,0,0.63,3.98,6.314,0.942,NaN,0.13,0.079,0.988,0.032,0,0,0.601,3.819,6.354,0.943,2,0
450420,1.00000250761004e+18,63875743298504,0.012,1.435,0.008,0.023,-0.246,0.029,0.969,NaN,0.128,0.081,0.988,0,0,0,63.85,NaN,0.128,0.081,0.988,-0.032,0,0,0.619,3.907,6.314,0.945,NaN,0.128,0.081,0.988,0.032,0,0,0.601,3.818,6.354,0.944,2,0
450421,1.00000250761505e+18,63875743298504,0.012,1.435,0.008,0.023,-0.246,0.029,0.969,NaN,0.127,0.082,0.989,0,0,0,63.85,NaN,0.127,0.082,0.989,-0.032,0,0,0.616,3.89,6.314,0.947,NaN,0.127,0.082,0.989,0.032,0,0,0.601,3.818,6.354,0.945,2,0
450422,1.00000250762005e+18,63875743298515,0.012,1.435,0.008,0.023,-0.246,0.029,0.969,NaN,0.125,0.083,0.989,0,0,0,63.85,NaN,0.125,0.083,0.989,-0.032,0,0,0.615,3.884,6.314,0.949,NaN,0.125,0.083,0.989,0.032,0,0,0.601,3.818,6.354,0.947,2,0
450423,1.00000250762506e+18,63875743298515,0.012,1.435,0.008,0.023,-0.246,0.029,0.969,NaN,0.124,0.085,0.989,0,0,0,63.85,NaN,0.124,0.085,0.989,-0.032,0,0,0.615,3.882,6.314,0.952,NaN,0.124,0.085,0.989,0.032,0,0,0.601,3.818,6.354,0.948,2,0
450424,1.00000250763008e+18,63875743298515,0.012,1.435,0.008,0.023,-0.246,0.029,0.969,NaN,0.123,0.086,0.989,0,0,0,63.85,NaN,0.123,0.086,0.989,-0.032,0,0,0.613,3.874,6.314,0.956,NaN,0.123,0.086,0.989,0.032,0,0,0.601,3.818,6.354,0.95,2,0
450425,1.00000250763509e+18,63875743298526,0.013,1.435,0.008,0.023,-0.246,0.029,0.969,NaN,0.122,0.086,0.989,0,0,0,63.85,NaN,0.122,0.086,0.989,-0.032,0,0,0.609,3.847,6.314,0.957,NaN,0.122,0.086,0.989,0.032,0,0,0.601,3.818,6.354,0.951,2,0
450426,1.00000250764009e+18,63875743298526,0.013,1.435,0.008,0.023,-0.246,0.029,0.969,NaN,0.122,0.087,0.989,0,0,0,63.85,NaN,0.122,0.087,0.989,-0.032,0,0,0.607,3.835,6.314,0.958,NaN,0.122,0.087,0.989,0.032,0,0,0.601,3.818,6.354,0.953,2,0
450427,1.00000250764511e+18,63875743298537,0.012,1.435,0.008,0.023,-0.246,0.029,0.969,NaN,0.121,0.088,0.989,0,0,0,63.85,NaN,0.121,0.088,0.989,-0.032,0,0,0.607,3.83,6.314,0.961,NaN,0.121,0.088,0.989,0.032,0,0,0.601,3.818,6.354,0.954,2,0
450428,1.00000250765013e+18,63875743298537,0.012,1.435,0.008,0.023,-0.246,0.029,0.969,NaN,0.121,0.088,0.989,0,0,0,63.85,NaN,0.121,0.088,0.989,-0.032,0,0,0.603,3.809,6.314,0.963,NaN,0.121,0.088,0.989,0.032,0,0,0.601,3.818,6.354,0.956,2,0
450429,1.00000250765516e+18,63875743298548,0.012,1.435,0.008,0.023,-0.246,0.029,0.969,NaN,0.12,0.089,0.989,0,0,0,63.85,NaN,0.12,0.089,0.989,-0.032,0,0,0.6,3.79,6.314,0.966,NaN,0.12,0.089,0.989,0.032,0,0,0.601,3.818,6.354,0.957,2,0
450430,1.00000250766017e+18,63875743298549,0.012,1.435,0.008,0.023,-0.246,0.029,0.969,NaN,0.12,0.089,0.989,0,0,0,63.85,NaN,0.12,0.089,0.989,-0.032,0,0,0.599,3.781,6.314,0.968,NaN,0.12,0.089,0.989,0.032,0,0,0.601,3.818,6.354,0.959,2,0.0126768
450431,1.00000250766519e+18,63875743298560,0.012,1.435,0.007,0.024,-0.246,0.029,0.969,NaN,0.119,0.089,0.989,0,0,0,63.85,NaN,0.119,0.089,0.989,-0.032,0,0,0.604,3.811,6.314,0.968,NaN,0.119,0.089,0.989,0.032,0,0,0.601,3.817,6.354,0.96,2,0.09117922
450432,1.0000025076702e+18,63875743298560,0.012,1.435,0.007,0.024,-0.246,0.029,0.969,NaN,0.119,0.09,0.989,0,0,0,63.85,NaN,0.119,0.09,0.989,-0.032,0,0,0.605,3.82,6.314,0.969,NaN,0.119,0.09,0.989,0.032,0,0,0.601,3.817,6.354,0.962,2,0.1935863
450433,1.00000250767519e+18,63875743298572,0.012,1.435,0.007,0.024,-0.246,0.029,0.969,NaN,0.119,0.09,0.989,0,0,0,63.85,NaN,0.119,0.09,0.989,-0.032,0,0,0.606,3.824,6.314,0.97,NaN,0.119,0.09,0.989,0.032,0,0,0.601,3.817,6.354,0.964,2,0.3546555
450434,1.0000025076802e+18,63875743298572,0.012,1.435,0.007,0.024,-0.246,0.029,0.969,NaN,0.119,0.091,0.989,0,0,0,63.85,NaN,0.119,0.091,0.989,-0.032,0,0,0.606,3.824,6.314,0.97,NaN,0.119,0.091,0.989,0.032,0,0,0.601,3.817,6.354,0.965,2,0.5128759
450435,1.00000250768521e+18,63875743298583,0.012,1.435,0.007,0.024,-0.246,0.029,0.969,NaN,0.118,0.091,0.989,0,0,0,63.85,NaN,0.118,0.091,0.989,-0.032,0,0,0.605,3.821,6.314,0.971,NaN,0.118,0.091,0.989,0.032,0,0,0.601,3.816,6.354,0.967,2,0.6464218
450436,1.00000250769022e+18,63875743298583,0.012,1.435,0.007,0.024,-0.246,0.029,0.969,NaN,0.118,0.091,0.989,0,0,0,63.85,NaN,0.118,0.091,0.989,-0.032,0,0,0.604,3.813,6.314,0.972,NaN,0.118,0.091,0.989,0.032,0,0,0.601,3.816,6.354,0.969,2,0.7247325
450437,1.00000250769523e+18,63875743298583,0.012,1.435,0.007,0.024,-0.246,0.029,0.969,NaN,0.118,0.092,0.989,0,0,0,63.85,NaN,0.118,0.092,0.989,-0.032,0,0,0.602,3.803,6.314,0.972,NaN,0.118,0.092,0.989,0.032,0,0,0.6,3.815,6.354,0.97,2,0.7848364
450438,1.00000250770025e+18,63875743298594,0.012,1.435,0.007,0.024,-0.246,0.029,0.969,NaN,0.118,0.092,0.989,0,0,0,63.85,NaN,0.118,0.092,0.989,-0.032,0,0,0.601,3.797,6.314,0.973,NaN,0.118,0.092,0.989,0.032,0,0,0.6,3.814,6.354,0.972,2,1
450439,1.00000250770526e+18,63875743298594,0.012,1.435,0.007,0.024,-0.246,0.029,0.969,NaN,0.118,0.093,0.989,0,0,0,63.85,NaN,0.118,0.093,0.989,-0.032,0,0,0.601,3.794,6.314,0.974,NaN,0.118,0.093,0.989,0.032,0,0,0.6,3.813,6.354,0.973,2,1
450440,1.00000250771028e+18,63875743298605,0.012,1.435,0.007,0.024,-0.246,0.029,0.969,NaN,0.119,0.091,0.989,0,0,0,63.85,NaN,0.119,0.091,0.989,-0.032,0,0,0.601,3.793,6.314,0.974,NaN,0.119,0.091,0.989,0.032,0,0,0.6,3.812,6.354,0.973,2,0.7090173
450441,1.00000250771529e+18,63875743298605,0.012,1.435,0.007,0.024,-0.246,0.029,0.969,NaN,0.119,0.091,0.989,0,0,0,63.85,NaN,0.119,0.091,0.989,-0.032,0,0,0.6,3.791,6.314,0.974,NaN,0.119,0.091,0.989,0.032,0,0,0.6,3.81,6.354,0.975,2,0.3055724
450442,1.00000250772031e+18,63875743298605,0.012,1.435,0.007,0.024,-0.246,0.029,0.969,NaN,0.118,0.092,0.989,0,0,0,63.85,NaN,0.118,0.092,0.989,-0.032,0,0,0.599,3.785,6.314,0.974,NaN,0.118,0.092,0.989,0.032,0,0,0.599,3.807,6.354,0.976,2,0.2617032
450443,1.00000250772536e+18,63875743298617,0.012,1.435,0.006,0.024,-0.246,0.029,0.969,NaN,0.118,0.092,0.989,0,0,0,63.85,NaN,0.118,0.092,0.989,-0.032,0,0,0.593,3.747,6.314,0.974,NaN,0.118,0.092,0.989,0.032,0,0,0.599,3.803,6.354,0.976,2,0.2299909
450444,1.00000250773037e+18,63875743298617,0.012,1.435,0.006,0.024,-0.246,0.029,0.969,NaN,0.118,0.092,0.989,0,0,0,63.85,NaN,0.118,0.092,0.989,-0.032,0,0,0.592,3.738,6.314,0.974,NaN,0.118,0.092,0.989,0.032,0,0,0.598,3.801,6.354,0.977,2,0.2333816
450445,1.00000250773537e+18,63875743298627,0.012,1.435,0.006,0.024,-0.246,0.029,0.969,NaN,0.118,0.092,0.989,0,0,0,63.85,NaN,0.118,0.092,0.989,-0.032,0,0,0.591,3.735,6.314,0.974,NaN,0.118,0.092,0.989,0.032,0,0,0.597,3.795,6.354,0.978,2,0.2356132
450446,1.00000250774038e+18,63875743298627,0.012,1.435,0.006,0.024,-0.246,0.029,0.969,NaN,0.118,0.092,0.989,0,0,0,63.85,NaN,0.118,0.092,0.989,-0.032,0,0,0.591,3.732,6.314,0.974,NaN,0.118,0.092,0.989,0.032,0,0,0.597,3.791,6.354,0.979,2,0.2357136
450447,1.00000250774539e+18,63875743298638,0.012,1.435,0.006,0.024,-0.246,0.029,0.969,NaN,0.119,0.091,0.989,0,0,0,63.85,NaN,0.119,0.091,0.989,-0.032,0,0,0.591,3.73,6.314,0.974,NaN,0.119,0.091,0.989,0.032,0,0,0.596,3.785,6.354,0.98,2,0
450448,1.00000250775036e+18,63875743298638,0.012,1.435,0.006,0.024,-0.246,0.029,0.969,NaN,0.118,0.091,0.989,0,0,0,63.85,NaN,0.118,0.091,0.989,-0.032,0,0,0.59,3.727,6.314,0.974,NaN,0.118,0.091,0.989,0.032,0,0,0.595,3.778,6.354,0.98,2,0
450449,1.00000250775537e+18,63875743298649,0.012,1.435,0.006,0.025,-0.246,0.029,0.969,NaN,0.119,0.091,0.989,0,0,0,63.85,NaN,0.119,0.091,0.989,-0.032,0,0,0.586,3.702,6.314,0.975,NaN,0.119,0.091,0.989,0.032,0,0,0.594,3.772,6.354,0.981,2,0
450450,1.00000250776038e+18,63875743298649,0.012,1.435,0.006,0.025,-0.246,0.029,0.969,NaN,0.119,0.089,0.989,0,0,0,63.85,NaN,0.119,0.089,0.989,-0.032,0,0,0.584,3.686,6.314,0.975,NaN,0.119,0.089,0.989,0.032,0,0,0.593,3.766,6.354,0.982,2,0
450451,1.00000250776543e+18,63875743298661,0.012,1.435,0.006,0.025,-0.246,0.029,0.969,NaN,0.12,0.088,0.989,0,0,0,63.85,NaN,0.12,0.088,0.989,-0.032,0,0,0.581,3.669,6.314,0.974,NaN,0.12,0.088,0.989,0.032,0,0,0.591,3.758,6.354,0.982,2,0
450452,1.00000250777044e+18,63875743298661,0.012,1.435,0.006,0.025,-0.246,0.029,0.969,NaN,0.12,0.087,0.989,0,0,0,63.85,NaN,0.12,0.087,0.989,-0.032,0,0,0.578,3.65,6.314,0.975,NaN,0.12,0.087,0.989,0.032,0,0,0.59,3.748,6.354,0.983,2,0
450453,1.00000250777545e+18,63875743298661,0.012,1.435,0.006,0.025,-0.246,0.029,0.969,NaN,0.118,0.085,0.989,0,0,0,63.85,NaN,0.116,0.088,0.989,-0.032,0,0,0.572,3.612,6.314,0.976,NaN,0.118,0.085,0.989,0.032,0,0,0.588,3.736,6.354,0.982,2,0
450454,1.00000250778046e+18,63875743298671,0.012,1.435,0.006,0.025,-0.246,0.029,0.969,NaN,0.105,0.085,0.991,0,0,0,63.85,NaN,0.103,0.089,0.991,-0.032,0,0,0.57,3.6,6.314,0.976,NaN,0.105,0.085,0.991,0.032,0,0,0.585,3.719,6.354,0.982,2,0
450455,1.00000250778547e+18,63875743298672,0.012,1.435,0.006,0.025,-0.246,0.029,0.969,NaN,0.104,0.087,0.991,0,0,0,63.85,NaN,0.079,0.089,0.993,-0.032,0,0,0.557,3.516,6.314,0.977,NaN,0.104,0.087,0.991,0.032,0,0,0.585,3.718,6.354,0.981,2,0
450456,1.00000250779048e+18,63875743298682,0.012,1.435,0.005,0.025,-0.246,0.028,0.969,NaN,0.097,0.088,0.991,0,0,0,63.85,NaN,0.051,0.09,0.995,-0.032,0,0,0.55,3.473,6.314,0.978,NaN,0.097,0.088,0.991,0.032,0,0,0.585,3.716,6.354,0.98,2,0
450457,1.0000025077955e+18,63875743298683,0.012,1.435,0.005,0.025,-0.246,0.028,0.969,NaN,0.083,0.09,0.992,0,0,0,63.85,NaN,0.019,0.09,0.996,-0.032,0,0,0.536,3.387,6.314,0.979,NaN,0.083,0.09,0.992,0.032,0,0,0.585,3.714,6.354,0.977,2,0
450458,1.00000250780051e+18,63875743298694,0.012,1.435,0.005,0.026,-0.246,0.028,0.969,NaN,0.063,0.092,0.994,0,0,0,63.85,NaN,0.014,0.091,0.996,-0.032,0,0,0.535,3.379,6.314,0.981,NaN,0.063,0.092,0.994,0.032,0,0,0.584,3.712,6.354,0.974,2,0
450459,1.00000250780549e+18,63875743298694,0.012,1.435,0.005,0.026,-0.246,0.028,0.969,NaN,0.038,0.093,0.995,0,0,0,63.85,NaN,0.003,0.092,0.996,-0.032,0,0,0.534,3.37,6.314,0.982,NaN,0.038,0.093,0.995,0.032,0,0,0.584,3.712,6.354,0.97,2,0
450460,1.00000250781052e+18,63875743298704,0.012,1.435,0.005,0.026,-0.246,0.028,0.968,NaN,0.013,0.093,0.996,0,0,0,63.85,NaN,-0.011,0.092,0.996,-0.032,0,0,0.534,3.371,6.314,0.983,NaN,0.013,0.093,0.996,0.032,0,0,0.584,3.712,6.354,0.965,2,0
450461,1.00000250781554e+18,63875743298704,0.012,1.435,0.005,0.026,-0.246,0.028,0.968,NaN,-0.01,0.093,0.996,0,0,0,63.85,NaN,-0.047,0.091,0.995,-0.032,0,0,0.534,3.372,6.314,0.984,NaN,-0.01,0.093,0.996,0.032,0,0,0.584,3.71,6.354,0.96,2,0
450462,1.00000250782057e+18,63875743298716,0.012,1.435,0.005,0.026,-0.246,0.028,0.968,NaN,-0.027,0.092,0.995,0,0,0,63.85,NaN,-0.074,0.09,0.993,-0.032,0,0,0.534,3.372,6.314,0.985,NaN,-0.027,0.092,0.995,0.032,0,0,0.584,3.71,6.354,0.956,2,0
450463,1.00000250782558e+18,63875743298716,0.012,1.435,0.005,0.026,-0.246,0.028,0.968,NaN,-0.04,0.092,0.995,0,0,0,63.85,NaN,-0.091,0.088,0.992,-0.032,0,0,0.534,3.371,6.314,0.986,NaN,-0.04,0.092,0.995,0.032,0,0,0.584,3.71,6.354,0.953,2,0
450464,1.00000250783061e+18,63875743298716,0.012,1.435,0.005,0.026,-0.246,0.028,0.968,NaN,-0.049,0.091,0.995,0,0,0,63.85,NaN,-0.103,0.086,0.991,-0.032,0,0,0.537,3.392,6.314,0.987,NaN,-0.049,0.091,0.995,0.032,0,0,0.584,3.71,6.354,0.95,2,0
450465,1.00000250783562e+18,63875743298727,0.012,1.435,0.005,0.026,-0.246,0.028,0.968,NaN,-0.055,0.091,0.994,0,0,0,63.85,NaN,-0.115,0.086,0.99,-0.032,0,0,0.56,3.535,6.314,0.988,NaN,-0.055,0.091,0.994,0.032,0,0,0.584,3.709,6.354,0.948,2,0
450466,1.00000250784059e+18,63875743298727,0.012,1.435,0.005,0.026,-0.246,0.028,0.968,NaN,-0.059,0.091,0.994,0,0,0,63.85,NaN,-0.122,0.085,0.989,-0.032,0,0,0.559,3.532,6.314,0.989,NaN,-0.059,0.091,0.994,0.032,0,0,0.583,3.707,6.354,0.945,2,0
450467,1.00000250784558e+18,63875743298738,0.012,1.435,0.005,0.026,-0.246,0.028,0.968,NaN,-0.061,0.091,0.994,0,0,0,63.85,NaN,-0.125,0.084,0.989,-0.032,0,0,0.558,3.521,6.314,0.99,NaN,-0.061,0.091,0.994,0.032,0,0,0.583,3.704,6.354,0.944,2,0
450468,1.00000250785058e+18,63875743298738,0.012,1.435,0.005,0.026,-0.246,0.028,0.968,NaN,-0.062,0.09,0.994,0,0,0,63.85,NaN,-0.127,0.083,0.988,-0.032,0,0,0.554,3.499,6.314,0.99,NaN,-0.062,0.09,0.994,0.032,0,0,0.582,3.701,6.354,0.943,2,0
450469,1.00000250785559e+18,63875743298749,0.012,1.435,0.005,0.026,-0.246,0.028,0.968,NaN,-0.063,0.09,0.994,0,0,0,63.85,NaN,-0.128,0.083,0.988,-0.032,0,0,0.55,3.474,6.314,0.991,NaN,-0.063,0.09,0.994,0.032,0,0,0.582,3.697,6.354,0.942,2,0
450470,1.00000250786062e+18,63875743298749,0.012,1.435,0.005,0.026,-0.246,0.028,0.968,NaN,-0.063,0.089,0.994,0,0,0,63.85,NaN,-0.129,0.082,0.988,-0.032,0,0,0.548,3.462,6.314,0.991,NaN,-0.063,0.089,0.994,0.032,0,0,0.581,3.692,6.354,0.941,2,0
450471,1.00000250786562e+18,63875743298761,0.012,1.435,0.004,0.026,-0.246,0.028,0.968,NaN,-0.063,0.089,0.994,0,0,0,63.85,NaN,-0.128,0.081,0.988,-0.032,0,0,0.545,3.44,6.314,0.992,NaN,-0.063,0.089,0.994,0.032,0,0,0.58,3.687,6.354,0.941,2,0
450472,1.00000250787075e+18,63875743298761,0.012,1.435,0.004,0.026,-0.246,0.028,0.968,NaN,-0.063,0.088,0.994,0,0,0,63.85,NaN,-0.128,0.08,0.989,-0.032,0,0,0.54,3.408,6.314,0.992,NaN,-0.063,0.088,0.994,0.032,0,0,0.58,3.683,6.354,0.94,2,0
450473,1.00000250787571e+18,63875743298761,0.012,1.435,0.004,0.026,-0.246,0.028,0.968,NaN,-0.063,0.087,0.994,0,0,0,63.85,NaN,-0.127,0.079,0.989,-0.032,0,0,0.537,3.393,6.314,0.993,NaN,-0.063,0.087,0.994,0.032,0,0,0.579,3.677,6.354,0.94,2,0
450474,1.00000250788071e+18,63875743298771,0.012,1.435,0.004,0.026,-0.247,0.028,0.968,NaN,-0.062,0.087,0.994,0,0,0,63.85,NaN,-0.127,0.078,0.989,-0.032,0,0,0.536,3.383,6.314,0.993,NaN,-0.062,0.087,0.994,0.032,0,0,0.578,3.669,6.354,0.94,2,0
450475,1.00000250788574e+18,63875743298771,0.012,1.435,0.004,0.026,-0.247,0.028,0.968,NaN,-0.062,0.086,0.994,0,0,0,63.85,NaN,-0.126,0.077,0.989,-0.032,0,0,0.533,3.368,6.314,0.994,NaN,-0.062,0.086,0.994,0.032,0,0,0.576,3.662,6.354,0.939,2,0
450476,1.00000250789074e+18,63875743298783,0.012,1.435,0.004,0.026,-0.247,0.029,0.968,NaN,-0.062,0.086,0.994,0,0,0,63.85,NaN,-0.125,0.076,0.989,-0.032,0,0,0.531,3.352,6.314,0.994,NaN,-0.062,0.086,0.994,0.032,0,0,0.576,3.657,6.354,0.939,2,0
450477,1.00000250789574e+18,63875743298783,0.012,1.435,0.004,0.026,-0.247,0.029,0.968,NaN,-0.062,0.085,0.994,0,0,0,63.85,NaN,-0.125,0.075,0.989,-0.032,0,0,0.531,3.353,6.314,0.994,NaN,-0.062,0.085,0.994,0.032,0,0,0.575,3.652,6.354,0.939,2,0.02045901
450478,1.00000250790075e+18,63875743298794,0.012,1.435,0.004,0.026,-0.247,0.029,0.968,NaN,-0.061,0.085,0.995,0,0,0,63.85,NaN,-0.125,0.075,0.989,-0.032,0,0,0.532,3.356,6.314,0.995,NaN,-0.061,0.085,0.995,0.032,0,0,0.574,3.648,6.354,0.939,2,0.404419
450479,1.00000250790575e+18,63875743298794,0.012,1.435,0.004,0.026,-0.247,0.029,0.968,NaN,-0.061,0.084,0.995,0,0,0,63.85,NaN,-0.125,0.075,0.989,-0.032,0,0,0.531,3.354,6.314,0.995,NaN,-0.061,0.084,0.995,0.032,0,0,0.573,3.643,6.354,0.939,2,0.6513548
450480,1.00000250791077e+18,63875743298804,0.012,1.435,0.004,0.026,-0.247,0.029,0.968,NaN,-0.061,0.084,0.995,0,0,0,63.85,NaN,-0.125,0.074,0.989,-0.032,0,0,0.532,3.359,6.314,0.995,NaN,-0.061,0.084,0.995,0.032,0,0,0.573,3.639,6.354,0.939,2,0.8861627
450481,1.00000250791578e+18,63875743298805,0.012,1.435,0.004,0.026,-0.247,0.029,0.968,NaN,-0.06,0.083,0.995,0,0,0,63.85,NaN,-0.125,0.074,0.989,-0.032,0,0,0.533,3.363,6.314,0.995,NaN,-0.06,0.083,0.995,0.032,0,0,0.572,3.632,6.354,0.938,2,0.9650851
450482,1.00000250792078e+18,63875743298816,0.012,1.435,0.004,0.026,-0.247,0.029,0.968,NaN,-0.06,0.083,0.995,0,0,0,63.85,NaN,-0.125,0.074,0.989,-0.032,0,0,0.533,3.363,6.314,0.996,NaN,-0.06,0.083,0.995,0.032,0,0,0.571,3.627,6.354,0.938,2,1
450483,1.00000250792585e+18,63875743298816,0.012,1.435,0.004,0.026,-0.247,0.029,0.968,NaN,-0.06,0.083,0.995,0,0,0,63.85,NaN,-0.124,0.074,0.989,-0.032,0,0,0.531,3.354,6.314,0.996,NaN,-0.06,0.083,0.995,0.032,0,0,0.57,3.622,6.354,0.938,2,1
450484,1.00000250793085e+18,63875743298816,0.012,1.435,0.004,0.026,-0.247,0.029,0.968,NaN,-0.06,0.083,0.995,0,0,0,63.85,NaN,-0.124,0.074,0.99,-0.032,0,0,0.529,3.339,6.314,0.996,NaN,-0.06,0.083,0.995,0.032,0,0,0.57,3.619,6.354,0.938,2,1
450485,1.00000250793584e+18,63875743298826,0.012,1.436,0.003,0.026,-0.247,0.029,0.968,NaN,-0.059,0.083,0.995,0,0,0,63.85,NaN,-0.124,0.073,0.99,-0.032,0,0,0.527,3.325,6.314,0.996,NaN,-0.059,0.083,0.995,0.032,0,0,0.569,3.615,6.354,0.938,2,1
450486,1.00000250794084e+18,63875743298837,0.012,1.436,0.003,0.025,-0.247,0.029,0.968,NaN,-0.059,0.083,0.995,0,0,0,63.85,NaN,-0.124,0.073,0.99,-0.032,0,0,0.526,3.319,6.314,0.996,NaN,-0.059,0.083,0.995,0.032,0,0,0.568,3.611,6.354,0.938,2,1
450487,1.00000250794584e+18,63875743298837,0.012,1.436,0.003,0.025,-0.247,0.029,0.968,NaN,-0.059,0.083,0.995,0,0,0,63.85,NaN,-0.124,0.073,0.99,-0.032,0,0,0.525,3.315,6.314,0.997,NaN,-0.059,0.083,0.995,0.032,0,0,0.568,3.607,6.354,0.938,2,1
450488,1.00000250795087e+18,63875743298837,0.012,1.436,0.003,0.025,-0.247,0.029,0.968,NaN,-0.059,0.083,0.995,0,0,0,63.85,NaN,-0.123,0.072,0.99,-0.032,0,0,0.522,3.296,6.314,0.997,NaN,-0.059,0.083,0.995,0.032,0,0,0.567,3.603,6.354,0.938,2,1
450489,1.00000250795587e+18,63875743298849,0.012,1.436,0.003,0.025,-0.247,0.029,0.968,NaN,-0.058,0.082,0.995,0,0,0,63.85,NaN,-0.123,0.072,0.99,-0.032,0,0,0.521,3.288,6.314,0.997,NaN,-0.058,0.082,0.995,0.032,0,0,0.566,3.598,6.354,0.938,2,1
450490,1.00000250796085e+18,63875743298849,0.012,1.436,0.003,0.025,-0.247,0.029,0.968,NaN,-0.058,0.082,0.995,0,0,0,63.85,NaN,-0.123,0.071,0.99,-0.032,0,0,0.52,3.284,6.314,0.997,NaN,-0.058,0.082,0.995,0.032,0,0,0.566,3.593,6.354,0.938,2,1
450491,1.00000250796588e+18,63875743298860,0.012,1.436,0.003,0.025,-0.247,0.029,0.968,NaN,-0.058,0.082,0.995,0,0,0,63.85,NaN,-0.123,0.071,0.99,-0.032,0,0,0.519,3.279,6.314,0.997,NaN,-0.058,0.082,0.995,0.032,0,0,0.565,3.589,6.354,0.938,2,1
450492,1.00000250797091e+18,63875743298860,0.012,1.436,0.003,0.025,-0.247,0.029,0.968,NaN,-0.058,0.082,0.995,0,0,0,63.85,NaN,-0.123,0.071,0.99,-0.032,0,0,0.521,3.289,6.314,0.997,NaN,-0.058,0.082,0.995,0.032,0,0,0.564,3.586,6.354,0.938,2,1
450493,1.00000250797593e+18,63875743298872,0.012,1.436,0.003,0.025,-0.247,0.029,0.968,NaN,-0.058,0.082,0.995,0,0,0,63.85,NaN,-0.123,0.071,0.99,-0.032,0,0,0.521,3.292,6.314,0.997,NaN,-0.058,0.082,0.995,0.032,0,0,0.564,3.584,6.354,0.938,2,1
450494,1.00000250798094e+18,63875743298872,0.012,1.436,0.003,0.025,-0.247,0.029,0.968,NaN,-0.058,0.082,0.995,0,0,0,63.85,NaN,-0.123,0.07,0.99,-0.032,0,0,0.521,3.291,6.314,0.997,NaN,-0.058,0.082,0.995,0.032,0,0,0.564,3.581,6.354,0.938,2,1
450495,1.00000250798598e+18,63875743298872,0.012,1.436,0.003,0.025,-0.247,0.029,0.968,NaN,-0.058,0.082,0.995,0,0,0,63.85,NaN,-0.123,0.07,0.99,-0.032,0,0,0.521,3.291,6.314,0.998,NaN,-0.058,0.082,0.995,0.032,0,0,0.563,3.579,6.354,0.938,2,1
450496,1.000002507991e+18,63875743298882,0.012,1.436,0.003,0.025,-0.247,0.029,0.968,NaN,-0.057,0.082,0.995,0,0,0,63.85,NaN,-0.123,0.07,0.99,-0.032,0,0,0.523,3.305,6.314,0.998,NaN,-0.057,0.082,0.995,0.032,0,0,0.563,3.574,6.354,0.938,2,1
450497,1.00000250799603e+18,63875743298882,0.012,1.436,0.003,0.025,-0.247,0.029,0.968,NaN,-0.057,0.082,0.995,0,0,0,63.85,NaN,-0.123,0.07,0.99,-0.032,0,0,0.524,3.309,6.314,0.998,NaN,-0.057,0.082,0.995,0.032,0,0,0.562,3.571,6.354,0.938,2,1
450498,1.00000250800107e+18,63875743298893,0.012,1.436,0.003,0.025,-0.247,0.029,0.968,NaN,-0.057,0.082,0.995,0,0,0,63.85,NaN,-0.123,0.07,0.99,-0.032,0,0,0.524,3.311,6.314,0.998,NaN,-0.057,0.082,0.995,0.032,0,0,0.562,3.568,6.354,0.938,2,1
450499,1.0000025080061e+18,63875743298893,0.012,1.436,0.003,0.025,-0.247,0.029,0.968,NaN,-0.057,0.081,0.995,0,0,0,63.85,NaN,-0.124,0.07,0.99,-0.032,0,0,0.524,3.309,6.314,0.998,NaN,-0.057,0.081,0.995,0.032,0,0,0.561,3.565,6.354,0.938,2,1
450500,1.00000250801112e+18,63875743298905,0.012,1.436,0.003,0.025,-0.247,0.029,0.968,NaN,-0.057,0.081,0.995,0,0,0,63.85,NaN,-0.124,0.07,0.99,-0.032,0,0,0.524,3.309,6.314,0.998,NaN,-0.057,0.081,0.995,0.032,0,0,0.561,3.562,6.354,0.938,2,1
450501,1.00000250801603e+18,63875743298905,0.012,1.436,0.003,0.025,-0.247,0.029,0.968,NaN,-0.057,0.081,0.995,0,0,0,63.85,NaN,-0.124,0.07,0.99,-0.032,0,0,0.526,3.322,6.314,0.998,NaN,-0.057,0.081,0.995,0.032,0,0,0.56,3.559,6.354,0.938,2,1
450502,1.00000250802105e+18,63875743298916,0.012,1.436,0.003,0.025,-0.247,0.029,0.968,NaN,-0.057,0.081,0.995,0,0,0,63.85,NaN,-0.124,0.07,0.99,-0.032,0,0,0.524,3.311,6.314,0.998,NaN,-0.057,0.081,0.995,0.032,0,0,0.56,3.558,6.354,0.938,2,1
450503,1.00000250802606e+18,63875743298916,0.012,1.436,0.003,0.025,-0.247,0.029,0.968,NaN,-0.057,0.081,0.995,0,0,0,63.85,NaN,-0.124,0.07,0.99,-0.032,0,0,0.52,3.282,6.314,0.998,NaN,-0.057,0.081,0.995,0.032,0,0,0.56,3.556,6.354,0.938,2,1
450504,1.00000250803105e+18,63875743298925,0.012,1.436,0.003,0.025,-0.247,0.029,0.968,NaN,-0.057,0.081,0.995,0,0,0,63.85,NaN,-0.124,0.069,0.99,-0.032,0,0,0.519,3.274,6.314,0.998,NaN,-0.057,0.081,0.995,0.032,0,0,0.559,3.554,6.354,0.938,2,1
450505,1.00000250803607e+18,63875743298925,0.012,1.436,0.003,0.025,-0.247,0.029,0.968,NaN,-0.057,0.081,0.995,0,0,0,63.85,NaN,-0.124,0.069,0.99,-0.032,0,0,0.518,3.272,6.314,0.998,NaN,-0.057,0.081,0.995,0.032,0,0,0.559,3.552,6.354,0.938,2,1
450506,1.00000250804109e+18,63875743298925,0.012,1.436,0.003,0.025,-0.247,0.029,0.968,NaN,-0.057,0.081,0.995,0,0,0,63.85,NaN,-0.124,0.068,0.99,-0.032,0,0,0.518,3.27,6.314,0.998,NaN,-0.057,0.081,0.995,0.032,0,0,0.559,3.55,6.354,0.938,2,1
450507,1.00000250804611e+18,63875743298937,0.012,1.436,0.003,0.025,-0.247,0.029,0.968,NaN,-0.057,0.081,0.995,0,0,0,63.85,NaN,-0.124,0.068,0.99,-0.032,0,0,0.518,3.27,6.314,0.998,NaN,-0.057,0.081,0.995,0.032,0,0,0.559,3.549,6.354,0.938,2,1
450508,1.00000250805112e+18,63875743298937,0.012,1.436,0.003,0.025,-0.247,0.029,0.968,NaN,-0.057,0.081,0.995,0,0,0,63.85,NaN,-0.124,0.068,0.99,-0.032,0,0,0.518,3.273,6.314,0.998,NaN,-0.057,0.081,0.995,0.032,0,0,0.558,3.547,6.354,0.938,2,1
450509,1.00000250805614e+18,63875743298947,0.012,1.436,0.003,0.025,-0.247,0.03,0.968,NaN,-0.057,0.081,0.995,0,0,0,63.85,NaN,-0.124,0.067,0.99,-0.032,0,0,0.518,3.272,6.314,0.999,NaN,-0.057,0.081,0.995,0.032,0,0,0.558,3.545,6.354,0.938,2,1
450510,1.00000250806115e+18,63875743298947,0.012,1.436,0.003,0.025,-0.247,0.03,0.968,NaN,-0.057,0.081,0.995,0,0,0,63.85,NaN,-0.124,0.067,0.99,-0.032,0,0,0.518,3.269,6.314,0.999,NaN,-0.057,0.081,0.995,0.032,0,0,0.558,3.543,6.354,0.937,2,1
450511,1.00000250806617e+18,63875743298959,0.012,1.436,0.003,0.025,-0.247,0.03,0.968,NaN,-0.057,0.081,0.995,0,0,0,63.85,NaN,-0.124,0.066,0.99,-0.032,0,0,0.517,3.265,6.314,0.999,NaN,-0.057,0.081,0.995,0.032,0,0,0.557,3.542,6.354,0.937,2,1
450512,1.00000250807115e+18,63875743298959,0.012,1.436,0.003,0.025,-0.247,0.03,0.968,NaN,-0.057,0.081,0.995,0,0,0,63.85,NaN,-0.124,0.066,0.99,-0.032,0,0,0.517,3.264,6.314,0.999,NaN,-0.057,0.081,0.995,0.032,0,0,0.557,3.541,6.354,0.937,2,1
450513,1.00000250807617e+18,63875743298970,0.012,1.436,0.003,0.025,-0.247,0.03,0.968,NaN,-0.057,0.081,0.995,0,0,0,63.85,NaN,-0.124,0.066,0.99,-0.032,0,0,0.522,3.293,6.314,0.999,NaN,-0.057,0.081,0.995,0.032,0,0,0.557,3.54,6.354,0.937,2,1
450514,1.00000250808119e+18,63875743298970,0.012,1.436,0.003,0.025,-0.247,0.03,0.968,NaN,-0.057,0.081,0.995,0,0,0,63.85,NaN,-0.124,0.066,0.99,-0.032,0,0,0.523,3.301,6.314,0.999,NaN,-0.057,0.081,0.995,0.032,0,0,0.557,3.539,6.354,0.937,2,1
450515,1.00000250808619e+18,63875743298982,0.013,1.436,0.003,0.026,-0.247,0.03,0.968,NaN,-0.057,0.081,0.995,0,0,0,63.85,NaN,-0.124,0.066,0.99,-0.032,0,0,0.523,3.301,6.314,0.999,NaN,-0.057,0.081,0.995,0.032,0,0,0.557,3.539,6.354,0.937,2,1
450516,1.00000250809116e+18,63875743298982,0.013,1.436,0.003,0.026,-0.247,0.03,0.968,NaN,-0.056,0.081,0.995,0,0,0,63.85,NaN,-0.124,0.066,0.99,-0.032,0,0,0.524,3.308,6.314,0.999,NaN,-0.056,0.081,0.995,0.032,0,0,0.557,3.538,6.354,0.937,2,1
450517,1.0000025080962e+18,63875743298982,0.013,1.436,0.003,0.026,-0.247,0.03,0.968,NaN,-0.056,0.081,0.995,0,0,0,63.85,NaN,-0.124,0.067,0.99,-0.032,0,0,0.524,3.312,6.314,0.999,NaN,-0.056,0.081,0.995,0.032,0,0,0.557,3.538,6.354,0.937,2,1
450518,1.00000250810122e+18,63875743298992,0.013,1.436,0.003,0.026,-0.247,0.03,0.968,NaN,-0.056,0.081,0.995,0,0,0,63.85,NaN,-0.124,0.067,0.99,-0.032,0,0,0.524,3.311,6.314,0.999,NaN,-0.056,0.081,0.995,0.032,0,0,0.557,3.538,6.354,0.937,2,1
450519,1.00000250810626e+18,63875743298992,0.013,1.436,0.003,0.026,-0.247,0.03,0.968,NaN,-0.056,0.081,0.995,0,0,0,63.85,NaN,-0.124,0.067,0.99,-0.032,0,0,0.524,3.31,6.314,0.999,NaN,-0.056,0.081,0.995,0.032,0,0,0.557,3.538,6.354,0.936,2,1
450520,1.00000250811128e+18,63875743299004,0.013,1.436,0.004,0.026,-0.247,0.03,0.968,NaN,-0.056,0.08,0.995,0,0,0,63.85,NaN,-0.124,0.067,0.99,-0.032,0,0,0.524,3.309,6.314,0.999,NaN,-0.056,0.08,0.995,0.032,0,0,0.557,3.538,6.354,0.936,2,1
450521,1.00000250811629e+18,63875743299004,0.013,1.436,0.004,0.026,-0.247,0.03,0.968,NaN,-0.056,0.08,0.995,0,0,0,63.85,NaN,-0.124,0.066,0.99,-0.032,0,0,0.523,3.305,6.314,0.999,NaN,-0.056,0.08,0.995,0.032,0,0,0.557,3.538,6.354,0.936,2,1
450522,1.0000025081213e+18,63875743299015,0.013,1.436,0.004,0.026,-0.247,0.03,0.968,NaN,-0.056,0.08,0.995,0,0,0,63.85,NaN,-0.119,0.067,0.991,-0.032,0,0,0.523,3.304,6.314,0.999,NaN,-0.056,0.08,0.995,0.032,0,0,0.557,3.538,6.354,0.936,2,1
450523,1.00000250812632e+18,63875743299015,0.013,1.436,0.004,0.026,-0.247,0.03,0.968,NaN,-0.056,0.08,0.995,0,0,0,63.85,NaN,-0.11,0.067,0.992,-0.032,0,0,0.523,3.304,6.314,0.999,NaN,-0.056,0.08,0.995,0.032,0,0,0.557,3.538,6.354,0.935,2,1
450524,1.00000250813133e+18,63875743299025,0.013,1.436,0.004,0.026,-0.247,0.03,0.968,NaN,-0.056,0.08,0.995,0,0,0,63.85,NaN,-0.1,0.068,0.993,-0.032,0,0,0.523,3.303,6.314,0.999,NaN,-0.056,0.08,0.995,0.032,0,0,0.557,3.538,6.354,0.935,2,1
450525,1.00000250813637e+18,63875743299025,0.013,1.436,0.004,0.026,-0.247,0.03,0.968,NaN,-0.056,0.08,0.995,0,0,0,63.85,NaN,-0.091,0.069,0.993,-0.032,0,0,0.523,3.303,6.314,0.999,NaN,-0.056,0.08,0.995,0.032,0,0,0.557,3.538,6.354,0.934,2,1
450526,1.00000250814139e+18,63875743299025,0.013,1.436,0.004,0.026,-0.247,0.03,0.968,NaN,-0.056,0.08,0.995,0,0,0,63.85,NaN,-0.084,0.069,0.994,-0.032,0,0,0.531,3.354,6.314,0.999,NaN,-0.056,0.08,0.995,0.032,0,0,0.557,3.538,6.354,0.934,2,1
450527,1.00000250814636e+18,63875743299037,0.013,1.436,0.004,0.026,-0.247,0.03,0.968,NaN,-0.056,0.08,0.995,0,0,0,63.85,NaN,-0.078,0.07,0.995,-0.032,0,0,0.533,3.367,6.314,0.999,NaN,-0.056,0.08,0.995,0.032,0,0,0.557,3.538,6.354,0.933,2,1
450528,1.00000250815139e+18,63875743299037,0.013,1.436,0.004,0.026,-0.247,0.03,0.968,NaN,-0.057,0.08,0.995,0,0,0,63.85,NaN,-0.074,0.07,0.995,-0.032,0,0,0.534,3.371,6.314,0.999,NaN,-0.057,0.08,0.995,0.032,0,0,0.557,3.538,6.354,0.932,2,1
450529,1.00000250815641e+18,63875743299047,0.013,1.436,0.004,0.026,-0.247,0.03,0.968,NaN,-0.057,0.08,0.995,0,0,0,63.85,NaN,-0.083,0.07,0.994,-0.032,0,0,0.528,3.334,6.314,0.999,NaN,-0.057,0.08,0.995,0.032,0,0,0.557,3.539,6.354,0.931,2,0.8735784
450530,1.00000250816143e+18,63875743299047,0.013,1.436,0.004,0.026,-0.247,0.03,0.968,NaN,-0.057,0.08,0.995,0,0,0,63.85,NaN,-0.086,0.069,0.994,-0.032,0,0,0.527,3.326,6.314,0.999,NaN,-0.057,0.08,0.995,0.032,0,0,0.564,3.583,6.354,0.931,2,0.5787323
450531,1.00000250816645e+18,63875743299059,0.013,1.436,0.004,0.026,-0.247,0.03,0.968,NaN,-0.053,0.08,0.995,0,0,0,63.85,NaN,-0.083,0.066,0.994,-0.032,0,0,0.527,3.329,6.314,0.999,NaN,-0.053,0.08,0.995,0.032,0,0,0.564,3.581,6.354,0.93,2,0
450532,1.00000250817139e+18,63875743299059,0.013,1.436,0.004,0.026,-0.247,0.03,0.968,NaN,-0.049,0.075,0.996,0,0,0,63.85,NaN,-0.069,0.063,0.996,-0.032,0,0,0.562,3.551,6.314,0.999,NaN,-0.049,0.075,0.996,0.032,0,0,0.562,3.57,6.354,0.929,2,0
450533,1.0000025081764e+18,63875743299070,0.013,1.436,0.004,0.026,-0.247,0.03,0.968,NaN,-0.041,0.061,0.997,0,0,0,63.85,NaN,-0.052,0.052,0.997,-0.032,0,0,0.607,3.832,6.314,0.999,NaN,-0.041,0.061,0.997,0.032,0,0,0.562,3.571,6.354,0.93,2,0
450534,1.0000025081814e+18,63875743299082,0.013,1.436,0.004,0.026,-0.247,0.03,0.968,NaN,-0.024,0.038,0.999,0,0,0,63.85,NaN,-0.025,0.032,0.999,-0.032,0,0,0.55,3.47,6.314,0.999,NaN,-0.024,0.038,0.999,0.032,0,0,0.562,3.572,6.354,0.93,2,0
450535,1.00000250818642e+18,63875743299082,0.013,1.436,0.004,0.026,-0.247,0.03,0.968,NaN,-0.002,0.011,1,0,0,0,63.85,NaN,0.004,0.008,1,-0.032,0,0,0.543,3.426,6.314,0.999,NaN,-0.002,0.011,1,0.032,0,0,0.563,3.576,6.354,0.93,2,0
450536,1.00000250819144e+18,63875743299082,0.013,1.436,0.004,0.026,-0.247,0.03,0.968,NaN,0.024,-0.016,1,0,0,0,63.85,NaN,0.032,-0.018,0.999,-0.032,0,0,0.566,3.574,6.314,0.999,NaN,0.024,-0.016,1,0.032,0,0,0.563,3.575,6.354,0.93,2,0
450537,1.00000250819647e+18,63875743299082,0.013,1.436,0.004,0.026,-0.247,0.03,0.968,NaN,0.037,-0.048,0.998,0,0,0,63.85,NaN,0.045,-0.048,0.998,-0.032,0,0,0.571,3.606,6.314,0.996,NaN,0.037,-0.048,0.998,0.032,0,0,0.561,3.564,6.354,0.931,2,0
450538,1.00000250820149e+18,63875743299092,0.013,1.436,0.004,0.026,-0.248,0.03,0.968,NaN,0.057,-0.078,0.995,0,0,0,63.85,NaN,0.063,-0.077,0.995,-0.032,0,0,0.576,3.638,6.314,0.99,NaN,0.057,-0.078,0.995,0.032,0,0,0.56,3.556,6.354,0.932,2,0
450539,1.00000250820652e+18,63875743299092,0.013,1.436,0.004,0.026,-0.248,0.03,0.968,NaN,0.079,-0.105,0.991,0,0,0,63.85,NaN,0.085,-0.103,0.991,-0.032,0,0,0.58,3.659,6.314,0.986,NaN,0.079,-0.105,0.991,0.032,0,0,0.558,3.543,6.354,0.933,2,0
450540,1.00000250821155e+18,63875743299103,0.013,1.436,0.004,0.026,-0.248,0.03,0.968,NaN,0.102,-0.128,0.987,0,0,0,63.85,NaN,0.107,-0.127,0.986,-0.032,0,0,0.579,3.659,6.314,0.981,NaN,0.102,-0.128,0.987,0.032,0,0,0.556,3.535,6.354,0.934,2,0
450541,1.0000025082165e+18,63875743299116,0.013,1.436,0.004,0.026,-0.248,0.03,0.968,NaN,0.119,-0.143,0.982,0,0,0,63.85,NaN,0.123,-0.143,0.982,-0.032,0,0,0.579,3.656,6.314,0.974,NaN,0.119,-0.143,0.982,0.032,0,0,0.555,3.527,6.354,0.934,2,0
450542,1.00000250822151e+18,63875743299116,0.013,1.436,0.004,0.026,-0.248,0.03,0.968,NaN,0.137,-0.161,0.977,0,0,0,63.85,NaN,0.141,-0.16,0.977,-0.032,0,0,0.579,3.655,6.314,0.969,NaN,0.137,-0.161,0.977,0.032,0,0,0.555,3.527,6.354,0.935,2,0
450543,1.00000250822653e+18,63875743299116,0.013,1.436,0.004,0.026,-0.248,0.03,0.968,NaN,0.15,-0.172,0.974,0,0,0,63.85,NaN,0.152,-0.172,0.973,-0.032,0,0,0.579,3.654,6.314,0.963,NaN,0.15,-0.172,0.974,0.032,0,0,0.556,3.531,6.354,0.936,2,0
450544,1.00000250823154e+18,63875743299126,0.013,1.436,0.004,0.026,-0.248,0.03,0.968,NaN,0.158,-0.179,0.971,0,0,0,63.85,NaN,0.159,-0.179,0.971,-0.032,0,0,0.579,3.656,6.314,0.959,NaN,0.158,-0.179,0.971,0.032,0,0,0.556,3.535,6.354,0.936,2,0
450545,1.00000250823654e+18,63875743299126,0.013,1.436,0.004,0.026,-0.248,0.03,0.968,NaN,0.161,-0.179,0.971,0,0,0,63.85,NaN,0.162,-0.179,0.97,-0.032,0,0,0.58,3.662,6.314,0.955,NaN,0.161,-0.179,0.971,0.032,0,0,0.557,3.539,6.354,0.937,2,0
450546,1.00000250824155e+18,63875743299137,0.013,1.436,0.004,0.026,-0.248,0.03,0.968,NaN,0.163,-0.18,0.97,0,0,0,63.85,NaN,0.164,-0.18,0.97,-0.032,0,0,0.58,3.665,6.314,0.951,NaN,0.163,-0.18,0.97,0.032,0,0,0.557,3.541,6.354,0.937,2,0
450547,1.00000250824659e+18,63875743299137,0.013,1.436,0.004,0.026,-0.248,0.03,0.968,NaN,0.165,-0.181,0.97,0,0,0,63.85,NaN,0.165,-0.181,0.97,-0.032,0,0,0.581,3.666,6.314,0.948,NaN,0.165,-0.181,0.97,0.032,0,0,0.558,3.543,6.354,0.937,2,0
450548,1.00000250825161e+18,63875743299137,0.013,1.436,0.004,0.026,-0.248,0.03,0.968,NaN,0.165,-0.182,0.969,0,0,0,63.85,NaN,0.166,-0.182,0.969,-0.032,0,0,0.581,3.667,6.314,0.945,NaN,0.165,-0.182,0.969,0.032,0,0,0.558,3.545,6.354,0.938,2,0
450549,1.00000250825662e+18,63875743299147,0.013,1.436,0.004,0.026,-0.248,0.03,0.968,NaN,0.166,-0.183,0.969,0,0,0,63.85,NaN,0.166,-0.183,0.969,-0.032,0,0,0.581,3.668,6.314,0.942,NaN,0.166,-0.183,0.969,0.032,0,0,0.558,3.546,6.354,0.938,2,0
450550,1.00000250826169e+18,63875743299147,0.013,1.436,0.004,0.026,-0.248,0.03,0.968,NaN,0.166,-0.183,0.969,0,0,0,63.85,NaN,0.166,-0.183,0.969,-0.032,0,0,0.581,3.669,6.314,0.941,NaN,0.166,-0.183,0.969,0.032,0,0,0.558,3.547,6.354,0.938,2,0
450551,1.0000025082667e+18,63875743299159,0.013,1.436,0.004,0.026,-0.248,0.03,0.968,NaN,0.166,-0.183,0.969,0,0,0,63.85,NaN,0.166,-0.183,0.969,-0.032,0,0,0.581,3.669,6.314,0.939,NaN,0.166,-0.183,0.969,0.032,0,0,0.558,3.548,6.354,0.938,2,0
450552,1.00000250827171e+18,63875743299159,0.013,1.436,0.004,0.026,-0.248,0.03,0.968,NaN,0.165,-0.184,0.969,0,0,0,63.85,NaN,0.166,-0.184,0.969,-0.032,0,0,0.581,3.669,6.314,0.938,NaN,0.165,-0.184,0.969,0.032,0,0,0.559,3.549,6.354,0.939,2,0
450553,1.00000250827672e+18,63875743299170,0.013,1.436,0.004,0.026,-0.248,0.03,0.968,NaN,0.165,-0.184,0.969,0,0,0,63.85,NaN,0.165,-0.184,0.969,-0.032,0,0,0.581,3.669,6.314,0.937,NaN,0.165,-0.184,0.969,0.032,0,0,0.559,3.55,6.354,0.939,2,0
450554,1.00000250828173e+18,63875743299170,0.013,1.436,0.004,0.026,-0.248,0.03,0.968,NaN,0.165,-0.184,0.969,0,0,0,63.85,NaN,0.165,-0.184,0.969,-0.032,0,0,0.581,3.669,6.314,0.936,NaN,0.165,-0.184,0.969,0.032,0,0,0.559,3.552,6.354,0.939,2,0
450555,1.00000250828673e+18,63875743299182,0.013,1.436,0.004,0.026,-0.249,0.03,0.968,NaN,0.165,-0.184,0.969,0,0,0,63.85,NaN,0.165,-0.184,0.969,-0.032,0,0,0.581,3.669,6.314,0.935,NaN,0.165,-0.184,0.969,0.032,0,0,0.559,3.553,6.354,0.939,2,0
450556,1.00000250829175e+18,63875743299182,0.013,1.436,0.004,0.026,-0.249,0.03,0.968,NaN,0.165,-0.184,0.969,0,0,0,63.85,NaN,0.165,-0.184,0.969,-0.032,0,0,0.581,3.669,6.314,0.935,NaN,0.165,-0.184,0.969,0.032,0,0,0.559,3.555,6.354,0.939,2,0
450557,1.00000250829675e+18,63875743299192,0.013,1.436,0.004,0.026,-0.249,0.03,0.968,NaN,0.164,-0.184,0.969,0,0,0,63.85,NaN,0.164,-0.184,0.969,-0.032,0,0,0.581,3.669,6.314,0.934,NaN,0.164,-0.184,0.969,0.032,0,0,0.56,3.557,6.354,0.939,2,0
450558,1.00000250830172e+18,63875743299192,0.013,1.436,0.004,0.026,-0.249,0.03,0.968,NaN,0.164,-0.185,0.969,0,0,0,63.85,NaN,0.164,-0.185,0.969,-0.032,0,0,0.581,3.669,6.314,0.933,NaN,0.164,-0.185,0.969,0.032,0,0,0.56,3.559,6.354,0.94,2,0
450559,1.00000250830673e+18,63875743299203,0.013,1.436,0.004,0.026,-0.249,0.03,0.968,NaN,0.164,-0.185,0.969,0,0,0,63.85,NaN,0.164,-0.185,0.969,-0.032,0,0,0.581,3.669,6.314,0.933,NaN,0.164,-0.185,0.969,0.032,0,0,0.561,3.562,6.354,0.94,2,0.329059
450560,1.00000250831173e+18,63875743299203,0.013,1.436,0.004,0.026,-0.249,0.03,0.968,NaN,0.164,-0.185,0.969,0,0,0,63.85,NaN,0.164,-0.185,0.969,-0.032,0,0,0.581,3.67,6.314,0.932,NaN,0.164,-0.185,0.969,0.032,0,0,0.561,3.564,6.354,0.94,2,0.4551662
450561,1.00000250831675e+18,63875743299203,0.013,1.436,0.004,0.026,-0.249,0.03,0.968,NaN,0.164,-0.184,0.969,0,0,0,63.85,NaN,0.164,-0.184,0.969,-0.032,0,0,0.581,3.67,6.314,0.928,NaN,0.164,-0.184,0.969,0.032,0,0,0.561,3.567,6.354,0.94,2,0.8583608
450562,1.00000250832178e+18,63875743299215,0.013,1.436,0.004,0.026,-0.249,0.03,0.968,NaN,0.164,-0.184,0.969,0,0,0,63.85,NaN,0.163,-0.184,0.969,-0.032,0,0,0.581,3.671,6.314,0.924,NaN,0.164,-0.184,0.969,0.032,0,0,0.562,3.57,6.354,0.94,2,0.8913672
450563,1.00000250832679e+18,63875743299215,0.013,1.436,0.004,0.026,-0.249,0.03,0.968,NaN,0.164,-0.186,0.969,0,0,0,63.85,NaN,0.164,-0.186,0.969,-0.032,0,0,0.582,3.672,6.314,0.92,NaN,0.164,-0.186,0.969,0.032,0,0,0.562,3.572,6.354,0.941,2,0.7041394
450564,1.0000025083318e+18,63875743299226,0.013,1.436,0.003,0.026,-0.249,0.03,0.968,NaN,0.165,-0.188,0.968,0,0,0,63.85,NaN,0.165,-0.188,0.968,-0.032,0,0,0.582,3.672,6.314,0.916,NaN,0.165,-0.188,0.968,0.032,0,0,0.562,3.573,6.354,0.941,2,0.8549742
450565,1.00000250833682e+18,63875743299226,0.013,1.436,0.003,0.026,-0.249,0.03,0.968,NaN,0.166,-0.189,0.968,0,0,0,63.85,NaN,0.166,-0.189,0.968,-0.032,0,0,0.582,3.674,6.314,0.912,NaN,0.166,-0.189,0.968,0.032,0,0,0.562,3.573,6.354,0.941,2,0.871422
450566,1.00000250834183e+18,63875743299237,0.013,1.436,0.003,0.026,-0.249,0.03,0.968,NaN,0.166,-0.19,0.968,0,0,0,63.85,NaN,0.166,-0.19,0.968,-0.032,0,0,0.582,3.675,6.314,0.909,NaN,0.166,-0.19,0.968,0.032,0,0,0.562,3.573,6.354,0.941,2,0.8948953
450567,1.00000250834685e+18,63875743299237,0.013,1.436,0.003,0.026,-0.249,0.03,0.968,NaN,0.167,-0.191,0.967,0,0,0,63.85,NaN,0.167,-0.191,0.967,-0.032,0,0,0.582,3.677,6.314,0.906,NaN,0.167,-0.191,0.967,0.032,0,0,0.563,3.574,6.354,0.941,2,0.8951306
450568,1.00000250835186e+18,63875743299237,0.013,1.436,0.003,0.026,-0.249,0.03,0.968,NaN,0.167,-0.192,0.967,0,0,0,63.85,NaN,0.167,-0.192,0.967,-0.032,0,0,0.583,3.679,6.314,0.904,NaN,0.167,-0.192,0.967,0.032,0,0,0.563,3.576,6.354,0.941,2,0.8997509
450569,1.00000250835687e+18,63875743299247,0.013,1.436,0.003,0.027,-0.249,0.03,0.968,NaN,0.168,-0.192,0.967,0,0,0,63.85,NaN,0.168,-0.192,0.967,-0.032,0,0,0.583,3.682,6.314,0.902,NaN,0.168,-0.192,0.967,0.032,0,0,0.563,3.579,6.354,0.942,2,0.8884562
450570,1.00000250836187e+18,63875743299247,0.013,1.436,0.003,0.027,-0.249,0.03,0.968,NaN,0.168,-0.192,0.967,0,0,0,63.85,NaN,0.168,-0.192,0.967,-0.032,0,0,0.584,3.685,6.314,0.9,NaN,0.168,-0.192,0.967,0.032,0,0,0.564,3.582,6.354,0.942,2,0.8965831
450571,1.00000250836689e+18,63875743299259,0.013,1.436,0.003,0.027,-0.249,0.03,0.968,NaN,0.168,-0.193,0.967,0,0,0,63.85,NaN,0.168,-0.193,0.967,-0.032,0,0,0.584,3.688,6.314,0.898,NaN,0.168,-0.193,0.967,0.032,0,0,0.564,3.586,6.354,0.942,2,0.8983139
450572,1.0000025083719e+18,63875743299259,0.013,1.436,0.003,0.027,-0.249,0.03,0.968,NaN,0.169,-0.193,0.967,0,0,0,63.85,NaN,0.169,-0.193,0.967,-0.032,0,0,0.584,3.69,6.314,0.897,NaN,0.169,-0.193,0.967,0.032,0,0,0.565,3.588,6.354,0.942,2,0.893007
450573,1.00000250837692e+18,63875743299270,0.013,1.436,0.003,0.027,-0.249,0.03,0.968,NaN,0.169,-0.193,0.967,0,0,0,63.85,NaN,0.169,-0.193,0.967,-0.032,0,0,0.585,3.692,6.314,0.897,NaN,0.169,-0.193,0.967,0.032,0,0,0.565,3.59,6.354,0.942,2,0.9010594
450574,1.00000250838193e+18,63875743299270,0.013,1.436,0.003,0.027,-0.249,0.03,0.968,NaN,0.169,-0.193,0.966,0,0,0,63.85,NaN,0.169,-0.193,0.966,-0.032,0,0,0.585,3.694,6.314,0.896,NaN,0.169,-0.193,0.966,0.032,0,0,0.565,3.592,6.354,0.942,2,0.9058471
450575,1.00000250838694e+18,63875743299281,0.013,1.436,0.003,0.027,-0.249,0.03,0.968,NaN,0.169,-0.193,0.966,0,0,0,63.85,NaN,0.17,-0.193,0.966,-0.032,0,0,0.586,3.697,6.314,0.895,NaN,0.169,-0.193,0.966,0.032,0,0,0.566,3.594,6.354,0.942,2,0.8962458
450576,1.00000250839197e+18,63875743299281,0.013,1.436,0.003,0.027,-0.249,0.03,0.968,NaN,0.17,-0.193,0.966,0,0,0,63.85,NaN,0.17,-0.193,0.966,-0.032,0,0,0.586,3.701,6.314,0.894,NaN,0.17,-0.193,0.966,0.032,0,0,0.566,3.599,6.354,0.942,2,0.8933795
450577,1.00000250839699e+18,63875743299281,0.013,1.436,0.003,0.027,-0.249,0.03,0.968,NaN,0.17,-0.194,0.966,0,0,0,63.85,NaN,0.17,-0.194,0.966,-0.032,0,0,0.587,3.704,6.314,0.893,NaN,0.17,-0.194,0.966,0.032,0,0,0.567,3.603,6.354,0.942,2,0.8895634
450578,1.00000250840201e+18,63875743299292,0.012,1.436,0.003,0.027,-0.249,0.03,0.968,NaN,0.17,-0.194,0.966,0,0,0,63.85,NaN,0.17,-0.194,0.966,-0.032,0,0,0.587,3.707,6.314,0.893,NaN,0.17,-0.194,0.966,0.032,0,0,0.568,3.607,6.354,0.942,2,0.8830793
450579,1.00000250840703e+18,63875743299292,0.012,1.436,0.003,0.027,-0.249,0.03,0.968,NaN,0.17,-0.194,0.966,0,0,0,63.85,NaN,0.17,-0.194,0.966,-0.032,0,0,0.587,3.709,6.314,0.892,NaN,0.17,-0.194,0.966,0.032,0,0,0.568,3.61,6.354,0.943,2,0.8866021
450580,1.00000250841204e+18,63875743299304,0.013,1.436,0.003,0.027,-0.249,0.03,0.968,NaN,0.17,-0.194,0.966,0,0,0,63.85,NaN,0.171,-0.194,0.966,-0.032,0,0,0.588,3.712,6.314,0.892,NaN,0.17,-0.194,0.966,0.032,0,0,0.569,3.613,6.354,0.942,2,0.8826615
450581,1.00000250841704e+18,63875743299304,0.013,1.436,0.003,0.027,-0.249,0.03,0.968,NaN,0.171,-0.194,0.966,0,0,0,63.85,NaN,0.171,-0.194,0.966,-0.032,0,0,0.588,3.714,6.314,0.891,NaN,0.171,-0.194,0.966,0.032,0,0,0.569,3.615,6.354,0.942,2,0.8954569
450582,1.00000250842201e+18,63875743299315,0.012,1.436,0.003,0.027,-0.249,0.03,0.968,NaN,0.171,-0.194,0.966,0,0,0,63.85,NaN,0.171,-0.194,0.966,-0.032,0,0,0.589,3.716,6.314,0.891,NaN,0.171,-0.194,0.966,0.032,0,0,0.569,3.618,6.354,0.942,2,1
450583,1.00000250842702e+18,63875743299315,0.012,1.436,0.003,0.027,-0.249,0.03,0.968,NaN,0.171,-0.194,0.966,0,0,0,63.85,NaN,0.171,-0.194,0.966,-0.032,0,0,0.589,3.718,6.314,0.89,NaN,0.171,-0.194,0.966,0.032,0,0,0.57,3.62,6.354,0.942,2,1
450584,1.00000250843205e+18,63875743299326,0.012,1.436,0.003,0.027,-0.249,0.03,0.968,NaN,0.171,-0.194,0.966,0,0,0,63.85,NaN,0.171,-0.194,0.966,-0.032,0,0,0.589,3.719,6.314,0.89,NaN,0.171,-0.194,0.966,0.032,0,0,0.57,3.622,6.354,0.942,2,1
450585,1.00000250843709e+18,63875743299337,0.012,1.436,0.003,0.027,-0.249,0.03,0.968,NaN,0.171,-0.194,0.966,0,0,0,63.85,NaN,0.171,-0.194,0.966,-0.032,0,0,0.589,3.721,6.314,0.89,NaN,0.171,-0.194,0.966,0.032,0,0,0.57,3.623,6.354,0.942,2,1
450586,1.0000025084421e+18,63875743299337,0.012,1.436,0.003,0.027,-0.249,0.03,0.968,NaN,0.172,-0.195,0.966,0,0,0,63.85,NaN,0.172,-0.195,0.966,-0.032,0,0,0.59,3.723,6.314,0.889,NaN,0.172,-0.195,0.966,0.032,0,0,0.571,3.625,6.354,0.942,2,1
450587,1.00000250844713e+18,63875743299349,0.012,1.436,0.003,0.027,-0.249,0.03,0.968,NaN,0.172,-0.195,0.966,0,0,0,63.85,NaN,0.172,-0.195,0.966,-0.032,0,0,0.59,3.724,6.314,0.889,NaN,0.172,-0.195,0.966,0.032,0,0,0.571,3.627,6.354,0.942,2,1
450588,1.00000250845215e+18,63875743299349,0.012,1.436,0.003,0.027,-0.249,0.03,0.968,NaN,0.172,-0.196,0.965,0,0,0,63.85,NaN,0.172,-0.196,0.965,-0.032,0,0,0.59,3.723,6.314,0.888,NaN,0.172,-0.196,0.965,0.032,0,0,0.571,3.629,6.354,0.942,2,0.9024069
450589,1.00000250845718e+18,63875743299360,0.012,1.436,0.002,0.027,-0.249,0.03,0.968,NaN,0.172,-0.196,0.965,0,0,0,63.85,NaN,0.172,-0.196,0.965,-0.032,0,0,0.59,3.723,6.314,0.888,NaN,0.172,-0.196,0.965,0.032,0,0,0.572,3.631,6.354,0.942,2,0.7433572
450590,1.00000250846218e+18,63875743299360,0.012,1.436,0.002,0.027,-0.249,0.03,0.968,NaN,0.172,-0.196,0.965,0,0,0,63.85,NaN,0.172,-0.196,0.965,-0.032,0,0,0.59,3.724,6.314,0.888,NaN,0.172,-0.196,0.965,0.032,0,0,0.572,3.633,6.354,0.942,2,0.7347862
450591,1.00000250846712e+18,63875743299360,0.012,1.436,0.002,0.027,-0.249,0.03,0.968,NaN,0.173,-0.197,0.965,0,0,0,63.85,NaN,0.173,-0.197,0.965,-0.032,0,0,0.59,3.722,6.314,0.887,NaN,0.173,-0.197,0.965,0.032,0,0,0.572,3.635,6.354,0.942,2,0.5808559
450592,1.00000250847212e+18,63875743299360,0.012,1.436,0.002,0.027,-0.249,0.03,0.968,NaN,0.173,-0.198,0.965,0,0,0,63.85,NaN,0.173,-0.198,0.965,-0.032,0,0,0.589,3.716,6.314,0.887,NaN,0.173,-0.198,0.965,0.032,0,0,0.572,3.636,6.354,0.942,2,0.5772942
450593,1.00000250847715e+18,63875743299371,0.012,1.436,0.002,0.027,-0.249,0.03,0.968,NaN,0.174,-0.199,0.965,0,0,0,63.85,NaN,0.174,-0.199,0.965,-0.032,0,0,0.588,3.713,6.314,0.886,NaN,0.174,-0.199,0.965,0.032,0,0,0.573,3.637,6.354,0.942,2,0.5816395
450594,1.00000250848217e+18,63875743299371,0.012,1.436,0.002,0.027,-0.249,0.03,0.968,NaN,0.174,-0.2,0.964,0,0,0,63.85,NaN,0.174,-0.2,0.964,-0.032,0,0,0.587,3.706,6.314,0.886,NaN,0.174,-0.2,0.964,0.032,0,0,0.573,3.639,6.354,0.942,2,0.5868599
450595,1.00000250848717e+18,63875743299382,0.012,1.436,0.002,0.027,-0.249,0.03,0.968,NaN,0.174,-0.2,0.964,0,0,0,63.85,NaN,0.174,-0.2,0.964,-0.032,0,0,0.586,3.7,6.314,0.885,NaN,0.174,-0.2,0.964,0.032,0,0,0.573,3.641,6.354,0.942,2,0.5852416
450596,1.0000025084922e+18,63875743299382,0.012,1.436,0.002,0.027,-0.249,0.03,0.968,NaN,0.174,-0.2,0.964,0,0,0,63.85,NaN,0.174,-0.2,0.964,-0.032,0,0,0.586,3.701,6.314,0.884,NaN,0.174,-0.2,0.964,0.032,0,0,0.573,3.642,6.354,0.942,2,0.4288916
450597,1.00000250849722e+18,63875743299382,0.012,1.436,0.002,0.027,-0.249,0.03,0.968,NaN,0.175,-0.201,0.964,0,0,0,63.85,NaN,0.175,-0.201,0.964,-0.032,0,0,0.586,3.703,6.314,0.883,NaN,0.175,-0.201,0.964,0.032,0,0,0.574,3.644,6.354,0.942,2,0.2801024
450598,1.00000250850225e+18,63875743299392,0.012,1.436,0.002,0.027,-0.249,0.03,0.968,NaN,0.175,-0.201,0.964,0,0,0,63.85,NaN,0.175,-0.201,0.964,-0.032,0,0,0.587,3.705,6.314,0.883,NaN,0.175,-0.201,0.964,0.032,0,0,0.574,3.646,6.354,0.942,2,0.2741361
450599,1.00000250850726e+18,63875743299392,0.012,1.436,0.002,0.027,-0.249,0.03,0.968,NaN,0.175,-0.201,0.964,0,0,0,63.85,NaN,0.175,-0.201,0.964,-0.032,0,0,0.587,3.707,6.314,0.882,NaN,0.175,-0.201,0.964,0.032,0,0,0.574,3.65,6.354,0.942,2,0.2354677
450600,1.00000250851224e+18,63875743299404,0.012,1.436,0.002,0.027,-0.249,0.03,0.968,NaN,0.177,-0.201,0.963,0,0,0,63.85,NaN,0.177,-0.201,0.963,-0.032,0,0,0.587,3.709,6.314,0.882,NaN,0.177,-0.201,0.963,0.032,0,0,0.575,3.655,6.354,0.941,2,0.01252898
450601,1.00000250851726e+18,63875743299404,0.012,1.436,0.002,0.027,-0.249,0.03,0.968,NaN,0.178,-0.2,0.963,0,0,0,63.85,NaN,0.178,-0.2,0.963,-0.032,0,0,0.59,3.725,6.314,0.878,NaN,0.178,-0.2,0.963,0.032,0,0,0.579,3.676,6.354,0.941,2,0
450602,1.00000250852228e+18,63875743299415,0.012,1.436,0.002,0.027,-0.249,0.03,0.968,NaN,0.176,-0.202,0.963,0,0,0,63.85,NaN,0.176,-0.202,0.963,-0.032,0,0,0.6,3.789,6.314,0.87,NaN,0.176,-0.202,0.963,0.032,0,0,0.584,3.708,6.354,0.941,2,0
450603,1.00000250852729e+18,63875743299415,0.012,1.436,0.002,0.027,-0.249,0.03,0.968,NaN,0.17,-0.203,0.964,0,0,0,63.85,NaN,0.17,-0.203,0.964,-0.032,0,0,0.6,3.789,6.314,0.862,NaN,0.17,-0.203,0.964,0.032,0,0,0.587,3.729,6.354,0.941,2,0
450604,1.00000250853226e+18,63875743299426,0.012,1.436,0.002,0.027,-0.249,0.03,0.968,NaN,0.158,-0.209,0.965,0,0,0,63.85,NaN,0.158,-0.209,0.965,-0.032,0,0,0.602,3.803,6.314,0.854,NaN,0.158,-0.209,0.965,0.032,0,0,0.588,3.735,6.354,0.94,2,0
450605,1.00000250853728e+18,63875743299426,0.012,1.436,0.002,0.027,-0.249,0.03,0.968,NaN,0.137,-0.216,0.967,0,0,0,63.85,NaN,0.137,-0.216,0.967,-0.032,0,0,0.604,3.812,6.314,0.844,NaN,0.137,-0.216,0.967,0.032,0,0,0.588,3.737,6.354,0.94,2,0
450606,1.0000025085423e+18,63875743299437,0.012,1.436,0.002,0.027,-0.249,0.03,0.968,NaN,0.111,-0.226,0.968,0,0,0,63.85,NaN,0.111,-0.226,0.968,-0.032,0,0,0.606,3.824,6.314,0.834,NaN,0.111,-0.226,0.968,0.032,0,0,0.589,3.743,6.354,0.938,2,0
450607,1.00000250854732e+18,63875743299437,0.012,1.436,0.002,0.027,-0.249,0.03,0.968,NaN,0.086,-0.237,0.968,0,0,0,63.85,NaN,0.086,-0.237,0.968,-0.032,0,0,0.608,3.838,6.314,0.822,NaN,0.086,-0.237,0.968,0.032,0,0,0.59,3.749,6.354,0.936,2,0
450608,1.00000250855234e+18,63875743299448,0.011,1.436,0.002,0.028,-0.249,0.03,0.968,NaN,0.064,-0.247,0.967,0,0,0,63.85,NaN,0.064,-0.247,0.967,-0.032,0,0,0.61,3.854,6.314,0.81,NaN,0.064,-0.247,0.967,0.032,0,0,0.591,3.752,6.354,0.934,2,0
450609,1.00000250855739e+18,63875743299448,0.011,1.436,0.002,0.028,-0.249,0.03,0.968,NaN,0.047,-0.256,0.966,0,0,0,63.85,NaN,0.047,-0.256,0.966,-0.032,0,0,0.612,3.864,6.314,0.813,NaN,0.047,-0.256,0.966,0.032,0,0,0.591,3.754,6.354,0.932,2,0
450610,1.0000025085624e+18,63875743299448,0.011,1.436,0.002,0.028,-0.249,0.03,0.968,NaN,0.035,-0.263,0.964,0,0,0,63.85,NaN,0.035,-0.263,0.964,-0.032,0,0,0.612,3.866,6.314,0.814,NaN,0.035,-0.263,0.964,0.032,0,0,0.591,3.756,6.354,0.93,2,0
450611,1.00000250856737e+18,63875743299460,0.011,1.436,0.002,0.028,-0.249,0.03,0.968,NaN,0.027,-0.268,0.963,0,0,0,63.85,NaN,0.027,-0.268,0.963,-0.032,0,0,0.612,3.867,6.314,0.815,NaN,0.027,-0.268,0.963,0.032,0,0,0.591,3.756,6.354,0.927,2,0
450612,1.00000250857239e+18,63875743299460,0.011,1.436,0.002,0.028,-0.249,0.03,0.968,NaN,0.021,-0.273,0.962,0,0,0,63.85,NaN,0.021,-0.273,0.962,-0.032,0,0,0.613,3.868,6.314,0.816,NaN,0.021,-0.273,0.962,0.032,0,0,0.591,3.756,6.354,0.925,2,0
450613,1.00000250857741e+18,63875743299472,0.011,1.436,0.002,0.027,-0.249,0.03,0.968,NaN,0.018,-0.276,0.961,0,0,0,63.85,NaN,0.018,-0.276,0.961,-0.032,0,0,0.613,3.868,6.314,0.817,NaN,0.018,-0.276,0.961,0.032,0,0,0.591,3.757,6.354,0.923,2,0
450614,1.00000250858242e+18,63875743299472,0.011,1.436,0.002,0.027,-0.249,0.03,0.968,NaN,0.016,-0.279,0.96,0,0,0,63.85,NaN,0.016,-0.279,0.96,-0.032,0,0,0.613,3.869,6.314,0.817,NaN,0.016,-0.279,0.96,0.032,0,0,0.591,3.758,6.354,0.921,2,0
450615,1.00000250858741e+18,63875743299482,0.011,1.436,0.002,0.028,-0.249,0.029,0.968,NaN,0.014,-0.281,0.96,0,0,0,63.85,NaN,0.014,-0.281,0.96,-0.032,0,0,0.613,3.87,6.314,0.817,NaN,0.014,-0.281,0.96,0.032,0,0,0.592,3.76,6.354,0.92,2,0
450616,1.0000025085924e+18,63875743299483,0.011,1.436,0.002,0.028,-0.249,0.029,0.968,NaN,0.014,-0.282,0.959,0,0,0,63.85,NaN,0.014,-0.282,0.959,-0.032,0,0,0.613,3.871,6.314,0.818,NaN,0.014,-0.282,0.959,0.032,0,0,0.592,3.76,6.354,0.919,2,0
450617,1.00000250859742e+18,63875743299493,0.011,1.435,0.002,0.027,-0.249,0.029,0.968,NaN,0.013,-0.282,0.959,0,0,0,63.85,NaN,0.013,-0.282,0.959,-0.032,0,0,0.614,3.876,6.314,0.818,NaN,0.013,-0.282,0.959,0.032,0,0,0.592,3.76,6.354,0.917,2,0
450618,1.00000250860249e+18,63875743299493,0.011,1.435,0.002,0.027,-0.249,0.029,0.968,NaN,0.013,-0.282,0.959,0,0,0,63.85,NaN,0.013,-0.282,0.959,-0.032,0,0,0.614,3.879,6.314,0.818,NaN,0.013,-0.282,0.959,0.032,0,0,0.592,3.76,6.354,0.916,2,0
450619,1.0000025086075e+18,63875743299494,0.011,1.435,0.002,0.027,-0.249,0.029,0.968,NaN,0.012,-0.282,0.959,0,0,0,63.85,NaN,0.012,-0.282,0.959,-0.032,0,0,0.614,3.879,6.314,0.819,NaN,0.012,-0.282,0.959,0.032,0,0,0.592,3.759,6.354,0.914,2,0
450620,1.00000250861248e+18,63875743299504,0.011,1.435,0.002,0.027,-0.249,0.029,0.968,NaN,0.012,-0.283,0.959,0,0,0,63.85,NaN,0.012,-0.283,0.959,-0.032,0,0,0.614,3.88,6.314,0.819,NaN,0.012,-0.283,0.959,0.032,0,0,0.591,3.757,6.354,0.913,2,0
450621,1.00000250861748e+18,63875743299504,0.011,1.435,0.002,0.027,-0.249,0.029,0.968,NaN,0.012,-0.283,0.959,0,0,0,63.85,NaN,0.012,-0.283,0.959,-0.032,0,0,0.615,3.881,6.314,0.819,NaN,0.012,-0.283,0.959,0.032,0,0,0.591,3.755,6.354,0.913,2,0
450622,1.0000025086225e+18,63875743299515,0.011,1.435,0.002,0.027,-0.249,0.029,0.968,NaN,0.012,-0.282,0.959,0,0,0,63.85,NaN,0.012,-0.282,0.959,-0.032,0,0,0.615,3.881,6.314,0.82,NaN,0.012,-0.282,0.959,0.032,0,0,0.591,3.754,6.354,0.912,2,0
450623,1.00000250862751e+18,63875743299515,0.011,1.435,0.002,0.027,-0.249,0.029,0.968,NaN,0.012,-0.282,0.959,0,0,0,63.85,NaN,0.012,-0.282,0.959,-0.032,0,0,0.615,3.882,6.314,0.82,NaN,0.012,-0.282,0.959,0.032,0,0,0.591,3.753,6.354,0.912,2,0
450624,1.00000250863252e+18,63875743299526,0.011,1.435,0.002,0.027,-0.249,0.029,0.968,NaN,0.012,-0.282,0.959,0,0,0,63.85,NaN,0.012,-0.282,0.959,-0.032,0,0,0.615,3.882,6.314,0.821,NaN,0.012,-0.282,0.959,0.032,0,0,0.591,3.752,6.354,0.911,2,0.1242841
450625,1.00000250863752e+18,63875743299526,0.011,1.435,0.002,0.027,-0.249,0.029,0.968,NaN,0.013,-0.282,0.959,0,0,0,63.85,NaN,0.013,-0.282,0.959,-0.032,0,0,0.615,3.882,6.314,0.821,NaN,0.013,-0.282,0.959,0.032,0,0,0.59,3.752,6.354,0.91,2,0.4433503
450626,1.00000250864253e+18,63875743299538,0.011,1.435,0.001,0.027,-0.249,0.029,0.968,NaN,0.013,-0.282,0.959,0,0,0,63.85,NaN,0.013,-0.282,0.959,-0.032,0,0,0.615,3.882,6.314,0.822,NaN,0.013,-0.282,0.959,0.032,0,0,0.59,3.751,6.354,0.91,2,0.6609253
450627,1.00000250864754e+18,63875743299538,0.011,1.435,0.001,0.027,-0.249,0.029,0.968,NaN,0.013,-0.282,0.959,0,0,0,63.85,NaN,0.013,-0.282,0.959,-0.032,0,0,0.615,3.881,6.314,0.822,NaN,0.013,-0.282,0.959,0.032,0,0,0.59,3.751,6.354,0.91,2,0.8203334
450628,1.00000250865254e+18,63875743299538,0.011,1.435,0.001,0.027,-0.249,0.029,0.968,NaN,0.013,-0.282,0.959,0,0,0,63.85,NaN,0.013,-0.282,0.959,-0.032,0,0,0.615,3.881,6.314,0.823,NaN,0.013,-0.282,0.959,0.032,0,0,0.59,3.751,6.354,0.909,2,0.8987145
450629,1.00000250865759e+18,63875743299549,0.011,1.435,0.001,0.027,-0.249,0.029,0.968,NaN,0.013,-0.282,0.959,0,0,0,63.85,NaN,0.013,-0.282,0.959,-0.032,0,0,0.615,3.881,6.314,0.823,NaN,0.013,-0.282,0.959,0.032,0,0,0.59,3.751,6.354,0.909,2,0.9446675
450630,1.0000025086626e+18,63875743299560,0.011,1.435,0.001,0.027,-0.249,0.029,0.968,NaN,0.013,-0.281,0.96,0,0,0,63.85,NaN,0.013,-0.281,0.96,-0.032,0,0,0.615,3.881,6.314,0.824,NaN,0.013,-0.281,0.96,0.032,0,0,0.59,3.751,6.354,0.909,2,0.9665667
450631,1.00000250866759e+18,63875743299560,0.011,1.435,0.001,0.027,-0.249,0.029,0.968,NaN,0.013,-0.281,0.96,0,0,0,63.85,NaN,0.013,-0.281,0.96,-0.032,0,0,0.615,3.881,6.314,0.824,NaN,0.013,-0.281,0.96,0.032,0,0,0.59,3.75,6.354,0.908,2,1
450632,1.0000025086726e+18,63875743299560,0.011,1.435,0.001,0.027,-0.249,0.029,0.968,NaN,0.013,-0.281,0.96,0,0,0,63.85,NaN,0.013,-0.281,0.96,-0.032,0,0,0.615,3.881,6.314,0.824,NaN,0.013,-0.281,0.96,0.032,0,0,0.59,3.75,6.354,0.908,2,1
450633,1.00000250867762e+18,63875743299571,0.011,1.435,0.001,0.027,-0.249,0.03,0.968,NaN,0.013,-0.281,0.96,0,0,0,63.85,NaN,0.013,-0.281,0.96,-0.032,0,0,0.615,3.881,6.314,0.824,NaN,0.013,-0.281,0.96,0.032,0,0,0.59,3.75,6.354,0.908,2,1
450634,1.00000250868263e+18,63875743299571,0.011,1.435,0.001,0.027,-0.249,0.03,0.968,NaN,0.013,-0.281,0.96,0,0,0,63.85,NaN,0.013,-0.281,0.96,-0.032,0,0,0.615,3.882,6.314,0.825,NaN,0.013,-0.281,0.96,0.032,0,0,0.59,3.75,6.354,0.908,2,1
450635,1.00000250868763e+18,63875743299582,0.011,1.435,0.001,0.027,-0.249,0.03,0.968,NaN,0.013,-0.281,0.96,0,0,0,63.85,NaN,0.013,-0.281,0.96,-0.032,0,0,0.615,3.882,6.314,0.825,NaN,0.013,-0.281,0.96,0.032,0,0,0.59,3.75,6.354,0.908,2,1
450636,1.00000250869268e+18,63875743299582,0.011,1.435,0.001,0.027,-0.249,0.03,0.968,NaN,0.013,-0.281,0.96,0,0,0,63.85,NaN,0.013,-0.281,0.96,-0.032,0,0,0.615,3.882,6.314,0.826,NaN,0.013,-0.281,0.96,0.032,0,0,0.59,3.75,6.354,0.908,2,1
450637,1.00000250869769e+18,63875743299593,0.011,1.435,0.001,0.027,-0.249,0.03,0.968,NaN,0.013,-0.281,0.96,0,0,0,63.85,NaN,0.013,-0.281,0.96,-0.032,0,0,0.615,3.882,6.314,0.826,NaN,0.013,-0.281,0.96,0.032,0,0,0.59,3.75,6.354,0.908,2,1
450638,1.00000250870269e+18,63875743299593,0.011,1.435,0.001,0.027,-0.249,0.03,0.968,NaN,0.013,-0.281,0.96,0,0,0,63.85,NaN,0.013,-0.281,0.96,-0.032,0,0,0.615,3.882,6.314,0.826,NaN,0.013,-0.281,0.96,0.032,0,0,0.59,3.75,6.354,0.908,2,1
450639,1.00000250870772e+18,63875743299593,0.011,1.435,0.001,0.027,-0.249,0.03,0.968,NaN,0.013,-0.281,0.959,0,0,0,63.85,NaN,0.013,-0.281,0.959,-0.032,0,0,0.615,3.882,6.314,0.826,NaN,0.013,-0.281,0.959,0.032,0,0,0.59,3.75,6.354,0.908,2,1
450640,1.00000250871273e+18,63875743299604,0.01,1.435,0.001,0.027,-0.249,0.03,0.968,NaN,0.013,-0.282,0.959,0,0,0,63.85,NaN,0.013,-0.282,0.959,-0.032,0,0,0.615,3.882,6.314,0.826,NaN,0.013,-0.282,0.959,0.032,0,0,0.59,3.75,6.354,0.908,2,1
450641,1.00000250871774e+18,63875743299604,0.01,1.435,0.001,0.027,-0.249,0.03,0.968,NaN,0.012,-0.282,0.959,0,0,0,63.85,NaN,0.012,-0.282,0.959,-0.032,0,0,0.615,3.885,6.314,0.827,NaN,0.012,-0.282,0.959,0.032,0,0,0.59,3.75,6.354,0.908,2,0.8689707
450642,1.00000250872275e+18,63875743299615,0.01,1.435,0.001,0.027,-0.249,0.03,0.968,NaN,0.012,-0.282,0.959,0,0,0,63.85,NaN,0.012,-0.282,0.959,-0.032,0,0,0.616,3.887,6.314,0.827,NaN,0.012,-0.282,0.959,0.032,0,0,0.59,3.75,6.354,0.908,2,0.6109237
450643,1.00000250872779e+18,63875743299616,0.01,1.435,0.001,0.027,-0.249,0.03,0.968,NaN,0.012,-0.282,0.959,0,0,0,63.85,NaN,0.012,-0.282,0.959,-0.032,0,0,0.616,3.888,6.314,0.827,NaN,0.012,-0.282,0.959,0.032,0,0,0.59,3.75,6.354,0.908,2,0.5967261
450644,1.00000250873281e+18,63875743299626,0.01,1.435,0.001,0.027,-0.249,0.03,0.968,NaN,0.012,-0.283,0.959,0,0,0,63.85,NaN,0.012,-0.283,0.959,-0.032,0,0,0.616,3.89,6.314,0.827,NaN,0.012,-0.283,0.959,0.032,0,0,0.59,3.751,6.354,0.908,2,0.5723296
450645,1.00000250873782e+18,63875743299626,0.01,1.435,0.001,0.027,-0.249,0.03,0.968,NaN,0.012,-0.283,0.959,0,0,0,63.85,NaN,0.012,-0.283,0.959,-0.032,0,0,0.616,3.892,6.314,0.828,NaN,0.012,-0.283,0.959,0.032,0,0,0.591,3.752,6.354,0.908,2,0.5471401
450646,1.00000250874285e+18,63875743299637,0.01,1.435,0.001,0.027,-0.249,0.03,0.968,NaN,0.011,-0.283,0.959,0,0,0,63.85,NaN,0.011,-0.283,0.959,-0.032,0,0,0.616,3.892,6.314,0.828,NaN,0.011,-0.283,0.959,0.032,0,0,0.591,3.754,6.354,0.908,2,0.2987878
450647,1.00000250874787e+18,63875743299648,0.01,1.435,0.001,0.027,-0.249,0.03,0.968,NaN,0.011,-0.284,0.959,0,0,0,63.85,NaN,0.011,-0.284,0.959,-0.032,0,0,0.617,3.893,6.314,0.828,NaN,0.011,-0.284,0.959,0.032,0,0,0.591,3.755,6.354,0.908,2,0.05874418
450648,1.00000250875282e+18,63875743299648,0.01,1.435,0.001,0.027,-0.249,0.03,0.968,NaN,0.012,-0.284,0.959,0,0,0,63.85,NaN,0.012,-0.284,0.959,-0.032,0,0,0.617,3.894,6.314,0.828,NaN,0.012,-0.284,0.959,0.032,0,0,0.591,3.756,6.354,0.908,2,0.05540164
450649,1.00000250875785e+18,63875743299648,0.01,1.435,0.001,0.027,-0.249,0.03,0.968,NaN,0.01,-0.284,0.959,0,0,0,63.85,NaN,0.01,-0.284,0.959,-0.032,0,0,0.617,3.896,6.314,0.828,NaN,0.01,-0.284,0.959,0.032,0,0,0.591,3.756,6.354,0.908,2,0
450650,1.00000250876282e+18,63875743299660,0.01,1.435,0.001,0.027,-0.249,0.03,0.968,NaN,0.009,-0.284,0.959,0,0,0,63.85,NaN,0.009,-0.284,0.959,-0.032,0,0,0.617,3.897,6.314,0.828,NaN,0.009,-0.284,0.959,0.032,0,0,0.591,3.757,6.354,0.908,2,0
450651,1.00000250876786e+18,63875743299660,0.01,1.435,0.001,0.027,-0.249,0.03,0.968,NaN,0.007,-0.283,0.959,0,0,0,63.85,NaN,0.007,-0.283,0.959,-0.032,0,0,0.617,3.899,6.314,0.829,NaN,0.007,-0.283,0.959,0.032,0,0,0.591,3.757,6.354,0.908,2,0
450652,1.00000250877288e+18,63875743299660,0.01,1.435,0.001,0.027,-0.249,0.03,0.968,NaN,0.008,-0.284,0.959,0,0,0,63.85,NaN,0.008,-0.284,0.959,-0.032,0,0,0.618,3.9,6.314,0.829,NaN,0.008,-0.284,0.959,0.032,0,0,0.591,3.757,6.354,0.908,2,0
450653,1.00000250877791e+18,63875743299671,0.01,1.435,0.001,0.027,-0.249,0.03,0.968,NaN,0.007,-0.283,0.959,0,0,0,63.85,NaN,0.007,-0.283,0.959,-0.032,0,0,0.618,3.904,6.314,0.829,NaN,0.007,-0.283,0.959,0.032,0,0,0.591,3.757,6.354,0.908,2,0
450654,1.00000250878294e+18,63875743299671,0.01,1.435,0.001,0.027,-0.249,0.03,0.968,NaN,0.006,-0.283,0.959,0,0,0,63.85,NaN,0.006,-0.283,0.959,-0.032,0,0,0.619,3.907,6.314,0.829,NaN,0.006,-0.283,0.959,0.032,0,0,0.591,3.757,6.354,0.908,2,0
450655,1.00000250878797e+18,63875743299683,0.01,1.435,0.001,0.027,-0.249,0.03,0.968,NaN,0.005,-0.283,0.959,0,0,0,63.85,NaN,0.005,-0.283,0.959,-0.032,0,0,0.619,3.909,6.314,0.829,NaN,0.005,-0.283,0.959,0.032,0,0,0.591,3.757,6.354,0.908,2,0
450656,1.00000250879299e+18,63875743299683,0.01,1.435,0.001,0.027,-0.249,0.03,0.968,NaN,0.004,-0.283,0.959,0,0,0,63.85,NaN,0.004,-0.283,0.959,-0.032,0,0,0.619,3.91,6.314,0.829,NaN,0.004,-0.283,0.959,0.032,0,0,0.592,3.758,6.354,0.908,2,0
450657,1.00000250879802e+18,63875743299683,0.01,1.435,0.001,0.027,-0.249,0.03,0.968,NaN,0.005,-0.283,0.959,0,0,0,63.85,NaN,0.005,-0.283,0.959,-0.032,0,0,0.619,3.911,6.314,0.829,NaN,0.005,-0.283,0.959,0.032,0,0,0.592,3.76,6.354,0.908,2,0
450658,1.00000250880305e+18,63875743299693,0.01,1.435,0.001,0.027,-0.25,0.03,0.967,NaN,0.004,-0.283,0.959,0,0,0,63.85,NaN,0.004,-0.283,0.959,-0.032,0,0,0.62,3.913,6.314,0.829,NaN,0.004,-0.283,0.959,0.032,0,0,0.592,3.76,6.354,0.908,2,0
450659,1.00000250880798e+18,63875743299693,0.01,1.435,0.001,0.027,-0.25,0.03,0.967,NaN,0.003,-0.283,0.959,0,0,0,63.85,NaN,0.003,-0.283,0.959,-0.032,0,0,0.62,3.915,6.314,0.829,NaN,0.003,-0.283,0.959,0.032,0,0,0.592,3.761,6.354,0.908,2,0
450660,1.00000250881298e+18,63875743299704,0.01,1.435,0.001,0.028,-0.25,0.03,0.967,NaN,0.002,-0.283,0.959,0,0,0,63.85,NaN,0.002,-0.283,0.959,-0.032,0,0,0.62,3.916,6.314,0.829,NaN,0.002,-0.283,0.959,0.032,0,0,0.592,3.762,6.354,0.908,2,0
450661,1.00000250881797e+18,63875743299704,0.01,1.435,0.001,0.028,-0.25,0.03,0.967,NaN,0.002,-0.283,0.959,0,0,0,63.85,NaN,0.002,-0.283,0.959,-0.032,0,0,0.62,3.917,6.314,0.829,NaN,0.002,-0.283,0.959,0.032,0,0,0.592,3.764,6.354,0.908,2,0
450662,1.00000250882298e+18,63875743299716,0.01,1.435,0.001,0.028,-0.25,0.03,0.967,NaN,0.001,-0.283,0.959,0,0,0,63.85,NaN,0.001,-0.283,0.959,-0.032,0,0,0.62,3.918,6.314,0.829,NaN,0.001,-0.283,0.959,0.032,0,0,0.593,3.766,6.354,0.908,2,0
450663,1.00000250882799e+18,63875743299716,0.01,1.435,0.001,0.028,-0.25,0.03,0.967,NaN,0.001,-0.283,0.959,0,0,0,63.85,NaN,0.001,-0.283,0.959,-0.032,0,0,0.62,3.918,6.314,0.829,NaN,0.001,-0.283,0.959,0.032,0,0,0.593,3.771,6.354,0.908,2,0
450664,1.000002508833e+18,63875743299727,0.01,1.435,0.001,0.028,-0.25,0.03,0.967,NaN,0,-0.283,0.959,0,0,0,63.85,NaN,0,-0.283,0.959,-0.032,0,0,0.621,3.918,6.314,0.829,NaN,0,-0.283,0.959,0.032,0,0,0.594,3.775,6.354,0.908,2,0
450665,1.00000250883802e+18,63875743299727,0.01,1.435,0.001,0.028,-0.25,0.03,0.967,NaN,0,-0.283,0.959,0,0,0,63.85,NaN,0,-0.283,0.959,-0.032,0,0,0.621,3.918,6.314,0.829,NaN,0,-0.283,0.959,0.032,0,0,0.595,3.779,6.354,0.908,2,0
450666,1.00000250884305e+18,63875743299737,0.01,1.435,0.001,0.028,-0.25,0.03,0.967,NaN,-0.001,-0.283,0.959,0,0,0,63.85,NaN,-0.001,-0.283,0.959,-0.032,0,0,0.621,3.918,6.314,0.829,NaN,-0.001,-0.283,0.959,0.032,0,0,0.595,3.781,6.354,0.908,2,0
450667,1.00000250884806e+18,63875743299737,0.01,1.435,0.001,0.028,-0.25,0.03,0.967,NaN,-0.001,-0.283,0.959,0,0,0,63.85,NaN,-0.001,-0.283,0.959,-0.032,0,0,0.621,3.919,6.314,0.829,NaN,-0.001,-0.283,0.959,0.032,0,0,0.595,3.783,6.354,0.908,2,0
450668,1.00000250885308e+18,63875743299737,0.01,1.435,0.001,0.028,-0.25,0.03,0.967,NaN,-0.001,-0.283,0.959,0,0,0,63.85,NaN,-0.001,-0.283,0.959,-0.032,0,0,0.621,3.919,6.314,0.829,NaN,-0.001,-0.283,0.959,0.032,0,0,0.596,3.784,6.354,0.908,2,0.01455503
450669,1.00000250885809e+18,63875743299750,0.01,1.435,0.001,0.028,-0.25,0.03,0.967,NaN,-0.001,-0.283,0.959,0,0,0,63.85,NaN,-0.001,-0.283,0.959,-0.032,0,0,0.621,3.919,6.314,0.829,NaN,-0.001,-0.283,0.959,0.032,0,0,0.596,3.785,6.354,0.908,2,0.01090726
450670,1.00000250886311e+18,63875743299750,0.01,1.435,0.001,0.028,-0.25,0.03,0.967,NaN,-0.002,-0.284,0.959,0,0,0,63.85,NaN,-0.002,-0.284,0.959,-0.032,0,0,0.621,3.919,6.314,0.829,NaN,-0.002,-0.284,0.959,0.032,0,0,0.596,3.786,6.354,0.908,2,0.002061847
450671,1.00000250886812e+18,63875743299760,0.01,1.435,0.001,0.028,-0.25,0.031,0.967,NaN,-0.002,-0.284,0.959,0,0,0,63.85,NaN,-0.002,-0.284,0.959,-0.032,0,0,0.621,3.919,6.314,0.829,NaN,-0.002,-0.284,0.959,0.032,0,0,0.596,3.786,6.354,0.908,2,0.2650999
450672,1.00000250887314e+18,63875743299770,0.01,1.435,0.001,0.028,-0.25,0.031,0.967,NaN,-0.002,-0.284,0.959,0,0,0,63.85,NaN,-0.002,-0.284,0.959,-0.032,0,0,0.621,3.919,6.314,0.828,NaN,-0.002,-0.284,0.959,0.032,0,0,0.596,3.787,6.354,0.908,2,0.5197948
450673,1.00000250887815e+18,63875743299771,0.01,1.435,0.001,0.028,-0.25,0.031,0.967,NaN,-0.002,-0.284,0.959,0,0,0,63.85,NaN,-0.002,-0.284,0.959,-0.032,0,0,0.621,3.919,6.314,0.828,NaN,-0.002,-0.284,0.959,0.032,0,0,0.596,3.788,6.354,0.908,2,0.514497
450674,1.00000250888313e+18,63875743299782,0.01,1.435,0.001,0.028,-0.25,0.031,0.967,NaN,-0.002,-0.285,0.959,0,0,0,63.85,NaN,-0.002,-0.285,0.959,-0.032,0,0,0.621,3.919,6.314,0.828,NaN,-0.002,-0.285,0.959,0.032,0,0,0.596,3.789,6.354,0.908,2,0.5230509
450675,1.00000250888816e+18,63875743299782,0.01,1.435,0.001,0.028,-0.25,0.031,0.967,NaN,-0.003,-0.285,0.958,0,0,0,63.85,NaN,-0.003,-0.285,0.958,-0.032,0,0,0.621,3.919,6.314,0.828,NaN,-0.003,-0.285,0.958,0.032,0,0,0.597,3.79,6.354,0.908,2,0.5408658
450676,1.00000250889317e+18,63875743299782,0.01,1.435,0.001,0.028,-0.25,0.031,0.967,NaN,-0.003,-0.285,0.958,0,0,0,63.85,NaN,-0.003,-0.285,0.958,-0.032,0,0,0.621,3.919,6.314,0.827,NaN,-0.003,-0.285,0.958,0.032,0,0,0.597,3.791,6.354,0.908,2,0.7914771
450677,1.00000250889819e+18,63875743299793,0.01,1.435,0.001,0.028,-0.25,0.031,0.967,NaN,-0.003,-0.286,0.958,0,0,0,63.85,NaN,-0.003,-0.286,0.958,-0.032,0,0,0.62,3.918,6.314,0.827,NaN,-0.003,-0.286,0.958,0.032,0,0,0.597,3.792,6.354,0.908,2,1
450678,1.0000025089032e+18,63875743299793,0.01,1.435,0.001,0.028,-0.25,0.031,0.967,NaN,-0.003,-0.286,0.958,0,0,0,63.85,NaN,-0.003,-0.286,0.958,-0.032,0,0,0.62,3.917,6.314,0.826,NaN,-0.003,-0.286,0.958,0.032,0,0,0.597,3.794,6.354,0.907,2,1
450679,1.00000250890821e+18,63875743299793,0.01,1.435,0.001,0.028,-0.25,0.031,0.967,NaN,-0.003,-0.286,0.958,0,0,0,63.85,NaN,-0.003,-0.286,0.958,-0.032,0,0,0.62,3.917,6.314,0.826,NaN,-0.003,-0.286,0.958,0.032,0,0,0.597,3.795,6.354,0.907,2,1
450680,1.00000250891323e+18,63875743299805,0.01,1.435,0.001,0.028,-0.25,0.031,0.967,NaN,-0.003,-0.287,0.958,0,0,0,63.85,NaN,-0.003,-0.287,0.958,-0.032,0,0,0.62,3.917,6.314,0.825,NaN,-0.003,-0.287,0.958,0.032,0,0,0.598,3.796,6.354,0.907,2,1
450681,1.00000250891824e+18,63875743299805,0.01,1.435,0.001,0.028,-0.25,0.031,0.967,NaN,-0.003,-0.287,0.958,0,0,0,63.85,NaN,-0.003,-0.287,0.958,-0.032,0,0,0.621,3.919,6.314,0.825,NaN,-0.003,-0.287,0.958,0.032,0,0,0.598,3.798,6.354,0.907,2,1
450682,1.00000250892324e+18,63875743299816,0.01,1.435,0.001,0.028,-0.25,0.031,0.967,NaN,-0.003,-0.287,0.958,0,0,0,63.85,NaN,-0.003,-0.287,0.958,-0.032,0,0,0.621,3.919,6.314,0.824,NaN,-0.003,-0.287,0.958,0.032,0,0,0.598,3.798,6.354,0.906,2,1
450683,1.00000250892822e+18,63875743299816,0.01,1.435,0.001,0.028,-0.25,0.031,0.967,NaN,-0.004,-0.287,0.958,0,0,0,63.85,NaN,-0.004,-0.287,0.958,-0.032,0,0,0.621,3.92,6.314,0.823,NaN,-0.004,-0.287,0.958,0.032,0,0,0.598,3.798,6.354,0.905,2,1
450684,1.00000250893324e+18,63875743299826,0.01,1.435,0.001,0.029,-0.25,0.031,0.967,NaN,-0.004,-0.287,0.958,0,0,0,63.85,NaN,-0.004,-0.287,0.958,-0.032,0,0,0.621,3.92,6.314,0.822,NaN,-0.004,-0.287,0.958,0.032,0,0,0.598,3.798,6.354,0.904,2,1
450685,1.00000250893825e+18,63875743299826,0.01,1.435,0.001,0.029,-0.25,0.031,0.967,NaN,-0.004,-0.288,0.958,0,0,0,63.85,NaN,-0.004,-0.288,0.958,-0.032,0,0,0.621,3.92,6.314,0.821,NaN,-0.004,-0.288,0.958,0.032,0,0,0.598,3.798,6.354,0.904,2,1
450686,1.00000250894327e+18,63875743299838,0.01,1.436,0.001,0.028,-0.25,0.031,0.967,NaN,-0.004,-0.288,0.958,0,0,0,63.85,NaN,-0.004,-0.288,0.958,-0.032,0,0,0.621,3.92,6.314,0.82,NaN,-0.004,-0.288,0.958,0.032,0,0,0.598,3.798,6.354,0.903,2,1
450687,1.00000250894829e+18,63875743299838,0.01,1.436,0.001,0.028,-0.25,0.031,0.967,NaN,-0.004,-0.288,0.958,0,0,0,63.85,NaN,-0.004,-0.288,0.958,-0.032,0,0,0.621,3.919,6.314,0.819,NaN,-0.004,-0.288,0.958,0.032,0,0,0.598,3.799,6.354,0.903,2,1
450688,1.00000250895331e+18,63875743299849,0.01,1.436,0.001,0.029,-0.25,0.031,0.967,NaN,-0.004,-0.288,0.958,0,0,0,63.85,NaN,-0.004,-0.288,0.958,-0.032,0,0,0.621,3.923,6.314,0.818,NaN,-0.004,-0.288,0.958,0.032,0,0,0.598,3.799,6.354,0.902,2,0.9950643
450689,1.00000250895832e+18,63875743299849,0.01,1.436,0.001,0.029,-0.25,0.031,0.967,NaN,-0.004,-0.288,0.958,0,0,0,63.85,NaN,-0.004,-0.288,0.958,-0.032,0,0,0.622,3.926,6.314,0.816,NaN,-0.004,-0.288,0.958,0.032,0,0,0.598,3.8,6.354,0.901,2,0.9974938
450690,1.00000250896339e+18,63875743299849,0.01,1.436,0.001,0.029,-0.25,0.031,0.967,NaN,-0.004,-0.288,0.958,0,0,0,63.85,NaN,-0.004,-0.288,0.958,-0.032,0,0,0.622,3.927,6.314,0.813,NaN,-0.004,-0.288,0.958,0.032,0,0,0.598,3.801,6.354,0.9,2,0.9998501
450691,1.0000025089684e+18,63875743299860,0.01,1.436,0.001,0.029,-0.25,0.031,0.967,NaN,-0.004,-0.288,0.958,0,0,0,63.85,NaN,-0.004,-0.288,0.958,-0.032,0,0,0.623,3.933,6.314,0.81,NaN,-0.004,-0.288,0.958,0.032,0,0,0.598,3.802,6.354,0.899,2,0.9841624
450692,1.00000250897336e+18,63875743299860,0.01,1.436,0.001,0.029,-0.25,0.031,0.967,NaN,-0.004,-0.288,0.958,0,0,0,63.85,NaN,-0.004,-0.288,0.958,-0.032,0,0,0.623,3.936,6.314,0.806,NaN,-0.004,-0.288,0.958,0.032,0,0,0.599,3.803,6.354,0.898,2,0.960704
450693,1.00000250897837e+18,63875743299871,0.01,1.436,0.001,0.029,-0.25,0.031,0.967,NaN,-0.003,-0.289,0.957,0,0,0,63.85,NaN,-0.003,-0.289,0.957,-0.032,0,0,0.624,3.938,6.314,0.802,NaN,-0.003,-0.289,0.957,0.032,0,0,0.599,3.803,6.354,0.895,2,0.7007235
450694,1.00000250898338e+18,63875743299871,0.01,1.436,0.001,0.029,-0.25,0.031,0.967,NaN,-0.002,-0.289,0.957,0,0,0,63.85,NaN,-0.002,-0.289,0.957,-0.032,0,0,0.624,3.943,6.314,0.799,NaN,-0.002,-0.289,0.957,0.032,0,0,0.599,3.804,6.354,0.893,2,0.6915843
450695,1.00000250898839e+18,63875743299883,0.01,1.436,0.001,0.029,-0.25,0.031,0.967,NaN,-0.002,-0.29,0.957,0,0,0,63.85,NaN,-0.002,-0.29,0.957,-0.032,0,0,0.625,3.944,6.314,0.793,NaN,-0.002,-0.29,0.957,0.032,0,0,0.599,3.804,6.354,0.89,2,0.6929961
450696,1.0000025089934e+18,63875743299883,0.01,1.436,0.001,0.029,-0.25,0.031,0.967,NaN,-0.001,-0.291,0.957,0,0,0,63.85,NaN,-0.001,-0.291,0.957,-0.032,0,0,0.625,3.944,6.314,0.788,NaN,-0.001,-0.291,0.957,0.032,0,0,0.599,3.805,6.354,0.887,2,0.6940498
450697,1.0000025089984e+18,63875743299894,0.011,1.436,0.001,0.029,-0.25,0.031,0.967,NaN,0,-0.291,0.957,0,0,0,63.85,NaN,0,-0.291,0.957,-0.032,0,0,0.625,3.944,6.314,0.781,NaN,0,-0.291,0.957,0.032,0,0,0.599,3.806,6.354,0.883,2,0.6935204
450698,1.00000250900341e+18,63875743299895,0.011,1.436,0.001,0.029,-0.25,0.031,0.967,NaN,0.002,-0.292,0.956,0,0,0,63.85,NaN,0.002,-0.292,0.956,-0.032,0,0,0.625,3.944,6.314,0.775,NaN,0.002,-0.292,0.956,0.032,0,0,0.599,3.807,6.354,0.878,2,0.68963
450699,1.00000250900845e+18,63875743299895,0.011,1.436,0.001,0.029,-0.25,0.031,0.967,NaN,0.004,-0.294,0.956,0,0,0,63.85,NaN,0.004,-0.294,0.956,-0.032,0,0,0.624,3.943,6.314,0.769,NaN,0.004,-0.294,0.956,0.032,0,0,0.599,3.807,6.354,0.874,2,0.4033255
450700,1.00000250901346e+18,63875743299905,0.011,1.436,0.001,0.029,-0.25,0.031,0.967,NaN,0.005,-0.295,0.956,0,0,0,63.85,NaN,0.005,-0.295,0.956,-0.032,0,0,0.624,3.943,6.314,0.764,NaN,0.005,-0.295,0.956,0.032,0,0,0.599,3.808,6.354,0.87,2,0.1062589
450701,1.00000250901845e+18,63875743299916,0.011,1.436,0.001,0.029,-0.25,0.031,0.967,NaN,0.006,-0.295,0.955,0,0,0,63.85,NaN,0.006,-0.295,0.955,-0.032,0,0,0.624,3.942,6.314,0.76,NaN,0.006,-0.295,0.955,0.032,0,0,0.599,3.808,6.354,0.866,2,0.1119944
450702,1.00000250902346e+18,63875743299916,0.011,1.436,0.001,0.029,-0.25,0.031,0.967,NaN,0.007,-0.295,0.955,0,0,0,63.85,NaN,0.007,-0.295,0.955,-0.032,0,0,0.624,3.942,6.314,0.755,NaN,0.007,-0.295,0.955,0.032,0,0,0.599,3.809,6.354,0.861,2,0.119981
450703,1.0000025090285e+18,63875743299916,0.011,1.436,0.001,0.029,-0.25,0.031,0.967,NaN,0.008,-0.295,0.955,0,0,0,63.85,NaN,0.008,-0.295,0.955,-0.032,0,0,0.624,3.941,6.314,0.751,NaN,0.008,-0.295,0.955,0.032,0,0,0.599,3.809,6.354,0.858,2,0.08709693
450704,1.00000250903351e+18,63875743299927,0.011,1.436,0.001,0.029,-0.25,0.031,0.967,NaN,0.009,-0.295,0.955,0,0,0,63.85,NaN,0.009,-0.295,0.955,-0.032,0,0,0.625,3.944,6.314,0.746,NaN,0.009,-0.295,0.955,0.032,0,0,0.6,3.809,6.354,0.854,2,0.08290746
450705,1.00000250903848e+18,63875743299927,0.011,1.436,0.001,0.029,-0.25,0.031,0.967,NaN,0.009,-0.295,0.955,0,0,0,63.85,NaN,0.009,-0.295,0.955,-0.032,0,0,0.625,3.945,6.314,0.741,NaN,0.009,-0.295,0.955,0.032,0,0,0.6,3.809,6.354,0.85,2,0.06139921
450706,1.0000025090435e+18,63875743299939,0.011,1.436,0.001,0.029,-0.25,0.031,0.967,NaN,0.01,-0.295,0.955,0,0,0,63.85,NaN,0.01,-0.295,0.955,-0.032,0,0,0.626,3.95,6.314,0.737,NaN,0.01,-0.295,0.955,0.032,0,0,0.6,3.809,6.354,0.845,2,0.06856178
450707,1.00000250904854e+18,63875743299939,0.011,1.436,0.001,0.029,-0.25,0.031,0.967,NaN,0.012,-0.295,0.955,0,0,0,63.85,NaN,0.012,-0.295,0.955,-0.032,0,0,0.626,3.949,6.314,0.731,NaN,0.012,-0.295,0.955,0.032,0,0,0.6,3.81,6.354,0.839,2,0
450708,1.00000250905356e+18,63875743299949,0.011,1.436,0.001,0.029,-0.25,0.031,0.967,NaN,0.014,-0.297,0.955,0,0,0,63.85,NaN,0.014,-0.297,0.955,-0.032,0,0,0.609,3.842,6.314,0.722,NaN,0.014,-0.297,0.955,0.032,0,0,0.6,3.81,6.354,0.824,2,0
450709,1.00000250905857e+18,63875743299949,0.011,1.436,0.001,0.029,-0.25,0.031,0.967,NaN,0.013,-0.296,0.955,0,0,0,63.85,NaN,0.013,-0.296,0.955,-0.032,0,0,0.599,3.782,6.314,0.724,NaN,0.013,-0.296,0.955,0.032,0,0,0.6,3.811,6.354,0.805,2,0
450710,1.00000250906359e+18,63875743299961,0.011,1.437,0.001,0.029,-0.25,0.031,0.967,NaN,0.014,-0.301,0.953,0,0,0,63.85,NaN,0.016,-0.301,0.953,-0.032,0,0,0.591,3.731,6.314,0.722,NaN,0.013,-0.301,0.953,0.032,0,0,0.6,3.813,6.354,0.775,2,0
450711,1.0000025090686e+18,63875743299961,0.011,1.437,0.001,0.029,-0.25,0.031,0.967,NaN,0.017,-0.312,0.95,0,0,0,63.85,NaN,0.022,-0.312,0.95,-0.032,0,0,0.591,3.734,6.314,0.717,NaN,0.013,-0.312,0.95,0.032,0,0,0.594,3.775,6.354,0.737,2,0
450712,1.00000250907361e+18,63875743299961,0.011,1.437,0.001,0.029,-0.25,0.031,0.967,NaN,0.025,-0.33,0.944,0,0,0,63.85,NaN,0.056,-0.329,0.943,-0.032,0,0,0.574,3.625,6.314,0.704,NaN,0.014,-0.33,0.944,0.032,0,0,0.586,3.72,6.354,0.691,2,0
450713,1.00000250907863e+18,63875743299972,0.011,1.437,0.001,0.029,-0.25,0.031,0.967,NaN,0.027,-0.349,0.937,0,0,0,63.85,NaN,0.092,-0.348,0.933,-0.032,0,0,0.568,3.588,6.314,0.682,NaN,0.013,-0.349,0.937,0.032,0,0,0.588,3.737,6.354,0.646,0.8024733,0
450714,1.00000250908364e+18,63875743299972,0.011,1.437,0.001,0.029,-0.25,0.031,0.967,NaN,0.025,-0.35,0.936,0,0,0,63.85,NaN,NaN,NaN,NaN,NaN,NaN,NaN,NaN,0.013,-0.351,0.936,0.032,0,0,0.594,3.776,6.354,NaN,2,0,NaN,NaN,NaN,NaN
450715,1.00000250908865e+18,63875743300038,0.011,1.437,0,0.03,-0.25,0.031,0.967,NaN,NaN,NaN,NaN,NaN,NaN,NaN,NaN,NaN,NaN,NaN,NaN,NaN,NaN,NaN,NaN,NaN,NaN,NaN,NaN,NaN,NaN,NaN,NaN,NaN,NaN,NaN,NaN,NaN,NaN,NaN,NaN
450716,1.00000250909366e+18,63875743300038,0.011,1.437,0,0.03,-0.25,0.031,0.967,NaN,NaN,NaN,NaN,NaN,NaN,NaN,NaN,NaN,NaN,NaN,NaN,NaN,NaN,NaN,NaN,NaN,NaN,NaN,NaN,NaN,NaN,NaN,NaN,NaN,NaN,NaN,NaN,NaN,NaN,NaN,NaN
450717,1.00000250909869e+18,63875743300038,0.011,1.437,0,0.03,-0.25,0.031,0.967,NaN,NaN,NaN,NaN,NaN,NaN,NaN,NaN,NaN,NaN,NaN,NaN,NaN,NaN,NaN,NaN,NaN,NaN,NaN,NaN,NaN,NaN,NaN,NaN,NaN,NaN,NaN,NaN,NaN,NaN,NaN,NaN
450718,1.0000025091037e+18,63875743300038,0.011,1.437,0,0.03,-0.25,0.031,0.967,NaN,NaN,NaN,NaN,NaN,NaN,NaN,NaN,NaN,NaN,NaN,NaN,NaN,NaN,NaN,NaN,NaN,NaN,NaN,NaN,NaN,NaN,NaN,NaN,NaN,NaN,NaN,NaN,NaN,NaN,NaN,NaN
450719,1.00000250910873e+18,63875743300038,0.011,1.437,0,0.03,-0.25,0.031,0.967,NaN,NaN,NaN,NaN,NaN,NaN,NaN,NaN,NaN,NaN,NaN,NaN,NaN,NaN,NaN,NaN,NaN,NaN,NaN,NaN,NaN,NaN,NaN,NaN,NaN,NaN,NaN,NaN,NaN,NaN,NaN,NaN
450720,1.00000250911376e+18,63875743300038,0.011,1.437,0,0.03,-0.25,0.031,0.967,NaN,NaN,NaN,NaN,NaN,NaN,NaN,NaN,NaN,NaN,NaN,NaN,NaN,NaN,NaN,NaN,NaN,NaN,NaN,NaN,NaN,NaN,NaN,NaN,NaN,NaN,NaN,NaN,NaN,NaN,NaN,NaN
450721,1.00000250911878e+18,63875743300038,0.011,1.437,0,0.03,-0.25,0.031,0.967,NaN,NaN,NaN,NaN,NaN,NaN,NaN,NaN,NaN,NaN,NaN,NaN,NaN,NaN,NaN,NaN,NaN,NaN,NaN,NaN,NaN,NaN,NaN,NaN,NaN,NaN,NaN,NaN,NaN,NaN,NaN,NaN
450722,1.00000250912373e+18,63875743300038,0.011,1.437,0,0.03,-0.25,0.031,0.967,NaN,NaN,NaN,NaN,NaN,NaN,NaN,NaN,NaN,NaN,NaN,NaN,NaN,NaN,NaN,NaN,NaN,NaN,NaN,NaN,NaN,NaN,NaN,NaN,NaN,NaN,NaN,NaN,NaN,NaN,NaN,NaN
450723,1.00000250912875e+18,63875743300038,0.011,1.437,0,0.03,-0.25,0.031,0.967,NaN,NaN,NaN,NaN,NaN,NaN,NaN,NaN,NaN,NaN,NaN,NaN,NaN,NaN,NaN,NaN,NaN,NaN,NaN,NaN,NaN,NaN,NaN,NaN,NaN,NaN,NaN,NaN,NaN,NaN,NaN,NaN
450724,1.00000250913376e+18,63875743300038,0.011,1.437,0,0.03,-0.25,0.031,0.967,NaN,NaN,NaN,NaN,NaN,NaN,NaN,NaN,NaN,NaN,NaN,NaN,NaN,NaN,NaN,NaN,NaN,NaN,NaN,NaN,NaN,NaN,NaN,NaN,NaN,NaN,NaN,NaN,NaN,NaN,NaN,NaN
450725,1.00000250913879e+18,63875743300038,0.011,1.437,0,0.03,-0.25,0.031,0.967,NaN,NaN,NaN,NaN,NaN,NaN,NaN,NaN,NaN,NaN,NaN,NaN,NaN,NaN,NaN,NaN,NaN,NaN,NaN,NaN,NaN,NaN,NaN,NaN,NaN,NaN,NaN,NaN,NaN,NaN,NaN,NaN
450726,1.00000250914381e+18,63875743300038,0.011,1.437,0,0.03,-0.25,0.031,0.967,NaN,NaN,NaN,NaN,NaN,NaN,NaN,NaN,NaN,NaN,NaN,NaN,NaN,NaN,NaN,NaN,NaN,NaN,NaN,NaN,NaN,NaN,NaN,NaN,NaN,NaN,NaN,NaN,NaN,NaN,NaN,NaN
450727,1.00000250914883e+18,63875743300038,0.011,1.437,0,0.03,-0.25,0.031,0.967,NaN,0.051,-0.352,0.935,0,0,0,63.85,NaN,0.133,-0.354,0.926,-0.032,0,0,0.471,2.975,6.314,0.42,NaN,NaN,NaN,NaN,NaN,NaN,0.291,2,0,NaN,NaN,NaN,NaN
450728,1.00000250915384e+18,63875743300050,0.011,1.437,0,0.03,-0.25,0.031,0.967,NaN,0.081,-0.448,0.89,0,0,0,63.85,NaN,0.143,-0.558,0.817,-0.032,0,0,0.471,2.976,6.314,0.421,NaN,NaN,NaN,NaN,NaN,NaN,0.294,2,0,NaN,NaN,NaN,NaN
450729,1.00000250915884e+18,63875743300050,0.011,1.437,0,0.03,-0.25,0.031,0.967,NaN,0.063,-0.481,0.874,0,0,0,63.85,NaN,0.069,-0.422,0.904,-0.032,0,0,0.472,2.98,6.314,0.422,NaN,NaN,NaN,NaN,NaN,NaN,0.299,2,0,NaN,NaN,NaN,NaN
450730,1.00000250916385e+18,63875743300050,0.011,1.437,0,0.03,-0.25,0.031,0.967,NaN,0.146,-0.475,0.868,0,0,0,63.85,NaN,0.153,-0.441,0.884,-0.032,0,0,0.512,3.235,6.314,0.424,NaN,NaN,NaN,NaN,NaN,NaN,0.309,2,0,NaN,NaN,NaN,NaN
450731,1.00000250916887e+18,63875743300061,0.011,1.437,0,0.03,-0.25,0.031,0.967,NaN,0.241,-0.432,0.869,0,0,0,63.85,NaN,0.249,-0.391,0.886,-0.032,0,0,0.517,3.264,6.314,0.425,NaN,NaN,NaN,NaN,NaN,NaN,0.322,2,0,NaN,NaN,NaN,NaN
450732,1.00000250917389e+18,63875743300061,0.011,1.437,0,0.03,-0.25,0.031,0.967,NaN,0.247,-0.441,0.863,0,0,0,63.85,NaN,0.252,-0.414,0.875,-0.032,0,0,0.519,3.274,6.314,0.429,NaN,NaN,NaN,NaN,NaN,NaN,0.338,2,0,NaN,NaN,NaN,NaN
450733,1.00000250917887e+18,63875743300072,0.011,1.437,0,0.03,-0.25,0.031,0.967,NaN,0.261,-0.45,0.854,0,0,0,63.85,NaN,0.264,-0.436,0.86,-0.032,0,0,0.52,3.283,6.314,0.433,NaN,NaN,NaN,NaN,NaN,NaN,0.352,2,0,NaN,NaN,NaN,NaN
450734,1.00000250918389e+18,63875743300072,0.011,1.437,0,0.03,-0.25,0.031,0.967,NaN,0.265,-0.46,0.847,0,0,0,63.85,NaN,0.267,-0.454,0.85,-0.032,0,0,0.521,3.291,6.314,0.442,NaN,NaN,NaN,NaN,NaN,NaN,0.37,2,0,NaN,NaN,NaN,NaN
450735,1.0000025091889e+18,63875743300083,0.012,1.437,0,0.03,-0.25,0.032,0.967,NaN,0.214,-0.473,0.854,0,0,0,63.85,NaN,0.243,-0.468,0.85,-0.032,0,0,0.482,3.042,6.314,0.453,NaN,0.076,-0.503,0.861,0.032,0,0,0.57,3.619,6.354,0.387,0.3636701,0
450736,1.00000250919392e+18,63875743300083,0.012,1.437,0,0.03,-0.25,0.032,0.967,NaN,0.196,-0.462,0.865,0,0,0,63.85,NaN,0.233,-0.45,0.862,-0.032,0,0,0.476,3.004,6.314,0.462,NaN,0.13,-0.4,0.907,0.032,0,0,0.593,3.769,6.354,0.401,0.4356132,0
450737,1.00000250919894e+18,63875743300094,0.012,1.437,0,0.03,-0.25,0.031,0.967,NaN,0.181,-0.469,0.864,0,0,0,63.85,NaN,0.222,-0.462,0.859,-0.032,0,0,0.474,2.991,6.314,0.476,NaN,0.017,-0.41,0.912,0.032,0,0,0.558,3.544,6.354,0.418,0.2747073,0
450738,1.00000250920391e+18,63875743300094,0.012,1.437,0,0.03,-0.25,0.031,0.967,NaN,0.176,-0.473,0.863,0,0,0,63.85,NaN,0.213,-0.469,0.857,-0.032,0,0,0.475,2.998,6.314,0.484,NaN,0.026,-0.447,0.894,0.032,0,0,0.553,3.513,6.354,0.429,0.3213539,0
450739,1.00000250920892e+18,63875743300095,0.012,1.437,0,0.03,-0.25,0.031,0.967,NaN,0.167,-0.478,0.862,0,0,0,63.85,NaN,0.207,-0.476,0.855,-0.032,0,0,0.477,3.014,6.314,0.495,NaN,0.033,-0.47,0.882,0.032,0,0,0.551,3.504,6.354,0.441,0.3580097,0
450740,1.00000250921394e+18,63875743300105,0.012,1.437,0,0.03,-0.25,0.031,0.967,NaN,0.153,-0.478,0.865,0,0,0,63.85,NaN,0.202,-0.474,0.857,-0.032,0,0,0.479,3.024,6.314,0.505,NaN,0.041,-0.473,0.88,0.032,0,0,0.551,3.499,6.354,0.45,0.3872485,0
450741,1.00000250921895e+18,63875743300106,0.012,1.437,0,0.03,-0.25,0.031,0.967,NaN,0.147,-0.483,0.863,0,0,0,63.85,NaN,0.198,-0.481,0.854,-0.032,0,0,0.48,3.03,6.314,0.512,NaN,0.051,-0.487,0.872,0.032,0,0,0.55,3.492,6.354,0.458,0.4274989,0
450742,1.00000250922397e+18,63875743300117,0.012,1.437,0,0.03,-0.25,0.031,0.967,NaN,0.136,-0.489,0.862,0,0,0,63.85,NaN,0.194,-0.486,0.852,-0.032,0,0,0.48,3.03,6.314,0.519,NaN,0.055,-0.495,0.867,0.032,0,0,0.55,3.491,6.354,0.466,0.4525903,0
450743,1.00000250922899e+18,63875743300117,0.012,1.437,0,0.03,-0.25,0.031,0.967,NaN,0.124,-0.495,0.86,0,0,0,63.85,NaN,0.19,-0.493,0.849,-0.032,0,0,0.48,3.029,6.314,0.527,NaN,0.055,-0.504,0.862,0.032,0,0,0.549,3.489,6.354,0.474,0.4630337,0
450744,1.00000250923401e+18,63875743300128,0.012,1.437,0,0.03,-0.25,0.031,0.967,NaN,0.115,-0.5,0.858,0,0,0,63.85,NaN,0.187,-0.498,0.847,-0.032,0,0,0.479,3.026,6.314,0.533,NaN,0.054,-0.509,0.859,0.032,0,0,0.548,3.485,6.354,0.48,0.4697549,0
450745,1.00000250923902e+18,63875743300128,0.012,1.437,0,0.03,-0.25,0.031,0.967,NaN,0.109,-0.505,0.856,0,0,0,63.85,NaN,0.186,-0.501,0.845,-0.032,0,0,0.479,3.023,6.314,0.539,NaN,0.053,-0.513,0.857,0.032,0,0,0.548,3.481,6.354,0.486,0.4742469,0
450746,1.00000250924404e+18,63875743300139,0.012,1.437,0.001,0.03,-0.25,0.031,0.967,NaN,0.105,-0.508,0.855,0,0,0,63.85,NaN,0.182,-0.504,0.844,-0.032,0,0,0.479,3.023,6.314,0.544,NaN,0.053,-0.515,0.855,0.032,0,0,0.547,3.478,6.354,0.493,0.4854163,0
450747,1.00000250924905e+18,63875743300139,0.012,1.437,0.001,0.03,-0.25,0.031,0.967,NaN,0.104,-0.51,0.854,0,0,0,63.85,NaN,0.178,-0.506,0.844,-0.032,0,0,0.479,3.023,6.314,0.546,NaN,0.055,-0.516,0.855,0.032,0,0,0.539,3.426,6.354,0.501,0.5139285,0
450748,1.00000250925407e+18,63875743300150,0.012,1.437,0.001,0.031,-0.25,0.031,0.967,NaN,0.106,-0.515,0.851,0,0,0,63.85,NaN,0.173,-0.512,0.842,-0.032,0,0,0.479,3.023,6.314,0.548,NaN,0.06,-0.521,0.851,0.032,0,0,0.525,3.334,6.354,0.508,0.5597386,0
450749,1.00000250925908e+18,63875743300150,0.012,1.437,0.001,0.031,-0.25,0.031,0.967,NaN,0.103,-0.517,0.85,0,0,0,63.85,NaN,0.159,-0.514,0.843,-0.032,0,0,0.479,3.022,6.314,0.551,NaN,0.065,-0.522,0.85,0.032,0,0,0.519,3.299,6.354,0.515,0.6737526,0
450750,1.00000250926409e+18,63875743300150,0.012,1.437,0.001,0.031,-0.25,0.031,0.967,NaN,0.106,-0.518,0.849,0,0,0,63.85,NaN,0.156,-0.516,0.842,-0.032,0,0,0.479,3.021,6.314,0.554,NaN,0.071,-0.523,0.849,0.032,0,0,0.517,3.282,6.354,0.521,0.740109,0
450751,1.00000250926927e+18,63875743300161,0.012,1.437,0.001,0.031,-0.25,0.031,0.967,NaN,0.108,-0.513,0.851,0,0,0,63.85,NaN,0.146,-0.511,0.847,-0.032,0,0,0.478,3.017,6.314,0.558,NaN,0.082,-0.515,0.853,0.032,0,0,0.538,3.417,6.354,0.528,0.9785669,0
450752,1.00000250927428e+18,63875743300161,0.012,1.437,0.001,0.031,-0.25,0.031,0.967,NaN,0.113,-0.508,0.854,0,0,0,63.85,NaN,0.15,-0.503,0.851,-0.032,0,0,0.517,3.262,6.314,0.563,NaN,0.091,-0.497,0.863,0.032,0,0,0.542,3.446,6.354,0.535,1.030861,0
450753,1.00000250927922e+18,63875743300172,0.012,1.437,0.001,0.031,-0.25,0.031,0.967,NaN,0.117,-0.492,0.862,0,0,0,63.85,NaN,0.153,-0.49,0.858,-0.032,0,0,0.524,3.308,6.314,0.568,NaN,0.099,-0.494,0.864,0.032,0,0,0.541,3.438,6.354,0.54,1.157257,0
450754,1.00000250928424e+18,63875743300172,0.012,1.437,0.001,0.031,-0.25,0.031,0.967,NaN,0.121,-0.459,0.88,0,0,0,63.85,NaN,0.157,-0.458,0.875,-0.032,0,0,0.527,3.325,6.314,0.573,NaN,0.104,-0.471,0.876,0.032,0,0,0.547,3.473,6.354,0.545,1.129892,0
450755,1.00000250928925e+18,63875743300183,0.012,1.437,0.001,0.031,-0.25,0.031,0.967,NaN,0.124,-0.428,0.895,0,0,0,63.85,NaN,0.16,-0.427,0.89,-0.032,0,0,0.528,3.332,6.314,0.58,NaN,0.108,-0.441,0.891,0.032,0,0,0.549,3.486,6.354,0.551,1.13949,0
450756,1.00000250929426e+18,63875743300183,0.012,1.437,0.001,0.031,-0.25,0.031,0.967,NaN,0.126,-0.407,0.905,0,0,0,63.85,NaN,0.161,-0.407,0.899,-0.032,0,0,0.53,3.348,6.314,0.587,NaN,0.109,-0.419,0.902,0.032,0,0,0.55,3.494,6.354,0.557,1.154734,0
450757,1.00000250929927e+18,63875743300194,0.012,1.437,0.001,0.031,-0.25,0.031,0.967,NaN,0.127,-0.391,0.911,0,0,0,63.85,NaN,0.161,-0.391,0.906,-0.032,0,0,0.532,3.361,6.314,0.594,NaN,0.11,-0.4,0.91,0.032,0,0,0.551,3.503,6.354,0.564,2,0
450758,1.00000250930419e+18,63875743300194,0.012,1.437,0.001,0.031,-0.25,0.031,0.967,NaN,0.128,-0.378,0.917,0,0,0,63.85,NaN,0.16,-0.378,0.912,-0.032,0,0,0.537,3.392,6.314,0.603,NaN,0.113,-0.385,0.916,0.032,0,0,0.554,3.521,6.354,0.572,2,0
450759,1.0000025093092e+18,63875743300204,0.012,1.437,0.001,0.031,-0.25,0.031,0.967,NaN,0.129,-0.366,0.922,0,0,0,63.85,NaN,0.159,-0.365,0.917,-0.032,0,0,0.541,3.414,6.314,0.611,NaN,0.115,-0.371,0.922,0.032,0,0,0.557,3.539,6.354,0.58,2,0
450760,1.00000250931419e+18,63875743300204,0.012,1.437,0.001,0.031,-0.25,0.031,0.967,NaN,0.13,-0.352,0.927,0,0,0,63.85,NaN,0.158,-0.351,0.923,-0.032,0,0,0.549,3.465,6.314,0.62,NaN,0.119,-0.355,0.927,0.032,0,0,0.562,3.568,6.354,0.589,2,0
450761,1.0000025093192e+18,63875743300216,0.012,1.437,0.001,0.031,-0.249,0.031,0.967,NaN,0.131,-0.342,0.931,0,0,0,63.85,NaN,0.157,-0.341,0.927,-0.032,0,0,0.553,3.493,6.314,0.629,NaN,0.122,-0.344,0.931,0.032,0,0,0.564,3.583,6.354,0.598,2,0
450762,1.00000250932422e+18,63875743300216,0.012,1.437,0.001,0.031,-0.249,0.031,0.967,NaN,0.132,-0.332,0.934,0,0,0,63.85,NaN,0.156,-0.331,0.931,-0.032,0,0,0.559,3.529,6.314,0.638,NaN,0.126,-0.334,0.934,0.032,0,0,0.566,3.599,6.354,0.607,2,0
450763,1.00000250932923e+18,63875743300216,0.012,1.437,0.001,0.031,-0.249,0.031,0.967,NaN,0.133,-0.312,0.941,0,0,0,63.85,NaN,0.151,-0.312,0.938,-0.032,0,0,0.573,3.62,6.314,0.647,NaN,0.127,-0.314,0.941,0.032,0,0,0.569,3.615,6.354,0.617,2,0
450764,1.00000250933424e+18,63875743300227,0.012,1.437,0,0.031,-0.249,0.031,0.967,NaN,0.133,-0.295,0.946,0,0,0,63.85,NaN,0.148,-0.295,0.944,-0.032,0,0,0.582,3.676,6.314,0.657,NaN,0.128,-0.296,0.947,0.032,0,0,0.572,3.632,6.354,0.627,2,0
450765,1.00000250933925e+18,63875743300227,0.012,1.437,0,0.031,-0.249,0.031,0.967,NaN,0.134,-0.27,0.953,0,0,0,63.85,NaN,0.146,-0.27,0.952,-0.032,0,0,0.588,3.71,6.314,0.668,NaN,0.13,-0.271,0.954,0.032,0,0,0.581,3.691,6.354,0.637,2,0
450766,1.00000250934426e+18,63875743300238,0.013,1.437,0,0.031,-0.249,0.031,0.967,NaN,0.135,-0.252,0.958,0,0,0,63.85,NaN,0.145,-0.252,0.957,-0.032,0,0,0.602,3.8,6.314,0.678,NaN,0.132,-0.253,0.959,0.032,0,0,0.585,3.719,6.354,0.647,2,0
450767,1.00000250934927e+18,63875743300239,0.013,1.437,0,0.031,-0.249,0.031,0.967,NaN,0.136,-0.239,0.961,0,0,0,63.85,NaN,0.144,-0.239,0.96,-0.032,0,0,0.609,3.845,6.314,0.687,NaN,0.134,-0.239,0.962,0.032,0,0,0.59,3.751,6.354,0.656,2,0
450768,1.00000250935427e+18,63875743300249,0.013,1.437,0,0.031,-0.249,0.031,0.967,NaN,0.136,-0.23,0.964,0,0,0,63.85,NaN,0.144,-0.23,0.963,-0.032,0,0,0.61,3.854,6.314,0.696,NaN,0.135,-0.23,0.964,0.032,0,0,0.594,3.772,6.354,0.665,2,0
450769,1.00000250935928e+18,63875743300249,0.013,1.437,0,0.031,-0.249,0.031,0.967,NaN,0.138,-0.231,0.963,0,0,0,63.85,NaN,0.146,-0.231,0.962,-0.032,0,0,0.61,3.854,6.314,0.705,NaN,0.139,-0.231,0.963,0.032,0,0,0.598,3.799,6.354,0.673,2,0
450770,1.00000250936437e+18,63875743300249,0.013,1.437,0,0.031,-0.249,0.031,0.967,NaN,0.139,-0.23,0.963,0,0,0,63.85,NaN,0.147,-0.23,0.962,-0.032,0,0,0.61,3.853,6.314,0.714,NaN,0.143,-0.23,0.963,0.032,0,0,0.603,3.828,6.354,0.68,2,0
450771,1.00000250936936e+18,63875743300261,0.013,1.437,0,0.031,-0.249,0.031,0.967,NaN,0.141,-0.236,0.961,0,0,0,63.85,NaN,0.148,-0.236,0.96,-0.032,0,0,0.599,3.784,6.314,0.722,NaN,0.145,-0.236,0.961,0.032,0,0,0.604,3.84,6.354,0.687,2,0
450772,1.00000250937436e+18,63875743300271,0.013,1.438,0,0.031,-0.249,0.031,0.967,NaN,0.143,-0.236,0.961,0,0,0,63.85,NaN,0.149,-0.235,0.96,-0.032,0,0,0.59,3.725,6.314,0.728,NaN,0.147,-0.235,0.961,0.032,0,0,0.608,3.861,6.354,0.694,2,0
450773,1.00000250937937e+18,63875743300271,0.013,1.438,0,0.031,-0.249,0.031,0.967,NaN,0.145,-0.235,0.961,0,0,0,63.85,NaN,0.15,-0.235,0.96,-0.032,0,0,0.584,3.689,6.314,0.736,NaN,0.15,-0.235,0.96,0.032,0,0,0.61,3.875,6.354,0.7,2,0
450774,1.00000250938438e+18,63875743300271,0.013,1.438,0,0.031,-0.249,0.031,0.967,NaN,0.144,-0.23,0.962,0,0,0,63.85,NaN,0.15,-0.23,0.962,-0.032,0,0,0.582,3.674,6.314,0.742,NaN,0.148,-0.23,0.962,0.032,0,0,0.61,3.877,6.354,0.706,2,0
450775,1.00000250938939e+18,63875743300283,0.013,1.438,0,0.031,-0.249,0.031,0.967,NaN,0.144,-0.227,0.963,0,0,0,63.85,NaN,0.149,-0.226,0.963,-0.032,0,0,0.58,3.663,6.314,0.747,NaN,0.147,-0.227,0.963,0.032,0,0,0.61,3.878,6.354,0.712,2,0
450776,1.00000250939443e+18,63875743300283,0.013,1.438,0,0.031,-0.249,0.031,0.967,NaN,0.144,-0.226,0.964,0,0,0,63.85,NaN,0.147,-0.226,0.963,-0.032,0,0,0.58,3.662,6.314,0.753,NaN,0.146,-0.226,0.963,0.032,0,0,0.61,3.879,6.354,0.717,2,0
450777,1.00000250939944e+18,63875743300294,0.013,1.438,0,0.031,-0.249,0.031,0.967,NaN,0.143,-0.23,0.963,0,0,0,63.85,NaN,0.147,-0.23,0.962,-0.032,0,0,0.581,3.667,6.314,0.757,NaN,0.145,-0.23,0.962,0.032,0,0,0.611,3.883,6.354,0.721,2,0
450778,1.00000250940446e+18,63875743300294,0.013,1.438,0,0.031,-0.249,0.031,0.967,NaN,0.143,-0.233,0.962,0,0,0,63.85,NaN,0.146,-0.233,0.961,-0.032,0,0,0.582,3.677,6.314,0.757,NaN,0.145,-0.233,0.962,0.032,0,0,0.611,3.882,6.354,0.724,2,0
450779,1.00000250940947e+18,63875743300304,0.013,1.438,0,0.031,-0.249,0.031,0.967,NaN,0.143,-0.235,0.961,0,0,0,63.85,NaN,0.145,-0.235,0.961,-0.032,0,0,0.582,3.673,6.314,0.758,NaN,0.144,-0.235,0.961,0.032,0,0,0.603,3.831,6.354,0.726,2,0
450780,1.00000250941449e+18,63875743300305,0.013,1.438,0,0.031,-0.249,0.031,0.967,NaN,0.142,-0.228,0.963,0,0,0,63.85,NaN,0.144,-0.228,0.963,-0.032,0,0,0.58,3.664,6.314,0.759,NaN,0.143,-0.228,0.963,0.032,0,0,0.596,3.787,6.354,0.728,2,0
450781,1.00000250941949e+18,63875743300316,0.013,1.438,0,0.031,-0.249,0.031,0.967,NaN,0.142,-0.219,0.965,0,0,0,63.85,NaN,0.141,-0.22,0.965,-0.032,0,0,0.577,3.64,6.314,0.76,NaN,0.142,-0.22,0.965,0.032,0,0,0.591,3.752,6.354,0.729,2,0
450782,1.00000250942451e+18,63875743300316,0.013,1.438,0,0.031,-0.249,0.031,0.967,NaN,0.141,-0.212,0.967,0,0,0,63.85,NaN,0.139,-0.212,0.967,-0.032,0,0,0.574,3.623,6.314,0.761,NaN,0.141,-0.212,0.967,0.032,0,0,0.593,3.771,6.354,0.73,2,0
450783,1.00000250942952e+18,63875743300316,0.013,1.438,0,0.031,-0.249,0.031,0.967,NaN,0.137,-0.193,0.972,0,0,0,63.85,NaN,0.13,-0.193,0.973,-0.032,0,0,0.57,3.6,6.314,0.762,NaN,0.138,-0.193,0.972,0.032,0,0,0.597,3.791,6.354,0.731,2,0
450784,1.00000250943449e+18,63875743300327,0.013,1.438,0,0.031,-0.249,0.031,0.967,NaN,0.13,-0.173,0.976,0,0,0,63.85,NaN,0.121,-0.173,0.977,-0.032,0,0,0.569,3.59,6.314,0.763,NaN,0.132,-0.173,0.976,0.032,0,0,0.597,3.793,6.354,0.733,2,0
450785,1.00000250943951e+18,63875743300327,0.013,1.438,0,0.031,-0.249,0.031,0.967,NaN,0.123,-0.157,0.98,0,0,0,63.85,NaN,0.115,-0.157,0.981,-0.032,0,0,0.57,3.6,6.314,0.766,NaN,0.126,-0.157,0.98,0.032,0,0,0.6,3.811,6.354,0.735,2,0
450786,1.00000250944452e+18,63875743300338,0.013,1.438,0,0.031,-0.249,0.031,0.967,NaN,0.116,-0.142,0.983,0,0,0,63.85,NaN,0.108,-0.143,0.984,-0.032,0,0,0.574,3.625,6.314,0.768,NaN,0.119,-0.142,0.983,0.032,0,0,0.602,3.822,6.354,0.737,2,0
450787,1.00000250944955e+18,63875743300338,0.013,1.438,0,0.031,-0.249,0.031,0.967,NaN,0.111,-0.131,0.985,0,0,0,63.85,NaN,0.104,-0.131,0.986,-0.032,0,0,0.578,3.649,6.314,0.772,NaN,0.113,-0.131,0.985,0.032,0,0,0.603,3.829,6.354,0.74,2,0
450788,1.00000250945456e+18,63875743300349,0.013,1.438,0,0.031,-0.25,0.031,0.967,NaN,0.106,-0.123,0.987,0,0,0,63.85,NaN,0.101,-0.123,0.987,-0.032,0,0,0.58,3.663,6.314,0.778,NaN,0.109,-0.123,0.986,0.032,0,0,0.603,3.83,6.354,0.745,2,0
450789,1.00000250945957e+18,63875743300349,0.013,1.438,0,0.031,-0.25,0.031,0.967,NaN,0.103,-0.118,0.988,0,0,0,63.85,NaN,0.098,-0.118,0.988,-0.032,0,0,0.585,3.692,6.314,0.784,NaN,0.104,-0.118,0.987,0.032,0,0,0.603,3.829,6.354,0.75,2,0
450790,1.00000250946455e+18,63875743300349,0.013,1.438,0,0.031,-0.25,0.031,0.967,NaN,0.099,-0.115,0.988,0,0,0,63.85,NaN,0.095,-0.115,0.989,-0.032,0,0,0.598,3.773,6.314,0.79,NaN,0.1,-0.115,0.988,0.032,0,0,0.601,3.817,6.354,0.755,2,0
450791,1.00000250946954e+18,63875743300360,0.013,1.437,0,0.03,-0.25,0.031,0.967,NaN,0.096,-0.114,0.989,0,0,0,63.85,NaN,0.093,-0.114,0.989,-0.032,0,0,0.603,3.804,6.314,0.798,NaN,0.097,-0.114,0.989,0.032,0,0,0.598,3.801,6.354,0.761,2,0
450792,1.00000250947453e+18,63875743300360,0.013,1.437,0,0.03,-0.25,0.031,0.967,NaN,0.094,-0.114,0.989,0,0,0,63.85,NaN,0.091,-0.114,0.989,-0.032,0,0,0.605,3.817,6.314,0.805,NaN,0.094,-0.114,0.989,0.032,0,0,0.597,3.796,6.354,0.767,2,0
450793,1.00000250947959e+18,63875743300371,0.013,1.437,0,0.03,-0.25,0.031,0.967,NaN,0.092,-0.113,0.989,0,0,0,63.85,NaN,0.09,-0.113,0.99,-0.032,0,0,0.609,3.846,6.314,0.813,NaN,0.093,-0.113,0.989,0.032,0,0,0.597,3.792,6.354,0.773,2,0
450794,1.00000250948459e+18,63875743300372,0.013,1.437,0,0.03,-0.25,0.031,0.967,NaN,0.09,-0.112,0.99,0,0,0,63.85,NaN,0.089,-0.112,0.99,-0.032,0,0,0.611,3.86,6.314,0.822,NaN,0.091,-0.112,0.99,0.032,0,0,0.597,3.791,6.354,0.778,2,0
450795,1.0000025094896e+18,63875743300382,0.013,1.437,0,0.03,-0.25,0.031,0.967,NaN,0.089,-0.111,0.99,0,0,0,63.85,NaN,0.088,-0.112,0.99,-0.032,0,0,0.612,3.867,6.314,0.828,NaN,0.09,-0.111,0.99,0.032,0,0,0.596,3.79,6.354,0.783,2,0
450796,1.00000250949464e+18,63875743300382,0.013,1.437,0,0.03,-0.25,0.031,0.967,NaN,0.088,-0.111,0.99,0,0,0,63.85,NaN,0.087,-0.111,0.99,-0.032,0,0,0.613,3.872,6.314,0.835,NaN,0.088,-0.111,0.99,0.032,0,0,0.596,3.787,6.354,0.788,2,0
450797,1.00000250949964e+18,63875743300394,0.013,1.437,0,0.03,-0.25,0.031,0.967,NaN,0.087,-0.11,0.99,0,0,0,63.85,NaN,0.086,-0.11,0.99,-0.032,0,0,0.613,3.874,6.314,0.84,NaN,0.088,-0.11,0.99,0.032,0,0,0.596,3.786,6.354,0.792,2,0
450798,1.00000250950467e+18,63875743300394,0.013,1.437,0,0.03,-0.25,0.031,0.967,NaN,0.087,-0.111,0.99,0,0,0,63.85,NaN,0.087,-0.111,0.99,-0.032,0,0,0.614,3.874,6.314,0.847,NaN,0.088,-0.111,0.99,0.032,0,0,0.596,3.785,6.354,0.796,2,0
450799,1.00000250950969e+18,63875743300404,0.013,1.437,0,0.03,-0.25,0.031,0.967,NaN,0.087,-0.111,0.99,0,0,0,63.85,NaN,0.087,-0.111,0.99,-0.032,0,0,0.614,3.88,6.314,0.852,NaN,0.087,-0.111,0.99,0.032,0,0,0.596,3.785,6.354,0.801,2,0
450800,1.00000250951473e+18,63875743300404,0.013,1.437,0,0.03,-0.25,0.031,0.967,NaN,0.087,-0.11,0.99,0,0,0,63.85,NaN,0.086,-0.11,0.99,-0.032,0,0,0.615,3.881,6.314,0.857,NaN,0.087,-0.11,0.99,0.032,0,0,0.596,3.785,6.354,0.804,2,0
450801,1.00000250951972e+18,63875743300404,0.013,1.437,0,0.03,-0.25,0.031,0.967,NaN,0.087,-0.11,0.99,0,0,0,63.85,NaN,0.086,-0.11,0.99,-0.032,0,0,0.614,3.878,6.314,0.863,NaN,0.087,-0.11,0.99,0.032,0,0,0.596,3.784,6.354,0.808,2,0
450802,1.00000250952477e+18,63875743300416,0.013,1.437,0,0.03,-0.25,0.031,0.967,NaN,0.086,-0.11,0.99,0,0,0,63.85,NaN,0.086,-0.11,0.99,-0.032,0,0,0.613,3.873,6.314,0.867,NaN,0.086,-0.11,0.99,0.032,0,0,0.596,3.784,6.354,0.811,2,0.1896045
450803,1.00000250952976e+18,63875743300416,0.013,1.437,0,0.03,-0.25,0.031,0.967,NaN,0.086,-0.111,0.99,0,0,0,63.85,NaN,0.086,-0.111,0.99,-0.032,0,0,0.613,3.873,6.314,0.872,NaN,0.086,-0.111,0.99,0.032,0,0,0.595,3.783,6.354,0.814,2,0.4309958
450804,1.00000250953479e+18,63875743300427,0.013,1.437,0,0.03,-0.25,0.031,0.967,NaN,0.086,-0.111,0.99,0,0,0,63.85,NaN,0.086,-0.111,0.99,-0.032,0,0,0.614,3.875,6.314,0.875,NaN,0.086,-0.111,0.99,0.032,0,0,0.595,3.783,6.354,0.817,2,0.5093844
450805,1.00000250953978e+18,63875743300427,0.013,1.437,0,0.03,-0.25,0.031,0.967,NaN,0.085,-0.111,0.99,0,0,0,63.85,NaN,0.085,-0.111,0.99,-0.032,0,0,0.614,3.875,6.314,0.878,NaN,0.085,-0.111,0.99,0.032,0,0,0.595,3.782,6.354,0.819,2,0.6021017
450806,1.00000250954476e+18,63875743300437,0.013,1.437,0,0.03,-0.25,0.031,0.967,NaN,0.085,-0.111,0.99,0,0,0,63.85,NaN,0.085,-0.111,0.99,-0.032,0,0,0.614,3.875,6.314,0.881,NaN,0.085,-0.111,0.99,0.032,0,0,0.595,3.782,6.354,0.821,2,0.6327072
450807,1.00000250954976e+18,63875743300437,0.013,1.437,0,0.03,-0.25,0.031,0.967,NaN,0.085,-0.111,0.99,0,0,0,63.85,NaN,0.085,-0.111,0.99,-0.032,0,0,0.613,3.87,6.314,0.884,NaN,0.085,-0.111,0.99,0.032,0,0,0.595,3.782,6.354,0.824,2,0.6454967
450808,1.00000250955476e+18,63875743300450,0.013,1.437,0,0.03,-0.25,0.031,0.967,NaN,0.085,-0.111,0.99,0,0,0,63.85,NaN,0.084,-0.111,0.99,-0.032,0,0,0.612,3.863,6.314,0.887,NaN,0.085,-0.111,0.99,0.032,0,0,0.595,3.781,6.354,0.826,2,0.6145115
450809,1.00000250955976e+18,63875743300450,0.013,1.437,0,0.03,-0.25,0.031,0.967,NaN,0.085,-0.111,0.99,0,0,0,63.85,NaN,0.084,-0.111,0.99,-0.032,0,0,0.612,3.862,6.314,0.889,NaN,0.085,-0.111,0.99,0.032,0,0,0.595,3.781,6.354,0.828,2,0.6138037
450810,1.00000250956479e+18,63875743300450,0.013,1.437,0,0.03,-0.25,0.031,0.967,NaN,0.084,-0.111,0.99,0,0,0,63.85,NaN,0.084,-0.111,0.99,-0.032,0,0,0.612,3.862,6.314,0.89,NaN,0.084,-0.111,0.99,0.032,0,0,0.595,3.78,6.354,0.83,2,0.5937639
450811,1.00000250956983e+18,63875743300461,0.013,1.437,0,0.03,-0.25,0.031,0.967,NaN,0.084,-0.111,0.99,0,0,0,63.85,NaN,0.084,-0.111,0.99,-0.032,0,0,0.612,3.862,6.314,0.892,NaN,0.084,-0.111,0.99,0.032,0,0,0.595,3.779,6.354,0.831,2,0.5728389
450812,1.00000250957482e+18,63875743300461,0.013,1.437,0,0.03,-0.25,0.031,0.967,NaN,0.084,-0.112,0.99,0,0,0,63.85,NaN,0.084,-0.112,0.99,-0.032,0,0,0.612,3.862,6.314,0.893,NaN,0.084,-0.112,0.99,0.032,0,0,0.595,3.778,6.354,0.832,2,0.5993514
450813,1.00000250957998e+18,63875743300472,0.013,1.437,0,0.03,-0.25,0.031,0.967,NaN,0.084,-0.112,0.99,0,0,0,63.85,NaN,0.084,-0.112,0.99,-0.032,0,0,0.61,3.849,6.314,0.895,NaN,0.084,-0.112,0.99,0.032,0,0,0.595,3.778,6.354,0.834,2,0.6057609
450814,1.00000250958497e+18,63875743300472,0.013,1.437,0,0.03,-0.25,0.031,0.967,NaN,0.084,-0.112,0.99,0,0,0,63.85,NaN,0.084,-0.112,0.99,-0.032,0,0,0.609,3.843,6.314,0.897,NaN,0.084,-0.112,0.99,0.032,0,0,0.595,3.777,6.354,0.835,2,0.6277741
450815,1.00000250959e+18,63875743300483,0.013,1.437,0,0.03,-0.25,0.031,0.967,NaN,0.084,-0.112,0.99,0,0,0,63.85,NaN,0.084,-0.112,0.99,-0.032,0,0,0.605,3.819,6.314,0.898,NaN,0.084,-0.112,0.99,0.032,0,0,0.594,3.777,6.354,0.836,2,0.6268173
450816,1.00000250959502e+18,63875743300483,0.013,1.437,0,0.03,-0.25,0.031,0.967,NaN,0.084,-0.112,0.99,0,0,0,63.85,NaN,0.084,-0.112,0.99,-0.032,0,0,0.601,3.798,6.314,0.899,NaN,0.084,-0.112,0.99,0.032,0,0,0.594,3.776,6.354,0.837,2,0.6356328
450817,1.00000250959992e+18,63875743300494,0.013,1.437,0,0.03,-0.25,0.031,0.967,NaN,0.084,-0.113,0.99,0,0,0,63.85,NaN,0.084,-0.113,0.99,-0.032,0,0,0.599,3.785,6.314,0.899,NaN,0.084,-0.113,0.99,0.032,0,0,0.594,3.776,6.354,0.838,2,0.7373785
450818,1.00000250960487e+18,63875743300494,0.013,1.437,0,0.03,-0.25,0.031,0.967,NaN,0.084,-0.113,0.99,0,0,0,63.85,NaN,0.084,-0.113,0.99,-0.032,0,0,0.598,3.778,6.314,0.9,NaN,0.084,-0.113,0.99,0.032,0,0,0.594,3.776,6.354,0.839,2,0.8242828
450819,1.0000025096099e+18,63875743300505,0.013,1.437,0,0.03,-0.25,0.031,0.967,NaN,0.084,-0.113,0.99,0,0,0,63.85,NaN,0.084,-0.113,0.99,-0.032,0,0,0.598,3.778,6.314,0.901,NaN,0.084,-0.113,0.99,0.032,0,0,0.594,3.775,6.354,0.84,2,0.8270457
450820,1.00000250961489e+18,63875743300505,0.013,1.437,0,0.03,-0.25,0.031,0.967,NaN,0.084,-0.113,0.99,0,0,0,63.85,NaN,0.084,-0.113,0.99,-0.032,0,0,0.599,3.782,6.314,0.901,NaN,0.084,-0.113,0.99,0.032,0,0,0.594,3.775,6.354,0.84,2,0.8280084
450821,1.00000250961993e+18,63875743300516,0.013,1.437,0,0.03,-0.249,0.031,0.967,NaN,0.084,-0.113,0.99,0,0,0,63.85,NaN,0.084,-0.113,0.99,-0.032,0,0,0.601,3.793,6.314,0.901,NaN,0.084,-0.113,0.99,0.032,0,0,0.594,3.774,6.354,0.84,2,0.8440713
450822,1.00000250962502e+18,63875743300516,0.013,1.437,0,0.03,-0.249,0.031,0.967,NaN,0.084,-0.113,0.99,0,0,0,63.85,NaN,0.084,-0.113,0.99,-0.032,0,0,0.604,3.812,6.314,0.902,NaN,0.084,-0.113,0.99,0.032,0,0,0.594,3.774,6.354,0.84,2,0.8449515
450823,1.00000250963002e+18,63875743300517,0.013,1.437,0,0.03,-0.249,0.031,0.967,NaN,0.085,-0.113,0.99,0,0,0,63.85,NaN,0.085,-0.113,0.99,-0.032,0,0,0.605,3.82,6.314,0.902,NaN,0.085,-0.113,0.99,0.032,0,0,0.594,3.774,6.354,0.84,2,0.7872446
450824,1.00000250963504e+18,63875743300527,0.013,1.437,0,0.031,-0.249,0.031,0.967,NaN,0.085,-0.114,0.99,0,0,0,63.85,NaN,0.085,-0.114,0.99,-0.032,0,0,0.606,3.825,6.314,0.902,NaN,0.085,-0.114,0.99,0.032,0,0,0.594,3.774,6.354,0.84,2,0.8354591
450825,1.00000250964003e+18,63875743300527,0.013,1.437,0,0.031,-0.249,0.031,0.967,NaN,0.085,-0.114,0.99,0,0,0,63.85,NaN,0.085,-0.114,0.99,-0.032,0,0,0.617,3.893,6.314,0.902,NaN,0.085,-0.114,0.99,0.032,0,0,0.594,3.772,6.354,0.84,2,0.8658176
450826,1.00000250964505e+18,63875743300538,0.013,1.437,0,0.031,-0.25,0.031,0.967,NaN,0.085,-0.114,0.99,0,0,0,63.85,NaN,0.085,-0.114,0.99,-0.032,0,0,0.622,3.929,6.314,0.902,NaN,0.085,-0.114,0.99,0.032,0,0,0.593,3.771,6.354,0.84,2,0.827958
450827,1.00000250965005e+18,63875743300538,0.013,1.437,0,0.031,-0.25,0.031,0.967,NaN,0.085,-0.114,0.99,0,0,0,63.85,NaN,0.085,-0.114,0.99,-0.032,0,0,0.625,3.947,6.314,0.902,NaN,0.085,-0.114,0.99,0.032,0,0,0.593,3.77,6.354,0.84,2,0.8551856
450828,1.00000250965501e+18,63875743300550,0.013,1.437,0,0.031,-0.25,0.031,0.967,NaN,0.085,-0.114,0.99,0,0,0,63.85,NaN,0.085,-0.114,0.99,-0.032,0,0,0.625,3.946,6.314,0.901,NaN,0.085,-0.114,0.99,0.032,0,0,0.593,3.769,6.354,0.84,2,0.7839926
450829,1.00000250966e+18,63875743300550,0.013,1.437,0,0.031,-0.25,0.031,0.967,NaN,0.086,-0.113,0.99,0,0,0,63.85,NaN,0.086,-0.113,0.99,-0.032,0,0,0.62,3.912,6.314,0.901,NaN,0.086,-0.113,0.99,0.032,0,0,0.594,3.773,6.354,0.84,2,0.332813
450830,1.00000250966502e+18,63875743300561,0.014,1.437,0,0.031,-0.25,0.031,0.967,NaN,0.087,-0.114,0.99,0,0,0,63.85,NaN,0.087,-0.114,0.99,-0.032,0,0,0.62,3.916,6.314,0.901,NaN,0.087,-0.114,0.99,0.032,0,0,0.598,3.798,6.354,0.839,2,0
450831,1.00000250967007e+18,63875743300561,0.014,1.437,0,0.031,-0.25,0.031,0.967,NaN,0.085,-0.119,0.989,0,0,0,63.85,NaN,0.085,-0.119,0.989,-0.032,0,0,0.619,3.907,6.314,0.9,NaN,0.085,-0.119,0.989,0.032,0,0,0.601,3.817,6.354,0.839,2,0
450832,1.00000250967508e+18,63875743300561,0.014,1.437,0,0.031,-0.25,0.031,0.967,NaN,0.074,-0.129,0.989,0,0,0,63.85,NaN,0.074,-0.129,0.989,-0.032,0,0,0.621,3.918,6.314,0.899,NaN,0.074,-0.129,0.989,0.032,0,0,0.605,3.845,6.354,0.837,2,0
450833,1.0000025096801e+18,63875743300572,0.014,1.437,0,0.031,-0.25,0.031,0.967,NaN,0.055,-0.14,0.989,0,0,0,63.85,NaN,0.055,-0.14,0.989,-0.032,0,0,0.614,3.876,6.314,0.897,NaN,0.055,-0.14,0.989,0.032,0,0,0.616,3.915,6.354,0.834,2,0
450834,1.00000250968511e+18,63875743300572,0.014,1.437,0,0.031,-0.25,0.031,0.967,NaN,0.04,-0.154,0.987,0,0,0,63.85,NaN,0.04,-0.154,0.987,-0.032,0,0,0.607,3.831,6.314,0.895,NaN,0.04,-0.154,0.987,0.032,0,0,0.616,3.913,6.354,0.831,2,0
450835,1.00000250969014e+18,63875743300583,0.014,1.437,0,0.031,-0.25,0.031,0.967,NaN,0.021,-0.172,0.985,0,0,0,63.85,NaN,0.021,-0.172,0.985,-0.032,0,0,0.598,3.774,6.314,0.893,NaN,0.021,-0.172,0.985,0.032,0,0,0.617,3.918,6.354,0.827,2,0
450836,1.00000250969515e+18,63875743300583,0.014,1.437,0,0.031,-0.25,0.031,0.967,NaN,-0.004,-0.186,0.983,0,0,0,63.85,NaN,-0.004,-0.186,0.983,-0.032,0,0,0.6,3.79,6.314,0.892,NaN,-0.004,-0.186,0.983,0.032,0,0,0.618,3.928,6.354,0.822,2,0
450837,1.00000250970017e+18,63875743300594,0.014,1.437,0,0.031,-0.25,0.031,0.967,NaN,-0.025,-0.198,0.98,0,0,0,63.85,NaN,-0.025,-0.198,0.98,-0.032,0,0,0.601,3.792,6.314,0.89,NaN,-0.025,-0.198,0.98,0.032,0,0,0.619,3.931,6.354,0.817,2,0
450838,1.00000250970518e+18,63875743300594,0.014,1.437,0,0.031,-0.25,0.031,0.967,NaN,-0.039,-0.207,0.978,0,0,0,63.85,NaN,-0.039,-0.207,0.978,-0.032,0,0,0.6,3.791,6.314,0.888,NaN,-0.039,-0.207,0.978,0.032,0,0,0.62,3.937,6.354,0.813,2,0
450839,1.00000250971014e+18,63875743300605,0.014,1.437,0,0.031,-0.25,0.031,0.967,NaN,-0.05,-0.213,0.976,0,0,0,63.85,NaN,-0.05,-0.213,0.976,-0.032,0,0,0.6,3.789,6.314,0.887,NaN,-0.05,-0.213,0.976,0.032,0,0,0.62,3.939,6.354,0.808,2,0
450840,1.00000250971516e+18,63875743300605,0.014,1.437,0,0.031,-0.25,0.031,0.967,NaN,-0.058,-0.22,0.974,0,0,0,63.85,NaN,-0.058,-0.22,0.974,-0.032,0,0,0.596,3.762,6.314,0.887,NaN,-0.058,-0.22,0.974,0.032,0,0,0.62,3.94,6.354,0.805,2,0
450841,1.00000250972018e+18,63875743300605,0.014,1.437,0,0.031,-0.25,0.031,0.967,NaN,-0.064,-0.224,0.972,0,0,0,63.85,NaN,-0.064,-0.224,0.972,-0.032,0,0,0.596,3.761,6.314,0.886,NaN,-0.064,-0.224,0.972,0.032,0,0,0.62,3.94,6.354,0.801,2,0
450842,1.0000025097252e+18,63875743300616,0.014,1.437,0,0.031,-0.25,0.031,0.967,NaN,-0.068,-0.227,0.971,0,0,0,63.85,NaN,-0.068,-0.227,0.971,-0.032,0,0,0.596,3.761,6.314,0.886,NaN,-0.068,-0.227,0.971,0.032,0,0,0.62,3.94,6.354,0.799,2,0
450843,1.00000250973021e+18,63875743300616,0.014,1.437,0,0.031,-0.25,0.031,0.967,NaN,-0.071,-0.23,0.971,0,0,0,63.85,NaN,-0.071,-0.23,0.971,-0.032,0,0,0.596,3.761,6.314,0.884,NaN,-0.071,-0.23,0.971,0.032,0,0,0.62,3.94,6.354,0.796,2,0
450844,1.00000250973523e+18,63875743300627,0.014,1.437,-0.001,0.031,-0.25,0.031,0.967,NaN,-0.072,-0.233,0.97,0,0,0,63.85,NaN,-0.072,-0.233,0.97,-0.032,0,0,0.594,3.752,6.314,0.883,NaN,-0.072,-0.233,0.97,0.032,0,0,0.62,3.939,6.354,0.794,2,0
450845,1.00000250974025e+18,63875743300627,0.014,1.437,-0.001,0.031,-0.25,0.031,0.967,NaN,-0.074,-0.235,0.969,0,0,0,63.85,NaN,-0.074,-0.235,0.969,-0.032,0,0,0.593,3.747,6.314,0.882,NaN,-0.074,-0.235,0.969,0.032,0,0,0.62,3.938,6.354,0.792,2,0
450846,1.00000250974527e+18,63875743300638,0.014,1.437,-0.001,0.031,-0.25,0.031,0.967,NaN,-0.074,-0.236,0.969,0,0,0,63.85,NaN,-0.074,-0.236,0.969,-0.032,0,0,0.593,3.744,6.314,0.881,NaN,-0.074,-0.236,0.969,0.032,0,0,0.62,3.938,6.354,0.791,2,0
450847,1.00000250975028e+18,63875743300638,0.014,1.437,-0.001,0.031,-0.25,0.031,0.967,NaN,-0.075,-0.237,0.969,0,0,0,63.85,NaN,-0.075,-0.237,0.969,-0.032,0,0,0.593,3.742,6.314,0.88,NaN,-0.075,-0.237,0.969,0.032,0,0,0.62,3.938,6.354,0.79,2,0
450848,1.0000025097553e+18,63875743300649,0.014,1.437,-0.001,0.031,-0.25,0.031,0.967,NaN,-0.075,-0.238,0.968,0,0,0,63.85,NaN,-0.075,-0.238,0.968,-0.032,0,0,0.593,3.742,6.314,0.88,NaN,-0.075,-0.238,0.968,0.032,0,0,0.62,3.938,6.354,0.789,2,0
450849,1.0000025097603e+18,63875743300649,0.014,1.437,-0.001,0.031,-0.25,0.031,0.967,NaN,-0.076,-0.238,0.968,0,0,0,63.85,NaN,-0.076,-0.238,0.968,-0.032,0,0,0.594,3.753,6.314,0.879,NaN,-0.076,-0.238,0.968,0.032,0,0,0.62,3.937,6.354,0.789,2,0
450850,1.00000250976532e+18,63875743300660,0.014,1.437,-0.001,0.03,-0.25,0.031,0.967,NaN,-0.076,-0.238,0.968,0,0,0,63.85,NaN,-0.076,-0.238,0.968,-0.032,0,0,0.594,3.754,6.314,0.879,NaN,-0.076,-0.238,0.968,0.032,0,0,0.62,3.937,6.354,0.788,2,0
450851,1.00000250977034e+18,63875743300660,0.014,1.437,-0.001,0.03,-0.25,0.031,0.967,NaN,-0.076,-0.238,0.968,0,0,0,63.85,NaN,-0.076,-0.238,0.968,-0.032,0,0,0.595,3.755,6.314,0.878,NaN,-0.076,-0.238,0.968,0.032,0,0,0.62,3.937,6.354,0.788,2,0
450852,1.00000250977536e+18,63875743300672,0.014,1.437,-0.001,0.031,-0.25,0.031,0.967,NaN,-0.076,-0.238,0.968,0,0,0,63.85,NaN,-0.076,-0.238,0.968,-0.032,0,0,0.595,3.757,6.314,0.878,NaN,-0.076,-0.238,0.968,0.032,0,0,0.62,3.937,6.354,0.788,2,0
450853,1.00000250978038e+18,63875743300672,0.014,1.437,-0.001,0.031,-0.25,0.031,0.967,NaN,-0.076,-0.238,0.968,0,0,0,63.85,NaN,-0.076,-0.238,0.968,-0.032,0,0,0.599,3.783,6.314,0.878,NaN,-0.076,-0.238,0.968,0.032,0,0,0.62,3.936,6.354,0.788,2,0
450854,1.00000250978536e+18,63875743300672,0.014,1.437,-0.001,0.031,-0.25,0.031,0.967,NaN,-0.076,-0.237,0.968,0,0,0,63.85,NaN,-0.076,-0.237,0.968,-0.032,0,0,0.6,3.787,6.314,0.878,NaN,-0.076,-0.237,0.968,0.032,0,0,0.62,3.936,6.354,0.787,2,0.1244914
450855,1.00000250979039e+18,63875743300683,0.014,1.437,-0.001,0.031,-0.25,0.031,0.967,NaN,-0.076,-0.237,0.969,0,0,0,63.85,NaN,-0.076,-0.237,0.969,-0.032,0,0,0.6,3.789,6.314,0.877,NaN,-0.076,-0.237,0.969,0.032,0,0,0.62,3.936,6.354,0.787,2,0.5459143
450856,1.0000025097954e+18,63875743300683,0.014,1.437,-0.001,0.031,-0.25,0.031,0.967,NaN,-0.076,-0.237,0.969,0,0,0,63.85,NaN,-0.076,-0.237,0.969,-0.032,0,0,0.6,3.79,6.314,0.877,NaN,-0.076,-0.237,0.969,0.032,0,0,0.62,3.936,6.354,0.787,2,0.7249807
450857,1.00000250980042e+18,63875743300694,0.014,1.437,-0.001,0.03,-0.25,0.031,0.967,NaN,-0.076,-0.236,0.969,0,0,0,63.85,NaN,-0.076,-0.236,0.969,-0.032,0,0,0.6,3.792,6.314,0.877,NaN,-0.076,-0.236,0.969,0.032,0,0,0.62,3.937,6.354,0.787,2,0.7650992
450858,1.00000250980544e+18,63875743300694,0.014,1.437,-0.001,0.03,-0.25,0.031,0.967,NaN,-0.076,-0.236,0.969,0,0,0,63.85,NaN,-0.076,-0.236,0.969,-0.032,0,0,0.601,3.792,6.314,0.877,NaN,-0.076,-0.236,0.969,0.032,0,0,0.62,3.937,6.354,0.787,2,0.8399143
450859,1.00000250981036e+18,63875743300705,0.014,1.437,-0.001,0.03,-0.25,0.031,0.967,NaN,-0.076,-0.236,0.969,0,0,0,63.85,NaN,-0.076,-0.236,0.969,-0.032,0,0,0.601,3.793,6.314,0.877,NaN,-0.076,-0.236,0.969,0.032,0,0,0.62,3.938,6.354,0.788,2,0.9393947
450860,1.00000250981538e+18,63875743300705,0.014,1.437,-0.001,0.03,-0.25,0.031,0.967,NaN,-0.076,-0.236,0.969,0,0,0,63.85,NaN,-0.076,-0.236,0.969,-0.032,0,0,0.601,3.794,6.314,0.877,NaN,-0.076,-0.236,0.969,0.032,0,0,0.62,3.938,6.354,0.788,2,0.9708908
450861,1.00000250982042e+18,63875743300716,0.014,1.437,-0.001,0.031,-0.25,0.031,0.967,NaN,-0.076,-0.235,0.969,0,0,0,63.85,NaN,-0.076,-0.235,0.969,-0.032,0,0,0.601,3.796,6.314,0.878,NaN,-0.076,-0.235,0.969,0.032,0,0,0.62,3.939,6.354,0.788,2,0.985034
450862,1.00000250982544e+18,63875743300716,0.014,1.437,-0.001,0.031,-0.25,0.031,0.967,NaN,-0.076,-0.235,0.969,0,0,0,63.85,NaN,-0.076,-0.235,0.969,-0.032,0,0,0.601,3.798,6.314,0.878,NaN,-0.076,-0.235,0.969,0.032,0,0,0.62,3.94,6.354,0.788,2,0.9833492
450863,1.00000250983045e+18,63875743300716,0.014,1.437,-0.001,0.031,-0.25,0.031,0.967,NaN,-0.076,-0.235,0.969,0,0,0,63.85,NaN,-0.076,-0.235,0.969,-0.032,0,0,0.602,3.802,6.314,0.878,NaN,-0.076,-0.235,0.969,0.032,0,0,0.62,3.941,6.354,0.788,2,1
450864,1.00000250983546e+18,63875743300727,0.014,1.437,-0.001,0.031,-0.25,0.032,0.967,NaN,-0.076,-0.234,0.969,0,0,0,63.85,NaN,-0.076,-0.234,0.969,-0.032,0,0,0.603,3.805,6.314,0.878,NaN,-0.076,-0.234,0.969,0.032,0,0,0.621,3.943,6.354,0.788,2,1
450865,1.00000250984048e+18,63875743300727,0.014,1.437,-0.001,0.031,-0.25,0.032,0.967,NaN,-0.076,-0.234,0.969,0,0,0,63.85,NaN,-0.076,-0.234,0.969,-0.032,0,0,0.603,3.807,6.314,0.878,NaN,-0.076,-0.234,0.969,0.032,0,0,0.621,3.944,6.354,0.789,2,1
450866,1.0000025098455e+18,63875743300739,0.014,1.437,-0.001,0.031,-0.25,0.032,0.967,NaN,-0.075,-0.234,0.969,0,0,0,63.85,NaN,-0.075,-0.234,0.969,-0.032,0,0,0.604,3.811,6.314,0.878,NaN,-0.075,-0.234,0.969,0.032,0,0,0.621,3.945,6.354,0.789,2,1
450867,1.00000250985052e+18,63875743300739,0.014,1.437,-0.001,0.031,-0.25,0.032,0.967,NaN,-0.075,-0.234,0.969,0,0,0,63.85,NaN,-0.075,-0.234,0.969,-0.032,0,0,0.604,3.811,6.314,0.879,NaN,-0.075,-0.234,0.969,0.032,0,0,0.621,3.946,6.354,0.789,2,1
450868,1.00000250985553e+18,63875743300750,0.014,1.437,-0.001,0.031,-0.25,0.032,0.967,NaN,-0.075,-0.234,0.969,0,0,0,63.85,NaN,-0.075,-0.234,0.969,-0.032,0,0,0.604,3.811,6.314,0.879,NaN,-0.075,-0.234,0.969,0.032,0,0,0.621,3.946,6.354,0.789,2,1
450869,1.00000250986055e+18,63875743300751,0.014,1.437,-0.001,0.031,-0.25,0.032,0.967,NaN,-0.075,-0.234,0.969,0,0,0,63.85,NaN,-0.075,-0.234,0.969,-0.032,0,0,0.603,3.81,6.314,0.879,NaN,-0.075,-0.234,0.969,0.032,0,0,0.621,3.946,6.354,0.79,2,1
450870,1.00000250986557e+18,63875743300761,0.014,1.437,-0.001,0.031,-0.25,0.032,0.967,NaN,-0.075,-0.234,0.969,0,0,0,63.85,NaN,-0.075,-0.234,0.969,-0.032,0,0,0.603,3.81,6.314,0.88,NaN,-0.075,-0.234,0.969,0.032,0,0,0.622,3.949,6.354,0.79,2,1
450871,1.00000250987059e+18,63875743300761,0.014,1.437,-0.001,0.031,-0.25,0.032,0.967,NaN,-0.075,-0.234,0.969,0,0,0,63.85,NaN,-0.075,-0.234,0.969,-0.032,0,0,0.603,3.809,6.314,0.88,NaN,-0.075,-0.234,0.969,0.032,0,0,0.622,3.951,6.354,0.79,2,1
450872,1.00000250987555e+18,63875743300761,0.014,1.437,-0.001,0.031,-0.25,0.032,0.967,NaN,-0.075,-0.234,0.969,0,0,0,63.85,NaN,-0.075,-0.234,0.969,-0.032,0,0,0.603,3.808,6.314,0.88,NaN,-0.075,-0.234,0.969,0.032,0,0,0.622,3.952,6.354,0.791,2,1
450873,1.00000250988057e+18,63875743300771,0.014,1.437,-0.001,0.031,-0.25,0.032,0.967,NaN,-0.075,-0.234,0.969,0,0,0,63.85,NaN,-0.075,-0.234,0.969,-0.032,0,0,0.603,3.808,6.314,0.88,NaN,-0.075,-0.234,0.969,0.032,0,0,0.622,3.954,6.354,0.791,2,1
450874,1.00000250988559e+18,63875743300772,0.014,1.437,-0.001,0.031,-0.25,0.032,0.967,NaN,-0.075,-0.234,0.969,0,0,0,63.85,NaN,-0.075,-0.234,0.969,-0.032,0,0,0.603,3.808,6.314,0.881,NaN,-0.075,-0.234,0.969,0.032,0,0,0.622,3.955,6.354,0.791,2,1
450875,1.00000250989059e+18,63875743300783,0.014,1.438,-0.001,0.031,-0.251,0.032,0.967,NaN,-0.075,-0.234,0.969,0,0,0,63.85,NaN,-0.075,-0.234,0.969,-0.032,0,0,0.603,3.809,6.314,0.881,NaN,-0.075,-0.234,0.969,0.032,0,0,0.623,3.956,6.354,0.792,2,1
450876,1.0000025098956e+18,63875743300783,0.014,1.438,-0.001,0.031,-0.251,0.032,0.967,NaN,-0.074,-0.234,0.969,0,0,0,63.85,NaN,-0.074,-0.234,0.969,-0.032,0,0,0.603,3.806,6.314,0.881,NaN,-0.074,-0.234,0.969,0.032,0,0,0.623,3.957,6.354,0.792,2,1
450877,1.00000250990061e+18,63875743300794,0.014,1.438,-0.001,0.031,-0.251,0.032,0.967,NaN,-0.074,-0.234,0.969,0,0,0,63.85,NaN,-0.074,-0.234,0.969,-0.032,0,0,0.603,3.805,6.314,0.882,NaN,-0.074,-0.234,0.969,0.032,0,0,0.623,3.958,6.354,0.792,2,1
450878,1.00000250990563e+18,63875743300794,0.014,1.438,-0.001,0.031,-0.251,0.032,0.967,NaN,-0.074,-0.234,0.969,0,0,0,63.85,NaN,-0.074,-0.234,0.969,-0.032,0,0,0.603,3.804,6.314,0.882,NaN,-0.074,-0.234,0.969,0.032,0,0,0.623,3.959,6.354,0.793,2,1
450879,1.00000250991065e+18,63875743300802,0.014,1.438,-0.001,0.031,-0.251,0.032,0.967,NaN,-0.074,-0.234,0.969,0,0,0,63.85,NaN,-0.074,-0.234,0.969,-0.032,0,0,0.603,3.807,6.314,0.882,NaN,-0.074,-0.234,0.969,0.032,0,0,0.623,3.96,6.354,0.793,2,1
450880,1.00000250991567e+18,63875743300814,0.014,1.438,-0.001,0.031,-0.251,0.032,0.967,NaN,-0.074,-0.234,0.969,0,0,0,63.85,NaN,-0.074,-0.234,0.969,-0.032,0,0,0.604,3.811,6.314,0.882,NaN,-0.074,-0.234,0.969,0.032,0,0,0.623,3.961,6.354,0.793,2,1
450881,1.00000250992069e+18,63875743300814,0.014,1.438,-0.001,0.031,-0.251,0.032,0.967,NaN,-0.074,-0.234,0.969,0,0,0,63.85,NaN,-0.074,-0.234,0.969,-0.032,0,0,0.604,3.812,6.314,0.882,NaN,-0.074,-0.234,0.969,0.032,0,0,0.624,3.962,6.354,0.793,2,1
450882,1.00000250992571e+18,63875743300814,0.014,1.438,-0.001,0.031,-0.251,0.032,0.967,NaN,-0.074,-0.234,0.969,0,0,0,63.85,NaN,-0.074,-0.234,0.969,-0.032,0,0,0.604,3.812,6.314,0.882,NaN,-0.074,-0.234,0.969,0.032,0,0,0.624,3.962,6.354,0.793,2,1
450883,1.00000250993075e+18,63875743300825,0.014,1.438,-0.001,0.031,-0.251,0.032,0.967,NaN,-0.074,-0.234,0.969,0,0,0,63.85,NaN,-0.074,-0.234,0.969,-0.032,0,0,0.604,3.812,6.314,0.882,NaN,-0.074,-0.234,0.969,0.032,0,0,0.624,3.963,6.354,0.793,2,1
450884,1.00000250993576e+18,63875743300825,0.014,1.438,-0.001,0.031,-0.251,0.032,0.967,NaN,-0.074,-0.234,0.969,0,0,0,63.85,NaN,-0.074,-0.234,0.969,-0.032,0,0,0.604,3.812,6.314,0.882,NaN,-0.074,-0.234,0.969,0.032,0,0,0.624,3.963,6.354,0.793,2,1
450885,1.00000250994077e+18,63875743300825,0.014,1.438,-0.001,0.031,-0.251,0.032,0.967,NaN,-0.074,-0.234,0.969,0,0,0,63.85,NaN,-0.074,-0.234,0.969,-0.032,0,0,0.604,3.811,6.314,0.882,NaN,-0.074,-0.234,0.969,0.032,0,0,0.624,3.964,6.354,0.793,2,1
450886,1.00000250994574e+18,63875743300835,0.014,1.438,-0.001,0.031,-0.251,0.032,0.967,NaN,-0.074,-0.234,0.969,0,0,0,63.85,NaN,-0.074,-0.234,0.969,-0.032,0,0,0.603,3.81,6.314,0.882,NaN,-0.074,-0.234,0.969,0.032,0,0,0.624,3.965,6.354,0.793,2,1
450887,1.00000250995076e+18,63875743300835,0.014,1.438,-0.001,0.031,-0.251,0.032,0.967,NaN,-0.074,-0.234,0.969,0,0,0,63.85,NaN,-0.074,-0.234,0.969,-0.032,0,0,0.603,3.809,6.314,0.882,NaN,-0.074,-0.234,0.969,0.032,0,0,0.624,3.966,6.354,0.793,2,1
450888,1.00000250995578e+18,63875743300847,0.014,1.438,-0.001,0.031,-0.251,0.032,0.967,NaN,-0.074,-0.234,0.969,0,0,0,63.85,NaN,-0.074,-0.234,0.969,-0.032,0,0,0.603,3.807,6.314,0.882,NaN,-0.074,-0.234,0.969,0.032,0,0,0.624,3.967,6.354,0.793,2,1
450889,1.00000250996074e+18,63875743300847,0.014,1.438,-0.001,0.031,-0.251,0.032,0.967,NaN,-0.074,-0.234,0.969,0,0,0,63.85,NaN,-0.074,-0.234,0.969,-0.032,0,0,0.603,3.806,6.314,0.882,NaN,-0.074,-0.234,0.969,0.032,0,0,0.625,3.968,6.354,0.793,2,1
450890,1.00000250996578e+18,63875743300858,0.014,1.438,-0.001,0.031,-0.251,0.032,0.967,NaN,-0.074,-0.234,0.969,0,0,0,63.85,NaN,-0.074,-0.234,0.969,-0.032,0,0,0.603,3.806,6.314,0.882,NaN,-0.074,-0.234,0.969,0.032,0,0,0.625,3.968,6.354,0.793,2,1
450891,1.00000250997081e+18,63875743300858,0.014,1.438,-0.001,0.031,-0.251,0.032,0.967,NaN,-0.074,-0.234,0.969,0,0,0,63.85,NaN,-0.074,-0.234,0.969,-0.032,0,0,0.603,3.806,6.314,0.882,NaN,-0.074,-0.234,0.969,0.032,0,0,0.624,3.968,6.354,0.793,2,1
450892,1.00000250997583e+18,63875743300870,0.014,1.438,-0.001,0.031,-0.251,0.032,0.967,NaN,-0.074,-0.234,0.969,0,0,0,63.85,NaN,-0.074,-0.234,0.969,-0.032,0,0,0.603,3.806,6.314,0.881,NaN,-0.074,-0.234,0.969,0.032,0,0,0.624,3.968,6.354,0.793,2,1
450893,1.00000250998085e+18,63875743300870,0.014,1.438,-0.001,0.031,-0.251,0.032,0.967,NaN,-0.074,-0.235,0.969,0,0,0,63.85,NaN,-0.074,-0.235,0.969,-0.032,0,0,0.603,3.807,6.314,0.881,NaN,-0.074,-0.235,0.969,0.032,0,0,0.624,3.968,6.354,0.793,2,1
450894,1.00000250998587e+18,63875743300880,0.014,1.438,-0.001,0.031,-0.251,0.032,0.967,NaN,-0.074,-0.235,0.969,0,0,0,63.85,NaN,-0.074,-0.235,0.969,-0.032,0,0,0.602,3.803,6.314,0.881,NaN,-0.074,-0.235,0.969,0.032,0,0,0.624,3.968,6.354,0.792,2,1
450895,1.00000250999088e+18,63875743300880,0.014,1.438,-0.001,0.031,-0.251,0.032,0.967,NaN,-0.073,-0.235,0.969,0,0,0,63.85,NaN,-0.073,-0.235,0.969,-0.032,0,0,0.602,3.8,6.314,0.88,NaN,-0.073,-0.235,0.969,0.032,0,0,0.625,3.968,6.354,0.792,2,1
450896,1.0000025099959e+18,63875743300880,0.014,1.438,-0.001,0.031,-0.251,0.032,0.967,NaN,-0.073,-0.235,0.969,0,0,0,63.85,NaN,-0.073,-0.235,0.969,-0.032,0,0,0.6,3.791,6.314,0.88,NaN,-0.073,-0.235,0.969,0.032,0,0,0.625,3.968,6.354,0.792,2,1
450897,1.00000251000089e+18,63875743300892,0.015,1.438,-0.002,0.031,-0.252,0.032,0.967,NaN,-0.073,-0.235,0.969,0,0,0,63.85,NaN,-0.073,-0.235,0.969,-0.032,0,0,0.599,3.784,6.314,0.879,NaN,-0.073,-0.235,0.969,0.032,0,0,0.625,3.969,6.354,0.792,2,1
450898,1.00000251000586e+18,63875743300892,0.015,1.438,-0.002,0.031,-0.252,0.032,0.967,NaN,-0.073,-0.236,0.969,0,0,0,63.85,NaN,-0.073,-0.236,0.969,-0.032,0,0,0.598,3.778,6.314,0.878,NaN,-0.073,-0.236,0.969,0.032,0,0,0.625,3.97,6.354,0.791,2,1
450899,1.00000251001088e+18,63875743300903,0.015,1.439,-0.002,0.031,-0.252,0.032,0.967,NaN,-0.073,-0.236,0.969,0,0,0,63.85,NaN,-0.073,-0.236,0.969,-0.032,0,0,0.598,3.775,6.314,0.878,NaN,-0.073,-0.236,0.969,0.032,0,0,0.625,3.97,6.354,0.791,2,1
450900,1.00000251001591e+18,63875743300915,0.015,1.439,-0.002,0.031,-0.252,0.032,0.967,NaN,-0.073,-0.236,0.969,0,0,0,63.85,NaN,-0.073,-0.236,0.969,-0.032,0,0,0.597,3.77,6.314,0.877,NaN,-0.073,-0.236,0.969,0.032,0,0,0.625,3.971,6.354,0.791,2,1
450901,1.00000251002094e+18,63875743300915,0.015,1.439,-0.002,0.031,-0.252,0.032,0.967,NaN,-0.072,-0.237,0.969,0,0,0,63.85,NaN,-0.072,-0.237,0.969,-0.032,0,0,0.596,3.763,6.314,0.876,NaN,-0.072,-0.237,0.969,0.032,0,0,0.625,3.971,6.354,0.79,2,1
450902,1.00000251002596e+18,63875743300915,0.015,1.439,-0.002,0.031,-0.252,0.032,0.967,NaN,-0.072,-0.237,0.969,0,0,0,63.85,NaN,-0.072,-0.237,0.969,-0.032,0,0,0.595,3.756,6.314,0.875,NaN,-0.072,-0.237,0.969,0.032,0,0,0.625,3.972,6.354,0.79,2,1
450903,1.00000251003098e+18,63875743300927,0.015,1.439,-0.002,0.031,-0.252,0.032,0.967,NaN,-0.072,-0.238,0.969,0,0,0,63.85,NaN,-0.072,-0.238,0.969,-0.032,0,0,0.594,3.753,6.314,0.874,NaN,-0.072,-0.238,0.969,0.032,0,0,0.625,3.972,6.354,0.789,2,1
450904,1.000002510036e+18,63875743300927,0.015,1.439,-0.002,0.031,-0.252,0.032,0.967,NaN,-0.071,-0.238,0.969,0,0,0,63.85,NaN,-0.071,-0.238,0.969,-0.032,0,0,0.594,3.751,6.314,0.873,NaN,-0.071,-0.238,0.969,0.032,0,0,0.625,3.972,6.354,0.789,2,1
450905,1.00000251004103e+18,63875743300927,0.015,1.439,-0.002,0.031,-0.252,0.032,0.967,NaN,-0.071,-0.239,0.968,0,0,0,63.85,NaN,-0.071,-0.239,0.968,-0.032,0,0,0.593,3.746,6.314,0.871,NaN,-0.071,-0.239,0.968,0.032,0,0,0.625,3.973,6.354,0.788,2,1
450906,1.00000251004605e+18,63875743300937,0.015,1.439,-0.002,0.031,-0.252,0.032,0.967,NaN,-0.071,-0.239,0.968,0,0,0,63.85,NaN,-0.071,-0.239,0.968,-0.032,0,0,0.592,3.74,6.314,0.87,NaN,-0.071,-0.239,0.968,0.032,0,0,0.625,3.974,6.354,0.787,2,1
450907,1.000002510051e+18,63875743300937,0.015,1.439,-0.002,0.031,-0.252,0.032,0.967,NaN,-0.071,-0.24,0.968,0,0,0,63.85,NaN,-0.071,-0.24,0.968,-0.032,0,0,0.589,3.721,6.314,0.868,NaN,-0.071,-0.24,0.968,0.032,0,0,0.626,3.975,6.354,0.787,2,1
450908,1.00000251005602e+18,63875743300948,0.015,1.439,-0.002,0.031,-0.252,0.032,0.967,NaN,-0.071,-0.241,0.968,0,0,0,63.85,NaN,-0.071,-0.241,0.968,-0.032,0,0,0.589,3.718,6.314,0.866,NaN,-0.071,-0.241,0.968,0.032,0,0,0.626,3.976,6.354,0.785,2,0.9707139
450909,1.00000251006102e+18,63875743300959,0.015,1.439,-0.002,0.031,-0.252,0.032,0.967,NaN,-0.071,-0.242,0.968,0,0,0,63.85,NaN,-0.071,-0.242,0.968,-0.032,0,0,0.589,3.719,6.314,0.864,NaN,-0.071,-0.242,0.968,0.032,0,0,0.626,3.976,6.354,0.784,2,0.9696628
450910,1.00000251006603e+18,63875743300959,0.015,1.439,-0.002,0.031,-0.252,0.032,0.967,NaN,-0.071,-0.243,0.967,0,0,0,63.85,NaN,-0.071,-0.243,0.967,-0.032,0,0,0.589,3.72,6.314,0.862,NaN,-0.071,-0.243,0.967,0.032,0,0,0.626,3.977,6.354,0.783,2,0.9679929
450911,1.00000251007106e+18,63875743300970,0.015,1.439,-0.002,0.031,-0.252,0.032,0.967,NaN,-0.071,-0.244,0.967,0,0,0,63.85,NaN,-0.071,-0.244,0.967,-0.032,0,0,0.59,3.724,6.314,0.86,NaN,-0.071,-0.244,0.967,0.032,0,0,0.626,3.977,6.354,0.782,2,0.9718509
450912,1.00000251007608e+18,63875743300970,0.015,1.439,-0.002,0.031,-0.252,0.032,0.967,NaN,-0.071,-0.244,0.967,0,0,0,63.85,NaN,-0.071,-0.244,0.967,-0.032,0,0,0.591,3.733,6.314,0.858,NaN,-0.071,-0.244,0.967,0.032,0,0,0.626,3.979,6.354,0.781,2,0.9582872
450913,1.00000251008107e+18,63875743300981,0.015,1.439,-0.002,0.03,-0.252,0.032,0.967,NaN,-0.071,-0.245,0.967,0,0,0,63.85,NaN,-0.071,-0.245,0.967,-0.032,0,0,0.592,3.741,6.314,0.856,NaN,-0.071,-0.245,0.967,0.032,0,0,0.627,3.981,6.354,0.78,2,0.973755
450914,1.00000251008609e+18,63875743300981,0.015,1.439,-0.002,0.03,-0.252,0.032,0.967,NaN,-0.071,-0.245,0.967,0,0,0,63.85,NaN,-0.071,-0.245,0.967,-0.032,0,0,0.596,3.766,6.314,0.853,NaN,-0.071,-0.245,0.967,0.032,0,0,0.627,3.983,6.354,0.778,2,0.9236996
450915,1.0000025100911e+18,63875743300992,0.015,1.439,-0.002,0.03,-0.252,0.032,0.967,NaN,-0.071,-0.245,0.967,0,0,0,63.85,NaN,-0.071,-0.245,0.967,-0.032,0,0,0.599,3.78,6.314,0.85,NaN,-0.071,-0.245,0.967,0.032,0,0,0.627,3.984,6.354,0.776,2,0.9414579
450916,1.00000251009613e+18,63875743300992,0.015,1.439,-0.002,0.03,-0.252,0.032,0.967,NaN,-0.071,-0.245,0.967,0,0,0,63.85,NaN,-0.071,-0.245,0.967,-0.032,0,0,0.599,3.784,6.314,0.847,NaN,-0.071,-0.245,0.967,0.032,0,0,0.627,3.985,6.354,0.775,2,0.9392183
450917,1.00000251010114e+18,63875743300992,0.015,1.439,-0.002,0.03,-0.252,0.032,0.967,NaN,-0.071,-0.245,0.967,0,0,0,63.85,NaN,-0.071,-0.245,0.967,-0.032,0,0,0.6,3.785,6.314,0.844,NaN,-0.071,-0.245,0.967,0.032,0,0,0.627,3.985,6.354,0.773,2,0.9413099
450918,1.00000251010613e+18,63875743301003,0.015,1.439,-0.002,0.03,-0.252,0.032,0.967,NaN,-0.071,-0.245,0.967,0,0,0,63.85,NaN,-0.071,-0.245,0.967,-0.032,0,0,0.599,3.784,6.314,0.841,NaN,-0.071,-0.245,0.967,0.032,0,0,0.627,3.986,6.354,0.771,2,0.9364874
450919,1.00000251011115e+18,63875743301003,0.015,1.439,-0.002,0.03,-0.252,0.032,0.967,NaN,-0.071,-0.245,0.967,0,0,0,63.85,NaN,-0.071,-0.245,0.967,-0.032,0,0,0.597,3.768,6.314,0.838,NaN,-0.071,-0.245,0.967,0.032,0,0,0.627,3.987,6.354,0.77,2,0.8477746
450920,1.00000251011617e+18,63875743301014,0.015,1.44,-0.002,0.03,-0.252,0.032,0.967,NaN,-0.072,-0.245,0.967,0,0,0,63.85,NaN,-0.072,-0.245,0.967,-0.032,0,0,0.593,3.745,6.314,0.835,NaN,-0.072,-0.245,0.967,0.032,0,0,0.628,3.99,6.354,0.768,2,0.709085
450921,1.00000251012118e+18,63875743301014,0.015,1.44,-0.002,0.03,-0.252,0.032,0.967,NaN,-0.074,-0.245,0.967,0,0,0,63.85,NaN,-0.073,-0.245,0.967,-0.032,0,0,0.596,3.765,6.314,0.834,NaN,-0.074,-0.245,0.967,0.032,0,0,0.628,3.99,6.354,0.766,2,0.6405967
450922,1.0000025101262e+18,63875743301014,0.015,1.44,-0.002,0.03,-0.252,0.032,0.967,NaN,-0.075,-0.245,0.967,0,0,0,63.85,NaN,-0.074,-0.245,0.967,-0.032,0,0,0.612,3.866,6.314,0.834,NaN,-0.075,-0.245,0.967,0.032,0,0,0.626,3.976,6.354,0.764,2,0.5169777
450923,1.00000251013124e+18,63875743301025,0.015,1.44,-0.002,0.03,-0.253,0.032,0.967,NaN,-0.074,-0.247,0.966,0,0,0,63.85,NaN,-0.074,-0.247,0.966,-0.032,0,0,0.63,3.976,6.314,0.834,NaN,-0.074,-0.247,0.966,0.032,0,0,0.625,3.97,6.354,0.763,2,0.1071873
450924,1.00000251013625e+18,63875743301025,0.015,1.44,-0.002,0.03,-0.253,0.032,0.967,NaN,-0.073,-0.251,0.965,0,0,0,63.85,NaN,-0.073,-0.251,0.965,-0.032,0,0,0.647,4.084,6.314,0.833,NaN,-0.074,-0.251,0.965,0.032,0,0,0.624,3.962,6.354,0.762,2,0
450925,1.00000251014127e+18,63875743301036,0.016,1.44,-0.002,0.03,-0.253,0.032,0.967,NaN,-0.069,-0.265,0.962,0,0,0,63.85,NaN,-0.068,-0.265,0.962,-0.032,0,0,0.617,3.895,6.314,0.833,NaN,-0.069,-0.265,0.962,0.032,0,0,0.623,3.958,6.354,0.762,2,0
450926,1.00000251014628e+18,63875743301036,0.016,1.44,-0.002,0.03,-0.253,0.032,0.967,NaN,-0.063,-0.283,0.957,0,0,0,63.85,NaN,-0.063,-0.283,0.957,-0.032,0,0,0.61,3.852,6.314,0.833,NaN,-0.063,-0.283,0.957,0.032,0,0,0.621,3.947,6.354,0.762,2,0
450927,1.00000251015126e+18,63875743301036,0.016,1.44,-0.002,0.03,-0.253,0.032,0.967,NaN,-0.053,-0.305,0.951,0,0,0,63.85,NaN,-0.053,-0.305,0.951,-0.032,0,0,0.607,3.829,6.314,0.833,NaN,-0.054,-0.305,0.951,0.032,0,0,0.611,3.881,6.354,0.762,2,0
450928,1.00000251015623e+18,63875743301047,0.016,1.44,-0.002,0.03,-0.253,0.032,0.967,NaN,-0.041,-0.327,0.944,0,0,0,63.85,NaN,-0.04,-0.327,0.944,-0.032,0,0,0.602,3.798,6.314,0.832,NaN,-0.041,-0.327,0.944,0.032,0,0,0.606,3.852,6.354,0.762,2,0
450929,1.00000251016124e+18,63875743301047,0.016,1.44,-0.002,0.03,-0.253,0.032,0.967,NaN,-0.027,-0.348,0.937,0,0,0,63.85,NaN,-0.026,-0.348,0.937,-0.032,0,0,0.599,3.78,6.314,0.831,NaN,-0.028,-0.348,0.937,0.032,0,0,0.604,3.835,6.354,0.763,2,0
450930,1.00000251016627e+18,63875743301059,0.016,1.44,-0.002,0.029,-0.253,0.032,0.967,NaN,-0.015,-0.364,0.931,0,0,0,63.85,NaN,-0.013,-0.364,0.931,-0.032,0,0,0.599,3.781,6.314,0.83,NaN,-0.016,-0.364,0.931,0.032,0,0,0.603,3.831,6.354,0.763,2,0
450931,1.00000251017129e+18,63875743301059,0.016,1.44,-0.002,0.029,-0.253,0.032,0.967,NaN,-0.003,-0.376,0.927,0,0,0,63.85,NaN,-0.001,-0.376,0.927,-0.032,0,0,0.599,3.781,6.314,0.828,NaN,-0.005,-0.376,0.927,0.032,0,0,0.603,3.83,6.354,0.763,2,0
450932,1.00000251017631e+18,63875743301070,0.016,1.44,-0.002,0.029,-0.253,0.032,0.966,NaN,0.005,-0.384,0.923,0,0,0,63.85,NaN,0.008,-0.384,0.923,-0.032,0,0,0.599,3.781,6.314,0.828,NaN,0.002,-0.384,0.923,0.032,0,0,0.602,3.824,6.354,0.763,2,0
450933,1.00000251018132e+18,63875743301070,0.016,1.44,-0.002,0.029,-0.253,0.032,0.966,NaN,0.008,-0.386,0.922,0,0,0,63.85,NaN,0.01,-0.386,0.922,-0.032,0,0,0.599,3.781,6.314,0.827,NaN,0.006,-0.386,0.922,0.032,0,0,0.601,3.819,6.354,0.762,2,0
450934,1.00000251018638e+18,63875743301081,0.016,1.44,-0.002,0.029,-0.253,0.032,0.966,NaN,0.01,-0.389,0.921,0,0,0,63.85,NaN,0.011,-0.389,0.921,-0.032,0,0,0.599,3.779,6.314,0.827,NaN,0.008,-0.389,0.921,0.032,0,0,0.601,3.816,6.354,0.762,2,0
450935,1.0000025101914e+18,63875743301081,0.016,1.44,-0.002,0.029,-0.253,0.032,0.966,NaN,0.012,-0.39,0.921,0,0,0,63.85,NaN,0.013,-0.39,0.921,-0.032,0,0,0.599,3.782,6.314,0.826,NaN,0.011,-0.39,0.921,0.032,0,0,0.6,3.814,6.354,0.762,2,0
450936,1.00000251019641e+18,63875743301081,0.016,1.44,-0.002,0.029,-0.253,0.032,0.966,NaN,0.013,-0.391,0.92,0,0,0,63.85,NaN,0.014,-0.391,0.92,-0.032,0,0,0.6,3.791,6.314,0.826,NaN,0.012,-0.391,0.92,0.032,0,0,0.6,3.813,6.354,0.762,2,0
450937,1.00000251020143e+18,63875743301092,0.016,1.44,-0.002,0.029,-0.253,0.032,0.966,NaN,0.014,-0.391,0.92,0,0,0,63.85,NaN,0.015,-0.391,0.92,-0.032,0,0,0.601,3.793,6.314,0.826,NaN,0.013,-0.391,0.92,0.032,0,0,0.6,3.812,6.354,0.762,2,0
450938,1.00000251020639e+18,63875743301092,0.016,1.44,-0.002,0.029,-0.253,0.032,0.966,NaN,0.015,-0.392,0.92,0,0,0,63.85,NaN,0.015,-0.392,0.92,-0.032,0,0,0.601,3.793,6.314,0.826,NaN,0.014,-0.392,0.92,0.032,0,0,0.6,3.811,6.354,0.761,2,0
450939,1.00000251021136e+18,63875743301103,0.016,1.44,-0.002,0.029,-0.253,0.032,0.966,NaN,0.015,-0.393,0.919,0,0,0,63.85,NaN,0.015,-0.393,0.919,-0.032,0,0,0.598,3.777,6.314,0.825,NaN,0.015,-0.393,0.919,0.032,0,0,0.6,3.81,6.354,0.762,2,0
450940,1.00000251021638e+18,63875743301103,0.016,1.44,-0.002,0.029,-0.253,0.032,0.966,NaN,0.015,-0.394,0.919,0,0,0,63.85,NaN,0.016,-0.394,0.919,-0.032,0,0,0.597,3.77,6.314,0.825,NaN,0.015,-0.394,0.919,0.032,0,0,0.599,3.808,6.354,0.762,2,0
450941,1.0000025102214e+18,63875743301114,0.017,1.44,-0.003,0.028,-0.254,0.032,0.966,NaN,0.016,-0.394,0.919,0,0,0,63.85,NaN,0.016,-0.394,0.919,-0.032,0,0,0.596,3.766,6.314,0.825,NaN,0.015,-0.394,0.919,0.032,0,0,0.599,3.807,6.354,0.762,2,0
450942,1.0000025102264e+18,63875743301114,0.017,1.44,-0.003,0.028,-0.254,0.032,0.966,NaN,0.016,-0.395,0.919,0,0,0,63.85,NaN,0.016,-0.395,0.919,-0.032,0,0,0.596,3.764,6.314,0.825,NaN,0.016,-0.395,0.919,0.032,0,0,0.599,3.806,6.354,0.762,2,0
450943,1.00000251023142e+18,63875743301126,0.017,1.44,-0.003,0.028,-0.254,0.032,0.966,NaN,0.016,-0.397,0.918,0,0,0,63.85,NaN,0.016,-0.397,0.918,-0.032,0,0,0.596,3.761,6.314,0.825,NaN,0.016,-0.397,0.918,0.032,0,0,0.599,3.804,6.354,0.762,2,0
450944,1.00000251023644e+18,63875743301137,0.017,1.44,-0.003,0.028,-0.254,0.032,0.966,NaN,0.016,-0.394,0.919,0,0,0,63.85,NaN,0.016,-0.394,0.919,-0.032,0,0,0.595,3.758,6.314,0.825,NaN,0.016,-0.394,0.919,0.032,0,0,0.599,3.803,6.354,0.762,2,0
450945,1.00000251024147e+18,63875743301137,0.017,1.44,-0.003,0.028,-0.254,0.032,0.966,NaN,0.016,-0.393,0.92,0,0,0,63.85,NaN,0.016,-0.393,0.92,-0.032,0,0,0.595,3.758,6.314,0.825,NaN,0.016,-0.393,0.92,0.032,0,0,0.599,3.803,6.354,0.763,2,0
450946,1.00000251024649e+18,63875743301137,0.017,1.44,-0.003,0.028,-0.254,0.032,0.966,NaN,0.016,-0.391,0.92,0,0,0,63.85,NaN,0.016,-0.391,0.92,-0.032,0,0,0.595,3.756,6.314,0.825,NaN,0.016,-0.391,0.92,0.032,0,0,0.599,3.803,6.354,0.763,2,0
450947,1.00000251025149e+18,63875743301137,0.017,1.44,-0.003,0.028,-0.254,0.032,0.966,NaN,0.016,-0.39,0.921,0,0,0,63.85,NaN,0.016,-0.39,0.921,-0.032,0,0,0.595,3.755,6.314,0.825,NaN,0.016,-0.39,0.921,0.032,0,0,0.599,3.803,6.354,0.763,2,0
450948,1.0000025102565e+18,63875743301148,0.017,1.44,-0.003,0.028,-0.254,0.032,0.966,NaN,0.016,-0.389,0.921,0,0,0,63.85,NaN,0.016,-0.389,0.921,-0.032,0,0,0.595,3.754,6.314,0.825,NaN,0.016,-0.389,0.921,0.032,0,0,0.599,3.804,6.354,0.764,2,0.06782258
450949,1.00000251026153e+18,63875743301148,0.017,1.44,-0.003,0.028,-0.254,0.032,0.966,NaN,0.016,-0.389,0.921,0,0,0,63.85,NaN,0.016,-0.389,0.921,-0.032,0,0,0.594,3.752,6.314,0.826,NaN,0.016,-0.389,0.921,0.032,0,0,0.599,3.804,6.354,0.764,2,0.1646263
450950,1.00000251026654e+18,63875743301160,0.017,1.44,-0.003,0.028,-0.254,0.032,0.966,NaN,0.016,-0.388,0.921,0,0,0,63.85,NaN,0.016,-0.388,0.921,-0.032,0,0,0.594,3.751,6.314,0.826,NaN,0.016,-0.388,0.921,0.032,0,0,0.599,3.804,6.354,0.765,2,0.2700173
450951,1.00000251027152e+18,63875743301160,0.017,1.44,-0.003,0.028,-0.254,0.032,0.966,NaN,0.016,-0.388,0.922,0,0,0,63.85,NaN,0.016,-0.388,0.922,-0.032,0,0,0.595,3.758,6.314,0.826,NaN,0.016,-0.388,0.922,0.032,0,0,0.599,3.804,6.354,0.766,2,0.2898879
450952,1.00000251027654e+18,63875743301170,0.017,1.44,-0.003,0.028,-0.254,0.032,0.966,NaN,0.016,-0.387,0.922,0,0,0,63.85,NaN,0.016,-0.387,0.922,-0.032,0,0,0.596,3.761,6.314,0.826,NaN,0.016,-0.387,0.922,0.032,0,0,0.599,3.804,6.354,0.766,2,0.4936726
450953,1.00000251028177e+18,63875743301170,0.017,1.44,-0.003,0.028,-0.254,0.032,0.966,NaN,0.016,-0.387,0.922,0,0,0,63.85,NaN,0.016,-0.387,0.922,-0.032,0,0,0.596,3.762,6.314,0.826,NaN,0.016,-0.387,0.922,0.032,0,0,0.599,3.805,6.354,0.767,2,0.538177
450954,1.00000251028679e+18,63875743301181,0.017,1.44,-0.003,0.028,-0.254,0.032,0.966,NaN,0.016,-0.387,0.922,0,0,0,63.85,NaN,0.016,-0.387,0.922,-0.032,0,0,0.596,3.761,6.314,0.826,NaN,0.016,-0.387,0.922,0.032,0,0,0.599,3.806,6.354,0.767,2,0.5515774
450955,1.00000251029174e+18,63875743301181,0.017,1.44,-0.003,0.028,-0.254,0.032,0.966,NaN,0.016,-0.388,0.922,0,0,0,63.85,NaN,0.016,-0.388,0.922,-0.032,0,0,0.596,3.761,6.314,0.827,NaN,0.016,-0.388,0.922,0.032,0,0,0.599,3.806,6.354,0.768,2,0.3703987
450956,1.00000251029675e+18,63875743301181,0.017,1.44,-0.003,0.028,-0.254,0.032,0.966,NaN,0.016,-0.388,0.922,0,0,0,63.85,NaN,0.016,-0.388,0.922,-0.032,0,0,0.596,3.761,6.314,0.827,NaN,0.016,-0.388,0.922,0.032,0,0,0.599,3.806,6.354,0.768,2,0.2101428
450957,1.00000251030173e+18,63875743301193,0.017,1.44,-0.003,0.028,-0.254,0.032,0.966,NaN,0.016,-0.388,0.922,0,0,0,63.85,NaN,0.016,-0.388,0.922,-0.032,0,0,0.6,3.787,6.314,0.827,NaN,0.016,-0.388,0.922,0.032,0,0,0.599,3.806,6.354,0.768,2,0.09415484
450958,1.00000251030661e+18,63875743301193,0.017,1.44,-0.003,0.028,-0.254,0.032,0.966,NaN,0.016,-0.389,0.921,0,0,0,63.85,NaN,0.016,-0.389,0.921,-0.032,0,0,0.6,3.788,6.314,0.827,NaN,0.016,-0.389,0.921,0.032,0,0,0.599,3.806,6.354,0.768,2,0.128258
450959,1.00000251031166e+18,63875743301204,0.017,1.44,-0.003,0.028,-0.254,0.032,0.966,NaN,0.016,-0.389,0.921,0,0,0,63.85,NaN,0.016,-0.389,0.921,-0.032,0,0,0.6,3.786,6.314,0.828,NaN,0.016,-0.389,0.921,0.032,0,0,0.599,3.805,6.354,0.769,2,0.1269912
450960,1.0000025103167e+18,63875743301204,0.017,1.44,-0.003,0.028,-0.254,0.032,0.966,NaN,0.016,-0.389,0.921,0,0,0,63.85,NaN,0.016,-0.389,0.921,-0.032,0,0,0.599,3.783,6.314,0.828,NaN,0.016,-0.389,0.921,0.032,0,0,0.599,3.805,6.354,0.769,2,0
450961,1.00000251032171e+18,63875743301215,0.017,1.44,-0.003,0.028,-0.254,0.032,0.966,NaN,0.016,-0.39,0.921,0,0,0,63.85,NaN,0.016,-0.39,0.921,-0.032,0,0,0.599,3.78,6.314,0.829,NaN,0.016,-0.39,0.921,0.032,0,0,0.599,3.805,6.354,0.769,2,0
450962,1.00000251032674e+18,63875743301215,0.017,1.44,-0.003,0.028,-0.254,0.032,0.966,NaN,0.016,-0.39,0.921,0,0,0,63.85,NaN,0.016,-0.39,0.921,-0.032,0,0,0.599,3.784,6.314,0.829,NaN,0.016,-0.39,0.921,0.032,0,0,0.599,3.804,6.354,0.769,2,0
450963,1.00000251033176e+18,63875743301226,0.017,1.44,-0.003,0.028,-0.254,0.032,0.966,NaN,0.016,-0.391,0.92,0,0,0,63.85,NaN,0.016,-0.391,0.92,-0.032,0,0,0.601,3.792,6.314,0.829,NaN,0.016,-0.391,0.92,0.032,0,0,0.599,3.804,6.354,0.77,2,0.2137261
450964,1.0000025103367e+18,63875743301226,0.017,1.44,-0.003,0.028,-0.254,0.032,0.966,NaN,0.016,-0.391,0.92,0,0,0,63.85,NaN,0.016,-0.391,0.92,-0.032,0,0,0.601,3.796,6.314,0.83,NaN,0.016,-0.391,0.92,0.032,0,0,0.599,3.804,6.354,0.77,2,0.2245394
450965,1.00000251034173e+18,63875743301226,0.017,1.44,-0.003,0.028,-0.254,0.032,0.966,NaN,0.016,-0.391,0.92,0,0,0,63.85,NaN,0.016,-0.391,0.92,-0.032,0,0,0.602,3.799,6.314,0.83,NaN,0.016,-0.391,0.92,0.032,0,0,0.599,3.804,6.354,0.77,2,0.2172657
450966,1.00000251034675e+18,63875743301237,0.017,1.44,-0.003,0.027,-0.254,0.032,0.966,NaN,0.016,-0.392,0.92,0,0,0,63.85,NaN,0.016,-0.392,0.92,-0.032,0,0,0.602,3.799,6.314,0.831,NaN,0.016,-0.392,0.92,0.032,0,0,0.599,3.804,6.354,0.77,2,0.2082912
450967,1.00000251035176e+18,63875743301237,0.017,1.44,-0.003,0.027,-0.254,0.032,0.966,NaN,0.016,-0.392,0.92,0,0,0,63.85,NaN,0.016,-0.392,0.92,-0.032,0,0,0.601,3.797,6.314,0.831,NaN,0.016,-0.392,0.92,0.032,0,0,0.599,3.804,6.354,0.77,2,0.2004269
450968,1.00000251035679e+18,63875743301247,0.017,1.44,-0.003,0.027,-0.254,0.032,0.966,NaN,0.016,-0.392,0.92,0,0,0,63.85,NaN,0.016,-0.392,0.92,-0.032,0,0,0.6,3.792,6.314,0.831,NaN,0.016,-0.392,0.92,0.032,0,0,0.599,3.804,6.354,0.771,2,0.1939252
450969,1.00000251036178e+18,63875743301247,0.017,1.44,-0.003,0.027,-0.254,0.032,0.966,NaN,0.016,-0.393,0.919,0,0,0,63.85,NaN,0.016,-0.393,0.919,-0.032,0,0,0.599,3.784,6.314,0.832,NaN,0.016,-0.393,0.919,0.032,0,0,0.599,3.804,6.354,0.771,2,0.1881762
450970,1.00000251036677e+18,63875743301259,0.017,1.44,-0.003,0.027,-0.254,0.032,0.966,NaN,0.016,-0.393,0.919,0,0,0,63.85,NaN,0.016,-0.393,0.919,-0.032,0,0,0.599,3.781,6.314,0.832,NaN,0.016,-0.393,0.919,0.032,0,0,0.599,3.804,6.354,0.771,2,0.2158582
450971,1.00000251037178e+18,63875743301259,0.017,1.44,-0.003,0.027,-0.254,0.032,0.966,NaN,0.016,-0.394,0.919,0,0,0,63.85,NaN,0.016,-0.394,0.919,-0.032,0,0,0.599,3.78,6.314,0.832,NaN,0.016,-0.394,0.919,0.032,0,0,0.599,3.804,6.354,0.771,2,0.2239137
450972,1.0000025103768e+18,63875743301270,0.018,1.44,-0.003,0.027,-0.254,0.032,0.966,NaN,0.016,-0.394,0.919,0,0,0,63.85,NaN,0.016,-0.394,0.919,-0.032,0,0,0.599,3.779,6.314,0.833,NaN,0.016,-0.394,0.919,0.032,0,0,0.599,3.804,6.354,0.772,2,0.2179868
450973,1.00000251038181e+18,63875743301270,0.018,1.44,-0.003,0.027,-0.254,0.032,0.966,NaN,0.016,-0.394,0.919,0,0,0,63.85,NaN,0.016,-0.394,0.919,-0.032,0,0,0.599,3.779,6.314,0.833,NaN,0.016,-0.394,0.919,0.032,0,0,0.599,3.804,6.354,0.772,2,0.2188497
450974,1.00000251038682e+18,63875743301282,0.017,1.44,-0.003,0.027,-0.254,0.032,0.966,NaN,0.016,-0.394,0.919,0,0,0,63.85,NaN,0.016,-0.394,0.919,-0.032,0,0,0.599,3.779,6.314,0.833,NaN,0.016,-0.394,0.919,0.032,0,0,0.599,3.804,6.354,0.772,2,0.4033757
450975,1.00000251039182e+18,63875743301282,0.017,1.44,-0.003,0.027,-0.254,0.032,0.966,NaN,0.016,-0.395,0.919,0,0,0,63.85,NaN,0.016,-0.395,0.919,-0.032,0,0,0.599,3.779,6.314,0.833,NaN,0.016,-0.395,0.919,0.032,0,0,0.599,3.804,6.354,0.772,2,0.5776188
450976,1.00000251039684e+18,63875743301282,0.017,1.44,-0.003,0.027,-0.254,0.032,0.966,NaN,0.016,-0.395,0.919,0,0,0,63.85,NaN,0.016,-0.395,0.919,-0.032,0,0,0.599,3.779,6.314,0.833,NaN,0.016,-0.395,0.919,0.032,0,0,0.599,3.804,6.354,0.773,2,0.7061797
450977,1.00000251040186e+18,63875743301292,0.018,1.44,-0.003,0.027,-0.254,0.032,0.966,NaN,0.016,-0.395,0.918,0,0,0,63.85,NaN,0.016,-0.395,0.918,-0.032,0,0,0.599,3.779,6.314,0.833,NaN,0.016,-0.395,0.918,0.032,0,0,0.599,3.804,6.354,0.773,2,0.718617
450978,1.00000251040687e+18,63875743301292,0.018,1.44,-0.003,0.027,-0.254,0.032,0.966,NaN,0.016,-0.395,0.918,0,0,0,63.85,NaN,0.016,-0.395,0.918,-0.032,0,0,0.598,3.779,6.314,0.833,NaN,0.016,-0.395,0.918,0.032,0,0,0.599,3.804,6.354,0.773,2,0.720717
450979,1.00000251041189e+18,63875743301304,0.018,1.44,-0.003,0.027,-0.254,0.032,0.966,NaN,0.016,-0.396,0.918,0,0,0,63.85,NaN,0.016,-0.396,0.918,-0.032,0,0,0.598,3.779,6.314,0.833,NaN,0.016,-0.396,0.918,0.032,0,0,0.599,3.804,6.354,0.773,2,0.8817844
450980,1.00000251041689e+18,63875743301304,0.018,1.44,-0.003,0.027,-0.254,0.032,0.966,NaN,0.016,-0.396,0.918,0,0,0,63.85,NaN,0.016,-0.396,0.918,-0.032,0,0,0.598,3.778,6.314,0.834,NaN,0.016,-0.396,0.918,0.032,0,0,0.599,3.804,6.354,0.773,2,1
450981,1.00000251042191e+18,63875743301315,0.018,1.44,-0.003,0.028,-0.254,0.032,0.966,NaN,0.016,-0.396,0.918,0,0,0,63.85,NaN,0.016,-0.396,0.918,-0.032,0,0,0.599,3.782,6.314,0.834,NaN,0.016,-0.396,0.918,0.032,0,0,0.599,3.804,6.354,0.773,2,1
450982,1.00000251042693e+18,63875743301315,0.018,1.44,-0.003,0.028,-0.254,0.032,0.966,NaN,0.016,-0.396,0.918,0,0,0,63.85,NaN,0.016,-0.396,0.918,-0.032,0,0,0.599,3.783,6.314,0.834,NaN,0.016,-0.396,0.918,0.032,0,0,0.599,3.804,6.354,0.773,2,1
450983,1.00000251043194e+18,63875743301326,0.018,1.44,-0.003,0.027,-0.254,0.032,0.966,NaN,0.017,-0.396,0.918,0,0,0,63.85,NaN,0.017,-0.396,0.918,-0.032,0,0,0.599,3.783,6.314,0.834,NaN,0.017,-0.396,0.918,0.032,0,0,0.599,3.804,6.354,0.774,2,1
450984,1.00000251043696e+18,63875743301337,0.018,1.44,-0.003,0.028,-0.254,0.032,0.966,NaN,0.017,-0.396,0.918,0,0,0,63.85,NaN,0.017,-0.396,0.918,-0.032,0,0,0.599,3.783,6.314,0.834,NaN,0.017,-0.396,0.918,0.032,0,0,0.599,3.804,6.354,0.774,2,1
450985,1.00000251044197e+18,63875743301337,0.018,1.44,-0.003,0.028,-0.254,0.032,0.966,NaN,0.017,-0.396,0.918,0,0,0,63.85,NaN,0.017,-0.396,0.918,-0.032,0,0,0.599,3.784,6.314,0.834,NaN,0.017,-0.396,0.918,0.032,0,0,0.599,3.804,6.354,0.774,2,1
450986,1.00000251044695e+18,63875743301349,0.018,1.44,-0.003,0.028,-0.254,0.032,0.966,NaN,0.017,-0.396,0.918,0,0,0,63.85,NaN,0.017,-0.396,0.918,-0.032,0,0,0.6,3.786,6.314,0.834,NaN,0.017,-0.396,0.918,0.032,0,0,0.599,3.804,6.354,0.774,2,1
450987,1.00000251045197e+18,63875743301349,0.018,1.44,-0.003,0.028,-0.254,0.032,0.966,NaN,0.017,-0.396,0.918,0,0,0,63.85,NaN,0.017,-0.396,0.918,-0.032,0,0,0.6,3.788,6.314,0.834,NaN,0.017,-0.396,0.918,0.032,0,0,0.599,3.805,6.354,0.774,2,1
450988,1.00000251045697e+18,63875743301349,0.018,1.44,-0.003,0.028,-0.254,0.032,0.966,NaN,0.017,-0.397,0.918,0,0,0,63.85,NaN,0.017,-0.397,0.918,-0.032,0,0,0.6,3.79,6.314,0.834,NaN,0.017,-0.397,0.918,0.032,0,0,0.599,3.805,6.354,0.774,2,1
450989,1.00000251046199e+18,63875743301349,0.018,1.44,-0.003,0.028,-0.254,0.032,0.966,NaN,0.017,-0.397,0.918,0,0,0,63.85,NaN,0.017,-0.397,0.918,-0.032,0,0,0.601,3.792,6.314,0.835,NaN,0.017,-0.397,0.918,0.032,0,0,0.599,3.806,6.354,0.774,2,1
450990,1.000002510467e+18,63875743301360,0.018,1.44,-0.003,0.028,-0.254,0.032,0.966,NaN,0.017,-0.397,0.918,0,0,0,63.85,NaN,0.017,-0.397,0.918,-0.032,0,0,0.601,3.792,6.314,0.834,NaN,0.017,-0.397,0.918,0.032,0,0,0.599,3.806,6.354,0.775,2,1
450991,1.00000251047202e+18,63875743301360,0.018,1.44,-0.003,0.028,-0.254,0.032,0.966,NaN,0.017,-0.397,0.918,0,0,0,63.85,NaN,0.017,-0.397,0.918,-0.032,0,0,0.602,3.798,6.314,0.835,NaN,0.017,-0.397,0.918,0.032,0,0,0.599,3.806,6.354,0.775,2,1
450992,1.00000251047703e+18,63875743301370,0.017,1.44,-0.003,0.028,-0.254,0.032,0.966,NaN,0.017,-0.396,0.918,0,0,0,63.85,NaN,0.017,-0.396,0.918,-0.032,0,0,0.602,3.804,6.314,0.835,NaN,0.017,-0.396,0.918,0.032,0,0,0.599,3.806,6.354,0.775,2,1
450993,1.00000251048208e+18,63875743301370,0.017,1.44,-0.003,0.028,-0.254,0.032,0.966,NaN,0.017,-0.396,0.918,0,0,0,63.85,NaN,0.017,-0.396,0.918,-0.032,0,0,0.603,3.807,6.314,0.835,NaN,0.017,-0.396,0.918,0.032,0,0,0.599,3.806,6.354,0.775,2,1
450994,1.00000251048709e+18,63875743301383,0.017,1.44,-0.003,0.028,-0.254,0.032,0.966,NaN,0.017,-0.397,0.918,0,0,0,63.85,NaN,0.017,-0.397,0.918,-0.032,0,0,0.606,3.824,6.314,0.835,NaN,0.017,-0.397,0.918,0.032,0,0,0.599,3.806,6.354,0.775,2,0.9455487
450995,1.00000251049211e+18,63875743301383,0.017,1.44,-0.003,0.028,-0.254,0.032,0.966,NaN,0.017,-0.397,0.918,0,0,0,63.85,NaN,0.017,-0.397,0.918,-0.032,0,0,0.606,3.829,6.314,0.835,NaN,0.017,-0.397,0.918,0.032,0,0,0.599,3.806,6.354,0.775,2,0.8176696
450996,1.00000251049713e+18,63875743301383,0.017,1.44,-0.003,0.028,-0.254,0.032,0.966,NaN,0.017,-0.397,0.918,0,0,0,63.85,NaN,0.017,-0.397,0.918,-0.032,0,0,0.607,3.83,6.314,0.835,NaN,0.017,-0.397,0.918,0.032,0,0,0.599,3.806,6.354,0.775,2,0.8166972
450997,1.00000251050213e+18,63875743301393,0.017,1.44,-0.003,0.028,-0.254,0.033,0.966,NaN,0.017,-0.397,0.918,0,0,0,63.85,NaN,0.017,-0.397,0.918,-0.032,0,0,0.607,3.831,6.314,0.835,NaN,0.017,-0.397,0.918,0.032,0,0,0.599,3.805,6.354,0.775,2,0.6883628
450998,1.00000251050711e+18,63875743301393,0.017,1.44,-0.003,0.028,-0.254,0.033,0.966,NaN,0.017,-0.397,0.918,0,0,0,63.85,NaN,0.017,-0.397,0.918,-0.032,0,0,0.609,3.842,6.314,0.835,NaN,0.017,-0.397,0.918,0.032,0,0,0.599,3.803,6.354,0.775,2,0.5333721
450999,1.00000251051212e+18,63875743301404,0.017,1.44,-0.003,0.029,-0.254,0.033,0.966,NaN,0.017,-0.397,0.918,0,0,0,63.85,NaN,0.017,-0.397,0.918,-0.032,0,0,0.609,3.846,6.314,0.833,NaN,0.017,-0.397,0.918,0.032,0,0,0.599,3.806,6.354,0.774,2,0.3887986
451000,1.00000251051713e+18,63875743301404,0.017,1.44,-0.003,0.029,-0.254,0.033,0.966,NaN,0.018,-0.398,0.917,0,0,0,63.85,NaN,0.018,-0.398,0.917,-0.032,0,0,0.608,3.841,6.314,0.832,NaN,0.018,-0.398,0.917,0.032,0,0,0.6,3.81,6.354,0.774,2,0.09530484
451001,1.00000251052213e+18,63875743301416,0.017,1.44,-0.003,0.029,-0.254,0.033,0.966,NaN,0.026,-0.398,0.917,0,0,0,63.85,NaN,0.026,-0.398,0.917,-0.032,0,0,0.614,3.875,6.314,0.829,NaN,0.026,-0.398,0.917,0.032,0,0,0.601,3.821,6.354,0.772,2,0
451002,1.00000251052719e+18,63875743301416,0.017,1.44,-0.003,0.029,-0.254,0.033,0.966,NaN,0.042,-0.397,0.917,0,0,0,63.85,NaN,0.042,-0.397,0.917,-0.032,0,0,0.613,3.873,6.314,0.825,NaN,0.042,-0.397,0.917,0.032,0,0,0.617,3.921,6.354,0.772,2,0
451003,1.00000251053219e+18,63875743301426,0.017,1.44,-0.003,0.029,-0.254,0.033,0.966,NaN,0.065,-0.394,0.917,0,0,0,63.85,NaN,0.065,-0.394,0.917,-0.032,0,0,0.621,3.918,6.314,0.817,NaN,0.065,-0.394,0.917,0.032,0,0,0.62,3.937,6.354,0.77,2,0
451004,1.0000025105372e+18,63875743301426,0.017,1.44,-0.003,0.029,-0.254,0.033,0.966,NaN,0.091,-0.39,0.916,0,0,0,63.85,NaN,0.091,-0.39,0.916,-0.032,0,0,0.609,3.845,6.314,0.807,NaN,0.091,-0.39,0.916,0.032,0,0,0.62,3.936,6.354,0.768,2,0
451005,1.0000025105422e+18,63875743301437,0.017,1.44,-0.003,0.029,-0.254,0.033,0.966,NaN,0.116,-0.385,0.916,0,0,0,63.85,NaN,0.116,-0.385,0.916,-0.032,0,0,0.602,3.8,6.314,0.796,NaN,0.116,-0.385,0.916,0.032,0,0,0.62,3.936,6.354,0.766,2,0
451006,1.0000025105472e+18,63875743301437,0.017,1.44,-0.003,0.029,-0.254,0.033,0.966,NaN,0.14,-0.379,0.915,0,0,0,63.85,NaN,0.14,-0.379,0.915,-0.032,0,0,0.6,3.785,6.314,0.785,NaN,0.14,-0.379,0.915,0.032,0,0,0.621,3.944,6.354,0.764,2,0
451007,1.0000025105522e+18,63875743301437,0.017,1.44,-0.003,0.029,-0.254,0.033,0.966,NaN,0.158,-0.374,0.914,0,0,0,63.85,NaN,0.158,-0.374,0.914,-0.032,0,0,0.599,3.783,6.314,0.776,NaN,0.158,-0.374,0.914,0.032,0,0,0.622,3.951,6.354,0.762,2,0
451008,1.00000251055723e+18,63875743301448,0.017,1.44,-0.003,0.03,-0.254,0.033,0.966,NaN,0.171,-0.369,0.914,0,0,0,63.85,NaN,0.171,-0.369,0.914,-0.032,0,0,0.599,3.781,6.314,0.769,NaN,0.171,-0.369,0.914,0.032,0,0,0.623,3.959,6.354,0.762,2,0
451009,1.00000251056223e+18,63875743301448,0.017,1.44,-0.003,0.03,-0.254,0.033,0.966,NaN,0.179,-0.364,0.914,0,0,0,63.85,NaN,0.179,-0.364,0.914,-0.032,0,0,0.599,3.781,6.314,0.765,NaN,0.179,-0.364,0.914,0.032,0,0,0.624,3.963,6.354,0.761,2,0
451010,1.00000251056723e+18,63875743301459,0.017,1.44,-0.003,0.03,-0.254,0.033,0.966,NaN,0.185,-0.361,0.914,0,0,0,63.85,NaN,0.185,-0.361,0.914,-0.032,0,0,0.599,3.783,6.314,0.76,NaN,0.185,-0.361,0.914,0.032,0,0,0.624,3.965,6.354,0.761,2,0
451011,1.00000251057223e+18,63875743301459,0.017,1.44,-0.003,0.03,-0.254,0.033,0.966,NaN,0.189,-0.357,0.915,0,0,0,63.85,NaN,0.189,-0.357,0.915,-0.032,0,0,0.599,3.784,6.314,0.758,NaN,0.189,-0.357,0.915,0.032,0,0,0.625,3.968,6.354,0.76,2,0
451012,1.00000251057724e+18,63875743301470,0.017,1.441,-0.003,0.03,-0.254,0.033,0.966,NaN,0.196,-0.351,0.916,0,0,0,63.85,NaN,0.196,-0.351,0.916,-0.032,0,0,0.597,3.771,6.314,0.756,NaN,0.196,-0.351,0.916,0.032,0,0,0.642,4.08,6.354,0.76,2,0
451013,1.00000251058231e+18,63875743301470,0.017,1.441,-0.003,0.03,-0.254,0.033,0.966,NaN,0.201,-0.346,0.916,0,0,0,63.85,NaN,0.201,-0.346,0.916,-0.032,0,0,0.597,3.768,6.314,0.755,NaN,0.201,-0.346,0.916,0.032,0,0,0.65,4.127,6.354,0.76,2,0
451014,1.00000251058731e+18,63875743301482,0.017,1.441,-0.003,0.03,-0.254,0.033,0.966,NaN,0.206,-0.342,0.917,0,0,0,63.85,NaN,0.206,-0.342,0.917,-0.032,0,0,0.596,3.764,6.314,0.754,NaN,0.206,-0.342,0.917,0.032,0,0,0.653,4.15,6.354,0.76,2,0
451015,1.00000251059233e+18,63875743301482,0.017,1.441,-0.003,0.03,-0.254,0.033,0.966,NaN,0.21,-0.338,0.918,0,0,0,63.85,NaN,0.21,-0.338,0.918,-0.032,0,0,0.596,3.761,6.314,0.753,NaN,0.21,-0.338,0.918,0.032,0,0,0.655,4.164,6.354,0.76,2,0
451016,1.00000251059732e+18,63875743301482,0.017,1.441,-0.003,0.03,-0.254,0.033,0.966,NaN,0.212,-0.335,0.918,0,0,0,63.85,NaN,0.212,-0.335,0.918,-0.032,0,0,0.596,3.761,6.314,0.751,NaN,0.212,-0.335,0.918,0.032,0,0,0.658,4.179,6.354,0.76,2,0
451017,1.00000251060237e+18,63875743301493,0.017,1.441,-0.004,0.03,-0.255,0.033,0.966,NaN,0.214,-0.332,0.919,0,0,0,63.85,NaN,0.214,-0.332,0.919,-0.032,0,0,0.596,3.762,6.314,0.751,NaN,0.214,-0.332,0.919,0.032,0,0,0.659,4.186,6.354,0.761,2,0
451018,1.00000251060736e+18,63875743301493,0.017,1.441,-0.004,0.03,-0.255,0.033,0.966,NaN,0.216,-0.329,0.919,0,0,0,63.85,NaN,0.216,-0.329,0.919,-0.032,0,0,0.596,3.763,6.314,0.751,NaN,0.216,-0.329,0.919,0.032,0,0,0.66,4.193,6.354,0.761,2,0
451019,1.00000251061236e+18,63875743301504,0.017,1.441,-0.003,0.031,-0.255,0.033,0.966,NaN,0.217,-0.327,0.92,0,0,0,63.85,NaN,0.217,-0.327,0.92,-0.032,0,0,0.596,3.763,6.314,0.751,NaN,0.217,-0.327,0.92,0.032,0,0,0.661,4.202,6.354,0.761,2,0
451020,1.00000251061735e+18,63875743301504,0.017,1.441,-0.003,0.031,-0.255,0.033,0.966,NaN,0.215,-0.328,0.92,0,0,0,63.85,NaN,0.215,-0.328,0.92,-0.032,0,0,0.597,3.766,6.314,0.75,NaN,0.215,-0.328,0.92,0.032,0,0,0.651,4.139,6.354,0.761,2,0
451021,1.00000251062236e+18,63875743301515,0.017,1.441,-0.004,0.031,-0.255,0.033,0.966,NaN,0.212,-0.328,0.92,0,0,0,63.85,NaN,0.212,-0.328,0.92,-0.032,0,0,0.597,3.77,6.314,0.75,NaN,0.212,-0.328,0.92,0.032,0,0,0.647,4.112,6.354,0.761,2,0
451022,1.00000251062739e+18,63875743301515,0.017,1.441,-0.004,0.031,-0.255,0.033,0.966,NaN,0.21,-0.329,0.921,0,0,0,63.85,NaN,0.21,-0.329,0.921,-0.032,0,0,0.598,3.774,6.314,0.75,NaN,0.21,-0.329,0.921,0.032,0,0,0.645,4.095,6.354,0.762,2,0
451023,1.0000025106324e+18,63875743301527,0.017,1.441,-0.004,0.031,-0.255,0.033,0.966,NaN,0.209,-0.33,0.921,0,0,0,63.85,NaN,0.209,-0.33,0.921,-0.032,0,0,0.598,3.775,6.314,0.75,NaN,0.209,-0.33,0.921,0.032,0,0,0.643,4.084,6.354,0.762,2,0
451024,1.00000251063741e+18,63875743301527,0.017,1.441,-0.004,0.031,-0.255,0.033,0.966,NaN,0.208,-0.33,0.921,0,0,0,63.85,NaN,0.208,-0.33,0.921,-0.032,0,0,0.598,3.776,6.314,0.75,NaN,0.208,-0.33,0.921,0.032,0,0,0.642,4.077,6.354,0.762,2,0
451025,1.00000251064242e+18,63875743301538,0.017,1.441,-0.004,0.031,-0.255,0.033,0.966,NaN,0.207,-0.331,0.921,0,0,0,63.85,NaN,0.207,-0.331,0.921,-0.032,0,0,0.598,3.777,6.314,0.75,NaN,0.207,-0.331,0.921,0.032,0,0,0.64,4.069,6.354,0.763,2,0.1456688
451026,1.00000251064746e+18,63875743301538,0.017,1.441,-0.004,0.031,-0.255,0.033,0.966,NaN,0.206,-0.331,0.921,0,0,0,63.85,NaN,0.206,-0.331,0.921,-0.032,0,0,0.598,3.778,6.314,0.75,NaN,0.206,-0.331,0.921,0.032,0,0,0.639,4.062,6.354,0.763,2,0.229429
451027,1.00000251065249e+18,63875743301549,0.017,1.441,-0.004,0.031,-0.255,0.033,0.966,NaN,0.205,-0.332,0.921,0,0,0,63.85,NaN,0.205,-0.332,0.921,-0.032,0,0,0.598,3.778,6.314,0.75,NaN,0.205,-0.332,0.921,0.032,0,0,0.638,4.056,6.354,0.764,2,0.2731921
451028,1.0000025106575e+18,63875743301549,0.017,1.441,-0.004,0.031,-0.255,0.033,0.966,NaN,0.204,-0.332,0.921,0,0,0,63.85,NaN,0.204,-0.332,0.921,-0.032,0,0,0.599,3.779,6.314,0.751,NaN,0.204,-0.332,0.921,0.032,0,0,0.638,4.053,6.354,0.764,2,0.2901807
451029,1.00000251066251e+18,63875743301549,0.017,1.441,-0.004,0.031,-0.255,0.033,0.966,NaN,0.203,-0.332,0.921,0,0,0,63.85,NaN,0.203,-0.332,0.921,-0.032,0,0,0.599,3.78,6.314,0.751,NaN,0.203,-0.332,0.921,0.032,0,0,0.638,4.052,6.354,0.764,2,0.29966
451030,1.00000251066752e+18,63875743301560,0.017,1.441,-0.004,0.031,-0.255,0.034,0.966,NaN,0.203,-0.332,0.921,0,0,0,63.85,NaN,0.203,-0.332,0.921,-0.032,0,0,0.599,3.78,6.314,0.751,NaN,0.203,-0.332,0.921,0.032,0,0,0.637,4.05,6.354,0.765,2,0.3113012
451031,1.00000251067252e+18,63875743301560,0.017,1.441,-0.004,0.031,-0.255,0.034,0.966,NaN,0.202,-0.333,0.921,0,0,0,63.85,NaN,0.202,-0.333,0.921,-0.032,0,0,0.599,3.78,6.314,0.751,NaN,0.202,-0.333,0.921,0.032,0,0,0.637,4.049,6.354,0.766,2,0.5697654
451032,1.00000251067753e+18,63875743301570,0.017,1.441,-0.004,0.032,-0.255,0.034,0.966,NaN,0.202,-0.333,0.921,0,0,0,63.85,NaN,0.202,-0.333,0.921,-0.032,0,0,0.598,3.779,6.314,0.751,NaN,0.202,-0.333,0.921,0.032,0,0,0.637,4.047,6.354,0.766,2,0.6266394
451033,1.00000251068254e+18,63875743301570,0.017,1.441,-0.004,0.032,-0.255,0.034,0.966,NaN,0.202,-0.333,0.921,0,0,0,63.85,NaN,0.202,-0.333,0.921,-0.032,0,0,0.598,3.778,6.314,0.752,NaN,0.202,-0.333,0.921,0.032,0,0,0.637,4.047,6.354,0.767,2,0.6502079
451034,1.00000251068754e+18,63875743301582,0.017,1.441,-0.004,0.032,-0.255,0.034,0.966,NaN,0.201,-0.333,0.921,0,0,0,63.85,NaN,0.201,-0.333,0.921,-0.032,0,0,0.598,3.777,6.314,0.752,NaN,0.201,-0.333,0.921,0.032,0,0,0.637,4.046,6.354,0.767,2,0.6624259
451035,1.00000251069255e+18,63875743301582,0.017,1.441,-0.004,0.032,-0.255,0.034,0.966,NaN,0.201,-0.334,0.921,0,0,0,63.85,NaN,0.201,-0.334,0.921,-0.032,0,0,0.598,3.777,6.314,0.752,NaN,0.201,-0.334,0.921,0.032,0,0,0.636,4.044,6.354,0.768,2,0.6997139
451036,1.00000251069757e+18,63875743301593,0.017,1.441,-0.004,0.032,-0.255,0.034,0.966,NaN,0.201,-0.334,0.921,0,0,0,63.85,NaN,0.201,-0.334,0.921,-0.032,0,0,0.598,3.776,6.314,0.752,NaN,0.201,-0.334,0.921,0.032,0,0,0.636,4.041,6.354,0.768,2,0.7114712
451037,1.00000251070258e+18,63875743301593,0.017,1.441,-0.004,0.032,-0.255,0.034,0.966,NaN,0.201,-0.334,0.921,0,0,0,63.85,NaN,0.201,-0.334,0.921,-0.032,0,0,0.598,3.776,6.314,0.752,NaN,0.201,-0.334,0.921,0.032,0,0,0.635,4.037,6.354,0.769,2,0.721009
451038,1.00000251070759e+18,63875743301593,0.017,1.441,-0.004,0.032,-0.255,0.034,0.966,NaN,0.2,-0.334,0.921,0,0,0,63.85,NaN,0.2,-0.334,0.921,-0.032,0,0,0.598,3.775,6.314,0.752,NaN,0.2,-0.334,0.921,0.032,0,0,0.635,4.035,6.354,0.77,2,0.7383566
451039,1.00000251071261e+18,63875743301604,0.017,1.442,-0.004,0.032,-0.255,0.034,0.966,NaN,0.2,-0.334,0.921,0,0,0,63.85,NaN,0.2,-0.334,0.921,-0.032,0,0,0.598,3.775,6.314,0.752,NaN,0.2,-0.334,0.921,0.032,0,0,0.635,4.033,6.354,0.77,2,0.9611479
451040,1.00000251071762e+18,63875743301604,0.017,1.442,-0.004,0.032,-0.255,0.034,0.966,NaN,0.2,-0.334,0.921,0,0,0,63.85,NaN,0.2,-0.334,0.921,-0.032,0,0,0.598,3.775,6.314,0.752,NaN,0.2,-0.334,0.921,0.032,0,0,0.635,4.032,6.354,0.77,2,0.7071103
451041,1.00000251072263e+18,63875743301615,0.017,1.442,-0.004,0.032,-0.255,0.034,0.966,NaN,0.199,-0.334,0.921,0,0,0,63.85,NaN,0.199,-0.334,0.921,-0.032,0,0,0.598,3.775,6.314,0.752,NaN,0.199,-0.334,0.921,0.032,0,0,0.635,4.031,6.354,0.771,2,0.430077
451042,1.00000251072764e+18,63875743301615,0.017,1.442,-0.004,0.032,-0.255,0.034,0.966,NaN,0.198,-0.333,0.922,0,0,0,63.85,NaN,0.198,-0.333,0.922,-0.032,0,0,0.598,3.778,6.314,0.752,NaN,0.198,-0.333,0.922,0.032,0,0,0.634,4.031,6.354,0.771,2,0.1291677
451043,1.00000251073266e+18,63875743301626,0.017,1.442,-0.004,0.032,-0.255,0.034,0.966,NaN,0.198,-0.334,0.922,0,0,0,63.85,NaN,0.198,-0.334,0.922,-0.032,0,0,0.599,3.781,6.314,0.752,NaN,0.198,-0.334,0.922,0.032,0,0,0.634,4.03,6.354,0.772,2,0
451044,1.00000251073766e+18,63875743301626,0.017,1.442,-0.004,0.032,-0.255,0.034,0.966,NaN,0.197,-0.333,0.922,0,0,0,63.85,NaN,0.197,-0.333,0.922,-0.032,0,0,0.6,3.787,6.314,0.752,NaN,0.197,-0.333,0.922,0.032,0,0,0.634,4.029,6.354,0.772,2,0
451045,1.00000251074267e+18,63875743301637,0.017,1.442,-0.004,0.032,-0.255,0.034,0.966,NaN,0.196,-0.332,0.923,0,0,0,63.85,NaN,0.196,-0.332,0.923,-0.032,0,0,0.6,3.791,6.314,0.752,NaN,0.196,-0.332,0.923,0.032,0,0,0.634,4.029,6.354,0.772,2,0
451046,1.0000025107477e+18,63875743301637,0.017,1.442,-0.004,0.032,-0.255,0.034,0.966,NaN,0.194,-0.331,0.923,0,0,0,63.85,NaN,0.194,-0.331,0.923,-0.032,0,0,0.601,3.796,6.314,0.752,NaN,0.194,-0.331,0.923,0.032,0,0,0.634,4.028,6.354,0.773,2,0
451047,1.00000251075273e+18,63875743301637,0.017,1.442,-0.004,0.032,-0.255,0.034,0.966,NaN,0.194,-0.332,0.923,0,0,0,63.85,NaN,0.194,-0.332,0.923,-0.032,0,0,0.602,3.8,6.314,0.752,NaN,0.194,-0.332,0.923,0.032,0,0,0.634,4.028,6.354,0.773,2,0
451048,1.00000251075775e+18,63875743301648,0.017,1.442,-0.004,0.032,-0.255,0.034,0.966,NaN,0.193,-0.331,0.924,0,0,0,63.85,NaN,0.193,-0.331,0.924,-0.032,0,0,0.603,3.809,6.314,0.752,NaN,0.193,-0.331,0.924,0.032,0,0,0.634,4.027,6.354,0.773,2,0
451049,1.00000251076274e+18,63875743301649,0.017,1.442,-0.004,0.032,-0.255,0.034,0.966,NaN,0.192,-0.33,0.924,0,0,0,63.85,NaN,0.192,-0.33,0.924,-0.032,0,0,0.604,3.811,6.314,0.752,NaN,0.192,-0.33,0.924,0.032,0,0,0.634,4.027,6.354,0.773,2,0
451050,1.00000251076775e+18,63875743301660,0.017,1.442,-0.004,0.032,-0.255,0.034,0.966,NaN,0.191,-0.33,0.925,0,0,0,63.85,NaN,0.191,-0.33,0.925,-0.032,0,0,0.604,3.813,6.314,0.752,NaN,0.191,-0.33,0.925,0.032,0,0,0.634,4.027,6.354,0.773,2,0
451051,1.00000251077276e+18,63875743301660,0.017,1.442,-0.004,0.032,-0.255,0.034,0.966,NaN,0.19,-0.329,0.925,0,0,0,63.85,NaN,0.19,-0.329,0.925,-0.032,0,0,0.604,3.815,6.314,0.752,NaN,0.19,-0.329,0.925,0.032,0,0,0.634,4.027,6.354,0.773,2,0
451052,1.00000251077778e+18,63875743301671,0.017,1.442,-0.004,0.032,-0.255,0.034,0.966,NaN,0.189,-0.328,0.926,0,0,0,63.85,NaN,0.189,-0.328,0.926,-0.032,0,0,0.606,3.824,6.314,0.752,NaN,0.189,-0.328,0.926,0.032,0,0,0.634,4.027,6.354,0.773,2,0
451053,1.00000251078279e+18,63875743301671,0.017,1.442,-0.004,0.032,-0.255,0.034,0.966,NaN,0.188,-0.327,0.926,0,0,0,63.85,NaN,0.188,-0.327,0.926,-0.032,0,0,0.606,3.828,6.314,0.752,NaN,0.188,-0.327,0.926,0.032,0,0,0.634,4.026,6.354,0.773,2,0
451054,1.00000251078781e+18,63875743301682,0.017,1.442,-0.004,0.032,-0.255,0.034,0.966,NaN,0.187,-0.326,0.926,0,0,0,63.85,NaN,0.187,-0.326,0.926,-0.032,0,0,0.607,3.83,6.314,0.752,NaN,0.187,-0.326,0.926,0.032,0,0,0.634,4.026,6.354,0.773,2,0
451055,1.00000251079282e+18,63875743301693,0.017,1.442,-0.004,0.032,-0.255,0.034,0.966,NaN,0.187,-0.326,0.927,0,0,0,63.85,NaN,0.187,-0.326,0.927,-0.032,0,0,0.607,3.83,6.314,0.752,NaN,0.187,-0.326,0.927,0.032,0,0,0.634,4.026,6.354,0.773,2,0
451056,1.00000251079784e+18,63875743301693,0.017,1.442,-0.004,0.032,-0.255,0.034,0.966,NaN,0.186,-0.325,0.927,0,0,0,63.85,NaN,0.186,-0.325,0.927,-0.032,0,0,0.607,3.83,6.314,0.752,NaN,0.186,-0.325,0.927,0.032,0,0,0.633,4.024,6.354,0.773,2,0
451057,1.00000251080285e+18,63875743301704,0.017,1.442,-0.003,0.032,-0.255,0.035,0.966,NaN,0.185,-0.325,0.927,0,0,0,63.85,NaN,0.185,-0.325,0.927,-0.032,0,0,0.607,3.83,6.314,0.751,NaN,0.185,-0.325,0.927,0.032,0,0,0.633,4.023,6.354,0.773,2,0
451058,1.00000251080781e+18,63875743301704,0.017,1.442,-0.003,0.032,-0.255,0.035,0.966,NaN,0.185,-0.324,0.928,0,0,0,63.85,NaN,0.185,-0.324,0.928,-0.032,0,0,0.607,3.83,6.314,0.751,NaN,0.185,-0.324,0.928,0.032,0,0,0.633,4.023,6.354,0.773,2,0
451059,1.00000251081284e+18,63875743301704,0.017,1.442,-0.003,0.032,-0.255,0.035,0.966,NaN,0.185,-0.324,0.928,0,0,0,63.85,NaN,0.185,-0.324,0.928,-0.032,0,0,0.607,3.83,6.314,0.751,NaN,0.185,-0.324,0.928,0.032,0,0,0.633,4.023,6.354,0.773,2,0
451060,1.00000251081785e+18,63875743301716,0.017,1.442,-0.003,0.032,-0.255,0.035,0.966,NaN,0.184,-0.324,0.928,0,0,0,63.85,NaN,0.184,-0.324,0.928,-0.032,0,0,0.607,3.83,6.314,0.751,NaN,0.184,-0.324,0.928,0.032,0,0,0.633,4.023,6.354,0.773,2,0
451061,1.00000251082291e+18,63875743301716,0.017,1.442,-0.003,0.032,-0.255,0.035,0.966,NaN,0.184,-0.324,0.928,0,0,0,63.85,NaN,0.184,-0.324,0.928,-0.032,0,0,0.607,3.83,6.314,0.75,NaN,0.184,-0.324,0.928,0.032,0,0,0.633,4.023,6.354,0.773,2,0
451062,1.00000251082792e+18,63875743301726,0.017,1.442,-0.003,0.032,-0.255,0.035,0.966,NaN,0.184,-0.323,0.928,0,0,0,63.85,NaN,0.184,-0.323,0.928,-0.032,0,0,0.607,3.83,6.314,0.75,NaN,0.184,-0.323,0.928,0.032,0,0,0.633,4.023,6.354,0.772,2,0.2331467
451063,1.00000251083294e+18,63875743301726,0.017,1.442,-0.003,0.032,-0.255,0.035,0.966,NaN,0.184,-0.322,0.929,0,0,0,63.85,NaN,0.184,-0.322,0.929,-0.032,0,0,0.606,3.829,6.314,0.75,NaN,0.184,-0.322,0.929,0.032,0,0,0.644,4.091,6.354,0.772,2,0.3359533
451064,1.00000251083795e+18,63875743301727,0.017,1.442,-0.003,0.032,-0.255,0.035,0.966,NaN,0.185,-0.321,0.929,0,0,0,63.85,NaN,0.185,-0.321,0.929,-0.032,0,0,0.605,3.821,6.314,0.749,NaN,0.185,-0.321,0.929,0.032,0,0,0.646,4.103,6.354,0.772,2,0.3073937
451065,1.00000251084293e+18,63875743301738,0.017,1.442,-0.003,0.032,-0.255,0.035,0.966,NaN,0.185,-0.32,0.929,0,0,0,63.85,NaN,0.185,-0.32,0.929,-0.032,0,0,0.604,3.816,6.314,0.749,NaN,0.185,-0.32,0.929,0.032,0,0,0.646,4.105,6.354,0.772,2,0.2972346
451066,1.00000251084794e+18,63875743301738,0.017,1.442,-0.003,0.032,-0.255,0.035,0.966,NaN,0.186,-0.319,0.929,0,0,0,63.85,NaN,0.186,-0.319,0.929,-0.032,0,0,0.604,3.814,6.314,0.748,NaN,0.186,-0.319,0.929,0.032,0,0,0.646,4.105,6.354,0.772,2,0.5863182
451067,1.00000251085296e+18,63875743301739,0.017,1.442,-0.003,0.032,-0.255,0.035,0.966,NaN,0.186,-0.318,0.93,0,0,0,63.85,NaN,0.186,-0.318,0.93,-0.032,0,0,0.604,3.813,6.314,0.747,NaN,0.186,-0.318,0.93,0.032,0,0,0.649,4.121,6.354,0.772,2,0.7967276
451068,1.00000251085796e+18,63875743301750,0.017,1.442,-0.003,0.032,-0.255,0.035,0.966,NaN,0.187,-0.317,0.93,0,0,0,63.85,NaN,0.187,-0.317,0.93,-0.032,0,0,0.604,3.812,6.314,0.748,NaN,0.187,-0.317,0.93,0.032,0,0,0.648,4.12,6.354,0.771,2,0.7441326
451069,1.00000251086298e+18,63875743301750,0.017,1.442,-0.003,0.032,-0.255,0.035,0.966,NaN,0.189,-0.319,0.929,0,0,0,63.85,NaN,0.189,-0.319,0.929,-0.032,0,0,0.6,3.791,6.314,0.748,NaN,0.189,-0.319,0.929,0.032,0,0,0.654,4.158,6.354,0.771,2,0.3141682
451070,1.00000251086801e+18,63875743301760,0.017,1.442,-0.003,0.032,-0.255,0.035,0.966,NaN,0.19,-0.32,0.928,0,0,0,63.85,NaN,0.19,-0.32,0.928,-0.032,0,0,0.6,3.79,6.314,0.748,NaN,0.19,-0.32,0.928,0.032,0,0,0.643,4.087,6.354,0.771,2,0
451071,1.00000251087302e+18,63875743301760,0.017,1.442,-0.003,0.032,-0.255,0.035,0.966,NaN,0.189,-0.321,0.928,0,0,0,63.85,NaN,0.189,-0.321,0.928,-0.032,0,0,0.617,3.897,6.314,0.748,NaN,0.189,-0.321,0.928,0.032,0,0,0.634,4.03,6.354,0.771,2,0
451072,1.00000251087803e+18,63875743301771,0.017,1.442,-0.003,0.032,-0.255,0.034,0.966,NaN,0.184,-0.321,0.929,0,0,0,63.85,NaN,0.184,-0.321,0.929,-0.032,0,0,0.631,3.983,6.314,0.749,NaN,0.184,-0.321,0.929,0.032,0,0,0.622,3.951,6.354,0.77,2,0
451073,1.00000251088304e+18,63875743301771,0.017,1.442,-0.003,0.032,-0.255,0.034,0.966,NaN,0.174,-0.322,0.931,0,0,0,63.85,NaN,0.174,-0.322,0.931,-0.032,0,0,0.627,3.96,6.314,0.749,NaN,0.174,-0.322,0.931,0.032,0,0,0.617,3.923,6.354,0.769,2,0
451074,1.00000251088805e+18,63875743301782,0.017,1.441,-0.003,0.032,-0.255,0.034,0.966,NaN,0.159,-0.323,0.933,0,0,0,63.85,NaN,0.159,-0.323,0.933,-0.032,0,0,0.613,3.871,6.314,0.749,NaN,0.159,-0.323,0.933,0.032,0,0,0.618,3.925,6.354,0.767,2,0
451075,1.00000251089306e+18,63875743301783,0.017,1.441,-0.003,0.032,-0.255,0.034,0.966,NaN,0.137,-0.326,0.935,0,0,0,63.85,NaN,0.137,-0.326,0.935,-0.032,0,0,0.583,3.681,6.314,0.75,NaN,0.137,-0.326,0.935,0.032,0,0,0.619,3.932,6.354,0.766,2,0
451076,1.00000251089808e+18,63875743301794,0.017,1.441,-0.003,0.032,-0.255,0.034,0.966,NaN,0.117,-0.328,0.937,0,0,0,63.85,NaN,0.117,-0.328,0.937,-0.032,0,0,0.581,3.671,6.314,0.75,NaN,0.117,-0.328,0.937,0.032,0,0,0.626,3.98,6.354,0.764,2,0
451077,1.00000251090308e+18,63875743301794,0.017,1.441,-0.003,0.032,-0.255,0.034,0.966,NaN,0.1,-0.33,0.939,0,0,0,63.85,NaN,0.1,-0.33,0.939,-0.032,0,0,0.59,3.727,6.314,0.751,NaN,0.1,-0.33,0.939,0.032,0,0,0.627,3.985,6.354,0.762,2,0
451078,1.0000025109081e+18,63875743301804,0.017,1.441,-0.003,0.032,-0.255,0.034,0.966,NaN,0.088,-0.331,0.939,0,0,0,63.85,NaN,0.088,-0.331,0.939,-0.032,0,0,0.592,3.739,6.314,0.751,NaN,0.088,-0.331,0.939,0.032,0,0,0.628,3.992,6.354,0.76,2,0
451079,1.0000025109131e+18,63875743301804,0.017,1.441,-0.003,0.032,-0.255,0.034,0.966,NaN,0.08,-0.332,0.94,0,0,0,63.85,NaN,0.08,-0.332,0.94,-0.032,0,0,0.593,3.743,6.314,0.75,NaN,0.08,-0.332,0.94,0.032,0,0,0.629,3.994,6.354,0.759,2,0
451080,1.00000251091812e+18,63875743301804,0.017,1.441,-0.003,0.032,-0.255,0.034,0.966,NaN,0.074,-0.332,0.94,0,0,0,63.85,NaN,0.074,-0.332,0.94,-0.032,0,0,0.593,3.745,6.314,0.75,NaN,0.074,-0.332,0.94,0.032,0,0,0.629,3.994,6.354,0.758,2,0
451081,1.00000251092314e+18,63875743301816,0.017,1.441,-0.003,0.032,-0.255,0.034,0.966,NaN,0.071,-0.333,0.94,0,0,0,63.85,NaN,0.071,-0.333,0.94,-0.032,0,0,0.593,3.745,6.314,0.75,NaN,0.071,-0.333,0.94,0.032,0,0,0.629,3.994,6.354,0.757,2,0
451082,1.00000251092816e+18,63875743301816,0.017,1.441,-0.003,0.032,-0.255,0.034,0.966,NaN,0.069,-0.333,0.94,0,0,0,63.85,NaN,0.069,-0.333,0.94,-0.032,0,0,0.593,3.745,6.314,0.75,NaN,0.069,-0.333,0.94,0.032,0,0,0.629,3.995,6.354,0.756,2,0
451083,1.00000251093317e+18,63875743301826,0.017,1.441,-0.003,0.032,-0.255,0.034,0.966,NaN,0.068,-0.332,0.941,0,0,0,63.85,NaN,0.068,-0.332,0.941,-0.032,0,0,0.598,3.776,6.314,0.75,NaN,0.068,-0.332,0.941,0.032,0,0,0.629,3.995,6.354,0.756,2,0
451084,1.00000251093818e+18,63875743301827,0.017,1.441,-0.003,0.032,-0.255,0.034,0.966,NaN,0.067,-0.331,0.941,0,0,0,63.85,NaN,0.067,-0.331,0.941,-0.032,0,0,0.6,3.789,6.314,0.75,NaN,0.067,-0.331,0.941,0.032,0,0,0.628,3.992,6.354,0.755,2,0
451085,1.0000025109432e+18,63875743301838,0.017,1.441,-0.003,0.032,-0.255,0.034,0.966,NaN,0.067,-0.331,0.941,0,0,0,63.85,NaN,0.067,-0.331,0.941,-0.032,0,0,0.601,3.795,6.314,0.75,NaN,0.067,-0.331,0.941,0.032,0,0,0.628,3.991,6.354,0.755,2,0
451086,1.0000025109482e+18,63875743301849,0.017,1.441,-0.003,0.031,-0.255,0.034,0.966,NaN,0.067,-0.33,0.942,0,0,0,63.85,NaN,0.067,-0.33,0.942,-0.032,0,0,0.605,3.817,6.314,0.75,NaN,0.067,-0.33,0.942,0.032,0,0,0.628,3.991,6.354,0.754,2,0
451087,1.0000025109532e+18,63875743301849,0.017,1.441,-0.003,0.031,-0.255,0.034,0.966,NaN,0.067,-0.329,0.942,0,0,0,63.85,NaN,0.067,-0.329,0.942,-0.032,0,0,0.605,3.817,6.314,0.75,NaN,0.067,-0.329,0.942,0.032,0,0,0.628,3.988,6.354,0.754,2,0
451088,1.00000251095821e+18,63875743301849,0.017,1.441,-0.003,0.031,-0.255,0.034,0.966,NaN,0.061,-0.328,0.943,0,0,0,63.85,NaN,0.061,-0.328,0.943,-0.032,0,0,0.604,3.813,6.314,0.75,NaN,0.061,-0.328,0.943,0.032,0,0,0.627,3.987,6.354,0.754,2,0
451089,1.00000251096324e+18,63875743301860,0.017,1.441,-0.003,0.031,-0.255,0.034,0.966,NaN,0.057,-0.326,0.944,0,0,0,63.85,NaN,0.057,-0.326,0.944,-0.032,0,0,0.604,3.813,6.314,0.75,NaN,0.057,-0.326,0.944,0.032,0,0,0.627,3.986,6.354,0.754,2,0
451090,1.00000251096826e+18,63875743301860,0.017,1.441,-0.003,0.031,-0.255,0.034,0.966,NaN,0.059,-0.325,0.944,0,0,0,63.85,NaN,0.059,-0.325,0.944,-0.032,0,0,0.604,3.814,6.314,0.751,NaN,0.059,-0.325,0.944,0.032,0,0,0.627,3.985,6.354,0.754,2,0
451091,1.00000251097326e+18,63875743301860,0.017,1.441,-0.003,0.031,-0.255,0.034,0.966,NaN,0.061,-0.325,0.944,0,0,0,63.85,NaN,0.061,-0.325,0.944,-0.032,0,0,0.604,3.815,6.314,0.751,NaN,0.061,-0.325,0.944,0.032,0,0,0.627,3.985,6.354,0.754,2,0
451092,1.00000251097829e+18,63875743301871,0.017,1.44,-0.003,0.031,-0.254,0.034,0.966,NaN,0.063,-0.324,0.944,0,0,0,63.85,NaN,0.063,-0.324,0.944,-0.032,0,0,0.604,3.816,6.314,0.751,NaN,0.063,-0.324,0.944,0.032,0,0,0.627,3.984,6.354,0.754,2,0
451093,1.00000251098332e+18,63875743301871,0.017,1.44,-0.003,0.031,-0.254,0.034,0.966,NaN,0.064,-0.323,0.944,0,0,0,63.85,NaN,0.064,-0.323,0.944,-0.032,0,0,0.604,3.816,6.314,0.752,NaN,0.064,-0.323,0.944,0.032,0,0,0.627,3.984,6.354,0.754,2,0
451094,1.00000251098834e+18,63875743301882,0.017,1.44,-0.003,0.031,-0.254,0.034,0.966,NaN,0.064,-0.322,0.944,0,0,0,63.85,NaN,0.064,-0.322,0.944,-0.032,0,0,0.604,3.815,6.314,0.752,NaN,0.064,-0.322,0.944,0.032,0,0,0.627,3.984,6.354,0.754,2,0
451095,1.00000251099335e+18,63875743301882,0.017,1.44,-0.003,0.031,-0.254,0.034,0.966,NaN,0.065,-0.322,0.945,0,0,0,63.85,NaN,0.065,-0.322,0.945,-0.032,0,0,0.604,3.815,6.314,0.752,NaN,0.065,-0.322,0.945,0.032,0,0,0.627,3.984,6.354,0.754,2,0
451096,1.00000251099831e+18,63875743301893,0.016,1.44,-0.002,0.031,-0.254,0.034,0.966,NaN,0.065,-0.321,0.945,0,0,0,63.85,NaN,0.065,-0.321,0.945,-0.032,0,0,0.604,3.815,6.314,0.753,NaN,0.065,-0.321,0.945,0.032,0,0,0.627,3.983,6.354,0.754,2,0
451097,1.00000251100334e+18,63875743301893,0.016,1.44,-0.002,0.031,-0.254,0.034,0.966,NaN,0.066,-0.32,0.945,0,0,0,63.85,NaN,0.066,-0.32,0.945,-0.032,0,0,0.604,3.816,6.314,0.753,NaN,0.066,-0.32,0.945,0.032,0,0,0.627,3.981,6.354,0.754,2,0
451098,1.00000251100839e+18,63875743301893,0.016,1.44,-0.002,0.031,-0.254,0.034,0.966,NaN,0.066,-0.32,0.945,0,0,0,63.85,NaN,0.066,-0.32,0.945,-0.032,0,0,0.604,3.816,6.314,0.754,NaN,0.066,-0.32,0.945,0.032,0,0,0.627,3.981,6.354,0.754,2,0
451099,1.00000251101341e+18,63875743301904,0.016,1.44,-0.002,0.031,-0.254,0.034,0.966,NaN,0.066,-0.32,0.945,0,0,0,63.85,NaN,0.066,-0.32,0.945,-0.032,0,0,0.605,3.818,6.314,0.754,NaN,0.066,-0.32,0.945,0.032,0,0,0.626,3.98,6.354,0.754,2,0
451100,1.00000251101837e+18,63875743301916,0.016,1.44,-0.002,0.032,-0.254,0.034,0.966,NaN,0.065,-0.319,0.946,0,0,0,63.85,NaN,0.065,-0.319,0.946,-0.032,0,0,0.614,3.876,6.314,0.755,NaN,0.065,-0.319,0.946,0.032,0,0,0.626,3.98,6.354,0.754,2,0
451101,1.00000251102338e+18,63875743301916,0.016,1.44,-0.002,0.032,-0.254,0.034,0.966,NaN,0.065,-0.318,0.946,0,0,0,63.85,NaN,0.065,-0.318,0.946,-0.032,0,0,0.618,3.901,6.314,0.756,NaN,0.065,-0.318,0.946,0.032,0,0,0.626,3.979,6.354,0.754,2,0
451102,1.00000251102837e+18,63875743301916,0.016,1.44,-0.002,0.032,-0.254,0.034,0.966,NaN,0.065,-0.317,0.946,0,0,0,63.85,NaN,0.065,-0.317,0.946,-0.032,0,0,0.619,3.908,6.314,0.757,NaN,0.065,-0.317,0.946,0.032,0,0,0.627,3.981,6.354,0.755,2,0
451103,1.00000251103339e+18,63875743301927,0.016,1.44,-0.002,0.031,-0.254,0.034,0.966,NaN,0.065,-0.316,0.947,0,0,0,63.85,NaN,0.065,-0.316,0.947,-0.032,0,0,0.619,3.91,6.314,0.757,NaN,0.065,-0.316,0.947,0.032,0,0,0.627,3.983,6.354,0.755,2,0
451104,1.00000251103841e+18,63875743301927,0.016,1.44,-0.002,0.031,-0.254,0.034,0.966,NaN,0.066,-0.315,0.947,0,0,0,63.85,NaN,0.066,-0.315,0.947,-0.032,0,0,0.619,3.91,6.314,0.758,NaN,0.066,-0.315,0.947,0.032,0,0,0.627,3.984,6.354,0.755,2,0
451105,1.00000251104342e+18,63875743301938,0.016,1.44,-0.002,0.032,-0.254,0.034,0.966,NaN,0.066,-0.315,0.947,0,0,0,63.85,NaN,0.066,-0.315,0.947,-0.032,0,0,0.619,3.91,6.314,0.758,NaN,0.066,-0.315,0.947,0.032,0,0,0.627,3.985,6.354,0.755,2,0
451106,1.00000251104843e+18,63875743301938,0.016,1.44,-0.002,0.032,-0.254,0.034,0.966,NaN,0.066,-0.316,0.947,0,0,0,63.85,NaN,0.066,-0.316,0.947,-0.032,0,0,0.619,3.908,6.314,0.759,NaN,0.066,-0.316,0.947,0.032,0,0,0.627,3.985,6.354,0.756,2,0
451107,1.00000251105345e+18,63875743301949,0.016,1.44,-0.002,0.031,-0.254,0.033,0.966,NaN,0.066,-0.317,0.946,0,0,0,63.85,NaN,0.066,-0.317,0.946,-0.032,0,0,0.617,3.895,6.314,0.76,NaN,0.066,-0.317,0.946,0.032,0,0,0.627,3.984,6.354,0.756,2,0.06851142
451108,1.00000251105846e+18,63875743301949,0.016,1.44,-0.002,0.031,-0.254,0.033,0.966,NaN,0.066,-0.317,0.946,0,0,0,63.85,NaN,0.066,-0.317,0.946,-0.032,0,0,0.616,3.89,6.314,0.761,NaN,0.066,-0.317,0.946,0.032,0,0,0.627,3.984,6.354,0.757,2,0.2392687
451109,1.00000251106347e+18,63875743301949,0.016,1.44,-0.002,0.031,-0.254,0.033,0.966,NaN,0.066,-0.317,0.946,0,0,0,63.85,NaN,0.066,-0.317,0.946,-0.032,0,0,0.616,3.89,6.314,0.762,NaN,0.066,-0.317,0.946,0.032,0,0,0.627,3.982,6.354,0.757,2,0.6000036
451110,1.00000251106848e+18,63875743301961,0.016,1.44,-0.002,0.032,-0.254,0.033,0.966,NaN,0.066,-0.318,0.946,0,0,0,63.85,NaN,0.066,-0.318,0.946,-0.032,0,0,0.616,3.892,6.314,0.763,NaN,0.066,-0.318,0.946,0.032,0,0,0.626,3.98,6.354,0.757,2,0.5927845
451111,1.00000251107349e+18,63875743301961,0.016,1.44,-0.002,0.032,-0.254,0.033,0.966,NaN,0.066,-0.318,0.946,0,0,0,63.85,NaN,0.066,-0.318,0.946,-0.032,0,0,0.617,3.893,6.314,0.764,NaN,0.066,-0.318,0.946,0.032,0,0,0.626,3.978,6.354,0.758,2,0.5879346
451112,1.0000025110785e+18,63875743301971,0.016,1.44,-0.002,0.032,-0.254,0.033,0.966,NaN,0.066,-0.318,0.946,0,0,0,63.85,NaN,0.066,-0.318,0.946,-0.032,0,0,0.612,3.864,6.314,0.765,NaN,0.066,-0.318,0.946,0.032,0,0,0.626,3.976,6.354,0.758,2,0.5240846
451113,1.0000025110835e+18,63875743301971,0.016,1.44,-0.002,0.032,-0.254,0.033,0.966,NaN,0.066,-0.319,0.946,0,0,0,63.85,NaN,0.066,-0.319,0.946,-0.032,0,0,0.61,3.853,6.314,0.765,NaN,0.066,-0.319,0.946,0.032,0,0,0.626,3.975,6.354,0.759,2,0.5306404
451114,1.00000251108851e+18,63875743301982,0.016,1.44,-0.002,0.032,-0.253,0.033,0.966,NaN,0.066,-0.319,0.945,0,0,0,63.85,NaN,0.066,-0.319,0.945,-0.032,0,0,0.609,3.848,6.314,0.766,NaN,0.066,-0.319,0.945,0.032,0,0,0.625,3.973,6.354,0.759,2,0.5320796
451115,1.00000251109352e+18,63875743301982,0.016,1.44,-0.002,0.032,-0.253,0.033,0.966,NaN,0.066,-0.32,0.945,0,0,0,63.85,NaN,0.066,-0.32,0.945,-0.032,0,0,0.609,3.846,6.314,0.767,NaN,0.066,-0.32,0.945,0.032,0,0,0.625,3.972,6.354,0.76,2,0.5321067
451116,1.00000251109853e+18,63875743301994,0.016,1.44,-0.002,0.032,-0.253,0.033,0.966,NaN,0.066,-0.32,0.945,0,0,0,63.85,NaN,0.066,-0.32,0.945,-0.032,0,0,0.609,3.845,6.314,0.768,NaN,0.066,-0.32,0.945,0.032,0,0,0.625,3.972,6.354,0.76,2,0.5296676
451117,1.00000251110354e+18,63875743301994,0.016,1.44,-0.002,0.032,-0.253,0.033,0.966,NaN,0.066,-0.321,0.945,0,0,0,63.85,NaN,0.066,-0.321,0.945,-0.032,0,0,0.609,3.845,6.314,0.768,NaN,0.066,-0.321,0.945,0.032,0,0,0.625,3.971,6.354,0.761,2,0.5283783
451118,1.00000251110856e+18,63875743301994,0.016,1.44,-0.002,0.032,-0.253,0.033,0.966,NaN,0.066,-0.321,0.945,0,0,0,63.85,NaN,0.066,-0.321,0.945,-0.032,0,0,0.609,3.845,6.314,0.769,NaN,0.066,-0.321,0.945,0.032,0,0,0.625,3.97,6.354,0.761,2,0.6587741
451119,1.00000251111356e+18,63875743302004,0.016,1.44,-0.002,0.032,-0.253,0.033,0.966,NaN,0.067,-0.321,0.945,0,0,0,63.85,NaN,0.067,-0.321,0.945,-0.032,0,0,0.611,3.86,6.314,0.769,NaN,0.067,-0.321,0.945,0.032,0,0,0.625,3.97,6.354,0.762,2,0.7981043
451120,1.00000251111861e+18,63875743302004,0.016,1.44,-0.002,0.032,-0.253,0.033,0.966,NaN,0.067,-0.322,0.944,0,0,0,63.85,NaN,0.067,-0.322,0.944,-0.032,0,0,0.613,3.868,6.314,0.77,NaN,0.067,-0.322,0.944,0.032,0,0,0.625,3.97,6.354,0.762,2,0.8009658
451121,1.00000251112362e+18,63875743302016,0.016,1.44,-0.002,0.032,-0.253,0.033,0.966,NaN,0.067,-0.322,0.944,0,0,0,63.85,NaN,0.067,-0.322,0.944,-0.032,0,0,0.614,3.878,6.314,0.77,NaN,0.067,-0.322,0.944,0.032,0,0,0.625,3.969,6.354,0.763,2,0.795718
451122,1.00000251112863e+18,63875743302016,0.016,1.44,-0.002,0.032,-0.253,0.033,0.966,NaN,0.067,-0.322,0.944,0,0,0,63.85,NaN,0.067,-0.322,0.944,-0.032,0,0,0.615,3.884,6.314,0.771,NaN,0.067,-0.322,0.944,0.032,0,0,0.625,3.969,6.354,0.763,2,0.7977394
451123,1.00000251113364e+18,63875743302026,0.016,1.44,-0.002,0.032,-0.253,0.033,0.966,NaN,0.067,-0.322,0.944,0,0,0,63.85,NaN,0.067,-0.322,0.944,-0.032,0,0,0.615,3.884,6.314,0.771,NaN,0.067,-0.322,0.944,0.032,0,0,0.625,3.969,6.354,0.763,2,0.7889844
451124,1.00000251113865e+18,63875743302026,0.016,1.44,-0.002,0.032,-0.253,0.033,0.966,NaN,0.067,-0.323,0.944,0,0,0,63.85,NaN,0.067,-0.323,0.944,-0.032,0,0,0.615,3.882,6.314,0.772,NaN,0.067,-0.323,0.944,0.032,0,0,0.625,3.969,6.354,0.764,2,0.9157159
451125,1.00000251114367e+18,63875743302038,0.015,1.439,-0.002,0.032,-0.253,0.033,0.966,NaN,0.067,-0.323,0.944,0,0,0,63.85,NaN,0.067,-0.323,0.944,-0.032,0,0,0.615,3.882,6.314,0.773,NaN,0.067,-0.323,0.944,0.032,0,0,0.625,3.968,6.354,0.764,2,0.9302365
