334845,1.0000019283207e+18,63875742719207,-0.065,1.43,0.283,-0.016,-0.049,0.011,0.999,NaN,-0.041,-0.124,0.991,0,0,0,64.325,NaN,0.08,-0.065,0.995,-0.032,0,0,0.535,3.434,6.415,0.88,NaN,-0.041,-0.124,0.991,0.032,0,0,0.57,3.632,6.373,0.886,0.4277362,1
334846,1.00000192832575e+18,63875742719217,-0.065,1.43,0.283,-0.016,-0.049,0.011,0.999,NaN,-0.039,-0.123,0.992,0,0,0,64.325,NaN,0.081,-0.065,0.995,-0.032,0,0,0.536,3.44,6.415,0.88,NaN,-0.039,-0.123,0.992,0.032,0,0,0.571,3.636,6.373,0.886,0.4326869,0.8236642
334847,1.00000192833077e+18,63875742719217,-0.065,1.43,0.283,-0.016,-0.049,0.011,0.999,NaN,-0.038,-0.122,0.992,0,0,0,64.325,NaN,0.081,-0.065,0.995,-0.032,0,0,0.536,3.441,6.415,0.881,NaN,-0.039,-0.122,0.992,0.032,0,0,0.572,3.644,6.373,0.886,0.4361621,0.8299568
334848,1.00000192833577e+18,63875742719228,-0.065,1.43,0.283,-0.016,-0.049,0.011,0.999,NaN,-0.038,-0.121,0.992,0,0,0,64.325,NaN,0.081,-0.065,0.995,-0.032,0,0,0.537,3.443,6.415,0.881,NaN,-0.038,-0.121,0.992,0.032,0,0,0.573,3.652,6.373,0.886,0.4386721,0.8234709
334849,1.00000192834079e+18,63875742719228,-0.065,1.43,0.283,-0.016,-0.049,0.011,0.999,NaN,-0.037,-0.121,0.992,0,0,0,64.325,NaN,0.081,-0.065,0.995,-0.032,0,0,0.537,3.443,6.415,0.882,NaN,-0.037,-0.121,0.992,0.032,0,0,0.574,3.659,6.373,0.886,0.4414975,0.8251084
334850,1.00000192834582e+18,63875742719239,-0.065,1.43,0.283,-0.016,-0.049,0.011,0.999,NaN,-0.036,-0.121,0.992,0,0,0,64.325,NaN,0.081,-0.065,0.995,-0.032,0,0,0.536,3.44,6.415,0.882,NaN,-0.036,-0.121,0.992,0.032,0,0,0.575,3.667,6.373,0.886,0.4446311,0.823866
334851,1.00000192835082e+18,63875742719239,-0.065,1.43,0.283,-0.016,-0.049,0.011,0.999,NaN,-0.035,-0.12,0.992,0,0,0,64.325,NaN,0.081,-0.065,0.995,-0.032,0,0,0.536,3.439,6.415,0.882,NaN,-0.035,-0.12,0.992,0.032,0,0,0.576,3.671,6.373,0.886,0.4478752,0.8192136
334852,1.00000192835584e+18,63875742719251,-0.065,1.43,0.283,-0.016,-0.049,0.011,0.999,NaN,-0.034,-0.12,0.992,0,0,0,64.325,NaN,0.081,-0.065,0.995,-0.032,0,0,0.536,3.439,6.415,0.883,NaN,-0.034,-0.12,0.992,0.032,0,0,0.576,3.674,6.373,0.886,0.4514668,0.8193012
334853,1.00000192836084e+18,63875742719251,-0.065,1.43,0.283,-0.016,-0.049,0.011,0.999,NaN,-0.033,-0.12,0.992,0,0,0,64.325,NaN,0.081,-0.065,0.995,-0.032,0,0,0.536,3.439,6.415,0.883,NaN,-0.032,-0.12,0.992,0.032,0,0,0.577,3.677,6.373,0.886,0.4553677,0.8165289
334854,1.00000192836586e+18,63875742719251,-0.065,1.43,0.283,-0.016,-0.049,0.011,0.999,NaN,-0.032,-0.119,0.992,0,0,0,64.325,NaN,0.081,-0.065,0.995,-0.032,0,0,0.538,3.45,6.415,0.883,NaN,-0.031,-0.119,0.992,0.032,0,0,0.578,3.682,6.373,0.886,0.4600481,0.7597873
334855,1.00000192837088e+18,63875742719262,-0.065,1.43,0.283,-0.016,-0.049,0.011,0.999,NaN,-0.03,-0.119,0.992,0,0,0,64.325,NaN,0.072,-0.069,0.995,-0.032,0,0,0.54,3.462,6.415,0.883,NaN,-0.03,-0.119,0.992,0.032,0,0,0.579,3.688,6.373,0.886,0.505839,0.6490097
334856,1.00000192837586e+18,63875742719262,-0.065,1.43,0.283,-0.016,-0.049,0.011,0.999,NaN,-0.03,-0.119,0.992,0,0,0,64.325,NaN,0.072,-0.068,0.995,-0.032,0,0,0.539,3.457,6.415,0.883,NaN,-0.03,-0.119,0.992,0.032,0,0,0.58,3.694,6.373,0.885,0.5025869,0.558749
334857,1.0000019283809e+18,63875742719272,-0.065,1.43,0.283,-0.016,-0.049,0.011,0.999,NaN,-0.026,-0.119,0.993,0,0,0,64.325,NaN,0.072,-0.067,0.995,-0.032,0,0,0.533,3.419,6.415,0.882,NaN,-0.025,-0.119,0.993,0.032,0,0,0.58,3.695,6.373,0.884,0.5125697,0.1568318
334858,1.00000192838616e+18,63875742719272,-0.065,1.43,0.283,-0.016,-0.049,0.011,0.999,NaN,-0.019,-0.113,0.993,0,0,0,64.325,NaN,0.068,-0.067,0.995,-0.032,0,0,0.539,3.46,6.415,0.881,NaN,-0.023,-0.113,0.993,0.032,0,0,0.58,3.696,6.373,0.882,0.5621344,0
334859,1.00000192839116e+18,63875742719284,-0.065,1.43,0.283,-0.016,-0.049,0.011,0.999,NaN,-0.019,-0.106,0.994,0,0,0,64.325,NaN,0.065,-0.058,0.996,-0.032,0,0,0.539,3.46,6.415,0.88,NaN,-0.023,-0.106,0.994,0.032,0,0,0.58,3.699,6.373,0.878,0.5587294,0
334860,1.00000192839617e+18,63875742719284,-0.065,1.43,0.283,-0.016,-0.049,0.011,0.999,NaN,-0.021,-0.095,0.995,0,0,0,64.325,NaN,0.062,-0.042,0.997,-0.032,0,0,0.538,3.454,6.415,0.878,NaN,-0.023,-0.095,0.995,0.032,0,0,0.581,3.705,6.373,0.875,0.5415319,0
334861,1.00000192840119e+18,63875742719295,-0.065,1.43,0.283,-0.016,-0.049,0.011,0.999,NaN,-0.022,-0.082,0.996,0,0,0,64.325,NaN,0.06,-0.025,0.998,-0.032,0,0,0.528,3.386,6.415,0.876,NaN,-0.025,-0.082,0.996,0.032,0,0,0.582,3.712,6.373,0.87,0.5197586,0
334862,1.00000192840621e+18,63875742719295,-0.065,1.43,0.283,-0.016,-0.049,0.011,0.999,NaN,-0.025,-0.062,0.998,0,0,0,64.325,NaN,0.058,-0.007,0.998,-0.032,0,0,0.523,3.355,6.415,0.875,NaN,-0.027,-0.062,0.998,0.032,0,0,0.586,3.732,6.373,0.866,0.535219,0
334863,1.00000192841123e+18,63875742719306,-0.065,1.43,0.283,-0.016,-0.049,0.011,0.999,NaN,-0.026,-0.044,0.999,0,0,0,64.325,NaN,0.056,0.008,0.998,-0.032,0,0,0.521,3.344,6.415,0.874,NaN,-0.028,-0.044,0.999,0.032,0,0,0.587,3.739,6.373,0.863,0.5557673,0
334864,1.00000192841625e+18,63875742719306,-0.065,1.43,0.283,-0.016,-0.049,0.011,0.999,NaN,-0.027,-0.029,0.999,0,0,0,64.325,NaN,0.053,0.022,0.998,-0.032,0,0,0.526,3.372,6.415,0.873,NaN,-0.029,-0.029,0.999,0.032,0,0,0.588,3.746,6.373,0.861,0.5648252,0
334865,1.00000192842099e+18,63875742719306,-0.065,1.43,0.283,-0.016,-0.049,0.011,0.999,NaN,-0.028,-0.017,0.999,0,0,0,64.325,NaN,0.051,0.032,0.998,-0.032,0,0,0.528,3.39,6.415,0.873,NaN,-0.03,-0.017,0.999,0.032,0,0,0.588,3.748,6.373,0.859,0.5748926,0
334866,1.00000192842601e+18,63875742719317,-0.065,1.43,0.283,-0.016,-0.049,0.011,0.999,NaN,-0.03,-0.009,0.999,0,0,0,64.325,NaN,0.049,0.04,0.998,-0.032,0,0,0.529,3.396,6.415,0.872,NaN,-0.032,-0.009,0.999,0.032,0,0,0.588,3.749,6.373,0.857,0.5795913,0
334867,1.00000192843099e+18,63875742719317,-0.065,1.43,0.283,-0.016,-0.049,0.011,0.999,NaN,-0.033,0.014,0.999,0,0,0,64.325,NaN,0.047,0.046,0.998,-0.032,0,0,0.533,3.417,6.415,0.872,NaN,-0.034,0.014,0.999,0.032,0,0,0.588,3.75,6.373,0.856,0.6846356,0
334868,1.00000192843601e+18,63875742719328,-0.065,1.43,0.283,-0.016,-0.049,0.011,0.999,NaN,-0.036,0.029,0.999,0,0,0,64.325,NaN,0.044,0.054,0.998,-0.032,0,0,0.556,3.567,6.415,0.873,NaN,-0.037,0.029,0.999,0.032,0,0,0.589,3.751,6.373,0.855,0.7270352,0
334869,1.00000192844103e+18,63875742719328,-0.065,1.43,0.283,-0.016,-0.049,0.011,0.999,NaN,-0.038,0.022,0.999,0,0,0,64.325,NaN,0.041,0.061,0.997,-0.032,0,0,0.564,3.618,6.415,0.873,NaN,-0.039,0.022,0.999,0.032,0,0,0.589,3.752,6.373,0.854,0.6528696,0
334870,1.00000192844603e+18,63875742719340,-0.065,1.43,0.283,-0.016,-0.05,0.011,0.999,NaN,-0.041,0.033,0.999,0,0,0,64.325,NaN,0.017,0.06,0.998,-0.032,0,0,0.568,3.642,6.415,0.873,NaN,-0.041,0.033,0.999,0.032,0,0,0.589,3.753,6.373,0.854,0.917498,0
334871,1.00000192845105e+18,63875742719340,-0.065,1.43,0.283,-0.016,-0.05,0.011,0.999,NaN,-0.043,0.041,0.998,0,0,0,64.325,NaN,-0.004,0.059,0.998,-0.032,0,0,0.576,3.694,6.415,0.873,NaN,-0.044,0.041,0.998,0.032,0,0,0.589,3.756,6.373,0.854,2,0
334872,1.00000192845609e+18,63875742719350,-0.065,1.43,0.283,-0.016,-0.05,0.011,0.999,NaN,-0.045,0.045,0.998,0,0,0,64.325,NaN,-0.02,0.058,0.998,-0.032,0,0,0.575,3.691,6.415,0.873,NaN,-0.046,0.045,0.998,0.032,0,0,0.59,3.758,6.373,0.853,2,0
334873,1.00000192846112e+18,63875742719350,-0.065,1.43,0.283,-0.016,-0.05,0.011,0.999,NaN,-0.047,0.035,0.998,0,0,0,64.325,NaN,-0.031,0.047,0.998,-0.032,0,0,0.571,3.666,6.415,0.873,NaN,-0.047,0.035,0.998,0.032,0,0,0.59,3.758,6.373,0.853,2,0
334874,1.00000192846614e+18,63875742719350,-0.065,1.43,0.283,-0.016,-0.05,0.011,0.999,NaN,-0.048,0.04,0.998,0,0,0,64.325,NaN,-0.039,0.049,0.998,-0.032,0,0,0.571,3.663,6.415,0.873,NaN,-0.048,0.04,0.998,0.032,0,0,0.59,3.758,6.373,0.853,2,0
334875,1.00000192847116e+18,63875742719362,-0.065,1.43,0.283,-0.016,-0.05,0.011,0.999,NaN,-0.05,0.044,0.998,0,0,0,64.325,NaN,-0.044,0.05,0.998,-0.032,0,0,0.571,3.664,6.415,0.873,NaN,-0.05,0.044,0.998,0.032,0,0,0.59,3.758,6.373,0.853,2,0
334876,1.00000192847618e+18,63875742719362,-0.065,1.43,0.283,-0.016,-0.05,0.011,0.999,NaN,-0.051,0.047,0.998,0,0,0,64.325,NaN,-0.048,0.051,0.998,-0.032,0,0,0.572,3.673,6.415,0.873,NaN,-0.051,0.047,0.998,0.032,0,0,0.59,3.758,6.373,0.852,2,0
334877,1.00000192848117e+18,63875742719372,-0.065,1.43,0.283,-0.016,-0.05,0.011,0.999,NaN,-0.052,0.048,0.998,0,0,0,64.325,NaN,-0.05,0.051,0.997,-0.032,0,0,0.574,3.683,6.415,0.873,NaN,-0.052,0.048,0.998,0.032,0,0,0.59,3.758,6.373,0.852,2,0
334878,1.00000192848616e+18,63875742719372,-0.065,1.43,0.283,-0.016,-0.05,0.011,0.999,NaN,-0.052,0.049,0.997,0,0,0,64.325,NaN,-0.052,0.051,0.997,-0.032,0,0,0.575,3.688,6.415,0.874,NaN,-0.052,0.049,0.997,0.032,0,0,0.59,3.759,6.373,0.852,2,0
334879,1.00000192849117e+18,63875742719384,-0.064,1.43,0.282,-0.016,-0.05,0.011,0.999,NaN,-0.052,0.04,0.998,0,0,0,64.325,NaN,-0.052,0.045,0.998,-0.032,0,0,0.575,3.691,6.415,0.874,NaN,-0.052,0.04,0.998,0.032,0,0,0.59,3.759,6.373,0.852,2,0
334880,1.00000192849615e+18,63875742719384,-0.064,1.43,0.282,-0.016,-0.05,0.011,0.999,NaN,-0.053,0.042,0.998,0,0,0,64.325,NaN,-0.053,0.046,0.998,-0.032,0,0,0.576,3.694,6.415,0.874,NaN,-0.053,0.042,0.998,0.032,0,0,0.59,3.759,6.373,0.852,2,0
334881,1.00000192850116e+18,63875742719395,-0.064,1.43,0.282,-0.016,-0.05,0.011,0.999,NaN,-0.053,0.044,0.998,0,0,0,64.325,NaN,-0.053,0.047,0.997,-0.032,0,0,0.576,3.697,6.415,0.874,NaN,-0.053,0.044,0.998,0.032,0,0,0.59,3.758,6.373,0.852,2,0
334882,1.00000192850617e+18,63875742719395,-0.064,1.43,0.282,-0.016,-0.05,0.011,0.999,NaN,-0.053,0.046,0.998,0,0,0,64.325,NaN,-0.053,0.047,0.997,-0.032,0,0,0.577,3.699,6.415,0.874,NaN,-0.053,0.046,0.998,0.032,0,0,0.59,3.759,6.373,0.852,2,0
334883,1.00000192851121e+18,63875742719405,-0.064,1.43,0.282,-0.016,-0.05,0.011,0.999,NaN,-0.053,0.039,0.998,0,0,0,64.325,NaN,-0.053,0.044,0.998,-0.032,0,0,0.577,3.699,6.415,0.874,NaN,-0.053,0.039,0.998,0.032,0,0,0.59,3.759,6.373,0.852,2,0
334884,1.00000192851622e+18,63875742719405,-0.064,1.43,0.282,-0.016,-0.05,0.011,0.999,NaN,-0.052,0.036,0.998,0,0,0,64.325,NaN,-0.052,0.043,0.998,-0.032,0,0,0.572,3.672,6.415,0.874,NaN,-0.052,0.036,0.998,0.032,0,0,0.59,3.759,6.373,0.852,2,0
334885,1.00000192852124e+18,63875742719405,-0.064,1.43,0.282,-0.016,-0.05,0.011,0.999,NaN,-0.052,0.033,0.998,0,0,0,64.325,NaN,-0.052,0.04,0.998,-0.032,0,0,0.54,3.466,6.415,0.875,NaN,-0.052,0.033,0.998,0.032,0,0,0.59,3.758,6.373,0.852,2,0
334886,1.00000192852625e+18,63875742719417,-0.064,1.43,0.282,-0.016,-0.05,0.011,0.999,NaN,-0.052,0.032,0.998,0,0,0,64.325,NaN,-0.051,0.036,0.998,-0.032,0,0,0.536,3.435,6.415,0.875,NaN,-0.052,0.032,0.998,0.032,0,0,0.59,3.757,6.373,0.852,2,0
334887,1.00000192853125e+18,63875742719417,-0.064,1.43,0.282,-0.016,-0.05,0.011,0.999,NaN,-0.052,0.031,0.998,0,0,0,64.325,NaN,-0.051,0.032,0.998,-0.032,0,0,0.535,3.429,6.415,0.876,NaN,-0.052,0.031,0.998,0.032,0,0,0.589,3.755,6.373,0.853,2,0
334888,1.00000192853625e+18,63875742719428,-0.064,1.43,0.282,-0.016,-0.049,0.011,0.999,NaN,-0.051,0.029,0.998,0,0,0,64.325,NaN,-0.051,0.028,0.998,-0.032,0,0,0.533,3.421,6.415,0.876,NaN,-0.052,0.029,0.998,0.032,0,0,0.589,3.753,6.373,0.853,2,0
334889,1.00000192854126e+18,63875742719428,-0.064,1.43,0.282,-0.016,-0.049,0.011,0.999,NaN,-0.051,0.026,0.998,0,0,0,64.325,NaN,-0.05,0.024,0.998,-0.032,0,0,0.532,3.413,6.415,0.876,NaN,-0.051,0.026,0.998,0.032,0,0,0.589,3.751,6.373,0.853,2,0
334890,1.00000192854628e+18,63875742719439,-0.064,1.43,0.282,-0.016,-0.049,0.011,0.999,NaN,-0.051,0.023,0.998,0,0,0,64.325,NaN,-0.05,0.02,0.999,-0.032,0,0,0.536,3.439,6.415,0.877,NaN,-0.051,0.023,0.998,0.032,0,0,0.588,3.749,6.373,0.853,2,0
334891,1.00000192855129e+18,63875742719439,-0.064,1.43,0.282,-0.016,-0.049,0.011,0.999,NaN,-0.051,0.021,0.998,0,0,0,64.325,NaN,-0.05,0.017,0.999,-0.032,0,0,0.539,3.459,6.415,0.877,NaN,-0.051,0.021,0.998,0.032,0,0,0.588,3.748,6.373,0.854,2,0
334892,1.00000192855629e+18,63875742719450,-0.064,1.43,0.282,-0.016,-0.049,0.011,0.999,NaN,-0.051,0.018,0.999,0,0,0,64.325,NaN,-0.049,0.015,0.999,-0.032,0,0,0.54,3.466,6.415,0.878,NaN,-0.051,0.018,0.999,0.032,0,0,0.588,3.748,6.373,0.854,2,0
334893,1.0000019285613e+18,63875742719450,-0.064,1.43,0.282,-0.016,-0.049,0.011,0.999,NaN,-0.051,0.016,0.999,0,0,0,64.325,NaN,-0.049,0.013,0.999,-0.032,0,0,0.541,3.468,6.415,0.878,NaN,-0.051,0.016,0.999,0.032,0,0,0.588,3.748,6.373,0.854,2,0
334894,1.00000192856634e+18,63875742719450,-0.064,1.43,0.282,-0.016,-0.049,0.011,0.999,NaN,-0.05,0.014,0.999,0,0,0,64.325,NaN,-0.049,0.011,0.999,-0.032,0,0,0.541,3.469,6.415,0.878,NaN,-0.05,0.014,0.999,0.032,0,0,0.588,3.748,6.373,0.855,2,0
334895,1.00000192857135e+18,63875742719462,-0.064,1.43,0.282,-0.016,-0.049,0.011,0.999,NaN,-0.05,0.013,0.999,0,0,0,64.325,NaN,-0.049,0.01,0.999,-0.032,0,0,0.558,3.58,6.415,0.879,NaN,-0.05,0.013,0.999,0.032,0,0,0.588,3.748,6.373,0.855,2,0
334896,1.00000192857636e+18,63875742719462,-0.064,1.43,0.282,-0.016,-0.049,0.011,0.999,NaN,-0.05,0.011,0.999,0,0,0,64.325,NaN,-0.049,0.009,0.999,-0.032,0,0,0.558,3.578,6.415,0.879,NaN,-0.05,0.011,0.999,0.032,0,0,0.588,3.748,6.373,0.856,2,0
334897,1.00000192858137e+18,63875742719472,-0.064,1.43,0.282,-0.016,-0.049,0.011,0.999,NaN,-0.05,0.01,0.999,0,0,0,64.325,NaN,-0.049,0.008,0.999,-0.032,0,0,0.556,3.568,6.415,0.88,NaN,-0.05,0.01,0.999,0.032,0,0,0.588,3.748,6.373,0.856,2,0
334898,1.00000192858638e+18,63875742719472,-0.064,1.43,0.282,-0.016,-0.049,0.011,0.999,NaN,-0.05,0.009,0.999,0,0,0,64.325,NaN,-0.048,0.007,0.999,-0.032,0,0,0.555,3.563,6.415,0.88,NaN,-0.05,0.009,0.999,0.032,0,0,0.588,3.748,6.373,0.857,2,0
334899,1.00000192859136e+18,63875742719484,-0.064,1.43,0.282,-0.016,-0.049,0.011,0.999,NaN,-0.05,0.008,0.999,0,0,0,64.325,NaN,-0.048,0.007,0.999,-0.032,0,0,0.567,3.64,6.415,0.881,NaN,-0.05,0.008,0.999,0.032,0,0,0.588,3.749,6.373,0.857,2,0.4343502
334900,1.00000192859639e+18,63875742719484,-0.064,1.43,0.282,-0.016,-0.049,0.011,0.999,NaN,-0.05,0.008,0.999,0,0,0,64.325,NaN,-0.048,0.006,0.999,-0.032,0,0,0.575,3.687,6.415,0.881,NaN,-0.05,0.008,0.999,0.032,0,0,0.588,3.749,6.373,0.857,2,0.4387244
334901,1.00000192860143e+18,63875742719495,-0.064,1.43,0.282,-0.016,-0.049,0.011,0.999,NaN,-0.05,0.007,0.999,0,0,0,64.325,NaN,-0.048,0.006,0.999,-0.032,0,0,0.569,3.653,6.415,0.881,NaN,-0.05,0.007,0.999,0.032,0,0,0.588,3.749,6.373,0.858,2,0.4413123
334902,1.00000192860642e+18,63875742719495,-0.064,1.43,0.282,-0.016,-0.049,0.011,0.999,NaN,-0.049,0.007,0.999,0,0,0,64.325,NaN,-0.048,0.006,0.999,-0.032,0,0,0.553,3.546,6.415,0.882,NaN,-0.049,0.007,0.999,0.032,0,0,0.588,3.749,6.373,0.858,2,1
334903,1.00000192861142e+18,63875742719505,-0.064,1.43,0.282,-0.016,-0.049,0.011,0.999,NaN,-0.049,0.006,0.999,0,0,0,64.325,NaN,-0.048,0.005,0.999,-0.032,0,0,0.548,3.512,6.415,0.884,NaN,-0.049,0.006,0.999,0.032,0,0,0.588,3.749,6.373,0.859,2,1
334904,1.00000192861643e+18,63875742719505,-0.064,1.43,0.282,-0.016,-0.049,0.011,0.999,NaN,-0.049,0.006,0.999,0,0,0,64.325,NaN,-0.048,0.005,0.999,-0.032,0,0,0.546,3.501,6.415,0.885,NaN,-0.049,0.006,0.999,0.032,0,0,0.588,3.75,6.373,0.859,2,1
334905,1.00000192862148e+18,63875742719505,-0.064,1.43,0.282,-0.016,-0.049,0.011,0.999,NaN,-0.049,0.005,0.999,0,0,0,64.325,NaN,-0.048,0.004,0.999,-0.032,0,0,0.54,3.461,6.415,0.886,NaN,-0.049,0.005,0.999,0.032,0,0,0.589,3.751,6.373,0.86,2,1
334906,1.00000192862649e+18,63875742719517,-0.064,1.43,0.282,-0.016,-0.049,0.011,0.999,NaN,-0.049,0.005,0.999,0,0,0,64.325,NaN,-0.047,0.004,0.999,-0.032,0,0,0.537,3.445,6.415,0.886,NaN,-0.049,0.005,0.999,0.032,0,0,0.589,3.753,6.373,0.86,2,1
334907,1.00000192863151e+18,63875742719517,-0.064,1.43,0.282,-0.016,-0.049,0.011,0.999,NaN,-0.049,0.005,0.999,0,0,0,64.325,NaN,-0.047,0.004,0.999,-0.032,0,0,0.535,3.433,6.415,0.887,NaN,-0.049,0.005,0.999,0.032,0,0,0.589,3.754,6.373,0.86,2,1
334908,1.00000192863651e+18,63875742719528,-0.064,1.43,0.282,-0.016,-0.049,0.011,0.999,NaN,-0.048,0.004,0.999,0,0,0,64.325,NaN,-0.047,0.004,0.999,-0.032,0,0,0.537,3.443,6.415,0.887,NaN,-0.048,0.004,0.999,0.032,0,0,0.589,3.754,6.373,0.861,2,1
334909,1.00000192864158e+18,63875742719528,-0.064,1.43,0.282,-0.016,-0.049,0.011,0.999,NaN,-0.048,0.004,0.999,0,0,0,64.325,NaN,-0.047,0.004,0.999,-0.032,0,0,0.537,3.445,6.415,0.887,NaN,-0.048,0.004,0.999,0.032,0,0,0.589,3.755,6.373,0.861,2,1
334910,1.00000192864658e+18,63875742719540,-0.064,1.43,0.282,-0.016,-0.049,0.011,0.999,NaN,-0.048,0.004,0.999,0,0,0,64.325,NaN,-0.047,0.004,0.999,-0.032,0,0,0.545,3.499,6.415,0.887,NaN,-0.048,0.004,0.999,0.032,0,0,0.589,3.756,6.373,0.861,2,1
334911,1.00000192865159e+18,63875742719540,-0.064,1.43,0.282,-0.016,-0.049,0.011,0.999,NaN,-0.048,0.004,0.999,0,0,0,64.325,NaN,-0.047,0.004,0.999,-0.032,0,0,0.553,3.549,6.415,0.887,NaN,-0.048,0.004,0.999,0.032,0,0,0.59,3.757,6.373,0.861,2,1
334912,1.00000192865661e+18,63875742719551,-0.064,1.43,0.282,-0.016,-0.049,0.011,0.999,NaN,-0.048,0.004,0.999,0,0,0,64.325,NaN,-0.047,0.004,0.999,-0.032,0,0,0.558,3.577,6.415,0.887,NaN,-0.048,0.004,0.999,0.032,0,0,0.59,3.758,6.373,0.862,2,1
334913,1.00000192866156e+18,63875742719551,-0.064,1.43,0.282,-0.016,-0.049,0.011,0.999,NaN,-0.048,0.004,0.999,0,0,0,64.325,NaN,-0.047,0.004,0.999,-0.032,0,0,0.561,3.6,6.415,0.888,NaN,-0.048,0.004,0.999,0.032,0,0,0.59,3.758,6.373,0.862,2,1
334914,1.00000192866659e+18,63875742719562,-0.064,1.43,0.282,-0.016,-0.049,0.011,0.999,NaN,-0.048,0.004,0.999,0,0,0,64.325,NaN,-0.047,0.004,0.999,-0.032,0,0,0.562,3.608,6.415,0.888,NaN,-0.048,0.004,0.999,0.032,0,0,0.59,3.759,6.373,0.862,2,1
334915,1.0000019286716e+18,63875742719562,-0.064,1.43,0.282,-0.016,-0.049,0.011,0.999,NaN,-0.048,0.003,0.999,0,0,0,64.325,NaN,-0.037,0.009,0.999,-0.032,0,0,0.571,3.666,6.415,0.888,NaN,-0.048,0.003,0.999,0.032,0,0,0.59,3.759,6.373,0.862,2,0.9581728
334916,1.00000192867664e+18,63875742719562,-0.064,1.43,0.282,-0.016,-0.049,0.011,0.999,NaN,-0.048,0.003,0.999,0,0,0,64.325,NaN,-0.018,0.027,0.999,-0.032,0,0,0.605,3.879,6.415,0.888,NaN,-0.048,0.003,0.999,0.032,0,0,0.59,3.762,6.373,0.862,2,0.8178701
334917,1.00000192868166e+18,63875742719572,-0.064,1.43,0.282,-0.016,-0.05,0.011,0.999,NaN,-0.046,0.003,0.999,0,0,0,64.325,NaN,0.004,0.052,0.999,-0.032,0,0,0.613,3.934,6.415,0.889,NaN,-0.046,0.003,0.999,0.032,0,0,0.591,3.769,6.373,0.862,0.6597505,0.5487315
334918,1.00000192868667e+18,63875742719573,-0.064,1.43,0.282,-0.016,-0.05,0.011,0.999,NaN,-0.043,0.004,0.999,0,0,0,64.325,NaN,0.023,0.075,0.997,-0.032,0,0,0.616,3.953,6.415,0.888,NaN,-0.043,0.004,0.999,0.032,0,0,0.591,3.767,6.373,0.861,0.4485826,0.3304816
334919,1.00000192869165e+18,63875742719584,-0.064,1.43,0.282,-0.016,-0.049,0.011,0.999,NaN,-0.039,0.004,0.999,0,0,0,64.325,NaN,0.041,0.096,0.995,-0.032,0,0,0.616,3.954,6.415,0.888,NaN,-0.038,0.004,0.999,0.032,0,0,0.588,3.749,6.373,0.861,0.3446781,0.2587996
334920,1.00000192869667e+18,63875742719584,-0.064,1.43,0.282,-0.016,-0.049,0.011,0.999,NaN,-0.033,0.005,0.999,0,0,0,64.325,NaN,0.061,0.111,0.992,-0.032,0,0,0.601,3.852,6.415,0.888,NaN,-0.033,0.005,0.999,0.032,0,0,0.585,3.726,6.373,0.86,0.2981519,0.1424029
334921,1.00000192870168e+18,63875742719595,-0.064,1.43,0.282,-0.016,-0.05,0.011,0.999,NaN,-0.025,0.006,1,0,0,0,64.325,NaN,0.076,0.122,0.99,-0.032,0,0,0.597,3.83,6.415,0.887,NaN,-0.025,0.006,1,0.032,0,0,0.584,3.719,6.373,0.86,0.2710709,0
334922,1.00000192870669e+18,63875742719595,-0.064,1.43,0.282,-0.016,-0.05,0.011,0.999,NaN,-0.012,0.01,1,0,0,0,64.325,NaN,0.087,0.13,0.988,-0.032,0,0,0.596,3.822,6.415,0.887,NaN,-0.012,0.01,1,0.032,0,0,0.594,3.783,6.373,0.86,0.2597151,0
334923,1.00000192871171e+18,63875742719607,-0.064,1.43,0.282,-0.016,-0.049,0.011,0.999,NaN,-0.001,0.016,1,0,0,0,64.325,NaN,0.096,0.134,0.986,-0.032,0,0,0.591,3.79,6.415,0.888,NaN,-0.001,0.016,1,0.032,0,0,0.598,3.809,6.373,0.86,0.2624484,0
334924,1.00000192871672e+18,63875742719617,-0.064,1.43,0.282,-0.016,-0.05,0.011,0.999,NaN,0.008,0.023,1,0,0,0,64.325,NaN,0.102,0.137,0.985,-0.032,0,0,0.587,3.766,6.415,0.888,NaN,0.008,0.023,1,0.032,0,0,0.599,3.815,6.373,0.86,0.2720318,0
334925,1.00000192872172e+18,63875742719617,-0.064,1.43,0.282,-0.016,-0.05,0.011,0.999,NaN,0.015,0.03,0.999,0,0,0,64.325,NaN,0.107,0.139,0.985,-0.032,0,0,0.583,3.742,6.415,0.888,NaN,0.015,0.03,0.999,0.032,0,0,0.598,3.814,6.373,0.86,0.2870284,0
334926,1.00000192872672e+18,63875742719617,-0.064,1.43,0.282,-0.016,-0.05,0.011,0.999,NaN,0.019,0.035,0.999,0,0,0,64.325,NaN,0.11,0.14,0.984,-0.032,0,0,0.583,3.742,6.415,0.888,NaN,0.019,0.035,0.999,0.032,0,0,0.597,3.802,6.373,0.86,0.299207,0
334927,1.00000192873179e+18,63875742719628,-0.064,1.43,0.282,-0.016,-0.05,0.011,0.999,NaN,0.023,0.04,0.999,0,0,0,64.325,NaN,0.112,0.141,0.984,-0.032,0,0,0.584,3.743,6.415,0.888,NaN,0.023,0.04,0.999,0.032,0,0,0.595,3.79,6.373,0.86,0.3092912,0
334928,1.00000192873681e+18,63875742719628,-0.064,1.43,0.282,-0.016,-0.05,0.011,0.999,NaN,0.025,0.043,0.999,0,0,0,64.325,NaN,0.114,0.143,0.983,-0.032,0,0,0.584,3.747,6.415,0.888,NaN,0.025,0.043,0.999,0.032,0,0,0.594,3.784,6.373,0.861,0.3170613,0
334929,1.00000192874183e+18,63875742719628,-0.064,1.43,0.282,-0.016,-0.05,0.011,0.999,NaN,0.026,0.047,0.999,0,0,0,64.325,NaN,0.115,0.143,0.983,-0.032,0,0,0.585,3.751,6.415,0.888,NaN,0.026,0.047,0.999,0.032,0,0,0.593,3.78,6.373,0.861,0.3245538,0
334930,1.00000192874684e+18,63875742719639,-0.064,1.43,0.282,-0.016,-0.05,0.011,0.999,NaN,0.028,0.048,0.998,0,0,0,64.325,NaN,0.115,0.145,0.983,-0.032,0,0,0.592,3.798,6.415,0.888,NaN,0.028,0.048,0.998,0.032,0,0,0.592,3.774,6.373,0.861,0.3233435,0
334931,1.00000192875185e+18,63875742719651,-0.064,1.43,0.282,-0.016,-0.05,0.011,0.999,NaN,0.028,0.05,0.998,0,0,0,64.325,NaN,0.115,0.15,0.982,-0.032,0,0,0.607,3.897,6.415,0.888,NaN,0.028,0.05,0.998,0.032,0,0,0.591,3.767,6.373,0.862,0.3123273,0
334932,1.00000192875686e+18,63875742719651,-0.064,1.43,0.282,-0.016,-0.05,0.011,0.999,NaN,0.029,0.05,0.998,0,0,0,64.325,NaN,0.119,0.159,0.98,-0.032,0,0,0.621,3.986,6.415,0.888,NaN,0.029,0.05,0.998,0.032,0,0,0.589,3.756,6.373,0.862,0.2852546,0
334933,1.00000192876188e+18,63875742719651,-0.064,1.43,0.282,-0.016,-0.05,0.011,0.999,NaN,0.029,0.05,0.998,0,0,0,64.325,NaN,0.122,0.17,0.978,-0.032,0,0,0.647,4.151,6.415,0.888,NaN,0.029,0.05,0.998,0.032,0,0,0.588,3.748,6.373,0.863,0.2551541,0
334934,1.00000192876689e+18,63875742719661,-0.064,1.43,0.282,-0.016,-0.05,0.011,0.999,NaN,0.029,0.051,0.998,0,0,0,64.325,NaN,0.125,0.177,0.976,-0.032,0,0,0.648,4.157,6.415,0.888,NaN,0.029,0.051,0.998,0.032,0,0,0.587,3.743,6.373,0.864,0.237881,0
334935,1.00000192877185e+18,63875742719661,-0.064,1.43,0.282,-0.016,-0.05,0.011,0.999,NaN,0.029,0.05,0.998,0,0,0,64.325,NaN,0.123,0.173,0.977,-0.032,0,0,0.614,3.936,6.415,0.888,NaN,0.029,0.05,0.998,0.032,0,0,0.587,3.739,6.373,0.864,0.246997,0
334936,1.00000192877684e+18,63875742719672,-0.064,1.43,0.282,-0.016,-0.05,0.011,0.999,NaN,0.029,0.05,0.998,0,0,0,64.325,NaN,0.122,0.17,0.978,-0.032,0,0,0.61,3.912,6.415,0.889,NaN,0.029,0.05,0.998,0.032,0,0,0.586,3.737,6.373,0.865,0.2541229,0
334937,1.00000192878185e+18,63875742719672,-0.064,1.43,0.282,-0.016,-0.05,0.011,0.999,NaN,0.029,0.05,0.998,0,0,0,64.325,NaN,0.121,0.168,0.978,-0.032,0,0,0.605,3.882,6.415,0.89,NaN,0.029,0.05,0.998,0.032,0,0,0.586,3.735,6.373,0.866,0.2608993,0
334938,1.00000192878685e+18,63875742719672,-0.064,1.43,0.282,-0.016,-0.05,0.011,0.999,NaN,0.029,0.05,0.998,0,0,0,64.325,NaN,0.121,0.165,0.979,-0.032,0,0,0.601,3.857,6.415,0.89,NaN,0.029,0.05,0.998,0.032,0,0,0.586,3.734,6.373,0.867,0.2679725,0.04976977
334939,1.00000192879186e+18,63875742719684,-0.064,1.43,0.282,-0.016,-0.05,0.011,0.999,NaN,0.029,0.05,0.998,0,0,0,64.325,NaN,0.12,0.163,0.979,-0.032,0,0,0.6,3.849,6.415,0.89,NaN,0.029,0.05,0.998,0.032,0,0,0.586,3.733,6.373,0.867,0.2728863,0.1597721
334940,1.00000192879689e+18,63875742719684,-0.064,1.43,0.282,-0.016,-0.05,0.011,0.999,NaN,0.029,0.05,0.998,0,0,0,64.325,NaN,0.12,0.162,0.98,-0.032,0,0,0.6,3.846,6.415,0.891,NaN,0.029,0.05,0.998,0.032,0,0,0.586,3.733,6.373,0.868,0.2768826,0.3792578
334941,1.0000019288019e+18,63875742719695,-0.064,1.43,0.282,-0.016,-0.05,0.011,0.999,NaN,0.029,0.05,0.998,0,0,0,64.325,NaN,0.119,0.161,0.98,-0.032,0,0,0.599,3.844,6.415,0.891,NaN,0.029,0.05,0.998,0.032,0,0,0.586,3.733,6.373,0.869,0.2802033,0.8484847
334942,1.00000192880691e+18,63875742719695,-0.064,1.43,0.282,-0.016,-0.05,0.011,0.999,NaN,0.029,0.051,0.998,0,0,0,64.325,NaN,0.119,0.16,0.98,-0.032,0,0,0.599,3.843,6.415,0.892,NaN,0.029,0.051,0.998,0.032,0,0,0.586,3.734,6.373,0.87,0.2831734,0.9303697
334943,1.00000192881192e+18,63875742719706,-0.064,1.43,0.282,-0.016,-0.05,0.011,0.999,NaN,0.029,0.051,0.998,0,0,0,64.325,NaN,0.119,0.159,0.98,-0.032,0,0,0.599,3.842,6.415,0.893,NaN,0.029,0.051,0.998,0.032,0,0,0.586,3.735,6.373,0.871,0.2852806,0.9379241
334944,1.00000192881693e+18,63875742719706,-0.064,1.43,0.282,-0.016,-0.05,0.011,0.999,NaN,0.029,0.051,0.998,0,0,0,64.325,NaN,0.119,0.159,0.98,-0.032,0,0,0.599,3.841,6.415,0.894,NaN,0.029,0.051,0.998,0.032,0,0,0.586,3.735,6.373,0.872,0.2871721,0.9501131
334945,1.00000192882194e+18,63875742719717,-0.064,1.43,0.282,-0.016,-0.05,0.011,0.999,NaN,0.029,0.051,0.998,0,0,0,64.325,NaN,0.119,0.158,0.98,-0.032,0,0,0.599,3.84,6.415,0.895,NaN,0.029,0.051,0.998,0.032,0,0,0.586,3.736,6.373,0.873,0.2888288,0.9652655
334946,1.00000192882696e+18,63875742719717,-0.064,1.43,0.282,-0.016,-0.05,0.011,0.999,NaN,0.029,0.051,0.998,0,0,0,64.325,NaN,0.118,0.158,0.98,-0.032,0,0,0.598,3.836,6.415,0.895,NaN,0.029,0.051,0.998,0.032,0,0,0.586,3.736,6.373,0.874,0.2907054,0.9701246
334947,1.00000192883198e+18,63875742719728,-0.064,1.43,0.282,-0.016,-0.05,0.011,0.999,NaN,0.032,0.056,0.998,0,0,0,64.325,NaN,0.119,0.157,0.98,-0.032,0,0,0.595,3.814,6.415,0.896,NaN,0.032,0.056,0.998,0.032,0,0,0.586,3.737,6.373,0.875,0.3084388,0.3613978
334948,1.00000192883699e+18,63875742719728,-0.064,1.43,0.282,-0.016,-0.05,0.011,0.999,NaN,0.032,0.056,0.998,0,0,0,64.325,NaN,0.119,0.157,0.981,-0.032,0,0,0.595,3.815,6.415,0.897,NaN,0.032,0.056,0.998,0.032,0,0,0.587,3.738,6.373,0.876,0.3080851,0
334949,1.000001928842e+18,63875742719728,-0.064,1.43,0.282,-0.016,-0.05,0.011,0.999,NaN,0.032,0.055,0.998,0,0,0,64.325,NaN,0.119,0.156,0.981,-0.032,0,0,0.595,3.816,6.415,0.897,NaN,0.032,0.055,0.998,0.032,0,0,0.587,3.738,6.373,0.877,0.3074855,0
334950,1.00000192884701e+18,63875742719739,-0.064,1.43,0.282,-0.016,-0.05,0.011,0.999,NaN,0.032,0.055,0.998,0,0,0,64.325,NaN,0.118,0.156,0.981,-0.032,0,0,0.595,3.819,6.415,0.898,NaN,0.032,0.055,0.998,0.032,0,0,0.587,3.738,6.373,0.878,0.3069321,0
334951,1.00000192885205e+18,63875742719739,-0.064,1.43,0.282,-0.016,-0.05,0.011,0.999,NaN,0.031,0.054,0.998,0,0,0,64.325,NaN,0.118,0.156,0.981,-0.032,0,0,0.603,3.865,6.415,0.898,NaN,0.031,0.054,0.998,0.032,0,0,0.587,3.738,6.373,0.879,0.305695,0
334952,1.00000192885706e+18,63875742719750,-0.064,1.43,0.282,-0.016,-0.05,0.011,0.999,NaN,0.031,0.054,0.998,0,0,0,64.325,NaN,0.118,0.156,0.981,-0.032,0,0,0.605,3.884,6.415,0.899,NaN,0.031,0.054,0.998,0.032,0,0,0.587,3.738,6.373,0.88,0.3048729,0
334953,1.00000192886207e+18,63875742719750,-0.064,1.43,0.282,-0.016,-0.05,0.011,0.999,NaN,0.031,0.054,0.998,0,0,0,64.325,NaN,0.118,0.156,0.981,-0.032,0,0,0.606,3.89,6.415,0.9,NaN,0.031,0.054,0.998,0.032,0,0,0.587,3.739,6.373,0.881,0.3044451,0
334954,1.00000192886708e+18,63875742719762,-0.064,1.43,0.282,-0.015,-0.049,0.011,0.999,NaN,0.031,0.054,0.998,0,0,0,64.325,NaN,0.117,0.156,0.981,-0.032,0,0,0.608,3.899,6.415,0.901,NaN,0.031,0.054,0.998,0.032,0,0,0.587,3.74,6.373,0.882,0.3037326,0
334955,1.00000192887209e+18,63875742719762,-0.064,1.43,0.282,-0.015,-0.049,0.011,0.999,NaN,0.031,0.055,0.998,0,0,0,64.325,NaN,0.117,0.156,0.981,-0.032,0,0,0.608,3.9,6.415,0.901,NaN,0.031,0.055,0.998,0.032,0,0,0.587,3.741,6.373,0.883,0.305014,0
334956,1.00000192887718e+18,63875742719762,-0.064,1.43,0.282,-0.015,-0.049,0.011,0.999,NaN,0.031,0.055,0.998,0,0,0,64.325,NaN,0.117,0.157,0.981,-0.032,0,0,0.608,3.903,6.415,0.903,NaN,0.031,0.055,0.998,0.032,0,0,0.587,3.742,6.373,0.883,0.3040146,0
334957,1.00000192888215e+18,63875742719773,-0.064,1.43,0.282,-0.015,-0.05,0.011,0.999,NaN,0.031,0.053,0.998,0,0,0,64.325,NaN,0.117,0.157,0.981,-0.032,0,0,0.608,3.901,6.415,0.904,NaN,0.031,0.053,0.998,0.032,0,0,0.586,3.735,6.373,0.883,0.29928,0
334958,1.00000192888716e+18,63875742719773,-0.064,1.43,0.282,-0.015,-0.05,0.011,0.999,NaN,0.031,0.054,0.998,0,0,0,64.325,NaN,0.115,0.157,0.981,-0.032,0,0,0.585,3.754,6.415,0.905,NaN,0.031,0.054,0.998,0.032,0,0,0.586,3.736,6.373,0.884,0.2990018,0
334959,1.00000192889217e+18,63875742719784,-0.064,1.43,0.282,-0.015,-0.05,0.011,0.999,NaN,0.028,0.056,0.998,0,0,0,64.325,NaN,0.104,0.156,0.982,-0.032,0,0,0.542,3.479,6.415,0.907,NaN,0.028,0.056,0.998,0.032,0,0,0.589,3.752,6.373,0.884,0.3053016,0
334960,1.00000192889718e+18,63875742719784,-0.064,1.43,0.282,-0.015,-0.05,0.011,0.999,NaN,0.021,0.067,0.998,0,0,0,64.325,NaN,0.085,0.15,0.985,-0.032,0,0,0.505,3.239,6.415,0.909,NaN,0.021,0.067,0.998,0.032,0,0,0.589,3.751,6.373,0.883,0.3666914,0
334961,1.00000192890216e+18,63875742719796,-0.064,1.43,0.282,-0.015,-0.05,0.011,0.999,NaN,0.002,0.09,0.996,0,0,0,64.325,NaN,0.061,0.144,0.988,-0.032,0,0,0.493,3.162,6.415,0.91,NaN,0.002,0.09,0.996,0.032,0,0,0.595,3.792,6.373,0.883,0.5834957,0
334962,1.00000192890717e+18,63875742719796,-0.064,1.43,0.282,-0.015,-0.05,0.011,0.999,NaN,-0.026,0.119,0.993,0,0,0,64.325,NaN,0.028,0.148,0.989,-0.032,0,0,0.618,3.965,6.415,0.912,NaN,-0.026,0.119,0.993,0.032,0,0,0.609,3.881,6.373,0.882,0.9248627,0
334963,1.00000192891218e+18,63875742719806,-0.064,1.429,0.282,-0.015,-0.05,0.011,0.999,NaN,-0.072,0.148,0.986,0,0,0,64.325,NaN,0.004,0.158,0.987,-0.032,0,0,0.623,3.995,6.415,0.915,NaN,-0.072,0.148,0.986,0.032,0,0,0.608,3.877,6.373,0.88,0.8279986,0
334964,1.00000192891719e+18,63875742719806,-0.064,1.429,0.282,-0.015,-0.05,0.011,0.999,NaN,-0.122,0.164,0.979,0,0,0,64.325,NaN,-0.015,0.172,0.985,-0.032,0,0,0.622,3.99,6.415,0.917,NaN,-0.122,0.164,0.979,0.032,0,0,0.601,3.833,6.373,0.878,0.5897482,0
334965,1.00000192892219e+18,63875742719806,-0.064,1.429,0.282,-0.015,-0.05,0.011,0.999,NaN,-0.168,0.186,0.968,0,0,0,64.325,NaN,-0.064,0.168,0.984,-0.032,0,0,0.466,2.99,6.415,0.921,NaN,-0.168,0.186,0.968,0.032,0,0,0.61,3.884,6.373,0.874,0.5869721,0
334966,1.00000192892719e+18,63875742719817,-0.064,1.429,0.282,-0.015,-0.05,0.011,0.999,NaN,-0.222,0.189,0.957,0,0,0,64.325,NaN,-0.105,0.168,0.98,-0.032,0,0,0.472,3.028,6.415,0.922,NaN,-0.222,0.189,0.957,0.032,0,0,0.598,3.811,6.373,0.874,0.5109014,0
334967,1.00000192893219e+18,63875742719829,-0.064,1.43,0.282,-0.015,-0.05,0.011,0.999,NaN,-0.256,0.196,0.947,0,0,0,64.325,NaN,-0.137,0.167,0.976,-0.032,0,0,0.48,3.079,6.415,0.922,NaN,-0.256,0.196,0.947,0.032,0,0,0.6,3.822,6.373,0.873,0.4797597,0
334968,1.00000192893724e+18,63875742719829,-0.064,1.43,0.282,-0.015,-0.05,0.011,0.999,NaN,-0.282,0.208,0.937,0,0,0,64.325,NaN,-0.157,0.168,0.973,-0.032,0,0,0.491,3.152,6.415,0.923,NaN,-0.282,0.208,0.937,0.032,0,0,0.616,3.925,6.373,0.872,0.4307204,0
334969,1.00000192894224e+18,63875742719829,-0.064,1.43,0.282,-0.015,-0.05,0.011,0.999,NaN,-0.302,0.216,0.928,0,0,0,64.325,NaN,-0.169,0.17,0.971,-0.032,0,0,0.495,3.177,6.415,0.924,NaN,-0.302,0.216,0.928,0.032,0,0,0.623,3.969,6.373,0.871,0.3935563,0
334970,1.00000192894725e+18,63875742719840,-0.064,1.429,0.282,-0.016,-0.05,0.011,0.999,NaN,-0.315,0.223,0.923,0,0,0,64.325,NaN,-0.179,0.172,0.969,-0.032,0,0,0.495,3.175,6.415,0.925,NaN,-0.315,0.223,0.923,0.032,0,0,0.628,4.002,6.373,0.87,0.3754287,0
334971,1.00000192895225e+18,63875742719840,-0.064,1.429,0.282,-0.016,-0.05,0.011,0.999,NaN,-0.323,0.227,0.919,0,0,0,64.325,NaN,-0.185,0.175,0.967,-0.032,0,0,0.495,3.173,6.415,0.927,NaN,-0.323,0.227,0.919,0.032,0,0,0.629,4.009,6.373,0.87,0.3675842,0
334972,1.00000192895726e+18,63875742719851,-0.063,1.429,0.282,-0.016,-0.05,0.011,0.999,NaN,-0.327,0.23,0.916,0,0,0,64.325,NaN,-0.191,0.177,0.965,-0.032,0,0,0.495,3.174,6.415,0.929,NaN,-0.327,0.23,0.916,0.032,0,0,0.63,4.015,6.373,0.87,0.3664742,0
334973,1.00000192896233e+18,63875742719851,-0.063,1.429,0.282,-0.016,-0.05,0.011,0.999,NaN,-0.33,0.233,0.915,0,0,0,64.325,NaN,-0.201,0.176,0.964,-0.032,0,0,0.498,3.192,6.415,0.931,NaN,-0.33,0.233,0.915,0.032,0,0,0.631,4.019,6.373,0.871,0.3701426,0
334974,1.00000192896734e+18,63875742719862,-0.063,1.429,0.282,-0.016,-0.05,0.011,0.999,NaN,-0.332,0.235,0.914,0,0,0,64.325,NaN,-0.207,0.175,0.963,-0.032,0,0,0.501,3.217,6.415,0.934,NaN,-0.332,0.235,0.914,0.032,0,0,0.631,4.021,6.373,0.871,0.372257,0
334975,1.00000192897234e+18,63875742719862,-0.063,1.429,0.282,-0.016,-0.05,0.011,0.999,NaN,-0.333,0.235,0.913,0,0,0,64.325,NaN,-0.21,0.175,0.962,-0.032,0,0,0.503,3.226,6.415,0.937,NaN,-0.333,0.235,0.913,0.032,0,0,0.631,4.019,6.373,0.872,0.3756336,0
334976,1.00000192897733e+18,63875742719862,-0.063,1.429,0.282,-0.016,-0.05,0.011,0.999,NaN,-0.334,0.234,0.913,0,0,0,64.325,NaN,-0.213,0.175,0.961,-0.032,0,0,0.503,3.23,6.415,0.94,NaN,-0.334,0.234,0.913,0.032,0,0,0.628,4.002,6.373,0.873,0.3803525,0
334977,1.00000192898233e+18,63875742719872,-0.063,1.429,0.283,-0.016,-0.05,0.011,0.999,NaN,-0.334,0.233,0.913,0,0,0,64.325,NaN,-0.214,0.175,0.961,-0.032,0,0,0.504,3.233,6.415,0.943,NaN,-0.334,0.233,0.913,0.032,0,0,0.627,3.994,6.373,0.874,0.3842635,0
334978,1.00000192898735e+18,63875742719872,-0.063,1.429,0.283,-0.016,-0.05,0.011,0.999,NaN,-0.335,0.232,0.913,0,0,0,64.325,NaN,-0.215,0.176,0.961,-0.032,0,0,0.505,3.238,6.415,0.946,NaN,-0.335,0.232,0.913,0.032,0,0,0.626,3.988,6.373,0.875,0.3884544,0
334979,1.00000192899239e+18,63875742719884,-0.063,1.429,0.283,-0.016,-0.05,0.012,0.999,NaN,-0.335,0.232,0.913,0,0,0,64.325,NaN,-0.216,0.177,0.96,-0.032,0,0,0.505,3.243,6.415,0.948,NaN,-0.335,0.232,0.913,0.032,0,0,0.625,3.983,6.373,0.876,0.3922179,0
334980,1.00000192899738e+18,63875742719884,-0.063,1.429,0.283,-0.016,-0.05,0.012,0.999,NaN,-0.335,0.232,0.913,0,0,0,64.325,NaN,-0.219,0.176,0.96,-0.032,0,0,0.508,3.257,6.415,0.951,NaN,-0.335,0.232,0.913,0.032,0,0,0.624,3.976,6.373,0.877,0.3981912,0
334981,1.00000192900238e+18,63875742719895,-0.062,1.428,0.283,-0.016,-0.05,0.012,0.999,NaN,-0.335,0.231,0.913,0,0,0,64.325,NaN,-0.223,0.176,0.959,-0.032,0,0,0.509,3.264,6.415,0.954,NaN,-0.335,0.231,0.913,0.032,0,0,0.623,3.971,6.373,0.879,0.4044511,0
334982,1.00000192900737e+18,63875742719895,-0.062,1.428,0.283,-0.016,-0.05,0.012,0.999,NaN,-0.335,0.231,0.913,0,0,0,64.325,NaN,-0.225,0.175,0.958,-0.032,0,0,0.51,3.27,6.415,0.957,NaN,-0.335,0.231,0.913,0.032,0,0,0.622,3.964,6.373,0.88,0.4084532,0
334983,1.00000192901237e+18,63875742719906,-0.062,1.428,0.283,-0.016,-0.05,0.012,0.999,NaN,-0.335,0.231,0.913,0,0,0,64.325,NaN,-0.227,0.175,0.958,-0.032,0,0,0.51,3.275,6.415,0.96,NaN,-0.335,0.231,0.913,0.032,0,0,0.621,3.956,6.373,0.882,0.4113377,0
334984,1.0000019290175e+18,63875742719906,-0.062,1.428,0.283,-0.016,-0.05,0.012,0.999,NaN,-0.335,0.23,0.914,0,0,0,64.325,NaN,-0.228,0.175,0.958,-0.032,0,0,0.511,3.277,6.415,0.962,NaN,-0.335,0.23,0.914,0.032,0,0,0.619,3.944,6.373,0.884,0.4146195,0
334985,1.0000019290225e+18,63875742719917,-0.062,1.428,0.283,-0.016,-0.05,0.012,0.999,NaN,-0.335,0.23,0.914,0,0,0,64.325,NaN,-0.229,0.175,0.958,-0.032,0,0,0.51,3.272,6.415,0.964,NaN,-0.335,0.23,0.914,0.032,0,0,0.618,3.937,6.373,0.886,0.4174706,0
334986,1.00000192902751e+18,63875742719917,-0.062,1.428,0.283,-0.016,-0.05,0.012,0.999,NaN,-0.335,0.229,0.914,0,0,0,64.325,NaN,-0.23,0.174,0.958,-0.032,0,0,0.509,3.266,6.415,0.965,NaN,-0.335,0.229,0.914,0.032,0,0,0.617,3.932,6.373,0.887,0.4203454,0.2544411
334987,1.00000192903249e+18,63875742719929,-0.062,1.428,0.283,-0.016,-0.049,0.012,0.999,NaN,-0.335,0.229,0.914,0,0,0,64.325,NaN,-0.231,0.174,0.957,-0.032,0,0,0.509,3.262,6.415,0.967,NaN,-0.335,0.229,0.914,0.032,0,0,0.616,3.928,6.373,0.889,0.4229499,0.6503126
334988,1.0000019290375e+18,63875742719929,-0.062,1.428,0.283,-0.016,-0.049,0.012,0.999,NaN,-0.335,0.229,0.914,0,0,0,64.325,NaN,-0.231,0.174,0.957,-0.032,0,0,0.508,3.26,6.415,0.969,NaN,-0.335,0.229,0.914,0.032,0,0,0.616,3.926,6.373,0.891,0.4249048,0.8605597
334989,1.0000019290425e+18,63875742719929,-0.062,1.428,0.283,-0.016,-0.049,0.012,0.999,NaN,-0.335,0.228,0.914,0,0,0,64.325,NaN,-0.232,0.174,0.957,-0.032,0,0,0.508,3.26,6.415,0.97,NaN,-0.335,0.228,0.914,0.032,0,0,0.616,3.923,6.373,0.892,0.4267883,0.9670488
334990,1.00000192904751e+18,63875742719939,-0.062,1.428,0.284,-0.016,-0.049,0.012,0.999,NaN,-0.335,0.228,0.914,0,0,0,64.325,NaN,-0.231,0.174,0.957,-0.032,0,0,0.508,3.26,6.415,0.971,NaN,-0.335,0.228,0.914,0.032,0,0,0.615,3.92,6.373,0.894,0.427357,1
334991,1.00000192905252e+18,63875742719939,-0.062,1.428,0.284,-0.016,-0.049,0.012,0.999,NaN,-0.335,0.228,0.914,0,0,0,64.325,NaN,-0.231,0.174,0.957,-0.032,0,0,0.508,3.261,6.415,0.97,NaN,-0.335,0.228,0.914,0.032,0,0,0.614,3.916,6.373,0.895,0.4279672,1
334992,1.00000192905753e+18,63875742719950,-0.062,1.428,0.284,-0.016,-0.049,0.012,0.999,NaN,-0.335,0.228,0.914,0,0,0,64.325,NaN,-0.231,0.174,0.957,-0.032,0,0,0.508,3.261,6.415,0.971,NaN,-0.335,0.228,0.914,0.032,0,0,0.614,3.913,6.373,0.896,0.4290968,1
334993,1.00000192906255e+18,63875742719950,-0.062,1.428,0.284,-0.016,-0.049,0.012,0.999,NaN,-0.335,0.228,0.914,0,0,0,64.325,NaN,-0.231,0.174,0.957,-0.032,0,0,0.508,3.259,6.415,0.973,NaN,-0.335,0.228,0.914,0.032,0,0,0.614,3.911,6.373,0.898,0.4305162,1
334994,1.00000192906755e+18,63875742719962,-0.062,1.428,0.284,-0.016,-0.049,0.012,0.999,NaN,-0.335,0.227,0.914,0,0,0,64.325,NaN,-0.231,0.174,0.957,-0.032,0,0,0.507,3.256,6.415,0.973,NaN,-0.335,0.227,0.914,0.032,0,0,0.613,3.908,6.373,0.899,0.4323868,1
334995,1.00000192907255e+18,63875742719962,-0.062,1.428,0.284,-0.016,-0.049,0.012,0.999,NaN,-0.335,0.227,0.915,0,0,0,64.325,NaN,-0.232,0.175,0.957,-0.032,0,0,0.507,3.254,6.415,0.974,NaN,-0.335,0.227,0.915,0.032,0,0,0.613,3.905,6.373,0.9,0.4341935,1
334996,1.00000192907764e+18,63875742719973,-0.061,1.428,0.284,-0.016,-0.049,0.012,0.999,NaN,-0.334,0.227,0.915,0,0,0,64.325,NaN,-0.232,0.175,0.957,-0.032,0,0,0.507,3.253,6.415,0.975,NaN,-0.334,0.227,0.915,0.032,0,0,0.612,3.9,6.373,0.901,0.4362714,1
334997,1.0000019290826e+18,63875742719973,-0.061,1.428,0.284,-0.016,-0.049,0.012,0.999,NaN,-0.334,0.227,0.915,0,0,0,64.325,NaN,-0.233,0.174,0.957,-0.032,0,0,0.507,3.252,6.415,0.975,NaN,-0.334,0.227,0.915,0.032,0,0,0.611,3.893,6.373,0.902,0.438233,1
334998,1.0000019290876e+18,63875742719984,-0.061,1.428,0.284,-0.016,-0.049,0.012,0.999,NaN,-0.334,0.227,0.915,0,0,0,64.325,NaN,-0.234,0.174,0.957,-0.032,0,0,0.512,3.286,6.415,0.976,NaN,-0.334,0.227,0.915,0.032,0,0,0.61,3.887,6.373,0.903,0.4409164,1
334999,1.0000019290926e+18,63875742719984,-0.061,1.428,0.284,-0.016,-0.049,0.012,0.999,NaN,-0.334,0.227,0.915,0,0,0,64.325,NaN,-0.235,0.174,0.956,-0.032,0,0,0.512,3.286,6.415,0.977,NaN,-0.334,0.227,0.915,0.032,0,0,0.609,3.884,6.373,0.904,0.4431278,1
335000,1.00000192909761e+18,63875742719984,-0.061,1.428,0.284,-0.016,-0.049,0.012,0.999,NaN,-0.334,0.227,0.915,0,0,0,64.325,NaN,-0.235,0.174,0.956,-0.032,0,0,0.512,3.286,6.415,0.978,NaN,-0.334,0.227,0.915,0.032,0,0,0.609,3.879,6.373,0.905,0.4448204,1
335001,1.00000192910264e+18,63875742719995,-0.061,1.427,0.284,-0.016,-0.049,0.012,0.999,NaN,-0.334,0.226,0.915,0,0,0,64.325,NaN,-0.235,0.174,0.956,-0.032,0,0,0.513,3.288,6.415,0.979,NaN,-0.334,0.226,0.915,0.032,0,0,0.608,3.877,6.373,0.906,0.4464042,1
335002,1.00000192910764e+18,63875742720006,-0.061,1.427,0.284,-0.016,-0.049,0.012,0.999,NaN,-0.334,0.226,0.915,0,0,0,64.325,NaN,-0.235,0.175,0.956,-0.032,0,0,0.513,3.289,6.415,0.98,NaN,-0.334,0.226,0.915,0.032,0,0,0.608,3.873,6.373,0.906,0.4477105,1
335003,1.00000192911265e+18,63875742720006,-0.061,1.427,0.284,-0.016,-0.049,0.012,0.999,NaN,-0.334,0.226,0.915,0,0,0,64.325,NaN,-0.235,0.175,0.956,-0.032,0,0,0.513,3.29,6.415,0.98,NaN,-0.334,0.226,0.915,0.032,0,0,0.607,3.868,6.373,0.907,0.4491107,1
335004,1.00000192911768e+18,63875742720006,-0.061,1.427,0.284,-0.016,-0.049,0.012,0.999,NaN,-0.334,0.226,0.915,0,0,0,64.325,NaN,-0.234,0.175,0.956,-0.032,0,0,0.513,3.289,6.415,0.981,NaN,-0.334,0.226,0.915,0.032,0,0,0.606,3.863,6.373,0.907,0.45055,1
335005,1.00000192912269e+18,63875742720017,-0.061,1.427,0.284,-0.016,-0.049,0.012,0.999,NaN,-0.334,0.226,0.915,0,0,0,64.325,NaN,-0.234,0.176,0.956,-0.032,0,0,0.509,3.263,6.415,0.981,NaN,-0.334,0.226,0.915,0.032,0,0,0.605,3.858,6.373,0.907,0.45249,1
335006,1.00000192912769e+18,63875742720017,-0.061,1.427,0.284,-0.016,-0.049,0.012,0.999,NaN,-0.334,0.226,0.915,0,0,0,64.325,NaN,-0.235,0.176,0.956,-0.032,0,0,0.506,3.245,6.415,0.982,NaN,-0.334,0.226,0.915,0.032,0,0,0.605,3.855,6.373,0.908,0.4545932,1
335007,1.0000019291327e+18,63875742720029,-0.06,1.427,0.284,-0.016,-0.05,0.012,0.999,NaN,-0.334,0.225,0.915,0,0,0,64.325,NaN,-0.235,0.176,0.956,-0.032,0,0,0.506,3.246,6.415,0.983,NaN,-0.334,0.225,0.915,0.032,0,0,0.604,3.852,6.373,0.908,0.4570585,1
335008,1.0000019291377e+18,63875742720029,-0.06,1.427,0.284,-0.016,-0.05,0.012,0.999,NaN,-0.334,0.225,0.915,0,0,0,64.325,NaN,-0.235,0.177,0.956,-0.032,0,0,0.506,3.246,6.415,0.984,NaN,-0.334,0.225,0.915,0.032,0,0,0.603,3.846,6.373,0.909,0.4595452,1
335009,1.0000019291427e+18,63875742720029,-0.06,1.427,0.284,-0.016,-0.05,0.012,0.999,NaN,-0.334,0.225,0.916,0,0,0,64.325,NaN,-0.234,0.177,0.956,-0.032,0,0,0.507,3.253,6.415,0.984,NaN,-0.334,0.225,0.916,0.032,0,0,0.603,3.841,6.373,0.909,0.4626156,1
335010,1.00000192914777e+18,63875742720039,-0.06,1.427,0.284,-0.016,-0.05,0.012,0.999,NaN,-0.334,0.224,0.916,0,0,0,64.325,NaN,-0.234,0.178,0.956,-0.032,0,0,0.508,3.26,6.415,0.985,NaN,-0.334,0.224,0.916,0.032,0,0,0.602,3.836,6.373,0.909,0.4657449,1
335011,1.00000192915277e+18,63875742720039,-0.06,1.427,0.284,-0.016,-0.05,0.012,0.999,NaN,-0.334,0.224,0.916,0,0,0,64.325,NaN,-0.234,0.178,0.956,-0.032,0,0,0.508,3.261,6.415,0.985,NaN,-0.334,0.224,0.916,0.032,0,0,0.601,3.831,6.373,0.91,0.4686943,1
335012,1.00000192915777e+18,63875742720050,-0.06,1.427,0.284,-0.016,-0.05,0.012,0.999,NaN,-0.333,0.224,0.916,0,0,0,64.325,NaN,-0.234,0.179,0.956,-0.032,0,0,0.509,3.264,6.415,0.986,NaN,-0.333,0.224,0.916,0.032,0,0,0.601,3.827,6.373,0.91,0.4718236,1
335013,1.00000192916277e+18,63875742720050,-0.06,1.427,0.284,-0.016,-0.05,0.012,0.999,NaN,-0.333,0.223,0.916,0,0,0,64.325,NaN,-0.234,0.179,0.956,-0.032,0,0,0.509,3.266,6.415,0.986,NaN,-0.333,0.223,0.916,0.032,0,0,0.6,3.822,6.373,0.91,0.4749438,1
335014,1.00000192916778e+18,63875742720061,-0.06,1.427,0.284,-0.016,-0.049,0.012,0.999,NaN,-0.333,0.223,0.916,0,0,0,64.325,NaN,-0.234,0.18,0.955,-0.032,0,0,0.51,3.272,6.415,0.986,NaN,-0.333,0.223,0.916,0.032,0,0,0.599,3.817,6.373,0.911,0.4781635,1
335015,1.00000192917277e+18,63875742720061,-0.06,1.427,0.284,-0.016,-0.049,0.012,0.999,NaN,-0.333,0.223,0.916,0,0,0,64.325,NaN,-0.234,0.18,0.955,-0.032,0,0,0.51,3.272,6.415,0.986,NaN,-0.333,0.223,0.916,0.032,0,0,0.598,3.813,6.373,0.911,0.4811949,1
335016,1.00000192917778e+18,63875742720072,-0.06,1.427,0.284,-0.016,-0.05,0.012,0.999,NaN,-0.333,0.222,0.916,0,0,0,64.325,NaN,-0.234,0.181,0.955,-0.032,0,0,0.511,3.279,6.415,0.987,NaN,-0.333,0.222,0.916,0.032,0,0,0.598,3.811,6.373,0.911,0.4845162,1
335017,1.00000192918285e+18,63875742720072,-0.06,1.427,0.284,-0.016,-0.05,0.012,0.999,NaN,-0.333,0.222,0.916,0,0,0,64.325,NaN,-0.234,0.181,0.955,-0.032,0,0,0.511,3.28,6.415,0.987,NaN,-0.333,0.222,0.916,0.032,0,0,0.598,3.809,6.373,0.912,0.4872806,1
335018,1.00000192918785e+18,63875742720072,-0.06,1.427,0.284,-0.016,-0.05,0.012,0.999,NaN,-0.333,0.222,0.916,0,0,0,64.325,NaN,-0.234,0.181,0.955,-0.032,0,0,0.511,3.28,6.415,0.988,NaN,-0.333,0.222,0.916,0.032,0,0,0.597,3.806,6.373,0.912,0.4895811,1
335019,1.00000192919287e+18,63875742720084,-0.06,1.427,0.284,-0.016,-0.05,0.012,0.999,NaN,-0.333,0.222,0.916,0,0,0,64.325,NaN,-0.234,0.182,0.955,-0.032,0,0,0.511,3.28,6.415,0.988,NaN,-0.333,0.222,0.916,0.032,0,0,0.597,3.804,6.373,0.913,0.4918109,1
335020,1.00000192919787e+18,63875742720084,-0.06,1.427,0.284,-0.016,-0.05,0.012,0.999,NaN,-0.333,0.221,0.917,0,0,0,64.325,NaN,-0.234,0.183,0.955,-0.032,0,0,0.514,3.296,6.415,0.989,NaN,-0.333,0.221,0.917,0.032,0,0,0.597,3.802,6.373,0.913,0.4950827,1
335021,1.00000192920292e+18,63875742720095,-0.06,1.427,0.284,-0.016,-0.05,0.012,0.999,NaN,-0.333,0.221,0.917,0,0,0,64.325,NaN,-0.234,0.183,0.955,-0.032,0,0,0.514,3.296,6.415,0.99,NaN,-0.333,0.221,0.917,0.032,0,0,0.596,3.799,6.373,0.913,0.4980262,1
335022,1.00000192920794e+18,63875742720095,-0.06,1.427,0.284,-0.016,-0.05,0.012,0.999,NaN,-0.333,0.221,0.917,0,0,0,64.325,NaN,-0.234,0.183,0.955,-0.032,0,0,0.513,3.289,6.415,0.99,NaN,-0.333,0.221,0.917,0.032,0,0,0.596,3.796,6.373,0.914,0.5003235,1
335023,1.00000192921297e+18,63875742720106,-0.06,1.427,0.284,-0.016,-0.05,0.012,0.999,NaN,-0.333,0.221,0.917,0,0,0,64.325,NaN,-0.234,0.184,0.955,-0.032,0,0,0.513,3.29,6.415,0.99,NaN,-0.333,0.221,0.917,0.032,0,0,0.595,3.793,6.373,0.914,0.5023223,1
335024,1.00000192921796e+18,63875742720106,-0.06,1.427,0.284,-0.016,-0.05,0.012,0.999,NaN,-0.333,0.22,0.917,0,0,0,64.325,NaN,-0.234,0.184,0.955,-0.032,0,0,0.513,3.293,6.415,0.99,NaN,-0.333,0.22,0.917,0.032,0,0,0.595,3.79,6.373,0.914,0.5043011,1
335025,1.00000192922296e+18,63875742720117,-0.06,1.427,0.284,-0.016,-0.05,0.012,0.999,NaN,-0.333,0.22,0.917,0,0,0,64.325,NaN,-0.234,0.195,0.953,-0.032,0,0,0.535,3.429,6.415,0.99,NaN,-0.333,0.22,0.917,0.032,0,0,0.594,3.788,6.373,0.915,0.5404111,1
335026,1.00000192922796e+18,63875742720117,-0.06,1.427,0.284,-0.016,-0.05,0.012,0.999,NaN,-0.333,0.22,0.917,0,0,0,64.325,NaN,-0.234,0.206,0.95,-0.032,0,0,0.538,3.45,6.415,0.991,NaN,-0.333,0.22,0.917,0.032,0,0,0.594,3.786,6.373,0.915,0.5730764,1
335027,1.00000192923298e+18,63875742720129,-0.06,1.427,0.285,-0.016,-0.05,0.012,0.999,NaN,-0.332,0.22,0.917,0,0,0,64.325,NaN,-0.234,0.216,0.948,-0.032,0,0,0.539,3.457,6.415,0.991,NaN,-0.332,0.22,0.917,0.032,0,0,0.594,3.784,6.373,0.915,0.595584,1
335028,1.00000192923797e+18,63875742720129,-0.06,1.427,0.285,-0.016,-0.05,0.012,0.999,NaN,-0.332,0.22,0.917,0,0,0,64.325,NaN,-0.236,0.225,0.945,-0.032,0,0,0.54,3.463,6.415,0.991,NaN,-0.332,0.22,0.917,0.032,0,0,0.594,3.784,6.373,0.915,0.6094775,1
335029,1.00000192924299e+18,63875742720129,-0.06,1.427,0.285,-0.016,-0.05,0.012,0.999,NaN,-0.332,0.219,0.917,0,0,0,64.325,NaN,-0.237,0.232,0.943,-0.032,0,0,0.54,3.464,6.415,0.99,NaN,-0.332,0.219,0.917,0.032,0,0,0.594,3.785,6.373,0.915,0.6169301,0.9492645
335030,1.00000192924803e+18,63875742720139,-0.06,1.427,0.285,-0.016,-0.05,0.012,0.999,NaN,-0.333,0.219,0.917,0,0,0,64.325,NaN,-0.24,0.238,0.941,-0.032,0,0,0.54,3.466,6.415,0.99,NaN,-0.333,0.219,0.917,0.032,0,0,0.594,3.788,6.373,0.915,0.622111,0.8546574
335031,1.00000192925305e+18,63875742720139,-0.06,1.427,0.285,-0.016,-0.05,0.012,0.999,NaN,-0.333,0.219,0.917,0,0,0,64.325,NaN,-0.243,0.246,0.938,-0.032,0,0,0.544,3.488,6.415,0.99,NaN,-0.333,0.219,0.917,0.032,0,0,0.595,3.791,6.373,0.915,0.622084,0.795332
335032,1.00000192925808e+18,63875742720151,-0.06,1.427,0.285,-0.016,-0.05,0.012,0.999,NaN,-0.334,0.22,0.917,0,0,0,64.325,NaN,-0.246,0.25,0.936,-0.032,0,0,0.545,3.493,6.415,0.99,NaN,-0.334,0.22,0.917,0.032,0,0,0.595,3.793,6.373,0.914,0.6219383,0.7594256
335033,1.0000019292631e+18,63875742720151,-0.06,1.427,0.285,-0.016,-0.05,0.012,0.999,NaN,-0.335,0.22,0.916,0,0,0,64.325,NaN,-0.249,0.253,0.935,-0.032,0,0,0.545,3.494,6.415,0.99,NaN,-0.335,0.22,0.916,0.032,0,0,0.596,3.796,6.373,0.914,0.6239251,0.7325965
335034,1.00000192926807e+18,63875742720161,-0.06,1.427,0.285,-0.016,-0.05,0.012,0.999,NaN,-0.336,0.22,0.916,0,0,0,64.325,NaN,-0.252,0.253,0.934,-0.032,0,0,0.545,3.493,6.415,0.99,NaN,-0.336,0.22,0.916,0.032,0,0,0.596,3.798,6.373,0.914,0.6287913,0.7149787
335035,1.00000192927309e+18,63875742720161,-0.06,1.427,0.285,-0.016,-0.05,0.012,0.999,NaN,-0.338,0.22,0.915,0,0,0,64.325,NaN,-0.254,0.254,0.933,-0.032,0,0,0.544,3.492,6.415,0.99,NaN,-0.338,0.22,0.915,0.032,0,0,0.596,3.799,6.373,0.914,0.631348,0.7004603
335036,1.00000192927806e+18,63875742720173,-0.06,1.427,0.285,-0.016,-0.05,0.012,0.999,NaN,-0.339,0.22,0.915,0,0,0,64.325,NaN,-0.256,0.254,0.933,-0.032,0,0,0.544,3.491,6.415,0.99,NaN,-0.339,0.22,0.915,0.032,0,0,0.596,3.8,6.373,0.914,0.6325021,0.704003
335037,1.00000192928309e+18,63875742720173,-0.06,1.427,0.285,-0.016,-0.05,0.012,0.999,NaN,-0.341,0.22,0.914,0,0,0,64.325,NaN,-0.257,0.254,0.932,-0.032,0,0,0.544,3.49,6.415,0.99,NaN,-0.341,0.22,0.914,0.032,0,0,0.597,3.802,6.373,0.914,0.6316637,0.7043939
335038,1.00000192928812e+18,63875742720173,-0.06,1.427,0.285,-0.016,-0.05,0.012,0.999,NaN,-0.342,0.22,0.914,0,0,0,64.325,NaN,-0.258,0.254,0.932,-0.032,0,0,0.544,3.489,6.415,0.99,NaN,-0.342,0.22,0.914,0.032,0,0,0.597,3.805,6.373,0.914,0.6294822,0.697046
335039,1.0000019292931e+18,63875742720184,-0.06,1.427,0.285,-0.016,-0.05,0.012,0.999,NaN,-0.343,0.22,0.913,0,0,0,64.325,NaN,-0.259,0.254,0.932,-0.032,0,0,0.544,3.489,6.415,0.99,NaN,-0.343,0.22,0.913,0.032,0,0,0.597,3.807,6.373,0.914,0.6274777,0.6920955
335040,1.00000192929815e+18,63875742720184,-0.06,1.427,0.285,-0.016,-0.05,0.012,0.999,NaN,-0.344,0.22,0.913,0,0,0,64.325,NaN,-0.26,0.257,0.931,-0.032,0,0,0.549,3.525,6.415,0.989,NaN,-0.344,0.22,0.913,0.032,0,0,0.598,3.808,6.373,0.913,0.6142446,0.6949015
335041,1.00000192930325e+18,63875742720195,-0.06,1.427,0.285,-0.016,-0.049,0.012,0.999,NaN,-0.345,0.22,0.912,0,0,0,64.325,NaN,-0.26,0.259,0.93,-0.032,0,0,0.55,3.531,6.415,0.989,NaN,-0.345,0.22,0.912,0.032,0,0,0.598,3.809,6.373,0.913,0.6051375,0.6982673
335042,1.00000192930828e+18,63875742720195,-0.06,1.427,0.285,-0.016,-0.049,0.012,0.999,NaN,-0.346,0.22,0.912,0,0,0,64.325,NaN,-0.261,0.261,0.929,-0.032,0,0,0.552,3.541,6.415,0.989,NaN,-0.346,0.22,0.912,0.032,0,0,0.598,3.81,6.373,0.913,0.5940648,0.6961916
335043,1.00000192931332e+18,63875742720206,-0.06,1.427,0.285,-0.016,-0.049,0.012,0.999,NaN,-0.347,0.221,0.912,0,0,0,64.325,NaN,-0.262,0.263,0.929,-0.032,0,0,0.553,3.548,6.415,0.99,NaN,-0.347,0.221,0.912,0.032,0,0,0.598,3.811,6.373,0.912,0.5851288,0.6956592
335044,1.00000192931835e+18,63875742720206,-0.06,1.427,0.285,-0.016,-0.049,0.012,0.999,NaN,-0.348,0.221,0.911,0,0,0,64.325,NaN,-0.262,0.264,0.928,-0.032,0,0,0.553,3.548,6.415,0.99,NaN,-0.348,0.221,0.911,0.032,0,0,0.598,3.811,6.373,0.912,0.5805956,0.6941828
335045,1.00000192932317e+18,63875742720216,-0.06,1.427,0.285,-0.016,-0.049,0.012,0.999,NaN,-0.348,0.221,0.911,0,0,0,64.325,NaN,-0.263,0.264,0.928,-0.032,0,0,0.552,3.539,6.415,0.99,NaN,-0.348,0.221,0.911,0.032,0,0,0.598,3.812,6.373,0.912,0.5808943,0.7150775
335046,1.0000019293282e+18,63875742720216,-0.06,1.427,0.285,-0.016,-0.049,0.012,0.999,NaN,-0.349,0.221,0.911,0,0,0,64.325,NaN,-0.263,0.264,0.928,-0.032,0,0,0.55,3.527,6.415,0.991,NaN,-0.349,0.221,0.911,0.032,0,0,0.598,3.813,6.373,0.912,0.5840629,0.7664944
335047,1.0000019293332e+18,63875742720228,-0.06,1.427,0.285,-0.016,-0.049,0.012,0.999,NaN,-0.349,0.222,0.91,0,0,0,64.325,NaN,-0.263,0.263,0.928,-0.032,0,0,0.548,3.516,6.415,0.99,NaN,-0.349,0.222,0.91,0.032,0,0,0.598,3.814,6.373,0.912,0.5883903,0.8010493
335048,1.00000192933823e+18,63875742720228,-0.06,1.427,0.285,-0.016,-0.049,0.012,0.999,NaN,-0.349,0.222,0.91,0,0,0,64.325,NaN,-0.264,0.263,0.928,-0.032,0,0,0.548,3.514,6.415,0.99,NaN,-0.349,0.222,0.91,0.032,0,0,0.598,3.814,6.373,0.911,0.5901238,0.8778242
335049,1.00000192934326e+18,63875742720239,-0.06,1.427,0.285,-0.016,-0.049,0.012,0.999,NaN,-0.35,0.222,0.91,0,0,0,64.325,NaN,-0.264,0.262,0.928,-0.032,0,0,0.547,3.511,6.415,0.99,NaN,-0.35,0.222,0.91,0.032,0,0,0.599,3.814,6.373,0.911,0.5934813,0.9689819
335050,1.00000192934829e+18,63875742720239,-0.06,1.427,0.285,-0.016,-0.049,0.012,0.999,NaN,-0.35,0.223,0.91,0,0,0,64.325,NaN,-0.264,0.262,0.928,-0.032,0,0,0.547,3.51,6.415,0.991,NaN,-0.35,0.223,0.91,0.032,0,0,0.599,3.814,6.373,0.911,0.595058,1
335051,1.00000192935325e+18,63875742720239,-0.06,1.427,0.285,-0.016,-0.049,0.012,0.999,NaN,-0.35,0.223,0.91,0,0,0,64.325,NaN,-0.264,0.262,0.928,-0.032,0,0,0.547,3.509,6.415,0.99,NaN,-0.35,0.223,0.91,0.032,0,0,0.599,3.815,6.373,0.911,0.5948817,1
335052,1.00000192935828e+18,63875742720251,-0.06,1.427,0.285,-0.016,-0.049,0.012,0.999,NaN,-0.351,0.223,0.91,0,0,0,64.325,NaN,-0.265,0.262,0.928,-0.032,0,0,0.547,3.508,6.415,0.99,NaN,-0.351,0.223,0.91,0.032,0,0,0.599,3.815,6.373,0.91,0.5949258,1
335053,1.00000192936332e+18,63875742720251,-0.06,1.427,0.285,-0.016,-0.049,0.012,0.999,NaN,-0.351,0.223,0.909,0,0,0,64.325,NaN,-0.265,0.262,0.928,-0.032,0,0,0.547,3.508,6.415,0.99,NaN,-0.351,0.223,0.909,0.032,0,0,0.599,3.815,6.373,0.91,0.5952607,1
335054,1.00000192936835e+18,63875742720261,-0.06,1.427,0.285,-0.016,-0.049,0.012,0.999,NaN,-0.351,0.223,0.909,0,0,0,64.325,NaN,-0.265,0.262,0.928,-0.032,0,0,0.547,3.508,6.415,0.991,NaN,-0.351,0.223,0.909,0.032,0,0,0.599,3.816,6.373,0.91,0.5954289,1
335055,1.00000192937336e+18,63875742720261,-0.06,1.427,0.285,-0.016,-0.049,0.012,0.999,NaN,-0.351,0.223,0.909,0,0,0,64.325,NaN,-0.266,0.264,0.927,-0.032,0,0,0.555,3.56,6.415,0.991,NaN,-0.351,0.223,0.909,0.032,0,0,0.599,3.817,6.373,0.91,0.5898233,1
335056,1.00000192937832e+18,63875742720272,-0.06,1.427,0.285,-0.016,-0.049,0.012,0.999,NaN,-0.351,0.223,0.909,0,0,0,64.325,NaN,-0.273,0.265,0.925,-0.032,0,0,0.616,3.95,6.415,0.991,NaN,-0.351,0.223,0.909,0.032,0,0,0.599,3.817,6.373,0.91,0.6211725,1
335057,1.00000192938332e+18,63875742720272,-0.06,1.427,0.285,-0.016,-0.049,0.012,0.999,NaN,-0.351,0.224,0.909,0,0,0,64.325,NaN,-0.28,0.265,0.923,-0.032,0,0,0.62,3.978,6.415,0.991,NaN,-0.351,0.224,0.909,0.032,0,0,0.599,3.818,6.373,0.91,0.6544099,1
335058,1.00000192938833e+18,63875742720283,-0.06,1.427,0.285,-0.016,-0.049,0.012,0.999,NaN,-0.352,0.224,0.909,0,0,0,64.325,NaN,-0.287,0.266,0.92,-0.032,0,0,0.621,3.983,6.415,0.991,NaN,-0.352,0.224,0.909,0.032,0,0,0.599,3.818,6.373,0.91,0.6828718,1
335059,1.00000192939335e+18,63875742720283,-0.06,1.427,0.285,-0.016,-0.049,0.012,0.999,NaN,-0.352,0.224,0.909,0,0,0,64.325,NaN,-0.292,0.266,0.919,-0.032,0,0,0.621,3.984,6.415,0.991,NaN,-0.352,0.224,0.909,0.032,0,0,0.599,3.82,6.373,0.91,0.7036436,1
335060,1.00000192939857e+18,63875742720283,-0.06,1.427,0.285,-0.016,-0.049,0.012,0.999,NaN,-0.352,0.224,0.909,0,0,0,64.325,NaN,-0.297,0.266,0.917,-0.032,0,0,0.621,3.985,6.415,0.991,NaN,-0.352,0.224,0.909,0.032,0,0,0.6,3.822,6.373,0.91,0.7169623,1
335061,1.00000192940359e+18,63875742720295,-0.06,1.427,0.285,-0.016,-0.049,0.012,0.999,NaN,-0.352,0.224,0.909,0,0,0,64.325,NaN,-0.3,0.267,0.916,-0.032,0,0,0.621,3.987,6.415,0.991,NaN,-0.352,0.224,0.909,0.032,0,0,0.6,3.823,6.373,0.91,0.7239255,1
335062,1.00000192940859e+18,63875742720295,-0.06,1.427,0.285,-0.016,-0.049,0.012,0.999,NaN,-0.352,0.224,0.909,0,0,0,64.325,NaN,-0.303,0.267,0.915,-0.032,0,0,0.622,3.988,6.415,0.991,NaN,-0.352,0.224,0.909,0.032,0,0,0.6,3.824,6.373,0.91,0.7270296,1
335063,1.00000192941361e+18,63875742720306,-0.06,1.427,0.285,-0.016,-0.049,0.012,0.999,NaN,-0.352,0.224,0.909,0,0,0,64.325,NaN,-0.305,0.268,0.914,-0.032,0,0,0.622,3.99,6.415,0.991,NaN,-0.352,0.224,0.909,0.032,0,0,0.6,3.825,6.373,0.91,0.7268714,1
335064,1.00000192941858e+18,63875742720306,-0.06,1.427,0.285,-0.016,-0.049,0.012,0.999,NaN,-0.352,0.224,0.909,0,0,0,64.325,NaN,-0.306,0.268,0.914,-0.032,0,0,0.622,3.99,6.415,0.991,NaN,-0.352,0.224,0.909,0.032,0,0,0.6,3.826,6.373,0.909,0.7231122,1
335065,1.00000192942346e+18,63875742720317,-0.06,1.427,0.285,-0.015,-0.049,0.012,0.999,NaN,-0.352,0.224,0.909,0,0,0,64.325,NaN,-0.307,0.268,0.913,-0.032,0,0,0.622,3.989,6.415,0.991,NaN,-0.352,0.224,0.909,0.032,0,0,0.6,3.826,6.373,0.909,0.718408,1
335066,1.00000192942844e+18,63875742720317,-0.06,1.427,0.285,-0.015,-0.049,0.012,0.999,NaN,-0.352,0.224,0.909,0,0,0,64.325,NaN,-0.307,0.269,0.913,-0.032,0,0,0.62,3.974,6.415,0.991,NaN,-0.352,0.224,0.909,0.032,0,0,0.601,3.827,6.373,0.909,0.7066492,1
335067,1.00000192943345e+18,63875742720328,-0.06,1.427,0.285,-0.015,-0.049,0.012,0.999,NaN,-0.352,0.224,0.909,0,0,0,64.325,NaN,-0.306,0.271,0.913,-0.032,0,0,0.608,3.898,6.415,0.991,NaN,-0.352,0.224,0.909,0.032,0,0,0.601,3.828,6.373,0.909,0.6786901,1
335068,1.00000192943847e+18,63875742720328,-0.06,1.427,0.285,-0.015,-0.049,0.012,0.999,NaN,-0.352,0.224,0.909,0,0,0,64.325,NaN,-0.301,0.272,0.914,-0.032,0,0,0.579,3.714,6.415,0.991,NaN,-0.352,0.224,0.909,0.032,0,0,0.601,3.83,6.373,0.909,0.6651754,1
335069,1.00000192944348e+18,63875742720328,-0.06,1.427,0.285,-0.015,-0.049,0.012,0.999,NaN,-0.352,0.224,0.909,0,0,0,64.325,NaN,-0.298,0.271,0.915,-0.032,0,0,0.565,3.627,6.415,0.991,NaN,-0.352,0.224,0.909,0.032,0,0,0.601,3.832,6.373,0.909,0.6650258,1
335070,1.00000192944849e+18,63875742720339,-0.06,1.427,0.285,-0.015,-0.049,0.012,0.999,NaN,-0.352,0.224,0.909,0,0,0,64.325,NaN,-0.296,0.271,0.916,-0.032,0,0,0.563,3.614,6.415,0.991,NaN,-0.352,0.224,0.909,0.032,0,0,0.601,3.833,6.373,0.909,0.6623189,1
335071,1.00000192945351e+18,63875742720339,-0.06,1.427,0.285,-0.015,-0.049,0.012,0.999,NaN,-0.352,0.224,0.909,0,0,0,64.325,NaN,-0.296,0.273,0.915,-0.032,0,0,0.571,3.663,6.415,0.991,NaN,-0.352,0.224,0.909,0.032,0,0,0.602,3.836,6.373,0.909,0.6370022,1
335072,1.00000192945851e+18,63875742720351,-0.06,1.427,0.285,-0.015,-0.049,0.012,0.999,NaN,-0.352,0.224,0.909,0,0,0,64.325,NaN,-0.294,0.276,0.915,-0.032,0,0,0.576,3.698,6.415,0.99,NaN,-0.352,0.224,0.909,0.032,0,0,0.602,3.838,6.373,0.909,0.6041934,1
335073,1.00000192946353e+18,63875742720361,-0.06,1.427,0.285,-0.015,-0.049,0.012,0.999,NaN,-0.352,0.224,0.909,0,0,0,64.325,NaN,-0.292,0.275,0.916,-0.032,0,0,0.563,3.615,6.415,0.99,NaN,-0.352,0.224,0.909,0.032,0,0,0.603,3.84,6.373,0.909,0.6091043,1
335074,1.00000192946856e+18,63875742720362,-0.06,1.427,0.285,-0.015,-0.049,0.012,0.999,NaN,-0.352,0.224,0.909,0,0,0,64.325,NaN,-0.289,0.274,0.917,-0.032,0,0,0.559,3.586,6.415,0.99,NaN,-0.352,0.224,0.909,0.032,0,0,0.603,3.842,6.373,0.909,0.6087967,1
335075,1.00000192947358e+18,63875742720362,-0.06,1.427,0.285,-0.015,-0.049,0.012,0.999,NaN,-0.352,0.224,0.909,0,0,0,64.325,NaN,-0.286,0.274,0.918,-0.032,0,0,0.557,3.576,6.415,0.991,NaN,-0.352,0.224,0.909,0.032,0,0,0.603,3.844,6.373,0.909,0.6042472,1
335076,1.00000192947859e+18,63875742720373,-0.06,1.427,0.285,-0.015,-0.049,0.012,0.999,NaN,-0.352,0.224,0.909,0,0,0,64.325,NaN,-0.283,0.274,0.919,-0.032,0,0,0.557,3.572,6.415,0.991,NaN,-0.352,0.224,0.909,0.032,0,0,0.604,3.847,6.373,0.909,0.5968692,1
335077,1.00000192948361e+18,63875742720373,-0.06,1.427,0.285,-0.015,-0.049,0.012,0.999,NaN,-0.353,0.223,0.909,0,0,0,64.325,NaN,-0.28,0.274,0.92,-0.032,0,0,0.556,3.569,6.415,0.99,NaN,-0.353,0.223,0.909,0.032,0,0,0.604,3.849,6.373,0.909,0.5891668,1
335078,1.00000192948862e+18,63875742720384,-0.06,1.427,0.285,-0.015,-0.049,0.012,0.999,NaN,-0.353,0.224,0.909,0,0,0,64.325,NaN,-0.278,0.273,0.921,-0.032,0,0,0.556,3.565,6.415,0.99,NaN,-0.353,0.224,0.909,0.032,0,0,0.605,3.857,6.373,0.909,0.5826586,1
335079,1.00000192949364e+18,63875742720384,-0.06,1.427,0.285,-0.015,-0.049,0.012,0.999,NaN,-0.353,0.224,0.909,0,0,0,64.325,NaN,-0.276,0.273,0.922,-0.032,0,0,0.555,3.56,6.415,0.99,NaN,-0.353,0.224,0.909,0.032,0,0,0.606,3.862,6.373,0.909,0.5770318,1
335080,1.00000192949865e+18,63875742720394,-0.06,1.427,0.285,-0.015,-0.049,0.011,0.999,NaN,-0.353,0.224,0.909,0,0,0,64.325,NaN,-0.274,0.273,0.922,-0.032,0,0,0.555,3.56,6.415,0.991,NaN,-0.353,0.224,0.909,0.032,0,0,0.606,3.864,6.373,0.909,0.5718363,1
335081,1.00000192950367e+18,63875742720394,-0.06,1.427,0.285,-0.015,-0.049,0.011,0.999,NaN,-0.352,0.224,0.909,0,0,0,64.325,NaN,-0.273,0.273,0.922,-0.032,0,0,0.555,3.562,6.415,0.991,NaN,-0.352,0.224,0.909,0.032,0,0,0.607,3.867,6.373,0.909,0.5676462,1
335082,1.00000192950861e+18,63875742720406,-0.06,1.427,0.285,-0.015,-0.049,0.011,0.999,NaN,-0.352,0.224,0.909,0,0,0,64.325,NaN,-0.273,0.274,0.922,-0.032,0,0,0.566,3.634,6.415,0.991,NaN,-0.352,0.224,0.909,0.032,0,0,0.607,3.868,6.373,0.909,0.5634717,1
335083,1.00000192951367e+18,63875742720406,-0.06,1.427,0.285,-0.015,-0.049,0.011,0.999,NaN,-0.352,0.224,0.909,0,0,0,64.325,NaN,-0.273,0.276,0.922,-0.032,0,0,0.578,3.705,6.415,0.992,NaN,-0.352,0.224,0.909,0.032,0,0,0.607,3.869,6.373,0.909,0.55325,1
335084,1.00000192951868e+18,63875742720406,-0.06,1.427,0.285,-0.015,-0.049,0.011,0.999,NaN,-0.352,0.224,0.909,0,0,0,64.325,NaN,-0.273,0.279,0.921,-0.032,0,0,0.582,3.732,6.415,0.992,NaN,-0.352,0.224,0.909,0.032,0,0,0.607,3.87,6.373,0.909,0.5386735,1
335085,1.00000192952365e+18,63875742720417,-0.06,1.427,0.285,-0.014,-0.049,0.011,0.999,NaN,-0.352,0.224,0.909,0,0,0,64.325,NaN,-0.273,0.282,0.92,-0.032,0,0,0.584,3.746,6.415,0.992,NaN,-0.352,0.224,0.909,0.032,0,0,0.607,3.871,6.373,0.909,0.5207568,1
335086,1.00000192952867e+18,63875742720417,-0.06,1.427,0.285,-0.014,-0.049,0.011,0.999,NaN,-0.352,0.224,0.909,0,0,0,64.325,NaN,-0.272,0.285,0.919,-0.032,0,0,0.585,3.753,6.415,0.992,NaN,-0.352,0.224,0.909,0.032,0,0,0.607,3.871,6.373,0.909,0.5022684,1
335087,1.0000019295337e+18,63875742720428,-0.06,1.427,0.285,-0.014,-0.049,0.011,0.999,NaN,-0.352,0.225,0.909,0,0,0,64.325,NaN,-0.272,0.288,0.918,-0.032,0,0,0.586,3.756,6.415,0.992,NaN,-0.352,0.225,0.909,0.032,0,0,0.608,3.872,6.373,0.909,0.4852214,1
335088,1.00000192953872e+18,63875742720428,-0.06,1.427,0.285,-0.014,-0.049,0.011,0.999,NaN,-0.352,0.225,0.908,0,0,0,64.325,NaN,-0.272,0.291,0.917,-0.032,0,0,0.586,3.759,6.415,0.992,NaN,-0.352,0.225,0.908,0.032,0,0,0.608,3.872,6.373,0.909,0.4700985,1
335089,1.00000192954375e+18,63875742720439,-0.059,1.427,0.285,-0.014,-0.049,0.011,0.999,NaN,-0.352,0.225,0.908,0,0,0,64.325,NaN,-0.272,0.293,0.917,-0.032,0,0,0.587,3.768,6.415,0.992,NaN,-0.352,0.225,0.908,0.032,0,0,0.608,3.873,6.373,0.909,0.4626817,1
335090,1.00000192954879e+18,63875742720439,-0.059,1.427,0.285,-0.014,-0.049,0.011,0.999,NaN,-0.352,0.225,0.908,0,0,0,64.325,NaN,-0.274,0.292,0.916,-0.032,0,0,0.597,3.83,6.415,0.992,NaN,-0.352,0.225,0.908,0.032,0,0,0.608,3.873,6.373,0.909,0.4662097,1
335091,1.00000192955382e+18,63875742720439,-0.059,1.427,0.285,-0.014,-0.049,0.011,0.999,NaN,-0.352,0.225,0.908,0,0,0,64.325,NaN,-0.275,0.292,0.916,-0.032,0,0,0.605,3.88,6.415,0.992,NaN,-0.352,0.225,0.908,0.032,0,0,0.608,3.873,6.373,0.909,0.471715,1
335092,1.00000192955886e+18,63875742720451,-0.059,1.427,0.285,-0.014,-0.049,0.011,0.999,NaN,-0.352,0.225,0.908,0,0,0,64.325,NaN,-0.276,0.29,0.916,-0.032,0,0,0.615,3.942,6.415,0.992,NaN,-0.352,0.225,0.908,0.032,0,0,0.608,3.873,6.373,0.909,0.4814315,1
335093,1.00000192956378e+18,63875742720451,-0.059,1.427,0.285,-0.014,-0.049,0.011,0.999,NaN,-0.353,0.225,0.908,0,0,0,64.325,NaN,-0.278,0.289,0.916,-0.032,0,0,0.617,3.955,6.415,0.992,NaN,-0.353,0.225,0.908,0.032,0,0,0.608,3.874,6.373,0.909,0.4908351,1
335094,1.00000192956881e+18,63875742720462,-0.059,1.427,0.285,-0.014,-0.049,0.011,0.999,NaN,-0.353,0.225,0.908,0,0,0,64.325,NaN,-0.281,0.288,0.915,-0.032,0,0,0.618,3.964,6.415,0.993,NaN,-0.353,0.225,0.908,0.032,0,0,0.608,3.876,6.373,0.909,0.4980749,0.9987525
335095,1.00000192957381e+18,63875742720462,-0.059,1.427,0.285,-0.014,-0.049,0.011,0.999,NaN,-0.353,0.225,0.908,0,0,0,64.325,NaN,-0.283,0.287,0.915,-0.032,0,0,0.63,4.043,6.415,0.992,NaN,-0.353,0.225,0.908,0.032,0,0,0.611,3.894,6.373,0.909,0.5078421,0.8426469
335096,1.00000192957883e+18,63875742720472,-0.059,1.427,0.285,-0.014,-0.049,0.011,0.999,NaN,-0.351,0.227,0.908,0,0,0,64.325,NaN,-0.284,0.286,0.915,-0.032,0,0,0.638,4.095,6.415,0.993,NaN,-0.351,0.227,0.908,0.032,0,0,0.63,4.016,6.373,0.908,0.535419,0.2405266
335097,1.0000019295838e+18,63875742720472,-0.059,1.427,0.285,-0.014,-0.049,0.011,0.999,NaN,-0.347,0.229,0.909,0,0,0,64.325,NaN,-0.284,0.286,0.915,-0.032,0,0,0.643,4.124,6.415,0.993,NaN,-0.347,0.229,0.909,0.032,0,0,0.63,4.013,6.373,0.908,0.55537,0.1301363
335098,1.00000192958886e+18,63875742720483,-0.059,1.427,0.285,-0.014,-0.049,0.011,0.999,NaN,-0.342,0.23,0.911,0,0,0,64.325,NaN,-0.283,0.286,0.915,-0.032,0,0,0.648,4.156,6.415,0.993,NaN,-0.342,0.23,0.911,0.032,0,0,0.619,3.942,6.373,0.908,0.5736316,0
335099,1.00000192959388e+18,63875742720484,-0.059,1.427,0.285,-0.014,-0.049,0.011,0.999,NaN,-0.335,0.231,0.913,0,0,0,64.325,NaN,-0.282,0.286,0.916,-0.032,0,0,0.655,4.202,6.415,0.993,NaN,-0.335,0.231,0.913,0.032,0,0,0.609,3.884,6.373,0.908,0.588717,0
335100,1.00000192959892e+18,63875742720495,-0.059,1.427,0.285,-0.014,-0.049,0.011,0.999,NaN,-0.326,0.233,0.916,0,0,0,64.325,NaN,-0.281,0.286,0.916,-0.032,0,0,0.659,4.225,6.415,0.994,NaN,-0.326,0.233,0.916,0.032,0,0,0.606,3.859,6.373,0.908,0.5953081,0
335101,1.00000192960394e+18,63875742720495,-0.059,1.427,0.285,-0.014,-0.049,0.011,0.999,NaN,-0.317,0.234,0.919,0,0,0,64.325,NaN,-0.281,0.285,0.916,-0.032,0,0,0.662,4.246,6.415,0.994,NaN,-0.317,0.234,0.919,0.032,0,0,0.604,3.851,6.373,0.908,0.5852572,0
335102,1.00000192960897e+18,63875742720495,-0.059,1.427,0.285,-0.014,-0.049,0.011,0.999,NaN,-0.31,0.235,0.921,0,0,0,64.325,NaN,-0.28,0.285,0.917,-0.032,0,0,0.664,4.26,6.415,0.994,NaN,-0.31,0.235,0.921,0.032,0,0,0.604,3.847,6.373,0.908,0.5573454,0
335103,1.000001929614e+18,63875742720506,-0.059,1.427,0.285,-0.014,-0.049,0.011,0.999,NaN,-0.303,0.236,0.923,0,0,0,64.325,NaN,-0.279,0.285,0.917,-0.032,0,0,0.665,4.268,6.415,0.995,NaN,-0.303,0.236,0.923,0.032,0,0,0.603,3.844,6.373,0.908,0.5176226,0
335104,1.00000192961892e+18,63875742720506,-0.059,1.427,0.285,-0.014,-0.049,0.011,0.999,NaN,-0.299,0.236,0.925,0,0,0,64.325,NaN,-0.278,0.284,0.918,-0.032,0,0,0.666,4.274,6.415,0.995,NaN,-0.299,0.236,0.925,0.032,0,0,0.603,3.84,6.373,0.908,0.4810866,0
335105,1.00000192962394e+18,63875742720517,-0.059,1.427,0.285,-0.014,-0.049,0.011,0.999,NaN,-0.295,0.237,0.926,0,0,0,64.325,NaN,-0.276,0.284,0.918,-0.032,0,0,0.668,4.285,6.415,0.995,NaN,-0.295,0.237,0.926,0.032,0,0,0.602,3.838,6.373,0.909,2,0
335106,1.00000192962896e+18,63875742720517,-0.059,1.427,0.285,-0.014,-0.049,0.011,0.999,NaN,-0.292,0.237,0.927,0,0,0,64.325,NaN,-0.275,0.284,0.919,-0.032,0,0,0.668,4.287,6.415,0.995,NaN,-0.292,0.237,0.927,0.032,0,0,0.602,3.837,6.373,0.909,2,0
335107,1.00000192963398e+18,63875742720528,-0.059,1.427,0.285,-0.014,-0.049,0.011,0.999,NaN,-0.29,0.237,0.927,0,0,0,64.325,NaN,-0.273,0.284,0.919,-0.032,0,0,0.668,4.287,6.415,0.995,NaN,-0.29,0.237,0.927,0.032,0,0,0.602,3.836,6.373,0.909,2,0
335108,1.00000192963898e+18,63875742720528,-0.059,1.427,0.285,-0.014,-0.049,0.011,0.999,NaN,-0.288,0.237,0.928,0,0,0,64.325,NaN,-0.271,0.283,0.92,-0.032,0,0,0.668,4.288,6.415,0.996,NaN,-0.288,0.237,0.928,0.032,0,0,0.602,3.834,6.373,0.909,2,0
335109,1.00000192964401e+18,63875742720540,-0.059,1.427,0.285,-0.014,-0.049,0.011,0.999,NaN,-0.287,0.238,0.928,0,0,0,64.325,NaN,-0.27,0.283,0.92,-0.032,0,0,0.668,4.288,6.415,0.996,NaN,-0.287,0.238,0.928,0.032,0,0,0.602,3.833,6.373,0.91,2,0
335110,1.00000192964903e+18,63875742720540,-0.059,1.427,0.285,-0.014,-0.049,0.011,0.999,NaN,-0.286,0.238,0.928,0,0,0,64.325,NaN,-0.269,0.283,0.921,-0.032,0,0,0.669,4.289,6.415,0.996,NaN,-0.286,0.238,0.928,0.032,0,0,0.601,3.833,6.373,0.91,2,0
335111,1.00000192965406e+18,63875742720540,-0.059,1.427,0.285,-0.014,-0.049,0.011,0.999,NaN,-0.285,0.238,0.929,0,0,0,64.325,NaN,-0.267,0.283,0.921,-0.032,0,0,0.669,4.29,6.415,0.996,NaN,-0.285,0.238,0.929,0.032,0,0,0.601,3.832,6.373,0.91,2,0
335112,1.00000192965906e+18,63875742720550,-0.059,1.427,0.285,-0.014,-0.049,0.011,0.999,NaN,-0.285,0.238,0.929,0,0,0,64.325,NaN,-0.266,0.283,0.921,-0.032,0,0,0.669,4.291,6.415,0.996,NaN,-0.285,0.238,0.929,0.032,0,0,0.601,3.831,6.373,0.91,2,0
335113,1.00000192966402e+18,63875742720551,-0.059,1.427,0.285,-0.014,-0.049,0.011,0.999,NaN,-0.284,0.238,0.929,0,0,0,64.325,NaN,-0.265,0.283,0.922,-0.032,0,0,0.669,4.291,6.415,0.997,NaN,-0.284,0.238,0.929,0.032,0,0,0.601,3.831,6.373,0.91,2,0
335114,1.00000192966902e+18,63875742720561,-0.059,1.427,0.285,-0.014,-0.049,0.012,0.999,NaN,-0.284,0.238,0.929,0,0,0,64.325,NaN,-0.265,0.283,0.922,-0.032,0,0,0.669,4.291,6.415,0.997,NaN,-0.284,0.238,0.929,0.032,0,0,0.601,3.83,6.373,0.911,2,0
335115,1.00000192967404e+18,63875742720561,-0.059,1.427,0.285,-0.014,-0.049,0.012,0.999,NaN,-0.283,0.238,0.929,0,0,0,64.325,NaN,-0.264,0.283,0.922,-0.032,0,0,0.669,4.292,6.415,0.997,NaN,-0.283,0.238,0.929,0.032,0,0,0.601,3.83,6.373,0.911,2,0.4899946
335116,1.00000192967904e+18,63875742720573,-0.059,1.427,0.285,-0.014,-0.049,0.012,0.999,NaN,-0.283,0.238,0.929,0,0,0,64.325,NaN,-0.264,0.282,0.922,-0.032,0,0,0.67,4.298,6.415,0.997,NaN,-0.283,0.238,0.929,0.032,0,0,0.601,3.83,6.373,0.911,2,0.6288516
335117,1.00000192968405e+18,63875742720573,-0.059,1.427,0.285,-0.014,-0.049,0.012,0.999,NaN,-0.283,0.238,0.929,0,0,0,64.325,NaN,-0.263,0.282,0.923,-0.032,0,0,0.671,4.303,6.415,0.997,NaN,-0.283,0.238,0.929,0.032,0,0,0.601,3.83,6.373,0.911,2,0.7690806
335118,1.00000192968905e+18,63875742720584,-0.059,1.426,0.285,-0.014,-0.049,0.012,0.999,NaN,-0.283,0.238,0.929,0,0,0,64.325,NaN,-0.263,0.282,0.923,-0.032,0,0,0.671,4.307,6.415,0.997,NaN,-0.283,0.238,0.929,0.032,0,0,0.601,3.83,6.373,0.912,2,0.9233302
335119,1.00000192969406e+18,63875742720584,-0.059,1.426,0.285,-0.014,-0.049,0.012,0.999,NaN,-0.282,0.238,0.929,0,0,0,64.325,NaN,-0.263,0.282,0.923,-0.032,0,0,0.672,4.31,6.415,0.997,NaN,-0.282,0.238,0.929,0.032,0,0,0.601,3.83,6.373,0.912,2,1
335120,1.00000192969908e+18,63875742720584,-0.059,1.426,0.285,-0.014,-0.049,0.012,0.999,NaN,-0.282,0.238,0.929,0,0,0,64.325,NaN,-0.262,0.282,0.923,-0.032,0,0,0.672,4.312,6.415,0.997,NaN,-0.282,0.238,0.929,0.032,0,0,0.601,3.83,6.373,0.912,2,1
335121,1.00000192970409e+18,63875742720595,-0.059,1.426,0.285,-0.014,-0.049,0.012,0.999,NaN,-0.282,0.238,0.929,0,0,0,64.325,NaN,-0.262,0.282,0.923,-0.032,0,0,0.672,4.314,6.415,0.998,NaN,-0.282,0.238,0.929,0.032,0,0,0.601,3.831,6.373,0.912,2,1
335122,1.00000192970918e+18,63875742720595,-0.059,1.426,0.285,-0.014,-0.049,0.012,0.999,NaN,-0.282,0.237,0.929,0,0,0,64.325,NaN,-0.262,0.282,0.923,-0.032,0,0,0.673,4.315,6.415,0.998,NaN,-0.282,0.237,0.929,0.032,0,0,0.601,3.831,6.373,0.912,2,1
335123,1.00000192971418e+18,63875742720607,-0.059,1.426,0.285,-0.014,-0.049,0.012,0.999,NaN,-0.282,0.237,0.93,0,0,0,64.325,NaN,-0.262,0.281,0.923,-0.032,0,0,0.673,4.315,6.415,0.998,NaN,-0.282,0.237,0.93,0.032,0,0,0.601,3.831,6.373,0.913,2,1
335124,1.00000192971917e+18,63875742720607,-0.059,1.426,0.285,-0.014,-0.049,0.012,0.999,NaN,-0.282,0.237,0.93,0,0,0,64.325,NaN,-0.262,0.281,0.923,-0.032,0,0,0.673,4.315,6.415,0.998,NaN,-0.282,0.237,0.93,0.032,0,0,0.601,3.831,6.373,0.913,2,1
335125,1.00000192972418e+18,63875742720617,-0.059,1.427,0.286,-0.014,-0.049,0.012,0.999,NaN,-0.282,0.237,0.93,0,0,0,64.325,NaN,-0.262,0.281,0.923,-0.032,0,0,0.673,4.316,6.415,0.998,NaN,-0.282,0.237,0.93,0.032,0,0,0.601,3.832,6.373,0.913,2,1
335126,1.00000192972918e+18,63875742720617,-0.059,1.427,0.286,-0.014,-0.049,0.012,0.999,NaN,-0.282,0.237,0.93,0,0,0,64.325,NaN,-0.262,0.281,0.923,-0.032,0,0,0.673,4.316,6.415,0.998,NaN,-0.282,0.237,0.93,0.032,0,0,0.601,3.833,6.373,0.913,2,1
335127,1.00000192973419e+18,63875742720628,-0.059,1.427,0.286,-0.014,-0.049,0.012,0.999,NaN,-0.282,0.237,0.93,0,0,0,64.325,NaN,-0.261,0.281,0.923,-0.032,0,0,0.673,4.316,6.415,0.998,NaN,-0.282,0.237,0.93,0.032,0,0,0.602,3.834,6.373,0.914,2,1
335128,1.00000192973919e+18,63875742720628,-0.059,1.427,0.286,-0.014,-0.049,0.012,0.999,NaN,-0.282,0.237,0.93,0,0,0,64.325,NaN,-0.261,0.281,0.923,-0.032,0,0,0.672,4.309,6.415,0.998,NaN,-0.282,0.237,0.93,0.032,0,0,0.602,3.835,6.373,0.914,2,1
335129,1.00000192974419e+18,63875742720639,-0.059,1.427,0.286,-0.014,-0.049,0.012,0.999,NaN,-0.282,0.237,0.93,0,0,0,64.325,NaN,-0.261,0.282,0.923,-0.032,0,0,0.671,4.303,6.415,0.998,NaN,-0.282,0.237,0.93,0.032,0,0,0.602,3.835,6.373,0.914,2,1
335130,1.00000192974919e+18,63875742720639,-0.059,1.427,0.286,-0.014,-0.049,0.012,0.999,NaN,-0.282,0.236,0.93,0,0,0,64.325,NaN,-0.261,0.282,0.923,-0.032,0,0,0.67,4.298,6.415,0.998,NaN,-0.282,0.236,0.93,0.032,0,0,0.602,3.835,6.373,0.914,2,1
335131,1.00000192975425e+18,63875742720651,-0.059,1.427,0.287,-0.015,-0.049,0.012,0.999,NaN,-0.282,0.236,0.93,0,0,0,64.325,NaN,-0.26,0.282,0.923,-0.032,0,0,0.67,4.296,6.415,0.998,NaN,-0.282,0.236,0.93,0.032,0,0,0.602,3.836,6.373,0.914,2,1
335132,1.00000192975926e+18,63875742720651,-0.059,1.427,0.287,-0.015,-0.049,0.012,0.999,NaN,-0.282,0.236,0.93,0,0,0,64.325,NaN,-0.26,0.282,0.923,-0.032,0,0,0.67,4.296,6.415,0.998,NaN,-0.282,0.236,0.93,0.032,0,0,0.602,3.838,6.373,0.914,2,1
335133,1.00000192976426e+18,63875742720651,-0.059,1.427,0.287,-0.015,-0.049,0.012,0.999,NaN,-0.282,0.236,0.93,0,0,0,64.325,NaN,-0.26,0.282,0.924,-0.032,0,0,0.67,4.297,6.415,0.998,NaN,-0.282,0.236,0.93,0.032,0,0,0.602,3.84,6.373,0.915,2,1
335134,1.00000192976927e+18,63875742720662,-0.059,1.427,0.287,-0.015,-0.049,0.012,0.999,NaN,-0.282,0.236,0.93,0,0,0,64.325,NaN,-0.26,0.282,0.924,-0.032,0,0,0.67,4.299,6.415,0.998,NaN,-0.282,0.236,0.93,0.032,0,0,0.603,3.84,6.373,0.915,2,1
335135,1.00000192977429e+18,63875742720662,-0.059,1.427,0.287,-0.015,-0.049,0.012,0.999,NaN,-0.282,0.236,0.93,0,0,0,64.325,NaN,-0.26,0.282,0.924,-0.032,0,0,0.671,4.301,6.415,0.998,NaN,-0.282,0.236,0.93,0.032,0,0,0.603,3.841,6.373,0.915,2,1
335136,1.00000192977928e+18,63875742720672,-0.059,1.427,0.287,-0.015,-0.049,0.012,0.999,NaN,-0.282,0.236,0.93,0,0,0,64.325,NaN,-0.259,0.282,0.924,-0.032,0,0,0.671,4.305,6.415,0.998,NaN,-0.282,0.236,0.93,0.032,0,0,0.603,3.842,6.373,0.915,2,1
335137,1.00000192978428e+18,63875742720672,-0.059,1.427,0.287,-0.015,-0.049,0.012,0.999,NaN,-0.281,0.236,0.93,0,0,0,64.325,NaN,-0.259,0.282,0.924,-0.032,0,0,0.672,4.308,6.415,0.998,NaN,-0.281,0.236,0.93,0.032,0,0,0.603,3.843,6.373,0.915,0.5201206,1
335138,1.00000192978928e+18,63875742720684,-0.059,1.427,0.287,-0.015,-0.049,0.012,0.999,NaN,-0.281,0.235,0.93,0,0,0,64.325,NaN,-0.259,0.282,0.924,-0.032,0,0,0.672,4.312,6.415,0.998,NaN,-0.281,0.235,0.93,0.032,0,0,0.603,3.844,6.373,0.915,0.51746,1
335139,1.00000192979434e+18,63875742720684,-0.059,1.427,0.287,-0.015,-0.049,0.012,0.999,NaN,-0.281,0.235,0.93,0,0,0,64.325,NaN,-0.259,0.282,0.924,-0.032,0,0,0.672,4.314,6.415,0.999,NaN,-0.281,0.235,0.93,0.032,0,0,0.603,3.846,6.373,0.915,0.5148762,1
335140,1.00000192979932e+18,63875742720695,-0.059,1.427,0.287,-0.015,-0.049,0.012,0.999,NaN,-0.281,0.235,0.93,0,0,0,64.325,NaN,-0.259,0.283,0.924,-0.032,0,0,0.673,4.315,6.415,0.999,NaN,-0.281,0.235,0.93,0.032,0,0,0.604,3.847,6.373,0.916,0.5116097,1
335141,1.00000192980432e+18,63875742720695,-0.059,1.427,0.287,-0.015,-0.049,0.012,0.999,NaN,-0.281,0.235,0.93,0,0,0,64.325,NaN,-0.259,0.282,0.924,-0.032,0,0,0.673,4.318,6.415,0.999,NaN,-0.281,0.235,0.93,0.032,0,0,0.604,3.849,6.373,0.916,0.5093903,1
335142,1.00000192980938e+18,63875742720695,-0.059,1.427,0.287,-0.015,-0.049,0.012,0.999,NaN,-0.281,0.235,0.93,0,0,0,64.325,NaN,-0.259,0.282,0.924,-0.032,0,0,0.674,4.322,6.415,0.999,NaN,-0.281,0.235,0.93,0.032,0,0,0.604,3.851,6.373,0.916,0.5073046,1
335143,1.00000192981438e+18,63875742720707,-0.059,1.427,0.287,-0.015,-0.049,0.012,0.999,NaN,-0.281,0.235,0.93,0,0,0,64.325,NaN,-0.26,0.282,0.924,-0.032,0,0,0.674,4.327,6.415,0.999,NaN,-0.281,0.235,0.93,0.032,0,0,0.605,3.852,6.373,0.916,0.5050957,1
335144,1.00000192981939e+18,63875742720717,-0.059,1.427,0.287,-0.015,-0.049,0.012,0.999,NaN,-0.281,0.235,0.93,0,0,0,64.325,NaN,-0.26,0.282,0.924,-0.032,0,0,0.674,4.326,6.415,0.999,NaN,-0.281,0.235,0.93,0.032,0,0,0.605,3.854,6.373,0.916,0.50331,1
335145,1.0000019298244e+18,63875742720717,-0.059,1.427,0.287,-0.015,-0.049,0.012,0.999,NaN,-0.281,0.235,0.93,0,0,0,64.325,NaN,-0.259,0.283,0.923,-0.032,0,0,0.674,4.325,6.415,0.999,NaN,-0.281,0.235,0.93,0.032,0,0,0.605,3.856,6.373,0.916,0.5012531,1
335146,1.00000192982943e+18,63875742720717,-0.059,1.427,0.287,-0.015,-0.049,0.012,0.999,NaN,-0.281,0.235,0.93,0,0,0,64.325,NaN,-0.259,0.283,0.923,-0.032,0,0,0.674,4.323,6.415,0.999,NaN,-0.281,0.235,0.93,0.032,0,0,0.605,3.857,6.373,0.916,0.4990335,1
335147,1.00000192983443e+18,63875742720728,-0.059,1.427,0.288,-0.015,-0.049,0.012,0.999,NaN,-0.281,0.235,0.93,0,0,0,64.325,NaN,-0.259,0.283,0.923,-0.032,0,0,0.674,4.322,6.415,0.999,NaN,-0.281,0.235,0.93,0.032,0,0,0.605,3.858,6.373,0.916,0.4974851,1
335148,1.00000192983943e+18,63875742720728,-0.059,1.427,0.288,-0.015,-0.049,0.012,0.999,NaN,-0.281,0.235,0.93,0,0,0,64.325,NaN,-0.259,0.283,0.923,-0.032,0,0,0.674,4.321,6.415,0.999,NaN,-0.281,0.235,0.93,0.032,0,0,0.606,3.86,6.373,0.917,0.4963464,1
335149,1.00000192984443e+18,63875742720739,-0.059,1.427,0.288,-0.015,-0.049,0.012,0.999,NaN,-0.281,0.235,0.93,0,0,0,64.325,NaN,-0.259,0.283,0.923,-0.032,0,0,0.674,4.321,6.415,0.999,NaN,-0.281,0.235,0.93,0.032,0,0,0.606,3.861,6.373,0.917,0.4949996,1
335150,1.00000192984946e+18,63875742720739,-0.059,1.427,0.288,-0.015,-0.049,0.012,0.999,NaN,-0.281,0.235,0.93,0,0,0,64.325,NaN,-0.259,0.283,0.923,-0.032,0,0,0.674,4.322,6.415,0.999,NaN,-0.281,0.235,0.93,0.032,0,0,0.607,3.87,6.373,0.917,0.4949839,1
335151,1.00000192985446e+18,63875742720739,-0.059,1.427,0.288,-0.015,-0.049,0.012,0.999,NaN,-0.281,0.235,0.93,0,0,0,64.325,NaN,-0.259,0.283,0.923,-0.032,0,0,0.674,4.323,6.415,0.999,NaN,-0.281,0.235,0.93,0.032,0,0,0.608,3.875,6.373,0.917,0.4948291,1
335152,1.00000192985946e+18,63875742720751,-0.059,1.427,0.288,-0.015,-0.049,0.012,0.999,NaN,-0.281,0.235,0.93,0,0,0,64.325,NaN,-0.26,0.283,0.923,-0.032,0,0,0.674,4.325,6.415,0.999,NaN,-0.281,0.235,0.93,0.032,0,0,0.608,3.876,6.373,0.917,0.4948701,1
335153,1.00000192986447e+18,63875742720751,-0.059,1.427,0.288,-0.015,-0.049,0.012,0.999,NaN,-0.281,0.235,0.93,0,0,0,64.325,NaN,-0.26,0.283,0.923,-0.032,0,0,0.674,4.326,6.415,0.999,NaN,-0.281,0.235,0.93,0.032,0,0,0.608,3.877,6.373,0.918,0.4947805,1
335154,1.00000192986954e+18,63875742720761,-0.059,1.427,0.288,-0.015,-0.049,0.012,0.999,NaN,-0.281,0.235,0.93,0,0,0,64.325,NaN,-0.26,0.283,0.923,-0.032,0,0,0.675,4.328,6.415,0.999,NaN,-0.281,0.235,0.93,0.032,0,0,0.609,3.878,6.373,0.918,0.494836,1
335155,1.00000192987454e+18,63875742720761,-0.059,1.427,0.288,-0.015,-0.049,0.012,0.999,NaN,-0.281,0.235,0.93,0,0,0,64.325,NaN,-0.26,0.283,0.923,-0.032,0,0,0.675,4.33,6.415,0.999,NaN,-0.281,0.235,0.93,0.032,0,0,0.609,3.879,6.373,0.918,0.4950924,1
335156,1.00000192987956e+18,63875742720772,-0.059,1.427,0.288,-0.015,-0.049,0.012,0.999,NaN,-0.281,0.236,0.93,0,0,0,64.325,NaN,-0.26,0.283,0.923,-0.032,0,0,0.675,4.333,6.415,0.999,NaN,-0.281,0.236,0.93,0.032,0,0,0.609,3.88,6.373,0.918,2,1
335157,1.00000192988461e+18,63875742720772,-0.059,1.427,0.288,-0.015,-0.049,0.012,0.999,NaN,-0.281,0.235,0.93,0,0,0,64.325,NaN,-0.26,0.283,0.923,-0.032,0,0,0.676,4.335,6.415,0.999,NaN,-0.281,0.235,0.93,0.032,0,0,0.609,3.881,6.373,0.918,2,1
335158,1.00000192988962e+18,63875742720783,-0.059,1.427,0.288,-0.015,-0.049,0.012,0.999,NaN,-0.281,0.235,0.93,0,0,0,64.325,NaN,-0.26,0.283,0.923,-0.032,0,0,0.676,4.337,6.415,0.999,NaN,-0.281,0.235,0.93,0.032,0,0,0.609,3.882,6.373,0.918,2,1
335159,1.00000192989462e+18,63875742720784,-0.059,1.427,0.288,-0.015,-0.049,0.012,0.999,NaN,-0.281,0.235,0.93,0,0,0,64.325,NaN,-0.26,0.283,0.923,-0.032,0,0,0.676,4.337,6.415,0.999,NaN,-0.281,0.235,0.93,0.032,0,0,0.609,3.883,6.373,0.919,2,1
335160,1.00000192989963e+18,63875742720784,-0.059,1.427,0.288,-0.015,-0.049,0.012,0.999,NaN,-0.281,0.235,0.93,0,0,0,64.325,NaN,-0.26,0.283,0.923,-0.032,0,0,0.676,4.338,6.415,0.999,NaN,-0.281,0.235,0.93,0.032,0,0,0.609,3.883,6.373,0.919,2,1
335161,1.00000192990463e+18,63875742720795,-0.059,1.427,0.288,-0.015,-0.049,0.012,0.999,NaN,-0.281,0.235,0.93,0,0,0,64.325,NaN,-0.26,0.283,0.923,-0.032,0,0,0.676,4.339,6.415,0.999,NaN,-0.281,0.235,0.93,0.032,0,0,0.609,3.884,6.373,0.919,2,1
335162,1.00000192990961e+18,63875742720795,-0.059,1.427,0.288,-0.015,-0.049,0.012,0.999,NaN,-0.281,0.235,0.93,0,0,0,64.325,NaN,-0.26,0.283,0.923,-0.032,0,0,0.677,4.341,6.415,0.999,NaN,-0.281,0.235,0.93,0.032,0,0,0.609,3.884,6.373,0.919,2,1
335163,1.00000192991461e+18,63875742720806,-0.059,1.428,0.288,-0.015,-0.049,0.012,0.999,NaN,-0.281,0.235,0.93,0,0,0,64.325,NaN,-0.26,0.283,0.923,-0.032,0,0,0.677,4.342,6.415,0.999,NaN,-0.281,0.235,0.93,0.032,0,0,0.609,3.884,6.373,0.919,2,1
335164,1.00000192991965e+18,63875742720806,-0.059,1.428,0.288,-0.015,-0.049,0.012,0.999,NaN,-0.281,0.235,0.93,0,0,0,64.325,NaN,-0.26,0.283,0.923,-0.032,0,0,0.677,4.343,6.415,0.999,NaN,-0.281,0.235,0.93,0.032,0,0,0.609,3.884,6.373,0.919,2,1
335165,1.00000192992467e+18,63875742720817,-0.059,1.428,0.288,-0.015,-0.049,0.012,0.999,NaN,-0.281,0.235,0.93,0,0,0,64.325,NaN,-0.26,0.283,0.923,-0.032,0,0,0.677,4.344,6.415,0.999,NaN,-0.281,0.235,0.93,0.032,0,0,0.61,3.885,6.373,0.919,2,1
335166,1.00000192992967e+18,63875742720817,-0.059,1.428,0.288,-0.015,-0.049,0.012,0.999,NaN,-0.281,0.235,0.93,0,0,0,64.325,NaN,-0.26,0.283,0.923,-0.032,0,0,0.677,4.34,6.415,0.999,NaN,-0.281,0.235,0.93,0.032,0,0,0.61,3.886,6.373,0.919,2,1
335167,1.00000192993467e+18,63875742720827,-0.059,1.428,0.288,-0.015,-0.049,0.012,0.999,NaN,-0.281,0.235,0.93,0,0,0,64.325,NaN,-0.26,0.283,0.923,-0.032,0,0,0.676,4.335,6.415,0.999,NaN,-0.281,0.235,0.93,0.032,0,0,0.61,3.886,6.373,0.92,0.4840776,1
335168,1.00000192993972e+18,63875742720827,-0.059,1.428,0.288,-0.015,-0.049,0.012,0.999,NaN,-0.281,0.235,0.93,0,0,0,64.325,NaN,-0.26,0.283,0.923,-0.032,0,0,0.675,4.33,6.415,0.999,NaN,-0.281,0.235,0.93,0.032,0,0,0.61,3.887,6.373,0.92,0.4828654,1
335169,1.00000192994472e+18,63875742720839,-0.059,1.428,0.288,-0.015,-0.049,0.012,0.999,NaN,-0.281,0.235,0.93,0,0,0,64.325,NaN,-0.26,0.283,0.923,-0.032,0,0,0.674,4.324,6.415,0.999,NaN,-0.281,0.235,0.93,0.032,0,0,0.611,3.894,6.373,0.919,2,0.9736012
335170,1.00000192994973e+18,63875742720839,-0.059,1.428,0.288,-0.015,-0.049,0.012,0.999,NaN,-0.281,0.236,0.93,0,0,0,64.325,NaN,-0.26,0.283,0.923,-0.032,0,0,0.671,4.305,6.415,0.999,NaN,-0.281,0.236,0.93,0.032,0,0,0.617,3.929,6.373,0.919,2,0.8522537
335171,1.00000192995473e+18,63875742720839,-0.059,1.428,0.288,-0.015,-0.049,0.012,0.999,NaN,-0.281,0.236,0.93,0,0,0,64.325,NaN,-0.261,0.283,0.923,-0.032,0,0,0.665,4.266,6.415,0.999,NaN,-0.281,0.236,0.93,0.032,0,0,0.624,3.976,6.373,0.919,0.4812055,0.6328008
335172,1.00000192995974e+18,63875742720851,-0.059,1.428,0.288,-0.015,-0.049,0.012,0.999,NaN,-0.285,0.235,0.929,0,0,0,64.325,NaN,-0.262,0.283,0.923,-0.032,0,0,0.643,4.122,6.415,0.999,NaN,-0.285,0.235,0.929,0.032,0,0,0.627,3.993,6.373,0.919,0.5080954,0.3491139
335173,1.00000192996475e+18,63875742720851,-0.059,1.428,0.288,-0.015,-0.049,0.012,0.999,NaN,-0.291,0.234,0.928,0,0,0,64.325,NaN,-0.262,0.283,0.923,-0.032,0,0,0.594,3.814,6.415,0.999,NaN,-0.291,0.234,0.928,0.032,0,0,0.626,3.992,6.373,0.918,0.5741698,0.1215773
335174,1.00000192996976e+18,63875742720862,-0.059,1.428,0.289,-0.015,-0.049,0.012,0.999,NaN,-0.299,0.233,0.925,0,0,0,64.325,NaN,-0.262,0.283,0.923,-0.032,0,0,0.59,3.786,6.415,0.999,NaN,-0.299,0.233,0.925,0.032,0,0,0.627,3.993,6.373,0.918,0.6172687,0.04364732
335175,1.00000192997476e+18,63875742720862,-0.059,1.428,0.289,-0.015,-0.049,0.012,0.999,NaN,-0.307,0.232,0.923,0,0,0,64.325,NaN,-0.262,0.283,0.923,-0.032,0,0,0.59,3.784,6.415,0.999,NaN,-0.307,0.232,0.923,0.032,0,0,0.627,3.994,6.373,0.917,0.6244275,0
335176,1.00000192997978e+18,63875742720872,-0.059,1.428,0.289,-0.015,-0.049,0.012,0.999,NaN,-0.315,0.231,0.92,0,0,0,64.325,NaN,-0.263,0.283,0.922,-0.032,0,0,0.59,3.783,6.415,0.999,NaN,-0.315,0.231,0.92,0.032,0,0,0.627,3.996,6.373,0.916,0.6118428,0
335177,1.0000019299849e+18,63875742720872,-0.059,1.428,0.289,-0.015,-0.049,0.012,0.999,NaN,-0.322,0.23,0.918,0,0,0,64.325,NaN,-0.263,0.283,0.922,-0.032,0,0,0.59,3.784,6.415,0.998,NaN,-0.322,0.23,0.918,0.032,0,0,0.627,3.998,6.373,0.916,0.5931692,0
335178,1.00000192998992e+18,63875742720883,-0.059,1.428,0.289,-0.015,-0.049,0.012,0.999,NaN,-0.328,0.229,0.917,0,0,0,64.325,NaN,-0.264,0.284,0.922,-0.032,0,0,0.59,3.785,6.415,0.998,NaN,-0.328,0.229,0.917,0.032,0,0,0.628,4,6.373,0.916,0.5762045,0
335179,1.00000192999495e+18,63875742720883,-0.059,1.428,0.289,-0.015,-0.049,0.012,0.999,NaN,-0.332,0.228,0.915,0,0,0,64.325,NaN,-0.265,0.284,0.921,-0.032,0,0,0.591,3.789,6.415,0.998,NaN,-0.332,0.228,0.915,0.032,0,0,0.628,4.002,6.373,0.915,0.5595879,0
335180,1.00000192999997e+18,63875742720895,-0.059,1.428,0.289,-0.015,-0.049,0.012,0.999,NaN,-0.335,0.227,0.914,0,0,0,64.325,NaN,-0.266,0.285,0.921,-0.032,0,0,0.591,3.794,6.415,0.998,NaN,-0.335,0.227,0.914,0.032,0,0,0.628,4.002,6.373,0.915,0.5451793,0
335181,1.00000193000499e+18,63875742720895,-0.059,1.428,0.289,-0.015,-0.049,0.012,0.999,NaN,-0.338,0.227,0.914,0,0,0,64.325,NaN,-0.267,0.286,0.92,-0.032,0,0,0.597,3.83,6.415,0.998,NaN,-0.338,0.227,0.914,0.032,0,0,0.628,4.002,6.373,0.915,0.528479,0
335182,1.00000193000999e+18,63875742720895,-0.059,1.428,0.289,-0.015,-0.049,0.012,0.999,NaN,-0.34,0.226,0.913,0,0,0,64.325,NaN,-0.267,0.287,0.92,-0.032,0,0,0.599,3.84,6.415,0.998,NaN,-0.34,0.226,0.913,0.032,0,0,0.628,4.002,6.373,0.915,0.5133896,0
335183,1.00000193001484e+18,63875742720906,-0.059,1.428,0.289,-0.015,-0.049,0.012,0.999,NaN,-0.341,0.225,0.913,0,0,0,64.325,NaN,-0.268,0.288,0.919,-0.032,0,0,0.599,3.844,6.415,0.997,NaN,-0.341,0.225,0.913,0.032,0,0,0.628,4.002,6.373,0.914,0.5000775,0
335184,1.00000193001984e+18,63875742720906,-0.059,1.428,0.289,-0.015,-0.049,0.012,0.999,NaN,-0.343,0.225,0.912,0,0,0,64.325,NaN,-0.268,0.29,0.919,-0.032,0,0,0.6,3.848,6.415,0.997,NaN,-0.343,0.225,0.912,0.032,0,0,0.628,4.002,6.373,0.914,0.4859845,0
335185,1.00000193002487e+18,63875742720917,-0.059,1.428,0.289,-0.015,-0.049,0.012,0.999,NaN,-0.343,0.224,0.912,0,0,0,64.325,NaN,-0.268,0.29,0.919,-0.032,0,0,0.597,3.827,6.415,0.997,NaN,-0.343,0.224,0.912,0.032,0,0,0.628,4.002,6.373,0.914,0.4798348,0
335186,1.00000193002989e+18,63875742720917,-0.059,1.428,0.289,-0.015,-0.049,0.012,0.999,NaN,-0.344,0.224,0.912,0,0,0,64.325,NaN,-0.268,0.29,0.919,-0.032,0,0,0.595,3.818,6.415,0.997,NaN,-0.344,0.224,0.912,0.032,0,0,0.628,4.002,6.373,0.914,0.4746273,0
335187,1.00000193003493e+18,63875742720928,-0.059,1.428,0.289,-0.016,-0.049,0.012,0.999,NaN,-0.345,0.223,0.912,0,0,0,64.325,NaN,-0.268,0.291,0.918,-0.032,0,0,0.596,3.825,6.415,0.997,NaN,-0.345,0.223,0.912,0.032,0,0,0.628,4.002,6.373,0.914,0.466778,0
335188,1.00000193003998e+18,63875742720928,-0.059,1.428,0.289,-0.016,-0.049,0.012,0.999,NaN,-0.345,0.223,0.912,0,0,0,64.325,NaN,-0.268,0.292,0.918,-0.032,0,0,0.597,3.829,6.415,0.996,NaN,-0.345,0.223,0.912,0.032,0,0,0.628,4.003,6.373,0.914,0.4593151,0.04506736
335189,1.00000193004502e+18,63875742720939,-0.059,1.428,0.289,-0.016,-0.049,0.012,0.999,NaN,-0.346,0.222,0.912,0,0,0,64.325,NaN,-0.268,0.293,0.918,-0.032,0,0,0.601,3.854,6.415,0.996,NaN,-0.346,0.222,0.912,0.032,0,0,0.628,4.003,6.373,0.914,0.4496317,0.1706123
335190,1.00000193005008e+18,63875742720939,-0.059,1.428,0.289,-0.016,-0.049,0.012,0.999,NaN,-0.346,0.222,0.912,0,0,0,64.325,NaN,-0.268,0.294,0.917,-0.032,0,0,0.602,3.86,6.415,0.996,NaN,-0.346,0.222,0.912,0.032,0,0,0.628,4.003,6.373,0.913,0.4412808,0.3944178
335191,1.00000193005513e+18,63875742720951,-0.059,1.428,0.289,-0.016,-0.049,0.012,0.999,NaN,-0.346,0.222,0.912,0,0,0,64.325,NaN,-0.268,0.295,0.917,-0.032,0,0,0.602,3.863,6.415,0.996,NaN,-0.346,0.222,0.912,0.032,0,0,0.628,4.003,6.373,0.913,0.4341864,0.6792763
335192,1.00000193006004e+18,63875742720951,-0.059,1.428,0.289,-0.016,-0.049,0.012,0.999,NaN,-0.346,0.222,0.911,0,0,0,64.325,NaN,-0.271,0.293,0.917,-0.032,0,0,0.624,4.004,6.415,0.996,NaN,-0.346,0.222,0.911,0.032,0,0,0.628,4.003,6.373,0.913,0.4448877,0.91098
335193,1.00000193006509e+18,63875742720951,-0.059,1.428,0.289,-0.016,-0.049,0.012,0.999,NaN,-0.347,0.221,0.911,0,0,0,64.325,NaN,-0.275,0.292,0.916,-0.032,0,0,0.627,4.025,6.415,0.996,NaN,-0.347,0.221,0.911,0.032,0,0,0.628,4.003,6.373,0.913,0.4535994,0.9950604
335194,1.00000193007009e+18,63875742720962,-0.059,1.428,0.289,-0.016,-0.049,0.012,0.999,NaN,-0.347,0.221,0.911,0,0,0,64.325,NaN,-0.279,0.291,0.915,-0.032,0,0,0.629,4.032,6.415,0.996,NaN,-0.347,0.221,0.911,0.032,0,0,0.628,4.003,6.373,0.913,0.4600769,1
335195,1.00000193007499e+18,63875742720962,-0.059,1.428,0.289,-0.016,-0.049,0.012,0.999,NaN,-0.347,0.221,0.911,0,0,0,64.325,NaN,-0.282,0.29,0.914,-0.032,0,0,0.629,4.033,6.415,0.995,NaN,-0.347,0.221,0.911,0.032,0,0,0.628,4.003,6.373,0.913,0.4641414,1
335196,1.00000193008003e+18,63875742720972,-0.059,1.428,0.289,-0.016,-0.049,0.012,0.999,NaN,-0.347,0.221,0.911,0,0,0,64.325,NaN,-0.285,0.289,0.914,-0.032,0,0,0.629,4.033,6.415,0.995,NaN,-0.347,0.221,0.911,0.032,0,0,0.628,4.003,6.373,0.913,0.4662791,1
335197,1.00000193008504e+18,63875742720972,-0.059,1.428,0.289,-0.016,-0.049,0.012,0.999,NaN,-0.347,0.221,0.911,0,0,0,64.325,NaN,-0.288,0.289,0.913,-0.032,0,0,0.629,4.033,6.415,0.995,NaN,-0.347,0.221,0.911,0.032,0,0,0.628,4.003,6.373,0.913,0.4684478,1
335198,1.00000193009005e+18,63875742720984,-0.059,1.428,0.289,-0.016,-0.049,0.012,0.999,NaN,-0.347,0.221,0.911,0,0,0,64.325,NaN,-0.29,0.288,0.913,-0.032,0,0,0.629,4.035,6.415,0.995,NaN,-0.347,0.221,0.911,0.032,0,0,0.628,4.003,6.373,0.913,0.4719964,1
335199,1.00000193009507e+18,63875742720984,-0.059,1.428,0.289,-0.016,-0.049,0.012,0.999,NaN,-0.347,0.22,0.912,0,0,0,64.325,NaN,-0.292,0.287,0.913,-0.032,0,0,0.629,4.035,6.415,0.995,NaN,-0.347,0.22,0.912,0.032,0,0,0.628,4.003,6.373,0.913,0.4755455,1
335200,1.00000193010008e+18,63875742720995,-0.059,1.428,0.289,-0.016,-0.049,0.012,0.999,NaN,-0.347,0.22,0.912,0,0,0,64.325,NaN,-0.288,0.284,0.915,-0.032,0,0,0.581,3.725,6.415,0.995,NaN,-0.347,0.22,0.912,0.032,0,0,0.628,4.002,6.373,0.913,0.5003718,1
335201,1.00000193010509e+18,63875742720995,-0.059,1.428,0.289,-0.016,-0.049,0.012,0.999,NaN,-0.347,0.22,0.912,0,0,0,64.325,NaN,-0.285,0.28,0.917,-0.032,0,0,0.573,3.678,6.415,0.995,NaN,-0.347,0.22,0.912,0.032,0,0,0.628,4.002,6.373,0.913,0.5315552,1
335202,1.0000019301101e+18,63875742720995,-0.059,1.428,0.289,-0.016,-0.049,0.012,0.999,NaN,-0.347,0.22,0.912,0,0,0,64.325,NaN,-0.284,0.276,0.918,-0.032,0,0,0.572,3.668,6.415,0.995,NaN,-0.347,0.22,0.912,0.032,0,0,0.628,4.002,6.373,0.913,0.5640261,1
335203,1.00000193011511e+18,63875742721007,-0.059,1.428,0.289,-0.016,-0.049,0.012,0.999,NaN,-0.347,0.219,0.912,0,0,0,64.325,NaN,-0.283,0.272,0.92,-0.032,0,0,0.571,3.666,6.415,0.996,NaN,-0.347,0.219,0.912,0.032,0,0,0.628,4.001,6.373,0.913,0.5948589,1
335204,1.00000193012014e+18,63875742721007,-0.059,1.428,0.289,-0.016,-0.049,0.012,0.999,NaN,-0.347,0.219,0.912,0,0,0,64.325,NaN,-0.282,0.268,0.921,-0.032,0,0,0.571,3.66,6.415,0.996,NaN,-0.347,0.219,0.912,0.032,0,0,0.628,4.001,6.373,0.913,0.6241382,1
335205,1.00000193012515e+18,63875742721017,-0.059,1.428,0.289,-0.016,-0.049,0.012,0.999,NaN,-0.347,0.219,0.912,0,0,0,64.325,NaN,-0.281,0.265,0.922,-0.032,0,0,0.57,3.658,6.415,0.996,NaN,-0.347,0.219,0.912,0.032,0,0,0.628,4.001,6.373,0.913,0.6418368,1
335206,1.00000193013015e+18,63875742721017,-0.059,1.428,0.289,-0.016,-0.049,0.012,0.999,NaN,-0.347,0.219,0.912,0,0,0,64.325,NaN,-0.279,0.263,0.924,-0.032,0,0,0.57,3.658,6.415,0.996,NaN,-0.347,0.219,0.912,0.032,0,0,0.628,4.001,6.373,0.914,0.6472813,1
335207,1.00000193013516e+18,63875742721028,-0.059,1.428,0.289,-0.016,-0.049,0.012,0.999,NaN,-0.347,0.219,0.912,0,0,0,64.325,NaN,-0.277,0.261,0.925,-0.032,0,0,0.57,3.657,6.415,0.995,NaN,-0.347,0.219,0.912,0.032,0,0,0.628,4.001,6.373,0.914,0.6508806,1
335208,1.00000193014014e+18,63875742721028,-0.059,1.428,0.289,-0.016,-0.049,0.012,0.999,NaN,-0.347,0.218,0.912,0,0,0,64.325,NaN,-0.274,0.259,0.926,-0.032,0,0,0.569,3.652,6.415,0.995,NaN,-0.347,0.218,0.912,0.032,0,0,0.628,4.001,6.373,0.914,0.6503417,1
335209,1.00000193014515e+18,63875742721040,-0.059,1.428,0.289,-0.015,-0.049,0.012,0.999,NaN,-0.347,0.218,0.912,0,0,0,64.325,NaN,-0.272,0.258,0.927,-0.032,0,0,0.569,3.648,6.415,0.995,NaN,-0.347,0.218,0.912,0.032,0,0,0.628,4.001,6.373,0.914,0.647345,1
335210,1.00000193015022e+18,63875742721040,-0.059,1.428,0.289,-0.015,-0.049,0.012,0.999,NaN,-0.347,0.218,0.912,0,0,0,64.325,NaN,-0.27,0.257,0.928,-0.032,0,0,0.568,3.646,6.415,0.995,NaN,-0.347,0.218,0.912,0.032,0,0,0.628,4.001,6.373,0.914,0.6397608,1
335211,1.00000193015523e+18,63875742721051,-0.059,1.428,0.289,-0.015,-0.049,0.012,0.999,NaN,-0.347,0.218,0.912,0,0,0,64.325,NaN,-0.269,0.258,0.928,-0.032,0,0,0.573,3.674,6.415,0.995,NaN,-0.347,0.218,0.912,0.032,0,0,0.628,4.001,6.373,0.914,0.6218224,1
335212,1.00000193016024e+18,63875742721051,-0.059,1.428,0.289,-0.015,-0.049,0.012,0.999,NaN,-0.347,0.217,0.912,0,0,0,64.325,NaN,-0.268,0.262,0.927,-0.032,0,0,0.585,3.752,6.415,0.995,NaN,-0.347,0.217,0.912,0.032,0,0,0.628,4.001,6.373,0.914,0.5983766,1
335213,1.00000193016523e+18,63875742721051,-0.059,1.428,0.289,-0.015,-0.049,0.012,0.999,NaN,-0.347,0.217,0.912,0,0,0,64.325,NaN,-0.268,0.265,0.926,-0.032,0,0,0.59,3.782,6.415,0.995,NaN,-0.347,0.217,0.912,0.032,0,0,0.628,4,6.373,0.914,0.5795724,1
335214,1.00000193017026e+18,63875742721062,-0.059,1.428,0.29,-0.015,-0.049,0.012,0.999,NaN,-0.348,0.216,0.912,0,0,0,64.325,NaN,-0.268,0.266,0.926,-0.032,0,0,0.592,3.799,6.415,0.995,NaN,-0.348,0.216,0.912,0.032,0,0,0.628,4,6.373,0.914,0.5687647,1
335215,1.00000193017526e+18,63875742721072,-0.059,1.428,0.29,-0.015,-0.049,0.012,0.999,NaN,-0.348,0.216,0.912,0,0,0,64.325,NaN,-0.269,0.268,0.925,-0.032,0,0,0.594,3.808,6.415,0.995,NaN,-0.348,0.216,0.912,0.032,0,0,0.628,4,6.373,0.914,0.558005,1
335216,1.00000193018026e+18,63875742721072,-0.059,1.428,0.29,-0.015,-0.049,0.012,0.999,NaN,-0.348,0.216,0.913,0,0,0,64.325,NaN,-0.271,0.269,0.924,-0.032,0,0,0.615,3.945,6.415,0.995,NaN,-0.348,0.216,0.913,0.032,0,0,0.628,4,6.373,0.914,0.5538984,1
335217,1.00000193018526e+18,63875742721072,-0.059,1.428,0.29,-0.015,-0.049,0.012,0.999,NaN,-0.348,0.215,0.913,0,0,0,64.325,NaN,-0.272,0.27,0.924,-0.032,0,0,0.623,3.997,6.415,0.996,NaN,-0.348,0.215,0.913,0.032,0,0,0.628,4,6.373,0.915,0.5484383,1
335218,1.00000193019028e+18,63875742721084,-0.059,1.428,0.29,-0.015,-0.049,0.012,0.999,NaN,-0.347,0.215,0.913,0,0,0,64.325,NaN,-0.274,0.271,0.923,-0.032,0,0,0.627,4.02,6.415,0.995,NaN,-0.347,0.215,0.913,0.032,0,0,0.628,4,6.373,0.915,0.5467148,1
335219,1.00000193019528e+18,63875742721084,-0.059,1.428,0.29,-0.015,-0.049,0.012,0.999,NaN,-0.347,0.215,0.913,0,0,0,64.325,NaN,-0.276,0.271,0.922,-0.032,0,0,0.631,4.049,6.415,0.995,NaN,-0.347,0.215,0.913,0.032,0,0,0.628,4.001,6.373,0.915,0.5511202,1
335220,1.00000193020029e+18,63875742721095,-0.059,1.428,0.29,-0.015,-0.049,0.012,0.999,NaN,-0.347,0.215,0.913,0,0,0,64.325,NaN,-0.279,0.271,0.921,-0.032,0,0,0.631,4.049,6.415,0.995,NaN,-0.347,0.215,0.913,0.032,0,0,0.628,4.002,6.373,0.915,0.5579942,1
335221,1.00000193020537e+18,63875742721095,-0.059,1.428,0.29,-0.015,-0.049,0.012,0.999,NaN,-0.347,0.215,0.913,0,0,0,64.325,NaN,-0.283,0.271,0.92,-0.032,0,0,0.631,4.049,6.415,0.995,NaN,-0.347,0.215,0.913,0.032,0,0,0.628,4.003,6.373,0.915,0.5652531,1
335222,1.00000193021038e+18,63875742721106,-0.059,1.428,0.29,-0.015,-0.049,0.012,0.999,NaN,-0.347,0.215,0.913,0,0,0,64.325,NaN,-0.286,0.27,0.919,-0.032,0,0,0.631,4.049,6.415,0.995,NaN,-0.347,0.215,0.913,0.032,0,0,0.628,4.004,6.373,0.915,0.572608,1
335223,1.00000193021539e+18,63875742721106,-0.059,1.428,0.29,-0.015,-0.049,0.012,0.999,NaN,-0.347,0.215,0.913,0,0,0,64.325,NaN,-0.289,0.27,0.918,-0.032,0,0,0.631,4.049,6.415,0.995,NaN,-0.347,0.215,0.913,0.032,0,0,0.628,4.005,6.373,0.915,0.5787024,1
335224,1.00000193022039e+18,63875742721106,-0.059,1.428,0.29,-0.015,-0.049,0.012,0.999,NaN,-0.347,0.215,0.913,0,0,0,64.325,NaN,-0.292,0.27,0.918,-0.032,0,0,0.631,4.049,6.415,0.995,NaN,-0.347,0.215,0.913,0.032,0,0,0.629,4.006,6.373,0.915,0.5827532,1
335225,1.0000019302254e+18,63875742721117,-0.059,1.428,0.29,-0.015,-0.049,0.012,0.999,NaN,-0.347,0.215,0.913,0,0,0,64.325,NaN,-0.294,0.27,0.917,-0.032,0,0,0.632,4.053,6.415,0.996,NaN,-0.347,0.215,0.913,0.032,0,0,0.629,4.006,6.373,0.915,0.5860391,1
335226,1.00000193023037e+18,63875742721117,-0.059,1.428,0.29,-0.015,-0.049,0.012,0.999,NaN,-0.347,0.215,0.913,0,0,0,64.325,NaN,-0.296,0.269,0.916,-0.032,0,0,0.634,4.065,6.415,0.996,NaN,-0.347,0.215,0.913,0.032,0,0,0.629,4.006,6.373,0.915,0.5890043,1
335227,1.00000193023538e+18,63875742721128,-0.059,1.428,0.29,-0.016,-0.049,0.012,0.999,NaN,-0.347,0.215,0.913,0,0,0,64.325,NaN,-0.298,0.269,0.916,-0.032,0,0,0.635,4.071,6.415,0.996,NaN,-0.347,0.215,0.913,0.032,0,0,0.629,4.006,6.373,0.915,0.5905946,1
335228,1.00000193024039e+18,63875742721128,-0.059,1.428,0.29,-0.016,-0.049,0.012,0.999,NaN,-0.347,0.215,0.913,0,0,0,64.325,NaN,-0.3,0.269,0.915,-0.032,0,0,0.635,4.074,6.415,0.995,NaN,-0.347,0.215,0.913,0.032,0,0,0.629,4.007,6.373,0.915,0.5914498,1
335229,1.00000193024542e+18,63875742721139,-0.059,1.428,0.29,-0.016,-0.049,0.012,0.999,NaN,-0.347,0.215,0.913,0,0,0,64.325,NaN,-0.301,0.269,0.915,-0.032,0,0,0.635,4.076,6.415,0.996,NaN,-0.347,0.215,0.913,0.032,0,0,0.629,4.007,6.373,0.915,0.5916463,1
335230,1.00000193025043e+18,63875742721139,-0.059,1.428,0.29,-0.016,-0.049,0.012,0.999,NaN,-0.347,0.215,0.913,0,0,0,64.325,NaN,-0.301,0.269,0.915,-0.032,0,0,0.636,4.078,6.415,0.996,NaN,-0.347,0.215,0.913,0.032,0,0,0.629,4.007,6.373,0.915,0.5904962,1
335231,1.00000193025545e+18,63875742721151,-0.059,1.428,0.29,-0.016,-0.049,0.012,0.999,NaN,-0.347,0.215,0.913,0,0,0,64.325,NaN,-0.302,0.269,0.915,-0.032,0,0,0.636,4.08,6.415,0.996,NaN,-0.347,0.215,0.913,0.032,0,0,0.629,4.008,6.373,0.915,0.5881099,1
335232,1.00000193026047e+18,63875742721151,-0.059,1.428,0.29,-0.016,-0.049,0.012,0.999,NaN,-0.347,0.215,0.913,0,0,0,64.325,NaN,-0.302,0.269,0.915,-0.032,0,0,0.636,4.083,6.415,0.996,NaN,-0.347,0.215,0.913,0.032,0,0,0.629,4.008,6.373,0.915,0.5854214,1
335233,1.00000193026548e+18,63875742721151,-0.059,1.428,0.29,-0.016,-0.049,0.012,0.999,NaN,-0.347,0.215,0.913,0,0,0,64.325,NaN,-0.302,0.269,0.915,-0.032,0,0,0.637,4.085,6.415,0.996,NaN,-0.347,0.215,0.913,0.032,0,0,0.629,4.008,6.373,0.915,0.583092,1
335234,1.0000019302705e+18,63875742721162,-0.059,1.428,0.29,-0.016,-0.049,0.012,0.999,NaN,-0.347,0.215,0.913,0,0,0,64.325,NaN,-0.302,0.269,0.915,-0.032,0,0,0.637,4.085,6.415,0.996,NaN,-0.347,0.215,0.913,0.032,0,0,0.629,4.009,6.373,0.915,0.5799858,0.9929522
335235,1.00000193027551e+18,63875742721162,-0.059,1.428,0.29,-0.016,-0.049,0.012,0.999,NaN,-0.347,0.214,0.913,0,0,0,64.325,NaN,-0.302,0.269,0.915,-0.032,0,0,0.637,4.085,6.415,0.996,NaN,-0.347,0.214,0.913,0.032,0,0,0.629,4.009,6.373,0.915,0.5763385,0.9798748
335236,1.00000193028053e+18,63875742721172,-0.059,1.428,0.29,-0.016,-0.049,0.012,0.999,NaN,-0.347,0.214,0.913,0,0,0,64.325,NaN,-0.301,0.269,0.915,-0.032,0,0,0.637,4.086,6.415,0.996,NaN,-0.347,0.214,0.913,0.032,0,0,0.629,4.009,6.373,0.915,0.5729434,0.9737785
335237,1.00000193028554e+18,63875742721172,-0.059,1.428,0.29,-0.016,-0.049,0.012,0.999,NaN,-0.347,0.214,0.913,0,0,0,64.325,NaN,-0.301,0.27,0.915,-0.032,0,0,0.637,4.09,6.415,0.996,NaN,-0.347,0.214,0.913,0.032,0,0,0.629,4.009,6.373,0.915,0.5700818,0.971611
335238,1.00000193029056e+18,63875742721184,-0.059,1.428,0.29,-0.016,-0.049,0.012,0.999,NaN,-0.347,0.214,0.913,0,0,0,64.325,NaN,-0.301,0.27,0.915,-0.032,0,0,0.638,4.093,6.415,0.996,NaN,-0.347,0.214,0.913,0.032,0,0,0.629,4.01,6.373,0.915,0.5674022,0.9766876
335239,1.00000193029558e+18,63875742721184,-0.059,1.428,0.29,-0.016,-0.049,0.012,0.999,NaN,-0.347,0.214,0.913,0,0,0,64.325,NaN,-0.301,0.27,0.915,-0.032,0,0,0.638,4.094,6.415,0.996,NaN,-0.347,0.214,0.913,0.032,0,0,0.629,4.011,6.373,0.915,0.5644412,0.9707268
335240,1.00000193030059e+18,63875742721195,-0.059,1.428,0.29,-0.016,-0.049,0.012,0.999,NaN,-0.346,0.214,0.913,0,0,0,64.325,NaN,-0.3,0.27,0.915,-0.032,0,0,0.638,4.095,6.415,0.996,NaN,-0.346,0.214,0.913,0.032,0,0,0.629,4.012,6.373,0.915,0.5607486,0.965739
335241,1.00000193030561e+18,63875742721195,-0.059,1.428,0.29,-0.016,-0.049,0.012,0.999,NaN,-0.346,0.214,0.914,0,0,0,64.325,NaN,-0.3,0.27,0.915,-0.032,0,0,0.638,4.095,6.415,0.996,NaN,-0.346,0.214,0.914,0.032,0,0,0.63,4.012,6.373,0.915,0.5566267,0.9593837
335242,1.00000193031062e+18,63875742721206,-0.059,1.428,0.29,-0.016,-0.049,0.012,0.999,NaN,-0.346,0.214,0.914,0,0,0,64.325,NaN,-0.3,0.271,0.915,-0.032,0,0,0.638,4.095,6.415,0.996,NaN,-0.346,0.214,0.914,0.032,0,0,0.63,4.013,6.373,0.915,0.5524887,0.9615703
335243,1.00000193031563e+18,63875742721206,-0.059,1.428,0.29,-0.016,-0.049,0.012,0.999,NaN,-0.345,0.214,0.914,0,0,0,64.325,NaN,-0.3,0.271,0.915,-0.032,0,0,0.638,4.095,6.415,0.996,NaN,-0.345,0.214,0.914,0.032,0,0,0.63,4.014,6.373,0.915,0.5487962,0.95714
335244,1.0000019303206e+18,63875742721206,-0.059,1.428,0.29,-0.016,-0.049,0.012,0.999,NaN,-0.345,0.214,0.914,0,0,0,64.325,NaN,-0.3,0.271,0.915,-0.032,0,0,0.638,4.095,6.415,0.996,NaN,-0.345,0.214,0.914,0.032,0,0,0.63,4.015,6.373,0.915,0.5450045,0.959915
335245,1.00000193032563e+18,63875742721217,-0.059,1.428,0.29,-0.016,-0.049,0.012,0.999,NaN,-0.344,0.214,0.914,0,0,0,64.325,NaN,-0.3,0.271,0.915,-0.032,0,0,0.638,4.094,6.415,0.996,NaN,-0.344,0.214,0.914,0.032,0,0,0.63,4.017,6.373,0.915,0.5418495,0.9545903
335246,1.00000193033068e+18,63875742721217,-0.059,1.428,0.29,-0.016,-0.049,0.012,0.999,NaN,-0.344,0.214,0.914,0,0,0,64.325,NaN,-0.299,0.272,0.915,-0.032,0,0,0.638,4.094,6.415,0.997,NaN,-0.344,0.214,0.914,0.032,0,0,0.63,4.017,6.373,0.915,0.5389023,0.9548661
335247,1.0000019303357e+18,63875742721228,-0.059,1.428,0.29,-0.016,-0.049,0.012,0.999,NaN,-0.343,0.214,0.914,0,0,0,64.325,NaN,-0.299,0.272,0.915,-0.032,0,0,0.638,4.094,6.415,0.996,NaN,-0.343,0.214,0.914,0.032,0,0,0.63,4.017,6.373,0.915,0.5359268,0.9531595
335248,1.00000193034066e+18,63875742721228,-0.059,1.428,0.29,-0.016,-0.049,0.012,0.999,NaN,-0.343,0.214,0.915,0,0,0,64.325,NaN,-0.299,0.272,0.915,-0.032,0,0,0.638,4.094,6.415,0.997,NaN,-0.343,0.214,0.915,0.032,0,0,0.63,4.018,6.373,0.915,0.5332577,0.9483149
335249,1.0000019303457e+18,63875742721240,-0.059,1.428,0.29,-0.016,-0.049,0.012,0.999,NaN,-0.343,0.214,0.915,0,0,0,64.325,NaN,-0.299,0.272,0.915,-0.032,0,0,0.638,4.094,6.415,0.997,NaN,-0.343,0.214,0.915,0.032,0,0,0.63,4.018,6.373,0.915,0.5306229,0.9801149
335250,1.00000193035072e+18,63875742721240,-0.059,1.428,0.29,-0.016,-0.049,0.012,0.999,NaN,-0.342,0.214,0.915,0,0,0,64.325,NaN,-0.299,0.272,0.915,-0.032,0,0,0.638,4.094,6.415,0.997,NaN,-0.342,0.214,0.915,0.032,0,0,0.631,4.019,6.373,0.915,0.5276614,1
335251,1.00000193035571e+18,63875742721251,-0.059,1.428,0.29,-0.016,-0.049,0.012,0.999,NaN,-0.342,0.214,0.915,0,0,0,64.325,NaN,-0.299,0.273,0.915,-0.032,0,0,0.638,4.095,6.415,0.997,NaN,-0.342,0.214,0.915,0.032,0,0,0.631,4.019,6.373,0.915,0.5247934,1
335252,1.00000193036073e+18,63875742721262,-0.059,1.428,0.29,-0.016,-0.049,0.012,0.999,NaN,-0.342,0.214,0.915,0,0,0,64.325,NaN,-0.299,0.273,0.914,-0.032,0,0,0.638,4.095,6.415,0.997,NaN,-0.342,0.214,0.915,0.032,0,0,0.631,4.019,6.373,0.915,0.5218014,1
335253,1.00000193036576e+18,63875742721262,-0.059,1.428,0.29,-0.016,-0.049,0.012,0.999,NaN,-0.341,0.214,0.915,0,0,0,64.325,NaN,-0.299,0.273,0.914,-0.032,0,0,0.638,4.095,6.415,0.997,NaN,-0.341,0.214,0.915,0.032,0,0,0.631,4.02,6.373,0.915,0.519296,1
335254,1.00000193037078e+18,63875742721262,-0.059,1.428,0.29,-0.016,-0.049,0.012,0.999,NaN,-0.341,0.214,0.915,0,0,0,64.325,NaN,-0.299,0.273,0.914,-0.032,0,0,0.638,4.096,6.415,0.997,NaN,-0.341,0.214,0.915,0.032,0,0,0.631,4.02,6.373,0.915,0.5168197,1
335255,1.00000193037574e+18,63875742721262,-0.059,1.428,0.29,-0.016,-0.049,0.012,0.999,NaN,-0.341,0.214,0.915,0,0,0,64.325,NaN,-0.299,0.273,0.914,-0.032,0,0,0.638,4.096,6.415,0.997,NaN,-0.341,0.214,0.915,0.032,0,0,0.631,4.021,6.373,0.916,0.5149738,1
335256,1.00000193038077e+18,63875742721273,-0.059,1.428,0.29,-0.015,-0.049,0.012,0.999,NaN,-0.34,0.214,0.915,0,0,0,64.325,NaN,-0.298,0.274,0.914,-0.032,0,0,0.639,4.096,6.415,0.997,NaN,-0.34,0.214,0.915,0.032,0,0,0.631,4.022,6.373,0.916,0.5131021,1
335257,1.0000019303858e+18,63875742721283,-0.059,1.428,0.29,-0.015,-0.049,0.012,0.999,NaN,-0.34,0.215,0.916,0,0,0,64.325,NaN,-0.298,0.274,0.914,-0.032,0,0,0.638,4.096,6.415,0.997,NaN,-0.34,0.215,0.916,0.032,0,0,0.633,4.036,6.373,0.916,0.5138286,1
335258,1.00000193039083e+18,63875742721283,-0.059,1.428,0.29,-0.015,-0.049,0.012,0.999,NaN,-0.34,0.215,0.916,0,0,0,64.325,NaN,-0.298,0.274,0.914,-0.032,0,0,0.638,4.096,6.415,0.997,NaN,-0.34,0.215,0.916,0.032,0,0,0.634,4.042,6.373,0.916,0.5145596,1
335259,1.00000193039585e+18,63875742721283,-0.059,1.428,0.29,-0.015,-0.049,0.012,0.999,NaN,-0.339,0.215,0.916,0,0,0,64.325,NaN,-0.298,0.274,0.914,-0.032,0,0,0.638,4.096,6.415,0.997,NaN,-0.339,0.215,0.916,0.032,0,0,0.635,4.045,6.373,0.916,0.5155144,1
335260,1.00000193040088e+18,63875742721295,-0.059,1.428,0.29,-0.015,-0.049,0.012,0.999,NaN,-0.339,0.215,0.916,0,0,0,64.325,NaN,-0.298,0.274,0.914,-0.032,0,0,0.638,4.096,6.415,0.997,NaN,-0.339,0.215,0.916,0.032,0,0,0.635,4.047,6.373,0.916,0.5162839,1
335261,1.00000193040604e+18,63875742721295,-0.059,1.428,0.29,-0.015,-0.049,0.012,0.999,NaN,-0.339,0.216,0.916,0,0,0,64.325,NaN,-0.298,0.274,0.914,-0.032,0,0,0.639,4.096,6.415,0.998,NaN,-0.339,0.216,0.916,0.032,0,0,0.635,4.048,6.373,0.916,0.517388,1
335262,1.00000193041103e+18,63875742721307,-0.059,1.428,0.29,-0.016,-0.049,0.012,0.999,NaN,-0.339,0.216,0.916,0,0,0,64.325,NaN,-0.298,0.274,0.914,-0.032,0,0,0.639,4.097,6.415,0.998,NaN,-0.339,0.216,0.916,0.032,0,0,0.635,4.048,6.373,0.916,0.5185033,1
335263,1.00000193041605e+18,63875742721307,-0.059,1.428,0.29,-0.016,-0.049,0.012,0.999,NaN,-0.338,0.216,0.916,0,0,0,64.325,NaN,-0.298,0.274,0.914,-0.032,0,0,0.637,4.084,6.415,0.998,NaN,-0.338,0.216,0.916,0.032,0,0,0.635,4.049,6.373,0.916,0.5160293,1
335264,1.00000193042103e+18,63875742721307,-0.059,1.428,0.29,-0.016,-0.049,0.012,0.999,NaN,-0.338,0.216,0.916,0,0,0,64.325,NaN,-0.296,0.276,0.914,-0.032,0,0,0.617,3.957,6.415,0.998,NaN,-0.338,0.216,0.916,0.032,0,0,0.635,4.049,6.373,0.916,0.5051908,1
335265,1.00000193042586e+18,63875742721317,-0.059,1.428,0.29,-0.016,-0.049,0.012,0.999,NaN,-0.338,0.216,0.916,0,0,0,64.325,NaN,-0.293,0.279,0.915,-0.032,0,0,0.615,3.946,6.415,0.998,NaN,-0.338,0.216,0.916,0.032,0,0,0.635,4.049,6.373,0.916,0.4871438,1
335266,1.00000193043088e+18,63875742721317,-0.059,1.428,0.29,-0.016,-0.049,0.012,0.999,NaN,-0.338,0.216,0.916,0,0,0,64.325,NaN,-0.289,0.282,0.915,-0.032,0,0,0.614,3.938,6.415,0.998,NaN,-0.338,0.216,0.916,0.032,0,0,0.635,4.049,6.373,0.916,0.4678422,1
335267,1.00000193043591e+18,63875742721328,-0.059,1.428,0.29,-0.016,-0.049,0.012,0.999,NaN,-0.338,0.216,0.916,0,0,0,64.325,NaN,-0.284,0.285,0.915,-0.032,0,0,0.613,3.932,6.415,0.998,NaN,-0.338,0.216,0.916,0.032,0,0,0.635,4.049,6.373,0.916,0.4491992,1
335268,1.00000193044093e+18,63875742721328,-0.059,1.428,0.29,-0.016,-0.049,0.012,0.999,NaN,-0.338,0.216,0.916,0,0,0,64.325,NaN,-0.281,0.288,0.915,-0.032,0,0,0.611,3.922,6.415,0.998,NaN,-0.338,0.216,0.916,0.032,0,0,0.635,4.049,6.373,0.916,0.4333319,1
335269,1.00000193044598e+18,63875742721340,-0.059,1.429,0.29,-0.016,-0.049,0.012,0.999,NaN,-0.338,0.217,0.916,0,0,0,64.325,NaN,-0.278,0.291,0.916,-0.032,0,0,0.61,3.915,6.415,0.998,NaN,-0.338,0.217,0.916,0.032,0,0,0.635,4.049,6.373,0.916,0.4201711,1
335270,1.000001930451e+18,63875742721340,-0.059,1.429,0.29,-0.016,-0.049,0.012,0.999,NaN,-0.338,0.217,0.916,0,0,0,64.325,NaN,-0.275,0.293,0.916,-0.032,0,0,0.608,3.903,6.415,0.998,NaN,-0.338,0.217,0.916,0.032,0,0,0.635,4.049,6.373,0.916,0.4104683,1
335271,1.00000193045603e+18,63875742721350,-0.059,1.429,0.29,-0.016,-0.049,0.012,0.999,NaN,-0.337,0.217,0.916,0,0,0,64.325,NaN,-0.273,0.295,0.916,-0.032,0,0,0.608,3.897,6.415,0.997,NaN,-0.337,0.217,0.916,0.032,0,0,0.635,4.049,6.373,0.915,0.4025656,1
335272,1.00000193046104e+18,63875742721350,-0.059,1.429,0.29,-0.016,-0.049,0.012,0.999,NaN,-0.337,0.218,0.916,0,0,0,64.325,NaN,-0.27,0.297,0.916,-0.032,0,0,0.608,3.898,6.415,0.997,NaN,-0.337,0.218,0.916,0.032,0,0,0.641,4.084,6.373,0.915,0.3969691,0.9281287
335273,1.00000193046597e+18,63875742721362,-0.059,1.429,0.29,-0.016,-0.049,0.012,0.999,NaN,-0.337,0.218,0.916,0,0,0,64.325,NaN,-0.269,0.299,0.916,-0.032,0,0,0.608,3.899,6.415,0.997,NaN,-0.337,0.218,0.916,0.032,0,0,0.643,4.096,6.373,0.915,0.3931119,0.9295661
335274,1.00000193047099e+18,63875742721362,-0.059,1.429,0.29,-0.016,-0.049,0.012,0.999,NaN,-0.336,0.219,0.916,0,0,0,64.325,NaN,-0.267,0.3,0.916,-0.032,0,0,0.607,3.897,6.415,0.997,NaN,-0.336,0.219,0.916,0.032,0,0,0.643,4.101,6.373,0.915,0.391773,0.9315454
335275,1.00000193047601e+18,63875742721373,-0.06,1.429,0.291,-0.016,-0.049,0.012,0.999,NaN,-0.336,0.22,0.916,0,0,0,64.325,NaN,-0.266,0.301,0.916,-0.032,0,0,0.606,3.888,6.415,0.996,NaN,-0.336,0.22,0.916,0.032,0,0,0.643,4.1,6.373,0.915,0.3908682,0.8991952
335276,1.00000193048103e+18,63875742721373,-0.06,1.429,0.291,-0.016,-0.049,0.012,0.999,NaN,-0.335,0.22,0.916,0,0,0,64.325,NaN,-0.266,0.301,0.916,-0.032,0,0,0.604,3.877,6.415,0.996,NaN,-0.335,0.22,0.916,0.032,0,0,0.643,4.099,6.373,0.914,0.3902573,0.9472654
335277,1.00000193048605e+18,63875742721373,-0.06,1.429,0.291,-0.016,-0.049,0.012,0.999,NaN,-0.335,0.22,0.916,0,0,0,64.325,NaN,-0.265,0.302,0.916,-0.032,0,0,0.603,3.871,6.415,0.997,NaN,-0.335,0.22,0.916,0.032,0,0,0.643,4.096,6.373,0.914,0.3894835,0.953637
335278,1.00000193049107e+18,63875742721384,-0.06,1.429,0.291,-0.016,-0.048,0.012,0.999,NaN,-0.335,0.221,0.916,0,0,0,64.325,NaN,-0.265,0.302,0.916,-0.032,0,0,0.603,3.868,6.415,0.996,NaN,-0.335,0.221,0.916,0.032,0,0,0.642,4.094,6.373,0.914,0.3904427,0.951627
335279,1.00000193049609e+18,63875742721384,-0.06,1.429,0.291,-0.016,-0.048,0.012,0.999,NaN,-0.335,0.221,0.916,0,0,0,64.325,NaN,-0.264,0.3,0.917,-0.032,0,0,0.588,3.772,6.415,0.996,NaN,-0.335,0.221,0.916,0.032,0,0,0.642,4.092,6.373,0.914,0.4055986,0.9604364
335280,1.00000193050112e+18,63875742721394,-0.06,1.429,0.291,-0.016,-0.048,0.012,0.999,NaN,-0.335,0.221,0.916,0,0,0,64.325,NaN,-0.262,0.298,0.918,-0.032,0,0,0.583,3.742,6.415,0.996,NaN,-0.335,0.221,0.916,0.032,0,0,0.642,4.091,6.373,0.913,0.4168634,0.9589527
335281,1.00000193050614e+18,63875742721395,-0.06,1.429,0.291,-0.016,-0.048,0.012,0.999,NaN,-0.334,0.221,0.916,0,0,0,64.325,NaN,-0.262,0.297,0.918,-0.032,0,0,0.584,3.744,6.415,0.996,NaN,-0.334,0.221,0.916,0.032,0,0,0.642,4.091,6.373,0.913,0.422962,0.9499789
335282,1.00000193051116e+18,63875742721407,-0.06,1.429,0.291,-0.016,-0.048,0.012,0.999,NaN,-0.334,0.222,0.916,0,0,0,64.325,NaN,-0.261,0.297,0.918,-0.032,0,0,0.584,3.748,6.415,0.996,NaN,-0.334,0.222,0.916,0.032,0,0,0.642,4.09,6.373,0.913,0.426808,0.9523346
335283,1.00000193051618e+18,63875742721407,-0.06,1.429,0.291,-0.016,-0.048,0.012,0.999,NaN,-0.334,0.222,0.916,0,0,0,64.325,NaN,-0.261,0.296,0.919,-0.032,0,0,0.587,3.764,6.415,0.996,NaN,-0.334,0.222,0.916,0.032,0,0,0.642,4.09,6.373,0.912,0.4291927,0.9481798
335284,1.00000193052121e+18,63875742721407,-0.06,1.429,0.291,-0.016,-0.048,0.012,0.999,NaN,-0.334,0.222,0.916,0,0,0,64.325,NaN,-0.261,0.296,0.919,-0.032,0,0,0.589,3.777,6.415,0.996,NaN,-0.334,0.222,0.916,0.032,0,0,0.642,4.09,6.373,0.912,0.4309907,0.948853
335285,1.00000193052618e+18,63875742721417,-0.06,1.429,0.291,-0.016,-0.048,0.012,0.999,NaN,-0.334,0.222,0.916,0,0,0,64.325,NaN,-0.261,0.296,0.919,-0.032,0,0,0.59,3.785,6.415,0.996,NaN,-0.334,0.222,0.916,0.032,0,0,0.642,4.088,6.373,0.912,0.4312057,0.9187853
335286,1.00000193053118e+18,63875742721429,-0.06,1.429,0.291,-0.016,-0.048,0.012,0.999,NaN,-0.334,0.222,0.916,0,0,0,64.325,NaN,-0.261,0.296,0.919,-0.032,0,0,0.591,3.793,6.415,0.996,NaN,-0.334,0.222,0.916,0.032,0,0,0.641,4.085,6.373,0.912,0.4306847,0.9076463
335287,1.00000193053617e+18,63875742721429,-0.06,1.429,0.291,-0.016,-0.048,0.012,0.999,NaN,-0.334,0.222,0.916,0,0,0,64.325,NaN,-0.261,0.297,0.919,-0.032,0,0,0.592,3.797,6.415,0.996,NaN,-0.334,0.222,0.916,0.032,0,0,0.641,4.082,6.373,0.911,0.4302294,0.9096231
335288,1.00000193054115e+18,63875742721429,-0.06,1.429,0.291,-0.016,-0.048,0.012,0.999,NaN,-0.334,0.222,0.916,0,0,0,64.325,NaN,-0.26,0.297,0.919,-0.032,0,0,0.592,3.8,6.415,0.996,NaN,-0.334,0.222,0.916,0.032,0,0,0.64,4.079,6.373,0.911,0.42942,0.908537
335289,1.00000193054617e+18,63875742721439,-0.06,1.429,0.291,-0.016,-0.048,0.012,0.999,NaN,-0.334,0.222,0.916,0,0,0,64.325,NaN,-0.261,0.297,0.919,-0.032,0,0,0.592,3.8,6.415,0.996,NaN,-0.334,0.222,0.916,0.032,0,0,0.64,4.077,6.373,0.911,0.4284059,0.9037613
335290,1.00000193055119e+18,63875742721439,-0.06,1.429,0.291,-0.016,-0.048,0.012,0.999,NaN,-0.334,0.222,0.916,0,0,0,64.325,NaN,-0.261,0.297,0.919,-0.032,0,0,0.592,3.8,6.415,0.995,NaN,-0.334,0.222,0.916,0.032,0,0,0.639,4.075,6.373,0.911,0.427527,0.8979871
335291,1.00000193055621e+18,63875742721451,-0.06,1.429,0.291,-0.016,-0.048,0.012,0.999,NaN,-0.334,0.222,0.916,0,0,0,64.325,NaN,-0.261,0.297,0.919,-0.032,0,0,0.596,3.824,6.415,0.996,NaN,-0.334,0.222,0.916,0.032,0,0,0.639,4.075,6.373,0.911,0.4260063,1
335292,1.00000193056123e+18,63875742721451,-0.06,1.429,0.291,-0.016,-0.048,0.012,0.999,NaN,-0.334,0.222,0.916,0,0,0,64.325,NaN,-0.26,0.297,0.919,-0.032,0,0,0.597,3.832,6.415,0.996,NaN,-0.334,0.222,0.916,0.032,0,0,0.639,4.075,6.373,0.911,0.4240381,1
335293,1.00000193056619e+18,63875742721461,-0.061,1.429,0.292,-0.016,-0.048,0.012,0.999,NaN,-0.334,0.222,0.916,0,0,0,64.325,NaN,-0.26,0.298,0.918,-0.032,0,0,0.598,3.835,6.415,0.996,NaN,-0.334,0.222,0.916,0.032,0,0,0.639,4.075,6.373,0.911,0.4219325,1
335294,1.0000019305712e+18,63875742721461,-0.061,1.429,0.292,-0.016,-0.048,0.012,0.999,NaN,-0.334,0.222,0.916,0,0,0,64.325,NaN,-0.26,0.298,0.918,-0.032,0,0,0.598,3.838,6.415,0.996,NaN,-0.334,0.222,0.916,0.032,0,0,0.639,4.074,6.373,0.911,0.4197505,1
335295,1.00000193057625e+18,63875742721461,-0.061,1.429,0.292,-0.016,-0.048,0.012,0.999,NaN,-0.334,0.222,0.916,0,0,0,64.325,NaN,-0.26,0.298,0.918,-0.032,0,0,0.599,3.84,6.415,0.996,NaN,-0.334,0.222,0.916,0.032,0,0,0.639,4.074,6.373,0.911,0.4176261,1
335296,1.00000193058125e+18,63875742721472,-0.061,1.429,0.292,-0.016,-0.049,0.011,0.999,NaN,-0.334,0.222,0.916,0,0,0,64.325,NaN,-0.26,0.299,0.918,-0.032,0,0,0.599,3.841,6.415,0.996,NaN,-0.334,0.222,0.916,0.032,0,0,0.639,4.073,6.373,0.91,0.4155661,1
335297,1.00000193058626e+18,63875742721472,-0.061,1.429,0.292,-0.016,-0.049,0.011,0.999,NaN,-0.334,0.222,0.916,0,0,0,64.325,NaN,-0.26,0.299,0.918,-0.032,0,0,0.599,3.842,6.415,0.995,NaN,-0.334,0.222,0.916,0.032,0,0,0.641,4.085,6.373,0.91,0.4145945,0.9999598
335298,1.00000193059129e+18,63875742721484,-0.061,1.429,0.292,-0.016,-0.049,0.011,0.999,NaN,-0.334,0.222,0.916,0,0,0,64.325,NaN,-0.26,0.299,0.918,-0.032,0,0,0.598,3.834,6.415,0.995,NaN,-0.334,0.222,0.916,0.032,0,0,0.641,4.088,6.373,0.91,0.4146225,0.9876189
335299,1.0000019305963e+18,63875742721484,-0.061,1.429,0.292,-0.016,-0.049,0.011,0.999,NaN,-0.334,0.222,0.916,0,0,0,64.325,NaN,-0.261,0.299,0.918,-0.032,0,0,0.595,3.819,6.415,0.995,NaN,-0.334,0.222,0.916,0.032,0,0,0.641,4.087,6.373,0.91,0.4141688,0.9338277
335300,1.00000193060131e+18,63875742721495,-0.061,1.429,0.292,-0.016,-0.049,0.012,0.999,NaN,-0.334,0.222,0.916,0,0,0,64.325,NaN,-0.261,0.299,0.918,-0.032,0,0,0.595,3.817,6.415,0.995,NaN,-0.334,0.222,0.916,0.032,0,0,0.641,4.082,6.373,0.909,0.4130161,0.8840925
335301,1.00000193060631e+18,63875742721495,-0.061,1.429,0.292,-0.016,-0.049,0.012,0.999,NaN,-0.334,0.222,0.916,0,0,0,64.325,NaN,-0.262,0.299,0.918,-0.032,0,0,0.595,3.814,6.415,0.994,NaN,-0.334,0.222,0.916,0.032,0,0,0.639,4.075,6.373,0.909,0.411868,0.8468007
335302,1.00000193061133e+18,63875742721507,-0.061,1.429,0.292,-0.016,-0.049,0.012,0.999,NaN,-0.334,0.222,0.916,0,0,0,64.325,NaN,-0.262,0.3,0.917,-0.032,0,0,0.595,3.814,6.415,0.994,NaN,-0.334,0.222,0.916,0.032,0,0,0.638,4.068,6.373,0.909,0.4104947,0.8083
335303,1.00000193061633e+18,63875742721507,-0.061,1.429,0.292,-0.016,-0.049,0.012,0.999,NaN,-0.335,0.222,0.916,0,0,0,64.325,NaN,-0.262,0.3,0.917,-0.032,0,0,0.594,3.814,6.415,0.993,NaN,-0.335,0.222,0.916,0.032,0,0,0.637,4.06,6.373,0.909,0.4091856,0.7832244
335304,1.00000193062133e+18,63875742721507,-0.061,1.429,0.292,-0.016,-0.049,0.012,0.999,NaN,-0.335,0.221,0.916,0,0,0,64.325,NaN,-0.263,0.3,0.917,-0.032,0,0,0.594,3.813,6.415,0.993,NaN,-0.335,0.221,0.916,0.032,0,0,0.637,4.057,6.373,0.909,0.4080315,0.8009161
335305,1.00000193062635e+18,63875742721517,-0.061,1.429,0.292,-0.016,-0.049,0.012,0.999,NaN,-0.336,0.221,0.915,0,0,0,64.325,NaN,-0.264,0.3,0.917,-0.032,0,0,0.594,3.81,6.415,0.993,NaN,-0.336,0.221,0.915,0.032,0,0,0.636,4.054,6.373,0.909,0.4072286,0.8025935
335306,1.00000193063136e+18,63875742721517,-0.061,1.429,0.292,-0.016,-0.049,0.012,0.999,NaN,-0.337,0.221,0.915,0,0,0,64.325,NaN,-0.264,0.3,0.917,-0.032,0,0,0.6,3.847,6.415,0.993,NaN,-0.337,0.221,0.915,0.032,0,0,0.636,4.052,6.373,0.909,0.4043902,0.7978145
335307,1.00000193063636e+18,63875742721528,-0.061,1.429,0.292,-0.016,-0.049,0.012,0.999,NaN,-0.271,0.472,0.839,0,0,0,64.325,NaN,-0.181,0.505,0.844,-0.032,0,0,0.6,3.846,6.415,0.993,NaN,-0.307,0.466,0.83,0.032,0,0,0.636,4.051,6.373,0.909,0.461161,0
335308,1.00000193064137e+18,63875742721528,-0.061,1.429,0.292,-0.016,-0.049,0.012,0.999,NaN,-0.287,0.406,0.868,0,0,0,64.325,NaN,-0.2,0.451,0.87,-0.032,0,0,0.599,3.84,6.415,0.993,NaN,-0.318,0.402,0.859,0.032,0,0,0.635,4.049,6.373,0.908,0.4576284,0
335309,1.00000193064638e+18,63875742721539,-0.061,1.429,0.292,-0.016,-0.049,0.012,0.999,NaN,-0.293,0.39,0.873,0,0,0,64.325,NaN,-0.208,0.431,0.878,-0.032,0,0,0.596,3.824,6.415,0.992,NaN,-0.322,0.386,0.865,0.032,0,0,0.635,4.048,6.373,0.908,0.4812468,0
335310,1.00000193065142e+18,63875742721539,-0.061,1.429,0.292,-0.016,-0.049,0.012,0.999,NaN,-0.297,0.362,0.884,0,0,0,64.325,NaN,-0.211,0.42,0.883,-0.032,0,0,0.594,3.813,6.415,0.992,NaN,-0.326,0.358,0.875,0.032,0,0,0.635,4.047,6.373,0.908,0.4297414,0
335311,1.00000193065642e+18,63875742721550,-0.062,1.429,0.292,-0.015,-0.049,0.012,0.999,NaN,-0.305,0.322,0.896,0,0,0,64.325,NaN,-0.22,0.394,0.892,-0.032,0,0,0.594,3.814,6.415,0.992,NaN,-0.332,0.319,0.888,0.032,0,0,0.635,4.046,6.373,0.908,0.3927429,0
335312,1.00000193066143e+18,63875742721550,-0.062,1.429,0.292,-0.015,-0.049,0.012,0.999,NaN,-0.313,0.288,0.905,0,0,0,64.325,NaN,-0.23,0.367,0.901,-0.032,0,0,0.594,3.814,6.415,0.992,NaN,-0.337,0.285,0.897,0.032,0,0,0.635,4.046,6.373,0.908,0.3770125,0
335313,1.00000193066644e+18,63875742721562,-0.062,1.429,0.292,-0.015,-0.049,0.012,0.999,NaN,-0.319,0.263,0.91,0,0,0,64.325,NaN,-0.24,0.345,0.907,-0.032,0,0,0.594,3.814,6.415,0.991,NaN,-0.34,0.261,0.904,0.032,0,0,0.635,4.046,6.373,0.908,0.3742581,0
335314,1.00000193067146e+18,63875742721562,-0.062,1.429,0.292,-0.015,-0.049,0.012,0.999,NaN,-0.325,0.246,0.913,0,0,0,64.325,NaN,-0.25,0.328,0.911,-0.032,0,0,0.594,3.814,6.415,0.991,NaN,-0.342,0.244,0.907,0.032,0,0,0.635,4.046,6.373,0.908,0.3806956,0
335315,1.00000193067649e+18,63875742721562,-0.062,1.429,0.292,-0.015,-0.049,0.012,0.999,NaN,-0.33,0.236,0.914,0,0,0,64.325,NaN,-0.261,0.312,0.914,-0.032,0,0,0.611,3.918,6.415,0.991,NaN,-0.344,0.235,0.909,0.032,0,0,0.635,4.046,6.373,0.908,0.4133744,0
335316,1.00000193068149e+18,63875742721573,-0.062,1.429,0.293,-0.015,-0.049,0.012,0.999,NaN,-0.334,0.229,0.914,0,0,0,64.325,NaN,-0.271,0.3,0.915,-0.032,0,0,0.615,3.943,6.415,0.991,NaN,-0.345,0.228,0.91,0.032,0,0,0.635,4.046,6.373,0.908,0.4457639,0
335317,1.00000193068652e+18,63875742721573,-0.062,1.429,0.293,-0.015,-0.049,0.012,0.999,NaN,-0.337,0.225,0.914,0,0,0,64.325,NaN,-0.279,0.292,0.915,-0.032,0,0,0.617,3.961,6.415,0.99,NaN,-0.346,0.225,0.911,0.032,0,0,0.635,4.045,6.373,0.908,0.4751021,0
335318,1.00000193069153e+18,63875742721584,-0.062,1.429,0.293,-0.015,-0.049,0.012,0.999,NaN,-0.34,0.223,0.914,0,0,0,64.325,NaN,-0.285,0.287,0.915,-0.032,0,0,0.619,3.97,6.415,0.99,NaN,-0.346,0.222,0.911,0.032,0,0,0.635,4.045,6.373,0.908,0.4978319,0
335319,1.00000193069654e+18,63875742721584,-0.062,1.429,0.293,-0.015,-0.049,0.012,0.999,NaN,-0.289,0.439,0.851,0,0,0,64.325,NaN,-0.256,0.455,0.853,-0.032,0,0,0.619,3.971,6.415,0.99,NaN,-0.32,0.434,0.842,0.032,0,0,0.635,4.045,6.373,0.908,0.8749942,0
335320,1.00000193070157e+18,63875742721594,-0.062,1.429,0.293,-0.015,-0.049,0.012,0.999,NaN,-0.296,0.413,0.861,0,0,0,64.325,NaN,-0.26,0.437,0.861,-0.032,0,0,0.62,3.98,6.415,0.989,NaN,-0.325,0.409,0.853,0.032,0,0,0.635,4.045,6.373,0.908,0.8228532,0
335321,1.00000193070659e+18,63875742721594,-0.062,1.429,0.293,-0.015,-0.049,0.012,0.999,NaN,-0.301,0.383,0.874,0,0,0,64.325,NaN,-0.266,0.413,0.871,-0.032,0,0,0.622,3.993,6.415,0.988,NaN,-0.33,0.379,0.865,0.032,0,0,0.635,4.046,6.373,0.908,0.7755013,0
335322,1.00000193071161e+18,63875742721607,-0.062,1.429,0.293,-0.015,-0.049,0.012,0.999,NaN,-0.237,0.534,0.812,0,0,0,64.325,NaN,-0.215,0.546,0.81,-0.032,0,0,0.625,4.009,6.415,0.988,NaN,-0.304,0.524,0.796,0.032,0,0,0.635,4.046,6.373,0.908,0.6642013,0
335323,1.00000193071662e+18,63875742721607,-0.062,1.429,0.293,-0.015,-0.049,0.012,0.999,NaN,-0.249,0.523,0.815,0,0,0,64.325,NaN,-0.223,0.532,0.817,-0.032,0,0,0.626,4.016,6.415,0.988,NaN,-0.306,0.514,0.801,0.032,0,0,0.635,4.046,6.373,0.908,0.7131718,0
335324,1.00000193072162e+18,63875742721617,-0.061,1.428,0.293,-0.015,-0.049,0.012,0.999,NaN,-0.267,0.435,0.86,0,0,0,64.325,NaN,-0.235,0.466,0.853,-0.032,0,0,0.626,4.019,6.415,0.988,NaN,-0.323,0.427,0.845,0.032,0,0,0.635,4.046,6.373,0.908,0.6063504,0
335325,1.00000193072663e+18,63875742721617,-0.061,1.428,0.293,-0.015,-0.049,0.012,0.999,NaN,-0.283,0.346,0.894,0,0,0,64.325,NaN,-0.248,0.393,0.885,-0.032,0,0,0.627,4.022,6.415,0.988,NaN,-0.336,0.34,0.878,0.032,0,0,0.635,4.046,6.373,0.908,0.5339795,0
335326,1.00000193073165e+18,63875742721617,-0.061,1.428,0.293,-0.015,-0.049,0.012,0.999,NaN,-0.297,0.288,0.91,0,0,0,64.325,NaN,-0.26,0.341,0.903,-0.032,0,0,0.627,4.023,6.415,0.989,NaN,-0.343,0.283,0.896,0.032,0,0,0.635,4.046,6.373,0.908,0.5175281,0
335327,1.00000193073667e+18,63875742721628,-0.061,1.428,0.293,-0.015,-0.049,0.012,0.999,NaN,-0.309,0.255,0.916,0,0,0,64.325,NaN,-0.269,0.311,0.912,-0.032,0,0,0.627,4.02,6.415,0.989,NaN,-0.346,0.251,0.904,0.032,0,0,0.635,4.046,6.373,0.908,0.5189164,0
335328,1.00000193074169e+18,63875742721628,-0.061,1.428,0.293,-0.015,-0.049,0.012,0.999,NaN,-0.319,0.237,0.918,0,0,0,64.325,NaN,-0.277,0.294,0.915,-0.032,0,0,0.626,4.018,6.415,0.989,NaN,-0.348,0.235,0.908,0.032,0,0,0.635,4.046,6.373,0.908,0.5271802,0
335329,1.00000193074671e+18,63875742721639,-0.061,1.429,0.293,-0.015,-0.049,0.012,0.999,NaN,-0.299,0.311,0.902,0,0,0,64.325,NaN,-0.254,0.359,0.898,-0.032,0,0,0.626,4.017,6.415,0.989,NaN,-0.341,0.307,0.889,0.032,0,0,0.635,4.046,6.373,0.908,0.5380475,0
335330,1.00000193075167e+18,63875742721639,-0.061,1.429,0.293,-0.015,-0.049,0.012,0.999,NaN,-0.302,0.305,0.903,0,0,0,64.325,NaN,-0.256,0.354,0.9,-0.032,0,0,0.626,4.019,6.415,0.989,NaN,-0.341,0.301,0.89,0.032,0,0,0.635,4.046,6.373,0.908,0.5397272,0
335331,1.00000193075669e+18,63875742721651,-0.061,1.429,0.293,-0.015,-0.049,0.012,0.999,NaN,-0.307,0.292,0.906,0,0,0,64.325,NaN,-0.261,0.341,0.903,-0.032,0,0,0.627,4.026,6.415,0.989,NaN,-0.343,0.288,0.894,0.032,0,0,0.635,4.047,6.373,0.908,0.5483013,0
335332,1.00000193076171e+18,63875742721651,-0.061,1.429,0.293,-0.015,-0.049,0.012,0.999,NaN,-0.314,0.276,0.908,0,0,0,64.325,NaN,-0.268,0.325,0.907,-0.032,0,0,0.629,4.035,6.415,0.989,NaN,-0.345,0.273,0.898,0.032,0,0,0.635,4.047,6.373,0.908,0.5645854,0
335333,1.00000193076672e+18,63875742721662,-0.061,1.429,0.293,-0.015,-0.049,0.012,0.999,NaN,-0.321,0.261,0.91,0,0,0,64.325,NaN,-0.275,0.311,0.91,-0.032,0,0,0.629,4.037,6.415,0.989,NaN,-0.346,0.259,0.902,0.032,0,0,0.635,4.048,6.373,0.908,0.5802829,0
335334,1.00000193077169e+18,63875742721662,-0.061,1.429,0.293,-0.015,-0.049,0.012,0.999,NaN,-0.327,0.249,0.912,0,0,0,64.325,NaN,-0.282,0.3,0.912,-0.032,0,0,0.629,4.038,6.415,0.989,NaN,-0.347,0.247,0.905,0.032,0,0,0.635,4.048,6.373,0.908,0.5938265,0
335335,1.00000193077671e+18,63875742721662,-0.061,1.429,0.293,-0.015,-0.049,0.012,0.999,NaN,-0.332,0.24,0.912,0,0,0,64.325,NaN,-0.287,0.291,0.913,-0.032,0,0,0.63,4.039,6.415,0.988,NaN,-0.348,0.239,0.907,0.032,0,0,0.635,4.048,6.373,0.908,0.6050737,0
335336,1.00000193078176e+18,63875742721672,-0.061,1.429,0.293,-0.015,-0.049,0.012,0.999,NaN,-0.336,0.234,0.913,0,0,0,64.325,NaN,-0.291,0.284,0.913,-0.032,0,0,0.63,4.039,6.415,0.988,NaN,-0.349,0.233,0.908,0.032,0,0,0.635,4.048,6.373,0.908,0.6135779,0
335337,1.00000193078678e+18,63875742721672,-0.061,1.429,0.293,-0.015,-0.049,0.012,0.999,NaN,-0.339,0.229,0.912,0,0,0,64.325,NaN,-0.295,0.28,0.914,-0.032,0,0,0.63,4.04,6.415,0.989,NaN,-0.349,0.228,0.909,0.032,0,0,0.635,4.048,6.373,0.908,0.6189695,0
335338,1.0000019307918e+18,63875742721684,-0.061,1.429,0.293,-0.015,-0.049,0.012,0.999,NaN,-0.291,0.461,0.839,0,0,0,64.325,NaN,-0.255,0.475,0.842,-0.032,0,0,0.63,4.04,6.415,0.989,NaN,-0.319,0.456,0.831,0.032,0,0,0.635,4.048,6.373,0.908,0.9006232,0
335339,1.00000193079681e+18,63875742721684,-0.061,1.429,0.293,-0.015,-0.049,0.012,0.999,NaN,-0.298,0.424,0.855,0,0,0,64.325,NaN,-0.261,0.445,0.856,-0.032,0,0,0.63,4.042,6.415,0.989,NaN,-0.325,0.42,0.847,0.032,0,0,0.635,4.048,6.373,0.908,0.8468229,0
335340,1.00000193080182e+18,63875742721694,-0.061,1.429,0.293,-0.015,-0.049,0.012,0.999,NaN,-0.304,0.397,0.866,0,0,0,64.325,NaN,-0.265,0.424,0.866,-0.032,0,0,0.63,4.045,6.415,0.989,NaN,-0.33,0.393,0.858,0.032,0,0,0.635,4.05,6.373,0.908,0.7957282,0
335341,1.00000193080679e+18,63875742721694,-0.061,1.429,0.293,-0.015,-0.049,0.012,0.999,NaN,-0.312,0.347,0.884,0,0,0,64.325,NaN,-0.269,0.396,0.878,-0.032,0,0,0.608,3.903,6.415,0.988,NaN,-0.337,0.344,0.876,0.032,0,0,0.636,4.051,6.373,0.908,0.5941327,0
335342,1.0000019308118e+18,63875742721706,-0.062,1.429,0.293,-0.015,-0.049,0.012,0.999,NaN,-0.32,0.303,0.898,0,0,0,64.325,NaN,-0.272,0.369,0.889,-0.032,0,0,0.604,3.876,6.415,0.988,NaN,-0.342,0.3,0.89,0.032,0,0,0.636,4.053,6.373,0.908,0.4658063,0
335343,1.00000193081682e+18,63875742721706,-0.062,1.429,0.293,-0.015,-0.049,0.012,0.999,NaN,-0.326,0.271,0.906,0,0,0,64.325,NaN,-0.274,0.346,0.897,-0.032,0,0,0.6,3.85,6.415,0.988,NaN,-0.345,0.269,0.899,0.032,0,0,0.636,4.053,6.373,0.908,0.4126506,0
335344,1.00000193082184e+18,63875742721718,-0.062,1.429,0.293,-0.016,-0.049,0.012,0.999,NaN,-0.273,0.401,0.875,0,0,0,64.325,NaN,-0.184,0.462,0.868,-0.032,0,0,0.597,3.828,6.415,0.988,NaN,-0.33,0.393,0.858,0.032,0,0,0.636,4.054,6.373,0.908,0.3586101,0
335345,1.00000193082685e+18,63875742721718,-0.062,1.429,0.293,-0.016,-0.049,0.012,0.999,NaN,-0.28,0.393,0.876,0,0,0,64.325,NaN,-0.201,0.454,0.868,-0.032,0,0,0.595,3.815,6.415,0.988,NaN,-0.331,0.386,0.861,0.032,0,0,0.636,4.054,6.373,0.908,0.3863,0
335346,1.00000193083186e+18,63875742721718,-0.062,1.429,0.293,-0.016,-0.049,0.012,0.999,NaN,-0.209,0.549,0.809,0,0,0,64.325,NaN,-0.12,0.576,0.809,-0.032,0,0,0.593,3.805,6.415,0.988,NaN,-0.303,0.535,0.789,0.032,0,0,0.636,4.055,6.373,0.908,0.329389,0
335347,1.00000193083688e+18,63875742721728,-0.062,1.429,0.293,-0.016,-0.048,0.012,0.999,NaN,-0.23,0.52,0.823,0,0,0,64.325,NaN,-0.156,0.556,0.816,-0.032,0,0,0.612,3.929,6.415,0.989,NaN,-0.309,0.508,0.804,0.032,0,0,0.636,4.055,6.373,0.908,0.3783844,0
335348,1.00000193084194e+18,63875742721728,-0.062,1.429,0.293,-0.016,-0.048,0.012,0.999,NaN,-0.247,0.445,0.861,0,0,0,64.325,NaN,-0.175,0.48,0.86,-0.032,0,0,0.616,3.954,6.415,0.989,NaN,-0.323,0.435,0.841,0.032,0,0,0.636,4.055,6.373,0.908,0.3906146,0
335349,1.00000193084695e+18,63875742721739,-0.062,1.429,0.293,-0.016,-0.048,0.012,0.999,NaN,-0.21,0.521,0.828,0,0,0,64.325,NaN,-0.154,0.528,0.835,-0.032,0,0,0.618,3.962,6.415,0.989,NaN,-0.309,0.506,0.805,0.032,0,0,0.636,4.055,6.373,0.908,0.3899323,0
335350,1.00000193085197e+18,63875742721739,-0.062,1.429,0.293,-0.016,-0.048,0.012,0.999,NaN,-0.167,0.614,0.772,0,0,0,64.325,NaN,-0.128,0.613,0.78,-0.032,0,0,0.62,3.978,6.415,0.989,NaN,-0.288,0.596,0.749,0.032,0,0,0.636,4.055,6.373,0.908,0.3826051,0
335351,1.00000193085698e+18,63875742721750,-0.062,1.429,0.293,-0.016,-0.048,0.012,0.999,NaN,-0.138,0.665,0.734,0,0,0,64.325,NaN,-0.109,0.663,0.74,-0.032,0,0,0.622,3.992,6.415,0.989,NaN,-0.274,0.646,0.713,0.032,0,0,0.636,4.055,6.373,0.908,0.3731456,0
335352,1.00000193086197e+18,63875742721750,-0.062,1.429,0.293,-0.016,-0.048,0.012,0.999,NaN,-0.119,0.689,0.715,0,0,0,64.325,NaN,-0.096,0.689,0.719,-0.032,0,0,0.625,4.008,6.415,0.989,NaN,-0.267,0.669,0.694,0.032,0,0,0.636,4.055,6.373,0.908,0.3629497,0
335353,1.00000193086693e+18,63875742721762,-0.062,1.429,0.293,-0.016,-0.048,0.012,0.999,NaN,-0.108,0.7,0.706,0,0,0,64.325,NaN,-0.088,0.7,0.709,-0.032,0,0,0.67,4.297,6.415,0.989,NaN,-0.263,0.679,0.685,0.032,0,0,0.636,4.055,6.373,0.908,0.3539439,0
335354,1.00000193087196e+18,63875742721762,-0.062,1.429,0.293,-0.016,-0.048,0.012,0.999,NaN,-0.107,0.7,0.706,0,0,0,64.325,NaN,-0.08,0.701,0.709,-0.032,0,0,0.673,4.32,6.415,0.989,NaN,-0.263,0.679,0.685,0.032,0,0,0.636,4.055,6.373,0.908,0.3374806,0
335355,1.00000193087697e+18,63875742721762,-0.062,1.429,0.293,-0.016,-0.048,0.012,0.999,NaN,-0.108,0.699,0.707,0,0,0,64.325,NaN,-0.074,0.701,0.71,-0.032,0,0,0.675,4.333,6.415,0.989,NaN,-0.264,0.678,0.686,0.032,0,0,0.636,4.054,6.373,0.908,0.3267717,0
335356,1.00000193088196e+18,63875742721772,-0.062,1.429,0.293,-0.016,-0.048,0.012,0.999,NaN,-0.108,0.698,0.708,0,0,0,64.325,NaN,-0.07,0.701,0.71,-0.032,0,0,0.677,4.342,6.415,0.989,NaN,-0.264,0.678,0.687,0.032,0,0,0.636,4.054,6.373,0.908,0.3195093,0
335357,1.00000193088698e+18,63875742721784,-0.062,1.429,0.293,-0.016,-0.048,0.012,0.999,NaN,-0.108,0.699,0.707,0,0,0,64.325,NaN,-0.067,0.701,0.71,-0.032,0,0,0.68,4.365,6.415,0.989,NaN,-0.264,0.678,0.686,0.032,0,0,0.636,4.054,6.373,0.908,0.3153944,0
335358,1.000001930892e+18,63875742721784,-0.062,1.429,0.293,-0.016,-0.048,0.012,0.999,NaN,-0.107,0.699,0.707,0,0,0,64.325,NaN,-0.065,0.701,0.71,-0.032,0,0,0.684,4.387,6.415,0.989,NaN,-0.264,0.678,0.686,0.032,0,0,0.636,4.053,6.373,0.908,0.312965,0
335359,1.00000193089706e+18,63875742721794,-0.062,1.429,0.293,-0.016,-0.048,0.012,0.999,NaN,-0.107,0.699,0.707,0,0,0,64.325,NaN,-0.064,0.701,0.71,-0.032,0,0,0.686,4.4,6.415,0.988,NaN,-0.264,0.678,0.686,0.032,0,0,0.636,4.053,6.373,0.908,0.3115828,0
335360,1.00000193090207e+18,63875742721795,-0.062,1.429,0.293,-0.016,-0.048,0.012,0.999,NaN,-0.127,0.617,0.776,0,0,0,64.325,NaN,-0.079,0.633,0.77,-0.032,0,0,0.634,4.068,6.415,0.988,NaN,-0.288,0.596,0.749,0.032,0,0,0.636,4.053,6.373,0.908,0.2935651,0
335361,1.00000193090708e+18,63875742721795,-0.062,1.429,0.293,-0.016,-0.048,0.012,0.999,NaN,-0.185,0.452,0.873,0,0,0,64.325,NaN,-0.136,0.486,0.863,-0.032,0,0,0.631,4.048,6.415,0.988,NaN,-0.323,0.435,0.84,0.032,0,0,0.636,4.053,6.373,0.908,0.3135266,0
335362,1.00000193091207e+18,63875742721806,-0.062,1.429,0.293,-0.017,-0.048,0.012,0.999,NaN,-0.168,0.533,0.829,0,0,0,64.325,NaN,-0.121,0.556,0.823,-0.032,0,0,0.631,4.045,6.415,0.988,NaN,-0.308,0.514,0.801,0.032,0,0,0.636,4.053,6.373,0.908,0.3208818,0
335363,1.00000193091708e+18,63875742721806,-0.062,1.429,0.293,-0.017,-0.048,0.012,0.999,NaN,-0.161,0.556,0.816,0,0,0,64.325,NaN,-0.114,0.57,0.813,-0.032,0,0,0.63,4.043,6.415,0.988,NaN,-0.303,0.537,0.787,0.032,0,0,0.636,4.052,6.373,0.907,0.3224106,0
335364,1.00000193092209e+18,63875742721818,-0.062,1.429,0.293,-0.017,-0.048,0.012,0.999,NaN,-0.21,0.464,0.861,0,0,0,64.325,NaN,-0.165,0.487,0.858,-0.032,0,0,0.63,4.041,6.415,0.987,NaN,-0.321,0.449,0.834,0.032,0,0,0.636,4.052,6.373,0.907,0.3793766,0
335365,1.00000193092715e+18,63875742721818,-0.062,1.429,0.293,-0.017,-0.048,0.012,0.999,NaN,-0.26,0.362,0.895,0,0,0,64.325,NaN,-0.216,0.397,0.892,-0.032,0,0,0.628,4.031,6.415,0.987,NaN,-0.336,0.353,0.873,0.032,0,0,0.636,4.052,6.373,0.907,0.4591006,0
335366,1.00000193093216e+18,63875742721818,-0.062,1.429,0.293,-0.017,-0.048,0.012,0.999,NaN,-0.296,0.294,0.909,0,0,0,64.325,NaN,-0.253,0.336,0.907,-0.032,0,0,0.628,4.029,6.415,0.987,NaN,-0.344,0.289,0.894,0.032,0,0,0.636,4.052,6.373,0.907,0.5419852,0
335367,1.00000193093714e+18,63875742721828,-0.062,1.429,0.293,-0.016,-0.048,0.012,0.999,NaN,-0.318,0.256,0.913,0,0,0,64.325,NaN,-0.276,0.302,0.913,-0.032,0,0,0.628,4.028,6.415,0.987,NaN,-0.348,0.253,0.903,0.032,0,0,0.636,4.052,6.373,0.907,0.6030858,0
335368,1.00000193094215e+18,63875742721828,-0.062,1.429,0.293,-0.016,-0.048,0.012,0.999,NaN,-0.332,0.236,0.913,0,0,0,64.325,NaN,-0.29,0.283,0.914,-0.032,0,0,0.628,4.028,6.415,0.987,NaN,-0.349,0.235,0.907,0.032,0,0,0.636,4.052,6.373,0.906,0.6426243,0
335369,1.00000193094716e+18,63875742721839,-0.062,1.429,0.293,-0.016,-0.048,0.012,0.999,NaN,-0.34,0.227,0.913,0,0,0,64.325,NaN,-0.298,0.274,0.914,-0.032,0,0,0.627,4.023,6.415,0.987,NaN,-0.35,0.226,0.909,0.032,0,0,0.636,4.052,6.373,0.906,0.663519,0
335370,1.00000193095217e+18,63875742721839,-0.062,1.429,0.293,-0.016,-0.048,0.012,0.999,NaN,-0.344,0.222,0.912,0,0,0,64.325,NaN,-0.303,0.269,0.914,-0.032,0,0,0.627,4.02,6.415,0.987,NaN,-0.351,0.222,0.91,0.032,0,0,0.636,4.052,6.373,0.906,0.6736967,0
335371,1.00000193095718e+18,63875742721850,-0.062,1.429,0.293,-0.016,-0.048,0.012,0.999,NaN,-0.304,0.266,0.915,0,0,0,64.325,NaN,-0.259,0.293,0.92,-0.032,0,0,0.626,4.019,6.415,0.987,NaN,-0.347,0.262,0.901,0.032,0,0,0.636,4.052,6.373,0.906,0.6173482,0
335372,1.00000193096219e+18,63875742721850,-0.062,1.429,0.293,-0.016,-0.048,0.012,0.999,NaN,-0.266,0.492,0.829,0,0,0,64.325,NaN,-0.224,0.499,0.837,-0.032,0,0,0.626,4.018,6.415,0.987,NaN,-0.315,0.484,0.816,0.032,0,0,0.636,4.052,6.373,0.906,0.6568286,0
335373,1.00000193096719e+18,63875742721861,-0.062,1.428,0.293,-0.016,-0.048,0.012,0.999,NaN,-0.228,0.603,0.765,0,0,0,64.325,NaN,-0.174,0.608,0.774,-0.032,0,0,0.624,4.001,6.415,0.988,NaN,-0.29,0.593,0.751,0.032,0,0,0.636,4.051,6.373,0.906,0.5249318,0
335374,1.00000193097218e+18,63875742721861,-0.062,1.428,0.293,-0.016,-0.048,0.012,0.999,NaN,-0.197,0.647,0.737,0,0,0,64.325,NaN,-0.136,0.652,0.746,-0.032,0,0,0.622,3.99,6.415,0.988,NaN,-0.278,0.634,0.722,0.032,0,0,0.636,4.051,6.373,0.905,0.4295609,0
335375,1.00000193097718e+18,63875742721872,-0.062,1.428,0.293,-0.016,-0.049,0.012,0.999,NaN,-0.228,0.544,0.807,0,0,0,64.325,NaN,-0.172,0.557,0.813,-0.032,0,0,0.621,3.986,6.415,0.989,NaN,-0.305,0.533,0.79,0.032,0,0,0.636,4.051,6.373,0.905,0.4528948,0
335376,1.00000193098225e+18,63875742721872,-0.062,1.428,0.293,-0.016,-0.049,0.012,0.999,NaN,-0.199,0.608,0.769,0,0,0,64.325,NaN,-0.138,0.617,0.775,-0.032,0,0,0.621,3.986,6.415,0.989,NaN,-0.29,0.594,0.751,0.032,0,0,0.636,4.051,6.373,0.905,0.4021693,0
335377,1.00000193098724e+18,63875742721872,-0.062,1.428,0.293,-0.016,-0.049,0.012,0.999,NaN,-0.176,0.643,0.745,0,0,0,64.325,NaN,-0.113,0.65,0.751,-0.032,0,0,0.621,3.987,6.415,0.989,NaN,-0.281,0.627,0.726,0.032,0,0,0.636,4.05,6.373,0.905,0.3661468,0
335378,1.00000193099224e+18,63875742721884,-0.062,1.428,0.293,-0.016,-0.049,0.013,0.999,NaN,-0.159,0.662,0.733,0,0,0,64.325,NaN,-0.094,0.668,0.738,-0.032,0,0,0.619,3.969,6.415,0.989,NaN,-0.276,0.644,0.713,0.032,0,0,0.635,4.05,6.373,0.905,0.3389961,0
335379,1.00000193099728e+18,63875742721884,-0.062,1.428,0.293,-0.016,-0.049,0.013,0.999,NaN,-0.147,0.671,0.727,0,0,0,64.325,NaN,-0.081,0.676,0.732,-0.032,0,0,0.617,3.956,6.415,0.989,NaN,-0.273,0.652,0.707,0.032,0,0,0.635,4.05,6.373,0.905,0.3210414,0
335380,1.00000193100229e+18,63875742721896,-0.062,1.428,0.293,-0.015,-0.049,0.013,0.999,NaN,-0.131,0.686,0.716,0,0,0,64.325,NaN,-0.074,0.69,0.72,-0.032,0,0,0.675,4.331,6.415,0.989,NaN,-0.269,0.666,0.696,0.032,0,0,0.635,4.05,6.373,0.905,0.3174697,0
335381,1.00000193100729e+18,63875742721896,-0.062,1.428,0.293,-0.015,-0.049,0.013,0.999,NaN,-0.128,0.685,0.717,0,0,0,64.325,NaN,-0.07,0.689,0.722,-0.032,0,0,0.682,4.375,6.415,0.989,NaN,-0.27,0.665,0.696,0.032,0,0,0.635,4.05,6.373,0.905,0.3100749,0
335382,1.00000193101229e+18,63875742721906,-0.063,1.428,0.294,-0.015,-0.049,0.013,0.999,NaN,-0.126,0.685,0.717,0,0,0,64.325,NaN,-0.067,0.689,0.721,-0.032,0,0,0.685,4.391,6.415,0.989,NaN,-0.27,0.665,0.696,0.032,0,0,0.635,4.049,6.373,0.905,0.3062796,0
335383,1.0000019310173e+18,63875742721906,-0.063,1.428,0.294,-0.015,-0.049,0.013,0.999,NaN,-0.124,0.686,0.717,0,0,0,64.325,NaN,-0.066,0.69,0.721,-0.032,0,0,0.685,4.397,6.415,0.99,NaN,-0.27,0.665,0.696,0.032,0,0,0.635,4.049,6.373,0.905,0.303734,0
335384,1.00000193102233e+18,63875742721917,-0.063,1.428,0.294,-0.015,-0.049,0.013,0.999,NaN,-0.152,0.628,0.763,0,0,0,64.325,NaN,-0.09,0.648,0.756,-0.032,0,0,0.627,4.023,6.415,0.99,NaN,-0.287,0.609,0.74,0.032,0,0,0.635,4.049,6.373,0.905,0.3096718,0
335385,1.00000193102733e+18,63875742721917,-0.063,1.428,0.294,-0.015,-0.049,0.013,0.999,NaN,-0.148,0.631,0.761,0,0,0,64.325,NaN,-0.086,0.65,0.755,-0.032,0,0,0.622,3.993,6.415,0.991,NaN,-0.286,0.611,0.738,0.032,0,0,0.635,4.049,6.373,0.905,0.3050194,0
335386,1.00000193103233e+18,63875742721928,-0.063,1.428,0.294,-0.015,-0.05,0.013,0.999,NaN,-0.143,0.639,0.756,0,0,0,64.325,NaN,-0.08,0.655,0.751,-0.032,0,0,0.615,3.946,6.415,0.991,NaN,-0.284,0.619,0.732,0.032,0,0,0.635,4.048,6.373,0.905,0.3010266,0
335387,1.00000193103733e+18,63875742721928,-0.063,1.428,0.294,-0.015,-0.05,0.013,0.999,NaN,-0.176,0.51,0.842,0,0,0,64.325,NaN,-0.114,0.539,0.835,-0.032,0,0,0.615,3.947,6.415,0.991,NaN,-0.315,0.492,0.812,0.032,0,0,0.635,4.046,6.373,0.905,0.2975704,0
335388,1.00000193104236e+18,63875742721928,-0.063,1.428,0.294,-0.015,-0.05,0.013,0.999,NaN,-0.167,0.534,0.829,0,0,0,64.325,NaN,-0.109,0.566,0.817,-0.032,0,0,0.615,3.948,6.415,0.991,NaN,-0.31,0.515,0.799,0.032,0,0,0.635,4.045,6.373,0.905,0.2958777,0
335389,1.00000193104736e+18,63875742721939,-0.063,1.428,0.294,-0.015,-0.05,0.013,0.999,NaN,-0.208,0.43,0.878,0,0,0,64.325,NaN,-0.162,0.467,0.869,-0.032,0,0,0.615,3.948,6.415,0.99,NaN,-0.33,0.415,0.848,0.032,0,0,0.634,4.041,6.373,0.905,0.3424321,0
335390,1.0000019310524e+18,63875742721939,-0.063,1.428,0.294,-0.015,-0.05,0.013,0.999,NaN,-0.198,0.48,0.855,0,0,0,64.325,NaN,-0.146,0.49,0.859,-0.032,0,0,0.61,3.914,6.415,0.989,NaN,-0.322,0.463,0.826,0.032,0,0,0.634,4.04,6.373,0.905,0.3432609,0
335391,1.0000019310574e+18,63875742721950,-0.063,1.428,0.293,-0.015,-0.05,0.013,0.999,NaN,-0.167,0.594,0.787,0,0,0,64.325,NaN,-0.13,0.593,0.795,-0.032,0,0,0.609,3.904,6.415,0.988,NaN,-0.298,0.575,0.762,0.032,0,0,0.634,4.039,6.373,0.904,0.3636573,0
335392,1.0000019310624e+18,63875742721950,-0.063,1.428,0.293,-0.015,-0.05,0.013,0.999,NaN,-0.141,0.657,0.74,0,0,0,64.325,NaN,-0.12,0.655,0.746,-0.032,0,0,0.609,3.904,6.415,0.988,NaN,-0.282,0.637,0.717,0.032,0,0,0.634,4.039,6.373,0.904,0.3787342,0
335393,1.00000193106741e+18,63875742721961,-0.063,1.428,0.293,-0.015,-0.05,0.013,0.999,NaN,-0.122,0.686,0.717,0,0,0,64.325,NaN,-0.111,0.685,0.72,-0.032,0,0,0.609,3.905,6.415,0.988,NaN,-0.274,0.665,0.695,0.032,0,0,0.634,4.039,6.373,0.904,0.3784269,0
335394,1.00000193107242e+18,63875742721961,-0.063,1.428,0.293,-0.015,-0.05,0.013,0.999,NaN,-0.11,0.699,0.706,0,0,0,64.325,NaN,-0.105,0.698,0.708,-0.032,0,0,0.662,4.249,6.415,0.987,NaN,-0.271,0.677,0.684,0.032,0,0,0.634,4.038,6.373,0.904,0.3707969,0
335395,1.00000193107742e+18,63875742721972,-0.063,1.428,0.293,-0.015,-0.05,0.013,0.999,NaN,-0.101,0.705,0.702,0,0,0,64.325,NaN,-0.099,0.705,0.702,-0.032,0,0,0.667,4.279,6.415,0.987,NaN,-0.27,0.683,0.679,0.032,0,0,0.633,4.036,6.373,0.904,0.3608291,0
335396,1.00000193108247e+18,63875742721972,-0.063,1.428,0.293,-0.015,-0.05,0.013,0.999,NaN,-0.096,0.708,0.699,0,0,0,64.325,NaN,-0.095,0.708,0.7,-0.032,0,0,0.668,4.286,6.415,0.986,NaN,-0.27,0.685,0.676,0.032,0,0,0.633,4.033,6.373,0.904,0.3517573,0
335397,1.00000193108747e+18,63875742721972,-0.063,1.428,0.293,-0.015,-0.05,0.013,0.999,NaN,-0.092,0.71,0.698,0,0,0,64.325,NaN,-0.091,0.71,0.699,-0.032,0,0,0.669,4.289,6.415,0.985,NaN,-0.271,0.686,0.675,0.032,0,0,0.633,4.032,6.373,0.904,0.3440393,0
335398,1.00000193109251e+18,63875742721983,-0.063,1.428,0.293,-0.015,-0.049,0.013,0.999,NaN,-0.09,0.711,0.698,0,0,0,64.325,NaN,-0.088,0.711,0.698,-0.032,0,0,0.669,4.291,6.415,0.985,NaN,-0.271,0.687,0.674,0.032,0,0,0.632,4.03,6.373,0.904,0.3378038,0
335399,1.00000193109751e+18,63875742721984,-0.063,1.428,0.293,-0.015,-0.049,0.013,0.999,NaN,-0.088,0.711,0.697,0,0,0,64.325,NaN,-0.086,0.711,0.698,-0.032,0,0,0.669,4.293,6.415,0.985,NaN,-0.272,0.687,0.674,0.032,0,0,0.632,4.03,6.373,0.904,0.3329861,0
335400,1.00000193110251e+18,63875742721994,-0.063,1.429,0.293,-0.015,-0.049,0.013,0.999,NaN,-0.088,0.711,0.698,0,0,0,64.325,NaN,-0.086,0.711,0.698,-0.032,0,0,0.671,4.304,6.415,0.985,NaN,-0.273,0.687,0.674,0.032,0,0,0.632,4.031,6.373,0.904,0.3302287,0
335401,1.00000193110752e+18,63875742721994,-0.063,1.429,0.293,-0.015,-0.049,0.013,0.999,NaN,-0.087,0.712,0.697,0,0,0,64.325,NaN,-0.084,0.712,0.697,-0.032,0,0,0.671,4.303,6.415,0.985,NaN,-0.273,0.687,0.673,0.032,0,0,0.633,4.032,6.373,0.904,0.3267989,0
335402,1.00000193111253e+18,63875742722006,-0.063,1.429,0.293,-0.015,-0.049,0.013,0.999,NaN,-0.087,0.712,0.697,0,0,0,64.325,NaN,-0.083,0.712,0.697,-0.032,0,0,0.671,4.302,6.415,0.985,NaN,-0.273,0.687,0.673,0.032,0,0,0.633,4.033,6.373,0.904,0.3243893,0
335403,1.00000193111756e+18,63875742722006,-0.063,1.429,0.293,-0.015,-0.049,0.013,0.999,NaN,-0.086,0.711,0.698,0,0,0,64.325,NaN,-0.082,0.711,0.698,-0.032,0,0,0.67,4.301,6.415,0.985,NaN,-0.274,0.687,0.673,0.032,0,0,0.633,4.033,6.373,0.904,0.3224699,0
335404,1.00000193112257e+18,63875742722017,-0.063,1.429,0.293,-0.015,-0.049,0.013,0.999,NaN,-0.086,0.711,0.698,0,0,0,64.325,NaN,-0.082,0.711,0.698,-0.032,0,0,0.67,4.301,6.415,0.984,NaN,-0.274,0.686,0.673,0.032,0,0,0.633,4.034,6.373,0.904,0.3208365,0
335405,1.00000193112762e+18,63875742722017,-0.063,1.429,0.293,-0.015,-0.049,0.013,0.999,NaN,-0.086,0.711,0.698,0,0,0,64.325,NaN,-0.081,0.711,0.698,-0.032,0,0,0.67,4.301,6.415,0.983,NaN,-0.275,0.686,0.673,0.032,0,0,0.633,4.034,6.373,0.904,0.3194807,0
335406,1.00000193113262e+18,63875742722017,-0.063,1.429,0.293,-0.015,-0.049,0.013,0.999,NaN,-0.083,0.713,0.697,0,0,0,64.325,NaN,-0.078,0.713,0.697,-0.032,0,0,0.665,4.267,6.415,0.982,NaN,-0.274,0.688,0.672,0.032,0,0,0.633,4.034,6.373,0.904,0.3156848,0
335407,1.00000193113762e+18,63875742722028,-0.063,1.429,0.293,-0.015,-0.049,0.013,0.999,NaN,-0.082,0.714,0.696,0,0,0,64.325,NaN,-0.077,0.714,0.696,-0.032,0,0,0.664,4.257,6.415,0.983,NaN,-0.274,0.689,0.671,0.032,0,0,0.633,4.034,6.373,0.904,0.3130652,0
335408,1.00000193114263e+18,63875742722040,-0.063,1.429,0.293,-0.015,-0.049,0.013,0.999,NaN,-0.082,0.713,0.696,0,0,0,64.325,NaN,-0.076,0.714,0.696,-0.032,0,0,0.666,4.276,6.415,0.982,NaN,-0.274,0.688,0.672,0.032,0,0,0.633,4.034,6.373,0.904,0.3122347,0
335409,1.00000193114763e+18,63875742722040,-0.063,1.429,0.293,-0.015,-0.049,0.013,0.999,NaN,-0.082,0.713,0.696,0,0,0,64.325,NaN,-0.076,0.714,0.696,-0.032,0,0,0.668,4.286,6.415,0.982,NaN,-0.275,0.688,0.672,0.032,0,0,0.633,4.034,6.373,0.904,0.31172,0.5152606
335410,1.00000193115265e+18,63875742722040,-0.063,1.429,0.293,-0.015,-0.049,0.013,0.999,NaN,-0.082,0.713,0.696,0,0,0,64.325,NaN,-0.076,0.713,0.697,-0.032,0,0,0.669,4.292,6.415,0.982,NaN,-0.275,0.688,0.672,0.032,0,0,0.633,4.035,6.373,0.904,0.3116845,0.5307057
335411,1.00000193115765e+18,63875742722051,-0.063,1.429,0.293,-0.015,-0.049,0.014,0.999,NaN,-0.082,0.713,0.697,0,0,0,64.325,NaN,-0.077,0.713,0.697,-0.032,0,0,0.669,4.295,6.415,0.982,NaN,-0.275,0.687,0.672,0.032,0,0,0.633,4.035,6.373,0.904,0.3116937,0.6001801
335412,1.00000193116266e+18,63875742722051,-0.063,1.429,0.293,-0.015,-0.049,0.014,0.999,NaN,-0.08,0.714,0.696,0,0,0,64.325,NaN,-0.074,0.714,0.696,-0.032,0,0,0.663,4.256,6.415,0.982,NaN,-0.275,0.688,0.671,0.032,0,0,0.633,4.036,6.373,0.904,0.3082242,0.3896491
335413,1.00000193116766e+18,63875742722062,-0.063,1.429,0.294,-0.015,-0.049,0.013,0.999,NaN,-0.077,0.715,0.695,0,0,0,64.325,NaN,-0.071,0.715,0.695,-0.032,0,0,0.657,4.218,6.415,0.982,NaN,-0.275,0.689,0.67,0.032,0,0,0.633,4.036,6.373,0.904,0.3038837,0.3376125
335414,1.00000193117271e+18,63875742722062,-0.063,1.429,0.294,-0.015,-0.049,0.013,0.999,NaN,-0.073,0.716,0.694,0,0,0,64.325,NaN,-0.067,0.716,0.695,-0.032,0,0,0.654,4.196,6.415,0.981,NaN,-0.274,0.69,0.669,0.032,0,0,0.633,4.037,6.373,0.904,0.2992209,0.2873461
335415,1.00000193117769e+18,63875742722072,-0.063,1.429,0.294,-0.015,-0.049,0.013,0.999,NaN,-0.072,0.717,0.694,0,0,0,64.325,NaN,-0.066,0.717,0.694,-0.032,0,0,0.654,4.197,6.415,0.981,NaN,-0.274,0.691,0.669,0.032,0,0,0.633,4.037,6.373,0.904,0.297216,0.2185468
335416,1.00000193118269e+18,63875742722073,-0.063,1.429,0.294,-0.015,-0.049,0.013,0.999,NaN,-0.072,0.717,0.694,0,0,0,64.325,NaN,-0.065,0.717,0.694,-0.032,0,0,0.657,4.215,6.415,0.979,NaN,-0.274,0.691,0.669,0.032,0,0,0.633,4.037,6.373,0.904,0.2969337,0.1422026
335417,1.0000019311877e+18,63875742722073,-0.063,1.429,0.294,-0.015,-0.049,0.013,0.999,NaN,-0.073,0.716,0.694,0,0,0,64.325,NaN,-0.067,0.716,0.694,-0.032,0,0,0.662,4.245,6.415,0.978,NaN,-0.274,0.69,0.669,0.032,0,0,0.633,4.037,6.373,0.905,0.2984865,0.008654335
335418,1.00000193119277e+18,63875742722084,-0.063,1.429,0.294,-0.015,-0.049,0.013,0.999,NaN,-0.074,0.716,0.695,0,0,0,64.325,NaN,-0.068,0.716,0.695,-0.032,0,0,0.663,4.254,6.415,0.977,NaN,-0.275,0.69,0.67,0.032,0,0,0.633,4.036,6.373,0.905,0.2996978,0.01420231
335419,1.00000193119777e+18,63875742722084,-0.063,1.429,0.294,-0.015,-0.049,0.013,0.999,NaN,-0.075,0.715,0.695,0,0,0,64.325,NaN,-0.069,0.715,0.695,-0.032,0,0,0.665,4.265,6.415,0.978,NaN,-0.275,0.689,0.67,0.032,0,0,0.633,4.036,6.373,0.905,0.3011258,0.01017963
335420,1.00000193120277e+18,63875742722095,-0.063,1.429,0.294,-0.016,-0.049,0.013,0.999,NaN,-0.076,0.714,0.696,0,0,0,64.325,NaN,-0.071,0.715,0.696,-0.032,0,0,0.666,4.273,6.415,0.977,NaN,-0.275,0.689,0.671,0.032,0,0,0.633,4.036,6.373,0.905,0.3023909,0.06202023
335421,1.00000193120778e+18,63875742722095,-0.063,1.429,0.294,-0.016,-0.049,0.013,0.999,NaN,-0.077,0.714,0.696,0,0,0,64.325,NaN,-0.072,0.714,0.696,-0.032,0,0,0.666,4.274,6.415,0.977,NaN,-0.276,0.688,0.671,0.032,0,0,0.633,4.035,6.373,0.905,0.3034628,0.0496823
335422,1.00000193121278e+18,63875742722106,-0.063,1.429,0.294,-0.015,-0.049,0.013,0.999,NaN,-0.078,0.713,0.696,0,0,0,64.325,NaN,-0.072,0.714,0.697,-0.032,0,0,0.666,4.274,6.415,0.977,NaN,-0.276,0.688,0.671,0.032,0,0,0.633,4.035,6.373,0.905,0.3041194,0.065081
335423,1.00000193121778e+18,63875742722107,-0.063,1.429,0.294,-0.015,-0.049,0.013,0.999,NaN,-0.079,0.713,0.697,0,0,0,64.325,NaN,-0.073,0.713,0.697,-0.032,0,0,0.666,4.274,6.415,0.977,NaN,-0.276,0.688,0.672,0.032,0,0,0.633,4.034,6.373,0.905,0.3044842,0.06563441
335424,1.00000193122278e+18,63875742722117,-0.063,1.429,0.294,-0.015,-0.049,0.013,0.999,NaN,-0.079,0.713,0.697,0,0,0,64.325,NaN,-0.073,0.713,0.697,-0.032,0,0,0.666,4.274,6.415,0.977,NaN,-0.276,0.687,0.672,0.032,0,0,0.633,4.033,6.373,0.905,0.3051228,0.03340782
335425,1.00000193122782e+18,63875742722117,-0.063,1.429,0.294,-0.015,-0.049,0.013,0.999,NaN,-0.08,0.713,0.697,0,0,0,64.325,NaN,-0.074,0.713,0.697,-0.032,0,0,0.666,4.274,6.415,0.978,NaN,-0.276,0.687,0.672,0.032,0,0,0.633,4.033,6.373,0.905,0.3060147,0.1926374
335426,1.00000193123281e+18,63875742722128,-0.063,1.429,0.293,-0.015,-0.049,0.013,0.999,NaN,-0.08,0.712,0.697,0,0,0,64.325,NaN,-0.075,0.713,0.697,-0.032,0,0,0.666,4.274,6.415,0.976,NaN,-0.276,0.687,0.672,0.032,0,0,0.633,4.034,6.373,0.905,0.3072436,0.2020728
335427,1.00000193123782e+18,63875742722128,-0.063,1.429,0.293,-0.015,-0.049,0.013,0.999,NaN,-0.081,0.712,0.697,0,0,0,64.325,NaN,-0.076,0.713,0.697,-0.032,0,0,0.666,4.272,6.415,0.977,NaN,-0.276,0.687,0.672,0.032,0,0,0.633,4.034,6.373,0.905,0.3082657,0.2362288
335428,1.00000193124282e+18,63875742722139,-0.063,1.429,0.293,-0.015,-0.049,0.013,0.999,NaN,-0.081,0.712,0.697,0,0,0,64.325,NaN,-0.077,0.713,0.697,-0.032,0,0,0.665,4.269,6.415,0.977,NaN,-0.276,0.687,0.672,0.032,0,0,0.633,4.034,6.373,0.905,0.3094326,0.2456496
335429,1.00000193124803e+18,63875742722139,-0.063,1.429,0.293,-0.015,-0.049,0.013,0.999,NaN,-0.082,0.712,0.697,0,0,0,64.325,NaN,-0.077,0.713,0.697,-0.032,0,0,0.665,4.267,6.415,0.977,NaN,-0.277,0.687,0.672,0.032,0,0,0.633,4.035,6.373,0.906,0.3105401,0.2679061
335430,1.000001931253e+18,63875742722151,-0.063,1.43,0.293,-0.015,-0.049,0.013,0.999,NaN,-0.082,0.712,0.697,0,0,0,64.325,NaN,-0.078,0.712,0.697,-0.032,0,0,0.665,4.265,6.415,0.977,NaN,-0.277,0.687,0.672,0.032,0,0,0.634,4.037,6.373,0.906,0.3117119,0.2627525
335431,1.00000193125786e+18,63875742722151,-0.063,1.43,0.293,-0.015,-0.049,0.013,0.999,NaN,-0.083,0.712,0.697,0,0,0,64.325,NaN,-0.079,0.712,0.697,-0.032,0,0,0.665,4.265,6.415,0.977,NaN,-0.277,0.687,0.672,0.032,0,0,0.634,4.039,6.373,0.906,0.3127546,0.5007852
335432,1.00000193126291e+18,63875742722151,-0.063,1.43,0.293,-0.015,-0.049,0.013,0.999,NaN,-0.084,0.712,0.697,0,0,0,64.325,NaN,-0.08,0.712,0.697,-0.032,0,0,0.665,4.266,6.415,0.976,NaN,-0.277,0.687,0.672,0.032,0,0,0.634,4.041,6.373,0.906,0.3140361,0.5578009
335433,1.00000193126791e+18,63875742722161,-0.063,1.43,0.293,-0.015,-0.049,0.013,0.999,NaN,-0.084,0.712,0.697,0,0,0,64.325,NaN,-0.081,0.712,0.697,-0.032,0,0,0.665,4.267,6.415,0.976,NaN,-0.277,0.687,0.672,0.032,0,0,0.634,4.041,6.373,0.906,0.3150882,0.5889283
335434,1.00000193127292e+18,63875742722161,-0.063,1.43,0.293,-0.015,-0.049,0.013,0.999,NaN,-0.085,0.712,0.697,0,0,0,64.325,NaN,-0.082,0.712,0.697,-0.032,0,0,0.665,4.269,6.415,0.976,NaN,-0.277,0.686,0.672,0.032,0,0,0.635,4.044,6.373,0.906,0.3160168,0.671711
335435,1.00000193127794e+18,63875742722172,-0.064,1.43,0.293,-0.014,-0.049,0.013,0.999,NaN,-0.085,0.712,0.697,0,0,0,64.325,NaN,-0.082,0.712,0.697,-0.032,0,0,0.666,4.271,6.415,0.976,NaN,-0.277,0.686,0.672,0.032,0,0,0.635,4.045,6.373,0.906,0.3167563,0.7477658
335436,1.00000193128294e+18,63875742722172,-0.064,1.43,0.293,-0.014,-0.049,0.013,0.999,NaN,-0.084,0.712,0.697,0,0,0,64.325,NaN,-0.081,0.712,0.697,-0.032,0,0,0.657,4.217,6.415,0.977,NaN,-0.277,0.687,0.672,0.032,0,0,0.635,4.046,6.373,0.906,0.3145381,0.6194034
335437,1.00000193128794e+18,63875742722172,-0.064,1.43,0.293,-0.014,-0.049,0.013,0.999,NaN,-0.083,0.713,0.696,0,0,0,64.325,NaN,-0.079,0.713,0.697,-0.032,0,0,0.653,4.192,6.415,0.977,NaN,-0.277,0.687,0.671,0.032,0,0,0.635,4.047,6.373,0.906,0.3124728,0.484791
335438,1.00000193129297e+18,63875742722184,-0.064,1.43,0.293,-0.014,-0.05,0.013,0.999,NaN,-0.082,0.714,0.696,0,0,0,64.325,NaN,-0.078,0.714,0.696,-0.032,0,0,0.651,4.178,6.415,0.978,NaN,-0.277,0.688,0.671,0.032,0,0,0.635,4.047,6.373,0.906,0.3110867,0.4605049
335439,1.00000193129798e+18,63875742722184,-0.064,1.43,0.293,-0.014,-0.05,0.013,0.999,NaN,-0.082,0.714,0.696,0,0,0,64.325,NaN,-0.078,0.714,0.696,-0.032,0,0,0.661,4.243,6.415,0.978,NaN,-0.277,0.688,0.671,0.032,0,0,0.635,4.047,6.373,0.906,0.3109668,0.1149989
335440,1.00000193130301e+18,63875742722195,-0.064,1.43,0.293,-0.014,-0.05,0.013,0.999,NaN,-0.081,0.714,0.695,0,0,0,64.325,NaN,-0.078,0.715,0.695,-0.032,0,0,0.66,4.231,6.415,0.978,NaN,-0.277,0.689,0.67,0.032,0,0,0.636,4.051,6.373,0.906,0.31014,0
335441,1.00000193130802e+18,63875742722195,-0.064,1.43,0.293,-0.014,-0.05,0.013,0.999,NaN,-0.08,0.715,0.695,0,0,0,64.325,NaN,-0.076,0.715,0.695,-0.032,0,0,0.655,4.201,6.415,0.978,NaN,-0.277,0.689,0.67,0.032,0,0,0.636,4.054,6.373,0.906,0.308443,0
335442,1.00000193131303e+18,63875742722206,-0.064,1.43,0.293,-0.014,-0.05,0.013,0.999,NaN,-0.078,0.716,0.694,0,0,0,64.325,NaN,-0.075,0.716,0.694,-0.032,0,0,0.652,4.183,6.415,0.978,NaN,-0.277,0.69,0.669,0.032,0,0,0.636,4.055,6.373,0.906,0.3059778,0
335443,1.00000193131803e+18,63875742722206,-0.064,1.43,0.293,-0.014,-0.05,0.013,0.999,NaN,-0.079,0.715,0.695,0,0,0,64.325,NaN,-0.075,0.715,0.695,-0.032,0,0,0.675,4.332,6.415,0.978,NaN,-0.277,0.689,0.669,0.032,0,0,0.636,4.056,6.373,0.906,0.306691,0
335444,1.00000193132304e+18,63875742722217,-0.064,1.43,0.293,-0.014,-0.05,0.013,0.999,NaN,-0.08,0.715,0.695,0,0,0,64.325,NaN,-0.076,0.715,0.695,-0.032,0,0,0.679,4.354,6.415,0.978,NaN,-0.277,0.689,0.67,0.032,0,0,0.636,4.056,6.373,0.906,0.3072244,0
335445,1.00000193132804e+18,63875742722217,-0.064,1.43,0.293,-0.014,-0.05,0.013,0.999,NaN,-0.08,0.714,0.695,0,0,0,64.325,NaN,-0.077,0.714,0.695,-0.032,0,0,0.679,4.358,6.415,0.98,NaN,-0.278,0.688,0.67,0.032,0,0,0.637,4.057,6.373,0.906,0.3075767,0
335446,1.00000193133305e+18,63875742722229,-0.064,1.43,0.293,-0.014,-0.05,0.013,0.999,NaN,-0.08,0.714,0.695,0,0,0,64.325,NaN,-0.076,0.714,0.696,-0.032,0,0,0.671,4.308,6.415,0.98,NaN,-0.278,0.688,0.67,0.032,0,0,0.637,4.057,6.373,0.906,0.3072615,0
335447,1.00000193133809e+18,63875742722229,-0.064,1.43,0.293,-0.014,-0.05,0.013,0.999,NaN,-0.08,0.714,0.695,0,0,0,64.325,NaN,-0.077,0.714,0.696,-0.032,0,0,0.67,4.297,6.415,0.979,NaN,-0.278,0.688,0.67,0.032,0,0,0.637,4.057,6.373,0.906,0.3071104,0
335448,1.0000019313431e+18,63875742722240,-0.064,1.43,0.293,-0.013,-0.05,0.013,0.999,NaN,-0.08,0.714,0.695,0,0,0,64.325,NaN,-0.077,0.714,0.696,-0.032,0,0,0.67,4.296,6.415,0.979,NaN,-0.278,0.688,0.67,0.032,0,0,0.637,4.057,6.373,0.906,0.3068827,0
335449,1.00000193134818e+18,63875742722240,-0.064,1.43,0.293,-0.013,-0.05,0.013,0.999,NaN,-0.08,0.714,0.696,0,0,0,64.325,NaN,-0.077,0.714,0.696,-0.032,0,0,0.67,4.296,6.415,0.98,NaN,-0.278,0.688,0.67,0.032,0,0,0.636,4.056,6.373,0.906,0.306787,0
335450,1.00000193135318e+18,63875742722240,-0.064,1.43,0.293,-0.013,-0.05,0.013,0.999,NaN,-0.08,0.714,0.695,0,0,0,64.325,NaN,-0.077,0.714,0.696,-0.032,0,0,0.67,4.297,6.415,0.979,NaN,-0.278,0.688,0.67,0.032,0,0,0.636,4.056,6.373,0.906,0.30654,0
335451,1.00000193135819e+18,63875742722250,-0.064,1.43,0.293,-0.013,-0.05,0.013,0.999,NaN,-0.081,0.714,0.695,0,0,0,64.325,NaN,-0.077,0.714,0.696,-0.032,0,0,0.671,4.303,6.415,0.98,NaN,-0.279,0.688,0.67,0.032,0,0,0.636,4.056,6.373,0.906,0.3061473,0
335452,1.00000193136318e+18,63875742722250,-0.064,1.43,0.293,-0.013,-0.05,0.013,0.999,NaN,-0.081,0.714,0.695,0,0,0,64.325,NaN,-0.077,0.714,0.696,-0.032,0,0,0.672,4.31,6.415,0.98,NaN,-0.279,0.688,0.67,0.032,0,0,0.636,4.055,6.373,0.905,0.3058344,0
335453,1.00000193136815e+18,63875742722262,-0.064,1.43,0.293,-0.013,-0.05,0.013,0.999,NaN,-0.081,0.714,0.695,0,0,0,64.325,NaN,-0.077,0.714,0.696,-0.032,0,0,0.674,4.323,6.415,0.981,NaN,-0.279,0.688,0.67,0.032,0,0,0.636,4.054,6.373,0.905,0.3058186,0
335454,1.00000193137317e+18,63875742722262,-0.064,1.43,0.293,-0.013,-0.05,0.013,0.999,NaN,-0.082,0.714,0.695,0,0,0,64.325,NaN,-0.077,0.714,0.696,-0.032,0,0,0.674,4.324,6.415,0.981,NaN,-0.279,0.688,0.67,0.032,0,0,0.636,4.054,6.373,0.905,0.3055958,0
335455,1.00000193137819e+18,63875742722273,-0.064,1.43,0.293,-0.013,-0.05,0.013,0.999,NaN,-0.082,0.714,0.695,0,0,0,64.325,NaN,-0.076,0.714,0.696,-0.032,0,0,0.675,4.333,6.415,0.982,NaN,-0.279,0.688,0.67,0.032,0,0,0.636,4.053,6.373,0.905,0.3054943,0
335456,1.0000019313832e+18,63875742722273,-0.064,1.43,0.293,-0.013,-0.05,0.013,0.999,NaN,-0.083,0.714,0.695,0,0,0,64.325,NaN,-0.076,0.714,0.696,-0.032,0,0,0.675,4.333,6.415,0.983,NaN,-0.278,0.688,0.67,0.032,0,0,0.636,4.053,6.373,0.905,0.305055,0
335457,1.00000193138822e+18,63875742722273,-0.064,1.43,0.293,-0.013,-0.05,0.013,0.999,NaN,-0.083,0.714,0.695,0,0,0,64.325,NaN,-0.075,0.714,0.696,-0.032,0,0,0.676,4.335,6.415,0.983,NaN,-0.278,0.688,0.67,0.032,0,0,0.636,4.053,6.373,0.904,0.3047367,0
335458,1.00000193139327e+18,63875742722284,-0.064,1.43,0.293,-0.013,-0.05,0.013,0.999,NaN,-0.084,0.714,0.696,0,0,0,64.325,NaN,-0.075,0.714,0.696,-0.032,0,0,0.677,4.34,6.415,0.983,NaN,-0.278,0.688,0.67,0.032,0,0,0.636,4.053,6.373,0.904,0.3042641,0
335459,1.00000193139829e+18,63875742722284,-0.064,1.43,0.293,-0.013,-0.05,0.013,0.999,NaN,-0.084,0.713,0.696,0,0,0,64.325,NaN,-0.075,0.714,0.696,-0.032,0,0,0.677,4.345,6.415,0.984,NaN,-0.278,0.688,0.671,0.032,0,0,0.636,4.053,6.373,0.904,0.3037032,0
335460,1.00000193140331e+18,63875742722295,-0.064,1.43,0.293,-0.013,-0.05,0.012,0.999,NaN,-0.084,0.713,0.696,0,0,0,64.325,NaN,-0.074,0.714,0.696,-0.032,0,0,0.678,4.348,6.415,0.984,NaN,-0.278,0.688,0.671,0.032,0,0,0.636,4.054,6.373,0.904,0.3031887,0.02994955
335461,1.00000193140831e+18,63875742722295,-0.064,1.43,0.293,-0.013,-0.05,0.012,0.999,NaN,-0.085,0.713,0.696,0,0,0,64.325,NaN,-0.074,0.714,0.697,-0.032,0,0,0.678,4.349,6.415,0.984,NaN,-0.278,0.687,0.671,0.032,0,0,0.636,4.054,6.373,0.904,0.3028201,0.05474713
335462,1.00000193141329e+18,63875742722306,-0.064,1.43,0.293,-0.013,-0.05,0.012,0.999,NaN,-0.085,0.713,0.696,0,0,0,64.325,NaN,-0.073,0.714,0.697,-0.032,0,0,0.678,4.351,6.415,0.985,NaN,-0.278,0.687,0.671,0.032,0,0,0.636,4.054,6.373,0.904,0.3024346,0.4642233
335463,1.00000193141831e+18,63875742722306,-0.064,1.43,0.293,-0.013,-0.05,0.012,0.999,NaN,-0.086,0.713,0.696,0,0,0,64.325,NaN,-0.073,0.713,0.697,-0.032,0,0,0.678,4.352,6.415,0.985,NaN,-0.277,0.687,0.671,0.032,0,0,0.636,4.055,6.373,0.904,0.302141,0.4572299
335464,1.00000193142347e+18,63875742722317,-0.064,1.43,0.293,-0.013,-0.05,0.012,0.999,NaN,-0.086,0.712,0.697,0,0,0,64.325,NaN,-0.072,0.713,0.697,-0.032,0,0,0.679,4.356,6.415,0.985,NaN,-0.277,0.687,0.672,0.032,0,0,0.636,4.056,6.373,0.904,0.3018727,0.4680108
335465,1.00000193142849e+18,63875742722317,-0.064,1.43,0.293,-0.013,-0.05,0.012,0.999,NaN,-0.086,0.712,0.697,0,0,0,64.325,NaN,-0.072,0.713,0.698,-0.032,0,0,0.679,4.359,6.415,0.985,NaN,-0.277,0.687,0.672,0.032,0,0,0.637,4.057,6.373,0.904,0.3016789,0.6473876
335466,1.00000193143333e+18,63875742722328,-0.064,1.43,0.293,-0.013,-0.049,0.012,0.999,NaN,-0.087,0.712,0.697,0,0,0,64.325,NaN,-0.072,0.713,0.698,-0.032,0,0,0.68,4.361,6.415,0.984,NaN,-0.277,0.687,0.672,0.032,0,0,0.637,4.057,6.373,0.904,0.3015795,0.6686919
335467,1.00000193143835e+18,63875742722329,-0.064,1.43,0.293,-0.013,-0.049,0.012,0.999,NaN,-0.087,0.711,0.697,0,0,0,64.325,NaN,-0.071,0.712,0.698,-0.032,0,0,0.68,4.365,6.415,0.985,NaN,-0.276,0.686,0.673,0.032,0,0,0.637,4.057,6.373,0.904,0.3015906,0.6919097
335468,1.00000193144336e+18,63875742722329,-0.064,1.43,0.293,-0.013,-0.049,0.012,0.999,NaN,-0.087,0.711,0.698,0,0,0,64.325,NaN,-0.071,0.712,0.698,-0.032,0,0,0.681,4.366,6.415,0.985,NaN,-0.276,0.686,0.673,0.032,0,0,0.637,4.058,6.373,0.904,0.3014462,0.7034829
335469,1.00000193144838e+18,63875742722339,-0.064,1.431,0.293,-0.013,-0.049,0.012,0.999,NaN,-0.087,0.711,0.698,0,0,0,64.325,NaN,-0.07,0.712,0.699,-0.032,0,0,0.681,4.366,6.415,0.985,NaN,-0.276,0.686,0.673,0.032,0,0,0.637,4.058,6.373,0.904,0.3012075,0.7123616
335470,1.0000019314534e+18,63875742722339,-0.064,1.431,0.293,-0.013,-0.049,0.012,0.999,NaN,-0.088,0.711,0.698,0,0,0,64.325,NaN,-0.07,0.712,0.699,-0.032,0,0,0.682,4.374,6.415,0.985,NaN,-0.276,0.686,0.673,0.032,0,0,0.637,4.058,6.373,0.904,0.3007659,0.7587102
335471,1.00000193145842e+18,63875742722350,-0.064,1.43,0.293,-0.013,-0.049,0.012,0.999,NaN,-0.087,0.711,0.698,0,0,0,64.325,NaN,-0.066,0.712,0.699,-0.032,0,0,0.672,4.312,6.415,0.986,NaN,-0.275,0.686,0.673,0.032,0,0,0.637,4.058,6.373,0.904,0.296217,0.5980926
335472,1.00000193146344e+18,63875742722350,-0.064,1.43,0.293,-0.013,-0.049,0.012,0.999,NaN,-0.086,0.711,0.698,0,0,0,64.325,NaN,-0.061,0.713,0.699,-0.032,0,0,0.665,4.265,6.415,0.986,NaN,-0.275,0.686,0.673,0.032,0,0,0.637,4.058,6.373,0.904,0.290099,0.6071599
335473,1.00000193146846e+18,63875742722361,-0.064,1.43,0.293,-0.013,-0.049,0.012,0.999,NaN,-0.086,0.712,0.697,0,0,0,64.325,NaN,-0.057,0.713,0.699,-0.032,0,0,0.663,4.252,6.415,0.986,NaN,-0.275,0.687,0.673,0.032,0,0,0.637,4.058,6.373,0.904,0.2846942,0.6602425
335474,1.00000193147347e+18,63875742722361,-0.064,1.43,0.293,-0.013,-0.049,0.012,0.999,NaN,-0.085,0.712,0.697,0,0,0,64.325,NaN,-0.054,0.713,0.699,-0.032,0,0,0.667,4.282,6.415,0.987,NaN,-0.274,0.687,0.673,0.032,0,0,0.637,4.058,6.373,0.904,0.2820155,0.643353
335475,1.00000193147842e+18,63875742722372,-0.064,1.43,0.293,-0.013,-0.049,0.012,0.999,NaN,-0.085,0.712,0.697,0,0,0,64.325,NaN,-0.053,0.713,0.699,-0.032,0,0,0.672,4.311,6.415,0.987,NaN,-0.274,0.687,0.673,0.032,0,0,0.637,4.059,6.373,0.904,0.2811721,0.6224305
335476,1.00000193148345e+18,63875742722372,-0.064,1.43,0.293,-0.013,-0.049,0.012,0.999,NaN,-0.085,0.712,0.697,0,0,0,64.325,NaN,-0.054,0.713,0.699,-0.032,0,0,0.676,4.334,6.415,0.987,NaN,-0.274,0.687,0.673,0.032,0,0,0.637,4.06,6.373,0.904,0.2820177,0.6315899
335477,1.00000193148847e+18,63875742722384,-0.064,1.43,0.293,-0.013,-0.049,0.012,0.999,NaN,-0.085,0.712,0.697,0,0,0,64.325,NaN,-0.055,0.713,0.699,-0.032,0,0,0.678,4.349,6.415,0.986,NaN,-0.274,0.687,0.673,0.032,0,0,0.637,4.061,6.373,0.904,0.283365,0.5941278
335478,1.00000193149349e+18,63875742722384,-0.064,1.43,0.293,-0.013,-0.049,0.012,0.999,NaN,-0.085,0.712,0.698,0,0,0,64.325,NaN,-0.055,0.713,0.699,-0.032,0,0,0.679,4.355,6.415,0.987,NaN,-0.273,0.687,0.673,0.032,0,0,0.637,4.061,6.373,0.904,0.284445,0.5830356
335479,1.00000193149846e+18,63875742722384,-0.064,1.43,0.293,-0.013,-0.049,0.012,0.999,NaN,-0.085,0.711,0.698,0,0,0,64.325,NaN,-0.056,0.713,0.699,-0.032,0,0,0.679,4.357,6.415,0.987,NaN,-0.273,0.687,0.673,0.032,0,0,0.637,4.062,6.373,0.904,0.2853566,0.5813025
335480,1.00000193150348e+18,63875742722395,-0.064,1.43,0.293,-0.013,-0.049,0.012,0.999,NaN,-0.085,0.711,0.698,0,0,0,64.325,NaN,-0.057,0.713,0.699,-0.032,0,0,0.679,4.358,6.415,0.987,NaN,-0.273,0.687,0.674,0.032,0,0,0.637,4.062,6.373,0.904,0.286311,0.580697
335481,1.0000019315085e+18,63875742722395,-0.064,1.43,0.293,-0.013,-0.049,0.012,0.999,NaN,-0.085,0.711,0.698,0,0,0,64.325,NaN,-0.057,0.713,0.699,-0.032,0,0,0.68,4.361,6.415,0.987,NaN,-0.273,0.687,0.674,0.032,0,0,0.637,4.062,6.373,0.904,0.2871173,0.5943932
335482,1.00000193151353e+18,63875742722405,-0.064,1.43,0.293,-0.013,-0.049,0.012,0.999,NaN,-0.085,0.711,0.698,0,0,0,64.325,NaN,-0.057,0.713,0.699,-0.032,0,0,0.681,4.366,6.415,0.987,NaN,-0.273,0.687,0.674,0.032,0,0,0.637,4.062,6.373,0.904,0.2878697,0.6041322
335483,1.00000193151855e+18,63875742722405,-0.064,1.43,0.293,-0.013,-0.049,0.012,0.999,NaN,-0.085,0.711,0.698,0,0,0,64.325,NaN,-0.058,0.713,0.699,-0.032,0,0,0.681,4.367,6.415,0.986,NaN,-0.273,0.687,0.674,0.032,0,0,0.637,4.062,6.373,0.904,0.288482,0.5821354
335484,1.00000193152358e+18,63875742722417,-0.064,1.43,0.293,-0.013,-0.049,0.011,0.999,NaN,-0.086,0.711,0.698,0,0,0,64.325,NaN,-0.058,0.712,0.699,-0.032,0,0,0.681,4.368,6.415,0.986,NaN,-0.273,0.687,0.674,0.032,0,0,0.637,4.062,6.373,0.904,0.2890111,0.5565074
335485,1.0000019315286e+18,63875742722417,-0.064,1.43,0.293,-0.013,-0.049,0.011,0.999,NaN,-0.086,0.711,0.698,0,0,0,64.325,NaN,-0.058,0.712,0.699,-0.032,0,0,0.681,4.369,6.415,0.986,NaN,-0.273,0.686,0.674,0.032,0,0,0.637,4.062,6.373,0.904,0.2894926,0.5627931
335486,1.00000193153362e+18,63875742722428,-0.064,1.43,0.293,-0.013,-0.049,0.011,0.999,NaN,-0.086,0.711,0.698,0,0,0,64.325,NaN,-0.059,0.712,0.7,-0.032,0,0,0.681,4.37,6.415,0.986,NaN,-0.273,0.686,0.674,0.032,0,0,0.637,4.057,6.373,0.904,0.2899027,0.5454397
335487,1.00000193153864e+18,63875742722428,-0.064,1.43,0.293,-0.013,-0.049,0.011,0.999,NaN,-0.086,0.711,0.698,0,0,0,64.325,NaN,-0.059,0.712,0.7,-0.032,0,0,0.681,4.37,6.415,0.986,NaN,-0.273,0.686,0.674,0.032,0,0,0.636,4.054,6.373,0.903,0.2902323,0.559424
335488,1.00000193154359e+18,63875742722439,-0.064,1.43,0.293,-0.013,-0.049,0.011,0.999,NaN,-0.086,0.711,0.698,0,0,0,64.325,NaN,-0.059,0.712,0.7,-0.032,0,0,0.68,4.365,6.415,0.986,NaN,-0.273,0.686,0.674,0.032,0,0,0.636,4.052,6.373,0.903,0.2904762,0.562667
335489,1.00000193154861e+18,63875742722439,-0.064,1.43,0.293,-0.013,-0.049,0.011,0.999,NaN,-0.086,0.71,0.699,0,0,0,64.325,NaN,-0.059,0.712,0.7,-0.032,0,0,0.682,4.374,6.415,0.986,NaN,-0.273,0.686,0.675,0.032,0,0,0.636,4.051,6.373,0.903,0.2908089,0.5061345
335490,1.00000193155361e+18,63875742722439,-0.064,1.43,0.293,-0.013,-0.049,0.011,0.999,NaN,-0.087,0.71,0.699,0,0,0,64.325,NaN,-0.06,0.711,0.701,-0.032,0,0,0.684,4.39,6.415,0.986,NaN,-0.273,0.685,0.675,0.032,0,0,0.636,4.051,6.373,0.903,0.2914931,0.602428
335491,1.00000193155864e+18,63875742722451,-0.064,1.43,0.293,-0.012,-0.049,0.011,0.999,NaN,-0.088,0.709,0.7,0,0,0,64.325,NaN,-0.061,0.711,0.701,-0.032,0,0,0.685,4.396,6.415,0.987,NaN,-0.273,0.685,0.676,0.032,0,0,0.636,4.05,6.373,0.903,0.2923173,0.6432369
335492,1.00000193156366e+18,63875742722451,-0.064,1.43,0.293,-0.012,-0.049,0.011,0.999,NaN,-0.089,0.709,0.7,0,0,0,64.325,NaN,-0.062,0.711,0.701,-0.032,0,0,0.686,4.401,6.415,0.987,NaN,-0.273,0.685,0.676,0.032,0,0,0.636,4.051,6.373,0.903,0.2933578,0.594751
335493,1.00000193156864e+18,63875742722462,-0.064,1.43,0.293,-0.012,-0.049,0.011,0.999,NaN,-0.097,0.703,0.704,0,0,0,64.325,NaN,-0.063,0.705,0.706,-0.032,0,0,0.693,4.445,6.415,0.987,NaN,-0.275,0.679,0.68,0.032,0,0,0.641,4.084,6.373,0.903,0.2926307,0
335494,1.00000193157367e+18,63875742722462,-0.064,1.43,0.293,-0.012,-0.049,0.011,0.999,NaN,-0.159,0.52,0.839,0,0,0,64.325,NaN,-0.075,0.525,0.848,-0.032,0,0,0.704,4.517,6.415,0.988,NaN,-0.32,0.499,0.806,0.032,0,0,0.642,4.091,6.373,0.903,0.2497328,0
335495,1.00000193157875e+18,63875742722473,-0.064,1.43,0.293,-0.012,-0.048,0.011,0.999,NaN,-0.201,0.354,0.913,0,0,0,64.325,NaN,-0.067,0.361,0.93,-0.032,0,0,0.735,4.713,6.415,0.985,NaN,-0.329,0.342,0.88,0.032,0,0,0.652,4.153,6.373,0.902,0.2325984,0
335496,1.00000193158378e+18,63875742722473,-0.064,1.43,0.293,-0.012,-0.048,0.011,0.999,NaN,-0.217,0.265,0.94,0,0,0,64.325,NaN,-0.055,0.271,0.961,-0.032,0,0,0.74,4.746,6.415,0.984,NaN,-0.311,0.258,0.915,0.032,0,0,0.637,4.058,6.373,0.902,0.2408008,0
335497,1.00000193158881e+18,63875742722484,-0.064,1.43,0.293,-0.012,-0.048,0.011,0.999,NaN,-0.213,0.223,0.951,0,0,0,64.325,NaN,-0.072,0.26,0.963,-0.032,0,0,0.744,4.772,6.415,0.984,NaN,-0.276,0.219,0.936,0.032,0,0,0.627,3.994,6.373,0.903,0.2962317,0
335498,1.00000193159383e+18,63875742722484,-0.064,1.43,0.293,-0.012,-0.048,0.011,0.999,NaN,-0.201,0.2,0.959,0,0,0,64.325,NaN,-0.112,0.254,0.961,-0.032,0,0,0.744,4.773,6.415,0.985,NaN,-0.232,0.199,0.952,0.032,0,0,0.622,3.965,6.373,0.903,0.4376991,0
335499,1.00000193159871e+18,63875742722495,-0.064,1.43,0.293,-0.012,-0.048,0.011,0.999,NaN,-0.188,0.191,0.963,0,0,0,64.325,NaN,-0.151,0.251,0.956,-0.032,0,0,0.743,4.769,6.415,0.985,NaN,-0.186,0.191,0.964,0.032,0,0,0.622,3.967,6.373,0.903,0.4602057,0
335500,1.00000193160374e+18,63875742722506,-0.064,1.43,0.293,-0.012,-0.048,0.011,0.999,NaN,-0.182,0.174,0.968,0,0,0,64.325,NaN,-0.18,0.248,0.952,-0.032,0,0,0.742,4.758,6.415,0.985,NaN,-0.143,0.175,0.974,0.032,0,0,0.616,3.925,6.373,0.904,2,0
335501,1.00000193160877e+18,63875742722507,-0.064,1.43,0.293,-0.012,-0.048,0.011,0.999,NaN,-0.176,0.14,0.974,0,0,0,64.325,NaN,-0.144,0.201,0.969,-0.032,0,0,0.619,3.973,6.415,0.985,NaN,-0.125,0.141,0.982,0.032,0,0,0.61,3.89,6.373,0.905,2,0
335502,1.0000019316138e+18,63875742722518,-0.064,1.43,0.293,-0.012,-0.048,0.011,0.999,NaN,-0.154,0.124,0.98,0,0,0,64.325,NaN,-0.126,0.176,0.976,-0.032,0,0,0.624,4.002,6.415,0.984,NaN,-0.096,0.125,0.987,0.032,0,0,0.609,3.882,6.373,0.906,2,0
335503,1.00000193161882e+18,63875742722518,-0.064,1.43,0.293,-0.012,-0.048,0.011,0.999,NaN,-0.122,0.115,0.986,0,0,0,64.325,NaN,-0.062,0.141,0.988,-0.032,0,0,0.602,3.86,6.415,0.982,NaN,-0.067,0.116,0.991,0.032,0,0,0.606,3.862,6.373,0.908,2,0
335504,1.00000193162386e+18,63875742722518,-0.064,1.43,0.293,-0.012,-0.048,0.011,0.999,NaN,-0.097,0.099,0.99,0,0,0,64.325,NaN,0.001,0.126,0.992,-0.032,0,0,0.603,3.87,6.415,0.979,NaN,-0.056,0.1,0.993,0.032,0,0,0.602,3.838,6.373,0.909,0.922278,0
335505,1.00000193162888e+18,63875742722518,-0.064,1.43,0.293,-0.012,-0.048,0.011,0.999,NaN,-0.066,0.087,0.994,0,0,0,64.325,NaN,0.065,0.122,0.99,-0.032,0,0,0.566,3.63,6.415,0.975,NaN,-0.033,0.087,0.996,0.032,0,0,0.601,3.829,6.373,0.91,0.5778913,0
335506,1.00000193163391e+18,63875742722529,-0.064,1.43,0.293,-0.012,-0.048,0.01,0.999,NaN,-0.036,0.078,0.996,0,0,0,64.325,NaN,0.106,0.122,0.987,-0.032,0,0,0.568,3.646,6.415,0.971,NaN,-0.011,0.078,0.997,0.032,0,0,0.601,3.828,6.373,0.912,0.4737002,0
335507,1.00000193163894e+18,63875742722529,-0.064,1.43,0.293,-0.012,-0.048,0.01,0.999,NaN,-0.014,0.072,0.997,0,0,0,64.325,NaN,0.129,0.124,0.984,-0.032,0,0,0.576,3.694,6.415,0.966,NaN,0.004,0.072,0.997,0.032,0,0,0.601,3.83,6.373,0.914,0.4316345,0
335508,1.00000193164397e+18,63875742722529,-0.064,1.43,0.293,-0.012,-0.048,0.01,0.999,NaN,0.002,0.068,0.998,0,0,0,64.325,NaN,0.141,0.128,0.982,-0.032,0,0,0.59,3.783,6.415,0.962,NaN,0.013,0.068,0.998,0.032,0,0,0.602,3.834,6.373,0.915,0.4077889,0
335509,1.000001931649e+18,63875742722540,-0.064,1.43,0.293,-0.012,-0.048,0.01,0.999,NaN,0.012,0.066,0.998,0,0,0,64.325,NaN,0.147,0.13,0.981,-0.032,0,0,0.594,3.811,6.415,0.96,NaN,0.02,0.066,0.998,0.032,0,0,0.602,3.836,6.373,0.917,0.3970879,0
335510,1.00000193165391e+18,63875742722540,-0.064,1.43,0.293,-0.012,-0.048,0.01,0.999,NaN,0.019,0.065,0.998,0,0,0,64.325,NaN,0.15,0.131,0.98,-0.032,0,0,0.595,3.82,6.415,0.956,NaN,0.025,0.065,0.998,0.032,0,0,0.602,3.838,6.373,0.918,0.3921276,0
335511,1.00000193165891e+18,63875742722551,-0.064,1.43,0.293,-0.012,-0.048,0.01,0.999,NaN,0.025,0.064,0.998,0,0,0,64.325,NaN,0.152,0.132,0.98,-0.032,0,0,0.596,3.824,6.415,0.954,NaN,0.028,0.064,0.998,0.032,0,0,0.602,3.839,6.373,0.92,0.3892875,0
335512,1.00000193166387e+18,63875742722551,-0.064,1.43,0.293,-0.012,-0.048,0.01,0.999,NaN,0.028,0.062,0.998,0,0,0,64.325,NaN,0.153,0.132,0.979,-0.032,0,0,0.596,3.825,6.415,0.952,NaN,0.031,0.062,0.998,0.032,0,0,0.602,3.839,6.373,0.921,0.3867628,0
335513,1.00000193166889e+18,63875742722562,-0.064,1.43,0.293,-0.012,-0.048,0.01,0.999,NaN,0.03,0.06,0.998,0,0,0,64.325,NaN,0.153,0.134,0.979,-0.032,0,0,0.598,3.836,6.415,0.95,NaN,0.032,0.06,0.998,0.032,0,0,0.603,3.84,6.373,0.922,0.3782448,0
335514,1.00000193167391e+18,63875742722562,-0.064,1.43,0.293,-0.012,-0.048,0.01,0.999,NaN,0.031,0.059,0.998,0,0,0,64.325,NaN,0.12,0.104,0.987,-0.032,0,0,0.6,3.848,6.415,0.95,NaN,0.032,0.059,0.998,0.032,0,0,0.603,3.84,6.373,0.924,0.5686175,0
335515,1.00000193167896e+18,63875742722572,-0.064,1.43,0.293,-0.012,-0.048,0.01,0.999,NaN,0.032,0.058,0.998,0,0,0,64.325,NaN,0.13,0.117,0.985,-0.032,0,0,0.601,3.853,6.415,0.948,NaN,0.032,0.058,0.998,0.032,0,0,0.602,3.84,6.373,0.924,0.4771443,0
335516,1.00000193168398e+18,63875742722572,-0.064,1.43,0.293,-0.012,-0.048,0.01,0.999,NaN,0.033,0.058,0.998,0,0,0,64.325,NaN,0.136,0.124,0.983,-0.032,0,0,0.601,3.855,6.415,0.945,NaN,0.034,0.058,0.998,0.032,0,0,0.602,3.839,6.373,0.925,0.4350914,0
335517,1.00000193168901e+18,63875742722585,-0.064,1.43,0.293,-0.012,-0.048,0.01,0.999,NaN,0.034,0.058,0.998,0,0,0,64.325,NaN,0.141,0.128,0.982,-0.032,0,0,0.601,3.855,6.415,0.944,NaN,0.034,0.058,0.998,0.032,0,0,0.602,3.839,6.373,0.925,0.411246,0
335518,1.00000193169402e+18,63875742722585,-0.064,1.43,0.293,-0.012,-0.048,0.01,0.999,NaN,0.034,0.057,0.998,0,0,0,64.325,NaN,0.144,0.131,0.981,-0.032,0,0,0.601,3.855,6.415,0.943,NaN,0.035,0.057,0.998,0.032,0,0,0.602,3.839,6.373,0.926,0.3972246,0
335519,1.00000193169904e+18,63875742722585,-0.064,1.43,0.293,-0.012,-0.048,0.01,0.999,NaN,0.034,0.057,0.998,0,0,0,64.325,NaN,0.146,0.133,0.98,-0.032,0,0,0.601,3.854,6.415,0.942,NaN,0.034,0.057,0.998,0.032,0,0,0.602,3.839,6.373,0.926,0.3861102,0
335520,1.00000193170405e+18,63875742722595,-0.064,1.43,0.293,-0.012,-0.048,0.01,0.999,NaN,0.034,0.057,0.998,0,0,0,64.325,NaN,0.147,0.134,0.98,-0.032,0,0,0.6,3.851,6.415,0.942,NaN,0.034,0.057,0.998,0.032,0,0,0.602,3.838,6.373,0.926,0.3792025,0
335521,1.00000193170907e+18,63875742722595,-0.064,1.43,0.293,-0.012,-0.048,0.01,0.999,NaN,0.034,0.056,0.998,0,0,0,64.325,NaN,0.148,0.135,0.98,-0.032,0,0,0.6,3.85,6.415,0.941,NaN,0.034,0.056,0.998,0.032,0,0,0.602,3.838,6.373,0.927,0.3740602,0
335522,1.00000193171406e+18,63875742722607,-0.064,1.43,0.293,-0.012,-0.048,0.01,0.999,NaN,0.034,0.056,0.998,0,0,0,64.325,NaN,0.149,0.136,0.98,-0.032,0,0,0.6,3.849,6.415,0.939,NaN,0.034,0.056,0.998,0.032,0,0,0.602,3.838,6.373,0.927,0.3711869,0
335523,1.00000193171905e+18,63875742722607,-0.064,1.43,0.293,-0.012,-0.048,0.01,0.999,NaN,0.034,0.056,0.998,0,0,0,64.325,NaN,0.149,0.135,0.98,-0.032,0,0,0.597,3.833,6.415,0.939,NaN,0.034,0.056,0.998,0.032,0,0,0.602,3.838,6.373,0.927,0.3716616,0
335524,1.00000193172401e+18,63875742722618,-0.064,1.43,0.293,-0.012,-0.048,0.01,0.999,NaN,0.034,0.057,0.998,0,0,0,64.325,NaN,0.149,0.135,0.98,-0.032,0,0,0.597,3.829,6.415,0.938,NaN,0.034,0.057,0.998,0.032,0,0,0.602,3.837,6.373,0.928,0.3727013,0.4029923
335525,1.00000193172903e+18,63875742722618,-0.064,1.43,0.293,-0.012,-0.048,0.01,0.999,NaN,0.034,0.057,0.998,0,0,0,64.325,NaN,0.149,0.135,0.98,-0.032,0,0,0.596,3.825,6.415,0.938,NaN,0.034,0.057,0.998,0.032,0,0,0.602,3.838,6.373,0.928,0.3747403,0.6800465
335526,1.00000193173409e+18,63875742722629,-0.064,1.43,0.293,-0.012,-0.048,0.01,0.999,NaN,0.034,0.058,0.998,0,0,0,64.325,NaN,0.149,0.135,0.98,-0.032,0,0,0.596,3.823,6.415,0.938,NaN,0.034,0.058,0.998,0.032,0,0,0.602,3.838,6.373,0.928,0.3768546,0.7913634
335527,1.0000019317391e+18,63875742722629,-0.064,1.43,0.293,-0.012,-0.048,0.01,0.999,NaN,0.035,0.058,0.998,0,0,0,64.325,NaN,0.149,0.135,0.98,-0.032,0,0,0.596,3.822,6.415,0.936,NaN,0.035,0.058,0.998,0.032,0,0,0.602,3.839,6.373,0.928,0.3791225,0.833917
335528,1.00000193174417e+18,63875742722640,-0.064,1.43,0.293,-0.012,-0.048,0.01,0.999,NaN,0.038,0.056,0.998,0,0,0,64.325,NaN,0.149,0.135,0.98,-0.032,0,0,0.596,3.822,6.415,0.936,NaN,0.039,0.056,0.998,0.032,0,0,0.603,3.842,6.373,0.929,0.3775983,0.5329504
335529,1.00000193174918e+18,63875742722640,-0.064,1.43,0.293,-0.012,-0.048,0.01,0.999,NaN,0.038,0.057,0.998,0,0,0,64.325,NaN,0.149,0.135,0.98,-0.032,0,0,0.596,3.821,6.415,0.936,NaN,0.038,0.057,0.998,0.032,0,0,0.603,3.844,6.373,0.929,0.3803458,0.23768
335530,1.00000193175419e+18,63875742722640,-0.064,1.43,0.293,-0.012,-0.048,0.01,0.999,NaN,0.041,0.055,0.998,0,0,0,64.325,NaN,0.148,0.135,0.98,-0.032,0,0,0.596,3.821,6.415,0.935,NaN,0.042,0.055,0.998,0.032,0,0,0.604,3.847,6.373,0.93,0.3777607,0
335531,1.00000193175919e+18,63875742722650,-0.064,1.43,0.293,-0.012,-0.048,0.01,0.999,NaN,0.044,0.054,0.998,0,0,0,64.325,NaN,0.148,0.135,0.98,-0.032,0,0,0.596,3.82,6.415,0.935,NaN,0.044,0.054,0.998,0.032,0,0,0.604,3.852,6.373,0.931,0.3752273,0
335532,1.0000019317642e+18,63875742722650,-0.064,1.43,0.293,-0.012,-0.048,0.01,0.999,NaN,0.046,0.053,0.998,0,0,0,64.325,NaN,0.148,0.135,0.98,-0.032,0,0,0.595,3.819,6.415,0.935,NaN,0.046,0.053,0.998,0.032,0,0,0.605,3.858,6.373,0.931,0.3733383,0.01063713
335533,1.00000193176917e+18,63875742722661,-0.064,1.43,0.292,-0.012,-0.048,0.01,0.999,NaN,0.048,0.052,0.998,0,0,0,64.325,NaN,0.148,0.135,0.98,-0.032,0,0,0.595,3.818,6.415,0.935,NaN,0.048,0.052,0.997,0.032,0,0,0.606,3.861,6.373,0.932,0.3714963,0.0220257
335534,1.00000193177418e+18,63875742722661,-0.064,1.43,0.292,-0.012,-0.048,0.01,0.999,NaN,0.049,0.051,0.997,0,0,0,64.325,NaN,0.148,0.135,0.98,-0.032,0,0,0.595,3.817,6.415,0.935,NaN,0.05,0.051,0.997,0.032,0,0,0.606,3.864,6.373,0.933,0.3697226,0.0215456
335535,1.00000193177917e+18,63875742722673,-0.064,1.43,0.292,-0.012,-0.048,0.01,0.999,NaN,0.05,0.05,0.997,0,0,0,64.325,NaN,0.148,0.135,0.98,-0.032,0,0,0.595,3.815,6.415,0.934,NaN,0.051,0.05,0.997,0.032,0,0,0.607,3.866,6.373,0.933,0.3679605,0.05636448
335536,1.00000193178418e+18,63875742722673,-0.064,1.43,0.292,-0.012,-0.048,0.01,0.999,NaN,0.051,0.05,0.997,0,0,0,64.325,NaN,0.148,0.135,0.98,-0.032,0,0,0.594,3.811,6.415,0.934,NaN,0.051,0.05,0.997,0.032,0,0,0.607,3.867,6.373,0.934,0.3664078,0.05518917
335537,1.00000193178921e+18,63875742722684,-0.064,1.43,0.293,-0.011,-0.048,0.01,0.999,NaN,0.052,0.049,0.997,0,0,0,64.325,NaN,0.148,0.134,0.98,-0.032,0,0,0.594,3.808,6.415,0.935,NaN,0.052,0.049,0.997,0.032,0,0,0.607,3.868,6.373,0.935,0.3649787,0.05368312
335538,1.00000193179422e+18,63875742722684,-0.064,1.43,0.293,-0.011,-0.048,0.01,0.999,NaN,0.052,0.048,0.997,0,0,0,64.325,NaN,0.148,0.134,0.98,-0.032,0,0,0.593,3.805,6.415,0.934,NaN,0.053,0.048,0.997,0.032,0,0,0.607,3.868,6.373,0.935,0.3638048,0.09977563
335539,1.00000193179926e+18,63875742722694,-0.064,1.43,0.293,-0.011,-0.048,0.01,0.999,NaN,0.053,0.048,0.997,0,0,0,64.325,NaN,0.148,0.134,0.98,-0.032,0,0,0.593,3.802,6.415,0.934,NaN,0.053,0.048,0.997,0.032,0,0,0.607,3.869,6.373,0.936,0.3626361,0.09732345
335540,1.00000193180425e+18,63875742722694,-0.064,1.43,0.293,-0.011,-0.048,0.01,0.999,NaN,0.053,0.047,0.997,0,0,0,64.325,NaN,0.148,0.134,0.98,-0.032,0,0,0.592,3.795,6.415,0.934,NaN,0.054,0.047,0.997,0.032,0,0,0.607,3.869,6.373,0.936,0.3618257,0.09754382
335541,1.00000193180926e+18,63875742722706,-0.064,1.43,0.293,-0.011,-0.048,0.01,0.999,NaN,0.054,0.047,0.997,0,0,0,64.325,NaN,0.148,0.134,0.98,-0.032,0,0,0.591,3.791,6.415,0.934,NaN,0.054,0.047,0.997,0.032,0,0,0.607,3.869,6.373,0.937,0.3608399,0.09489985
335542,1.00000193181425e+18,63875742722706,-0.064,1.43,0.293,-0.011,-0.048,0.01,0.999,NaN,0.054,0.046,0.997,0,0,0,64.325,NaN,0.148,0.133,0.98,-0.032,0,0,0.591,3.788,6.415,0.933,NaN,0.054,0.046,0.997,0.032,0,0,0.607,3.869,6.373,0.937,0.3603356,0.1013747
335543,1.00000193181926e+18,63875742722716,-0.064,1.43,0.293,-0.011,-0.048,0.01,0.999,NaN,0.054,0.046,0.997,0,0,0,64.325,NaN,0.148,0.133,0.98,-0.032,0,0,0.59,3.787,6.415,0.933,NaN,0.054,0.046,0.997,0.032,0,0,0.607,3.869,6.373,0.938,0.359589,0.1074892
335544,1.00000193182428e+18,63875742722716,-0.064,1.43,0.293,-0.011,-0.048,0.01,0.999,NaN,0.055,0.046,0.997,0,0,0,64.325,NaN,0.148,0.133,0.98,-0.032,0,0,0.59,3.786,6.415,0.933,NaN,0.055,0.046,0.997,0.032,0,0,0.607,3.869,6.373,0.938,0.3590592,0.126344
335545,1.00000193182928e+18,63875742722716,-0.064,1.43,0.293,-0.011,-0.048,0.01,0.999,NaN,0.055,0.046,0.997,0,0,0,64.325,NaN,0.148,0.133,0.98,-0.032,0,0,0.59,3.786,6.415,0.933,NaN,0.055,0.046,0.997,0.032,0,0,0.607,3.869,6.373,0.939,0.3595405,0.09440278
335546,1.0000019318343e+18,63875742722728,-0.064,1.43,0.293,-0.011,-0.048,0.01,0.999,NaN,0.055,0.046,0.997,0,0,0,64.325,NaN,0.148,0.133,0.98,-0.032,0,0,0.59,3.786,6.415,0.932,NaN,0.055,0.046,0.997,0.032,0,0,0.607,3.868,6.373,0.939,0.3594286,0.09393466
335547,1.00000193183931e+18,63875742722728,-0.064,1.43,0.293,-0.011,-0.048,0.01,0.999,NaN,0.056,0.045,0.997,0,0,0,64.325,NaN,0.147,0.133,0.98,-0.032,0,0,0.59,3.785,6.415,0.932,NaN,0.056,0.045,0.997,0.032,0,0,0.607,3.868,6.373,0.94,0.3593091,0.4204886
335548,1.00000193184436e+18,63875742722739,-0.064,1.43,0.293,-0.011,-0.048,0.01,0.999,NaN,0.056,0.046,0.997,0,0,0,64.325,NaN,0.147,0.133,0.98,-0.032,0,0,0.59,3.784,6.415,0.932,NaN,0.056,0.046,0.997,0.032,0,0,0.607,3.867,6.373,0.94,0.3605115,0.710698
335549,1.00000193184937e+18,63875742722739,-0.064,1.43,0.293,-0.011,-0.048,0.01,0.999,NaN,0.056,0.045,0.997,0,0,0,64.325,NaN,0.147,0.133,0.98,-0.032,0,0,0.591,3.793,6.415,0.932,NaN,0.056,0.045,0.997,0.032,0,0,0.607,3.866,6.373,0.941,0.3586996,0.9842741
335550,1.00000193185438e+18,63875742722739,-0.064,1.43,0.293,-0.011,-0.048,0.01,0.999,NaN,0.057,0.045,0.997,0,0,0,64.325,NaN,0.147,0.133,0.98,-0.032,0,0,0.592,3.796,6.415,0.932,NaN,0.057,0.045,0.997,0.032,0,0,0.607,3.866,6.373,0.941,0.3580185,0.949864
335551,1.00000193185936e+18,63875742722751,-0.064,1.43,0.292,-0.011,-0.048,0.01,0.999,NaN,0.057,0.045,0.997,0,0,0,64.325,NaN,0.147,0.133,0.98,-0.032,0,0,0.592,3.796,6.415,0.932,NaN,0.057,0.045,0.997,0.032,0,0,0.606,3.865,6.373,0.941,0.3566387,0.9177538
335552,1.00000193186439e+18,63875742722751,-0.064,1.43,0.292,-0.011,-0.048,0.01,0.999,NaN,0.057,0.045,0.997,0,0,0,64.325,NaN,0.147,0.133,0.98,-0.032,0,0,0.592,3.8,6.415,0.931,NaN,0.057,0.045,0.997,0.032,0,0,0.606,3.864,6.373,0.941,0.3558308,0.8781905
335553,1.0000019318694e+18,63875742722761,-0.064,1.43,0.292,-0.011,-0.048,0.01,0.999,NaN,0.057,0.045,0.997,0,0,0,64.325,NaN,0.147,0.133,0.98,-0.032,0,0,0.592,3.8,6.415,0.931,NaN,0.057,0.045,0.997,0.032,0,0,0.606,3.862,6.373,0.942,0.3540304,0.8329343
335554,1.00000193187441e+18,63875742722761,-0.064,1.43,0.292,-0.011,-0.048,0.01,0.999,NaN,0.058,0.044,0.997,0,0,0,64.325,NaN,0.147,0.133,0.98,-0.032,0,0,0.592,3.799,6.415,0.931,NaN,0.058,0.044,0.997,0.032,0,0,0.606,3.86,6.373,0.942,0.3526625,0.8303106
335555,1.00000193187942e+18,63875742722772,-0.064,1.43,0.292,-0.011,-0.048,0.01,0.999,NaN,0.058,0.044,0.997,0,0,0,64.325,NaN,0.147,0.134,0.98,-0.032,0,0,0.591,3.793,6.415,0.931,NaN,0.058,0.044,0.997,0.032,0,0,0.605,3.856,6.373,0.942,0.3512519,0.830265
335556,1.00000193188443e+18,63875742722772,-0.064,1.43,0.292,-0.011,-0.048,0.01,0.999,NaN,0.058,0.044,0.997,0,0,0,64.325,NaN,0.147,0.134,0.98,-0.032,0,0,0.591,3.788,6.415,0.93,NaN,0.058,0.044,0.997,0.032,0,0,0.605,3.853,6.373,0.942,0.3509915,0.7823145
335557,1.00000193188944e+18,63875742722784,-0.064,1.43,0.292,-0.011,-0.048,0.01,0.999,NaN,0.058,0.044,0.997,0,0,0,64.325,NaN,0.147,0.134,0.98,-0.032,0,0,0.59,3.783,6.415,0.93,NaN,0.058,0.044,0.997,0.032,0,0,0.604,3.85,6.373,0.943,0.3501486,0.7510854
335558,1.00000193189446e+18,63875742722784,-0.064,1.43,0.292,-0.011,-0.048,0.01,0.999,NaN,0.059,0.044,0.997,0,0,0,64.325,NaN,0.147,0.134,0.98,-0.032,0,0,0.589,3.777,6.415,0.93,NaN,0.059,0.044,0.997,0.032,0,0,0.603,3.846,6.373,0.943,0.3511349,0.6763241
335559,1.00000193189949e+18,63875742722795,-0.064,1.43,0.292,-0.011,-0.048,0.01,0.999,NaN,0.059,0.044,0.997,0,0,0,64.325,NaN,0.147,0.134,0.98,-0.032,0,0,0.588,3.772,6.415,0.93,NaN,0.059,0.044,0.997,0.032,0,0,0.602,3.836,6.373,0.943,0.3504616,0.6050779
335560,1.00000193190451e+18,63875742722795,-0.064,1.43,0.292,-0.011,-0.048,0.01,0.999,NaN,0.059,0.044,0.997,0,0,0,64.325,NaN,0.147,0.134,0.98,-0.032,0,0,0.587,3.767,6.415,0.929,NaN,0.059,0.044,0.997,0.032,0,0,0.601,3.83,6.373,0.943,0.3506887,0.5713661
335561,1.00000193190949e+18,63875742722795,-0.064,1.43,0.292,-0.011,-0.048,0.01,0.999,NaN,0.059,0.045,0.997,0,0,0,64.325,NaN,0.147,0.134,0.98,-0.032,0,0,0.585,3.754,6.415,0.929,NaN,0.059,0.045,0.997,0.032,0,0,0.6,3.824,6.373,0.943,0.351476,0.5337291
335562,1.00000193191452e+18,63875742722806,-0.064,1.43,0.292,-0.011,-0.048,0.01,0.999,NaN,0.06,0.045,0.997,0,0,0,64.325,NaN,0.147,0.134,0.98,-0.032,0,0,0.583,3.741,6.415,0.928,NaN,0.06,0.045,0.997,0.032,0,0,0.599,3.817,6.373,0.943,0.3520803,0.5406611
335563,1.00000193191954e+18,63875742722806,-0.064,1.43,0.292,-0.011,-0.048,0.01,0.999,NaN,0.06,0.045,0.997,0,0,0,64.325,NaN,0.147,0.134,0.98,-0.032,0,0,0.581,3.724,6.415,0.928,NaN,0.06,0.045,0.997,0.032,0,0,0.598,3.809,6.373,0.944,0.3521867,0.5004317
335564,1.00000193192455e+18,63875742722816,-0.064,1.43,0.292,-0.011,-0.048,0.01,0.999,NaN,0.06,0.045,0.997,0,0,0,64.325,NaN,0.147,0.134,0.98,-0.032,0,0,0.574,3.682,6.415,0.928,NaN,0.06,0.045,0.997,0.032,0,0,0.597,3.803,6.373,0.944,0.3532471,0.4843948
335565,1.00000193192958e+18,63875742722816,-0.064,1.43,0.292,-0.011,-0.048,0.01,0.999,NaN,0.06,0.045,0.997,0,0,0,64.325,NaN,0.147,0.134,0.98,-0.032,0,0,0.572,3.671,6.415,0.928,NaN,0.06,0.045,0.997,0.032,0,0,0.596,3.796,6.373,0.944,0.3533376,0.4273607
335566,1.0000019319346e+18,63875742722828,-0.064,1.43,0.292,-0.011,-0.048,0.01,0.999,NaN,0.06,0.045,0.997,0,0,0,64.325,NaN,0.147,0.134,0.98,-0.032,0,0,0.574,3.681,6.415,0.927,NaN,0.06,0.045,0.997,0.032,0,0,0.594,3.786,6.373,0.944,0.353323,0.3648076
335567,1.00000193193962e+18,63875742722828,-0.064,1.43,0.292,-0.011,-0.048,0.01,0.999,NaN,0.061,0.045,0.997,0,0,0,64.325,NaN,0.147,0.134,0.98,-0.032,0,0,0.576,3.697,6.415,0.928,NaN,0.061,0.045,0.997,0.032,0,0,0.593,3.777,6.373,0.944,0.3526487,0.4080676
335568,1.00000193194464e+18,63875742722839,-0.064,1.43,0.292,-0.011,-0.048,0.01,0.999,NaN,0.061,0.045,0.997,0,0,0,64.325,NaN,0.147,0.135,0.98,-0.032,0,0,0.577,3.704,6.415,0.927,NaN,0.061,0.045,0.997,0.032,0,0,0.591,3.764,6.373,0.944,0.3513165,0.4311703
335569,1.00000193194966e+18,63875742722839,-0.064,1.43,0.292,-0.011,-0.048,0.01,0.999,NaN,0.061,0.045,0.997,0,0,0,64.325,NaN,0.147,0.135,0.98,-0.032,0,0,0.577,3.703,6.415,0.927,NaN,0.061,0.045,0.997,0.032,0,0,0.589,3.755,6.373,0.944,0.349766,0.4206739
335570,1.00000193195467e+18,63875742722839,-0.064,1.43,0.292,-0.011,-0.048,0.01,0.999,NaN,0.061,0.045,0.997,0,0,0,64.325,NaN,0.147,0.135,0.98,-0.032,0,0,0.576,3.695,6.415,0.927,NaN,0.061,0.045,0.997,0.032,0,0,0.588,3.746,6.373,0.944,0.3482643,0.4522019
335571,1.00000193195969e+18,63875742722850,-0.064,1.43,0.292,-0.011,-0.048,0.01,0.999,NaN,0.061,0.045,0.997,0,0,0,64.325,NaN,0.147,0.135,0.98,-0.032,0,0,0.567,3.637,6.415,0.927,NaN,0.061,0.045,0.997,0.032,0,0,0.587,3.738,6.373,0.944,0.3485792,0.4366697
335572,1.00000193196471e+18,63875742722850,-0.064,1.43,0.292,-0.011,-0.048,0.01,0.999,NaN,0.061,0.045,0.997,0,0,0,64.325,NaN,0.147,0.135,0.98,-0.032,0,0,0.564,3.62,6.415,0.927,NaN,0.061,0.045,0.997,0.032,0,0,0.585,3.729,6.373,0.944,0.3487568,0.4717543
335573,1.00000193196965e+18,63875742722861,-0.064,1.429,0.293,-0.011,-0.048,0.01,0.999,NaN,0.061,0.046,0.997,0,0,0,64.325,NaN,0.147,0.135,0.98,-0.032,0,0,0.556,3.568,6.415,0.927,NaN,0.061,0.046,0.997,0.032,0,0,0.583,3.718,6.373,0.945,0.3496931,0.4688313
335574,1.00000193197469e+18,63875742722861,-0.064,1.429,0.293,-0.011,-0.048,0.01,0.999,NaN,0.061,0.046,0.997,0,0,0,64.325,NaN,0.147,0.135,0.98,-0.032,0,0,0.552,3.543,6.415,0.928,NaN,0.061,0.046,0.997,0.032,0,0,0.582,3.708,6.373,0.945,0.3503137,0.4423596
335575,1.00000193197971e+18,63875742722873,-0.064,1.43,0.293,-0.011,-0.048,0.01,0.999,NaN,0.061,0.046,0.997,0,0,0,64.325,NaN,0.147,0.135,0.98,-0.032,0,0,0.545,3.499,6.415,0.927,NaN,0.061,0.046,0.997,0.032,0,0,0.581,3.701,6.373,0.942,0.3515781,0.4811969
335576,1.00000193198478e+18,63875742722873,-0.064,1.43,0.293,-0.011,-0.048,0.01,0.999,NaN,0.061,0.046,0.997,0,0,0,64.325,NaN,0.147,0.135,0.98,-0.032,0,0,0.543,3.486,6.415,0.926,NaN,0.061,0.046,0.997,0.032,0,0,0.58,3.696,6.373,0.939,0.3531744,0.4632864
335577,1.0000019319898e+18,63875742722884,-0.063,1.429,0.293,-0.011,-0.048,0.01,0.999,NaN,0.06,0.046,0.997,0,0,0,64.325,NaN,0.147,0.134,0.98,-0.032,0,0,0.542,3.477,6.415,0.926,NaN,0.06,0.046,0.997,0.032,0,0,0.579,3.691,6.373,0.936,0.3550313,0.5438371
335578,1.0000019319947e+18,63875742722884,-0.063,1.429,0.293,-0.011,-0.048,0.01,0.999,NaN,0.06,0.046,0.997,0,0,0,64.325,NaN,0.147,0.134,0.98,-0.032,0,0,0.541,3.472,6.415,0.927,NaN,0.06,0.046,0.997,0.032,0,0,0.577,3.677,6.373,0.932,0.3569114,0.6120649
335579,1.00000193199973e+18,63875742722894,-0.063,1.429,0.293,-0.011,-0.048,0.011,0.999,NaN,0.06,0.046,0.997,0,0,0,64.325,NaN,0.147,0.134,0.98,-0.032,0,0,0.539,3.461,6.415,0.927,NaN,0.06,0.046,0.997,0.032,0,0,0.575,3.664,6.373,0.929,0.3586363,0.6275493
335580,1.00000193200475e+18,63875742722895,-0.063,1.429,0.293,-0.011,-0.048,0.011,0.999,NaN,0.06,0.046,0.997,0,0,0,64.325,NaN,0.147,0.133,0.98,-0.032,0,0,0.537,3.448,6.415,0.926,NaN,0.06,0.046,0.997,0.032,0,0,0.574,3.655,6.373,0.925,0.3605417,0.6638328
335581,1.00000193200977e+18,63875742722895,-0.063,1.429,0.293,-0.011,-0.048,0.011,0.999,NaN,0.06,0.046,0.997,0,0,0,64.325,NaN,0.147,0.133,0.98,-0.032,0,0,0.538,3.448,6.415,0.926,NaN,0.06,0.046,0.997,0.032,0,0,0.572,3.647,6.373,0.922,0.3614841,0.6627222
335582,1.00000193201479e+18,63875742722906,-0.063,1.429,0.293,-0.011,-0.048,0.011,0.999,NaN,0.06,0.046,0.997,0,0,0,64.325,NaN,0.147,0.133,0.98,-0.032,0,0,0.54,3.463,6.415,0.926,NaN,0.06,0.046,0.997,0.032,0,0,0.57,3.635,6.373,0.92,0.3620135,0.6629184
335583,1.00000193201982e+18,63875742722906,-0.063,1.429,0.293,-0.011,-0.048,0.011,0.999,NaN,0.06,0.046,0.997,0,0,0,64.325,NaN,0.147,0.133,0.98,-0.032,0,0,0.539,3.457,6.415,0.926,NaN,0.06,0.046,0.997,0.032,0,0,0.569,3.623,6.373,0.918,0.362845,0.6929041
335584,1.00000193202484e+18,63875742722917,-0.063,1.429,0.293,-0.011,-0.048,0.011,0.999,NaN,0.06,0.046,0.997,0,0,0,64.325,NaN,0.147,0.133,0.98,-0.032,0,0,0.536,3.439,6.415,0.926,NaN,0.06,0.046,0.997,0.032,0,0,0.567,3.613,6.373,0.915,0.3645135,0.7272627
335585,1.00000193202986e+18,63875742722917,-0.063,1.429,0.293,-0.011,-0.048,0.011,0.999,NaN,0.06,0.047,0.997,0,0,0,64.325,NaN,0.148,0.132,0.98,-0.032,0,0,0.534,3.426,6.415,0.926,NaN,0.06,0.047,0.997,0.032,0,0,0.566,3.608,6.373,0.914,0.365974,0.778261
335586,1.00000193203488e+18,63875742722928,-0.063,1.429,0.293,-0.011,-0.048,0.011,0.999,NaN,0.06,0.047,0.997,0,0,0,64.325,NaN,0.148,0.132,0.98,-0.032,0,0,0.531,3.409,6.415,0.926,NaN,0.06,0.047,0.997,0.032,0,0,0.565,3.599,6.373,0.912,0.3680815,0.7739272
335587,1.00000193203991e+18,63875742722928,-0.063,1.429,0.293,-0.011,-0.048,0.011,0.999,NaN,0.06,0.047,0.997,0,0,0,64.325,NaN,0.148,0.131,0.98,-0.032,0,0,0.529,3.395,6.415,0.927,NaN,0.06,0.047,0.997,0.032,0,0,0.564,3.592,6.373,0.91,0.3711984,0.778793
335588,1.00000193204492e+18,63875742722939,-0.063,1.429,0.293,-0.011,-0.048,0.011,0.999,NaN,0.06,0.047,0.997,0,0,0,64.325,NaN,0.148,0.131,0.98,-0.032,0,0,0.529,3.395,6.415,0.926,NaN,0.06,0.047,0.997,0.032,0,0,0.563,3.586,6.373,0.909,0.3725606,0.7953151
335589,1.00000193204983e+18,63875742722939,-0.063,1.429,0.293,-0.011,-0.048,0.011,0.999,NaN,0.06,0.047,0.997,0,0,0,64.325,NaN,0.148,0.131,0.98,-0.032,0,0,0.529,3.396,6.415,0.926,NaN,0.06,0.047,0.997,0.032,0,0,0.561,3.578,6.373,0.908,0.3732863,0.7949508
335590,1.00000193205484e+18,63875742722950,-0.063,1.429,0.293,-0.011,-0.048,0.011,0.999,NaN,0.06,0.047,0.997,0,0,0,64.325,NaN,0.148,0.131,0.98,-0.032,0,0,0.529,3.396,6.415,0.926,NaN,0.06,0.047,0.997,0.032,0,0,0.561,3.573,6.373,0.907,0.3747042,0.8128422
335591,1.00000193205984e+18,63875742722950,-0.063,1.429,0.293,-0.011,-0.048,0.011,0.999,NaN,0.06,0.048,0.997,0,0,0,64.325,NaN,0.148,0.131,0.98,-0.032,0,0,0.533,3.421,6.415,0.926,NaN,0.06,0.048,0.997,0.032,0,0,0.56,3.568,6.373,0.906,0.3749523,0.8221114
335592,1.00000193206486e+18,63875742722950,-0.063,1.429,0.293,-0.011,-0.048,0.011,0.999,NaN,0.059,0.048,0.997,0,0,0,64.325,NaN,0.148,0.131,0.98,-0.032,0,0,0.531,3.406,6.415,0.926,NaN,0.059,0.048,0.997,0.032,0,0,0.559,3.564,6.373,0.905,0.3761165,0.8293622
335593,1.00000193206987e+18,63875742722961,-0.063,1.429,0.293,-0.011,-0.048,0.011,0.999,NaN,0.059,0.048,0.997,0,0,0,64.325,NaN,0.148,0.131,0.98,-0.032,0,0,0.53,3.398,6.415,0.925,NaN,0.059,0.048,0.997,0.032,0,0,0.559,3.56,6.373,0.903,0.3770418,0.8572689
335594,1.00000193207489e+18,63875742722961,-0.063,1.429,0.293,-0.011,-0.048,0.011,0.999,NaN,0.059,0.048,0.997,0,0,0,64.325,NaN,0.148,0.131,0.98,-0.032,0,0,0.529,3.396,6.415,0.925,NaN,0.059,0.048,0.997,0.032,0,0,0.558,3.556,6.373,0.903,0.3774638,0.8584964
335595,1.00000193207991e+18,63875742722972,-0.062,1.429,0.293,-0.011,-0.048,0.011,0.999,NaN,0.059,0.048,0.997,0,0,0,64.325,NaN,0.148,0.131,0.98,-0.032,0,0,0.529,3.391,6.415,0.924,NaN,0.059,0.048,0.997,0.032,0,0,0.557,3.548,6.373,0.902,0.3778237,0.9005141
335596,1.00000193208495e+18,63875742722972,-0.062,1.429,0.293,-0.011,-0.048,0.011,0.999,NaN,0.059,0.048,0.997,0,0,0,64.325,NaN,0.148,0.131,0.98,-0.032,0,0,0.526,3.377,6.415,0.924,NaN,0.059,0.048,0.997,0.032,0,0,0.556,3.543,6.373,0.9,0.3789518,0.8686006
335597,1.00000193208996e+18,63875742722984,-0.062,1.429,0.293,-0.011,-0.048,0.011,0.999,NaN,0.059,0.049,0.997,0,0,0,64.325,NaN,0.148,0.131,0.98,-0.032,0,0,0.526,3.374,6.415,0.924,NaN,0.059,0.049,0.997,0.032,0,0,0.555,3.539,6.373,0.899,0.3822055,0.7631853
335598,1.00000193209498e+18,63875742722984,-0.062,1.429,0.293,-0.011,-0.048,0.011,0.999,NaN,0.059,0.05,0.997,0,0,0,64.325,NaN,0.147,0.128,0.981,-0.032,0,0,0.501,3.211,6.415,0.924,NaN,0.059,0.05,0.997,0.032,0,0,0.555,3.536,6.373,0.895,0.3979989,0.7531742
335599,1.00000193209999e+18,63875742722995,-0.062,1.429,0.293,-0.011,-0.048,0.011,0.999,NaN,0.059,0.049,0.997,0,0,0,64.325,NaN,0.147,0.124,0.981,-0.032,0,0,0.498,3.196,6.415,0.923,NaN,0.059,0.049,0.997,0.032,0,0,0.555,3.535,6.373,0.89,0.415412,0.4780296
335600,1.00000193210501e+18,63875742722995,-0.062,1.429,0.293,-0.011,-0.048,0.011,0.999,NaN,0.057,0.048,0.997,0,0,0,64.325,NaN,0.142,0.119,0.983,-0.032,0,0,0.514,3.299,6.415,0.923,NaN,0.057,0.048,0.997,0.032,0,0,0.554,3.529,6.373,0.891,0.4364733,0.05493268
335601,1.00000193211e+18,63875742722995,-0.062,1.429,0.293,-0.011,-0.048,0.011,0.999,NaN,0.05,0.045,0.998,0,0,0,64.325,NaN,0.132,0.109,0.985,-0.032,0,0,0.511,3.28,6.415,0.92,NaN,0.05,0.045,0.998,0.032,0,0,0.552,3.519,6.373,0.892,0.4798747,0
335602,1.00000193211502e+18,63875742723005,-0.062,1.429,0.293,-0.011,-0.048,0.011,0.999,NaN,0.033,0.038,0.999,0,0,0,64.325,NaN,0.112,0.101,0.989,-0.032,0,0,0.531,3.406,6.415,0.916,NaN,0.033,0.038,0.999,0.032,0,0,0.552,3.521,6.373,0.893,0.4927524,0
335603,1.00000193212003e+18,63875742723005,-0.062,1.429,0.293,-0.011,-0.048,0.011,0.999,NaN,0.019,0.033,0.999,0,0,0,64.325,NaN,0.088,0.076,0.993,-0.032,0,0,0.532,3.411,6.415,0.913,NaN,0.012,0.033,0.999,0.032,0,0,0.553,3.522,6.373,0.893,0.6390361,0
335604,1.00000193212502e+18,63875742723017,-0.062,1.429,0.294,-0.011,-0.048,0.011,0.999,NaN,-0.006,0.023,1,0,0,0,64.325,NaN,0.066,0.067,0.996,-0.032,0,0,0.53,3.399,6.415,0.91,NaN,-0.012,0.023,1,0.032,0,0,0.554,3.528,6.373,0.893,0.6263694,0
335605,1.00000193213004e+18,63875742723017,-0.062,1.429,0.294,-0.011,-0.048,0.011,0.999,NaN,-0.032,0.011,0.999,0,0,0,64.325,NaN,0.058,0.035,0.998,-0.032,0,0,0.526,3.374,6.415,0.909,NaN,-0.037,0.011,0.999,0.032,0,0,0.554,3.529,6.373,0.893,0.6370569,0
335606,1.00000193213504e+18,63875742723028,-0.062,1.429,0.294,-0.012,-0.048,0.011,0.999,NaN,-0.055,-0.001,0.998,0,0,0,64.325,NaN,0.036,0.01,0.999,-0.032,0,0,0.508,3.257,6.415,0.909,NaN,-0.058,-0.001,0.998,0.032,0,0,0.554,3.529,6.373,0.892,0.6728558,0
335607,1.00000193214005e+18,63875742723039,-0.062,1.429,0.294,-0.012,-0.048,0.011,0.999,NaN,-0.073,-0.012,0.997,0,0,0,64.325,NaN,-0.019,-0.009,1,-0.032,0,0,0.504,3.236,6.415,0.905,NaN,-0.075,-0.012,0.997,0.032,0,0,0.554,3.528,6.373,0.892,1.147178,0
335608,1.00000193214505e+18,63875742723040,-0.062,1.429,0.294,-0.012,-0.048,0.011,0.999,NaN,-0.086,-0.02,0.996,0,0,0,64.325,NaN,-0.057,-0.021,0.998,-0.032,0,0,0.508,3.26,6.415,0.905,NaN,-0.088,-0.02,0.996,0.032,0,0,0.554,3.528,6.373,0.891,2,0
335609,1.00000193215005e+18,63875742723040,-0.062,1.429,0.294,-0.012,-0.048,0.011,0.999,NaN,-0.096,-0.026,0.995,0,0,0,64.325,NaN,-0.044,-0.011,0.999,-0.032,0,0,0.511,3.277,6.415,0.904,NaN,-0.097,-0.026,0.995,0.032,0,0,0.554,3.528,6.373,0.891,1.108484,0
335610,1.00000193215506e+18,63875742723050,-0.062,1.429,0.294,-0.012,-0.048,0.012,0.999,NaN,-0.103,-0.031,0.994,0,0,0,64.325,NaN,-0.036,-0.004,0.999,-0.032,0,0,0.511,3.281,6.415,0.904,NaN,-0.103,-0.031,0.994,0.032,0,0,0.554,3.528,6.373,0.89,0.82657,0
335611,1.00000193216018e+18,63875742723050,-0.062,1.429,0.294,-0.012,-0.048,0.012,0.999,NaN,-0.108,-0.034,0.994,0,0,0,64.325,NaN,-0.032,0,0.999,-0.032,0,0,0.512,3.283,6.415,0.901,NaN,-0.108,-0.034,0.994,0.032,0,0,0.553,3.527,6.373,0.889,0.7042605,0
335612,1.00000193216518e+18,63875742723050,-0.062,1.429,0.294,-0.012,-0.048,0.012,0.999,NaN,-0.111,-0.037,0.993,0,0,0,64.325,NaN,-0.03,0.003,1,-0.032,0,0,0.514,3.295,6.415,0.899,NaN,-0.111,-0.037,0.993,0.032,0,0,0.553,3.526,6.373,0.889,0.6354364,0
335613,1.0000019321702e+18,63875742723061,-0.062,1.429,0.294,-0.012,-0.048,0.012,0.999,NaN,-0.112,-0.039,0.993,0,0,0,64.325,NaN,-0.028,0.005,1,-0.032,0,0,0.514,3.295,6.415,0.897,NaN,-0.113,-0.039,0.993,0.032,0,0,0.553,3.523,6.373,0.888,0.595943,0
335614,1.00000193217521e+18,63875742723061,-0.062,1.429,0.294,-0.012,-0.048,0.012,0.999,NaN,-0.114,-0.041,0.993,0,0,0,64.325,NaN,-0.027,0.006,1,-0.032,0,0,0.515,3.302,6.415,0.897,NaN,-0.114,-0.041,0.993,0.032,0,0,0.553,3.521,6.373,0.888,0.5672969,0
335615,1.00000193218014e+18,63875742723073,-0.062,1.429,0.294,-0.012,-0.048,0.012,0.999,NaN,-0.115,-0.042,0.992,0,0,0,64.325,NaN,-0.026,0.008,1,-0.032,0,0,0.515,3.306,6.415,0.897,NaN,-0.115,-0.042,0.992,0.032,0,0,0.552,3.519,6.373,0.887,0.5461345,0
335616,1.00000193218519e+18,63875742723073,-0.062,1.429,0.294,-0.012,-0.048,0.012,0.999,NaN,-0.115,-0.044,0.992,0,0,0,64.325,NaN,-0.026,0.008,1,-0.032,0,0,0.515,3.302,6.415,0.897,NaN,-0.115,-0.044,0.992,0.032,0,0,0.552,3.517,6.373,0.887,0.5335348,0
335617,1.0000019321902e+18,63875742723084,-0.062,1.429,0.294,-0.012,-0.048,0.012,0.999,NaN,-0.116,-0.045,0.992,0,0,0,64.325,NaN,-0.025,0.009,1,-0.032,0,0,0.515,3.305,6.415,0.895,NaN,-0.116,-0.045,0.992,0.032,0,0,0.551,3.514,6.373,0.887,0.5209131,0
335618,1.00000193219521e+18,63875742723084,-0.062,1.429,0.294,-0.012,-0.048,0.012,0.999,NaN,-0.116,-0.046,0.992,0,0,0,64.325,NaN,-0.025,0.009,1,-0.032,0,0,0.515,3.306,6.415,0.895,NaN,-0.116,-0.046,0.992,0.032,0,0,0.551,3.512,6.373,0.886,0.5108812,0
335619,1.00000193220022e+18,63875742723095,-0.062,1.429,0.294,-0.012,-0.048,0.012,0.999,NaN,-0.117,-0.047,0.992,0,0,0,64.325,NaN,-0.025,0.009,1,-0.032,0,0,0.515,3.305,6.415,0.894,NaN,-0.117,-0.047,0.992,0.032,0,0,0.551,3.511,6.373,0.886,0.5043104,0
335620,1.00000193220523e+18,63875742723095,-0.062,1.429,0.294,-0.012,-0.048,0.012,0.999,NaN,-0.117,-0.048,0.992,0,0,0,64.325,NaN,-0.025,0.01,1,-0.032,0,0,0.515,3.305,6.415,0.894,NaN,-0.117,-0.048,0.992,0.032,0,0,0.551,3.509,6.373,0.886,0.4988614,0
335621,1.00000193221024e+18,63875742723107,-0.062,1.428,0.294,-0.012,-0.048,0.012,0.999,NaN,-0.117,-0.049,0.992,0,0,0,64.325,NaN,-0.025,0.01,1,-0.032,0,0,0.515,3.302,6.415,0.893,NaN,-0.117,-0.049,0.992,0.032,0,0,0.55,3.508,6.373,0.886,0.4944689,0
335622,1.00000193221526e+18,63875742723107,-0.062,1.428,0.294,-0.012,-0.048,0.012,0.999,NaN,-0.117,-0.049,0.992,0,0,0,64.325,NaN,-0.025,0.01,1,-0.032,0,0,0.514,3.296,6.415,0.893,NaN,-0.117,-0.049,0.992,0.032,0,0,0.55,3.505,6.373,0.885,0.490806,0
335623,1.00000193222028e+18,63875742723107,-0.062,1.428,0.294,-0.012,-0.048,0.012,0.999,NaN,-0.117,-0.05,0.992,0,0,0,64.325,NaN,-0.025,0.01,1,-0.032,0,0,0.514,3.294,6.415,0.893,NaN,-0.117,-0.05,0.992,0.032,0,0,0.55,3.504,6.373,0.885,0.4871546,0.3342039
335624,1.00000193222529e+18,63875742723117,-0.062,1.429,0.294,-0.012,-0.048,0.012,0.999,NaN,-0.117,-0.05,0.992,0,0,0,64.325,NaN,-0.025,0.01,1,-0.032,0,0,0.511,3.28,6.415,0.893,NaN,-0.117,-0.05,0.992,0.032,0,0,0.55,3.503,6.373,0.885,0.4861261,0.6386249
335625,1.00000193223031e+18,63875742723117,-0.062,1.429,0.294,-0.012,-0.048,0.012,0.999,NaN,-0.117,-0.05,0.992,0,0,0,64.325,NaN,-0.025,0.01,1,-0.032,0,0,0.511,3.28,6.415,0.893,NaN,-0.117,-0.05,0.992,0.032,0,0,0.55,3.502,6.373,0.885,0.4849319,0.8020597
335626,1.00000193223532e+18,63875742723128,-0.062,1.428,0.294,-0.012,-0.048,0.012,0.999,NaN,-0.117,-0.05,0.992,0,0,0,64.325,NaN,-0.024,0.01,1,-0.032,0,0,0.511,3.281,6.415,0.895,NaN,-0.117,-0.05,0.992,0.032,0,0,0.549,3.502,6.373,0.885,0.4838518,0.9066949
335627,1.00000193224033e+18,63875742723128,-0.062,1.428,0.294,-0.012,-0.048,0.012,0.999,NaN,-0.117,-0.051,0.992,0,0,0,64.325,NaN,-0.024,0.01,1,-0.032,0,0,0.511,3.281,6.415,0.894,NaN,-0.117,-0.051,0.992,0.032,0,0,0.549,3.501,6.373,0.884,0.482907,0.970941
335628,1.00000193224534e+18,63875742723139,-0.062,1.429,0.294,-0.012,-0.048,0.012,0.999,NaN,-0.117,-0.051,0.992,0,0,0,64.325,NaN,-0.024,0.01,1,-0.032,0,0,0.51,3.274,6.415,0.892,NaN,-0.117,-0.051,0.992,0.032,0,0,0.549,3.501,6.373,0.884,0.4836368,1
335629,1.00000193225035e+18,63875742723139,-0.062,1.429,0.294,-0.012,-0.048,0.012,0.999,NaN,-0.117,-0.051,0.992,0,0,0,64.325,NaN,-0.024,0.01,1,-0.032,0,0,0.51,3.272,6.415,0.891,NaN,-0.117,-0.051,0.992,0.032,0,0,0.549,3.501,6.373,0.884,0.4841887,1
335630,1.00000193225536e+18,63875742723151,-0.062,1.428,0.294,-0.012,-0.048,0.012,0.999,NaN,-0.117,-0.051,0.992,0,0,0,64.325,NaN,-0.024,0.01,1,-0.032,0,0,0.51,3.272,6.415,0.89,NaN,-0.117,-0.051,0.992,0.032,0,0,0.549,3.5,6.373,0.884,0.4839123,1
335631,1.00000193226037e+18,63875742723151,-0.062,1.428,0.294,-0.012,-0.048,0.012,0.999,NaN,-0.117,-0.051,0.992,0,0,0,64.325,NaN,-0.024,0.01,1,-0.032,0,0,0.51,3.273,6.415,0.891,NaN,-0.117,-0.051,0.992,0.032,0,0,0.549,3.5,6.373,0.884,0.4831102,1
335632,1.00000193226538e+18,63875742723151,-0.062,1.428,0.294,-0.012,-0.048,0.012,0.999,NaN,-0.117,-0.051,0.992,0,0,0,64.325,NaN,-0.025,0.01,1,-0.032,0,0,0.518,3.324,6.415,0.891,NaN,-0.117,-0.051,0.992,0.032,0,0,0.549,3.5,6.373,0.884,0.4805508,1
335633,1.00000193227039e+18,63875742723161,-0.062,1.428,0.294,-0.012,-0.048,0.012,0.999,NaN,-0.117,-0.051,0.992,0,0,0,64.325,NaN,-0.025,0.011,1,-0.032,0,0,0.528,3.387,6.415,0.891,NaN,-0.117,-0.051,0.992,0.032,0,0,0.549,3.5,6.373,0.884,0.4772798,1
335634,1.00000193227539e+18,63875742723161,-0.062,1.428,0.294,-0.012,-0.048,0.012,0.999,NaN,-0.117,-0.051,0.992,0,0,0,64.325,NaN,-0.025,0.011,1,-0.032,0,0,0.527,3.382,6.415,0.892,NaN,-0.117,-0.051,0.992,0.032,0,0,0.549,3.5,6.373,0.883,0.475466,1
335635,1.0000019322804e+18,63875742723172,-0.062,1.429,0.294,-0.012,-0.048,0.012,0.999,NaN,-0.116,-0.051,0.992,0,0,0,64.325,NaN,-0.025,0.012,1,-0.032,0,0,0.524,3.362,6.415,0.892,NaN,-0.116,-0.051,0.992,0.032,0,0,0.549,3.5,6.373,0.883,0.4743282,1
335636,1.00000193228541e+18,63875742723172,-0.062,1.429,0.294,-0.012,-0.048,0.012,0.999,NaN,-0.116,-0.051,0.992,0,0,0,64.325,NaN,-0.025,0.012,1,-0.032,0,0,0.515,3.306,6.415,0.892,NaN,-0.116,-0.051,0.992,0.032,0,0,0.549,3.501,6.373,0.883,0.4741913,1
335637,1.00000193229044e+18,63875742723184,-0.062,1.429,0.294,-0.012,-0.048,0.012,0.999,NaN,-0.116,-0.051,0.992,0,0,0,64.325,NaN,-0.025,0.012,1,-0.032,0,0,0.513,3.293,6.415,0.891,NaN,-0.116,-0.051,0.992,0.032,0,0,0.549,3.501,6.373,0.883,0.4739739,1
335638,1.00000193229546e+18,63875742723184,-0.062,1.429,0.294,-0.012,-0.048,0.012,0.999,NaN,-0.116,-0.051,0.992,0,0,0,64.325,NaN,-0.025,0.012,1,-0.032,0,0,0.513,3.29,6.415,0.891,NaN,-0.116,-0.051,0.992,0.032,0,0,0.549,3.502,6.373,0.883,0.4739672,1
335639,1.00000193230047e+18,63875742723195,-0.061,1.429,0.294,-0.012,-0.048,0.012,0.999,NaN,-0.116,-0.051,0.992,0,0,0,64.325,NaN,-0.025,0.012,1,-0.032,0,0,0.513,3.289,6.415,0.891,NaN,-0.116,-0.051,0.992,0.032,0,0,0.55,3.503,6.373,0.883,0.4736862,1
335640,1.00000193230544e+18,63875742723195,-0.061,1.429,0.294,-0.012,-0.048,0.012,0.999,NaN,-0.116,-0.051,0.992,0,0,0,64.325,NaN,-0.025,0.012,1,-0.032,0,0,0.512,3.286,6.415,0.891,NaN,-0.116,-0.051,0.992,0.032,0,0,0.55,3.505,6.373,0.883,0.4742104,1
335641,1.00000193231048e+18,63875742723206,-0.061,1.429,0.294,-0.012,-0.048,0.013,0.999,NaN,-0.116,-0.052,0.992,0,0,0,64.325,NaN,-0.025,0.011,1,-0.032,0,0,0.512,3.285,6.415,0.891,NaN,-0.116,-0.052,0.992,0.032,0,0,0.55,3.507,6.373,0.883,0.4745789,1
335642,1.00000193231551e+18,63875742723206,-0.061,1.429,0.294,-0.012,-0.048,0.013,0.999,NaN,-0.116,-0.052,0.992,0,0,0,64.325,NaN,-0.026,0.011,1,-0.032,0,0,0.513,3.29,6.415,0.89,NaN,-0.116,-0.052,0.992,0.032,0,0,0.551,3.509,6.373,0.883,0.4744315,1
335643,1.00000193232053e+18,63875742723217,-0.061,1.429,0.294,-0.012,-0.048,0.013,0.999,NaN,-0.116,-0.052,0.992,0,0,0,64.325,NaN,-0.026,0.012,1,-0.032,0,0,0.514,3.297,6.415,0.891,NaN,-0.116,-0.052,0.992,0.032,0,0,0.551,3.512,6.373,0.883,0.4742967,1
335644,1.00000193232555e+18,63875742723217,-0.061,1.429,0.294,-0.012,-0.048,0.013,0.999,NaN,-0.116,-0.052,0.992,0,0,0,64.325,NaN,-0.026,0.012,1,-0.032,0,0,0.515,3.301,6.415,0.89,NaN,-0.116,-0.052,0.992,0.032,0,0,0.552,3.516,6.373,0.882,0.4746094,1
335645,1.00000193233057e+18,63875742723217,-0.061,1.429,0.294,-0.012,-0.048,0.013,0.999,NaN,-0.116,-0.051,0.992,0,0,0,64.325,NaN,-0.026,0.012,1,-0.032,0,0,0.526,3.377,6.415,0.89,NaN,-0.116,-0.051,0.992,0.032,0,0,0.552,3.519,6.373,0.882,0.4744748,1
335646,1.00000193233559e+18,63875742723228,-0.061,1.429,0.294,-0.012,-0.048,0.013,0.999,NaN,-0.116,-0.051,0.992,0,0,0,64.325,NaN,-0.026,0.012,1,-0.032,0,0,0.529,3.393,6.415,0.889,NaN,-0.116,-0.051,0.992,0.032,0,0,0.552,3.521,6.373,0.882,0.4739745,1
335647,1.00000193234061e+18,63875742723228,-0.061,1.429,0.294,-0.012,-0.048,0.013,0.999,NaN,-0.115,-0.051,0.992,0,0,0,64.325,NaN,-0.027,0.013,1,-0.032,0,0,0.532,3.414,6.415,0.889,NaN,-0.116,-0.051,0.992,0.032,0,0,0.553,3.523,6.373,0.882,0.4728023,1
335648,1.00000193234558e+18,63875742723239,-0.061,1.428,0.294,-0.012,-0.048,0.013,0.999,NaN,-0.115,-0.051,0.992,0,0,0,64.325,NaN,-0.027,0.013,1,-0.032,0,0,0.533,3.417,6.415,0.889,NaN,-0.115,-0.051,0.992,0.032,0,0,0.553,3.525,6.373,0.882,0.4713209,1
335649,1.00000193235061e+18,63875742723239,-0.061,1.428,0.294,-0.012,-0.048,0.013,0.999,NaN,-0.115,-0.051,0.992,0,0,0,64.325,NaN,-0.027,0.013,1,-0.032,0,0,0.532,3.411,6.415,0.889,NaN,-0.115,-0.051,0.992,0.032,0,0,0.553,3.527,6.373,0.882,0.4702085,1
335650,1.00000193235562e+18,63875742723251,-0.061,1.428,0.294,-0.011,-0.048,0.013,0.999,NaN,-0.115,-0.051,0.992,0,0,0,64.325,NaN,-0.027,0.014,1,-0.032,0,0,0.53,3.398,6.415,0.89,NaN,-0.115,-0.051,0.992,0.032,0,0,0.554,3.529,6.373,0.882,0.4691702,1
335651,1.00000193236064e+18,63875742723251,-0.061,1.428,0.294,-0.011,-0.048,0.013,0.999,NaN,-0.115,-0.051,0.992,0,0,0,64.325,NaN,-0.027,0.013,1,-0.032,0,0,0.521,3.34,6.415,0.89,NaN,-0.115,-0.051,0.992,0.032,0,0,0.554,3.532,6.373,0.882,0.4712047,1
335652,1.00000193236563e+18,63875742723251,-0.061,1.428,0.294,-0.011,-0.048,0.013,0.999,NaN,-0.115,-0.051,0.992,0,0,0,64.325,NaN,-0.027,0.013,1,-0.032,0,0,0.518,3.326,6.415,0.889,NaN,-0.115,-0.051,0.992,0.032,0,0,0.555,3.534,6.373,0.882,0.4722551,1
335653,1.00000193237065e+18,63875742723261,-0.061,1.428,0.294,-0.011,-0.048,0.013,0.999,NaN,-0.115,-0.051,0.992,0,0,0,64.325,NaN,-0.027,0.013,1,-0.032,0,0,0.519,3.329,6.415,0.889,NaN,-0.115,-0.051,0.992,0.032,0,0,0.555,3.536,6.373,0.881,0.4719463,1
335654,1.00000193237567e+18,63875742723262,-0.061,1.428,0.294,-0.011,-0.048,0.013,0.999,NaN,-0.115,-0.051,0.992,0,0,0,64.325,NaN,-0.027,0.013,1,-0.032,0,0,0.526,3.375,6.415,0.889,NaN,-0.115,-0.051,0.992,0.032,0,0,0.555,3.539,6.373,0.881,0.4708272,1
335655,1.00000193238069e+18,63875742723272,-0.061,1.428,0.294,-0.011,-0.048,0.013,0.999,NaN,-0.115,-0.051,0.992,0,0,0,64.325,NaN,-0.027,0.014,1,-0.032,0,0,0.529,3.394,6.415,0.89,NaN,-0.115,-0.051,0.992,0.032,0,0,0.556,3.543,6.373,0.881,0.4696952,1
335656,1.00000193238571e+18,63875742723272,-0.061,1.428,0.294,-0.011,-0.048,0.013,0.999,NaN,-0.115,-0.052,0.992,0,0,0,64.325,NaN,-0.027,0.014,1,-0.032,0,0,0.531,3.405,6.415,0.889,NaN,-0.115,-0.052,0.992,0.032,0,0,0.557,3.547,6.373,0.881,0.467944,1
335657,1.00000193239069e+18,63875742723284,-0.061,1.428,0.294,-0.011,-0.048,0.013,0.999,NaN,-0.115,-0.052,0.992,0,0,0,64.325,NaN,-0.027,0.014,1,-0.032,0,0,0.531,3.408,6.415,0.89,NaN,-0.115,-0.052,0.992,0.032,0,0,0.557,3.551,6.373,0.881,0.4661018,1
335658,1.00000193239571e+18,63875742723284,-0.061,1.428,0.294,-0.011,-0.048,0.013,0.999,NaN,-0.115,-0.052,0.992,0,0,0,64.325,NaN,-0.028,0.015,1,-0.032,0,0,0.533,3.42,6.415,0.889,NaN,-0.115,-0.052,0.992,0.032,0,0,0.558,3.553,6.373,0.881,0.4634652,1
335659,1.00000193240073e+18,63875742723295,-0.061,1.429,0.294,-0.011,-0.048,0.013,0.999,NaN,-0.115,-0.052,0.992,0,0,0,64.325,NaN,-0.028,0.015,1,-0.032,0,0,0.535,3.429,6.415,0.887,NaN,-0.115,-0.052,0.992,0.032,0,0,0.558,3.555,6.373,0.881,0.4605164,1
335660,1.00000193240574e+18,63875742723295,-0.061,1.429,0.294,-0.011,-0.048,0.013,0.999,NaN,-0.115,-0.052,0.992,0,0,0,64.325,NaN,-0.028,0.016,0.999,-0.032,0,0,0.538,3.449,6.415,0.887,NaN,-0.115,-0.052,0.992,0.032,0,0,0.558,3.557,6.373,0.881,0.4567259,1
335661,1.00000193241074e+18,63875742723306,-0.061,1.429,0.294,-0.011,-0.048,0.013,0.999,NaN,-0.114,-0.052,0.992,0,0,0,64.325,NaN,-0.028,0.017,0.999,-0.032,0,0,0.542,3.474,6.415,0.886,NaN,-0.114,-0.052,0.992,0.032,0,0,0.559,3.56,6.373,0.88,0.4518892,1
335662,1.00000193241577e+18,63875742723306,-0.061,1.429,0.294,-0.011,-0.048,0.013,0.999,NaN,-0.114,-0.052,0.992,0,0,0,64.325,NaN,-0.028,0.018,0.999,-0.032,0,0,0.543,3.481,6.415,0.886,NaN,-0.114,-0.052,0.992,0.032,0,0,0.559,3.563,6.373,0.88,0.4474782,1
335663,1.00000193242078e+18,63875742723306,-0.061,1.429,0.294,-0.011,-0.048,0.013,0.999,NaN,-0.114,-0.052,0.992,0,0,0,64.325,NaN,-0.028,0.019,0.999,-0.032,0,0,0.544,3.49,6.415,0.885,NaN,-0.114,-0.052,0.992,0.032,0,0,0.56,3.567,6.373,0.88,0.4428954,1
335664,1.0000019324258e+18,63875742723316,-0.061,1.429,0.294,-0.011,-0.048,0.013,0.999,NaN,-0.114,-0.052,0.992,0,0,0,64.325,NaN,-0.028,0.02,0.999,-0.032,0,0,0.545,3.499,6.415,0.886,NaN,-0.114,-0.052,0.992,0.032,0,0,0.56,3.572,6.373,0.88,0.438399,1
335665,1.00000193243081e+18,63875742723316,-0.061,1.429,0.294,-0.011,-0.048,0.013,0.999,NaN,-0.114,-0.052,0.992,0,0,0,64.325,NaN,-0.028,0.02,0.999,-0.032,0,0,0.546,3.504,6.415,0.886,NaN,-0.114,-0.052,0.992,0.032,0,0,0.561,3.575,6.373,0.88,0.4341844,1
335666,1.00000193243596e+18,63875742723328,-0.061,1.429,0.294,-0.011,-0.048,0.013,0.999,NaN,-0.114,-0.052,0.992,0,0,0,64.325,NaN,-0.028,0.021,0.999,-0.032,0,0,0.547,3.511,6.415,0.885,NaN,-0.114,-0.052,0.992,0.032,0,0,0.562,3.582,6.373,0.879,0.4302469,1
335667,1.00000193244096e+18,63875742723328,-0.061,1.429,0.294,-0.011,-0.048,0.013,0.999,NaN,-0.114,-0.052,0.992,0,0,0,64.325,NaN,-0.028,0.022,0.999,-0.032,0,0,0.548,3.515,6.415,0.885,NaN,-0.114,-0.052,0.992,0.032,0,0,0.563,3.588,6.373,0.879,0.4267516,1
335668,1.00000193244579e+18,63875742723339,-0.061,1.429,0.294,-0.011,-0.048,0.013,0.999,NaN,-0.114,-0.052,0.992,0,0,0,64.325,NaN,-0.028,0.023,0.999,-0.032,0,0,0.549,3.525,6.415,0.885,NaN,-0.114,-0.052,0.992,0.032,0,0,0.564,3.592,6.373,0.879,0.4228283,1
335669,1.00000193245082e+18,63875742723339,-0.061,1.429,0.294,-0.011,-0.048,0.013,0.999,NaN,-0.113,-0.052,0.992,0,0,0,64.325,NaN,-0.028,0.023,0.999,-0.032,0,0,0.548,3.518,6.415,0.885,NaN,-0.113,-0.052,0.992,0.032,0,0,0.564,3.597,6.373,0.878,0.4213208,1
335670,1.00000193245582e+18,63875742723351,-0.061,1.429,0.294,-0.011,-0.048,0.013,0.999,NaN,-0.113,-0.052,0.992,0,0,0,64.325,NaN,-0.028,0.024,0.999,-0.032,0,0,0.548,3.515,6.415,0.884,NaN,-0.113,-0.052,0.992,0.032,0,0,0.565,3.599,6.373,0.878,0.4200037,1
335671,1.00000193246082e+18,63875742723351,-0.061,1.429,0.294,-0.011,-0.048,0.013,0.999,NaN,-0.113,-0.052,0.992,0,0,0,64.325,NaN,-0.028,0.024,0.999,-0.032,0,0,0.548,3.513,6.415,0.884,NaN,-0.113,-0.052,0.992,0.032,0,0,0.565,3.603,6.373,0.878,0.4191187,1
335672,1.00000193246583e+18,63875742723361,-0.061,1.429,0.294,-0.011,-0.048,0.013,0.999,NaN,-0.113,-0.052,0.992,0,0,0,64.325,NaN,-0.029,0.024,0.999,-0.032,0,0,0.548,3.513,6.415,0.883,NaN,-0.113,-0.052,0.992,0.032,0,0,0.566,3.606,6.373,0.877,0.4179757,1
335673,1.00000193247089e+18,63875742723361,-0.061,1.429,0.294,-0.011,-0.048,0.013,0.999,NaN,-0.113,-0.052,0.992,0,0,0,64.325,NaN,-0.029,0.025,0.999,-0.032,0,0,0.551,3.532,6.415,0.882,NaN,-0.113,-0.052,0.992,0.032,0,0,0.566,3.609,6.373,0.877,0.4156411,1
335674,1.00000193247589e+18,63875742723361,-0.061,1.429,0.294,-0.011,-0.048,0.013,0.999,NaN,-0.113,-0.052,0.992,0,0,0,64.325,NaN,-0.029,0.025,0.999,-0.032,0,0,0.551,3.536,6.415,0.88,NaN,-0.113,-0.052,0.992,0.032,0,0,0.567,3.611,6.373,0.877,0.4139698,1
335675,1.00000193248092e+18,63875742723372,-0.061,1.429,0.294,-0.012,-0.048,0.013,0.999,NaN,-0.113,-0.052,0.992,0,0,0,64.325,NaN,-0.029,0.025,0.999,-0.032,0,0,0.552,3.538,6.415,0.878,NaN,-0.113,-0.052,0.992,0.032,0,0,0.567,3.613,6.373,0.876,0.4125812,1
335676,1.00000193248592e+18,63875742723372,-0.061,1.429,0.294,-0.012,-0.048,0.013,0.999,NaN,-0.113,-0.052,0.992,0,0,0,64.325,NaN,-0.029,0.025,0.999,-0.032,0,0,0.551,3.537,6.415,0.875,NaN,-0.113,-0.052,0.992,0.032,0,0,0.567,3.616,6.373,0.876,0.4122682,1
335677,1.00000193249094e+18,63875742723384,-0.061,1.429,0.294,-0.012,-0.048,0.013,0.999,NaN,-0.113,-0.052,0.992,0,0,0,64.325,NaN,-0.029,0.024,0.999,-0.032,0,0,0.543,3.484,6.415,0.874,NaN,-0.113,-0.052,0.992,0.032,0,0,0.568,3.618,6.373,0.875,0.4171506,1
335678,1.00000193249594e+18,63875742723384,-0.061,1.429,0.294,-0.012,-0.048,0.013,0.999,NaN,-0.113,-0.051,0.992,0,0,0,64.325,NaN,-0.028,0.024,0.999,-0.032,0,0,0.541,3.472,6.415,0.872,NaN,-0.113,-0.051,0.992,0.032,0,0,0.569,3.629,6.373,0.875,0.4227066,0.9461646
335679,1.00000193250096e+18,63875742723395,-0.061,1.429,0.294,-0.012,-0.048,0.013,0.999,NaN,-0.113,-0.051,0.992,0,0,0,64.325,NaN,-0.028,0.023,0.999,-0.032,0,0,0.54,3.467,6.415,0.858,NaN,-0.113,-0.051,0.992,0.032,0,0,0.572,3.645,6.373,0.874,0.4271386,0.7883113
335680,1.00000193250596e+18,63875742723395,-0.061,1.429,0.294,-0.012,-0.048,0.013,0.999,NaN,-0.113,-0.051,0.992,0,0,0,64.325,NaN,-0.025,0.02,0.999,-0.032,0,0,0.542,3.474,6.415,0.845,NaN,-0.113,-0.051,0.992,0.032,0,0,0.574,3.66,6.373,0.873,0.4371685,0.5868612
335681,1.00000193251097e+18,63875742723406,-0.061,1.429,0.294,-0.012,-0.048,0.013,0.999,NaN,-0.111,-0.053,0.992,0,0,0,64.325,NaN,-0.017,0.014,1,-0.032,0,0,0.554,3.551,6.415,0.832,NaN,-0.111,-0.053,0.992,0.032,0,0,0.574,3.659,6.373,0.874,0.4493135,0.1029742
335682,1.00000193251598e+18,63875742723406,-0.061,1.429,0.294,-0.012,-0.048,0.013,0.999,NaN,-0.105,-0.061,0.993,0,0,0,64.325,NaN,0.003,-0.002,1,-0.032,0,0,0.545,3.499,6.415,0.819,NaN,-0.105,-0.061,0.993,0.032,0,0,0.574,3.657,6.373,0.875,0.4564693,0
335683,1.00000193252099e+18,63875742723416,-0.061,1.429,0.294,-0.012,-0.048,0.013,0.999,NaN,-0.093,-0.073,0.993,0,0,0,64.325,NaN,0.027,-0.023,0.999,-0.032,0,0,0.537,3.445,6.415,0.808,NaN,-0.093,-0.073,0.993,0.032,0,0,0.574,3.658,6.373,0.877,0.4554382,0
335684,1.00000193252603e+18,63875742723417,-0.061,1.429,0.294,-0.012,-0.048,0.013,0.999,NaN,-0.077,-0.092,0.993,0,0,0,64.325,NaN,0.06,-0.05,0.997,-0.032,0,0,0.536,3.438,6.415,0.798,NaN,-0.077,-0.092,0.993,0.032,0,0,0.575,3.664,6.373,0.878,0.42533,0
335685,1.00000193253104e+18,63875742723417,-0.061,1.429,0.294,-0.012,-0.048,0.013,0.999,NaN,-0.057,-0.116,0.992,0,0,0,64.325,NaN,0.088,-0.069,0.994,-0.032,0,0,0.542,3.478,6.415,0.789,NaN,-0.057,-0.116,0.992,0.032,0,0,0.575,3.665,6.373,0.88,0.4015994,0
335686,1.00000193253604e+18,63875742723428,-0.061,1.429,0.294,-0.012,-0.048,0.013,0.999,NaN,-0.034,-0.137,0.99,0,0,0,64.325,NaN,0.067,-0.112,0.991,-0.032,0,0,0.565,3.625,6.415,0.78,NaN,-0.034,-0.137,0.99,0.032,0,0,0.576,3.669,6.373,0.882,0.5931585,0
335687,1.00000193254105e+18,63875742723428,-0.061,1.429,0.294,-0.012,-0.048,0.013,0.999,NaN,-0.012,-0.158,0.987,0,0,0,64.325,NaN,0.098,-0.113,0.989,-0.032,0,0,0.567,3.64,6.415,0.772,NaN,-0.012,-0.158,0.987,0.032,0,0,0.576,3.671,6.373,0.884,0.5016295,0
335688,1.00000193254606e+18,63875742723439,-0.061,1.429,0.294,-0.012,-0.048,0.013,0.999,NaN,0.008,-0.175,0.984,0,0,0,64.325,NaN,0.127,-0.122,0.984,-0.032,0,0,0.559,3.589,6.415,0.764,NaN,0.008,-0.175,0.984,0.032,0,0,0.576,3.669,6.373,0.886,0.4496588,0
335689,1.00000193255104e+18,63875742723439,-0.061,1.429,0.294,-0.012,-0.048,0.013,0.999,NaN,0.022,-0.187,0.982,0,0,0,64.325,NaN,0.146,-0.127,0.981,-0.032,0,0,0.557,3.572,6.415,0.757,NaN,0.022,-0.187,0.982,0.032,0,0,0.576,3.669,6.373,0.888,0.4204724,0
335690,1.00000193255605e+18,63875742723451,-0.061,1.429,0.294,-0.012,-0.048,0.013,0.999,NaN,0.032,-0.195,0.98,0,0,0,64.325,NaN,0.157,-0.13,0.979,-0.032,0,0,0.557,3.572,6.415,0.751,NaN,0.032,-0.195,0.98,0.032,0,0,0.576,3.669,6.373,0.889,0.4015937,0
335691,1.00000193256112e+18,63875742723451,-0.061,1.429,0.294,-0.012,-0.048,0.013,0.999,NaN,0.039,-0.201,0.979,0,0,0,64.325,NaN,0.164,-0.131,0.978,-0.032,0,0,0.558,3.579,6.415,0.747,NaN,0.039,-0.201,0.979,0.032,0,0,0.576,3.67,6.373,0.891,0.3891321,0
335692,1.00000193256613e+18,63875742723461,-0.061,1.429,0.294,-0.012,-0.048,0.013,0.999,NaN,0.043,-0.206,0.978,0,0,0,64.325,NaN,0.169,-0.132,0.977,-0.032,0,0,0.559,3.587,6.415,0.744,NaN,0.043,-0.206,0.978,0.032,0,0,0.576,3.674,6.373,0.892,0.3796728,0
335693,1.00000193257114e+18,63875742723462,-0.061,1.429,0.294,-0.012,-0.048,0.013,0.999,NaN,0.047,-0.209,0.977,0,0,0,64.325,NaN,0.171,-0.132,0.976,-0.032,0,0,0.561,3.599,6.415,0.74,NaN,0.047,-0.209,0.977,0.032,0,0,0.577,3.679,6.373,0.893,0.3721803,0
335694,1.00000193257617e+18,63875742723462,-0.061,1.429,0.294,-0.012,-0.048,0.013,0.999,NaN,0.049,-0.212,0.976,0,0,0,64.325,NaN,0.172,-0.132,0.976,-0.032,0,0,0.563,3.611,6.415,0.737,NaN,0.049,-0.212,0.976,0.032,0,0,0.578,3.683,6.373,0.893,0.3660488,0
335695,1.0000019325812e+18,63875742723473,-0.061,1.429,0.294,-0.012,-0.048,0.013,0.999,NaN,0.05,-0.214,0.976,0,0,0,64.325,NaN,0.173,-0.132,0.976,-0.032,0,0,0.564,3.615,6.415,0.735,NaN,0.05,-0.214,0.976,0.032,0,0,0.578,3.686,6.373,0.894,0.3614613,0
335696,1.00000193258623e+18,63875742723484,-0.06,1.429,0.294,-0.012,-0.048,0.013,0.999,NaN,0.051,-0.215,0.975,0,0,0,64.325,NaN,0.174,-0.132,0.976,-0.032,0,0,0.564,3.618,6.415,0.732,NaN,0.051,-0.215,0.975,0.032,0,0,0.579,3.688,6.373,0.895,0.3592841,0
335697,1.00000193259126e+18,63875742723484,-0.06,1.429,0.294,-0.012,-0.048,0.013,0.999,NaN,0.053,-0.216,0.975,0,0,0,64.325,NaN,0.174,-0.132,0.976,-0.032,0,0,0.564,3.618,6.415,0.731,NaN,0.053,-0.216,0.975,0.032,0,0,0.579,3.688,6.373,0.895,0.3587205,0
335698,1.00000193259629e+18,63875742723484,-0.06,1.429,0.294,-0.012,-0.048,0.013,0.999,NaN,0.054,-0.217,0.975,0,0,0,64.325,NaN,0.174,-0.133,0.976,-0.032,0,0,0.564,3.618,6.415,0.729,NaN,0.054,-0.217,0.975,0.032,0,0,0.579,3.688,6.373,0.895,0.3579153,0
335699,1.00000193260118e+18,63875742723495,-0.06,1.429,0.294,-0.011,-0.048,0.013,0.999,NaN,0.055,-0.217,0.975,0,0,0,64.325,NaN,0.174,-0.133,0.976,-0.032,0,0,0.564,3.618,6.415,0.728,NaN,0.055,-0.217,0.975,0.032,0,0,0.579,3.688,6.373,0.896,0.3577795,0
335700,1.00000193260622e+18,63875742723495,-0.06,1.429,0.294,-0.011,-0.048,0.013,0.999,NaN,0.056,-0.218,0.974,0,0,0,64.325,NaN,0.173,-0.133,0.976,-0.032,0,0,0.564,3.618,6.415,0.726,NaN,0.056,-0.218,0.974,0.032,0,0,0.578,3.687,6.373,0.896,0.3572814,0
335701,1.00000193261125e+18,63875742723506,-0.06,1.429,0.294,-0.011,-0.048,0.013,0.999,NaN,0.056,-0.218,0.974,0,0,0,64.325,NaN,0.173,-0.133,0.976,-0.032,0,0,0.564,3.618,6.415,0.725,NaN,0.056,-0.218,0.974,0.032,0,0,0.578,3.685,6.373,0.896,0.3569234,0
335702,1.00000193261624e+18,63875742723506,-0.06,1.429,0.294,-0.011,-0.048,0.013,0.999,NaN,0.057,-0.219,0.974,0,0,0,64.325,NaN,0.172,-0.133,0.976,-0.032,0,0,0.564,3.618,6.415,0.724,NaN,0.057,-0.219,0.974,0.032,0,0,0.578,3.685,6.373,0.897,0.3569975,0
335703,1.00000193262124e+18,63875742723506,-0.06,1.429,0.294,-0.011,-0.048,0.013,0.999,NaN,0.057,-0.219,0.974,0,0,0,64.325,NaN,0.172,-0.133,0.976,-0.032,0,0,0.564,3.618,6.415,0.723,NaN,0.057,-0.219,0.974,0.032,0,0,0.578,3.685,6.373,0.897,0.3569117,0
335704,1.00000193262627e+18,63875742723517,-0.06,1.429,0.294,-0.011,-0.048,0.012,0.999,NaN,0.057,-0.219,0.974,0,0,0,64.325,NaN,0.172,-0.133,0.976,-0.032,0,0,0.564,3.618,6.415,0.722,NaN,0.057,-0.219,0.974,0.032,0,0,0.578,3.685,6.373,0.897,0.3568368,0.06691911
335705,1.00000193263126e+18,63875742723517,-0.06,1.429,0.294,-0.011,-0.048,0.012,0.999,NaN,0.057,-0.219,0.974,0,0,0,64.325,NaN,0.171,-0.133,0.976,-0.032,0,0,0.564,3.619,6.415,0.721,NaN,0.057,-0.219,0.974,0.032,0,0,0.578,3.685,6.373,0.897,0.3564164,0.3528593
335706,1.0000019326363e+18,63875742723528,-0.06,1.429,0.294,-0.011,-0.048,0.012,0.999,NaN,0.057,-0.219,0.974,0,0,0,64.325,NaN,0.171,-0.133,0.976,-0.032,0,0,0.564,3.621,6.415,0.72,NaN,0.057,-0.219,0.974,0.032,0,0,0.578,3.686,6.373,0.897,0.3558647,0.6608971
335707,1.00000193264133e+18,63875742723528,-0.06,1.429,0.294,-0.011,-0.048,0.012,0.999,NaN,0.057,-0.22,0.974,0,0,0,64.325,NaN,0.17,-0.133,0.976,-0.032,0,0,0.564,3.621,6.415,0.72,NaN,0.057,-0.22,0.974,0.032,0,0,0.579,3.688,6.373,0.898,0.3555222,0.8608479
335708,1.0000019326463e+18,63875742723539,-0.06,1.429,0.294,-0.011,-0.048,0.012,0.999,NaN,0.057,-0.22,0.974,0,0,0,64.325,NaN,0.17,-0.133,0.976,-0.032,0,0,0.564,3.621,6.415,0.719,NaN,0.057,-0.22,0.974,0.032,0,0,0.579,3.69,6.373,0.898,0.3552043,0.8895241
335709,1.00000193265132e+18,63875742723539,-0.06,1.429,0.294,-0.011,-0.048,0.012,0.999,NaN,0.057,-0.22,0.974,0,0,0,64.325,NaN,0.166,-0.151,0.975,-0.032,0,0,0.564,3.62,6.415,0.718,NaN,0.057,-0.22,0.974,0.032,0,0,0.579,3.693,6.373,0.898,0.4185128,0.9236895
335710,1.00000193265634e+18,63875742723551,-0.06,1.429,0.294,-0.011,-0.048,0.012,0.999,NaN,0.057,-0.22,0.974,0,0,0,64.325,NaN,0.166,-0.148,0.975,-0.032,0,0,0.564,3.619,6.415,0.717,NaN,0.057,-0.22,0.974,0.032,0,0,0.58,3.696,6.373,0.898,0.4065249,0.962086
335711,1.00000193266135e+18,63875742723561,-0.06,1.429,0.294,-0.012,-0.048,0.012,0.999,NaN,0.057,-0.221,0.974,0,0,0,64.325,NaN,0.166,-0.145,0.975,-0.032,0,0,0.564,3.618,6.415,0.717,NaN,0.057,-0.221,0.974,0.032,0,0,0.58,3.699,6.373,0.898,0.397868,0.9923537
335712,1.00000193266633e+18,63875742723573,-0.06,1.429,0.294,-0.012,-0.048,0.012,0.999,NaN,0.057,-0.221,0.974,0,0,0,64.325,NaN,0.151,-0.162,0.975,-0.032,0,0,0.564,3.616,6.415,0.716,NaN,0.057,-0.221,0.974,0.032,0,0,0.581,3.701,6.373,0.898,0.4899153,1
335713,1.00000193267135e+18,63875742723573,-0.06,1.429,0.294,-0.012,-0.048,0.012,0.999,NaN,0.057,-0.221,0.974,0,0,0,64.325,NaN,0.153,-0.157,0.976,-0.032,0,0,0.564,3.615,6.415,0.716,NaN,0.057,-0.221,0.974,0.032,0,0,0.581,3.702,6.373,0.898,0.4621947,1
335714,1.00000193267637e+18,63875742723573,-0.06,1.429,0.294,-0.012,-0.048,0.012,0.999,NaN,0.058,-0.221,0.974,0,0,0,64.325,NaN,0.134,-0.171,0.976,-0.032,0,0,0.563,3.61,6.415,0.715,NaN,0.058,-0.221,0.974,0.032,0,0,0.581,3.704,6.373,0.898,0.588016,1
335715,1.00000193268138e+18,63875742723584,-0.06,1.429,0.294,-0.012,-0.048,0.012,0.999,NaN,0.058,-0.221,0.974,0,0,0,64.325,NaN,0.116,-0.184,0.976,-0.032,0,0,0.562,3.608,6.415,0.715,NaN,0.058,-0.221,0.974,0.032,0,0,0.581,3.705,6.373,0.898,0.7824876,1
335716,1.00000193268639e+18,63875742723584,-0.06,1.429,0.294,-0.012,-0.048,0.012,0.999,NaN,0.058,-0.221,0.974,0,0,0,64.325,NaN,0.126,-0.174,0.977,-0.032,0,0,0.562,3.606,6.415,0.714,NaN,0.058,-0.221,0.974,0.032,0,0,0.582,3.706,6.373,0.899,0.6395811,1
335717,1.00000193269141e+18,63875742723584,-0.06,1.429,0.294,-0.012,-0.048,0.012,0.999,NaN,0.058,-0.221,0.973,0,0,0,64.325,NaN,0.11,-0.185,0.976,-0.032,0,0,0.562,3.606,6.415,0.714,NaN,0.058,-0.221,0.973,0.032,0,0,0.582,3.708,6.373,0.899,0.8318088,1
335718,1.00000193269643e+18,63875742723595,-0.06,1.429,0.294,-0.012,-0.048,0.012,0.999,NaN,0.058,-0.221,0.973,0,0,0,64.325,NaN,0.12,-0.177,0.977,-0.032,0,0,0.562,3.607,6.415,0.713,NaN,0.058,-0.221,0.973,0.032,0,0,0.582,3.71,6.373,0.899,0.678419,1
335719,1.00000193270143e+18,63875742723595,-0.06,1.429,0.294,-0.012,-0.048,0.012,0.999,NaN,0.059,-0.221,0.973,0,0,0,64.325,NaN,0.126,-0.171,0.977,-0.032,0,0,0.562,3.607,6.415,0.712,NaN,0.059,-0.221,0.973,0.032,0,0,0.582,3.712,6.373,0.899,0.6105896,1
335720,1.00000193270644e+18,63875742723595,-0.06,1.429,0.294,-0.012,-0.048,0.012,0.999,NaN,0.059,-0.221,0.973,0,0,0,64.325,NaN,0.114,-0.18,0.977,-0.032,0,0,0.564,3.62,6.415,0.712,NaN,0.059,-0.221,0.973,0.032,0,0,0.583,3.715,6.373,0.899,0.7390428,1
335721,1.00000193271149e+18,63875742723606,-0.06,1.429,0.294,-0.012,-0.048,0.012,0.999,NaN,0.059,-0.221,0.973,0,0,0,64.325,NaN,0.103,-0.188,0.977,-0.032,0,0,0.564,3.621,6.415,0.712,NaN,0.059,-0.221,0.973,0.032,0,0,0.583,3.717,6.373,0.899,0.9260242,1
335722,1.00000193271649e+18,63875742723606,-0.06,1.429,0.294,-0.012,-0.048,0.012,0.999,NaN,0.059,-0.221,0.973,0,0,0,64.325,NaN,0.112,-0.181,0.977,-0.032,0,0,0.564,3.621,6.415,0.712,NaN,0.059,-0.221,0.973,0.032,0,0,0.584,3.719,6.373,0.899,0.7593654,1
335723,1.0000019327215e+18,63875742723618,-0.06,1.429,0.294,-0.012,-0.048,0.012,0.999,NaN,0.059,-0.221,0.973,0,0,0,64.325,NaN,0.103,-0.188,0.977,-0.032,0,0,0.564,3.621,6.415,0.711,NaN,0.059,-0.221,0.973,0.032,0,0,0.584,3.722,6.373,0.899,0.9204087,1
335724,1.00000193272651e+18,63875742723618,-0.06,1.429,0.294,-0.012,-0.048,0.012,0.999,NaN,0.06,-0.221,0.973,0,0,0,64.325,NaN,0.094,-0.194,0.976,-0.032,0,0,0.564,3.621,6.415,0.711,NaN,0.06,-0.221,0.973,0.032,0,0,0.584,3.724,6.373,0.899,2,1
335725,1.00000193273151e+18,63875742723618,-0.06,1.429,0.294,-0.012,-0.048,0.012,0.999,NaN,0.06,-0.221,0.973,0,0,0,64.325,NaN,0.087,-0.2,0.976,-0.032,0,0,0.564,3.62,6.415,0.711,NaN,0.06,-0.221,0.973,0.032,0,0,0.585,3.727,6.373,0.899,2,1
335726,1.00000193273653e+18,63875742723628,-0.06,1.429,0.294,-0.012,-0.048,0.012,0.999,NaN,0.06,-0.221,0.973,0,0,0,64.325,NaN,0.099,-0.191,0.977,-0.032,0,0,0.564,3.615,6.415,0.711,NaN,0.06,-0.221,0.973,0.032,0,0,0.585,3.729,6.373,0.899,2,1
335727,1.00000193274153e+18,63875742723639,-0.061,1.429,0.294,-0.011,-0.048,0.012,0.999,NaN,0.06,-0.222,0.973,0,0,0,64.325,NaN,0.104,-0.187,0.977,-0.032,0,0,0.563,3.61,6.415,0.71,NaN,0.06,-0.222,0.973,0.032,0,0,0.585,3.731,6.373,0.9,0.9049171,1
335728,1.00000193274653e+18,63875742723639,-0.061,1.429,0.294,-0.011,-0.048,0.012,0.999,NaN,0.061,-0.222,0.973,0,0,0,64.325,NaN,0.107,-0.185,0.977,-0.032,0,0,0.562,3.606,6.415,0.71,NaN,0.061,-0.222,0.973,0.032,0,0,0.586,3.733,6.373,0.9,0.856062,1
335729,1.00000193275157e+18,63875742723639,-0.061,1.429,0.294,-0.011,-0.048,0.012,0.999,NaN,0.061,-0.222,0.973,0,0,0,64.325,NaN,0.114,-0.181,0.977,-0.032,0,0,0.562,3.603,6.415,0.71,NaN,0.061,-0.222,0.973,0.032,0,0,0.586,3.736,6.373,0.9,0.7671607,1
335730,1.00000193275659e+18,63875742723650,-0.061,1.429,0.294,-0.011,-0.048,0.012,0.999,NaN,0.061,-0.222,0.973,0,0,0,64.325,NaN,0.122,-0.176,0.977,-0.032,0,0,0.561,3.602,6.415,0.71,NaN,0.061,-0.222,0.973,0.032,0,0,0.587,3.741,6.373,0.9,0.6765412,1
335731,1.0000019327616e+18,63875742723650,-0.061,1.429,0.294,-0.011,-0.048,0.012,0.999,NaN,0.062,-0.221,0.973,0,0,0,64.325,NaN,0.129,-0.17,0.977,-0.032,0,0,0.561,3.602,6.415,0.709,NaN,0.062,-0.221,0.973,0.032,0,0,0.587,3.743,6.373,0.9,0.6018484,1
335732,1.00000193276662e+18,63875742723661,-0.061,1.429,0.294,-0.011,-0.048,0.012,0.999,NaN,0.062,-0.221,0.973,0,0,0,64.325,NaN,0.136,-0.165,0.977,-0.032,0,0,0.561,3.602,6.415,0.709,NaN,0.062,-0.221,0.973,0.032,0,0,0.588,3.746,6.373,0.9,0.5452015,1
335733,1.00000193277164e+18,63875742723661,-0.061,1.429,0.294,-0.011,-0.048,0.012,0.999,NaN,0.062,-0.221,0.973,0,0,0,64.325,NaN,0.142,-0.16,0.977,-0.032,0,0,0.561,3.601,6.415,0.709,NaN,0.062,-0.221,0.973,0.032,0,0,0.588,3.747,6.373,0.9,0.5036653,1
335734,1.00000193277666e+18,63875742723672,-0.061,1.429,0.294,-0.011,-0.048,0.012,0.999,NaN,0.062,-0.221,0.973,0,0,0,64.325,NaN,0.147,-0.156,0.977,-0.032,0,0,0.561,3.602,6.415,0.709,NaN,0.062,-0.221,0.973,0.032,0,0,0.588,3.749,6.373,0.9,0.4733326,1
335735,1.00000193278168e+18,63875742723672,-0.061,1.429,0.294,-0.011,-0.048,0.012,0.999,NaN,0.062,-0.221,0.973,0,0,0,64.325,NaN,0.151,-0.153,0.977,-0.032,0,0,0.561,3.601,6.415,0.709,NaN,0.062,-0.221,0.973,0.032,0,0,0.588,3.75,6.373,0.901,0.4520081,1
335736,1.00000193278666e+18,63875742723672,-0.061,1.429,0.294,-0.011,-0.048,0.012,0.999,NaN,0.063,-0.221,0.973,0,0,0,64.325,NaN,0.154,-0.15,0.977,-0.032,0,0,0.561,3.6,6.415,0.709,NaN,0.063,-0.221,0.973,0.032,0,0,0.589,3.752,6.373,0.901,0.4363283,1
335737,1.00000193279165e+18,63875742723684,-0.061,1.429,0.293,-0.011,-0.048,0.012,0.999,NaN,0.063,-0.221,0.973,0,0,0,64.325,NaN,0.156,-0.148,0.977,-0.032,0,0,0.561,3.6,6.415,0.708,NaN,0.063,-0.221,0.973,0.032,0,0,0.589,3.755,6.373,0.901,0.4247341,1
335738,1.00000193279666e+18,63875742723684,-0.061,1.429,0.293,-0.011,-0.048,0.012,0.999,NaN,0.063,-0.221,0.973,0,0,0,64.325,NaN,0.158,-0.147,0.977,-0.032,0,0,0.561,3.601,6.415,0.708,NaN,0.063,-0.221,0.973,0.032,0,0,0.59,3.758,6.373,0.901,0.4159906,1
335739,1.00000193280166e+18,63875742723694,-0.061,1.429,0.293,-0.011,-0.048,0.012,0.999,NaN,0.063,-0.221,0.973,0,0,0,64.325,NaN,0.159,-0.145,0.977,-0.032,0,0,0.561,3.6,6.415,0.708,NaN,0.063,-0.221,0.973,0.032,0,0,0.59,3.76,6.373,0.901,0.4096794,1
335740,1.00000193280667e+18,63875742723694,-0.061,1.429,0.293,-0.011,-0.048,0.012,0.999,NaN,0.063,-0.221,0.973,0,0,0,64.325,NaN,0.16,-0.145,0.977,-0.032,0,0,0.561,3.599,6.415,0.708,NaN,0.063,-0.221,0.973,0.032,0,0,0.59,3.762,6.373,0.901,0.4055859,1
335741,1.00000193281173e+18,63875742723706,-0.061,1.429,0.293,-0.011,-0.048,0.012,0.999,NaN,0.063,-0.221,0.973,0,0,0,64.325,NaN,0.161,-0.144,0.976,-0.032,0,0,0.561,3.599,6.415,0.708,NaN,0.063,-0.221,0.973,0.032,0,0,0.591,3.763,6.373,0.901,0.4018804,1
335742,1.00000193281674e+18,63875742723717,-0.061,1.429,0.293,-0.011,-0.048,0.012,0.999,NaN,0.063,-0.221,0.973,0,0,0,64.325,NaN,0.161,-0.143,0.976,-0.032,0,0,0.561,3.599,6.415,0.708,NaN,0.063,-0.221,0.973,0.032,0,0,0.591,3.765,6.373,0.901,0.3990254,1
335743,1.00000193282176e+18,63875742723717,-0.061,1.429,0.293,-0.011,-0.048,0.012,0.999,NaN,0.063,-0.222,0.973,0,0,0,64.325,NaN,0.161,-0.143,0.976,-0.032,0,0,0.561,3.601,6.415,0.707,NaN,0.063,-0.222,0.973,0.032,0,0,0.591,3.766,6.373,0.901,0.3969503,1
335744,1.00000193282678e+18,63875742723717,-0.061,1.429,0.293,-0.011,-0.048,0.012,0.999,NaN,0.063,-0.222,0.973,0,0,0,64.325,NaN,0.162,-0.142,0.977,-0.032,0,0,0.562,3.604,6.415,0.707,NaN,0.063,-0.222,0.973,0.032,0,0,0.591,3.767,6.373,0.901,0.3951865,1
335745,1.0000019328318e+18,63875742723717,-0.061,1.429,0.293,-0.011,-0.048,0.012,0.999,NaN,0.063,-0.222,0.973,0,0,0,64.325,NaN,0.162,-0.142,0.977,-0.032,0,0,0.566,3.63,6.415,0.707,NaN,0.063,-0.222,0.973,0.032,0,0,0.591,3.768,6.373,0.901,0.3919612,1
335746,1.00000193283681e+18,63875742723728,-0.061,1.429,0.293,-0.011,-0.048,0.012,0.999,NaN,0.064,-0.222,0.973,0,0,0,64.325,NaN,0.162,-0.141,0.977,-0.032,0,0,0.567,3.635,6.415,0.707,NaN,0.064,-0.222,0.973,0.032,0,0,0.591,3.769,6.373,0.901,0.3899672,1
335747,1.00000193284175e+18,63875742723728,-0.061,1.429,0.293,-0.011,-0.048,0.012,0.999,NaN,0.064,-0.222,0.973,0,0,0,64.325,NaN,0.162,-0.141,0.977,-0.032,0,0,0.567,3.637,6.415,0.706,NaN,0.064,-0.222,0.973,0.032,0,0,0.591,3.769,6.373,0.901,0.3884698,1
335748,1.00000193284677e+18,63875742723739,-0.061,1.429,0.293,-0.011,-0.049,0.012,0.999,NaN,0.064,-0.222,0.973,0,0,0,64.325,NaN,0.162,-0.14,0.977,-0.032,0,0,0.568,3.641,6.415,0.706,NaN,0.064,-0.222,0.973,0.032,0,0,0.591,3.77,6.373,0.901,0.3865241,1
335749,1.00000193285178e+18,63875742723739,-0.061,1.429,0.293,-0.011,-0.049,0.012,0.999,NaN,0.064,-0.222,0.973,0,0,0,64.325,NaN,0.162,-0.139,0.977,-0.032,0,0,0.574,3.685,6.415,0.706,NaN,0.064,-0.222,0.973,0.032,0,0,0.592,3.77,6.373,0.901,0.3819149,1
335750,1.00000193285679e+18,63875742723751,-0.061,1.428,0.293,-0.011,-0.049,0.012,0.999,NaN,0.064,-0.222,0.973,0,0,0,64.325,NaN,0.161,-0.138,0.977,-0.032,0,0,0.579,3.712,6.415,0.705,NaN,0.064,-0.222,0.973,0.032,0,0,0.592,3.77,6.373,0.9,0.376851,1
335751,1.00000193286181e+18,63875742723751,-0.061,1.428,0.293,-0.011,-0.049,0.012,0.999,NaN,0.064,-0.222,0.973,0,0,0,64.325,NaN,0.161,-0.137,0.977,-0.032,0,0,0.581,3.726,6.415,0.705,NaN,0.064,-0.222,0.973,0.032,0,0,0.592,3.772,6.373,0.9,0.3721059,1
335752,1.00000193286683e+18,63875742723762,-0.062,1.428,0.293,-0.011,-0.049,0.012,0.999,NaN,0.064,-0.222,0.973,0,0,0,64.325,NaN,0.161,-0.136,0.978,-0.032,0,0,0.583,3.74,6.415,0.703,NaN,0.064,-0.222,0.973,0.032,0,0,0.593,3.777,6.373,0.9,0.3674015,1
335753,1.00000193287184e+18,63875742723762,-0.062,1.428,0.293,-0.011,-0.049,0.012,0.999,NaN,0.063,-0.222,0.973,0,0,0,64.325,NaN,0.161,-0.135,0.978,-0.032,0,0,0.584,3.744,6.415,0.702,NaN,0.063,-0.222,0.973,0.032,0,0,0.593,3.779,6.373,0.898,0.3634994,1
335754,1.00000193287686e+18,63875742723772,-0.062,1.428,0.292,-0.011,-0.049,0.013,0.999,NaN,0.063,-0.222,0.973,0,0,0,64.325,NaN,0.161,-0.136,0.978,-0.032,0,0,0.571,3.661,6.415,0.698,NaN,0.063,-0.222,0.973,0.032,0,0,0.594,3.788,6.373,0.893,0.3680047,1
335755,1.00000193288187e+18,63875742723773,-0.062,1.428,0.292,-0.011,-0.049,0.013,0.999,NaN,0.063,-0.222,0.973,0,0,0,64.325,NaN,0.152,-0.139,0.979,-0.032,0,0,0.565,3.624,6.415,0.697,NaN,0.063,-0.222,0.973,0.032,0,0,0.597,3.802,6.373,0.882,0.3838189,1
335756,1.00000193288689e+18,63875742723773,-0.062,1.428,0.292,-0.011,-0.049,0.013,0.999,NaN,0.062,-0.222,0.973,0,0,0,64.325,NaN,0.133,-0.147,0.98,-0.032,0,0,0.563,3.613,6.415,0.69,NaN,0.062,-0.222,0.973,0.032,0,0,0.597,3.807,6.373,0.861,0.4297444,0.8477545
335757,1.0000019328919e+18,63875742723784,-0.062,1.428,0.292,-0.011,-0.049,0.013,0.999,NaN,0.061,-0.222,0.973,0,0,0,64.325,NaN,0.113,-0.162,0.98,-0.032,0,0,0.529,3.394,6.415,0.667,NaN,0.061,-0.222,0.973,0.032,0,0,0.597,3.807,6.373,0.821,0.5299751,0.6705814
335758,1.00000193289688e+18,63875742723784,-0.062,1.428,0.292,-0.011,-0.049,0.013,0.999,NaN,0.053,-0.247,0.968,0,0,0,64.325,NaN,NaN,NaN,NaN,NaN,NaN,NaN,NaN,0.053,-0.247,0.968,0.032,0,0,0.555,3.537,6.373,NaN,2,0,NaN,NaN,NaN,NaN
335759,1.00000193290189e+18,63875742723984,-0.062,1.428,0.292,-0.01,-0.049,0.013,0.999,NaN,NaN,NaN,NaN,NaN,NaN,NaN,NaN,NaN,NaN,NaN,NaN,NaN,NaN,NaN,NaN,NaN,NaN,NaN,NaN,NaN,NaN,NaN,NaN,NaN,NaN,NaN,NaN,NaN,NaN,NaN,NaN
335760,1.00000193290695e+18,63875742723984,-0.062,1.428,0.292,-0.01,-0.049,0.013,0.999,NaN,NaN,NaN,NaN,NaN,NaN,NaN,NaN,NaN,NaN,NaN,NaN,NaN,NaN,NaN,NaN,NaN,NaN,NaN,NaN,NaN,NaN,NaN,NaN,NaN,NaN,NaN,NaN,NaN,NaN,NaN,NaN
335761,1.00000193291196e+18,63875742723984,-0.062,1.428,0.292,-0.01,-0.049,0.013,0.999,NaN,NaN,NaN,NaN,NaN,NaN,NaN,NaN,NaN,NaN,NaN,NaN,NaN,NaN,NaN,NaN,NaN,NaN,NaN,NaN,NaN,NaN,NaN,NaN,NaN,NaN,NaN,NaN,NaN,NaN,NaN,NaN
335762,1.00000193291697e+18,63875742723984,-0.062,1.428,0.292,-0.01,-0.049,0.013,0.999,NaN,NaN,NaN,NaN,NaN,NaN,NaN,NaN,NaN,NaN,NaN,NaN,NaN,NaN,NaN,NaN,NaN,NaN,NaN,NaN,NaN,NaN,NaN,NaN,NaN,NaN,NaN,NaN,NaN,NaN,NaN,NaN
335763,1.000001932922e+18,63875742723984,-0.062,1.428,0.292,-0.01,-0.049,0.013,0.999,NaN,NaN,NaN,NaN,NaN,NaN,NaN,NaN,NaN,NaN,NaN,NaN,NaN,NaN,NaN,NaN,NaN,NaN,NaN,NaN,NaN,NaN,NaN,NaN,NaN,NaN,NaN,NaN,NaN,NaN,NaN,NaN
335764,1.00000193292702e+18,63875742723984,-0.062,1.428,0.292,-0.01,-0.049,0.013,0.999,NaN,NaN,NaN,NaN,NaN,NaN,NaN,NaN,NaN,NaN,NaN,NaN,NaN,NaN,NaN,NaN,NaN,NaN,NaN,NaN,NaN,NaN,NaN,NaN,NaN,NaN,NaN,NaN,NaN,NaN,NaN,NaN
335765,1.00000193293205e+18,63875742723984,-0.062,1.428,0.292,-0.01,-0.049,0.013,0.999,NaN,NaN,NaN,NaN,NaN,NaN,NaN,NaN,NaN,NaN,NaN,NaN,NaN,NaN,NaN,NaN,NaN,NaN,NaN,NaN,NaN,NaN,NaN,NaN,NaN,NaN,NaN,NaN,NaN,NaN,NaN,NaN
335766,1.00000193293706e+18,63875742723984,-0.062,1.428,0.292,-0.01,-0.049,0.013,0.999,NaN,NaN,NaN,NaN,NaN,NaN,NaN,NaN,NaN,NaN,NaN,NaN,NaN,NaN,NaN,NaN,NaN,NaN,NaN,NaN,NaN,NaN,NaN,NaN,NaN,NaN,NaN,NaN,NaN,NaN,NaN,NaN
335767,1.00000193294201e+18,63875742723984,-0.062,1.428,0.292,-0.01,-0.049,0.013,0.999,NaN,NaN,NaN,NaN,NaN,NaN,NaN,NaN,NaN,NaN,NaN,NaN,NaN,NaN,NaN,NaN,NaN,NaN,NaN,NaN,NaN,NaN,NaN,NaN,NaN,NaN,NaN,NaN,NaN,NaN,NaN,NaN
335768,1.00000193294702e+18,63875742723984,-0.062,1.428,0.292,-0.01,-0.049,0.013,0.999,NaN,NaN,NaN,NaN,NaN,NaN,NaN,NaN,NaN,NaN,NaN,NaN,NaN,NaN,NaN,NaN,NaN,NaN,NaN,NaN,NaN,NaN,NaN,NaN,NaN,NaN,NaN,NaN,NaN,NaN,NaN,NaN
335769,1.00000193295204e+18,63875742723984,-0.062,1.428,0.292,-0.01,-0.049,0.013,0.999,NaN,NaN,NaN,NaN,NaN,NaN,NaN,NaN,NaN,NaN,NaN,NaN,NaN,NaN,NaN,NaN,NaN,NaN,NaN,NaN,NaN,NaN,NaN,NaN,NaN,NaN,NaN,NaN,NaN,NaN,NaN,NaN
335770,1.00000193295706e+18,63875742723984,-0.062,1.428,0.292,-0.01,-0.049,0.013,0.999,NaN,NaN,NaN,NaN,NaN,NaN,NaN,NaN,NaN,NaN,NaN,NaN,NaN,NaN,NaN,NaN,NaN,NaN,NaN,NaN,NaN,NaN,NaN,NaN,NaN,NaN,NaN,NaN,NaN,NaN,NaN,NaN
335771,1.00000193296207e+18,63875742723984,-0.062,1.428,0.292,-0.01,-0.049,0.013,0.999,NaN,NaN,NaN,NaN,NaN,NaN,NaN,NaN,NaN,NaN,NaN,NaN,NaN,NaN,NaN,NaN,NaN,NaN,NaN,NaN,NaN,NaN,NaN,NaN,NaN,NaN,NaN,NaN,NaN,NaN,NaN,NaN
335772,1.00000193296709e+18,63875742723984,-0.062,1.428,0.292,-0.01,-0.049,0.013,0.999,NaN,NaN,NaN,NaN,NaN,NaN,NaN,NaN,NaN,NaN,NaN,NaN,NaN,NaN,NaN,NaN,NaN,NaN,NaN,NaN,NaN,NaN,NaN,NaN,NaN,NaN,NaN,NaN,NaN,NaN,NaN,NaN
335773,1.00000193297207e+18,63875742723984,-0.062,1.428,0.292,-0.01,-0.049,0.013,0.999,NaN,NaN,NaN,NaN,NaN,NaN,NaN,NaN,NaN,NaN,NaN,NaN,NaN,NaN,NaN,NaN,NaN,NaN,NaN,NaN,NaN,NaN,NaN,NaN,NaN,NaN,NaN,NaN,NaN,NaN,NaN,NaN
335774,1.00000193297708e+18,63875742723984,-0.062,1.428,0.292,-0.01,-0.049,0.013,0.999,NaN,0.034,-0.396,0.918,0,0,0,64.325,NaN,NaN,NaN,NaN,NaN,NaN,NaN,NaN,0.034,-0.396,0.918,0.032,0,0,0.635,4.046,6.373,NaN,2,0,NaN,NaN,NaN,NaN
335775,1.00000193298209e+18,63875742723984,-0.062,1.428,0.292,-0.01,-0.049,0.013,0.999,NaN,0.017,-0.484,0.875,0,0,0,64.325,NaN,NaN,NaN,NaN,NaN,NaN,NaN,NaN,0.017,-0.484,0.875,0.032,0,0,0.635,4.047,6.373,NaN,2,0,NaN,NaN,NaN,NaN
335776,1.00000193298718e+18,63875742723984,-0.062,1.428,0.292,-0.01,-0.049,0.013,0.999,NaN,NaN,NaN,NaN,NaN,NaN,NaN,NaN,NaN,NaN,NaN,NaN,NaN,NaN,NaN,NaN,NaN,NaN,NaN,NaN,NaN,NaN,NaN,NaN,NaN,NaN,NaN,NaN,NaN,NaN,NaN,NaN
335777,1.00000193299219e+18,63875742723984,-0.062,1.428,0.292,-0.01,-0.049,0.013,0.999,NaN,NaN,NaN,NaN,NaN,NaN,NaN,NaN,NaN,NaN,NaN,NaN,NaN,NaN,NaN,NaN,NaN,NaN,NaN,NaN,NaN,NaN,NaN,NaN,NaN,NaN,NaN,NaN,NaN,NaN,NaN,NaN
335778,1.00000193299717e+18,63875742723984,-0.062,1.428,0.292,-0.01,-0.049,0.013,0.999,NaN,NaN,NaN,NaN,NaN,NaN,NaN,NaN,NaN,NaN,NaN,NaN,NaN,NaN,NaN,NaN,NaN,NaN,NaN,NaN,NaN,NaN,NaN,NaN,NaN,NaN,NaN,NaN,NaN,NaN,NaN,NaN
335779,1.00000193300217e+18,63875742723984,-0.062,1.428,0.292,-0.01,-0.049,0.013,0.999,NaN,NaN,NaN,NaN,NaN,NaN,NaN,NaN,NaN,NaN,NaN,NaN,NaN,NaN,NaN,NaN,NaN,NaN,NaN,NaN,NaN,NaN,NaN,NaN,NaN,NaN,NaN,NaN,NaN,NaN,NaN,NaN
335780,1.00000193300718e+18,63875742723984,-0.062,1.428,0.292,-0.01,-0.049,0.013,0.999,NaN,NaN,NaN,NaN,NaN,NaN,NaN,NaN,NaN,NaN,NaN,NaN,NaN,NaN,NaN,NaN,NaN,NaN,NaN,NaN,NaN,NaN,NaN,NaN,NaN,NaN,NaN,NaN,NaN,NaN,NaN,NaN
335781,1.0000019330122e+18,63875742723984,-0.062,1.428,0.292,-0.01,-0.049,0.013,0.999,NaN,NaN,NaN,NaN,NaN,NaN,NaN,NaN,NaN,NaN,NaN,NaN,NaN,NaN,NaN,NaN,NaN,NaN,NaN,NaN,NaN,NaN,NaN,NaN,NaN,NaN,NaN,NaN,NaN,NaN,NaN,NaN
335782,1.0000019330172e+18,63875742723984,-0.062,1.428,0.292,-0.01,-0.049,0.013,0.999,NaN,NaN,NaN,NaN,NaN,NaN,NaN,NaN,NaN,NaN,NaN,NaN,NaN,NaN,NaN,NaN,NaN,NaN,NaN,NaN,NaN,NaN,NaN,NaN,NaN,NaN,NaN,NaN,NaN,NaN,NaN,NaN
335783,1.0000019330222e+18,63875742723984,-0.062,1.428,0.292,-0.01,-0.049,0.013,0.999,NaN,NaN,NaN,NaN,NaN,NaN,NaN,NaN,NaN,NaN,NaN,NaN,NaN,NaN,NaN,NaN,NaN,NaN,NaN,NaN,NaN,NaN,NaN,NaN,NaN,NaN,NaN,NaN,NaN,NaN,NaN,NaN
335784,1.0000019330272e+18,63875742723984,-0.062,1.428,0.292,-0.01,-0.049,0.013,0.999,NaN,NaN,NaN,NaN,NaN,NaN,NaN,NaN,NaN,NaN,NaN,NaN,NaN,NaN,NaN,NaN,NaN,NaN,NaN,NaN,NaN,NaN,NaN,NaN,NaN,NaN,NaN,NaN,NaN,NaN,NaN,NaN
335785,1.00000193303222e+18,63875742723984,-0.062,1.428,0.292,-0.01,-0.049,0.013,0.999,NaN,NaN,NaN,NaN,NaN,NaN,NaN,NaN,NaN,NaN,NaN,NaN,NaN,NaN,NaN,NaN,NaN,NaN,NaN,NaN,NaN,NaN,NaN,NaN,NaN,NaN,NaN,NaN,NaN,NaN,NaN,NaN
335786,1.00000193303723e+18,63875742723984,-0.062,1.428,0.292,-0.01,-0.049,0.013,0.999,NaN,NaN,NaN,NaN,NaN,NaN,NaN,NaN,NaN,NaN,NaN,NaN,NaN,NaN,NaN,NaN,NaN,NaN,NaN,NaN,NaN,NaN,NaN,NaN,NaN,NaN,NaN,NaN,NaN,NaN,NaN,NaN
335787,1.00000193304228e+18,63875742723984,-0.062,1.428,0.292,-0.01,-0.049,0.013,0.999,NaN,NaN,NaN,NaN,NaN,NaN,NaN,NaN,NaN,NaN,NaN,NaN,NaN,NaN,NaN,NaN,NaN,NaN,NaN,NaN,NaN,NaN,NaN,NaN,NaN,NaN,NaN,NaN,NaN,NaN,NaN,NaN
335788,1.00000193304729e+18,63875742723984,-0.062,1.428,0.292,-0.01,-0.049,0.013,0.999,NaN,NaN,NaN,NaN,NaN,NaN,NaN,NaN,NaN,NaN,NaN,NaN,NaN,NaN,NaN,NaN,NaN,NaN,NaN,NaN,NaN,NaN,NaN,NaN,NaN,NaN,NaN,NaN,NaN,NaN,NaN,NaN
335789,1.0000019330523e+18,63875742723984,-0.062,1.428,0.292,-0.01,-0.049,0.013,0.999,NaN,NaN,NaN,NaN,NaN,NaN,NaN,NaN,NaN,NaN,NaN,NaN,NaN,NaN,NaN,NaN,NaN,NaN,NaN,NaN,NaN,NaN,NaN,NaN,NaN,NaN,NaN,NaN,NaN,NaN,NaN,NaN
335790,1.0000019330573e+18,63875742723984,-0.062,1.428,0.292,-0.01,-0.049,0.013,0.999,NaN,NaN,NaN,NaN,NaN,NaN,NaN,NaN,NaN,NaN,NaN,NaN,NaN,NaN,NaN,NaN,NaN,NaN,NaN,NaN,NaN,NaN,NaN,NaN,NaN,NaN,NaN,NaN,NaN,NaN,NaN,NaN
335791,1.00000193306231e+18,63875742723984,-0.062,1.428,0.292,-0.01,-0.049,0.013,0.999,NaN,NaN,NaN,NaN,NaN,NaN,NaN,NaN,NaN,NaN,NaN,NaN,NaN,NaN,NaN,NaN,NaN,NaN,NaN,NaN,NaN,NaN,NaN,NaN,NaN,NaN,NaN,NaN,NaN,NaN,NaN,NaN
335792,1.00000193306732e+18,63875742723984,-0.062,1.428,0.292,-0.01,-0.049,0.013,0.999,NaN,NaN,NaN,NaN,NaN,NaN,NaN,NaN,NaN,NaN,NaN,NaN,NaN,NaN,NaN,NaN,NaN,NaN,NaN,NaN,NaN,NaN,NaN,NaN,NaN,NaN,NaN,NaN,NaN,NaN,NaN,NaN
335793,1.00000193307233e+18,63875742723984,-0.062,1.428,0.292,-0.01,-0.049,0.013,0.999,NaN,NaN,NaN,NaN,NaN,NaN,NaN,NaN,NaN,NaN,NaN,NaN,NaN,NaN,NaN,NaN,NaN,NaN,NaN,NaN,NaN,NaN,NaN,NaN,NaN,NaN,NaN,NaN,NaN,NaN,NaN,NaN
335794,1.00000193307734e+18,63875742723984,-0.062,1.428,0.292,-0.01,-0.049,0.013,0.999,NaN,NaN,NaN,NaN,NaN,NaN,NaN,NaN,NaN,NaN,NaN,NaN,NaN,NaN,NaN,NaN,NaN,NaN,NaN,NaN,NaN,NaN,NaN,NaN,NaN,NaN,NaN,NaN,NaN,NaN,NaN,NaN
335795,1.00000193308235e+18,63875742723984,-0.062,1.428,0.292,-0.01,-0.049,0.013,0.999,NaN,NaN,NaN,NaN,NaN,NaN,NaN,NaN,NaN,NaN,NaN,NaN,NaN,NaN,NaN,NaN,NaN,NaN,NaN,NaN,NaN,NaN,NaN,NaN,NaN,NaN,NaN,NaN,NaN,NaN,NaN,NaN
335796,1.00000193308737e+18,63875742723984,-0.062,1.428,0.292,-0.01,-0.049,0.013,0.999,NaN,NaN,NaN,NaN,NaN,NaN,NaN,NaN,NaN,NaN,NaN,NaN,NaN,NaN,NaN,NaN,NaN,NaN,NaN,NaN,NaN,NaN,NaN,NaN,NaN,NaN,NaN,NaN,NaN,NaN,NaN,NaN
335797,1.00000193309238e+18,63875742723984,-0.062,1.428,0.292,-0.01,-0.049,0.013,0.999,NaN,-0.017,-0.477,0.879,0,0,0,64.325,NaN,NaN,NaN,NaN,NaN,NaN,NaN,NaN,-0.017,-0.477,0.879,0.032,0,0,0.505,3.216,6.373,NaN,2,0,NaN,NaN,NaN,NaN
335798,1.00000193309739e+18,63875742723984,-0.062,1.428,0.292,-0.01,-0.049,0.013,0.999,NaN,-0.076,-0.46,0.885,0,0,0,64.325,NaN,NaN,NaN,NaN,NaN,NaN,NaN,NaN,-0.076,-0.46,0.885,0.032,0,0,0.505,3.216,6.373,NaN,2,0,NaN,NaN,NaN,NaN
335799,1.0000019331024e+18,63875742723995,-0.062,1.428,0.292,-0.01,-0.049,0.013,0.999,NaN,-0.11,-0.462,0.88,0,0,0,64.325,NaN,NaN,NaN,NaN,NaN,NaN,NaN,NaN,-0.11,-0.462,0.88,0.032,0,0,0.504,3.212,6.373,NaN,2,0,NaN,NaN,NaN,NaN
335800,1.00000193310743e+18,63875742723995,-0.062,1.428,0.292,-0.01,-0.049,0.013,0.999,NaN,-0.13,-0.47,0.873,0,0,0,64.325,NaN,NaN,NaN,NaN,NaN,NaN,NaN,NaN,-0.13,-0.47,0.873,0.032,0,0,0.503,3.202,6.373,NaN,2,0,NaN,NaN,NaN,NaN
335801,1.00000193311244e+18,63875742724006,-0.062,1.428,0.292,-0.01,-0.049,0.013,0.999,NaN,-0.133,-0.477,0.869,0,0,0,64.325,NaN,NaN,NaN,NaN,NaN,NaN,NaN,NaN,-0.133,-0.477,0.869,0.032,0,0,0.501,3.194,6.373,NaN,2,0,NaN,NaN,NaN,NaN
335802,1.00000193311742e+18,63875742724006,-0.062,1.428,0.292,-0.01,-0.049,0.013,0.999,NaN,-0.134,-0.483,0.865,0,0,0,64.325,NaN,NaN,NaN,NaN,NaN,NaN,NaN,NaN,-0.134,-0.483,0.865,0.032,0,0,0.5,3.189,6.373,NaN,2,0,NaN,NaN,NaN,NaN
335803,1.00000193312244e+18,63875742724016,-0.062,1.428,0.292,-0.01,-0.049,0.013,0.999,NaN,-0.129,-0.489,0.863,0,0,0,64.325,NaN,NaN,NaN,NaN,NaN,NaN,NaN,NaN,-0.129,-0.489,0.863,0.032,0,0,0.5,3.188,6.373,NaN,2,0,NaN,NaN,NaN,NaN
335804,1.00000193312745e+18,63875742724016,-0.062,1.428,0.292,-0.01,-0.049,0.013,0.999,NaN,-0.125,-0.492,0.862,0,0,0,64.325,NaN,NaN,NaN,NaN,NaN,NaN,NaN,NaN,-0.125,-0.492,0.862,0.032,0,0,0.5,3.187,6.373,NaN,2,0,NaN,NaN,NaN,NaN
335805,1.00000193313246e+18,63875742724028,-0.062,1.428,0.292,-0.01,-0.049,0.012,0.999,NaN,-0.124,-0.494,0.861,0,0,0,64.325,NaN,NaN,NaN,NaN,NaN,NaN,NaN,NaN,-0.124,-0.494,0.861,0.032,0,0,0.5,3.187,6.373,NaN,2,0,NaN,NaN,NaN,NaN
335806,1.00000193313751e+18,63875742724028,-0.062,1.428,0.292,-0.01,-0.049,0.012,0.999,NaN,-0.124,-0.495,0.86,0,0,0,64.325,NaN,NaN,NaN,NaN,NaN,NaN,NaN,NaN,-0.124,-0.495,0.86,0.032,0,0,0.5,3.188,6.373,NaN,2,0,NaN,NaN,NaN,NaN
335807,1.00000193314253e+18,63875742724028,-0.062,1.428,0.292,-0.01,-0.049,0.012,0.999,NaN,-0.128,-0.492,0.861,0,0,0,64.325,NaN,NaN,NaN,NaN,NaN,NaN,NaN,NaN,-0.128,-0.492,0.861,0.032,0,0,0.5,3.188,6.373,NaN,2,0,NaN,NaN,NaN,NaN
335808,1.00000193314754e+18,63875742724040,-0.062,1.428,0.291,-0.01,-0.049,0.012,0.999,NaN,-0.131,-0.491,0.861,0,0,0,64.325,NaN,NaN,NaN,NaN,NaN,NaN,NaN,NaN,-0.131,-0.491,0.861,0.032,0,0,0.5,3.188,6.373,NaN,2,0,NaN,NaN,NaN,NaN
335809,1.00000193315256e+18,63875742724040,-0.062,1.428,0.291,-0.01,-0.049,0.012,0.999,NaN,-0.136,-0.481,0.866,0,0,0,64.325,NaN,NaN,NaN,NaN,NaN,NaN,NaN,NaN,-0.136,-0.481,0.866,0.032,0,0,0.533,3.394,6.373,NaN,2,0,NaN,NaN,NaN,NaN
335810,1.00000193315757e+18,63875742724050,-0.062,1.429,0.291,-0.01,-0.049,0.012,0.999,NaN,-0.139,-0.475,0.869,0,0,0,64.325,NaN,NaN,NaN,NaN,NaN,NaN,NaN,NaN,-0.139,-0.475,0.869,0.032,0,0,0.538,3.432,6.373,NaN,2,0,NaN,NaN,NaN,NaN
335811,1.00000193316258e+18,63875742724050,-0.062,1.429,0.291,-0.01,-0.049,0.012,0.999,NaN,-0.141,-0.471,0.871,0,0,0,64.325,NaN,NaN,NaN,NaN,NaN,NaN,NaN,NaN,-0.141,-0.471,0.871,0.032,0,0,0.54,3.444,6.373,NaN,2,0,NaN,NaN,NaN,NaN
335812,1.0000019331676e+18,63875742724061,-0.062,1.429,0.291,-0.01,-0.049,0.012,0.999,NaN,-0.143,-0.467,0.872,0,0,0,64.325,NaN,NaN,NaN,NaN,NaN,NaN,NaN,NaN,-0.143,-0.467,0.872,0.032,0,0,0.541,3.45,6.373,NaN,2,0,NaN,NaN,NaN,NaN
335813,1.00000193317262e+18,63875742724062,-0.062,1.429,0.291,-0.01,-0.049,0.012,0.999,NaN,-0.148,-0.463,0.874,0,0,0,64.325,NaN,NaN,NaN,NaN,NaN,NaN,NaN,NaN,-0.148,-0.463,0.874,0.032,0,0,0.542,3.455,6.373,NaN,2,0,NaN,NaN,NaN,NaN
335814,1.00000193317764e+18,63875742724073,-0.062,1.429,0.291,-0.01,-0.049,0.012,0.999,NaN,-0.151,-0.458,0.876,0,0,0,64.325,NaN,NaN,NaN,NaN,NaN,NaN,NaN,NaN,-0.151,-0.458,0.876,0.032,0,0,0.543,3.458,6.373,NaN,2,0,NaN,NaN,NaN,NaN
335815,1.00000193318261e+18,63875742724073,-0.062,1.429,0.291,-0.01,-0.049,0.012,0.999,NaN,-0.153,-0.449,0.88,0,0,0,64.325,NaN,NaN,NaN,NaN,NaN,NaN,NaN,NaN,-0.153,-0.449,0.88,0.032,0,0,0.543,3.461,6.373,NaN,2,0,NaN,NaN,NaN,NaN
335816,1.00000193318763e+18,63875742724084,-0.062,1.429,0.291,-0.01,-0.049,0.012,0.999,NaN,-0.154,-0.438,0.885,0,0,0,64.325,NaN,NaN,NaN,NaN,NaN,NaN,NaN,NaN,-0.154,-0.438,0.885,0.032,0,0,0.544,3.466,6.373,NaN,2,0,NaN,NaN,NaN,NaN
335817,1.00000193319265e+18,63875742724084,-0.062,1.429,0.291,-0.01,-0.049,0.012,0.999,NaN,-0.152,-0.436,0.887,0,0,0,64.325,NaN,NaN,NaN,NaN,NaN,NaN,NaN,NaN,-0.152,-0.436,0.887,0.032,0,0,0.544,3.469,6.373,NaN,2,0,NaN,NaN,NaN,NaN
335818,1.00000193319767e+18,63875742724084,-0.062,1.429,0.291,-0.01,-0.049,0.012,0.999,NaN,-0.15,-0.434,0.888,0,0,0,64.325,NaN,NaN,NaN,NaN,NaN,NaN,NaN,NaN,-0.15,-0.434,0.888,0.032,0,0,0.545,3.471,6.373,NaN,2,0,NaN,NaN,NaN,NaN
335819,1.00000193320269e+18,63875742724095,-0.062,1.429,0.291,-0.01,-0.049,0.012,0.999,NaN,-0.148,-0.432,0.889,0,0,0,64.325,NaN,NaN,NaN,NaN,NaN,NaN,NaN,NaN,-0.148,-0.432,0.889,0.032,0,0,0.545,3.472,6.373,NaN,2,0,NaN,NaN,NaN,NaN
335820,1.00000193320771e+18,63875742724095,-0.062,1.429,0.291,-0.01,-0.049,0.012,0.999,NaN,-0.147,-0.431,0.89,0,0,0,64.325,NaN,NaN,NaN,NaN,NaN,NaN,NaN,NaN,-0.147,-0.431,0.89,0.032,0,0,0.545,3.473,6.373,NaN,2,0,NaN,NaN,NaN,NaN
335821,1.00000193321267e+18,63875742724106,-0.062,1.429,0.291,-0.01,-0.049,0.012,0.999,NaN,-0.146,-0.43,0.891,0,0,0,64.325,NaN,NaN,NaN,NaN,NaN,NaN,NaN,NaN,-0.146,-0.43,0.891,0.032,0,0,0.545,3.47,6.373,NaN,2,0,NaN,NaN,NaN,NaN
335822,1.00000193321771e+18,63875742724106,-0.062,1.429,0.291,-0.01,-0.049,0.012,0.999,NaN,-0.144,-0.43,0.891,0,0,0,64.325,NaN,NaN,NaN,NaN,NaN,NaN,NaN,NaN,-0.144,-0.43,0.891,0.032,0,0,0.542,3.457,6.373,NaN,2,0,NaN,NaN,NaN,NaN
335823,1.00000193322273e+18,63875742724117,-0.062,1.429,0.291,-0.01,-0.049,0.012,0.999,NaN,-0.143,-0.43,0.892,0,0,0,64.325,NaN,NaN,NaN,NaN,NaN,NaN,NaN,NaN,-0.143,-0.43,0.892,0.032,0,0,0.539,3.438,6.373,NaN,2,0,NaN,NaN,NaN,NaN
335824,1.00000193322775e+18,63875742724117,-0.062,1.429,0.291,-0.01,-0.049,0.012,0.999,NaN,-0.141,-0.427,0.893,0,0,0,64.325,NaN,NaN,NaN,NaN,NaN,NaN,NaN,NaN,-0.141,-0.427,0.893,0.032,0,0,0.535,3.412,6.373,NaN,2,0,NaN,NaN,NaN,NaN
335825,1.00000193323277e+18,63875742724128,-0.062,1.429,0.291,-0.01,-0.049,0.012,0.999,NaN,-0.139,-0.417,0.898,0,0,0,64.325,NaN,NaN,NaN,NaN,NaN,NaN,NaN,NaN,-0.139,-0.417,0.898,0.032,0,0,0.537,3.42,6.373,NaN,2,0,NaN,NaN,NaN,NaN
335826,1.00000193323773e+18,63875742724128,-0.062,1.429,0.291,-0.01,-0.049,0.012,0.999,NaN,-0.136,-0.407,0.903,0,0,0,64.325,NaN,NaN,NaN,NaN,NaN,NaN,NaN,NaN,-0.136,-0.407,0.903,0.032,0,0,0.539,3.433,6.373,NaN,2,0,NaN,NaN,NaN,NaN
335827,1.00000193324275e+18,63875742724128,-0.062,1.429,0.291,-0.01,-0.049,0.012,0.999,NaN,-0.134,-0.374,0.918,0,0,0,64.325,NaN,NaN,NaN,NaN,NaN,NaN,NaN,NaN,-0.134,-0.374,0.918,0.032,0,0,0.546,3.482,6.373,NaN,2,0,NaN,NaN,NaN,NaN
335828,1.00000193324777e+18,63875742724139,-0.062,1.429,0.291,-0.01,-0.049,0.012,0.999,NaN,-0.131,-0.344,0.93,0,0,0,64.325,NaN,NaN,NaN,NaN,NaN,NaN,NaN,NaN,-0.131,-0.344,0.93,0.032,0,0,0.55,3.507,6.373,NaN,2,0,NaN,NaN,NaN,NaN
335829,1.00000193325279e+18,63875742724139,-0.062,1.429,0.291,-0.01,-0.049,0.012,0.999,NaN,-0.126,-0.318,0.94,0,0,0,64.325,NaN,NaN,NaN,NaN,NaN,NaN,NaN,NaN,-0.126,-0.318,0.94,0.032,0,0,0.553,3.526,6.373,NaN,2,0,NaN,NaN,NaN,NaN
335830,1.00000193325779e+18,63875742724150,-0.062,1.429,0.291,-0.01,-0.049,0.013,0.999,NaN,-0.121,-0.29,0.949,0,0,0,64.325,NaN,NaN,NaN,NaN,NaN,NaN,NaN,NaN,-0.121,-0.29,0.949,0.032,0,0,0.558,3.558,6.373,NaN,2,0,NaN,NaN,NaN,NaN
335831,1.00000193326281e+18,63875742724150,-0.062,1.429,0.291,-0.01,-0.049,0.013,0.999,NaN,-0.112,-0.274,0.955,0,0,0,64.325,NaN,NaN,NaN,NaN,NaN,NaN,NaN,NaN,-0.112,-0.274,0.955,0.032,0,0,0.568,3.622,6.373,NaN,2,0,NaN,NaN,NaN,NaN
335832,1.00000193326782e+18,63875742724161,-0.062,1.428,0.291,-0.01,-0.049,0.013,0.999,NaN,-0.104,-0.264,0.959,0,0,0,64.325,NaN,NaN,NaN,NaN,NaN,NaN,NaN,NaN,-0.104,-0.264,0.959,0.032,0,0,0.571,3.636,6.373,NaN,2,0,NaN,NaN,NaN,NaN
335833,1.00000193327285e+18,63875742724161,-0.062,1.428,0.291,-0.01,-0.049,0.013,0.999,NaN,-0.099,-0.26,0.961,0,0,0,64.325,NaN,NaN,NaN,NaN,NaN,NaN,NaN,NaN,-0.099,-0.26,0.961,0.032,0,0,0.571,3.641,6.373,NaN,2,0,NaN,NaN,NaN,NaN
335834,1.00000193327786e+18,63875742724173,-0.062,1.428,0.291,-0.01,-0.049,0.013,0.999,NaN,-0.099,-0.272,0.957,0,0,0,64.325,NaN,-0.085,-0.293,0.952,-0.032,0,0,0.556,3.566,6.415,0.767,NaN,-0.099,-0.272,0.957,0.032,0,0,0.571,3.641,6.373,0.718,2,0
335835,1.00000193328288e+18,63875742724173,-0.062,1.428,0.291,-0.01,-0.049,0.013,0.999,NaN,-0.093,-0.274,0.957,0,0,0,64.325,NaN,NaN,NaN,NaN,NaN,NaN,NaN,NaN,-0.093,-0.274,0.957,0.032,0,0,0.573,3.65,6.373,NaN,2,0,NaN,NaN,NaN,NaN
335836,1.0000019332879e+18,63875742724183,-0.062,1.428,0.291,-0.01,-0.049,0.013,0.999,NaN,-0.086,-0.277,0.957,0,0,0,64.325,NaN,NaN,NaN,NaN,NaN,NaN,NaN,NaN,-0.086,-0.277,0.957,0.032,0,0,0.574,3.655,6.373,NaN,2,0,NaN,NaN,NaN,NaN
335837,1.00000193329286e+18,63875742724183,-0.062,1.428,0.291,-0.01,-0.049,0.013,0.999,NaN,-0.053,-0.267,0.962,0,0,0,64.325,NaN,NaN,NaN,NaN,NaN,NaN,NaN,NaN,-0.053,-0.267,0.962,0.032,0,0,0.579,3.688,6.373,NaN,2,0,NaN,NaN,NaN,NaN
335838,1.00000193329787e+18,63875742724183,-0.062,1.428,0.291,-0.01,-0.049,0.013,0.999,NaN,-0.019,-0.252,0.967,0,0,0,64.325,NaN,NaN,NaN,NaN,NaN,NaN,NaN,NaN,-0.019,-0.252,0.967,0.032,0,0,0.582,3.707,6.373,NaN,2,0,NaN,NaN,NaN,NaN
335839,1.00000193330289e+18,63875742724194,-0.062,1.428,0.291,-0.01,-0.049,0.013,0.999,NaN,0.001,-0.236,0.972,0,0,0,64.325,NaN,NaN,NaN,NaN,NaN,NaN,NaN,NaN,0.001,-0.236,0.972,0.032,0,0,0.587,3.738,6.373,NaN,2,0,NaN,NaN,NaN,NaN
335840,1.00000193330792e+18,63875742724195,-0.062,1.428,0.291,-0.01,-0.049,0.013,0.999,NaN,0.061,-0.209,0.976,0,0,0,64.325,NaN,0.37,-0.153,0.916,-0.032,0,0,0.485,3.113,6.415,0.772,NaN,0.061,-0.209,0.976,0.032,0,0,0.587,3.744,6.373,0.72,0.1912905,0
335841,1.00000193331295e+18,63875742724206,-0.062,1.428,0.291,-0.01,-0.049,0.013,0.999,NaN,0.095,-0.188,0.978,0,0,0,64.325,NaN,0.377,-0.144,0.915,-0.032,0,0,0.485,3.113,6.415,0.772,NaN,0.095,-0.188,0.978,0.032,0,0,0.587,3.741,6.373,0.72,0.2094572,0
335842,1.00000193331798e+18,63875742724206,-0.062,1.428,0.291,-0.01,-0.049,0.013,0.999,NaN,0.123,-0.177,0.977,0,0,0,64.325,NaN,0.122,-0.162,0.979,-0.032,0,0,0.488,3.133,6.415,0.772,NaN,0.123,-0.177,0.977,0.032,0,0,0.583,3.717,6.373,0.72,2,0
335843,1.00000193332301e+18,63875742724217,-0.062,1.428,0.291,-0.01,-0.049,0.013,0.999,NaN,0.14,-0.169,0.976,0,0,0,64.325,NaN,0.129,-0.157,0.979,-0.032,0,0,0.49,3.143,6.415,0.772,NaN,0.14,-0.169,0.976,0.032,0,0,0.582,3.708,6.373,0.72,2,0
335844,1.00000193332804e+18,63875742724217,-0.062,1.428,0.291,-0.01,-0.049,0.013,0.999,NaN,0.151,-0.162,0.975,0,0,0,64.325,NaN,0.145,-0.137,0.98,-0.032,0,0,0.49,3.144,6.415,0.771,NaN,0.151,-0.162,0.975,0.032,0,0,0.582,3.709,6.373,0.722,2,0
335845,1.00000193333307e+18,63875742724228,-0.062,1.428,0.291,-0.01,-0.049,0.013,0.999,NaN,0.158,-0.154,0.975,0,0,0,64.325,NaN,0.171,-0.111,0.979,-0.032,0,0,0.492,3.155,6.415,0.769,NaN,0.158,-0.154,0.975,0.032,0,0,0.583,3.712,6.373,0.723,2,0
