176365,1.00000113398151e+18,63875741924868,0.032,1.438,-0.019,0.061,-0.022,0.002,0.998,NaN,-0.009,-0.129,0.992,0,0,0,64.325,NaN,0.061,-0.129,0.99,-0.032,0,0,0.587,3.765,6.415,0.914,NaN,-0.03,-0.129,0.991,0.032,0,0,0.574,3.657,6.373,0.903,0.7100887,0
176366,1.00000113398654e+18,63875741924879,0.032,1.439,-0.019,0.061,-0.022,0.002,0.998,NaN,-0.017,-0.133,0.991,0,0,0,64.325,NaN,0.041,-0.133,0.99,-0.032,0,0,0.587,3.767,6.415,0.914,NaN,-0.04,-0.133,0.99,0.032,0,0,0.575,3.664,6.373,0.902,0.7927341,0
176367,1.00000113399158e+18,63875741924879,0.032,1.439,-0.019,0.061,-0.022,0.002,0.998,NaN,-0.023,-0.136,0.99,0,0,0,64.325,NaN,0.027,-0.136,0.99,-0.032,0,0,0.588,3.772,6.415,0.915,NaN,-0.048,-0.136,0.99,0.032,0,0,0.575,3.666,6.373,0.901,0.8611598,0
176368,1.00000113399662e+18,63875741924890,0.032,1.439,-0.019,0.061,-0.022,0.002,0.998,NaN,-0.035,-0.143,0.989,0,0,0,64.325,NaN,0.043,-0.143,0.989,-0.032,0,0,0.588,3.771,6.415,0.915,NaN,-0.052,-0.143,0.988,0.032,0,0,0.576,3.668,6.373,0.9,0.6736069,0
176369,1.00000113400164e+18,63875741924890,0.032,1.439,-0.019,0.061,-0.022,0.002,0.998,NaN,-0.042,-0.149,0.988,0,0,0,64.325,NaN,0.053,-0.149,0.987,-0.032,0,0,0.588,3.771,6.415,0.916,NaN,-0.055,-0.149,0.987,0.032,0,0,0.576,3.668,6.373,0.899,0.594043,0
176370,1.00000113400645e+18,63875741924901,0.032,1.439,-0.019,0.061,-0.022,0.003,0.998,NaN,-0.045,-0.153,0.987,0,0,0,64.325,NaN,0.057,-0.153,0.987,-0.032,0,0,0.587,3.763,6.415,0.916,NaN,-0.057,-0.153,0.987,0.032,0,0,0.576,3.669,6.373,0.898,0.5600732,0
176371,1.00000113401149e+18,63875741924901,0.032,1.439,-0.019,0.061,-0.022,0.003,0.998,NaN,-0.048,-0.157,0.986,0,0,0,64.325,NaN,0.062,-0.156,0.986,-0.032,0,0,0.585,3.753,6.415,0.917,NaN,-0.058,-0.156,0.986,0.032,0,0,0.576,3.669,6.373,0.898,0.5332271,0
176372,1.00000113401648e+18,63875741924913,0.032,1.439,-0.019,0.061,-0.022,0.003,0.998,NaN,-0.049,-0.158,0.986,0,0,0,64.325,NaN,0.065,-0.158,0.985,-0.032,0,0,0.583,3.741,6.415,0.918,NaN,-0.059,-0.158,0.986,0.032,0,0,0.576,3.669,6.373,0.897,0.5171748,0
176373,1.00000113402152e+18,63875741924913,0.032,1.439,-0.019,0.061,-0.022,0.003,0.998,NaN,-0.049,-0.16,0.986,0,0,0,64.325,NaN,0.067,-0.16,0.985,-0.032,0,0,0.582,3.734,6.415,0.918,NaN,-0.06,-0.16,0.985,0.032,0,0,0.576,3.669,6.373,0.897,0.506081,0
176374,1.00000113402653e+18,63875741924913,0.032,1.439,-0.019,0.061,-0.022,0.003,0.998,NaN,-0.051,-0.162,0.985,0,0,0,64.325,NaN,0.068,-0.162,0.984,-0.032,0,0,0.582,3.732,6.415,0.919,NaN,-0.06,-0.162,0.985,0.032,0,0,0.576,3.669,6.373,0.896,0.4971827,0
176375,1.00000113403157e+18,63875741924923,0.032,1.439,-0.019,0.061,-0.022,0.003,0.998,NaN,-0.053,-0.163,0.985,0,0,0,64.325,NaN,0.07,-0.163,0.984,-0.032,0,0,0.581,3.73,6.415,0.92,NaN,-0.061,-0.163,0.985,0.032,0,0,0.576,3.669,6.373,0.896,0.4904514,0
176376,1.00000113403658e+18,63875741924923,0.032,1.439,-0.019,0.061,-0.022,0.003,0.998,NaN,-0.045,-0.158,0.986,0,0,0,64.325,NaN,0.061,-0.158,0.986,-0.032,0,0,0.582,3.732,6.415,0.921,NaN,-0.061,-0.158,0.986,0.032,0,0,0.576,3.669,6.373,0.896,0.5243022,0
176377,1.00000113404162e+18,63875741924934,0.032,1.439,-0.019,0.061,-0.022,0.003,0.998,NaN,-0.042,-0.157,0.987,0,0,0,64.325,NaN,0.049,-0.157,0.986,-0.032,0,0,0.583,3.74,6.415,0.921,NaN,-0.062,-0.156,0.986,0.032,0,0,0.576,3.669,6.373,0.896,0.57708,0
176378,1.00000113404663e+18,63875741924934,0.032,1.439,-0.019,0.061,-0.022,0.003,0.998,NaN,-0.045,-0.158,0.986,0,0,0,64.325,NaN,0.054,-0.158,0.986,-0.032,0,0,0.584,3.746,6.415,0.922,NaN,-0.062,-0.158,0.985,0.032,0,0,0.576,3.668,6.373,0.895,0.5507206,0
176379,1.00000113405164e+18,63875741924945,0.032,1.439,-0.019,0.061,-0.023,0.003,0.998,NaN,-0.047,-0.159,0.986,0,0,0,64.325,NaN,0.058,-0.159,0.986,-0.032,0,0,0.584,3.749,6.415,0.922,NaN,-0.062,-0.159,0.985,0.032,0,0,0.576,3.668,6.373,0.895,0.5343592,0
176380,1.00000113405665e+18,63875741924945,0.032,1.439,-0.019,0.061,-0.023,0.003,0.998,NaN,-0.044,-0.156,0.987,0,0,0,64.325,NaN,0.046,-0.156,0.987,-0.032,0,0,0.586,3.759,6.415,0.923,NaN,-0.063,-0.156,0.986,0.032,0,0,0.576,3.668,6.373,0.895,0.59305,0
176381,1.00000113406155e+18,63875741924957,0.032,1.439,-0.019,0.061,-0.023,0.003,0.998,NaN,-0.046,-0.157,0.987,0,0,0,64.325,NaN,0.05,-0.157,0.986,-0.032,0,0,0.586,3.759,6.415,0.923,NaN,-0.063,-0.157,0.986,0.032,0,0,0.576,3.668,6.373,0.895,0.5666574,0
176382,1.00000113406656e+18,63875741924957,0.032,1.439,-0.019,0.061,-0.023,0.003,0.998,NaN,-0.047,-0.158,0.986,0,0,0,64.325,NaN,0.054,-0.158,0.986,-0.032,0,0,0.585,3.755,6.415,0.924,NaN,-0.063,-0.158,0.986,0.032,0,0,0.576,3.668,6.373,0.895,0.5502966,0
176383,1.00000113407158e+18,63875741924957,0.032,1.439,-0.019,0.061,-0.023,0.003,0.998,NaN,-0.048,-0.159,0.986,0,0,0,64.325,NaN,0.056,-0.158,0.986,-0.032,0,0,0.584,3.75,6.415,0.925,NaN,-0.063,-0.158,0.985,0.032,0,0,0.576,3.668,6.373,0.895,0.5395932,0
176384,1.00000113407659e+18,63875741924968,0.032,1.439,-0.019,0.061,-0.023,0.004,0.998,NaN,-0.05,-0.16,0.986,0,0,0,64.325,NaN,0.058,-0.16,0.985,-0.032,0,0,0.584,3.747,6.415,0.925,NaN,-0.063,-0.16,0.985,0.032,0,0,0.576,3.668,6.373,0.895,0.5324909,0
176385,1.00000113408163e+18,63875741924968,0.032,1.439,-0.019,0.061,-0.023,0.004,0.998,NaN,-0.051,-0.161,0.986,0,0,0,64.325,NaN,0.059,-0.161,0.985,-0.032,0,0,0.583,3.738,6.415,0.926,NaN,-0.062,-0.161,0.985,0.032,0,0,0.576,3.668,6.373,0.894,0.5284631,0
176386,1.00000113408669e+18,63875741924978,0.032,1.439,-0.019,0.061,-0.023,0.004,0.998,NaN,-0.051,-0.161,0.986,0,0,0,64.325,NaN,0.059,-0.161,0.985,-0.032,0,0,0.582,3.734,6.415,0.926,NaN,-0.062,-0.161,0.985,0.032,0,0,0.576,3.669,6.373,0.894,0.5264459,0
176387,1.0000011340917e+18,63875741924978,0.032,1.439,-0.019,0.061,-0.023,0.004,0.998,NaN,-0.052,-0.162,0.985,0,0,0,64.325,NaN,0.06,-0.162,0.985,-0.032,0,0,0.582,3.731,6.415,0.927,NaN,-0.062,-0.162,0.985,0.032,0,0,0.576,3.669,6.373,0.894,0.5236058,0
176388,1.00000113409673e+18,63875741924990,0.032,1.439,-0.019,0.061,-0.023,0.004,0.998,NaN,-0.052,-0.163,0.985,0,0,0,64.325,NaN,0.061,-0.162,0.985,-0.032,0,0,0.582,3.731,6.415,0.927,NaN,-0.062,-0.162,0.985,0.032,0,0,0.576,3.669,6.373,0.894,0.5201725,0
176389,1.00000113410174e+18,63875741924991,0.032,1.439,-0.019,0.061,-0.023,0.004,0.998,NaN,-0.052,-0.163,0.985,0,0,0,64.325,NaN,0.063,-0.163,0.985,-0.032,0,0,0.582,3.731,6.415,0.927,NaN,-0.062,-0.163,0.985,0.032,0,0,0.576,3.67,6.373,0.894,0.5155985,0
176390,1.00000113410677e+18,63875741925001,0.032,1.439,-0.019,0.061,-0.023,0.005,0.998,NaN,-0.053,-0.164,0.985,0,0,0,64.325,NaN,0.05,-0.164,0.985,-0.032,0,0,0.582,3.736,6.415,0.927,NaN,-0.062,-0.164,0.985,0.032,0,0,0.576,3.67,6.373,0.894,0.5726017,0
176391,1.00000113411175e+18,63875741925001,0.032,1.439,-0.019,0.061,-0.023,0.005,0.998,NaN,-0.054,-0.165,0.985,0,0,0,64.325,NaN,0.03,-0.165,0.986,-0.032,0,0,0.586,3.757,6.415,0.928,NaN,-0.061,-0.165,0.984,0.032,0,0,0.576,3.67,6.373,0.894,0.699084,0
176392,1.00000113411674e+18,63875741925012,0.032,1.439,-0.019,0.061,-0.024,0.005,0.998,NaN,-0.053,-0.165,0.985,0,0,0,64.325,NaN,0.037,-0.165,0.986,-0.032,0,0,0.587,3.765,6.415,0.928,NaN,-0.061,-0.165,0.984,0.032,0,0,0.576,3.671,6.373,0.894,0.6527424,0
176393,1.00000113412175e+18,63875741925012,0.032,1.439,-0.019,0.061,-0.024,0.005,0.998,NaN,-0.053,-0.165,0.985,0,0,0,64.325,NaN,0.041,-0.165,0.985,-0.032,0,0,0.587,3.767,6.415,0.929,NaN,-0.061,-0.165,0.984,0.032,0,0,0.576,3.671,6.373,0.894,0.6278703,0
176394,1.00000113412673e+18,63875741925012,0.032,1.439,-0.019,0.061,-0.024,0.005,0.998,NaN,-0.054,-0.166,0.985,0,0,0,64.325,NaN,0.043,-0.166,0.985,-0.032,0,0,0.588,3.769,6.415,0.929,NaN,-0.061,-0.166,0.984,0.032,0,0,0.576,3.671,6.373,0.894,0.6168665,0
176395,1.00000113413174e+18,63875741925023,0.032,1.439,-0.019,0.062,-0.024,0.005,0.998,NaN,-0.054,-0.166,0.985,0,0,0,64.325,NaN,0.045,-0.166,0.985,-0.032,0,0,0.587,3.766,6.415,0.93,NaN,-0.061,-0.166,0.984,0.032,0,0,0.576,3.672,6.373,0.894,0.6070487,0
176396,1.00000113413676e+18,63875741925023,0.032,1.439,-0.019,0.062,-0.024,0.005,0.998,NaN,-0.053,-0.167,0.985,0,0,0,64.325,NaN,0.047,-0.167,0.985,-0.032,0,0,0.585,3.753,6.415,0.93,NaN,-0.06,-0.167,0.984,0.032,0,0,0.576,3.672,6.373,0.894,0.5952684,0
176397,1.00000113414177e+18,63875741925034,0.032,1.439,-0.019,0.062,-0.024,0.005,0.998,NaN,-0.053,-0.167,0.985,0,0,0,64.325,NaN,0.051,-0.167,0.985,-0.032,0,0,0.584,3.748,6.415,0.93,NaN,-0.06,-0.167,0.984,0.032,0,0,0.576,3.673,6.373,0.894,0.5773148,0
176398,1.0000011341468e+18,63875741925034,0.032,1.439,-0.019,0.062,-0.024,0.005,0.998,NaN,-0.053,-0.167,0.984,0,0,0,64.325,NaN,0.054,-0.167,0.984,-0.032,0,0,0.584,3.745,6.415,0.93,NaN,-0.06,-0.167,0.984,0.032,0,0,0.576,3.673,6.373,0.894,0.5594894,0
176399,1.00000113415185e+18,63875741925045,0.032,1.439,-0.019,0.062,-0.024,0.005,0.998,NaN,-0.053,-0.168,0.984,0,0,0,64.325,NaN,0.058,-0.168,0.984,-0.032,0,0,0.583,3.743,6.415,0.93,NaN,-0.06,-0.168,0.984,0.032,0,0,0.577,3.674,6.373,0.894,0.5435928,0.05389125
176400,1.00000113415686e+18,63875741925045,0.032,1.439,-0.019,0.062,-0.024,0.005,0.998,NaN,-0.055,-0.169,0.984,0,0,0,64.325,NaN,0.054,-0.169,0.984,-0.032,0,0,0.584,3.748,6.415,0.93,NaN,-0.061,-0.169,0.984,0.032,0,0,0.577,3.674,6.373,0.894,0.5584704,0.3637236
176401,1.00000113416186e+18,63875741925056,0.032,1.439,-0.019,0.062,-0.025,0.006,0.998,NaN,-0.055,-0.17,0.984,0,0,0,64.325,NaN,0.055,-0.17,0.984,-0.032,0,0,0.585,3.752,6.415,0.931,NaN,-0.062,-0.17,0.984,0.032,0,0,0.576,3.673,6.373,0.894,0.5485476,0.2828966
176402,1.00000113416688e+18,63875741925056,0.032,1.439,-0.019,0.062,-0.025,0.006,0.998,NaN,-0.053,-0.167,0.984,0,0,0,64.325,NaN,0.053,-0.167,0.984,-0.032,0,0,0.586,3.76,6.415,0.931,NaN,-0.062,-0.167,0.984,0.032,0,0,0.576,3.672,6.373,0.894,0.5528497,0
176403,1.00000113417189e+18,63875741925067,0.032,1.439,-0.019,0.062,-0.025,0.006,0.998,NaN,-0.053,-0.168,0.984,0,0,0,64.325,NaN,0.054,-0.168,0.984,-0.032,0,0,0.587,3.765,6.415,0.931,NaN,-0.063,-0.168,0.984,0.032,0,0,0.576,3.669,6.373,0.894,0.544427,0
176404,1.0000011341769e+18,63875741925067,0.032,1.439,-0.019,0.062,-0.025,0.006,0.998,NaN,-0.054,-0.169,0.984,0,0,0,64.325,NaN,0.04,-0.169,0.985,-0.032,0,0,0.59,3.782,6.415,0.931,NaN,-0.064,-0.169,0.984,0.032,0,0,0.575,3.665,6.373,0.894,0.617749,0
176405,1.00000113418186e+18,63875741925067,0.032,1.439,-0.019,0.062,-0.025,0.006,0.998,NaN,-0.054,-0.17,0.984,0,0,0,64.325,NaN,0.043,-0.17,0.985,-0.032,0,0,0.59,3.782,6.415,0.931,NaN,-0.065,-0.17,0.983,0.032,0,0,0.575,3.663,6.373,0.894,0.5958321,0
176406,1.00000113418687e+18,63875741925078,0.032,1.439,-0.019,0.062,-0.025,0.006,0.998,NaN,-0.055,-0.17,0.984,0,0,0,64.325,NaN,0.025,-0.171,0.985,-0.032,0,0,0.591,3.79,6.415,0.931,NaN,-0.065,-0.17,0.983,0.032,0,0,0.575,3.662,6.373,0.894,0.7100767,0
176407,1.0000011341919e+18,63875741925078,0.032,1.439,-0.019,0.062,-0.025,0.006,0.998,NaN,-0.056,-0.171,0.984,0,0,0,64.325,NaN,0.006,-0.171,0.985,-0.032,0,0,0.592,3.8,6.415,0.931,NaN,-0.066,-0.171,0.983,0.032,0,0,0.575,3.662,6.373,0.894,0.8861814,0
176408,1.00000113419691e+18,63875741925090,0.032,1.439,-0.019,0.062,-0.025,0.006,0.998,NaN,-0.054,-0.169,0.984,0,0,0,64.325,NaN,0.009,-0.169,0.986,-0.032,0,0,0.594,3.813,6.415,0.931,NaN,-0.066,-0.169,0.983,0.032,0,0,0.575,3.662,6.373,0.894,0.8489697,0
176409,1.00000113420193e+18,63875741925090,0.032,1.439,-0.019,0.062,-0.025,0.006,0.998,NaN,-0.052,-0.168,0.984,0,0,0,64.325,NaN,0.011,-0.168,0.986,-0.032,0,0,0.595,3.814,6.415,0.931,NaN,-0.067,-0.168,0.984,0.032,0,0,0.575,3.662,6.373,0.894,0.824207,0
176410,1.00000113420694e+18,63875741925101,0.032,1.439,-0.019,0.062,-0.025,0.006,0.998,NaN,-0.053,-0.168,0.984,0,0,0,64.325,NaN,-0.005,-0.168,0.986,-0.032,0,0,0.596,3.824,6.415,0.931,NaN,-0.067,-0.168,0.983,0.032,0,0,0.575,3.663,6.373,0.894,1.02282,0
176411,1.00000113421196e+18,63875741925101,0.032,1.439,-0.019,0.062,-0.025,0.006,0.998,NaN,-0.049,-0.166,0.985,0,0,0,64.325,NaN,0,-0.166,0.986,-0.032,0,0,0.596,3.826,6.415,0.931,NaN,-0.068,-0.166,0.984,0.032,0,0,0.575,3.663,6.373,0.894,0.9472784,0
176412,1.00000113421697e+18,63875741925113,0.032,1.439,-0.019,0.062,-0.026,0.006,0.998,NaN,-0.051,-0.167,0.985,0,0,0,64.325,NaN,0.01,-0.167,0.986,-0.032,0,0,0.596,3.821,6.415,0.931,NaN,-0.069,-0.167,0.984,0.032,0,0,0.575,3.664,6.373,0.894,0.808718,0
176413,1.00000113422199e+18,63875741925113,0.032,1.439,-0.019,0.062,-0.026,0.006,0.998,NaN,-0.049,-0.166,0.985,0,0,0,64.325,NaN,0.01,-0.166,0.986,-0.032,0,0,0.594,3.812,6.415,0.931,NaN,-0.069,-0.166,0.984,0.032,0,0,0.576,3.673,6.373,0.894,0.8200287,0
176414,1.000001134227e+18,63875741925113,0.032,1.439,-0.019,0.062,-0.026,0.006,0.998,NaN,-0.043,-0.166,0.985,0,0,0,64.325,NaN,0.012,-0.166,0.986,-0.032,0,0,0.598,3.836,6.415,0.93,NaN,-0.067,-0.165,0.984,0.032,0,0,0.582,3.707,6.373,0.893,0.8106744,0
176415,1.00000113423201e+18,63875741925123,0.032,1.439,-0.019,0.062,-0.026,0.006,0.998,NaN,-0.027,-0.162,0.986,0,0,0,64.325,NaN,0.019,-0.162,0.987,-0.032,0,0,0.607,3.896,6.415,0.928,NaN,-0.061,-0.162,0.985,0.032,0,0,0.585,3.726,6.373,0.892,0.804832,0
176416,1.000001134237e+18,63875741925134,0.032,1.439,-0.019,0.062,-0.026,0.006,0.998,NaN,-0.004,-0.155,0.988,0,0,0,64.325,NaN,0.038,-0.155,0.987,-0.032,0,0,0.599,3.845,6.415,0.925,NaN,-0.041,-0.155,0.987,0.032,0,0,0.587,3.739,6.373,0.892,0.8062563,0
176417,1.00000113424203e+18,63875741925134,0.032,1.439,-0.019,0.062,-0.026,0.006,0.998,NaN,0.02,-0.146,0.989,0,0,0,64.325,NaN,0.07,-0.146,0.987,-0.032,0,0,0.595,3.816,6.415,0.919,NaN,-0.013,-0.146,0.989,0.032,0,0,0.585,3.731,6.373,0.891,0.7734151,0
176418,1.00000113424705e+18,63875741925134,0.032,1.439,-0.019,0.062,-0.026,0.006,0.998,NaN,0.06,-0.136,0.989,0,0,0,64.325,NaN,0.102,-0.136,0.985,-0.032,0,0,0.587,3.767,6.415,0.912,NaN,0.023,-0.137,0.99,0.032,0,0,0.581,3.705,6.373,0.889,0.8108402,0
176419,1.0000011342521e+18,63875741925145,0.032,1.439,-0.019,0.062,-0.026,0.006,0.998,NaN,0.093,-0.114,0.989,0,0,0,64.325,NaN,0.132,-0.113,0.985,-0.032,0,0,0.587,3.768,6.415,0.907,NaN,0.059,-0.114,0.992,0.032,0,0,0.58,3.694,6.373,0.887,0.8814668,0
176420,1.00000113425712e+18,63875741925145,0.032,1.439,-0.019,0.062,-0.026,0.006,0.998,NaN,0.126,-0.093,0.988,0,0,0,64.325,NaN,0.168,-0.092,0.981,-0.032,0,0,0.574,3.681,6.415,0.901,NaN,0.09,-0.093,0.992,0.032,0,0,0.579,3.689,6.373,0.886,0.7997242,0
176421,1.00000113426208e+18,63875741925156,0.032,1.439,-0.019,0.062,-0.026,0.007,0.998,NaN,0.142,-0.08,0.987,0,0,0,64.325,NaN,0.197,-0.079,0.977,-0.032,0,0,0.573,3.674,6.415,0.896,NaN,0.114,-0.08,0.99,0.032,0,0,0.579,3.689,6.373,0.883,0.7467318,0
176422,1.0000011342671e+18,63875741925156,0.032,1.439,-0.019,0.062,-0.026,0.007,0.998,NaN,0.162,-0.07,0.984,0,0,0,64.325,NaN,0.212,-0.07,0.975,-0.032,0,0,0.573,3.674,6.415,0.894,NaN,0.131,-0.071,0.989,0.032,0,0,0.579,3.692,6.373,0.877,0.7657771,0
176423,1.00000113427213e+18,63875741925167,0.032,1.439,-0.019,0.062,-0.026,0.007,0.998,NaN,0.177,-0.055,0.983,0,0,0,64.325,NaN,0.221,-0.055,0.974,-0.032,0,0,0.585,3.756,6.415,0.892,NaN,0.142,-0.055,0.988,0.032,0,0,0.58,3.697,6.373,0.872,0.7887594,0
176424,1.00000113427714e+18,63875741925167,0.032,1.439,-0.019,0.062,-0.026,0.007,0.998,NaN,0.184,-0.048,0.982,0,0,0,64.325,NaN,0.225,-0.048,0.973,-0.032,0,0,0.587,3.768,6.415,0.891,NaN,0.149,-0.048,0.988,0.032,0,0,0.581,3.7,6.373,0.867,0.8159678,0
176425,1.00000113428216e+18,63875741925178,0.032,1.439,-0.019,0.062,-0.026,0.007,0.998,NaN,0.189,-0.038,0.981,0,0,0,64.325,NaN,0.228,-0.037,0.973,-0.032,0,0,0.589,3.776,6.415,0.89,NaN,0.154,-0.038,0.987,0.032,0,0,0.581,3.702,6.373,0.864,0.8322365,0
176426,1.00000113428715e+18,63875741925178,0.032,1.439,-0.019,0.062,-0.026,0.007,0.998,NaN,0.191,-0.035,0.981,0,0,0,64.325,NaN,0.228,-0.034,0.973,-0.032,0,0,0.591,3.791,6.415,0.889,NaN,0.157,-0.035,0.987,0.032,0,0,0.581,3.702,6.373,0.861,0.8611184,0
176427,1.00000113429216e+18,63875741925178,0.032,1.439,-0.019,0.062,-0.026,0.007,0.998,NaN,0.192,-0.032,0.981,0,0,0,64.325,NaN,0.228,-0.032,0.973,-0.032,0,0,0.593,3.807,6.415,0.889,NaN,0.158,-0.032,0.987,0.032,0,0,0.581,3.702,6.373,0.858,0.8826761,0
176428,1.00000113429717e+18,63875741925190,0.032,1.439,-0.019,0.062,-0.026,0.007,0.998,NaN,0.192,-0.031,0.981,0,0,0,64.325,NaN,0.228,-0.03,0.973,-0.032,0,0,0.594,3.811,6.415,0.889,NaN,0.159,-0.031,0.987,0.032,0,0,0.581,3.702,6.373,0.856,0.9027153,0
176429,1.00000113430219e+18,63875741925190,0.032,1.439,-0.019,0.062,-0.026,0.007,0.998,NaN,0.192,-0.03,0.981,0,0,0,64.325,NaN,0.227,-0.03,0.974,-0.032,0,0,0.595,3.819,6.415,0.889,NaN,0.16,-0.03,0.987,0.032,0,0,0.581,3.702,6.373,0.855,0.9255853,0
176430,1.00000113430721e+18,63875741925200,0.032,1.439,-0.019,0.062,-0.026,0.007,0.998,NaN,0.192,-0.03,0.981,0,0,0,64.325,NaN,0.226,-0.029,0.974,-0.032,0,0,0.595,3.814,6.415,0.89,NaN,0.16,-0.03,0.987,0.032,0,0,0.581,3.702,6.373,0.854,0.9411512,0
176431,1.00000113431223e+18,63875741925200,0.032,1.439,-0.019,0.062,-0.026,0.007,0.998,NaN,0.193,-0.029,0.981,0,0,0,64.325,NaN,0.226,-0.029,0.974,-0.032,0,0,0.594,3.812,6.415,0.89,NaN,0.161,-0.03,0.987,0.032,0,0,0.581,3.701,6.373,0.853,0.9520191,0
176432,1.00000113431724e+18,63875741925211,0.032,1.439,-0.019,0.062,-0.026,0.007,0.998,NaN,0.192,-0.029,0.981,0,0,0,64.325,NaN,0.225,-0.029,0.974,-0.032,0,0,0.594,3.813,6.415,0.89,NaN,0.161,-0.029,0.987,0.032,0,0,0.581,3.701,6.373,0.853,0.96982,0
176433,1.00000113432225e+18,63875741925212,0.032,1.439,-0.019,0.062,-0.026,0.007,0.998,NaN,0.192,-0.029,0.981,0,0,0,64.325,NaN,0.224,-0.029,0.974,-0.032,0,0,0.595,3.816,6.415,0.89,NaN,0.161,-0.029,0.986,0.032,0,0,0.581,3.701,6.373,0.852,0.9847448,0
176434,1.00000113432727e+18,63875741925223,0.032,1.439,-0.019,0.062,-0.026,0.007,0.998,NaN,0.192,-0.029,0.981,0,0,0,64.325,NaN,0.223,-0.028,0.974,-0.032,0,0,0.595,3.819,6.415,0.89,NaN,0.161,-0.029,0.986,0.032,0,0,0.581,3.7,6.373,0.852,0.9989957,0
176435,1.00000113433229e+18,63875741925223,0.032,1.439,-0.019,0.062,-0.026,0.007,0.998,NaN,0.191,-0.028,0.981,0,0,0,64.325,NaN,0.222,-0.028,0.975,-0.032,0,0,0.599,3.841,6.415,0.89,NaN,0.162,-0.028,0.986,0.032,0,0,0.581,3.7,6.373,0.852,1.025088,0
176436,1.0000011343373e+18,63875741925223,0.032,1.439,-0.019,0.062,-0.026,0.007,0.998,NaN,0.191,-0.028,0.981,0,0,0,64.325,NaN,0.221,-0.027,0.975,-0.032,0,0,0.601,3.853,6.415,0.89,NaN,0.162,-0.028,0.986,0.032,0,0,0.581,3.7,6.373,0.852,1.049806,0
176437,1.00000113434232e+18,63875741925234,0.032,1.439,-0.019,0.062,-0.026,0.007,0.998,NaN,0.19,-0.027,0.981,0,0,0,64.325,NaN,0.22,-0.027,0.975,-0.032,0,0,0.602,3.86,6.415,0.89,NaN,0.162,-0.027,0.986,0.032,0,0,0.581,3.7,6.373,0.852,1.071389,0
176438,1.0000011343473e+18,63875741925234,0.032,1.439,-0.019,0.062,-0.026,0.007,0.998,NaN,0.19,-0.027,0.981,0,0,0,64.325,NaN,0.219,-0.027,0.975,-0.032,0,0,0.602,3.862,6.415,0.891,NaN,0.162,-0.027,0.986,0.032,0,0,0.581,3.7,6.373,0.853,1.090101,0
176439,1.00000113435233e+18,63875741925245,0.032,1.439,-0.019,0.062,-0.026,0.007,0.998,NaN,0.19,-0.027,0.981,0,0,0,64.325,NaN,0.218,-0.026,0.976,-0.032,0,0,0.602,3.865,6.415,0.891,NaN,0.162,-0.027,0.986,0.032,0,0,0.58,3.699,6.373,0.853,1.111888,0
176440,1.00000113435735e+18,63875741925245,0.032,1.439,-0.019,0.062,-0.026,0.007,0.998,NaN,0.19,-0.026,0.981,0,0,0,64.325,NaN,0.217,-0.026,0.976,-0.032,0,0,0.603,3.867,6.415,0.892,NaN,0.163,-0.027,0.986,0.032,0,0,0.58,3.699,6.373,0.853,1.130123,0
176441,1.00000113436233e+18,63875741925255,0.032,1.439,-0.018,0.062,-0.026,0.007,0.998,NaN,0.19,-0.027,0.981,0,0,0,64.325,NaN,0.217,-0.027,0.976,-0.032,0,0,0.6,3.85,6.415,0.892,NaN,0.163,-0.027,0.986,0.032,0,0,0.58,3.699,6.373,0.853,1.140862,0.03779667
176442,1.00000113436734e+18,63875741925255,0.032,1.439,-0.018,0.062,-0.026,0.007,0.998,NaN,0.19,-0.027,0.981,0,0,0,64.325,NaN,0.217,-0.027,0.976,-0.032,0,0,0.599,3.842,6.415,0.892,NaN,0.163,-0.028,0.986,0.032,0,0,0.58,3.699,6.373,0.854,1.144673,0.4083496
176443,1.00000113437238e+18,63875741925267,0.032,1.439,-0.018,0.062,-0.026,0.007,0.998,NaN,0.189,-0.028,0.982,0,0,0,64.325,NaN,0.217,-0.028,0.976,-0.032,0,0,0.598,3.839,6.415,0.893,NaN,0.163,-0.028,0.986,0.032,0,0,0.58,3.698,6.373,0.854,1.148942,0.5546923
176444,1.00000113437737e+18,63875741925267,0.032,1.439,-0.018,0.062,-0.026,0.007,0.998,NaN,0.189,-0.028,0.982,0,0,0,64.325,NaN,0.216,-0.028,0.976,-0.032,0,0,0.599,3.845,6.415,0.893,NaN,0.163,-0.028,0.986,0.032,0,0,0.58,3.698,6.373,0.855,1.162644,0.7760471
176445,1.00000113438238e+18,63875741925267,0.032,1.439,-0.018,0.062,-0.026,0.007,0.998,NaN,0.189,-0.028,0.982,0,0,0,64.325,NaN,0.216,-0.028,0.976,-0.032,0,0,0.6,3.848,6.415,0.893,NaN,0.163,-0.028,0.986,0.032,0,0,0.58,3.698,6.373,0.855,1.173906,0.9309848
176446,1.00000113438739e+18,63875741925278,0.032,1.439,-0.018,0.062,-0.026,0.007,0.998,NaN,0.189,-0.029,0.982,0,0,0,64.325,NaN,0.215,-0.029,0.976,-0.032,0,0,0.6,3.847,6.415,0.894,NaN,0.163,-0.029,0.986,0.032,0,0,0.58,3.697,6.373,0.856,1.183173,0.9146894
176447,1.0000011343924e+18,63875741925278,0.032,1.439,-0.018,0.062,-0.026,0.007,0.998,NaN,0.189,-0.029,0.982,0,0,0,64.325,NaN,0.215,-0.029,0.976,-0.032,0,0,0.598,3.836,6.415,0.894,NaN,0.163,-0.029,0.986,0.032,0,0,0.58,3.697,6.373,0.857,1.188646,0.8959359
176448,1.00000113439741e+18,63875741925289,0.032,1.439,-0.018,0.062,-0.026,0.008,0.998,NaN,0.189,-0.03,0.982,0,0,0,64.325,NaN,0.215,-0.03,0.976,-0.032,0,0,0.597,3.831,6.415,0.895,NaN,0.163,-0.03,0.986,0.032,0,0,0.58,3.697,6.373,0.857,1.187679,0.9047158
176449,1.00000113440241e+18,63875741925289,0.032,1.439,-0.018,0.062,-0.026,0.008,0.998,NaN,0.189,-0.03,0.982,0,0,0,64.325,NaN,0.215,-0.03,0.976,-0.032,0,0,0.597,3.831,6.415,0.896,NaN,0.163,-0.03,0.986,0.032,0,0,0.58,3.696,6.373,0.858,1.196002,0.9248434
176450,1.00000113440742e+18,63875741925294,0.032,1.439,-0.018,0.062,-0.026,0.007,0.998,NaN,0.189,-0.03,0.982,0,0,0,64.325,NaN,0.215,-0.03,0.976,-0.032,0,0,0.597,3.83,6.415,0.896,NaN,0.163,-0.031,0.986,0.032,0,0,0.58,3.696,6.373,0.859,1.198817,0.9068923
176451,1.00000113441243e+18,63875741925304,0.032,1.439,-0.018,0.062,-0.026,0.007,0.998,NaN,0.189,-0.031,0.982,0,0,0,64.325,NaN,0.215,-0.031,0.976,-0.032,0,0,0.597,3.829,6.415,0.899,NaN,0.164,-0.031,0.986,0.032,0,0,0.58,3.696,6.373,0.86,2,0.9139833
176452,1.00000113441743e+18,63875741925304,0.032,1.439,-0.018,0.062,-0.026,0.007,0.998,NaN,0.189,-0.031,0.982,0,0,0,64.325,NaN,0.215,-0.031,0.976,-0.032,0,0,0.597,3.827,6.415,0.9,NaN,0.164,-0.031,0.986,0.032,0,0,0.58,3.696,6.373,0.861,2,0.9001473
176453,1.00000113442244e+18,63875741925316,0.031,1.439,-0.018,0.062,-0.026,0.007,0.998,NaN,0.189,-0.031,0.982,0,0,0,64.325,NaN,0.215,-0.031,0.976,-0.032,0,0,0.596,3.826,6.415,0.901,NaN,0.164,-0.031,0.986,0.032,0,0,0.58,3.696,6.373,0.862,2,0.9079082
176454,1.00000113442748e+18,63875741925316,0.031,1.439,-0.018,0.062,-0.026,0.007,0.998,NaN,0.189,-0.032,0.982,0,0,0,64.325,NaN,0.215,-0.031,0.976,-0.032,0,0,0.596,3.825,6.415,0.901,NaN,0.164,-0.032,0.986,0.032,0,0,0.58,3.697,6.373,0.863,2,0.9396884
176455,1.00000113443249e+18,63875741925326,0.032,1.439,-0.018,0.061,-0.026,0.007,0.998,NaN,0.189,-0.032,0.982,0,0,0,64.325,NaN,0.214,-0.032,0.976,-0.032,0,0,0.596,3.824,6.415,0.901,NaN,0.164,-0.032,0.986,0.032,0,0,0.58,3.697,6.373,0.864,2,0.9370805
176456,1.00000113443752e+18,63875741925326,0.032,1.439,-0.018,0.061,-0.026,0.007,0.998,NaN,0.189,-0.032,0.982,0,0,0,64.325,NaN,0.214,-0.032,0.976,-0.032,0,0,0.596,3.823,6.415,0.902,NaN,0.164,-0.032,0.986,0.032,0,0,0.58,3.698,6.373,0.864,2,0.9226958
176457,1.00000113444252e+18,63875741925326,0.032,1.439,-0.018,0.061,-0.026,0.007,0.998,NaN,0.189,-0.032,0.981,0,0,0,64.325,NaN,0.214,-0.032,0.976,-0.032,0,0,0.596,3.823,6.415,0.902,NaN,0.164,-0.032,0.986,0.032,0,0,0.58,3.699,6.373,0.865,2,0.9086495
176458,1.00000113444756e+18,63875741925337,0.031,1.439,-0.018,0.061,-0.026,0.007,0.998,NaN,0.189,-0.032,0.982,0,0,0,64.325,NaN,0.214,-0.032,0.976,-0.032,0,0,0.596,3.823,6.415,0.903,NaN,0.164,-0.032,0.986,0.032,0,0,0.581,3.7,6.373,0.866,2,0.9098048
176459,1.00000113445256e+18,63875741925337,0.031,1.439,-0.018,0.061,-0.026,0.007,0.998,NaN,0.189,-0.032,0.981,0,0,0,64.325,NaN,0.214,-0.032,0.976,-0.032,0,0,0.594,3.811,6.415,0.903,NaN,0.164,-0.033,0.986,0.032,0,0,0.581,3.701,6.373,0.867,2,0.8838698
176460,1.00000113445755e+18,63875741925353,0.031,1.439,-0.018,0.061,-0.026,0.007,0.998,NaN,0.189,-0.033,0.981,0,0,0,64.325,NaN,0.214,-0.032,0.976,-0.032,0,0,0.593,3.805,6.415,0.904,NaN,0.164,-0.033,0.986,0.032,0,0,0.581,3.702,6.373,0.867,2,0.9427171
176461,1.00000113446257e+18,63875741925353,0.031,1.439,-0.018,0.061,-0.026,0.007,0.998,NaN,0.189,-0.033,0.981,0,0,0,64.325,NaN,0.214,-0.033,0.976,-0.032,0,0,0.593,3.803,6.415,0.904,NaN,0.164,-0.033,0.986,0.032,0,0,0.581,3.703,6.373,0.868,2,0.9302633
176462,1.00000113446758e+18,63875741925359,0.031,1.439,-0.018,0.062,-0.026,0.007,0.998,NaN,0.188,-0.034,0.982,0,0,0,64.325,NaN,0.214,-0.034,0.976,-0.032,0,0,0.593,3.801,6.415,0.905,NaN,0.163,-0.034,0.986,0.032,0,0,0.581,3.706,6.373,0.869,2,0.6120633
176463,1.00000113447258e+18,63875741925359,0.031,1.439,-0.018,0.062,-0.026,0.007,0.998,NaN,0.185,-0.036,0.982,0,0,0,64.325,NaN,0.215,-0.036,0.976,-0.032,0,0,0.591,3.792,6.415,0.905,NaN,0.162,-0.036,0.986,0.032,0,0,0.583,3.717,6.373,0.87,1.185662,0.3078441
176464,1.00000113447758e+18,63875741925370,0.031,1.439,-0.018,0.062,-0.026,0.007,0.998,NaN,0.184,-0.036,0.982,0,0,0,64.325,NaN,0.214,-0.035,0.976,-0.032,0,0,0.594,3.808,6.415,0.905,NaN,0.163,-0.036,0.986,0.032,0,0,0.585,3.728,6.373,0.872,2,0
176465,1.00000113448262e+18,63875741925370,0.031,1.439,-0.018,0.062,-0.026,0.007,0.998,NaN,0.185,-0.034,0.982,0,0,0,64.325,NaN,0.216,-0.034,0.976,-0.032,0,0,0.595,3.815,6.415,0.904,NaN,0.165,-0.034,0.986,0.032,0,0,0.587,3.74,6.373,0.872,2,0
176466,1.00000113448763e+18,63875741925381,0.031,1.439,-0.018,0.062,-0.026,0.006,0.998,NaN,0.186,-0.027,0.982,0,0,0,64.325,NaN,0.217,-0.027,0.976,-0.032,0,0,0.593,3.802,6.415,0.904,NaN,0.167,-0.027,0.986,0.032,0,0,0.588,3.747,6.373,0.873,2,0
176467,1.00000113449265e+18,63875741925381,0.031,1.439,-0.018,0.062,-0.026,0.006,0.998,NaN,0.187,-0.018,0.982,0,0,0,64.325,NaN,0.218,-0.017,0.976,-0.032,0,0,0.594,3.811,6.415,0.903,NaN,0.172,-0.018,0.985,0.032,0,0,0.59,3.762,6.373,0.872,2,0
176468,1.00000113449766e+18,63875741925392,0.031,1.439,-0.018,0.062,-0.026,0.006,0.998,NaN,0.185,0.017,0.983,0,0,0,64.325,NaN,0.219,0.017,0.976,-0.032,0,0,0.603,3.867,6.415,0.903,NaN,0.168,0.017,0.986,0.032,0,0,0.592,3.774,6.373,0.872,2,0
176469,1.00000113450275e+18,63875741925392,0.031,1.439,-0.018,0.062,-0.026,0.006,0.998,NaN,0.191,0.056,0.98,0,0,0,64.325,NaN,0.223,0.056,0.973,-0.032,0,0,0.599,3.846,6.415,0.896,NaN,0.181,0.056,0.982,0.032,0,0,0.594,3.789,6.373,0.872,2,0
176470,1.00000113450776e+18,63875741925392,0.031,1.439,-0.018,0.062,-0.026,0.006,0.998,NaN,0.202,0.087,0.975,0,0,0,64.325,NaN,0.229,0.087,0.97,-0.032,0,0,0.603,3.869,6.415,0.887,NaN,0.2,0.087,0.976,0.032,0,0,0.595,3.792,6.373,0.873,2,0
176471,1.00000113451272e+18,63875741925403,0.031,1.439,-0.018,0.062,-0.026,0.006,0.998,NaN,0.216,0.114,0.97,0,0,0,64.325,NaN,0.236,0.113,0.965,-0.032,0,0,0.599,3.845,6.415,0.879,NaN,0.216,0.114,0.97,0.032,0,0,0.595,3.793,6.373,0.874,2,0
176472,1.00000113451767e+18,63875741925415,0.031,1.439,-0.018,0.062,-0.026,0.006,0.998,NaN,0.229,0.129,0.965,0,0,0,64.325,NaN,0.248,0.129,0.96,-0.032,0,0,0.59,3.784,6.415,0.872,NaN,0.227,0.129,0.965,0.032,0,0,0.595,3.79,6.373,0.876,2,0
176473,1.00000113452268e+18,63875741925415,0.031,1.439,-0.018,0.062,-0.026,0.006,0.998,NaN,0.256,0.161,0.953,0,0,0,64.325,NaN,0.266,0.161,0.95,-0.032,0,0,0.548,3.516,6.415,0.866,NaN,0.222,0.165,0.961,0.032,0,0,0.562,3.579,6.373,0.877,2,0
176474,1.00000113452774e+18,63875741925415,0.031,1.439,-0.018,0.062,-0.026,0.006,0.998,NaN,0.279,0.179,0.943,0,0,0,64.325,NaN,0.284,0.179,0.942,-0.032,0,0,0.537,3.445,6.415,0.862,NaN,0.218,0.19,0.957,0.032,0,0,0.557,3.552,6.373,0.879,0.9051563,0
176475,1.00000113453276e+18,63875741925426,0.031,1.439,-0.018,0.062,-0.026,0.006,0.998,NaN,0.297,0.194,0.935,0,0,0,64.325,NaN,0.298,0.194,0.935,-0.032,0,0,0.532,3.411,6.415,0.86,NaN,0.216,0.208,0.954,0.032,0,0,0.556,3.545,6.373,0.882,0.7175109,0
176476,1.00000113453779e+18,63875741925426,0.031,1.439,-0.018,0.062,-0.026,0.006,0.998,NaN,0.308,0.204,0.929,0,0,0,64.325,NaN,0.308,0.204,0.929,-0.032,0,0,0.528,3.388,6.415,0.857,NaN,0.215,0.221,0.951,0.032,0,0,0.556,3.544,6.373,0.886,0.6278501,0
176477,1.00000113454281e+18,63875741925436,0.031,1.439,-0.018,0.062,-0.026,0.006,0.998,NaN,0.316,0.21,0.925,0,0,0,64.325,NaN,0.316,0.21,0.925,-0.032,0,0,0.527,3.381,6.415,0.856,NaN,0.214,0.229,0.95,0.032,0,0,0.556,3.543,6.373,0.888,0.576053,0
176478,1.00000113454783e+18,63875741925436,0.031,1.439,-0.018,0.062,-0.026,0.006,0.998,NaN,0.322,0.214,0.922,0,0,0,64.325,NaN,0.321,0.214,0.922,-0.032,0,0,0.526,3.375,6.415,0.855,NaN,0.213,0.235,0.948,0.032,0,0,0.556,3.542,6.373,0.891,0.5419029,0
176479,1.00000113455284e+18,63875741925437,0.031,1.439,-0.018,0.062,-0.026,0.006,0.998,NaN,0.325,0.198,0.925,0,0,0,64.325,NaN,0.324,0.198,0.925,-0.032,0,0,0.522,3.351,6.415,0.853,NaN,0.212,0.238,0.948,0.032,0,0,0.556,3.541,6.373,0.893,0.4907973,0
176480,1.00000113455779e+18,63875741925448,0.031,1.439,-0.018,0.062,-0.026,0.006,0.998,NaN,0.328,0.205,0.922,0,0,0,64.325,NaN,0.327,0.205,0.923,-0.032,0,0,0.522,3.347,6.415,0.852,NaN,0.212,0.239,0.948,0.032,0,0,0.555,3.539,6.373,0.893,0.4894303,0
176481,1.0000011345628e+18,63875741925449,0.031,1.439,-0.018,0.062,-0.026,0.006,0.998,NaN,0.328,0.196,0.924,0,0,0,64.325,NaN,0.33,0.196,0.923,-0.032,0,0,0.522,3.348,6.415,0.848,NaN,0.238,0.22,0.946,0.032,0,0,0.55,3.508,6.373,0.892,0.6163059,0
176482,1.00000113456786e+18,63875741925459,0.031,1.439,-0.018,0.062,-0.026,0.005,0.998,NaN,0.33,0.202,0.922,0,0,0,64.325,NaN,0.332,0.202,0.921,-0.032,0,0,0.524,3.36,6.415,0.843,NaN,0.235,0.225,0.946,0.032,0,0,0.554,3.529,6.373,0.89,0.5928419,0
176483,1.00000113457288e+18,63875741925459,0.031,1.439,-0.018,0.062,-0.026,0.005,0.998,NaN,0.333,0.204,0.921,0,0,0,64.325,NaN,0.334,0.204,0.92,-0.032,0,0,0.525,3.37,6.415,0.83,NaN,0.234,0.22,0.947,0.032,0,0,0.548,3.494,6.373,0.883,0.5823554,0
176484,1.00000113457788e+18,63875741925471,0.031,1.439,-0.018,0.061,-0.026,0.005,0.998,NaN,0.203,0.566,0.799,0,0,0,64.325,NaN,0.197,0.567,0.8,-0.032,0,0,0.525,3.371,6.415,0.809,NaN,0.243,0.241,0.94,0.032,0,0,0.62,3.95,6.373,0.865,2,0
176485,1.00000113458288e+18,63875741925572,0.031,1.44,-0.019,0.06,-0.025,0.004,0.998,NaN,NaN,NaN,NaN,NaN,NaN,NaN,NaN,NaN,NaN,NaN,NaN,NaN,NaN,NaN,NaN,NaN,NaN,NaN,NaN,NaN,NaN,NaN,NaN,NaN,NaN,NaN,NaN,NaN,NaN,NaN,NaN
176486,1.00000113458788e+18,63875741925572,0.031,1.44,-0.019,0.06,-0.025,0.004,0.998,NaN,NaN,NaN,NaN,NaN,NaN,NaN,NaN,NaN,NaN,NaN,NaN,NaN,NaN,NaN,NaN,NaN,NaN,NaN,NaN,NaN,NaN,NaN,NaN,NaN,NaN,NaN,NaN,NaN,NaN,NaN,NaN
176487,1.0000011345929e+18,63875741925572,0.031,1.44,-0.019,0.06,-0.025,0.004,0.998,NaN,NaN,NaN,NaN,NaN,NaN,NaN,NaN,NaN,NaN,NaN,NaN,NaN,NaN,NaN,NaN,NaN,NaN,NaN,NaN,NaN,NaN,NaN,NaN,NaN,NaN,NaN,NaN,NaN,NaN,NaN,NaN
176488,1.00000113459791e+18,63875741925572,0.031,1.44,-0.019,0.06,-0.025,0.004,0.998,NaN,NaN,NaN,NaN,NaN,NaN,NaN,NaN,NaN,NaN,NaN,NaN,NaN,NaN,NaN,NaN,NaN,NaN,NaN,NaN,NaN,NaN,NaN,NaN,NaN,NaN,NaN,NaN,NaN,NaN,NaN,NaN
176489,1.00000113460296e+18,63875741925572,0.031,1.44,-0.019,0.06,-0.025,0.004,0.998,NaN,NaN,NaN,NaN,NaN,NaN,NaN,NaN,NaN,NaN,NaN,NaN,NaN,NaN,NaN,NaN,NaN,NaN,NaN,NaN,NaN,NaN,NaN,NaN,NaN,NaN,NaN,NaN,NaN,NaN,NaN,NaN
176490,1.00000113460796e+18,63875741925572,0.031,1.44,-0.019,0.06,-0.025,0.004,0.998,NaN,NaN,NaN,NaN,NaN,NaN,NaN,NaN,NaN,NaN,NaN,NaN,NaN,NaN,NaN,NaN,NaN,NaN,NaN,NaN,NaN,NaN,NaN,NaN,NaN,NaN,NaN,NaN,NaN,NaN,NaN,NaN
176491,1.00000113461291e+18,63875741925572,0.031,1.44,-0.019,0.06,-0.025,0.004,0.998,NaN,NaN,NaN,NaN,NaN,NaN,NaN,NaN,NaN,NaN,NaN,NaN,NaN,NaN,NaN,NaN,NaN,NaN,NaN,NaN,NaN,NaN,NaN,NaN,NaN,NaN,NaN,NaN,NaN,NaN,NaN,NaN
176492,1.00000113461793e+18,63875741925572,0.031,1.44,-0.019,0.06,-0.025,0.004,0.998,NaN,NaN,NaN,NaN,NaN,NaN,NaN,NaN,NaN,NaN,NaN,NaN,NaN,NaN,NaN,NaN,NaN,NaN,NaN,NaN,NaN,NaN,NaN,NaN,NaN,NaN,NaN,NaN,NaN,NaN,NaN,NaN
176493,1.00000113462295e+18,63875741925572,0.031,1.44,-0.019,0.06,-0.025,0.004,0.998,NaN,NaN,NaN,NaN,NaN,NaN,NaN,NaN,NaN,NaN,NaN,NaN,NaN,NaN,NaN,NaN,NaN,NaN,NaN,NaN,NaN,NaN,NaN,NaN,NaN,NaN,NaN,NaN,NaN,NaN,NaN,NaN
176494,1.00000113462795e+18,63875741925572,0.031,1.44,-0.019,0.06,-0.025,0.004,0.998,NaN,NaN,NaN,NaN,NaN,NaN,NaN,NaN,NaN,NaN,NaN,NaN,NaN,NaN,NaN,NaN,NaN,NaN,NaN,NaN,NaN,NaN,NaN,NaN,NaN,NaN,NaN,NaN,NaN,NaN,NaN,NaN
176495,1.00000113463297e+18,63875741925572,0.031,1.44,-0.019,0.06,-0.025,0.004,0.998,NaN,NaN,NaN,NaN,NaN,NaN,NaN,NaN,NaN,NaN,NaN,NaN,NaN,NaN,NaN,NaN,NaN,NaN,NaN,NaN,NaN,NaN,NaN,NaN,NaN,NaN,NaN,NaN,NaN,NaN,NaN,NaN
176496,1.00000113463798e+18,63875741925572,0.031,1.44,-0.019,0.06,-0.025,0.004,0.998,NaN,NaN,NaN,NaN,NaN,NaN,NaN,NaN,NaN,NaN,NaN,NaN,NaN,NaN,NaN,NaN,NaN,NaN,NaN,NaN,NaN,NaN,NaN,NaN,NaN,NaN,NaN,NaN,NaN,NaN,NaN,NaN
176497,1.000001134643e+18,63875741925572,0.031,1.44,-0.019,0.06,-0.025,0.004,0.998,NaN,NaN,NaN,NaN,NaN,NaN,NaN,NaN,NaN,NaN,NaN,NaN,NaN,NaN,NaN,NaN,NaN,NaN,NaN,NaN,NaN,NaN,NaN,NaN,NaN,NaN,NaN,NaN,NaN,NaN,NaN,NaN
176498,1.00000113464805e+18,63875741925572,0.031,1.44,-0.019,0.06,-0.025,0.004,0.998,NaN,NaN,NaN,NaN,NaN,NaN,NaN,NaN,NaN,NaN,NaN,NaN,NaN,NaN,NaN,NaN,NaN,NaN,NaN,NaN,NaN,NaN,NaN,NaN,NaN,NaN,NaN,NaN,NaN,NaN,NaN,NaN
176499,1.00000113465307e+18,63875741925572,0.031,1.44,-0.019,0.06,-0.025,0.004,0.998,NaN,NaN,NaN,NaN,NaN,NaN,NaN,NaN,NaN,NaN,NaN,NaN,NaN,NaN,NaN,NaN,NaN,NaN,NaN,NaN,NaN,NaN,NaN,NaN,NaN,NaN,NaN,NaN,NaN,NaN,NaN,NaN
176500,1.00000113465804e+18,63875741925572,0.031,1.44,-0.019,0.06,-0.025,0.004,0.998,NaN,NaN,NaN,NaN,NaN,NaN,NaN,NaN,NaN,NaN,NaN,NaN,NaN,NaN,NaN,NaN,NaN,NaN,NaN,NaN,NaN,NaN,NaN,NaN,NaN,NaN,NaN,NaN,NaN,NaN,NaN,NaN
176501,1.00000113466306e+18,63875741925572,0.031,1.44,-0.019,0.06,-0.025,0.004,0.998,NaN,NaN,NaN,NaN,NaN,NaN,NaN,NaN,NaN,NaN,NaN,NaN,NaN,NaN,NaN,NaN,NaN,NaN,NaN,NaN,NaN,NaN,NaN,NaN,NaN,NaN,NaN,NaN,NaN,NaN,NaN,NaN
176502,1.00000113466806e+18,63875741925572,0.031,1.44,-0.019,0.06,-0.025,0.004,0.998,NaN,NaN,NaN,NaN,NaN,NaN,NaN,NaN,NaN,NaN,NaN,NaN,NaN,NaN,NaN,NaN,NaN,NaN,NaN,NaN,NaN,NaN,NaN,NaN,NaN,NaN,NaN,NaN,NaN,NaN,NaN,NaN
176503,1.00000113467307e+18,63875741925572,0.031,1.44,-0.019,0.06,-0.025,0.004,0.998,NaN,NaN,NaN,NaN,NaN,NaN,NaN,NaN,NaN,NaN,NaN,NaN,NaN,NaN,NaN,NaN,NaN,NaN,NaN,NaN,NaN,NaN,NaN,NaN,NaN,NaN,NaN,NaN,NaN,NaN,NaN,NaN
176504,1.0000011346781e+18,63875741925572,0.031,1.44,-0.019,0.06,-0.025,0.004,0.998,NaN,NaN,NaN,NaN,NaN,NaN,NaN,NaN,NaN,NaN,NaN,NaN,NaN,NaN,NaN,NaN,NaN,NaN,NaN,NaN,NaN,NaN,NaN,NaN,NaN,NaN,NaN,NaN,NaN,NaN,NaN,NaN
176505,1.00000113468312e+18,63875741925572,0.031,1.44,-0.019,0.06,-0.025,0.004,0.998,NaN,NaN,NaN,NaN,NaN,NaN,NaN,NaN,NaN,NaN,NaN,NaN,NaN,NaN,NaN,NaN,NaN,NaN,NaN,NaN,NaN,NaN,NaN,NaN,NaN,NaN,NaN,NaN,NaN,NaN,NaN,NaN
176506,1.00000113468814e+18,63875741925572,0.031,1.44,-0.019,0.06,-0.025,0.004,0.998,NaN,0.253,0.682,0.686,0,0,0,64.325,NaN,NaN,NaN,NaN,NaN,NaN,NaN,NaN,0.337,0.586,0.737,0.032,0,0,0.509,3.242,6.373,NaN,2,0,NaN,NaN,NaN,NaN
176507,1.00000113469314e+18,63875741925584,0.031,1.44,-0.019,0.06,-0.025,0.004,0.998,NaN,0.337,0.686,0.645,0,0,0,64.325,NaN,NaN,NaN,NaN,NaN,NaN,NaN,NaN,0.39,0.649,0.654,0.032,0,0,0.507,3.231,6.373,NaN,2,0,NaN,NaN,NaN,NaN
176508,1.00000113469814e+18,63875741925584,0.031,1.44,-0.019,0.06,-0.025,0.004,0.998,NaN,0.394,0.677,0.621,0,0,0,64.325,NaN,0.291,0.173,0.941,-0.032,0,0,0.473,3.037,6.415,0.805,NaN,0.422,0.661,0.621,0.032,0,0,0.507,3.23,6.373,0.751,2,0
176509,1.00000113470316e+18,63875741925594,0.031,1.44,-0.019,0.059,-0.025,0.004,0.998,NaN,0.427,0.671,0.606,0,0,0,64.325,NaN,0.29,0.178,0.94,-0.032,0,0,0.476,3.051,6.415,0.812,NaN,0.441,0.663,0.605,0.032,0,0,0.513,3.27,6.373,0.765,2,0
176510,1.00000113470818e+18,63875741925594,0.031,1.44,-0.019,0.059,-0.025,0.004,0.998,NaN,0.399,0.586,0.706,0,0,0,64.325,NaN,0.225,0.433,0.873,-0.032,0,0,0.478,3.065,6.415,0.81,NaN,0.398,0.569,0.719,0.032,0,0,0.515,3.284,6.373,0.781,2,0
176511,1.0000011347132e+18,63875741925605,0.031,1.44,-0.019,0.059,-0.025,0.004,0.998,NaN,0.39,0.489,0.781,0,0,0,64.325,NaN,0.235,0.389,0.891,-0.032,0,0,0.478,3.069,6.415,0.814,NaN,0.402,0.491,0.773,0.032,0,0,0.517,3.297,6.373,0.796,2,0
176512,1.00000113471819e+18,63875741925605,0.031,1.44,-0.019,0.059,-0.025,0.004,0.998,NaN,0.336,0.36,0.871,0,0,0,64.325,NaN,0.238,0.374,0.896,-0.032,0,0,0.48,3.078,6.415,0.814,NaN,0.352,0.37,0.86,0.032,0,0,0.522,3.329,6.373,0.813,2,0
176513,1.00000113472321e+18,63875741925616,0.031,1.44,-0.019,0.059,-0.025,0.004,0.998,NaN,0.278,0.275,0.92,0,0,0,64.325,NaN,0.246,0.331,0.911,-0.032,0,0,0.481,3.083,6.415,0.814,NaN,0.291,0.283,0.914,0.032,0,0,0.525,3.348,6.373,0.827,2,0
176514,1.00000113472822e+18,63875741925616,0.031,1.44,-0.019,0.059,-0.025,0.004,0.998,NaN,0.239,0.239,0.941,0,0,0,64.325,NaN,0.251,0.286,0.925,-0.032,0,0,0.471,3.024,6.415,0.814,NaN,0.247,0.244,0.938,0.032,0,0,0.53,3.381,6.373,0.84,2,0
176515,1.00000113473325e+18,63875741925628,0.031,1.439,-0.019,0.059,-0.025,0.004,0.998,NaN,0.217,0.226,0.95,0,0,0,64.325,NaN,0.254,0.253,0.933,-0.032,0,0,0.467,2.998,6.415,0.816,NaN,0.221,0.228,0.948,0.032,0,0,0.562,3.58,6.373,0.851,2,0
176516,1.00000113473825e+18,63875741925628,0.031,1.439,-0.019,0.059,-0.025,0.004,0.998,NaN,0.206,0.223,0.953,0,0,0,64.325,NaN,0.255,0.238,0.937,-0.032,0,0,0.468,3.005,6.415,0.816,NaN,0.209,0.224,0.952,0.032,0,0,0.569,3.625,6.373,0.86,2,0
176517,1.00000113474326e+18,63875741925628,0.031,1.439,-0.019,0.059,-0.025,0.004,0.998,NaN,0.188,0.238,0.953,0,0,0,64.325,NaN,0.256,0.228,0.939,-0.032,0,0,0.47,3.013,6.415,0.818,NaN,0.189,0.239,0.952,0.032,0,0,0.573,3.652,6.373,0.87,0.897624,0
176518,1.00000113474825e+18,63875741925640,0.031,1.439,-0.019,0.059,-0.025,0.004,0.998,NaN,0.195,0.236,0.952,0,0,0,64.325,NaN,0.256,0.222,0.941,-0.032,0,0,0.47,3.017,6.415,0.819,NaN,0.196,0.236,0.952,0.032,0,0,0.575,3.664,6.373,0.878,0.9698476,0
176519,1.00000113475325e+18,63875741925640,0.031,1.439,-0.019,0.059,-0.025,0.004,0.998,NaN,0.2,0.236,0.951,0,0,0,64.325,NaN,0.257,0.218,0.942,-0.032,0,0,0.471,3.019,6.415,0.819,NaN,0.2,0.236,0.951,0.032,0,0,0.578,3.68,6.373,0.885,1.010672,0
176520,1.00000113475826e+18,63875741925651,0.031,1.439,-0.019,0.059,-0.024,0.003,0.998,NaN,0.192,0.249,0.949,0,0,0,64.325,NaN,0.257,0.216,0.942,-0.032,0,0,0.471,3.022,6.415,0.82,NaN,0.192,0.249,0.949,0.032,0,0,0.581,3.702,6.373,0.892,0.7790405,0
176521,1.0000011347633e+18,63875741925651,0.031,1.439,-0.019,0.059,-0.024,0.003,0.998,NaN,0.189,0.26,0.947,0,0,0,64.325,NaN,0.257,0.215,0.942,-0.032,0,0,0.471,3.024,6.415,0.821,NaN,0.189,0.26,0.947,0.032,0,0,0.585,3.73,6.373,0.899,0.653298,0
176522,1.00000113476831e+18,63875741925661,0.031,1.439,-0.019,0.059,-0.024,0.003,0.998,NaN,0.187,0.268,0.945,0,0,0,64.325,NaN,0.257,0.216,0.942,-0.032,0,0,0.472,3.027,6.415,0.822,NaN,0.188,0.268,0.945,0.032,0,0,0.587,3.742,6.373,0.905,0.5945332,0
176523,1.00000113477332e+18,63875741925661,0.031,1.439,-0.019,0.059,-0.024,0.003,0.998,NaN,0.199,0.267,0.943,0,0,0,64.325,NaN,0.256,0.22,0.941,-0.032,0,0,0.478,3.066,6.415,0.824,NaN,0.199,0.267,0.943,0.032,0,0,0.59,3.758,6.373,0.911,0.6794162,0
176524,1.00000113477833e+18,63875741925672,0.031,1.439,-0.019,0.059,-0.024,0.003,0.998,NaN,0.206,0.268,0.941,0,0,0,64.325,NaN,0.255,0.23,0.939,-0.032,0,0,0.525,3.368,6.415,0.825,NaN,0.206,0.268,0.941,0.032,0,0,0.591,3.769,6.373,0.916,0.8138739,0
176525,1.00000113478333e+18,63875741925672,0.031,1.439,-0.019,0.059,-0.024,0.003,0.998,NaN,0.211,0.271,0.939,0,0,0,64.325,NaN,0.254,0.237,0.938,-0.032,0,0,0.534,3.427,6.415,0.827,NaN,0.211,0.271,0.939,0.032,0,0,0.593,3.777,6.373,0.922,0.9098554,0
176526,1.00000113478836e+18,63875741925684,0.031,1.439,-0.019,0.059,-0.024,0.003,0.998,NaN,0.215,0.275,0.937,0,0,0,64.325,NaN,0.252,0.242,0.937,-0.032,0,0,0.541,3.473,6.415,0.828,NaN,0.215,0.274,0.937,0.032,0,0,0.593,3.782,6.373,0.927,2,0
176527,1.00000113479337e+18,63875741925684,0.031,1.439,-0.019,0.059,-0.024,0.003,0.998,NaN,0.218,0.279,0.935,0,0,0,64.325,NaN,0.249,0.246,0.937,-0.032,0,0,0.551,3.536,6.415,0.829,NaN,0.218,0.278,0.935,0.032,0,0,0.595,3.794,6.373,0.932,2,0
176528,1.00000113479839e+18,63875741925684,0.031,1.439,-0.019,0.059,-0.024,0.003,0.998,NaN,0.22,0.283,0.934,0,0,0,64.325,NaN,0.246,0.25,0.937,-0.032,0,0,0.559,3.587,6.415,0.831,NaN,0.22,0.283,0.934,0.032,0,0,0.597,3.806,6.373,0.937,2,0
176529,1.00000113480339e+18,63875741925694,0.031,1.439,-0.019,0.059,-0.024,0.003,0.998,NaN,0.222,0.287,0.932,0,0,0,64.325,NaN,0.243,0.251,0.937,-0.032,0,0,0.567,3.641,6.415,0.833,NaN,0.223,0.287,0.932,0.032,0,0,0.6,3.821,6.373,0.942,2,0
176530,1.0000011348084e+18,63875741925694,0.031,1.439,-0.019,0.059,-0.024,0.003,0.998,NaN,0.222,0.287,0.932,0,0,0,64.325,NaN,0.24,0.254,0.937,-0.032,0,0,0.569,3.652,6.415,0.834,NaN,0.223,0.287,0.932,0.032,0,0,0.595,3.795,6.373,0.947,2,0
176531,1.00000113481341e+18,63875741925704,0.031,1.439,-0.019,0.059,-0.024,0.003,0.998,NaN,0.222,0.286,0.932,0,0,0,64.325,NaN,0.237,0.258,0.937,-0.032,0,0,0.572,3.672,6.415,0.835,NaN,0.223,0.286,0.932,0.032,0,0,0.592,3.774,6.373,0.951,2,0
176532,1.00000113481841e+18,63875741925714,0.031,1.439,-0.019,0.059,-0.024,0.003,0.998,NaN,0.222,0.284,0.933,0,0,0,64.325,NaN,0.234,0.263,0.936,-0.032,0,0,0.573,3.678,6.415,0.837,NaN,0.222,0.284,0.933,0.032,0,0,0.59,3.759,6.373,0.956,2,0
176533,1.00000113482346e+18,63875741925714,0.031,1.439,-0.019,0.059,-0.024,0.003,0.998,NaN,0.222,0.283,0.933,0,0,0,64.325,NaN,0.231,0.268,0.935,-0.032,0,0,0.574,3.682,6.415,0.837,NaN,0.222,0.283,0.933,0.032,0,0,0.588,3.748,6.373,0.96,2,0
176534,1.00000113482846e+18,63875741925725,0.031,1.439,-0.019,0.059,-0.024,0.002,0.998,NaN,0.222,0.281,0.934,0,0,0,64.325,NaN,0.229,0.272,0.935,-0.032,0,0,0.574,3.683,6.415,0.839,NaN,0.222,0.281,0.934,0.032,0,0,0.587,3.741,6.373,0.964,2,0
176535,1.00000113483348e+18,63875741925725,0.031,1.439,-0.019,0.059,-0.024,0.002,0.998,NaN,0.221,0.28,0.934,0,0,0,64.325,NaN,0.228,0.275,0.934,-0.032,0,0,0.574,3.683,6.415,0.841,NaN,0.221,0.28,0.934,0.032,0,0,0.586,3.735,6.373,0.968,2,0
176536,1.00000113483849e+18,63875741925725,0.031,1.439,-0.019,0.059,-0.024,0.002,0.998,NaN,0.221,0.279,0.935,0,0,0,64.325,NaN,0.226,0.278,0.934,-0.032,0,0,0.574,3.683,6.415,0.842,NaN,0.221,0.279,0.935,0.032,0,0,0.585,3.731,6.373,0.971,2,0
176537,1.0000011348435e+18,63875741925736,0.031,1.439,-0.019,0.059,-0.024,0.002,0.998,NaN,0.221,0.277,0.935,0,0,0,64.325,NaN,0.225,0.28,0.933,-0.032,0,0,0.574,3.684,6.415,0.843,NaN,0.221,0.278,0.935,0.032,0,0,0.585,3.728,6.373,0.975,2,0
176538,1.00000113484851e+18,63875741925736,0.031,1.439,-0.019,0.059,-0.024,0.002,0.998,NaN,0.221,0.277,0.935,0,0,0,64.325,NaN,0.224,0.281,0.933,-0.032,0,0,0.574,3.682,6.415,0.844,NaN,0.221,0.277,0.935,0.032,0,0,0.585,3.726,6.373,0.978,2,0
176539,1.00000113485352e+18,63875741925748,0.031,1.439,-0.019,0.059,-0.024,0.002,0.998,NaN,0.22,0.276,0.936,0,0,0,64.325,NaN,0.223,0.283,0.933,-0.032,0,0,0.574,3.68,6.415,0.851,NaN,0.22,0.276,0.936,0.032,0,0,0.584,3.722,6.373,0.98,2,0
176540,1.00000113485853e+18,63875741925748,0.031,1.439,-0.019,0.059,-0.024,0.002,0.998,NaN,0.22,0.275,0.936,0,0,0,64.325,NaN,0.223,0.284,0.933,-0.032,0,0,0.574,3.68,6.415,0.858,NaN,0.22,0.275,0.936,0.032,0,0,0.584,3.719,6.373,0.982,2,0
176541,1.00000113486354e+18,63875741925748,0.031,1.439,-0.019,0.059,-0.024,0.002,0.998,NaN,0.222,0.278,0.934,0,0,0,64.325,NaN,0.222,0.285,0.932,-0.032,0,0,0.574,3.683,6.415,0.866,NaN,0.222,0.278,0.934,0.032,0,0,0.583,3.717,6.373,0.984,2,0
176542,1.00000113486854e+18,63875741925759,0.031,1.439,-0.019,0.059,-0.024,0.002,0.998,NaN,0.223,0.281,0.933,0,0,0,64.325,NaN,0.222,0.285,0.932,-0.032,0,0,0.574,3.683,6.415,0.874,NaN,0.223,0.281,0.933,0.032,0,0,0.583,3.715,6.373,0.986,2,0
176543,1.00000113487355e+18,63875741925759,0.031,1.439,-0.019,0.059,-0.024,0.002,0.998,NaN,0.219,0.282,0.934,0,0,0,64.325,NaN,0.22,0.286,0.933,-0.032,0,0,0,0,6.415,0.879,NaN,0.214,0.282,0.935,0.032,0,0,0,0,6.373,0.987,2,0
176544,1.00000113487857e+18,63875741925770,0.031,1.439,-0.019,0.059,-0.024,0.002,0.998,NaN,0.207,0.283,0.937,0,0,0,64.325,NaN,0.212,0.287,0.934,-0.032,0,0,0,0,6.415,0.887,NaN,0.193,0.284,0.939,0.032,0,0,0,0,6.373,0.988,2,0
176545,1.00000113488358e+18,63875741925780,0.031,1.439,-0.019,0.059,-0.024,0.002,0.998,NaN,0.188,0.284,0.94,0,0,0,64.325,NaN,0.199,0.287,0.937,-0.032,0,0,0,0,6.415,0.896,NaN,0.164,0.285,0.944,0.032,0,0,0,0,6.373,0.989,2,0
176546,1.00000113488861e+18,63875741925780,0.031,1.439,-0.019,0.059,-0.024,0.002,0.998,NaN,0.165,0.285,0.944,0,0,0,64.325,NaN,0.177,0.287,0.941,-0.032,0,0,0,0,6.415,0.904,NaN,0.146,0.286,0.947,0.032,0,0,0,0,6.373,0.99,2,0
176547,1.00000113489362e+18,63875741925780,0.031,1.439,-0.019,0.059,-0.024,0.002,0.998,NaN,0.114,0.288,0.951,0,0,0,64.325,NaN,0.151,0.287,0.946,-0.032,0,0,0,0,6.415,0.91,NaN,0.1,0.288,0.952,0.032,0,0,0,0,6.373,0.991,2,0
176548,1.00000113489864e+18,63875741925792,0.031,1.439,-0.019,0.059,-0.024,0.002,0.998,NaN,0.067,0.289,0.955,0,0,0,64.325,NaN,0.123,0.287,0.95,-0.032,0,0,0,0,6.415,0.918,NaN,0.059,0.289,0.956,0.032,0,0,0,0,6.373,0.991,0.9889352,0
176549,1.00000113490365e+18,63875741925792,0.031,1.439,-0.019,0.059,-0.024,0.002,0.998,NaN,0.023,0.289,0.957,0,0,0,64.325,NaN,0.098,0.287,0.953,-0.032,0,0,0,0,6.415,0.926,NaN,0.018,0.289,0.957,0.032,0,0,0,0,6.373,0.992,0.79627,0
176550,1.00000113490865e+18,63875741925792,0.031,1.439,-0.019,0.059,-0.024,0.002,0.998,NaN,-0.01,0.289,0.957,0,0,0,64.325,NaN,0.078,0.286,0.955,-0.032,0,0,0.566,3.629,6.415,0.932,NaN,-0.012,0.289,0.957,0.032,0,0,0.577,3.678,6.373,0.992,0.7054625,0
176551,1.00000113491366e+18,63875741925805,0.031,1.439,-0.019,0.058,-0.023,0.002,0.998,NaN,-0.004,0.288,0.958,0,0,0,64.325,NaN,0.065,0.285,0.956,-0.032,0,0,0,0,6.415,0.936,NaN,-0.023,0.288,0.957,0.032,0,0,0,0,6.373,0.993,0.7313449,0
176552,1.00000113491867e+18,63875741925805,0.031,1.439,-0.019,0.058,-0.023,0.002,0.998,NaN,-0.002,0.286,0.958,0,0,0,64.325,NaN,0.056,0.282,0.958,-0.032,0,0,0,0,6.415,0.938,NaN,-0.029,0.288,0.957,0.032,0,0,0,0,6.373,0.993,0.7474868,0
176553,1.00000113492368e+18,63875741925816,0.031,1.439,-0.019,0.058,-0.023,0.002,0.998,NaN,-0.001,0.284,0.959,0,0,0,64.325,NaN,0.05,0.279,0.959,-0.032,0,0,0,0,6.415,0.941,NaN,-0.033,0.288,0.957,0.032,0,0,0,0,6.373,0.994,0.7570371,0
176554,1.0000011349287e+18,63875741925816,0.031,1.439,-0.019,0.058,-0.023,0.002,0.998,NaN,-0.001,0.282,0.959,0,0,0,64.325,NaN,0.046,0.275,0.96,-0.032,0,0,0,0,6.415,0.943,NaN,-0.036,0.287,0.957,0.032,0,0,0,0,6.373,0.994,0.7593383,0
176555,1.00000113493374e+18,63875741925827,0.031,1.439,-0.019,0.058,-0.023,0.002,0.998,NaN,-0.001,0.28,0.96,0,0,0,64.325,NaN,0.044,0.271,0.962,-0.032,0,0,0,0,6.415,0.946,NaN,-0.038,0.287,0.957,0.032,0,0,0,0,6.373,0.994,0.7560805,0
176556,1.00000113493876e+18,63875741925827,0.031,1.439,-0.019,0.058,-0.023,0.002,0.998,NaN,-0.001,0.278,0.961,0,0,0,64.325,NaN,0.042,0.268,0.963,-0.032,0,0,0,0,6.415,0.949,NaN,-0.039,0.286,0.957,0.032,0,0,0,0,6.373,0.995,0.749484,0
176557,1.00000113494378e+18,63875741925839,0.031,1.439,-0.019,0.058,-0.023,0.002,0.998,NaN,-0.001,0.276,0.961,0,0,0,64.325,NaN,0.041,0.265,0.963,-0.032,0,0,0,0,6.415,0.951,NaN,-0.039,0.286,0.957,0.032,0,0,0,0,6.373,0.995,0.7403215,0
176558,1.00000113494879e+18,63875741925839,0.031,1.439,-0.019,0.058,-0.023,0.002,0.998,NaN,-0.001,0.275,0.962,0,0,0,64.325,NaN,0.041,0.262,0.964,-0.032,0,0,0,0,6.415,0.954,NaN,-0.04,0.285,0.958,0.032,0,0,0,0,6.373,0.995,0.7299129,0
176559,1.00000113495381e+18,63875741925839,0.031,1.439,-0.019,0.058,-0.023,0.002,0.998,NaN,-0.001,0.273,0.962,0,0,0,64.325,NaN,0.04,0.259,0.965,-0.032,0,0,0,0,6.415,0.954,NaN,-0.04,0.285,0.958,0.032,0,0,0,0,6.373,0.995,0.7194319,0
176560,1.0000011349588e+18,63875741925850,0.031,1.439,-0.019,0.058,-0.023,0.002,0.998,NaN,-0.001,0.272,0.962,0,0,0,64.325,NaN,0.04,0.257,0.966,-0.032,0,0,0,0,6.415,0.955,NaN,-0.04,0.284,0.958,0.032,0,0,0,0,6.373,0.996,0.7092065,0
176561,1.00000113496377e+18,63875741925850,0.031,1.439,-0.019,0.058,-0.023,0.002,0.998,NaN,-0.001,0.27,0.963,0,0,0,64.325,NaN,0.04,0.255,0.966,-0.032,0,0,0,0,6.415,0.957,NaN,-0.04,0.284,0.958,0.032,0,0,0,0,6.373,0.996,0.6989623,0
176562,1.00000113496879e+18,63875741925861,0.031,1.439,-0.019,0.058,-0.023,0.001,0.998,NaN,0,0.269,0.963,0,0,0,64.325,NaN,0.04,0.253,0.967,-0.032,0,0,0,0,6.415,0.958,NaN,-0.04,0.283,0.958,0.032,0,0,0,0,6.373,0.996,0.6902475,0
176563,1.00000113497386e+18,63875741925861,0.031,1.439,-0.019,0.058,-0.023,0.001,0.998,NaN,0,0.268,0.963,0,0,0,64.325,NaN,0.04,0.251,0.967,-0.032,0,0,0,0,6.415,0.959,NaN,-0.04,0.283,0.958,0.032,0,0,0,0,6.373,0.996,0.6838864,0
176564,1.00000113497888e+18,63875741925873,0.031,1.439,-0.019,0.058,-0.023,0.001,0.998,NaN,0,0.267,0.964,0,0,0,64.325,NaN,0.04,0.25,0.967,-0.032,0,0,0,0,6.415,0.96,NaN,-0.04,0.282,0.958,0.032,0,0,0,0,6.373,0.996,0.6792811,0
176565,1.00000113498395e+18,63875741925873,0.031,1.439,-0.019,0.058,-0.023,0.001,0.998,NaN,0,0.266,0.964,0,0,0,64.325,NaN,0.04,0.249,0.968,-0.032,0,0,0,0,6.415,0.96,NaN,-0.04,0.282,0.959,0.032,0,0,0,0,6.373,0.997,0.6760737,0
176566,1.00000113498903e+18,63875741925884,0.031,1.439,-0.019,0.058,-0.023,0.001,0.998,NaN,0,0.266,0.964,0,0,0,64.325,NaN,0.04,0.249,0.968,-0.032,0,0,0,0,6.415,0.96,NaN,-0.041,0.282,0.959,0.032,0,0,0,0,6.373,0.997,0.6765925,0
176567,1.00000113499404e+18,63875741925895,0.031,1.439,-0.019,0.058,-0.023,0.001,0.998,NaN,0,0.265,0.964,0,0,0,64.325,NaN,0.04,0.248,0.968,-0.032,0,0,0,0,6.415,0.962,NaN,-0.041,0.281,0.959,0.032,0,0,0,0,6.373,0.997,0.6779379,0
176568,1.00000113499892e+18,63875741925895,0.031,1.439,-0.019,0.058,-0.023,0.001,0.998,NaN,-0.001,0.264,0.964,0,0,0,64.325,NaN,0.04,0.248,0.968,-0.032,0,0,0,0,6.415,0.962,NaN,-0.041,0.281,0.959,0.032,0,0,0,0,6.373,0.997,0.6777344,0.05133661
176569,1.00000113500394e+18,63875741925895,0.031,1.439,-0.019,0.058,-0.023,0.001,0.998,NaN,-0.001,0.264,0.965,0,0,0,64.325,NaN,0.039,0.247,0.968,-0.032,0,0,0,0,6.415,0.962,NaN,-0.041,0.28,0.959,0.032,0,0,0,0,6.373,0.997,0.6776665,0.2576952
176570,1.0000011350089e+18,63875741925895,0.031,1.439,-0.019,0.058,-0.023,0.001,0.998,NaN,-0.001,0.264,0.965,0,0,0,64.325,NaN,0.039,0.247,0.968,-0.032,0,0,0,0,6.415,0.964,NaN,-0.041,0.28,0.959,0.032,0,0,0,0,6.373,0.997,0.67794,1
176571,1.00000113501392e+18,63875741925906,0.031,1.439,-0.019,0.058,-0.023,0.001,0.998,NaN,-0.001,0.263,0.965,0,0,0,64.325,NaN,0.039,0.247,0.968,-0.032,0,0,0,0,6.415,0.965,NaN,-0.041,0.28,0.959,0.032,0,0,0,0,6.373,0.997,0.6782959,1
176572,1.00000113501892e+18,63875741925906,0.031,1.439,-0.019,0.058,-0.023,0.001,0.998,NaN,-0.001,0.263,0.965,0,0,0,64.325,NaN,0.039,0.246,0.968,-0.032,0,0,0,0,6.415,0.965,NaN,-0.041,0.279,0.959,0.032,0,0,0,0,6.373,0.997,0.6790668,1
176573,1.00000113502395e+18,63875741925917,0.031,1.439,-0.019,0.058,-0.023,0.002,0.998,NaN,-0.001,0.263,0.965,0,0,0,64.325,NaN,0.039,0.246,0.968,-0.032,0,0,0,0,6.415,0.966,NaN,-0.04,0.279,0.959,0.032,0,0,0,0,6.373,0.998,0.6798688,1
176574,1.00000113502897e+18,63875741925917,0.031,1.439,-0.019,0.058,-0.023,0.002,0.998,NaN,-0.001,0.263,0.965,0,0,0,64.325,NaN,0.039,0.246,0.968,-0.032,0,0,0,0,6.415,0.967,NaN,-0.04,0.279,0.959,0.032,0,0,0,0,6.373,0.998,0.6806249,1
176575,1.00000113503397e+18,63875741925928,0.031,1.439,-0.019,0.058,-0.023,0.002,0.998,NaN,-0.001,0.262,0.965,0,0,0,64.325,NaN,0.039,0.246,0.968,-0.032,0,0,0,0,6.415,0.966,NaN,-0.04,0.279,0.96,0.032,0,0,0,0,6.373,0.998,0.6810856,1
176576,1.00000113503899e+18,63875741925928,0.031,1.439,-0.019,0.058,-0.023,0.002,0.998,NaN,-0.001,0.262,0.965,0,0,0,64.325,NaN,0.039,0.246,0.969,-0.032,0,0,0,0,6.415,0.967,NaN,-0.04,0.278,0.96,0.032,0,0,0,0,6.373,0.998,0.681687,1
176577,1.00000113504402e+18,63875741925939,0.031,1.438,-0.019,0.058,-0.023,0.002,0.998,NaN,-0.001,0.262,0.965,0,0,0,64.325,NaN,0.039,0.246,0.969,-0.032,0,0,0,0,6.415,0.968,NaN,-0.04,0.278,0.96,0.032,0,0,0,0,6.373,0.998,0.682364,1
176578,1.00000113504904e+18,63875741925939,0.031,1.438,-0.019,0.058,-0.023,0.002,0.998,NaN,-0.001,0.262,0.965,0,0,0,64.325,NaN,0.039,0.246,0.969,-0.032,0,0,0,0,6.415,0.969,NaN,-0.04,0.278,0.96,0.032,0,0,0,0,6.373,0.998,0.6843205,1
176579,1.00000113505402e+18,63875741925939,0.031,1.438,-0.019,0.058,-0.023,0.002,0.998,NaN,-0.001,0.262,0.965,0,0,0,64.325,NaN,0.039,0.246,0.969,-0.032,0,0,0,0,6.415,0.969,NaN,-0.04,0.278,0.96,0.032,0,0,0,0,6.373,0.998,0.6863269,1
176580,1.000001135059e+18,63875741925950,0.031,1.438,-0.019,0.058,-0.023,0.002,0.998,NaN,-0.001,0.262,0.965,0,0,0,64.325,NaN,0.039,0.246,0.969,-0.032,0,0,0,0,6.415,0.969,NaN,-0.04,0.278,0.96,0.032,0,0,0,0,6.373,0.998,0.688202,1
176581,1.00000113506402e+18,63875741925950,0.031,1.438,-0.019,0.058,-0.023,0.002,0.998,NaN,-0.001,0.262,0.965,0,0,0,64.325,NaN,0.039,0.246,0.969,-0.032,0,0,0,0,6.415,0.97,NaN,-0.04,0.278,0.96,0.032,0,0,0,0,6.373,0.998,0.6892565,1
176582,1.00000113506904e+18,63875741925961,0.031,1.438,-0.019,0.058,-0.023,0.002,0.998,NaN,-0.001,0.262,0.965,0,0,0,64.325,NaN,0.039,0.246,0.969,-0.032,0,0,0,0,6.415,0.969,NaN,-0.04,0.278,0.96,0.032,0,0,0,0,6.373,0.998,0.6900455,1
176583,1.00000113507406e+18,63875741925962,0.031,1.438,-0.019,0.058,-0.023,0.002,0.998,NaN,-0.001,0.262,0.965,0,0,0,64.325,NaN,0.039,0.246,0.969,-0.032,0,0,0,0,6.415,0.969,NaN,-0.04,0.278,0.96,0.032,0,0,0,0,6.373,0.998,0.6943942,1
176584,1.00000113507907e+18,63875741925973,0.031,1.439,-0.019,0.058,-0.023,0.002,0.998,NaN,-0.001,0.262,0.965,0,0,0,64.325,NaN,0.038,0.246,0.968,-0.032,0,0,0,0,6.415,0.97,NaN,-0.04,0.277,0.96,0.032,0,0,0,0,6.373,0.998,0.6982049,1
176585,1.00000113508409e+18,63875741925973,0.031,1.439,-0.019,0.058,-0.023,0.002,0.998,NaN,-0.001,0.262,0.965,0,0,0,64.325,NaN,0.038,0.246,0.968,-0.032,0,0,0,0,6.415,0.971,NaN,-0.04,0.277,0.96,0.032,0,0,0,0,6.373,0.998,0.7016683,1
176586,1.0000011350891e+18,63875741925984,0.031,1.439,-0.019,0.058,-0.023,0.002,0.998,NaN,-0.001,0.262,0.965,0,0,0,64.325,NaN,0.038,0.247,0.968,-0.032,0,0,0,0,6.415,0.971,NaN,-0.04,0.277,0.96,0.032,0,0,0,0,6.373,0.999,0.7049177,1
176587,1.0000011350941e+18,63875741925985,0.031,1.439,-0.019,0.058,-0.023,0.002,0.998,NaN,-0.001,0.262,0.965,0,0,0,64.325,NaN,0.038,0.247,0.968,-0.032,0,0,0,0,6.415,0.972,NaN,-0.04,0.277,0.96,0.032,0,0,0,0,6.373,0.999,0.7077651,1
176588,1.00000113509911e+18,63875741925985,0.031,1.439,-0.019,0.058,-0.023,0.002,0.998,NaN,-0.001,0.262,0.965,0,0,0,64.325,NaN,0.038,0.247,0.968,-0.032,0,0,0,0,6.415,0.973,NaN,-0.04,0.277,0.96,0.032,0,0,0,0,6.373,0.999,0.7100374,1
176589,1.00000113510412e+18,63875741925995,0.031,1.439,-0.019,0.058,-0.024,0.002,0.998,NaN,-0.001,0.262,0.965,0,0,0,64.325,NaN,0.038,0.247,0.968,-0.032,0,0,0,0,6.415,0.973,NaN,-0.04,0.277,0.96,0.032,0,0,0,0,6.373,0.999,0.7123128,1
176590,1.00000113510913e+18,63875741925995,0.031,1.439,-0.019,0.058,-0.024,0.002,0.998,NaN,-0.001,0.262,0.965,0,0,0,64.325,NaN,0.038,0.247,0.968,-0.032,0,0,0,0,6.415,0.974,NaN,-0.04,0.277,0.96,0.032,0,0,0,0,6.373,0.999,0.7146195,1
176591,1.00000113511413e+18,63875741926006,0.031,1.439,-0.019,0.058,-0.024,0.002,0.998,NaN,-0.001,0.262,0.965,0,0,0,64.325,NaN,0.037,0.247,0.968,-0.032,0,0,0,0,6.415,0.975,NaN,-0.04,0.277,0.96,0.032,0,0,0,0,6.373,0.999,0.7168143,1
176592,1.00000113511915e+18,63875741926006,0.031,1.439,-0.019,0.058,-0.024,0.002,0.998,NaN,-0.001,0.262,0.965,0,0,0,64.325,NaN,0.037,0.247,0.968,-0.032,0,0,0,0,6.415,0.976,NaN,-0.04,0.276,0.96,0.032,0,0,0,0,6.373,0.999,0.7187079,1
176593,1.00000113512415e+18,63875741926017,0.031,1.439,-0.019,0.058,-0.024,0.002,0.998,NaN,-0.001,0.262,0.965,0,0,0,64.325,NaN,0.037,0.247,0.968,-0.032,0,0,0,0,6.415,0.977,NaN,-0.04,0.276,0.96,0.032,0,0,0,0,6.373,0.999,0.7202996,1
176594,1.00000113512918e+18,63875741926017,0.031,1.439,-0.019,0.058,-0.024,0.002,0.998,NaN,-0.001,0.263,0.965,0,0,0,64.325,NaN,0.037,0.247,0.968,-0.032,0,0,0,0,6.415,0.976,NaN,-0.038,0.277,0.96,0.032,0,0,0,0,6.373,0.999,0.7268678,0.6950095
176595,1.00000113513419e+18,63875741926029,0.031,1.439,-0.019,0.058,-0.024,0.002,0.998,NaN,-0.002,0.264,0.964,0,0,0,64.325,NaN,0.031,0.249,0.968,-0.032,0,0,0,0,6.415,0.977,NaN,-0.036,0.277,0.96,0.032,0,0,0,0,6.373,0.999,0.8044475,0.5527081
176596,1.00000113513921e+18,63875741926029,0.031,1.439,-0.019,0.058,-0.024,0.002,0.998,NaN,-0.009,0.264,0.965,0,0,0,64.325,NaN,0.022,0.249,0.968,-0.032,0,0,0,0,6.415,0.977,NaN,-0.037,0.274,0.961,0.032,0,0,0,0,6.373,0.999,0.9080208,0
176597,1.00000113514421e+18,63875741926029,0.031,1.439,-0.019,0.058,-0.024,0.002,0.998,NaN,-0.019,0.26,0.965,0,0,0,64.325,NaN,0.017,0.243,0.97,-0.032,0,0,0,0,6.415,0.979,NaN,-0.039,0.267,0.963,0.032,0,0,0,0,6.373,0.999,0.9504137,0
176598,1.00000113514922e+18,63875741926040,0.031,1.439,-0.019,0.058,-0.024,0.003,0.998,NaN,-0.034,0.253,0.967,0,0,0,64.325,NaN,-0.005,0.238,0.971,-0.032,0,0,0.539,3.458,6.415,0.979,NaN,-0.043,0.255,0.966,0.032,0,0,0.564,3.596,6.373,0.998,2,0
176599,1.00000113515423e+18,63875741926040,0.031,1.439,-0.019,0.058,-0.024,0.003,0.998,NaN,-0.05,0.241,0.969,0,0,0,64.325,NaN,-0.026,0.229,0.973,-0.032,0,0,0.538,3.449,6.415,0.979,NaN,-0.051,0.24,0.969,0.032,0,0,0.564,3.593,6.373,0.997,2,0
176600,1.0000011351593e+18,63875741926051,0.031,1.439,-0.019,0.058,-0.024,0.003,0.998,NaN,-0.065,0.225,0.972,0,0,0,64.325,NaN,-0.051,0.218,0.975,-0.032,0,0,0.536,3.438,6.415,0.979,NaN,-0.061,0.222,0.973,0.032,0,0,0.564,3.592,6.373,0.995,2,0
176601,1.0000011351643e+18,63875741926051,0.031,1.439,-0.019,0.058,-0.024,0.003,0.998,NaN,-0.078,0.21,0.975,0,0,0,64.325,NaN,-0.063,0.206,0.977,-0.032,0,0,0.536,3.437,6.415,0.979,NaN,-0.072,0.206,0.976,0.032,0,0,0.563,3.591,6.373,0.993,2,0
176602,1.00000113516931e+18,63875741926062,0.031,1.439,-0.019,0.058,-0.024,0.003,0.998,NaN,-0.088,0.196,0.977,0,0,0,64.325,NaN,-0.08,0.194,0.978,-0.032,0,0,0.556,3.568,6.415,0.979,NaN,-0.081,0.192,0.978,0.032,0,0,0.563,3.588,6.373,0.991,2,0
176603,1.00000113517433e+18,63875741926062,0.031,1.439,-0.019,0.058,-0.024,0.003,0.998,NaN,-0.095,0.185,0.978,0,0,0,64.325,NaN,-0.09,0.185,0.979,-0.032,0,0,0.561,3.602,6.415,0.979,NaN,-0.089,0.181,0.979,0.032,0,0,0.562,3.581,6.373,0.988,2,0
176604,1.00000113517933e+18,63875741926073,0.031,1.439,-0.019,0.058,-0.024,0.003,0.998,NaN,-0.1,0.176,0.979,0,0,0,64.325,NaN,-0.097,0.176,0.98,-0.032,0,0,0.564,3.618,6.415,0.979,NaN,-0.094,0.173,0.98,0.032,0,0,0.561,3.574,6.373,0.979,2,0
176605,1.00000113518434e+18,63875741926073,0.031,1.439,-0.019,0.058,-0.024,0.003,0.998,NaN,-0.103,0.169,0.98,0,0,0,64.325,NaN,-0.101,0.17,0.98,-0.032,0,0,0.565,3.622,6.415,0.979,NaN,-0.098,0.167,0.981,0.032,0,0,0.56,3.568,6.373,0.97,2,0
176606,1.00000113518935e+18,63875741926085,0.031,1.438,-0.019,0.058,-0.025,0.003,0.998,NaN,-0.104,0.164,0.981,0,0,0,64.325,NaN,-0.103,0.165,0.981,-0.032,0,0,0.566,3.63,6.415,0.979,NaN,-0.1,0.162,0.982,0.032,0,0,0.559,3.563,6.373,0.962,2,0
176607,1.00000113519437e+18,63875741926085,0.031,1.438,-0.019,0.058,-0.025,0.003,0.998,NaN,-0.105,0.16,0.982,0,0,0,64.325,NaN,-0.105,0.16,0.981,-0.032,0,0,0.566,3.633,6.415,0.979,NaN,-0.102,0.158,0.982,0.032,0,0,0.558,3.557,6.373,0.955,2,0
176608,1.00000113519938e+18,63875741926095,0.031,1.439,-0.019,0.058,-0.025,0.003,0.998,NaN,-0.106,0.156,0.982,0,0,0,64.325,NaN,-0.106,0.157,0.982,-0.032,0,0,0.566,3.633,6.415,0.979,NaN,-0.103,0.155,0.982,0.032,0,0,0.557,3.551,6.373,0.948,2,0
176609,1.00000113520438e+18,63875741926095,0.031,1.439,-0.019,0.058,-0.025,0.003,0.998,NaN,-0.106,0.154,0.982,0,0,0,64.325,NaN,-0.106,0.154,0.982,-0.032,0,0,0.566,3.632,6.415,0.979,NaN,-0.104,0.153,0.983,0.032,0,0,0.556,3.546,6.373,0.943,2,0
176610,1.00000113520939e+18,63875741926095,0.031,1.439,-0.019,0.058,-0.025,0.003,0.998,NaN,-0.107,0.152,0.983,0,0,0,64.325,NaN,-0.107,0.152,0.983,-0.032,0,0,0.566,3.628,6.415,0.979,NaN,-0.105,0.151,0.983,0.032,0,0,0.556,3.54,6.373,0.939,2,0
176611,1.0000011352144e+18,63875741926107,0.031,1.438,-0.019,0.059,-0.025,0.003,0.998,NaN,-0.107,0.15,0.983,0,0,0,64.325,NaN,-0.107,0.151,0.983,-0.032,0,0,0.565,3.625,6.415,0.979,NaN,-0.105,0.149,0.983,0.032,0,0,0.555,3.535,6.373,0.935,2,0
176612,1.00000113521945e+18,63875741926107,0.031,1.438,-0.019,0.059,-0.025,0.003,0.998,NaN,-0.107,0.149,0.983,0,0,0,64.325,NaN,-0.107,0.149,0.983,-0.032,0,0,0.564,3.619,6.415,0.979,NaN,-0.106,0.148,0.983,0.032,0,0,0.554,3.531,6.373,0.932,2,0
176613,1.00000113522445e+18,63875741926119,0.031,1.439,-0.019,0.059,-0.025,0.003,0.998,NaN,-0.107,0.147,0.983,0,0,0,64.325,NaN,-0.107,0.148,0.983,-0.032,0,0,0.563,3.612,6.415,0.978,NaN,-0.106,0.147,0.983,0.032,0,0,0.553,3.526,6.373,0.93,2,0
176614,1.00000113522951e+18,63875741926119,0.031,1.439,-0.019,0.059,-0.025,0.003,0.998,NaN,-0.106,0.146,0.983,0,0,0,64.325,NaN,-0.106,0.147,0.983,-0.032,0,0,0.562,3.607,6.415,0.978,NaN,-0.106,0.146,0.984,0.032,0,0,0.552,3.521,6.373,0.928,2,0
176615,1.00000113523453e+18,63875741926129,0.031,1.439,-0.019,0.059,-0.025,0.003,0.998,NaN,-0.106,0.146,0.984,0,0,0,64.325,NaN,-0.106,0.146,0.984,-0.032,0,0,0.562,3.603,6.415,0.978,NaN,-0.106,0.145,0.984,0.032,0,0,0.552,3.517,6.373,0.926,2,0
176616,1.00000113523955e+18,63875741926129,0.031,1.439,-0.019,0.059,-0.025,0.003,0.998,NaN,-0.106,0.145,0.984,0,0,0,64.325,NaN,-0.106,0.145,0.984,-0.032,0,0,0.561,3.597,6.415,0.978,NaN,-0.106,0.145,0.984,0.032,0,0,0.551,3.513,6.373,0.925,2,0
176617,1.00000113524456e+18,63875741926140,0.031,1.439,-0.019,0.059,-0.025,0.003,0.998,NaN,-0.106,0.145,0.984,0,0,0,64.325,NaN,-0.106,0.145,0.984,-0.032,0,0,0.559,3.588,6.415,0.978,NaN,-0.105,0.145,0.984,0.032,0,0,0.551,3.51,6.373,0.923,2,0.2371269
176618,1.00000113524947e+18,63875741926140,0.031,1.439,-0.019,0.059,-0.025,0.003,0.998,NaN,-0.105,0.145,0.984,0,0,0,64.325,NaN,-0.105,0.145,0.984,-0.032,0,0,0.559,3.584,6.415,0.978,NaN,-0.105,0.145,0.984,0.032,0,0,0.55,3.507,6.373,0.922,2,0.4809871
176619,1.00000113525448e+18,63875741926140,0.031,1.439,-0.019,0.059,-0.025,0.003,0.998,NaN,-0.105,0.145,0.984,0,0,0,64.325,NaN,-0.105,0.145,0.984,-0.032,0,0,0.558,3.58,6.415,0.978,NaN,-0.105,0.144,0.984,0.032,0,0,0.55,3.504,6.373,0.922,2,0.7019759
176620,1.00000113525949e+18,63875741926150,0.031,1.439,-0.019,0.059,-0.025,0.003,0.998,NaN,-0.105,0.145,0.984,0,0,0,64.325,NaN,-0.105,0.145,0.984,-0.032,0,0,0.557,3.575,6.415,0.977,NaN,-0.105,0.144,0.984,0.032,0,0,0.549,3.501,6.373,0.921,2,0.8218682
176621,1.0000011352645e+18,63875741926151,0.031,1.439,-0.019,0.059,-0.025,0.003,0.998,NaN,-0.105,0.145,0.984,0,0,0,64.325,NaN,-0.104,0.145,0.984,-0.032,0,0,0.557,3.571,6.415,0.977,NaN,-0.105,0.145,0.984,0.032,0,0,0.549,3.498,6.373,0.92,2,0.8916889
176622,1.00000113526951e+18,63875741926162,0.031,1.439,-0.019,0.059,-0.025,0.003,0.998,NaN,-0.104,0.145,0.984,0,0,0,64.325,NaN,-0.104,0.145,0.984,-0.032,0,0,0.556,3.57,6.415,0.977,NaN,-0.104,0.145,0.984,0.032,0,0,0.548,3.495,6.373,0.919,2,0.9175155
176623,1.00000113527454e+18,63875741926162,0.031,1.439,-0.019,0.059,-0.025,0.003,0.998,NaN,-0.104,0.145,0.984,0,0,0,64.325,NaN,-0.104,0.145,0.984,-0.032,0,0,0.556,3.569,6.415,0.977,NaN,-0.104,0.145,0.984,0.032,0,0,0.548,3.492,6.373,0.919,2,0.9648594
176624,1.00000113527955e+18,63875741926173,0.031,1.439,-0.019,0.059,-0.025,0.003,0.998,NaN,-0.104,0.145,0.984,0,0,0,64.325,NaN,-0.104,0.145,0.984,-0.032,0,0,0.556,3.568,6.415,0.977,NaN,-0.104,0.145,0.984,0.032,0,0,0.547,3.489,6.373,0.918,2,0.9903131
176625,1.00000113528458e+18,63875741926173,0.031,1.439,-0.019,0.059,-0.025,0.003,0.998,NaN,-0.104,0.146,0.984,0,0,0,64.325,NaN,-0.103,0.146,0.984,-0.032,0,0,0.556,3.566,6.415,0.977,NaN,-0.103,0.146,0.984,0.032,0,0,0.547,3.486,6.373,0.918,2,1
176626,1.00000113528959e+18,63875741926184,0.031,1.439,-0.019,0.059,-0.025,0.004,0.998,NaN,-0.103,0.146,0.984,0,0,0,64.325,NaN,-0.103,0.146,0.984,-0.032,0,0,0.555,3.563,6.415,0.977,NaN,-0.103,0.146,0.984,0.032,0,0,0.547,3.484,6.373,0.917,2,1
176627,1.0000011352946e+18,63875741926184,0.031,1.439,-0.019,0.059,-0.025,0.004,0.998,NaN,-0.103,0.146,0.984,0,0,0,64.325,NaN,-0.103,0.146,0.984,-0.032,0,0,0.555,3.562,6.415,0.977,NaN,-0.103,0.146,0.984,0.032,0,0,0.546,3.481,6.373,0.917,2,1
176628,1.00000113529961e+18,63875741926195,0.031,1.439,-0.019,0.059,-0.025,0.004,0.998,NaN,-0.103,0.146,0.984,0,0,0,64.325,NaN,-0.102,0.146,0.984,-0.032,0,0,0.555,3.56,6.415,0.977,NaN,-0.103,0.146,0.984,0.032,0,0,0.546,3.477,6.373,0.916,2,1
176629,1.0000011353046e+18,63875741926195,0.031,1.439,-0.019,0.059,-0.025,0.004,0.998,NaN,-0.103,0.146,0.984,0,0,0,64.325,NaN,-0.102,0.146,0.984,-0.032,0,0,0.555,3.558,6.415,0.976,NaN,-0.103,0.146,0.984,0.032,0,0,0.545,3.474,6.373,0.916,2,1
176630,1.00000113530961e+18,63875741926195,0.031,1.439,-0.019,0.059,-0.025,0.004,0.998,NaN,-0.102,0.146,0.984,0,0,0,64.325,NaN,-0.102,0.146,0.984,-0.032,0,0,0.554,3.557,6.415,0.976,NaN,-0.102,0.146,0.984,0.032,0,0,0.545,3.471,6.373,0.916,2,1
176631,1.00000113531464e+18,63875741926207,0.031,1.439,-0.02,0.058,-0.025,0.004,0.998,NaN,-0.102,0.146,0.984,0,0,0,64.325,NaN,-0.102,0.146,0.984,-0.032,0,0,0.554,3.555,6.415,0.976,NaN,-0.102,0.146,0.984,0.032,0,0,0.544,3.468,6.373,0.915,2,1
176632,1.00000113531964e+18,63875741926207,0.031,1.439,-0.02,0.058,-0.025,0.004,0.998,NaN,-0.102,0.147,0.984,0,0,0,64.325,NaN,-0.101,0.147,0.984,-0.032,0,0,0.554,3.554,6.415,0.976,NaN,-0.102,0.147,0.984,0.032,0,0,0.544,3.466,6.373,0.915,2,1
176633,1.00000113532466e+18,63875741926218,0.031,1.439,-0.02,0.059,-0.025,0.004,0.998,NaN,-0.102,0.147,0.984,0,0,0,64.325,NaN,-0.101,0.147,0.984,-0.032,0,0,0.554,3.553,6.415,0.976,NaN,-0.102,0.147,0.984,0.032,0,0,0.544,3.464,6.373,0.915,2,1
176634,1.0000011353297e+18,63875741926218,0.031,1.439,-0.02,0.059,-0.025,0.004,0.998,NaN,-0.102,0.147,0.984,0,0,0,64.325,NaN,-0.101,0.147,0.984,-0.032,0,0,0.554,3.552,6.415,0.976,NaN,-0.102,0.147,0.984,0.032,0,0,0.543,3.462,6.373,0.915,2,1
176635,1.00000113533471e+18,63875741926230,0.031,1.439,-0.02,0.058,-0.025,0.004,0.998,NaN,-0.101,0.147,0.984,0,0,0,64.325,NaN,-0.101,0.147,0.984,-0.032,0,0,0.553,3.551,6.415,0.976,NaN,-0.102,0.147,0.984,0.032,0,0,0.543,3.46,6.373,0.914,2,1
176636,1.00000113533972e+18,63875741926230,0.031,1.439,-0.02,0.058,-0.025,0.004,0.998,NaN,-0.101,0.147,0.984,0,0,0,64.325,NaN,-0.101,0.147,0.984,-0.032,0,0,0.553,3.548,6.415,0.976,NaN,-0.101,0.147,0.984,0.032,0,0,0.543,3.458,6.373,0.914,2,1
176637,1.00000113534473e+18,63875741926240,0.031,1.439,-0.02,0.058,-0.025,0.004,0.998,NaN,-0.101,0.148,0.984,0,0,0,64.325,NaN,-0.101,0.148,0.984,-0.032,0,0,0.553,3.547,6.415,0.976,NaN,-0.101,0.148,0.984,0.032,0,0,0.542,3.457,6.373,0.914,2,1
176638,1.00000113534975e+18,63875741926252,0.031,1.439,-0.02,0.059,-0.025,0.004,0.998,NaN,-0.101,0.148,0.984,0,0,0,64.325,NaN,-0.1,0.148,0.984,-0.032,0,0,0.553,3.545,6.415,0.976,NaN,-0.101,0.148,0.984,0.032,0,0,0.542,3.456,6.373,0.914,2,1
176639,1.00000113535476e+18,63875741926252,0.031,1.439,-0.02,0.059,-0.025,0.004,0.998,NaN,-0.101,0.148,0.984,0,0,0,64.325,NaN,-0.1,0.148,0.984,-0.032,0,0,0.552,3.544,6.415,0.976,NaN,-0.101,0.148,0.984,0.032,0,0,0.542,3.456,6.373,0.913,2,1
176640,1.00000113535974e+18,63875741926252,0.031,1.439,-0.02,0.059,-0.025,0.004,0.998,NaN,-0.1,0.148,0.984,0,0,0,64.325,NaN,-0.1,0.148,0.984,-0.032,0,0,0.552,3.543,6.415,0.975,NaN,-0.1,0.148,0.984,0.032,0,0,0.542,3.455,6.373,0.913,2,1
176641,1.00000113536475e+18,63875741926262,0.031,1.439,-0.02,0.058,-0.025,0.004,0.998,NaN,-0.1,0.148,0.984,0,0,0,64.325,NaN,-0.1,0.148,0.984,-0.032,0,0,0.552,3.542,6.415,0.975,NaN,-0.1,0.148,0.984,0.032,0,0,0.542,3.455,6.373,0.913,2,1
176642,1.00000113536977e+18,63875741926262,0.031,1.439,-0.02,0.058,-0.025,0.004,0.998,NaN,-0.1,0.148,0.984,0,0,0,64.325,NaN,-0.1,0.148,0.984,-0.032,0,0,0.552,3.541,6.415,0.975,NaN,-0.1,0.148,0.984,0.032,0,0,0.542,3.454,6.373,0.913,2,1
176643,1.00000113537478e+18,63875741926263,0.031,1.439,-0.02,0.058,-0.025,0.004,0.998,NaN,-0.099,0.148,0.984,0,0,0,64.325,NaN,-0.099,0.148,0.984,-0.032,0,0,0.552,3.54,6.415,0.975,NaN,-0.099,0.148,0.984,0.032,0,0,0.542,3.454,6.373,0.913,2,1
176644,1.00000113537979e+18,63875741926274,0.031,1.439,-0.02,0.059,-0.025,0.004,0.998,NaN,-0.099,0.149,0.984,0,0,0,64.325,NaN,-0.099,0.149,0.984,-0.032,0,0,0.551,3.538,6.415,0.974,NaN,-0.099,0.149,0.984,0.032,0,0,0.542,3.454,6.373,0.913,2,1
176645,1.00000113538492e+18,63875741926274,0.031,1.439,-0.02,0.059,-0.025,0.004,0.998,NaN,-0.099,0.149,0.984,0,0,0,64.325,NaN,-0.099,0.149,0.984,-0.032,0,0,0.551,3.536,6.415,0.974,NaN,-0.099,0.149,0.984,0.032,0,0,0.542,3.453,6.373,0.912,2,1
176646,1.00000113538994e+18,63875741926285,0.031,1.439,-0.02,0.058,-0.025,0.004,0.998,NaN,-0.099,0.149,0.984,0,0,0,64.325,NaN,-0.099,0.149,0.984,-0.032,0,0,0.551,3.533,6.415,0.973,NaN,-0.099,0.149,0.984,0.032,0,0,0.542,3.453,6.373,0.912,2,1
176647,1.00000113539496e+18,63875741926285,0.031,1.439,-0.02,0.058,-0.025,0.004,0.998,NaN,-0.098,0.149,0.984,0,0,0,64.325,NaN,-0.098,0.149,0.984,-0.032,0,0,0.55,3.53,6.415,0.973,NaN,-0.098,0.149,0.984,0.032,0,0,0.542,3.453,6.373,0.912,2,1
176648,1.00000113539997e+18,63875741926296,0.031,1.439,-0.02,0.059,-0.025,0.004,0.998,NaN,-0.098,0.149,0.984,0,0,0,64.325,NaN,-0.098,0.149,0.984,-0.032,0,0,0.55,3.528,6.415,0.972,NaN,-0.098,0.149,0.984,0.032,0,0,0.542,3.452,6.373,0.912,2,1
176649,1.00000113540488e+18,63875741926296,0.031,1.439,-0.02,0.059,-0.025,0.004,0.998,NaN,-0.098,0.149,0.984,0,0,0,64.325,NaN,-0.098,0.149,0.984,-0.032,0,0,0.55,3.526,6.415,0.972,NaN,-0.098,0.149,0.984,0.032,0,0,0.542,3.452,6.373,0.912,2,1
176650,1.00000113540989e+18,63875741926307,0.031,1.439,-0.02,0.059,-0.025,0.004,0.998,NaN,-0.098,0.149,0.984,0,0,0,64.325,NaN,-0.098,0.149,0.984,-0.032,0,0,0.55,3.525,6.415,0.972,NaN,-0.098,0.149,0.984,0.032,0,0,0.542,3.452,6.373,0.912,2,1
176651,1.0000011354149e+18,63875741926307,0.031,1.439,-0.02,0.059,-0.025,0.004,0.998,NaN,-0.098,0.149,0.984,0,0,0,64.325,NaN,-0.098,0.149,0.984,-0.032,0,0,0.549,3.525,6.415,0.972,NaN,-0.098,0.149,0.984,0.032,0,0,0.542,3.452,6.373,0.912,2,1
176652,1.00000113541992e+18,63875741926307,0.031,1.439,-0.02,0.059,-0.025,0.004,0.998,NaN,-0.097,0.149,0.984,0,0,0,64.325,NaN,-0.097,0.149,0.984,-0.032,0,0,0.55,3.526,6.415,0.972,NaN,-0.097,0.149,0.984,0.032,0,0,0.542,3.452,6.373,0.912,2,1
176653,1.00000113542493e+18,63875741926318,0.031,1.439,-0.02,0.059,-0.025,0.004,0.998,NaN,-0.097,0.15,0.984,0,0,0,64.325,NaN,-0.097,0.15,0.984,-0.032,0,0,0.55,3.527,6.415,0.972,NaN,-0.097,0.15,0.984,0.032,0,0,0.542,3.452,6.373,0.911,2,1
176654,1.00000113542994e+18,63875741926318,0.031,1.439,-0.02,0.059,-0.025,0.004,0.998,NaN,-0.097,0.15,0.984,0,0,0,64.325,NaN,-0.097,0.15,0.984,-0.032,0,0,0.55,3.528,6.415,0.972,NaN,-0.097,0.15,0.984,0.032,0,0,0.542,3.452,6.373,0.911,2,1
176655,1.00000113543495e+18,63875741926329,0.031,1.439,-0.02,0.059,-0.025,0.005,0.998,NaN,-0.098,0.15,0.984,0,0,0,64.325,NaN,-0.098,0.15,0.984,-0.032,0,0,0.55,3.531,6.415,0.972,NaN,-0.098,0.15,0.984,0.032,0,0,0.542,3.453,6.373,0.911,2,0.9748397
176656,1.00000113543998e+18,63875741926329,0.031,1.439,-0.02,0.059,-0.025,0.005,0.998,NaN,-0.099,0.15,0.984,0,0,0,64.325,NaN,-0.1,0.15,0.984,-0.032,0,0,0.553,3.548,6.415,0.971,NaN,-0.099,0.15,0.984,0.032,0,0,0.543,3.462,6.373,0.911,2,0.5903435
176657,1.000001135445e+18,63875741926340,0.031,1.439,-0.02,0.059,-0.026,0.005,0.998,NaN,-0.099,0.15,0.984,0,0,0,64.325,NaN,-0.099,0.15,0.984,-0.032,0,0,0.56,3.592,6.415,0.97,NaN,-0.099,0.15,0.984,0.032,0,0,0.548,3.491,6.373,0.911,2,0
176658,1.00000113544999e+18,63875741926340,0.031,1.439,-0.02,0.059,-0.026,0.005,0.998,NaN,-0.096,0.15,0.984,0,0,0,64.325,NaN,-0.095,0.15,0.984,-0.032,0,0,0.563,3.613,6.415,0.968,NaN,-0.096,0.15,0.984,0.032,0,0,0.548,3.489,6.373,0.913,2,0
176659,1.00000113545501e+18,63875741926352,0.031,1.439,-0.02,0.059,-0.026,0.005,0.998,NaN,-0.08,0.15,0.985,0,0,0,64.325,NaN,-0.057,0.148,0.987,-0.032,0,0,0.534,3.426,6.415,0.961,NaN,-0.08,0.15,0.985,0.032,0,0,0.546,3.478,6.373,0.914,2,0
176660,1.00000113546e+18,63875741926352,0.031,1.439,-0.02,0.059,-0.026,0.005,0.998,NaN,-0.051,0.15,0.987,0,0,0,64.325,NaN,-0.029,0.148,0.988,-0.032,0,0,0.53,3.398,6.415,0.934,NaN,-0.052,0.15,0.987,0.032,0,0,0.542,3.453,6.373,0.919,2,0
176661,1.00000113546502e+18,63875741926352,0.031,1.439,-0.02,0.059,-0.026,0.005,0.998,NaN,-0.008,0.15,0.989,0,0,0,64.325,NaN,0.009,0.148,0.989,-0.032,0,0,0.53,3.398,6.415,0.877,NaN,-0.008,0.15,0.989,0.032,0,0,0.541,3.449,6.373,0.923,2,0
176662,1.00000113547004e+18,63875741926362,0.031,1.439,-0.019,0.058,-0.026,0.005,0.998,NaN,0.04,0.15,0.988,0,0,0,64.325,NaN,0.051,0.147,0.988,-0.032,0,0,0.529,3.394,6.415,0.858,NaN,0.04,0.15,0.988,0.032,0,0,0.541,3.445,6.373,0.927,2,0
176663,1.00000113547505e+18,63875741926362,0.031,1.439,-0.019,0.058,-0.026,0.005,0.998,NaN,0.085,0.146,0.986,0,0,0,64.325,NaN,0.091,0.143,0.986,-0.032,0,0,0.529,3.394,6.415,0.865,NaN,0.084,0.146,0.986,0.032,0,0,0.54,3.444,6.373,0.93,2,0
176664,1.00000113548007e+18,63875741926374,0.031,1.439,-0.019,0.058,-0.026,0.005,0.998,NaN,0.119,0.141,0.983,0,0,0,64.325,NaN,0.123,0.137,0.983,-0.032,0,0,0.563,3.615,6.415,0.871,NaN,0.119,0.141,0.983,0.032,0,0,0.541,3.448,6.373,0.933,2,0
176665,1.00000113548508e+18,63875741926374,0.031,1.439,-0.019,0.058,-0.026,0.005,0.998,NaN,0.142,0.135,0.981,0,0,0,64.325,NaN,0.144,0.131,0.981,-0.032,0,0,0.57,3.654,6.415,0.876,NaN,0.142,0.135,0.981,0.032,0,0,0.542,3.453,6.373,0.936,2,0
176666,1.00000113549011e+18,63875741926385,0.031,1.439,-0.019,0.058,-0.026,0.005,0.998,NaN,0.156,0.129,0.979,0,0,0,64.325,NaN,0.157,0.126,0.98,-0.032,0,0,0.57,3.659,6.415,0.878,NaN,0.156,0.129,0.979,0.032,0,0,0.542,3.457,6.373,0.938,2,0
176667,1.00000113549517e+18,63875741926385,0.031,1.439,-0.019,0.058,-0.026,0.005,0.998,NaN,0.165,0.124,0.979,0,0,0,64.325,NaN,0.166,0.121,0.979,-0.032,0,0,0.571,3.662,6.415,0.879,NaN,0.165,0.123,0.979,0.032,0,0,0.543,3.459,6.373,0.941,2,0
176668,1.00000113550019e+18,63875741926396,0.031,1.439,-0.019,0.058,-0.026,0.005,0.998,NaN,0.171,0.119,0.978,0,0,0,64.325,NaN,0.171,0.117,0.978,-0.032,0,0,0.571,3.665,6.415,0.883,NaN,0.171,0.119,0.978,0.032,0,0,0.543,3.46,6.373,0.943,2,0
176669,1.00000113550511e+18,63875741926396,0.031,1.439,-0.019,0.058,-0.026,0.005,0.998,NaN,0.175,0.115,0.978,0,0,0,64.325,NaN,0.175,0.113,0.978,-0.032,0,0,0.572,3.667,6.415,0.886,NaN,0.175,0.115,0.978,0.032,0,0,0.543,3.46,6.373,0.945,2,0
176670,1.00000113551012e+18,63875741926407,0.031,1.439,-0.019,0.058,-0.026,0.005,0.998,NaN,0.177,0.112,0.978,0,0,0,64.325,NaN,0.177,0.111,0.978,-0.032,0,0,0.572,3.668,6.415,0.89,NaN,0.177,0.112,0.978,0.032,0,0,0.543,3.46,6.373,0.947,2,0
176671,1.00000113551515e+18,63875741926407,0.031,1.439,-0.019,0.058,-0.026,0.005,0.998,NaN,0.178,0.109,0.978,0,0,0,64.325,NaN,0.178,0.108,0.978,-0.032,0,0,0.572,3.668,6.415,0.893,NaN,0.178,0.109,0.978,0.032,0,0,0.543,3.46,6.373,0.949,2,0
176672,1.00000113552016e+18,63875741926407,0.031,1.439,-0.019,0.058,-0.026,0.005,0.998,NaN,0.179,0.107,0.978,0,0,0,64.325,NaN,0.179,0.106,0.978,-0.032,0,0,0.572,3.668,6.415,0.896,NaN,0.179,0.107,0.978,0.032,0,0,0.543,3.46,6.373,0.951,2,0
176673,1.00000113552518e+18,63875741926418,0.031,1.439,-0.019,0.058,-0.026,0.005,0.998,NaN,0.179,0.105,0.978,0,0,0,64.325,NaN,0.179,0.105,0.978,-0.032,0,0,0.572,3.668,6.415,0.9,NaN,0.179,0.105,0.978,0.032,0,0,0.543,3.46,6.373,0.952,2,0
176674,1.00000113553019e+18,63875741926418,0.031,1.439,-0.019,0.058,-0.026,0.005,0.998,NaN,0.18,0.104,0.978,0,0,0,64.325,NaN,0.18,0.104,0.978,-0.032,0,0,0.572,3.668,6.415,0.903,NaN,0.18,0.104,0.978,0.032,0,0,0.543,3.46,6.373,0.953,2,0
176675,1.00000113553518e+18,63875741926429,0.031,1.439,-0.019,0.058,-0.026,0.005,0.998,NaN,0.18,0.103,0.978,0,0,0,64.325,NaN,0.18,0.103,0.978,-0.032,0,0,0.572,3.668,6.415,0.907,NaN,0.18,0.103,0.978,0.032,0,0,0.543,3.461,6.373,0.955,2,0
176676,1.00000113554021e+18,63875741926429,0.031,1.439,-0.019,0.058,-0.026,0.005,0.998,NaN,0.18,0.102,0.978,0,0,0,64.325,NaN,0.18,0.102,0.978,-0.032,0,0,0.572,3.668,6.415,0.908,NaN,0.18,0.102,0.978,0.032,0,0,0.543,3.461,6.373,0.956,2,0
176677,1.00000113554523e+18,63875741926441,0.031,1.439,-0.019,0.058,-0.026,0.005,0.998,NaN,0.18,0.101,0.978,0,0,0,64.325,NaN,0.18,0.101,0.978,-0.032,0,0,0.572,3.667,6.415,0.91,NaN,0.18,0.101,0.978,0.032,0,0,0.543,3.461,6.373,0.957,2,0
176678,1.00000113555025e+18,63875741926441,0.031,1.439,-0.019,0.058,-0.026,0.005,0.998,NaN,0.18,0.1,0.979,0,0,0,64.325,NaN,0.18,0.1,0.979,-0.032,0,0,0.572,3.666,6.415,0.911,NaN,0.18,0.1,0.979,0.032,0,0,0.543,3.462,6.373,0.958,2,0
176679,1.00000113555527e+18,63875741926452,0.031,1.439,-0.019,0.058,-0.026,0.005,0.998,NaN,0.18,0.1,0.979,0,0,0,64.325,NaN,0.18,0.1,0.979,-0.032,0,0,0.571,3.666,6.415,0.913,NaN,0.18,0.1,0.979,0.032,0,0,0.543,3.462,6.373,0.959,2,0
176680,1.00000113556026e+18,63875741926452,0.031,1.439,-0.019,0.058,-0.026,0.005,0.998,NaN,0.18,0.099,0.979,0,0,0,64.325,NaN,0.18,0.099,0.979,-0.032,0,0,0.571,3.665,6.415,0.914,NaN,0.18,0.099,0.979,0.032,0,0,0.543,3.463,6.373,0.96,2,0
176681,1.00000113556528e+18,63875741926452,0.031,1.439,-0.019,0.058,-0.026,0.005,0.998,NaN,0.18,0.098,0.979,0,0,0,64.325,NaN,0.18,0.098,0.979,-0.032,0,0,0.571,3.665,6.415,0.915,NaN,0.18,0.098,0.979,0.032,0,0,0.543,3.463,6.373,0.961,2,0.0797792
176682,1.00000113557034e+18,63875741926463,0.031,1.439,-0.019,0.058,-0.026,0.005,0.998,NaN,0.18,0.098,0.979,0,0,0,64.325,NaN,0.18,0.098,0.979,-0.032,0,0,0.571,3.664,6.415,0.916,NaN,0.18,0.098,0.979,0.032,0,0,0.544,3.464,6.373,0.962,2,0.6560103
176683,1.00000113557536e+18,63875741926463,0.031,1.439,-0.019,0.058,-0.026,0.005,0.998,NaN,0.179,0.097,0.979,0,0,0,64.325,NaN,0.179,0.097,0.979,-0.032,0,0,0.571,3.664,6.415,0.916,NaN,0.179,0.097,0.979,0.032,0,0,0.544,3.466,6.373,0.963,2,0.9043751
176684,1.00000113558038e+18,63875741926474,0.031,1.439,-0.019,0.058,-0.026,0.005,0.998,NaN,0.179,0.097,0.979,0,0,0,64.325,NaN,0.179,0.097,0.979,-0.032,0,0,0.571,3.664,6.415,0.917,NaN,0.179,0.097,0.979,0.032,0,0,0.544,3.467,6.373,0.963,2,1
176685,1.0000011355854e+18,63875741926474,0.031,1.439,-0.019,0.058,-0.026,0.005,0.998,NaN,0.179,0.096,0.979,0,0,0,64.325,NaN,0.179,0.096,0.979,-0.032,0,0,0.571,3.664,6.415,0.918,NaN,0.179,0.096,0.979,0.032,0,0,0.544,3.469,6.373,0.964,2,1
176686,1.00000113559033e+18,63875741926485,0.031,1.439,-0.019,0.058,-0.026,0.005,0.998,NaN,0.179,0.096,0.979,0,0,0,64.325,NaN,0.179,0.096,0.979,-0.032,0,0,0.571,3.664,6.415,0.918,NaN,0.179,0.096,0.979,0.032,0,0,0.545,3.471,6.373,0.964,2,1
176687,1.00000113559535e+18,63875741926485,0.031,1.439,-0.019,0.058,-0.026,0.005,0.998,NaN,0.179,0.095,0.979,0,0,0,64.325,NaN,0.179,0.095,0.979,-0.032,0,0,0.571,3.664,6.415,0.919,NaN,0.179,0.095,0.979,0.032,0,0,0.545,3.472,6.373,0.965,2,1
176688,1.00000113560037e+18,63875741926495,0.031,1.439,-0.019,0.058,-0.026,0.005,0.998,NaN,0.179,0.095,0.979,0,0,0,64.325,NaN,0.179,0.095,0.979,-0.032,0,0,0.571,3.664,6.415,0.919,NaN,0.179,0.095,0.979,0.032,0,0,0.545,3.474,6.373,0.965,2,1
176689,1.00000113560536e+18,63875741926495,0.031,1.439,-0.019,0.058,-0.026,0.005,0.998,NaN,0.179,0.095,0.979,0,0,0,64.325,NaN,0.179,0.095,0.979,-0.032,0,0,0.571,3.663,6.415,0.92,NaN,0.179,0.095,0.979,0.032,0,0,0.545,3.476,6.373,0.966,2,1
176690,1.00000113561038e+18,63875741926507,0.031,1.439,-0.019,0.058,-0.026,0.005,0.998,NaN,0.179,0.094,0.979,0,0,0,64.325,NaN,0.179,0.094,0.979,-0.032,0,0,0.571,3.663,6.415,0.92,NaN,0.179,0.094,0.979,0.032,0,0,0.546,3.479,6.373,0.966,2,1
176691,1.00000113561539e+18,63875741926507,0.031,1.439,-0.019,0.058,-0.026,0.005,0.998,NaN,0.179,0.094,0.979,0,0,0,64.325,NaN,0.179,0.094,0.979,-0.032,0,0,0.571,3.664,6.415,0.921,NaN,0.179,0.094,0.979,0.032,0,0,0.547,3.483,6.373,0.967,2,1
176692,1.0000011356204e+18,63875741926507,0.031,1.439,-0.019,0.058,-0.026,0.005,0.998,NaN,0.179,0.094,0.979,0,0,0,64.325,NaN,0.179,0.094,0.979,-0.032,0,0,0.571,3.666,6.415,0.922,NaN,0.179,0.094,0.979,0.032,0,0,0.547,3.486,6.373,0.967,2,1
176693,1.00000113562542e+18,63875741926519,0.031,1.439,-0.019,0.058,-0.026,0.005,0.998,NaN,0.179,0.094,0.979,0,0,0,64.325,NaN,0.179,0.094,0.979,-0.032,0,0,0.572,3.669,6.415,0.922,NaN,0.179,0.094,0.979,0.032,0,0,0.548,3.489,6.373,0.968,2,1
176694,1.00000113563044e+18,63875741926519,0.031,1.439,-0.019,0.058,-0.026,0.005,0.998,NaN,0.179,0.094,0.979,0,0,0,64.325,NaN,0.179,0.094,0.979,-0.032,0,0,0.572,3.67,6.415,0.923,NaN,0.179,0.094,0.979,0.032,0,0,0.548,3.492,6.373,0.968,2,1
176695,1.00000113563546e+18,63875741926530,0.031,1.439,-0.019,0.058,-0.026,0.005,0.998,NaN,0.179,0.093,0.979,0,0,0,64.325,NaN,0.179,0.093,0.979,-0.032,0,0,0.572,3.671,6.415,0.923,NaN,0.179,0.093,0.979,0.032,0,0,0.548,3.494,6.373,0.968,2,1
176696,1.0000011356407e+18,63875741926530,0.031,1.439,-0.019,0.058,-0.026,0.005,0.998,NaN,0.179,0.093,0.979,0,0,0,64.325,NaN,0.179,0.093,0.979,-0.032,0,0,0.573,3.673,6.415,0.923,NaN,0.179,0.093,0.979,0.032,0,0,0.549,3.496,6.373,0.969,2,1
176697,1.00000113564571e+18,63875741926540,0.031,1.439,-0.019,0.058,-0.026,0.005,0.998,NaN,0.179,0.093,0.979,0,0,0,64.325,NaN,0.179,0.093,0.979,-0.032,0,0,0.573,3.676,6.415,0.923,NaN,0.179,0.093,0.979,0.032,0,0,0.549,3.499,6.373,0.969,2,1
176698,1.00000113565047e+18,63875741926540,0.031,1.439,-0.019,0.058,-0.026,0.005,0.998,NaN,0.179,0.093,0.979,0,0,0,64.325,NaN,0.179,0.093,0.979,-0.032,0,0,0.574,3.68,6.415,0.923,NaN,0.179,0.093,0.979,0.032,0,0,0.549,3.501,6.373,0.969,2,1
176699,1.00000113565549e+18,63875741926552,0.031,1.439,-0.019,0.058,-0.026,0.005,0.998,NaN,0.179,0.093,0.979,0,0,0,64.325,NaN,0.179,0.093,0.979,-0.032,0,0,0.574,3.683,6.415,0.923,NaN,0.179,0.093,0.979,0.032,0,0,0.55,3.504,6.373,0.969,2,1
176700,1.0000011356605e+18,63875741926552,0.031,1.439,-0.019,0.058,-0.026,0.005,0.998,NaN,0.179,0.093,0.979,0,0,0,64.325,NaN,0.179,0.093,0.979,-0.032,0,0,0.575,3.686,6.415,0.923,NaN,0.179,0.093,0.979,0.032,0,0,0.55,3.508,6.373,0.97,2,1
176701,1.0000011356655e+18,63875741926552,0.031,1.439,-0.019,0.058,-0.026,0.005,0.998,NaN,0.179,0.093,0.979,0,0,0,64.325,NaN,0.179,0.093,0.979,-0.032,0,0,0.576,3.693,6.415,0.923,NaN,0.179,0.093,0.979,0.032,0,0,0.551,3.511,6.373,0.97,2,1
176702,1.00000113567051e+18,63875741926563,0.031,1.439,-0.019,0.058,-0.025,0.005,0.998,NaN,0.179,0.093,0.979,0,0,0,64.325,NaN,0.179,0.093,0.979,-0.032,0,0,0.576,3.697,6.415,0.923,NaN,0.179,0.093,0.979,0.032,0,0,0.551,3.515,6.373,0.97,2,1
176703,1.00000113567551e+18,63875741926563,0.031,1.439,-0.019,0.058,-0.025,0.005,0.998,NaN,0.179,0.092,0.979,0,0,0,64.325,NaN,0.179,0.092,0.979,-0.032,0,0,0.578,3.706,6.415,0.924,NaN,0.179,0.092,0.979,0.032,0,0,0.552,3.519,6.373,0.97,2,1
176704,1.00000113568057e+18,63875741926574,0.031,1.439,-0.019,0.058,-0.025,0.005,0.998,NaN,0.179,0.092,0.979,0,0,0,64.325,NaN,0.179,0.092,0.979,-0.032,0,0,0.579,3.712,6.415,0.924,NaN,0.179,0.092,0.979,0.032,0,0,0.553,3.522,6.373,0.971,2,1
176705,1.00000113568558e+18,63875741926574,0.031,1.439,-0.019,0.058,-0.025,0.005,0.998,NaN,0.179,0.092,0.979,0,0,0,64.325,NaN,0.179,0.092,0.979,-0.032,0,0,0.579,3.716,6.415,0.924,NaN,0.179,0.092,0.979,0.032,0,0,0.553,3.526,6.373,0.971,2,1
176706,1.00000113569059e+18,63875741926585,0.031,1.439,-0.019,0.058,-0.025,0.005,0.998,NaN,0.179,0.092,0.979,0,0,0,64.325,NaN,0.179,0.092,0.979,-0.032,0,0,0.58,3.719,6.415,0.924,NaN,0.179,0.092,0.979,0.032,0,0,0.554,3.531,6.373,0.971,2,1
176707,1.00000113569559e+18,63875741926585,0.031,1.439,-0.019,0.058,-0.025,0.005,0.998,NaN,0.179,0.092,0.98,0,0,0,64.325,NaN,0.179,0.092,0.98,-0.032,0,0,0.58,3.721,6.415,0.924,NaN,0.179,0.092,0.98,0.032,0,0,0.555,3.535,6.373,0.971,2,1
176708,1.00000113570059e+18,63875741926596,0.031,1.439,-0.019,0.058,-0.025,0.005,0.998,NaN,0.179,0.092,0.98,0,0,0,64.325,NaN,0.179,0.092,0.98,-0.032,0,0,0.58,3.723,6.415,0.924,NaN,0.179,0.092,0.98,0.032,0,0,0.555,3.539,6.373,0.971,2,1
176709,1.00000113570559e+18,63875741926596,0.031,1.439,-0.019,0.058,-0.025,0.005,0.998,NaN,0.179,0.092,0.98,0,0,0,64.325,NaN,0.179,0.092,0.98,-0.032,0,0,0.581,3.729,6.415,0.924,NaN,0.179,0.092,0.98,0.032,0,0,0.556,3.543,6.373,0.971,2,1
176710,1.00000113571059e+18,63875741926608,0.031,1.439,-0.019,0.057,-0.025,0.005,0.998,NaN,0.179,0.092,0.98,0,0,0,64.325,NaN,0.179,0.092,0.98,-0.032,0,0,0.582,3.732,6.415,0.924,NaN,0.179,0.092,0.98,0.032,0,0,0.556,3.546,6.373,0.972,2,1
176711,1.00000113571559e+18,63875741926608,0.031,1.439,-0.019,0.057,-0.025,0.005,0.998,NaN,0.179,0.092,0.98,0,0,0,64.325,NaN,0.179,0.092,0.98,-0.032,0,0,0.582,3.736,6.415,0.924,NaN,0.179,0.092,0.98,0.032,0,0,0.557,3.549,6.373,0.972,2,1
176712,1.00000113572061e+18,63875741926608,0.031,1.439,-0.019,0.057,-0.025,0.005,0.998,NaN,0.179,0.092,0.98,0,0,0,64.325,NaN,0.179,0.092,0.98,-0.032,0,0,0.583,3.739,6.415,0.924,NaN,0.179,0.092,0.98,0.032,0,0,0.557,3.551,6.373,0.972,2,1
176713,1.00000113572565e+18,63875741926619,0.031,1.439,-0.019,0.057,-0.025,0.005,0.998,NaN,0.179,0.092,0.979,0,0,0,64.325,NaN,0.179,0.092,0.979,-0.032,0,0,0.583,3.741,6.415,0.924,NaN,0.179,0.092,0.979,0.032,0,0,0.558,3.554,6.373,0.972,2,1
176714,1.00000113573066e+18,63875741926619,0.031,1.439,-0.019,0.057,-0.025,0.005,0.998,NaN,0.179,0.092,0.979,0,0,0,64.325,NaN,0.179,0.092,0.979,-0.032,0,0,0.584,3.745,6.415,0.924,NaN,0.179,0.092,0.979,0.032,0,0,0.558,3.557,6.373,0.972,2,1
176715,1.00000113573571e+18,63875741926630,0.03,1.439,-0.019,0.057,-0.025,0.005,0.998,NaN,0.179,0.092,0.979,0,0,0,64.325,NaN,0.179,0.092,0.979,-0.032,0,0,0.584,3.748,6.415,0.924,NaN,0.179,0.092,0.979,0.032,0,0,0.559,3.56,6.373,0.972,2,1
176716,1.00000113574114e+18,63875741926630,0.03,1.439,-0.019,0.057,-0.025,0.005,0.998,NaN,0.179,0.092,0.979,0,0,0,64.325,NaN,0.179,0.092,0.979,-0.032,0,0,0.585,3.75,6.415,0.924,NaN,0.179,0.092,0.979,0.032,0,0,0.559,3.563,6.373,0.973,2,1
176717,1.00000113574594e+18,63875741926630,0.03,1.439,-0.019,0.057,-0.025,0.005,0.998,NaN,0.18,0.092,0.979,0,0,0,64.325,NaN,0.18,0.092,0.979,-0.032,0,0,0.585,3.756,6.415,0.924,NaN,0.18,0.092,0.979,0.032,0,0,0.56,3.567,6.373,0.973,2,1
176718,1.00000113575074e+18,63875741926641,0.03,1.439,-0.019,0.057,-0.025,0.005,0.998,NaN,0.18,0.092,0.979,0,0,0,64.325,NaN,0.18,0.092,0.979,-0.032,0,0,0.586,3.76,6.415,0.924,NaN,0.18,0.092,0.979,0.032,0,0,0.562,3.58,6.373,0.973,2,0.9035386
176719,1.00000113575574e+18,63875741926652,0.03,1.439,-0.019,0.057,-0.025,0.005,0.998,NaN,0.179,0.094,0.979,0,0,0,64.325,NaN,0.179,0.094,0.979,-0.032,0,0,0.602,3.861,6.415,0.923,NaN,0.179,0.094,0.979,0.032,0,0,0.568,3.623,6.373,0.973,2,0.4909791
176720,1.00000113576074e+18,63875741926652,0.03,1.439,-0.019,0.057,-0.025,0.005,0.998,NaN,0.169,0.094,0.981,0,0,0,64.325,NaN,0.171,0.094,0.981,-0.032,0,0,0.601,3.854,6.415,0.922,NaN,0.169,0.094,0.981,0.032,0,0,0.573,3.649,6.373,0.973,2,0
176721,1.00000113576573e+18,63875741926652,0.03,1.439,-0.019,0.057,-0.025,0.005,0.998,NaN,0.159,0.096,0.983,0,0,0,64.325,NaN,0.158,0.095,0.983,-0.032,0,0,0.564,3.616,6.415,0.921,NaN,0.158,0.096,0.983,0.032,0,0,0.576,3.674,6.373,0.973,2,0
176722,1.00000113577073e+18,63875741926663,0.03,1.439,-0.019,0.057,-0.025,0.005,0.998,NaN,0.134,0.097,0.986,0,0,0,64.325,NaN,0.134,0.097,0.986,-0.032,0,0,0.566,3.629,6.415,0.919,NaN,0.134,0.097,0.986,0.032,0,0,0.576,3.673,6.373,0.973,2,0
176723,1.00000113577575e+18,63875741926663,0.03,1.439,-0.019,0.057,-0.025,0.005,0.998,NaN,0.086,0.1,0.991,0,0,0,64.325,NaN,0.091,0.1,0.991,-0.032,0,0,0.558,3.583,6.415,0.916,NaN,0.085,0.1,0.991,0.032,0,0,0.575,3.662,6.373,0.973,2,0
176724,1.00000113578076e+18,63875741926674,0.03,1.439,-0.019,0.057,-0.025,0.004,0.998,NaN,0.03,0.102,0.994,0,0,0,64.325,NaN,0.049,0.102,0.994,-0.032,0,0,0.547,3.509,6.415,0.917,NaN,0.027,0.102,0.994,0.032,0,0,0.575,3.662,6.373,0.973,2,0
176725,1.00000113578577e+18,63875741926674,0.03,1.439,-0.019,0.057,-0.025,0.004,0.998,NaN,0.002,0.104,0.995,0,0,0,64.325,NaN,0.014,0.104,0.995,-0.032,0,0,0.558,3.582,6.415,0.918,NaN,0,0.104,0.995,0.032,0,0,0.575,3.662,6.373,0.972,2,0
176726,1.00000113579087e+18,63875741926685,0.03,1.439,-0.019,0.057,-0.025,0.004,0.998,NaN,-0.044,0.106,0.993,0,0,0,64.325,NaN,-0.032,0.106,0.994,-0.032,0,0,0.596,3.821,6.415,0.919,NaN,-0.046,0.106,0.993,0.032,0,0,0.574,3.661,6.373,0.972,2,0
176727,1.00000113579588e+18,63875741926685,0.03,1.439,-0.019,0.057,-0.025,0.004,0.998,NaN,-0.075,0.107,0.991,0,0,0,64.325,NaN,-0.063,0.107,0.992,-0.032,0,0,0.598,3.834,6.415,0.921,NaN,-0.077,0.107,0.991,0.032,0,0,0.574,3.66,6.373,0.972,2,0
176728,1.00000113580086e+18,63875741926697,0.03,1.439,-0.019,0.057,-0.025,0.004,0.998,NaN,-0.095,0.109,0.99,0,0,0,64.325,NaN,-0.083,0.109,0.991,-0.032,0,0,0.598,3.833,6.415,0.923,NaN,-0.096,0.109,0.989,0.032,0,0,0.574,3.66,6.373,0.972,2,0
176729,1.00000113580586e+18,63875741926697,0.03,1.439,-0.019,0.057,-0.025,0.004,0.998,NaN,-0.106,0.111,0.988,0,0,0,64.325,NaN,-0.095,0.111,0.989,-0.032,0,0,0.596,3.826,6.415,0.925,NaN,-0.108,0.111,0.988,0.032,0,0,0.574,3.66,6.373,0.972,2,0
176730,1.00000113581085e+18,63875741926708,0.03,1.439,-0.019,0.057,-0.025,0.004,0.998,NaN,-0.114,0.113,0.987,0,0,0,64.325,NaN,-0.102,0.113,0.988,-0.032,0,0,0.595,3.815,6.415,0.928,NaN,-0.115,0.113,0.987,0.032,0,0,0.574,3.658,6.373,0.972,2,0
176731,1.00000113581585e+18,63875741926708,0.03,1.439,-0.019,0.057,-0.025,0.004,0.998,NaN,-0.118,0.114,0.986,0,0,0,64.325,NaN,-0.106,0.114,0.988,-0.032,0,0,0.592,3.797,6.415,0.929,NaN,-0.12,0.114,0.986,0.032,0,0,0.574,3.655,6.373,0.972,2,0
176732,1.00000113582086e+18,63875741926708,0.03,1.439,-0.019,0.057,-0.025,0.004,0.998,NaN,-0.121,0.116,0.986,0,0,0,64.325,NaN,-0.108,0.116,0.987,-0.032,0,0,0.591,3.789,6.415,0.931,NaN,-0.122,0.116,0.986,0.032,0,0,0.573,3.653,6.373,0.972,2,0
176733,1.00000113582588e+18,63875741926719,0.03,1.439,-0.019,0.057,-0.025,0.004,0.998,NaN,-0.122,0.117,0.986,0,0,0,64.325,NaN,-0.11,0.117,0.987,-0.032,0,0,0.59,3.785,6.415,0.933,NaN,-0.123,0.117,0.985,0.032,0,0,0.573,3.652,6.373,0.972,2,0
176734,1.00000113583089e+18,63875741926720,0.03,1.439,-0.019,0.057,-0.025,0.004,0.998,NaN,-0.123,0.117,0.985,0,0,0,64.325,NaN,-0.11,0.117,0.987,-0.032,0,0,0.589,3.781,6.415,0.935,NaN,-0.124,0.117,0.985,0.032,0,0,0.573,3.65,6.373,0.972,2,0
176735,1.00000113583591e+18,63875741926730,0.03,1.439,-0.019,0.057,-0.025,0.004,0.998,NaN,-0.123,0.118,0.985,0,0,0,64.325,NaN,-0.111,0.118,0.987,-0.032,0,0,0.589,3.781,6.415,0.937,NaN,-0.125,0.118,0.985,0.032,0,0,0.572,3.648,6.373,0.972,2,0
176736,1.00000113584092e+18,63875741926731,0.03,1.439,-0.019,0.057,-0.025,0.004,0.998,NaN,-0.124,0.118,0.985,0,0,0,64.325,NaN,-0.112,0.118,0.987,-0.032,0,0,0.59,3.782,6.415,0.939,NaN,-0.125,0.118,0.985,0.032,0,0,0.572,3.646,6.373,0.972,2,0
176737,1.00000113584597e+18,63875741926731,0.03,1.439,-0.019,0.057,-0.025,0.004,0.998,NaN,-0.124,0.118,0.985,0,0,0,64.325,NaN,-0.112,0.118,0.987,-0.032,0,0,0.588,3.775,6.415,0.941,NaN,-0.125,0.118,0.985,0.032,0,0,0.572,3.644,6.373,0.972,2,0
176738,1.00000113585097e+18,63875741926741,0.03,1.438,-0.019,0.058,-0.025,0.004,0.998,NaN,-0.124,0.118,0.985,0,0,0,64.325,NaN,-0.111,0.118,0.987,-0.032,0,0,0.587,3.768,6.415,0.942,NaN,-0.126,0.118,0.985,0.032,0,0,0.572,3.643,6.373,0.972,2,0
176739,1.00000113585597e+18,63875741926742,0.03,1.438,-0.019,0.058,-0.025,0.004,0.998,NaN,-0.124,0.118,0.985,0,0,0,64.325,NaN,-0.111,0.118,0.987,-0.032,0,0,0.587,3.764,6.415,0.943,NaN,-0.126,0.118,0.985,0.032,0,0,0.571,3.642,6.373,0.972,2,0
176740,1.00000113586098e+18,63875741926752,0.031,1.438,-0.019,0.058,-0.024,0.004,0.998,NaN,-0.124,0.118,0.985,0,0,0,64.325,NaN,-0.111,0.118,0.987,-0.032,0,0,0.586,3.762,6.415,0.945,NaN,-0.126,0.118,0.985,0.032,0,0,0.571,3.641,6.373,0.972,2,0
176741,1.00000113586599e+18,63875741926763,0.031,1.438,-0.019,0.057,-0.024,0.004,0.998,NaN,-0.124,0.118,0.985,0,0,0,64.325,NaN,-0.11,0.118,0.987,-0.032,0,0,0.585,3.752,6.415,0.946,NaN,-0.126,0.118,0.985,0.032,0,0,0.571,3.639,6.373,0.972,2,0
176742,1.000001135871e+18,63875741926763,0.031,1.438,-0.019,0.057,-0.024,0.004,0.998,NaN,-0.124,0.118,0.985,0,0,0,64.325,NaN,-0.109,0.118,0.987,-0.032,0,0,0.584,3.745,6.415,0.947,NaN,-0.126,0.118,0.985,0.032,0,0,0.571,3.638,6.373,0.972,2,0
176743,1.00000113587599e+18,63875741926763,0.031,1.438,-0.019,0.057,-0.024,0.004,0.998,NaN,-0.124,0.118,0.985,0,0,0,64.325,NaN,-0.108,0.118,0.987,-0.032,0,0,0.583,3.738,6.415,0.948,NaN,-0.126,0.118,0.985,0.032,0,0,0.571,3.637,6.373,0.972,2,0
176744,1.00000113588101e+18,63875741926775,0.031,1.438,-0.019,0.057,-0.024,0.004,0.998,NaN,-0.124,0.117,0.985,0,0,0,64.325,NaN,-0.108,0.118,0.987,-0.032,0,0,0.582,3.732,6.415,0.948,NaN,-0.125,0.117,0.985,0.032,0,0,0.57,3.636,6.373,0.972,2,0
176745,1.00000113588602e+18,63875741926775,0.031,1.438,-0.019,0.057,-0.024,0.004,0.998,NaN,-0.124,0.117,0.985,0,0,0,64.325,NaN,-0.108,0.117,0.987,-0.032,0,0,0.583,3.74,6.415,0.949,NaN,-0.125,0.117,0.985,0.032,0,0,0.57,3.635,6.373,0.972,2,0.8165035
176746,1.00000113589105e+18,63875741926775,0.031,1.438,-0.019,0.057,-0.024,0.004,0.998,NaN,-0.124,0.117,0.985,0,0,0,64.325,NaN,-0.108,0.117,0.987,-0.032,0,0,0.583,3.742,6.415,0.95,NaN,-0.125,0.117,0.985,0.032,0,0,0.57,3.634,6.373,0.972,2,0.944777
176747,1.00000113589606e+18,63875741926785,0.031,1.438,-0.019,0.057,-0.024,0.004,0.998,NaN,-0.124,0.117,0.985,0,0,0,64.325,NaN,-0.108,0.117,0.987,-0.032,0,0,0.583,3.74,6.415,0.95,NaN,-0.125,0.117,0.985,0.032,0,0,0.57,3.633,6.373,0.972,2,1
176748,1.00000113590107e+18,63875741926785,0.031,1.438,-0.019,0.057,-0.024,0.004,0.998,NaN,-0.123,0.117,0.986,0,0,0,64.325,NaN,-0.103,0.117,0.988,-0.032,0,0,0.582,3.732,6.415,0.951,NaN,-0.125,0.117,0.985,0.032,0,0,0.57,3.632,6.373,0.972,2,0.9859856
176749,1.00000113590607e+18,63875741926797,0.031,1.438,-0.019,0.057,-0.024,0.004,0.998,NaN,-0.123,0.117,0.986,0,0,0,64.325,NaN,-0.103,0.117,0.988,-0.032,0,0,0.58,3.723,6.415,0.952,NaN,-0.125,0.117,0.985,0.032,0,0,0.57,3.631,6.373,0.972,2,0.9516003
176750,1.0000011359111e+18,63875741926808,0.031,1.438,-0.019,0.057,-0.024,0.004,0.998,NaN,-0.122,0.117,0.986,0,0,0,64.325,NaN,-0.103,0.117,0.988,-0.032,0,0,0.579,3.715,6.415,0.952,NaN,-0.124,0.117,0.985,0.032,0,0,0.57,3.63,6.373,0.972,2,0.9587137
176751,1.0000011359161e+18,63875741926808,0.031,1.438,-0.019,0.057,-0.024,0.004,0.998,NaN,-0.122,0.116,0.986,0,0,0,64.325,NaN,-0.103,0.117,0.988,-0.032,0,0,0.578,3.71,6.415,0.953,NaN,-0.124,0.116,0.985,0.032,0,0,0.57,3.63,6.373,0.972,2,0.9557254
176752,1.00000113592113e+18,63875741926808,0.031,1.438,-0.019,0.057,-0.024,0.004,0.998,NaN,-0.122,0.116,0.986,0,0,0,64.325,NaN,-0.103,0.117,0.988,-0.032,0,0,0.578,3.706,6.415,0.953,NaN,-0.124,0.116,0.985,0.032,0,0,0.569,3.629,6.373,0.972,2,0.9736747
176753,1.00000113592614e+18,63875741926819,0.031,1.438,-0.019,0.057,-0.024,0.004,0.998,NaN,-0.122,0.116,0.986,0,0,0,64.325,NaN,-0.103,0.117,0.988,-0.032,0,0,0.578,3.707,6.415,0.953,NaN,-0.124,0.116,0.985,0.032,0,0,0.569,3.628,6.373,0.972,2,0.9754467
176754,1.00000113593115e+18,63875741926819,0.031,1.438,-0.019,0.057,-0.024,0.004,0.998,NaN,-0.122,0.116,0.986,0,0,0,64.325,NaN,-0.104,0.116,0.988,-0.032,0,0,0.578,3.707,6.415,0.954,NaN,-0.123,0.116,0.986,0.032,0,0,0.569,3.627,6.373,0.972,2,0.9821603
176755,1.00000113593616e+18,63875741926830,0.031,1.438,-0.019,0.057,-0.024,0.004,0.998,NaN,-0.121,0.116,0.986,0,0,0,64.325,NaN,-0.104,0.116,0.988,-0.032,0,0,0.578,3.707,6.415,0.954,NaN,-0.123,0.116,0.986,0.032,0,0,0.569,3.626,6.373,0.972,2,0.985431
176756,1.00000113594118e+18,63875741926830,0.031,1.438,-0.019,0.057,-0.024,0.004,0.998,NaN,-0.121,0.116,0.986,0,0,0,64.325,NaN,-0.103,0.116,0.988,-0.032,0,0,0.578,3.707,6.415,0.954,NaN,-0.123,0.116,0.986,0.032,0,0,0.569,3.624,6.373,0.972,2,0.9856021
176757,1.00000113594621e+18,63875741926841,0.031,1.438,-0.019,0.057,-0.024,0.004,0.998,NaN,-0.121,0.116,0.986,0,0,0,64.325,NaN,-0.103,0.116,0.988,-0.032,0,0,0.579,3.712,6.415,0.955,NaN,-0.123,0.116,0.986,0.032,0,0,0.569,3.623,6.373,0.972,2,0.9914181
176758,1.00000113595123e+18,63875741926841,0.031,1.438,-0.019,0.057,-0.024,0.004,0.998,NaN,-0.121,0.116,0.986,0,0,0,64.325,NaN,-0.104,0.116,0.988,-0.032,0,0,0.579,3.713,6.415,0.955,NaN,-0.123,0.116,0.986,0.032,0,0,0.568,3.622,6.373,0.972,2,0.9879535
176759,1.00000113595625e+18,63875741926853,0.031,1.438,-0.019,0.057,-0.024,0.004,0.998,NaN,-0.121,0.116,0.986,0,0,0,64.325,NaN,-0.103,0.116,0.988,-0.032,0,0,0.579,3.712,6.415,0.955,NaN,-0.122,0.116,0.986,0.032,0,0,0.568,3.621,6.373,0.972,2,0.983129
176760,1.00000113596125e+18,63875741926853,0.031,1.438,-0.019,0.057,-0.024,0.004,0.998,NaN,-0.121,0.116,0.986,0,0,0,64.325,NaN,-0.103,0.116,0.988,-0.032,0,0,0.579,3.712,6.415,0.955,NaN,-0.122,0.116,0.986,0.032,0,0,0.568,3.619,6.373,0.972,2,0.9795082
176761,1.00000113596627e+18,63875741926853,0.031,1.438,-0.019,0.057,-0.024,0.004,0.998,NaN,-0.121,0.116,0.986,0,0,0,64.325,NaN,-0.104,0.116,0.988,-0.032,0,0,0.579,3.712,6.415,0.955,NaN,-0.122,0.116,0.986,0.032,0,0,0.568,3.618,6.373,0.972,2,0.9699194
176762,1.00000113597128e+18,63875741926863,0.031,1.438,-0.019,0.057,-0.024,0.004,0.998,NaN,-0.121,0.116,0.986,0,0,0,64.325,NaN,-0.104,0.116,0.988,-0.032,0,0,0.579,3.713,6.415,0.956,NaN,-0.122,0.116,0.986,0.032,0,0,0.567,3.616,6.373,0.972,2,0.9853141
176763,1.0000011359763e+18,63875741926863,0.031,1.438,-0.019,0.057,-0.024,0.004,0.998,NaN,-0.12,0.116,0.986,0,0,0,64.325,NaN,-0.104,0.116,0.988,-0.032,0,0,0.579,3.714,6.415,0.956,NaN,-0.122,0.116,0.986,0.032,0,0,0.567,3.614,6.373,0.972,2,0.9829619
176764,1.00000113598132e+18,63875741926874,0.031,1.438,-0.019,0.057,-0.024,0.004,0.998,NaN,-0.12,0.116,0.986,0,0,0,64.325,NaN,-0.104,0.116,0.988,-0.032,0,0,0.581,3.727,6.415,0.956,NaN,-0.122,0.116,0.986,0.032,0,0,0.567,3.612,6.373,0.972,2,0.9770827
176765,1.00000113598634e+18,63875741926874,0.031,1.438,-0.019,0.057,-0.024,0.004,0.998,NaN,-0.12,0.116,0.986,0,0,0,64.325,NaN,-0.105,0.116,0.988,-0.032,0,0,0.581,3.73,6.415,0.957,NaN,-0.122,0.116,0.986,0.032,0,0,0.567,3.61,6.373,0.972,2,0.9709275
176766,1.00000113599139e+18,63875741926885,0.031,1.438,-0.019,0.057,-0.024,0.004,0.998,NaN,-0.12,0.116,0.986,0,0,0,64.325,NaN,-0.105,0.116,0.988,-0.032,0,0,0.582,3.731,6.415,0.957,NaN,-0.122,0.116,0.986,0.032,0,0,0.566,3.608,6.373,0.971,2,0.9722144
176767,1.00000113599641e+18,63875741926885,0.031,1.438,-0.019,0.057,-0.024,0.004,0.998,NaN,-0.12,0.116,0.986,0,0,0,64.325,NaN,-0.105,0.116,0.988,-0.032,0,0,0.581,3.727,6.415,0.957,NaN,-0.122,0.116,0.986,0.032,0,0,0.566,3.606,6.373,0.971,2,1
176768,1.00000113600149e+18,63875741926885,0.031,1.438,-0.019,0.057,-0.024,0.004,0.998,NaN,-0.12,0.116,0.986,0,0,0,64.325,NaN,-0.105,0.116,0.988,-0.032,0,0,0.581,3.727,6.415,0.957,NaN,-0.122,0.116,0.986,0.032,0,0,0.565,3.604,6.373,0.971,2,1
176769,1.00000113600651e+18,63875741926896,0.031,1.438,-0.019,0.057,-0.024,0.004,0.998,NaN,-0.12,0.116,0.986,0,0,0,64.325,NaN,-0.106,0.116,0.988,-0.032,0,0,0.581,3.728,6.415,0.957,NaN,-0.122,0.116,0.986,0.032,0,0,0.565,3.602,6.373,0.971,2,1
176770,1.00000113601143e+18,63875741926908,0.031,1.438,-0.019,0.057,-0.024,0.004,0.998,NaN,-0.12,0.115,0.986,0,0,0,64.325,NaN,-0.106,0.115,0.988,-0.032,0,0,0.581,3.729,6.415,0.956,NaN,-0.122,0.115,0.986,0.032,0,0,0.565,3.6,6.373,0.97,2,1
176771,1.00000113601645e+18,63875741926908,0.031,1.438,-0.019,0.057,-0.024,0.004,0.998,NaN,-0.118,0.115,0.986,0,0,0,64.325,NaN,-0.105,0.115,0.988,-0.032,0,0,0.582,3.731,6.415,0.955,NaN,-0.119,0.115,0.986,0.032,0,0,0.565,3.6,6.373,0.969,2,0.426085
176772,1.00000113602147e+18,63875741926919,0.031,1.438,-0.019,0.057,-0.024,0.004,0.998,NaN,-0.115,0.115,0.987,0,0,0,64.325,NaN,-0.104,0.115,0.988,-0.032,0,0,0.582,3.732,6.415,0.954,NaN,-0.116,0.115,0.987,0.032,0,0,0.565,3.601,6.373,0.967,2,0.4092896
176773,1.00000113602649e+18,63875741926919,0.031,1.438,-0.019,0.057,-0.024,0.004,0.998,NaN,-0.111,0.115,0.987,0,0,0,64.325,NaN,-0.103,0.115,0.988,-0.032,0,0,0.583,3.738,6.415,0.952,NaN,-0.112,0.115,0.987,0.032,0,0,0.565,3.602,6.373,0.964,2,0.3576644
176774,1.00000113603152e+18,63875741926919,0.031,1.438,-0.019,0.057,-0.024,0.004,0.998,NaN,-0.108,0.114,0.988,0,0,0,64.325,NaN,-0.095,0.115,0.989,-0.032,0,0,0.559,3.584,6.415,0.953,NaN,-0.108,0.114,0.988,0.032,0,0,0.566,3.605,6.373,0.959,2,0.3265584
176775,1.00000113603654e+18,63875741926930,0.031,1.438,-0.019,0.057,-0.024,0.004,0.998,NaN,-0.105,0.114,0.988,0,0,0,64.325,NaN,-0.094,0.114,0.989,-0.032,0,0,0.553,3.549,6.415,0.952,NaN,-0.106,0.114,0.988,0.032,0,0,0.566,3.607,6.373,0.948,2,0.276754
176776,1.00000113604143e+18,63875741926930,0.031,1.438,-0.019,0.057,-0.024,0.004,0.998,NaN,-0.104,0.113,0.988,0,0,0,64.325,NaN,-0.094,0.114,0.989,-0.032,0,0,0.552,3.54,6.415,0.945,NaN,-0.104,0.113,0.988,0.032,0,0,0.566,3.607,6.373,0.926,2,0.2264696
176777,1.00000113604645e+18,63875741926941,0.031,1.438,-0.019,0.057,-0.024,0.004,0.998,NaN,-0.098,0.114,0.989,0,0,0,64.325,NaN,-0.085,0.113,0.99,-0.032,0,0,0.531,3.409,6.415,0.934,NaN,-0.098,0.114,0.989,0.032,0,0,0.558,3.557,6.373,0.884,2,0
176778,1.00000113605147e+18,63875741926941,0.031,1.438,-0.019,0.057,-0.024,0.004,0.998,NaN,-0.089,0.109,0.99,0,0,0,64.325,NaN,-0.072,0.102,0.992,-0.032,0,0,0,0,6.415,0.906,NaN,-0.096,0.112,0.989,0.032,0,0,0,0,6.373,0.818,2,0
176779,1.00000113605647e+18,63875741927041,0.031,1.438,-0.019,0.057,-0.024,0.004,0.998,NaN,NaN,NaN,NaN,NaN,NaN,NaN,NaN,NaN,NaN,NaN,NaN,NaN,NaN,NaN,NaN,NaN,NaN,NaN,NaN,NaN,NaN,NaN,NaN,NaN,NaN,NaN,NaN,NaN,NaN,NaN,NaN
176780,1.00000113606146e+18,63875741927041,0.031,1.438,-0.019,0.057,-0.024,0.004,0.998,NaN,NaN,NaN,NaN,NaN,NaN,NaN,NaN,NaN,NaN,NaN,NaN,NaN,NaN,NaN,NaN,NaN,NaN,NaN,NaN,NaN,NaN,NaN,NaN,NaN,NaN,NaN,NaN,NaN,NaN,NaN,NaN
176781,1.00000113606647e+18,63875741927041,0.031,1.438,-0.019,0.057,-0.024,0.004,0.998,NaN,NaN,NaN,NaN,NaN,NaN,NaN,NaN,NaN,NaN,NaN,NaN,NaN,NaN,NaN,NaN,NaN,NaN,NaN,NaN,NaN,NaN,NaN,NaN,NaN,NaN,NaN,NaN,NaN,NaN,NaN,NaN
176782,1.00000113607148e+18,63875741927041,0.031,1.438,-0.019,0.057,-0.024,0.004,0.998,NaN,NaN,NaN,NaN,NaN,NaN,NaN,NaN,NaN,NaN,NaN,NaN,NaN,NaN,NaN,NaN,NaN,NaN,NaN,NaN,NaN,NaN,NaN,NaN,NaN,NaN,NaN,NaN,NaN,NaN,NaN,NaN
176783,1.00000113607651e+18,63875741927041,0.031,1.438,-0.019,0.057,-0.024,0.004,0.998,NaN,NaN,NaN,NaN,NaN,NaN,NaN,NaN,NaN,NaN,NaN,NaN,NaN,NaN,NaN,NaN,NaN,NaN,NaN,NaN,NaN,NaN,NaN,NaN,NaN,NaN,NaN,NaN,NaN,NaN,NaN,NaN
176784,1.00000113608151e+18,63875741927041,0.031,1.438,-0.019,0.057,-0.024,0.004,0.998,NaN,NaN,NaN,NaN,NaN,NaN,NaN,NaN,NaN,NaN,NaN,NaN,NaN,NaN,NaN,NaN,NaN,NaN,NaN,NaN,NaN,NaN,NaN,NaN,NaN,NaN,NaN,NaN,NaN,NaN,NaN,NaN
176785,1.00000113608656e+18,63875741927041,0.031,1.438,-0.019,0.057,-0.024,0.004,0.998,NaN,NaN,NaN,NaN,NaN,NaN,NaN,NaN,NaN,NaN,NaN,NaN,NaN,NaN,NaN,NaN,NaN,NaN,NaN,NaN,NaN,NaN,NaN,NaN,NaN,NaN,NaN,NaN,NaN,NaN,NaN,NaN
176786,1.00000113609156e+18,63875741927041,0.031,1.438,-0.019,0.057,-0.024,0.004,0.998,NaN,NaN,NaN,NaN,NaN,NaN,NaN,NaN,NaN,NaN,NaN,NaN,NaN,NaN,NaN,NaN,NaN,NaN,NaN,NaN,NaN,NaN,NaN,NaN,NaN,NaN,NaN,NaN,NaN,NaN,NaN,NaN
176787,1.00000113609655e+18,63875741927041,0.031,1.438,-0.019,0.057,-0.024,0.004,0.998,NaN,NaN,NaN,NaN,NaN,NaN,NaN,NaN,NaN,NaN,NaN,NaN,NaN,NaN,NaN,NaN,NaN,NaN,NaN,NaN,NaN,NaN,NaN,NaN,NaN,NaN,NaN,NaN,NaN,NaN,NaN,NaN
176788,1.00000113610156e+18,63875741927041,0.031,1.438,-0.019,0.057,-0.024,0.004,0.998,NaN,NaN,NaN,NaN,NaN,NaN,NaN,NaN,NaN,NaN,NaN,NaN,NaN,NaN,NaN,NaN,NaN,NaN,NaN,NaN,NaN,NaN,NaN,NaN,NaN,NaN,NaN,NaN,NaN,NaN,NaN,NaN
176789,1.00000113610657e+18,63875741927041,0.031,1.438,-0.019,0.057,-0.024,0.004,0.998,NaN,NaN,NaN,NaN,NaN,NaN,NaN,NaN,NaN,NaN,NaN,NaN,NaN,NaN,NaN,NaN,NaN,NaN,NaN,NaN,NaN,NaN,NaN,NaN,NaN,NaN,NaN,NaN,NaN,NaN,NaN,NaN
176790,1.00000113611157e+18,63875741927041,0.031,1.438,-0.019,0.057,-0.024,0.004,0.998,NaN,NaN,NaN,NaN,NaN,NaN,NaN,NaN,NaN,NaN,NaN,NaN,NaN,NaN,NaN,NaN,NaN,NaN,NaN,NaN,NaN,NaN,NaN,NaN,NaN,NaN,NaN,NaN,NaN,NaN,NaN,NaN
176791,1.00000113611658e+18,63875741927041,0.031,1.438,-0.019,0.057,-0.024,0.004,0.998,NaN,NaN,NaN,NaN,NaN,NaN,NaN,NaN,NaN,NaN,NaN,NaN,NaN,NaN,NaN,NaN,NaN,NaN,NaN,NaN,NaN,NaN,NaN,NaN,NaN,NaN,NaN,NaN,NaN,NaN,NaN,NaN
176792,1.00000113612161e+18,63875741927041,0.031,1.438,-0.019,0.057,-0.024,0.004,0.998,NaN,NaN,NaN,NaN,NaN,NaN,NaN,NaN,NaN,NaN,NaN,NaN,NaN,NaN,NaN,NaN,NaN,NaN,NaN,NaN,NaN,NaN,NaN,NaN,NaN,NaN,NaN,NaN,NaN,NaN,NaN,NaN
176793,1.00000113612661e+18,63875741927041,0.031,1.438,-0.019,0.057,-0.024,0.004,0.998,NaN,NaN,NaN,NaN,NaN,NaN,NaN,NaN,NaN,NaN,NaN,NaN,NaN,NaN,NaN,NaN,NaN,NaN,NaN,NaN,NaN,NaN,NaN,NaN,NaN,NaN,NaN,NaN,NaN,NaN,NaN,NaN
176794,1.00000113613167e+18,63875741927042,0.031,1.438,-0.019,0.057,-0.024,0.004,0.998,NaN,NaN,NaN,NaN,NaN,NaN,NaN,NaN,NaN,NaN,NaN,NaN,NaN,NaN,NaN,NaN,NaN,NaN,NaN,NaN,NaN,NaN,NaN,NaN,NaN,NaN,NaN,NaN,NaN,NaN,NaN,NaN
176795,1.00000113613667e+18,63875741927042,0.031,1.438,-0.019,0.057,-0.024,0.004,0.998,NaN,NaN,NaN,NaN,NaN,NaN,NaN,NaN,NaN,NaN,NaN,NaN,NaN,NaN,NaN,NaN,NaN,NaN,NaN,NaN,NaN,NaN,NaN,NaN,NaN,NaN,NaN,NaN,NaN,NaN,NaN,NaN
176796,1.00000113614168e+18,63875741927042,0.031,1.438,-0.019,0.057,-0.024,0.004,0.998,NaN,NaN,NaN,NaN,NaN,NaN,NaN,NaN,NaN,NaN,NaN,NaN,NaN,NaN,NaN,NaN,NaN,NaN,NaN,NaN,NaN,NaN,NaN,NaN,NaN,NaN,NaN,NaN,NaN,NaN,NaN,NaN
176797,1.00000113614668e+18,63875741927042,0.031,1.438,-0.019,0.057,-0.024,0.004,0.998,NaN,NaN,NaN,NaN,NaN,NaN,NaN,NaN,NaN,NaN,NaN,NaN,NaN,NaN,NaN,NaN,NaN,NaN,NaN,NaN,NaN,NaN,NaN,NaN,NaN,NaN,NaN,NaN,NaN,NaN,NaN,NaN
176798,1.00000113615169e+18,63875741927042,0.031,1.438,-0.019,0.057,-0.024,0.004,0.998,NaN,NaN,NaN,NaN,NaN,NaN,NaN,NaN,NaN,NaN,NaN,NaN,NaN,NaN,NaN,NaN,NaN,NaN,NaN,NaN,NaN,NaN,NaN,NaN,NaN,NaN,NaN,NaN,NaN,NaN,NaN,NaN
176799,1.00000113615669e+18,63875741927042,0.031,1.438,-0.019,0.057,-0.024,0.004,0.998,NaN,-0.183,-0.195,0.963,0,0,0,64.325,NaN,NaN,NaN,NaN,NaN,NaN,NaN,NaN,-0.193,-0.189,0.963,0.032,0,0,0,0,6.373,NaN,2,0,NaN,NaN,NaN,NaN
176800,1.0000011361617e+18,63875741927053,0.031,1.438,-0.019,0.057,-0.024,0.004,0.998,NaN,0.039,-0.309,0.95,0,0,0,64.325,NaN,0.391,-0.367,0.844,-0.032,0,0,0,0,6.415,0.426,NaN,NaN,NaN,NaN,NaN,NaN,0.319,2,0,NaN,NaN,NaN,NaN
176801,1.0000011361667e+18,63875741927120,0.031,1.438,-0.019,0.057,-0.024,0.004,0.998,NaN,NaN,NaN,NaN,NaN,NaN,NaN,NaN,NaN,NaN,NaN,NaN,NaN,NaN,NaN,NaN,NaN,NaN,NaN,NaN,NaN,NaN,NaN,NaN,NaN,NaN,NaN,NaN,NaN,NaN,NaN,NaN
176802,1.00000113617172e+18,63875741927120,0.031,1.438,-0.019,0.057,-0.024,0.004,0.998,NaN,NaN,NaN,NaN,NaN,NaN,NaN,NaN,NaN,NaN,NaN,NaN,NaN,NaN,NaN,NaN,NaN,NaN,NaN,NaN,NaN,NaN,NaN,NaN,NaN,NaN,NaN,NaN,NaN,NaN,NaN,NaN
176803,1.00000113617674e+18,63875741927120,0.031,1.438,-0.019,0.057,-0.024,0.004,0.998,NaN,NaN,NaN,NaN,NaN,NaN,NaN,NaN,NaN,NaN,NaN,NaN,NaN,NaN,NaN,NaN,NaN,NaN,NaN,NaN,NaN,NaN,NaN,NaN,NaN,NaN,NaN,NaN,NaN,NaN,NaN,NaN
176804,1.00000113618174e+18,63875741927120,0.031,1.438,-0.019,0.057,-0.024,0.004,0.998,NaN,0,-0.38,0.925,0,0,0,64.325,NaN,NaN,NaN,NaN,NaN,NaN,NaN,NaN,-0.205,-0.423,0.883,0.032,0,0,0,0,6.373,NaN,2,0,NaN,NaN,NaN,NaN
176805,1.0000011361868e+18,63875741927120,0.031,1.438,-0.019,0.057,-0.024,0.004,0.998,NaN,NaN,NaN,NaN,NaN,NaN,NaN,NaN,NaN,NaN,NaN,NaN,NaN,NaN,NaN,NaN,NaN,NaN,NaN,NaN,NaN,NaN,NaN,NaN,NaN,NaN,NaN,NaN,NaN,NaN,NaN,NaN
176806,1.0000011361918e+18,63875741927120,0.031,1.438,-0.019,0.057,-0.024,0.004,0.998,NaN,NaN,NaN,NaN,NaN,NaN,NaN,NaN,NaN,NaN,NaN,NaN,NaN,NaN,NaN,NaN,NaN,NaN,NaN,NaN,NaN,NaN,NaN,NaN,NaN,NaN,NaN,NaN,NaN,NaN,NaN,NaN
176807,1.00000113619678e+18,63875741927120,0.031,1.438,-0.019,0.057,-0.024,0.004,0.998,NaN,NaN,NaN,NaN,NaN,NaN,NaN,NaN,NaN,NaN,NaN,NaN,NaN,NaN,NaN,NaN,NaN,NaN,NaN,NaN,NaN,NaN,NaN,NaN,NaN,NaN,NaN,NaN,NaN,NaN,NaN,NaN
176808,1.00000113620179e+18,63875741927120,0.031,1.438,-0.019,0.057,-0.024,0.004,0.998,NaN,NaN,NaN,NaN,NaN,NaN,NaN,NaN,NaN,NaN,NaN,NaN,NaN,NaN,NaN,NaN,NaN,NaN,NaN,NaN,NaN,NaN,NaN,NaN,NaN,NaN,NaN,NaN,NaN,NaN,NaN,NaN
176809,1.00000113620685e+18,63875741927120,0.031,1.438,-0.019,0.057,-0.024,0.004,0.998,NaN,NaN,NaN,NaN,NaN,NaN,NaN,NaN,NaN,NaN,NaN,NaN,NaN,NaN,NaN,NaN,NaN,NaN,NaN,NaN,NaN,NaN,NaN,NaN,NaN,NaN,NaN,NaN,NaN,NaN,NaN,NaN
176810,1.00000113621186e+18,63875741927120,0.031,1.438,-0.019,0.057,-0.024,0.004,0.998,NaN,NaN,NaN,NaN,NaN,NaN,NaN,NaN,NaN,NaN,NaN,NaN,NaN,NaN,NaN,NaN,NaN,NaN,NaN,NaN,NaN,NaN,NaN,NaN,NaN,NaN,NaN,NaN,NaN,NaN,NaN,NaN
176811,1.00000113621687e+18,63875741927120,0.031,1.438,-0.019,0.057,-0.024,0.004,0.998,NaN,NaN,NaN,NaN,NaN,NaN,NaN,NaN,NaN,NaN,NaN,NaN,NaN,NaN,NaN,NaN,NaN,NaN,NaN,NaN,NaN,NaN,NaN,NaN,NaN,NaN,NaN,NaN,NaN,NaN,NaN,NaN
176812,1.00000113622187e+18,63875741927120,0.031,1.438,-0.019,0.057,-0.024,0.004,0.998,NaN,-0.006,-0.306,0.952,0,0,0,64.325,NaN,NaN,NaN,NaN,NaN,NaN,NaN,NaN,-0.064,-0.22,0.973,0.032,0,0,0,0,6.373,NaN,2,0,NaN,NaN,NaN,NaN
176813,1.00000113622685e+18,63875741927120,0.031,1.438,-0.019,0.057,-0.024,0.004,0.998,NaN,-0.008,-0.274,0.962,0,0,0,64.325,NaN,NaN,NaN,NaN,NaN,NaN,NaN,NaN,-0.175,-0.207,0.963,0.032,0,0,0,0,6.373,NaN,2,0,NaN,NaN,NaN,NaN
176814,1.00000113623187e+18,63875741927120,0.031,1.438,-0.019,0.057,-0.024,0.004,0.998,NaN,-0.019,-0.286,0.958,0,0,0,64.325,NaN,NaN,NaN,NaN,NaN,NaN,NaN,NaN,-0.17,-0.251,0.953,0.032,0,0,0,0,6.373,NaN,2,0,NaN,NaN,NaN,NaN
176815,1.00000113623688e+18,63875741927131,0.031,1.438,-0.019,0.057,-0.024,0.004,0.998,NaN,-0.034,-0.292,0.956,0,0,0,64.325,NaN,NaN,NaN,NaN,NaN,NaN,NaN,NaN,-0.161,-0.273,0.948,0.032,0,0,0,0,6.373,NaN,2,0,NaN,NaN,NaN,NaN
176816,1.00000113624192e+18,63875741927131,0.031,1.438,-0.019,0.057,-0.024,0.004,0.998,NaN,-0.048,-0.295,0.954,0,0,0,64.325,NaN,NaN,NaN,NaN,NaN,NaN,NaN,NaN,-0.15,-0.285,0.947,0.032,0,0,0,0,6.373,NaN,2,0,NaN,NaN,NaN,NaN
176817,1.00000113624692e+18,63875741927131,0.031,1.438,-0.019,0.057,-0.024,0.004,0.998,NaN,-0.059,-0.296,0.953,0,0,0,64.325,NaN,NaN,NaN,NaN,NaN,NaN,NaN,NaN,-0.138,-0.29,0.947,0.032,0,0,0,0,6.373,NaN,2,0,NaN,NaN,NaN,NaN
176818,1.00000113625193e+18,63875741927142,0.031,1.438,-0.019,0.057,-0.024,0.004,0.998,NaN,-0.067,-0.296,0.953,0,0,0,64.325,NaN,NaN,NaN,NaN,NaN,NaN,NaN,NaN,-0.127,-0.292,0.948,0.032,0,0,0,0,6.373,NaN,2,0,NaN,NaN,NaN,NaN
176819,1.00000113625693e+18,63875741927142,0.031,1.438,-0.019,0.057,-0.024,0.004,0.998,NaN,-0.074,-0.295,0.953,0,0,0,64.325,NaN,NaN,NaN,NaN,NaN,NaN,NaN,NaN,-0.118,-0.292,0.949,0.032,0,0,0,0,6.373,NaN,2,0,NaN,NaN,NaN,NaN
176820,1.00000113626195e+18,63875741927153,0.031,1.438,-0.019,0.057,-0.024,0.004,0.998,NaN,-0.078,-0.294,0.953,0,0,0,64.325,NaN,NaN,NaN,NaN,NaN,NaN,NaN,NaN,-0.111,-0.292,0.95,0.032,0,0,0,0,6.373,NaN,2,0,NaN,NaN,NaN,NaN
176821,1.00000113626696e+18,63875741927164,0.031,1.438,-0.019,0.057,-0.024,0.004,0.998,NaN,-0.081,-0.293,0.953,0,0,0,64.325,NaN,NaN,NaN,NaN,NaN,NaN,NaN,NaN,-0.106,-0.292,0.951,0.032,0,0,0,0,6.373,NaN,2,0,NaN,NaN,NaN,NaN
176822,1.00000113627196e+18,63875741927164,0.031,1.438,-0.019,0.057,-0.024,0.004,0.998,NaN,-0.084,-0.293,0.953,0,0,0,64.325,NaN,NaN,NaN,NaN,NaN,NaN,NaN,NaN,-0.102,-0.292,0.951,0.032,0,0,0,0,6.373,NaN,2,0,NaN,NaN,NaN,NaN
176823,1.00000113627697e+18,63875741927164,0.031,1.438,-0.019,0.057,-0.024,0.004,0.998,NaN,-0.086,-0.291,0.953,0,0,0,64.325,NaN,NaN,NaN,NaN,NaN,NaN,NaN,NaN,-0.1,-0.29,0.952,0.032,0,0,0,0,6.373,NaN,2,0,NaN,NaN,NaN,NaN
176824,1.00000113628201e+18,63875741927175,0.031,1.438,-0.019,0.057,-0.024,0.004,0.998,NaN,-0.088,-0.288,0.954,0,0,0,64.325,NaN,NaN,NaN,NaN,NaN,NaN,NaN,NaN,-0.099,-0.286,0.953,0.032,0,0,0,0,6.373,NaN,2,0,NaN,NaN,NaN,NaN
176825,1.00000113628705e+18,63875741927175,0.031,1.438,-0.019,0.057,-0.024,0.004,0.998,NaN,-0.091,-0.284,0.954,0,0,0,64.325,NaN,NaN,NaN,NaN,NaN,NaN,NaN,NaN,-0.099,-0.282,0.954,0.032,0,0,0,0,6.373,NaN,2,0,NaN,NaN,NaN,NaN
176826,1.00000113629206e+18,63875741927186,0.031,1.438,-0.019,0.057,-0.024,0.004,0.998,NaN,-0.093,-0.28,0.955,0,0,0,64.325,NaN,NaN,NaN,NaN,NaN,NaN,NaN,NaN,-0.099,-0.277,0.956,0.032,0,0,0,0,6.373,NaN,2,0,NaN,NaN,NaN,NaN
176827,1.00000113629706e+18,63875741927187,0.031,1.438,-0.019,0.057,-0.024,0.004,0.998,NaN,-0.079,-0.267,0.96,0,0,0,64.325,NaN,0.053,-0.076,0.996,-0.032,0,0,0,0,6.415,0.671,NaN,-0.1,-0.259,0.961,0.032,0,0,0,0,6.373,0.62,0.1674343,0
176828,1.00000113630207e+18,63875741927187,0.031,1.438,-0.019,0.057,-0.024,0.004,0.998,NaN,-0.074,-0.222,0.972,0,0,0,64.325,NaN,0.053,-0.074,0.996,-0.032,0,0,0,0,6.415,0.683,NaN,-0.092,-0.23,0.969,0.032,0,0,0,0,6.373,0.634,0.201179,0
176829,1.00000113630708e+18,63875741927197,0.031,1.438,-0.019,0.057,-0.024,0.004,0.998,NaN,-0.062,-0.175,0.983,0,0,0,64.325,NaN,-0.038,0.054,0.998,-0.032,0,0,0,0,6.415,0.695,NaN,-0.085,-0.188,0.978,0.032,0,0,0,0,6.373,0.648,0.04857054,0
176830,1.00000113631209e+18,63875741927197,0.031,1.438,-0.019,0.057,-0.024,0.004,0.998,NaN,-0.053,-0.147,0.988,0,0,0,64.325,NaN,-0.011,0.002,1,-0.032,0,0,0,0,6.415,0.705,NaN,-0.078,-0.159,0.984,0.032,0,0,0,0,6.373,0.657,0.1405034,0
176831,1.00000113631709e+18,63875741927208,0.031,1.438,-0.02,0.057,-0.024,0.004,0.998,NaN,-0.04,-0.122,0.992,0,0,0,64.325,NaN,0.008,-0.028,1,-0.032,0,0,0,0,6.415,0.72,NaN,-0.075,-0.131,0.989,0.032,0,0,0,0,6.373,0.664,0.3029061,0
176832,1.0000011363221e+18,63875741927208,0.031,1.438,-0.02,0.057,-0.024,0.004,0.998,NaN,-0.03,-0.105,0.994,0,0,0,64.325,NaN,0.02,-0.047,0.999,-0.032,0,0,0,0,6.415,0.73,NaN,-0.072,-0.112,0.991,0.032,0,0,0,0,6.373,0.671,0.4641233,0
176833,1.00000113632711e+18,63875741927220,0.032,1.438,-0.02,0.057,-0.024,0.004,0.998,NaN,-0.024,-0.102,0.994,0,0,0,64.325,NaN,0.028,-0.067,0.997,-0.032,0,0,0,0,6.415,0.742,NaN,-0.069,-0.107,0.992,0.032,0,0,0,0,6.373,0.683,0.5640281,0
176834,1.00000113633212e+18,63875741927220,0.032,1.438,-0.02,0.057,-0.024,0.004,0.998,NaN,-0.021,-0.102,0.995,0,0,0,64.325,NaN,0.033,-0.08,0.996,-0.032,0,0,0,0,6.415,0.755,NaN,-0.066,-0.105,0.992,0.032,0,0,0,0,6.373,0.696,0.6081861,0
176835,1.00000113633713e+18,63875741927231,0.032,1.438,-0.02,0.057,-0.024,0.004,0.998,NaN,-0.017,-0.097,0.995,0,0,0,64.325,NaN,0.037,-0.082,0.996,-0.032,0,0,0.531,3.409,6.415,0.768,NaN,-0.064,-0.098,0.993,0.032,0,0,0.546,3.481,6.373,0.708,0.6191629,0
176836,1.00000113634215e+18,63875741927231,0.032,1.438,-0.02,0.057,-0.024,0.004,0.998,NaN,-0.016,-0.085,0.996,0,0,0,64.325,NaN,0.039,-0.075,0.996,-0.032,0,0,0.532,3.412,6.415,0.779,NaN,-0.064,-0.086,0.994,0.032,0,0,0.547,3.488,6.373,0.718,0.615022,0
176837,1.00000113634717e+18,63875741927242,0.032,1.438,-0.02,0.057,-0.023,0.004,0.998,NaN,-0.024,-0.081,0.996,0,0,0,64.325,NaN,0.025,-0.075,0.997,-0.032,0,0,0.538,3.455,6.415,0.791,NaN,-0.063,-0.082,0.995,0.032,0,0,0.55,3.508,6.373,0.727,0.7284819,0
176838,1.00000113635218e+18,63875741927242,0.032,1.438,-0.02,0.057,-0.023,0.004,0.998,NaN,-0.004,-0.041,0.999,0,0,0,64.325,NaN,0.038,-0.049,0.998,-0.032,0,0,0.541,3.471,6.415,0.798,NaN,-0.035,-0.042,0.999,0.032,0,0,0.565,3.601,6.373,0.734,0.8776565,0
176839,1.00000113635718e+18,63875741927242,0.032,1.438,-0.02,0.057,-0.023,0.004,0.998,NaN,0.002,-0.024,1,0,0,0,64.325,NaN,0.036,-0.039,0.999,-0.032,0,0,0.536,3.439,6.415,0.805,NaN,-0.018,-0.025,1,0.032,0,0,0.569,3.626,6.373,0.748,1.122062,0
176840,1.00000113636219e+18,63875741927253,0.032,1.438,-0.02,0.057,-0.023,0.004,0.998,NaN,0.008,-0.001,1,0,0,0,64.325,NaN,0.043,-0.03,0.999,-0.032,0,0,0.508,3.257,6.415,0.812,NaN,-0.005,-0.002,1,0.032,0,0,0.572,3.644,6.373,0.761,0.9957361,0
176841,1.00000113636719e+18,63875741927264,0.032,1.438,-0.02,0.057,-0.023,0.004,0.998,NaN,0.013,0.022,1,0,0,0,64.325,NaN,0.039,-0.026,0.999,-0.032,0,0,0.509,3.264,6.415,0.819,NaN,0.006,0.021,1,0.032,0,0,0.574,3.656,6.373,0.77,0.6393245,0
176842,1.00000113637223e+18,63875741927264,0.032,1.438,-0.02,0.057,-0.023,0.004,0.998,NaN,0.014,0.055,0.998,0,0,0,64.325,NaN,0.038,-0.008,0.999,-0.032,0,0,0.514,3.298,6.415,0.827,NaN,0.007,0.054,0.998,0.032,0,0,0.579,3.691,6.373,0.778,0.4117432,0
176843,1.00000113637723e+18,63875741927275,0.032,1.438,-0.02,0.057,-0.023,0.005,0.998,NaN,0.014,0.078,0.997,0,0,0,64.325,NaN,0.049,0.012,0.999,-0.032,0,0,0.52,3.339,6.415,0.836,NaN,0.009,0.078,0.997,0.032,0,0,0.58,3.696,6.373,0.785,0.4314671,0
176844,1.00000113638224e+18,63875741927275,0.032,1.438,-0.02,0.057,-0.023,0.005,0.998,NaN,0.014,0.092,0.996,0,0,0,64.325,NaN,0.057,0.031,0.998,-0.032,0,0,0.524,3.359,6.415,0.845,NaN,0.011,0.092,0.996,0.032,0,0,0.58,3.698,6.373,0.794,0.5070488,0
176845,1.00000113638724e+18,63875741927275,0.032,1.438,-0.02,0.057,-0.023,0.005,0.998,NaN,0.015,0.102,0.995,0,0,0,64.325,NaN,0.052,0.057,0.997,-0.032,0,0,0.526,3.373,6.415,0.855,NaN,0.012,0.102,0.995,0.032,0,0,0.58,3.699,6.373,0.804,0.7003753,0
176846,1.00000113639226e+18,63875741927286,0.032,1.438,-0.02,0.057,-0.023,0.005,0.998,NaN,0.015,0.109,0.994,0,0,0,64.325,NaN,0.047,0.076,0.996,-0.032,0,0,0.535,3.432,6.415,0.866,NaN,0.013,0.108,0.994,0.032,0,0,0.58,3.699,6.373,0.815,2,0
176847,1.00000113639726e+18,63875741927286,0.032,1.438,-0.02,0.057,-0.023,0.005,0.998,NaN,0.015,0.112,0.994,0,0,0,64.325,NaN,0.054,0.086,0.995,-0.032,0,0,0.54,3.467,6.415,0.877,NaN,0.014,0.112,0.994,0.032,0,0,0.58,3.699,6.373,0.825,2,0
176848,1.00000113640227e+18,63875741927286,0.032,1.438,-0.02,0.057,-0.023,0.005,0.998,NaN,0.016,0.115,0.993,0,0,0,64.325,NaN,0.059,0.097,0.994,-0.032,0,0,0.555,3.561,6.415,0.888,NaN,0.015,0.115,0.993,0.032,0,0,0.58,3.699,6.373,0.835,2,0
176849,1.00000113640732e+18,63875741927297,0.032,1.438,-0.02,0.057,-0.023,0.005,0.998,NaN,0.016,0.116,0.993,0,0,0,64.325,NaN,0.062,0.107,0.992,-0.032,0,0,0.566,3.628,6.415,0.898,NaN,0.016,0.116,0.993,0.032,0,0,0.58,3.699,6.373,0.844,2,0
176850,1.00000113641234e+18,63875741927297,0.032,1.438,-0.02,0.057,-0.023,0.005,0.998,NaN,0.017,0.117,0.993,0,0,0,64.325,NaN,0.065,0.118,0.991,-0.032,0,0,0.581,3.729,6.415,0.908,NaN,0.016,0.117,0.993,0.032,0,0,0.58,3.699,6.373,0.853,2,0
176851,1.00000113641735e+18,63875741927309,0.032,1.438,-0.02,0.057,-0.023,0.005,0.998,NaN,0.017,0.117,0.993,0,0,0,64.325,NaN,0.067,0.127,0.99,-0.032,0,0,0.586,3.759,6.415,0.916,NaN,0.017,0.117,0.993,0.032,0,0,0.581,3.7,6.373,0.861,2,0
176852,1.00000113642236e+18,63875741927309,0.032,1.438,-0.02,0.057,-0.023,0.005,0.998,NaN,0.017,0.118,0.993,0,0,0,64.325,NaN,0.059,0.125,0.99,-0.032,0,0,0.588,3.772,6.415,0.914,NaN,0.017,0.118,0.993,0.032,0,0,0.581,3.702,6.373,0.869,2,0
176853,1.00000113642739e+18,63875741927320,0.032,1.438,-0.02,0.057,-0.023,0.005,0.998,NaN,0.018,0.118,0.993,0,0,0,64.325,NaN,0.061,0.133,0.989,-0.032,0,0,0.595,3.819,6.415,0.914,NaN,0.018,0.118,0.993,0.032,0,0,0.581,3.704,6.373,0.876,2,0
176854,1.0000011364324e+18,63875741927320,0.032,1.438,-0.02,0.057,-0.023,0.005,0.998,NaN,0.018,0.12,0.993,0,0,0,64.325,NaN,0.056,0.13,0.99,-0.032,0,0,0.598,3.838,6.415,0.914,NaN,0.018,0.12,0.993,0.032,0,0,0.582,3.707,6.373,0.883,2,0
176855,1.00000113643741e+18,63875741927331,0.032,1.438,-0.02,0.057,-0.023,0.005,0.998,NaN,0.019,0.121,0.992,0,0,0,64.325,NaN,0.053,0.129,0.99,-0.032,0,0,0.6,3.848,6.415,0.914,NaN,0.019,0.121,0.992,0.032,0,0,0.583,3.713,6.373,0.889,2,0
176856,1.00000113644241e+18,63875741927331,0.032,1.438,-0.02,0.057,-0.023,0.005,0.998,NaN,0.019,0.123,0.992,0,0,0,64.325,NaN,0.052,0.129,0.99,-0.032,0,0,0.6,3.852,6.415,0.915,NaN,0.019,0.123,0.992,0.032,0,0,0.584,3.721,6.373,0.894,2,0
176857,1.00000113644741e+18,63875741927341,0.032,1.438,-0.019,0.057,-0.023,0.005,0.998,NaN,0.019,0.125,0.992,0,0,0,64.325,NaN,0.05,0.129,0.99,-0.032,0,0,0.601,3.853,6.415,0.915,NaN,0.02,0.125,0.992,0.032,0,0,0.585,3.726,6.373,0.899,2,0
176858,1.0000011364524e+18,63875741927342,0.032,1.438,-0.019,0.057,-0.023,0.005,0.998,NaN,0.02,0.126,0.992,0,0,0,64.325,NaN,0.048,0.129,0.991,-0.032,0,0,0.635,4.071,6.415,0.916,NaN,0.02,0.126,0.992,0.032,0,0,0.585,3.731,6.373,0.903,2,0
176859,1.0000011364574e+18,63875741927342,0.032,1.438,-0.019,0.057,-0.023,0.005,0.998,NaN,0.02,0.127,0.992,0,0,0,64.325,NaN,0.045,0.129,0.991,-0.032,0,0,0.638,4.091,6.415,0.917,NaN,0.02,0.127,0.992,0.032,0,0,0.586,3.733,6.373,0.907,2,0
176860,1.00000113646243e+18,63875741927353,0.032,1.438,-0.019,0.057,-0.023,0.005,0.998,NaN,0.02,0.127,0.992,0,0,0,64.325,NaN,0.042,0.129,0.991,-0.032,0,0,0.637,4.084,6.415,0.918,NaN,0.02,0.127,0.992,0.032,0,0,0.586,3.735,6.373,0.911,2,0
176861,1.00000113646743e+18,63875741927353,0.032,1.438,-0.019,0.057,-0.023,0.005,0.998,NaN,0.02,0.127,0.992,0,0,0,64.325,NaN,0.045,0.131,0.99,-0.032,0,0,0.593,3.805,6.415,0.919,NaN,0.02,0.127,0.992,0.032,0,0,0.586,3.736,6.373,0.913,2,0.6389185
176862,1.00000113647245e+18,63875741927364,0.032,1.439,-0.02,0.057,-0.024,0.005,0.998,NaN,0.02,0.127,0.992,0,0,0,64.325,NaN,0.046,0.133,0.99,-0.032,0,0,0.589,3.777,6.415,0.92,NaN,0.02,0.127,0.992,0.032,0,0,0.586,3.737,6.373,0.916,2,0.7527047
176863,1.00000113647744e+18,63875741927375,0.032,1.438,-0.02,0.058,-0.024,0.005,0.998,NaN,0.02,0.127,0.992,0,0,0,64.325,NaN,0.048,0.135,0.99,-0.032,0,0,0.591,3.794,6.415,0.921,NaN,0.02,0.127,0.992,0.032,0,0,0.587,3.738,6.373,0.92,2,0.7778925
176864,1.00000113648253e+18,63875741927375,0.032,1.438,-0.02,0.058,-0.024,0.005,0.998,NaN,0.02,0.126,0.992,0,0,0,64.325,NaN,0.05,0.136,0.989,-0.032,0,0,0.591,3.794,6.415,0.922,NaN,0.021,0.126,0.992,0.032,0,0,0.587,3.74,6.373,0.921,2,0.8495912
176865,1.00000113648752e+18,63875741927375,0.032,1.438,-0.02,0.058,-0.024,0.005,0.998,NaN,0.02,0.126,0.992,0,0,0,64.325,NaN,0.052,0.136,0.989,-0.032,0,0,0.588,3.775,6.415,0.924,NaN,0.021,0.126,0.992,0.032,0,0,0.587,3.741,6.373,0.918,2,0.8673261
176866,1.00000113649255e+18,63875741927387,0.032,1.439,-0.02,0.058,-0.024,0.005,0.998,NaN,0.02,0.126,0.992,0,0,0,64.325,NaN,0.055,0.136,0.989,-0.032,0,0,0.585,3.751,6.415,0.925,NaN,0.021,0.126,0.992,0.032,0,0,0.587,3.742,6.373,0.917,2,0.8779581
176867,1.00000113649753e+18,63875741927387,0.032,1.439,-0.02,0.058,-0.024,0.005,0.998,NaN,0.021,0.125,0.992,0,0,0,64.325,NaN,0.058,0.136,0.989,-0.032,0,0,0.584,3.746,6.415,0.926,NaN,0.021,0.125,0.992,0.032,0,0,0.587,3.744,6.373,0.914,2,0.9092312
176868,1.00000113650255e+18,63875741927387,0.032,1.439,-0.02,0.058,-0.024,0.005,0.998,NaN,0.021,0.125,0.992,0,0,0,64.325,NaN,0.061,0.136,0.989,-0.032,0,0,0.584,3.746,6.415,0.927,NaN,0.021,0.125,0.992,0.032,0,0,0.588,3.746,6.373,0.911,2,0.9139785
176869,1.00000113650754e+18,63875741927398,0.032,1.438,-0.02,0.058,-0.024,0.005,0.998,NaN,0.021,0.125,0.992,0,0,0,64.325,NaN,0.063,0.136,0.989,-0.032,0,0,0.589,3.779,6.415,0.929,NaN,0.021,0.125,0.992,0.032,0,0,0.588,3.747,6.373,0.909,2,0.9191304
176870,1.00000113651256e+18,63875741927398,0.032,1.438,-0.02,0.058,-0.024,0.005,0.998,NaN,0.021,0.125,0.992,0,0,0,64.325,NaN,0.065,0.137,0.988,-0.032,0,0,0.59,3.787,6.415,0.93,NaN,0.021,0.125,0.992,0.032,0,0,0.588,3.75,6.373,0.905,2,0.9212418
176871,1.0000011365176e+18,63875741927410,0.032,1.439,-0.02,0.058,-0.024,0.005,0.998,NaN,0.021,0.125,0.992,0,0,0,64.325,NaN,0.067,0.137,0.988,-0.032,0,0,0.588,3.773,6.415,0.931,NaN,0.021,0.125,0.992,0.032,0,0,0.589,3.753,6.373,0.9,2,0.9410709
176872,1.00000113652262e+18,63875741927410,0.032,1.439,-0.02,0.058,-0.024,0.005,0.998,NaN,0.021,0.125,0.992,0,0,0,64.325,NaN,0.07,0.136,0.988,-0.032,0,0,0.578,3.709,6.415,0.933,NaN,0.021,0.125,0.992,0.032,0,0,0.589,3.755,6.373,0.897,2,0.9494799
176873,1.00000113652765e+18,63875741927421,0.032,1.439,-0.02,0.058,-0.024,0.005,0.998,NaN,0.021,0.125,0.992,0,0,0,64.325,NaN,0.072,0.135,0.988,-0.032,0,0,0.576,3.693,6.415,0.934,NaN,0.021,0.125,0.992,0.032,0,0,0.59,3.757,6.373,0.894,2,0.9951296
176874,1.00000113653264e+18,63875741927421,0.032,1.439,-0.02,0.058,-0.024,0.005,0.998,NaN,0.021,0.125,0.992,0,0,0,64.325,NaN,0.073,0.134,0.988,-0.032,0,0,0.574,3.682,6.415,0.935,NaN,0.022,0.125,0.992,0.032,0,0,0.59,3.759,6.373,0.892,1.194401,1
176875,1.00000113653766e+18,63875741927431,0.032,1.439,-0.02,0.058,-0.024,0.005,0.998,NaN,0.022,0.125,0.992,0,0,0,64.325,NaN,0.075,0.133,0.988,-0.032,0,0,0.573,3.677,6.415,0.936,NaN,0.022,0.125,0.992,0.032,0,0,0.59,3.763,6.373,0.89,1.173531,1
176876,1.00000113654266e+18,63875741927431,0.032,1.439,-0.02,0.058,-0.024,0.005,0.998,NaN,0.022,0.125,0.992,0,0,0,64.325,NaN,0.076,0.133,0.988,-0.032,0,0,0.573,3.675,6.415,0.937,NaN,0.022,0.125,0.992,0.032,0,0,0.591,3.765,6.373,0.889,1.15741,1
176877,1.00000113654763e+18,63875741927442,0.032,1.439,-0.02,0.058,-0.024,0.005,0.998,NaN,0.022,0.125,0.992,0,0,0,64.325,NaN,0.077,0.132,0.988,-0.032,0,0,0.573,3.674,6.415,0.938,NaN,0.022,0.125,0.992,0.032,0,0,0.591,3.767,6.373,0.888,1.143567,1
176878,1.00000113655263e+18,63875741927443,0.032,1.439,-0.02,0.058,-0.024,0.005,0.998,NaN,0.022,0.125,0.992,0,0,0,64.325,NaN,0.078,0.132,0.988,-0.032,0,0,0.573,3.674,6.415,0.939,NaN,0.022,0.125,0.992,0.032,0,0,0.591,3.768,6.373,0.888,1.131889,1
176879,1.0000011365577e+18,63875741927443,0.032,1.439,-0.02,0.058,-0.024,0.005,0.998,NaN,0.022,0.125,0.992,0,0,0,64.325,NaN,0.078,0.132,0.988,-0.032,0,0,0.573,3.673,6.415,0.94,NaN,0.022,0.125,0.992,0.032,0,0,0.592,3.77,6.373,0.887,1.123329,1
176880,1.0000011365627e+18,63875741927453,0.032,1.439,-0.02,0.058,-0.024,0.005,0.998,NaN,0.022,0.125,0.992,0,0,0,64.325,NaN,0.073,0.132,0.989,-0.032,0,0,0.573,3.673,6.415,0.941,NaN,0.022,0.125,0.992,0.032,0,0,0.592,3.771,6.373,0.889,2,1
176881,1.00000113656769e+18,63875741927453,0.032,1.439,-0.02,0.058,-0.024,0.005,0.998,NaN,0.022,0.125,0.992,0,0,0,64.325,NaN,0.074,0.131,0.989,-0.032,0,0,0.572,3.67,6.415,0.942,NaN,0.023,0.125,0.992,0.032,0,0,0.592,3.773,6.373,0.891,2,1
176882,1.00000113657272e+18,63875741927464,0.032,1.439,-0.02,0.058,-0.024,0.005,0.998,NaN,0.022,0.126,0.992,0,0,0,64.325,NaN,0.072,0.131,0.989,-0.032,0,0,0.571,3.665,6.415,0.942,NaN,0.023,0.126,0.992,0.032,0,0,0.592,3.775,6.373,0.894,2,0.9915627
176883,1.00000113657774e+18,63875741927464,0.032,1.439,-0.02,0.058,-0.024,0.005,0.998,NaN,0.022,0.126,0.992,0,0,0,64.325,NaN,0.069,0.131,0.989,-0.032,0,0,0.571,3.664,6.415,0.943,NaN,0.023,0.126,0.992,0.032,0,0,0.593,3.776,6.373,0.897,2,0.9839138
176884,1.00000113658277e+18,63875741927476,0.032,1.439,-0.02,0.058,-0.024,0.005,0.998,NaN,0.022,0.126,0.992,0,0,0,64.325,NaN,0.063,0.131,0.989,-0.032,0,0,0.571,3.665,6.415,0.944,NaN,0.023,0.126,0.992,0.032,0,0,0.593,3.777,6.373,0.9,2,0.9849647
176885,1.00000113658778e+18,63875741927476,0.032,1.439,-0.02,0.058,-0.024,0.005,0.998,NaN,0.023,0.126,0.992,0,0,0,64.325,NaN,0.065,0.131,0.989,-0.032,0,0,0.571,3.665,6.415,0.945,NaN,0.023,0.126,0.992,0.032,0,0,0.593,3.778,6.373,0.903,2,0.9637539
176886,1.00000113659281e+18,63875741927487,0.032,1.439,-0.02,0.057,-0.024,0.005,0.998,NaN,0.023,0.126,0.992,0,0,0,64.325,NaN,0.06,0.131,0.99,-0.032,0,0,0.571,3.665,6.415,0.945,NaN,0.023,0.126,0.992,0.032,0,0,0.593,3.78,6.373,0.907,2,0.9408892
176887,1.00000113659782e+18,63875741927487,0.032,1.439,-0.02,0.057,-0.024,0.005,0.998,NaN,0.023,0.126,0.992,0,0,0,64.325,NaN,0.054,0.131,0.99,-0.032,0,0,0.571,3.665,6.415,0.946,NaN,0.023,0.126,0.992,0.032,0,0,0.593,3.781,6.373,0.909,2,0.9383799
176888,1.00000113660285e+18,63875741927487,0.032,1.439,-0.02,0.057,-0.024,0.005,0.998,NaN,0.023,0.126,0.992,0,0,0,64.325,NaN,0.048,0.13,0.99,-0.032,0,0,0.571,3.665,6.415,0.947,NaN,0.023,0.126,0.992,0.032,0,0,0.593,3.782,6.373,0.912,2,0.9453024
176889,1.00000113660786e+18,63875741927498,0.032,1.439,-0.02,0.057,-0.024,0.005,0.998,NaN,0.023,0.126,0.992,0,0,0,64.325,NaN,0.044,0.13,0.99,-0.032,0,0,0.571,3.666,6.415,0.947,NaN,0.023,0.126,0.992,0.032,0,0,0.594,3.783,6.373,0.914,2,0.9468862
176890,1.00000113661289e+18,63875741927498,0.032,1.439,-0.02,0.057,-0.024,0.005,0.998,NaN,0.023,0.127,0.992,0,0,0,64.325,NaN,0.04,0.13,0.991,-0.032,0,0,0.611,3.922,6.415,0.948,NaN,0.023,0.127,0.992,0.032,0,0,0.594,3.785,6.373,0.916,2,0.9546011
176891,1.0000011366179e+18,63875741927509,0.032,1.439,-0.02,0.057,-0.024,0.005,0.998,NaN,0.023,0.127,0.992,0,0,0,64.325,NaN,0.037,0.13,0.991,-0.032,0,0,0.615,3.945,6.415,0.948,NaN,0.023,0.127,0.992,0.032,0,0,0.594,3.786,6.373,0.918,2,0.9574175
176892,1.00000113662286e+18,63875741927509,0.032,1.439,-0.02,0.057,-0.024,0.005,0.998,NaN,0.023,0.127,0.992,0,0,0,64.325,NaN,0.034,0.13,0.991,-0.032,0,0,0.615,3.947,6.415,0.949,NaN,0.023,0.127,0.992,0.032,0,0,0.594,3.787,6.373,0.919,2,0.9436375
176893,1.00000113662788e+18,63875741927520,0.032,1.439,-0.02,0.057,-0.024,0.005,0.998,NaN,0.023,0.127,0.992,0,0,0,64.325,NaN,0.032,0.13,0.991,-0.032,0,0,0.615,3.948,6.415,0.949,NaN,0.023,0.127,0.992,0.032,0,0,0.594,3.787,6.373,0.921,2,0.9534634
176894,1.00000113663289e+18,63875741927520,0.032,1.439,-0.02,0.057,-0.024,0.005,0.998,NaN,0.023,0.127,0.992,0,0,0,64.325,NaN,0.03,0.13,0.991,-0.032,0,0,0.615,3.948,6.415,0.95,NaN,0.023,0.127,0.992,0.032,0,0,0.594,3.788,6.373,0.922,2,0.98004
176895,1.00000113663791e+18,63875741927532,0.032,1.439,-0.02,0.057,-0.024,0.005,0.998,NaN,0.023,0.128,0.992,0,0,0,64.325,NaN,0.029,0.13,0.991,-0.032,0,0,0.615,3.948,6.415,0.95,NaN,0.023,0.128,0.992,0.032,0,0,0.594,3.788,6.373,0.923,2,0.986294
176896,1.00000113664292e+18,63875741927532,0.032,1.439,-0.02,0.057,-0.024,0.005,0.998,NaN,0.023,0.128,0.992,0,0,0,64.325,NaN,0.028,0.13,0.991,-0.032,0,0,0.615,3.948,6.415,0.95,NaN,0.023,0.128,0.992,0.032,0,0,0.595,3.789,6.373,0.924,2,0.9838446
176897,1.00000113664792e+18,63875741927542,0.032,1.439,-0.02,0.057,-0.024,0.005,0.998,NaN,0.023,0.128,0.992,0,0,0,64.325,NaN,0.035,0.13,0.991,-0.032,0,0,0.581,3.725,6.415,0.95,NaN,0.023,0.128,0.992,0.032,0,0,0.595,3.79,6.373,0.924,2,0.9555019
176898,1.00000113665292e+18,63875741927542,0.032,1.439,-0.02,0.057,-0.024,0.005,0.998,NaN,0.023,0.128,0.991,0,0,0,64.325,NaN,0.033,0.13,0.991,-0.032,0,0,0.577,3.699,6.415,0.95,NaN,0.023,0.128,0.991,0.032,0,0,0.595,3.79,6.373,0.925,2,0.9287989
176899,1.00000113665793e+18,63875741927542,0.032,1.439,-0.02,0.057,-0.024,0.005,0.998,NaN,0.027,0.128,0.991,0,0,0,64.325,NaN,0.037,0.13,0.991,-0.032,0,0,0.576,3.694,6.415,0.95,NaN,0.027,0.128,0.991,0.032,0,0,0.595,3.791,6.373,0.925,2,0.4199816
176900,1.00000113666295e+18,63875741927553,0.032,1.439,-0.02,0.057,-0.024,0.005,0.998,NaN,0.032,0.129,0.991,0,0,0,64.325,NaN,0.039,0.129,0.991,-0.032,0,0,0.574,3.681,6.415,0.95,NaN,0.032,0.129,0.991,0.032,0,0,0.595,3.792,6.373,0.925,2,0.3024348
176901,1.00000113666796e+18,63875741927553,0.032,1.439,-0.02,0.057,-0.024,0.005,0.998,NaN,0.037,0.128,0.991,0,0,0,64.325,NaN,0.042,0.126,0.991,-0.032,0,0,0.573,3.679,6.415,0.95,NaN,0.037,0.128,0.991,0.032,0,0,0.595,3.793,6.373,0.925,2,0.1087847
176902,1.00000113667297e+18,63875741927564,0.032,1.439,-0.02,0.057,-0.024,0.005,0.998,NaN,0.033,0.122,0.992,0,0,0,64.325,NaN,0.045,0.115,0.992,-0.032,0,0,0.571,3.662,6.415,0.949,NaN,0.033,0.122,0.992,0.032,0,0,0.596,3.8,6.373,0.925,2,0
176903,1.00000113667795e+18,63875741927575,0.032,1.439,-0.02,0.057,-0.024,0.004,0.998,NaN,0.031,0.11,0.993,0,0,0,64.325,NaN,0.045,0.1,0.994,-0.032,0,0,0.571,3.663,6.415,0.942,NaN,0.031,0.11,0.993,0.032,0,0,0.598,3.812,6.373,0.926,2,0
176904,1.00000113668296e+18,63875741927575,0.032,1.439,-0.02,0.057,-0.024,0.004,0.998,NaN,0.03,0.089,0.996,0,0,0,64.325,NaN,0.043,0.077,0.996,-0.032,0,0,0.573,3.677,6.415,0.93,NaN,0.028,0.089,0.996,0.032,0,0,0.598,3.812,6.373,0.926,2,0
176905,1.00000113668797e+18,63875741927587,0.032,1.439,-0.02,0.057,-0.024,0.004,0.998,NaN,0.024,0.059,0.998,0,0,0,64.325,NaN,0.042,0.048,0.998,-0.032,0,0,0.577,3.703,6.415,0.917,NaN,0.018,0.059,0.998,0.032,0,0,0.596,3.796,6.373,0.926,2,0
176906,1.000001136693e+18,63875741927587,0.032,1.439,-0.02,0.057,-0.024,0.004,0.998,NaN,0.014,0.027,1,0,0,0,64.325,NaN,0.04,0.019,0.999,-0.032,0,0,0.577,3.702,6.415,0.906,NaN,0.006,0.027,1,0.032,0,0,0.592,3.775,6.373,0.925,2,0
176907,1.00000113669801e+18,63875741927587,0.032,1.439,-0.02,0.057,-0.024,0.004,0.998,NaN,0.01,0.007,1,0,0,0,64.325,NaN,0.04,0.001,0.999,-0.032,0,0,0.606,3.889,6.415,0.895,NaN,-0.007,0.007,1,0.032,0,0,0.59,3.762,6.373,0.924,2,0
176908,1.00000113670302e+18,63875741927598,0.032,1.439,-0.02,0.057,-0.024,0.004,0.998,NaN,0.001,-0.018,1,0,0,0,64.325,NaN,0.038,-0.022,0.999,-0.032,0,0,0.61,3.916,6.415,0.886,NaN,-0.019,-0.018,1,0.032,0,0,0.589,3.751,6.373,0.923,1.134847,0
176909,1.00000113670803e+18,63875741927598,0.032,1.439,-0.02,0.057,-0.024,0.004,0.998,NaN,-0.003,-0.039,0.999,0,0,0,64.325,NaN,0.039,-0.042,0.998,-0.032,0,0,0.607,3.897,6.415,0.878,NaN,-0.028,-0.039,0.999,0.032,0,0,0.587,3.742,6.373,0.922,0.9526352,0
176910,1.00000113671307e+18,63875741927598,0.032,1.439,-0.02,0.057,-0.024,0.004,0.998,NaN,-0.008,-0.053,0.999,0,0,0,64.325,NaN,0.038,-0.054,0.998,-0.032,0,0,0.604,3.876,6.415,0.872,NaN,-0.035,-0.053,0.998,0.032,0,0,0.586,3.735,6.373,0.92,0.8781049,0
176911,1.00000113671808e+18,63875741927610,0.032,1.439,-0.02,0.057,-0.025,0.004,0.998,NaN,-0.013,-0.061,0.998,0,0,0,64.325,NaN,0.037,-0.062,0.997,-0.032,0,0,0.602,3.864,6.415,0.866,NaN,-0.04,-0.061,0.997,0.032,0,0,0.585,3.728,6.373,0.918,0.8288918,0
176912,1.00000113672309e+18,63875741927620,0.032,1.439,-0.02,0.057,-0.025,0.004,0.998,NaN,-0.017,-0.066,0.998,0,0,0,64.325,NaN,0.036,-0.067,0.997,-0.032,0,0,0.601,3.854,6.415,0.861,NaN,-0.044,-0.066,0.997,0.032,0,0,0.584,3.721,6.373,0.916,0.8017724,0
176913,1.0000011367281e+18,63875741927620,0.032,1.439,-0.02,0.057,-0.025,0.004,0.998,NaN,-0.02,-0.07,0.997,0,0,0,64.325,NaN,0.035,-0.07,0.997,-0.032,0,0,0.6,3.847,6.415,0.856,NaN,-0.046,-0.07,0.996,0.032,0,0,0.583,3.716,6.373,0.915,0.7874239,0
176914,1.00000113673309e+18,63875741927620,0.032,1.439,-0.02,0.057,-0.025,0.004,0.998,NaN,-0.021,-0.074,0.997,0,0,0,64.325,NaN,0.034,-0.074,0.997,-0.032,0,0,0.6,3.846,6.415,0.853,NaN,-0.047,-0.074,0.996,0.032,0,0,0.582,3.71,6.373,0.913,0.7872213,0
176915,1.0000011367381e+18,63875741927632,0.032,1.439,-0.02,0.057,-0.025,0.004,0.998,NaN,-0.022,-0.076,0.997,0,0,0,64.325,NaN,0.034,-0.076,0.997,-0.032,0,0,0.598,3.834,6.415,0.849,NaN,-0.048,-0.076,0.996,0.032,0,0,0.581,3.703,6.373,0.911,0.7880851,0
176916,1.0000011367431e+18,63875741927632,0.032,1.439,-0.02,0.057,-0.025,0.004,0.998,NaN,-0.022,-0.078,0.997,0,0,0,64.325,NaN,0.033,-0.078,0.996,-0.032,0,0,0.597,3.827,6.415,0.846,NaN,-0.048,-0.078,0.996,0.032,0,0,0.58,3.694,6.373,0.909,0.7905607,0
176917,1.00000113674814e+18,63875741927642,0.032,1.439,-0.02,0.057,-0.025,0.004,0.998,NaN,-0.022,-0.079,0.997,0,0,0,64.325,NaN,0.032,-0.079,0.996,-0.032,0,0,0.596,3.823,6.415,0.851,NaN,-0.048,-0.079,0.996,0.032,0,0,0.579,3.687,6.373,0.907,0.7931983,0
176918,1.00000113675315e+18,63875741927642,0.032,1.439,-0.02,0.057,-0.025,0.004,0.998,NaN,-0.023,-0.08,0.997,0,0,0,64.325,NaN,0.032,-0.08,0.996,-0.032,0,0,0.595,3.819,6.415,0.857,NaN,-0.049,-0.08,0.996,0.032,0,0,0.577,3.68,6.373,0.906,0.7954472,0
176919,1.00000113675819e+18,63875741927642,0.032,1.439,-0.02,0.057,-0.025,0.004,0.998,NaN,-0.023,-0.081,0.996,0,0,0,64.325,NaN,0.031,-0.081,0.996,-0.032,0,0,0.594,3.812,6.415,0.868,NaN,-0.049,-0.081,0.996,0.032,0,0,0.577,3.675,6.373,0.905,0.8003052,0
176920,1.0000011367632e+18,63875741927654,0.032,1.439,-0.02,0.057,-0.024,0.004,0.998,NaN,-0.023,-0.081,0.996,0,0,0,64.325,NaN,0.031,-0.081,0.996,-0.032,0,0,0.593,3.802,6.415,0.88,NaN,-0.049,-0.081,0.996,0.032,0,0,0.576,3.671,6.373,0.903,0.8028773,0
176921,1.0000011367682e+18,63875741927654,0.032,1.439,-0.02,0.057,-0.024,0.004,0.998,NaN,-0.023,-0.082,0.996,0,0,0,64.325,NaN,0.031,-0.082,0.996,-0.032,0,0,0.591,3.789,6.415,0.891,NaN,-0.049,-0.082,0.995,0.032,0,0,0.576,3.668,6.373,0.902,0.8072083,0
176922,1.00000113677321e+18,63875741927665,0.032,1.439,-0.02,0.057,-0.024,0.004,0.998,NaN,-0.027,-0.087,0.996,0,0,0,64.325,NaN,0.031,-0.079,0.996,-0.032,0,0,0.56,3.595,6.415,0.901,NaN,-0.048,-0.087,0.995,0.032,0,0,0.575,3.665,6.373,0.901,0.7960523,0
176923,1.00000113677821e+18,63875741927675,0.032,1.439,-0.02,0.057,-0.024,0.004,0.998,NaN,-0.03,-0.091,0.995,0,0,0,64.325,NaN,0.032,-0.078,0.996,-0.032,0,0,0.556,3.569,6.415,0.909,NaN,-0.048,-0.091,0.995,0.032,0,0,0.574,3.659,6.373,0.9,0.7793491,0
176924,1.00000113678321e+18,63875741927675,0.032,1.439,-0.02,0.057,-0.024,0.004,0.998,NaN,-0.029,-0.088,0.996,0,0,0,64.325,NaN,0.03,-0.077,0.997,-0.032,0,0,0.555,3.561,6.415,0.916,NaN,-0.048,-0.088,0.995,0.032,0,0,0.573,3.654,6.373,0.899,0.8049529,0
176925,1.00000113678822e+18,63875741927676,0.032,1.439,-0.02,0.057,-0.024,0.004,0.998,NaN,-0.024,-0.083,0.996,0,0,0,64.325,NaN,0.032,-0.075,0.997,-0.032,0,0,0.554,3.555,6.415,0.921,NaN,-0.048,-0.083,0.995,0.032,0,0,0.573,3.649,6.373,0.899,0.7962017,0
176926,1.00000113679329e+18,63875741927687,0.032,1.439,-0.02,0.057,-0.024,0.004,0.998,NaN,-0.024,-0.081,0.996,0,0,0,64.325,NaN,0.031,-0.075,0.997,-0.032,0,0,0.553,3.55,6.415,0.925,NaN,-0.047,-0.081,0.996,0.032,0,0,0.572,3.645,6.373,0.898,0.810204,0
176927,1.00000113679829e+18,63875741927687,0.032,1.439,-0.02,0.057,-0.024,0.004,0.998,NaN,-0.023,-0.081,0.996,0,0,0,64.325,NaN,0.03,-0.075,0.997,-0.032,0,0,0.552,3.541,6.415,0.928,NaN,-0.047,-0.08,0.996,0.032,0,0,0.571,3.64,6.373,0.897,0.823695,0
176928,1.00000113680327e+18,63875741927698,0.032,1.439,-0.02,0.057,-0.024,0.004,0.998,NaN,-0.023,-0.08,0.997,0,0,0,64.325,NaN,0.029,-0.075,0.997,-0.032,0,0,0.579,3.717,6.415,0.932,NaN,-0.047,-0.08,0.996,0.032,0,0,0.571,3.636,6.373,0.896,0.838417,0
176929,1.00000113680828e+18,63875741927698,0.032,1.439,-0.02,0.057,-0.024,0.004,0.998,NaN,-0.023,-0.079,0.997,0,0,0,64.325,NaN,0.028,-0.075,0.997,-0.032,0,0,0.583,3.738,6.415,0.934,NaN,-0.047,-0.079,0.996,0.032,0,0,0.57,3.632,6.373,0.896,0.8535315,0
176930,1.00000113681332e+18,63875741927698,0.032,1.439,-0.02,0.057,-0.024,0.004,0.998,NaN,-0.023,-0.079,0.997,0,0,0,64.325,NaN,0.027,-0.076,0.997,-0.032,0,0,0.585,3.751,6.415,0.935,NaN,-0.046,-0.079,0.996,0.032,0,0,0.569,3.629,6.373,0.895,0.8711925,0
176931,1.00000113681833e+18,63875741927710,0.032,1.439,-0.02,0.057,-0.024,0.004,0.998,NaN,-0.023,-0.078,0.997,0,0,0,64.325,NaN,0.026,-0.076,0.997,-0.032,0,0,0.585,3.756,6.415,0.936,NaN,-0.046,-0.078,0.996,0.032,0,0,0.569,3.626,6.373,0.895,0.8871576,0
176932,1.00000113682333e+18,63875741927710,0.032,1.439,-0.02,0.057,-0.024,0.004,0.998,NaN,-0.022,-0.078,0.997,0,0,0,64.325,NaN,0.025,-0.075,0.997,-0.032,0,0,0.586,3.756,6.415,0.938,NaN,-0.046,-0.078,0.996,0.032,0,0,0.569,3.623,6.373,0.894,0.9032872,0
176933,1.00000113682833e+18,63875741927720,0.032,1.439,-0.02,0.057,-0.024,0.004,0.998,NaN,-0.022,-0.078,0.997,0,0,0,64.325,NaN,0.024,-0.075,0.997,-0.032,0,0,0.586,3.756,6.415,0.939,NaN,-0.046,-0.078,0.996,0.032,0,0,0.568,3.62,6.373,0.894,0.9182847,0
176934,1.00000113683336e+18,63875741927720,0.032,1.439,-0.02,0.057,-0.024,0.004,0.998,NaN,-0.022,-0.077,0.997,0,0,0,64.325,NaN,0.023,-0.075,0.997,-0.032,0,0,0.585,3.752,6.415,0.94,NaN,-0.045,-0.077,0.996,0.032,0,0,0.568,3.617,6.373,0.893,0.9320288,0
176935,1.00000113683836e+18,63875741927732,0.032,1.439,-0.02,0.056,-0.024,0.004,0.998,NaN,-0.021,-0.076,0.997,0,0,0,64.325,NaN,0.025,-0.074,0.997,-0.032,0,0,0.584,3.747,6.415,0.941,NaN,-0.045,-0.076,0.996,0.032,0,0,0.567,3.614,6.373,0.893,0.906905,0
176936,1.00000113684336e+18,63875741927732,0.032,1.439,-0.02,0.056,-0.024,0.004,0.998,NaN,-0.019,-0.075,0.997,0,0,0,64.325,NaN,0.027,-0.073,0.997,-0.032,0,0,0.583,3.738,6.415,0.941,NaN,-0.045,-0.075,0.996,0.032,0,0,0.567,3.612,6.373,0.893,0.8931495,0
176937,1.00000113684837e+18,63875741927742,0.032,1.439,-0.02,0.056,-0.024,0.004,0.998,NaN,-0.019,-0.075,0.997,0,0,0,64.325,NaN,0.026,-0.073,0.997,-0.032,0,0,0.582,3.731,6.415,0.942,NaN,-0.045,-0.075,0.996,0.032,0,0,0.566,3.609,6.373,0.892,0.9036178,0
176938,1.00000113685338e+18,63875741927742,0.032,1.439,-0.02,0.056,-0.024,0.004,0.998,NaN,-0.02,-0.077,0.997,0,0,0,64.325,NaN,0.019,-0.076,0.997,-0.032,0,0,0.581,3.73,6.415,0.942,NaN,-0.045,-0.077,0.996,0.032,0,0,0.566,3.607,6.373,0.892,1.001304,0
176939,1.00000113685844e+18,63875741927742,0.032,1.439,-0.02,0.056,-0.024,0.004,0.998,NaN,-0.019,-0.076,0.997,0,0,0,64.325,NaN,0.022,-0.075,0.997,-0.032,0,0,0.58,3.724,6.415,0.943,NaN,-0.045,-0.076,0.996,0.032,0,0,0.565,3.604,6.373,0.892,0.965754,0
176940,1.00000113686344e+18,63875741927754,0.032,1.439,-0.02,0.056,-0.024,0.004,0.998,NaN,-0.017,-0.076,0.997,0,0,0,64.325,NaN,0.023,-0.074,0.997,-0.032,0,0,0.58,3.721,6.415,0.943,NaN,-0.045,-0.076,0.996,0.032,0,0,0.565,3.602,6.373,0.892,0.9466261,0
176941,1.00000113686845e+18,63875741927754,0.032,1.439,-0.02,0.056,-0.024,0.004,0.998,NaN,-0.017,-0.075,0.997,0,0,0,64.325,NaN,0.023,-0.074,0.997,-0.032,0,0,0.579,3.717,6.415,0.944,NaN,-0.045,-0.075,0.996,0.032,0,0,0.565,3.6,6.373,0.891,0.9523552,0
176942,1.00000113687346e+18,63875741927765,0.032,1.439,-0.02,0.056,-0.024,0.004,0.998,NaN,-0.018,-0.075,0.997,0,0,0,64.325,NaN,0.022,-0.074,0.997,-0.032,0,0,0.578,3.71,6.415,0.944,NaN,-0.045,-0.075,0.996,0.032,0,0,0.565,3.599,6.373,0.891,0.9575101,0
176943,1.00000113687847e+18,63875741927765,0.032,1.439,-0.02,0.056,-0.024,0.004,0.998,NaN,-0.018,-0.075,0.997,0,0,0,64.325,NaN,0.022,-0.074,0.997,-0.032,0,0,0.578,3.706,6.415,0.944,NaN,-0.045,-0.075,0.996,0.032,0,0,0.565,3.598,6.373,0.891,0.9647571,0
176944,1.00000113688347e+18,63875741927775,0.032,1.439,-0.02,0.056,-0.024,0.004,0.998,NaN,-0.016,-0.075,0.997,0,0,0,64.325,NaN,0.023,-0.073,0.997,-0.032,0,0,0.577,3.699,6.415,0.944,NaN,-0.045,-0.074,0.996,0.032,0,0,0.564,3.596,6.373,0.891,0.9529111,0
176945,1.00000113688848e+18,63875741927787,0.032,1.439,-0.02,0.056,-0.024,0.003,0.998,NaN,-0.014,-0.074,0.997,0,0,0,64.325,NaN,0.024,-0.073,0.997,-0.032,0,0,0.576,3.697,6.415,0.945,NaN,-0.044,-0.074,0.996,0.032,0,0,0.564,3.594,6.373,0.89,0.9331034,0
176946,1.00000113689349e+18,63875741927787,0.032,1.439,-0.02,0.056,-0.024,0.003,0.998,NaN,-0.015,-0.074,0.997,0,0,0,64.325,NaN,0.024,-0.073,0.997,-0.032,0,0,0.576,3.696,6.415,0.945,NaN,-0.044,-0.074,0.996,0.032,0,0,0.564,3.593,6.373,0.89,0.9386613,0
176947,1.00000113689849e+18,63875741927787,0.032,1.439,-0.02,0.056,-0.024,0.003,0.998,NaN,-0.015,-0.073,0.997,0,0,0,64.325,NaN,0.024,-0.072,0.997,-0.032,0,0,0.576,3.694,6.415,0.945,NaN,-0.044,-0.073,0.996,0.032,0,0,0.564,3.592,6.373,0.89,0.9429715,0
176948,1.0000011369035e+18,63875741927787,0.032,1.439,-0.02,0.056,-0.024,0.003,0.998,NaN,-0.016,-0.073,0.997,0,0,0,64.325,NaN,0.023,-0.072,0.997,-0.032,0,0,0.576,3.694,6.415,0.945,NaN,-0.044,-0.073,0.996,0.032,0,0,0.563,3.591,6.373,0.89,0.9471703,0
176949,1.00000113690851e+18,63875741927799,0.032,1.439,-0.02,0.056,-0.024,0.003,0.998,NaN,-0.016,-0.073,0.997,0,0,0,64.325,NaN,0.023,-0.072,0.997,-0.032,0,0,0.576,3.694,6.415,0.945,NaN,-0.044,-0.073,0.996,0.032,0,0,0.563,3.59,6.373,0.89,0.9518718,0
176950,1.00000113691357e+18,63875741927799,0.032,1.439,-0.02,0.056,-0.024,0.003,0.998,NaN,-0.017,-0.073,0.997,0,0,0,64.325,NaN,0.023,-0.072,0.997,-0.032,0,0,0.576,3.695,6.415,0.945,NaN,-0.044,-0.073,0.996,0.032,0,0,0.563,3.59,6.373,0.89,0.9579679,0
176951,1.00000113691856e+18,63875741927810,0.032,1.439,-0.02,0.056,-0.024,0.003,0.998,NaN,-0.015,-0.072,0.997,0,0,0,64.325,NaN,0.024,-0.071,0.997,-0.032,0,0,0.576,3.696,6.415,0.945,NaN,-0.044,-0.071,0.996,0.032,0,0,0.563,3.589,6.373,0.89,0.9438102,0
176952,1.00000113692358e+18,63875741927810,0.032,1.439,-0.02,0.056,-0.024,0.003,0.998,NaN,-0.016,-0.071,0.997,0,0,0,64.325,NaN,0.023,-0.071,0.997,-0.032,0,0,0.576,3.696,6.415,0.945,NaN,-0.044,-0.071,0.996,0.032,0,0,0.563,3.589,6.373,0.89,0.9484073,0
176953,1.00000113692859e+18,63875741927821,0.032,1.439,-0.02,0.056,-0.024,0.003,0.998,NaN,-0.016,-0.071,0.997,0,0,0,64.325,NaN,0.023,-0.071,0.997,-0.032,0,0,0.576,3.693,6.415,0.945,NaN,-0.044,-0.071,0.996,0.032,0,0,0.563,3.588,6.373,0.889,0.9547937,0
176954,1.00000113693363e+18,63875741927832,0.032,1.439,-0.02,0.056,-0.024,0.003,0.998,NaN,-0.016,-0.071,0.997,0,0,0,64.325,NaN,0.022,-0.071,0.997,-0.032,0,0,0.575,3.692,6.415,0.946,NaN,-0.044,-0.071,0.996,0.032,0,0,0.563,3.588,6.373,0.889,0.9617067,0
176955,1.00000113693863e+18,63875741927832,0.032,1.439,-0.02,0.056,-0.024,0.003,0.998,NaN,-0.016,-0.071,0.997,0,0,0,64.325,NaN,0.022,-0.071,0.997,-0.032,0,0,0.575,3.691,6.415,0.946,NaN,-0.044,-0.071,0.996,0.032,0,0,0.563,3.586,6.373,0.889,0.9683447,0
176956,1.00000113694365e+18,63875741927832,0.032,1.439,-0.02,0.056,-0.024,0.003,0.998,NaN,-0.016,-0.071,0.997,0,0,0,64.325,NaN,0.022,-0.071,0.997,-0.032,0,0,0.578,3.711,6.415,0.946,NaN,-0.044,-0.071,0.996,0.032,0,0,0.563,3.585,6.373,0.889,0.9715078,0
176957,1.00000113694866e+18,63875741927843,0.032,1.439,-0.02,0.056,-0.024,0.003,0.998,NaN,-0.013,-0.071,0.997,0,0,0,64.325,NaN,0.028,-0.07,0.997,-0.032,0,0,0.578,3.708,6.415,0.946,NaN,-0.043,-0.07,0.997,0.032,0,0,0.563,3.585,6.373,0.888,0.9057327,0
176958,1.00000113695367e+18,63875741927844,0.032,1.439,-0.02,0.056,-0.024,0.003,0.998,NaN,-0.012,-0.069,0.998,0,0,0,64.325,NaN,0.027,-0.069,0.997,-0.032,0,0,0.586,3.758,6.415,0.945,NaN,-0.043,-0.069,0.997,0.032,0,0,0.563,3.587,6.373,0.887,0.9203691,0
176959,1.00000113695865e+18,63875741927844,0.032,1.439,-0.02,0.056,-0.024,0.003,0.998,NaN,-0.014,-0.068,0.998,0,0,0,64.325,NaN,0.026,-0.068,0.997,-0.032,0,0,0.586,3.757,6.415,0.945,NaN,-0.045,-0.068,0.997,0.032,0,0,0.563,3.588,6.373,0.886,0.9078456,0
176960,1.00000113696366e+18,63875741927854,0.032,1.439,-0.02,0.056,-0.024,0.003,0.998,NaN,-0.027,-0.069,0.997,0,0,0,64.325,NaN,0.028,-0.069,0.997,-0.032,0,0,0.58,3.721,6.415,0.945,NaN,-0.054,-0.069,0.996,0.032,0,0,0.564,3.595,6.373,0.883,0.7883006,0
176961,1.00000113696868e+18,63875741927854,0.032,1.439,-0.02,0.056,-0.024,0.003,0.998,NaN,-0.058,-0.07,0.996,0,0,0,64.325,NaN,0.027,-0.07,0.997,-0.032,0,0,0.576,3.694,6.415,0.945,NaN,-0.077,-0.07,0.995,0.032,0,0,0.565,3.598,6.373,0.878,0.6166803,0
176962,1.0000011369737e+18,63875741927865,0.032,1.439,-0.02,0.056,-0.024,0.003,0.998,NaN,-0.099,-0.07,0.993,0,0,0,64.325,NaN,0.022,-0.07,0.997,-0.032,0,0,0.573,3.679,6.415,0.945,NaN,-0.113,-0.07,0.991,0.032,0,0,0.565,3.601,6.373,0.873,0.4745764,0
176963,1.00000113697871e+18,63875741927865,0.032,1.439,-0.02,0.056,-0.024,0.003,0.998,NaN,-0.134,-0.069,0.989,0,0,0,64.325,NaN,-0.008,-0.069,0.998,-0.032,0,0,0.575,3.686,6.415,0.944,NaN,-0.156,-0.069,0.985,0.032,0,0,0.567,3.611,6.373,0.867,0.4283784,0
176964,1.00000113698372e+18,63875741927876,0.032,1.439,-0.02,0.056,-0.024,0.003,0.998,NaN,-0.171,-0.065,0.983,0,0,0,64.325,NaN,-0.051,-0.066,0.996,-0.032,0,0,0.586,3.756,6.415,0.944,NaN,-0.202,-0.065,0.977,0.032,0,0,0.568,3.617,6.373,0.859,0.4160286,0
176965,1.00000113698873e+18,63875741927876,0.032,1.439,-0.02,0.056,-0.024,0.003,0.998,NaN,-0.203,-0.059,0.977,0,0,0,64.325,NaN,-0.104,-0.061,0.993,-0.032,0,0,0.589,3.778,6.415,0.944,NaN,-0.243,-0.059,0.968,0.032,0,0,0.569,3.624,6.373,0.849,0.4462349,0
176966,1.00000113699375e+18,63875741927887,0.032,1.439,-0.02,0.056,-0.024,0.003,0.998,NaN,-0.215,-0.051,0.975,0,0,0,64.325,NaN,-0.115,-0.052,0.992,-0.032,0,0,0.582,3.736,6.415,0.943,NaN,-0.283,-0.05,0.958,0.032,0,0,0.57,3.633,6.373,0.838,0.3653091,0
176967,1.00000113699876e+18,63875741927888,0.032,1.439,-0.02,0.056,-0.024,0.003,0.998,NaN,-0.231,-0.043,0.972,0,0,0,64.325,NaN,-0.129,-0.045,0.991,-0.032,0,0,0.57,3.659,6.415,0.942,NaN,-0.309,-0.042,0.95,0.032,0,0,0.571,3.636,6.373,0.827,0.3391122,0
176968,1.00000113700377e+18,63875741927888,0.032,1.439,-0.02,0.056,-0.024,0.003,0.998,NaN,-0.238,-0.033,0.971,0,0,0,64.325,NaN,-0.151,-0.034,0.988,-0.032,0,0,0.571,3.663,6.415,0.942,NaN,-0.331,-0.032,0.943,0.032,0,0,0.571,3.641,6.373,0.825,0.3324187,0
176969,1.00000113700892e+18,63875741927899,0.032,1.439,-0.02,0.056,-0.024,0.003,0.998,NaN,-0.232,-0.024,0.972,0,0,0,64.325,NaN,-0.165,-0.024,0.986,-0.032,0,0,0.574,3.682,6.415,0.942,NaN,-0.353,-0.023,0.935,0.032,0,0,0.572,3.642,6.373,0.824,0.3169182,0
176970,1.00000113701394e+18,63875741927899,0.032,1.439,-0.02,0.056,-0.024,0.003,0.998,NaN,-0.231,-0.014,0.973,0,0,0,64.325,NaN,-0.182,-0.015,0.983,-0.032,0,0,0.576,3.695,6.415,0.942,NaN,-0.369,-0.013,0.929,0.032,0,0,0.573,3.653,6.373,0.822,0.3162996,0
176971,1.00000113701895e+18,63875741927910,0.032,1.439,-0.02,0.056,-0.024,0.003,0.998,NaN,-0.231,-0.006,0.973,0,0,0,64.325,NaN,-0.195,-0.006,0.981,-0.032,0,0,0.577,3.699,6.415,0.942,NaN,-0.379,-0.006,0.925,0.032,0,0,0.575,3.667,6.373,0.822,0.3186361,0
176972,1.00000113702396e+18,63875741927910,0.032,1.439,-0.02,0.056,-0.024,0.003,0.998,NaN,-0.233,0.001,0.972,0,0,0,64.325,NaN,-0.205,0,0.979,-0.032,0,0,0.577,3.705,6.415,0.943,NaN,-0.385,0.001,0.923,0.032,0,0,0.576,3.673,6.373,0.817,0.3239909,0
176973,1.00000113702897e+18,63875741927921,0.032,1.439,-0.02,0.056,-0.024,0.003,0.998,NaN,-0.232,0.002,0.973,0,0,0,64.325,NaN,-0.209,0.002,0.978,-0.032,0,0,0.575,3.687,6.415,0.943,NaN,-0.389,0.002,0.921,0.032,0,0,0.577,3.675,6.373,0.811,0.3224292,0
176974,1.00000113703399e+18,63875741927921,0.032,1.439,-0.02,0.056,-0.024,0.003,0.998,NaN,-0.232,0.003,0.973,0,0,0,64.325,NaN,-0.21,0.003,0.978,-0.032,0,0,0.574,3.681,6.415,0.944,NaN,-0.391,0.003,0.92,0.032,0,0,0.577,3.676,6.373,0.807,0.3208041,0
176975,1.000001137039e+18,63875741927931,0.032,1.439,-0.02,0.056,-0.024,0.003,0.998,NaN,-0.233,0.006,0.972,0,0,0,64.325,NaN,-0.214,0.006,0.977,-0.032,0,0,0.579,3.716,6.415,0.945,NaN,-0.392,0.006,0.92,0.032,0,0,0.577,3.676,6.373,0.804,0.3246837,0
176976,1.00000113704389e+18,63875741927931,0.032,1.439,-0.02,0.056,-0.024,0.003,0.998,NaN,-0.235,0.009,0.972,0,0,0,64.325,NaN,-0.217,0.009,0.976,-0.032,0,0,0.584,3.744,6.415,0.946,NaN,-0.393,0.009,0.919,0.032,0,0,0.577,3.676,6.373,0.801,0.3290353,0
176977,1.00000113704887e+18,63875741927943,0.032,1.439,-0.02,0.056,-0.024,0.003,0.998,NaN,-0.237,0.012,0.972,0,0,0,64.325,NaN,-0.22,0.012,0.975,-0.032,0,0,0.586,3.759,6.415,0.948,NaN,-0.393,0.011,0.919,0.032,0,0,0.577,3.677,6.373,0.799,0.333612,0
176978,1.00000113705388e+18,63875741927943,0.032,1.439,-0.02,0.056,-0.024,0.003,0.998,NaN,-0.239,0.015,0.971,0,0,0,64.325,NaN,-0.223,0.015,0.975,-0.032,0,0,0.589,3.779,6.415,0.95,NaN,-0.393,0.014,0.919,0.032,0,0,0.577,3.677,6.373,0.803,0.3388307,0
176979,1.00000113705891e+18,63875741927943,0.032,1.439,-0.02,0.056,-0.024,0.003,0.998,NaN,-0.241,0.02,0.97,0,0,0,64.325,NaN,-0.227,0.02,0.974,-0.032,0,0,0.598,3.835,6.415,0.952,NaN,-0.393,0.019,0.919,0.032,0,0,0.577,3.677,6.373,0.806,0.3461675,0
176980,1.00000113706389e+18,63875741927954,0.032,1.439,-0.02,0.056,-0.024,0.003,0.998,NaN,-0.244,0.023,0.969,0,0,0,64.325,NaN,-0.23,0.023,0.973,-0.032,0,0,0.6,3.849,6.415,0.954,NaN,-0.393,0.022,0.919,0.032,0,0,0.577,3.677,6.373,0.81,0.3528388,0
176981,1.0000011370689e+18,63875741927954,0.032,1.439,-0.02,0.056,-0.024,0.003,0.998,NaN,-0.244,0.024,0.969,0,0,0,64.325,NaN,-0.23,0.024,0.973,-0.032,0,0,0.599,3.841,6.415,0.957,NaN,-0.393,0.022,0.919,0.032,0,0,0.577,3.677,6.373,0.816,0.3528758,0
176982,1.00000113707392e+18,63875741927965,0.032,1.439,-0.02,0.056,-0.024,0.003,0.998,NaN,-0.244,0.024,0.969,0,0,0,64.325,NaN,-0.229,0.024,0.973,-0.032,0,0,0.598,3.837,6.415,0.959,NaN,-0.393,0.023,0.919,0.032,0,0,0.577,3.676,6.373,0.823,0.3522129,0
176983,1.00000113707895e+18,63875741927965,0.032,1.439,-0.02,0.056,-0.024,0.003,0.998,NaN,-0.244,0.023,0.969,0,0,0,64.325,NaN,-0.228,0.023,0.973,-0.032,0,0,0.597,3.827,6.415,0.961,NaN,-0.393,0.022,0.919,0.032,0,0,0.577,3.676,6.373,0.829,0.3508134,0
176984,1.00000113708395e+18,63875741927976,0.032,1.439,-0.02,0.056,-0.024,0.003,0.998,NaN,-0.245,0.024,0.969,0,0,0,64.325,NaN,-0.229,0.024,0.973,-0.032,0,0,0.597,3.832,6.415,0.963,NaN,-0.392,0.022,0.92,0.032,0,0,0.577,3.676,6.373,0.835,0.3525665,0
176985,1.00000113708899e+18,63875741927976,0.032,1.439,-0.02,0.056,-0.024,0.003,0.998,NaN,-0.247,0.025,0.969,0,0,0,64.325,NaN,-0.231,0.025,0.973,-0.032,0,0,0.599,3.846,6.415,0.965,NaN,-0.392,0.023,0.92,0.032,0,0,0.577,3.676,6.373,0.84,0.3586161,0
176986,1.00000113709398e+18,63875741927988,0.032,1.439,-0.02,0.056,-0.024,0.003,0.998,NaN,-0.249,0.026,0.968,0,0,0,64.325,NaN,-0.233,0.026,0.972,-0.032,0,0,0.602,3.859,6.415,0.967,NaN,-0.392,0.025,0.92,0.032,0,0,0.577,3.677,6.373,0.845,0.3647759,0
176987,1.00000113709898e+18,63875741927988,0.032,1.439,-0.02,0.056,-0.024,0.003,0.998,NaN,-0.246,0.021,0.969,0,0,0,64.325,NaN,-0.226,0.021,0.974,-0.032,0,0,0.582,3.732,6.415,0.97,NaN,-0.391,0.02,0.92,0.032,0,0,0.577,3.677,6.373,0.849,0.3500608,0
176988,1.00000113710399e+18,63875741927999,0.032,1.439,-0.02,0.056,-0.024,0.003,0.998,NaN,-0.243,0.018,0.97,0,0,0,64.325,NaN,-0.221,0.018,0.975,-0.032,0,0,0.578,3.707,6.415,0.971,NaN,-0.391,0.017,0.92,0.032,0,0,0.577,3.677,6.373,0.853,0.3411966,0
176989,1.000001137109e+18,63875741927999,0.032,1.439,-0.02,0.056,-0.024,0.003,0.998,NaN,-0.242,0.016,0.97,0,0,0,64.325,NaN,-0.218,0.016,0.976,-0.032,0,0,0.577,3.7,6.415,0.973,NaN,-0.391,0.015,0.92,0.032,0,0,0.577,3.678,6.373,0.856,0.3357238,0
176990,1.00000113711404e+18,63875741927999,0.032,1.439,-0.02,0.056,-0.024,0.003,0.998,NaN,-0.24,0.015,0.971,0,0,0,64.325,NaN,-0.216,0.015,0.976,-0.032,0,0,0.576,3.696,6.415,0.975,NaN,-0.39,0.014,0.921,0.032,0,0,0.577,3.679,6.373,0.859,0.3325044,0
176991,1.00000113711904e+18,63875741928010,0.032,1.439,-0.02,0.056,-0.024,0.003,0.998,NaN,-0.239,0.014,0.971,0,0,0,64.325,NaN,-0.215,0.014,0.977,-0.032,0,0,0.576,3.695,6.415,0.977,NaN,-0.39,0.013,0.921,0.032,0,0,0.578,3.68,6.373,0.862,0.3307655,0
176992,1.00000113712404e+18,63875741928010,0.032,1.439,-0.02,0.056,-0.024,0.003,0.998,NaN,-0.239,0.013,0.971,0,0,0,64.325,NaN,-0.214,0.013,0.977,-0.032,0,0,0.576,3.694,6.415,0.979,NaN,-0.39,0.012,0.921,0.032,0,0,0.578,3.683,6.373,0.865,0.3299474,0
176993,1.00000113712905e+18,63875741928021,0.032,1.439,-0.02,0.056,-0.024,0.003,0.998,NaN,-0.238,0.012,0.971,0,0,0,64.325,NaN,-0.213,0.012,0.977,-0.032,0,0,0.579,3.717,6.415,0.98,NaN,-0.389,0.012,0.921,0.032,0,0,0.578,3.685,6.373,0.867,0.3298194,0
176994,1.00000113713412e+18,63875741928021,0.032,1.439,-0.02,0.056,-0.024,0.003,0.998,NaN,-0.24,0.013,0.971,0,0,0,64.325,NaN,-0.215,0.013,0.977,-0.032,0,0,0.598,3.834,6.415,0.981,NaN,-0.389,0.012,0.921,0.032,0,0,0.579,3.688,6.373,0.869,0.332378,0
176995,1.00000113713913e+18,63875741928032,0.032,1.439,-0.02,0.056,-0.024,0.003,0.998,NaN,-0.242,0.013,0.97,0,0,0,64.325,NaN,-0.217,0.013,0.976,-0.032,0,0,0.608,3.898,6.415,0.983,NaN,-0.389,0.013,0.921,0.032,0,0,0.579,3.691,6.373,0.871,0.336906,0
176996,1.00000113714414e+18,63875741928033,0.032,1.439,-0.02,0.056,-0.024,0.003,0.998,NaN,-0.245,0.014,0.969,0,0,0,64.325,NaN,-0.22,0.014,0.976,-0.032,0,0,0.612,3.926,6.415,0.984,NaN,-0.389,0.013,0.921,0.032,0,0,0.58,3.694,6.373,0.873,0.3429411,0
176997,1.00000113714914e+18,63875741928044,0.032,1.439,-0.02,0.056,-0.024,0.003,0.998,NaN,-0.248,0.015,0.969,0,0,0,64.325,NaN,-0.223,0.015,0.975,-0.032,0,0,0.614,3.941,6.415,0.985,NaN,-0.388,0.015,0.921,0.032,0,0,0.58,3.697,6.373,0.874,0.3497537,0
176998,1.00000113715414e+18,63875741928044,0.032,1.439,-0.02,0.056,-0.024,0.003,0.998,NaN,-0.25,0.017,0.968,0,0,0,64.325,NaN,-0.226,0.017,0.974,-0.032,0,0,0.616,3.95,6.415,0.987,NaN,-0.388,0.016,0.922,0.032,0,0,0.58,3.699,6.373,0.875,0.3567364,0
176999,1.00000113715915e+18,63875741928044,0.032,1.439,-0.02,0.056,-0.024,0.003,0.998,NaN,-0.251,0.016,0.968,0,0,0,64.325,NaN,-0.225,0.016,0.974,-0.032,0,0,0.595,3.814,6.415,0.988,NaN,-0.388,0.015,0.922,0.032,0,0,0.581,3.702,6.373,0.877,0.3562874,0
177000,1.00000113716415e+18,63875741928054,0.032,1.438,-0.02,0.057,-0.024,0.003,0.998,NaN,-0.25,0.015,0.968,0,0,0,64.325,NaN,-0.224,0.015,0.974,-0.032,0,0,0.588,3.773,6.415,0.989,NaN,-0.388,0.014,0.922,0.032,0,0,0.581,3.706,6.373,0.878,0.354159,0
177001,1.00000113716915e+18,63875741928055,0.032,1.438,-0.02,0.057,-0.024,0.003,0.998,NaN,-0.25,0.014,0.968,0,0,0,64.325,NaN,-0.223,0.015,0.975,-0.032,0,0,0.587,3.766,6.415,0.989,NaN,-0.387,0.014,0.922,0.032,0,0,0.582,3.708,6.373,0.879,0.352265,0
177002,1.00000113717417e+18,63875741928066,0.032,1.438,-0.02,0.057,-0.024,0.003,0.998,NaN,-0.25,0.013,0.968,0,0,0,64.325,NaN,-0.222,0.013,0.975,-0.032,0,0,0.586,3.762,6.415,0.99,NaN,-0.387,0.013,0.922,0.032,0,0,0.582,3.711,6.373,0.88,0.3509069,0
177003,1.00000113717919e+18,63875741928066,0.032,1.438,-0.02,0.057,-0.024,0.003,0.998,NaN,-0.25,0.012,0.968,0,0,0,64.325,NaN,-0.221,0.012,0.975,-0.032,0,0,0.586,3.76,6.415,0.991,NaN,-0.387,0.011,0.922,0.032,0,0,0.583,3.713,6.373,0.881,0.3498757,0
177004,1.0000011371842e+18,63875741928077,0.032,1.438,-0.02,0.057,-0.024,0.003,0.998,NaN,-0.249,0.01,0.968,0,0,0,64.325,NaN,-0.221,0.01,0.975,-0.032,0,0,0.585,3.75,6.415,0.991,NaN,-0.387,0.009,0.922,0.032,0,0,0.583,3.716,6.373,0.882,0.3490223,0
177005,1.00000113718924e+18,63875741928077,0.032,1.438,-0.02,0.057,-0.024,0.003,0.998,NaN,-0.249,0.008,0.968,0,0,0,64.325,NaN,-0.22,0.008,0.975,-0.032,0,0,0.584,3.745,6.415,0.992,NaN,-0.387,0.007,0.922,0.032,0,0,0.584,3.719,6.373,0.882,0.3483213,0
177006,1.00000113719425e+18,63875741928088,0.032,1.438,-0.02,0.057,-0.024,0.003,0.998,NaN,-0.249,0.006,0.969,0,0,0,64.325,NaN,-0.219,0.006,0.976,-0.032,0,0,0.583,3.743,6.415,0.992,NaN,-0.387,0.005,0.922,0.032,0,0,0.584,3.722,6.373,0.883,0.3471361,0
177007,1.00000113719926e+18,63875741928088,0.032,1.438,-0.02,0.057,-0.024,0.003,0.998,NaN,-0.249,0.004,0.969,0,0,0,64.325,NaN,-0.219,0.004,0.976,-0.032,0,0,0.583,3.742,6.415,0.993,NaN,-0.386,0.003,0.922,0.032,0,0,0.585,3.727,6.373,0.884,0.3456557,0
177008,1.00000113720427e+18,63875741928099,0.032,1.438,-0.02,0.057,-0.024,0.003,0.998,NaN,-0.249,0.002,0.969,0,0,0,64.325,NaN,-0.218,0.002,0.976,-0.032,0,0,0.583,3.741,6.415,0.993,NaN,-0.386,0.002,0.922,0.032,0,0,0.586,3.732,6.373,0.885,0.3440172,0
177009,1.00000113720928e+18,63875741928099,0.032,1.438,-0.02,0.057,-0.024,0.003,0.998,NaN,-0.249,0,0.969,0,0,0,64.325,NaN,-0.217,0,0.976,-0.032,0,0,0.583,3.742,6.415,0.994,NaN,-0.386,0,0.922,0.032,0,0,0.586,3.736,6.373,0.885,0.3422217,0
177010,1.00000113721428e+18,63875741928099,0.032,1.438,-0.02,0.057,-0.024,0.003,0.998,NaN,-0.249,-0.001,0.969,0,0,0,64.325,NaN,-0.216,-0.001,0.976,-0.032,0,0,0.583,3.742,6.415,0.994,NaN,-0.386,-0.001,0.922,0.032,0,0,0.587,3.739,6.373,0.886,0.3404876,0
177011,1.00000113721929e+18,63875741928110,0.032,1.438,-0.02,0.057,-0.024,0.003,0.998,NaN,-0.249,-0.002,0.969,0,0,0,64.325,NaN,-0.215,-0.002,0.977,-0.032,0,0,0.584,3.743,6.415,0.994,NaN,-0.386,-0.002,0.922,0.032,0,0,0.587,3.742,6.373,0.886,0.3388124,0
177012,1.0000011372243e+18,63875741928110,0.032,1.438,-0.02,0.057,-0.024,0.003,0.998,NaN,-0.249,-0.003,0.969,0,0,0,64.325,NaN,-0.214,-0.003,0.977,-0.032,0,0,0.584,3.746,6.415,0.995,NaN,-0.386,-0.003,0.923,0.032,0,0,0.588,3.745,6.373,0.887,0.3372721,0
177013,1.00000113722931e+18,63875741928121,0.032,1.439,-0.02,0.057,-0.024,0.003,0.998,NaN,-0.249,-0.002,0.968,0,0,0,64.325,NaN,-0.214,-0.002,0.977,-0.032,0,0,0.593,3.805,6.415,0.995,NaN,-0.386,-0.002,0.923,0.032,0,0,0.588,3.748,6.373,0.887,0.3386086,0
177014,1.00000113723432e+18,63875741928121,0.032,1.439,-0.02,0.057,-0.024,0.003,0.998,NaN,-0.25,0,0.968,0,0,0,64.325,NaN,-0.216,0,0.976,-0.032,0,0,0.607,3.893,6.415,0.995,NaN,-0.386,0,0.923,0.032,0,0,0.589,3.752,6.373,0.888,0.3415174,0
177015,1.00000113723936e+18,63875741928132,0.032,1.439,-0.02,0.056,-0.024,0.003,0.998,NaN,-0.252,0.002,0.968,0,0,0,64.325,NaN,-0.216,0.002,0.976,-0.032,0,0,0.619,3.97,6.415,0.995,NaN,-0.386,0.002,0.923,0.032,0,0,0.589,3.754,6.373,0.888,0.3434148,0
177016,1.00000113724437e+18,63875741928132,0.032,1.439,-0.02,0.056,-0.024,0.003,0.998,NaN,-0.253,0.003,0.967,0,0,0,64.325,NaN,-0.218,0.003,0.976,-0.032,0,0,0.626,4.014,6.415,0.996,NaN,-0.385,0.003,0.923,0.032,0,0,0.59,3.757,6.373,0.889,0.3458631,0
177017,1.00000113724936e+18,63875741928143,0.032,1.439,-0.02,0.057,-0.024,0.003,0.998,NaN,-0.255,0.005,0.967,0,0,0,64.325,NaN,-0.219,0.005,0.976,-0.032,0,0,0.628,4.032,6.415,0.996,NaN,-0.385,0.005,0.923,0.032,0,0,0.59,3.76,6.373,0.889,0.3493772,0
177018,1.0000011372544e+18,63875741928143,0.032,1.439,-0.02,0.057,-0.024,0.003,0.998,NaN,-0.256,0.009,0.967,0,0,0,64.325,NaN,-0.221,0.009,0.975,-0.032,0,0,0.63,4.039,6.415,0.996,NaN,-0.385,0.008,0.923,0.032,0,0,0.59,3.762,6.373,0.89,0.3536668,0.06299387
177019,1.00000113725941e+18,63875741928155,0.032,1.439,-0.02,0.056,-0.024,0.003,0.998,NaN,-0.276,0.01,0.961,0,0,0,64.325,NaN,-0.239,0.01,0.971,-0.032,0,0,0.63,4.041,6.415,0.996,NaN,-0.385,0.009,0.923,0.032,0,0,0.591,3.765,6.373,0.89,0.3961137,0
177020,1.00000113726443e+18,63875741928155,0.032,1.439,-0.02,0.056,-0.024,0.003,0.998,NaN,-0.274,0.014,0.962,0,0,0,64.325,NaN,-0.239,0.015,0.971,-0.032,0,0,0.632,4.056,6.415,0.996,NaN,-0.385,0.014,0.923,0.032,0,0,0.591,3.768,6.373,0.89,0.3966525,0
177021,1.00000113726946e+18,63875741928155,0.032,1.439,-0.02,0.056,-0.024,0.003,0.998,NaN,-0.271,0.013,0.963,0,0,0,64.325,NaN,-0.236,0.013,0.972,-0.032,0,0,0.611,3.923,6.415,0.997,NaN,-0.385,0.013,0.923,0.032,0,0,0.592,3.772,6.373,0.891,0.3887811,0
177022,1.00000113727449e+18,63875741928166,0.032,1.439,-0.02,0.057,-0.024,0.003,0.998,NaN,-0.284,0.011,0.959,0,0,0,64.325,NaN,-0.248,0.011,0.969,-0.032,0,0,0.602,3.862,6.415,0.997,NaN,-0.385,0.011,0.923,0.032,0,0,0.592,3.774,6.373,0.891,0.420321,0
177023,1.00000113727951e+18,63875741928166,0.032,1.439,-0.02,0.057,-0.024,0.003,0.998,NaN,-0.297,0.01,0.955,0,0,0,64.325,NaN,-0.258,0.01,0.966,-0.032,0,0,0.599,3.84,6.415,0.997,NaN,-0.384,0.01,0.923,0.032,0,0,0.593,3.777,6.373,0.892,0.4542877,0
177024,1.00000113728447e+18,63875741928177,0.032,1.439,-0.02,0.057,-0.024,0.003,0.998,NaN,-0.288,0.009,0.958,0,0,0,64.325,NaN,-0.25,0.01,0.968,-0.032,0,0,0.596,3.826,6.415,0.997,NaN,-0.384,0.009,0.923,0.032,0,0,0.593,3.78,6.373,0.892,0.4288489,0
177025,1.00000113728949e+18,63875741928177,0.032,1.439,-0.02,0.057,-0.024,0.003,0.998,NaN,-0.282,0.009,0.959,0,0,0,64.325,NaN,-0.245,0.009,0.969,-0.032,0,0,0.595,3.819,6.415,0.997,NaN,-0.384,0.009,0.923,0.032,0,0,0.594,3.783,6.373,0.892,0.4145524,0
177026,1.00000113729448e+18,63875741928188,0.032,1.439,-0.02,0.057,-0.024,0.003,0.998,NaN,-0.292,0.008,0.956,0,0,0,64.325,NaN,-0.253,0.008,0.968,-0.032,0,0,0.594,3.81,6.415,0.997,NaN,-0.384,0.008,0.923,0.032,0,0,0.594,3.786,6.373,0.893,0.4375113,0
177027,1.0000011372995e+18,63875741928188,0.032,1.439,-0.02,0.057,-0.024,0.003,0.998,NaN,-0.287,0.007,0.958,0,0,0,64.325,NaN,-0.248,0.007,0.969,-0.032,0,0,0.593,3.807,6.415,0.997,NaN,-0.384,0.007,0.923,0.032,0,0,0.594,3.789,6.373,0.893,0.4227167,0
177028,1.00000113730452e+18,63875741928199,0.032,1.439,-0.02,0.057,-0.024,0.004,0.998,NaN,-0.283,0.006,0.959,0,0,0,64.325,NaN,-0.245,0.006,0.969,-0.032,0,0,0.593,3.807,6.415,0.997,NaN,-0.384,0.006,0.923,0.032,0,0,0.595,3.791,6.373,0.893,0.4157742,0
177029,1.00000113730953e+18,63875741928199,0.032,1.439,-0.02,0.057,-0.024,0.004,0.998,NaN,-0.282,0.005,0.959,0,0,0,64.325,NaN,-0.244,0.005,0.97,-0.032,0,0,0.594,3.808,6.415,0.998,NaN,-0.384,0.005,0.923,0.032,0,0,0.595,3.793,6.373,0.894,0.4111503,0
177030,1.00000113731452e+18,63875741928199,0.032,1.439,-0.02,0.057,-0.024,0.004,0.998,NaN,-0.281,0.006,0.96,0,0,0,64.325,NaN,-0.243,0.006,0.97,-0.032,0,0,0.608,3.902,6.415,0.997,NaN,-0.384,0.005,0.923,0.032,0,0,0.596,3.795,6.373,0.894,0.4092559,0
177031,1.00000113731954e+18,63875741928210,0.032,1.439,-0.02,0.057,-0.024,0.004,0.998,NaN,-0.28,0.006,0.96,0,0,0,64.325,NaN,-0.243,0.006,0.97,-0.032,0,0,0.621,3.982,6.415,0.996,NaN,-0.384,0.006,0.923,0.032,0,0,0.596,3.797,6.373,0.894,0.408775,0
177032,1.00000113732456e+18,63875741928210,0.032,1.439,-0.02,0.057,-0.024,0.004,0.998,NaN,-0.279,0.007,0.96,0,0,0,64.325,NaN,-0.243,0.007,0.97,-0.032,0,0,0.626,4.016,6.415,0.995,NaN,-0.384,0.007,0.923,0.032,0,0,0.596,3.8,6.373,0.895,0.408802,0
177033,1.00000113732958e+18,63875741928221,0.032,1.439,-0.02,0.056,-0.024,0.004,0.998,NaN,-0.278,0.008,0.961,0,0,0,64.325,NaN,-0.243,0.008,0.97,-0.032,0,0,0.628,4.028,6.415,0.994,NaN,-0.384,0.008,0.923,0.032,0,0,0.597,3.802,6.373,0.895,0.4088545,0
177034,1.00000113733459e+18,63875741928222,0.032,1.439,-0.02,0.056,-0.024,0.004,0.998,NaN,-0.276,0.01,0.961,0,0,0,64.325,NaN,-0.242,0.01,0.97,-0.032,0,0,0.631,4.046,6.415,0.993,NaN,-0.383,0.009,0.924,0.032,0,0,0.597,3.804,6.373,0.895,0.4079385,0
177035,1.0000011373396e+18,63875741928232,0.032,1.439,-0.02,0.056,-0.024,0.003,0.998,NaN,-0.28,0.009,0.96,0,0,0,64.325,NaN,-0.242,0.009,0.97,-0.032,0,0,0.638,4.091,6.415,0.991,NaN,-0.381,0.009,0.924,0.032,0,0,0.598,3.81,6.373,0.895,0.4150354,0
177036,1.00000113734461e+18,63875741928232,0.032,1.439,-0.02,0.056,-0.024,0.003,0.998,NaN,-0.295,0.009,0.955,0,0,0,64.325,NaN,-0.243,0.009,0.97,-0.032,0,0,0.637,4.09,6.415,0.988,NaN,-0.381,0.008,0.925,0.032,0,0,0.6,3.823,6.373,0.894,0.4182713,0
177037,1.00000113734958e+18,63875741928243,0.032,1.439,-0.02,0.056,-0.024,0.004,0.998,NaN,-0.322,0.01,0.947,0,0,0,64.325,NaN,-0.244,0.01,0.97,-0.032,0,0,0.624,4.001,6.415,0.975,NaN,-0.382,0.01,0.924,0.032,0,0,0.603,3.842,6.373,0.892,0.4187708,0
177038,1.00000113735462e+18,63875741928244,0.032,1.439,-0.02,0.056,-0.024,0.004,0.998,NaN,-0.357,0.013,0.934,0,0,0,64.325,NaN,-0.25,0.013,0.968,-0.032,0,0,0.617,3.959,6.415,0.961,NaN,-0.385,0.012,0.923,0.032,0,0,0.606,3.863,6.373,0.889,0.4254883,0
177039,1.00000113735964e+18,63875741928244,0.032,1.439,-0.02,0.056,-0.024,0.004,0.998,NaN,-0.39,0.017,0.921,0,0,0,64.325,NaN,-0.271,0.018,0.963,-0.032,0,0,0.595,3.816,6.415,0.945,NaN,-0.394,0.017,0.919,0.032,0,0,0.61,3.886,6.373,0.885,0.4625417,0
177040,1.00000113736469e+18,63875741928255,0.032,1.439,-0.02,0.056,-0.024,0.004,0.998,NaN,-0.419,0.024,0.908,0,0,0,64.325,NaN,-0.296,0.025,0.955,-0.032,0,0,0.59,3.784,6.415,0.932,NaN,-0.408,0.024,0.913,0.032,0,0,0.613,3.904,6.373,0.88,0.5011137,0
177041,1.00000113736971e+18,63875741928255,0.032,1.439,-0.02,0.056,-0.024,0.004,0.998,NaN,-0.441,0.032,0.897,0,0,0,64.325,NaN,-0.317,0.033,0.948,-0.032,0,0,0.59,3.783,6.415,0.922,NaN,-0.425,0.032,0.904,0.032,0,0,0.615,3.918,6.373,0.872,0.5111809,0
177042,1.00000113737473e+18,63875741928266,0.032,1.439,-0.02,0.056,-0.024,0.004,0.998,NaN,-0.456,0.039,0.889,0,0,0,64.325,NaN,-0.334,0.041,0.942,-0.032,0,0,0.587,3.768,6.415,0.915,NaN,-0.441,0.039,0.897,0.032,0,0,0.616,3.925,6.373,0.864,0.5087785,0
177043,1.00000113737974e+18,63875741928266,0.032,1.439,-0.02,0.056,-0.024,0.004,0.998,NaN,-0.435,0.041,0.899,0,0,0,64.325,NaN,-0.332,0.043,0.942,-0.032,0,0,0.587,3.769,6.415,0.909,NaN,-0.454,0.041,0.89,0.032,0,0,0.616,3.927,6.373,0.858,0.4453889,0
177044,1.0000011373847e+18,63875741928277,0.032,1.439,-0.02,0.056,-0.024,0.004,0.998,NaN,-0.423,0.043,0.905,0,0,0,64.325,NaN,-0.331,0.045,0.943,-0.032,0,0,0.588,3.772,6.415,0.906,NaN,-0.463,0.043,0.885,0.032,0,0,0.616,3.928,6.373,0.853,0.4086283,0
177045,1.00000113738972e+18,63875741928277,0.032,1.439,-0.02,0.056,-0.024,0.004,0.998,NaN,-0.415,0.045,0.909,0,0,0,64.325,NaN,-0.331,0.047,0.942,-0.032,0,0,0.589,3.776,6.415,0.904,NaN,-0.469,0.044,0.882,0.032,0,0,0.616,3.928,6.373,0.849,0.3894091,0
177046,1.00000113739474e+18,63875741928288,0.032,1.439,-0.02,0.056,-0.024,0.004,0.998,NaN,-0.437,0.051,0.898,0,0,0,64.325,NaN,-0.348,0.053,0.936,-0.032,0,0,0.589,3.78,6.415,0.903,NaN,-0.473,0.05,0.88,0.032,0,0,0.616,3.929,6.373,0.846,0.4253294,0
177047,1.00000113739976e+18,63875741928288,0.032,1.439,-0.02,0.056,-0.024,0.004,0.998,NaN,-0.453,0.055,0.89,0,0,0,64.325,NaN,-0.362,0.058,0.93,-0.032,0,0,0.59,3.783,6.415,0.902,NaN,-0.476,0.054,0.878,0.032,0,0,0.616,3.929,6.373,0.844,0.4624243,0
177048,1.00000113740472e+18,63875741928299,0.032,1.439,-0.02,0.056,-0.024,0.004,0.998,NaN,-0.463,0.058,0.884,0,0,0,64.325,NaN,-0.389,0.061,0.919,-0.032,0,0,0.598,3.837,6.415,0.901,NaN,-0.478,0.058,0.877,0.032,0,0,0.616,3.929,6.373,0.842,0.584092,0
177049,1.00000113740974e+18,63875741928299,0.032,1.439,-0.02,0.056,-0.024,0.004,0.998,NaN,-0.469,0.061,0.881,0,0,0,64.325,NaN,-0.405,0.063,0.912,-0.032,0,0,0.598,3.837,6.415,0.902,NaN,-0.479,0.061,0.876,0.032,0,0,0.616,3.929,6.373,0.841,0.6932883,0
177050,1.00000113741482e+18,63875741928299,0.032,1.439,-0.02,0.056,-0.024,0.004,0.998,NaN,-0.474,0.063,0.878,0,0,0,64.325,NaN,-0.407,0.065,0.911,-0.032,0,0,0.593,3.807,6.415,0.902,NaN,-0.48,0.063,0.875,0.032,0,0,0.616,3.929,6.373,0.841,0.7056031,0
177051,1.00000113741984e+18,63875741928311,0.032,1.439,-0.02,0.056,-0.024,0.004,0.998,NaN,-0.476,0.065,0.877,0,0,0,64.325,NaN,-0.408,0.067,0.91,-0.032,0,0,0.592,3.798,6.415,0.902,NaN,-0.481,0.065,0.875,0.032,0,0,0.616,3.929,6.373,0.84,0.7129394,0
177052,1.00000113742486e+18,63875741928311,0.032,1.439,-0.02,0.056,-0.024,0.004,0.998,NaN,-0.459,0.063,0.886,0,0,0,64.325,NaN,-0.396,0.065,0.916,-0.032,0,0,0.592,3.797,6.415,0.902,NaN,-0.481,0.062,0.874,0.032,0,0,0.616,3.929,6.373,0.84,0.6094137,0
177053,1.00000113742988e+18,63875741928322,0.032,1.439,-0.02,0.056,-0.024,0.004,0.998,NaN,-0.449,0.062,0.891,0,0,0,64.325,NaN,-0.389,0.064,0.919,-0.032,0,0,0.592,3.799,6.415,0.902,NaN,-0.481,0.061,0.874,0.032,0,0,0.616,3.929,6.373,0.84,0.5606205,0
177054,1.0000011374349e+18,63875741928322,0.032,1.439,-0.02,0.056,-0.024,0.004,0.998,NaN,-0.443,0.062,0.894,0,0,0,64.325,NaN,-0.381,0.064,0.922,-0.032,0,0,0.601,3.853,6.415,0.903,NaN,-0.481,0.06,0.874,0.032,0,0,0.616,3.929,6.373,0.84,0.5200443,0
177055,1.00000113743987e+18,63875741928333,0.032,1.439,-0.02,0.056,-0.024,0.004,0.998,NaN,-0.441,0.062,0.895,0,0,0,64.325,NaN,-0.376,0.064,0.924,-0.032,0,0,0.606,3.887,6.415,0.903,NaN,-0.481,0.06,0.874,0.032,0,0,0.617,3.929,6.373,0.84,0.4953971,0
177056,1.00000113744489e+18,63875741928333,0.032,1.439,-0.02,0.056,-0.024,0.004,0.998,NaN,-0.438,0.061,0.897,0,0,0,64.325,NaN,-0.373,0.063,0.926,-0.032,0,0,0.608,3.9,6.415,0.904,NaN,-0.481,0.06,0.874,0.032,0,0,0.617,3.929,6.373,0.84,0.4829405,0
177057,1.00000113744986e+18,63875741928345,0.032,1.439,-0.02,0.056,-0.024,0.004,0.998,NaN,-0.434,0.061,0.899,0,0,0,64.325,NaN,-0.372,0.063,0.926,-0.032,0,0,0.608,3.9,6.415,0.905,NaN,-0.481,0.06,0.874,0.032,0,0,0.617,3.929,6.373,0.841,0.4767016,0
177058,1.00000113745488e+18,63875741928345,0.032,1.439,-0.02,0.056,-0.024,0.004,0.998,NaN,-0.43,0.061,0.901,0,0,0,64.325,NaN,-0.37,0.063,0.927,-0.032,0,0,0.608,3.899,6.415,0.906,NaN,-0.481,0.059,0.875,0.032,0,0,0.617,3.929,6.373,0.841,0.4726367,0
177059,1.00000113745989e+18,63875741928355,0.032,1.439,-0.02,0.056,-0.024,0.004,0.998,NaN,-0.426,0.061,0.903,0,0,0,64.325,NaN,-0.37,0.062,0.927,-0.032,0,0,0.608,3.899,6.415,0.907,NaN,-0.481,0.059,0.875,0.032,0,0,0.617,3.929,6.373,0.841,0.4699847,0
177060,1.0000011374649e+18,63875741928355,0.032,1.439,-0.02,0.056,-0.024,0.004,0.998,NaN,-0.423,0.061,0.904,0,0,0,64.325,NaN,-0.369,0.062,0.927,-0.032,0,0,0.608,3.899,6.415,0.908,NaN,-0.481,0.059,0.875,0.032,0,0,0.617,3.929,6.373,0.841,0.4686678,0
177061,1.00000113746992e+18,63875741928355,0.032,1.439,-0.02,0.056,-0.024,0.004,0.998,NaN,-0.421,0.061,0.905,0,0,0,64.325,NaN,-0.369,0.062,0.927,-0.032,0,0,0.608,3.899,6.415,0.909,NaN,-0.481,0.059,0.875,0.032,0,0,0.617,3.929,6.373,0.842,0.46823,0
177062,1.00000113747495e+18,63875741928366,0.032,1.439,-0.021,0.056,-0.024,0.004,0.998,NaN,-0.418,0.06,0.906,0,0,0,64.325,NaN,-0.369,0.062,0.927,-0.032,0,0,0.608,3.899,6.415,0.91,NaN,-0.481,0.058,0.875,0.032,0,0,0.617,3.929,6.373,0.842,0.4684559,0
177063,1.00000113747997e+18,63875741928366,0.032,1.439,-0.021,0.056,-0.024,0.004,0.998,NaN,-0.417,0.06,0.907,0,0,0,64.325,NaN,-0.369,0.062,0.927,-0.032,0,0,0.608,3.898,6.415,0.912,NaN,-0.481,0.058,0.875,0.032,0,0,0.617,3.929,6.373,0.843,0.4686926,0
177064,1.00000113748499e+18,63875741928377,0.032,1.439,-0.021,0.056,-0.024,0.004,0.998,NaN,-0.416,0.06,0.907,0,0,0,64.325,NaN,-0.369,0.061,0.927,-0.032,0,0,0.608,3.901,6.415,0.913,NaN,-0.481,0.058,0.875,0.032,0,0,0.617,3.929,6.373,0.843,0.4687911,0
177065,1.00000113749e+18,63875741928377,0.032,1.439,-0.021,0.056,-0.024,0.004,0.998,NaN,-0.415,0.06,0.908,0,0,0,64.325,NaN,-0.369,0.061,0.927,-0.032,0,0,0.61,3.911,6.415,0.915,NaN,-0.481,0.058,0.875,0.032,0,0,0.617,3.93,6.373,0.844,0.4692663,0
177066,1.00000113749498e+18,63875741928389,0.032,1.439,-0.021,0.056,-0.024,0.004,0.998,NaN,-0.414,0.06,0.908,0,0,0,64.325,NaN,-0.369,0.061,0.927,-0.032,0,0,0.611,3.917,6.415,0.916,NaN,-0.481,0.058,0.875,0.032,0,0,0.617,3.93,6.373,0.845,0.4697328,0
177067,1.00000113749999e+18,63875741928389,0.032,1.439,-0.021,0.056,-0.024,0.004,0.998,NaN,-0.414,0.06,0.908,0,0,0,64.325,NaN,-0.369,0.061,0.927,-0.032,0,0,0.611,3.919,6.415,0.917,NaN,-0.48,0.058,0.875,0.032,0,0,0.617,3.93,6.373,0.846,0.4703428,0
177068,1.00000113750501e+18,63875741928400,0.032,1.439,-0.021,0.056,-0.024,0.004,0.998,NaN,-0.414,0.06,0.908,0,0,0,64.325,NaN,-0.369,0.061,0.927,-0.032,0,0,0.611,3.92,6.415,0.918,NaN,-0.48,0.058,0.875,0.032,0,0,0.617,3.93,6.373,0.844,0.4710062,0
177069,1.00000113751002e+18,63875741928400,0.032,1.439,-0.021,0.056,-0.024,0.004,0.998,NaN,-0.414,0.06,0.908,0,0,0,64.325,NaN,-0.369,0.061,0.927,-0.032,0,0,0.611,3.922,6.415,0.918,NaN,-0.48,0.058,0.875,0.032,0,0,0.617,3.93,6.373,0.842,0.4723668,0
177070,1.00000113751504e+18,63875741928400,0.032,1.439,-0.021,0.056,-0.024,0.004,0.998,NaN,-0.414,0.06,0.908,0,0,0,64.325,NaN,-0.369,0.061,0.927,-0.032,0,0,0.611,3.921,6.415,0.919,NaN,-0.48,0.058,0.875,0.032,0,0,0.617,3.93,6.373,0.838,0.473663,0
177071,1.00000113752005e+18,63875741928411,0.032,1.439,-0.02,0.056,-0.024,0.004,0.998,NaN,-0.414,0.06,0.908,0,0,0,64.325,NaN,-0.369,0.061,0.927,-0.032,0,0,0.611,3.921,6.415,0.92,NaN,-0.48,0.058,0.875,0.032,0,0,0.617,3.93,6.373,0.835,0.4750649,0.6822769
177072,1.00000113752507e+18,63875741928411,0.032,1.439,-0.02,0.056,-0.024,0.004,0.998,NaN,-0.414,0.06,0.908,0,0,0,64.325,NaN,-0.37,0.061,0.927,-0.032,0,0,0.611,3.921,6.415,0.921,NaN,-0.48,0.058,0.875,0.032,0,0,0.617,3.93,6.373,0.832,0.4763149,0.6994234
177073,1.00000113753008e+18,63875741928422,0.032,1.439,-0.02,0.056,-0.024,0.004,0.998,NaN,-0.414,0.06,0.908,0,0,0,64.325,NaN,-0.37,0.061,0.927,-0.032,0,0,0.611,3.92,6.415,0.922,NaN,-0.48,0.058,0.876,0.032,0,0,0.617,3.93,6.373,0.829,0.4774546,0.8362827
177074,1.0000011375351e+18,63875741928422,0.032,1.439,-0.02,0.056,-0.024,0.004,0.998,NaN,-0.414,0.06,0.908,0,0,0,64.325,NaN,-0.37,0.061,0.927,-0.032,0,0,0.611,3.92,6.415,0.922,NaN,-0.48,0.058,0.876,0.032,0,0,0.617,3.931,6.373,0.826,0.4788078,0.8222862
177075,1.00000113754011e+18,63875741928433,0.032,1.439,-0.02,0.056,-0.024,0.004,0.998,NaN,-0.414,0.06,0.908,0,0,0,64.325,NaN,-0.37,0.061,0.927,-0.032,0,0,0.611,3.92,6.415,0.923,NaN,-0.48,0.058,0.876,0.032,0,0,0.617,3.931,6.373,0.824,0.4802032,0.8369492
177076,1.00000113754508e+18,63875741928433,0.032,1.439,-0.02,0.056,-0.024,0.004,0.998,NaN,-0.414,0.06,0.908,0,0,0,64.325,NaN,-0.37,0.061,0.927,-0.032,0,0,0.611,3.919,6.415,0.924,NaN,-0.479,0.057,0.876,0.032,0,0,0.617,3.931,6.373,0.822,0.4815049,0.8778837
177077,1.0000011375501e+18,63875741928444,0.032,1.439,-0.02,0.056,-0.024,0.004,0.998,NaN,-0.414,0.06,0.908,0,0,0,64.325,NaN,-0.371,0.061,0.927,-0.032,0,0,0.611,3.92,6.415,0.925,NaN,-0.479,0.057,0.876,0.032,0,0,0.617,3.931,6.373,0.82,0.4825572,0.8723744
177078,1.0000011375551e+18,63875741928444,0.032,1.439,-0.02,0.056,-0.024,0.004,0.998,NaN,-0.414,0.06,0.908,0,0,0,64.325,NaN,-0.371,0.061,0.927,-0.032,0,0,0.611,3.922,6.415,0.925,NaN,-0.479,0.057,0.876,0.032,0,0,0.617,3.932,6.373,0.819,0.483619,0.8963992
177079,1.00000113756014e+18,63875741928455,0.032,1.439,-0.02,0.056,-0.024,0.004,0.998,NaN,-0.414,0.06,0.909,0,0,0,64.325,NaN,-0.371,0.061,0.927,-0.032,0,0,0.612,3.924,6.415,0.926,NaN,-0.479,0.057,0.876,0.032,0,0,0.617,3.932,6.373,0.817,0.4846463,0.913304
177080,1.00000113756514e+18,63875741928455,0.032,1.439,-0.02,0.056,-0.024,0.004,0.998,NaN,-0.414,0.06,0.909,0,0,0,64.325,NaN,-0.371,0.061,0.927,-0.032,0,0,0.612,3.924,6.415,0.927,NaN,-0.479,0.057,0.876,0.032,0,0,0.617,3.933,6.373,0.816,0.4855118,0.9088513
177081,1.00000113757012e+18,63875741928455,0.032,1.439,-0.02,0.056,-0.024,0.004,0.998,NaN,-0.413,0.06,0.909,0,0,0,64.325,NaN,-0.371,0.061,0.927,-0.032,0,0,0.614,3.936,6.415,0.928,NaN,-0.479,0.057,0.876,0.032,0,0,0.617,3.933,6.373,0.815,0.4860348,0.8789219
177082,1.00000113757514e+18,63875741928467,0.032,1.439,-0.02,0.056,-0.024,0.004,0.998,NaN,-0.413,0.06,0.909,0,0,0,64.325,NaN,-0.371,0.061,0.927,-0.032,0,0,0.614,3.938,6.415,0.928,NaN,-0.479,0.057,0.876,0.032,0,0,0.617,3.933,6.373,0.815,0.4863923,0.8965442
177083,1.00000113758018e+18,63875741928467,0.032,1.439,-0.02,0.056,-0.024,0.004,0.998,NaN,-0.413,0.06,0.909,0,0,0,64.325,NaN,-0.371,0.061,0.927,-0.032,0,0,0.614,3.942,6.415,0.929,NaN,-0.479,0.057,0.876,0.032,0,0,0.617,3.934,6.373,0.814,0.4869019,0.9075291
177084,1.0000011375852e+18,63875741928477,0.032,1.439,-0.02,0.056,-0.024,0.004,0.998,NaN,-0.413,0.059,0.909,0,0,0,64.325,NaN,-0.371,0.061,0.927,-0.032,0,0,0.614,3.941,6.415,0.929,NaN,-0.479,0.057,0.876,0.032,0,0,0.617,3.934,6.373,0.813,0.4873078,0.9107159
177085,1.00000113759022e+18,63875741928478,0.032,1.439,-0.02,0.056,-0.024,0.004,0.998,NaN,-0.413,0.059,0.909,0,0,0,64.325,NaN,-0.371,0.061,0.927,-0.032,0,0,0.615,3.947,6.415,0.93,NaN,-0.479,0.057,0.876,0.032,0,0,0.617,3.935,6.373,0.813,0.4876376,0.8820445
177086,1.00000113759523e+18,63875741928489,0.032,1.439,-0.02,0.056,-0.024,0.004,0.998,NaN,-0.413,0.059,0.909,0,0,0,64.325,NaN,-0.371,0.061,0.926,-0.032,0,0,0.616,3.949,6.415,0.93,NaN,-0.479,0.057,0.876,0.032,0,0,0.617,3.935,6.373,0.813,0.4883701,0.8802804
177087,1.00000113760022e+18,63875741928489,0.032,1.439,-0.02,0.056,-0.024,0.004,0.998,NaN,-0.413,0.059,0.909,0,0,0,64.325,NaN,-0.372,0.061,0.926,-0.032,0,0,0.616,3.95,6.415,0.931,NaN,-0.479,0.057,0.876,0.032,0,0,0.618,3.935,6.373,0.812,0.4892865,0.8586129
177088,1.00000113760522e+18,63875741928500,0.032,1.439,-0.02,0.056,-0.024,0.004,0.998,NaN,-0.413,0.059,0.909,0,0,0,64.325,NaN,-0.372,0.061,0.926,-0.032,0,0,0.616,3.95,6.415,0.931,NaN,-0.479,0.057,0.876,0.032,0,0,0.618,3.936,6.373,0.812,0.4903443,0.8800384
177089,1.00000113761022e+18,63875741928500,0.032,1.439,-0.02,0.056,-0.024,0.004,0.998,NaN,-0.413,0.059,0.909,0,0,0,64.325,NaN,-0.372,0.06,0.926,-0.032,0,0,0.615,3.945,6.415,0.932,NaN,-0.479,0.057,0.876,0.032,0,0,0.618,3.936,6.373,0.812,0.491364,0.8653372
177090,1.00000113761523e+18,63875741928500,0.032,1.439,-0.02,0.056,-0.024,0.004,0.998,NaN,-0.413,0.059,0.909,0,0,0,64.325,NaN,-0.372,0.06,0.926,-0.032,0,0,0.615,3.944,6.415,0.932,NaN,-0.479,0.057,0.876,0.032,0,0,0.618,3.937,6.373,0.812,0.4919903,0.8439704
177091,1.00000113762023e+18,63875741928511,0.032,1.44,-0.02,0.056,-0.024,0.003,0.998,NaN,-0.413,0.059,0.909,0,0,0,64.325,NaN,-0.372,0.06,0.926,-0.032,0,0,0.615,3.943,6.415,0.932,NaN,-0.479,0.057,0.876,0.032,0,0,0.618,3.937,6.373,0.811,0.4926324,0.8357447
177092,1.00000113762526e+18,63875741928511,0.032,1.44,-0.02,0.056,-0.024,0.003,0.998,NaN,-0.413,0.059,0.909,0,0,0,64.325,NaN,-0.372,0.06,0.926,-0.032,0,0,0.615,3.944,6.415,0.933,NaN,-0.479,0.057,0.876,0.032,0,0,0.618,3.938,6.373,0.811,0.4933052,0.8261471
177093,1.00000113763031e+18,63875741928522,0.032,1.44,-0.021,0.056,-0.024,0.003,0.998,NaN,-0.412,0.059,0.909,0,0,0,64.325,NaN,-0.373,0.06,0.926,-0.032,0,0,0.615,3.946,6.415,0.933,NaN,-0.479,0.057,0.876,0.032,0,0,0.618,3.938,6.373,0.811,0.4938176,0.8310202
177094,1.0000011376353e+18,63875741928522,0.032,1.44,-0.021,0.056,-0.024,0.003,0.998,NaN,-0.413,0.059,0.909,0,0,0,64.325,NaN,-0.373,0.06,0.926,-0.032,0,0,0.615,3.947,6.415,0.933,NaN,-0.479,0.057,0.876,0.032,0,0,0.618,3.939,6.373,0.811,0.4961887,0.7631977
177095,1.0000011376403e+18,63875741928533,0.032,1.44,-0.021,0.056,-0.024,0.003,0.998,NaN,-0.413,0.059,0.909,0,0,0,64.325,NaN,-0.375,0.06,0.925,-0.032,0,0,0.618,3.967,6.415,0.933,NaN,-0.48,0.057,0.876,0.032,0,0,0.619,3.942,6.373,0.81,0.5012829,0.7143801
177096,1.0000011376453e+18,63875741928533,0.032,1.44,-0.021,0.056,-0.024,0.003,0.998,NaN,-0.398,0.06,0.915,0,0,0,64.325,NaN,-0.373,0.061,0.926,-0.032,0,0,0.623,3.996,6.415,0.934,NaN,-0.479,0.057,0.876,0.032,0,0,0.624,3.976,6.373,0.81,0.4929278,0
177097,1.00000113765038e+18,63875741928544,0.032,1.44,-0.021,0.056,-0.024,0.003,0.998,NaN,-0.401,0.061,0.914,0,0,0,64.325,NaN,-0.368,0.065,0.927,-0.032,0,0,0.612,3.927,6.415,0.935,NaN,-0.472,0.059,0.88,0.032,0,0,0.628,3.999,6.373,0.808,0.509573,0
177098,1.00000113765537e+18,63875741928544,0.032,1.44,-0.021,0.056,-0.024,0.003,0.998,NaN,-0.381,0.068,0.922,0,0,0,64.325,NaN,-0.358,0.072,0.931,-0.032,0,0,0.607,3.891,6.415,0.936,NaN,-0.46,0.065,0.886,0.032,0,0,0.627,3.998,6.373,0.804,0.5212176,0
177099,1.00000113766036e+18,63875741928555,0.032,1.44,-0.021,0.056,-0.024,0.003,0.998,NaN,-0.384,0.067,0.921,0,0,0,64.325,NaN,-0.343,0.084,0.936,-0.032,0,0,0.607,3.892,6.415,0.937,NaN,-0.444,0.065,0.894,0.032,0,0,0.623,3.971,6.373,0.807,0.526172,0
177100,1.00000113766536e+18,63875741928555,0.032,1.44,-0.021,0.056,-0.024,0.003,0.998,NaN,-0.383,0.067,0.921,0,0,0,64.325,NaN,-0.323,0.096,0.942,-0.032,0,0,0.604,3.878,6.415,0.939,NaN,-0.427,0.066,0.902,0.032,0,0,0.619,3.942,6.373,0.814,0.5028473,0
177101,1.00000113767036e+18,63875741928555,0.032,1.44,-0.021,0.056,-0.024,0.003,0.998,NaN,-0.381,0.068,0.922,0,0,0,64.325,NaN,-0.306,0.107,0.946,-0.032,0,0,0.605,3.882,6.415,0.94,NaN,-0.41,0.067,0.91,0.032,0,0,0.617,3.929,6.373,0.824,0.4828649,0
177102,1.00000113767535e+18,63875741928566,0.032,1.44,-0.021,0.055,-0.024,0.003,0.998,NaN,-0.379,0.068,0.923,0,0,0,64.325,NaN,-0.288,0.119,0.95,-0.032,0,0,0.607,3.893,6.415,0.941,NaN,-0.396,0.068,0.916,0.032,0,0,0.615,3.917,6.373,0.836,0.4453706,0
177103,1.0000011376804e+18,63875741928566,0.032,1.44,-0.021,0.055,-0.024,0.003,0.998,NaN,-0.377,0.069,0.924,0,0,0,64.325,NaN,-0.276,0.127,0.953,-0.032,0,0,0.607,3.895,6.415,0.943,NaN,-0.387,0.069,0.92,0.032,0,0,0.614,3.912,6.373,0.848,0.4238271,0
177104,1.0000011376854e+18,63875741928578,0.032,1.44,-0.021,0.055,-0.024,0.003,0.998,NaN,-0.375,0.07,0.925,0,0,0,64.325,NaN,-0.269,0.133,0.954,-0.032,0,0,0.609,3.904,6.415,0.945,NaN,-0.38,0.07,0.922,0.032,0,0,0.613,3.909,6.373,0.859,0.4098777,0
177105,1.0000011376904e+18,63875741928578,0.032,1.44,-0.021,0.055,-0.024,0.003,0.998,NaN,-0.373,0.071,0.925,0,0,0,64.325,NaN,-0.264,0.138,0.955,-0.032,0,0,0.609,3.906,6.415,0.946,NaN,-0.375,0.071,0.924,0.032,0,0,0.613,3.908,6.373,0.868,0.4001469,0
177106,1.00000113769546e+18,63875741928590,0.032,1.44,-0.021,0.055,-0.024,0.003,0.998,NaN,-0.372,0.072,0.926,0,0,0,64.325,NaN,-0.261,0.141,0.955,-0.032,0,0,0.61,3.915,6.415,0.951,NaN,-0.372,0.072,0.925,0.032,0,0,0.613,3.906,6.373,0.876,0.3955331,0
177107,1.00000113770046e+18,63875741928590,0.032,1.44,-0.021,0.055,-0.024,0.003,0.998,NaN,-0.371,0.073,0.926,0,0,0,64.325,NaN,-0.26,0.144,0.955,-0.032,0,0,0.612,3.924,6.415,0.957,NaN,-0.37,0.073,0.926,0.032,0,0,0.613,3.905,6.373,0.883,0.3925747,0
177108,1.00000113770546e+18,63875741928600,0.032,1.44,-0.021,0.055,-0.024,0.003,0.998,NaN,-0.37,0.074,0.926,0,0,0,64.325,NaN,-0.26,0.145,0.955,-0.032,0,0,0.613,3.931,6.415,0.962,NaN,-0.369,0.074,0.927,0.032,0,0,0.613,3.904,6.373,0.889,0.3917165,0
177109,1.00000113771054e+18,63875741928600,0.032,1.44,-0.021,0.055,-0.024,0.003,0.998,NaN,-0.369,0.074,0.927,0,0,0,64.325,NaN,-0.26,0.147,0.954,-0.032,0,0,0.614,3.937,6.415,0.967,NaN,-0.368,0.074,0.927,0.032,0,0,0.612,3.903,6.373,0.894,0.3920137,0
177110,1.00000113771554e+18,63875741928600,0.032,1.44,-0.021,0.055,-0.024,0.003,0.998,NaN,-0.368,0.075,0.927,0,0,0,64.325,NaN,-0.261,0.148,0.954,-0.032,0,0,0.614,3.94,6.415,0.971,NaN,-0.367,0.075,0.927,0.032,0,0,0.612,3.902,6.373,0.898,0.3931235,0
177111,1.00000113772054e+18,63875741928611,0.032,1.44,-0.021,0.055,-0.024,0.004,0.998,NaN,-0.368,0.075,0.927,0,0,0,64.325,NaN,-0.261,0.148,0.954,-0.032,0,0,0.615,3.942,6.415,0.974,NaN,-0.366,0.075,0.927,0.032,0,0,0.612,3.901,6.373,0.902,0.3949331,0
177112,1.00000113772554e+18,63875741928611,0.032,1.44,-0.021,0.055,-0.024,0.004,0.998,NaN,-0.367,0.076,0.927,0,0,0,64.325,NaN,-0.261,0.149,0.954,-0.032,0,0,0.615,3.945,6.415,0.977,NaN,-0.366,0.076,0.928,0.032,0,0,0.612,3.9,6.373,0.904,0.3967437,0
177113,1.00000113773053e+18,63875741928622,0.032,1.44,-0.021,0.055,-0.024,0.004,0.998,NaN,-0.367,0.076,0.927,0,0,0,64.325,NaN,-0.261,0.149,0.954,-0.032,0,0,0.615,3.944,6.415,0.98,NaN,-0.366,0.076,0.928,0.032,0,0,0.612,3.9,6.373,0.907,0.3971442,0
177114,1.00000113773553e+18,63875741928622,0.032,1.44,-0.021,0.055,-0.024,0.004,0.998,NaN,-0.366,0.077,0.927,0,0,0,64.325,NaN,-0.26,0.149,0.954,-0.032,0,0,0.614,3.941,6.415,0.982,NaN,-0.365,0.077,0.928,0.032,0,0,0.612,3.899,6.373,0.909,0.3969785,0
177115,1.00000113774052e+18,63875741928633,0.032,1.44,-0.021,0.055,-0.024,0.004,0.998,NaN,-0.366,0.077,0.927,0,0,0,64.325,NaN,-0.26,0.15,0.954,-0.032,0,0,0.614,3.939,6.415,0.984,NaN,-0.365,0.077,0.928,0.032,0,0,0.612,3.899,6.373,0.911,0.3965732,0
177116,1.00000113774551e+18,63875741928633,0.032,1.44,-0.021,0.055,-0.024,0.004,0.998,NaN,-0.366,0.078,0.928,0,0,0,64.325,NaN,-0.259,0.15,0.954,-0.032,0,0,0.614,3.937,6.415,0.985,NaN,-0.365,0.078,0.928,0.032,0,0,0.612,3.898,6.373,0.913,0.3962425,0
177117,1.00000113775057e+18,63875741928644,0.032,1.44,-0.021,0.055,-0.024,0.004,0.998,NaN,-0.365,0.078,0.928,0,0,0,64.325,NaN,-0.26,0.15,0.954,-0.032,0,0,0.614,3.938,6.415,0.987,NaN,-0.364,0.078,0.928,0.032,0,0,0.612,3.898,6.373,0.914,0.3999855,0
177118,1.00000113775561e+18,63875741928644,0.032,1.44,-0.021,0.055,-0.024,0.004,0.998,NaN,-0.365,0.078,0.928,0,0,0,64.325,NaN,-0.235,0.144,0.961,-0.032,0,0,0.615,3.945,6.415,0.988,NaN,-0.364,0.078,0.928,0.032,0,0,0.612,3.898,6.373,0.916,0.3721895,0.6525644
177119,1.0000011377606e+18,63875741928655,0.032,1.44,-0.021,0.055,-0.024,0.004,0.998,NaN,-0.365,0.079,0.928,0,0,0,64.325,NaN,-0.242,0.145,0.96,-0.032,0,0,0.616,3.949,6.415,0.989,NaN,-0.364,0.079,0.928,0.032,0,0,0.612,3.897,6.373,0.917,0.3854236,0.8236797
177120,1.00000113776559e+18,63875741928655,0.032,1.44,-0.021,0.055,-0.024,0.004,0.998,NaN,-0.365,0.079,0.928,0,0,0,64.325,NaN,-0.22,0.143,0.965,-0.032,0,0,0.616,3.953,6.415,0.99,NaN,-0.364,0.079,0.928,0.032,0,0,0.612,3.897,6.373,0.918,0.3517831,0.9955586
177121,1.00000113777061e+18,63875741928655,0.032,1.44,-0.021,0.055,-0.024,0.004,0.998,NaN,-0.364,0.079,0.928,0,0,0,64.325,NaN,-0.204,0.138,0.969,-0.032,0,0,0.617,3.958,6.415,0.99,NaN,-0.364,0.079,0.928,0.032,0,0,0.612,3.897,6.373,0.919,0.3327265,1
177122,1.0000011377756e+18,63875741928667,0.032,1.44,-0.021,0.055,-0.024,0.004,0.998,NaN,-0.364,0.079,0.928,0,0,0,64.325,NaN,-0.178,0.13,0.975,-0.032,0,0,0.595,3.815,6.415,0.991,NaN,-0.364,0.079,0.928,0.032,0,0,0.611,3.897,6.373,0.92,0.3019914,1
177123,1.00000113778065e+18,63875741928667,0.032,1.44,-0.021,0.055,-0.024,0.004,0.998,NaN,-0.364,0.079,0.928,0,0,0,64.325,NaN,-0.158,0.122,0.98,-0.032,0,0,0.588,3.774,6.415,0.992,NaN,-0.363,0.079,0.928,0.032,0,0,0.611,3.897,6.373,0.921,0.2798353,1
177124,1.00000113778571e+18,63875741928678,0.032,1.44,-0.021,0.055,-0.024,0.003,0.998,NaN,-0.364,0.079,0.928,0,0,0,64.325,NaN,-0.143,0.115,0.983,-0.032,0,0,0.697,4.474,6.415,0.992,NaN,-0.363,0.079,0.928,0.032,0,0,0.611,3.897,6.373,0.922,0.2653261,1
177125,1.00000113779068e+18,63875741928678,0.032,1.44,-0.021,0.055,-0.024,0.003,0.998,NaN,-0.364,0.079,0.928,0,0,0,64.325,NaN,-0.131,0.109,0.985,-0.032,0,0,0.698,4.48,6.415,0.993,NaN,-0.363,0.079,0.928,0.032,0,0,0.611,3.897,6.373,0.923,0.2544027,1
177126,1.0000011377957e+18,63875741928689,0.032,1.44,-0.021,0.055,-0.024,0.003,0.998,NaN,-0.364,0.079,0.928,0,0,0,64.325,NaN,-0.122,0.104,0.987,-0.032,0,0,0.697,4.472,6.415,0.993,NaN,-0.363,0.079,0.928,0.032,0,0,0.611,3.897,6.373,0.923,0.2464029,1
177127,1.00000113780071e+18,63875741928689,0.032,1.44,-0.021,0.055,-0.024,0.003,0.998,NaN,-0.364,0.08,0.928,0,0,0,64.325,NaN,-0.115,0.101,0.988,-0.032,0,0,0.697,4.471,6.415,0.994,NaN,-0.363,0.08,0.928,0.032,0,0,0.611,3.897,6.373,0.924,0.2411705,1
177128,1.0000011378057e+18,63875741928700,0.032,1.44,-0.021,0.055,-0.024,0.003,0.998,NaN,-0.364,0.08,0.928,0,0,0,64.325,NaN,-0.119,0.098,0.988,-0.032,0,0,0.715,4.585,6.415,0.994,NaN,-0.363,0.08,0.928,0.032,0,0,0.611,3.897,6.373,0.925,0.2446896,1
177129,1.00000113781071e+18,63875741928700,0.032,1.44,-0.021,0.055,-0.024,0.003,0.998,NaN,-0.364,0.08,0.928,0,0,0,64.325,NaN,-0.123,0.096,0.988,-0.032,0,0,0.723,4.636,6.415,0.994,NaN,-0.363,0.08,0.928,0.032,0,0,0.611,3.897,6.373,0.925,0.2488533,1
177130,1.00000113781574e+18,63875741928700,0.032,1.44,-0.021,0.055,-0.024,0.003,0.998,NaN,-0.364,0.08,0.928,0,0,0,64.325,NaN,-0.13,0.094,0.987,-0.032,0,0,0.734,4.71,6.415,0.995,NaN,-0.363,0.081,0.928,0.032,0,0,0.612,3.897,6.373,0.926,0.2557297,1
177131,1.00000113782075e+18,63875741928711,0.032,1.44,-0.021,0.055,-0.024,0.003,0.998,NaN,-0.363,0.081,0.928,0,0,0,64.325,NaN,-0.134,0.093,0.987,-0.032,0,0,0.737,4.73,6.415,0.995,NaN,-0.363,0.081,0.928,0.032,0,0,0.612,3.898,6.373,0.926,0.2600707,1
177132,1.00000113782576e+18,63875741928711,0.032,1.44,-0.021,0.055,-0.024,0.003,0.998,NaN,-0.363,0.081,0.928,0,0,0,64.325,NaN,-0.15,0.101,0.983,-0.032,0,0,0.619,3.973,6.415,0.995,NaN,-0.363,0.081,0.928,0.032,0,0,0.612,3.898,6.373,0.927,0.2784543,1
177133,1.00000113783076e+18,63875741928722,0.032,1.44,-0.021,0.055,-0.024,0.003,0.998,NaN,-0.363,0.081,0.928,0,0,0,64.325,NaN,-0.159,0.106,0.982,-0.032,0,0,0.618,3.967,6.415,0.995,NaN,-0.363,0.081,0.928,0.032,0,0,0.612,3.899,6.373,0.928,0.2880916,1
177134,1.00000113783578e+18,63875741928722,0.032,1.44,-0.021,0.055,-0.024,0.003,0.998,NaN,-0.363,0.081,0.928,0,0,0,64.325,NaN,-0.178,0.107,0.978,-0.032,0,0,0.619,3.973,6.415,0.996,NaN,-0.363,0.081,0.928,0.032,0,0,0.612,3.899,6.373,0.928,0.3162513,1
177135,1.00000113784087e+18,63875741928733,0.032,1.44,-0.021,0.055,-0.024,0.003,0.998,NaN,-0.363,0.081,0.928,0,0,0,64.325,NaN,-0.2,0.11,0.973,-0.032,0,0,0.62,3.975,6.415,0.996,NaN,-0.363,0.081,0.928,0.032,0,0,0.612,3.9,6.373,0.929,0.3543362,1
177136,1.00000113784589e+18,63875741928733,0.032,1.44,-0.021,0.055,-0.024,0.003,0.998,NaN,-0.363,0.081,0.928,0,0,0,64.325,NaN,-0.22,0.116,0.969,-0.032,0,0,0.621,3.987,6.415,0.996,NaN,-0.363,0.081,0.928,0.032,0,0,0.612,3.901,6.373,0.929,0.3929307,1
177137,1.00000113785086e+18,63875741928744,0.032,1.44,-0.021,0.056,-0.024,0.003,0.998,NaN,-0.363,0.081,0.928,0,0,0,64.325,NaN,-0.235,0.122,0.964,-0.032,0,0,0.623,3.996,6.415,0.996,NaN,-0.363,0.081,0.928,0.032,0,0,0.612,3.901,6.373,0.93,0.4236681,1
177138,1.00000113785587e+18,63875741928744,0.032,1.44,-0.021,0.056,-0.024,0.003,0.998,NaN,-0.363,0.081,0.928,0,0,0,64.325,NaN,-0.245,0.128,0.961,-0.032,0,0,0.626,4.013,6.415,0.996,NaN,-0.363,0.081,0.928,0.032,0,0,0.612,3.902,6.373,0.93,0.4406329,1
177139,1.00000113786088e+18,63875741928755,0.032,1.44,-0.021,0.056,-0.024,0.003,0.998,NaN,-0.363,0.081,0.928,0,0,0,64.325,NaN,-0.253,0.133,0.958,-0.032,0,0,0.626,4.018,6.415,0.997,NaN,-0.362,0.081,0.928,0.032,0,0,0.612,3.903,6.373,0.931,0.4500452,1
177140,1.00000113786587e+18,63875741928755,0.032,1.44,-0.021,0.056,-0.024,0.003,0.998,NaN,-0.362,0.081,0.929,0,0,0,64.325,NaN,-0.259,0.137,0.956,-0.032,0,0,0.627,4.022,6.415,0.997,NaN,-0.362,0.081,0.929,0.032,0,0,0.613,3.906,6.373,0.931,0.4549567,1
177141,1.00000113787088e+18,63875741928755,0.032,1.44,-0.021,0.056,-0.024,0.003,0.998,NaN,-0.362,0.081,0.929,0,0,0,64.325,NaN,-0.269,0.138,0.953,-0.032,0,0,0.626,4.017,6.415,0.997,NaN,-0.362,0.081,0.929,0.032,0,0,0.616,3.924,6.373,0.931,0.4797165,0.9558225
177142,1.00000113787588e+18,63875741928767,0.032,1.44,-0.021,0.056,-0.024,0.003,0.998,NaN,-0.363,0.081,0.928,0,0,0,64.325,NaN,-0.279,0.137,0.95,-0.032,0,0,0.619,3.972,6.415,0.997,NaN,-0.363,0.081,0.928,0.032,0,0,0.619,3.946,6.373,0.93,0.5043839,0.5379204
177143,1.00000113788093e+18,63875741928767,0.032,1.44,-0.021,0.056,-0.024,0.003,0.998,NaN,-0.368,0.081,0.926,0,0,0,64.325,NaN,-0.287,0.129,0.949,-0.032,0,0,0.61,3.912,6.415,0.997,NaN,-0.367,0.081,0.927,0.032,0,0,0.622,3.965,6.373,0.925,0.549134,0.177175
177144,1.00000113788593e+18,63875741928777,0.032,1.44,-0.021,0.055,-0.024,0.003,0.998,NaN,-0.379,0.079,0.922,0,0,0,64.325,NaN,-0.312,0.126,0.942,-0.032,0,0,0.608,3.901,6.415,0.995,NaN,-0.379,0.079,0.922,0.032,0,0,0.622,3.966,6.373,0.917,0.6047329,0
177145,1.00000113789095e+18,63875741928777,0.032,1.44,-0.021,0.055,-0.024,0.003,0.998,NaN,-0.395,0.079,0.916,0,0,0,64.325,NaN,-0.342,0.123,0.932,-0.032,0,0,0.608,3.901,6.415,0.992,NaN,-0.394,0.079,0.916,0.032,0,0,0.623,3.969,6.373,0.913,0.6802376,0
177146,1.00000113789594e+18,63875741928789,0.032,1.44,-0.021,0.056,-0.024,0.003,0.998,NaN,-0.413,0.079,0.907,0,0,0,64.325,NaN,-0.37,0.119,0.921,-0.032,0,0,0.608,3.901,6.415,0.988,NaN,-0.413,0.079,0.907,0.032,0,0,0.624,3.976,6.373,0.909,0.756794,0
177147,1.00000113790094e+18,63875741928790,0.032,1.44,-0.021,0.056,-0.024,0.003,0.998,NaN,-0.431,0.078,0.899,0,0,0,64.325,NaN,-0.397,0.114,0.911,-0.032,0,0,0.618,3.966,6.415,0.985,NaN,-0.431,0.078,0.899,0.032,0,0,0.627,3.993,6.373,0.905,2,0
177148,1.00000113790595e+18,63875741928800,0.032,1.44,-0.021,0.056,-0.024,0.003,0.998,NaN,-0.408,0.082,0.909,0,0,0,64.325,NaN,-0.362,0.116,0.925,-0.032,0,0,0.623,4,6.415,0.981,NaN,-0.445,0.081,0.892,0.032,0,0,0.629,4.011,6.373,0.903,0.5781489,0
177149,1.00000113791102e+18,63875741928800,0.032,1.44,-0.021,0.056,-0.024,0.003,0.998,NaN,-0.405,0.086,0.91,0,0,0,64.325,NaN,-0.343,0.116,0.932,-0.032,0,0,0.629,4.033,6.415,0.978,NaN,-0.455,0.084,0.886,0.032,0,0,0.631,4.023,6.373,0.901,0.4563808,0
177150,1.00000113791601e+18,63875741928812,0.032,1.44,-0.021,0.055,-0.024,0.003,0.998,NaN,-0.39,0.089,0.917,0,0,0,64.325,NaN,-0.334,0.116,0.936,-0.032,0,0,0.634,4.065,6.415,0.975,NaN,-0.463,0.086,0.882,0.032,0,0,0.632,4.027,6.373,0.899,0.4053574,0
177151,1.000001137921e+18,63875741928812,0.032,1.44,-0.021,0.055,-0.024,0.003,0.998,NaN,-0.371,0.092,0.924,0,0,0,64.325,NaN,-0.328,0.115,0.938,-0.032,0,0,0.639,4.101,6.415,0.973,NaN,-0.467,0.088,0.88,0.032,0,0,0.632,4.029,6.373,0.897,0.3788757,0
177152,1.000001137926e+18,63875741928812,0.032,1.44,-0.021,0.055,-0.024,0.003,0.998,NaN,-0.355,0.094,0.93,0,0,0,64.325,NaN,-0.325,0.114,0.939,-0.032,0,0,0.645,4.136,6.415,0.97,NaN,-0.47,0.089,0.878,0.032,0,0,0.632,4.03,6.373,0.896,0.3645795,0
177153,1.000001137931e+18,63875741928822,0.032,1.44,-0.021,0.055,-0.024,0.003,0.998,NaN,-0.341,0.096,0.935,0,0,0,64.325,NaN,-0.322,0.113,0.94,-0.032,0,0,0.646,4.146,6.415,0.969,NaN,-0.472,0.09,0.877,0.032,0,0,0.632,4.03,6.373,0.895,0.3556759,0
177154,1.00000113793604e+18,63875741928822,0.032,1.44,-0.021,0.055,-0.024,0.003,0.998,NaN,-0.331,0.098,0.939,0,0,0,64.325,NaN,-0.32,0.112,0.941,-0.032,0,0,0.647,4.151,6.415,0.968,NaN,-0.473,0.092,0.876,0.032,0,0,0.632,4.03,6.373,0.894,0.3498731,0
177155,1.00000113794104e+18,63875741928834,0.032,1.44,-0.021,0.055,-0.024,0.003,0.998,NaN,-0.324,0.1,0.941,0,0,0,64.325,NaN,-0.319,0.112,0.941,-0.032,0,0,0.648,4.156,6.415,0.967,NaN,-0.474,0.093,0.876,0.032,0,0,0.632,4.031,6.373,0.894,0.3459994,0
177156,1.00000113794604e+18,63875741928834,0.032,1.44,-0.021,0.055,-0.024,0.003,0.998,NaN,-0.319,0.101,0.942,0,0,0,64.325,NaN,-0.318,0.111,0.941,-0.032,0,0,0.648,4.159,6.415,0.965,NaN,-0.474,0.094,0.875,0.032,0,0,0.632,4.031,6.373,0.893,0.343507,0
177157,1.00000113795106e+18,63875741928845,0.032,1.44,-0.021,0.055,-0.024,0.004,0.998,NaN,-0.316,0.102,0.943,0,0,0,64.325,NaN,-0.318,0.11,0.942,-0.032,0,0,0.648,4.159,6.415,0.964,NaN,-0.475,0.094,0.875,0.032,0,0,0.632,4.031,6.373,0.893,0.3419442,0
177158,1.00000113795609e+18,63875741928845,0.032,1.44,-0.021,0.055,-0.024,0.004,0.998,NaN,-0.314,0.102,0.944,0,0,0,64.325,NaN,-0.317,0.11,0.942,-0.032,0,0,0.648,4.159,6.415,0.963,NaN,-0.475,0.095,0.875,0.032,0,0,0.632,4.031,6.373,0.893,0.34084,0
177159,1.00000113796109e+18,63875741928856,0.032,1.44,-0.021,0.055,-0.024,0.004,0.998,NaN,-0.313,0.103,0.944,0,0,0,64.325,NaN,-0.317,0.109,0.942,-0.032,0,0,0.648,4.159,6.415,0.962,NaN,-0.475,0.095,0.875,0.032,0,0,0.632,4.03,6.373,0.893,0.340135,0
177160,1.00000113796609e+18,63875741928856,0.032,1.44,-0.021,0.055,-0.024,0.004,0.998,NaN,-0.313,0.103,0.944,0,0,0,64.325,NaN,-0.317,0.109,0.942,-0.032,0,0,0.648,4.159,6.415,0.962,NaN,-0.475,0.096,0.875,0.032,0,0,0.632,4.03,6.373,0.892,0.3393654,0
177161,1.00000113797113e+18,63875741928856,0.032,1.44,-0.021,0.055,-0.024,0.004,0.998,NaN,-0.312,0.104,0.944,0,0,0,64.325,NaN,-0.317,0.109,0.942,-0.032,0,0,0.649,4.164,6.415,0.961,NaN,-0.475,0.097,0.874,0.032,0,0,0.632,4.03,6.373,0.892,0.3386746,0
177162,1.00000113797614e+18,63875741928867,0.032,1.44,-0.021,0.055,-0.024,0.004,0.998,NaN,-0.312,0.105,0.944,0,0,0,64.325,NaN,-0.316,0.109,0.942,-0.032,0,0,0.65,4.17,6.415,0.96,NaN,-0.475,0.097,0.874,0.032,0,0,0.632,4.029,6.373,0.892,0.3379253,0
177163,1.00000113798124e+18,63875741928867,0.032,1.44,-0.021,0.055,-0.024,0.004,0.998,NaN,-0.311,0.106,0.944,0,0,0,64.325,NaN,-0.316,0.11,0.943,-0.032,0,0,0.65,4.173,6.415,0.96,NaN,-0.475,0.098,0.874,0.032,0,0,0.632,4.028,6.373,0.892,0.337222,0
177164,1.00000113798624e+18,63875741928877,0.032,1.44,-0.021,0.055,-0.024,0.004,0.998,NaN,-0.311,0.107,0.944,0,0,0,64.325,NaN,-0.315,0.11,0.943,-0.032,0,0,0.652,4.18,6.415,0.96,NaN,-0.475,0.099,0.874,0.032,0,0,0.632,4.027,6.373,0.892,0.3366112,0
177165,1.00000113799124e+18,63875741928877,0.032,1.44,-0.021,0.055,-0.024,0.004,0.998,NaN,-0.311,0.107,0.944,0,0,0,64.325,NaN,-0.315,0.11,0.943,-0.032,0,0,0.652,4.181,6.415,0.959,NaN,-0.475,0.099,0.874,0.032,0,0,0.632,4.026,6.373,0.892,0.3359996,0
177166,1.00000113799617e+18,63875741928890,0.032,1.44,-0.021,0.055,-0.024,0.004,0.998,NaN,-0.311,0.108,0.944,0,0,0,64.325,NaN,-0.314,0.11,0.943,-0.032,0,0,0.652,4.182,6.415,0.959,NaN,-0.475,0.1,0.874,0.032,0,0,0.632,4.025,6.373,0.892,0.3354238,0
177167,1.00000113800119e+18,63875741928890,0.032,1.44,-0.021,0.055,-0.024,0.004,0.998,NaN,-0.311,0.108,0.944,0,0,0,64.325,NaN,-0.314,0.11,0.943,-0.032,0,0,0.652,4.181,6.415,0.959,NaN,-0.475,0.1,0.874,0.032,0,0,0.631,4.024,6.373,0.892,0.3348656,0.6910292
177168,1.00000113800619e+18,63875741928900,0.032,1.44,-0.021,0.055,-0.024,0.004,0.998,NaN,-0.311,0.108,0.944,0,0,0,64.325,NaN,-0.314,0.11,0.943,-0.032,0,0,0.652,4.183,6.415,0.959,NaN,-0.475,0.1,0.874,0.032,0,0,0.631,4.023,6.373,0.892,0.3344058,0.728891
177169,1.00000113801126e+18,63875741928900,0.032,1.44,-0.021,0.055,-0.024,0.004,0.998,NaN,-0.31,0.109,0.944,0,0,0,64.325,NaN,-0.313,0.11,0.943,-0.032,0,0,0.653,4.188,6.415,0.959,NaN,-0.475,0.101,0.874,0.032,0,0,0.631,4.021,6.373,0.892,0.3338103,0.8319414
177170,1.00000113801626e+18,63875741928912,0.032,1.44,-0.021,0.055,-0.025,0.004,0.998,NaN,-0.31,0.109,0.944,0,0,0,64.325,NaN,-0.313,0.11,0.943,-0.032,0,0,0.653,4.191,6.415,0.959,NaN,-0.475,0.101,0.874,0.032,0,0,0.631,4.02,6.373,0.892,0.3333236,0.8639324
177171,1.0000011380213e+18,63875741928912,0.032,1.44,-0.021,0.055,-0.025,0.004,0.998,NaN,-0.31,0.109,0.944,0,0,0,64.325,NaN,-0.312,0.11,0.944,-0.032,0,0,0.654,4.193,6.415,0.959,NaN,-0.475,0.101,0.874,0.032,0,0,0.631,4.019,6.373,0.892,0.3328776,0.9159892
177172,1.00000113802647e+18,63875741928912,0.032,1.44,-0.021,0.055,-0.025,0.004,0.998,NaN,-0.31,0.109,0.944,0,0,0,64.325,NaN,-0.312,0.11,0.944,-0.032,0,0,0.654,4.194,6.415,0.959,NaN,-0.474,0.101,0.874,0.032,0,0,0.63,4.017,6.373,0.892,0.332689,0.9071987
177173,1.0000011380314e+18,63875741928922,0.032,1.44,-0.021,0.055,-0.024,0.004,0.998,NaN,-0.31,0.11,0.944,0,0,0,64.325,NaN,-0.312,0.11,0.944,-0.032,0,0,0.654,4.194,6.415,0.959,NaN,-0.474,0.101,0.875,0.032,0,0,0.63,4.016,6.373,0.892,0.3323983,0.9017617
177174,1.00000113803629e+18,63875741928922,0.032,1.44,-0.021,0.055,-0.024,0.004,0.998,NaN,-0.31,0.11,0.944,0,0,0,64.325,NaN,-0.312,0.11,0.944,-0.032,0,0,0.654,4.195,6.415,0.959,NaN,-0.474,0.102,0.875,0.032,0,0,0.63,4.014,6.373,0.892,0.3322573,0.8979018
177175,1.00000113804131e+18,63875741928934,0.032,1.44,-0.021,0.055,-0.025,0.004,0.998,NaN,-0.31,0.11,0.944,0,0,0,64.325,NaN,-0.311,0.11,0.944,-0.032,0,0,0.654,4.195,6.415,0.959,NaN,-0.474,0.102,0.875,0.032,0,0,0.63,4.013,6.373,0.892,0.3320746,0.8983527
177176,1.00000113804633e+18,63875741928934,0.032,1.44,-0.021,0.055,-0.025,0.004,0.998,NaN,-0.31,0.11,0.944,0,0,0,64.325,NaN,-0.311,0.111,0.944,-0.032,0,0,0.654,4.195,6.415,0.959,NaN,-0.474,0.102,0.875,0.032,0,0,0.629,4.011,6.373,0.892,0.3320774,0.9163461
177177,1.00000113805134e+18,63875741928945,0.032,1.44,-0.021,0.055,-0.025,0.004,0.998,NaN,-0.31,0.11,0.944,0,0,0,64.325,NaN,-0.311,0.111,0.944,-0.032,0,0,0.654,4.195,6.415,0.959,NaN,-0.474,0.102,0.875,0.032,0,0,0.629,4.01,6.373,0.893,0.3320555,0.9244524
177178,1.00000113805636e+18,63875741928945,0.032,1.44,-0.021,0.055,-0.025,0.004,0.998,NaN,-0.31,0.111,0.944,0,0,0,64.325,NaN,-0.311,0.111,0.944,-0.032,0,0,0.654,4.196,6.415,0.959,NaN,-0.474,0.103,0.875,0.032,0,0,0.629,4.008,6.373,0.893,0.3319438,0.9149158
177179,1.00000113806137e+18,63875741928956,0.032,1.44,-0.021,0.054,-0.024,0.004,0.998,NaN,-0.31,0.111,0.944,0,0,0,64.325,NaN,-0.311,0.111,0.944,-0.032,0,0,0.654,4.197,6.415,0.958,NaN,-0.474,0.103,0.875,0.032,0,0,0.629,4.007,6.373,0.893,0.3319181,0.91497
177180,1.00000113806638e+18,63875741928956,0.032,1.44,-0.021,0.054,-0.024,0.004,0.998,NaN,-0.31,0.111,0.944,0,0,0,64.325,NaN,-0.311,0.111,0.944,-0.032,0,0,0.654,4.197,6.415,0.958,NaN,-0.474,0.103,0.875,0.032,0,0,0.628,4.005,6.373,0.893,0.3320208,0.952346
177181,1.00000113807139e+18,63875741928967,0.032,1.44,-0.021,0.054,-0.024,0.004,0.998,NaN,-0.31,0.111,0.944,0,0,0,64.325,NaN,-0.311,0.111,0.944,-0.032,0,0,0.654,4.193,6.415,0.958,NaN,-0.474,0.103,0.875,0.032,0,0,0.628,4.004,6.373,0.893,0.3322585,0.940618
177182,1.00000113807637e+18,63875741928967,0.032,1.44,-0.021,0.054,-0.024,0.004,0.998,NaN,-0.311,0.111,0.944,0,0,0,64.325,NaN,-0.311,0.111,0.944,-0.032,0,0,0.653,4.19,6.415,0.958,NaN,-0.473,0.103,0.875,0.032,0,0,0.628,4.002,6.373,0.893,0.3325769,0.9465881
177183,1.00000113808138e+18,63875741928967,0.032,1.44,-0.021,0.054,-0.024,0.004,0.998,NaN,-0.311,0.112,0.944,0,0,0,64.325,NaN,-0.311,0.111,0.944,-0.032,0,0,0.653,4.188,6.415,0.958,NaN,-0.473,0.103,0.875,0.032,0,0,0.628,4.001,6.373,0.893,0.3328033,0.953833
177184,1.00000113808641e+18,63875741928978,0.032,1.44,-0.021,0.054,-0.024,0.004,0.998,NaN,-0.311,0.112,0.944,0,0,0,64.325,NaN,-0.311,0.111,0.944,-0.032,0,0,0.653,4.186,6.415,0.958,NaN,-0.473,0.103,0.875,0.032,0,0,0.628,3.999,6.373,0.893,0.3329809,0.968973
177185,1.00000113809142e+18,63875741928978,0.032,1.44,-0.021,0.054,-0.024,0.004,0.998,NaN,-0.311,0.112,0.944,0,0,0,64.325,NaN,-0.311,0.111,0.944,-0.032,0,0,0.653,4.187,6.415,0.958,NaN,-0.473,0.104,0.875,0.032,0,0,0.627,3.998,6.373,0.893,0.3330274,0.956991
177186,1.00000113809644e+18,63875741928989,0.032,1.44,-0.021,0.054,-0.024,0.003,0.998,NaN,-0.311,0.112,0.944,0,0,0,64.325,NaN,-0.311,0.111,0.944,-0.032,0,0,0.653,4.186,6.415,0.958,NaN,-0.473,0.104,0.875,0.032,0,0,0.627,3.996,6.373,0.893,0.3331368,0.9703346
177187,1.00000113810145e+18,63875741928989,0.032,1.44,-0.021,0.054,-0.024,0.003,0.998,NaN,-0.311,0.112,0.944,0,0,0,64.325,NaN,-0.311,0.111,0.944,-0.032,0,0,0.653,4.186,6.415,0.958,NaN,-0.473,0.104,0.875,0.032,0,0,0.627,3.995,6.373,0.893,0.333202,0.971139
177188,1.00000113810647e+18,63875741929000,0.032,1.44,-0.021,0.054,-0.024,0.003,0.998,NaN,-0.311,0.112,0.944,0,0,0,64.325,NaN,-0.311,0.111,0.944,-0.032,0,0,0.653,4.186,6.415,0.959,NaN,-0.473,0.104,0.875,0.032,0,0,0.627,3.993,6.373,0.894,0.3332697,1
177189,1.00000113811148e+18,63875741929000,0.032,1.44,-0.021,0.054,-0.024,0.003,0.998,NaN,-0.311,0.112,0.944,0,0,0,64.325,NaN,-0.311,0.112,0.944,-0.032,0,0,0.652,4.186,6.415,0.958,NaN,-0.473,0.104,0.875,0.032,0,0,0.626,3.992,6.373,0.894,0.3332829,1
177190,1.00000113811649e+18,63875741929012,0.033,1.44,-0.021,0.054,-0.024,0.003,0.998,NaN,-0.311,0.112,0.944,0,0,0,64.325,NaN,-0.311,0.112,0.944,-0.032,0,0,0.652,4.185,6.415,0.958,NaN,-0.473,0.104,0.875,0.032,0,0,0.626,3.991,6.373,0.894,0.3332762,0.9995279
177191,1.00000113812151e+18,63875741929012,0.033,1.44,-0.021,0.054,-0.024,0.003,0.998,NaN,-0.311,0.112,0.944,0,0,0,64.325,NaN,-0.311,0.112,0.944,-0.032,0,0,0.652,4.182,6.415,0.958,NaN,-0.473,0.104,0.875,0.032,0,0,0.626,3.989,6.373,0.894,0.3333353,1
177192,1.00000113812652e+18,63875741929012,0.033,1.44,-0.021,0.054,-0.024,0.003,0.998,NaN,-0.311,0.112,0.944,0,0,0,64.325,NaN,-0.31,0.112,0.944,-0.032,0,0,0.653,4.186,6.415,0.959,NaN,-0.473,0.104,0.875,0.032,0,0,0.626,3.988,6.373,0.894,0.3331699,0.9805899
177193,1.00000113813153e+18,63875741929022,0.033,1.44,-0.021,0.054,-0.024,0.003,0.998,NaN,-0.31,0.112,0.944,0,0,0,64.325,NaN,-0.31,0.112,0.944,-0.032,0,0,0.653,4.186,6.415,0.958,NaN,-0.473,0.104,0.875,0.032,0,0,0.626,3.987,6.373,0.894,0.3331034,0.9723181
177194,1.00000113813654e+18,63875741929022,0.033,1.44,-0.021,0.054,-0.024,0.003,0.998,NaN,-0.31,0.112,0.944,0,0,0,64.325,NaN,-0.31,0.112,0.944,-0.032,0,0,0.652,4.186,6.415,0.958,NaN,-0.472,0.104,0.875,0.032,0,0,0.625,3.986,6.373,0.894,0.3330426,0.9772861
177195,1.00000113814155e+18,63875741929034,0.033,1.44,-0.021,0.054,-0.024,0.003,0.998,NaN,-0.31,0.112,0.944,0,0,0,64.325,NaN,-0.31,0.112,0.944,-0.032,0,0,0.652,4.185,6.415,0.958,NaN,-0.472,0.104,0.875,0.032,0,0,0.625,3.985,6.373,0.894,0.3330745,0.9719629
177196,1.00000113814656e+18,63875741929034,0.033,1.44,-0.021,0.054,-0.024,0.003,0.998,NaN,-0.31,0.112,0.944,0,0,0,64.325,NaN,-0.31,0.112,0.944,-0.032,0,0,0.652,4.183,6.415,0.958,NaN,-0.472,0.104,0.875,0.032,0,0,0.625,3.985,6.373,0.894,0.3329871,0.9565909
177197,1.00000113815157e+18,63875741929045,0.033,1.44,-0.021,0.054,-0.024,0.003,0.998,NaN,-0.31,0.112,0.944,0,0,0,64.325,NaN,-0.31,0.111,0.944,-0.032,0,0,0.652,4.18,6.415,0.958,NaN,-0.472,0.104,0.875,0.032,0,0,0.625,3.984,6.373,0.894,0.333039,0.9547615
177198,1.00000113815659e+18,63875741929045,0.033,1.44,-0.021,0.054,-0.024,0.003,0.998,NaN,-0.31,0.112,0.944,0,0,0,64.325,NaN,-0.31,0.111,0.944,-0.032,0,0,0.651,4.174,6.415,0.958,NaN,-0.472,0.103,0.876,0.032,0,0,0.625,3.983,6.373,0.894,0.3332372,0.9311274
177199,1.0000011381616e+18,63875741929057,0.033,1.44,-0.021,0.055,-0.023,0.003,0.998,NaN,-0.31,0.111,0.944,0,0,0,64.325,NaN,-0.31,0.111,0.944,-0.032,0,0,0.651,4.174,6.415,0.958,NaN,-0.472,0.103,0.876,0.032,0,0,0.625,3.982,6.373,0.894,0.3334393,0.925116
177200,1.00000113816662e+18,63875741929057,0.033,1.44,-0.021,0.055,-0.023,0.003,0.998,NaN,-0.31,0.111,0.944,0,0,0,64.325,NaN,-0.309,0.111,0.944,-0.032,0,0,0.651,4.174,6.415,0.958,NaN,-0.472,0.103,0.876,0.032,0,0,0.625,3.982,6.373,0.894,0.3333171,0.9084888
177201,1.00000113817163e+18,63875741929057,0.033,1.44,-0.021,0.055,-0.023,0.003,0.998,NaN,-0.309,0.111,0.944,0,0,0,64.325,NaN,-0.309,0.111,0.945,-0.032,0,0,0.651,4.174,6.415,0.958,NaN,-0.471,0.103,0.876,0.032,0,0,0.625,3.981,6.373,0.895,0.3331557,0.9055613
177202,1.00000113817665e+18,63875741929068,0.033,1.44,-0.021,0.055,-0.023,0.003,0.998,NaN,-0.309,0.111,0.944,0,0,0,64.325,NaN,-0.309,0.111,0.945,-0.032,0,0,0.651,4.175,6.415,0.958,NaN,-0.471,0.103,0.876,0.032,0,0,0.625,3.981,6.373,0.895,0.3330146,0.9071683
177203,1.00000113818166e+18,63875741929068,0.033,1.44,-0.021,0.055,-0.023,0.003,0.998,NaN,-0.309,0.111,0.944,0,0,0,64.325,NaN,-0.309,0.111,0.945,-0.032,0,0,0.651,4.175,6.415,0.958,NaN,-0.471,0.103,0.876,0.032,0,0,0.625,3.98,6.373,0.895,0.3330717,0.8118601
177204,1.00000113818665e+18,63875741929078,0.033,1.44,-0.021,0.055,-0.023,0.003,0.998,NaN,-0.31,0.11,0.944,0,0,0,64.325,NaN,-0.31,0.11,0.944,-0.032,0,0,0.651,4.175,6.415,0.958,NaN,-0.472,0.102,0.876,0.032,0,0,0.624,3.976,6.373,0.895,0.3332271,0.6614169
177205,1.00000113819167e+18,63875741929078,0.033,1.44,-0.021,0.055,-0.023,0.003,0.998,NaN,-0.318,0.11,0.942,0,0,0,64.325,NaN,-0.317,0.109,0.942,-0.032,0,0,0.649,4.162,6.415,0.958,NaN,-0.472,0.102,0.876,0.032,0,0,0.624,3.977,6.373,0.894,0.3485438,0
177206,1.00000113819668e+18,63875741929090,0.033,1.44,-0.021,0.055,-0.023,0.003,0.998,NaN,-0.317,0.11,0.942,0,0,0,64.325,NaN,-0.316,0.11,0.942,-0.032,0,0,0.646,4.146,6.415,0.96,NaN,-0.471,0.102,0.876,0.032,0,0,0.624,3.978,6.373,0.894,0.3494596,0
177207,1.0000011382017e+18,63875741929090,0.033,1.44,-0.021,0.055,-0.023,0.003,0.998,NaN,-0.345,0.105,0.933,0,0,0,64.325,NaN,-0.318,0.111,0.942,-0.032,0,0,0.61,3.913,6.415,0.963,NaN,-0.467,0.099,0.879,0.032,0,0,0.624,3.974,6.373,0.893,0.3613061,0
177208,1.00000113820672e+18,63875741929101,0.033,1.44,-0.021,0.055,-0.023,0.003,0.998,NaN,-0.34,0.106,0.934,0,0,0,64.325,NaN,-0.316,0.112,0.942,-0.032,0,0,0.598,3.836,6.415,0.966,NaN,-0.458,0.101,0.883,0.032,0,0,0.622,3.965,6.373,0.893,0.3806632,0
177209,1.00000113821174e+18,63875741929101,0.033,1.44,-0.021,0.055,-0.023,0.003,0.998,NaN,-0.34,0.107,0.934,0,0,0,64.325,NaN,-0.314,0.114,0.943,-0.032,0,0,0.594,3.812,6.415,0.968,NaN,-0.447,0.102,0.889,0.032,0,0,0.621,3.959,6.373,0.892,0.4110347,0
177210,1.00000113821674e+18,63875741929112,0.033,1.44,-0.021,0.055,-0.023,0.003,0.998,NaN,-0.341,0.11,0.934,0,0,0,64.325,NaN,-0.307,0.118,0.944,-0.032,0,0,0.592,3.795,6.415,0.969,NaN,-0.435,0.105,0.895,0.032,0,0,0.621,3.959,6.373,0.891,0.4314655,0
177211,1.00000113822176e+18,63875741929112,0.033,1.44,-0.021,0.055,-0.023,0.003,0.998,NaN,-0.335,0.117,0.935,0,0,0,64.325,NaN,-0.278,0.127,0.952,-0.032,0,0,0.591,3.789,6.415,0.971,NaN,-0.423,0.113,0.899,0.032,0,0,0.622,3.965,6.373,0.89,0.3848094,0
177212,1.00000113822677e+18,63875741929123,0.033,1.44,-0.021,0.055,-0.023,0.003,0.998,NaN,-0.335,0.123,0.934,0,0,0,64.325,NaN,-0.266,0.133,0.955,-0.032,0,0,0.624,4.001,6.415,0.973,NaN,-0.414,0.119,0.902,0.032,0,0,0.623,3.972,6.373,0.89,0.3808786,0
177213,1.00000113823174e+18,63875741929123,0.033,1.44,-0.021,0.055,-0.023,0.003,0.998,NaN,-0.336,0.129,0.933,0,0,0,64.325,NaN,-0.256,0.138,0.957,-0.032,0,0,0.627,4.025,6.415,0.975,NaN,-0.407,0.125,0.905,0.032,0,0,0.624,3.976,6.373,0.889,0.3763518,0
177214,1.00000113823676e+18,63875741929123,0.033,1.44,-0.021,0.055,-0.023,0.003,0.998,NaN,-0.338,0.135,0.932,0,0,0,64.325,NaN,-0.249,0.143,0.958,-0.032,0,0,0.628,4.027,6.415,0.977,NaN,-0.402,0.131,0.906,0.032,0,0,0.624,3.977,6.373,0.889,0.3721088,0
177215,1.00000113824178e+18,63875741929134,0.033,1.44,-0.021,0.055,-0.023,0.003,0.998,NaN,-0.339,0.14,0.93,0,0,0,64.325,NaN,-0.244,0.148,0.958,-0.032,0,0,0.628,4.028,6.415,0.978,NaN,-0.399,0.136,0.907,0.032,0,0,0.624,3.978,6.373,0.889,0.3696493,0
177216,1.0000011382468e+18,63875741929134,0.033,1.44,-0.021,0.055,-0.023,0.003,0.998,NaN,-0.34,0.144,0.93,0,0,0,64.325,NaN,-0.241,0.151,0.959,-0.032,0,0,0.627,4.022,6.415,0.979,NaN,-0.397,0.14,0.907,0.032,0,0,0.624,3.978,6.373,0.889,0.3687793,0
177217,1.00000113825182e+18,63875741929145,0.032,1.44,-0.021,0.055,-0.023,0.003,0.998,NaN,-0.341,0.147,0.929,0,0,0,64.325,NaN,-0.239,0.154,0.959,-0.032,0,0,0.626,4.013,6.415,0.98,NaN,-0.395,0.143,0.907,0.032,0,0,0.624,3.978,6.373,0.889,0.368925,0
177218,1.00000113825684e+18,63875741929145,0.032,1.44,-0.021,0.055,-0.023,0.003,0.998,NaN,-0.342,0.149,0.928,0,0,0,64.325,NaN,-0.238,0.156,0.959,-0.032,0,0,0.624,4.006,6.415,0.982,NaN,-0.394,0.146,0.908,0.032,0,0,0.624,3.978,6.373,0.889,0.3698919,0
177219,1.00000113826186e+18,63875741929156,0.032,1.44,-0.021,0.055,-0.023,0.003,0.998,NaN,-0.343,0.151,0.927,0,0,0,64.325,NaN,-0.238,0.158,0.958,-0.032,0,0,0.624,4.006,6.415,0.983,NaN,-0.393,0.148,0.908,0.032,0,0,0.624,3.978,6.373,0.889,0.3714309,0
177220,1.00000113826688e+18,63875741929156,0.032,1.44,-0.021,0.055,-0.023,0.003,0.998,NaN,-0.344,0.153,0.926,0,0,0,64.325,NaN,-0.237,0.159,0.958,-0.032,0,0,0.624,4.006,6.415,0.983,NaN,-0.392,0.15,0.908,0.032,0,0,0.624,3.978,6.373,0.889,0.3728902,0
177221,1.0000011382719e+18,63875741929166,0.032,1.44,-0.021,0.054,-0.023,0.003,0.998,NaN,-0.345,0.154,0.926,0,0,0,64.325,NaN,-0.238,0.161,0.958,-0.032,0,0,0.624,4.004,6.415,0.984,NaN,-0.391,0.151,0.908,0.032,0,0,0.624,3.978,6.373,0.889,0.3750662,0
177222,1.00000113827693e+18,63875741929167,0.032,1.44,-0.021,0.054,-0.023,0.003,0.998,NaN,-0.345,0.155,0.926,0,0,0,64.325,NaN,-0.239,0.161,0.958,-0.032,0,0,0.624,4.001,6.415,0.985,NaN,-0.391,0.152,0.908,0.032,0,0,0.624,3.978,6.373,0.889,0.3780331,0
177223,1.00000113828194e+18,63875741929167,0.032,1.44,-0.021,0.054,-0.023,0.003,0.998,NaN,-0.346,0.156,0.925,0,0,0,64.325,NaN,-0.24,0.162,0.957,-0.032,0,0,0.623,3.998,6.415,0.985,NaN,-0.391,0.153,0.908,0.032,0,0,0.624,3.978,6.373,0.889,0.3813243,0
177224,1.00000113828695e+18,63875741929178,0.032,1.44,-0.021,0.054,-0.023,0.003,0.998,NaN,-0.346,0.156,0.925,0,0,0,64.325,NaN,-0.241,0.162,0.957,-0.032,0,0,0.623,3.996,6.415,0.986,NaN,-0.39,0.153,0.908,0.032,0,0,0.624,3.978,6.373,0.89,0.3845853,0
177225,1.00000113829192e+18,63875741929178,0.032,1.44,-0.021,0.054,-0.023,0.003,0.998,NaN,-0.347,0.157,0.925,0,0,0,64.325,NaN,-0.241,0.162,0.957,-0.032,0,0,0.624,4.002,6.415,0.987,NaN,-0.39,0.154,0.908,0.032,0,0,0.624,3.978,6.373,0.89,0.3849302,0
177226,1.0000011382969e+18,63875741929189,0.032,1.44,-0.021,0.054,-0.023,0.003,0.998,NaN,-0.348,0.157,0.924,0,0,0,64.325,NaN,-0.241,0.163,0.957,-0.032,0,0,0.624,4.005,6.415,0.988,NaN,-0.39,0.154,0.908,0.032,0,0,0.624,3.978,6.373,0.89,0.3857265,0
177227,1.00000113830192e+18,63875741929189,0.032,1.44,-0.021,0.054,-0.023,0.003,0.998,NaN,-0.348,0.157,0.924,0,0,0,64.325,NaN,-0.241,0.163,0.957,-0.032,0,0,0.625,4.008,6.415,0.988,NaN,-0.39,0.154,0.908,0.032,0,0,0.624,3.978,6.373,0.891,0.3867125,0
177228,1.00000113830695e+18,63875741929200,0.032,1.44,-0.021,0.054,-0.023,0.003,0.998,NaN,-0.349,0.157,0.924,0,0,0,64.325,NaN,-0.242,0.163,0.956,-0.032,0,0,0.625,4.009,6.415,0.989,NaN,-0.39,0.155,0.908,0.032,0,0,0.624,3.978,6.373,0.891,0.3878447,0
177229,1.00000113831197e+18,63875741929200,0.032,1.44,-0.021,0.054,-0.023,0.003,0.998,NaN,-0.349,0.158,0.924,0,0,0,64.325,NaN,-0.242,0.163,0.956,-0.032,0,0,0.625,4.009,6.415,0.989,NaN,-0.39,0.155,0.908,0.032,0,0,0.624,3.978,6.373,0.891,0.3890983,0
177230,1.00000113831699e+18,63875741929211,0.032,1.44,-0.021,0.054,-0.023,0.003,0.998,NaN,-0.349,0.158,0.924,0,0,0,64.325,NaN,-0.243,0.164,0.956,-0.032,0,0,0.625,4.009,6.415,0.99,NaN,-0.39,0.155,0.907,0.032,0,0,0.624,3.978,6.373,0.891,0.3907601,0
177231,1.00000113832202e+18,63875741929211,0.032,1.44,-0.021,0.054,-0.023,0.003,0.998,NaN,-0.349,0.158,0.924,0,0,0,64.325,NaN,-0.244,0.164,0.956,-0.032,0,0,0.625,4.009,6.415,0.99,NaN,-0.39,0.155,0.907,0.032,0,0,0.624,3.979,6.373,0.892,0.392436,0.6776515
177232,1.00000113832704e+18,63875741929211,0.032,1.44,-0.021,0.054,-0.023,0.003,0.998,NaN,-0.35,0.158,0.923,0,0,0,64.325,NaN,-0.245,0.164,0.956,-0.032,0,0,0.625,4.008,6.415,0.991,NaN,-0.391,0.155,0.907,0.032,0,0,0.624,3.979,6.373,0.892,0.3937703,0.722482
177233,1.00000113833201e+18,63875741929224,0.032,1.44,-0.021,0.054,-0.023,0.003,0.998,NaN,-0.35,0.158,0.923,0,0,0,64.325,NaN,-0.245,0.164,0.956,-0.032,0,0,0.625,4.008,6.415,0.991,NaN,-0.391,0.156,0.907,0.032,0,0,0.624,3.979,6.373,0.893,0.3949375,0.745979
177234,1.00000113833703e+18,63875741929224,0.032,1.44,-0.021,0.054,-0.023,0.003,0.998,NaN,-0.35,0.158,0.923,0,0,0,64.325,NaN,-0.246,0.164,0.955,-0.032,0,0,0.625,4.008,6.415,0.992,NaN,-0.391,0.156,0.907,0.032,0,0,0.625,3.98,6.373,0.893,0.3959,0.7530207
177235,1.00000113834205e+18,63875741929235,0.032,1.44,-0.021,0.054,-0.023,0.003,0.998,NaN,-0.35,0.158,0.923,0,0,0,64.325,NaN,-0.246,0.164,0.955,-0.032,0,0,0.625,4.008,6.415,0.992,NaN,-0.391,0.156,0.907,0.032,0,0,0.625,3.981,6.373,0.894,0.3966327,0.7552308
177236,1.00000113834707e+18,63875741929235,0.032,1.44,-0.021,0.054,-0.023,0.003,0.998,NaN,-0.35,0.159,0.923,0,0,0,64.325,NaN,-0.247,0.164,0.955,-0.032,0,0,0.625,4.008,6.415,0.992,NaN,-0.391,0.156,0.907,0.032,0,0,0.625,3.981,6.373,0.894,0.3977241,0.7901577
177237,1.00000113835209e+18,63875741929245,0.032,1.44,-0.021,0.054,-0.023,0.003,0.998,NaN,-0.356,0.157,0.921,0,0,0,64.325,NaN,-0.253,0.166,0.953,-0.032,0,0,0.601,3.853,6.415,0.993,NaN,-0.391,0.154,0.907,0.032,0,0,0.625,3.982,6.373,0.895,0.4146558,0.1288071
177238,1.00000113835711e+18,63875741929245,0.032,1.44,-0.021,0.054,-0.023,0.003,0.998,NaN,-0.356,0.157,0.921,0,0,0,64.325,NaN,-0.254,0.166,0.953,-0.032,0,0,0.597,3.831,6.415,0.993,NaN,-0.391,0.155,0.907,0.032,0,0,0.625,3.983,6.373,0.895,0.4163982,0
177239,1.00000113836209e+18,63875741929256,0.032,1.44,-0.021,0.054,-0.023,0.003,0.998,NaN,-0.355,0.157,0.922,0,0,0,64.325,NaN,-0.254,0.166,0.953,-0.032,0,0,0.596,3.826,6.415,0.994,NaN,-0.391,0.155,0.907,0.032,0,0,0.625,3.984,6.373,0.896,0.4181868,0
177240,1.00000113836711e+18,63875741929256,0.032,1.44,-0.021,0.054,-0.023,0.003,0.998,NaN,-0.361,0.156,0.919,0,0,0,64.325,NaN,-0.263,0.168,0.95,-0.032,0,0,0.596,3.824,6.415,0.994,NaN,-0.392,0.154,0.907,0.032,0,0,0.625,3.985,6.373,0.896,0.4424355,0
177241,1.00000113837213e+18,63875741929268,0.032,1.44,-0.021,0.054,-0.023,0.003,0.998,NaN,-0.36,0.156,0.92,0,0,0,64.325,NaN,-0.262,0.167,0.95,-0.032,0,0,0.596,3.824,6.415,0.994,NaN,-0.392,0.154,0.907,0.032,0,0,0.626,3.987,6.373,0.897,0.4409308,0
177242,1.00000113837717e+18,63875741929268,0.032,1.44,-0.021,0.054,-0.023,0.003,0.998,NaN,-0.359,0.156,0.92,0,0,0,64.325,NaN,-0.262,0.167,0.951,-0.032,0,0,0.596,3.827,6.415,0.994,NaN,-0.392,0.154,0.907,0.032,0,0,0.626,3.988,6.373,0.897,0.4393377,0
177243,1.00000113838219e+18,63875741929268,0.032,1.44,-0.021,0.054,-0.023,0.003,0.998,NaN,-0.365,0.155,0.918,0,0,0,64.325,NaN,-0.269,0.169,0.948,-0.032,0,0,0.597,3.828,6.415,0.995,NaN,-0.392,0.154,0.907,0.032,0,0,0.626,3.989,6.373,0.898,0.4637827,0
177244,1.00000113838717e+18,63875741929278,0.032,1.44,-0.021,0.054,-0.023,0.003,0.998,NaN,-0.363,0.156,0.919,0,0,0,64.325,NaN,-0.268,0.168,0.949,-0.032,0,0,0.597,3.829,6.415,0.995,NaN,-0.392,0.154,0.907,0.032,0,0,0.626,3.99,6.373,0.898,0.4593742,0
177245,1.00000113839218e+18,63875741929278,0.032,1.44,-0.021,0.054,-0.023,0.003,0.998,NaN,-0.362,0.156,0.919,0,0,0,64.325,NaN,-0.267,0.168,0.949,-0.032,0,0,0.597,3.829,6.415,0.995,NaN,-0.392,0.154,0.907,0.032,0,0,0.626,3.991,6.373,0.898,0.4558454,0
177246,1.00000113839721e+18,63875741929290,0.032,1.44,-0.021,0.054,-0.023,0.003,0.998,NaN,-0.361,0.156,0.92,0,0,0,64.325,NaN,-0.267,0.168,0.949,-0.032,0,0,0.597,3.83,6.415,0.995,NaN,-0.392,0.154,0.907,0.032,0,0,0.627,3.993,6.373,0.898,0.4531375,0
177247,1.00000113840222e+18,63875741929290,0.032,1.44,-0.021,0.054,-0.023,0.003,0.998,NaN,-0.36,0.156,0.92,0,0,0,64.325,NaN,-0.266,0.168,0.949,-0.032,0,0,0.597,3.83,6.415,0.996,NaN,-0.392,0.154,0.907,0.032,0,0,0.627,3.994,6.373,0.899,0.4509026,0
177248,1.00000113840724e+18,63875741929300,0.032,1.44,-0.021,0.054,-0.023,0.003,0.998,NaN,-0.359,0.157,0.92,0,0,0,64.325,NaN,-0.265,0.167,0.949,-0.032,0,0,0.622,3.99,6.415,0.996,NaN,-0.392,0.154,0.907,0.032,0,0,0.627,3.996,6.373,0.899,0.4489214,0
177249,1.00000113841226e+18,63875741929300,0.032,1.44,-0.021,0.054,-0.023,0.003,0.998,NaN,-0.358,0.157,0.92,0,0,0,64.325,NaN,-0.265,0.167,0.95,-0.032,0,0,0.626,4.013,6.415,0.996,NaN,-0.392,0.155,0.907,0.032,0,0,0.627,3.997,6.373,0.899,0.4470882,0
177250,1.00000113841728e+18,63875741929311,0.032,1.44,-0.021,0.054,-0.023,0.004,0.998,NaN,-0.358,0.157,0.92,0,0,0,64.325,NaN,-0.265,0.167,0.95,-0.032,0,0,0.626,4.018,6.415,0.996,NaN,-0.393,0.155,0.907,0.032,0,0,0.627,3.999,6.373,0.899,0.4459196,0
177251,1.0000011384223e+18,63875741929311,0.032,1.44,-0.021,0.054,-0.023,0.004,0.998,NaN,-0.357,0.157,0.921,0,0,0,64.325,NaN,-0.264,0.167,0.95,-0.032,0,0,0.627,4.019,6.415,0.996,NaN,-0.393,0.155,0.907,0.032,0,0,0.628,4,6.373,0.899,0.444343,0
177252,1.00000113842724e+18,63875741929322,0.032,1.44,-0.021,0.054,-0.024,0.004,0.998,NaN,-0.357,0.158,0.921,0,0,0,64.325,NaN,-0.264,0.167,0.95,-0.032,0,0,0.627,4.02,6.415,0.996,NaN,-0.393,0.155,0.906,0.032,0,0,0.628,4.002,6.373,0.899,0.4428553,0
177253,1.00000113843225e+18,63875741929322,0.032,1.44,-0.021,0.054,-0.024,0.004,0.998,NaN,-0.355,0.158,0.921,0,0,0,64.325,NaN,-0.264,0.167,0.95,-0.032,0,0,0.627,4.02,6.415,0.997,NaN,-0.393,0.155,0.906,0.032,0,0,0.628,4.004,6.373,0.899,0.4412149,0
177254,1.00000113843728e+18,63875741929323,0.032,1.44,-0.021,0.054,-0.024,0.004,0.998,NaN,-0.353,0.158,0.922,0,0,0,64.325,NaN,-0.263,0.167,0.95,-0.032,0,0,0.627,4.02,6.415,0.997,NaN,-0.393,0.155,0.906,0.032,0,0,0.629,4.005,6.373,0.898,0.4393861,0
177255,1.00000113844229e+18,63875741929334,0.032,1.44,-0.021,0.055,-0.024,0.004,0.998,NaN,-0.351,0.158,0.923,0,0,0,64.325,NaN,-0.263,0.167,0.95,-0.032,0,0,0.627,4.02,6.415,0.996,NaN,-0.393,0.155,0.906,0.032,0,0,0.629,4.007,6.373,0.898,0.4373417,0
177256,1.00000113844731e+18,63875741929334,0.032,1.44,-0.021,0.055,-0.024,0.004,0.998,NaN,-0.349,0.158,0.924,0,0,0,64.325,NaN,-0.261,0.166,0.951,-0.032,0,0,0.625,4.007,6.415,0.995,NaN,-0.394,0.155,0.906,0.032,0,0,0.629,4.011,6.373,0.896,0.4312523,0
177257,1.00000113845234e+18,63875741929345,0.032,1.439,-0.021,0.055,-0.024,0.004,0.998,NaN,-0.348,0.157,0.924,0,0,0,64.325,NaN,-0.256,0.165,0.952,-0.032,0,0,0.614,3.94,6.415,0.995,NaN,-0.394,0.154,0.906,0.032,0,0,0.631,4.021,6.373,0.893,0.4142553,0
177258,1.00000113845735e+18,63875741929345,0.032,1.439,-0.021,0.055,-0.024,0.004,0.998,NaN,-0.351,0.157,0.923,0,0,0,64.325,NaN,-0.258,0.161,0.953,-0.032,0,0,0.57,3.66,6.415,0.993,NaN,-0.395,0.154,0.906,0.032,0,0,0.639,4.075,6.373,0.884,0.4173637,0
177259,1.00000113846238e+18,63875741929356,0.032,1.439,-0.021,0.055,-0.023,0.004,0.998,NaN,-0.353,0.157,0.922,0,0,0,64.325,NaN,-0.258,0.146,0.955,-0.032,0,0,0.543,3.485,6.415,0.986,NaN,-0.395,0.154,0.906,0.032,0,0,0.654,4.171,6.373,0.856,0.4128168,0
177260,1.00000113846739e+18,63875741929356,0.032,1.439,-0.021,0.055,-0.023,0.004,0.998,NaN,-0.353,0.157,0.922,0,0,0,64.325,NaN,-0.258,0.132,0.957,-0.032,0,0,0.545,3.497,6.415,0.982,NaN,-0.392,0.155,0.907,0.032,0,0,0.658,4.194,6.373,0.797,0.4058238,0
177261,1.00000113847238e+18,63875741929489,0.033,1.439,-0.021,0.055,-0.024,0.004,0.998,NaN,-0.343,0.155,0.926,0,0,0,64.325,NaN,-0.257,0.119,0.959,-0.032,0,0,0.553,3.55,6.415,0.969,NaN,-0.375,0.156,0.914,0.032,0,0,0.622,3.961,6.373,0.733,0.4368194,0
177262,1.00000113847739e+18,63875741929489,0.033,1.439,-0.021,0.055,-0.024,0.004,0.998,NaN,-0.345,0.119,0.931,0,0,0,64.325,NaN,NaN,NaN,NaN,NaN,NaN,NaN,NaN,-0.371,0.124,0.92,0.032,0,0,0.577,3.676,6.373,NaN,2,0,NaN,NaN,NaN,NaN
177263,1.00000113848236e+18,63875741929489,0.033,1.439,-0.021,0.055,-0.024,0.004,0.998,NaN,NaN,NaN,NaN,NaN,NaN,NaN,NaN,NaN,NaN,NaN,NaN,NaN,NaN,NaN,NaN,NaN,NaN,NaN,NaN,NaN,NaN,NaN,NaN,NaN,NaN,NaN,NaN,NaN,NaN,NaN,NaN
177264,1.00000113848738e+18,63875741929489,0.033,1.439,-0.021,0.055,-0.024,0.004,0.998,NaN,NaN,NaN,NaN,NaN,NaN,NaN,NaN,NaN,NaN,NaN,NaN,NaN,NaN,NaN,NaN,NaN,NaN,NaN,NaN,NaN,NaN,NaN,NaN,NaN,NaN,NaN,NaN,NaN,NaN,NaN,NaN
177265,1.00000113849241e+18,63875741929489,0.033,1.439,-0.021,0.055,-0.024,0.004,0.998,NaN,NaN,NaN,NaN,NaN,NaN,NaN,NaN,NaN,NaN,NaN,NaN,NaN,NaN,NaN,NaN,NaN,NaN,NaN,NaN,NaN,NaN,NaN,NaN,NaN,NaN,NaN,NaN,NaN,NaN,NaN,NaN
177266,1.00000113849744e+18,63875741929489,0.033,1.439,-0.021,0.055,-0.024,0.004,0.998,NaN,NaN,NaN,NaN,NaN,NaN,NaN,NaN,NaN,NaN,NaN,NaN,NaN,NaN,NaN,NaN,NaN,NaN,NaN,NaN,NaN,NaN,NaN,NaN,NaN,NaN,NaN,NaN,NaN,NaN,NaN,NaN
177267,1.00000113850246e+18,63875741929489,0.033,1.439,-0.021,0.055,-0.024,0.004,0.998,NaN,NaN,NaN,NaN,NaN,NaN,NaN,NaN,NaN,NaN,NaN,NaN,NaN,NaN,NaN,NaN,NaN,NaN,NaN,NaN,NaN,NaN,NaN,NaN,NaN,NaN,NaN,NaN,NaN,NaN,NaN,NaN
177268,1.00000113850748e+18,63875741929489,0.033,1.439,-0.021,0.055,-0.024,0.004,0.998,NaN,NaN,NaN,NaN,NaN,NaN,NaN,NaN,NaN,NaN,NaN,NaN,NaN,NaN,NaN,NaN,NaN,NaN,NaN,NaN,NaN,NaN,NaN,NaN,NaN,NaN,NaN,NaN,NaN,NaN,NaN,NaN
177269,1.00000113851251e+18,63875741929489,0.033,1.439,-0.021,0.055,-0.024,0.004,0.998,NaN,NaN,NaN,NaN,NaN,NaN,NaN,NaN,NaN,NaN,NaN,NaN,NaN,NaN,NaN,NaN,NaN,NaN,NaN,NaN,NaN,NaN,NaN,NaN,NaN,NaN,NaN,NaN,NaN,NaN,NaN,NaN
177270,1.00000113851754e+18,63875741929489,0.033,1.439,-0.021,0.055,-0.024,0.004,0.998,NaN,NaN,NaN,NaN,NaN,NaN,NaN,NaN,NaN,NaN,NaN,NaN,NaN,NaN,NaN,NaN,NaN,NaN,NaN,NaN,NaN,NaN,NaN,NaN,NaN,NaN,NaN,NaN,NaN,NaN,NaN,NaN
177271,1.00000113852256e+18,63875741929489,0.033,1.439,-0.021,0.055,-0.024,0.004,0.998,NaN,NaN,NaN,NaN,NaN,NaN,NaN,NaN,NaN,NaN,NaN,NaN,NaN,NaN,NaN,NaN,NaN,NaN,NaN,NaN,NaN,NaN,NaN,NaN,NaN,NaN,NaN,NaN,NaN,NaN,NaN,NaN
177272,1.0000011385275e+18,63875741929489,0.033,1.439,-0.021,0.055,-0.024,0.004,0.998,NaN,NaN,NaN,NaN,NaN,NaN,NaN,NaN,NaN,NaN,NaN,NaN,NaN,NaN,NaN,NaN,NaN,NaN,NaN,NaN,NaN,NaN,NaN,NaN,NaN,NaN,NaN,NaN,NaN,NaN,NaN,NaN
177273,1.00000113853251e+18,63875741929489,0.033,1.439,-0.021,0.055,-0.024,0.004,0.998,NaN,NaN,NaN,NaN,NaN,NaN,NaN,NaN,NaN,NaN,NaN,NaN,NaN,NaN,NaN,NaN,NaN,NaN,NaN,NaN,NaN,NaN,NaN,NaN,NaN,NaN,NaN,NaN,NaN,NaN,NaN,NaN
177274,1.00000113853751e+18,63875741929489,0.033,1.439,-0.021,0.055,-0.024,0.004,0.998,NaN,NaN,NaN,NaN,NaN,NaN,NaN,NaN,NaN,NaN,NaN,NaN,NaN,NaN,NaN,NaN,NaN,NaN,NaN,NaN,NaN,NaN,NaN,NaN,NaN,NaN,NaN,NaN,NaN,NaN,NaN,NaN
177275,1.00000113854253e+18,63875741929489,0.033,1.439,-0.021,0.055,-0.024,0.004,0.998,NaN,NaN,NaN,NaN,NaN,NaN,NaN,NaN,NaN,NaN,NaN,NaN,NaN,NaN,NaN,NaN,NaN,NaN,NaN,NaN,NaN,NaN,NaN,NaN,NaN,NaN,NaN,NaN,NaN,NaN,NaN,NaN
177276,1.00000113854755e+18,63875741929489,0.033,1.439,-0.021,0.055,-0.024,0.004,0.998,NaN,NaN,NaN,NaN,NaN,NaN,NaN,NaN,NaN,NaN,NaN,NaN,NaN,NaN,NaN,NaN,NaN,NaN,NaN,NaN,NaN,NaN,NaN,NaN,NaN,NaN,NaN,NaN,NaN,NaN,NaN,NaN
177277,1.00000113855257e+18,63875741929489,0.033,1.439,-0.021,0.055,-0.024,0.004,0.998,NaN,NaN,NaN,NaN,NaN,NaN,NaN,NaN,NaN,NaN,NaN,NaN,NaN,NaN,NaN,NaN,NaN,NaN,NaN,NaN,NaN,NaN,NaN,NaN,NaN,NaN,NaN,NaN,NaN,NaN,NaN,NaN
177278,1.00000113855759e+18,63875741929489,0.033,1.439,-0.021,0.055,-0.024,0.004,0.998,NaN,NaN,NaN,NaN,NaN,NaN,NaN,NaN,NaN,NaN,NaN,NaN,NaN,NaN,NaN,NaN,NaN,NaN,NaN,NaN,NaN,NaN,NaN,NaN,NaN,NaN,NaN,NaN,NaN,NaN,NaN,NaN
177279,1.0000011385626e+18,63875741929489,0.033,1.439,-0.021,0.055,-0.024,0.004,0.998,NaN,NaN,NaN,NaN,NaN,NaN,NaN,NaN,NaN,NaN,NaN,NaN,NaN,NaN,NaN,NaN,NaN,NaN,NaN,NaN,NaN,NaN,NaN,NaN,NaN,NaN,NaN,NaN,NaN,NaN,NaN,NaN
177280,1.00000113856762e+18,63875741929489,0.033,1.439,-0.021,0.055,-0.024,0.004,0.998,NaN,NaN,NaN,NaN,NaN,NaN,NaN,NaN,NaN,NaN,NaN,NaN,NaN,NaN,NaN,NaN,NaN,NaN,NaN,NaN,NaN,NaN,NaN,NaN,NaN,NaN,NaN,NaN,NaN,NaN,NaN,NaN
177281,1.00000113857264e+18,63875741929489,0.033,1.439,-0.021,0.055,-0.024,0.004,0.998,NaN,NaN,NaN,NaN,NaN,NaN,NaN,NaN,NaN,NaN,NaN,NaN,NaN,NaN,NaN,NaN,NaN,NaN,NaN,NaN,NaN,NaN,NaN,NaN,NaN,NaN,NaN,NaN,NaN,NaN,NaN,NaN
177282,1.00000113857765e+18,63875741929489,0.033,1.439,-0.021,0.055,-0.024,0.004,0.998,NaN,NaN,NaN,NaN,NaN,NaN,NaN,NaN,NaN,NaN,NaN,NaN,NaN,NaN,NaN,NaN,NaN,NaN,NaN,NaN,NaN,NaN,NaN,NaN,NaN,NaN,NaN,NaN,NaN,NaN,NaN,NaN
177283,1.00000113858267e+18,63875741929489,0.033,1.439,-0.021,0.055,-0.024,0.004,0.998,NaN,NaN,NaN,NaN,NaN,NaN,NaN,NaN,NaN,NaN,NaN,NaN,NaN,NaN,NaN,NaN,NaN,NaN,NaN,NaN,NaN,NaN,NaN,NaN,NaN,NaN,NaN,NaN,NaN,NaN,NaN,NaN
177284,1.00000113858766e+18,63875741929489,0.033,1.439,-0.021,0.055,-0.024,0.004,0.998,NaN,NaN,NaN,NaN,NaN,NaN,NaN,NaN,NaN,NaN,NaN,NaN,NaN,NaN,NaN,NaN,NaN,NaN,NaN,NaN,NaN,NaN,NaN,NaN,NaN,NaN,NaN,NaN,NaN,NaN,NaN,NaN
177285,1.00000113859264e+18,63875741929489,0.033,1.439,-0.021,0.055,-0.024,0.004,0.998,NaN,NaN,NaN,NaN,NaN,NaN,NaN,NaN,NaN,NaN,NaN,NaN,NaN,NaN,NaN,NaN,NaN,NaN,NaN,NaN,NaN,NaN,NaN,NaN,NaN,NaN,NaN,NaN,NaN,NaN,NaN,NaN
177286,1.00000113859765e+18,63875741929489,0.033,1.439,-0.021,0.055,-0.024,0.004,0.998,NaN,NaN,NaN,NaN,NaN,NaN,NaN,NaN,NaN,NaN,NaN,NaN,NaN,NaN,NaN,NaN,NaN,NaN,NaN,NaN,NaN,NaN,NaN,NaN,NaN,NaN,NaN,NaN,NaN,NaN,NaN,NaN
177287,1.00000113860267e+18,63875741929489,0.033,1.439,-0.021,0.055,-0.024,0.004,0.998,NaN,-0.158,0.032,0.987,0,0,0,64.325,NaN,NaN,NaN,NaN,NaN,NaN,NaN,NaN,-0.153,0.04,0.987,0.032,0,0,0.464,2.957,6.373,NaN,2,0,NaN,NaN,NaN,NaN
177288,1.00000113860768e+18,63875741929500,0.033,1.439,-0.021,0.055,-0.024,0.004,0.998,NaN,-0.001,0.046,0.999,0,0,0,64.325,NaN,NaN,NaN,NaN,NaN,NaN,NaN,NaN,0.011,0.051,0.999,0.032,0,0,0.593,3.78,6.373,NaN,2,0,NaN,NaN,NaN,NaN
177289,1.0000011386127e+18,63875741929500,0.033,1.439,-0.021,0.055,-0.024,0.004,0.998,NaN,0.08,0.053,0.995,0,0,0,64.325,NaN,NaN,NaN,NaN,NaN,NaN,NaN,NaN,0.089,0.057,0.994,0.032,0,0,0.598,3.813,6.373,NaN,2,0,NaN,NaN,NaN,NaN
177290,1.00000113861772e+18,63875741929511,0.033,1.439,-0.021,0.055,-0.024,0.004,0.998,NaN,0.15,0.054,0.987,0,0,0,64.325,NaN,0.26,0.044,0.965,-0.032,0,0,0.474,3.042,6.415,0.649,NaN,0.123,0.06,0.991,0.032,0,0,0.598,3.81,6.373,0.573,0.4442039,0
177291,1.00000113862273e+18,63875741929511,0.033,1.439,-0.021,0.055,-0.024,0.004,0.998,NaN,0.181,0.054,0.982,0,0,0,64.325,NaN,0.259,0.041,0.965,-0.032,0,0,0.474,3.043,6.415,0.655,NaN,0.139,0.062,0.988,0.032,0,0,0.597,3.803,6.373,0.586,0.4973272,0
177292,1.00000113862775e+18,63875741929521,0.033,1.439,-0.021,0.055,-0.024,0.004,0.998,NaN,0.207,0.058,0.977,0,0,0,64.325,NaN,-0.021,0.111,0.994,-0.032,0,0,0.476,3.053,6.415,0.66,NaN,0.159,0.062,0.985,0.032,0,0,0.585,3.725,6.373,0.605,2,0
177293,1.00000113863275e+18,63875741929521,0.033,1.439,-0.021,0.055,-0.024,0.004,0.998,NaN,0.218,0.061,0.974,0,0,0,64.325,NaN,0.141,0.1,0.985,-0.032,0,0,0,0,6.415,0.666,NaN,0.168,0.064,0.984,0.032,0,0,0,0,6.373,0.619,2,0
177294,1.00000113863772e+18,63875741929521,0.033,1.439,-0.021,0.055,-0.024,0.004,0.998,NaN,0.223,0.064,0.973,0,0,0,64.325,NaN,0.217,0.091,0.972,-0.032,0,0,0,0,6.415,0.676,NaN,0.172,0.067,0.983,0.032,0,0,0,0,6.373,0.634,2,0
177295,1.00000113864275e+18,63875741929533,0.033,1.439,-0.021,0.055,-0.024,0.004,0.998,NaN,0.225,0.066,0.972,0,0,0,64.325,NaN,0.25,0.083,0.965,-0.032,0,0,0,0,6.415,0.682,NaN,0.174,0.071,0.982,0.032,0,0,0,0,6.373,0.642,0.7843579,0
177296,1.00000113864776e+18,63875741929533,0.033,1.439,-0.021,0.055,-0.024,0.004,0.998,NaN,0.225,0.068,0.972,0,0,0,64.325,NaN,0.263,0.078,0.962,-0.032,0,0,0,0,6.415,0.684,NaN,0.175,0.075,0.982,0.032,0,0,0,0,6.373,0.65,0.6914421,0
177297,1.00000113865278e+18,63875741929545,0.033,1.44,-0.021,0.055,-0.024,0.004,0.998,NaN,0.225,0.071,0.972,0,0,0,64.325,NaN,0.269,0.075,0.96,-0.032,0,0,0,0,6.415,0.688,NaN,0.176,0.077,0.981,0.032,0,0,0,0,6.373,0.66,0.6583062,0
177298,1.00000113865787e+18,63875741929545,0.033,1.44,-0.021,0.055,-0.024,0.004,0.998,NaN,0.226,0.072,0.972,0,0,0,64.325,NaN,0.271,0.073,0.96,-0.032,0,0,0,0,6.415,0.694,NaN,0.177,0.079,0.981,0.032,0,0,0,0,6.373,0.674,0.6491115,0
177299,1.00000113866288e+18,63875741929555,0.033,1.44,-0.021,0.055,-0.024,0.004,0.998,NaN,0.225,0.074,0.972,0,0,0,64.325,NaN,0.269,0.071,0.96,-0.032,0,0,0,0,6.415,0.7,NaN,0.178,0.08,0.981,0.032,0,0,0,0,6.373,0.687,0.6677709,0
177300,1.0000011386679e+18,63875741929555,0.033,1.44,-0.021,0.055,-0.024,0.004,0.998,NaN,0.225,0.075,0.972,0,0,0,64.325,NaN,0.268,0.071,0.961,-0.032,0,0,0,0,6.415,0.706,NaN,0.18,0.082,0.98,0.032,0,0,0,0,6.373,0.698,0.6801348,0
177301,1.00000113867291e+18,63875741929567,0.032,1.44,-0.021,0.055,-0.024,0.004,0.998,NaN,0.226,0.076,0.971,0,0,0,64.325,NaN,0.27,0.073,0.96,-0.032,0,0,0,0,6.415,0.712,NaN,0.181,0.085,0.98,0.032,0,0,0,0,6.373,0.708,0.6728187,0
177302,1.00000113867793e+18,63875741929567,0.032,1.44,-0.021,0.055,-0.024,0.004,0.998,NaN,0.226,0.078,0.971,0,0,0,64.325,NaN,0.268,0.077,0.96,-0.032,0,0,0,0,6.415,0.719,NaN,0.182,0.092,0.979,0.032,0,0,0,0,6.373,0.717,0.6951196,0
177303,1.00000113868294e+18,63875741929578,0.032,1.44,-0.021,0.055,-0.024,0.004,0.998,NaN,0.226,0.083,0.971,0,0,0,64.325,NaN,0.268,0.082,0.96,-0.032,0,0,0,0,6.415,0.725,NaN,0.183,0.1,0.978,0.032,0,0,0,0,6.373,0.725,0.6914463,0
177304,1.00000113868796e+18,63875741929578,0.032,1.44,-0.021,0.055,-0.024,0.004,0.998,NaN,0.222,0.085,0.971,0,0,0,64.325,NaN,0.268,0.085,0.96,-0.032,0,0,0,0,6.415,0.731,NaN,0.175,0.098,0.98,0.032,0,0,0,0,6.373,0.732,0.6437212,0
177305,1.00000113869297e+18,63875741929578,0.032,1.44,-0.021,0.055,-0.024,0.004,0.998,NaN,0.219,0.087,0.972,0,0,0,64.325,NaN,0.268,0.087,0.959,-0.032,0,0,0,0,6.415,0.737,NaN,0.17,0.098,0.981,0.032,0,0,0,0,6.373,0.74,0.615298,0
177306,1.00000113869795e+18,63875741929589,0.032,1.44,-0.021,0.055,-0.024,0.004,0.998,NaN,0.218,0.088,0.972,0,0,0,64.325,NaN,0.268,0.089,0.959,-0.032,0,0,0,0,6.415,0.743,NaN,0.167,0.097,0.981,0.032,0,0,0,0,6.373,0.746,0.5978678,0
177307,1.0000011387029e+18,63875741929589,0.032,1.44,-0.021,0.055,-0.024,0.004,0.998,NaN,0.216,0.091,0.972,0,0,0,64.325,NaN,0.268,0.09,0.959,-0.032,0,0,0,0,6.415,0.749,NaN,0.165,0.096,0.982,0.032,0,0,0,0,6.373,0.753,0.5922737,0
177308,1.00000113870789e+18,63875741929600,0.032,1.44,-0.021,0.055,-0.024,0.004,0.998,NaN,0.216,0.094,0.972,0,0,0,64.325,NaN,0.269,0.092,0.959,-0.032,0,0,0,0,6.415,0.756,NaN,0.164,0.097,0.982,0.032,0,0,0,0,6.373,0.76,0.5803524,0
177309,1.00000113871291e+18,63875741929600,0.032,1.44,-0.021,0.055,-0.024,0.004,0.998,NaN,0.228,0.1,0.969,0,0,0,64.325,NaN,0.265,0.096,0.959,-0.032,0,0,0,0,6.415,0.763,NaN,0.163,0.097,0.982,0.032,0,0,0,0,6.373,0.766,0.5991457,0
177310,1.000001138718e+18,63875741929611,0.033,1.44,-0.021,0.055,-0.024,0.004,0.998,NaN,0.23,0.096,0.968,0,0,0,64.325,NaN,0.262,0.094,0.961,-0.032,0,0,0,0,6.415,0.77,NaN,0.178,0.095,0.979,0.032,0,0,0,0,6.373,0.774,0.7318718,0
177311,1.00000113872301e+18,63875741929611,0.033,1.44,-0.021,0.055,-0.024,0.004,0.998,NaN,0.232,0.094,0.968,0,0,0,64.325,NaN,0.258,0.094,0.961,-0.032,0,0,0,0,6.415,0.778,NaN,0.191,0.094,0.977,0.032,0,0,0,0,6.373,0.781,0.9044024,0
177312,1.00000113872802e+18,63875741929622,0.033,1.44,-0.021,0.054,-0.024,0.004,0.998,NaN,0.23,0.091,0.969,0,0,0,64.325,NaN,0.261,0.097,0.961,-0.032,0,0,0,0,6.415,0.786,NaN,0.202,0.089,0.975,0.032,0,0,0,0,6.373,0.788,1.001432,0
177313,1.00000113873304e+18,63875741929622,0.033,1.44,-0.021,0.054,-0.024,0.004,0.998,NaN,0.23,0.087,0.969,0,0,0,64.325,NaN,0.262,0.101,0.96,-0.032,0,0,0.535,3.431,6.415,0.795,NaN,0.21,0.082,0.974,0.032,0,0,0.555,3.534,6.373,0.795,1.026693,0
177314,1.00000113873801e+18,63875741929633,0.033,1.44,-0.021,0.054,-0.024,0.004,0.998,NaN,0.231,0.087,0.969,0,0,0,64.325,NaN,0.256,0.1,0.961,-0.032,0,0,0.535,3.431,6.415,0.804,NaN,0.217,0.083,0.973,0.032,0,0,0.59,3.759,6.373,0.803,2,0
177315,1.00000113874301e+18,63875741929633,0.033,1.44,-0.021,0.054,-0.024,0.004,0.998,NaN,0.232,0.088,0.969,0,0,0,64.325,NaN,0.252,0.1,0.962,-0.032,0,0,0.54,3.466,6.415,0.813,NaN,0.222,0.085,0.971,0.032,0,0,0.596,3.796,6.373,0.81,2,0
177316,1.00000113874803e+18,63875741929633,0.033,1.44,-0.021,0.054,-0.024,0.004,0.998,NaN,0.235,0.088,0.968,0,0,0,64.325,NaN,0.251,0.1,0.963,-0.032,0,0,0.556,3.568,6.415,0.821,NaN,0.229,0.085,0.97,0.032,0,0,0.597,3.807,6.373,0.817,2,0
177317,1.00000113875304e+18,63875741929645,0.033,1.44,-0.021,0.054,-0.024,0.004,0.998,NaN,0.239,0.088,0.967,0,0,0,64.325,NaN,0.251,0.1,0.963,-0.032,0,0,0.565,3.624,6.415,0.83,NaN,0.236,0.086,0.968,0.032,0,0,0.598,3.812,6.373,0.825,2,0
177318,1.00000113875805e+18,63875741929645,0.033,1.44,-0.021,0.054,-0.024,0.004,0.998,NaN,0.243,0.089,0.966,0,0,0,64.325,NaN,0.252,0.1,0.963,-0.032,0,0,0.604,3.876,6.415,0.838,NaN,0.242,0.086,0.966,0.032,0,0,0.599,3.816,6.373,0.832,2,0
177319,1.00000113876305e+18,63875741929655,0.033,1.439,-0.021,0.054,-0.023,0.004,0.998,NaN,0.252,0.088,0.964,0,0,0,64.325,NaN,0.252,0.109,0.962,-0.032,0,0,0.579,3.716,6.415,0.846,NaN,0.255,0.086,0.963,0.032,0,0,0.6,3.822,6.373,0.839,2,0
177320,1.00000113876806e+18,63875741929655,0.033,1.439,-0.021,0.054,-0.023,0.004,0.998,NaN,0.256,0.088,0.963,0,0,0,64.325,NaN,0.251,0.119,0.961,-0.032,0,0,0.579,3.712,6.415,0.853,NaN,0.259,0.086,0.962,0.032,0,0,0.602,3.838,6.373,0.846,2,0
177321,1.00000113877307e+18,63875741929666,0.033,1.439,-0.021,0.054,-0.023,0.004,0.998,NaN,0.258,0.089,0.962,0,0,0,64.325,NaN,0.251,0.129,0.959,-0.032,0,0,0.579,3.712,6.415,0.86,NaN,0.26,0.086,0.962,0.032,0,0,0.606,3.859,6.373,0.853,2,0
177322,1.00000113877808e+18,63875741929666,0.033,1.439,-0.021,0.054,-0.023,0.004,0.998,NaN,0.26,0.09,0.961,0,0,0,64.325,NaN,0.25,0.139,0.958,-0.032,0,0,0.589,3.777,6.415,0.867,NaN,0.262,0.088,0.961,0.032,0,0,0.609,3.881,6.373,0.859,2,0
177323,1.0000011387831e+18,63875741929677,0.032,1.439,-0.021,0.054,-0.023,0.004,0.998,NaN,0.257,0.097,0.962,0,0,0,64.325,NaN,0.249,0.141,0.958,-0.032,0,0,0.593,3.807,6.415,0.874,NaN,0.257,0.095,0.962,0.032,0,0,0.613,3.904,6.373,0.866,2,0
177324,1.00000113878814e+18,63875741929678,0.032,1.439,-0.021,0.054,-0.023,0.004,0.998,NaN,0.254,0.106,0.961,0,0,0,64.325,NaN,0.249,0.143,0.958,-0.032,0,0,0.605,3.881,6.415,0.881,NaN,0.255,0.105,0.961,0.032,0,0,0.616,3.925,6.373,0.872,2,0
177325,1.00000113879315e+18,63875741929678,0.032,1.439,-0.021,0.054,-0.023,0.004,0.998,NaN,0.253,0.116,0.96,0,0,0,64.325,NaN,0.249,0.146,0.958,-0.032,0,0,0.607,3.895,6.415,0.888,NaN,0.253,0.115,0.961,0.032,0,0,0.619,3.944,6.373,0.877,2,0
177326,1.00000113879815e+18,63875741929690,0.032,1.439,-0.021,0.054,-0.023,0.004,0.998,NaN,0.253,0.125,0.959,0,0,0,64.325,NaN,0.249,0.148,0.957,-0.032,0,0,0.607,3.895,6.415,0.895,NaN,0.253,0.125,0.959,0.032,0,0,0.622,3.964,6.373,0.883,2,0
177327,1.00000113880317e+18,63875741929690,0.032,1.439,-0.021,0.054,-0.023,0.004,0.998,NaN,0.253,0.134,0.958,0,0,0,64.325,NaN,0.249,0.151,0.957,-0.032,0,0,0.64,4.104,6.415,0.9,NaN,0.253,0.133,0.958,0.032,0,0,0.625,3.984,6.373,0.888,2,0
177328,1.00000113880817e+18,63875741929700,0.032,1.44,-0.021,0.054,-0.023,0.004,0.998,NaN,0.254,0.141,0.957,0,0,0,64.325,NaN,0.25,0.154,0.956,-0.032,0,0,0.64,4.103,6.415,0.906,NaN,0.254,0.141,0.957,0.032,0,0,0.628,4.005,6.373,0.893,2,0
177329,1.00000113881317e+18,63875741929700,0.032,1.44,-0.021,0.054,-0.023,0.004,0.998,NaN,0.254,0.149,0.956,0,0,0,64.325,NaN,0.251,0.157,0.955,-0.032,0,0,0.637,4.09,6.415,0.911,NaN,0.254,0.149,0.956,0.032,0,0,0.632,4.027,6.373,0.898,2,0
177330,1.00000113881817e+18,63875741929711,0.032,1.44,-0.021,0.054,-0.023,0.004,0.998,NaN,0.253,0.148,0.956,0,0,0,64.325,NaN,0.25,0.155,0.956,-0.032,0,0,0.636,4.08,6.415,0.915,NaN,0.253,0.149,0.956,0.032,0,0,0.629,4.008,6.373,0.902,2,0
177331,1.00000113882324e+18,63875741929711,0.032,1.44,-0.021,0.054,-0.023,0.004,0.998,NaN,0.255,0.142,0.956,0,0,0,64.325,NaN,0.25,0.159,0.955,-0.032,0,0,0.601,3.856,6.415,0.92,NaN,0.256,0.142,0.956,0.032,0,0,0.626,3.987,6.373,0.907,2,0
177332,1.00000113882825e+18,63875741929722,0.032,1.44,-0.021,0.054,-0.023,0.004,0.998,NaN,0.258,0.137,0.957,0,0,0,64.325,NaN,0.249,0.161,0.955,-0.032,0,0,0.598,3.833,6.415,0.924,NaN,0.259,0.136,0.956,0.032,0,0,0.624,3.975,6.373,0.911,2,0
177333,1.00000113883325e+18,63875741929722,0.032,1.44,-0.021,0.054,-0.023,0.004,0.998,NaN,0.259,0.133,0.957,0,0,0,64.325,NaN,0.249,0.163,0.955,-0.032,0,0,0.597,3.831,6.415,0.921,NaN,0.26,0.133,0.956,0.032,0,0,0.623,3.967,6.373,0.915,2,0
177334,1.00000113883826e+18,63875741929733,0.032,1.44,-0.021,0.054,-0.023,0.004,0.998,NaN,0.258,0.133,0.957,0,0,0,64.325,NaN,0.249,0.158,0.956,-0.032,0,0,0.597,3.83,6.415,0.919,NaN,0.258,0.133,0.957,0.032,0,0,0.622,3.963,6.373,0.916,2,0
177335,1.00000113884328e+18,63875741929733,0.032,1.44,-0.021,0.054,-0.023,0.004,0.998,NaN,0.257,0.133,0.957,0,0,0,64.325,NaN,0.249,0.155,0.956,-0.032,0,0,0.597,3.83,6.415,0.918,NaN,0.257,0.133,0.957,0.032,0,0,0.621,3.959,6.373,0.917,2,0
177336,1.00000113884828e+18,63875741929733,0.032,1.44,-0.021,0.054,-0.023,0.004,0.998,NaN,0.256,0.133,0.958,0,0,0,64.325,NaN,0.249,0.152,0.956,-0.032,0,0,0.597,3.831,6.415,0.917,NaN,0.256,0.133,0.958,0.032,0,0,0.621,3.955,6.373,0.918,2,0
177337,1.00000113885328e+18,63875741929744,0.032,1.44,-0.021,0.054,-0.023,0.004,0.998,NaN,0.255,0.133,0.958,0,0,0,64.325,NaN,0.249,0.151,0.957,-0.032,0,0,0.598,3.838,6.415,0.917,NaN,0.255,0.133,0.958,0.032,0,0,0.62,3.953,6.373,0.919,2,0
177338,1.00000113885831e+18,63875741929744,0.032,1.44,-0.021,0.054,-0.023,0.004,0.998,NaN,0.256,0.132,0.958,0,0,0,64.325,NaN,0.25,0.149,0.957,-0.032,0,0,0.635,4.074,6.415,0.916,NaN,0.256,0.132,0.958,0.032,0,0,0.62,3.95,6.373,0.92,2,0
177339,1.00000113886331e+18,63875741929755,0.032,1.44,-0.021,0.054,-0.023,0.004,0.998,NaN,0.255,0.135,0.957,0,0,0,64.325,NaN,0.25,0.15,0.957,-0.032,0,0,0.639,4.097,6.415,0.915,NaN,0.255,0.135,0.957,0.032,0,0,0.619,3.947,6.373,0.921,2,0
177340,1.00000113886831e+18,63875741929755,0.032,1.44,-0.021,0.054,-0.023,0.004,0.998,NaN,0.255,0.138,0.957,0,0,0,64.325,NaN,0.25,0.151,0.957,-0.032,0,0,0.64,4.106,6.415,0.915,NaN,0.254,0.139,0.957,0.032,0,0,0.618,3.941,6.373,0.922,2,0
177341,1.00000113887331e+18,63875741929767,0.032,1.44,-0.021,0.054,-0.023,0.004,0.998,NaN,0.254,0.141,0.957,0,0,0,64.325,NaN,0.25,0.151,0.956,-0.032,0,0,0.64,4.108,6.415,0.915,NaN,0.254,0.141,0.957,0.032,0,0,0.618,3.937,6.373,0.923,2,0
177342,1.00000113887831e+18,63875741929767,0.032,1.44,-0.021,0.054,-0.023,0.004,0.998,NaN,0.254,0.143,0.957,0,0,0,64.325,NaN,0.25,0.151,0.956,-0.032,0,0,0.641,4.109,6.415,0.915,NaN,0.254,0.143,0.957,0.032,0,0,0.617,3.935,6.373,0.924,2,0
177343,1.00000113888336e+18,63875741929777,0.032,1.44,-0.021,0.054,-0.024,0.004,0.998,NaN,0.254,0.145,0.956,0,0,0,64.325,NaN,0.25,0.152,0.956,-0.032,0,0,0.64,4.108,6.415,0.914,NaN,0.253,0.146,0.956,0.032,0,0,0.617,3.935,6.373,0.925,2,0
177344,1.00000113888836e+18,63875741929777,0.032,1.44,-0.021,0.054,-0.024,0.004,0.998,NaN,0.253,0.148,0.956,0,0,0,64.325,NaN,0.249,0.152,0.956,-0.032,0,0,0.64,4.107,6.415,0.914,NaN,0.253,0.148,0.956,0.032,0,0,0.617,3.934,6.373,0.926,2,0
177345,1.00000113889338e+18,63875741929777,0.032,1.44,-0.021,0.054,-0.024,0.004,0.998,NaN,0.253,0.15,0.956,0,0,0,64.325,NaN,0.249,0.153,0.956,-0.032,0,0,0.642,4.116,6.415,0.914,NaN,0.252,0.151,0.956,0.032,0,0,0.617,3.933,6.373,0.927,2,0
177346,1.00000113889838e+18,63875741929790,0.032,1.44,-0.022,0.054,-0.023,0.004,0.998,NaN,0.252,0.152,0.956,0,0,0,64.325,NaN,0.249,0.154,0.956,-0.032,0,0,0.642,4.116,6.415,0.914,NaN,0.252,0.152,0.956,0.032,0,0,0.617,3.933,6.373,0.928,2,0
177347,1.0000011389034e+18,63875741929790,0.032,1.44,-0.022,0.054,-0.023,0.004,0.998,NaN,0.252,0.153,0.956,0,0,0,64.325,NaN,0.249,0.154,0.956,-0.032,0,0,0.642,4.116,6.415,0.915,NaN,0.252,0.153,0.956,0.032,0,0,0.617,3.932,6.373,0.929,2,0
177348,1.0000011389084e+18,63875741929800,0.032,1.44,-0.022,0.054,-0.024,0.004,0.998,NaN,0.252,0.154,0.956,0,0,0,64.325,NaN,0.249,0.155,0.956,-0.032,0,0,0.642,4.116,6.415,0.915,NaN,0.251,0.154,0.956,0.032,0,0,0.617,3.931,6.373,0.93,2,0
177349,1.00000113891341e+18,63875741929812,0.032,1.44,-0.022,0.054,-0.024,0.004,0.998,NaN,0.251,0.155,0.955,0,0,0,64.325,NaN,0.249,0.155,0.956,-0.032,0,0,0.644,4.13,6.415,0.915,NaN,0.251,0.155,0.955,0.032,0,0,0.617,3.931,6.373,0.931,2,0
177350,1.00000113891841e+18,63875741929812,0.032,1.44,-0.022,0.054,-0.024,0.004,0.998,NaN,0.25,0.156,0.955,0,0,0,64.325,NaN,0.248,0.156,0.956,-0.032,0,0,0.645,4.137,6.415,0.915,NaN,0.25,0.156,0.955,0.032,0,0,0.617,3.931,6.373,0.932,2,0
177351,1.00000113892345e+18,63875741929812,0.032,1.44,-0.022,0.054,-0.024,0.004,0.998,NaN,0.25,0.157,0.955,0,0,0,64.325,NaN,0.248,0.157,0.956,-0.032,0,0,0.645,4.139,6.415,0.915,NaN,0.25,0.157,0.955,0.032,0,0,0.617,3.93,6.373,0.933,2,0
177352,1.00000113892846e+18,63875741929822,0.032,1.44,-0.022,0.054,-0.024,0.004,0.998,NaN,0.249,0.159,0.955,0,0,0,64.325,NaN,0.247,0.158,0.956,-0.032,0,0,0.646,4.141,6.415,0.915,NaN,0.249,0.159,0.955,0.032,0,0,0.617,3.93,6.373,0.934,2,0
177353,1.00000113893346e+18,63875741929822,0.032,1.44,-0.022,0.054,-0.024,0.004,0.998,NaN,0.248,0.159,0.956,0,0,0,64.325,NaN,0.247,0.158,0.956,-0.032,0,0,0.646,4.141,6.415,0.915,NaN,0.248,0.16,0.955,0.032,0,0,0.617,3.93,6.373,0.935,2,0
177354,1.00000113893847e+18,63875741929834,0.032,1.44,-0.022,0.053,-0.024,0.004,0.998,NaN,0.235,0.179,0.955,0,0,0,64.325,NaN,0.236,0.175,0.956,-0.032,0,0,0.646,4.141,6.415,0.916,NaN,0.238,0.158,0.958,0.032,0,0,0.583,3.718,6.373,0.935,2,0
177355,1.00000113894351e+18,63875741929834,0.032,1.44,-0.022,0.053,-0.024,0.004,0.998,NaN,0.236,0.177,0.956,0,0,0,64.325,NaN,0.236,0.174,0.956,-0.032,0,0,0.645,4.141,6.415,0.916,NaN,0.238,0.159,0.958,0.032,0,0,0.579,3.693,6.373,0.936,2,0
177356,1.00000113894852e+18,63875741929834,0.032,1.44,-0.022,0.053,-0.024,0.004,0.998,NaN,0.236,0.174,0.956,0,0,0,64.325,NaN,0.236,0.172,0.956,-0.032,0,0,0.645,4.141,6.415,0.916,NaN,0.238,0.16,0.958,0.032,0,0,0.579,3.687,6.373,0.937,2,0
177357,1.00000113895353e+18,63875741929845,0.032,1.44,-0.022,0.054,-0.024,0.004,0.998,NaN,0.237,0.173,0.956,0,0,0,64.325,NaN,0.237,0.171,0.956,-0.032,0,0,0.645,4.14,6.415,0.916,NaN,0.238,0.16,0.958,0.032,0,0,0.578,3.686,6.373,0.938,2,0
177358,1.00000113895857e+18,63875741929845,0.032,1.44,-0.022,0.054,-0.024,0.004,0.998,NaN,0.237,0.171,0.956,0,0,0,64.325,NaN,0.237,0.17,0.957,-0.032,0,0,0.645,4.14,6.415,0.917,NaN,0.238,0.161,0.958,0.032,0,0,0.578,3.685,6.373,0.938,2,0
177359,1.00000113896358e+18,63875741929855,0.033,1.44,-0.022,0.054,-0.024,0.004,0.998,NaN,0.237,0.17,0.956,0,0,0,64.325,NaN,0.237,0.169,0.957,-0.032,0,0,0.647,4.148,6.415,0.917,NaN,0.238,0.161,0.958,0.032,0,0,0.611,3.895,6.373,0.939,2,0
177360,1.00000113896859e+18,63875741929855,0.033,1.44,-0.022,0.054,-0.024,0.004,0.998,NaN,0.237,0.17,0.957,0,0,0,64.325,NaN,0.237,0.169,0.957,-0.032,0,0,0.647,4.153,6.415,0.917,NaN,0.238,0.161,0.958,0.032,0,0,0.615,3.92,6.373,0.939,2,0
177361,1.0000011389736e+18,63875741929866,0.033,1.44,-0.022,0.054,-0.024,0.004,0.998,NaN,0.237,0.169,0.957,0,0,0,64.325,NaN,0.237,0.168,0.957,-0.032,0,0,0.648,4.155,6.415,0.917,NaN,0.238,0.162,0.958,0.032,0,0,0.616,3.925,6.373,0.939,2,0
177362,1.0000011389786e+18,63875741929866,0.033,1.44,-0.022,0.054,-0.024,0.004,0.998,NaN,0.237,0.169,0.957,0,0,0,64.325,NaN,0.237,0.168,0.957,-0.032,0,0,0.648,4.155,6.415,0.917,NaN,0.238,0.162,0.958,0.032,0,0,0.616,3.926,6.373,0.94,2,0
177363,1.00000113898357e+18,63875741929877,0.033,1.44,-0.022,0.053,-0.024,0.003,0.998,NaN,0.237,0.168,0.957,0,0,0,64.325,NaN,0.237,0.168,0.957,-0.032,0,0,0.647,4.151,6.415,0.918,NaN,0.238,0.162,0.958,0.032,0,0,0.616,3.927,6.373,0.94,2,0
177364,1.00000113898858e+18,63875741929877,0.033,1.44,-0.022,0.053,-0.024,0.003,0.998,NaN,0.237,0.168,0.957,0,0,0,64.325,NaN,0.237,0.167,0.957,-0.032,0,0,0.647,4.148,6.415,0.918,NaN,0.238,0.162,0.958,0.032,0,0,0.616,3.927,6.373,0.94,2,0
177365,1.00000113899364e+18,63875741929889,0.033,1.44,-0.022,0.053,-0.024,0.003,0.998,NaN,0.237,0.167,0.957,0,0,0,64.325,NaN,0.237,0.167,0.957,-0.032,0,0,0.646,4.141,6.415,0.918,NaN,0.238,0.162,0.958,0.032,0,0,0.616,3.927,6.373,0.94,2,0
