Frame,CaptureTime,LogTime,HMDPositionX,HMDPositionY,HMDPositionz,HMDRotationX,HMDRotationY,HMDRotationZ,HMDRotationHuh,GazeStatus,CombinedGazeForwardX,CombinedGazeForwardY,CombinedGazeForwardZ,CombinedGazePositionX,CombinedGazePositionY,CombinedGazePositionZ,InterPupillaryDistanceInMM,LeftEyeStatus,LeftEyeForwardX,LeftEyeForwardY,LeftEyeForwardZ,LeftEyePositionX,LeftEyePositionY,LeftEyePositionZ,LeftPupilIrisDiameterRatio,LeftPupilDiameterInMM,LeftIrisDiameterInMM,left Eye Openness,RightEyeStatus,RightEyeForwardX,RightEyeForwardY,RightEyeForwardZ,RightEyePositionX,RightEyePositionY,RightEyePositionZ,RightPupilIrisDiameterRatio,RightPupilDiameterInMM,RightIrisDiameterInMM,Right Eye Openness,FocusDistance,FocusStability
175365,1000001128969124600,63875741920341,(0.033, 1.439, -0.018),(0.056, -0.022, -0.008, 0.998),VALID,(0.090, 0.236, 0.968),(0.000, 0.000, 0.000),64.325,VALID,(0.133, 0.187, 0.973),(-0.032, 0.000, 0.000),0.660,4.231,6.415,0.917,VALID,(0.089, 0.236, 0.968),(0.032, 0.000, 0.000),0.710,4.527,6.373,0.913,0.6361062,0.3482583
175366,1000001128974137600,63875741920341,(0.033, 1.439, -0.018),(0.056, -0.022, -0.008, 0.998),VALID,(0.090, 0.236, 0.968),(0.000, 0.000, 0.000),64.325,VALID,(0.133, 0.186, 0.974),(-0.032, 0.000, 0.000),0.659,4.231,6.415,0.917,VALID,(0.089, 0.236, 0.968),(0.032, 0.000, 0.000),0.712,4.539,6.373,0.913,0.6294022,0.3139404
175367,1000001128979147600,63875741920341,(0.033, 1.439, -0.018),(0.056, -0.022, -0.008, 0.998),VALID,(0.090, 0.235, 0.968),(0.000, 0.000, 0.000),64.325,VALID,(0.131, 0.188, 0.973),(-0.032, 0.000, 0.000),0.659,4.230,6.415,0.916,VALID,(0.090, 0.236, 0.968),(0.032, 0.000, 0.000),0.715,4.558,6.373,0.912,0.6603686,0.2631154
175368,1000001128984159100,63875741920341,(0.033, 1.439, -0.018),(0.056, -0.022, -0.008, 0.998),VALID,(0.090, 0.235, 0.968),(0.000, 0.000, 0.000),64.325,VALID,(0.128, 0.192, 0.973),(-0.032, 0.000, 0.000),0.659,4.230,6.415,0.915,VALID,(0.090, 0.236, 0.968),(0.032, 0.000, 0.000),0.717,4.568,6.373,0.912,0.729781,0.250058
175369,1000001128989208600,63875741920341,(0.033, 1.439, -0.018),(0.056, -0.022, -0.008, 0.998),VALID,(0.090, 0.235, 0.968),(0.000, 0.000, 0.000),64.325,VALID,(0.124, 0.197, 0.973),(-0.032, 0.000, 0.000),0.659,4.230,6.415,0.913,VALID,(0.090, 0.235, 0.968),(0.032, 0.000, 0.000),0.717,4.572,6.373,0.910,2,0.2170381
175370,1000001128994225300,63875741920341,(0.033, 1.439, -0.018),(0.056, -0.022, -0.008, 0.998),VALID,(0.091, 0.235, 0.968),(0.000, 0.000, 0.000),64.325,VALID,(0.124, 0.203, 0.971),(-0.032, 0.000, 0.000),0.659,4.229,6.415,0.910,VALID,(0.090, 0.235, 0.968),(0.032, 0.000, 0.000),0.718,4.573,6.373,0.908,2,0.006211054
175371,1000001128999241400,63875741920341,(0.033, 1.439, -0.018),(0.056, -0.022, -0.008, 0.998),VALID,(0.091, 0.234, 0.968),(0.000, 0.000, 0.000),64.325,VALID,(0.124, 0.199, 0.972),(-0.032, 0.000, 0.000),0.659,4.226,6.415,0.906,VALID,(0.089, 0.234, 0.968),(0.032, 0.000, 0.000),0.718,4.573,6.373,0.903,2,0
175372,1000001129004257800,63875741920341,(0.033, 1.439, -0.018),(0.056, -0.022, -0.008, 0.998),VALID,(0.091, 0.232, 0.968),(0.000, 0.000, 0.000),64.325,VALID,(0.125, 0.197, 0.972),(-0.032, 0.000, 0.000),0.655,4.199,6.415,0.898,VALID,(0.089, 0.233, 0.969),(0.032, 0.000, 0.000),0.717,4.572,6.373,0.895,2,0
175373,1000001129009281900,63875741920341,(0.033, 1.439, -0.018),(0.056, -0.022, -0.008, 0.998),VALID,(0.090, 0.231, 0.969),(0.000, 0.000, 0.000),64.325,VALID,(0.125, 0.195, 0.973),(-0.032, 0.000, 0.000),0.650,4.170,6.415,0.887,VALID,(0.089, 0.231, 0.969),(0.032, 0.000, 0.000),0.717,4.571,6.373,0.884,2,0
175374,1000001129014312800,63875741920341,(0.033, 1.439, -0.018),(0.056, -0.022, -0.008, 0.998),VALID,(0.090, 0.226, 0.970),(0.000, 0.000, 0.000),64.325,VALID,(0.126, 0.192, 0.973),(-0.032, 0.000, 0.000),0.638,4.091,6.415,0.872,VALID,(0.089, 0.226, 0.970),(0.032, 0.000, 0.000),0.715,4.559,6.373,0.868,2,0
175375,1000001129019329200,63875741920341,(0.033, 1.439, -0.018),(0.056, -0.022, -0.008, 0.998),VALID,(0.091, 0.222, 0.971),(0.000, 0.000, 0.000),64.325,VALID,(0.126, 0.187, 0.974),(-0.032, 0.000, 0.000),0.629,4.038,6.415,0.863,VALID,(0.090, 0.222, 0.971),(0.032, 0.000, 0.000),0.693,4.415,6.373,0.848,2,0
175376,1000001129024346300,63875741920341,(0.033, 1.439, -0.018),(0.056, -0.022, -0.008, 0.998),VALID,(0.095, 0.209, 0.973),(0.000, 0.000, 0.000),64.325,VALID,(0.128, 0.183, 0.975),(-0.032, 0.000, 0.000),0.616,3.949,6.415,0.849,VALID,(0.091, 0.209, 0.974),(0.032, 0.000, 0.000),0.688,4.386,6.373,0.827,2,0
175377,1000001129029362700,63875741920341,(0.033, 1.439, -0.018),(0.056, -0.022, -0.008, 0.998),VALID,(0.099, 0.191, 0.977),(0.000, 0.000, 0.000),64.325,VALID,(0.130, 0.166, 0.977),(-0.032, 0.000, 0.000),0.000,0.000,6.415,0.829,VALID,(0.091, 0.200, 0.976),(0.032, 0.000, 0.000),0.000,0.000,6.373,0.802,2,0
175378,1000001129034316000,63875741920341,(0.033, 1.439, -0.018),(0.056, -0.022, -0.008, 0.998),VALID,(0.103, 0.170, 0.980),(0.000, 0.000, 0.000),64.325,VALID,(0.134, 0.147, 0.980),(-0.032, 0.000, 0.000),0.000,0.000,6.415,0.802,VALID,(0.091, 0.187, 0.978),(0.032, 0.000, 0.000),0.000,0.000,6.373,0.771,0.8005014,0
175379,1000001129039320300,63875741920341,(0.033, 1.439, -0.018),(0.056, -0.022, -0.008, 0.998),VALID,(0.118, 0.135, 0.984),(0.000, 0.000, 0.000),64.325,VALID,(0.140, 0.123, 0.983),(-0.032, 0.000, 0.000),0.000,0.000,6.415,0.772,INVALID,,,,,,0.732,2,0
175380,1000001129044347900,63875741920342,(0.033, 1.439, -0.018),(0.056, -0.022, -0.008, 0.998),VALID,(0.134, 0.097, 0.986),(0.000, 0.000, 0.000),64.325,VALID,(0.148, 0.094, 0.985),(-0.032, 0.000, 0.000),0.000,0.000,6.415,0.740,INVALID,,,,,,0.695,2,0
175381,1000001129049390900,63875741920342,(0.033, 1.439, -0.018),(0.056, -0.022, -0.008, 0.998),VALID,(0.146, 0.070, 0.987),(0.000, 0.000, 0.000),64.325,VALID,(0.154, 0.070, 0.986),(-0.032, 0.000, 0.000),0.000,0.000,6.415,0.707,INVALID,,,,,,0.656,2,0
175382,1000001129054412900,63875741920342,(0.033, 1.439, -0.018),(0.056, -0.022, -0.008, 0.998),VALID,(0.152, 0.043, 0.987),(0.000, 0.000, 0.000),64.325,VALID,(0.157, 0.046, 0.987),(-0.032, 0.000, 0.000),0.000,0.000,6.415,0.672,INVALID,,,,,,0.616,2,0
175383,1000001129059434900,63875741920342,(0.033, 1.439, -0.018),(0.056, -0.022, -0.008, 0.998),INVALID,,,,INVALID,,,,,,,INVALID,,,,,,,,
175384,1000001129064451300,63875741920342,(0.033, 1.439, -0.018),(0.056, -0.022, -0.008, 0.998),INVALID,,,,INVALID,,,,,,,INVALID,,,,,,,,
175385,1000001129069473300,63875741920342,(0.033, 1.439, -0.018),(0.056, -0.022, -0.008, 0.998),INVALID,,,,INVALID,,,,,,,INVALID,,,,,,,,
175386,1000001129074495300,63875741920342,(0.033, 1.439, -0.018),(0.056, -0.022, -0.008, 0.998),INVALID,,,,INVALID,,,,,,,INVALID,,,,,,,,
175387,1000001129079517300,63875741920342,(0.033, 1.439, -0.018),(0.056, -0.022, -0.008, 0.998),INVALID,,,,INVALID,,,,,,,INVALID,,,,,,,,
175388,1000001129084539300,63875741920342,(0.033, 1.439, -0.018),(0.056, -0.022, -0.008, 0.998),INVALID,,,,INVALID,,,,,,,INVALID,,,,,,,,
175389,1000001129089480500,63875741920342,(0.033, 1.439, -0.018),(0.056, -0.022, -0.008, 0.998),INVALID,,,,INVALID,,,,,,,INVALID,,,,,,,,
175390,1000001129094483400,63875741920342,(0.033, 1.439, -0.018),(0.056, -0.022, -0.008, 0.998),INVALID,,,,INVALID,,,,,,,INVALID,,,,,,,,
175391,1000001129099460200,63875741920342,(0.033, 1.439, -0.018),(0.056, -0.022, -0.008, 0.998),INVALID,,,,INVALID,,,,,,,INVALID,,,,,,,,
175392,1000001129104467500,63875741920342,(0.033, 1.439, -0.018),(0.056, -0.022, -0.008, 0.998),INVALID,,,,INVALID,,,,,,,INVALID,,,,,,,,
175393,1000001129109483900,63875741920342,(0.033, 1.439, -0.018),(0.056, -0.022, -0.008, 0.998),INVALID,,,,INVALID,,,,,,,INVALID,,,,,,,,
175394,1000001129114533200,63875741920342,(0.033, 1.439, -0.018),(0.056, -0.022, -0.008, 0.998),INVALID,,,,INVALID,,,,,,,INVALID,,,,,,,,
175395,1000001129119540500,63875741920342,(0.033, 1.439, -0.018),(0.056, -0.022, -0.008, 0.998),INVALID,,,,INVALID,,,,,,,INVALID,,,,,,,,
175396,1000001129124562500,63875741920342,(0.033, 1.439, -0.018),(0.056, -0.022, -0.008, 0.998),INVALID,,,,INVALID,,,,,,,INVALID,,,,,,,,
175397,1000001129129569800,63875741920342,(0.033, 1.439, -0.018),(0.056, -0.022, -0.008, 0.998),INVALID,,,,INVALID,,,,,,,INVALID,,,,,,,,
175398,1000001129134577100,63875741920342,(0.033, 1.439, -0.018),(0.056, -0.022, -0.008, 0.998),INVALID,,,,INVALID,,,,,,,INVALID,,,,,,,,
175399,1000001129139581100,63875741920342,(0.033, 1.439, -0.018),(0.056, -0.022, -0.008, 0.998),INVALID,,,,INVALID,,,,,,,INVALID,,,,,,,,
175400,1000001129144588400,63875741920342,(0.033, 1.439, -0.018),(0.056, -0.022, -0.008, 0.998),INVALID,,,,INVALID,,,,,,,INVALID,,,,,,,,
175401,1000001129149589500,63875741920342,(0.033, 1.439, -0.018),(0.056, -0.022, -0.008, 0.998),INVALID,,,,INVALID,,,,,,,INVALID,,,,,,,,
175402,1000001129154596800,63875741920342,(0.033, 1.439, -0.018),(0.056, -0.022, -0.008, 0.998),INVALID,,,,INVALID,,,,,,,INVALID,,,,,,,,
175403,1000001129159618800,63875741920342,(0.033, 1.439, -0.018),(0.056, -0.022, -0.008, 0.998),INVALID,,,,INVALID,,,,,,,INVALID,,,,,,,,
175404,1000001129164626100,63875741920342,(0.033, 1.439, -0.018),(0.056, -0.022, -0.008, 0.998),INVALID,,,,INVALID,,,,,,,INVALID,,,,,,,,
175405,1000001129169633400,63875741920342,(0.033, 1.439, -0.018),(0.056, -0.022, -0.008, 0.998),INVALID,,,,INVALID,,,,,,,INVALID,,,,,,,,
175406,1000001129174636300,63875741920342,(0.033, 1.439, -0.018),(0.056, -0.022, -0.008, 0.998),INVALID,,,,INVALID,,,,,,,INVALID,,,,,,,,
175407,1000001129179653800,63875741920342,(0.033, 1.439, -0.018),(0.056, -0.022, -0.008, 0.998),INVALID,,,,INVALID,,,,,,,INVALID,,,,,,,,
175408,1000001129184656700,63875741920342,(0.033, 1.439, -0.018),(0.056, -0.022, -0.008, 0.998),INVALID,,,,INVALID,,,,,,,INVALID,,,,,,,,
175409,1000001129189719300,63875741920342,(0.033, 1.439, -0.018),(0.056, -0.022, -0.008, 0.998),INVALID,,,,INVALID,,,,,,,INVALID,,,,,,,,
175410,1000001129194722200,63875741920342,(0.033, 1.439, -0.018),(0.056, -0.022, -0.008, 0.998),INVALID,,,,INVALID,,,,,,,INVALID,,,,,,,,
175411,1000001129199729500,63875741920342,(0.033, 1.439, -0.018),(0.056, -0.022, -0.008, 0.998),INVALID,,,,INVALID,,,,,,,INVALID,,,,,,,,
175412,1000001129204732400,63875741920342,(0.033, 1.439, -0.018),(0.056, -0.022, -0.008, 0.998),INVALID,,,,INVALID,,,,,,,INVALID,,,,,,,,
175413,1000001129209739700,63875741920342,(0.033, 1.439, -0.018),(0.056, -0.022, -0.008, 0.998),INVALID,,,,INVALID,,,,,,,INVALID,,,,,,,,
175414,1000001129214747000,63875741920342,(0.033, 1.439, -0.018),(0.056, -0.022, -0.008, 0.998),INVALID,,,,INVALID,,,,,,,INVALID,,,,,,,,
175415,1000001129219769200,63875741920342,(0.033, 1.439, -0.018),(0.056, -0.022, -0.008, 0.998),INVALID,,,,INVALID,,,,,,,INVALID,,,,,,,,
175416,1000001129224794800,63875741920342,(0.033, 1.439, -0.018),(0.056, -0.022, -0.008, 0.998),INVALID,,,,INVALID,,,,,,,INVALID,,,,,,,,
175417,1000001129229818400,63875741920342,(0.033, 1.439, -0.018),(0.056, -0.022, -0.008, 0.998),INVALID,,,,INVALID,,,,,,,INVALID,,,,,,,,
175418,1000001129234842000,63875741920342,(0.033, 1.439, -0.018),(0.056, -0.022, -0.008, 0.998),INVALID,,,,INVALID,,,,,,,INVALID,,,,,,,,
175419,1000001129239864200,63875741920342,(0.033, 1.439, -0.018),(0.056, -0.022, -0.008, 0.998),INVALID,,,,INVALID,,,,,,,INVALID,,,,,,,,
175420,1000001129244886400,63875741920342,(0.033, 1.439, -0.018),(0.056, -0.022, -0.008, 0.998),INVALID,,,,INVALID,,,,,,,INVALID,,,,,,,,
175421,1000001129249886100,63875741920342,(0.033, 1.439, -0.018),(0.056, -0.022, -0.008, 0.998),INVALID,,,,INVALID,,,,,,,INVALID,,,,,,,,
175422,1000001129254908300,63875741920342,(0.033, 1.439, -0.018),(0.056, -0.022, -0.008, 0.998),VALID,(0.548, 0.266, 0.793),(0.000, 0.000, 0.000),64.325,INVALID,,,,,,,VALID,(0.616, 0.535, 0.578),(0.032, 0.000, 0.000),0.000,0.000,6.373,,2,0
175423,1000001129259916500,63875741920342,(0.033, 1.439, -0.018),(0.056, -0.022, -0.008, 0.998),VALID,(0.611, 0.360, 0.705),(0.000, 0.000, 0.000),64.325,INVALID,,,,,,,VALID,(0.622, 0.451, 0.640),(0.032, 0.000, 0.000),0.000,0.000,6.373,,2,0
175424,1000001129264885100,63875741920342,(0.033, 1.439, -0.018),(0.056, -0.022, -0.008, 0.998),VALID,(0.625, 0.412, 0.663),(0.000, 0.000, 0.000),64.325,INVALID,,,,,,,VALID,(0.476, 0.282, 0.833),(0.032, 0.000, 0.000),0.000,0.000,6.373,,2,0
175425,1000001129269893300,63875741920342,(0.033, 1.439, -0.018),(0.056, -0.022, -0.008, 0.998),VALID,(0.625, 0.441, 0.644),(0.000, 0.000, 0.000),64.325,INVALID,,,,,,,VALID,(0.591, 0.373, 0.715),(0.032, 0.000, 0.000),0.000,0.000,6.373,,2,0
175426,1000001129274915500,63875741920342,(0.033, 1.439, -0.018),(0.056, -0.022, -0.008, 0.998),VALID,(0.624, 0.458, 0.634),(0.000, 0.000, 0.000),64.325,VALID,(0.234, -0.037, 0.972),(-0.032, 0.000, 0.000),0.000,0.000,6.415,0.691,VALID,(0.616, 0.425, 0.663),(0.032, 0.000, 0.000),0.000,0.000,6.373,0.598,2,0
175427,1000001129279939100,63875741920342,(0.033, 1.439, -0.018),(0.056, -0.022, -0.008, 0.998),VALID,(0.625, 0.472, 0.622),(0.000, 0.000, 0.000),64.325,INVALID,,,,,,,VALID,(0.624, 0.457, 0.634),(0.032, 0.000, 0.000),0.000,0.000,6.373,,2,0
175428,1000001129284947300,63875741920342,(0.033, 1.439, -0.018),(0.056, -0.022, -0.008, 0.998),VALID,(0.625, 0.481, 0.615),(0.000, 0.000, 0.000),64.325,INVALID,,,,,,,VALID,(0.625, 0.475, 0.619),(0.032, 0.000, 0.000),0.000,0.000,6.373,,2,0
175429,1000001129289970900,63875741920342,(0.033, 1.439, -0.018),(0.056, -0.022, -0.008, 0.998),VALID,(0.562, 0.556, 0.612),(0.000, 0.000, 0.000),64.325,INVALID,,,,,,,VALID,(0.558, 0.556, 0.616),(0.032, 0.000, 0.000),0.000,0.000,6.373,,2,0
175430,1000001129294979100,63875741920342,(0.033, 1.439, -0.018),(0.056, -0.022, -0.008, 0.998),VALID,(0.537, 0.587, 0.606),(0.000, 0.000, 0.000),64.325,INVALID,,,,,,,VALID,(0.534, 0.588, 0.607),(0.032, 0.000, 0.000),0.000,0.000,6.373,,2,0
175431,1000001129299962700,63875741920342,(0.033, 1.439, -0.018),(0.056, -0.022, -0.008, 0.998),VALID,(0.527, 0.600, 0.602),(0.000, 0.000, 0.000),64.325,INVALID,,,,,,,VALID,(0.525, 0.601, 0.603),(0.032, 0.000, 0.000),0.000,0.000,6.373,,2,0
175432,1000001129304989400,63875741920342,(0.033, 1.439, -0.018),(0.056, -0.022, -0.008, 0.998),VALID,(0.521, 0.607, 0.600),(0.000, 0.000, 0.000),64.325,INVALID,,,,,,,VALID,(0.520, 0.608, 0.601),(0.032, 0.000, 0.000),0.000,0.000,6.373,,2,0
175433,1000001129309992000,63875741920342,(0.033, 1.439, -0.018),(0.056, -0.022, -0.008, 0.998),VALID,(0.483, 0.490, 0.726),(0.000, 0.000, 0.000),64.325,INVALID,,,,,,,VALID,(0.519, 0.495, 0.697),(0.032, 0.000, 0.000),0.000,0.000,6.373,,2,0
175434,1000001129314979700,63875741920342,(0.033, 1.439, -0.018),(0.056, -0.022, -0.008, 0.998),VALID,(0.357, 0.099, 0.929),(0.000, 0.000, 0.000),64.325,INVALID,,,,,,,VALID,(0.395, 0.111, 0.912),(0.032, 0.000, 0.000),0.000,0.000,6.373,,2,0
175435,1000001129319987900,63875741920342,(0.033, 1.439, -0.018),(0.056, -0.022, -0.008, 0.998),VALID,(0.219, -0.141, 0.966),(0.000, 0.000, 0.000),64.325,INVALID,,,,,,,VALID,(0.238, -0.136, 0.962),(0.032, 0.000, 0.000),0.000,0.000,6.373,,2,0
175436,1000001129324983100,63875741920342,(0.033, 1.439, -0.018),(0.056, -0.022, -0.008, 0.998),VALID,(0.154, -0.229, 0.961),(0.000, 0.000, 0.000),64.325,INVALID,,,,,,,VALID,(0.161, -0.228, 0.960),(0.032, 0.000, 0.000),0.000,0.000,6.373,,2,0
175437,1000001129329991300,63875741920342,(0.033, 1.439, -0.018),(0.056, -0.022, -0.008, 0.998),VALID,(0.132, -0.258, 0.957),(0.000, 0.000, 0.000),64.325,INVALID,,,,,,,VALID,(0.135, -0.258, 0.957),(0.032, 0.000, 0.000),0.000,0.000,6.373,,2,0
175438,1000001129335031300,63875741920342,(0.033, 1.439, -0.018),(0.056, -0.022, -0.008, 0.998),VALID,(0.247, -0.168, 0.954),(0.000, 0.000, 0.000),64.325,INVALID,,,,,,,VALID,(0.251, -0.187, 0.950),(0.032, 0.000, 0.000),0.000,0.000,6.373,,2,0
175439,1000001129340039500,63875741920342,(0.033, 1.439, -0.018),(0.056, -0.022, -0.008, 0.998),VALID,(0.257, 0.525, 0.811),(0.000, 0.000, 0.000),64.325,INVALID,,,,,,,VALID,(0.262, 0.521, 0.813),(0.032, 0.000, 0.000),0.000,0.000,6.373,,2,0
175440,1000001129345047700,63875741920342,(0.033, 1.439, -0.018),(0.056, -0.022, -0.008, 0.998),VALID,(0.179, 0.361, 0.915),(0.000, 0.000, 0.000),64.325,INVALID,,,,,,,VALID,(0.179, 0.356, 0.917),(0.032, 0.000, 0.000),0.000,0.000,6.373,,2,0
175441,1000001129350083400,63875741920342,(0.033, 1.439, -0.018),(0.056, -0.022, -0.008, 0.998),VALID,(0.135, 0.289, 0.948),(0.000, 0.000, 0.000),64.325,INVALID,,,,,,,VALID,(0.134, 0.284, 0.949),(0.032, 0.000, 0.000),0.000,0.000,6.373,,2,0
175442,1000001129355091600,63875741920342,(0.033, 1.439, -0.018),(0.056, -0.022, -0.008, 0.998),VALID,(0.101, 0.255, 0.962),(0.000, 0.000, 0.000),64.325,INVALID,,,,,,,VALID,(0.100, 0.247, 0.964),(0.032, 0.000, 0.000),0.000,0.000,6.373,,2,0
175443,1000001129360094200,63875741920342,(0.033, 1.439, -0.018),(0.056, -0.022, -0.008, 0.998),VALID,(0.084, 0.244, 0.966),(0.000, 0.000, 0.000),64.325,INVALID,,,,,,,VALID,(0.083, 0.241, 0.967),(0.032, 0.000, 0.000),0.000,0.000,6.373,,2,0
175444,1000001129365113700,63875741920342,(0.033, 1.439, -0.018),(0.056, -0.022, -0.008, 0.998),VALID,(0.076, 0.210, 0.975),(0.000, 0.000, 0.000),64.325,INVALID,,,,,,,VALID,(0.076, 0.211, 0.974),(0.032, 0.000, 0.000),0.000,0.000,6.373,,2,0
175445,1000001129370117200,63875741920342,(0.033, 1.439, -0.018),(0.056, -0.022, -0.008, 0.998),VALID,(0.074, 0.173, 0.982),(0.000, 0.000, 0.000),64.325,INVALID,,,,,,,VALID,(0.074, 0.177, 0.981),(0.032, 0.000, 0.000),0.000,0.000,6.373,,2,0
175446,1000001129375128800,63875741920342,(0.033, 1.439, -0.018),(0.056, -0.022, -0.008, 0.998),VALID,(0.074, 0.147, 0.986),(0.000, 0.000, 0.000),64.325,INVALID,,,,,,,VALID,(0.073, 0.150, 0.986),(0.032, 0.000, 0.000),0.000,0.000,6.373,,2,0
175447,1000001129380133800,63875741920342,(0.033, 1.439, -0.018),(0.056, -0.022, -0.008, 0.998),VALID,(0.075, 0.138, 0.988),(0.000, 0.000, 0.000),64.325,INVALID,,,,,,,VALID,(0.075, 0.140, 0.987),(0.032, 0.000, 0.000),0.000,0.000,6.373,,2,0
175448,1000001129385162900,63875741920342,(0.033, 1.439, -0.018),(0.056, -0.022, -0.008, 0.998),VALID,(0.076, 0.137, 0.988),(0.000, 0.000, 0.000),64.325,INVALID,,,,,,,VALID,(0.076, 0.139, 0.987),(0.032, 0.000, 0.000),0.000,0.000,6.373,,2,0
175449,1000001129390184200,63875741920342,(0.033, 1.439, -0.018),(0.056, -0.022, -0.008, 0.998),VALID,(0.078, 0.140, 0.987),(0.000, 0.000, 0.000),64.325,INVALID,,,,,,,VALID,(0.078, 0.141, 0.987),(0.032, 0.000, 0.000),0.000,0.000,6.373,,2,0
175450,1000001129395194300,63875741920342,(0.033, 1.439, -0.018),(0.056, -0.022, -0.008, 0.998),VALID,(0.079, 0.149, 0.986),(0.000, 0.000, 0.000),64.325,INVALID,,,,,,,VALID,(0.079, 0.149, 0.986),(0.032, 0.000, 0.000),0.000,0.000,6.373,,2,0
175451,1000001129400208000,63875741920342,(0.033, 1.439, -0.018),(0.056, -0.022, -0.008, 0.998),VALID,(0.080, 0.157, 0.984),(0.000, 0.000, 0.000),64.325,INVALID,,,,,,,VALID,(0.080, 0.157, 0.984),(0.032, 0.000, 0.000),0.000,0.000,6.373,,2,0
175452,1000001129405216500,63875741920342,(0.033, 1.439, -0.018),(0.056, -0.022, -0.008, 0.998),VALID,(0.081, 0.163, 0.983),(0.000, 0.000, 0.000),64.325,INVALID,,,,,,,VALID,(0.081, 0.163, 0.983),(0.032, 0.000, 0.000),0.000,0.000,6.373,,2,0
175453,1000001129410238300,63875741920343,(0.033, 1.439, -0.018),(0.056, -0.022, -0.008, 0.998),VALID,(0.082, 0.168, 0.982),(0.000, 0.000, 0.000),64.325,INVALID,,,,,,,VALID,(0.082, 0.168, 0.982),(0.032, 0.000, 0.000),0.000,0.000,6.373,,2,0
175454,1000001129415246800,63875741920343,(0.033, 1.439, -0.018),(0.056, -0.022, -0.008, 0.998),VALID,(0.082, 0.172, 0.982),(0.000, 0.000, 0.000),64.325,INVALID,,,,,,,VALID,(0.082, 0.172, 0.982),(0.032, 0.000, 0.000),0.000,0.000,6.373,,2,0
175455,1000001129420259300,63875741920343,(0.033, 1.439, -0.018),(0.056, -0.022, -0.008, 0.998),VALID,(0.083, 0.173, 0.981),(0.000, 0.000, 0.000),64.325,INVALID,,,,,,,VALID,(0.083, 0.173, 0.981),(0.032, 0.000, 0.000),0.000,0.000,6.373,,2,0
175456,1000001129425267800,63875741920343,(0.033, 1.439, -0.018),(0.056, -0.022, -0.008, 0.998),VALID,(0.084, 0.178, 0.980),(0.000, 0.000, 0.000),64.325,INVALID,,,,,,,VALID,(0.084, 0.178, 0.980),(0.032, 0.000, 0.000),0.000,0.000,6.373,,2,0
175457,1000001129430277900,63875741920343,(0.033, 1.439, -0.018),(0.056, -0.022, -0.008, 0.998),VALID,(0.085, 0.186, 0.979),(0.000, 0.000, 0.000),64.325,INVALID,,,,,,,VALID,(0.085, 0.186, 0.979),(0.032, 0.000, 0.000),0.000,0.000,6.373,,2,0
175458,1000001129435288000,63875741920343,(0.033, 1.439, -0.018),(0.056, -0.022, -0.008, 0.998),VALID,(0.088, 0.186, 0.979),(0.000, 0.000, 0.000),64.325,INVALID,,,,,,,VALID,(0.088, 0.187, 0.978),(0.032, 0.000, 0.000),0.000,0.000,6.373,,2,0
175459,1000001129440307600,63875741920343,(0.033, 1.439, -0.018),(0.056, -0.022, -0.008, 0.998),VALID,(0.090, 0.187, 0.978),(0.000, 0.000, 0.000),64.325,INVALID,,,,,,,VALID,(0.090, 0.187, 0.978),(0.032, 0.000, 0.000),0.000,0.000,6.373,,2,0
175460,1000001129445317700,63875741920343,(0.033, 1.439, -0.018),(0.056, -0.022, -0.008, 0.998),VALID,(0.091, 0.188, 0.978),(0.000, 0.000, 0.000),64.325,INVALID,,,,,,,VALID,(0.091, 0.188, 0.978),(0.032, 0.000, 0.000),0.000,0.000,6.373,,2,0
175461,1000001129450343600,63875741920343,(0.033, 1.439, -0.018),(0.056, -0.022, -0.008, 0.998),VALID,(0.092, 0.189, 0.978),(0.000, 0.000, 0.000),64.325,INVALID,,,,,,,VALID,(0.092, 0.189, 0.978),(0.032, 0.000, 0.000),0.000,0.000,6.373,,2,0
175462,1000001129455353700,63875741920351,(0.033, 1.439, -0.018),(0.056, -0.022, -0.008, 0.998),VALID,(0.093, 0.191, 0.977),(0.000, 0.000, 0.000),64.325,VALID,(0.227, -0.048, 0.973),(-0.032, 0.000, 0.000),0.000,0.000,6.415,0.813,VALID,(0.093, 0.191, 0.977),(0.032, 0.000, 0.000),0.000,0.000,6.373,0.879,0.113029,0
175463,1000001129460362200,63875741920352,(0.033, 1.439, -0.018),(0.056, -0.022, -0.008, 0.998),VALID,(0.093, 0.193, 0.977),(0.000, 0.000, 0.000),64.325,VALID,(0.228, -0.048, 0.973),(-0.032, 0.000, 0.000),0.000,0.000,6.415,0.818,VALID,(0.093, 0.194, 0.977),(0.032, 0.000, 0.000),0.000,0.000,6.373,0.882,0.1117575,0
175464,1000001129465372300,63875741920352,(0.033, 1.439, -0.018),(0.056, -0.022, -0.008, 0.998),VALID,(0.093, 0.196, 0.976),(0.000, 0.000, 0.000),64.325,INVALID,,,,,,,VALID,(0.093, 0.196, 0.976),(0.032, 0.000, 0.000),0.000,0.000,6.373,,2,0
175465,1000001129470380800,63875741920361,(0.033, 1.439, -0.018),(0.056, -0.022, -0.008, 0.998),VALID,(0.093, 0.199, 0.976),(0.000, 0.000, 0.000),64.325,VALID,(0.224, 0.007, 0.975),(-0.032, 0.000, 0.000),0.000,0.000,6.415,0.821,VALID,(0.093, 0.199, 0.976),(0.032, 0.000, 0.000),0.000,0.000,6.373,0.886,0.1545127,0
175466,1000001129475400900,63875741920361,(0.033, 1.439, -0.018),(0.056, -0.022, -0.008, 0.998),VALID,(0.093, 0.201, 0.975),(0.000, 0.000, 0.000),64.325,VALID,(0.232, -0.009, 0.973),(-0.032, 0.000, 0.000),0.000,0.000,6.415,0.823,VALID,(0.093, 0.201, 0.975),(0.032, 0.000, 0.000),0.000,0.000,6.373,0.887,0.1391193,0
175467,1000001129480409400,63875741920372,(0.034, 1.439, -0.018),(0.056, -0.022, -0.008, 0.998),VALID,(0.093, 0.203, 0.975),(0.000, 0.000, 0.000),64.325,VALID,(0.178, 0.023, 0.984),(-0.032, 0.000, 0.000),0.000,0.000,6.415,0.828,VALID,(0.093, 0.204, 0.975),(0.032, 0.000, 0.000),0.000,0.000,6.373,0.889,0.1350853,0
175468,1000001129485416600,63875741920372,(0.034, 1.439, -0.018),(0.056, -0.022, -0.008, 0.998),VALID,(0.093, 0.206, 0.974),(0.000, 0.000, 0.000),64.325,VALID,(0.195, 0.011, 0.981),(-0.032, 0.000, 0.000),0.000,0.000,6.415,0.831,VALID,(0.093, 0.206, 0.974),(0.032, 0.000, 0.000),0.000,0.000,6.373,0.891,0.1334808,0
175469,1000001129490426700,63875741920383,(0.034, 1.439, -0.018),(0.056, -0.022, -0.008, 0.998),VALID,(0.093, 0.208, 0.974),(0.000, 0.000, 0.000),64.325,VALID,(0.176, 0.061, 0.982),(-0.032, 0.000, 0.000),0.000,0.000,6.415,0.833,VALID,(0.093, 0.208, 0.974),(0.032, 0.000, 0.000),0.000,0.000,6.373,0.893,0.1860008,0
175470,1000001129495432800,63875741920383,(0.034, 1.439, -0.018),(0.056, -0.022, -0.008, 0.998),VALID,(0.093, 0.210, 0.973),(0.000, 0.000, 0.000),64.325,VALID,(0.190, 0.044, 0.981),(-0.032, 0.000, 0.000),0.000,0.000,6.415,0.834,VALID,(0.093, 0.210, 0.973),(0.032, 0.000, 0.000),0.000,0.000,6.373,0.893,0.1663932,0
175471,1000001129500446000,63875741920394,(0.034, 1.439, -0.018),(0.056, -0.022, -0.008, 0.998),VALID,(0.093, 0.212, 0.973),(0.000, 0.000, 0.000),64.325,VALID,(0.177, 0.065, 0.982),(-0.032, 0.000, 0.000),0.000,0.000,6.415,0.839,VALID,(0.093, 0.212, 0.973),(0.032, 0.000, 0.000),0.000,0.000,6.373,0.896,0.1852233,0
175472,1000001129505454500,63875741920394,(0.034, 1.439, -0.018),(0.056, -0.022, -0.008, 0.998),VALID,(0.093, 0.214, 0.972),(0.000, 0.000, 0.000),64.325,VALID,(0.173, 0.084, 0.981),(-0.032, 0.000, 0.000),0.000,0.000,6.415,0.844,VALID,(0.093, 0.214, 0.972),(0.032, 0.000, 0.000),0.000,0.000,6.373,0.899,0.2175081,0
175473,1000001129510463000,63875741920406,(0.034, 1.439, -0.018),(0.056, -0.022, -0.008, 0.998),VALID,(0.093, 0.216, 0.972),(0.000, 0.000, 0.000),64.325,VALID,(0.165, 0.117, 0.979),(-0.032, 0.000, 0.000),0.000,0.000,6.415,0.849,VALID,(0.093, 0.216, 0.972),(0.032, 0.000, 0.000),0.000,0.000,6.373,0.901,0.3059589,0
175474,1000001129515478100,63875741920406,(0.034, 1.439, -0.018),(0.056, -0.022, -0.008, 0.998),VALID,(0.093, 0.218, 0.972),(0.000, 0.000, 0.000),64.325,VALID,(0.154, 0.150, 0.977),(-0.032, 0.000, 0.000),0.000,0.000,6.415,0.853,VALID,(0.093, 0.218, 0.971),(0.032, 0.000, 0.000),0.000,0.000,6.373,0.903,0.4648806,0
175475,1000001129520534100,63875741920406,(0.034, 1.439, -0.018),(0.056, -0.022, -0.008, 0.998),VALID,(0.094, 0.220, 0.971),(0.000, 0.000, 0.000),64.325,VALID,(0.142, 0.177, 0.974),(-0.032, 0.000, 0.000),0.000,0.000,6.415,0.857,VALID,(0.094, 0.220, 0.971),(0.032, 0.000, 0.000),0.000,0.000,6.373,0.906,0.730903,0
175476,1000001129525547300,63875741920416,(0.034, 1.439, -0.018),(0.056, -0.022, -0.008, 0.998),VALID,(0.094, 0.223, 0.970),(0.000, 0.000, 0.000),64.325,VALID,(0.132, 0.197, 0.971),(-0.032, 0.000, 0.000),0.000,0.000,6.415,0.862,VALID,(0.094, 0.223, 0.970),(0.032, 0.000, 0.000),0.000,0.000,6.373,0.908,2,0.002711109
175477,1000001129530560500,63875741920416,(0.034, 1.439, -0.018),(0.056, -0.022, -0.008, 0.998),VALID,(0.094, 0.225, 0.970),(0.000, 0.000, 0.000),64.325,VALID,(0.124, 0.210, 0.970),(-0.032, 0.000, 0.000),0.000,0.000,6.415,0.865,VALID,(0.094, 0.225, 0.970),(0.032, 0.000, 0.000),0.000,0.000,6.373,0.910,2,0.5903389
175478,1000001129535565600,63875741920429,(0.034, 1.439, -0.018),(0.056, -0.021, -0.008, 0.998),VALID,(0.094, 0.227, 0.969),(0.000, 0.000, 0.000),64.325,INVALID,,,,,,,VALID,(0.094, 0.227, 0.969),(0.032, 0.000, 0.000),0.000,0.000,6.373,,2,0.5617942
175479,1000001129540578800,63875741920429,(0.034, 1.439, -0.018),(0.056, -0.021, -0.008, 0.998),VALID,(0.094, 0.230, 0.969),(0.000, 0.000, 0.000),64.325,INVALID,,,,,,,VALID,(0.094, 0.230, 0.969),(0.032, 0.000, 0.000),0.000,0.000,6.373,,2,0.502764
175480,1000001129545583900,63875741920439,(0.034, 1.439, -0.018),(0.056, -0.021, -0.008, 0.998),VALID,(0.094, 0.235, 0.967),(0.000, 0.000, 0.000),64.325,INVALID,,,,,,,VALID,(0.095, 0.235, 0.967),(0.032, 0.000, 0.000),0.000,0.000,6.373,,2,0.3613106
175481,1000001129550597100,63875741920440,(0.034, 1.439, -0.018),(0.056, -0.021, -0.008, 0.998),VALID,(0.095, 0.240, 0.966),(0.000, 0.000, 0.000),64.325,INVALID,,,,,,,VALID,(0.095, 0.240, 0.966),(0.032, 0.000, 0.000),0.000,0.000,6.373,,2,0.3740847
175482,1000001129555591100,63875741920451,(0.034, 1.439, -0.018),(0.056, -0.021, -0.008, 0.998),VALID,(0.095, 0.242, 0.966),(0.000, 0.000, 0.000),64.325,INVALID,,,,,,,VALID,(0.095, 0.242, 0.966),(0.032, 0.000, 0.000),0.000,0.000,6.373,,2,0.2768669
175483,1000001129560604300,63875741920451,(0.034, 1.439, -0.018),(0.056, -0.021, -0.008, 0.998),VALID,(0.093, 0.237, 0.967),(0.000, 0.000, 0.000),64.325,INVALID,,,,,,,VALID,(0.093, 0.237, 0.967),(0.032, 0.000, 0.000),0.000,0.000,6.373,,2,0
175484,1000001129565617500,63875741920451,(0.034, 1.439, -0.018),(0.056, -0.021, -0.008, 0.998),VALID,(0.091, 0.231, 0.969),(0.000, 0.000, 0.000),64.325,INVALID,,,,,,,VALID,(0.091, 0.231, 0.969),(0.032, 0.000, 0.000),0.000,0.000,6.373,,2,0
175485,1000001129570630700,63875741920462,(0.034, 1.439, -0.018),(0.057, -0.021, -0.008, 0.998),VALID,(0.088, 0.229, 0.970),(0.000, 0.000, 0.000),64.325,INVALID,,,,,,,VALID,(0.088, 0.229, 0.970),(0.032, 0.000, 0.000),0.000,0.000,6.373,,2,0
175486,1000001129575668800,63875741920462,(0.034, 1.439, -0.018),(0.057, -0.021, -0.008, 0.998),VALID,(0.085, 0.226, 0.970),(0.000, 0.000, 0.000),64.325,INVALID,,,,,,,VALID,(0.085, 0.226, 0.970),(0.032, 0.000, 0.000),0.000,0.000,6.373,,2,0
175487,1000001129580682000,63875741920475,(0.034, 1.439, -0.018),(0.057, -0.021, -0.008, 0.998),VALID,(0.082, 0.221, 0.972),(0.000, 0.000, 0.000),64.325,INVALID,,,,,,,VALID,(0.082, 0.221, 0.972),(0.032, 0.000, 0.000),0.000,0.000,6.373,,2,0
175488,1000001129585699000,63875741920475,(0.034, 1.439, -0.018),(0.057, -0.021, -0.008, 0.998),VALID,(0.085, 0.214, 0.973),(0.000, 0.000, 0.000),64.325,INVALID,,,,,,,VALID,(0.085, 0.214, 0.973),(0.032, 0.000, 0.000),0.000,0.000,6.373,,2,0
175489,1000001129590712200,63875741920475,(0.034, 1.439, -0.018),(0.057, -0.021, -0.008, 0.998),VALID,(0.083, 0.207, 0.975),(0.000, 0.000, 0.000),64.325,INVALID,,,,,,,VALID,(0.082, 0.207, 0.975),(0.032, 0.000, 0.000),0.000,0.000,6.373,,2,0
175490,1000001129595699900,63875741920486,(0.034, 1.439, -0.018),(0.057, -0.021, -0.008, 0.998),VALID,(0.081, 0.200, 0.976),(0.000, 0.000, 0.000),64.325,INVALID,,,,,,,VALID,(0.081, 0.200, 0.976),(0.032, 0.000, 0.000),0.000,0.000,6.373,,2,0
175491,1000001129600713100,63875741920497,(0.034, 1.439, -0.018),(0.057, -0.021, -0.008, 0.998),VALID,(0.084, 0.194, 0.977),(0.000, 0.000, 0.000),64.325,INVALID,,,,,,,VALID,(0.084, 0.194, 0.977),(0.032, 0.000, 0.000),0.000,0.000,6.373,,2,0
175492,1000001129605706300,63875741920497,(0.034, 1.439, -0.018),(0.057, -0.021, -0.008, 0.998),VALID,(0.085, 0.189, 0.978),(0.000, 0.000, 0.000),64.325,INVALID,,,,,,,VALID,(0.085, 0.189, 0.978),(0.032, 0.000, 0.000),0.000,0.000,6.373,,2,0
175493,1000001129610710500,63875741920497,(0.034, 1.439, -0.018),(0.057, -0.021, -0.008, 0.998),VALID,(0.086, 0.185, 0.979),(0.000, 0.000, 0.000),64.325,INVALID,,,,,,,VALID,(0.086, 0.185, 0.979),(0.032, 0.000, 0.000),0.000,0.000,6.373,,2,0
175494,1000001129615738600,63875741920509,(0.034, 1.439, -0.018),(0.056, -0.021, -0.008, 0.998),VALID,(0.088, 0.182, 0.979),(0.000, 0.000, 0.000),64.325,INVALID,,,,,,,VALID,(0.088, 0.182, 0.979),(0.032, 0.000, 0.000),0.000,0.000,6.373,,2,0
175495,1000001129620776200,63875741920509,(0.034, 1.439, -0.018),(0.056, -0.021, -0.008, 0.998),VALID,(0.090, 0.179, 0.980),(0.000, 0.000, 0.000),64.325,INVALID,,,,,,,VALID,(0.089, 0.179, 0.980),(0.032, 0.000, 0.000),0.000,0.000,6.373,,2,0
175496,1000001129625798800,63875741920520,(0.034, 1.439, -0.018),(0.056, -0.021, -0.008, 0.998),VALID,(0.092, 0.178, 0.980),(0.000, 0.000, 0.000),64.325,INVALID,,,,,,,VALID,(0.092, 0.178, 0.980),(0.032, 0.000, 0.000),0.000,0.000,6.373,,2,0
175497,1000001129630824800,63875741920520,(0.034, 1.439, -0.018),(0.056, -0.021, -0.008, 0.998),VALID,(0.094, 0.176, 0.980),(0.000, 0.000, 0.000),64.325,INVALID,,,,,,,VALID,(0.094, 0.176, 0.980),(0.032, 0.000, 0.000),0.000,0.000,6.373,,2,0
175498,1000001129635850800,63875741920520,(0.034, 1.439, -0.018),(0.056, -0.021, -0.008, 0.998),VALID,(0.096, 0.176, 0.980),(0.000, 0.000, 0.000),64.325,INVALID,,,,,,,VALID,(0.096, 0.176, 0.980),(0.032, 0.000, 0.000),0.000,0.000,6.373,,2,0
175499,1000001129640876800,63875741920531,(0.034, 1.439, -0.018),(0.056, -0.021, -0.008, 0.998),VALID,(0.098, 0.175, 0.980),(0.000, 0.000, 0.000),64.325,INVALID,,,,,,,VALID,(0.098, 0.175, 0.980),(0.032, 0.000, 0.000),0.000,0.000,6.373,,2,0
175500,1000001129645899400,63875741920542,(0.034, 1.439, -0.018),(0.057, -0.021, -0.008, 0.998),VALID,(0.100, 0.175, 0.979),(0.000, 0.000, 0.000),64.325,INVALID,,,,,,,VALID,(0.100, 0.175, 0.980),(0.032, 0.000, 0.000),0.000,0.000,6.373,,2,0
175501,1000001129650871500,63875741920542,(0.034, 1.439, -0.018),(0.057, -0.021, -0.008, 0.998),VALID,(0.102, 0.175, 0.979),(0.000, 0.000, 0.000),64.325,INVALID,,,,,,,VALID,(0.102, 0.175, 0.979),(0.032, 0.000, 0.000),0.000,0.000,6.373,,2,0
175502,1000001129655894100,63875741920553,(0.034, 1.439, -0.018),(0.057, -0.021, -0.008, 0.998),VALID,(0.103, 0.174, 0.979),(0.000, 0.000, 0.000),64.325,INVALID,,,,,,,VALID,(0.103, 0.174, 0.979),(0.032, 0.000, 0.000),0.000,0.000,6.373,,2,0
175503,1000001129660869600,63875741920554,(0.034, 1.439, -0.018),(0.057, -0.021, -0.008, 0.998),VALID,(0.105, 0.174, 0.979),(0.000, 0.000, 0.000),64.325,INVALID,,,,,,,VALID,(0.105, 0.174, 0.979),(0.032, 0.000, 0.000),0.000,0.000,6.373,,2,0
175504,1000001129665890800,63875741920554,(0.034, 1.439, -0.018),(0.057, -0.021, -0.008, 0.998),VALID,(0.106, 0.173, 0.979),(0.000, 0.000, 0.000),64.325,INVALID,,,,,,,VALID,(0.106, 0.173, 0.979),(0.032, 0.000, 0.000),0.000,0.000,6.373,,2,0
175505,1000001129670877300,63875741920564,(0.034, 1.439, -0.018),(0.057, -0.021, -0.008, 0.998),VALID,(0.107, 0.173, 0.979),(0.000, 0.000, 0.000),64.325,INVALID,,,,,,,VALID,(0.107, 0.173, 0.979),(0.032, 0.000, 0.000),0.000,0.000,6.373,,2,0
175506,1000001129675899200,63875741920564,(0.034, 1.439, -0.018),(0.057, -0.021, -0.008, 0.998),VALID,(0.108, 0.173, 0.979),(0.000, 0.000, 0.000),64.325,INVALID,,,,,,,VALID,(0.108, 0.173, 0.979),(0.032, 0.000, 0.000),0.000,0.000,6.373,,2,0
175507,1000001129680921100,63875741920575,(0.034, 1.439, -0.018),(0.057, -0.021, -0.008, 0.998),VALID,(0.108, 0.173, 0.979),(0.000, 0.000, 0.000),64.325,INVALID,,,,,,,VALID,(0.108, 0.173, 0.979),(0.032, 0.000, 0.000),0.000,0.000,6.373,,2,0
175508,1000001129685943000,63875741920575,(0.034, 1.439, -0.018),(0.057, -0.021, -0.008, 0.998),VALID,(0.109, 0.173, 0.979),(0.000, 0.000, 0.000),64.325,INVALID,,,,,,,VALID,(0.109, 0.173, 0.979),(0.032, 0.000, 0.000),0.000,0.000,6.373,,2,0.3604789
175509,1000001129690964900,63875741920575,(0.034, 1.439, -0.018),(0.057, -0.021, -0.008, 0.998),VALID,(0.109, 0.171, 0.979),(0.000, 0.000, 0.000),64.325,INVALID,,,,,,,VALID,(0.109, 0.171, 0.979),(0.032, 0.000, 0.000),0.000,0.000,6.373,,2,0.2302295
175510,1000001129695927100,63875741920587,(0.034, 1.439, -0.018),(0.057, -0.021, -0.008, 0.998),VALID,(0.108, 0.164, 0.981),(0.000, 0.000, 0.000),64.325,INVALID,,,,,,,VALID,(0.108, 0.164, 0.981),(0.032, 0.000, 0.000),0.000,0.000,6.373,,2,0.3468677
175511,1000001129700949000,63875741920587,(0.034, 1.439, -0.018),(0.057, -0.021, -0.008, 0.998),VALID,(0.107, 0.158, 0.982),(0.000, 0.000, 0.000),64.325,INVALID,,,,,,,VALID,(0.107, 0.158, 0.982),(0.032, 0.000, 0.000),0.000,0.000,6.373,,2,0.3582047
175512,1000001129705970900,63875741920598,(0.034, 1.439, -0.018),(0.057, -0.021, -0.008, 0.998),VALID,(0.106, 0.152, 0.983),(0.000, 0.000, 0.000),64.325,INVALID,,,,,,,VALID,(0.106, 0.152, 0.983),(0.032, 0.000, 0.000),0.000,0.000,6.373,,2,0.3562336
175513,1000001129710992800,63875741920609,(0.034, 1.439, -0.018),(0.057, -0.021, -0.008, 0.998),VALID,(0.106, 0.146, 0.984),(0.000, 0.000, 0.000),64.325,INVALID,,,,,,,VALID,(0.106, 0.146, 0.984),(0.032, 0.000, 0.000),0.000,0.000,6.373,,2,0.3020826
175514,1000001129716014700,63875741920609,(0.034, 1.439, -0.018),(0.057, -0.021, -0.008, 0.998),VALID,(0.105, 0.144, 0.984),(0.000, 0.000, 0.000),64.325,INVALID,,,,,,,VALID,(0.105, 0.144, 0.984),(0.032, 0.000, 0.000),0.000,0.000,6.373,,2,0.1551765
175515,1000001129721025100,63875741920609,(0.034, 1.439, -0.018),(0.057, -0.021, -0.008, 0.998),VALID,(0.105, 0.143, 0.984),(0.000, 0.000, 0.000),64.325,INVALID,,,,,,,VALID,(0.105, 0.143, 0.984),(0.032, 0.000, 0.000),0.000,0.000,6.373,,2,0.09112816
175516,1000001129725999100,63875741920620,(0.034, 1.439, -0.018),(0.058, -0.021, -0.008, 0.998),VALID,(0.105, 0.143, 0.984),(0.000, 0.000, 0.000),64.325,INVALID,,,,,,,VALID,(0.105, 0.143, 0.984),(0.032, 0.000, 0.000),0.000,0.000,6.373,,2,0.04166177
175517,1000001129731021000,63875741920620,(0.034, 1.439, -0.018),(0.058, -0.021, -0.008, 0.998),VALID,(0.106, 0.143, 0.984),(0.000, 0.000, 0.000),64.325,INVALID,,,,,,,VALID,(0.106, 0.143, 0.984),(0.032, 0.000, 0.000),0.000,0.000,6.373,,2,0
175518,1000001129736042900,63875741920632,(0.034, 1.439, -0.018),(0.057, -0.021, -0.008, 0.998),VALID,(0.105, 0.148, 0.983),(0.000, 0.000, 0.000),64.325,VALID,(0.088, 0.172, 0.981),(-0.032, 0.000, 0.000),0.000,0.000,6.415,0.909,VALID,(0.105, 0.148, 0.983),(0.032, 0.000, 0.000),0.000,0.000,6.373,0.944,2,0
175519,1000001129741064800,63875741920632,(0.034, 1.439, -0.018),(0.057, -0.021, -0.008, 0.998),VALID,(0.104, 0.151, 0.983),(0.000, 0.000, 0.000),64.325,VALID,(0.094, 0.177, 0.980),(-0.032, 0.000, 0.000),0.000,0.000,6.415,0.909,VALID,(0.104, 0.151, 0.983),(0.032, 0.000, 0.000),0.000,0.000,6.373,0.944,2,0
175520,1000001129746074700,63875741920632,(0.034, 1.439, -0.018),(0.057, -0.021, -0.008, 0.998),VALID,(0.104, 0.153, 0.983),(0.000, 0.000, 0.000),64.325,VALID,(0.116, 0.198, 0.973),(-0.032, 0.000, 0.000),0.000,0.000,6.415,0.909,VALID,(0.104, 0.153, 0.983),(0.032, 0.000, 0.000),0.000,0.000,6.373,0.944,2,0
175521,1000001129751096600,63875741920642,(0.033, 1.439, -0.018),(0.058, -0.021, -0.008, 0.998),VALID,(0.104, 0.151, 0.983),(0.000, 0.000, 0.000),64.325,VALID,(0.111, 0.180, 0.977),(-0.032, 0.000, 0.000),0.000,0.000,6.415,0.910,VALID,(0.104, 0.151, 0.983),(0.032, 0.000, 0.000),0.000,0.000,6.373,0.945,2,0
175522,1000001129756106500,63875741920653,(0.033, 1.439, -0.018),(0.058, -0.021, -0.008, 0.998),VALID,(0.104, 0.148, 0.983),(0.000, 0.000, 0.000),64.325,VALID,(0.106, 0.169, 0.980),(-0.032, 0.000, 0.000),0.000,0.000,6.415,0.910,VALID,(0.104, 0.148, 0.983),(0.032, 0.000, 0.000),0.000,0.000,6.373,0.945,2,0
175523,1000001129761098000,63875741920653,(0.033, 1.439, -0.018),(0.058, -0.021, -0.008, 0.998),VALID,(0.103, 0.148, 0.984),(0.000, 0.000, 0.000),64.325,VALID,(0.101, 0.165, 0.981),(-0.032, 0.000, 0.000),0.000,0.000,6.415,0.910,VALID,(0.103, 0.148, 0.984),(0.032, 0.000, 0.000),0.000,0.000,6.373,0.945,2,0
175524,1000001129766107900,63875741920653,(0.033, 1.439, -0.018),(0.058, -0.021, -0.008, 0.998),VALID,(0.102, 0.147, 0.984),(0.000, 0.000, 0.000),64.325,VALID,(0.097, 0.162, 0.982),(-0.032, 0.000, 0.000),0.000,0.000,6.415,0.911,VALID,(0.102, 0.147, 0.984),(0.032, 0.000, 0.000),0.000,0.000,6.373,0.945,2,0
175525,1000001129771096200,63875741920665,(0.033, 1.439, -0.018),(0.057, -0.021, -0.008, 0.998),VALID,(0.100, 0.146, 0.984),(0.000, 0.000, 0.000),64.325,VALID,(0.094, 0.159, 0.983),(-0.032, 0.000, 0.000),0.000,0.000,6.415,0.911,VALID,(0.100, 0.146, 0.984),(0.032, 0.000, 0.000),0.000,0.000,6.373,0.946,2,0
175526,1000001129776111300,63875741920665,(0.033, 1.439, -0.018),(0.057, -0.021, -0.008, 0.998),VALID,(0.099, 0.144, 0.985),(0.000, 0.000, 0.000),64.325,VALID,(0.092, 0.157, 0.983),(-0.032, 0.000, 0.000),0.000,0.000,6.415,0.911,VALID,(0.099, 0.144, 0.985),(0.032, 0.000, 0.000),0.000,0.000,6.373,0.946,2,0
175527,1000001129781129100,63875741920676,(0.033, 1.440, -0.018),(0.057, -0.021, -0.008, 0.998),VALID,(0.098, 0.139, 0.985),(0.000, 0.000, 0.000),64.325,VALID,(0.091, 0.156, 0.984),(-0.032, 0.000, 0.000),0.000,0.000,6.415,0.911,VALID,(0.098, 0.139, 0.985),(0.032, 0.000, 0.000),0.000,0.000,6.373,0.946,2,0
175528,1000001129786152400,63875741920676,(0.033, 1.440, -0.018),(0.057, -0.021, -0.008, 0.998),VALID,(0.098, 0.134, 0.986),(0.000, 0.000, 0.000),64.325,VALID,(0.091, 0.152, 0.984),(-0.032, 0.000, 0.000),0.000,0.000,6.415,0.912,VALID,(0.098, 0.134, 0.986),(0.032, 0.000, 0.000),0.000,0.000,6.373,0.946,2,0
175529,1000001129791168000,63875741920676,(0.033, 1.440, -0.018),(0.057, -0.021, -0.008, 0.998),VALID,(0.098, 0.129, 0.987),(0.000, 0.000, 0.000),64.325,VALID,(0.091, 0.148, 0.985),(-0.032, 0.000, 0.000),0.000,0.000,6.415,0.912,VALID,(0.098, 0.129, 0.987),(0.032, 0.000, 0.000),0.000,0.000,6.373,0.947,2,0
175530,1000001129796196100,63875741920687,(0.033, 1.440, -0.018),(0.057, -0.022, -0.008, 0.998),VALID,(0.098, 0.125, 0.987),(0.000, 0.000, 0.000),64.325,VALID,(0.091, 0.142, 0.986),(-0.032, 0.000, 0.000),0.000,0.000,6.415,0.912,VALID,(0.098, 0.125, 0.987),(0.032, 0.000, 0.000),0.000,0.000,6.373,0.947,2,0
175531,1000001129801209000,63875741920687,(0.033, 1.440, -0.018),(0.057, -0.022, -0.008, 0.998),VALID,(0.097, 0.125, 0.987),(0.000, 0.000, 0.000),64.325,VALID,(0.090, 0.140, 0.986),(-0.032, 0.000, 0.000),0.000,0.000,6.415,0.912,VALID,(0.097, 0.125, 0.987),(0.032, 0.000, 0.000),0.000,0.000,6.373,0.947,2,0
175532,1000001129806224100,63875741920698,(0.033, 1.440, -0.018),(0.057, -0.022, -0.008, 0.998),VALID,(0.095, 0.125, 0.988),(0.000, 0.000, 0.000),64.325,VALID,(0.089, 0.138, 0.986),(-0.032, 0.000, 0.000),0.000,0.000,6.415,0.913,VALID,(0.095, 0.125, 0.988),(0.032, 0.000, 0.000),0.000,0.000,6.373,0.947,2,0
175533,1000001129811238100,63875741920698,(0.033, 1.440, -0.018),(0.057, -0.022, -0.008, 0.998),VALID,(0.096, 0.122, 0.988),(0.000, 0.000, 0.000),64.325,VALID,(0.089, 0.134, 0.987),(-0.032, 0.000, 0.000),0.000,0.000,6.415,0.913,VALID,(0.096, 0.122, 0.988),(0.032, 0.000, 0.000),0.000,0.000,6.373,0.947,2,0
175534,1000001129816229300,63875741920709,(0.034, 1.440, -0.018),(0.057, -0.022, -0.008, 0.998),VALID,(0.096, 0.119, 0.988),(0.000, 0.000, 0.000),64.325,VALID,(0.089, 0.131, 0.987),(-0.032, 0.000, 0.000),0.000,0.000,6.415,0.913,VALID,(0.096, 0.119, 0.988),(0.032, 0.000, 0.000),0.000,0.000,6.373,0.948,2,0
175535,1000001129821232700,63875741920709,(0.034, 1.440, -0.018),(0.057, -0.022, -0.008, 0.998),VALID,(0.096, 0.117, 0.989),(0.000, 0.000, 0.000),64.325,VALID,(0.089, 0.129, 0.988),(-0.032, 0.000, 0.000),0.000,0.000,6.415,0.913,VALID,(0.096, 0.117, 0.989),(0.032, 0.000, 0.000),0.000,0.000,6.373,0.948,2,0
175536,1000001129826246700,63875741920720,(0.034, 1.440, -0.018),(0.057, -0.022, -0.008, 0.998),VALID,(0.096, 0.116, 0.989),(0.000, 0.000, 0.000),64.325,VALID,(0.089, 0.127, 0.988),(-0.032, 0.000, 0.000),0.000,0.000,6.415,0.913,VALID,(0.096, 0.116, 0.989),(0.032, 0.000, 0.000),0.000,0.000,6.373,0.948,2,0
175537,1000001129831256600,63875741920720,(0.034, 1.440, -0.018),(0.057, -0.022, -0.008, 0.998),VALID,(0.096, 0.115, 0.989),(0.000, 0.000, 0.000),64.325,VALID,(0.089, 0.124, 0.988),(-0.032, 0.000, 0.000),0.000,0.000,6.415,0.913,VALID,(0.096, 0.115, 0.989),(0.032, 0.000, 0.000),0.000,0.000,6.373,0.948,2,0
175538,1000001129836266500,63875741920720,(0.034, 1.440, -0.018),(0.057, -0.022, -0.008, 0.998),VALID,(0.097, 0.114, 0.989),(0.000, 0.000, 0.000),64.325,VALID,(0.089, 0.123, 0.988),(-0.032, 0.000, 0.000),0.000,0.000,6.415,0.914,VALID,(0.097, 0.114, 0.989),(0.032, 0.000, 0.000),0.000,0.000,6.373,0.948,2,0
175539,1000001129841276400,63875741920731,(0.034, 1.440, -0.018),(0.057, -0.022, -0.008, 0.998),VALID,(0.097, 0.113, 0.989),(0.000, 0.000, 0.000),64.325,VALID,(0.089, 0.120, 0.989),(-0.032, 0.000, 0.000),0.000,0.000,6.415,0.914,VALID,(0.097, 0.113, 0.989),(0.032, 0.000, 0.000),0.000,0.000,6.373,0.948,2,0
175540,1000001129846434400,63875741920732,(0.034, 1.440, -0.018),(0.057, -0.022, -0.008, 0.998),VALID,(0.097, 0.112, 0.989),(0.000, 0.000, 0.000),64.325,VALID,(0.089, 0.118, 0.989),(-0.032, 0.000, 0.000),0.000,0.000,6.415,0.914,VALID,(0.097, 0.112, 0.989),(0.032, 0.000, 0.000),0.000,0.000,6.373,0.948,2,0
175541,1000001129851373800,63875741920742,(0.034, 1.440, -0.018),(0.057, -0.022, -0.007, 0.998),VALID,(0.097, 0.112, 0.989),(0.000, 0.000, 0.000),64.325,VALID,(0.089, 0.115, 0.989),(-0.032, 0.000, 0.000),0.624,4.005,6.415,0.914,VALID,(0.097, 0.112, 0.989),(0.032, 0.000, 0.000),0.662,4.222,6.373,0.948,2,0
175542,1000001129856321200,63875741920753,(0.034, 1.440, -0.018),(0.057, -0.022, -0.008, 0.998),VALID,(0.097, 0.111, 0.989),(0.000, 0.000, 0.000),64.325,VALID,(0.089, 0.114, 0.989),(-0.032, 0.000, 0.000),0.625,4.010,6.415,0.914,VALID,(0.097, 0.111, 0.989),(0.032, 0.000, 0.000),0.662,4.219,6.373,0.949,2,0
175543,1000001129861351000,63875741920753,(0.034, 1.440, -0.018),(0.057, -0.022, -0.008, 0.998),VALID,(0.097, 0.111, 0.989),(0.000, 0.000, 0.000),64.325,VALID,(0.089, 0.114, 0.990),(-0.032, 0.000, 0.000),0.629,4.035,6.415,0.914,VALID,(0.097, 0.111, 0.989),(0.032, 0.000, 0.000),0.661,4.214,6.373,0.949,2,0
175544,1000001129866358500,63875741920765,(0.034, 1.440, -0.018),(0.057, -0.022, -0.008, 0.998),VALID,(0.098, 0.110, 0.989),(0.000, 0.000, 0.000),64.325,VALID,(0.088, 0.114, 0.990),(-0.032, 0.000, 0.000),0.629,4.036,6.415,0.914,VALID,(0.098, 0.110, 0.989),(0.032, 0.000, 0.000),0.659,4.201,6.373,0.949,2,0
175545,1000001129871413400,63875741920765,(0.034, 1.440, -0.018),(0.057, -0.022, -0.008, 0.998),VALID,(0.098, 0.110, 0.989),(0.000, 0.000, 0.000),64.325,VALID,(0.088, 0.114, 0.990),(-0.032, 0.000, 0.000),0.630,4.042,6.415,0.915,VALID,(0.098, 0.110, 0.989),(0.032, 0.000, 0.000),0.658,4.194,6.373,0.949,2,0
175546,1000001129876420900,63875741920765,(0.034, 1.440, -0.018),(0.057, -0.022, -0.008, 0.998),VALID,(0.098, 0.109, 0.989),(0.000, 0.000, 0.000),64.325,VALID,(0.087, 0.114, 0.990),(-0.032, 0.000, 0.000),0.631,4.047,6.415,0.915,VALID,(0.098, 0.109, 0.989),(0.032, 0.000, 0.000),0.658,4.191,6.373,0.949,2,0.3036633
175547,1000001129881355100,63875741920776,(0.033, 1.440, -0.018),(0.057, -0.022, -0.008, 0.998),VALID,(0.098, 0.109, 0.989),(0.000, 0.000, 0.000),64.325,VALID,(0.086, 0.115, 0.990),(-0.032, 0.000, 0.000),0.636,4.077,6.415,0.915,VALID,(0.098, 0.109, 0.989),(0.032, 0.000, 0.000),0.655,4.174,6.373,0.949,2,0.2557599
175548,1000001129886408000,63875741920776,(0.033, 1.440, -0.018),(0.057, -0.022, -0.008, 0.998),VALID,(0.098, 0.107, 0.989),(0.000, 0.000, 0.000),64.325,VALID,(0.086, 0.116, 0.990),(-0.032, 0.000, 0.000),0.637,4.089,6.415,0.915,VALID,(0.098, 0.107, 0.989),(0.032, 0.000, 0.000),0.651,4.149,6.373,0.949,2,0.2210456
175549,1000001129891422000,63875741920776,(0.033, 1.440, -0.018),(0.057, -0.022, -0.008, 0.998),VALID,(0.098, 0.106, 0.990),(0.000, 0.000, 0.000),64.325,VALID,(0.085, 0.116, 0.990),(-0.032, 0.000, 0.000),0.637,4.089,6.415,0.915,VALID,(0.098, 0.106, 0.990),(0.032, 0.000, 0.000),0.648,4.133,6.373,0.950,2,0.2253088
175550,1000001129896420800,63875741920787,(0.034, 1.440, -0.018),(0.057, -0.022, -0.008, 0.998),VALID,(0.098, 0.105, 0.990),(0.000, 0.000, 0.000),64.325,VALID,(0.085, 0.117, 0.990),(-0.032, 0.000, 0.000),0.637,4.089,6.415,0.916,VALID,(0.098, 0.105, 0.990),(0.032, 0.000, 0.000),0.647,4.121,6.373,0.950,2,0.5457754
175551,1000001129901381200,63875741920787,(0.034, 1.440, -0.018),(0.057, -0.022, -0.008, 0.998),VALID,(0.098, 0.104, 0.990),(0.000, 0.000, 0.000),64.325,VALID,(0.084, 0.118, 0.990),(-0.032, 0.000, 0.000),0.637,4.087,6.415,0.916,VALID,(0.098, 0.104, 0.990),(0.032, 0.000, 0.000),0.645,4.112,6.373,0.950,2,0.540095
175552,1000001129906409400,63875741920798,(0.034, 1.440, -0.018),(0.057, -0.022, -0.008, 0.998),VALID,(0.097, 0.103, 0.990),(0.000, 0.000, 0.000),64.325,VALID,(0.083, 0.118, 0.989),(-0.032, 0.000, 0.000),0.638,4.095,6.415,0.916,VALID,(0.097, 0.103, 0.990),(0.032, 0.000, 0.000),0.643,4.100,6.373,0.950,2,0.8643469
175553,1000001129911402100,63875741920798,(0.034, 1.440, -0.018),(0.057, -0.022, -0.008, 0.998),VALID,(0.097, 0.103, 0.990),(0.000, 0.000, 0.000),64.325,VALID,(0.083, 0.119, 0.989),(-0.032, 0.000, 0.000),0.640,4.105,6.415,0.916,VALID,(0.097, 0.103, 0.990),(0.032, 0.000, 0.000),0.642,4.089,6.373,0.950,2,0.865544
175554,1000001129916470700,63875741920810,(0.034, 1.440, -0.018),(0.057, -0.022, -0.008, 0.998),VALID,(0.097, 0.102, 0.990),(0.000, 0.000, 0.000),64.325,VALID,(0.082, 0.119, 0.989),(-0.032, 0.000, 0.000),0.640,4.104,6.415,0.916,VALID,(0.097, 0.102, 0.990),(0.032, 0.000, 0.000),0.640,4.080,6.373,0.951,2,0.8661547
175555,1000001129921463400,63875741920810,(0.034, 1.440, -0.018),(0.057, -0.022, -0.008, 0.998),VALID,(0.097, 0.101, 0.990),(0.000, 0.000, 0.000),64.325,VALID,(0.081, 0.120, 0.989),(-0.032, 0.000, 0.000),0.640,4.108,6.415,0.917,VALID,(0.097, 0.101, 0.990),(0.032, 0.000, 0.000),0.639,4.072,6.373,0.951,2,0.9085431
175556,1000001129926587000,63875741920821,(0.034, 1.440, -0.018),(0.057, -0.022, -0.008, 0.998),VALID,(0.096, 0.101, 0.990),(0.000, 0.000, 0.000),64.325,VALID,(0.081, 0.120, 0.989),(-0.032, 0.000, 0.000),0.641,4.109,6.415,0.917,VALID,(0.096, 0.101, 0.990),(0.032, 0.000, 0.000),0.638,4.066,6.373,0.951,2,0.908024
175557,1000001129931579700,63875741920821,(0.034, 1.440, -0.018),(0.057, -0.022, -0.008, 0.998),VALID,(0.096, 0.101, 0.990),(0.000, 0.000, 0.000),64.325,VALID,(0.080, 0.121, 0.989),(-0.032, 0.000, 0.000),0.641,4.109,6.415,0.917,VALID,(0.096, 0.101, 0.990),(0.032, 0.000, 0.000),0.637,4.057,6.373,0.951,2,0.9041148
175558,1000001129936492300,63875741920832,(0.034, 1.440, -0.018),(0.058, -0.022, -0.008, 0.998),VALID,(0.096, 0.100, 0.990),(0.000, 0.000, 0.000),64.325,VALID,(0.080, 0.122, 0.989),(-0.032, 0.000, 0.000),0.638,4.093,6.415,0.917,VALID,(0.096, 0.100, 0.990),(0.032, 0.000, 0.000),0.635,4.047,6.373,0.952,2,0.9188719
175559,1000001129941523800,63875741920832,(0.034, 1.440, -0.018),(0.058, -0.022, -0.008, 0.998),VALID,(0.096, 0.100, 0.990),(0.000, 0.000, 0.000),64.325,VALID,(0.080, 0.122, 0.989),(-0.032, 0.000, 0.000),0.636,4.077,6.415,0.917,VALID,(0.096, 0.100, 0.990),(0.032, 0.000, 0.000),0.634,4.037,6.373,0.952,2,0.9020774
175560,1000001129946542300,63875741920832,(0.034, 1.440, -0.018),(0.058, -0.022, -0.008, 0.998),VALID,(0.095, 0.099, 0.990),(0.000, 0.000, 0.000),64.325,VALID,(0.080, 0.123, 0.989),(-0.032, 0.000, 0.000),0.630,4.044,6.415,0.917,VALID,(0.095, 0.099, 0.990),(0.032, 0.000, 0.000),0.632,4.031,6.373,0.952,2,0.9057369
175561,1000001129951550800,63875741920843,(0.034, 1.440, -0.018),(0.058, -0.023, -0.008, 0.998),VALID,(0.095, 0.099, 0.991),(0.000, 0.000, 0.000),64.325,VALID,(0.080, 0.123, 0.989),(-0.032, 0.000, 0.000),0.627,4.022,6.415,0.917,VALID,(0.095, 0.099, 0.991),(0.032, 0.000, 0.000),0.631,4.024,6.373,0.952,2,0.9117175
175562,1000001129956571500,63875741920843,(0.034, 1.440, -0.018),(0.058, -0.023, -0.008, 0.998),VALID,(0.095, 0.098, 0.991),(0.000, 0.000, 0.000),64.325,VALID,(0.080, 0.123, 0.989),(-0.032, 0.000, 0.000),0.625,4.012,6.415,0.917,VALID,(0.095, 0.098, 0.991),(0.032, 0.000, 0.000),0.630,4.017,6.373,0.952,2,0.8976466
175563,1000001129961600500,63875741920854,(0.034, 1.440, -0.018),(0.058, -0.023, -0.008, 0.998),VALID,(0.095, 0.098, 0.991),(0.000, 0.000, 0.000),64.325,VALID,(0.080, 0.124, 0.989),(-0.032, 0.000, 0.000),0.625,4.006,6.415,0.918,VALID,(0.095, 0.098, 0.991),(0.032, 0.000, 0.000),0.629,4.009,6.373,0.952,2,0.912571
175564,1000001129966615300,63875741920854,(0.034, 1.440, -0.018),(0.058, -0.023, -0.008, 0.998),VALID,(0.094, 0.098, 0.991),(0.000, 0.000, 0.000),64.325,VALID,(0.080, 0.124, 0.989),(-0.032, 0.000, 0.000),0.624,4.004,6.415,0.918,VALID,(0.094, 0.098, 0.991),(0.032, 0.000, 0.000),0.628,4.001,6.373,0.952,2,0.9271165
175565,1000001129971634900,63875741920865,(0.034, 1.440, -0.018),(0.058, -0.023, -0.008, 0.998),VALID,(0.094, 0.097, 0.991),(0.000, 0.000, 0.000),64.325,VALID,(0.079, 0.125, 0.989),(-0.032, 0.000, 0.000),0.632,4.057,6.415,0.918,VALID,(0.094, 0.097, 0.991),(0.032, 0.000, 0.000),0.627,3.994,6.373,0.953,2,0.9226975
175566,1000001129976654500,63875741920865,(0.034, 1.440, -0.018),(0.058, -0.023, -0.008, 0.998),VALID,(0.094, 0.097, 0.991),(0.000, 0.000, 0.000),64.325,VALID,(0.079, 0.127, 0.989),(-0.032, 0.000, 0.000),0.638,4.090,6.415,0.918,VALID,(0.094, 0.097, 0.991),(0.032, 0.000, 0.000),0.625,3.986,6.373,0.953,2,0.9659002
175567,1000001129981674100,63875741920876,(0.034, 1.440, -0.018),(0.058, -0.023, -0.008, 0.998),VALID,(0.094, 0.097, 0.991),(0.000, 0.000, 0.000),64.325,VALID,(0.078, 0.129, 0.989),(-0.032, 0.000, 0.000),0.640,4.108,6.415,0.918,VALID,(0.094, 0.097, 0.991),(0.032, 0.000, 0.000),0.624,3.978,6.373,0.953,2,1
175568,1000001129986692600,63875741920876,(0.034, 1.440, -0.018),(0.058, -0.023, -0.008, 0.998),VALID,(0.094, 0.097, 0.991),(0.000, 0.000, 0.000),64.325,VALID,(0.078, 0.131, 0.988),(-0.032, 0.000, 0.000),0.641,4.114,6.415,0.918,VALID,(0.094, 0.097, 0.991),(0.032, 0.000, 0.000),0.623,3.971,6.373,0.953,2,1
175569,1000001129991625600,63875741920876,(0.034, 1.440, -0.018),(0.058, -0.023, -0.008, 0.998),VALID,(0.094, 0.097, 0.991),(0.000, 0.000, 0.000),64.325,VALID,(0.077, 0.132, 0.988),(-0.032, 0.000, 0.000),0.641,4.113,6.415,0.919,VALID,(0.094, 0.097, 0.991),(0.032, 0.000, 0.000),0.622,3.965,6.373,0.953,2,1
175570,1000001129996644100,63875741920888,(0.034, 1.440, -0.018),(0.058, -0.023, -0.008, 0.998),VALID,(0.094, 0.096, 0.991),(0.000, 0.000, 0.000),64.325,VALID,(0.077, 0.133, 0.988),(-0.032, 0.000, 0.000),0.640,4.104,6.415,0.919,VALID,(0.094, 0.096, 0.991),(0.032, 0.000, 0.000),0.621,3.959,6.373,0.953,2,1
175571,1000001130001663700,63875741920898,(0.034, 1.440, -0.018),(0.058, -0.023, -0.008, 0.998),VALID,(0.093, 0.096, 0.991),(0.000, 0.000, 0.000),64.325,VALID,(0.076, 0.134, 0.988),(-0.032, 0.000, 0.000),0.638,4.090,6.415,0.919,VALID,(0.093, 0.096, 0.991),(0.032, 0.000, 0.000),0.620,3.949,6.373,0.953,2,1
175572,1000001130006682200,63875741920898,(0.034, 1.440, -0.018),(0.058, -0.023, -0.008, 0.998),VALID,(0.093, 0.096, 0.991),(0.000, 0.000, 0.000),64.325,VALID,(0.076, 0.135, 0.988),(-0.032, 0.000, 0.000),0.637,4.084,6.415,0.919,VALID,(0.093, 0.096, 0.991),(0.032, 0.000, 0.000),0.618,3.941,6.373,0.954,2,1
175573,1000001130011700700,63875741920898,(0.034, 1.440, -0.018),(0.058, -0.023, -0.008, 0.998),VALID,(0.093, 0.096, 0.991),(0.000, 0.000, 0.000),64.325,VALID,(0.076, 0.136, 0.988),(-0.032, 0.000, 0.000),0.636,4.078,6.415,0.919,VALID,(0.093, 0.096, 0.991),(0.032, 0.000, 0.000),0.617,3.933,6.373,0.954,2,1
175574,1000001130016720300,63875741920910,(0.034, 1.440, -0.018),(0.058, -0.023, -0.008, 0.998),VALID,(0.093, 0.096, 0.991),(0.000, 0.000, 0.000),64.325,VALID,(0.076, 0.137, 0.988),(-0.032, 0.000, 0.000),0.635,4.074,6.415,0.919,VALID,(0.093, 0.096, 0.991),(0.032, 0.000, 0.000),0.616,3.926,6.373,0.954,2,0.9951379
175575,1000001130021739900,63875741920910,(0.034, 1.440, -0.018),(0.058, -0.023, -0.008, 0.998),VALID,(0.093, 0.096, 0.991),(0.000, 0.000, 0.000),64.325,VALID,(0.075, 0.139, 0.987),(-0.032, 0.000, 0.000),0.646,4.146,6.415,0.919,VALID,(0.093, 0.096, 0.991),(0.032, 0.000, 0.000),0.615,3.916,6.373,0.954,2,0.985662
175576,1000001130026781200,63875741920920,(0.034, 1.440, -0.018),(0.058, -0.023, -0.008, 0.998),VALID,(0.093, 0.096, 0.991),(0.000, 0.000, 0.000),64.325,VALID,(0.074, 0.141, 0.987),(-0.032, 0.000, 0.000),0.647,4.151,6.415,0.919,VALID,(0.093, 0.096, 0.991),(0.032, 0.000, 0.000),0.613,3.909,6.373,0.954,2,0.9748774
175577,1000001130031799700,63875741920920,(0.034, 1.440, -0.018),(0.058, -0.023, -0.008, 0.998),VALID,(0.093, 0.096, 0.991),(0.000, 0.000, 0.000),64.325,VALID,(0.074, 0.143, 0.987),(-0.032, 0.000, 0.000),0.647,4.151,6.415,0.919,VALID,(0.093, 0.096, 0.991),(0.032, 0.000, 0.000),0.612,3.900,6.373,0.954,2,0.9809247
175578,1000001130036819300,63875741920932,(0.034, 1.440, -0.018),(0.057, -0.023, -0.008, 0.998),VALID,(0.093, 0.096, 0.991),(0.000, 0.000, 0.000),64.325,VALID,(0.073, 0.145, 0.987),(-0.032, 0.000, 0.000),0.645,4.141,6.415,0.919,VALID,(0.093, 0.096, 0.991),(0.032, 0.000, 0.000),0.611,3.891,6.373,0.954,2,0.9891458
175579,1000001130041821800,63875741920932,(0.034, 1.440, -0.018),(0.057, -0.023, -0.008, 0.998),VALID,(0.093, 0.096, 0.991),(0.000, 0.000, 0.000),64.325,VALID,(0.072, 0.146, 0.987),(-0.032, 0.000, 0.000),0.645,4.141,6.415,0.919,VALID,(0.093, 0.096, 0.991),(0.032, 0.000, 0.000),0.609,3.882,6.373,0.954,2,0.9902017
175580,1000001130046782000,63875741920932,(0.034, 1.440, -0.018),(0.057, -0.023, -0.008, 0.998),VALID,(0.093, 0.096, 0.991),(0.000, 0.000, 0.000),64.325,VALID,(0.072, 0.147, 0.986),(-0.032, 0.000, 0.000),0.646,4.142,6.415,0.919,VALID,(0.093, 0.096, 0.991),(0.032, 0.000, 0.000),0.608,3.875,6.373,0.954,2,0.9852423
175581,1000001130051800500,63875741920942,(0.034, 1.440, -0.018),(0.057, -0.023, -0.008, 0.998),VALID,(0.092, 0.096, 0.991),(0.000, 0.000, 0.000),64.325,VALID,(0.072, 0.148, 0.986),(-0.032, 0.000, 0.000),0.643,4.126,6.415,0.918,VALID,(0.092, 0.096, 0.991),(0.032, 0.000, 0.000),0.607,3.869,6.373,0.954,2,0.9870632
175582,1000001130056782600,63875741920942,(0.034, 1.440, -0.018),(0.057, -0.023, -0.008, 0.998),VALID,(0.092, 0.097, 0.991),(0.000, 0.000, 0.000),64.325,VALID,(0.073, 0.144, 0.987),(-0.032, 0.000, 0.000),0.637,4.089,6.415,0.917,VALID,(0.092, 0.097, 0.991),(0.032, 0.000, 0.000),0.606,3.862,6.373,0.954,2,0.8799644
175583,1000001130061801100,63875741920953,(0.034, 1.440, -0.018),(0.057, -0.023, -0.008, 0.998),VALID,(0.092, 0.097, 0.991),(0.000, 0.000, 0.000),64.325,VALID,(0.073, 0.143, 0.987),(-0.032, 0.000, 0.000),0.624,4.001,6.415,0.915,VALID,(0.092, 0.097, 0.991),(0.032, 0.000, 0.000),0.605,3.854,6.373,0.954,2,0.7717677
175584,1000001130066861400,63875741920965,(0.034, 1.440, -0.018),(0.057, -0.022, -0.008, 0.998),VALID,(0.091, 0.097, 0.991),(0.000, 0.000, 0.000),64.325,VALID,(0.073, 0.142, 0.987),(-0.032, 0.000, 0.000),0.614,3.939,6.415,0.914,VALID,(0.091, 0.097, 0.991),(0.032, 0.000, 0.000),0.603,3.844,6.373,0.954,2,0.6222524
175585,1000001130071881000,63875741920965,(0.034, 1.440, -0.018),(0.057, -0.022, -0.008, 0.998),VALID,(0.091, 0.097, 0.991),(0.000, 0.000, 0.000),64.325,VALID,(0.074, 0.141, 0.987),(-0.032, 0.000, 0.000),0.608,3.899,6.415,0.912,VALID,(0.091, 0.097, 0.991),(0.032, 0.000, 0.000),0.602,3.837,6.373,0.953,2,0.4829774
175586,1000001130076896900,63875741920965,(0.034, 1.440, -0.018),(0.057, -0.022, -0.008, 0.998),VALID,(0.091, 0.098, 0.991),(0.000, 0.000, 0.000),64.325,VALID,(0.074, 0.139, 0.987),(-0.032, 0.000, 0.000),0.606,3.889,6.415,0.911,VALID,(0.091, 0.098, 0.991),(0.032, 0.000, 0.000),0.601,3.832,6.373,0.953,2,0.2912176
175587,1000001130081912800,63875741920976,(0.034, 1.440, -0.018),(0.057, -0.022, -0.008, 0.998),VALID,(0.091, 0.098, 0.991),(0.000, 0.000, 0.000),64.325,VALID,(0.074, 0.139, 0.988),(-0.032, 0.000, 0.000),0.606,3.886,6.415,0.910,VALID,(0.091, 0.098, 0.991),(0.032, 0.000, 0.000),0.600,3.826,6.373,0.953,2,0.1119677
175588,1000001130086921400,63875741920976,(0.034, 1.440, -0.018),(0.057, -0.022, -0.008, 0.998),VALID,(0.090, 0.099, 0.991),(0.000, 0.000, 0.000),64.325,VALID,(0.075, 0.137, 0.988),(-0.032, 0.000, 0.000),0.606,3.885,6.415,0.909,VALID,(0.090, 0.099, 0.991),(0.032, 0.000, 0.000),0.599,3.816,6.373,0.953,2,0
175589,1000001130091877400,63875741920976,(0.034, 1.440, -0.018),(0.057, -0.022, -0.008, 0.998),VALID,(0.090, 0.100, 0.991),(0.000, 0.000, 0.000),64.325,VALID,(0.075, 0.134, 0.988),(-0.032, 0.000, 0.000),0.606,3.885,6.415,0.907,VALID,(0.090, 0.100, 0.991),(0.032, 0.000, 0.000),0.598,3.810,6.373,0.952,2,0
175590,1000001130096886000,63875741920988,(0.034, 1.440, -0.018),(0.057, -0.022, -0.008, 0.998),VALID,(0.090, 0.101, 0.991),(0.000, 0.000, 0.000),64.325,VALID,(0.076, 0.131, 0.988),(-0.032, 0.000, 0.000),0.605,3.883,6.415,0.906,VALID,(0.090, 0.101, 0.991),(0.032, 0.000, 0.000),0.597,3.805,6.373,0.951,2,0
175591,1000001130101898600,63875741920988,(0.034, 1.440, -0.018),(0.057, -0.022, -0.008, 0.998),VALID,(0.089, 0.103, 0.991),(0.000, 0.000, 0.000),64.325,VALID,(0.076, 0.129, 0.989),(-0.032, 0.000, 0.000),0.605,3.883,6.415,0.904,VALID,(0.089, 0.103, 0.991),(0.032, 0.000, 0.000),0.596,3.800,6.373,0.950,2,0
175592,1000001130106924000,63875741920998,(0.034, 1.440, -0.018),(0.057, -0.022, -0.008, 0.998),VALID,(0.089, 0.103, 0.991),(0.000, 0.000, 0.000),64.325,VALID,(0.077, 0.126, 0.989),(-0.032, 0.000, 0.000),0.642,4.120,6.415,0.903,VALID,(0.089, 0.103, 0.991),(0.032, 0.000, 0.000),0.595,3.795,6.373,0.949,2,0
175593,1000001130111948900,63875741920998,(0.034, 1.440, -0.018),(0.057, -0.022, -0.008, 0.998),VALID,(0.088, 0.104, 0.991),(0.000, 0.000, 0.000),64.325,VALID,(0.077, 0.123, 0.989),(-0.032, 0.000, 0.000),0.646,4.147,6.415,0.900,VALID,(0.088, 0.104, 0.991),(0.032, 0.000, 0.000),0.595,3.792,6.373,0.947,2,0
175594,1000001130116962000,63875741921010,(0.034, 1.440, -0.018),(0.057, -0.022, -0.008, 0.998),VALID,(0.088, 0.104, 0.991),(0.000, 0.000, 0.000),64.325,VALID,(0.077, 0.123, 0.989),(-0.032, 0.000, 0.000),0.590,3.784,6.415,0.897,VALID,(0.088, 0.104, 0.991),(0.032, 0.000, 0.000),0.594,3.787,6.373,0.943,2,0
175595,1000001130121954300,63875741921010,(0.034, 1.440, -0.018),(0.057, -0.022, -0.008, 0.998),VALID,(0.088, 0.104, 0.991),(0.000, 0.000, 0.000),64.325,VALID,(0.077, 0.123, 0.990),(-0.032, 0.000, 0.000),0.588,3.770,6.415,0.887,VALID,(0.088, 0.104, 0.991),(0.032, 0.000, 0.000),0.593,3.781,6.373,0.935,2,0
175596,1000001130126970900,63875741921020,(0.034, 1.440, -0.018),(0.057, -0.022, -0.008, 0.998),VALID,(0.087, 0.102, 0.991),(0.000, 0.000, 0.000),64.325,VALID,(0.076, 0.119, 0.990),(-0.032, 0.000, 0.000),0.571,3.661,6.415,0.872,VALID,(0.087, 0.102, 0.991),(0.032, 0.000, 0.000),0.586,3.738,6.373,0.924,2,0
175597,1000001130131987500,63875741921020,(0.034, 1.440, -0.018),(0.057, -0.022, -0.008, 0.998),VALID,(0.088, 0.103, 0.991),(0.000, 0.000, 0.000),64.325,VALID,(0.076, 0.106, 0.991),(-0.032, 0.000, 0.000),0.526,3.377,6.415,0.852,VALID,(0.088, 0.103, 0.991),(0.032, 0.000, 0.000),0.582,3.708,6.373,0.905,2,0
175598,1000001130137004100,63875741921110,(0.034, 1.440, -0.019),(0.057, -0.022, -0.008, 0.998),VALID,(0.089, 0.102, 0.991),(0.000, 0.000, 0.000),64.325,VALID,(0.076, 0.093, 0.993),(-0.032, 0.000, 0.000),0.527,3.380,6.415,0.820,VALID,(0.089, 0.102, 0.991),(0.032, 0.000, 0.000),0.580,3.698,6.373,0.869,2,0
175599,1000001130142017200,63875741921110,(0.034, 1.440, -0.019),(0.057, -0.022, -0.008, 0.998),VALID,(0.086, 0.097, 0.992),(0.000, 0.000, 0.000),64.325,VALID,(0.075, 0.070, 0.995),(-0.032, 0.000, 0.000),0.000,0.000,6.415,0.797,VALID,(0.083, 0.100, 0.992),(0.032, 0.000, 0.000),0.000,0.000,6.373,0.821,2,0
175600,1000001130147033800,63875741921110,(0.034, 1.440, -0.019),(0.057, -0.022, -0.008, 0.998),INVALID,,,,INVALID,,,,,,,INVALID,,,,,,,,
175601,1000001130152046900,63875741921110,(0.034, 1.440, -0.019),(0.057, -0.022, -0.008, 0.998),VALID,(0.048, 0.036, 0.998),(0.000, 0.000, 0.000),64.325,INVALID,,,,,,,VALID,(0.045, 0.041, 0.998),(0.032, 0.000, 0.000),0.000,0.000,6.373,,2,0
175602,1000001130157059700,63875741921110,(0.034, 1.440, -0.019),(0.057, -0.022, -0.008, 0.998),INVALID,,,,INVALID,,,,,,,INVALID,,,,,,,,
175603,1000001130162072800,63875741921110,(0.034, 1.440, -0.019),(0.057, -0.022, -0.008, 0.998),INVALID,,,,INVALID,,,,,,,INVALID,,,,,,,,
175604,1000001130167085900,63875741921110,(0.034, 1.440, -0.019),(0.057, -0.022, -0.008, 0.998),INVALID,,,,INVALID,,,,,,,INVALID,,,,,,,,
175605,1000001130172096200,63875741921110,(0.034, 1.440, -0.019),(0.057, -0.022, -0.008, 0.998),INVALID,,,,INVALID,,,,,,,INVALID,,,,,,,,
175606,1000001130177096200,63875741921110,(0.034, 1.440, -0.019),(0.057, -0.022, -0.008, 0.998),INVALID,,,,INVALID,,,,,,,INVALID,,,,,,,,
175607,1000001130182111300,63875741921110,(0.034, 1.440, -0.019),(0.057, -0.022, -0.008, 0.998),INVALID,,,,INVALID,,,,,,,INVALID,,,,,,,,
175608,1000001130187124400,63875741921110,(0.034, 1.440, -0.019),(0.057, -0.022, -0.008, 0.998),INVALID,,,,INVALID,,,,,,,INVALID,,,,,,,,
175609,1000001130192140500,63875741921110,(0.034, 1.440, -0.019),(0.057, -0.022, -0.008, 0.998),INVALID,,,,INVALID,,,,,,,INVALID,,,,,,,,
175610,1000001130197153600,63875741921110,(0.034, 1.440, -0.019),(0.057, -0.022, -0.008, 0.998),INVALID,,,,INVALID,,,,,,,INVALID,,,,,,,,
175611,1000001130202170800,63875741921110,(0.034, 1.440, -0.019),(0.057, -0.022, -0.008, 0.998),INVALID,,,,INVALID,,,,,,,INVALID,,,,,,,,
175612,1000001130207183900,63875741921110,(0.034, 1.440, -0.019),(0.057, -0.022, -0.008, 0.998),INVALID,,,,INVALID,,,,,,,INVALID,,,,,,,,
175613,1000001130212183300,63875741921110,(0.034, 1.440, -0.019),(0.057, -0.022, -0.008, 0.998),INVALID,,,,INVALID,,,,,,,INVALID,,,,,,,,
175614,1000001130217196400,63875741921110,(0.034, 1.440, -0.019),(0.057, -0.022, -0.008, 0.998),INVALID,,,,INVALID,,,,,,,INVALID,,,,,,,,
175615,1000001130222209500,63875741921110,(0.034, 1.440, -0.019),(0.057, -0.022, -0.008, 0.998),VALID,(0.041, -0.256, 0.966),(0.000, 0.000, 0.000),64.325,INVALID,,,,,,,VALID,(0.039, -0.252, 0.967),(0.032, 0.000, 0.000),0.000,0.000,6.373,,2,0
175616,1000001130227222200,63875741921121,(0.034, 1.440, -0.019),(0.057, -0.022, -0.008, 0.998),VALID,(0.040, -0.400, 0.916),(0.000, 0.000, 0.000),64.325,INVALID,,,,,,,VALID,(0.038, -0.399, 0.916),(0.032, 0.000, 0.000),0.000,0.000,6.373,,2,0
175617,1000001130232234900,63875741921121,(0.034, 1.440, -0.019),(0.057, -0.022, -0.008, 0.998),VALID,(0.048, -0.305, 0.951),(0.000, 0.000, 0.000),64.325,INVALID,,,,,,,VALID,(0.046, -0.304, 0.952),(0.032, 0.000, 0.000),0.000,0.000,6.373,,2,0
175618,1000001130237281800,63875741921121,(0.034, 1.440, -0.019),(0.057, -0.022, -0.008, 0.998),VALID,(0.051, -0.313, 0.948),(0.000, 0.000, 0.000),64.325,INVALID,,,,,,,VALID,(0.050, -0.313, 0.949),(0.032, 0.000, 0.000),0.000,0.000,6.373,,2,0
175619,1000001130242294500,63875741921132,(0.034, 1.440, -0.019),(0.057, -0.022, -0.008, 0.998),VALID,(0.054, -0.309, 0.950),(0.000, 0.000, 0.000),64.325,INVALID,,,,,,,VALID,(0.053, -0.308, 0.950),(0.032, 0.000, 0.000),0.000,0.000,6.373,,2,0
175620,1000001130247307200,63875741921132,(0.034, 1.440, -0.019),(0.057, -0.022, -0.008, 0.998),VALID,(0.056, -0.298, 0.953),(0.000, 0.000, 0.000),64.325,INVALID,,,,,,,VALID,(0.055, -0.298, 0.953),(0.032, 0.000, 0.000),0.000,0.000,6.373,,2,0
175621,1000001130252310000,63875741921143,(0.034, 1.440, -0.019),(0.057, -0.022, -0.008, 0.998),VALID,(0.055, -0.340, 0.939),(0.000, 0.000, 0.000),64.325,INVALID,,,,,,,VALID,(0.054, -0.340, 0.939),(0.032, 0.000, 0.000),0.000,0.000,6.373,,2,0
175622,1000001130257322700,63875741921143,(0.034, 1.440, -0.019),(0.057, -0.022, -0.008, 0.998),VALID,(0.055, -0.360, 0.931),(0.000, 0.000, 0.000),64.325,INVALID,,,,,,,VALID,(0.054, -0.360, 0.932),(0.032, 0.000, 0.000),0.000,0.000,6.373,,2,0
175623,1000001130262325500,63875741921154,(0.034, 1.440, -0.019),(0.057, -0.022, -0.008, 0.998),VALID,(0.052, -0.284, 0.957),(0.000, 0.000, 0.000),64.325,INVALID,,,,,,,VALID,(0.051, -0.284, 0.957),(0.032, 0.000, 0.000),0.000,0.000,6.373,,2,0
175624,1000001130267374700,63875741921154,(0.034, 1.440, -0.019),(0.057, -0.022, -0.008, 0.998),VALID,(0.047, -0.238, 0.970),(0.000, 0.000, 0.000),64.325,INVALID,,,,,,,VALID,(0.047, -0.238, 0.970),(0.032, 0.000, 0.000),0.000,0.000,6.373,,2,0
175625,1000001130272377500,63875741921166,(0.034, 1.440, -0.019),(0.057, -0.022, -0.008, 0.998),VALID,(0.039, -0.180, 0.983),(0.000, 0.000, 0.000),64.325,INVALID,,,,,,,VALID,(0.039, -0.180, 0.983),(0.032, 0.000, 0.000),0.000,0.000,6.373,,2,0
175626,1000001130277375200,63875741921166,(0.034, 1.440, -0.019),(0.057, -0.022, -0.008, 0.998),VALID,(0.032, -0.128, 0.991),(0.000, 0.000, 0.000),64.325,INVALID,,,,,,,VALID,(0.032, -0.128, 0.991),(0.032, 0.000, 0.000),0.000,0.000,6.373,,2,0
175627,1000001130282370900,63875741921176,(0.034, 1.440, -0.019),(0.057, -0.022, -0.008, 0.998),VALID,(0.041, -0.061, 0.997),(0.000, 0.000, 0.000),64.325,VALID,(0.082, 0.031, 0.996),(-0.032, 0.000, 0.000),0.000,0.000,6.415,0.668,VALID,(0.041, -0.061, 0.997),(0.032, 0.000, 0.000),0.000,0.000,6.373,0.675,0.2584223,0
175628,1000001130287375800,63875741921176,(0.034, 1.440, -0.019),(0.057, -0.022, -0.008, 0.998),VALID,(0.045, -0.020, 0.999),(0.000, 0.000, 0.000),64.325,VALID,(0.082, 0.026, 0.996),(-0.032, 0.000, 0.000),0.000,0.000,6.415,0.671,VALID,(0.044, -0.020, 0.999),(0.032, 0.000, 0.000),0.000,0.000,6.373,0.687,0.686801,0
175629,1000001130292378600,63875741921176,(0.034, 1.440, -0.019),(0.057, -0.022, -0.008, 0.998),VALID,(0.041, -0.024, 0.999),(0.000, 0.000, 0.000),64.325,VALID,(0.076, 0.056, 0.996),(-0.032, 0.000, 0.000),0.000,0.000,6.415,0.677,VALID,(0.041, -0.024, 0.999),(0.032, 0.000, 0.000),0.000,0.000,6.373,0.696,0.2899592,0
175630,1000001130297383500,63875741921187,(0.034, 1.440, -0.018),(0.056, -0.023, -0.008, 0.998),VALID,(0.037, -0.023, 0.999),(0.000, 0.000, 0.000),64.325,VALID,(0.076, 0.045, 0.996),(-0.032, 0.000, 0.000),0.000,0.000,6.415,0.689,VALID,(0.037, -0.023, 0.999),(0.032, 0.000, 0.000),0.000,0.000,6.373,0.704,0.4067447,0
175631,1000001130302414300,63875741921188,(0.034, 1.440, -0.018),(0.056, -0.023, -0.008, 0.998),VALID,(0.033, -0.020, 0.999),(0.000, 0.000, 0.000),64.325,VALID,(0.078, 0.029, 0.997),(-0.032, 0.000, 0.000),0.000,0.000,6.415,0.698,VALID,(0.033, -0.020, 0.999),(0.032, 0.000, 0.000),0.000,0.000,6.373,0.712,0.6495337,0
175632,1000001130307417100,63875741921199,(0.034, 1.441, -0.018),(0.056, -0.023, -0.008, 0.998),VALID,(0.030, -0.012, 0.999),(0.000, 0.000, 0.000),64.325,VALID,(0.080, 0.018, 0.997),(-0.032, 0.000, 0.000),0.000,0.000,6.415,0.702,VALID,(0.030, -0.012, 0.999),(0.032, 0.000, 0.000),0.000,0.000,6.373,0.716,0.9320711,0
175633,1000001130312435700,63875741921199,(0.034, 1.441, -0.018),(0.056, -0.023, -0.008, 0.998),VALID,(0.035, 0.003, 0.999),(0.000, 0.000, 0.000),64.325,VALID,(0.082, 0.013, 0.997),(-0.032, 0.000, 0.000),0.000,0.000,6.415,0.712,VALID,(0.034, 0.014, 0.999),(0.032, 0.000, 0.000),0.000,0.000,6.373,0.722,2,0
175634,1000001130317438500,63875741921210,(0.034, 1.441, -0.018),(0.056, -0.023, -0.008, 0.998),VALID,(0.037, 0.013, 0.999),(0.000, 0.000, 0.000),64.325,VALID,(0.084, 0.009, 0.996),(-0.032, 0.000, 0.000),0.000,0.000,6.415,0.721,VALID,(0.037, 0.031, 0.999),(0.032, 0.000, 0.000),0.000,0.000,6.373,0.729,2,0
175635,1000001130322459000,63875741921210,(0.034, 1.441, -0.018),(0.056, -0.023, -0.008, 0.998),VALID,(0.040, 0.019, 0.999),(0.000, 0.000, 0.000),64.325,VALID,(0.085, 0.006, 0.996),(-0.032, 0.000, 0.000),0.000,0.000,6.415,0.729,VALID,(0.038, 0.042, 0.998),(0.032, 0.000, 0.000),0.000,0.000,6.373,0.735,0.8614546,0
175636,1000001130327461800,63875741921221,(0.034, 1.441, -0.018),(0.056, -0.023, -0.008, 0.998),VALID,(0.051, -0.007, 0.999),(0.000, 0.000, 0.000),64.325,VALID,(0.089, -0.017, 0.996),(-0.032, 0.000, 0.000),0.000,0.000,6.415,0.738,VALID,(0.040, 0.051, 0.998),(0.032, 0.000, 0.000),0.000,0.000,6.373,0.741,0.4469903,0
175637,1000001130332466700,63875741921221,(0.034, 1.441, -0.018),(0.056, -0.023, -0.008, 0.998),VALID,(0.052, 0.008, 0.999),(0.000, 0.000, 0.000),64.325,VALID,(0.091, -0.001, 0.996),(-0.032, 0.000, 0.000),0.000,0.000,6.415,0.746,VALID,(0.041, 0.047, 0.998),(0.032, 0.000, 0.000),0.000,0.000,6.373,0.747,0.6679038,0
175638,1000001130337521000,63875741921232,(0.034, 1.441, -0.018),(0.056, -0.023, -0.008, 0.998),VALID,(0.052, 0.019, 0.998),(0.000, 0.000, 0.000),64.325,VALID,(0.092, 0.009, 0.996),(-0.032, 0.000, 0.000),0.000,0.000,6.415,0.753,VALID,(0.042, 0.045, 0.998),(0.032, 0.000, 0.000),0.000,0.000,6.373,0.753,0.8465928,0
175639,1000001130342525900,63875741921232,(0.034, 1.441, -0.018),(0.056, -0.023, -0.008, 0.998),VALID,(0.053, 0.033, 0.998),(0.000, 0.000, 0.000),64.325,VALID,(0.093, 0.018, 0.996),(-0.032, 0.000, 0.000),0.000,0.000,6.415,0.761,VALID,(0.044, 0.050, 0.998),(0.032, 0.000, 0.000),0.000,0.000,6.373,0.759,0.9185132,0
175640,1000001130347522900,63875741921232,(0.034, 1.441, -0.018),(0.056, -0.023, -0.008, 0.998),VALID,(0.054, 0.044, 0.998),(0.000, 0.000, 0.000),64.325,VALID,(0.092, 0.025, 0.995),(-0.032, 0.000, 0.000),0.509,3.263,6.415,0.768,VALID,(0.045, 0.055, 0.997),(0.032, 0.000, 0.000),0.525,3.347,6.373,0.765,0.9587194,0
175641,1000001130352539100,63875741921243,(0.034, 1.440, -0.018),(0.057, -0.023, -0.008, 0.998),VALID,(0.055, 0.053, 0.997),(0.000, 0.000, 0.000),64.325,VALID,(0.090, 0.029, 0.996),(-0.032, 0.000, 0.000),0.510,3.271,6.415,0.776,VALID,(0.046, 0.060, 0.997),(0.032, 0.000, 0.000),0.552,3.518,6.373,0.771,0.9624652,0
175642,1000001130357560100,63875741921254,(0.034, 1.440, -0.018),(0.057, -0.023, -0.008, 0.998),VALID,(0.072, 0.094, 0.993),(0.000, 0.000, 0.000),64.325,VALID,(0.090, 0.029, 0.996),(-0.032, 0.000, 0.000),0.488,3.131,6.415,0.782,VALID,(0.064, 0.098, 0.993),(0.032, 0.000, 0.000),0.557,3.548,6.373,0.777,0.3082943,0
175643,1000001130362565000,63875741921254,(0.034, 1.440, -0.018),(0.057, -0.023, -0.008, 0.998),VALID,(0.069, 0.087, 0.994),(0.000, 0.000, 0.000),64.325,VALID,(0.089, 0.031, 0.996),(-0.032, 0.000, 0.000),0.505,3.237,6.415,0.789,VALID,(0.063, 0.089, 0.994),(0.032, 0.000, 0.000),0.557,3.547,6.373,0.784,0.4056247,0
175644,1000001130367581200,63875741921254,(0.034, 1.440, -0.018),(0.057, -0.023, -0.008, 0.998),VALID,(0.067, 0.080, 0.995),(0.000, 0.000, 0.000),64.325,VALID,(0.088, 0.035, 0.995),(-0.032, 0.000, 0.000),0.511,3.277,6.415,0.797,VALID,(0.061, 0.082, 0.995),(0.032, 0.000, 0.000),0.555,3.537,6.373,0.790,0.5876039,0
175645,1000001130372586100,63875741921266,(0.034, 1.440, -0.018),(0.057, -0.023, -0.008, 0.998),VALID,(0.065, 0.074, 0.995),(0.000, 0.000, 0.000),64.325,VALID,(0.088, 0.041, 0.995),(-0.032, 0.000, 0.000),0.512,3.287,6.415,0.804,VALID,(0.060, 0.076, 0.995),(0.032, 0.000, 0.000),0.552,3.520,6.373,0.796,2,0
175646,1000001130377612500,63875741921266,(0.034, 1.440, -0.018),(0.057, -0.023, -0.008, 0.998),VALID,(0.063, 0.070, 0.996),(0.000, 0.000, 0.000),64.325,VALID,(0.088, 0.047, 0.995),(-0.032, 0.000, 0.000),0.513,3.290,6.415,0.811,VALID,(0.059, 0.072, 0.996),(0.032, 0.000, 0.000),0.551,3.512,6.373,0.802,2,0
175647,1000001130382617400,63875741921277,(0.034, 1.440, -0.018),(0.057, -0.023, -0.008, 0.998),VALID,(0.062, 0.069, 0.996),(0.000, 0.000, 0.000),64.325,VALID,(0.086, 0.050, 0.995),(-0.032, 0.000, 0.000),0.513,3.292,6.415,0.819,VALID,(0.058, 0.070, 0.996),(0.032, 0.000, 0.000),0.549,3.497,6.373,0.808,2,0
175648,1000001130387596100,63875741921277,(0.034, 1.440, -0.018),(0.057, -0.023, -0.008, 0.998),VALID,(0.062, 0.068, 0.996),(0.000, 0.000, 0.000),64.325,VALID,(0.084, 0.052, 0.995),(-0.032, 0.000, 0.000),0.514,3.296,6.415,0.827,VALID,(0.058, 0.069, 0.996),(0.032, 0.000, 0.000),0.547,3.489,6.373,0.815,2,0
175649,1000001130392611700,63875741921277,(0.034, 1.440, -0.018),(0.057, -0.023, -0.008, 0.998),VALID,(0.061, 0.067, 0.996),(0.000, 0.000, 0.000),64.325,VALID,(0.083, 0.059, 0.995),(-0.032, 0.000, 0.000),0.516,3.311,6.415,0.834,VALID,(0.057, 0.068, 0.996),(0.032, 0.000, 0.000),0.547,3.483,6.373,0.821,2,0
175650,1000001130397627900,63875741921288,(0.034, 1.440, -0.018),(0.057, -0.023, -0.008, 0.998),VALID,(0.060, 0.067, 0.996),(0.000, 0.000, 0.000),64.325,VALID,(0.083, 0.066, 0.994),(-0.032, 0.000, 0.000),0.519,3.331,6.415,0.842,VALID,(0.057, 0.068, 0.996),(0.032, 0.000, 0.000),0.547,3.483,6.373,0.828,2,0
175651,1000001130402644100,63875741921288,(0.034, 1.440, -0.018),(0.057, -0.023, -0.008, 0.998),VALID,(0.060, 0.066, 0.996),(0.000, 0.000, 0.000),64.325,VALID,(0.083, 0.074, 0.994),(-0.032, 0.000, 0.000),0.531,3.406,6.415,0.849,VALID,(0.056, 0.067, 0.996),(0.032, 0.000, 0.000),0.545,3.476,6.373,0.834,2,0
175652,1000001130407668800,63875741921299,(0.034, 1.440, -0.018),(0.057, -0.022, -0.008, 0.998),VALID,(0.060, 0.066, 0.996),(0.000, 0.000, 0.000),64.325,VALID,(0.083, 0.081, 0.993),(-0.032, 0.000, 0.000),0.538,3.454,6.415,0.856,VALID,(0.056, 0.066, 0.996),(0.032, 0.000, 0.000),0.544,3.469,6.373,0.840,2,0
175653,1000001130412716400,63875741921299,(0.034, 1.440, -0.018),(0.057, -0.022, -0.008, 0.998),VALID,(0.059, 0.065, 0.996),(0.000, 0.000, 0.000),64.325,VALID,(0.082, 0.087, 0.993),(-0.032, 0.000, 0.000),0.541,3.468,6.415,0.863,VALID,(0.056, 0.066, 0.996),(0.032, 0.000, 0.000),0.544,3.464,6.373,0.846,2,0
175654,1000001130417742700,63875741921311,(0.034, 1.440, -0.018),(0.057, -0.022, -0.008, 0.998),VALID,(0.059, 0.065, 0.996),(0.000, 0.000, 0.000),64.325,VALID,(0.082, 0.092, 0.992),(-0.032, 0.000, 0.000),0.542,3.478,6.415,0.869,VALID,(0.055, 0.066, 0.996),(0.032, 0.000, 0.000),0.543,3.461,6.373,0.852,2,0
175655,1000001130422769000,63875741921311,(0.034, 1.440, -0.018),(0.057, -0.022, -0.008, 0.998),VALID,(0.058, 0.066, 0.996),(0.000, 0.000, 0.000),64.325,VALID,(0.078, 0.087, 0.993),(-0.032, 0.000, 0.000),0.543,3.484,6.415,0.875,VALID,(0.055, 0.066, 0.996),(0.032, 0.000, 0.000),0.543,3.458,6.373,0.857,2,0
175656,1000001130427795300,63875741921321,(0.034, 1.440, -0.018),(0.057, -0.022, -0.007, 0.998),VALID,(0.058, 0.067, 0.996),(0.000, 0.000, 0.000),64.325,VALID,(0.078, 0.092, 0.993),(-0.032, 0.000, 0.000),0.544,3.487,6.415,0.880,VALID,(0.055, 0.067, 0.996),(0.032, 0.000, 0.000),0.542,3.456,6.373,0.862,2,0
175657,1000001130432759400,63875741921321,(0.034, 1.440, -0.018),(0.057, -0.022, -0.007, 0.998),VALID,(0.057, 0.068, 0.996),(0.000, 0.000, 0.000),64.325,VALID,(0.074, 0.088, 0.993),(-0.032, 0.000, 0.000),0.543,3.481,6.415,0.885,VALID,(0.055, 0.068, 0.996),(0.032, 0.000, 0.000),0.542,3.454,6.373,0.867,2,0
175658,1000001130437785700,63875741921332,(0.034, 1.440, -0.018),(0.057, -0.022, -0.007, 0.998),VALID,(0.057, 0.068, 0.996),(0.000, 0.000, 0.000),64.325,VALID,(0.071, 0.085, 0.994),(-0.032, 0.000, 0.000),0.543,3.481,6.415,0.890,VALID,(0.055, 0.068, 0.996),(0.032, 0.000, 0.000),0.542,3.452,6.373,0.870,2,0
175659,1000001130442766500,63875741921332,(0.034, 1.440, -0.018),(0.057, -0.022, -0.007, 0.998),VALID,(0.056, 0.069, 0.996),(0.000, 0.000, 0.000),64.325,VALID,(0.072, 0.089, 0.993),(-0.032, 0.000, 0.000),0.543,3.487,6.415,0.895,VALID,(0.054, 0.069, 0.996),(0.032, 0.000, 0.000),0.541,3.450,6.373,0.874,2,0
175660,1000001130447746200,63875741921332,(0.034, 1.440, -0.018),(0.057, -0.022, -0.007, 0.998),VALID,(0.056, 0.069, 0.996),(0.000, 0.000, 0.000),64.325,VALID,(0.072, 0.093, 0.993),(-0.032, 0.000, 0.000),0.548,3.517,6.415,0.900,VALID,(0.054, 0.069, 0.996),(0.032, 0.000, 0.000),0.541,3.450,6.373,0.877,2,0
175661,1000001130452754300,63875741921343,(0.033, 1.440, -0.018),(0.057, -0.023, -0.007, 0.998),VALID,(0.055, 0.069, 0.996),(0.000, 0.000, 0.000),64.325,VALID,(0.073, 0.097, 0.993),(-0.032, 0.000, 0.000),0.549,3.522,6.415,0.905,VALID,(0.054, 0.069, 0.996),(0.032, 0.000, 0.000),0.541,3.448,6.373,0.880,2,0
175662,1000001130457777700,63875741921343,(0.033, 1.440, -0.018),(0.057, -0.023, -0.007, 0.998),VALID,(0.055, 0.068, 0.996),(0.000, 0.000, 0.000),64.325,VALID,(0.073, 0.098, 0.992),(-0.032, 0.000, 0.000),0.547,3.509,6.415,0.908,VALID,(0.054, 0.068, 0.996),(0.032, 0.000, 0.000),0.541,3.446,6.373,0.882,2,0.5717586
175663,1000001130462865400,63875741921354,(0.034, 1.440, -0.019),(0.057, -0.023, -0.007, 0.998),VALID,(0.054, 0.068, 0.996),(0.000, 0.000, 0.000),64.325,VALID,(0.074, 0.099, 0.992),(-0.032, 0.000, 0.000),0.546,3.502,6.415,0.912,VALID,(0.053, 0.068, 0.996),(0.032, 0.000, 0.000),0.540,3.443,6.373,0.885,2,0.6661556
175664,1000001130467888800,63875741921354,(0.034, 1.440, -0.019),(0.057, -0.023, -0.007, 0.998),VALID,(0.054, 0.068, 0.996),(0.000, 0.000, 0.000),64.325,VALID,(0.074, 0.101, 0.992),(-0.032, 0.000, 0.000),0.547,3.507,6.415,0.915,VALID,(0.053, 0.068, 0.996),(0.032, 0.000, 0.000),0.540,3.439,6.373,0.886,2,0.7299268
175665,1000001130472912200,63875741921366,(0.034, 1.440, -0.019),(0.057, -0.023, -0.007, 0.998),VALID,(0.053, 0.068, 0.996),(0.000, 0.000, 0.000),64.325,VALID,(0.074, 0.101, 0.992),(-0.032, 0.000, 0.000),0.544,3.488,6.415,0.918,VALID,(0.053, 0.068, 0.996),(0.032, 0.000, 0.000),0.539,3.434,6.373,0.888,2,0.7295967
175666,1000001130477935600,63875741921366,(0.034, 1.440, -0.019),(0.057, -0.023, -0.007, 0.998),VALID,(0.053, 0.068, 0.996),(0.000, 0.000, 0.000),64.325,VALID,(0.074, 0.100, 0.992),(-0.032, 0.000, 0.000),0.542,3.479,6.415,0.922,VALID,(0.053, 0.068, 0.996),(0.032, 0.000, 0.000),0.538,3.430,6.373,0.889,2,0.7659553
175667,1000001130482957600,63875741921377,(0.034, 1.440, -0.018),(0.057, -0.023, -0.007, 0.998),VALID,(0.052, 0.068, 0.996),(0.000, 0.000, 0.000),64.325,VALID,(0.075, 0.100, 0.992),(-0.032, 0.000, 0.000),0.541,3.471,6.415,0.927,VALID,(0.052, 0.068, 0.996),(0.032, 0.000, 0.000),0.538,3.426,6.373,0.891,2,0.7641401
175668,1000001130487876600,63875741921377,(0.034, 1.440, -0.018),(0.057, -0.023, -0.007, 0.998),VALID,(0.052, 0.068, 0.996),(0.000, 0.000, 0.000),64.325,VALID,(0.075, 0.100, 0.992),(-0.032, 0.000, 0.000),0.541,3.468,6.415,0.931,VALID,(0.052, 0.068, 0.996),(0.032, 0.000, 0.000),0.537,3.423,6.373,0.892,2,0.772002
175669,1000001130492869600,63875741921377,(0.034, 1.440, -0.018),(0.057, -0.023, -0.007, 0.998),VALID,(0.051, 0.068, 0.996),(0.000, 0.000, 0.000),64.325,VALID,(0.075, 0.099, 0.992),(-0.032, 0.000, 0.000),0.540,3.466,6.415,0.933,VALID,(0.051, 0.068, 0.996),(0.032, 0.000, 0.000),0.537,3.420,6.373,0.893,2,0.8060952
175670,1000001130497891600,63875741921388,(0.034, 1.440, -0.018),(0.056, -0.023, -0.007, 0.998),VALID,(0.051, 0.068, 0.996),(0.000, 0.000, 0.000),64.325,VALID,(0.075, 0.099, 0.992),(-0.032, 0.000, 0.000),0.540,3.466,6.415,0.934,VALID,(0.051, 0.068, 0.996),(0.032, 0.000, 0.000),0.536,3.417,6.373,0.894,2,0.8854344
175671,1000001130502904300,63875741921388,(0.034, 1.440, -0.018),(0.056, -0.023, -0.007, 0.998),VALID,(0.050, 0.067, 0.996),(0.000, 0.000, 0.000),64.325,VALID,(0.075, 0.098, 0.992),(-0.032, 0.000, 0.000),0.534,3.428,6.415,0.937,VALID,(0.050, 0.067, 0.996),(0.032, 0.000, 0.000),0.536,3.414,6.373,0.897,2,0.8794624
175672,1000001130507902900,63875741921399,(0.034, 1.440, -0.018),(0.056, -0.023, -0.007, 0.998),VALID,(0.049, 0.067, 0.997),(0.000, 0.000, 0.000),64.325,VALID,(0.075, 0.097, 0.992),(-0.032, 0.000, 0.000),0.532,3.412,6.415,0.937,VALID,(0.050, 0.067, 0.996),(0.032, 0.000, 0.000),0.535,3.411,6.373,0.898,2,0.8808463
175673,1000001130512913000,63875741921399,(0.034, 1.440, -0.018),(0.056, -0.023, -0.007, 0.998),VALID,(0.049, 0.067, 0.997),(0.000, 0.000, 0.000),64.325,VALID,(0.075, 0.097, 0.992),(-0.032, 0.000, 0.000),0.532,3.413,6.415,0.939,VALID,(0.049, 0.067, 0.997),(0.032, 0.000, 0.000),0.535,3.408,6.373,0.899,2,0.8916685
175674,1000001130517925700,63875741921410,(0.034, 1.440, -0.018),(0.056, -0.023, -0.007, 0.998),VALID,(0.048, 0.067, 0.997),(0.000, 0.000, 0.000),64.325,VALID,(0.076, 0.096, 0.992),(-0.032, 0.000, 0.000),0.533,3.421,6.415,0.941,VALID,(0.049, 0.067, 0.997),(0.032, 0.000, 0.000),0.534,3.406,6.373,0.900,2,0.9353712
175675,1000001130522973700,63875741921410,(0.034, 1.440, -0.018),(0.056, -0.023, -0.007, 0.998),VALID,(0.048, 0.066, 0.997),(0.000, 0.000, 0.000),64.325,VALID,(0.076, 0.096, 0.993),(-0.032, 0.000, 0.000),0.534,3.426,6.415,0.941,VALID,(0.048, 0.067, 0.997),(0.032, 0.000, 0.000),0.534,3.404,6.373,0.901,2,0.9476954
175676,1000001130527985100,63875741921421,(0.034, 1.440, -0.018),(0.056, -0.023, -0.007, 0.998),VALID,(0.047, 0.066, 0.997),(0.000, 0.000, 0.000),64.325,VALID,(0.076, 0.096, 0.993),(-0.032, 0.000, 0.000),0.534,3.426,6.415,0.943,VALID,(0.048, 0.066, 0.997),(0.032, 0.000, 0.000),0.534,3.403,6.373,0.902,2,0.9666581
175677,1000001130532996500,63875741921422,(0.034, 1.440, -0.018),(0.056, -0.023, -0.007, 0.998),VALID,(0.047, 0.066, 0.997),(0.000, 0.000, 0.000),64.325,VALID,(0.076, 0.095, 0.993),(-0.032, 0.000, 0.000),0.534,3.426,6.415,0.945,VALID,(0.047, 0.066, 0.997),(0.032, 0.000, 0.000),0.534,3.400,6.373,0.903,2,0.9462767
175678,1000001130537998800,63875741921422,(0.034, 1.440, -0.018),(0.056, -0.023, -0.007, 0.998),VALID,(0.046, 0.066, 0.997),(0.000, 0.000, 0.000),64.325,VALID,(0.076, 0.095, 0.993),(-0.032, 0.000, 0.000),0.533,3.420,6.415,0.947,VALID,(0.047, 0.066, 0.997),(0.032, 0.000, 0.000),0.533,3.399,6.373,0.905,2,0.9710858
175679,1000001130542998400,63875741921433,(0.034, 1.441, -0.018),(0.056, -0.023, -0.007, 0.998),VALID,(0.046, 0.065, 0.997),(0.000, 0.000, 0.000),64.325,VALID,(0.076, 0.095, 0.993),(-0.032, 0.000, 0.000),0.532,3.414,6.415,0.948,VALID,(0.046, 0.065, 0.997),(0.032, 0.000, 0.000),0.533,3.397,6.373,0.907,2,0.9708144
175680,1000001130547999500,63875741921433,(0.034, 1.441, -0.018),(0.056, -0.023, -0.007, 0.998),VALID,(0.048, 0.066, 0.997),(0.000, 0.000, 0.000),64.325,VALID,(0.077, 0.094, 0.993),(-0.032, 0.000, 0.000),0.531,3.408,6.415,0.950,VALID,(0.048, 0.066, 0.997),(0.032, 0.000, 0.000),0.533,3.397,6.373,0.909,2,0.518151
175681,1000001130553001800,63875741921443,(0.034, 1.441, -0.018),(0.056, -0.023, -0.007, 0.998),VALID,(0.047, 0.065, 0.997),(0.000, 0.000, 0.000),64.325,VALID,(0.077, 0.094, 0.993),(-0.032, 0.000, 0.000),0.531,3.404,6.415,0.952,VALID,(0.048, 0.066, 0.997),(0.032, 0.000, 0.000),0.533,3.397,6.373,0.911,2,0.08198716
175682,1000001130558047400,63875741921443,(0.034, 1.441, -0.018),(0.056, -0.023, -0.007, 0.998),VALID,(0.047, 0.065, 0.997),(0.000, 0.000, 0.000),64.325,VALID,(0.077, 0.094, 0.993),(-0.032, 0.000, 0.000),0.530,3.401,6.415,0.953,VALID,(0.047, 0.065, 0.997),(0.032, 0.000, 0.000),0.533,3.397,6.373,0.914,2,0.08628863
175683,1000001130563028500,63875741921454,(0.034, 1.441, -0.018),(0.056, -0.023, -0.007, 0.998),VALID,(0.046, 0.065, 0.997),(0.000, 0.000, 0.000),64.325,VALID,(0.077, 0.093, 0.993),(-0.032, 0.000, 0.000),0.530,3.399,6.415,0.955,VALID,(0.047, 0.065, 0.997),(0.032, 0.000, 0.000),0.533,3.396,6.373,0.914,2,0.09398422
175684,1000001130568030800,63875741921454,(0.034, 1.441, -0.018),(0.056, -0.023, -0.007, 0.998),VALID,(0.046, 0.064, 0.997),(0.000, 0.000, 0.000),64.325,VALID,(0.077, 0.093, 0.993),(-0.032, 0.000, 0.000),0.534,3.427,6.415,0.956,VALID,(0.046, 0.064, 0.997),(0.032, 0.000, 0.000),0.533,3.396,6.373,0.916,2,0.0962468
175685,1000001130573035300,63875741921465,(0.034, 1.441, -0.018),(0.056, -0.023, -0.007, 0.998),VALID,(0.046, 0.064, 0.997),(0.000, 0.000, 0.000),64.325,VALID,(0.077, 0.093, 0.993),(-0.032, 0.000, 0.000),0.535,3.429,6.415,0.957,VALID,(0.046, 0.063, 0.997),(0.032, 0.000, 0.000),0.532,3.393,6.373,0.917,2,0.09802699
175686,1000001130578098300,63875741921465,(0.034, 1.441, -0.018),(0.056, -0.023, -0.007, 0.998),VALID,(0.045, 0.063, 0.997),(0.000, 0.000, 0.000),64.325,VALID,(0.077, 0.092, 0.993),(-0.032, 0.000, 0.000),0.534,3.429,6.415,0.958,VALID,(0.045, 0.063, 0.997),(0.032, 0.000, 0.000),0.532,3.391,6.373,0.918,2,0.1069653
175687,1000001130583100600,63875741921477,(0.034, 1.441, -0.018),(0.056, -0.023, -0.007, 0.998),VALID,(0.045, 0.062, 0.997),(0.000, 0.000, 0.000),64.325,VALID,(0.078, 0.092, 0.993),(-0.032, 0.000, 0.000),0.532,3.414,6.415,0.959,VALID,(0.045, 0.062, 0.997),(0.032, 0.000, 0.000),0.532,3.389,6.373,0.920,2,0.1039387
175688,1000001130588126000,63875741921477,(0.034, 1.441, -0.018),(0.056, -0.023, -0.007, 0.998),VALID,(0.044, 0.062, 0.997),(0.000, 0.000, 0.000),64.325,VALID,(0.078, 0.091, 0.993),(-0.032, 0.000, 0.000),0.531,3.407,6.415,0.960,VALID,(0.045, 0.062, 0.997),(0.032, 0.000, 0.000),0.532,3.388,6.373,0.921,2,0.1207083
175689,1000001130593128300,63875741921488,(0.034, 1.441, -0.018),(0.056, -0.023, -0.007, 0.998),VALID,(0.044, 0.061, 0.997),(0.000, 0.000, 0.000),64.325,VALID,(0.078, 0.090, 0.993),(-0.032, 0.000, 0.000),0.531,3.407,6.415,0.961,VALID,(0.044, 0.061, 0.997),(0.032, 0.000, 0.000),0.532,3.387,6.373,0.923,2,0.1210676
175690,1000001130598130600,63875741921488,(0.034, 1.441, -0.018),(0.056, -0.023, -0.007, 0.998),VALID,(0.044, 0.061, 0.997),(0.000, 0.000, 0.000),64.325,VALID,(0.078, 0.089, 0.993),(-0.032, 0.000, 0.000),0.531,3.408,6.415,0.962,VALID,(0.044, 0.061, 0.997),(0.032, 0.000, 0.000),0.531,3.387,6.373,0.923,2,0.1268515
175691,1000001130603132900,63875741921488,(0.034, 1.441, -0.018),(0.056, -0.023, -0.007, 0.998),VALID,(0.043, 0.060, 0.997),(0.000, 0.000, 0.000),64.325,VALID,(0.078, 0.089, 0.993),(-0.032, 0.000, 0.000),0.531,3.409,6.415,0.963,VALID,(0.043, 0.060, 0.997),(0.032, 0.000, 0.000),0.531,3.386,6.373,0.925,2,0.1303198
175692,1000001130608140400,63875741921499,(0.034, 1.441, -0.018),(0.056, -0.023, -0.007, 0.998),VALID,(0.043, 0.060, 0.997),(0.000, 0.000, 0.000),64.325,VALID,(0.078, 0.088, 0.993),(-0.032, 0.000, 0.000),0.533,3.418,6.415,0.963,VALID,(0.043, 0.060, 0.997),(0.032, 0.000, 0.000),0.531,3.386,6.373,0.926,2,0.1401614
175693,1000001130613142700,63875741921499,(0.034, 1.441, -0.018),(0.056, -0.023, -0.007, 0.998),VALID,(0.043, 0.059, 0.997),(0.000, 0.000, 0.000),64.325,VALID,(0.078, 0.088, 0.993),(-0.032, 0.000, 0.000),0.533,3.417,6.415,0.964,VALID,(0.043, 0.059, 0.997),(0.032, 0.000, 0.000),0.531,3.386,6.373,0.928,2,0.1437476
175694,1000001130618162000,63875741921511,(0.034, 1.441, -0.018),(0.056, -0.023, -0.007, 0.998),VALID,(0.042, 0.059, 0.997),(0.000, 0.000, 0.000),64.325,VALID,(0.079, 0.087, 0.993),(-0.032, 0.000, 0.000),0.532,3.412,6.415,0.965,VALID,(0.042, 0.058, 0.997),(0.032, 0.000, 0.000),0.531,3.385,6.373,0.929,2,0.1415878
175695,1000001130623163700,63875741921511,(0.034, 1.441, -0.018),(0.056, -0.023, -0.007, 0.998),VALID,(0.042, 0.058, 0.997),(0.000, 0.000, 0.000),64.325,VALID,(0.079, 0.086, 0.993),(-0.032, 0.000, 0.000),0.532,3.410,6.415,0.965,VALID,(0.042, 0.058, 0.997),(0.032, 0.000, 0.000),0.531,3.385,6.373,0.931,2,0.1472585
175696,1000001130628168200,63875741921522,(0.034, 1.441, -0.018),(0.056, -0.023, -0.007, 0.998),VALID,(0.042, 0.057, 0.997),(0.000, 0.000, 0.000),64.325,VALID,(0.079, 0.085, 0.993),(-0.032, 0.000, 0.000),0.531,3.409,6.415,0.966,VALID,(0.042, 0.057, 0.997),(0.032, 0.000, 0.000),0.531,3.385,6.373,0.931,2,0.1597675
175697,1000001130633222300,63875741921522,(0.034, 1.441, -0.018),(0.056, -0.023, -0.007, 0.998),VALID,(0.041, 0.057, 0.998),(0.000, 0.000, 0.000),64.325,VALID,(0.079, 0.084, 0.993),(-0.032, 0.000, 0.000),0.531,3.407,6.415,0.966,VALID,(0.042, 0.057, 0.998),(0.032, 0.000, 0.000),0.531,3.384,6.373,0.931,2,0.1476888
175698,1000001130638226800,63875741921533,(0.034, 1.441, -0.018),(0.056, -0.023, -0.007, 0.998),VALID,(0.041, 0.056, 0.998),(0.000, 0.000, 0.000),64.325,VALID,(0.079, 0.083, 0.993),(-0.032, 0.000, 0.000),0.531,3.406,6.415,0.967,VALID,(0.041, 0.056, 0.998),(0.032, 0.000, 0.000),0.531,3.384,6.373,0.932,2,0.1420415
175699,1000001130643231300,63875741921533,(0.034, 1.441, -0.018),(0.056, -0.023, -0.007, 0.998),VALID,(0.041, 0.056, 0.998),(0.000, 0.000, 0.000),64.325,VALID,(0.079, 0.083, 0.993),(-0.032, 0.000, 0.000),0.531,3.405,6.415,0.967,VALID,(0.041, 0.056, 0.998),(0.032, 0.000, 0.000),0.531,3.384,6.373,0.933,2,0.6059943
175700,1000001130648274300,63875741921533,(0.034, 1.441, -0.018),(0.056, -0.023, -0.007, 0.998),VALID,(0.041, 0.055, 0.998),(0.000, 0.000, 0.000),64.325,VALID,(0.079, 0.082, 0.993),(-0.032, 0.000, 0.000),0.531,3.404,6.415,0.968,VALID,(0.041, 0.055, 0.998),(0.032, 0.000, 0.000),0.531,3.384,6.373,0.934,2,1
175701,1000001130653278800,63875741921544,(0.034, 1.441, -0.018),(0.056, -0.023, -0.007, 0.998),VALID,(0.040, 0.054, 0.998),(0.000, 0.000, 0.000),64.325,VALID,(0.079, 0.081, 0.994),(-0.032, 0.000, 0.000),0.531,3.404,6.415,0.968,VALID,(0.041, 0.054, 0.998),(0.032, 0.000, 0.000),0.531,3.384,6.373,0.934,2,1
175702,1000001130658282400,63875741921544,(0.034, 1.441, -0.018),(0.056, -0.023, -0.007, 0.998),VALID,(0.040, 0.054, 0.998),(0.000, 0.000, 0.000),64.325,VALID,(0.079, 0.081, 0.994),(-0.032, 0.000, 0.000),0.530,3.403,6.415,0.969,VALID,(0.040, 0.054, 0.998),(0.032, 0.000, 0.000),0.531,3.384,6.373,0.935,2,1
175703,1000001130663286900,63875741921555,(0.034, 1.441, -0.018),(0.056, -0.023, -0.007, 0.998),VALID,(0.040, 0.053, 0.998),(0.000, 0.000, 0.000),64.325,VALID,(0.079, 0.080, 0.994),(-0.032, 0.000, 0.000),0.530,3.402,6.415,0.969,VALID,(0.040, 0.053, 0.998),(0.032, 0.000, 0.000),0.531,3.383,6.373,0.935,2,1
175704,1000001130668291400,63875741921555,(0.034, 1.441, -0.018),(0.056, -0.023, -0.007, 0.998),VALID,(0.040, 0.052, 0.998),(0.000, 0.000, 0.000),64.325,VALID,(0.079, 0.080, 0.994),(-0.032, 0.000, 0.000),0.531,3.404,6.415,0.970,VALID,(0.040, 0.052, 0.998),(0.032, 0.000, 0.000),0.531,3.383,6.373,0.935,2,1
175705,1000001130673325400,63875741921566,(0.034, 1.441, -0.018),(0.056, -0.023, -0.007, 0.998),VALID,(0.039, 0.052, 0.998),(0.000, 0.000, 0.000),64.325,VALID,(0.079, 0.079, 0.994),(-0.032, 0.000, 0.000),0.531,3.405,6.415,0.970,VALID,(0.039, 0.052, 0.998),(0.032, 0.000, 0.000),0.531,3.383,6.373,0.935,2,0.9088472
175706,1000001130678329900,63875741921566,(0.034, 1.441, -0.018),(0.056, -0.023, -0.007, 0.998),VALID,(0.038, 0.052, 0.998),(0.000, 0.000, 0.000),64.325,VALID,(0.079, 0.079, 0.994),(-0.032, 0.000, 0.000),0.531,3.405,6.415,0.971,VALID,(0.038, 0.052, 0.998),(0.032, 0.000, 0.000),0.531,3.383,6.373,0.936,2,0.9091246
175707,1000001130683342500,63875741921577,(0.034, 1.441, -0.018),(0.056, -0.023, -0.007, 0.998),VALID,(0.037, 0.052, 0.998),(0.000, 0.000, 0.000),64.325,VALID,(0.079, 0.078, 0.994),(-0.032, 0.000, 0.000),0.531,3.405,6.415,0.971,VALID,(0.037, 0.052, 0.998),(0.032, 0.000, 0.000),0.531,3.383,6.373,0.936,2,0.9054874
175708,1000001130688352200,63875741921577,(0.034, 1.441, -0.018),(0.056, -0.023, -0.007, 0.998),VALID,(0.035, 0.052, 0.998),(0.000, 0.000, 0.000),64.325,VALID,(0.088, 0.075, 0.993),(-0.032, 0.000, 0.000),0.531,3.405,6.415,0.971,VALID,(0.035, 0.052, 0.998),(0.032, 0.000, 0.000),0.531,3.383,6.373,0.937,1.015327,0.9176108
175709,1000001130693363600,63875741921577,(0.034, 1.441, -0.018),(0.056, -0.023, -0.007, 0.998),VALID,(0.035, 0.051, 0.998),(0.000, 0.000, 0.000),64.325,VALID,(0.087, 0.075, 0.993),(-0.032, 0.000, 0.000),0.532,3.410,6.415,0.972,VALID,(0.035, 0.051, 0.998),(0.032, 0.000, 0.000),0.531,3.382,6.373,0.937,1.012799,0.9205556
175710,1000001130698373300,63875741921588,(0.034, 1.441, -0.018),(0.056, -0.023, -0.007, 0.998),VALID,(0.034, 0.051, 0.998),(0.000, 0.000, 0.000),64.325,VALID,(0.086, 0.075, 0.993),(-0.032, 0.000, 0.000),0.532,3.411,6.415,0.972,VALID,(0.034, 0.051, 0.998),(0.032, 0.000, 0.000),0.531,3.382,6.373,0.937,1.009551,0.919647
175711,1000001130703383000,63875741921588,(0.034, 1.441, -0.018),(0.056, -0.023, -0.007, 0.998),VALID,(0.033, 0.051, 0.998),(0.000, 0.000, 0.000),64.325,VALID,(0.096, 0.071, 0.993),(-0.032, 0.000, 0.000),0.532,3.410,6.415,0.972,VALID,(0.033, 0.051, 0.998),(0.032, 0.000, 0.000),0.531,3.382,6.373,0.936,0.9151728,0.9221526
175712,1000001130708411000,63875741921599,(0.033, 1.441, -0.019),(0.056, -0.023, -0.007, 0.998),VALID,(0.032, 0.051, 0.998),(0.000, 0.000, 0.000),64.325,VALID,(0.094, 0.071, 0.993),(-0.032, 0.000, 0.000),0.531,3.407,6.415,0.973,VALID,(0.032, 0.051, 0.998),(0.032, 0.000, 0.000),0.531,3.381,6.373,0.937,0.9300063,0.9245038
175713,1000001130713420700,63875741921611,(0.034, 1.441, -0.019),(0.056, -0.023, -0.007, 0.998),VALID,(0.031, 0.051, 0.998),(0.000, 0.000, 0.000),64.325,VALID,(0.104, 0.068, 0.992),(-0.032, 0.000, 0.000),0.531,3.406,6.415,0.973,VALID,(0.031, 0.051, 0.998),(0.032, 0.000, 0.000),0.530,3.380,6.373,0.937,0.8312289,0.9319174
175714,1000001130718432100,63875741921611,(0.034, 1.441, -0.019),(0.056, -0.023, -0.007, 0.998),VALID,(0.031, 0.050, 0.998),(0.000, 0.000, 0.000),64.325,VALID,(0.100, 0.068, 0.993),(-0.032, 0.000, 0.000),0.531,3.405,6.415,0.973,VALID,(0.031, 0.050, 0.998),(0.032, 0.000, 0.000),0.530,3.380,6.373,0.937,0.8582191,0.925898
175715,1000001130723441800,63875741921611,(0.034, 1.441, -0.019),(0.056, -0.023, -0.007, 0.998),VALID,(0.030, 0.050, 0.998),(0.000, 0.000, 0.000),64.325,VALID,(0.109, 0.065, 0.992),(-0.032, 0.000, 0.000),0.531,3.405,6.415,0.974,VALID,(0.030, 0.050, 0.998),(0.032, 0.000, 0.000),0.530,3.379,6.373,0.937,0.7751974,0.93578
175716,1000001130728453200,63875741921621,(0.033, 1.441, -0.019),(0.056, -0.023, -0.007, 0.998),VALID,(0.030, 0.050, 0.998),(0.000, 0.000, 0.000),64.325,VALID,(0.118, 0.063, 0.991),(-0.032, 0.000, 0.000),0.531,3.406,6.415,0.974,VALID,(0.030, 0.050, 0.998),(0.032, 0.000, 0.000),0.530,3.378,6.373,0.937,0.7089796,0.9389378
175717,1000001130733464600,63875741921621,(0.033, 1.441, -0.019),(0.056, -0.023, -0.007, 0.998),VALID,(0.029, 0.050, 0.998),(0.000, 0.000, 0.000),64.325,VALID,(0.125, 0.060, 0.990),(-0.032, 0.000, 0.000),0.531,3.407,6.415,0.974,VALID,(0.029, 0.050, 0.998),(0.032, 0.000, 0.000),0.530,3.377,6.373,0.937,0.6573284,0.9267003
175718,1000001130738476000,63875741921633,(0.034, 1.441, -0.019),(0.056, -0.023, -0.007, 0.998),VALID,(0.028, 0.049, 0.998),(0.000, 0.000, 0.000),64.325,VALID,(0.130, 0.057, 0.990),(-0.032, 0.000, 0.000),0.531,3.406,6.415,0.975,VALID,(0.028, 0.049, 0.998),(0.032, 0.000, 0.000),0.530,3.376,6.373,0.938,0.6197899,0.9257287
175719,1000001130743502100,63875741921633,(0.034, 1.441, -0.019),(0.056, -0.023, -0.007, 0.998),VALID,(0.028, 0.049, 0.998),(0.000, 0.000, 0.000),64.325,VALID,(0.135, 0.055, 0.989),(-0.032, 0.000, 0.000),0.542,3.477,6.415,0.975,VALID,(0.028, 0.049, 0.998),(0.032, 0.000, 0.000),0.530,3.375,6.373,0.937,0.5925508,0.9171402
175720,1000001130748526700,63875741921633,(0.034, 1.441, -0.019),(0.056, -0.023, -0.007, 0.998),VALID,(0.027, 0.049, 0.998),(0.000, 0.000, 0.000),64.325,VALID,(0.138, 0.053, 0.989),(-0.032, 0.000, 0.000),0.545,3.494,6.415,0.975,VALID,(0.027, 0.049, 0.998),(0.032, 0.000, 0.000),0.529,3.374,6.373,0.937,0.5736072,0.9223829
175721,1000001130753551300,63875741921643,(0.033, 1.441, -0.019),(0.056, -0.023, -0.007, 0.998),VALID,(0.027, 0.048, 0.998),(0.000, 0.000, 0.000),64.325,VALID,(0.141, 0.052, 0.989),(-0.032, 0.000, 0.000),0.546,3.500,6.415,0.975,VALID,(0.027, 0.048, 0.998),(0.032, 0.000, 0.000),0.529,3.373,6.373,0.938,0.5599312,0.9267848
175722,1000001130758562700,63875741921643,(0.033, 1.441, -0.019),(0.056, -0.023, -0.007, 0.998),VALID,(0.027, 0.048, 0.999),(0.000, 0.000, 0.000),64.325,VALID,(0.142, 0.050, 0.989),(-0.032, 0.000, 0.000),0.546,3.502,6.415,0.975,VALID,(0.027, 0.048, 0.999),(0.032, 0.000, 0.000),0.529,3.371,6.373,0.938,0.5495942,0.9120515
175723,1000001130763601200,63875741921655,(0.033, 1.441, -0.019),(0.056, -0.023, -0.007, 0.998),VALID,(0.026, 0.047, 0.999),(0.000, 0.000, 0.000),64.325,VALID,(0.144, 0.048, 0.988),(-0.032, 0.000, 0.000),0.546,3.503,6.415,0.976,VALID,(0.026, 0.047, 0.999),(0.032, 0.000, 0.000),0.529,3.369,6.373,0.937,0.5419539,0.9085855
175724,1000001130768612600,63875741921655,(0.033, 1.441, -0.019),(0.056, -0.023, -0.007, 0.998),VALID,(0.026, 0.046, 0.999),(0.000, 0.000, 0.000),64.325,VALID,(0.144, 0.047, 0.988),(-0.032, 0.000, 0.000),0.546,3.503,6.415,0.976,VALID,(0.026, 0.046, 0.999),(0.032, 0.000, 0.000),0.528,3.367,6.373,0.936,0.5363512,1
175725,1000001130773651100,63875741921666,(0.033, 1.441, -0.019),(0.056, -0.023, -0.007, 0.998),VALID,(0.027, 0.046, 0.999),(0.000, 0.000, 0.000),64.325,VALID,(0.145, 0.046, 0.988),(-0.032, 0.000, 0.000),0.546,3.503,6.415,0.976,VALID,(0.027, 0.046, 0.999),(0.032, 0.000, 0.000),0.528,3.367,6.373,0.934,0.5391508,0.8209627
175726,1000001130778662500,63875741921666,(0.033, 1.441, -0.019),(0.056, -0.023, -0.007, 0.998),VALID,(0.027, 0.045, 0.999),(0.000, 0.000, 0.000),64.325,VALID,(0.145, 0.045, 0.988),(-0.032, 0.000, 0.000),0.546,3.503,6.415,0.976,VALID,(0.027, 0.045, 0.999),(0.032, 0.000, 0.000),0.528,3.366,6.373,0.932,0.5360385,0.581243
175727,1000001130783588300,63875741921677,(0.033, 1.441, -0.019),(0.056, -0.023, -0.007, 0.998),VALID,(0.027, 0.045, 0.999),(0.000, 0.000, 0.000),64.325,VALID,(0.145, 0.044, 0.988),(-0.032, 0.000, 0.000),0.546,3.503,6.415,0.977,VALID,(0.027, 0.045, 0.999),(0.032, 0.000, 0.000),0.528,3.366,6.373,0.930,0.5387334,0.3419688
175728,1000001130788599700,63875741921677,(0.033, 1.441, -0.019),(0.056, -0.023, -0.007, 0.998),VALID,(0.028, 0.044, 0.999),(0.000, 0.000, 0.000),64.325,VALID,(0.146, 0.044, 0.988),(-0.032, 0.000, 0.000),0.546,3.501,6.415,0.977,VALID,(0.028, 0.044, 0.999),(0.032, 0.000, 0.000),0.528,3.366,6.373,0.928,0.5413796,0.3394683
175729,1000001130793593300,63875741921688,(0.033, 1.441, -0.019),(0.056, -0.023, -0.007, 0.998),VALID,(0.029, 0.044, 0.999),(0.000, 0.000, 0.000),64.325,VALID,(0.146, 0.043, 0.988),(-0.032, 0.000, 0.000),0.544,3.490,6.415,0.977,VALID,(0.029, 0.044, 0.999),(0.032, 0.000, 0.000),0.528,3.367,6.373,0.926,0.5426824,0.3424149
175730,1000001130798612100,63875741921689,(0.033, 1.441, -0.019),(0.056, -0.023, -0.007, 0.998),VALID,(0.029, 0.044, 0.999),(0.000, 0.000, 0.000),64.325,VALID,(0.146, 0.043, 0.988),(-0.032, 0.000, 0.000),0.542,3.478,6.415,0.977,VALID,(0.029, 0.044, 0.999),(0.032, 0.000, 0.000),0.529,3.368,6.373,0.925,0.543682,0.3445064
175731,1000001130803632800,63875741921689,(0.033, 1.441, -0.019),(0.056, -0.023, -0.007, 0.998),VALID,(0.029, 0.044, 0.999),(0.000, 0.000, 0.000),64.325,VALID,(0.146, 0.043, 0.988),(-0.032, 0.000, 0.000),0.541,3.473,6.415,0.977,VALID,(0.029, 0.044, 0.999),(0.032, 0.000, 0.000),0.529,3.369,6.373,0.923,0.5448962,0.3325153
175732,1000001130808660500,63875741921700,(0.033, 1.441, -0.019),(0.056, -0.023, -0.007, 0.998),VALID,(0.030, 0.043, 0.999),(0.000, 0.000, 0.000),64.325,VALID,(0.146, 0.042, 0.988),(-0.032, 0.000, 0.000),0.541,3.471,6.415,0.978,VALID,(0.030, 0.043, 0.999),(0.032, 0.000, 0.000),0.529,3.370,6.373,0.922,0.5465005,0.3351613
175733,1000001130813681200,63875741921700,(0.033, 1.441, -0.019),(0.056, -0.023, -0.007, 0.998),VALID,(0.030, 0.043, 0.999),(0.000, 0.000, 0.000),64.325,VALID,(0.146, 0.042, 0.988),(-0.032, 0.000, 0.000),0.541,3.470,6.415,0.978,VALID,(0.030, 0.043, 0.999),(0.032, 0.000, 0.000),0.529,3.370,6.373,0.921,0.5485826,0.3378705
175734,1000001130818701900,63875741921711,(0.033, 1.441, -0.019),(0.056, -0.023, -0.007, 0.998),VALID,(0.031, 0.043, 0.999),(0.000, 0.000, 0.000),64.325,VALID,(0.146, 0.042, 0.988),(-0.032, 0.000, 0.000),0.541,3.470,6.415,0.978,VALID,(0.031, 0.043, 0.999),(0.032, 0.000, 0.000),0.529,3.369,6.373,0.920,0.551101,0.3350052
175735,1000001130823722600,63875741921711,(0.033, 1.441, -0.019),(0.056, -0.023, -0.007, 0.998),VALID,(0.031, 0.043, 0.999),(0.000, 0.000, 0.000),64.325,VALID,(0.146, 0.042, 0.988),(-0.032, 0.000, 0.000),0.541,3.470,6.415,0.978,VALID,(0.031, 0.043, 0.999),(0.032, 0.000, 0.000),0.529,3.369,6.373,0.919,0.5534619,0.3427225
175736,1000001130828743300,63875741921722,(0.033, 1.441, -0.019),(0.056, -0.023, -0.007, 0.998),VALID,(0.032, 0.042, 0.999),(0.000, 0.000, 0.000),64.325,VALID,(0.146, 0.041, 0.988),(-0.032, 0.000, 0.000),0.541,3.470,6.415,0.978,VALID,(0.032, 0.042, 0.999),(0.032, 0.000, 0.000),0.528,3.368,6.373,0.918,0.5559298,0.34829
175737,1000001130833761500,63875741921722,(0.033, 1.441, -0.019),(0.056, -0.023, -0.007, 0.998),VALID,(0.032, 0.042, 0.999),(0.000, 0.000, 0.000),64.325,VALID,(0.146, 0.041, 0.988),(-0.032, 0.000, 0.000),0.541,3.469,6.415,0.979,VALID,(0.032, 0.042, 0.999),(0.032, 0.000, 0.000),0.528,3.366,6.373,0.917,0.5586227,0.3521199
175738,1000001130838782200,63875741921733,(0.033, 1.441, -0.019),(0.056, -0.023, -0.007, 0.998),VALID,(0.032, 0.042, 0.999),(0.000, 0.000, 0.000),64.325,VALID,(0.146, 0.041, 0.988),(-0.032, 0.000, 0.000),0.541,3.469,6.415,0.979,VALID,(0.032, 0.042, 0.999),(0.032, 0.000, 0.000),0.528,3.365,6.373,0.916,0.5607243,0.3593236
175739,1000001130843758700,63875741921733,(0.033, 1.441, -0.019),(0.056, -0.023, -0.007, 0.998),VALID,(0.033, 0.042, 0.999),(0.000, 0.000, 0.000),64.325,VALID,(0.146, 0.040, 0.989),(-0.032, 0.000, 0.000),0.541,3.469,6.415,0.979,VALID,(0.033, 0.042, 0.999),(0.032, 0.000, 0.000),0.528,3.364,6.373,0.916,0.5632842,0.3648353
175740,1000001130848722500,63875741921745,(0.033, 1.441, -0.019),(0.056, -0.023, -0.007, 0.998),VALID,(0.033, 0.041, 0.999),(0.000, 0.000, 0.000),64.325,VALID,(0.146, 0.040, 0.989),(-0.032, 0.000, 0.000),0.540,3.466,6.415,0.979,VALID,(0.033, 0.041, 0.999),(0.032, 0.000, 0.000),0.528,3.362,6.373,0.915,0.5653981,0.3698272
175741,1000001130853740700,63875741921745,(0.033, 1.441, -0.019),(0.056, -0.023, -0.007, 0.998),VALID,(0.034, 0.041, 0.999),(0.000, 0.000, 0.000),64.325,VALID,(0.146, 0.040, 0.989),(-0.032, 0.000, 0.000),0.540,3.465,6.415,0.979,VALID,(0.033, 0.041, 0.999),(0.032, 0.000, 0.000),0.527,3.360,6.373,0.915,0.5673732,0.3875803
175742,1000001130858759500,63875741921745,(0.033, 1.441, -0.019),(0.056, -0.023, -0.007, 0.998),VALID,(0.034, 0.041, 0.999),(0.000, 0.000, 0.000),64.325,VALID,(0.145, 0.040, 0.989),(-0.032, 0.000, 0.000),0.540,3.465,6.415,0.979,VALID,(0.034, 0.041, 0.999),(0.032, 0.000, 0.000),0.527,3.358,6.373,0.914,0.569068,0.3880812
175743,1000001130863778500,63875741921755,(0.033, 1.440, -0.019),(0.056, -0.023, -0.007, 0.998),VALID,(0.034, 0.041, 0.999),(0.000, 0.000, 0.000),64.325,VALID,(0.145, 0.040, 0.989),(-0.032, 0.000, 0.000),0.540,3.464,6.415,0.979,VALID,(0.034, 0.041, 0.999),(0.032, 0.000, 0.000),0.527,3.356,6.373,0.913,0.5707231,0.3982605
175744,1000001130868797000,63875741921755,(0.033, 1.440, -0.019),(0.056, -0.023, -0.007, 0.998),VALID,(0.034, 0.040, 0.999),(0.000, 0.000, 0.000),64.325,VALID,(0.134, 0.040, 0.990),(-0.032, 0.000, 0.000),0.542,3.474,6.415,0.979,VALID,(0.034, 0.040, 0.999),(0.032, 0.000, 0.000),0.526,3.354,6.373,0.912,0.6371977,0.6328521
175745,1000001130873873000,63875741921767,(0.033, 1.440, -0.019),(0.056, -0.023, -0.007, 0.998),VALID,(0.034, 0.040, 0.999),(0.000, 0.000, 0.000),64.325,VALID,(0.135, 0.039, 0.990),(-0.032, 0.000, 0.000),0.542,3.478,6.415,0.980,VALID,(0.034, 0.040, 0.999),(0.032, 0.000, 0.000),0.526,3.352,6.373,0.912,0.6325653,0.8567564
175746,1000001130878891500,63875741921767,(0.033, 1.440, -0.019),(0.056, -0.023, -0.007, 0.998),VALID,(0.034, 0.040, 0.999),(0.000, 0.000, 0.000),64.325,VALID,(0.136, 0.039, 0.990),(-0.032, 0.000, 0.000),0.542,3.479,6.415,0.980,VALID,(0.034, 0.040, 0.999),(0.032, 0.000, 0.000),0.526,3.351,6.373,0.911,0.6289936,1
175747,1000001130883869300,63875741921778,(0.033, 1.441, -0.019),(0.056, -0.023, -0.007, 0.998),VALID,(0.034, 0.039, 0.999),(0.000, 0.000, 0.000),64.325,VALID,(0.136, 0.039, 0.990),(-0.032, 0.000, 0.000),0.543,3.480,6.415,0.980,VALID,(0.034, 0.039, 0.999),(0.032, 0.000, 0.000),0.525,3.349,6.373,0.911,0.6264771,1
175748,1000001130888887800,63875741921778,(0.033, 1.441, -0.019),(0.056, -0.023, -0.007, 0.998),VALID,(0.035, 0.039, 0.999),(0.000, 0.000, 0.000),64.325,VALID,(0.136, 0.038, 0.990),(-0.032, 0.000, 0.000),0.543,3.482,6.415,0.980,VALID,(0.035, 0.039, 0.999),(0.032, 0.000, 0.000),0.525,3.346,6.373,0.910,0.6244218,1
175749,1000001130893879400,63875741921789,(0.033, 1.440, -0.019),(0.056, -0.023, -0.007, 0.998),VALID,(0.035, 0.039, 0.999),(0.000, 0.000, 0.000),64.325,VALID,(0.137, 0.038, 0.990),(-0.032, 0.000, 0.000),0.541,3.470,6.415,0.980,VALID,(0.035, 0.039, 0.999),(0.032, 0.000, 0.000),0.525,3.344,6.373,0.910,0.6227927,1
175750,1000001130898897900,63875741921789,(0.033, 1.440, -0.019),(0.056, -0.023, -0.007, 0.998),VALID,(0.035, 0.038, 0.999),(0.000, 0.000, 0.000),64.325,VALID,(0.137, 0.037, 0.990),(-0.032, 0.000, 0.000),0.539,3.460,6.415,0.980,VALID,(0.035, 0.038, 0.999),(0.032, 0.000, 0.000),0.524,3.342,6.373,0.909,0.6214448,1
175751,1000001130903868300,63875741921789,(0.033, 1.440, -0.019),(0.056, -0.023, -0.007, 0.998),VALID,(0.035, 0.038, 0.999),(0.000, 0.000, 0.000),64.325,VALID,(0.137, 0.037, 0.990),(-0.032, 0.000, 0.000),0.538,3.452,6.415,0.980,VALID,(0.035, 0.038, 0.999),(0.032, 0.000, 0.000),0.524,3.340,6.373,0.909,0.6204036,1
175752,1000001130908876000,63875741921799,(0.033, 1.441, -0.019),(0.056, -0.023, -0.007, 0.998),VALID,(0.035, 0.037, 0.999),(0.000, 0.000, 0.000),64.325,VALID,(0.137, 0.037, 0.990),(-0.032, 0.000, 0.000),0.537,3.448,6.415,0.980,VALID,(0.035, 0.037, 0.999),(0.032, 0.000, 0.000),0.524,3.338,6.373,0.909,0.6190873,1
175753,1000001130913896300,63875741921799,(0.033, 1.441, -0.019),(0.056, -0.023, -0.007, 0.998),VALID,(0.035, 0.037, 0.999),(0.000, 0.000, 0.000),64.325,VALID,(0.138, 0.036, 0.990),(-0.032, 0.000, 0.000),0.537,3.443,6.415,0.980,VALID,(0.035, 0.037, 0.999),(0.032, 0.000, 0.000),0.524,3.336,6.373,0.908,0.6174168,1
175754,1000001130918916300,63875741921811,(0.033, 1.441, -0.019),(0.056, -0.023, -0.007, 0.998),VALID,(0.035, 0.036, 0.999),(0.000, 0.000, 0.000),64.325,VALID,(0.138, 0.036, 0.990),(-0.032, 0.000, 0.000),0.536,3.440,6.415,0.980,VALID,(0.035, 0.036, 0.999),(0.032, 0.000, 0.000),0.523,3.335,6.373,0.908,0.615583,1
175755,1000001130923935700,63875741921811,(0.033, 1.441, -0.019),(0.056, -0.023, -0.007, 0.998),VALID,(0.035, 0.036, 0.999),(0.000, 0.000, 0.000),64.325,VALID,(0.137, 0.036, 0.990),(-0.032, 0.000, 0.000),0.536,3.440,6.415,0.980,VALID,(0.035, 0.036, 0.999),(0.032, 0.000, 0.000),0.523,3.333,6.373,0.908,0.6183459,0.9971419
175756,1000001130928955100,63875741921822,(0.033, 1.441, -0.019),(0.056, -0.023, -0.007, 0.998),VALID,(0.035, 0.036, 0.999),(0.000, 0.000, 0.000),64.325,VALID,(0.137, 0.036, 0.990),(-0.032, 0.000, 0.000),0.536,3.441,6.415,0.981,VALID,(0.034, 0.036, 0.999),(0.032, 0.000, 0.000),0.523,3.331,6.373,0.908,0.6228173,0.9858283
175757,1000001130934062600,63875741921822,(0.033, 1.441, -0.019),(0.056, -0.023, -0.007, 0.998),VALID,(0.035, 0.036, 0.999),(0.000, 0.000, 0.000),64.325,VALID,(0.136, 0.035, 0.990),(-0.032, 0.000, 0.000),0.537,3.444,6.415,0.981,VALID,(0.034, 0.036, 0.999),(0.032, 0.000, 0.000),0.522,3.330,6.373,0.908,0.6284707,0.9852465
175758,1000001130939082000,63875741921833,(0.033, 1.441, -0.019),(0.056, -0.023, -0.007, 0.998),VALID,(0.035, 0.036, 0.999),(0.000, 0.000, 0.000),64.325,VALID,(0.135, 0.035, 0.990),(-0.032, 0.000, 0.000),0.538,3.450,6.415,0.981,VALID,(0.034, 0.036, 0.999),(0.032, 0.000, 0.000),0.522,3.328,6.373,0.908,0.6354491,0.9928326
175759,1000001130944100500,63875741921833,(0.033, 1.441, -0.019),(0.056, -0.023, -0.007, 0.998),VALID,(0.035, 0.036, 0.999),(0.000, 0.000, 0.000),64.325,VALID,(0.133, 0.035, 0.990),(-0.032, 0.000, 0.000),0.538,3.451,6.415,0.981,VALID,(0.034, 0.036, 0.999),(0.032, 0.000, 0.000),0.522,3.327,6.373,0.907,0.6424929,0.9928719
175760,1000001130948986000,63875741921833,(0.033, 1.441, -0.019),(0.056, -0.023, -0.007, 0.998),VALID,(0.036, 0.036, 0.999),(0.000, 0.000, 0.000),64.325,VALID,(0.132, 0.035, 0.991),(-0.032, 0.000, 0.000),0.538,3.453,6.415,0.981,VALID,(0.034, 0.036, 0.999),(0.032, 0.000, 0.000),0.522,3.326,6.373,0.907,0.6504734,0.9892945
175761,1000001130954004500,63875741921844,(0.033, 1.441, -0.019),(0.056, -0.023, -0.007, 0.998),VALID,(0.036, 0.036, 0.999),(0.000, 0.000, 0.000),64.325,VALID,(0.131, 0.035, 0.991),(-0.032, 0.000, 0.000),0.539,3.457,6.415,0.981,VALID,(0.034, 0.036, 0.999),(0.032, 0.000, 0.000),0.522,3.325,6.373,0.907,0.6587414,0.9813356
175762,1000001130959023900,63875741921844,(0.033, 1.441, -0.019),(0.056, -0.023, -0.007, 0.998),VALID,(0.036, 0.036, 0.999),(0.000, 0.000, 0.000),64.325,VALID,(0.130, 0.035, 0.991),(-0.032, 0.000, 0.000),0.539,3.455,6.415,0.981,VALID,(0.034, 0.036, 0.999),(0.032, 0.000, 0.000),0.522,3.324,6.373,0.906,0.6668121,0.9198804
175763,1000001130964042400,63875741921855,(0.033, 1.441, -0.019),(0.056, -0.023, -0.007, 0.998),VALID,(0.038, 0.036, 0.999),(0.000, 0.000, 0.000),64.325,VALID,(0.128, 0.036, 0.991),(-0.032, 0.000, 0.000),0.539,3.455,6.415,0.981,VALID,(0.034, 0.036, 0.999),(0.032, 0.000, 0.000),0.521,3.322,6.373,0.906,0.6763261,0.6550291
175764,1000001130969041700,63875741921855,(0.033, 1.441, -0.019),(0.056, -0.023, -0.007, 0.998),VALID,(0.041, 0.037, 0.998),(0.000, 0.000, 0.000),64.325,VALID,(0.126, 0.036, 0.991),(-0.032, 0.000, 0.000),0.541,3.468,6.415,0.981,VALID,(0.034, 0.037, 0.999),(0.032, 0.000, 0.000),0.521,3.322,6.373,0.906,0.6971044,0.5162408
175765,1000001130974061100,63875741921867,(0.033, 1.440, -0.019),(0.056, -0.023, -0.007, 0.998),VALID,(0.040, 0.037, 0.999),(0.000, 0.000, 0.000),64.325,VALID,(0.117, 0.036, 0.993),(-0.032, 0.000, 0.000),0.544,3.490,6.415,0.981,VALID,(0.032, 0.037, 0.999),(0.032, 0.000, 0.000),0.522,3.327,6.373,0.905,0.7585816,0.004872844
175766,1000001130979080500,63875741921867,(0.033, 1.440, -0.019),(0.056, -0.023, -0.007, 0.998),VALID,(0.038, 0.034, 0.999),(0.000, 0.000, 0.000),64.325,VALID,(0.115, 0.033, 0.993),(-0.032, 0.000, 0.000),0.536,3.440,6.415,0.980,VALID,(0.026, 0.034, 0.999),(0.032, 0.000, 0.000),0.523,3.335,6.373,0.904,0.7135377,0
175767,1000001130984099900,63875741921878,(0.033, 1.440, -0.019),(0.056, -0.023, -0.007, 0.998),VALID,(0.029, 0.028, 0.999),(0.000, 0.000, 0.000),64.325,VALID,(0.103, 0.028, 0.994),(-0.032, 0.000, 0.000),0.536,3.441,6.415,0.980,VALID,(0.008, 0.028, 1.000),(0.032, 0.000, 0.000),0.521,3.317,6.373,0.903,0.674452,0
175768,1000001130989107600,63875741921878,(0.033, 1.440, -0.019),(0.056, -0.023, -0.007, 0.998),VALID,(0.005, 0.020, 1.000),(0.000, 0.000, 0.000),64.325,VALID,(0.089, 0.019, 0.996),(-0.032, 0.000, 0.000),0.546,3.500,6.415,0.980,VALID,(-0.017, 0.020, 1.000),(0.032, 0.000, 0.000),0.519,3.309,6.373,0.901,0.605818,0
175769,1000001130994127000,63875741921889,(0.033, 1.440, -0.018),(0.055, -0.023, -0.007, 0.998),VALID,(-0.017, 0.011, 1.000),(0.000, 0.000, 0.000),64.325,VALID,(0.058, 0.011, 0.998),(-0.032, 0.000, 0.000),0.545,3.498,6.415,0.980,VALID,(-0.052, 0.011, 0.999),(0.032, 0.000, 0.000),0.516,3.287,6.373,0.899,0.582727,0
175770,1000001130999134700,63875741921889,(0.033, 1.440, -0.018),(0.055, -0.023, -0.007, 0.998),VALID,(-0.041, 0.001, 0.999),(0.000, 0.000, 0.000),64.325,VALID,(0.027, 0.001, 1.000),(-0.032, 0.000, 0.000),0.539,3.460,6.415,0.980,VALID,(-0.085, 0.001, 0.996),(0.032, 0.000, 0.000),0.516,3.287,6.373,0.898,0.5690278,0
175771,1000001131004154100,63875741921889,(0.033, 1.440, -0.018),(0.055, -0.023, -0.007, 0.998),VALID,(-0.063, -0.009, 0.998),(0.000, 0.000, 0.000),64.325,VALID,(0.004, -0.009, 1.000),(-0.032, 0.000, 0.000),0.538,3.449,6.415,0.980,VALID,(-0.113, -0.009, 0.994),(0.032, 0.000, 0.000),0.517,3.292,6.373,0.895,0.545296,0
175772,1000001131009148600,63875741921900,(0.033, 1.440, -0.018),(0.055, -0.023, -0.007, 0.998),VALID,(-0.080, -0.018, 0.997),(0.000, 0.000, 0.000),64.325,VALID,(-0.015, -0.017, 1.000),(-0.032, 0.000, 0.000),0.534,3.429,6.415,0.979,VALID,(-0.134, -0.017, 0.991),(0.032, 0.000, 0.000),0.517,3.298,6.373,0.893,0.5358503,0
175773,1000001131014124500,63875741921900,(0.033, 1.440, -0.018),(0.055, -0.023, -0.007, 0.998),VALID,(-0.095, -0.018, 0.995),(0.000, 0.000, 0.000),64.325,VALID,(-0.038, -0.018, 0.999),(-0.032, 0.000, 0.000),0.535,3.430,6.415,0.979,VALID,(-0.148, -0.017, 0.989),(0.032, 0.000, 0.000),0.518,3.302,6.373,0.891,0.5748716,0
175774,1000001131019132200,63875741921911,(0.033, 1.440, -0.018),(0.055, -0.023, -0.007, 0.998),VALID,(-0.107, -0.017, 0.994),(0.000, 0.000, 0.000),64.325,VALID,(-0.054, -0.017, 0.998),(-0.032, 0.000, 0.000),0.540,3.464,6.415,0.979,VALID,(-0.158, -0.017, 0.987),(0.032, 0.000, 0.000),0.518,3.303,6.373,0.889,0.6102208,0
175775,1000001131024147800,63875741921911,(0.033, 1.440, -0.018),(0.055, -0.023, -0.007, 0.998),VALID,(-0.115, -0.016, 0.993),(0.000, 0.000, 0.000),64.325,VALID,(-0.065, -0.016, 0.998),(-0.032, 0.000, 0.000),0.542,3.480,6.415,0.979,VALID,(-0.164, -0.016, 0.986),(0.032, 0.000, 0.000),0.518,3.303,6.373,0.887,0.6374806,0
175776,1000001131029186200,63875741921922,(0.033, 1.440, -0.018),(0.055, -0.023, -0.007, 0.998),VALID,(-0.120, -0.016, 0.993),(0.000, 0.000, 0.000),64.325,VALID,(-0.072, -0.016, 0.997),(-0.032, 0.000, 0.000),0.543,3.485,6.415,0.979,VALID,(-0.168, -0.015, 0.986),(0.032, 0.000, 0.000),0.518,3.303,6.373,0.885,0.6542682,0
175777,1000001131034199400,63875741921922,(0.033, 1.440, -0.018),(0.055, -0.023, -0.007, 0.998),VALID,(-0.124, -0.015, 0.992),(0.000, 0.000, 0.000),64.325,VALID,(-0.077, -0.015, 0.997),(-0.032, 0.000, 0.000),0.545,3.498,6.415,0.979,VALID,(-0.171, -0.015, 0.985),(0.032, 0.000, 0.000),0.518,3.303,6.373,0.884,0.6729392,0
175778,1000001131039212600,63875741921934,(0.033, 1.440, -0.018),(0.055, -0.023, -0.007, 0.998),VALID,(-0.126, -0.016, 0.992),(0.000, 0.000, 0.000),64.325,VALID,(-0.080, -0.017, 0.997),(-0.032, 0.000, 0.000),0.542,3.477,6.415,0.979,VALID,(-0.172, -0.016, 0.985),(0.032, 0.000, 0.000),0.518,3.303,6.373,0.883,0.6834455,0
175779,1000001131044217200,63875741921934,(0.033, 1.440, -0.018),(0.055, -0.023, -0.007, 0.998),VALID,(-0.128, -0.018, 0.992),(0.000, 0.000, 0.000),64.325,VALID,(-0.082, -0.018, 0.997),(-0.032, 0.000, 0.000),0.539,3.460,6.415,0.979,VALID,(-0.173, -0.017, 0.985),(0.032, 0.000, 0.000),0.518,3.303,6.373,0.882,0.690176,0
175780,1000001131049230400,63875741921944,(0.033, 1.440, -0.018),(0.056, -0.023, -0.007, 0.998),VALID,(-0.129, -0.018, 0.991),(0.000, 0.000, 0.000),64.325,VALID,(-0.083, -0.018, 0.996),(-0.032, 0.000, 0.000),0.539,3.456,6.415,0.979,VALID,(-0.174, -0.018, 0.985),(0.032, 0.000, 0.000),0.518,3.303,6.373,0.881,0.6968496,0
175781,1000001131054235000,63875741921944,(0.033, 1.440, -0.018),(0.056, -0.023, -0.007, 0.998),VALID,(-0.130, -0.019, 0.991),(0.000, 0.000, 0.000),64.325,VALID,(-0.084, -0.019, 0.996),(-0.032, 0.000, 0.000),0.539,3.456,6.415,0.979,VALID,(-0.174, -0.019, 0.985),(0.032, 0.000, 0.000),0.518,3.302,6.373,0.880,0.7026023,0
175782,1000001131059270100,63875741921944,(0.033, 1.440, -0.018),(0.056, -0.023, -0.007, 0.998),VALID,(-0.130, -0.019, 0.991),(0.000, 0.000, 0.000),64.325,VALID,(-0.085, -0.019, 0.996),(-0.032, 0.000, 0.000),0.539,3.460,6.415,0.979,VALID,(-0.174, -0.019, 0.985),(0.032, 0.000, 0.000),0.518,3.301,6.373,0.879,0.7103633,0
175783,1000001131064274700,63875741921955,(0.033, 1.440, -0.018),(0.056, -0.023, -0.007, 0.998),VALID,(-0.132, -0.019, 0.991),(0.000, 0.000, 0.000),64.325,VALID,(-0.088, -0.019, 0.996),(-0.032, 0.000, 0.000),0.549,3.520,6.415,0.979,VALID,(-0.174, -0.019, 0.985),(0.032, 0.000, 0.000),0.518,3.300,6.373,0.878,0.7375477,0
175784,1000001131069273300,63875741921967,(0.033, 1.440, -0.018),(0.056, -0.023, -0.007, 0.998),VALID,(-0.133, -0.018, 0.991),(0.000, 0.000, 0.000),64.325,VALID,(-0.091, -0.018, 0.996),(-0.032, 0.000, 0.000),0.553,3.549,6.415,0.979,VALID,(-0.174, -0.018, 0.985),(0.032, 0.000, 0.000),0.518,3.299,6.373,0.878,0.7607152,0
175785,1000001131074284400,63875741921967,(0.033, 1.440, -0.018),(0.056, -0.023, -0.007, 0.998),VALID,(-0.134, -0.018, 0.991),(0.000, 0.000, 0.000),64.325,VALID,(-0.092, -0.018, 0.996),(-0.032, 0.000, 0.000),0.554,3.555,6.415,0.979,VALID,(-0.174, -0.018, 0.985),(0.032, 0.000, 0.000),0.518,3.299,6.373,0.877,0.7736877,0
175786,1000001131079305400,63875741921967,(0.033, 1.440, -0.018),(0.056, -0.023, -0.007, 0.998),VALID,(-0.134, -0.017, 0.991),(0.000, 0.000, 0.000),64.325,VALID,(-0.093, -0.017, 0.996),(-0.032, 0.000, 0.000),0.554,3.557,6.415,0.979,VALID,(-0.173, -0.017, 0.985),(0.032, 0.000, 0.000),0.517,3.298,6.373,0.877,0.7823417,0
175787,1000001131084323100,63875741921978,(0.032, 1.440, -0.018),(0.056, -0.023, -0.007, 0.998),VALID,(-0.134, -0.018, 0.991),(0.000, 0.000, 0.000),64.325,VALID,(-0.093, -0.018, 0.996),(-0.032, 0.000, 0.000),0.550,3.527,6.415,0.979,VALID,(-0.173, -0.017, 0.985),(0.032, 0.000, 0.000),0.517,3.297,6.373,0.876,0.7792549,0
175788,1000001131089377800,63875741921978,(0.032, 1.440, -0.018),(0.056, -0.023, -0.007, 0.998),VALID,(-0.134, -0.018, 0.991),(0.000, 0.000, 0.000),64.325,VALID,(-0.092, -0.018, 0.996),(-0.032, 0.000, 0.000),0.549,3.520,6.415,0.979,VALID,(-0.173, -0.018, 0.985),(0.032, 0.000, 0.000),0.517,3.296,6.373,0.876,0.7782065,0
175789,1000001131094395500,63875741921989,(0.032, 1.440, -0.018),(0.056, -0.023, -0.007, 0.998),VALID,(-0.134, -0.018, 0.991),(0.000, 0.000, 0.000),64.325,VALID,(-0.092, -0.018, 0.996),(-0.032, 0.000, 0.000),0.548,3.517,6.415,0.979,VALID,(-0.173, -0.018, 0.985),(0.032, 0.000, 0.000),0.517,3.295,6.373,0.876,0.7754467,0.09502652
175790,1000001131099388500,63875741921989,(0.032, 1.440, -0.018),(0.056, -0.023, -0.007, 0.998),VALID,(-0.134, -0.018, 0.991),(0.000, 0.000, 0.000),64.325,VALID,(-0.092, -0.018, 0.996),(-0.032, 0.000, 0.000),0.548,3.513,6.415,0.978,VALID,(-0.173, -0.018, 0.985),(0.032, 0.000, 0.000),0.517,3.294,6.373,0.876,0.7725534,0.2157142
175791,1000001131104406200,63875741921989,(0.032, 1.440, -0.018),(0.056, -0.023, -0.007, 0.998),VALID,(-0.138, -0.020, 0.990),(0.000, 0.000, 0.000),64.325,VALID,(-0.100, -0.020, 0.995),(-0.032, 0.000, 0.000),0.547,3.508,6.415,0.978,VALID,(-0.173, -0.020, 0.985),(0.032, 0.000, 0.000),0.517,3.293,6.373,0.875,0.8602645,0
175792,1000001131109419400,63875741921999,(0.032, 1.440, -0.018),(0.056, -0.022, -0.007, 0.998),VALID,(-0.137, -0.020, 0.990),(0.000, 0.000, 0.000),64.325,VALID,(-0.098, -0.020, 0.995),(-0.032, 0.000, 0.000),0.546,3.502,6.415,0.978,VALID,(-0.173, -0.020, 0.985),(0.032, 0.000, 0.000),0.517,3.293,6.373,0.875,0.8358191,0
175793,1000001131114437100,63875741921999,(0.032, 1.440, -0.018),(0.056, -0.022, -0.007, 0.998),VALID,(-0.136, -0.020, 0.990),(0.000, 0.000, 0.000),64.325,VALID,(-0.096, -0.021, 0.995),(-0.032, 0.000, 0.000),0.544,3.491,6.415,0.978,VALID,(-0.173, -0.020, 0.985),(0.032, 0.000, 0.000),0.517,3.292,6.373,0.875,0.8180212,0
175794,1000001131119450300,63875741922011,(0.032, 1.440, -0.018),(0.055, -0.022, -0.007, 0.998),VALID,(-0.136, -0.021, 0.991),(0.000, 0.000, 0.000),64.325,VALID,(-0.095, -0.021, 0.995),(-0.032, 0.000, 0.000),0.543,3.481,6.415,0.978,VALID,(-0.173, -0.020, 0.985),(0.032, 0.000, 0.000),0.516,3.291,6.373,0.874,0.8069044,0
175795,1000001131124404600,63875741922011,(0.032, 1.440, -0.018),(0.055, -0.022, -0.007, 0.998),VALID,(-0.135, -0.021, 0.991),(0.000, 0.000, 0.000),64.325,VALID,(-0.094, -0.021, 0.995),(-0.032, 0.000, 0.000),0.542,3.475,6.415,0.975,VALID,(-0.173, -0.021, 0.985),(0.032, 0.000, 0.000),0.516,3.291,6.373,0.874,0.7964297,0
175796,1000001131129417800,63875741922022,(0.032, 1.440, -0.018),(0.055, -0.022, -0.007, 0.998),VALID,(-0.135, -0.021, 0.991),(0.000, 0.000, 0.000),64.325,VALID,(-0.093, -0.021, 0.995),(-0.032, 0.000, 0.000),0.542,3.474,6.415,0.972,VALID,(-0.173, -0.021, 0.985),(0.032, 0.000, 0.000),0.516,3.290,6.373,0.874,0.7900062,0
175797,1000001131134435500,63875741922022,(0.032, 1.440, -0.018),(0.055, -0.022, -0.007, 0.998),VALID,(-0.141, -0.026, 0.990),(0.000, 0.000, 0.000),64.325,VALID,(-0.089, -0.026, 0.996),(-0.032, 0.000, 0.000),0.544,3.489,6.415,0.968,VALID,(-0.173, -0.026, 0.985),(0.032, 0.000, 0.000),0.516,3.289,6.373,0.874,0.758323,0
175798,1000001131139455300,63875741922034,(0.032, 1.440, -0.018),(0.055, -0.022, -0.007, 0.998),VALID,(-0.140, -0.025, 0.990),(0.000, 0.000, 0.000),64.325,VALID,(-0.090, -0.025, 0.996),(-0.032, 0.000, 0.000),0.544,3.488,6.415,0.964,VALID,(-0.172, -0.025, 0.985),(0.032, 0.000, 0.000),0.516,3.289,6.373,0.874,0.7610971,0
175799,1000001131144474200,63875741922034,(0.032, 1.440, -0.018),(0.055, -0.022, -0.007, 0.998),VALID,(-0.145, -0.030, 0.989),(0.000, 0.000, 0.000),64.325,VALID,(-0.075, -0.030, 0.997),(-0.032, 0.000, 0.000),0.542,3.474,6.415,0.960,VALID,(-0.172, -0.030, 0.985),(0.032, 0.000, 0.000),0.516,3.288,6.373,0.874,0.6497076,0
175800,1000001131149493100,63875741922034,(0.032, 1.440, -0.018),(0.055, -0.022, -0.007, 0.998),VALID,(-0.150, -0.035, 0.988),(0.000, 0.000, 0.000),64.325,VALID,(-0.056, -0.035, 0.998),(-0.032, 0.000, 0.000),0.538,3.452,6.415,0.957,VALID,(-0.172, -0.035, 0.984),(0.032, 0.000, 0.000),0.516,3.287,6.373,0.873,0.5439318,0
175801,1000001131154510800,63875741922045,(0.032, 1.440, -0.018),(0.055, -0.023, -0.007, 0.998),VALID,(-0.154, -0.039, 0.987),(0.000, 0.000, 0.000),64.325,VALID,(-0.037, -0.039, 0.999),(-0.032, 0.000, 0.000),0.534,3.428,6.415,0.954,VALID,(-0.172, -0.039, 0.984),(0.032, 0.000, 0.000),0.516,3.287,6.373,0.873,0.4702305,0
175802,1000001131159559900,63875741922045,(0.032, 1.440, -0.018),(0.055, -0.023, -0.007, 0.998),VALID,(-0.157, -0.043, 0.987),(0.000, 0.000, 0.000),64.325,VALID,(-0.022, -0.043, 0.999),(-0.032, 0.000, 0.000),0.533,3.418,6.415,0.952,VALID,(-0.172, -0.042, 0.984),(0.032, 0.000, 0.000),0.516,3.286,6.373,0.873,0.4227502,0
175803,1000001131164577600,63875741922056,(0.032, 1.440, -0.018),(0.055, -0.023, -0.007, 0.998),VALID,(-0.160, -0.046, 0.986),(0.000, 0.000, 0.000),64.325,VALID,(-0.010, -0.046, 0.999),(-0.032, 0.000, 0.000),0.530,3.397,6.415,0.950,VALID,(-0.172, -0.046, 0.984),(0.032, 0.000, 0.000),0.516,3.286,6.373,0.873,0.3929915,0
175804,1000001131169596500,63875741922056,(0.032, 1.440, -0.018),(0.055, -0.023, -0.007, 0.998),VALID,(-0.162, -0.048, 0.986),(0.000, 0.000, 0.000),64.325,VALID,(-0.002, -0.049, 0.999),(-0.032, 0.000, 0.000),0.529,3.395,6.415,0.948,VALID,(-0.172, -0.048, 0.984),(0.032, 0.000, 0.000),0.516,3.285,6.373,0.873,0.3746771,0
175805,1000001131174614200,63875741922067,(0.032, 1.440, -0.018),(0.055, -0.023, -0.007, 0.998),VALID,(-0.164, -0.050, 0.985),(0.000, 0.000, 0.000),64.325,VALID,(0.003, -0.051, 0.999),(-0.032, 0.000, 0.000),0.529,3.394,6.415,0.946,VALID,(-0.172, -0.050, 0.984),(0.032, 0.000, 0.000),0.515,3.285,6.373,0.873,0.3628465,0
175806,1000001131179525900,63875741922067,(0.032, 1.440, -0.018),(0.055, -0.023, -0.007, 0.998),VALID,(-0.165, -0.052, 0.985),(0.000, 0.000, 0.000),64.325,VALID,(0.007, -0.053, 0.999),(-0.032, 0.000, 0.000),0.529,3.394,6.415,0.945,VALID,(-0.172, -0.052, 0.984),(0.032, 0.000, 0.000),0.515,3.284,6.373,0.873,0.3547948,0
175807,1000001131184550600,63875741922078,(0.032, 1.440, -0.018),(0.055, -0.023, -0.007, 0.998),VALID,(-0.166, -0.053, 0.985),(0.000, 0.000, 0.000),64.325,VALID,(0.010, -0.054, 0.998),(-0.032, 0.000, 0.000),0.529,3.394,6.415,0.944,VALID,(-0.172, -0.053, 0.984),(0.032, 0.000, 0.000),0.515,3.284,6.373,0.873,0.3496259,0
175808,1000001131189578300,63875741922078,(0.032, 1.440, -0.018),(0.055, -0.023, -0.007, 0.998),VALID,(-0.167, -0.054, 0.984),(0.000, 0.000, 0.000),64.325,VALID,(0.012, -0.055, 0.998),(-0.032, 0.000, 0.000),0.529,3.394,6.415,0.943,VALID,(-0.172, -0.054, 0.984),(0.032, 0.000, 0.000),0.515,3.283,6.373,0.873,0.3463824,0
175809,1000001131194597400,63875741922089,(0.032, 1.440, -0.018),(0.055, -0.023, -0.007, 0.998),VALID,(-0.168, -0.055, 0.984),(0.000, 0.000, 0.000),64.325,VALID,(0.013, -0.056, 0.998),(-0.032, 0.000, 0.000),0.529,3.394,6.415,0.942,VALID,(-0.172, -0.055, 0.984),(0.032, 0.000, 0.000),0.515,3.283,6.373,0.873,0.3447003,0
175810,1000001131199580600,63875741922089,(0.032, 1.440, -0.018),(0.055, -0.023, -0.007, 0.998),VALID,(-0.168, -0.056, 0.984),(0.000, 0.000, 0.000),64.325,VALID,(0.013, -0.057, 0.998),(-0.032, 0.000, 0.000),0.529,3.391,6.415,0.942,VALID,(-0.172, -0.056, 0.984),(0.032, 0.000, 0.000),0.515,3.282,6.373,0.873,0.3440106,0
175811,1000001131204601300,63875741922090,(0.032, 1.440, -0.018),(0.055, -0.023, -0.007, 0.998),VALID,(-0.169, -0.057, 0.984),(0.000, 0.000, 0.000),64.325,VALID,(0.013, -0.058, 0.998),(-0.032, 0.000, 0.000),0.528,3.388,6.415,0.941,VALID,(-0.172, -0.057, 0.984),(0.032, 0.000, 0.000),0.515,3.282,6.373,0.873,0.3437076,0
175812,1000001131209639200,63875741922100,(0.032, 1.440, -0.018),(0.055, -0.023, -0.007, 0.998),VALID,(-0.169, -0.058, 0.984),(0.000, 0.000, 0.000),64.325,VALID,(0.013, -0.058, 0.998),(-0.032, 0.000, 0.000),0.528,3.388,6.415,0.940,VALID,(-0.172, -0.058, 0.983),(0.032, 0.000, 0.000),0.515,3.281,6.373,0.873,0.3436432,0
175813,1000001131214659900,63875741922100,(0.032, 1.440, -0.018),(0.055, -0.023, -0.007, 0.998),VALID,(-0.170, -0.058, 0.984),(0.000, 0.000, 0.000),64.325,VALID,(0.013, -0.059, 0.998),(-0.032, 0.000, 0.000),0.532,3.411,6.415,0.940,VALID,(-0.172, -0.058, 0.983),(0.032, 0.000, 0.000),0.515,3.281,6.373,0.872,0.3445283,0
175814,1000001131219680600,63875741922111,(0.032, 1.440, -0.018),(0.055, -0.023, -0.007, 0.998),VALID,(-0.168, -0.056, 0.984),(0.000, 0.000, 0.000),64.325,VALID,(0.004, -0.057, 0.998),(-0.032, 0.000, 0.000),0.537,3.442,6.415,0.939,VALID,(-0.172, -0.056, 0.984),(0.032, 0.000, 0.000),0.515,3.280,6.373,0.873,0.3622368,0
175815,1000001131224704500,63875741922111,(0.032, 1.440, -0.018),(0.055, -0.023, -0.007, 0.998),VALID,(-0.169, -0.057, 0.984),(0.000, 0.000, 0.000),64.325,VALID,(0.004, -0.058, 0.998),(-0.032, 0.000, 0.000),0.537,3.448,6.415,0.939,VALID,(-0.172, -0.057, 0.983),(0.032, 0.000, 0.000),0.515,3.280,6.373,0.872,0.361415,0
175816,1000001131229725200,63875741922122,(0.032, 1.440, -0.018),(0.055, -0.023, -0.007, 0.998),VALID,(-0.169, -0.058, 0.984),(0.000, 0.000, 0.000),64.325,VALID,(0.004, -0.059, 0.998),(-0.032, 0.000, 0.000),0.537,3.448,6.415,0.938,VALID,(-0.172, -0.058, 0.983),(0.032, 0.000, 0.000),0.515,3.279,6.373,0.872,0.3606149,0
175817,1000001131234691100,63875741922123,(0.032, 1.440, -0.018),(0.055, -0.023, -0.007, 0.998),VALID,(-0.168, -0.057, 0.984),(0.000, 0.000, 0.000),64.325,VALID,(-0.016, -0.058, 0.998),(-0.032, 0.000, 0.000),0.539,3.455,6.415,0.938,VALID,(-0.172, -0.057, 0.984),(0.032, 0.000, 0.000),0.514,3.278,6.373,0.872,0.4075565,0
175818,1000001131239679200,63875741922134,(0.033, 1.440, -0.018),(0.055, -0.023, -0.007, 0.998),VALID,(-0.167, -0.056, 0.984),(0.000, 0.000, 0.000),64.325,VALID,(-0.044, -0.056, 0.997),(-0.032, 0.000, 0.000),0.541,3.470,6.415,0.938,VALID,(-0.172, -0.056, 0.984),(0.032, 0.000, 0.000),0.514,3.278,6.373,0.872,0.4974721,0.190666
175819,1000001131244699900,63875741922134,(0.033, 1.440, -0.018),(0.055, -0.023, -0.007, 0.998),VALID,(-0.167, -0.057, 0.984),(0.000, 0.000, 0.000),64.325,VALID,(-0.035, -0.057, 0.998),(-0.032, 0.000, 0.000),0.541,3.470,6.415,0.937,VALID,(-0.172, -0.057, 0.984),(0.032, 0.000, 0.000),0.514,3.277,6.373,0.872,0.4627559,0
175820,1000001131249716800,63875741922145,(0.033, 1.440, -0.019),(0.055, -0.023, -0.007, 0.998),VALID,(-0.168, -0.058, 0.984),(0.000, 0.000, 0.000),64.325,VALID,(-0.029, -0.058, 0.998),(-0.032, 0.000, 0.000),0.540,3.466,6.415,0.937,VALID,(-0.172, -0.058, 0.983),(0.032, 0.000, 0.000),0.514,3.277,6.373,0.872,0.4438663,0
175821,1000001131254733700,63875741922145,(0.033, 1.440, -0.019),(0.055, -0.023, -0.007, 0.998),VALID,(-0.167, -0.056, 0.984),(0.000, 0.000, 0.000),64.325,VALID,(-0.052, -0.057, 0.997),(-0.032, 0.000, 0.000),0.541,3.468,6.415,0.937,VALID,(-0.172, -0.056, 0.984),(0.032, 0.000, 0.000),0.514,3.276,6.373,0.872,0.5296465,0
175822,1000001131259750600,63875741922145,(0.033, 1.440, -0.019),(0.055, -0.023, -0.007, 0.998),VALID,(-0.166, -0.056, 0.984),(0.000, 0.000, 0.000),64.325,VALID,(-0.075, -0.056, 0.996),(-0.032, 0.000, 0.000),0.541,3.468,6.415,0.936,VALID,(-0.172, -0.056, 0.984),(0.032, 0.000, 0.000),0.514,3.276,6.373,0.872,0.6536897,0
175823,1000001131264766300,63875741922156,(0.033, 1.440, -0.019),(0.055, -0.023, -0.007, 0.998),VALID,(-0.166, -0.055, 0.985),(0.000, 0.000, 0.000),64.325,VALID,(-0.094, -0.056, 0.994),(-0.032, 0.000, 0.000),0.541,3.468,6.415,0.936,VALID,(-0.172, -0.055, 0.984),(0.032, 0.000, 0.000),0.514,3.276,6.373,0.872,0.8078485,0
175824,1000001131269783200,63875741922156,(0.033, 1.440, -0.019),(0.055, -0.023, -0.007, 0.998),VALID,(-0.166, -0.055, 0.985),(0.000, 0.000, 0.000),64.325,VALID,(-0.107, -0.055, 0.993),(-0.032, 0.000, 0.000),0.541,3.473,6.415,0.936,VALID,(-0.172, -0.055, 0.984),(0.032, 0.000, 0.000),0.514,3.276,6.373,0.872,0.9801635,0
175825,1000001131274798900,63875741922167,(0.033, 1.439, -0.019),(0.055, -0.023, -0.007, 0.998),VALID,(-0.165, -0.054, 0.985),(0.000, 0.000, 0.000),64.325,VALID,(-0.117, -0.055, 0.992),(-0.032, 0.000, 0.000),0.543,3.485,6.415,0.936,VALID,(-0.172, -0.054, 0.984),(0.032, 0.000, 0.000),0.514,3.275,6.373,0.872,1.15233,0
175826,1000001131279800400,63875741922167,(0.033, 1.439, -0.019),(0.055, -0.023, -0.007, 0.998),VALID,(-0.166, -0.055, 0.985),(0.000, 0.000, 0.000),64.325,VALID,(-0.090, -0.056, 0.994),(-0.032, 0.000, 0.000),0.543,3.484,6.415,0.935,VALID,(-0.172, -0.055, 0.984),(0.032, 0.000, 0.000),0.514,3.275,6.373,0.872,0.7763173,0
175827,1000001131284816100,63875741922178,(0.033, 1.440, -0.019),(0.055, -0.023, -0.007, 0.998),VALID,(-0.166, -0.056, 0.985),(0.000, 0.000, 0.000),64.325,VALID,(-0.079, -0.056, 0.995),(-0.032, 0.000, 0.000),0.540,3.467,6.415,0.935,VALID,(-0.172, -0.056, 0.984),(0.032, 0.000, 0.000),0.514,3.275,6.373,0.872,0.682624,0
175828,1000001131289875400,63875741922178,(0.033, 1.440, -0.019),(0.055, -0.023, -0.007, 0.998),VALID,(-0.166, -0.055, 0.985),(0.000, 0.000, 0.000),64.325,VALID,(-0.090, -0.056, 0.994),(-0.032, 0.000, 0.000),0.541,3.469,6.415,0.935,VALID,(-0.172, -0.055, 0.984),(0.032, 0.000, 0.000),0.514,3.275,6.373,0.872,0.7732505,0
175829,1000001131294891100,63875741922190,(0.033, 1.439, -0.019),(0.055, -0.023, -0.007, 0.998),VALID,(-0.166, -0.056, 0.985),(0.000, 0.000, 0.000),64.325,VALID,(-0.084, -0.057, 0.995),(-0.032, 0.000, 0.000),0.540,3.467,6.415,0.935,VALID,(-0.172, -0.056, 0.984),(0.032, 0.000, 0.000),0.514,3.275,6.373,0.872,0.7178441,0
175830,1000001131299865400,63875741922190,(0.033, 1.439, -0.019),(0.055, -0.023, -0.007, 0.998),VALID,(-0.166, -0.056, 0.985),(0.000, 0.000, 0.000),64.325,VALID,(-0.091, -0.056, 0.994),(-0.032, 0.000, 0.000),0.539,3.456,6.415,0.934,VALID,(-0.172, -0.055, 0.984),(0.032, 0.000, 0.000),0.514,3.275,6.373,0.872,0.7845423,0
175831,1000001131304870200,63875741922190,(0.033, 1.439, -0.019),(0.055, -0.023, -0.007, 0.998),VALID,(-0.166, -0.056, 0.984),(0.000, 0.000, 0.000),64.325,VALID,(-0.087, -0.057, 0.995),(-0.032, 0.000, 0.000),0.535,3.432,6.415,0.934,VALID,(-0.172, -0.056, 0.984),(0.032, 0.000, 0.000),0.514,3.275,6.373,0.872,0.7462168,0
175832,1000001131309865500,63875741922200,(0.033, 1.439, -0.019),(0.055, -0.023, -0.006, 0.998),VALID,(-0.166, -0.057, 0.984),(0.000, 0.000, 0.000),64.325,VALID,(-0.075, -0.058, 0.996),(-0.032, 0.000, 0.000),0.533,3.422,6.415,0.934,VALID,(-0.172, -0.057, 0.983),(0.032, 0.000, 0.000),0.514,3.275,6.373,0.872,0.6502213,0
175833,1000001131314878400,63875741922200,(0.033, 1.439, -0.019),(0.055, -0.023, -0.006, 0.998),VALID,(-0.167, -0.058, 0.984),(0.000, 0.000, 0.000),64.325,VALID,(-0.059, -0.059, 0.997),(-0.032, 0.000, 0.000),0.531,3.406,6.415,0.933,VALID,(-0.172, -0.058, 0.983),(0.032, 0.000, 0.000),0.514,3.275,6.373,0.871,0.560187,0
175834,1000001131319890900,63875741922212,(0.033, 1.439, -0.019),(0.055, -0.023, -0.006, 0.998),VALID,(-0.167, -0.059, 0.984),(0.000, 0.000, 0.000),64.325,VALID,(-0.044, -0.060, 0.997),(-0.032, 0.000, 0.000),0.530,3.399,6.415,0.933,VALID,(-0.172, -0.059, 0.983),(0.032, 0.000, 0.000),0.514,3.275,6.373,0.871,0.4945377,0
175835,1000001131324904200,63875741922212,(0.033, 1.439, -0.019),(0.055, -0.023, -0.006, 0.998),VALID,(-0.167, -0.060, 0.984),(0.000, 0.000, 0.000),64.325,VALID,(-0.031, -0.061, 0.998),(-0.032, 0.000, 0.000),0.528,3.384,6.415,0.932,VALID,(-0.172, -0.060, 0.983),(0.032, 0.000, 0.000),0.514,3.276,6.373,0.871,0.4494939,0
175836,1000001131329915200,63875741922223,(0.033, 1.440, -0.019),(0.055, -0.023, -0.006, 0.998),VALID,(-0.167, -0.059, 0.984),(0.000, 0.000, 0.000),64.325,VALID,(-0.049, -0.060, 0.997),(-0.032, 0.000, 0.000),0.528,3.384,6.415,0.932,VALID,(-0.172, -0.059, 0.983),(0.032, 0.000, 0.000),0.514,3.276,6.373,0.871,0.5144508,0
175837,1000001131334950800,63875741922223,(0.033, 1.440, -0.019),(0.055, -0.023, -0.006, 0.998),VALID,(-0.167, -0.059, 0.984),(0.000, 0.000, 0.000),64.325,VALID,(-0.054, -0.060, 0.997),(-0.032, 0.000, 0.000),0.530,3.398,6.415,0.932,VALID,(-0.172, -0.059, 0.983),(0.032, 0.000, 0.000),0.514,3.276,6.373,0.871,0.539431,0
175838,1000001131339958800,63875741922234,(0.033, 1.440, -0.019),(0.055, -0.023, -0.007, 0.998),VALID,(-0.167, -0.059, 0.984),(0.000, 0.000, 0.000),64.325,VALID,(-0.048, -0.060, 0.997),(-0.032, 0.000, 0.000),0.531,3.408,6.415,0.931,VALID,(-0.172, -0.059, 0.983),(0.032, 0.000, 0.000),0.514,3.277,6.373,0.871,0.5106262,0
175839,1000001131344966800,63875741922234,(0.033, 1.440, -0.019),(0.055, -0.023, -0.007, 0.998),VALID,(-0.167, -0.059, 0.984),(0.000, 0.000, 0.000),64.325,VALID,(-0.054, -0.059, 0.997),(-0.032, 0.000, 0.000),0.533,3.417,6.415,0.931,VALID,(-0.172, -0.059, 0.983),(0.032, 0.000, 0.000),0.514,3.278,6.373,0.870,0.5374908,0
175840,1000001131349974800,63875741922245,(0.033, 1.440, -0.019),(0.055, -0.023, -0.006, 0.998),VALID,(-0.166, -0.059, 0.984),(0.000, 0.000, 0.000),64.325,VALID,(-0.054, -0.059, 0.997),(-0.032, 0.000, 0.000),0.544,3.490,6.415,0.930,VALID,(-0.172, -0.058, 0.983),(0.032, 0.000, 0.000),0.514,3.279,6.373,0.871,0.5358675,0
175841,1000001131354985800,63875741922245,(0.033, 1.440, -0.019),(0.055, -0.023, -0.006, 0.998),VALID,(-0.166, -0.062, 0.984),(0.000, 0.000, 0.000),64.325,VALID,(-0.044, -0.063, 0.997),(-0.032, 0.000, 0.000),0.558,3.580,6.415,0.928,VALID,(-0.172, -0.062, 0.983),(0.032, 0.000, 0.000),0.515,3.282,6.373,0.871,0.4955358,0
175842,1000001131359996800,63875741922245,(0.033, 1.440, -0.019),(0.055, -0.023, -0.006, 0.998),VALID,(-0.161, -0.071, 0.984),(0.000, 0.000, 0.000),64.325,VALID,(-0.035, -0.072, 0.997),(-0.032, 0.000, 0.000),0.551,3.538,6.415,0.925,VALID,(-0.171, -0.071, 0.983),(0.032, 0.000, 0.000),0.516,3.286,6.373,0.871,0.46909,0
175843,1000001131365007800,63875741922256,(0.033, 1.440, -0.019),(0.054, -0.023, -0.007, 0.998),VALID,(-0.148, -0.085, 0.985),(0.000, 0.000, 0.000),64.325,VALID,(-0.025, -0.086, 0.996),(-0.032, 0.000, 0.000),0.545,3.497,6.415,0.922,VALID,(-0.164, -0.085, 0.983),(0.032, 0.000, 0.000),0.516,3.290,6.373,0.871,0.4579161,0
175844,1000001131370018800,63875741922256,(0.033, 1.440, -0.019),(0.054, -0.023, -0.007, 0.998),VALID,(-0.129, -0.102, 0.986),(0.000, 0.000, 0.000),64.325,VALID,(-0.027, -0.103, 0.994),(-0.032, 0.000, 0.000),0.538,3.451,6.415,0.919,VALID,(-0.152, -0.102, 0.983),(0.032, 0.000, 0.000),0.516,3.288,6.373,0.872,0.5054686,0
175845,1000001131375026800,63875741922267,(0.033, 1.440, -0.019),(0.054, -0.023, -0.007, 0.998),VALID,(-0.102, -0.121, 0.987),(0.000, 0.000, 0.000),64.325,VALID,(-0.020, -0.121, 0.992),(-0.032, 0.000, 0.000),0.538,3.452,6.415,0.915,VALID,(-0.134, -0.120, 0.984),(0.032, 0.000, 0.000),0.515,3.284,6.373,0.872,0.5560988,0
175846,1000001131380034800,63875741922267,(0.033, 1.440, -0.019),(0.054, -0.023, -0.007, 0.998),VALID,(-0.073, -0.141, 0.987),(0.000, 0.000, 0.000),64.325,VALID,(-0.009, -0.142, 0.990),(-0.032, 0.000, 0.000),0.541,3.468,6.415,0.910,VALID,(-0.114, -0.141, 0.983),(0.032, 0.000, 0.000),0.514,3.277,6.373,0.873,0.6084955,0
175847,1000001131385038400,63875741922278,(0.033, 1.440, -0.019),(0.054, -0.024, -0.007, 0.998),VALID,(-0.048, -0.172, 0.984),(0.000, 0.000, 0.000),64.325,VALID,(0.014, -0.172, 0.985),(-0.032, 0.000, 0.000),0.542,3.475,6.415,0.905,VALID,(-0.095, -0.171, 0.981),(0.032, 0.000, 0.000),0.512,3.266,6.373,0.874,0.5849487,0
175848,1000001131390046400,63875741922278,(0.033, 1.440, -0.019),(0.054, -0.024, -0.007, 0.998),VALID,(-0.030, -0.196, 0.980),(0.000, 0.000, 0.000),64.325,VALID,(0.035, -0.196, 0.980),(-0.032, 0.000, 0.000),0.543,3.484,6.415,0.900,VALID,(-0.080, -0.196, 0.977),(0.032, 0.000, 0.000),0.511,3.257,6.373,0.875,0.5581183,0
175849,1000001131395054400,63875741922290,(0.033, 1.440, -0.019),(0.054, -0.024, -0.007, 0.998),VALID,(-0.004, -0.208, 0.978),(0.000, 0.000, 0.000),64.325,VALID,(0.052, -0.208, 0.977),(-0.032, 0.000, 0.000),0.543,3.485,6.415,0.896,VALID,(-0.070, -0.208, 0.976),(0.032, 0.000, 0.000),0.510,3.253,6.373,0.875,0.5237978,0
175850,1000001131400062400,63875741922290,(0.033, 1.440, -0.019),(0.054, -0.024, -0.007, 0.998),VALID,(0.013, -0.217, 0.976),(0.000, 0.000, 0.000),64.325,VALID,(0.065, -0.216, 0.974),(-0.032, 0.000, 0.000),0.543,3.484,6.415,0.892,VALID,(-0.063, -0.216, 0.974),(0.032, 0.000, 0.000),0.510,3.252,6.373,0.876,0.4995828,0
175851,1000001131405070400,63875741922301,(0.033, 1.440, -0.019),(0.054, -0.024, -0.007, 0.998),VALID,(0.024, -0.223, 0.974),(0.000, 0.000, 0.000),64.325,VALID,(0.074, -0.223, 0.972),(-0.032, 0.000, 0.000),0.542,3.478,6.415,0.888,VALID,(-0.058, -0.223, 0.973),(0.032, 0.000, 0.000),0.510,3.251,6.373,0.876,0.4844924,0
175852,1000001131410079100,63875741922301,(0.033, 1.440, -0.019),(0.054, -0.024, -0.007, 0.998),VALID,(0.030, -0.228, 0.973),(0.000, 0.000, 0.000),64.325,VALID,(0.079, -0.227, 0.971),(-0.032, 0.000, 0.000),0.542,3.477,6.415,0.885,VALID,(-0.055, -0.228, 0.972),(0.032, 0.000, 0.000),0.510,3.251,6.373,0.876,0.4777199,0
175853,1000001131415127900,63875741922301,(0.033, 1.440, -0.019),(0.054, -0.024, -0.007, 0.998),VALID,(0.034, -0.231, 0.972),(0.000, 0.000, 0.000),64.325,VALID,(0.083, -0.231, 0.970),(-0.032, 0.000, 0.000),0.542,3.477,6.415,0.882,VALID,(-0.052, -0.231, 0.972),(0.032, 0.000, 0.000),0.510,3.251,6.373,0.877,0.4741641,0
175854,1000001131420123900,63875741922312,(0.033, 1.440, -0.019),(0.053, -0.024, -0.007, 0.998),VALID,(0.036, -0.234, 0.972),(0.000, 0.000, 0.000),64.325,VALID,(0.085, -0.233, 0.969),(-0.032, 0.000, 0.000),0.542,3.476,6.415,0.880,VALID,(-0.051, -0.233, 0.971),(0.032, 0.000, 0.000),0.510,3.251,6.373,0.877,0.4723682,0
175855,1000001131425125400,63875741922323,(0.033, 1.440, -0.019),(0.053, -0.024, -0.007, 0.998),VALID,(0.038, -0.235, 0.971),(0.000, 0.000, 0.000),64.325,VALID,(0.086, -0.234, 0.968),(-0.032, 0.000, 0.000),0.542,3.476,6.415,0.878,VALID,(-0.050, -0.235, 0.971),(0.032, 0.000, 0.000),0.510,3.251,6.373,0.877,0.4714284,0
175856,1000001131430126900,63875741922323,(0.033, 1.440, -0.019),(0.053, -0.024, -0.007, 0.998),VALID,(0.038, -0.236, 0.971),(0.000, 0.000, 0.000),64.325,VALID,(0.087, -0.236, 0.968),(-0.032, 0.000, 0.000),0.542,3.475,6.415,0.876,VALID,(-0.049, -0.236, 0.970),(0.032, 0.000, 0.000),0.510,3.251,6.373,0.877,0.4708755,0
175857,1000001131435177400,63875741922323,(0.033, 1.440, -0.019),(0.053, -0.024, -0.007, 0.998),VALID,(0.038, -0.237, 0.971),(0.000, 0.000, 0.000),64.325,VALID,(0.087, -0.236, 0.968),(-0.032, 0.000, 0.000),0.541,3.474,6.415,0.874,VALID,(-0.049, -0.237, 0.970),(0.032, 0.000, 0.000),0.510,3.251,6.373,0.878,0.471025,0
175858,1000001131440176800,63875741922334,(0.033, 1.440, -0.019),(0.053, -0.024, -0.007, 0.998),VALID,(0.039, -0.237, 0.971),(0.000, 0.000, 0.000),64.325,VALID,(0.087, -0.236, 0.968),(-0.032, 0.000, 0.000),0.541,3.473,6.415,0.872,VALID,(-0.049, -0.237, 0.970),(0.032, 0.000, 0.000),0.510,3.252,6.373,0.878,0.4687716,0
175859,1000001131445201300,63875741922334,(0.033, 1.440, -0.019),(0.053, -0.024, -0.007, 0.998),VALID,(0.039, -0.237, 0.971),(0.000, 0.000, 0.000),64.325,VALID,(0.087, -0.236, 0.968),(-0.032, 0.000, 0.000),0.541,3.472,6.415,0.871,VALID,(-0.050, -0.237, 0.970),(0.032, 0.000, 0.000),0.511,3.254,6.373,0.878,0.4678511,0
175860,1000001131450200700,63875741922345,(0.033, 1.440, -0.019),(0.053, -0.025, -0.007, 0.998),VALID,(0.039, -0.237, 0.971),(0.000, 0.000, 0.000),64.325,VALID,(0.087, -0.236, 0.968),(-0.032, 0.000, 0.000),0.541,3.471,6.415,0.870,VALID,(-0.050, -0.237, 0.970),(0.032, 0.000, 0.000),0.511,3.258,6.373,0.878,0.4680805,0
175861,1000001131455213700,63875741922345,(0.033, 1.440, -0.019),(0.053, -0.025, -0.007, 0.998),VALID,(0.039, -0.237, 0.971),(0.000, 0.000, 0.000),64.325,VALID,(0.086, -0.236, 0.968),(-0.032, 0.000, 0.000),0.541,3.471,6.415,0.869,VALID,(-0.050, -0.236, 0.970),(0.032, 0.000, 0.000),0.512,3.263,6.373,0.878,0.4688368,0
175862,1000001131460213100,63875741922345,(0.033, 1.440, -0.019),(0.053, -0.025, -0.007, 0.998),VALID,(0.039, -0.236, 0.971),(0.000, 0.000, 0.000),64.325,VALID,(0.086, -0.236, 0.968),(-0.032, 0.000, 0.000),0.541,3.472,6.415,0.868,VALID,(-0.050, -0.236, 0.970),(0.032, 0.000, 0.000),0.513,3.269,6.373,0.879,0.4701023,0
175863,1000001131465283600,63875741922357,(0.033, 1.440, -0.019),(0.053, -0.025, -0.007, 0.998),VALID,(0.038, -0.237, 0.971),(0.000, 0.000, 0.000),64.325,VALID,(0.085, -0.236, 0.968),(-0.032, 0.000, 0.000),0.541,3.472,6.415,0.867,VALID,(-0.050, -0.236, 0.970),(0.032, 0.000, 0.000),0.513,3.271,6.373,0.879,0.4737005,0
175864,1000001131470285100,63875741922357,(0.033, 1.440, -0.019),(0.053, -0.025, -0.007, 0.998),VALID,(0.038, -0.237, 0.971),(0.000, 0.000, 0.000),64.325,VALID,(0.085, -0.236, 0.968),(-0.032, 0.000, 0.000),0.541,3.473,6.415,0.866,VALID,(-0.050, -0.236, 0.970),(0.032, 0.000, 0.000),0.514,3.273,6.373,0.879,0.4745447,0
175865,1000001131475286600,63875741922368,(0.033, 1.440, -0.019),(0.053, -0.025, -0.007, 0.998),VALID,(0.038, -0.237, 0.971),(0.000, 0.000, 0.000),64.325,VALID,(0.085, -0.236, 0.968),(-0.032, 0.000, 0.000),0.541,3.474,6.415,0.866,VALID,(-0.049, -0.237, 0.970),(0.032, 0.000, 0.000),0.514,3.274,6.373,0.879,0.4777415,0
175866,1000001131480274000,63875741922368,(0.033, 1.440, -0.019),(0.053, -0.025, -0.007, 0.998),VALID,(0.037, -0.237, 0.971),(0.000, 0.000, 0.000),64.325,VALID,(0.084, -0.236, 0.968),(-0.032, 0.000, 0.000),0.542,3.477,6.415,0.865,VALID,(-0.050, -0.237, 0.970),(0.032, 0.000, 0.000),0.514,3.274,6.373,0.879,0.4790761,0.1347894
175867,1000001131485275500,63875741922379,(0.033, 1.440, -0.019),(0.053, -0.025, -0.007, 0.998),VALID,(0.037, -0.237, 0.971),(0.000, 0.000, 0.000),64.325,VALID,(0.084, -0.236, 0.968),(-0.032, 0.000, 0.000),0.542,3.479,6.415,0.865,VALID,(-0.050, -0.237, 0.970),(0.032, 0.000, 0.000),0.514,3.275,6.373,0.879,0.4803581,0.2682099
175868,1000001131490315800,63875741922379,(0.033, 1.440, -0.019),(0.053, -0.025, -0.007, 0.998),VALID,(0.037, -0.237, 0.971),(0.000, 0.000, 0.000),64.325,VALID,(0.083, -0.236, 0.968),(-0.032, 0.000, 0.000),0.543,3.482,6.415,0.864,VALID,(-0.050, -0.237, 0.970),(0.032, 0.000, 0.000),0.514,3.278,6.373,0.880,0.48167,0.7890624
175869,1000001131495315200,63875741922390,(0.033, 1.440, -0.019),(0.053, -0.025, -0.007, 0.998),VALID,(0.037, -0.237, 0.971),(0.000, 0.000, 0.000),64.325,VALID,(0.083, -0.236, 0.968),(-0.032, 0.000, 0.000),0.543,3.483,6.415,0.864,VALID,(-0.050, -0.237, 0.970),(0.032, 0.000, 0.000),0.515,3.280,6.373,0.880,0.4828049,0.8366637
175870,1000001131500370100,63875741922390,(0.033, 1.440, -0.019),(0.053, -0.025, -0.007, 0.998),VALID,(0.037, -0.237, 0.971),(0.000, 0.000, 0.000),64.325,VALID,(0.083, -0.236, 0.968),(-0.032, 0.000, 0.000),0.543,3.485,6.415,0.863,VALID,(-0.049, -0.237, 0.970),(0.032, 0.000, 0.000),0.515,3.283,6.373,0.880,0.4840662,0.8668724
175871,1000001131505371600,63875741922401,(0.033, 1.440, -0.019),(0.053, -0.025, -0.006, 0.998),VALID,(0.037, -0.237, 0.971),(0.000, 0.000, 0.000),64.325,VALID,(0.083, -0.237, 0.968),(-0.032, 0.000, 0.000),0.543,3.486,6.415,0.863,VALID,(-0.049, -0.237, 0.970),(0.032, 0.000, 0.000),0.516,3.285,6.373,0.880,0.4852089,0.8843116
175872,1000001131510373100,63875741922401,(0.033, 1.440, -0.019),(0.053, -0.025, -0.006, 0.998),VALID,(0.037, -0.237, 0.971),(0.000, 0.000, 0.000),64.325,VALID,(0.083, -0.237, 0.968),(-0.032, 0.000, 0.000),0.544,3.487,6.415,0.862,VALID,(-0.049, -0.237, 0.970),(0.032, 0.000, 0.000),0.516,3.287,6.373,0.881,0.4862218,0.8956929
175873,1000001131515374600,63875741922401,(0.033, 1.440, -0.019),(0.053, -0.025, -0.006, 0.998),VALID,(0.037, -0.237, 0.971),(0.000, 0.000, 0.000),64.325,VALID,(0.082, -0.237, 0.968),(-0.032, 0.000, 0.000),0.545,3.499,6.415,0.862,VALID,(-0.049, -0.237, 0.970),(0.032, 0.000, 0.000),0.516,3.289,6.373,0.881,0.4876457,0.8768152
175874,1000001131520376100,63875741922412,(0.033, 1.440, -0.019),(0.053, -0.025, -0.006, 0.998),VALID,(0.037, -0.237, 0.971),(0.000, 0.000, 0.000),64.325,VALID,(0.082, -0.237, 0.968),(-0.032, 0.000, 0.000),0.546,3.504,6.415,0.862,VALID,(-0.049, -0.237, 0.970),(0.032, 0.000, 0.000),0.516,3.290,6.373,0.881,0.4890901,0.875018
175875,1000001131525391800,63875741922412,(0.033, 1.440, -0.019),(0.053, -0.025, -0.006, 0.998),VALID,(0.034, -0.240, 0.970),(0.000, 0.000, 0.000),64.325,VALID,(0.081, -0.239, 0.968),(-0.032, 0.000, 0.000),0.546,3.506,6.415,0.861,VALID,(-0.049, -0.239, 0.970),(0.032, 0.000, 0.000),0.517,3.292,6.373,0.881,0.4935085,0.4324152
175876,1000001131530407500,63875741922423,(0.033, 1.440, -0.019),(0.053, -0.026, -0.006, 0.998),VALID,(0.033, -0.242, 0.970),(0.000, 0.000, 0.000),64.325,VALID,(0.080, -0.241, 0.967),(-0.032, 0.000, 0.000),0.546,3.505,6.415,0.861,VALID,(-0.049, -0.242, 0.969),(0.032, 0.000, 0.000),0.517,3.294,6.373,0.881,0.4968951,0.4314547
175877,1000001131535392900,63875741922423,(0.033, 1.440, -0.019),(0.053, -0.026, -0.006, 0.998),VALID,(0.032, -0.244, 0.969),(0.000, 0.000, 0.000),64.325,VALID,(0.080, -0.243, 0.967),(-0.032, 0.000, 0.000),0.546,3.503,6.415,0.861,VALID,(-0.048, -0.244, 0.969),(0.032, 0.000, 0.000),0.517,3.296,6.373,0.881,0.4994839,0.4693965
175878,1000001131540408600,63875741922434,(0.033, 1.440, -0.019),(0.053, -0.026, -0.006, 0.998),VALID,(0.032, -0.243, 0.969),(0.000, 0.000, 0.000),64.325,VALID,(0.080, -0.243, 0.967),(-0.032, 0.000, 0.000),0.546,3.501,6.415,0.860,VALID,(-0.048, -0.243, 0.969),(0.032, 0.000, 0.000),0.517,3.298,6.373,0.882,0.5000873,0.03852894
175879,1000001131545983700,63875741922434,(0.033, 1.440, -0.019),(0.053, -0.026, -0.006, 0.998),VALID,(0.033, -0.243, 0.970),(0.000, 0.000, 0.000),64.325,VALID,(0.080, -0.242, 0.967),(-0.032, 0.000, 0.000),0.546,3.500,6.415,0.860,VALID,(-0.048, -0.242, 0.969),(0.032, 0.000, 0.000),0.518,3.300,6.373,0.882,0.5008262,0.0477224
175880,1000001131550999400,63875741922445,(0.033, 1.440, -0.019),(0.053, -0.026, -0.006, 0.998),VALID,(0.031, -0.244, 0.969),(0.000, 0.000, 0.000),64.325,VALID,(0.079, -0.244, 0.967),(-0.032, 0.000, 0.000),0.545,3.499,6.415,0.860,VALID,(-0.048, -0.244, 0.969),(0.032, 0.000, 0.000),0.518,3.302,6.373,0.882,0.5034532,0
175881,1000001131556016300,63875741922445,(0.033, 1.440, -0.019),(0.053, -0.026, -0.006, 0.998),VALID,(0.030, -0.246, 0.969),(0.000, 0.000, 0.000),64.325,VALID,(0.079, -0.246, 0.966),(-0.032, 0.000, 0.000),0.545,3.499,6.415,0.859,VALID,(-0.048, -0.246, 0.968),(0.032, 0.000, 0.000),0.519,3.305,6.373,0.882,0.5066417,0
175882,1000001131561033200,63875741922445,(0.033, 1.440, -0.019),(0.053, -0.026, -0.006, 0.998),VALID,(0.028, -0.248, 0.968),(0.000, 0.000, 0.000),64.325,VALID,(0.078, -0.247, 0.966),(-0.032, 0.000, 0.000),0.545,3.498,6.415,0.859,VALID,(-0.048, -0.248, 0.968),(0.032, 0.000, 0.000),0.519,3.307,6.373,0.882,0.5099932,0
175883,1000001131565515900,63875741922456,(0.033, 1.440, -0.019),(0.053, -0.026, -0.006, 0.998),VALID,(0.026, -0.249, 0.968),(0.000, 0.000, 0.000),64.325,VALID,(0.077, -0.249, 0.966),(-0.032, 0.000, 0.000),0.545,3.496,6.415,0.859,VALID,(-0.047, -0.249, 0.967),(0.032, 0.000, 0.000),0.519,3.309,6.373,0.882,0.5137502,0
175884,1000001131570531600,63875741922456,(0.033, 1.440, -0.019),(0.053, -0.026, -0.006, 0.998),VALID,(0.024, -0.250, 0.968),(0.000, 0.000, 0.000),64.325,VALID,(0.077, -0.250, 0.965),(-0.032, 0.000, 0.000),0.545,3.495,6.415,0.858,VALID,(-0.047, -0.250, 0.967),(0.032, 0.000, 0.000),0.520,3.312,6.373,0.883,0.5157121,0
175885,1000001131575480900,63875741922467,(0.033, 1.440, -0.019),(0.053, -0.026, -0.006, 0.998),VALID,(0.022, -0.252, 0.968),(0.000, 0.000, 0.000),64.325,VALID,(0.076, -0.251, 0.965),(-0.032, 0.000, 0.000),0.545,3.495,6.415,0.858,VALID,(-0.047, -0.251, 0.967),(0.032, 0.000, 0.000),0.520,3.315,6.373,0.883,0.5196525,0
175886,1000001131580496600,63875741922467,(0.033, 1.440, -0.019),(0.053, -0.026, -0.006, 0.998),VALID,(0.021, -0.253, 0.967),(0.000, 0.000, 0.000),64.325,VALID,(0.076, -0.252, 0.965),(-0.032, 0.000, 0.000),0.545,3.496,6.415,0.858,VALID,(-0.047, -0.252, 0.966),(0.032, 0.000, 0.000),0.521,3.317,6.373,0.883,0.5237215,0
175887,1000001131585513500,63875741922478,(0.033, 1.440, -0.019),(0.053, -0.026, -0.006, 0.998),VALID,(0.019, -0.253, 0.967),(0.000, 0.000, 0.000),64.325,VALID,(0.075, -0.253, 0.965),(-0.032, 0.000, 0.000),0.545,3.499,6.415,0.858,VALID,(-0.046, -0.253, 0.966),(0.032, 0.000, 0.000),0.521,3.320,6.373,0.883,0.5255617,0
175888,1000001131590578900,63875741922478,(0.033, 1.440, -0.019),(0.053, -0.026, -0.006, 0.998),VALID,(0.017, -0.254, 0.967),(0.000, 0.000, 0.000),64.325,VALID,(0.075, -0.253, 0.964),(-0.032, 0.000, 0.000),0.546,3.504,6.415,0.857,VALID,(-0.046, -0.254, 0.966),(0.032, 0.000, 0.000),0.521,3.322,6.373,0.883,0.527442,0
175889,1000001131595601400,63875741922490,(0.033, 1.440, -0.019),(0.053, -0.025, -0.006, 0.998),VALID,(0.016, -0.255, 0.967),(0.000, 0.000, 0.000),64.325,VALID,(0.075, -0.254, 0.964),(-0.032, 0.000, 0.000),0.547,3.507,6.415,0.857,VALID,(-0.046, -0.254, 0.966),(0.032, 0.000, 0.000),0.522,3.326,6.373,0.884,0.5292234,0
175890,1000001131600611900,63875741922490,(0.033, 1.440, -0.019),(0.053, -0.025, -0.006, 0.998),VALID,(0.014, -0.255, 0.967),(0.000, 0.000, 0.000),64.325,VALID,(0.075, -0.254, 0.964),(-0.032, 0.000, 0.000),0.547,3.512,6.415,0.857,VALID,(-0.046, -0.255, 0.966),(0.032, 0.000, 0.000),0.522,3.329,6.373,0.884,0.5309792,0
175891,1000001131605599100,63875741922501,(0.033, 1.440, -0.019),(0.053, -0.025, -0.006, 0.998),VALID,(0.013, -0.256, 0.967),(0.000, 0.000, 0.000),64.325,VALID,(0.075, -0.255, 0.964),(-0.032, 0.000, 0.000),0.548,3.518,6.415,0.857,VALID,(-0.045, -0.255, 0.966),(0.032, 0.000, 0.000),0.523,3.331,6.373,0.884,0.5327268,0
175892,1000001131610616000,63875741922501,(0.033, 1.440, -0.019),(0.053, -0.025, -0.006, 0.998),VALID,(0.011, -0.256, 0.967),(0.000, 0.000, 0.000),64.325,VALID,(0.074, -0.256, 0.964),(-0.032, 0.000, 0.000),0.549,3.523,6.415,0.856,VALID,(-0.045, -0.256, 0.966),(0.032, 0.000, 0.000),0.523,3.333,6.373,0.884,0.5371889,0
175893,1000001131615632900,63875741922501,(0.033, 1.440, -0.019),(0.053, -0.025, -0.006, 0.998),VALID,(0.009, -0.257, 0.966),(0.000, 0.000, 0.000),64.325,VALID,(0.074, -0.256, 0.964),(-0.032, 0.000, 0.000),0.549,3.524,6.415,0.856,VALID,(-0.045, -0.257, 0.965),(0.032, 0.000, 0.000),0.523,3.335,6.373,0.884,0.5411183,0
175894,1000001131620649800,63875741922512,(0.033, 1.440, -0.019),(0.053, -0.025, -0.006, 0.998),VALID,(0.009, -0.257, 0.966),(0.000, 0.000, 0.000),64.325,VALID,(0.074, -0.257, 0.964),(-0.032, 0.000, 0.000),0.549,3.525,6.415,0.856,VALID,(-0.045, -0.257, 0.965),(0.032, 0.000, 0.000),0.524,3.338,6.373,0.884,0.5419585,0
175895,1000001131625664200,63875741922512,(0.033, 1.440, -0.019),(0.053, -0.025, -0.006, 0.998),VALID,(0.009, -0.257, 0.966),(0.000, 0.000, 0.000),64.325,VALID,(0.074, -0.257, 0.964),(-0.032, 0.000, 0.000),0.550,3.526,6.415,0.856,VALID,(-0.044, -0.257, 0.965),(0.032, 0.000, 0.000),0.524,3.341,6.373,0.884,0.5424899,0
175896,1000001131630681100,63875741922523,(0.033, 1.440, -0.019),(0.054, -0.025, -0.006, 0.998),VALID,(0.009, -0.257, 0.966),(0.000, 0.000, 0.000),64.325,VALID,(0.074, -0.257, 0.964),(-0.032, 0.000, 0.000),0.550,3.527,6.415,0.855,VALID,(-0.044, -0.257, 0.965),(0.032, 0.000, 0.000),0.525,3.344,6.373,0.884,0.5430603,0
175897,1000001131635687300,63875741922523,(0.033, 1.440, -0.019),(0.054, -0.025, -0.006, 0.998),VALID,(0.008, -0.258, 0.966),(0.000, 0.000, 0.000),64.325,VALID,(0.074, -0.257, 0.964),(-0.032, 0.000, 0.000),0.550,3.531,6.415,0.855,VALID,(-0.044, -0.258, 0.965),(0.032, 0.000, 0.000),0.525,3.346,6.373,0.884,0.5465162,0.06133572
175898,1000001131640704200,63875741922535,(0.033, 1.440, -0.020),(0.053, -0.025, -0.006, 0.998),VALID,(0.004, -0.256, 0.967),(0.000, 0.000, 0.000),64.325,VALID,(0.065, -0.256, 0.965),(-0.032, 0.000, 0.000),0.552,3.542,6.415,0.855,VALID,(-0.043, -0.256, 0.966),(0.032, 0.000, 0.000),0.526,3.351,6.373,0.884,0.5919522,0
175899,1000001131645718600,63875741922535,(0.033, 1.440, -0.020),(0.053, -0.025, -0.006, 0.998),VALID,(0.005, -0.256, 0.967),(0.000, 0.000, 0.000),64.325,VALID,(0.066, -0.256, 0.964),(-0.032, 0.000, 0.000),0.553,3.550,6.415,0.854,VALID,(-0.043, -0.256, 0.966),(0.032, 0.000, 0.000),0.526,3.355,6.373,0.884,0.5868258,0
175900,1000001131650733000,63875741922546,(0.033, 1.440, -0.020),(0.054, -0.025, -0.006, 0.998),VALID,(0.002, -0.255, 0.967),(0.000, 0.000, 0.000),64.325,VALID,(0.056, -0.255, 0.965),(-0.032, 0.000, 0.000),0.557,3.573,6.415,0.854,VALID,(-0.043, -0.255, 0.966),(0.032, 0.000, 0.000),0.527,3.360,6.373,0.885,0.6469816,0
175901,1000001131655782700,63875741922546,(0.033, 1.440, -0.020),(0.054, -0.025, -0.006, 0.998),VALID,(0.003, -0.256, 0.967),(0.000, 0.000, 0.000),64.325,VALID,(0.059, -0.255, 0.965),(-0.032, 0.000, 0.000),0.559,3.587,6.415,0.854,VALID,(-0.042, -0.255, 0.966),(0.032, 0.000, 0.000),0.528,3.364,6.373,0.884,0.6326224,0
175902,1000001131660818800,63875741922546,(0.033, 1.440, -0.020),(0.054, -0.025, -0.006, 0.998),VALID,(0.000, -0.255, 0.967),(0.000, 0.000, 0.000),64.325,VALID,(0.050, -0.255, 0.966),(-0.032, 0.000, 0.000),0.562,3.603,6.415,0.853,VALID,(-0.042, -0.255, 0.966),(0.032, 0.000, 0.000),0.528,3.368,6.373,0.884,0.6974116,0
175903,1000001131665854900,63875741922557,(0.033, 1.440, -0.020),(0.053, -0.025, -0.006, 0.998),VALID,(-0.002, -0.254, 0.967),(0.000, 0.000, 0.000),64.325,VALID,(0.041, -0.254, 0.966),(-0.032, 0.000, 0.000),0.563,3.610,6.415,0.853,VALID,(-0.042, -0.254, 0.966),(0.032, 0.000, 0.000),0.529,3.371,6.373,0.884,0.7701341,0
175904,1000001131670869300,63875741922557,(0.033, 1.440, -0.020),(0.053, -0.025, -0.006, 0.998),VALID,(-0.004, -0.253, 0.967),(0.000, 0.000, 0.000),64.325,VALID,(0.034, -0.253, 0.967),(-0.032, 0.000, 0.000),0.564,3.621,6.415,0.852,VALID,(-0.042, -0.253, 0.967),(0.032, 0.000, 0.000),0.530,3.375,6.373,0.884,0.8464729,0
175905,1000001131675763400,63875741922568,(0.033, 1.440, -0.019),(0.053, -0.025, -0.006, 0.998),VALID,(-0.006, -0.252, 0.968),(0.000, 0.000, 0.000),64.325,VALID,(0.028, -0.252, 0.967),(-0.032, 0.000, 0.000),0.566,3.628,6.415,0.851,VALID,(-0.041, -0.252, 0.967),(0.032, 0.000, 0.000),0.530,3.379,6.373,0.884,0.9198484,0
175906,1000001131680777800,63875741922568,(0.033, 1.440, -0.019),(0.053, -0.025, -0.006, 0.998),VALID,(-0.007, -0.251, 0.968),(0.000, 0.000, 0.000),64.325,VALID,(0.024, -0.251, 0.968),(-0.032, 0.000, 0.000),0.568,3.642,6.415,0.851,VALID,(-0.041, -0.251, 0.967),(0.032, 0.000, 0.000),0.531,3.383,6.373,0.884,0.9882963,0
175907,1000001131685806000,63875741922579,(0.033, 1.440, -0.020),(0.053, -0.025, -0.005, 0.998),VALID,(-0.009, -0.250, 0.968),(0.000, 0.000, 0.000),64.325,VALID,(0.020, -0.250, 0.968),(-0.032, 0.000, 0.000),0.569,3.649,6.415,0.850,VALID,(-0.041, -0.250, 0.967),(0.032, 0.000, 0.000),0.532,3.387,6.373,0.884,1.050755,0
175908,1000001131690839200,63875741922579,(0.033, 1.440, -0.020),(0.053, -0.025, -0.005, 0.998),VALID,(-0.007, -0.246, 0.969),(0.000, 0.000, 0.000),64.325,VALID,(0.022, -0.245, 0.969),(-0.032, 0.000, 0.000),0.570,3.659,6.415,0.849,VALID,(-0.041, -0.245, 0.969),(0.032, 0.000, 0.000),0.532,3.390,6.373,0.884,1.014374,0
175909,1000001131695867400,63875741922590,(0.033, 1.440, -0.020),(0.053, -0.026, -0.005, 0.998),VALID,(-0.010, -0.245, 0.970),(0.000, 0.000, 0.000),64.325,VALID,(0.015, -0.245, 0.970),(-0.032, 0.000, 0.000),0.572,3.673,6.415,0.848,VALID,(-0.041, -0.244, 0.969),(0.032, 0.000, 0.000),0.533,3.399,6.373,0.884,1.148474,0
175910,1000001131700888800,63875741922590,(0.033, 1.440, -0.020),(0.053, -0.026, -0.005, 0.998),VALID,(-0.007, -0.242, 0.970),(0.000, 0.000, 0.000),64.325,VALID,(0.019, -0.242, 0.970),(-0.032, 0.000, 0.000),0.577,3.703,6.415,0.846,VALID,(-0.040, -0.241, 0.970),(0.032, 0.000, 0.000),0.537,3.423,6.373,0.883,1.088232,0
175911,1000001131705917000,63875741922602,(0.033, 1.440, -0.020),(0.053, -0.026, -0.005, 0.998),VALID,(-0.005, -0.242, 0.970),(0.000, 0.000, 0.000),64.325,VALID,(0.028, -0.242, 0.970),(-0.032, 0.000, 0.000),0.578,3.711,6.415,0.847,VALID,(-0.034, -0.242, 0.970),(0.032, 0.000, 0.000),0.540,3.440,6.373,0.883,1.03502,0
175912,1000001131710945200,63875741922602,(0.033, 1.440, -0.020),(0.053, -0.026, -0.005, 0.998),VALID,(0.007, -0.244, 0.970),(0.000, 0.000, 0.000),64.325,VALID,(0.031, -0.244, 0.969),(-0.032, 0.000, 0.000),0.578,3.710,6.415,0.848,VALID,(-0.014, -0.244, 0.970),(0.032, 0.000, 0.000),0.542,3.453,6.373,0.881,2,0
175913,1000001131715973400,63875741922602,(0.033, 1.440, -0.020),(0.053, -0.026, -0.005, 0.998),VALID,(0.035, -0.245, 0.969),(0.000, 0.000, 0.000),64.325,VALID,(0.051, -0.245, 0.968),(-0.032, 0.000, 0.000),0.581,3.725,6.415,0.847,VALID,(0.016, -0.246, 0.969),(0.032, 0.000, 0.000),0.543,3.459,6.373,0.880,2,0
175914,1000001131721001600,63875741922613,(0.033, 1.440, -0.020),(0.053, -0.026, -0.005, 0.998),VALID,(0.072, -0.246, 0.967),(0.000, 0.000, 0.000),64.325,VALID,(0.086, -0.246, 0.966),(-0.032, 0.000, 0.000),0.578,3.709,6.415,0.847,VALID,(0.047, -0.246, 0.968),(0.032, 0.000, 0.000),0.543,3.460,6.373,0.878,2,0
175915,1000001131726029800,63875741922613,(0.033, 1.440, -0.020),(0.053, -0.026, -0.005, 0.998),VALID,(0.105, -0.246, 0.964),(0.000, 0.000, 0.000),64.325,VALID,(0.127, -0.246, 0.961),(-0.032, 0.000, 0.000),0.578,3.706,6.415,0.845,VALID,(0.074, -0.247, 0.966),(0.032, 0.000, 0.000),0.543,3.462,6.373,0.876,1.190851,0
175916,1000001131730927400,63875741922623,(0.033, 1.440, -0.020),(0.053, -0.026, -0.005, 0.998),VALID,(0.135, -0.247, 0.960),(0.000, 0.000, 0.000),64.325,VALID,(0.163, -0.246, 0.956),(-0.032, 0.000, 0.000),0.578,3.707,6.415,0.843,VALID,(0.098, -0.248, 0.964),(0.032, 0.000, 0.000),0.543,3.463,6.373,0.873,0.9708684,0
175917,1000001131735921100,63875741922623,(0.033, 1.440, -0.020),(0.053, -0.026, -0.005, 0.998),VALID,(0.161, -0.249, 0.955),(0.000, 0.000, 0.000),64.325,VALID,(0.195, -0.247, 0.949),(-0.032, 0.000, 0.000),0.577,3.704,6.415,0.841,VALID,(0.121, -0.250, 0.961),(0.032, 0.000, 0.000),0.544,3.465,6.373,0.867,0.8556606,0
175918,1000001131740949300,63875741922634,(0.033, 1.440, -0.020),(0.053, -0.026, -0.005, 0.998),VALID,(0.180, -0.251, 0.951),(0.000, 0.000, 0.000),64.325,VALID,(0.217, -0.249, 0.944),(-0.032, 0.000, 0.000),0.576,3.697,6.415,0.838,VALID,(0.139, -0.253, 0.957),(0.032, 0.000, 0.000),0.545,3.473,6.373,0.862,0.8016084,0
175919,1000001131745970700,63875741922634,(0.033, 1.440, -0.020),(0.053, -0.026, -0.005, 0.998),VALID,(0.192, -0.254, 0.948),(0.000, 0.000, 0.000),64.325,VALID,(0.230, -0.252, 0.940),(-0.032, 0.000, 0.000),0.576,3.693,6.415,0.836,VALID,(0.151, -0.256, 0.955),(0.032, 0.000, 0.000),0.546,3.477,6.373,0.856,0.7798998,0
175920,1000001131750954600,63875741922645,(0.033, 1.440, -0.020),(0.053, -0.027, -0.004, 0.998),VALID,(0.201, -0.257, 0.945),(0.000, 0.000, 0.000),64.325,VALID,(0.240, -0.255, 0.937),(-0.032, 0.000, 0.000),0.575,3.689,6.415,0.834,VALID,(0.160, -0.259, 0.953),(0.032, 0.000, 0.000),0.546,3.478,6.373,0.852,0.7699749,0
175921,1000001131755955000,63875741922645,(0.033, 1.440, -0.020),(0.053, -0.027, -0.004, 0.998),VALID,(0.206, -0.260, 0.943),(0.000, 0.000, 0.000),64.325,VALID,(0.246, -0.257, 0.935),(-0.032, 0.000, 0.000),0.575,3.687,6.415,0.832,VALID,(0.165, -0.262, 0.951),(0.032, 0.000, 0.000),0.546,3.478,6.373,0.848,0.7634319,0
175922,1000001131760951000,63875741922656,(0.033, 1.440, -0.020),(0.053, -0.027, -0.004, 0.998),VALID,(0.210, -0.262, 0.942),(0.000, 0.000, 0.000),64.325,VALID,(0.250, -0.260, 0.933),(-0.032, 0.000, 0.000),0.574,3.684,6.415,0.831,VALID,(0.169, -0.265, 0.949),(0.032, 0.000, 0.000),0.546,3.479,6.373,0.844,0.7608113,0
175923,1000001131765971700,63875741922656,(0.033, 1.440, -0.020),(0.053, -0.027, -0.004, 0.998),VALID,(0.213, -0.265, 0.941),(0.000, 0.000, 0.000),64.325,VALID,(0.252, -0.262, 0.932),(-0.032, 0.000, 0.000),0.574,3.684,6.415,0.830,VALID,(0.172, -0.267, 0.948),(0.032, 0.000, 0.000),0.546,3.479,6.373,0.842,0.7643983,0
175924,1000001131770992400,63875741922656,(0.033, 1.440, -0.020),(0.053, -0.027, -0.004, 0.998),VALID,(0.214, -0.267, 0.940),(0.000, 0.000, 0.000),64.325,VALID,(0.254, -0.264, 0.931),(-0.032, 0.000, 0.000),0.574,3.682,6.415,0.829,VALID,(0.174, -0.269, 0.947),(0.032, 0.000, 0.000),0.546,3.479,6.373,0.839,0.7659143,0
175925,1000001131776013100,63875741922668,(0.033, 1.440, -0.020),(0.053, -0.028, -0.004, 0.998),VALID,(0.215, -0.269, 0.939),(0.000, 0.000, 0.000),64.325,VALID,(0.254, -0.266, 0.930),(-0.032, 0.000, 0.000),0.574,3.681,6.415,0.828,VALID,(0.175, -0.271, 0.947),(0.032, 0.000, 0.000),0.546,3.480,6.373,0.838,0.7705846,0
175926,1000001131781024000,63875741922678,(0.033, 1.440, -0.020),(0.053, -0.028, -0.004, 0.998),VALID,(0.216, -0.270, 0.938),(0.000, 0.000, 0.000),64.325,VALID,(0.255, -0.268, 0.929),(-0.032, 0.000, 0.000),0.574,3.679,6.415,0.827,VALID,(0.176, -0.272, 0.946),(0.032, 0.000, 0.000),0.546,3.482,6.373,0.836,0.7750326,0
175927,1000001131786044700,63875741922678,(0.033, 1.440, -0.020),(0.053, -0.028, -0.004, 0.998),VALID,(0.213, -0.273, 0.938),(0.000, 0.000, 0.000),64.325,VALID,(0.253, -0.271, 0.929),(-0.032, 0.000, 0.000),0.573,3.678,6.415,0.827,VALID,(0.177, -0.275, 0.945),(0.032, 0.000, 0.000),0.547,3.484,6.373,0.835,0.7972986,0
175928,1000001131791055600,63875741922678,(0.033, 1.440, -0.020),(0.053, -0.028, -0.004, 0.998),VALID,(0.211, -0.276, 0.938),(0.000, 0.000, 0.000),64.325,VALID,(0.252, -0.273, 0.928),(-0.032, 0.000, 0.000),0.573,3.676,6.415,0.826,VALID,(0.177, -0.278, 0.944),(0.032, 0.000, 0.000),0.547,3.487,6.373,0.834,0.8160133,0
175929,1000001131796062800,63875741922689,(0.033, 1.441, -0.020),(0.053, -0.029, -0.004, 0.998),VALID,(0.210, -0.279, 0.937),(0.000, 0.000, 0.000),64.325,VALID,(0.251, -0.276, 0.928),(-0.032, 0.000, 0.000),0.572,3.671,6.415,0.826,VALID,(0.177, -0.280, 0.943),(0.032, 0.000, 0.000),0.548,3.490,6.373,0.833,0.8299021,0
175930,1000001131801083500,63875741922689,(0.033, 1.441, -0.020),(0.053, -0.029, -0.004, 0.998),VALID,(0.209, -0.281, 0.937),(0.000, 0.000, 0.000),64.325,VALID,(0.250, -0.278, 0.928),(-0.032, 0.000, 0.000),0.571,3.665,6.415,0.825,VALID,(0.177, -0.282, 0.943),(0.032, 0.000, 0.000),0.548,3.493,6.373,0.833,0.8408661,0
175931,1000001131806104200,63875741922700,(0.033, 1.441, -0.020),(0.053, -0.029, -0.004, 0.998),VALID,(0.211, -0.283, 0.936),(0.000, 0.000, 0.000),64.325,VALID,(0.249, -0.281, 0.927),(-0.032, 0.000, 0.000),0.570,3.657,6.415,0.825,VALID,(0.180, -0.285, 0.941),(0.032, 0.000, 0.000),0.549,3.496,6.373,0.832,0.8947071,0
175932,1000001131811105900,63875741922700,(0.033, 1.441, -0.020),(0.053, -0.029, -0.004, 0.998),VALID,(0.212, -0.286, 0.934),(0.000, 0.000, 0.000),64.325,VALID,(0.248, -0.283, 0.926),(-0.032, 0.000, 0.000),0.569,3.653,6.415,0.825,VALID,(0.183, -0.288, 0.940),(0.032, 0.000, 0.000),0.549,3.499,6.373,0.832,0.9382842,0
175933,1000001131816073200,63875741922712,(0.032, 1.441, -0.020),(0.053, -0.030, -0.004, 0.998),VALID,(0.214, -0.288, 0.934),(0.000, 0.000, 0.000),64.325,VALID,(0.247, -0.285, 0.926),(-0.032, 0.000, 0.000),0.569,3.650,6.415,0.825,VALID,(0.185, -0.289, 0.939),(0.032, 0.000, 0.000),0.550,3.503,6.373,0.832,0.9795623,0
175934,1000001131821081500,63875741922712,(0.032, 1.441, -0.020),(0.053, -0.030, -0.004, 0.998),VALID,(0.214, -0.289, 0.933),(0.000, 0.000, 0.000),64.325,VALID,(0.246, -0.287, 0.926),(-0.032, 0.000, 0.000),0.569,3.648,6.415,0.824,VALID,(0.186, -0.291, 0.939),(0.032, 0.000, 0.000),0.550,3.507,6.373,0.831,1.011723,0
175935,1000001131826089800,63875741922712,(0.032, 1.441, -0.020),(0.053, -0.030, -0.004, 0.998),VALID,(0.215, -0.290, 0.933),(0.000, 0.000, 0.000),64.325,VALID,(0.246, -0.288, 0.926),(-0.032, 0.000, 0.000),0.569,3.647,6.415,0.824,VALID,(0.187, -0.292, 0.938),(0.032, 0.000, 0.000),0.551,3.510,6.373,0.831,1.038214,0.1723936
175936,1000001131831141200,63875741922723,(0.032, 1.441, -0.020),(0.053, -0.030, -0.003, 0.998),VALID,(0.215, -0.291, 0.932),(0.000, 0.000, 0.000),64.325,VALID,(0.245, -0.289, 0.925),(-0.032, 0.000, 0.000),0.569,3.647,6.415,0.824,VALID,(0.187, -0.293, 0.938),(0.032, 0.000, 0.000),0.552,3.515,6.373,0.831,1.061909,0.4491703
175937,1000001131836143600,63875741922723,(0.032, 1.441, -0.020),(0.053, -0.030, -0.003, 0.998),VALID,(0.215, -0.292, 0.932),(0.000, 0.000, 0.000),64.325,VALID,(0.245, -0.290, 0.925),(-0.032, 0.000, 0.000),0.569,3.647,6.415,0.824,VALID,(0.188, -0.293, 0.937),(0.032, 0.000, 0.000),0.552,3.518,6.373,0.831,1.081057,0.5606392
175938,1000001131841151900,63875741922734,(0.032, 1.441, -0.020),(0.053, -0.031, -0.003, 0.998),VALID,(0.215, -0.292, 0.932),(0.000, 0.000, 0.000),64.325,VALID,(0.244, -0.290, 0.925),(-0.032, 0.000, 0.000),0.569,3.647,6.415,0.824,VALID,(0.189, -0.294, 0.937),(0.032, 0.000, 0.000),0.552,3.520,6.373,0.831,1.098023,0.5867739
175939,1000001131846154300,63875741922734,(0.032, 1.441, -0.020),(0.053, -0.031, -0.003, 0.998),VALID,(0.216, -0.292, 0.932),(0.000, 0.000, 0.000),64.325,VALID,(0.244, -0.290, 0.925),(-0.032, 0.000, 0.000),0.569,3.651,6.415,0.824,VALID,(0.189, -0.294, 0.937),(0.032, 0.000, 0.000),0.553,3.524,6.373,0.831,1.116156,0.6176151
175940,1000001131851162600,63875741922745,(0.032, 1.441, -0.020),(0.053, -0.031, -0.003, 0.998),VALID,(0.216, -0.292, 0.932),(0.000, 0.000, 0.000),64.325,VALID,(0.243, -0.290, 0.926),(-0.032, 0.000, 0.000),0.570,3.655,6.415,0.824,VALID,(0.189, -0.294, 0.937),(0.032, 0.000, 0.000),0.553,3.526,6.373,0.831,1.132461,0.633122
175941,1000001131856189400,63875741922745,(0.032, 1.441, -0.020),(0.053, -0.031, -0.003, 0.998),VALID,(0.215, -0.292, 0.932),(0.000, 0.000, 0.000),64.325,VALID,(0.243, -0.290, 0.926),(-0.032, 0.000, 0.000),0.570,3.659,6.415,0.824,VALID,(0.189, -0.294, 0.937),(0.032, 0.000, 0.000),0.554,3.528,6.373,0.831,1.146446,0.6471968
175942,1000001131861204500,63875741922757,(0.032, 1.441, -0.020),(0.053, -0.031, -0.003, 0.998),VALID,(0.215, -0.292, 0.932),(0.000, 0.000, 0.000),64.325,VALID,(0.242, -0.290, 0.926),(-0.032, 0.000, 0.000),0.571,3.661,6.415,0.824,VALID,(0.189, -0.294, 0.937),(0.032, 0.000, 0.000),0.554,3.530,6.373,0.831,1.156604,0.650297
175943,1000001131866253500,63875741922757,(0.032, 1.441, -0.020),(0.053, -0.031, -0.003, 0.998),VALID,(0.215, -0.293, 0.932),(0.000, 0.000, 0.000),64.325,VALID,(0.242, -0.291, 0.926),(-0.032, 0.000, 0.000),0.571,3.662,6.415,0.824,VALID,(0.190, -0.294, 0.937),(0.032, 0.000, 0.000),0.555,3.534,6.373,0.832,1.167369,0.6559023
175944,1000001131871266500,63875741922757,(0.032, 1.441, -0.020),(0.053, -0.031, -0.003, 0.998),VALID,(0.215, -0.293, 0.932),(0.000, 0.000, 0.000),64.325,VALID,(0.242, -0.291, 0.926),(-0.032, 0.000, 0.000),0.571,3.663,6.415,0.825,VALID,(0.190, -0.294, 0.937),(0.032, 0.000, 0.000),0.555,3.538,6.373,0.832,1.177035,0.65453
175945,1000001131876300300,63875741922768,(0.032, 1.441, -0.020),(0.053, -0.032, -0.003, 0.998),VALID,(0.215, -0.293, 0.932),(0.000, 0.000, 0.000),64.325,VALID,(0.241, -0.291, 0.926),(-0.032, 0.000, 0.000),0.571,3.665,6.415,0.825,VALID,(0.190, -0.295, 0.937),(0.032, 0.000, 0.000),0.556,3.541,6.373,0.832,1.186176,0.6561688
175946,1000001131881321000,63875741922768,(0.032, 1.441, -0.020),(0.053, -0.032, -0.003, 0.998),VALID,(0.215, -0.293, 0.932),(0.000, 0.000, 0.000),64.325,VALID,(0.241, -0.291, 0.926),(-0.032, 0.000, 0.000),0.572,3.668,6.415,0.825,VALID,(0.190, -0.295, 0.937),(0.032, 0.000, 0.000),0.556,3.544,6.373,0.832,1.193121,0.8628419
175947,1000001131886341700,63875741922779,(0.032, 1.441, -0.020),(0.053, -0.032, -0.003, 0.998),VALID,(0.215, -0.294, 0.932),(0.000, 0.000, 0.000),64.325,VALID,(0.241, -0.292, 0.926),(-0.032, 0.000, 0.000),0.572,3.671,6.415,0.825,VALID,(0.190, -0.295, 0.936),(0.032, 0.000, 0.000),0.556,3.546,6.373,0.832,2,0.8632524
175948,1000001131891354700,63875741922779,(0.032, 1.441, -0.020),(0.053, -0.032, -0.003, 0.998),VALID,(0.214, -0.294, 0.931),(0.000, 0.000, 0.000),64.325,VALID,(0.240, -0.292, 0.926),(-0.032, 0.000, 0.000),0.573,3.673,6.415,0.825,VALID,(0.190, -0.295, 0.936),(0.032, 0.000, 0.000),0.557,3.549,6.373,0.832,2,0.8710671
175949,1000001131896375400,63875741922790,(0.032, 1.441, -0.020),(0.053, -0.032, -0.003, 0.998),VALID,(0.215, -0.293, 0.932),(0.000, 0.000, 0.000),64.325,VALID,(0.240, -0.291, 0.926),(-0.032, 0.000, 0.000),0.574,3.679,6.415,0.826,VALID,(0.190, -0.295, 0.937),(0.032, 0.000, 0.000),0.557,3.552,6.373,0.833,2,0.7344528
175950,1000001131901388400,63875741922790,(0.032, 1.441, -0.020),(0.053, -0.032, -0.003, 0.998),VALID,(0.215, -0.293, 0.932),(0.000, 0.000, 0.000),64.325,VALID,(0.241, -0.291, 0.926),(-0.032, 0.000, 0.000),0.575,3.688,6.415,0.826,VALID,(0.190, -0.294, 0.937),(0.032, 0.000, 0.000),0.558,3.556,6.373,0.833,2,0.9455634
175951,1000001131906409100,63875741922800,(0.032, 1.441, -0.020),(0.053, -0.032, -0.003, 0.998),VALID,(0.215, -0.292, 0.932),(0.000, 0.000, 0.000),64.325,VALID,(0.241, -0.290, 0.926),(-0.032, 0.000, 0.000),0.576,3.696,6.415,0.826,VALID,(0.191, -0.294, 0.937),(0.032, 0.000, 0.000),0.559,3.559,6.373,0.833,2,0.9505171
175952,1000001131911422100,63875741922800,(0.032, 1.441, -0.020),(0.053, -0.032, -0.003, 0.998),VALID,(0.216, -0.292, 0.932),(0.000, 0.000, 0.000),64.325,VALID,(0.241, -0.290, 0.926),(-0.032, 0.000, 0.000),0.577,3.704,6.415,0.827,VALID,(0.191, -0.293, 0.937),(0.032, 0.000, 0.000),0.559,3.563,6.373,0.833,2,0.945955
175953,1000001131916442800,63875741922812,(0.032, 1.441, -0.020),(0.053, -0.032, -0.003, 0.998),VALID,(0.216, -0.291, 0.932),(0.000, 0.000, 0.000),64.325,VALID,(0.241, -0.290, 0.926),(-0.032, 0.000, 0.000),0.579,3.712,6.415,0.827,VALID,(0.191, -0.293, 0.937),(0.032, 0.000, 0.000),0.560,3.567,6.373,0.834,2,0.9469772
175954,1000001131921455800,63875741922812,(0.032, 1.441, -0.020),(0.053, -0.032, -0.003, 0.998),VALID,(0.216, -0.291, 0.932),(0.000, 0.000, 0.000),64.325,VALID,(0.241, -0.289, 0.927),(-0.032, 0.000, 0.000),0.579,3.715,6.415,0.828,VALID,(0.192, -0.292, 0.937),(0.032, 0.000, 0.000),0.560,3.569,6.373,0.834,2,0.9465758
175955,1000001131926481200,63875741922813,(0.032, 1.441, -0.020),(0.053, -0.032, -0.003, 0.998),VALID,(0.216, -0.291, 0.932),(0.000, 0.000, 0.000),64.325,VALID,(0.241, -0.289, 0.927),(-0.032, 0.000, 0.000),0.580,3.718,6.415,0.828,VALID,(0.192, -0.292, 0.937),(0.032, 0.000, 0.000),0.560,3.571,6.373,0.835,2,0.9498538
175956,1000001131931459600,63875741922823,(0.032, 1.441, -0.020),(0.053, -0.032, -0.004, 0.998),VALID,(0.216, -0.291, 0.932),(0.000, 0.000, 0.000),64.325,VALID,(0.241, -0.289, 0.927),(-0.032, 0.000, 0.000),0.580,3.720,6.415,0.829,VALID,(0.192, -0.292, 0.937),(0.032, 0.000, 0.000),0.561,3.573,6.373,0.835,2,0.9469247
175957,1000001131936389500,63875741922823,(0.032, 1.441, -0.020),(0.053, -0.032, -0.004, 0.998),VALID,(0.216, -0.290, 0.932),(0.000, 0.000, 0.000),64.325,VALID,(0.241, -0.289, 0.927),(-0.032, 0.000, 0.000),0.581,3.726,6.415,0.829,VALID,(0.192, -0.292, 0.937),(0.032, 0.000, 0.000),0.561,3.575,6.373,0.836,2,0.951682
175958,1000001131941414900,63875741922834,(0.032, 1.441, -0.020),(0.053, -0.032, -0.004, 0.998),VALID,(0.216, -0.290, 0.932),(0.000, 0.000, 0.000),64.325,VALID,(0.241, -0.288, 0.927),(-0.032, 0.000, 0.000),0.581,3.729,6.415,0.830,VALID,(0.191, -0.291, 0.937),(0.032, 0.000, 0.000),0.561,3.577,6.373,0.836,2,0.8374875
175959,1000001131946440300,63875741922835,(0.032, 1.441, -0.020),(0.053, -0.032, -0.004, 0.998),VALID,(0.216, -0.289, 0.933),(0.000, 0.000, 0.000),64.325,VALID,(0.241, -0.288, 0.927),(-0.032, 0.000, 0.000),0.582,3.731,6.415,0.830,VALID,(0.190, -0.291, 0.938),(0.032, 0.000, 0.000),0.562,3.580,6.373,0.836,2,0.8300711
175960,1000001131951687100,63875741922845,(0.032, 1.441, -0.020),(0.053, -0.032, -0.004, 0.998),VALID,(0.215, -0.289, 0.933),(0.000, 0.000, 0.000),64.325,VALID,(0.241, -0.287, 0.927),(-0.032, 0.000, 0.000),0.582,3.736,6.415,0.831,VALID,(0.190, -0.291, 0.938),(0.032, 0.000, 0.000),0.562,3.585,6.373,0.837,1.195754,0.8400304
175961,1000001131956712500,63875741922845,(0.032, 1.441, -0.020),(0.053, -0.032, -0.004, 0.998),VALID,(0.215, -0.289, 0.933),(0.000, 0.000, 0.000),64.325,VALID,(0.241, -0.287, 0.927),(-0.032, 0.000, 0.000),0.583,3.741,6.415,0.831,VALID,(0.190, -0.290, 0.938),(0.032, 0.000, 0.000),0.563,3.589,6.373,0.838,1.185546,0.8388067
175962,1000001131961751100,63875741922856,(0.033, 1.441, -0.020),(0.053, -0.032, -0.004, 0.998),VALID,(0.215, -0.288, 0.933),(0.000, 0.000, 0.000),64.325,VALID,(0.241, -0.286, 0.927),(-0.032, 0.000, 0.000),0.584,3.750,6.415,0.832,VALID,(0.189, -0.290, 0.938),(0.032, 0.000, 0.000),0.564,3.594,6.373,0.838,1.173265,0.8350093
175963,1000001131966776500,63875741922857,(0.033, 1.441, -0.020),(0.053, -0.032, -0.004, 0.998),VALID,(0.215, -0.288, 0.933),(0.000, 0.000, 0.000),64.325,VALID,(0.241, -0.286, 0.927),(-0.032, 0.000, 0.000),0.585,3.754,6.415,0.832,VALID,(0.189, -0.289, 0.938),(0.032, 0.000, 0.000),0.564,3.597,6.373,0.839,1.160127,0.8407568
175964,1000001131971484200,63875741922857,(0.033, 1.441, -0.020),(0.053, -0.032, -0.004, 0.998),VALID,(0.215, -0.287, 0.933),(0.000, 0.000, 0.000),64.325,VALID,(0.242, -0.286, 0.927),(-0.032, 0.000, 0.000),0.586,3.757,6.415,0.833,VALID,(0.188, -0.289, 0.939),(0.032, 0.000, 0.000),0.565,3.599,6.373,0.839,1.147632,0.8407632
175965,1000001131976522800,63875741922868,(0.033, 1.441, -0.020),(0.053, -0.032, -0.004, 0.998),VALID,(0.215, -0.287, 0.933),(0.000, 0.000, 0.000),64.325,VALID,(0.242, -0.285, 0.927),(-0.032, 0.000, 0.000),0.586,3.759,6.415,0.834,VALID,(0.188, -0.289, 0.939),(0.032, 0.000, 0.000),0.565,3.601,6.373,0.840,1.13471,0.8397889
175966,1000001131981528400,63875741922868,(0.033, 1.441, -0.020),(0.053, -0.032, -0.004, 0.998),VALID,(0.215, -0.287, 0.933),(0.000, 0.000, 0.000),64.325,VALID,(0.242, -0.285, 0.927),(-0.032, 0.000, 0.000),0.586,3.761,6.415,0.834,VALID,(0.187, -0.289, 0.939),(0.032, 0.000, 0.000),0.565,3.603,6.373,0.840,1.122275,0.8384159
175967,1000001131986520700,63875741922879,(0.033, 1.441, -0.020),(0.053, -0.032, -0.004, 0.998),VALID,(0.215, -0.287, 0.934),(0.000, 0.000, 0.000),64.325,VALID,(0.242, -0.285, 0.927),(-0.032, 0.000, 0.000),0.587,3.764,6.415,0.835,VALID,(0.187, -0.289, 0.939),(0.032, 0.000, 0.000),0.566,3.605,6.373,0.840,1.110559,0.8456036
175968,1000001131991533100,63875741922879,(0.033, 1.441, -0.020),(0.053, -0.032, -0.004, 0.998),VALID,(0.215, -0.287, 0.934),(0.000, 0.000, 0.000),64.325,VALID,(0.242, -0.285, 0.928),(-0.032, 0.000, 0.000),0.587,3.767,6.415,0.835,VALID,(0.187, -0.288, 0.939),(0.032, 0.000, 0.000),0.566,3.608,6.373,0.841,1.099859,0.9826816
175969,1000001131996560500,63875741922890,(0.033, 1.441, -0.020),(0.053, -0.032, -0.004, 0.998),VALID,(0.215, -0.286, 0.934),(0.000, 0.000, 0.000),64.325,VALID,(0.242, -0.284, 0.928),(-0.032, 0.000, 0.000),0.587,3.769,6.415,0.836,VALID,(0.186, -0.288, 0.939),(0.032, 0.000, 0.000),0.567,3.611,6.373,0.841,1.091066,0.9831259
175970,1000001132001572900,63875741922890,(0.033, 1.441, -0.020),(0.053, -0.032, -0.004, 0.998),VALID,(0.215, -0.286, 0.934),(0.000, 0.000, 0.000),64.325,VALID,(0.242, -0.284, 0.928),(-0.032, 0.000, 0.000),0.588,3.771,6.415,0.836,VALID,(0.186, -0.288, 0.939),(0.032, 0.000, 0.000),0.567,3.616,6.373,0.841,1.083785,0.9809867
175971,1000001132006600300,63875741922901,(0.033, 1.441, -0.020),(0.053, -0.031, -0.004, 0.998),VALID,(0.215, -0.286, 0.934),(0.000, 0.000, 0.000),64.325,VALID,(0.243, -0.284, 0.928),(-0.032, 0.000, 0.000),0.588,3.773,6.415,0.837,VALID,(0.186, -0.288, 0.939),(0.032, 0.000, 0.000),0.569,3.623,6.373,0.842,1.07622,0.9312294
175972,1000001132011612700,63875741922901,(0.033, 1.441, -0.020),(0.053, -0.031, -0.004, 0.998),VALID,(0.215, -0.287, 0.934),(0.000, 0.000, 0.000),64.325,VALID,(0.243, -0.285, 0.927),(-0.032, 0.000, 0.000),0.590,3.787,6.415,0.837,VALID,(0.186, -0.288, 0.939),(0.032, 0.000, 0.000),0.570,3.632,6.373,0.842,1.064401,0.8346172
175973,1000001132016640100,63875741922912,(0.033, 1.441, -0.020),(0.053, -0.031, -0.004, 0.998),VALID,(0.215, -0.287, 0.933),(0.000, 0.000, 0.000),64.325,VALID,(0.244, -0.285, 0.927),(-0.032, 0.000, 0.000),0.597,3.831,6.415,0.837,VALID,(0.187, -0.289, 0.939),(0.032, 0.000, 0.000),0.572,3.644,6.373,0.842,1.073458,0.6837947
175974,1000001132021652500,63875741922912,(0.033, 1.441, -0.020),(0.053, -0.031, -0.004, 0.998),VALID,(0.216, -0.286, 0.934),(0.000, 0.000, 0.000),64.325,VALID,(0.244, -0.284, 0.927),(-0.032, 0.000, 0.000),0.601,3.858,6.415,0.837,VALID,(0.187, -0.288, 0.939),(0.032, 0.000, 0.000),0.575,3.661,6.373,0.842,1.077733,0.4195845
175975,1000001132026611800,63875741922912,(0.033, 1.441, -0.020),(0.053, -0.031, -0.004, 0.998),VALID,(0.216, -0.281, 0.935),(0.000, 0.000, 0.000),64.325,VALID,(0.244, -0.279, 0.929),(-0.032, 0.000, 0.000),0.604,3.877,6.415,0.836,VALID,(0.188, -0.282, 0.941),(0.032, 0.000, 0.000),0.576,3.671,6.373,0.842,1.085667,0
175976,1000001132031624200,63875741922923,(0.033, 1.441, -0.020),(0.053, -0.031, -0.004, 0.998),VALID,(0.217, -0.265, 0.940),(0.000, 0.000, 0.000),64.325,VALID,(0.245, -0.263, 0.933),(-0.032, 0.000, 0.000),0.608,3.899,6.415,0.836,VALID,(0.189, -0.266, 0.945),(0.032, 0.000, 0.000),0.578,3.684,6.373,0.842,1.08767,0
175977,1000001132036641800,63875741922923,(0.033, 1.441, -0.020),(0.053, -0.031, -0.004, 0.998),VALID,(0.218, -0.240, 0.946),(0.000, 0.000, 0.000),64.325,VALID,(0.246, -0.238, 0.939),(-0.032, 0.000, 0.000),0.613,3.930,6.415,0.834,VALID,(0.189, -0.242, 0.952),(0.032, 0.000, 0.000),0.580,3.695,6.373,0.841,1.076902,0
175978,1000001132041654200,63875741922934,(0.033, 1.440, -0.020),(0.053, -0.030, -0.004, 0.998),VALID,(0.219, -0.208, 0.953),(0.000, 0.000, 0.000),64.325,VALID,(0.248, -0.206, 0.947),(-0.032, 0.000, 0.000),0.615,3.947,6.415,0.832,VALID,(0.189, -0.209, 0.960),(0.032, 0.000, 0.000),0.581,3.703,6.373,0.841,1.032135,0
175979,1000001132046637100,63875741922934,(0.033, 1.440, -0.020),(0.053, -0.030, -0.004, 0.998),VALID,(0.212, -0.189, 0.959),(0.000, 0.000, 0.000),64.325,VALID,(0.249, -0.187, 0.950),(-0.032, 0.000, 0.000),0.624,4.003,6.415,0.830,VALID,(0.185, -0.190, 0.964),(0.032, 0.000, 0.000),0.582,3.708,6.373,0.839,0.9624596,0
175980,1000001132051653300,63875741922945,(0.033, 1.440, -0.020),(0.053, -0.030, -0.004, 0.998),VALID,(0.210, -0.153, 0.966),(0.000, 0.000, 0.000),64.325,VALID,(0.249, -0.151, 0.957),(-0.032, 0.000, 0.000),0.622,3.991,6.415,0.828,VALID,(0.182, -0.154, 0.971),(0.032, 0.000, 0.000),0.582,3.712,6.373,0.837,0.9077469,0
175981,1000001132056669500,63875741922946,(0.033, 1.440, -0.020),(0.053, -0.030, -0.004, 0.998),VALID,(0.208, -0.121, 0.971),(0.000, 0.000, 0.000),64.325,VALID,(0.250, -0.120, 0.961),(-0.032, 0.000, 0.000),0.610,3.916,6.415,0.827,VALID,(0.176, -0.122, 0.977),(0.032, 0.000, 0.000),0.582,3.706,6.373,0.834,0.8197898,0
175982,1000001132061686500,63875741922957,(0.033, 1.440, -0.020),(0.053, -0.030, -0.004, 0.998),VALID,(0.194, -0.118, 0.974),(0.000, 0.000, 0.000),64.325,VALID,(0.244, -0.117, 0.963),(-0.032, 0.000, 0.000),0.618,3.965,6.415,0.824,VALID,(0.168, -0.119, 0.979),(0.032, 0.000, 0.000),0.575,3.662,6.373,0.834,0.8103645,0
175983,1000001132066702700,63875741922957,(0.033, 1.440, -0.020),(0.053, -0.030, -0.004, 0.998),VALID,(0.181, -0.111, 0.977),(0.000, 0.000, 0.000),64.325,VALID,(0.246, -0.109, 0.963),(-0.032, 0.000, 0.000),0.619,3.970,6.415,0.821,VALID,(0.160, -0.111, 0.981),(0.032, 0.000, 0.000),0.571,3.637,6.373,0.832,0.7177984,0
175984,1000001132071730300,63875741922968,(0.033, 1.440, -0.020),(0.053, -0.030, -0.004, 0.998),VALID,(0.184, -0.057, 0.981),(0.000, 0.000, 0.000),64.325,VALID,(0.246, -0.057, 0.968),(-0.032, 0.000, 0.000),0.619,3.970,6.415,0.819,VALID,(0.163, -0.058, 0.985),(0.032, 0.000, 0.000),0.571,3.638,6.373,0.829,0.7388402,0
175985,1000001132076742700,63875741922968,(0.033, 1.440, -0.020),(0.053, -0.030, -0.004, 0.998),VALID,(0.185, -0.035, 0.982),(0.000, 0.000, 0.000),64.325,VALID,(0.247, -0.035, 0.968),(-0.032, 0.000, 0.000),0.618,3.963,6.415,0.818,VALID,(0.164, -0.035, 0.986),(0.032, 0.000, 0.000),0.571,3.638,6.373,0.825,0.7381508,0
175986,1000001132081750000,63875741922968,(0.033, 1.440, -0.020),(0.053, -0.030, -0.004, 0.998),VALID,(0.193, -0.005, 0.981),(0.000, 0.000, 0.000),64.325,VALID,(0.248, -0.005, 0.969),(-0.032, 0.000, 0.000),0.616,3.954,6.415,0.818,VALID,(0.171, -0.005, 0.985),(0.032, 0.000, 0.000),0.571,3.642,6.373,0.826,0.8004368,0
175987,1000001132086762400,63875741922979,(0.033, 1.440, -0.020),(0.053, -0.029, -0.004, 0.998),VALID,(0.196, 0.060, 0.979),(0.000, 0.000, 0.000),64.325,VALID,(0.249, 0.059, 0.967),(-0.032, 0.000, 0.000),0.612,3.923,6.415,0.819,VALID,(0.180, 0.060, 0.982),(0.032, 0.000, 0.000),0.584,3.719,6.373,0.828,0.888969,0
175988,1000001132091791500,63875741922979,(0.033, 1.440, -0.020),(0.053, -0.029, -0.004, 0.998),VALID,(0.205, 0.093, 0.974),(0.000, 0.000, 0.000),64.325,VALID,(0.251, 0.092, 0.964),(-0.032, 0.000, 0.000),0.604,3.873,6.415,0.820,VALID,(0.197, 0.093, 0.976),(0.032, 0.000, 0.000),0.587,3.738,6.373,0.828,1.127305,0
175989,1000001132096803700,63875741922989,(0.033, 1.440, -0.020),(0.053, -0.029, -0.004, 0.998),VALID,(0.219, 0.112, 0.969),(0.000, 0.000, 0.000),64.325,VALID,(0.255, 0.111, 0.960),(-0.032, 0.000, 0.000),0.598,3.835,6.415,0.824,VALID,(0.214, 0.112, 0.970),(0.032, 0.000, 0.000),0.587,3.741,6.373,0.830,2,0
175990,1000001132101816100,63875741922990,(0.033, 1.440, -0.020),(0.053, -0.029, -0.004, 0.998),VALID,(0.235, 0.129, 0.964),(0.000, 0.000, 0.000),64.325,VALID,(0.260, 0.128, 0.957),(-0.032, 0.000, 0.000),0.598,3.836,6.415,0.829,VALID,(0.233, 0.129, 0.964),(0.032, 0.000, 0.000),0.588,3.749,6.373,0.834,2,0
175991,1000001132106872400,63875741923000,(0.033, 1.440, -0.020),(0.054, -0.029, -0.004, 0.998),VALID,(0.248, 0.140, 0.959),(0.000, 0.000, 0.000),64.325,VALID,(0.264, 0.139, 0.954),(-0.032, 0.000, 0.000),0.598,3.836,6.415,0.837,VALID,(0.250, 0.140, 0.958),(0.032, 0.000, 0.000),0.593,3.778,6.373,0.839,2,0
175992,1000001132111884800,63875741923001,(0.033, 1.440, -0.020),(0.054, -0.029, -0.004, 0.998),VALID,(0.257, 0.142, 0.956),(0.000, 0.000, 0.000),64.325,VALID,(0.268, 0.141, 0.953),(-0.032, 0.000, 0.000),0.598,3.835,6.415,0.848,VALID,(0.256, 0.142, 0.956),(0.032, 0.000, 0.000),0.593,3.777,6.373,0.846,2,0
175993,1000001132116901000,63875741923012,(0.033, 1.440, -0.019),(0.054, -0.028, -0.003, 0.998),VALID,(0.263, 0.142, 0.954),(0.000, 0.000, 0.000),64.325,VALID,(0.272, 0.142, 0.952),(-0.032, 0.000, 0.000),0.598,3.835,6.415,0.859,VALID,(0.260, 0.142, 0.955),(0.032, 0.000, 0.000),0.592,3.774,6.373,0.853,2,0
175994,1000001132121913300,63875741923012,(0.033, 1.440, -0.019),(0.054, -0.028, -0.003, 0.998),VALID,(0.267, 0.143, 0.953),(0.000, 0.000, 0.000),64.325,VALID,(0.274, 0.143, 0.951),(-0.032, 0.000, 0.000),0.599,3.840,6.415,0.871,VALID,(0.263, 0.144, 0.954),(0.032, 0.000, 0.000),0.592,3.772,6.373,0.860,2,0
175995,1000001132126878600,63875741923012,(0.033, 1.440, -0.019),(0.054, -0.028, -0.003, 0.998),VALID,(0.269, 0.143, 0.952),(0.000, 0.000, 0.000),64.325,VALID,(0.276, 0.143, 0.951),(-0.032, 0.000, 0.000),0.600,3.848,6.415,0.882,VALID,(0.265, 0.143, 0.954),(0.032, 0.000, 0.000),0.591,3.768,6.373,0.868,2,0
175996,1000001132131875300,63875741923023,(0.033, 1.440, -0.020),(0.054, -0.028, -0.003, 0.998),VALID,(0.270, 0.137, 0.953),(0.000, 0.000, 0.000),64.325,VALID,(0.276, 0.137, 0.951),(-0.032, 0.000, 0.000),0.603,3.869,6.415,0.892,VALID,(0.266, 0.137, 0.954),(0.032, 0.000, 0.000),0.591,3.764,6.373,0.875,2,0
175997,1000001132136887600,63875741923034,(0.033, 1.440, -0.019),(0.054, -0.028, -0.003, 0.998),VALID,(0.271, 0.134, 0.953),(0.000, 0.000, 0.000),64.325,VALID,(0.276, 0.134, 0.952),(-0.032, 0.000, 0.000),0.606,3.891,6.415,0.902,VALID,(0.267, 0.134, 0.954),(0.032, 0.000, 0.000),0.590,3.761,6.373,0.882,2,0
175998,1000001132141895900,63875741923034,(0.033, 1.440, -0.019),(0.054, -0.028, -0.003, 0.998),VALID,(0.271, 0.130, 0.954),(0.000, 0.000, 0.000),64.325,VALID,(0.275, 0.130, 0.953),(-0.032, 0.000, 0.000),0.610,3.911,6.415,0.911,VALID,(0.268, 0.130, 0.955),(0.032, 0.000, 0.000),0.590,3.760,6.373,0.889,2,0
175999,1000001132146904200,63875741923045,(0.033, 1.440, -0.020),(0.055, -0.027, -0.003, 0.998),VALID,(0.271, 0.133, 0.953),(0.000, 0.000, 0.000),64.325,VALID,(0.275, 0.133, 0.952),(-0.032, 0.000, 0.000),0.611,3.921,6.415,0.919,VALID,(0.268, 0.133, 0.954),(0.032, 0.000, 0.000),0.590,3.758,6.373,0.895,2,0
176000,1000001132151895900,63875741923045,(0.033, 1.440, -0.020),(0.055, -0.027, -0.003, 0.998),VALID,(0.272, 0.135, 0.953),(0.000, 0.000, 0.000),64.325,VALID,(0.275, 0.135, 0.952),(-0.032, 0.000, 0.000),0.612,3.927,6.415,0.926,VALID,(0.269, 0.135, 0.954),(0.032, 0.000, 0.000),0.590,3.757,6.373,0.900,2,0
176001,1000001132156904200,63875741923045,(0.033, 1.440, -0.020),(0.055, -0.027, -0.003, 0.998),VALID,(0.261, 0.148, 0.954),(0.000, 0.000, 0.000),64.325,VALID,(0.275, 0.147, 0.950),(-0.032, 0.000, 0.000),0.612,3.927,6.415,0.933,VALID,(0.258, 0.148, 0.955),(0.032, 0.000, 0.000),0.590,3.761,6.373,0.905,2,0
176002,1000001132161956000,63875741923057,(0.033, 1.440, -0.019),(0.055, -0.027, -0.003, 0.998),VALID,(0.252, 0.157, 0.955),(0.000, 0.000, 0.000),64.325,VALID,(0.274, 0.156, 0.949),(-0.032, 0.000, 0.000),0.611,3.921,6.415,0.939,VALID,(0.238, 0.157, 0.958),(0.032, 0.000, 0.000),0.593,3.778,6.373,0.910,2,0
176003,1000001132166964300,63875741923057,(0.033, 1.440, -0.019),(0.055, -0.027, -0.003, 0.998),VALID,(0.235, 0.163, 0.958),(0.000, 0.000, 0.000),64.325,VALID,(0.274, 0.162, 0.948),(-0.032, 0.000, 0.000),0.610,3.916,6.415,0.944,VALID,(0.210, 0.164, 0.964),(0.032, 0.000, 0.000),0.596,3.799,6.373,0.914,0.9522097,0
176004,1000001132172004900,63875741923057,(0.033, 1.440, -0.019),(0.055, -0.027, -0.003, 0.998),VALID,(0.217, 0.167, 0.962),(0.000, 0.000, 0.000),64.325,VALID,(0.273, 0.165, 0.948),(-0.032, 0.000, 0.000),0.610,3.912,6.415,0.949,VALID,(0.184, 0.169, 0.968),(0.032, 0.000, 0.000),0.600,3.822,6.373,0.917,0.6807544,0
176005,1000001132177006900,63875741923068,(0.033, 1.440, -0.020),(0.055, -0.027, -0.003, 0.998),VALID,(0.202, 0.170, 0.965),(0.000, 0.000, 0.000),64.325,VALID,(0.273, 0.167, 0.947),(-0.032, 0.000, 0.000),0.609,3.907,6.415,0.953,VALID,(0.164, 0.171, 0.972),(0.032, 0.000, 0.000),0.603,3.844,6.373,0.920,0.5591296,0
176006,1000001132182015200,63875741923068,(0.033, 1.440, -0.020),(0.055, -0.027, -0.003, 0.998),VALID,(0.190, 0.171, 0.967),(0.000, 0.000, 0.000),64.325,VALID,(0.272, 0.168, 0.947),(-0.032, 0.000, 0.000),0.608,3.903,6.415,0.957,VALID,(0.149, 0.172, 0.974),(0.032, 0.000, 0.000),0.604,3.852,6.373,0.917,0.4952122,0
176007,1000001132187013300,63875741923078,(0.033, 1.440, -0.020),(0.056, -0.027, -0.003, 0.998),VALID,(0.180, 0.172, 0.968),(0.000, 0.000, 0.000),64.325,VALID,(0.272, 0.168, 0.947),(-0.032, 0.000, 0.000),0.608,3.901,6.415,0.952,VALID,(0.139, 0.173, 0.975),(0.032, 0.000, 0.000),0.605,3.855,6.373,0.915,0.4608316,0
176008,1000001132192021600,63875741923078,(0.033, 1.440, -0.020),(0.056, -0.027, -0.003, 0.998),VALID,(0.174, 0.172, 0.970),(0.000, 0.000, 0.000),64.325,VALID,(0.272, 0.168, 0.948),(-0.032, 0.000, 0.000),0.608,3.900,6.415,0.948,VALID,(0.133, 0.173, 0.976),(0.032, 0.000, 0.000),0.605,3.857,6.373,0.914,0.4402907,0
176009,1000001132197029900,63875741923090,(0.033, 1.440, -0.019),(0.056, -0.027, -0.003, 0.998),VALID,(0.169, 0.172, 0.970),(0.000, 0.000, 0.000),64.325,VALID,(0.272, 0.168, 0.948),(-0.032, 0.000, 0.000),0.608,3.899,6.415,0.942,VALID,(0.128, 0.173, 0.977),(0.032, 0.000, 0.000),0.605,3.858,6.373,0.913,0.4275191,0
176010,1000001132202040200,63875741923090,(0.033, 1.440, -0.019),(0.056, -0.027, -0.003, 0.998),VALID,(0.166, 0.172, 0.971),(0.000, 0.000, 0.000),64.325,VALID,(0.271, 0.168, 0.948),(-0.032, 0.000, 0.000),0.608,3.899,6.415,0.933,VALID,(0.125, 0.173, 0.977),(0.032, 0.000, 0.000),0.606,3.859,6.373,0.912,0.4196292,0
176011,1000001132207049500,63875741923101,(0.033, 1.439, -0.019),(0.056, -0.026, -0.003, 0.998),VALID,(0.164, 0.172, 0.971),(0.000, 0.000, 0.000),64.325,VALID,(0.271, 0.168, 0.948),(-0.032, 0.000, 0.000),0.608,3.899,6.415,0.926,VALID,(0.123, 0.173, 0.977),(0.032, 0.000, 0.000),0.606,3.859,6.373,0.911,0.4139834,0
176012,1000001132212058800,63875741923101,(0.033, 1.439, -0.019),(0.056, -0.026, -0.003, 0.998),VALID,(0.162, 0.171, 0.972),(0.000, 0.000, 0.000),64.325,VALID,(0.271, 0.167, 0.948),(-0.032, 0.000, 0.000),0.608,3.898,6.415,0.918,VALID,(0.121, 0.172, 0.978),(0.032, 0.000, 0.000),0.606,3.860,6.373,0.909,0.4109271,0
176013,1000001132217074900,63875741923112,(0.033, 1.439, -0.019),(0.057, -0.026, -0.003, 0.998),VALID,(0.161, 0.171, 0.972),(0.000, 0.000, 0.000),64.325,VALID,(0.271, 0.167, 0.948),(-0.032, 0.000, 0.000),0.608,3.897,6.415,0.913,VALID,(0.120, 0.172, 0.978),(0.032, 0.000, 0.000),0.606,3.860,6.373,0.908,0.408817,0
176014,1000001132222084200,63875741923112,(0.033, 1.439, -0.019),(0.057, -0.026, -0.003, 0.998),VALID,(0.160, 0.171, 0.972),(0.000, 0.000, 0.000),64.325,VALID,(0.271, 0.167, 0.948),(-0.032, 0.000, 0.000),0.607,3.897,6.415,0.906,VALID,(0.120, 0.172, 0.978),(0.032, 0.000, 0.000),0.606,3.860,6.373,0.907,0.407689,0
176015,1000001132227092500,63875741923123,(0.033, 1.439, -0.019),(0.057, -0.026, -0.003, 0.998),VALID,(0.160, 0.171, 0.972),(0.000, 0.000, 0.000),64.325,VALID,(0.270, 0.167, 0.948),(-0.032, 0.000, 0.000),0.607,3.897,6.415,0.902,VALID,(0.120, 0.172, 0.978),(0.032, 0.000, 0.000),0.606,3.860,6.373,0.906,0.4077505,0
176016,1000001132232100800,63875741923123,(0.033, 1.439, -0.019),(0.057, -0.026, -0.003, 0.998),VALID,(0.160, 0.171, 0.972),(0.000, 0.000, 0.000),64.325,VALID,(0.270, 0.166, 0.948),(-0.032, 0.000, 0.000),0.607,3.896,6.415,0.899,VALID,(0.119, 0.172, 0.978),(0.032, 0.000, 0.000),0.606,3.860,6.373,0.905,0.4077989,0
176017,1000001132237163800,63875741923123,(0.033, 1.439, -0.019),(0.057, -0.026, -0.003, 0.998),VALID,(0.160, 0.171, 0.972),(0.000, 0.000, 0.000),64.325,VALID,(0.270, 0.166, 0.948),(-0.032, 0.000, 0.000),0.607,3.896,6.415,0.896,VALID,(0.119, 0.171, 0.978),(0.032, 0.000, 0.000),0.606,3.861,6.373,0.905,0.4085521,0
176018,1000001132242172100,63875741923133,(0.033, 1.439, -0.019),(0.057, -0.026, -0.004, 0.998),VALID,(0.159, 0.170, 0.972),(0.000, 0.000, 0.000),64.325,VALID,(0.269, 0.166, 0.949),(-0.032, 0.000, 0.000),0.607,3.896,6.415,0.894,VALID,(0.119, 0.171, 0.978),(0.032, 0.000, 0.000),0.606,3.861,6.373,0.904,0.4093001,0
176019,1000001132247168400,63875741923133,(0.033, 1.439, -0.019),(0.057, -0.026, -0.004, 0.998),VALID,(0.159, 0.170, 0.972),(0.000, 0.000, 0.000),64.325,VALID,(0.269, 0.166, 0.949),(-0.032, 0.000, 0.000),0.607,3.895,6.415,0.891,VALID,(0.119, 0.171, 0.978),(0.032, 0.000, 0.000),0.606,3.861,6.373,0.904,0.4103483,0
176020,1000001132252177700,63875741923145,(0.033, 1.439, -0.019),(0.057, -0.026, -0.004, 0.998),VALID,(0.159, 0.170, 0.972),(0.000, 0.000, 0.000),64.325,VALID,(0.269, 0.166, 0.949),(-0.032, 0.000, 0.000),0.607,3.895,6.415,0.889,VALID,(0.119, 0.171, 0.978),(0.032, 0.000, 0.000),0.606,3.861,6.373,0.903,0.4109418,1
176021,1000001132257185800,63875741923145,(0.033, 1.439, -0.019),(0.057, -0.026, -0.004, 0.998),VALID,(0.159, 0.170, 0.972),(0.000, 0.000, 0.000),64.325,VALID,(0.268, 0.166, 0.949),(-0.032, 0.000, 0.000),0.607,3.895,6.415,0.889,VALID,(0.119, 0.171, 0.978),(0.032, 0.000, 0.000),0.606,3.861,6.373,0.903,0.4119501,1
176022,1000001132262178600,63875741923156,(0.033, 1.439, -0.019),(0.058, -0.026, -0.004, 0.998),VALID,(0.159, 0.170, 0.972),(0.000, 0.000, 0.000),64.325,VALID,(0.267, 0.166, 0.949),(-0.032, 0.000, 0.000),0.607,3.895,6.415,0.888,VALID,(0.118, 0.171, 0.978),(0.032, 0.000, 0.000),0.606,3.860,6.373,0.903,0.4131118,1
176023,1000001132267187900,63875741923156,(0.033, 1.439, -0.019),(0.058, -0.026, -0.004, 0.998),VALID,(0.159, 0.170, 0.972),(0.000, 0.000, 0.000),64.325,VALID,(0.267, 0.166, 0.949),(-0.032, 0.000, 0.000),0.607,3.895,6.415,0.887,VALID,(0.118, 0.171, 0.978),(0.032, 0.000, 0.000),0.606,3.860,6.373,0.903,0.4147634,1
176024,1000001132272260400,63875741923168,(0.033, 1.439, -0.019),(0.058, -0.025, -0.004, 0.998),VALID,(0.159, 0.170, 0.973),(0.000, 0.000, 0.000),64.325,VALID,(0.266, 0.166, 0.949),(-0.032, 0.000, 0.000),0.607,3.894,6.415,0.887,VALID,(0.118, 0.171, 0.978),(0.032, 0.000, 0.000),0.606,3.859,6.373,0.902,0.4157198,1
176025,1000001132277270300,63875741923168,(0.033, 1.439, -0.019),(0.058, -0.025, -0.004, 0.998),VALID,(0.159, 0.170, 0.973),(0.000, 0.000, 0.000),64.325,VALID,(0.266, 0.166, 0.950),(-0.032, 0.000, 0.000),0.607,3.893,6.415,0.887,VALID,(0.118, 0.171, 0.978),(0.032, 0.000, 0.000),0.605,3.858,6.373,0.902,0.4171026,1
176026,1000001132282280200,63875741923168,(0.033, 1.439, -0.019),(0.058, -0.025, -0.004, 0.998),VALID,(0.159, 0.170, 0.973),(0.000, 0.000, 0.000),64.325,VALID,(0.265, 0.166, 0.950),(-0.032, 0.000, 0.000),0.607,3.893,6.415,0.886,VALID,(0.118, 0.171, 0.978),(0.032, 0.000, 0.000),0.605,3.858,6.373,0.902,0.417955,1
176027,1000001132287266400,63875741923178,(0.033, 1.439, -0.019),(0.058, -0.025, -0.004, 0.998),VALID,(0.159, 0.170, 0.973),(0.000, 0.000, 0.000),64.325,VALID,(0.265, 0.166, 0.950),(-0.032, 0.000, 0.000),0.607,3.892,6.415,0.886,VALID,(0.118, 0.171, 0.978),(0.032, 0.000, 0.000),0.605,3.857,6.373,0.902,0.4191591,1
176028,1000001132292281100,63875741923178,(0.033, 1.439, -0.019),(0.058, -0.025, -0.004, 0.998),VALID,(0.159, 0.170, 0.973),(0.000, 0.000, 0.000),64.325,VALID,(0.264, 0.166, 0.950),(-0.032, 0.000, 0.000),0.606,3.890,6.415,0.885,VALID,(0.118, 0.171, 0.978),(0.032, 0.000, 0.000),0.605,3.855,6.373,0.902,0.4205902,1
176029,1000001132297291000,63875741923189,(0.033, 1.439, -0.019),(0.058, -0.025, -0.005, 0.998),VALID,(0.159, 0.169, 0.973),(0.000, 0.000, 0.000),64.325,VALID,(0.264, 0.166, 0.950),(-0.032, 0.000, 0.000),0.606,3.890,6.415,0.885,VALID,(0.117, 0.170, 0.978),(0.032, 0.000, 0.000),0.605,3.854,6.373,0.902,0.4215816,1
176030,1000001132302332900,63875741923189,(0.033, 1.439, -0.019),(0.058, -0.025, -0.005, 0.998),VALID,(0.159, 0.169, 0.973),(0.000, 0.000, 0.000),64.325,VALID,(0.263, 0.165, 0.950),(-0.032, 0.000, 0.000),0.606,3.889,6.415,0.885,VALID,(0.117, 0.170, 0.978),(0.032, 0.000, 0.000),0.604,3.851,6.373,0.902,0.4225383,1
176031,1000001132307342800,63875741923200,(0.033, 1.439, -0.019),(0.058, -0.025, -0.005, 0.998),VALID,(0.159, 0.169, 0.973),(0.000, 0.000, 0.000),64.325,VALID,(0.263, 0.165, 0.951),(-0.032, 0.000, 0.000),0.606,3.887,6.415,0.884,VALID,(0.117, 0.170, 0.978),(0.032, 0.000, 0.000),0.604,3.848,6.373,0.902,0.4231185,1
176032,1000001132312328300,63875741923200,(0.033, 1.439, -0.019),(0.058, -0.025, -0.005, 0.998),VALID,(0.159, 0.169, 0.973),(0.000, 0.000, 0.000),64.325,VALID,(0.262, 0.165, 0.951),(-0.032, 0.000, 0.000),0.606,3.885,6.415,0.885,VALID,(0.117, 0.170, 0.978),(0.032, 0.000, 0.000),0.603,3.844,6.373,0.902,0.4238958,1
176033,1000001132317338200,63875741923212,(0.033, 1.439, -0.019),(0.058, -0.025, -0.005, 0.998),VALID,(0.159, 0.169, 0.973),(0.000, 0.000, 0.000),64.325,VALID,(0.262, 0.165, 0.951),(-0.032, 0.000, 0.000),0.605,3.882,6.415,0.885,VALID,(0.116, 0.170, 0.979),(0.032, 0.000, 0.000),0.603,3.840,6.373,0.902,0.4245436,1
176034,1000001132322377800,63875741923212,(0.033, 1.439, -0.019),(0.058, -0.025, -0.005, 0.998),VALID,(0.160, 0.169, 0.972),(0.000, 0.000, 0.000),64.325,VALID,(0.262, 0.165, 0.951),(-0.032, 0.000, 0.000),0.604,3.877,6.415,0.884,VALID,(0.117, 0.170, 0.978),(0.032, 0.000, 0.000),0.601,3.833,6.373,0.902,0.4256261,0.9113232
176035,1000001132327368000,63875741923223,(0.033, 1.439, -0.019),(0.059, -0.025, -0.005, 0.998),VALID,(0.172, 0.168, 0.971),(0.000, 0.000, 0.000),64.325,VALID,(0.263, 0.165, 0.951),(-0.032, 0.000, 0.000),0.603,3.869,6.415,0.883,VALID,(0.137, 0.169, 0.976),(0.032, 0.000, 0.000),0.598,3.814,6.373,0.902,0.4908811,0
176036,1000001132332367100,63875741923223,(0.033, 1.439, -0.019),(0.059, -0.025, -0.005, 0.998),VALID,(0.178, 0.174, 0.969),(0.000, 0.000, 0.000),64.325,VALID,(0.256, 0.170, 0.952),(-0.032, 0.000, 0.000),0.603,3.869,6.415,0.882,VALID,(0.138, 0.175, 0.975),(0.032, 0.000, 0.000),0.598,3.812,6.373,0.904,0.5243963,0
176037,1000001132337372100,63875741923223,(0.033, 1.439, -0.019),(0.059, -0.025, -0.005, 0.998),VALID,(0.182, 0.172, 0.968),(0.000, 0.000, 0.000),64.325,VALID,(0.247, 0.169, 0.954),(-0.032, 0.000, 0.000),0.598,3.837,6.415,0.881,VALID,(0.151, 0.172, 0.973),(0.032, 0.000, 0.000),0.598,3.810,6.373,0.908,0.6406451,0
176038,1000001132342371200,63875741923234,(0.033, 1.439, -0.019),(0.059, -0.025, -0.005, 0.998),VALID,(0.177, 0.171, 0.969),(0.000, 0.000, 0.000),64.325,VALID,(0.219, 0.170, 0.961),(-0.032, 0.000, 0.000),0.601,3.856,6.415,0.879,VALID,(0.149, 0.172, 0.974),(0.032, 0.000, 0.000),0.595,3.794,6.373,0.918,0.8748423,0
176039,1000001132347414800,63875741923234,(0.033, 1.439, -0.019),(0.059, -0.025, -0.005, 0.998),VALID,(0.172, 0.171, 0.970),(0.000, 0.000, 0.000),64.325,VALID,(0.177, 0.170, 0.969),(-0.032, 0.000, 0.000),0.603,3.869,6.415,0.874,VALID,(0.143, 0.171, 0.975),(0.032, 0.000, 0.000),0.589,3.753,6.373,0.929,2,0
176040,1000001132352419800,63875741923245,(0.033, 1.439, -0.019),(0.059, -0.024, -0.005, 0.998),VALID,(0.142, 0.170, 0.975),(0.000, 0.000, 0.000),64.325,VALID,(0.124, 0.170, 0.978),(-0.032, 0.000, 0.000),0.609,3.904,6.415,0.877,VALID,(0.129, 0.170, 0.977),(0.032, 0.000, 0.000),0.582,3.711,6.373,0.938,2,0
176041,1000001132357428000,63875741923245,(0.033, 1.439, -0.019),(0.059, -0.024, -0.005, 0.998),VALID,(0.109, 0.170, 0.979),(0.000, 0.000, 0.000),64.325,VALID,(0.082, 0.170, 0.982),(-0.032, 0.000, 0.000),0.603,3.870,6.415,0.880,VALID,(0.109, 0.170, 0.979),(0.032, 0.000, 0.000),0.578,3.684,6.373,0.945,2,0
176042,1000001132362427100,63875741923256,(0.033, 1.439, -0.019),(0.059, -0.024, -0.005, 0.998),VALID,(0.065, 0.169, 0.983),(0.000, 0.000, 0.000),64.325,VALID,(0.038, 0.170, 0.985),(-0.032, 0.000, 0.000),0.595,3.816,6.415,0.886,VALID,(0.073, 0.169, 0.983),(0.032, 0.000, 0.000),0.578,3.682,6.373,0.945,2,0
176043,1000001132367426200,63875741923256,(0.033, 1.439, -0.019),(0.059, -0.024, -0.005, 0.998),VALID,(0.023, 0.169, 0.985),(0.000, 0.000, 0.000),64.325,VALID,(0.001, 0.169, 0.986),(-0.032, 0.000, 0.000),0.592,3.797,6.415,0.892,VALID,(0.033, 0.169, 0.985),(0.032, 0.000, 0.000),0.577,3.677,6.373,0.945,2,0
176044,1000001132372441400,63875741923268,(0.033, 1.439, -0.019),(0.058, -0.024, -0.005, 0.998),VALID,(-0.011, 0.168, 0.986),(0.000, 0.000, 0.000),64.325,VALID,(-0.027, 0.168, 0.985),(-0.032, 0.000, 0.000),0.592,3.798,6.415,0.900,VALID,(-0.002, 0.168, 0.986),(0.032, 0.000, 0.000),0.577,3.675,6.373,0.944,2,0
176045,1000001132377450700,63875741923268,(0.033, 1.439, -0.019),(0.058, -0.024, -0.005, 0.998),VALID,(-0.035, 0.167, 0.985),(0.000, 0.000, 0.000),64.325,VALID,(-0.046, 0.167, 0.985),(-0.032, 0.000, 0.000),0.592,3.798,6.415,0.907,VALID,(-0.028, 0.167, 0.986),(0.032, 0.000, 0.000),0.577,3.675,6.373,0.944,2,0
176046,1000001132382455700,63875741923268,(0.033, 1.439, -0.019),(0.058, -0.024, -0.005, 0.998),VALID,(-0.050, 0.166, 0.985),(0.000, 0.000, 0.000),64.325,VALID,(-0.058, 0.166, 0.984),(-0.032, 0.000, 0.000),0.591,3.791,6.415,0.915,VALID,(-0.045, 0.166, 0.985),(0.032, 0.000, 0.000),0.577,3.675,6.373,0.943,2,0
176047,1000001132387465000,63875741923279,(0.033, 1.439, -0.019),(0.058, -0.024, -0.005, 0.998),VALID,(-0.060, 0.166, 0.984),(0.000, 0.000, 0.000),64.325,VALID,(-0.065, 0.166, 0.984),(-0.032, 0.000, 0.000),0.590,3.787,6.415,0.921,VALID,(-0.056, 0.166, 0.985),(0.032, 0.000, 0.000),0.576,3.674,6.373,0.943,2,0
176048,1000001132392522700,63875741923279,(0.033, 1.439, -0.019),(0.058, -0.024, -0.005, 0.998),VALID,(-0.066, 0.166, 0.984),(0.000, 0.000, 0.000),64.325,VALID,(-0.069, 0.166, 0.984),(-0.032, 0.000, 0.000),0.590,3.783,6.415,0.927,VALID,(-0.063, 0.166, 0.984),(0.032, 0.000, 0.000),0.576,3.672,6.373,0.943,2,0
176049,1000001132397521800,63875741923290,(0.033, 1.439, -0.019),(0.058, -0.024, -0.005, 0.998),VALID,(-0.069, 0.166, 0.984),(0.000, 0.000, 0.000),64.325,VALID,(-0.071, 0.166, 0.984),(-0.032, 0.000, 0.000),0.588,3.775,6.415,0.931,VALID,(-0.068, 0.166, 0.984),(0.032, 0.000, 0.000),0.576,3.668,6.373,0.943,2,0
176050,1000001132402531100,63875741923290,(0.033, 1.439, -0.019),(0.058, -0.024, -0.005, 0.998),VALID,(-0.071, 0.166, 0.984),(0.000, 0.000, 0.000),64.325,VALID,(-0.073, 0.166, 0.983),(-0.032, 0.000, 0.000),0.587,3.769,6.415,0.935,VALID,(-0.070, 0.166, 0.984),(0.032, 0.000, 0.000),0.575,3.663,6.373,0.943,2,0
176051,1000001132407530200,63875741923301,(0.033, 1.439, -0.019),(0.058, -0.024, -0.005, 0.998),VALID,(-0.072, 0.166, 0.983),(0.000, 0.000, 0.000),64.325,VALID,(-0.073, 0.166, 0.983),(-0.032, 0.000, 0.000),0.583,3.738,6.415,0.939,VALID,(-0.071, 0.166, 0.984),(0.032, 0.000, 0.000),0.573,3.655,6.373,0.942,2,0
176052,1000001132412551100,63875741923301,(0.033, 1.439, -0.019),(0.058, -0.024, -0.005, 0.998),VALID,(-0.072, 0.166, 0.983),(0.000, 0.000, 0.000),64.325,VALID,(-0.073, 0.166, 0.983),(-0.032, 0.000, 0.000),0.580,3.723,6.415,0.941,VALID,(-0.072, 0.166, 0.983),(0.032, 0.000, 0.000),0.572,3.646,6.373,0.942,2,0
176053,1000001132417545600,63875741923312,(0.033, 1.439, -0.019),(0.058, -0.024, -0.005, 0.998),VALID,(-0.072, 0.166, 0.983),(0.000, 0.000, 0.000),64.325,VALID,(-0.073, 0.166, 0.983),(-0.032, 0.000, 0.000),0.579,3.714,6.415,0.943,VALID,(-0.072, 0.166, 0.983),(0.032, 0.000, 0.000),0.570,3.635,6.373,0.942,2,0
176054,1000001132422592100,63875741923312,(0.033, 1.439, -0.019),(0.058, -0.024, -0.005, 0.998),VALID,(-0.072, 0.166, 0.983),(0.000, 0.000, 0.000),64.325,VALID,(-0.072, 0.166, 0.983),(-0.032, 0.000, 0.000),0.578,3.710,6.415,0.945,VALID,(-0.072, 0.166, 0.983),(0.032, 0.000, 0.000),0.569,3.627,6.373,0.942,2,0
176055,1000001132427569100,63875741923323,(0.033, 1.439, -0.019),(0.058, -0.024, -0.005, 0.998),VALID,(-0.072, 0.166, 0.984),(0.000, 0.000, 0.000),64.325,VALID,(-0.072, 0.166, 0.984),(-0.032, 0.000, 0.000),0.578,3.705,6.415,0.947,VALID,(-0.072, 0.166, 0.984),(0.032, 0.000, 0.000),0.568,3.619,6.373,0.942,2,0
176056,1000001132432563600,63875741923323,(0.033, 1.439, -0.019),(0.058, -0.024, -0.005, 0.998),VALID,(-0.072, 0.166, 0.984),(0.000, 0.000, 0.000),64.325,VALID,(-0.072, 0.166, 0.984),(-0.032, 0.000, 0.000),0.577,3.703,6.415,0.949,VALID,(-0.072, 0.166, 0.984),(0.032, 0.000, 0.000),0.566,3.608,6.373,0.941,2,0
176057,1000001132437602000,63875741923323,(0.033, 1.439, -0.019),(0.058, -0.024, -0.005, 0.998),VALID,(-0.071, 0.165, 0.984),(0.000, 0.000, 0.000),64.325,VALID,(-0.071, 0.165, 0.984),(-0.032, 0.000, 0.000),0.577,3.702,6.415,0.951,VALID,(-0.071, 0.165, 0.984),(0.032, 0.000, 0.000),0.564,3.595,6.373,0.941,2,0
176058,1000001132442596500,63875741923334,(0.033, 1.439, -0.019),(0.058, -0.024, -0.005, 0.998),VALID,(-0.071, 0.165, 0.984),(0.000, 0.000, 0.000),64.325,VALID,(-0.071, 0.165, 0.984),(-0.032, 0.000, 0.000),0.576,3.696,6.415,0.952,VALID,(-0.071, 0.165, 0.984),(0.032, 0.000, 0.000),0.562,3.584,6.373,0.941,2,0
176059,1000001132447640900,63875741923334,(0.033, 1.439, -0.019),(0.058, -0.024, -0.005, 0.998),VALID,(-0.071, 0.165, 0.984),(0.000, 0.000, 0.000),64.325,VALID,(-0.071, 0.165, 0.984),(-0.032, 0.000, 0.000),0.572,3.671,6.415,0.953,VALID,(-0.071, 0.165, 0.984),(0.032, 0.000, 0.000),0.561,3.575,6.373,0.941,2,0
176060,1000001132452632400,63875741923345,(0.033, 1.439, -0.019),(0.058, -0.025, -0.005, 0.998),VALID,(-0.071, 0.164, 0.984),(0.000, 0.000, 0.000),64.325,VALID,(-0.070, 0.164, 0.984),(-0.032, 0.000, 0.000),0.569,3.648,6.415,0.955,VALID,(-0.071, 0.164, 0.984),(0.032, 0.000, 0.000),0.560,3.567,6.373,0.940,2,0
176061,1000001132457659600,63875741923345,(0.033, 1.439, -0.019),(0.058, -0.025, -0.005, 0.998),VALID,(-0.070, 0.164, 0.984),(0.000, 0.000, 0.000),64.325,VALID,(-0.070, 0.164, 0.984),(-0.032, 0.000, 0.000),0.566,3.632,6.415,0.956,VALID,(-0.070, 0.164, 0.984),(0.032, 0.000, 0.000),0.558,3.558,6.373,0.940,2,0.233542
176062,1000001132462651100,63875741923356,(0.033, 1.439, -0.019),(0.058, -0.025, -0.005, 0.998),VALID,(-0.070, 0.164, 0.984),(0.000, 0.000, 0.000),64.325,VALID,(-0.070, 0.164, 0.984),(-0.032, 0.000, 0.000),0.565,3.625,6.415,0.956,VALID,(-0.070, 0.164, 0.984),(0.032, 0.000, 0.000),0.557,3.549,6.373,0.940,2,0.5816601
176063,1000001132467681300,63875741923356,(0.033, 1.439, -0.019),(0.058, -0.025, -0.005, 0.998),VALID,(-0.070, 0.163, 0.984),(0.000, 0.000, 0.000),64.325,VALID,(-0.070, 0.163, 0.984),(-0.032, 0.000, 0.000),0.564,3.620,6.415,0.957,VALID,(-0.070, 0.163, 0.984),(0.032, 0.000, 0.000),0.556,3.541,6.373,0.939,2,0.7930101
176064,1000001132472730500,63875741923367,(0.033, 1.439, -0.019),(0.058, -0.025, -0.005, 0.998),VALID,(-0.070, 0.163, 0.984),(0.000, 0.000, 0.000),64.325,VALID,(-0.070, 0.163, 0.984),(-0.032, 0.000, 0.000),0.562,3.608,6.415,0.957,VALID,(-0.070, 0.163, 0.984),(0.032, 0.000, 0.000),0.554,3.533,6.373,0.939,2,0.8994234
176065,1000001132477717600,63875741923368,(0.033, 1.439, -0.019),(0.058, -0.025, -0.005, 0.998),VALID,(-0.070, 0.162, 0.984),(0.000, 0.000, 0.000),64.325,VALID,(-0.070, 0.162, 0.984),(-0.032, 0.000, 0.000),0.562,3.608,6.415,0.958,VALID,(-0.070, 0.162, 0.984),(0.032, 0.000, 0.000),0.553,3.525,6.373,0.938,2,0.9436065
176066,1000001132482713800,63875741923368,(0.033, 1.439, -0.019),(0.058, -0.025, -0.005, 0.998),VALID,(-0.069, 0.162, 0.984),(0.000, 0.000, 0.000),64.325,VALID,(-0.069, 0.162, 0.984),(-0.032, 0.000, 0.000),0.562,3.605,6.415,0.958,VALID,(-0.069, 0.162, 0.984),(0.032, 0.000, 0.000),0.552,3.518,6.373,0.938,2,0.9843374
176067,1000001132487726800,63875741923378,(0.033, 1.439, -0.019),(0.058, -0.025, -0.005, 0.998),VALID,(-0.069, 0.162, 0.984),(0.000, 0.000, 0.000),64.325,VALID,(-0.069, 0.162, 0.984),(-0.032, 0.000, 0.000),0.561,3.600,6.415,0.959,VALID,(-0.069, 0.162, 0.984),(0.032, 0.000, 0.000),0.550,3.508,6.373,0.938,2,1
176068,1000001132492754200,63875741923378,(0.033, 1.439, -0.019),(0.058, -0.025, -0.005, 0.998),VALID,(-0.069, 0.162, 0.984),(0.000, 0.000, 0.000),64.325,VALID,(-0.069, 0.162, 0.984),(-0.032, 0.000, 0.000),0.561,3.596,6.415,0.960,VALID,(-0.069, 0.162, 0.984),(0.032, 0.000, 0.000),0.549,3.499,6.373,0.937,2,1
176069,1000001132497758800,63875741923389,(0.033, 1.439, -0.019),(0.058, -0.025, -0.005, 0.998),VALID,(-0.069, 0.162, 0.984),(0.000, 0.000, 0.000),64.325,VALID,(-0.069, 0.162, 0.984),(-0.032, 0.000, 0.000),0.557,3.575,6.415,0.960,VALID,(-0.069, 0.162, 0.984),(0.032, 0.000, 0.000),0.548,3.489,6.373,0.937,2,1
176070,1000001132502816300,63875741923389,(0.033, 1.439, -0.019),(0.058, -0.025, -0.005, 0.998),VALID,(-0.069, 0.162, 0.984),(0.000, 0.000, 0.000),64.325,VALID,(-0.069, 0.162, 0.984),(-0.032, 0.000, 0.000),0.556,3.564,6.415,0.960,VALID,(-0.069, 0.162, 0.984),(0.032, 0.000, 0.000),0.546,3.482,6.373,0.936,2,1
176071,1000001132507820900,63875741923401,(0.033, 1.438, -0.019),(0.058, -0.025, -0.005, 0.998),VALID,(-0.069, 0.162, 0.984),(0.000, 0.000, 0.000),64.325,VALID,(-0.069, 0.162, 0.984),(-0.032, 0.000, 0.000),0.554,3.553,6.415,0.960,VALID,(-0.069, 0.162, 0.984),(0.032, 0.000, 0.000),0.545,3.476,6.373,0.936,2,1
176072,1000001132512869200,63875741923401,(0.033, 1.438, -0.019),(0.058, -0.025, -0.005, 0.998),VALID,(-0.068, 0.161, 0.985),(0.000, 0.000, 0.000),64.325,VALID,(-0.068, 0.161, 0.985),(-0.032, 0.000, 0.000),0.552,3.539,6.415,0.961,VALID,(-0.069, 0.161, 0.985),(0.032, 0.000, 0.000),0.544,3.466,6.373,0.936,2,1
176073,1000001132517865400,63875741923412,(0.033, 1.438, -0.019),(0.058, -0.025, -0.005, 0.998),VALID,(-0.068, 0.161, 0.985),(0.000, 0.000, 0.000),64.325,VALID,(-0.068, 0.161, 0.985),(-0.032, 0.000, 0.000),0.550,3.529,6.415,0.961,VALID,(-0.068, 0.161, 0.985),(0.032, 0.000, 0.000),0.542,3.456,6.373,0.935,2,1
176074,1000001132522870000,63875741923412,(0.033, 1.438, -0.019),(0.058, -0.025, -0.005, 0.998),VALID,(-0.068, 0.161, 0.985),(0.000, 0.000, 0.000),64.325,VALID,(-0.068, 0.161, 0.985),(-0.032, 0.000, 0.000),0.548,3.518,6.415,0.962,VALID,(-0.068, 0.161, 0.985),(0.032, 0.000, 0.000),0.541,3.449,6.373,0.935,2,1
176075,1000001132527866200,63875741923423,(0.033, 1.438, -0.019),(0.058, -0.025, -0.005, 0.998),VALID,(-0.068, 0.161, 0.985),(0.000, 0.000, 0.000),64.325,VALID,(-0.068, 0.161, 0.985),(-0.032, 0.000, 0.000),0.546,3.505,6.415,0.962,VALID,(-0.068, 0.161, 0.985),(0.032, 0.000, 0.000),0.540,3.440,6.373,0.935,2,1
176076,1000001132532846900,63875741923423,(0.033, 1.438, -0.019),(0.058, -0.025, -0.005, 0.998),VALID,(-0.068, 0.161, 0.985),(0.000, 0.000, 0.000),64.325,VALID,(-0.068, 0.161, 0.985),(-0.032, 0.000, 0.000),0.545,3.499,6.415,0.962,VALID,(-0.068, 0.161, 0.985),(0.032, 0.000, 0.000),0.539,3.434,6.373,0.934,2,1
176077,1000001132537847600,63875741923423,(0.033, 1.438, -0.019),(0.058, -0.025, -0.005, 0.998),VALID,(-0.068, 0.161, 0.985),(0.000, 0.000, 0.000),64.325,VALID,(-0.068, 0.161, 0.985),(-0.032, 0.000, 0.000),0.545,3.499,6.415,0.963,VALID,(-0.068, 0.161, 0.985),(0.032, 0.000, 0.000),0.538,3.428,6.373,0.933,2,1
176078,1000001132542860600,63875741923434,(0.033, 1.438, -0.019),(0.058, -0.025, -0.005, 0.998),VALID,(-0.068, 0.161, 0.985),(0.000, 0.000, 0.000),64.325,VALID,(-0.068, 0.161, 0.985),(-0.032, 0.000, 0.000),0.545,3.498,6.415,0.963,VALID,(-0.068, 0.161, 0.985),(0.032, 0.000, 0.000),0.536,3.419,6.373,0.933,2,1
176079,1000001132547878400,63875741923434,(0.033, 1.438, -0.019),(0.058, -0.025, -0.005, 0.998),VALID,(-0.068, 0.161, 0.985),(0.000, 0.000, 0.000),64.325,VALID,(-0.068, 0.161, 0.985),(-0.032, 0.000, 0.000),0.544,3.491,6.415,0.964,VALID,(-0.068, 0.161, 0.985),(0.032, 0.000, 0.000),0.535,3.409,6.373,0.933,2,1
176080,1000001132552894300,63875741923445,(0.033, 1.438, -0.019),(0.058, -0.025, -0.005, 0.998),VALID,(-0.068, 0.161, 0.985),(0.000, 0.000, 0.000),64.325,VALID,(-0.068, 0.161, 0.985),(-0.032, 0.000, 0.000),0.543,3.485,6.415,0.965,VALID,(-0.068, 0.161, 0.985),(0.032, 0.000, 0.000),0.534,3.401,6.373,0.932,2,1
176081,1000001132557918700,63875741923445,(0.033, 1.438, -0.019),(0.058, -0.025, -0.005, 0.998),VALID,(-0.068, 0.161, 0.985),(0.000, 0.000, 0.000),64.325,VALID,(-0.068, 0.161, 0.985),(-0.032, 0.000, 0.000),0.540,3.464,6.415,0.966,VALID,(-0.068, 0.161, 0.985),(0.032, 0.000, 0.000),0.533,3.394,6.373,0.931,2,1
176082,1000001132562931200,63875741923456,(0.033, 1.438, -0.019),(0.058, -0.025, -0.005, 0.998),VALID,(-0.068, 0.161, 0.985),(0.000, 0.000, 0.000),64.325,VALID,(-0.068, 0.161, 0.985),(-0.032, 0.000, 0.000),0.539,3.456,6.415,0.967,VALID,(-0.068, 0.161, 0.985),(0.032, 0.000, 0.000),0.532,3.389,6.373,0.931,2,1
176083,1000001132567943700,63875741923456,(0.033, 1.438, -0.019),(0.058, -0.025, -0.005, 0.998),VALID,(-0.068, 0.161, 0.985),(0.000, 0.000, 0.000),64.325,VALID,(-0.067, 0.161, 0.985),(-0.032, 0.000, 0.000),0.538,3.454,6.415,0.967,VALID,(-0.068, 0.161, 0.985),(0.032, 0.000, 0.000),0.531,3.382,6.373,0.930,2,1
176084,1000001132572952800,63875741923468,(0.033, 1.438, -0.019),(0.058, -0.025, -0.005, 0.998),VALID,(-0.068, 0.161, 0.985),(0.000, 0.000, 0.000),64.325,VALID,(-0.067, 0.161, 0.985),(-0.032, 0.000, 0.000),0.538,3.449,6.415,0.968,VALID,(-0.068, 0.161, 0.985),(0.032, 0.000, 0.000),0.530,3.375,6.373,0.929,2,1
176085,1000001132577961900,63875741923468,(0.033, 1.438, -0.019),(0.058, -0.025, -0.005, 0.998),VALID,(-0.068, 0.161, 0.985),(0.000, 0.000, 0.000),64.325,VALID,(-0.067, 0.161, 0.985),(-0.032, 0.000, 0.000),0.538,3.448,6.415,0.969,VALID,(-0.068, 0.161, 0.985),(0.032, 0.000, 0.000),0.528,3.368,6.373,0.929,2,1
176086,1000001132582971000,63875741923468,(0.033, 1.438, -0.019),(0.058, -0.025, -0.005, 0.998),VALID,(-0.068, 0.161, 0.985),(0.000, 0.000, 0.000),64.325,VALID,(-0.067, 0.161, 0.985),(-0.032, 0.000, 0.000),0.537,3.447,6.415,0.969,VALID,(-0.068, 0.161, 0.985),(0.032, 0.000, 0.000),0.527,3.361,6.373,0.929,2,1
176087,1000001132587980100,63875741923478,(0.033, 1.438, -0.019),(0.058, -0.025, -0.005, 0.998),VALID,(-0.068, 0.161, 0.985),(0.000, 0.000, 0.000),64.325,VALID,(-0.067, 0.161, 0.985),(-0.032, 0.000, 0.000),0.537,3.445,6.415,0.971,VALID,(-0.068, 0.161, 0.985),(0.032, 0.000, 0.000),0.526,3.353,6.373,0.928,2,1
176088,1000001132592984700,63875741923490,(0.033, 1.438, -0.020),(0.057, -0.025, -0.005, 0.998),VALID,(-0.067, 0.161, 0.985),(0.000, 0.000, 0.000),64.325,VALID,(-0.067, 0.161, 0.985),(-0.032, 0.000, 0.000),0.536,3.442,6.415,0.971,VALID,(-0.068, 0.161, 0.985),(0.032, 0.000, 0.000),0.525,3.345,6.373,0.928,2,1
176089,1000001132597993800,63875741923490,(0.033, 1.438, -0.020),(0.057, -0.025, -0.005, 0.998),VALID,(-0.067, 0.161, 0.985),(0.000, 0.000, 0.000),64.325,VALID,(-0.067, 0.161, 0.985),(-0.032, 0.000, 0.000),0.536,3.436,6.415,0.972,VALID,(-0.068, 0.161, 0.985),(0.032, 0.000, 0.000),0.524,3.338,6.373,0.927,2,1
176090,1000001132603002900,63875741923490,(0.033, 1.438, -0.020),(0.057, -0.025, -0.005, 0.998),VALID,(-0.067, 0.161, 0.985),(0.000, 0.000, 0.000),64.325,VALID,(-0.067, 0.161, 0.985),(-0.032, 0.000, 0.000),0.535,3.429,6.415,0.972,VALID,(-0.067, 0.161, 0.985),(0.032, 0.000, 0.000),0.523,3.332,6.373,0.927,2,1
176091,1000001132608015400,63875741923501,(0.033, 1.438, -0.020),(0.057, -0.025, -0.005, 0.998),VALID,(-0.067, 0.161, 0.985),(0.000, 0.000, 0.000),64.325,VALID,(-0.067, 0.161, 0.985),(-0.032, 0.000, 0.000),0.532,3.411,6.415,0.972,VALID,(-0.067, 0.161, 0.985),(0.032, 0.000, 0.000),0.522,3.327,6.373,0.926,2,1
176092,1000001132613068000,63875741923501,(0.033, 1.438, -0.020),(0.057, -0.025, -0.005, 0.998),VALID,(-0.067, 0.161, 0.985),(0.000, 0.000, 0.000),64.325,VALID,(-0.067, 0.161, 0.985),(-0.032, 0.000, 0.000),0.530,3.399,6.415,0.972,VALID,(-0.067, 0.161, 0.985),(0.032, 0.000, 0.000),0.521,3.323,6.373,0.925,2,1
176093,1000001132618080500,63875741923512,(0.033, 1.438, -0.020),(0.057, -0.024, -0.005, 0.998),VALID,(-0.067, 0.161, 0.985),(0.000, 0.000, 0.000),64.325,VALID,(-0.067, 0.161, 0.985),(-0.032, 0.000, 0.000),0.529,3.394,6.415,0.973,VALID,(-0.067, 0.161, 0.985),(0.032, 0.000, 0.000),0.521,3.318,6.373,0.924,2,1
176094,1000001132623093000,63875741923512,(0.033, 1.438, -0.020),(0.057, -0.024, -0.005, 0.998),VALID,(-0.067, 0.161, 0.985),(0.000, 0.000, 0.000),64.325,VALID,(-0.067, 0.161, 0.985),(-0.032, 0.000, 0.000),0.528,3.388,6.415,0.973,VALID,(-0.067, 0.161, 0.985),(0.032, 0.000, 0.000),0.520,3.314,6.373,0.924,2,1
176095,1000001132628098200,63875741923524,(0.033, 1.438, -0.020),(0.057, -0.024, -0.005, 0.998),VALID,(-0.067, 0.161, 0.985),(0.000, 0.000, 0.000),64.325,VALID,(-0.067, 0.161, 0.985),(-0.032, 0.000, 0.000),0.528,3.386,6.415,0.973,VALID,(-0.067, 0.161, 0.985),(0.032, 0.000, 0.000),0.519,3.309,6.373,0.923,2,1
176096,1000001132633090500,63875741923524,(0.033, 1.438, -0.020),(0.057, -0.024, -0.005, 0.998),VALID,(-0.067, 0.161, 0.985),(0.000, 0.000, 0.000),64.325,VALID,(-0.067, 0.161, 0.985),(-0.032, 0.000, 0.000),0.527,3.379,6.415,0.973,VALID,(-0.067, 0.161, 0.985),(0.032, 0.000, 0.000),0.519,3.305,6.373,0.923,2,1
176097,1000001132638099600,63875741923534,(0.033, 1.438, -0.020),(0.057, -0.024, -0.004, 0.998),VALID,(-0.068, 0.161, 0.985),(0.000, 0.000, 0.000),64.325,VALID,(-0.067, 0.161, 0.985),(-0.032, 0.000, 0.000),0.525,3.368,6.415,0.974,VALID,(-0.068, 0.161, 0.985),(0.032, 0.000, 0.000),0.518,3.300,6.373,0.922,2,1
176098,1000001132643112100,63875741923534,(0.033, 1.438, -0.020),(0.057, -0.024, -0.004, 0.998),VALID,(-0.068, 0.161, 0.985),(0.000, 0.000, 0.000),64.325,VALID,(-0.068, 0.161, 0.985),(-0.032, 0.000, 0.000),0.523,3.354,6.415,0.974,VALID,(-0.068, 0.161, 0.985),(0.032, 0.000, 0.000),0.517,3.294,6.373,0.922,2,1
176099,1000001132648121200,63875741923534,(0.033, 1.438, -0.020),(0.057, -0.024, -0.004, 0.998),VALID,(-0.068, 0.161, 0.985),(0.000, 0.000, 0.000),64.325,VALID,(-0.068, 0.161, 0.985),(-0.032, 0.000, 0.000),0.522,3.348,6.415,0.974,VALID,(-0.068, 0.161, 0.985),(0.032, 0.000, 0.000),0.516,3.289,6.373,0.922,2,1
176100,1000001132653133700,63875741923544,(0.033, 1.438, -0.020),(0.057, -0.023, -0.004, 0.998),VALID,(-0.068, 0.161, 0.985),(0.000, 0.000, 0.000),64.325,VALID,(-0.068, 0.161, 0.985),(-0.032, 0.000, 0.000),0.521,3.344,6.415,0.974,VALID,(-0.068, 0.161, 0.985),(0.032, 0.000, 0.000),0.515,3.284,6.373,0.921,2,1
176101,1000001132658146200,63875741923545,(0.033, 1.438, -0.020),(0.057, -0.023, -0.004, 0.998),VALID,(-0.068, 0.161, 0.985),(0.000, 0.000, 0.000),64.325,VALID,(-0.068, 0.161, 0.985),(-0.032, 0.000, 0.000),0.521,3.341,6.415,0.974,VALID,(-0.068, 0.161, 0.985),(0.032, 0.000, 0.000),0.515,3.280,6.373,0.921,2,1
176102,1000001132663159500,63875741923556,(0.033, 1.438, -0.020),(0.057, -0.023, -0.004, 0.998),VALID,(-0.068, 0.162, 0.985),(0.000, 0.000, 0.000),64.325,VALID,(-0.068, 0.162, 0.985),(-0.032, 0.000, 0.000),0.520,3.339,6.415,0.975,VALID,(-0.068, 0.162, 0.985),(0.032, 0.000, 0.000),0.514,3.275,6.373,0.920,2,1
176103,1000001132668196200,63875741923556,(0.033, 1.438, -0.020),(0.057, -0.023, -0.004, 0.998),VALID,(-0.068, 0.162, 0.985),(0.000, 0.000, 0.000),64.325,VALID,(-0.068, 0.162, 0.985),(-0.032, 0.000, 0.000),0.520,3.338,6.415,0.975,VALID,(-0.068, 0.162, 0.985),(0.032, 0.000, 0.000),0.513,3.272,6.373,0.920,2,1
176104,1000001132673210200,63875741923567,(0.033, 1.438, -0.020),(0.057, -0.022, -0.004, 0.998),VALID,(-0.068, 0.162, 0.984),(0.000, 0.000, 0.000),64.325,VALID,(-0.068, 0.162, 0.984),(-0.032, 0.000, 0.000),0.520,3.338,6.415,0.975,VALID,(-0.068, 0.162, 0.984),(0.032, 0.000, 0.000),0.513,3.268,6.373,0.919,2,1
176105,1000001132678220700,63875741923567,(0.033, 1.438, -0.020),(0.057, -0.022, -0.004, 0.998),VALID,(-0.067, 0.162, 0.984),(0.000, 0.000, 0.000),64.325,VALID,(-0.067, 0.162, 0.984),(-0.032, 0.000, 0.000),0.520,3.337,6.415,0.975,VALID,(-0.067, 0.162, 0.984),(0.032, 0.000, 0.000),0.512,3.264,6.373,0.919,2,1
176106,1000001132683223900,63875741923578,(0.033, 1.438, -0.020),(0.057, -0.022, -0.004, 0.998),VALID,(-0.067, 0.162, 0.984),(0.000, 0.000, 0.000),64.325,VALID,(-0.067, 0.162, 0.984),(-0.032, 0.000, 0.000),0.519,3.330,6.415,0.976,VALID,(-0.067, 0.162, 0.984),(0.032, 0.000, 0.000),0.512,3.261,6.373,0.919,2,1
176107,1000001132688278600,63875741923578,(0.033, 1.438, -0.020),(0.057, -0.022, -0.004, 0.998),VALID,(-0.067, 0.162, 0.984),(0.000, 0.000, 0.000),64.325,VALID,(-0.067, 0.162, 0.984),(-0.032, 0.000, 0.000),0.518,3.325,6.415,0.976,VALID,(-0.067, 0.162, 0.984),(0.032, 0.000, 0.000),0.511,3.256,6.373,0.919,2,1
176108,1000001132693281800,63875741923578,(0.033, 1.438, -0.020),(0.057, -0.022, -0.004, 0.998),VALID,(-0.067, 0.162, 0.984),(0.000, 0.000, 0.000),64.325,VALID,(-0.067, 0.162, 0.984),(-0.032, 0.000, 0.000),0.516,3.313,6.415,0.976,VALID,(-0.067, 0.162, 0.984),(0.032, 0.000, 0.000),0.510,3.248,6.373,0.918,2,0.9703076
176109,1000001132698295800,63875741923589,(0.033, 1.438, -0.020),(0.057, -0.021, -0.004, 0.998),VALID,(-0.070, 0.162, 0.984),(0.000, 0.000, 0.000),64.325,VALID,(-0.067, 0.162, 0.985),(-0.032, 0.000, 0.000),0.512,3.282,6.415,0.976,VALID,(-0.070, 0.162, 0.984),(0.032, 0.000, 0.000),0.506,3.226,6.373,0.917,2,0.1398612
176110,1000001132703309800,63875741923589,(0.033, 1.438, -0.020),(0.057, -0.021, -0.004, 0.998),VALID,(-0.080, 0.160, 0.984),(0.000, 0.000, 0.000),64.325,VALID,(-0.075, 0.160, 0.984),(-0.032, 0.000, 0.000),0.510,3.270,6.415,0.975,VALID,(-0.080, 0.160, 0.984),(0.032, 0.000, 0.000),0.503,3.208,6.373,0.915,2,0
176111,1000001132708323800,63875741923600,(0.033, 1.438, -0.020),(0.057, -0.021, -0.004, 0.998),VALID,(-0.102, 0.157, 0.982),(0.000, 0.000, 0.000),64.325,VALID,(-0.096, 0.157, 0.983),(-0.032, 0.000, 0.000),0.509,3.268,6.415,0.975,VALID,(-0.102, 0.157, 0.982),(0.032, 0.000, 0.000),0.500,3.187,6.373,0.912,2,0
176112,1000001132713329300,63875741923600,(0.033, 1.438, -0.020),(0.057, -0.021, -0.004, 0.998),VALID,(-0.137, 0.152, 0.979),(0.000, 0.000, 0.000),64.325,VALID,(-0.132, 0.153, 0.979),(-0.032, 0.000, 0.000),0.516,3.311,6.415,0.975,VALID,(-0.137, 0.152, 0.979),(0.032, 0.000, 0.000),0.498,3.173,6.373,0.905,2,0
176113,1000001132718320900,63875741923611,(0.033, 1.438, -0.020),(0.057, -0.020, -0.004, 0.998),VALID,(-0.176, 0.147, 0.973),(0.000, 0.000, 0.000),64.325,VALID,(-0.172, 0.147, 0.974),(-0.032, 0.000, 0.000),0.515,3.306,6.415,0.976,VALID,(-0.176, 0.147, 0.973),(0.032, 0.000, 0.000),0.497,3.169,6.373,0.891,2,0
176114,1000001132723334900,63875741923611,(0.033, 1.438, -0.020),(0.057, -0.020, -0.004, 0.998),VALID,(-0.219, 0.141, 0.965),(0.000, 0.000, 0.000),64.325,VALID,(-0.217, 0.141, 0.966),(-0.032, 0.000, 0.000),0.507,3.253,6.415,0.976,VALID,(-0.219, 0.141, 0.965),(0.032, 0.000, 0.000),0.495,3.157,6.373,0.873,2,0
176115,1000001132728357100,63875741923622,(0.033, 1.438, -0.020),(0.057, -0.020, -0.004, 0.998),VALID,(-0.212, 0.134, 0.968),(0.000, 0.000, 0.000),64.325,VALID,(-0.186, 0.134, 0.973),(-0.032, 0.000, 0.000),0.502,3.221,6.415,0.976,VALID,(-0.256, 0.132, 0.958),(0.032, 0.000, 0.000),0.494,3.147,6.373,0.871,0.8665636,0
176116,1000001132733371100,63875741923622,(0.033, 1.438, -0.020),(0.057, -0.020, -0.004, 0.998),VALID,(-0.251, 0.130, 0.959),(0.000, 0.000, 0.000),64.325,VALID,(-0.197, 0.125, 0.972),(-0.032, 0.000, 0.000),0.473,3.037,6.415,0.975,VALID,(-0.279, 0.129, 0.952),(0.032, 0.000, 0.000),0.494,3.148,6.373,0.868,0.7316772,0
176117,1000001132738371700,63875741923633,(0.033, 1.438, -0.020),(0.057, -0.020, -0.003, 0.998),VALID,(-0.283, 0.128, 0.951),(0.000, 0.000, 0.000),64.325,VALID,(-0.210, 0.117, 0.971),(-0.032, 0.000, 0.000),0.469,3.011,6.415,0.974,VALID,(-0.299, 0.128, 0.946),(0.032, 0.000, 0.000),0.496,3.160,6.373,0.867,0.661958,0
176118,1000001132743385700,63875741923634,(0.033, 1.438, -0.020),(0.057, -0.020, -0.003, 0.998),VALID,(-0.305, 0.127, 0.944),(0.000, 0.000, 0.000),64.325,VALID,(-0.222, 0.111, 0.969),(-0.032, 0.000, 0.000),0.468,3.005,6.415,0.972,VALID,(-0.314, 0.126, 0.941),(0.032, 0.000, 0.000),0.498,3.172,6.373,0.866,0.6204501,0
176119,1000001132748393400,63875741923634,(0.033, 1.438, -0.020),(0.057, -0.020, -0.003, 0.998),VALID,(-0.319, 0.126, 0.939),(0.000, 0.000, 0.000),64.325,VALID,(-0.231, 0.106, 0.967),(-0.032, 0.000, 0.000),0.468,3.004,6.415,0.970,VALID,(-0.325, 0.126, 0.937),(0.032, 0.000, 0.000),0.499,3.180,6.373,0.866,0.6007232,0
176120,1000001132753407400,63875741923644,(0.033, 1.438, -0.020),(0.057, -0.020, -0.003, 0.998),VALID,(-0.329, 0.125, 0.936),(0.000, 0.000, 0.000),64.325,VALID,(-0.238, 0.103, 0.966),(-0.032, 0.000, 0.000),0.468,3.000,6.415,0.968,VALID,(-0.331, 0.125, 0.935),(0.032, 0.000, 0.000),0.500,3.188,6.373,0.865,0.590133,0
176121,1000001132758415100,63875741923644,(0.033, 1.438, -0.020),(0.057, -0.020, -0.003, 0.998),VALID,(-0.335, 0.125, 0.934),(0.000, 0.000, 0.000),64.325,VALID,(-0.243, 0.100, 0.965),(-0.032, 0.000, 0.000),0.467,2.997,6.415,0.967,VALID,(-0.336, 0.125, 0.933),(0.032, 0.000, 0.000),0.501,3.191,6.373,0.866,0.5824803,0
176122,1000001132763416500,63875741923656,(0.033, 1.438, -0.020),(0.057, -0.019, -0.003, 0.998),VALID,(-0.338, 0.125, 0.933),(0.000, 0.000, 0.000),64.325,VALID,(-0.247, 0.097, 0.964),(-0.032, 0.000, 0.000),0.467,2.993,6.415,0.965,VALID,(-0.339, 0.125, 0.933),(0.032, 0.000, 0.000),0.501,3.193,6.373,0.867,0.5784218,0
176123,1000001132768424200,63875741923656,(0.033, 1.438, -0.020),(0.057, -0.019, -0.003, 0.998),VALID,(-0.340, 0.124, 0.932),(0.000, 0.000, 0.000),64.325,VALID,(-0.249, 0.096, 0.964),(-0.032, 0.000, 0.000),0.466,2.991,6.415,0.964,VALID,(-0.341, 0.124, 0.932),(0.032, 0.000, 0.000),0.501,3.194,6.373,0.867,0.5760788,0
176124,1000001132773446400,63875741923667,(0.033, 1.438, -0.020),(0.057, -0.019, -0.003, 0.998),VALID,(-0.341, 0.124, 0.932),(0.000, 0.000, 0.000),64.325,VALID,(-0.251, 0.094, 0.963),(-0.032, 0.000, 0.000),0.466,2.989,6.415,0.963,VALID,(-0.341, 0.124, 0.932),(0.032, 0.000, 0.000),0.501,3.195,6.373,0.867,0.5759392,0
176125,1000001132778454100,63875741923667,(0.033, 1.438, -0.020),(0.057, -0.019, -0.003, 0.998),VALID,(-0.341, 0.124, 0.932),(0.000, 0.000, 0.000),64.325,VALID,(-0.252, 0.093, 0.963),(-0.032, 0.000, 0.000),0.466,2.987,6.415,0.962,VALID,(-0.342, 0.124, 0.932),(0.032, 0.000, 0.000),0.501,3.195,6.373,0.868,0.5761179,0
176126,1000001132783456700,63875741923680,(0.033, 1.438, -0.019),(0.057, -0.019, -0.003, 0.998),VALID,(-0.342, 0.124, 0.932),(0.000, 0.000, 0.000),64.325,VALID,(-0.253, 0.092, 0.963),(-0.032, 0.000, 0.000),0.465,2.985,6.415,0.962,VALID,(-0.342, 0.124, 0.932),(0.032, 0.000, 0.000),0.501,3.195,6.373,0.869,0.5767673,0
176127,1000001132788471300,63875741923680,(0.033, 1.438, -0.019),(0.057, -0.019, -0.003, 0.998),VALID,(-0.342, 0.124, 0.932),(0.000, 0.000, 0.000),64.325,VALID,(-0.254, 0.092, 0.963),(-0.032, 0.000, 0.000),0.465,2.983,6.415,0.961,VALID,(-0.342, 0.124, 0.932),(0.032, 0.000, 0.000),0.501,3.195,6.373,0.869,0.5791587,0
176128,1000001132793479000,63875741923690,(0.032, 1.438, -0.019),(0.057, -0.019, -0.003, 0.998),VALID,(-0.342, 0.124, 0.932),(0.000, 0.000, 0.000),64.325,VALID,(-0.255, 0.092, 0.963),(-0.032, 0.000, 0.000),0.465,2.980,6.415,0.961,VALID,(-0.342, 0.124, 0.932),(0.032, 0.000, 0.000),0.501,3.194,6.373,0.870,0.5816664,0
176129,1000001132798508200,63875741923690,(0.032, 1.438, -0.019),(0.057, -0.019, -0.003, 0.998),VALID,(-0.342, 0.123, 0.932),(0.000, 0.000, 0.000),64.325,VALID,(-0.255, 0.091, 0.963),(-0.032, 0.000, 0.000),0.464,2.977,6.415,0.960,VALID,(-0.342, 0.123, 0.932),(0.032, 0.000, 0.000),0.501,3.194,6.373,0.870,0.5835169,0
176130,1000001132803522800,63875741923690,(0.032, 1.438, -0.019),(0.057, -0.019, -0.003, 0.998),VALID,(-0.341, 0.123, 0.932),(0.000, 0.000, 0.000),64.325,VALID,(-0.255, 0.091, 0.963),(-0.032, 0.000, 0.000),0.464,2.975,6.415,0.960,VALID,(-0.341, 0.123, 0.932),(0.032, 0.000, 0.000),0.501,3.193,6.373,0.872,0.5854434,0
176131,1000001132808537400,63875741923701,(0.032, 1.438, -0.019),(0.057, -0.019, -0.003, 0.998),VALID,(-0.341, 0.123, 0.932),(0.000, 0.000, 0.000),64.325,VALID,(-0.256, 0.091, 0.963),(-0.032, 0.000, 0.000),0.463,2.972,6.415,0.960,VALID,(-0.341, 0.123, 0.932),(0.032, 0.000, 0.000),0.501,3.192,6.373,0.873,0.5882849,0
176132,1000001132813545100,63875741923701,(0.032, 1.438, -0.019),(0.057, -0.019, -0.003, 0.998),VALID,(-0.341, 0.123, 0.932),(0.000, 0.000, 0.000),64.325,VALID,(-0.256, 0.091, 0.962),(-0.032, 0.000, 0.000),0.463,2.971,6.415,0.960,VALID,(-0.341, 0.123, 0.932),(0.032, 0.000, 0.000),0.501,3.191,6.373,0.874,0.5909057,0
176133,1000001132818559700,63875741923712,(0.032, 1.438, -0.019),(0.057, -0.019, -0.003, 0.998),VALID,(-0.340, 0.123, 0.932),(0.000, 0.000, 0.000),64.325,VALID,(-0.256, 0.090, 0.962),(-0.032, 0.000, 0.000),0.463,2.969,6.415,0.959,VALID,(-0.341, 0.123, 0.932),(0.032, 0.000, 0.000),0.501,3.190,6.373,0.875,0.5933748,0
176134,1000001132823567400,63875741923712,(0.032, 1.438, -0.019),(0.057, -0.019, -0.003, 0.998),VALID,(-0.340, 0.123, 0.932),(0.000, 0.000, 0.000),64.325,VALID,(-0.256, 0.090, 0.962),(-0.032, 0.000, 0.000),0.463,2.967,6.415,0.959,VALID,(-0.340, 0.123, 0.932),(0.032, 0.000, 0.000),0.500,3.189,6.373,0.877,0.5946583,0
176135,1000001132828582000,63875741923723,(0.032, 1.438, -0.019),(0.057, -0.019, -0.003, 0.998),VALID,(-0.340, 0.123, 0.932),(0.000, 0.000, 0.000),64.325,VALID,(-0.256, 0.090, 0.962),(-0.032, 0.000, 0.000),0.462,2.965,6.415,0.959,VALID,(-0.340, 0.123, 0.932),(0.032, 0.000, 0.000),0.500,3.188,6.373,0.878,0.5963193,0.6247253
176136,1000001132833589700,63875741923723,(0.032, 1.438, -0.019),(0.057, -0.019, -0.003, 0.998),VALID,(-0.340, 0.123, 0.932),(0.000, 0.000, 0.000),64.325,VALID,(-0.257, 0.090, 0.962),(-0.032, 0.000, 0.000),0.462,2.964,6.415,0.959,VALID,(-0.340, 0.123, 0.932),(0.032, 0.000, 0.000),0.500,3.187,6.373,0.880,0.5975417,0.8601349
176137,1000001132838604300,63875741923734,(0.032, 1.438, -0.019),(0.057, -0.019, -0.003, 0.998),VALID,(-0.340, 0.123, 0.932),(0.000, 0.000, 0.000),64.325,VALID,(-0.257, 0.090, 0.962),(-0.032, 0.000, 0.000),0.462,2.963,6.415,0.959,VALID,(-0.340, 0.123, 0.932),(0.032, 0.000, 0.000),0.500,3.186,6.373,0.881,0.5984684,0.9918994
176138,1000001132843646300,63875741923734,(0.032, 1.438, -0.019),(0.057, -0.019, -0.003, 0.998),VALID,(-0.340, 0.123, 0.932),(0.000, 0.000, 0.000),64.325,VALID,(-0.257, 0.090, 0.962),(-0.032, 0.000, 0.000),0.462,2.962,6.415,0.959,VALID,(-0.340, 0.123, 0.932),(0.032, 0.000, 0.000),0.500,3.185,6.373,0.882,0.5990071,1
176139,1000001132848660900,63875741923734,(0.032, 1.438, -0.019),(0.057, -0.019, -0.003, 0.998),VALID,(-0.339, 0.123, 0.933),(0.000, 0.000, 0.000),64.325,VALID,(-0.257, 0.090, 0.962),(-0.032, 0.000, 0.000),0.462,2.961,6.415,0.959,VALID,(-0.339, 0.123, 0.933),(0.032, 0.000, 0.000),0.500,3.184,6.373,0.883,0.5993187,1
176140,1000001132853675500,63875741923745,(0.032, 1.438, -0.019),(0.057, -0.020, -0.003, 0.998),VALID,(-0.339, 0.123, 0.933),(0.000, 0.000, 0.000),64.325,VALID,(-0.257, 0.089, 0.962),(-0.032, 0.000, 0.000),0.461,2.959,6.415,0.959,VALID,(-0.339, 0.123, 0.933),(0.032, 0.000, 0.000),0.499,3.183,6.373,0.883,0.5993723,1
176141,1000001132858690100,63875741923745,(0.032, 1.438, -0.019),(0.057, -0.020, -0.003, 0.998),VALID,(-0.339, 0.123, 0.933),(0.000, 0.000, 0.000),64.325,VALID,(-0.257, 0.089, 0.962),(-0.032, 0.000, 0.000),0.461,2.959,6.415,0.959,VALID,(-0.339, 0.123, 0.933),(0.032, 0.000, 0.000),0.499,3.182,6.373,0.884,0.5995067,1
176142,1000001132863714300,63875741923756,(0.032, 1.438, -0.019),(0.057, -0.020, -0.003, 0.998),VALID,(-0.339, 0.124, 0.933),(0.000, 0.000, 0.000),64.325,VALID,(-0.257, 0.089, 0.962),(-0.032, 0.000, 0.000),0.461,2.958,6.415,0.959,VALID,(-0.339, 0.124, 0.933),(0.032, 0.000, 0.000),0.499,3.181,6.373,0.885,0.5997377,1
176143,1000001132868728900,63875741923756,(0.032, 1.438, -0.019),(0.057, -0.020, -0.003, 0.998),VALID,(-0.339, 0.124, 0.933),(0.000, 0.000, 0.000),64.325,VALID,(-0.258, 0.089, 0.962),(-0.032, 0.000, 0.000),0.461,2.957,6.415,0.959,VALID,(-0.339, 0.124, 0.933),(0.032, 0.000, 0.000),0.499,3.180,6.373,0.886,0.6001179,1
176144,1000001132873669400,63875741923767,(0.032, 1.438, -0.019),(0.057, -0.020, -0.003, 0.998),VALID,(-0.339, 0.124, 0.933),(0.000, 0.000, 0.000),64.325,VALID,(-0.258, 0.089, 0.962),(-0.032, 0.000, 0.000),0.461,2.957,6.415,0.959,VALID,(-0.339, 0.124, 0.933),(0.032, 0.000, 0.000),0.499,3.180,6.373,0.886,0.6003826,1
176145,1000001132878684000,63875741923767,(0.032, 1.438, -0.019),(0.057, -0.020, -0.003, 0.998),VALID,(-0.339, 0.124, 0.933),(0.000, 0.000, 0.000),64.325,VALID,(-0.258, 0.089, 0.962),(-0.032, 0.000, 0.000),0.461,2.957,6.415,0.959,VALID,(-0.339, 0.124, 0.933),(0.032, 0.000, 0.000),0.499,3.179,6.373,0.887,0.600605,1
176146,1000001132883708200,63875741923779,(0.033, 1.438, -0.019),(0.057, -0.020, -0.003, 0.998),VALID,(-0.339, 0.124, 0.933),(0.000, 0.000, 0.000),64.325,VALID,(-0.258, 0.089, 0.962),(-0.032, 0.000, 0.000),0.461,2.957,6.415,0.959,VALID,(-0.339, 0.124, 0.933),(0.032, 0.000, 0.000),0.499,3.178,6.373,0.888,0.6012896,1
176147,1000001132888720500,63875741923779,(0.033, 1.438, -0.019),(0.057, -0.020, -0.003, 0.998),VALID,(-0.339, 0.123, 0.933),(0.000, 0.000, 0.000),64.325,VALID,(-0.258, 0.089, 0.962),(-0.032, 0.000, 0.000),0.461,2.956,6.415,0.959,VALID,(-0.339, 0.123, 0.933),(0.032, 0.000, 0.000),0.498,3.177,6.373,0.888,0.6017678,1
176148,1000001132893747100,63875741923779,(0.033, 1.438, -0.019),(0.057, -0.020, -0.003, 0.998),VALID,(-0.339, 0.123, 0.933),(0.000, 0.000, 0.000),64.325,VALID,(-0.258, 0.089, 0.962),(-0.032, 0.000, 0.000),0.461,2.956,6.415,0.959,VALID,(-0.339, 0.123, 0.933),(0.032, 0.000, 0.000),0.498,3.176,6.373,0.888,0.6024161,1
176149,1000001132898766300,63875741923790,(0.033, 1.438, -0.019),(0.057, -0.020, -0.003, 0.998),VALID,(-0.339, 0.123, 0.933),(0.000, 0.000, 0.000),64.325,VALID,(-0.258, 0.089, 0.962),(-0.032, 0.000, 0.000),0.461,2.956,6.415,0.960,VALID,(-0.339, 0.123, 0.933),(0.032, 0.000, 0.000),0.498,3.175,6.373,0.889,0.6028433,1
176150,1000001132903783000,63875741923790,(0.033, 1.438, -0.019),(0.057, -0.020, -0.003, 0.998),VALID,(-0.339, 0.123, 0.933),(0.000, 0.000, 0.000),64.325,VALID,(-0.258, 0.089, 0.962),(-0.032, 0.000, 0.000),0.461,2.956,6.415,0.960,VALID,(-0.339, 0.123, 0.933),(0.032, 0.000, 0.000),0.498,3.174,6.373,0.889,0.6035534,1
176151,1000001132908827700,63875741923801,(0.033, 1.438, -0.019),(0.057, -0.020, -0.004, 0.998),VALID,(-0.339, 0.123, 0.933),(0.000, 0.000, 0.000),64.325,VALID,(-0.258, 0.089, 0.962),(-0.032, 0.000, 0.000),0.461,2.956,6.415,0.960,VALID,(-0.339, 0.123, 0.933),(0.032, 0.000, 0.000),0.498,3.174,6.373,0.890,0.6042866,1
176152,1000001132913844400,63875741923801,(0.033, 1.438, -0.019),(0.057, -0.020, -0.004, 0.998),VALID,(-0.339, 0.123, 0.933),(0.000, 0.000, 0.000),64.325,VALID,(-0.258, 0.089, 0.962),(-0.032, 0.000, 0.000),0.461,2.956,6.415,0.960,VALID,(-0.339, 0.123, 0.933),(0.032, 0.000, 0.000),0.498,3.173,6.373,0.890,0.6050317,1
176153,1000001132918806000,63875741923812,(0.033, 1.438, -0.019),(0.057, -0.020, -0.004, 0.998),VALID,(-0.339, 0.123, 0.933),(0.000, 0.000, 0.000),64.325,VALID,(-0.258, 0.089, 0.962),(-0.032, 0.000, 0.000),0.461,2.956,6.415,0.960,VALID,(-0.339, 0.123, 0.933),(0.032, 0.000, 0.000),0.498,3.172,6.373,0.890,0.6055689,1
176154,1000001132923846900,63875741923812,(0.033, 1.438, -0.019),(0.057, -0.020, -0.004, 0.998),VALID,(-0.339, 0.123, 0.933),(0.000, 0.000, 0.000),64.325,VALID,(-0.258, 0.089, 0.962),(-0.032, 0.000, 0.000),0.461,2.956,6.415,0.960,VALID,(-0.339, 0.123, 0.933),(0.032, 0.000, 0.000),0.498,3.172,6.373,0.891,0.6059775,1
176155,1000001132928880100,63875741923823,(0.033, 1.438, -0.019),(0.057, -0.021, -0.004, 0.998),VALID,(-0.342, 0.120, 0.932),(0.000, 0.000, 0.000),64.325,VALID,(-0.258, 0.089, 0.962),(-0.032, 0.000, 0.000),0.461,2.956,6.415,0.960,VALID,(-0.342, 0.120, 0.932),(0.032, 0.000, 0.000),0.497,3.169,6.373,0.892,0.6070373,0.5803905
176156,1000001132933869800,63875741923823,(0.033, 1.438, -0.019),(0.057, -0.021, -0.004, 0.998),VALID,(-0.342, 0.120, 0.932),(0.000, 0.000, 0.000),64.325,VALID,(-0.258, 0.089, 0.962),(-0.032, 0.000, 0.000),0.461,2.956,6.415,0.960,VALID,(-0.342, 0.120, 0.932),(0.032, 0.000, 0.000),0.497,3.167,6.373,0.892,0.6080277,0.002246634
176157,1000001132938864700,63875741923834,(0.033, 1.438, -0.019),(0.057, -0.021, -0.004, 0.998),VALID,(-0.344, 0.116, 0.932),(0.000, 0.000, 0.000),64.325,VALID,(-0.258, 0.089, 0.962),(-0.032, 0.000, 0.000),0.461,2.956,6.415,0.960,VALID,(-0.344, 0.116, 0.932),(0.032, 0.000, 0.000),0.496,3.162,6.373,0.892,0.6085697,0
176158,1000001132943853600,63875741923834,(0.033, 1.438, -0.019),(0.057, -0.021, -0.004, 0.998),VALID,(-0.347, 0.113, 0.931),(0.000, 0.000, 0.000),64.325,VALID,(-0.258, 0.089, 0.962),(-0.032, 0.000, 0.000),0.461,2.957,6.415,0.960,VALID,(-0.347, 0.113, 0.931),(0.032, 0.000, 0.000),0.495,3.156,6.373,0.892,0.6072155,0
176159,1000001132948855400,63875741923834,(0.033, 1.438, -0.019),(0.057, -0.021, -0.004, 0.998),VALID,(-0.349, 0.109, 0.931),(0.000, 0.000, 0.000),64.325,VALID,(-0.258, 0.089, 0.962),(-0.032, 0.000, 0.000),0.461,2.958,6.415,0.960,VALID,(-0.349, 0.109, 0.931),(0.032, 0.000, 0.000),0.494,3.149,6.373,0.893,0.6043033,0
176160,1000001132953867400,63875741923845,(0.033, 1.438, -0.019),(0.057, -0.021, -0.004, 0.998),VALID,(-0.351, 0.106, 0.930),(0.000, 0.000, 0.000),64.325,VALID,(-0.258, 0.089, 0.962),(-0.032, 0.000, 0.000),0.461,2.959,6.415,0.961,VALID,(-0.351, 0.106, 0.930),(0.032, 0.000, 0.000),0.494,3.146,6.373,0.893,0.5994568,0
176161,1000001132959147800,63875741923845,(0.033, 1.438, -0.019),(0.057, -0.021, -0.004, 0.998),VALID,(-0.353, 0.103, 0.930),(0.000, 0.000, 0.000),64.325,VALID,(-0.258, 0.089, 0.962),(-0.032, 0.000, 0.000),0.461,2.960,6.415,0.961,VALID,(-0.353, 0.103, 0.930),(0.032, 0.000, 0.000),0.493,3.142,6.373,0.893,0.5942718,0
176162,1000001132964159800,63875741923856,(0.033, 1.438, -0.019),(0.057, -0.021, -0.004, 0.998),VALID,(-0.351, 0.106, 0.930),(0.000, 0.000, 0.000),64.325,VALID,(-0.258, 0.089, 0.962),(-0.032, 0.000, 0.000),0.461,2.960,6.415,0.961,VALID,(-0.351, 0.106, 0.930),(0.032, 0.000, 0.000),0.493,3.142,6.373,0.894,0.6002819,0
176163,1000001132969166000,63875741923856,(0.033, 1.438, -0.019),(0.057, -0.021, -0.004, 0.998),VALID,(-0.353, 0.103, 0.930),(0.000, 0.000, 0.000),64.325,VALID,(-0.258, 0.089, 0.962),(-0.032, 0.000, 0.000),0.462,2.962,6.415,0.961,VALID,(-0.353, 0.103, 0.930),(0.032, 0.000, 0.000),0.493,3.142,6.373,0.894,0.595997,0
176164,1000001132973900500,63875741923868,(0.033, 1.438, -0.019),(0.057, -0.021, -0.004, 0.998),VALID,(-0.354, 0.101, 0.930),(0.000, 0.000, 0.000),64.325,VALID,(-0.258, 0.089, 0.962),(-0.032, 0.000, 0.000),0.462,2.965,6.415,0.961,VALID,(-0.354, 0.101, 0.930),(0.032, 0.000, 0.000),0.493,3.141,6.373,0.894,0.5915464,0
176165,1000001132978906700,63875741923868,(0.033, 1.438, -0.019),(0.057, -0.021, -0.004, 0.998),VALID,(-0.355, 0.099, 0.929),(0.000, 0.000, 0.000),64.325,VALID,(-0.258, 0.089, 0.962),(-0.032, 0.000, 0.000),0.462,2.967,6.415,0.961,VALID,(-0.355, 0.099, 0.929),(0.032, 0.000, 0.000),0.493,3.141,6.373,0.894,0.5872199,0
176166,1000001132983940700,63875741923879,(0.033, 1.438, -0.019),(0.057, -0.021, -0.004, 0.998),VALID,(-0.356, 0.098, 0.929),(0.000, 0.000, 0.000),64.325,VALID,(-0.258, 0.089, 0.962),(-0.032, 0.000, 0.000),0.463,2.968,6.415,0.961,VALID,(-0.356, 0.098, 0.929),(0.032, 0.000, 0.000),0.493,3.141,6.373,0.894,0.5836898,0
176167,1000001132988960500,63875741923879,(0.033, 1.438, -0.019),(0.057, -0.021, -0.004, 0.998),VALID,(-0.357, 0.097, 0.929),(0.000, 0.000, 0.000),64.325,VALID,(-0.258, 0.089, 0.962),(-0.032, 0.000, 0.000),0.463,2.970,6.415,0.961,VALID,(-0.357, 0.097, 0.929),(0.032, 0.000, 0.000),0.493,3.141,6.373,0.893,0.5806236,0
176168,1000001132993991300,63875741923890,(0.033, 1.438, -0.019),(0.057, -0.021, -0.004, 0.998),VALID,(-0.358, 0.096, 0.929),(0.000, 0.000, 0.000),64.325,VALID,(-0.258, 0.090, 0.962),(-0.032, 0.000, 0.000),0.463,2.972,6.415,0.962,VALID,(-0.358, 0.096, 0.929),(0.032, 0.000, 0.000),0.493,3.140,6.373,0.894,0.5778492,0
176169,1000001132999003300,63875741923890,(0.033, 1.438, -0.019),(0.057, -0.021, -0.004, 0.998),VALID,(-0.358, 0.095, 0.929),(0.000, 0.000, 0.000),64.325,VALID,(-0.258, 0.090, 0.962),(-0.032, 0.000, 0.000),0.464,2.976,6.415,0.962,VALID,(-0.358, 0.095, 0.929),(0.032, 0.000, 0.000),0.493,3.140,6.373,0.893,0.5759276,0
176170,1000001133003986400,63875741923890,(0.033, 1.438, -0.019),(0.057, -0.021, -0.004, 0.998),VALID,(-0.356, 0.098, 0.929),(0.000, 0.000, 0.000),64.325,VALID,(-0.258, 0.090, 0.962),(-0.032, 0.000, 0.000),0.465,2.980,6.415,0.964,VALID,(-0.356, 0.098, 0.929),(0.032, 0.000, 0.000),0.493,3.141,6.373,0.894,0.586163,0
176171,1000001133008998400,63875741923901,(0.033, 1.438, -0.019),(0.057, -0.021, -0.004, 0.998),VALID,(-0.356, 0.097, 0.929),(0.000, 0.000, 0.000),64.325,VALID,(-0.258, 0.090, 0.962),(-0.032, 0.000, 0.000),0.465,2.985,6.415,0.967,VALID,(-0.356, 0.097, 0.929),(0.032, 0.000, 0.000),0.493,3.143,6.373,0.894,0.5841312,0
176172,1000001133014010400,63875741923901,(0.033, 1.438, -0.019),(0.057, -0.021, -0.004, 0.998),VALID,(-0.357, 0.096, 0.929),(0.000, 0.000, 0.000),64.325,VALID,(-0.258, 0.090, 0.962),(-0.032, 0.000, 0.000),0.466,2.992,6.415,0.969,VALID,(-0.357, 0.096, 0.929),(0.032, 0.000, 0.000),0.493,3.145,6.373,0.893,0.5825842,0
176173,1000001133019053700,63875741923912,(0.033, 1.438, -0.019),(0.058, -0.020, -0.004, 0.998),VALID,(-0.357, 0.095, 0.929),(0.000, 0.000, 0.000),64.325,VALID,(-0.258, 0.091, 0.962),(-0.032, 0.000, 0.000),0.467,2.995,6.415,0.972,VALID,(-0.357, 0.095, 0.929),(0.032, 0.000, 0.000),0.494,3.146,6.373,0.891,0.5810669,0
176174,1000001133024059900,63875741923912,(0.033, 1.438, -0.019),(0.058, -0.020, -0.004, 0.998),VALID,(-0.357, 0.095, 0.929),(0.000, 0.000, 0.000),64.325,VALID,(-0.258, 0.091, 0.962),(-0.032, 0.000, 0.000),0.467,2.998,6.415,0.975,VALID,(-0.357, 0.095, 0.929),(0.032, 0.000, 0.000),0.494,3.147,6.373,0.891,0.5799015,0
176175,1000001133029037700,63875741923923,(0.033, 1.438, -0.019),(0.058, -0.020, -0.004, 0.998),VALID,(-0.356, 0.097, 0.930),(0.000, 0.000, 0.000),64.325,VALID,(-0.258, 0.091, 0.962),(-0.032, 0.000, 0.000),0.468,3.002,6.415,0.977,VALID,(-0.356, 0.097, 0.930),(0.032, 0.000, 0.000),0.494,3.149,6.373,0.891,0.5872311,0
176176,1000001133034066300,63875741923923,(0.033, 1.438, -0.019),(0.058, -0.020, -0.004, 0.998),VALID,(-0.356, 0.096, 0.929),(0.000, 0.000, 0.000),64.325,VALID,(-0.258, 0.091, 0.962),(-0.032, 0.000, 0.000),0.469,3.006,6.415,0.979,VALID,(-0.356, 0.096, 0.929),(0.032, 0.000, 0.000),0.494,3.151,6.373,0.890,0.5862846,0
176177,1000001133039085300,63875741923934,(0.033, 1.438, -0.019),(0.058, -0.020, -0.004, 0.998),VALID,(-0.356, 0.096, 0.929),(0.000, 0.000, 0.000),64.325,VALID,(-0.258, 0.091, 0.962),(-0.032, 0.000, 0.000),0.469,3.008,6.415,0.981,VALID,(-0.356, 0.096, 0.929),(0.032, 0.000, 0.000),0.495,3.153,6.373,0.889,0.5854765,0
176178,1000001133044097300,63875741923934,(0.033, 1.438, -0.019),(0.058, -0.020, -0.004, 0.998),VALID,(-0.356, 0.095, 0.929),(0.000, 0.000, 0.000),64.325,VALID,(-0.258, 0.091, 0.962),(-0.032, 0.000, 0.000),0.469,3.010,6.415,0.983,VALID,(-0.356, 0.095, 0.929),(0.032, 0.000, 0.000),0.495,3.156,6.373,0.889,0.5847646,0
176179,1000001133049109300,63875741923934,(0.033, 1.438, -0.019),(0.058, -0.020, -0.004, 0.998),VALID,(-0.357, 0.095, 0.929),(0.000, 0.000, 0.000),64.325,VALID,(-0.258, 0.091, 0.962),(-0.032, 0.000, 0.000),0.470,3.013,6.415,0.984,VALID,(-0.357, 0.095, 0.929),(0.032, 0.000, 0.000),0.496,3.158,6.373,0.888,0.5841127,0
176180,1000001133054121300,63875741923945,(0.033, 1.438, -0.019),(0.058, -0.020, -0.004, 0.998),VALID,(-0.356, 0.096, 0.930),(0.000, 0.000, 0.000),64.325,VALID,(-0.258, 0.091, 0.962),(-0.032, 0.000, 0.000),0.470,3.018,6.415,0.986,VALID,(-0.356, 0.096, 0.930),(0.032, 0.000, 0.000),0.496,3.162,6.373,0.886,0.5883213,0
176181,1000001133059134500,63875741923945,(0.033, 1.438, -0.019),(0.058, -0.020, -0.004, 0.998),VALID,(-0.356, 0.096, 0.930),(0.000, 0.000, 0.000),64.325,VALID,(-0.258, 0.091, 0.962),(-0.032, 0.000, 0.000),0.471,3.021,6.415,0.987,VALID,(-0.356, 0.096, 0.930),(0.032, 0.000, 0.000),0.497,3.166,6.373,0.885,0.5880428,0
176182,1000001133064156600,63875741923956,(0.033, 1.438, -0.019),(0.058, -0.020, -0.004, 0.998),VALID,(-0.356, 0.095, 0.930),(0.000, 0.000, 0.000),64.325,VALID,(-0.258, 0.091, 0.962),(-0.032, 0.000, 0.000),0.471,3.024,6.415,0.988,VALID,(-0.356, 0.095, 0.930),(0.032, 0.000, 0.000),0.497,3.170,6.373,0.885,0.5878653,0
176183,1000001133069172400,63875741923956,(0.033, 1.438, -0.019),(0.058, -0.020, -0.004, 0.998),VALID,(-0.356, 0.095, 0.930),(0.000, 0.000, 0.000),64.325,VALID,(-0.258, 0.091, 0.962),(-0.032, 0.000, 0.000),0.472,3.025,6.415,0.989,VALID,(-0.356, 0.095, 0.930),(0.032, 0.000, 0.000),0.498,3.175,6.373,0.882,0.5875789,0
176184,1000001133074178600,63875741923968,(0.033, 1.438, -0.019),(0.058, -0.020, -0.004, 0.998),VALID,(-0.356, 0.094, 0.930),(0.000, 0.000, 0.000),64.325,VALID,(-0.258, 0.091, 0.962),(-0.032, 0.000, 0.000),0.472,3.028,6.415,0.990,VALID,(-0.356, 0.094, 0.930),(0.032, 0.000, 0.000),0.499,3.179,6.373,0.880,0.5873966,0
176185,1000001133079176900,63875741923968,(0.033, 1.438, -0.019),(0.058, -0.020, -0.004, 0.998),VALID,(-0.355, 0.096, 0.930),(0.000, 0.000, 0.000),64.325,VALID,(-0.258, 0.091, 0.962),(-0.032, 0.000, 0.000),0.473,3.035,6.415,0.990,VALID,(-0.355, 0.096, 0.930),(0.032, 0.000, 0.000),0.499,3.183,6.373,0.878,0.5928305,0
176186,1000001133084192700,63875741923979,(0.033, 1.438, -0.019),(0.058, -0.020, -0.004, 0.998),VALID,(-0.354, 0.096, 0.930),(0.000, 0.000, 0.000),64.325,VALID,(-0.258, 0.092, 0.962),(-0.032, 0.000, 0.000),0.474,3.041,6.415,0.991,VALID,(-0.354, 0.096, 0.930),(0.032, 0.000, 0.000),0.501,3.190,6.373,0.875,0.6013054,0
176187,1000001133089205900,63875741923979,(0.033, 1.438, -0.019),(0.058, -0.020, -0.004, 0.998),VALID,(-0.352, 0.097, 0.931),(0.000, 0.000, 0.000),64.325,VALID,(-0.258, 0.092, 0.962),(-0.032, 0.000, 0.000),0.475,3.050,6.415,0.991,VALID,(-0.352, 0.097, 0.931),(0.032, 0.000, 0.000),0.502,3.201,6.373,0.871,0.6106273,0
176188,1000001133094252200,63875741923990,(0.033, 1.438, -0.019),(0.058, -0.020, -0.004, 0.998),VALID,(-0.351, 0.099, 0.931),(0.000, 0.000, 0.000),64.325,VALID,(-0.258, 0.093, 0.962),(-0.032, 0.000, 0.000),0.478,3.067,6.415,0.991,VALID,(-0.351, 0.099, 0.931),(0.032, 0.000, 0.000),0.505,3.216,6.373,0.866,0.6174227,0
176189,1000001133099265400,63875741923990,(0.033, 1.438, -0.019),(0.058, -0.020, -0.004, 0.998),VALID,(-0.350, 0.101, 0.931),(0.000, 0.000, 0.000),64.325,VALID,(-0.258, 0.095, 0.962),(-0.032, 0.000, 0.000),0.487,3.127,6.415,0.990,VALID,(-0.350, 0.101, 0.931),(0.032, 0.000, 0.000),0.508,3.237,6.373,0.856,0.6237237,0
176190,1000001133104277200,63875741923990,(0.033, 1.438, -0.019),(0.058, -0.020, -0.004, 0.998),VALID,(-0.342, 0.105, 0.934),(0.000, 0.000, 0.000),64.325,VALID,(-0.251, 0.100, 0.963),(-0.032, 0.000, 0.000),0.504,3.235,6.415,0.986,VALID,(-0.343, 0.105, 0.934),(0.032, 0.000, 0.000),0.516,3.286,6.373,0.843,0.6315888,0
176191,1000001133109267900,63875741924001,(0.033, 1.438, -0.019),(0.058, -0.020, -0.004, 0.998),VALID,(-0.325, 0.110, 0.939),(0.000, 0.000, 0.000),64.325,VALID,(-0.247, 0.101, 0.964),(-0.032, 0.000, 0.000),0.504,3.236,6.415,0.983,VALID,(-0.326, 0.110, 0.939),(0.032, 0.000, 0.000),0.524,3.342,6.373,0.823,0.7274405,0
176192,1000001133114252800,63875741924001,(0.033, 1.438, -0.019),(0.058, -0.020, -0.004, 0.998),VALID,(-0.289, 0.118, 0.950),(0.000, 0.000, 0.000),64.325,VALID,(-0.231, 0.099, 0.968),(-0.032, 0.000, 0.000),0.482,3.093,6.415,0.973,VALID,(-0.290, 0.118, 0.950),(0.032, 0.000, 0.000),0.528,3.363,6.373,0.793,0.901667,0
176193,1000001133119257100,63875741924013,(0.033, 1.438, -0.019),(0.058, -0.020, -0.004, 0.998),VALID,(-0.229, 0.122, 0.966),(0.000, 0.000, 0.000),64.325,VALID,(-0.204, 0.097, 0.974),(-0.032, 0.000, 0.000),0.455,2.919,6.415,0.949,VALID,(-0.230, 0.122, 0.966),(0.032, 0.000, 0.000),0.513,3.272,6.373,0.758,2,0
176194,1000001133124345200,63875741924013,(0.033, 1.438, -0.019),(0.058, -0.020, -0.004, 0.998),VALID,(-0.173, 0.116, 0.978),(0.000, 0.000, 0.000),64.325,VALID,(-0.162, 0.084, 0.983),(-0.032, 0.000, 0.000),0.438,2.812,6.415,0.911,VALID,(-0.182, 0.119, 0.976),(0.032, 0.000, 0.000),0.502,3.197,6.373,0.714,2,0
176195,1000001133129333000,63875741924023,(0.033, 1.438, -0.019),(0.058, -0.020, -0.004, 0.998),VALID,(-0.179, 0.114, 0.977),(0.000, 0.000, 0.000),64.325,VALID,(-0.170, 0.083, 0.982),(-0.032, 0.000, 0.000),0.426,2.733,6.415,0.868,VALID,(-0.137, 0.116, 0.984),(0.032, 0.000, 0.000),0.463,2.952,6.373,0.648,2,0
176196,1000001133134332100,63875741924024,(0.033, 1.438, -0.019),(0.058, -0.020, -0.004, 0.998),VALID,(-0.179, 0.110, 0.978),(0.000, 0.000, 0.000),64.325,VALID,(-0.173, 0.079, 0.982),(-0.032, 0.000, 0.000),0.424,2.723,6.415,0.827,INVALID,,,,,,0.601,2,0
176197,1000001133139333000,63875741924100,(0.033, 1.438, -0.019),(0.059, -0.020, -0.003, 0.998),INVALID,,,,INVALID,,,,,,,INVALID,,,,,,,,
176198,1000001133144333000,63875741924100,(0.033, 1.438, -0.019),(0.059, -0.020, -0.003, 0.998),INVALID,,,,INVALID,,,,,,,INVALID,,,,,,,,
176199,1000001133149366600,63875741924100,(0.033, 1.438, -0.019),(0.059, -0.020, -0.003, 0.998),INVALID,,,,INVALID,,,,,,,INVALID,,,,,,,,
176200,1000001133154366600,63875741924100,(0.033, 1.438, -0.019),(0.059, -0.020, -0.003, 0.998),INVALID,,,,INVALID,,,,,,,INVALID,,,,,,,,
176201,1000001133159372200,63875741924100,(0.033, 1.438, -0.019),(0.059, -0.020, -0.003, 0.998),INVALID,,,,INVALID,,,,,,,INVALID,,,,,,,,
176202,1000001133164370200,63875741924100,(0.033, 1.438, -0.019),(0.059, -0.020, -0.003, 0.998),INVALID,,,,INVALID,,,,,,,INVALID,,,,,,,,
176203,1000001133169392600,63875741924100,(0.033, 1.438, -0.019),(0.059, -0.020, -0.003, 0.998),INVALID,,,,INVALID,,,,,,,INVALID,,,,,,,,
176204,1000001133174406700,63875741924100,(0.033, 1.438, -0.019),(0.059, -0.020, -0.003, 0.998),INVALID,,,,INVALID,,,,,,,INVALID,,,,,,,,
176205,1000001133179404700,63875741924100,(0.033, 1.438, -0.019),(0.059, -0.020, -0.003, 0.998),INVALID,,,,INVALID,,,,,,,INVALID,,,,,,,,
176206,1000001133184404300,63875741924100,(0.033, 1.438, -0.019),(0.059, -0.020, -0.003, 0.998),INVALID,,,,INVALID,,,,,,,INVALID,,,,,,,,
176207,1000001133189401900,63875741924100,(0.033, 1.438, -0.019),(0.059, -0.020, -0.003, 0.998),INVALID,,,,INVALID,,,,,,,INVALID,,,,,,,,
176208,1000001133194465400,63875741924100,(0.033, 1.438, -0.019),(0.059, -0.020, -0.003, 0.998),INVALID,,,,INVALID,,,,,,,INVALID,,,,,,,,
176209,1000001133199463000,63875741924100,(0.033, 1.438, -0.019),(0.059, -0.020, -0.003, 0.998),INVALID,,,,INVALID,,,,,,,INVALID,,,,,,,,
176210,1000001133204527500,63875741924101,(0.033, 1.438, -0.019),(0.059, -0.020, -0.003, 0.998),INVALID,,,,INVALID,,,,,,,INVALID,,,,,,,,
176211,1000001133209521300,63875741924101,(0.033, 1.438, -0.019),(0.059, -0.020, -0.003, 0.998),VALID,(-0.195, -0.157, 0.968),(0.000, 0.000, 0.000),64.325,INVALID,,,,,,,VALID,(-0.494, -0.386, 0.779),(0.032, 0.000, 0.000),0.416,2.654,6.373,,2,0
176212,1000001133214519300,63875741924101,(0.033, 1.438, -0.019),(0.059, -0.020, -0.003, 0.998),VALID,(-0.300, -0.316, 0.900),(0.000, 0.000, 0.000),64.325,INVALID,,,,,,,VALID,(-0.470, -0.401, 0.787),(0.032, 0.000, 0.000),0.436,2.780,6.373,,2,0
176213,1000001133219548200,63875741924112,(0.033, 1.438, -0.019),(0.059, -0.021, -0.003, 0.998),VALID,(-0.262, -0.383, 0.886),(0.000, 0.000, 0.000),64.325,INVALID,,,,,,,VALID,(-0.131, -0.136, 0.982),(0.032, 0.000, 0.000),0.357,2.276,6.373,,2,0
176214,1000001133224546200,63875741924112,(0.033, 1.438, -0.019),(0.059, -0.021, -0.003, 0.998),VALID,(-0.245, -0.415, 0.876),(0.000, 0.000, 0.000),64.325,INVALID,,,,,,,VALID,(-0.114, -0.312, 0.943),(0.032, 0.000, 0.000),0.356,2.270,6.373,,2,0
176215,1000001133229544200,63875741924123,(0.033, 1.438, -0.019),(0.059, -0.021, -0.003, 0.998),VALID,(-0.228, -0.393, 0.891),(0.000, 0.000, 0.000),64.325,INVALID,,,,,,,VALID,(-0.124, -0.347, 0.930),(0.032, 0.000, 0.000),0.358,2.282,6.373,,2,0
176216,1000001133234544200,63875741924123,(0.033, 1.438, -0.019),(0.059, -0.021, -0.003, 0.998),VALID,(-0.205, -0.318, 0.926),(0.000, 0.000, 0.000),64.325,INVALID,,,,,,,VALID,(-0.126, -0.286, 0.950),(0.032, 0.000, 0.000),0.459,2.926,6.373,,2,0
176217,1000001133239604400,63875741924134,(0.033, 1.438, -0.019),(0.059, -0.021, -0.003, 0.998),VALID,(-0.183, -0.282, 0.942),(0.000, 0.000, 0.000),64.325,INVALID,,,,,,,VALID,(-0.128, -0.256, 0.958),(0.032, 0.000, 0.000),0.464,2.955,6.373,,2,0
176218,1000001133244604400,63875741924134,(0.033, 1.438, -0.019),(0.059, -0.021, -0.003, 0.998),VALID,(-0.167, -0.266, 0.949),(0.000, 0.000, 0.000),64.325,INVALID,,,,,,,VALID,(-0.130, -0.247, 0.960),(0.032, 0.000, 0.000),0.462,2.946,6.373,,2,0
176219,1000001133249618500,63875741924145,(0.033, 1.438, -0.019),(0.059, -0.021, -0.003, 0.998),VALID,(-0.156, -0.258, 0.953),(0.000, 0.000, 0.000),64.325,INVALID,,,,,,,VALID,(-0.131, -0.243, 0.961),(0.032, 0.000, 0.000),0.459,2.928,6.373,,2,0
176220,1000001133254632600,63875741924145,(0.033, 1.438, -0.019),(0.059, -0.021, -0.003, 0.998),VALID,(-0.148, -0.253, 0.956),(0.000, 0.000, 0.000),64.325,INVALID,,,,,,,VALID,(-0.131, -0.240, 0.962),(0.032, 0.000, 0.000),0.456,2.908,6.373,,2,0
176221,1000001133259654200,63875741924145,(0.033, 1.438, -0.019),(0.059, -0.021, -0.003, 0.998),VALID,(-0.138, -0.251, 0.958),(0.000, 0.000, 0.000),64.325,INVALID,,,,,,,VALID,(-0.128, -0.241, 0.962),(0.032, 0.000, 0.000),0.454,2.892,6.373,,2,0
176222,1000001133264668300,63875741924156,(0.033, 1.438, -0.019),(0.059, -0.021, -0.003, 0.998),VALID,(-0.134, -0.248, 0.960),(0.000, 0.000, 0.000),64.325,INVALID,,,,,,,VALID,(-0.127, -0.239, 0.963),(0.032, 0.000, 0.000),0.452,2.879,6.373,,2,0
176223,1000001133269650200,63875741924156,(0.033, 1.438, -0.019),(0.059, -0.021, -0.003, 0.998),VALID,(-0.130, -0.246, 0.960),(0.000, 0.000, 0.000),64.325,INVALID,,,,,,,VALID,(-0.126, -0.239, 0.963),(0.032, 0.000, 0.000),0.447,2.849,6.373,,2,0
176224,1000001133274664300,63875741924167,(0.033, 1.438, -0.020),(0.059, -0.021, -0.003, 0.998),VALID,(-0.125, -0.244, 0.962),(0.000, 0.000, 0.000),64.325,INVALID,,,,,,,VALID,(-0.123, -0.238, 0.964),(0.032, 0.000, 0.000),0.446,2.844,6.373,,2,0
176225,1000001133279686800,63875741924167,(0.033, 1.438, -0.020),(0.059, -0.021, -0.003, 0.998),VALID,(-0.121, -0.242, 0.963),(0.000, 0.000, 0.000),64.325,INVALID,,,,,,,VALID,(-0.120, -0.236, 0.964),(0.032, 0.000, 0.000),0.446,2.844,6.373,,2,0
176226,1000001133284700900,63875741924178,(0.033, 1.439, -0.020),(0.059, -0.021, -0.003, 0.998),VALID,(-0.117, -0.241, 0.964),(0.000, 0.000, 0.000),64.325,INVALID,,,,,,,VALID,(-0.117, -0.234, 0.965),(0.032, 0.000, 0.000),0.447,2.850,6.373,,2,0
176227,1000001133289722400,63875741924178,(0.033, 1.439, -0.020),(0.059, -0.021, -0.003, 0.998),VALID,(-0.105, -0.238, 0.966),(0.000, 0.000, 0.000),64.325,INVALID,,,,,,,VALID,(-0.106, -0.226, 0.968),(0.032, 0.000, 0.000),0.465,2.966,6.373,,2,0
176228,1000001133294744000,63875741924190,(0.033, 1.439, -0.020),(0.059, -0.021, -0.003, 0.998),VALID,(-0.092, -0.235, 0.968),(0.000, 0.000, 0.000),64.325,INVALID,,,,,,,VALID,(-0.094, -0.221, 0.971),(0.032, 0.000, 0.000),0.477,3.037,6.373,,2,0
176229,1000001133299765500,63875741924190,(0.033, 1.439, -0.020),(0.059, -0.021, -0.003, 0.998),VALID,(-0.083, -0.228, 0.970),(0.000, 0.000, 0.000),64.325,INVALID,,,,,,,VALID,(-0.085, -0.217, 0.972),(0.032, 0.000, 0.000),0.480,3.057,6.373,,2,0
176230,1000001133304787100,63875741924190,(0.033, 1.439, -0.020),(0.059, -0.021, -0.003, 0.998),VALID,(-0.076, -0.219, 0.973),(0.000, 0.000, 0.000),64.325,INVALID,,,,,,,VALID,(-0.078, -0.215, 0.973),(0.032, 0.000, 0.000),0.483,3.077,6.373,,2,0
176231,1000001133309808600,63875741924200,(0.033, 1.439, -0.020),(0.059, -0.021, -0.003, 0.998),VALID,(-0.071, -0.209, 0.975),(0.000, 0.000, 0.000),64.325,INVALID,,,,,,,VALID,(-0.073, -0.212, 0.975),(0.032, 0.000, 0.000),0.485,3.093,6.373,,2,0
176232,1000001133314775700,63875741924200,(0.033, 1.439, -0.020),(0.059, -0.021, -0.003, 0.998),VALID,(-0.065, -0.196, 0.979),(0.000, 0.000, 0.000),64.325,INVALID,,,,,,,VALID,(-0.066, -0.204, 0.977),(0.032, 0.000, 0.000),0.495,3.152,6.373,,2,0
176233,1000001133319797200,63875741924212,(0.033, 1.439, -0.020),(0.059, -0.021, -0.003, 0.998),VALID,(-0.057, -0.179, 0.982),(0.000, 0.000, 0.000),64.325,INVALID,,,,,,,VALID,(-0.058, -0.191, 0.980),(0.032, 0.000, 0.000),0.506,3.226,6.373,,2,0
176234,1000001133324823000,63875741924212,(0.033, 1.439, -0.020),(0.059, -0.021, -0.003, 0.998),VALID,(-0.051, -0.162, 0.985),(0.000, 0.000, 0.000),64.325,INVALID,,,,,,,VALID,(-0.052, -0.175, 0.983),(0.032, 0.000, 0.000),0.510,3.253,6.373,,2,0
176235,1000001133329844500,63875741924223,(0.033, 1.439, -0.020),(0.059, -0.021, -0.003, 0.998),VALID,(-0.046, -0.149, 0.988),(0.000, 0.000, 0.000),64.325,INVALID,,,,,,,VALID,(-0.047, -0.160, 0.986),(0.032, 0.000, 0.000),0.512,3.266,6.373,,2,0
176236,1000001133334866000,63875741924223,(0.033, 1.439, -0.020),(0.059, -0.021, -0.003, 0.998),VALID,(-0.043, -0.139, 0.989),(0.000, 0.000, 0.000),64.325,INVALID,,,,,,,VALID,(-0.044, -0.148, 0.988),(0.032, 0.000, 0.000),0.514,3.273,6.373,,2,0
176237,1000001133339887500,63875741924235,(0.033, 1.439, -0.020),(0.059, -0.021, -0.003, 0.998),VALID,(-0.041, -0.131, 0.990),(0.000, 0.000, 0.000),64.325,INVALID,,,,,,,VALID,(-0.042, -0.139, 0.989),(0.032, 0.000, 0.000),0.515,3.279,6.373,,2,0
176238,1000001133344905800,63875741924235,(0.033, 1.439, -0.020),(0.059, -0.021, -0.003, 0.998),VALID,(-0.039, -0.119, 0.992),(0.000, 0.000, 0.000),64.325,INVALID,,,,,,,VALID,(-0.040, -0.125, 0.991),(0.032, 0.000, 0.000),0.519,3.306,6.373,,2,0
176239,1000001133349927300,63875741924245,(0.033, 1.439, -0.020),(0.059, -0.021, -0.003, 0.998),VALID,(-0.036, -0.103, 0.994),(0.000, 0.000, 0.000),64.325,INVALID,,,,,,,VALID,(-0.036, -0.108, 0.994),(0.032, 0.000, 0.000),0.528,3.363,6.373,,2,0
176240,1000001133354948800,63875741924245,(0.033, 1.439, -0.020),(0.059, -0.021, -0.003, 0.998),VALID,(-0.033, -0.084, 0.996),(0.000, 0.000, 0.000),64.325,INVALID,,,,,,,VALID,(-0.033, -0.087, 0.996),(0.032, 0.000, 0.000),0.537,3.421,6.373,,2,0
176241,1000001133359970300,63875741924245,(0.033, 1.439, -0.020),(0.059, -0.021, -0.003, 0.998),VALID,(0.000, -0.088, 0.996),(0.000, 0.000, 0.000),64.325,VALID,(0.104, -0.095, 0.990),(-0.032, 0.000, 0.000),0.464,2.975,6.415,0.687,VALID,(-0.031, -0.090, 0.995),(0.032, 0.000, 0.000),0.540,3.442,6.373,0.654,0.475257,0
176242,1000001133364976000,63875741924256,(0.033, 1.439, -0.020),(0.058, -0.021, -0.003, 0.998),VALID,(0.023, -0.073, 0.997),(0.000, 0.000, 0.000),64.325,VALID,(0.114, -0.044, 0.992),(-0.032, 0.000, 0.000),0.467,2.996,6.415,0.692,VALID,(-0.017, -0.075, 0.997),(0.032, 0.000, 0.000),0.541,3.447,6.373,0.661,0.4622532,0
176243,1000001133369997500,63875741924256,(0.033, 1.439, -0.020),(0.058, -0.021, -0.003, 0.998),VALID,(0.038, -0.063, 0.997),(0.000, 0.000, 0.000),64.325,VALID,(-0.055, 0.050, 0.997),(-0.032, 0.000, 0.000),0.469,3.006,6.415,0.700,VALID,(-0.007, -0.064, 0.998),(0.032, 0.000, 0.000),0.541,3.448,6.373,0.668,2,0
176244,1000001133375003200,63875741924268,(0.033, 1.439, -0.020),(0.058, -0.021, -0.003, 0.998),VALID,(0.042, -0.054, 0.998),(0.000, 0.000, 0.000),64.325,VALID,(0.023, 0.025, 0.999),(-0.032, 0.000, 0.000),0.472,3.026,6.415,0.709,VALID,(0.000, -0.055, 0.998),(0.032, 0.000, 0.000),0.542,3.455,6.373,0.678,0.2144494,0
176245,1000001133379906500,63875741924268,(0.033, 1.439, -0.020),(0.058, -0.021, -0.003, 0.998),VALID,(0.044, -0.047, 0.998),(0.000, 0.000, 0.000),64.325,VALID,(0.064, 0.007, 0.998),(-0.032, 0.000, 0.000),0.475,3.046,6.415,0.716,VALID,(0.004, -0.048, 0.999),(0.032, 0.000, 0.000),0.543,3.463,6.373,0.683,0.5853477,0
176246,1000001133384927300,63875741924279,(0.033, 1.439, -0.020),(0.058, -0.021, -0.003, 0.998),VALID,(0.048, -0.049, 0.998),(0.000, 0.000, 0.000),64.325,VALID,(0.084, -0.013, 0.996),(-0.032, 0.000, 0.000),0.477,3.062,6.415,0.725,VALID,(0.005, -0.049, 0.999),(0.032, 0.000, 0.000),0.546,3.478,6.373,0.691,0.6708713,0
176247,1000001133389948100,63875741924279,(0.033, 1.439, -0.020),(0.058, -0.021, -0.003, 0.998),VALID,(0.049, -0.047, 0.998),(0.000, 0.000, 0.000),64.325,VALID,(0.087, -0.022, 0.996),(-0.032, 0.000, 0.000),0.481,3.086,6.415,0.732,VALID,(0.007, -0.047, 0.999),(0.032, 0.000, 0.000),0.547,3.485,6.373,0.703,0.7268949,0
176248,1000001133394964700,63875741924290,(0.033, 1.439, -0.020),(0.058, -0.021, -0.003, 0.998),VALID,(0.048, -0.030, 0.998),(0.000, 0.000, 0.000),64.325,VALID,(0.085, -0.014, 0.996),(-0.032, 0.000, 0.000),0.489,3.136,6.415,0.739,VALID,(0.009, -0.030, 1.000),(0.032, 0.000, 0.000),0.548,3.491,6.373,0.711,0.7986214,0
176249,1000001133399956000,63875741924290,(0.033, 1.439, -0.020),(0.058, -0.021, -0.003, 0.998),VALID,(0.046, -0.023, 0.999),(0.000, 0.000, 0.000),64.325,VALID,(0.083, -0.012, 0.996),(-0.032, 0.000, 0.000),0.520,3.339,6.415,0.751,VALID,(0.010, -0.023, 1.000),(0.032, 0.000, 0.000),0.549,3.496,6.373,0.714,0.8569989,0
176250,1000001133404970300,63875741924290,(0.033, 1.439, -0.020),(0.058, -0.021, -0.003, 0.998),VALID,(0.044, -0.014, 0.999),(0.000, 0.000, 0.000),64.325,VALID,(0.076, -0.008, 0.997),(-0.032, 0.000, 0.000),0.539,3.461,6.415,0.765,VALID,(0.010, -0.014, 1.000),(0.032, 0.000, 0.000),0.551,3.511,6.373,0.717,0.961006,0
176251,1000001133409984600,63875741924300,(0.033, 1.439, -0.020),(0.058, -0.021, -0.003, 0.998),VALID,(0.043, 0.001, 0.999),(0.000, 0.000, 0.000),64.325,VALID,(0.072, 0.001, 0.997),(-0.032, 0.000, 0.000),0.543,3.483,6.415,0.777,VALID,(0.012, 0.001, 1.000),(0.032, 0.000, 0.000),0.553,3.522,6.373,0.721,1.065163,0
176252,1000001133415007700,63875741924300,(0.033, 1.439, -0.020),(0.058, -0.021, -0.003, 0.998),VALID,(0.042, 0.004, 0.999),(0.000, 0.000, 0.000),64.325,VALID,(0.070, 0.002, 0.998),(-0.032, 0.000, 0.000),0.544,3.487,6.415,0.789,VALID,(0.013, 0.004, 1.000),(0.032, 0.000, 0.000),0.554,3.529,6.373,0.726,1.123898,0
176253,1000001133420013400,63875741924312,(0.033, 1.439, -0.020),(0.058, -0.021, -0.003, 0.998),VALID,(0.041, 0.006, 0.999),(0.000, 0.000, 0.000),64.325,VALID,(0.067, 0.004, 0.998),(-0.032, 0.000, 0.000),0.550,3.528,6.415,0.801,VALID,(0.013, 0.006, 1.000),(0.032, 0.000, 0.000),0.554,3.534,6.373,0.730,1.185573,0
176254,1000001133425027700,63875741924312,(0.033, 1.439, -0.020),(0.058, -0.021, -0.003, 0.998),VALID,(0.040, 0.009, 0.999),(0.000, 0.000, 0.000),64.325,VALID,(0.064, 0.006, 0.998),(-0.032, 0.000, 0.000),0.558,3.583,6.415,0.812,VALID,(0.013, 0.009, 1.000),(0.032, 0.000, 0.000),0.556,3.544,6.373,0.735,2,0
176255,1000001133430056300,63875741924323,(0.033, 1.439, -0.020),(0.059, -0.021, -0.003, 0.998),VALID,(0.039, 0.009, 0.999),(0.000, 0.000, 0.000),64.325,VALID,(0.065, 0.006, 0.998),(-0.032, 0.000, 0.000),0.562,3.605,6.415,0.822,VALID,(0.013, 0.009, 1.000),(0.032, 0.000, 0.000),0.557,3.550,6.373,0.740,2,0
176256,1000001133435070600,63875741924323,(0.033, 1.439, -0.020),(0.059, -0.021, -0.003, 0.998),VALID,(0.039, 0.009, 0.999),(0.000, 0.000, 0.000),64.325,VALID,(0.065, 0.007, 0.998),(-0.032, 0.000, 0.000),0.563,3.609,6.415,0.832,VALID,(0.013, 0.009, 1.000),(0.032, 0.000, 0.000),0.558,3.554,6.373,0.745,2,0
176257,1000001133440065900,63875741924334,(0.033, 1.439, -0.020),(0.058, -0.021, -0.003, 0.998),VALID,(0.038, 0.013, 0.999),(0.000, 0.000, 0.000),64.325,VALID,(0.062, 0.009, 0.998),(-0.032, 0.000, 0.000),0.566,3.630,6.415,0.842,VALID,(0.014, 0.013, 1.000),(0.032, 0.000, 0.000),0.560,3.572,6.373,0.751,2,0
176258,1000001133445080200,63875741924334,(0.033, 1.439, -0.020),(0.058, -0.021, -0.003, 0.998),VALID,(0.037, 0.015, 0.999),(0.000, 0.000, 0.000),64.325,VALID,(0.060, 0.010, 0.998),(-0.032, 0.000, 0.000),0.567,3.640,6.415,0.851,VALID,(0.014, 0.015, 1.000),(0.032, 0.000, 0.000),0.561,3.577,6.373,0.757,2,0
176259,1000001133450083900,63875741924345,(0.033, 1.439, -0.020),(0.059, -0.021, -0.003, 0.998),VALID,(0.036, 0.017, 0.999),(0.000, 0.000, 0.000),64.325,VALID,(0.058, 0.011, 0.998),(-0.032, 0.000, 0.000),0.571,3.663,6.415,0.859,VALID,(0.014, 0.017, 1.000),(0.032, 0.000, 0.000),0.562,3.580,6.373,0.763,2,0
176260,1000001133455098200,63875741924345,(0.033, 1.439, -0.020),(0.059, -0.021, -0.003, 0.998),VALID,(0.036, 0.018, 0.999),(0.000, 0.000, 0.000),64.325,VALID,(0.057, 0.012, 0.998),(-0.032, 0.000, 0.000),0.574,3.680,6.415,0.867,VALID,(0.014, 0.018, 1.000),(0.032, 0.000, 0.000),0.562,3.584,6.373,0.769,2,0
176261,1000001133460134600,63875741924345,(0.033, 1.439, -0.020),(0.059, -0.021, -0.003, 0.998),VALID,(0.035, 0.020, 0.999),(0.000, 0.000, 0.000),64.325,VALID,(0.055, 0.012, 0.998),(-0.032, 0.000, 0.000),0.576,3.696,6.415,0.875,VALID,(0.014, 0.020, 1.000),(0.032, 0.000, 0.000),0.563,3.586,6.373,0.776,2,0
176262,1000001133465148900,63875741924356,(0.033, 1.439, -0.020),(0.058, -0.021, -0.003, 0.998),VALID,(0.035, 0.021, 0.999),(0.000, 0.000, 0.000),64.325,VALID,(0.054, 0.013, 0.998),(-0.032, 0.000, 0.000),0.578,3.707,6.415,0.881,VALID,(0.014, 0.021, 1.000),(0.032, 0.000, 0.000),0.563,3.587,6.373,0.781,2,0
176263,1000001133470145400,63875741924356,(0.033, 1.439, -0.020),(0.058, -0.021, -0.003, 0.998),VALID,(0.034, 0.021, 0.999),(0.000, 0.000, 0.000),64.325,VALID,(0.053, 0.013, 0.998),(-0.032, 0.000, 0.000),0.579,3.712,6.415,0.887,VALID,(0.014, 0.021, 1.000),(0.032, 0.000, 0.000),0.563,3.588,6.373,0.787,2,0
176264,1000001133475135000,63875741924367,(0.033, 1.439, -0.020),(0.058, -0.021, -0.003, 0.998),VALID,(0.034, 0.021, 0.999),(0.000, 0.000, 0.000),64.325,VALID,(0.054, 0.014, 0.998),(-0.032, 0.000, 0.000),0.579,3.714,6.415,0.893,VALID,(0.014, 0.021, 1.000),(0.032, 0.000, 0.000),0.563,3.590,6.373,0.792,2,0
176265,1000001133480153700,63875741924367,(0.033, 1.439, -0.020),(0.058, -0.021, -0.003, 0.998),VALID,(0.034, 0.021, 0.999),(0.000, 0.000, 0.000),64.325,VALID,(0.055, 0.014, 0.998),(-0.032, 0.000, 0.000),0.579,3.714,6.415,0.898,VALID,(0.014, 0.021, 1.000),(0.032, 0.000, 0.000),0.564,3.592,6.373,0.797,2,0
176266,1000001133485168000,63875741924378,(0.033, 1.439, -0.020),(0.058, -0.020, -0.003, 0.998),VALID,(0.034, 0.020, 0.999),(0.000, 0.000, 0.000),64.325,VALID,(0.056, 0.014, 0.998),(-0.032, 0.000, 0.000),0.578,3.708,6.415,0.903,VALID,(0.014, 0.020, 1.000),(0.032, 0.000, 0.000),0.564,3.593,6.373,0.802,2,0
176267,1000001133490182300,63875741924378,(0.033, 1.439, -0.020),(0.058, -0.020, -0.003, 0.998),VALID,(0.034, 0.020, 0.999),(0.000, 0.000, 0.000),64.325,VALID,(0.056, 0.014, 0.998),(-0.032, 0.000, 0.000),0.577,3.701,6.415,0.908,VALID,(0.014, 0.020, 1.000),(0.032, 0.000, 0.000),0.564,3.594,6.373,0.806,2,0
176268,1000001133495196600,63875741924390,(0.033, 1.439, -0.020),(0.058, -0.020, -0.003, 0.998),VALID,(0.034, 0.020, 0.999),(0.000, 0.000, 0.000),64.325,VALID,(0.055, 0.015, 0.998),(-0.032, 0.000, 0.000),0.576,3.697,6.415,0.912,VALID,(0.013, 0.020, 1.000),(0.032, 0.000, 0.000),0.564,3.595,6.373,0.810,2,0
176269,1000001133500228200,63875741924390,(0.033, 1.439, -0.020),(0.058, -0.020, -0.003, 0.998),VALID,(0.033, 0.020, 0.999),(0.000, 0.000, 0.000),64.325,VALID,(0.054, 0.015, 0.998),(-0.032, 0.000, 0.000),0.578,3.706,6.415,0.916,VALID,(0.013, 0.020, 1.000),(0.032, 0.000, 0.000),0.564,3.597,6.373,0.814,2,0
176270,1000001133505228300,63875741924400,(0.033, 1.439, -0.020),(0.058, -0.020, -0.003, 0.998),VALID,(0.033, 0.021, 0.999),(0.000, 0.000, 0.000),64.325,VALID,(0.053, 0.016, 0.998),(-0.032, 0.000, 0.000),0.580,3.722,6.415,0.923,VALID,(0.013, 0.021, 1.000),(0.032, 0.000, 0.000),0.565,3.598,6.373,0.818,2,0.2081025
176271,1000001133510235500,63875741924400,(0.033, 1.439, -0.020),(0.058, -0.020, -0.003, 0.998),VALID,(0.033, 0.021, 0.999),(0.000, 0.000, 0.000),64.325,VALID,(0.052, 0.016, 0.999),(-0.032, 0.000, 0.000),0.581,3.728,6.415,0.930,VALID,(0.013, 0.021, 1.000),(0.032, 0.000, 0.000),0.565,3.600,6.373,0.821,2,0.5287335
176272,1000001133515287200,63875741924400,(0.033, 1.439, -0.020),(0.058, -0.020, -0.003, 0.998),VALID,(0.033, 0.021, 0.999),(0.000, 0.000, 0.000),64.325,VALID,(0.052, 0.016, 0.999),(-0.032, 0.000, 0.000),0.581,3.730,6.415,0.935,VALID,(0.013, 0.021, 1.000),(0.032, 0.000, 0.000),0.565,3.601,6.373,0.824,2,0.5667031
176273,1000001133520330700,63875741924412,(0.033, 1.439, -0.020),(0.058, -0.020, -0.003, 0.998),VALID,(0.032, 0.021, 0.999),(0.000, 0.000, 0.000),64.325,VALID,(0.051, 0.017, 0.999),(-0.032, 0.000, 0.000),0.581,3.730,6.415,0.941,VALID,(0.013, 0.021, 1.000),(0.032, 0.000, 0.000),0.565,3.603,6.373,0.827,2,0.6189752
176274,1000001133525349200,63875741924412,(0.033, 1.439, -0.020),(0.058, -0.020, -0.003, 0.998),VALID,(0.032, 0.021, 0.999),(0.000, 0.000, 0.000),64.325,VALID,(0.051, 0.017, 0.999),(-0.032, 0.000, 0.000),0.581,3.730,6.415,0.946,VALID,(0.012, 0.021, 1.000),(0.032, 0.000, 0.000),0.566,3.604,6.373,0.830,2,0.7188333
176275,1000001133530363700,63875741924423,(0.033, 1.439, -0.020),(0.058, -0.020, -0.003, 0.998),VALID,(0.032, 0.020, 0.999),(0.000, 0.000, 0.000),64.325,VALID,(0.051, 0.017, 0.999),(-0.032, 0.000, 0.000),0.581,3.729,6.415,0.950,VALID,(0.012, 0.020, 1.000),(0.032, 0.000, 0.000),0.566,3.605,6.373,0.832,2,0.7273696
176276,1000001133535380200,63875741924423,(0.033, 1.439, -0.020),(0.058, -0.020, -0.003, 0.998),VALID,(0.031, 0.020, 0.999),(0.000, 0.000, 0.000),64.325,VALID,(0.051, 0.017, 0.999),(-0.032, 0.000, 0.000),0.581,3.730,6.415,0.954,VALID,(0.012, 0.020, 1.000),(0.032, 0.000, 0.000),0.566,3.607,6.373,0.834,2,0.9075477
176277,1000001133540941300,63875741924434,(0.033, 1.439, -0.020),(0.058, -0.020, -0.003, 0.998),VALID,(0.031, 0.020, 0.999),(0.000, 0.000, 0.000),64.325,VALID,(0.050, 0.018, 0.999),(-0.032, 0.000, 0.000),0.582,3.732,6.415,0.956,VALID,(0.012, 0.020, 1.000),(0.032, 0.000, 0.000),0.566,3.608,6.373,0.836,2,0.9143901
176278,1000001133545957800,63875741924434,(0.033, 1.439, -0.020),(0.058, -0.020, -0.003, 0.998),VALID,(0.031, 0.020, 0.999),(0.000, 0.000, 0.000),64.325,VALID,(0.050, 0.018, 0.999),(-0.032, 0.000, 0.000),0.582,3.732,6.415,0.959,VALID,(0.012, 0.020, 1.000),(0.032, 0.000, 0.000),0.566,3.609,6.373,0.838,2,0.8991767
176279,1000001133550635300,63875741924445,(0.033, 1.439, -0.020),(0.058, -0.020, -0.003, 0.998),VALID,(0.030, 0.020, 0.999),(0.000, 0.000, 0.000),64.325,VALID,(0.050, 0.018, 0.999),(-0.032, 0.000, 0.000),0.582,3.732,6.415,0.962,VALID,(0.012, 0.020, 1.000),(0.032, 0.000, 0.000),0.566,3.610,6.373,0.840,2,0.9153836
176280,1000001133555366500,63875741924445,(0.033, 1.439, -0.020),(0.058, -0.020, -0.003, 0.998),VALID,(0.030, 0.020, 0.999),(0.000, 0.000, 0.000),64.325,VALID,(0.050, 0.018, 0.999),(-0.032, 0.000, 0.000),0.583,3.738,6.415,0.963,VALID,(0.012, 0.020, 1.000),(0.032, 0.000, 0.000),0.567,3.611,6.373,0.841,2,0.9249935
176281,1000001133560383000,63875741924456,(0.033, 1.439, -0.020),(0.058, -0.020, -0.003, 0.998),VALID,(0.029, 0.020, 0.999),(0.000, 0.000, 0.000),64.325,VALID,(0.050, 0.018, 0.999),(-0.032, 0.000, 0.000),0.583,3.742,6.415,0.965,VALID,(0.011, 0.020, 1.000),(0.032, 0.000, 0.000),0.567,3.613,6.373,0.843,2,0.9193708
176282,1000001133565367300,63875741924456,(0.033, 1.439, -0.020),(0.058, -0.020, -0.003, 0.998),VALID,(0.029, 0.019, 0.999),(0.000, 0.000, 0.000),64.325,VALID,(0.050, 0.017, 0.999),(-0.032, 0.000, 0.000),0.584,3.743,6.415,0.966,VALID,(0.011, 0.019, 1.000),(0.032, 0.000, 0.000),0.567,3.615,6.373,0.844,2,0.9158283
176283,1000001133570388100,63875741924456,(0.033, 1.439, -0.020),(0.058, -0.020, -0.003, 0.998),VALID,(0.029, 0.019, 0.999),(0.000, 0.000, 0.000),64.325,VALID,(0.050, 0.017, 0.999),(-0.032, 0.000, 0.000),0.584,3.744,6.415,0.967,VALID,(0.011, 0.019, 1.000),(0.032, 0.000, 0.000),0.568,3.617,6.373,0.845,2,0.9991133
176284,1000001133575406600,63875741924467,(0.033, 1.439, -0.020),(0.058, -0.020, -0.003, 0.998),VALID,(0.028, 0.019, 0.999),(0.000, 0.000, 0.000),64.325,VALID,(0.049, 0.017, 0.999),(-0.032, 0.000, 0.000),0.584,3.744,6.415,0.969,VALID,(0.011, 0.019, 1.000),(0.032, 0.000, 0.000),0.568,3.619,6.373,0.846,2,0.9932687
176285,1000001133580425500,63875741924467,(0.033, 1.439, -0.020),(0.058, -0.020, -0.003, 0.998),VALID,(0.028, 0.019, 0.999),(0.000, 0.000, 0.000),64.325,VALID,(0.049, 0.017, 0.999),(-0.032, 0.000, 0.000),0.584,3.744,6.415,0.970,VALID,(0.011, 0.019, 1.000),(0.032, 0.000, 0.000),0.568,3.622,6.373,0.847,2,0.9848313
176286,1000001133585442000,63875741924478,(0.033, 1.439, -0.020),(0.058, -0.020, -0.003, 0.998),VALID,(0.028, 0.019, 0.999),(0.000, 0.000, 0.000),64.325,VALID,(0.049, 0.017, 0.999),(-0.032, 0.000, 0.000),0.584,3.747,6.415,0.971,VALID,(0.011, 0.019, 1.000),(0.032, 0.000, 0.000),0.569,3.624,6.373,0.848,2,0.9747868
176287,1000001133590460500,63875741924478,(0.033, 1.439, -0.020),(0.058, -0.020, -0.003, 0.998),VALID,(0.027, 0.019, 0.999),(0.000, 0.000, 0.000),64.325,VALID,(0.049, 0.017, 0.999),(-0.032, 0.000, 0.000),0.585,3.751,6.415,0.973,VALID,(0.010, 0.019, 1.000),(0.032, 0.000, 0.000),0.569,3.625,6.373,0.849,2,1
176288,1000001133595479000,63875741924489,(0.033, 1.439, -0.020),(0.058, -0.020, -0.003, 0.998),VALID,(0.027, 0.018, 0.999),(0.000, 0.000, 0.000),64.325,VALID,(0.049, 0.017, 0.999),(-0.032, 0.000, 0.000),0.585,3.751,6.415,0.974,VALID,(0.010, 0.018, 1.000),(0.032, 0.000, 0.000),0.569,3.627,6.373,0.850,2,1
176289,1000001133600499800,63875741924490,(0.033, 1.439, -0.020),(0.058, -0.020, -0.003, 0.998),VALID,(0.027, 0.018, 0.999),(0.000, 0.000, 0.000),64.325,VALID,(0.049, 0.017, 0.999),(-0.032, 0.000, 0.000),0.584,3.744,6.415,0.975,VALID,(0.010, 0.018, 1.000),(0.032, 0.000, 0.000),0.569,3.628,6.373,0.851,2,1
176290,1000001133605516300,63875741924500,(0.033, 1.439, -0.020),(0.058, -0.020, -0.003, 0.998),VALID,(0.027, 0.018, 0.999),(0.000, 0.000, 0.000),64.325,VALID,(0.049, 0.017, 0.999),(-0.032, 0.000, 0.000),0.583,3.739,6.415,0.976,VALID,(0.010, 0.018, 1.000),(0.032, 0.000, 0.000),0.570,3.630,6.373,0.851,2,1
176291,1000001133610482500,63875741924500,(0.033, 1.439, -0.020),(0.058, -0.020, -0.003, 0.998),VALID,(0.027, 0.018, 0.999),(0.000, 0.000, 0.000),64.325,VALID,(0.049, 0.017, 0.999),(-0.032, 0.000, 0.000),0.578,3.709,6.415,0.977,VALID,(0.010, 0.018, 1.000),(0.032, 0.000, 0.000),0.570,3.632,6.373,0.852,2,1
176292,1000001133615503300,63875741924500,(0.033, 1.439, -0.020),(0.058, -0.020, -0.003, 0.998),VALID,(0.027, 0.018, 0.999),(0.000, 0.000, 0.000),64.325,VALID,(0.049, 0.017, 0.999),(-0.032, 0.000, 0.000),0.578,3.710,6.415,0.977,VALID,(0.009, 0.018, 1.000),(0.032, 0.000, 0.000),0.570,3.633,6.373,0.852,2,1
176293,1000001133620500200,63875741924511,(0.033, 1.439, -0.020),(0.058, -0.020, -0.003, 0.998),VALID,(0.027, 0.018, 0.999),(0.000, 0.000, 0.000),64.325,VALID,(0.050, 0.017, 0.999),(-0.032, 0.000, 0.000),0.579,3.712,6.415,0.978,VALID,(0.009, 0.018, 1.000),(0.032, 0.000, 0.000),0.571,3.636,6.373,0.853,2,1
176294,1000001133625521000,63875741924511,(0.033, 1.439, -0.020),(0.058, -0.020, -0.003, 0.998),VALID,(0.027, 0.018, 0.999),(0.000, 0.000, 0.000),64.325,VALID,(0.050, 0.017, 0.999),(-0.032, 0.000, 0.000),0.579,3.716,6.415,0.979,VALID,(0.009, 0.018, 1.000),(0.032, 0.000, 0.000),0.571,3.639,6.373,0.853,2,1
176295,1000001133630509900,63875741924523,(0.033, 1.439, -0.020),(0.058, -0.020, -0.003, 0.998),VALID,(0.027, 0.018, 0.999),(0.000, 0.000, 0.000),64.325,VALID,(0.050, 0.017, 0.999),(-0.032, 0.000, 0.000),0.581,3.728,6.415,0.979,VALID,(0.009, 0.018, 1.000),(0.032, 0.000, 0.000),0.571,3.641,6.373,0.854,2,1
176296,1000001133635530700,63875741924523,(0.033, 1.439, -0.020),(0.058, -0.020, -0.003, 0.998),VALID,(0.027, 0.018, 0.999),(0.000, 0.000, 0.000),64.325,VALID,(0.050, 0.017, 0.999),(-0.032, 0.000, 0.000),0.582,3.737,6.415,0.979,VALID,(0.009, 0.018, 1.000),(0.032, 0.000, 0.000),0.572,3.644,6.373,0.854,2,1
176297,1000001133641134100,63875741924534,(0.033, 1.439, -0.020),(0.058, -0.020, -0.003, 0.998),VALID,(0.027, 0.017, 0.999),(0.000, 0.000, 0.000),64.325,VALID,(0.050, 0.017, 0.999),(-0.032, 0.000, 0.000),0.583,3.742,6.415,0.980,VALID,(0.008, 0.017, 1.000),(0.032, 0.000, 0.000),0.572,3.646,6.373,0.854,2,1
176298,1000001133645961100,63875741924534,(0.033, 1.439, -0.020),(0.058, -0.020, -0.003, 0.998),VALID,(0.026, 0.017, 1.000),(0.000, 0.000, 0.000),64.325,VALID,(0.050, 0.016, 0.999),(-0.032, 0.000, 0.000),0.586,3.760,6.415,0.980,VALID,(0.008, 0.017, 1.000),(0.032, 0.000, 0.000),0.572,3.648,6.373,0.855,2,1
176299,1000001133650975400,63875741924545,(0.033, 1.439, -0.020),(0.058, -0.020, -0.003, 0.998),VALID,(0.026, 0.017, 1.000),(0.000, 0.000, 0.000),64.325,VALID,(0.050, 0.016, 0.999),(-0.032, 0.000, 0.000),0.587,3.766,6.415,0.980,VALID,(0.008, 0.017, 1.000),(0.032, 0.000, 0.000),0.573,3.650,6.373,0.855,2,1
176300,1000001133655637000,63875741924545,(0.033, 1.439, -0.020),(0.058, -0.020, -0.003, 0.998),VALID,(0.026, 0.017, 1.000),(0.000, 0.000, 0.000),64.325,VALID,(0.050, 0.016, 0.999),(-0.032, 0.000, 0.000),0.588,3.772,6.415,0.981,VALID,(0.008, 0.017, 1.000),(0.032, 0.000, 0.000),0.573,3.652,6.373,0.855,2,0.9934315
176301,1000001133660651300,63875741924545,(0.033, 1.439, -0.020),(0.058, -0.020, -0.003, 0.998),VALID,(0.025, 0.017, 1.000),(0.000, 0.000, 0.000),64.325,VALID,(0.049, 0.016, 0.999),(-0.032, 0.000, 0.000),0.590,3.782,6.415,0.981,VALID,(0.007, 0.017, 1.000),(0.032, 0.000, 0.000),0.573,3.654,6.373,0.855,2,0.8937725
176302,1000001133665665600,63875741924557,(0.033, 1.439, -0.020),(0.057, -0.020, -0.003, 0.998),VALID,(0.021, 0.017, 1.000),(0.000, 0.000, 0.000),64.325,VALID,(0.047, 0.016, 0.999),(-0.032, 0.000, 0.000),0.593,3.805,6.415,0.981,VALID,(0.003, 0.017, 1.000),(0.032, 0.000, 0.000),0.573,3.654,6.373,0.856,2,0.4689024
176303,1000001133670648500,63875741924557,(0.033, 1.439, -0.020),(0.057, -0.020, -0.003, 0.998),VALID,(0.022, 0.017, 1.000),(0.000, 0.000, 0.000),64.325,VALID,(0.048, 0.016, 0.999),(-0.032, 0.000, 0.000),0.597,3.828,6.415,0.979,VALID,(0.000, 0.017, 1.000),(0.032, 0.000, 0.000),0.573,3.655,6.373,0.856,2,0
176304,1000001133675669300,63875741924568,(0.033, 1.439, -0.020),(0.057, -0.019, -0.003, 0.998),VALID,(0.022, 0.015, 1.000),(0.000, 0.000, 0.000),64.325,VALID,(0.050, 0.015, 0.999),(-0.032, 0.000, 0.000),0.598,3.834,6.415,0.976,VALID,(0.001, 0.015, 1.000),(0.032, 0.000, 0.000),0.574,3.658,6.373,0.857,2,0
176305,1000001133680690100,63875741924568,(0.033, 1.439, -0.020),(0.057, -0.019, -0.003, 0.998),VALID,(0.024, 0.011, 1.000),(0.000, 0.000, 0.000),64.325,VALID,(0.060, 0.011, 0.998),(-0.032, 0.000, 0.000),0.582,3.733,6.415,0.972,VALID,(0.004, 0.011, 1.000),(0.032, 0.000, 0.000),0.574,3.660,6.373,0.858,1.144192,0
176306,1000001133685699000,63875741924579,(0.033, 1.439, -0.020),(0.057, -0.019, -0.003, 0.998),VALID,(0.033, 0.006, 0.999),(0.000, 0.000, 0.000),64.325,VALID,(0.078, 0.007, 0.997),(-0.032, 0.000, 0.000),0.583,3.738,6.415,0.966,VALID,(0.007, 0.006, 1.000),(0.032, 0.000, 0.000),0.574,3.659,6.373,0.862,0.9016606,0
176307,1000001133690724300,63875741924579,(0.033, 1.439, -0.020),(0.057, -0.019, -0.003, 0.998),VALID,(0.050, 0.001, 0.999),(0.000, 0.000, 0.000),64.325,VALID,(0.098, 0.001, 0.995),(-0.032, 0.000, 0.000),0.589,3.779,6.415,0.960,VALID,(0.019, 0.001, 1.000),(0.032, 0.000, 0.000),0.574,3.660,6.373,0.866,0.8146016,0
176308,1000001133695738600,63875741924590,(0.033, 1.439, -0.020),(0.057, -0.019, -0.003, 0.998),VALID,(0.068, -0.008, 0.998),(0.000, 0.000, 0.000),64.325,VALID,(0.113, -0.008, 0.994),(-0.032, 0.000, 0.000),0.589,3.779,6.415,0.954,VALID,(0.037, -0.008, 0.999),(0.032, 0.000, 0.000),0.575,3.665,6.373,0.872,0.8387226,0
176309,1000001133700763900,63875741924590,(0.033, 1.439, -0.020),(0.057, -0.019, -0.003, 0.998),VALID,(0.092, -0.017, 0.996),(0.000, 0.000, 0.000),64.325,VALID,(0.138, -0.016, 0.990),(-0.032, 0.000, 0.000),0.587,3.765,6.415,0.948,VALID,(0.056, -0.017, 0.998),(0.032, 0.000, 0.000),0.576,3.671,6.373,0.878,0.7735032,0
176310,1000001133705778200,63875741924601,(0.033, 1.439, -0.020),(0.057, -0.019, -0.003, 0.998),VALID,(0.112, -0.026, 0.993),(0.000, 0.000, 0.000),64.325,VALID,(0.158, -0.025, 0.987),(-0.032, 0.000, 0.000),0.584,3.747,6.415,0.943,VALID,(0.073, -0.026, 0.997),(0.032, 0.000, 0.000),0.576,3.673,6.373,0.883,0.7429436,0
176311,1000001133710741200,63875741924601,(0.033, 1.439, -0.020),(0.057, -0.019, -0.003, 0.998),VALID,(0.128, -0.033, 0.991),(0.000, 0.000, 0.000),64.325,VALID,(0.173, -0.033, 0.984),(-0.032, 0.000, 0.000),0.583,3.739,6.415,0.938,VALID,(0.087, -0.034, 0.996),(0.032, 0.000, 0.000),0.576,3.673,6.373,0.888,0.7340492,0
176312,1000001133715738600,63875741924601,(0.033, 1.439, -0.020),(0.057, -0.019, -0.003, 0.998),VALID,(0.139, -0.040, 0.989),(0.000, 0.000, 0.000),64.325,VALID,(0.183, -0.039, 0.982),(-0.032, 0.000, 0.000),0.582,3.736,6.415,0.934,VALID,(0.097, -0.040, 0.994),(0.032, 0.000, 0.000),0.576,3.672,6.373,0.892,0.7339882,0
176313,1000001133720752900,63875741924612,(0.033, 1.439, -0.020),(0.057, -0.019, -0.002, 0.998),VALID,(0.147, -0.045, 0.988),(0.000, 0.000, 0.000),64.325,VALID,(0.189, -0.044, 0.981),(-0.032, 0.000, 0.000),0.582,3.736,6.415,0.931,VALID,(0.105, -0.045, 0.993),(0.032, 0.000, 0.000),0.576,3.672,6.373,0.896,0.7454379,0
176314,1000001133725785000,63875741924612,(0.033, 1.439, -0.020),(0.057, -0.019, -0.002, 0.998),VALID,(0.152, -0.049, 0.987),(0.000, 0.000, 0.000),64.325,VALID,(0.193, -0.048, 0.980),(-0.032, 0.000, 0.000),0.582,3.736,6.415,0.929,VALID,(0.110, -0.049, 0.993),(0.032, 0.000, 0.000),0.576,3.672,6.373,0.899,0.7593555,0
176315,1000001133730797700,63875741924623,(0.033, 1.439, -0.020),(0.058, -0.020, -0.002, 0.998),VALID,(0.155, -0.052, 0.987),(0.000, 0.000, 0.000),64.325,VALID,(0.195, -0.051, 0.979),(-0.032, 0.000, 0.000),0.583,3.739,6.415,0.927,VALID,(0.114, -0.052, 0.992),(0.032, 0.000, 0.000),0.576,3.671,6.373,0.901,0.7739857,0
176316,1000001133735805300,63875741924623,(0.033, 1.439, -0.020),(0.058, -0.020, -0.002, 0.998),VALID,(0.157, -0.054, 0.986),(0.000, 0.000, 0.000),64.325,VALID,(0.196, -0.054, 0.979),(-0.032, 0.000, 0.000),0.583,3.742,6.415,0.925,VALID,(0.117, -0.055, 0.992),(0.032, 0.000, 0.000),0.576,3.671,6.373,0.904,0.7867409,0
176317,1000001133740818000,63875741924634,(0.033, 1.438, -0.020),(0.058, -0.020, -0.002, 0.998),VALID,(0.159, -0.056, 0.986),(0.000, 0.000, 0.000),64.325,VALID,(0.197, -0.056, 0.979),(-0.032, 0.000, 0.000),0.584,3.743,6.415,0.924,VALID,(0.119, -0.057, 0.991),(0.032, 0.000, 0.000),0.576,3.670,6.373,0.906,0.7970122,0
176318,1000001133745960000,63875741924634,(0.033, 1.438, -0.020),(0.058, -0.020, -0.002, 0.998),VALID,(0.160, -0.058, 0.985),(0.000, 0.000, 0.000),64.325,VALID,(0.198, -0.057, 0.979),(-0.032, 0.000, 0.000),0.584,3.744,6.415,0.923,VALID,(0.120, -0.058, 0.991),(0.032, 0.000, 0.000),0.576,3.669,6.373,0.908,0.8052791,0
176319,1000001133750972700,63875741924645,(0.033, 1.438, -0.020),(0.058, -0.020, -0.001, 0.998),VALID,(0.160, -0.059, 0.985),(0.000, 0.000, 0.000),64.325,VALID,(0.198, -0.059, 0.978),(-0.032, 0.000, 0.000),0.584,3.745,6.415,0.922,VALID,(0.122, -0.059, 0.991),(0.032, 0.000, 0.000),0.576,3.669,6.373,0.909,0.8141062,0
176320,1000001133755985400,63875741924645,(0.033, 1.438, -0.020),(0.058, -0.020, -0.001, 0.998),VALID,(0.161, -0.060, 0.985),(0.000, 0.000, 0.000),64.325,VALID,(0.199, -0.060, 0.978),(-0.032, 0.000, 0.000),0.584,3.746,6.415,0.921,VALID,(0.122, -0.061, 0.991),(0.032, 0.000, 0.000),0.576,3.669,6.373,0.910,0.8212867,0
176321,1000001133760995700,63875741924645,(0.033, 1.438, -0.020),(0.058, -0.020, -0.001, 0.998),VALID,(0.161, -0.061, 0.985),(0.000, 0.000, 0.000),64.325,VALID,(0.199, -0.061, 0.978),(-0.032, 0.000, 0.000),0.584,3.748,6.415,0.921,VALID,(0.123, -0.062, 0.990),(0.032, 0.000, 0.000),0.576,3.668,6.373,0.911,0.8274481,0
176322,1000001133765904800,63875741924655,(0.033, 1.438, -0.020),(0.058, -0.020, -0.001, 0.998),VALID,(0.161, -0.062, 0.985),(0.000, 0.000, 0.000),64.325,VALID,(0.198, -0.062, 0.978),(-0.032, 0.000, 0.000),0.584,3.749,6.415,0.920,VALID,(0.123, -0.062, 0.990),(0.032, 0.000, 0.000),0.576,3.668,6.373,0.912,0.8326019,0
176323,1000001133770913000,63875741924655,(0.033, 1.438, -0.020),(0.058, -0.020, -0.001, 0.998),VALID,(0.161, -0.063, 0.985),(0.000, 0.000, 0.000),64.325,VALID,(0.198, -0.062, 0.978),(-0.032, 0.000, 0.000),0.585,3.751,6.415,0.919,VALID,(0.124, -0.063, 0.990),(0.032, 0.000, 0.000),0.575,3.667,6.373,0.913,0.8375076,0
176324,1000001133775895600,63875741924667,(0.033, 1.438, -0.020),(0.058, -0.020, -0.001, 0.998),VALID,(0.162, -0.063, 0.985),(0.000, 0.000, 0.000),64.325,VALID,(0.198, -0.063, 0.978),(-0.032, 0.000, 0.000),0.585,3.752,6.415,0.919,VALID,(0.124, -0.063, 0.990),(0.032, 0.000, 0.000),0.575,3.667,6.373,0.914,0.8414763,0
176325,1000001133780870800,63875741924667,(0.033, 1.438, -0.020),(0.058, -0.020, -0.001, 0.998),VALID,(0.162, -0.063, 0.985),(0.000, 0.000, 0.000),64.325,VALID,(0.198, -0.063, 0.978),(-0.032, 0.000, 0.000),0.585,3.754,6.415,0.918,VALID,(0.124, -0.064, 0.990),(0.032, 0.000, 0.000),0.575,3.666,6.373,0.916,0.8457863,0.003719501
176326,1000001133785880800,63875741924678,(0.033, 1.438, -0.020),(0.058, -0.020, -0.001, 0.998),VALID,(0.161, -0.064, 0.985),(0.000, 0.000, 0.000),64.325,VALID,(0.198, -0.063, 0.978),(-0.032, 0.000, 0.000),0.585,3.754,6.415,0.918,VALID,(0.124, -0.064, 0.990),(0.032, 0.000, 0.000),0.575,3.664,6.373,0.916,0.8494241,0.2287889
176327,1000001133790896800,63875741924678,(0.033, 1.438, -0.020),(0.058, -0.020, -0.001, 0.998),VALID,(0.161, -0.064, 0.985),(0.000, 0.000, 0.000),64.325,VALID,(0.198, -0.063, 0.978),(-0.032, 0.000, 0.000),0.585,3.754,6.415,0.918,VALID,(0.124, -0.064, 0.990),(0.032, 0.000, 0.000),0.575,3.663,6.373,0.917,0.8523682,0.4844299
176328,1000001133795935100,63875741924690,(0.033, 1.438, -0.020),(0.058, -0.020, -0.001, 0.998),VALID,(0.161, -0.064, 0.985),(0.000, 0.000, 0.000),64.325,VALID,(0.197, -0.063, 0.978),(-0.032, 0.000, 0.000),0.585,3.754,6.415,0.917,VALID,(0.124, -0.064, 0.990),(0.032, 0.000, 0.000),0.575,3.661,6.373,0.918,0.8550875,0.8872601
176329,1000001133800968400,63875741924690,(0.033, 1.438, -0.020),(0.058, -0.020, -0.001, 0.998),VALID,(0.159, -0.064, 0.985),(0.000, 0.000, 0.000),64.325,VALID,(0.194, -0.064, 0.979),(-0.032, 0.000, 0.000),0.585,3.755,6.415,0.917,VALID,(0.124, -0.065, 0.990),(0.032, 0.000, 0.000),0.574,3.660,6.373,0.918,0.8977809,0.7720394
176330,1000001133805978400,63875741924701,(0.033, 1.438, -0.020),(0.058, -0.021, -0.001, 0.998),VALID,(0.159, -0.064, 0.985),(0.000, 0.000, 0.000),64.325,VALID,(0.194, -0.063, 0.979),(-0.032, 0.000, 0.000),0.585,3.755,6.415,0.916,VALID,(0.124, -0.064, 0.990),(0.032, 0.000, 0.000),0.574,3.658,6.373,0.919,0.8949376,0.6146649
176331,1000001133811004600,63875741924701,(0.033, 1.438, -0.020),(0.058, -0.021, -0.001, 0.998),VALID,(0.159, -0.063, 0.985),(0.000, 0.000, 0.000),64.325,VALID,(0.194, -0.063, 0.979),(-0.032, 0.000, 0.000),0.585,3.756,6.415,0.916,VALID,(0.124, -0.064, 0.990),(0.032, 0.000, 0.000),0.574,3.658,6.373,0.919,0.8927971,0.6310383
176332,1000001133816013100,63875741924701,(0.033, 1.438, -0.020),(0.058, -0.021, -0.001, 0.998),VALID,(0.159, -0.063, 0.985),(0.000, 0.000, 0.000),64.325,VALID,(0.194, -0.063, 0.979),(-0.032, 0.000, 0.000),0.585,3.756,6.415,0.916,VALID,(0.124, -0.064, 0.990),(0.032, 0.000, 0.000),0.574,3.657,6.373,0.920,0.8913562,0.6414958
176333,1000001133820987800,63875741924712,(0.033, 1.438, -0.020),(0.059, -0.021, -0.001, 0.998),VALID,(0.159, -0.063, 0.985),(0.000, 0.000, 0.000),64.325,VALID,(0.194, -0.063, 0.979),(-0.032, 0.000, 0.000),0.585,3.755,6.415,0.916,VALID,(0.124, -0.063, 0.990),(0.032, 0.000, 0.000),0.574,3.657,6.373,0.920,0.8911762,0.6545586
176334,1000001133825996300,63875741924712,(0.033, 1.438, -0.020),(0.059, -0.021, -0.001, 0.998),VALID,(0.157, -0.063, 0.986),(0.000, 0.000, 0.000),64.325,VALID,(0.192, -0.063, 0.979),(-0.032, 0.000, 0.000),0.585,3.755,6.415,0.915,VALID,(0.123, -0.064, 0.990),(0.032, 0.000, 0.000),0.574,3.656,6.373,0.920,0.9138328,0.4315769
176335,1000001133831026200,63875741924723,(0.033, 1.438, -0.020),(0.059, -0.021, -0.001, 0.998),VALID,(0.157, -0.063, 0.986),(0.000, 0.000, 0.000),64.325,VALID,(0.192, -0.063, 0.979),(-0.032, 0.000, 0.000),0.585,3.754,6.415,0.915,VALID,(0.123, -0.064, 0.990),(0.032, 0.000, 0.000),0.574,3.656,6.373,0.921,0.9123338,0.2225632
176336,1000001133836030100,63875741924723,(0.033, 1.438, -0.020),(0.059, -0.021, -0.001, 0.998),VALID,(0.157, -0.063, 0.986),(0.000, 0.000, 0.000),64.325,VALID,(0.192, -0.063, 0.979),(-0.032, 0.000, 0.000),0.585,3.753,6.415,0.915,VALID,(0.123, -0.064, 0.990),(0.032, 0.000, 0.000),0.574,3.655,6.373,0.921,0.9114817,0.2277133
176337,1000001133841040100,63875741924734,(0.033, 1.438, -0.020),(0.059, -0.021, 0.000, 0.998),VALID,(0.157, -0.063, 0.986),(0.000, 0.000, 0.000),64.325,VALID,(0.192, -0.063, 0.979),(-0.032, 0.000, 0.000),0.585,3.753,6.415,0.915,VALID,(0.123, -0.064, 0.990),(0.032, 0.000, 0.000),0.573,3.655,6.373,0.921,0.911636,0.2212607
176338,1000001133846048400,63875741924734,(0.033, 1.438, -0.020),(0.059, -0.021, 0.000, 0.998),VALID,(0.157, -0.063, 0.986),(0.000, 0.000, 0.000),64.325,VALID,(0.192, -0.063, 0.979),(-0.032, 0.000, 0.000),0.585,3.753,6.415,0.915,VALID,(0.123, -0.064, 0.990),(0.032, 0.000, 0.000),0.573,3.654,6.373,0.921,0.9122356,0.2110437
176339,1000001133851056900,63875741924745,(0.033, 1.438, -0.020),(0.060, -0.021, 0.000, 0.998),VALID,(0.157, -0.064, 0.986),(0.000, 0.000, 0.000),64.325,VALID,(0.192, -0.063, 0.979),(-0.032, 0.000, 0.000),0.585,3.753,6.415,0.915,VALID,(0.123, -0.064, 0.990),(0.032, 0.000, 0.000),0.573,3.654,6.373,0.921,0.9128107,0.21358
176340,1000001133856103200,63875741924745,(0.033, 1.438, -0.020),(0.060, -0.021, 0.000, 0.998),VALID,(0.157, -0.064, 0.985),(0.000, 0.000, 0.000),64.325,VALID,(0.192, -0.063, 0.979),(-0.032, 0.000, 0.000),0.585,3.753,6.415,0.914,VALID,(0.123, -0.064, 0.990),(0.032, 0.000, 0.000),0.573,3.653,6.373,0.921,0.9146532,0.2116971
176341,1000001133861111700,63875741924756,(0.033, 1.438, -0.019),(0.060, -0.021, 0.000, 0.998),VALID,(0.156, -0.065, 0.986),(0.000, 0.000, 0.000),64.325,VALID,(0.191, -0.064, 0.980),(-0.032, 0.000, 0.000),0.585,3.753,6.415,0.914,VALID,(0.123, -0.065, 0.990),(0.032, 0.000, 0.000),0.573,3.653,6.373,0.921,0.9240545,0
176342,1000001133866101300,63875741924757,(0.033, 1.438, -0.019),(0.060, -0.021, 0.000, 0.998),VALID,(0.156, -0.065, 0.986),(0.000, 0.000, 0.000),64.325,VALID,(0.191, -0.065, 0.980),(-0.032, 0.000, 0.000),0.585,3.753,6.415,0.914,VALID,(0.123, -0.065, 0.990),(0.032, 0.000, 0.000),0.573,3.653,6.373,0.922,0.9204001,0
176343,1000001133871109800,63875741924757,(0.033, 1.438, -0.019),(0.060, -0.021, 0.000, 0.998),VALID,(0.156, -0.065, 0.986),(0.000, 0.000, 0.000),64.325,VALID,(0.191, -0.065, 0.980),(-0.032, 0.000, 0.000),0.585,3.753,6.415,0.913,VALID,(0.122, -0.065, 0.990),(0.032, 0.000, 0.000),0.573,3.653,6.373,0.922,0.9171342,0
176344,1000001133876158300,63875741924767,(0.032, 1.438, -0.019),(0.060, -0.021, 0.000, 0.998),VALID,(0.156, -0.065, 0.986),(0.000, 0.000, 0.000),64.325,VALID,(0.191, -0.065, 0.980),(-0.032, 0.000, 0.000),0.585,3.753,6.415,0.913,VALID,(0.122, -0.066, 0.990),(0.032, 0.000, 0.000),0.573,3.654,6.373,0.922,0.9151968,0
176345,1000001133881166800,63875741924768,(0.032, 1.438, -0.019),(0.060, -0.021, 0.000, 0.998),VALID,(0.156, -0.066, 0.986),(0.000, 0.000, 0.000),64.325,VALID,(0.189, -0.066, 0.980),(-0.032, 0.000, 0.000),0.585,3.754,6.415,0.913,VALID,(0.122, -0.066, 0.990),(0.032, 0.000, 0.000),0.573,3.654,6.373,0.922,0.9400398,0
176346,1000001133886175300,63875741924779,(0.032, 1.438, -0.019),(0.060, -0.021, 0.000, 0.998),VALID,(0.155, -0.067, 0.986),(0.000, 0.000, 0.000),64.325,VALID,(0.187, -0.067, 0.980),(-0.032, 0.000, 0.000),0.585,3.755,6.415,0.913,VALID,(0.122, -0.067, 0.990),(0.032, 0.000, 0.000),0.573,3.654,6.373,0.922,0.9704806,0
176347,1000001133891176600,63875741924779,(0.032, 1.438, -0.019),(0.060, -0.021, 0.000, 0.998),VALID,(0.155, -0.067, 0.986),(0.000, 0.000, 0.000),64.325,VALID,(0.187, -0.067, 0.980),(-0.032, 0.000, 0.000),0.585,3.755,6.415,0.913,VALID,(0.122, -0.067, 0.990),(0.032, 0.000, 0.000),0.573,3.654,6.373,0.922,0.9639752,0
176348,1000001133896198000,63875741924790,(0.032, 1.438, -0.019),(0.060, -0.021, 0.000, 0.998),VALID,(0.155, -0.067, 0.986),(0.000, 0.000, 0.000),64.325,VALID,(0.187, -0.067, 0.980),(-0.032, 0.000, 0.000),0.585,3.755,6.415,0.912,VALID,(0.122, -0.068, 0.990),(0.032, 0.000, 0.000),0.573,3.654,6.373,0.922,0.9583705,0
176349,1000001133901219400,63875741924790,(0.032, 1.438, -0.019),(0.060, -0.021, 0.000, 0.998),VALID,(0.154, -0.068, 0.986),(0.000, 0.000, 0.000),64.325,VALID,(0.185, -0.068, 0.980),(-0.032, 0.000, 0.000),0.585,3.755,6.415,0.912,VALID,(0.122, -0.068, 0.990),(0.032, 0.000, 0.000),0.573,3.654,6.373,0.922,0.9894655,0
176350,1000001133906244700,63875741924801,(0.032, 1.438, -0.019),(0.061, -0.021, 0.001, 0.998),VALID,(0.154, -0.068, 0.986),(0.000, 0.000, 0.000),64.325,VALID,(0.185, -0.068, 0.980),(-0.032, 0.000, 0.000),0.585,3.755,6.415,0.912,VALID,(0.122, -0.068, 0.990),(0.032, 0.000, 0.000),0.573,3.654,6.373,0.922,0.9823808,0
176351,1000001133911293900,63875741924801,(0.032, 1.438, -0.019),(0.061, -0.021, 0.001, 0.998),VALID,(0.153, -0.069, 0.986),(0.000, 0.000, 0.000),64.325,VALID,(0.183, -0.068, 0.981),(-0.032, 0.000, 0.000),0.585,3.755,6.415,0.912,VALID,(0.122, -0.069, 0.990),(0.032, 0.000, 0.000),0.573,3.654,6.373,0.922,1.01649,0
176352,1000001133916319200,63875741924812,(0.032, 1.438, -0.019),(0.061, -0.022, 0.001, 0.998),VALID,(0.152, -0.069, 0.986),(0.000, 0.000, 0.000),64.325,VALID,(0.181, -0.069, 0.981),(-0.032, 0.000, 0.000),0.585,3.755,6.415,0.912,VALID,(0.122, -0.070, 0.990),(0.032, 0.000, 0.000),0.573,3.653,6.373,0.922,1.053165,0
176353,1000001133921250900,63875741924823,(0.032, 1.438, -0.019),(0.061, -0.022, 0.001, 0.998),VALID,(0.152, -0.069, 0.986),(0.000, 0.000, 0.000),64.325,VALID,(0.182, -0.069, 0.981),(-0.032, 0.000, 0.000),0.585,3.755,6.415,0.912,VALID,(0.122, -0.069, 0.990),(0.032, 0.000, 0.000),0.573,3.653,6.373,0.922,1.036241,0
176354,1000001133926293100,63875741924823,(0.032, 1.438, -0.019),(0.061, -0.022, 0.001, 0.998),VALID,(0.152, -0.069, 0.986),(0.000, 0.000, 0.000),64.325,VALID,(0.183, -0.069, 0.981),(-0.032, 0.000, 0.000),0.585,3.755,6.415,0.912,VALID,(0.122, -0.069, 0.990),(0.032, 0.000, 0.000),0.573,3.653,6.373,0.922,1.022821,0
176355,1000001133931333100,63875741924823,(0.032, 1.438, -0.019),(0.061, -0.022, 0.001, 0.998),VALID,(0.153, -0.069, 0.986),(0.000, 0.000, 0.000),64.325,VALID,(0.184, -0.068, 0.981),(-0.032, 0.000, 0.000),0.585,3.753,6.415,0.911,VALID,(0.122, -0.069, 0.990),(0.032, 0.000, 0.000),0.573,3.653,6.373,0.922,1.01038,0
176356,1000001133936358500,63875741924835,(0.032, 1.438, -0.019),(0.061, -0.022, 0.001, 0.998),VALID,(0.154, -0.068, 0.986),(0.000, 0.000, 0.000),64.325,VALID,(0.185, -0.068, 0.980),(-0.032, 0.000, 0.000),0.583,3.741,6.415,0.911,VALID,(0.123, -0.068, 0.990),(0.032, 0.000, 0.000),0.573,3.653,6.373,0.922,1.013132,0
176357,1000001133941387800,63875741924835,(0.032, 1.438, -0.019),(0.061, -0.022, 0.001, 0.998),VALID,(0.154, -0.067, 0.986),(0.000, 0.000, 0.000),64.325,VALID,(0.184, -0.067, 0.981),(-0.032, 0.000, 0.000),0.587,3.769,6.415,0.911,VALID,(0.123, -0.068, 0.990),(0.032, 0.000, 0.000),0.575,3.668,6.373,0.921,1.016872,0
176358,1000001133946417100,63875741924835,(0.032, 1.438, -0.019),(0.061, -0.022, 0.001, 0.998),VALID,(0.150, -0.068, 0.986),(0.000, 0.000, 0.000),64.325,VALID,(0.181, -0.068, 0.981),(-0.032, 0.000, 0.000),0.597,3.830,6.415,0.911,VALID,(0.120, -0.069, 0.990),(0.032, 0.000, 0.000),0.576,3.668,6.373,0.918,1.027996,0
176359,1000001133951401200,63875741924845,(0.032, 1.438, -0.019),(0.061, -0.022, 0.001, 0.998),VALID,(0.140, -0.070, 0.988),(0.000, 0.000, 0.000),64.325,VALID,(0.172, -0.070, 0.983),(-0.032, 0.000, 0.000),0.602,3.865,6.415,0.912,VALID,(0.109, -0.071, 0.992),(0.032, 0.000, 0.000),0.574,3.659,6.373,0.916,0.9983697,0
176360,1000001133956343100,63875741924845,(0.032, 1.438, -0.019),(0.061, -0.022, 0.001, 0.998),VALID,(0.121, -0.076, 0.990),(0.000, 0.000, 0.000),64.325,VALID,(0.155, -0.076, 0.985),(-0.032, 0.000, 0.000),0.598,3.837,6.415,0.912,VALID,(0.088, -0.076, 0.993),(0.032, 0.000, 0.000),0.570,3.631,6.373,0.912,0.9510925,0
176361,1000001133961372400,63875741924856,(0.032, 1.438, -0.019),(0.061, -0.022, 0.002, 0.998),VALID,(0.094, -0.084, 0.992),(0.000, 0.000, 0.000),64.325,VALID,(0.131, -0.083, 0.988),(-0.032, 0.000, 0.000),0.590,3.787,6.415,0.912,VALID,(0.058, -0.084, 0.995),(0.032, 0.000, 0.000),0.568,3.622,6.373,0.908,0.8679897,0
176362,1000001133966408700,63875741924856,(0.032, 1.438, -0.019),(0.061, -0.022, 0.002, 0.998),VALID,(0.054, -0.100, 0.994),(0.000, 0.000, 0.000),64.325,VALID,(0.124, -0.100, 0.987),(-0.032, 0.000, 0.000),0.588,3.770,6.415,0.913,VALID,(0.030, -0.100, 0.995),(0.032, 0.000, 0.000),0.568,3.623,6.373,0.907,0.6739587,0
176363,1000001133971445000,63875741924856,(0.032, 1.438, -0.019),(0.061, -0.022, 0.002, 0.998),VALID,(0.029, -0.110, 0.993),(0.000, 0.000, 0.000),64.325,VALID,(0.091, -0.110, 0.990),(-0.032, 0.000, 0.000),0.587,3.764,6.415,0.913,VALID,(0.005, -0.110, 0.994),(0.032, 0.000, 0.000),0.570,3.633,6.373,0.905,0.7397498,0
176364,1000001133976481300,63875741924868,(0.032, 1.438, -0.019),(0.061, -0.022, 0.002, 0.998),VALID,(0.002, -0.124, 0.992),(0.000, 0.000, 0.000),64.325,VALID,(0.089, -0.123, 0.988),(-0.032, 0.000, 0.000),0.587,3.763,6.415,0.913,VALID,(-0.015, -0.124, 0.992),(0.032, 0.000, 0.000),0.572,3.646,6.373,0.904,0.6177804,0
