335846,1000001933338056200,63875742724228,(-0.062, 1.428, 0.291),(-0.010, -0.049, 0.013, 0.999),VALID,(0.164, -0.146, 0.976),(0.000, 0.000, 0.000),64.325,VALID,(0.171, -0.115, 0.978),(-0.032, 0.000, 0.000),0.522,3.346,6.415,0.770,VALID,(0.164, -0.146, 0.976),(0.032, 0.000, 0.000),0.584,3.724,6.373,0.725,2,0
335847,1000001933343004000,63875742724228,(-0.062, 1.428, 0.291),(-0.010, -0.049, 0.013, 0.999),VALID,(0.163, -0.130, 0.978),(0.000, 0.000, 0.000),64.325,VALID,(0.169, -0.112, 0.979),(-0.032, 0.000, 0.000),0.532,3.410,6.415,0.771,VALID,(0.163, -0.130, 0.978),(0.032, 0.000, 0.000),0.587,3.739,6.373,0.727,2,0
335848,1000001933348015500,63875742724239,(-0.062, 1.428, 0.291),(-0.010, -0.049, 0.013, 0.999),VALID,(0.162, -0.114, 0.980),(0.000, 0.000, 0.000),64.325,VALID,(0.168, -0.107, 0.980),(-0.032, 0.000, 0.000),0.536,3.441,6.415,0.772,VALID,(0.162, -0.114, 0.980),(0.032, 0.000, 0.000),0.589,3.752,6.373,0.731,2,0
335849,1000001933353021400,63875742724239,(-0.062, 1.428, 0.291),(-0.010, -0.049, 0.013, 0.999),VALID,(0.163, -0.092, 0.982),(0.000, 0.000, 0.000),64.325,VALID,(0.167, -0.094, 0.981),(-0.032, 0.000, 0.000),0.537,3.447,6.415,0.774,VALID,(0.163, -0.092, 0.982),(0.032, 0.000, 0.000),0.599,3.816,6.373,0.735,2,0
335850,1000001933358032900,63875742724250,(-0.062, 1.428, 0.291),(-0.010, -0.049, 0.013, 0.999),VALID,(0.163, -0.074, 0.984),(0.000, 0.000, 0.000),64.325,VALID,(0.167, -0.081, 0.983),(-0.032, 0.000, 0.000),0.537,3.444,6.415,0.777,VALID,(0.163, -0.074, 0.984),(0.032, 0.000, 0.000),0.603,3.842,6.373,0.739,2,0
335851,1000001933363031000,63875742724250,(-0.062, 1.428, 0.291),(-0.010, -0.049, 0.013, 0.999),VALID,(0.163, -0.062, 0.985),(0.000, 0.000, 0.000),64.325,VALID,(0.166, -0.071, 0.984),(-0.032, 0.000, 0.000),0.562,3.605,6.415,0.781,VALID,(0.163, -0.062, 0.985),(0.032, 0.000, 0.000),0.604,3.847,6.373,0.744,2,0
335852,1000001933368042500,63875742724261,(-0.062, 1.428, 0.291),(-0.010, -0.049, 0.013, 0.999),VALID,(0.163, -0.054, 0.985),(0.000, 0.000, 0.000),64.325,VALID,(0.166, -0.062, 0.984),(-0.032, 0.000, 0.000),0.630,4.039,6.415,0.784,VALID,(0.163, -0.054, 0.985),(0.032, 0.000, 0.000),0.605,3.853,6.373,0.749,2,0
335853,1000001933373054000,63875742724261,(-0.062, 1.428, 0.291),(-0.010, -0.049, 0.013, 0.999),VALID,(0.163, -0.048, 0.985),(0.000, 0.000, 0.000),64.325,VALID,(0.166, -0.055, 0.985),(-0.032, 0.000, 0.000),0.623,3.998,6.415,0.788,VALID,(0.163, -0.048, 0.985),(0.032, 0.000, 0.000),0.606,3.861,6.373,0.753,2,0
335854,1000001933378065500,63875742724272,(-0.062, 1.429, 0.291),(-0.010, -0.049, 0.013, 0.999),VALID,(0.163, -0.043, 0.986),(0.000, 0.000, 0.000),64.325,VALID,(0.165, -0.049, 0.985),(-0.032, 0.000, 0.000),0.622,3.990,6.415,0.793,VALID,(0.163, -0.043, 0.986),(0.032, 0.000, 0.000),0.607,3.871,6.373,0.758,2,0
335855,1000001933383079800,63875742724284,(-0.062, 1.429, 0.291),(-0.010, -0.049, 0.013, 0.999),VALID,(0.163, -0.039, 0.986),(0.000, 0.000, 0.000),64.325,VALID,(0.165, -0.044, 0.985),(-0.032, 0.000, 0.000),0.607,3.896,6.415,0.797,VALID,(0.163, -0.039, 0.986),(0.032, 0.000, 0.000),0.609,3.880,6.373,0.762,2,0
335856,1000001933388077900,63875742724284,(-0.062, 1.429, 0.291),(-0.010, -0.049, 0.013, 0.999),VALID,(0.164, -0.036, 0.986),(0.000, 0.000, 0.000),64.325,VALID,(0.165, -0.040, 0.985),(-0.032, 0.000, 0.000),0.605,3.881,6.415,0.800,VALID,(0.164, -0.036, 0.986),(0.032, 0.000, 0.000),0.611,3.893,6.373,0.766,2,0
335857,1000001933393203200,63875742724295,(-0.062, 1.429, 0.291),(-0.010, -0.049, 0.013, 0.999),VALID,(0.164, -0.033, 0.986),(0.000, 0.000, 0.000),64.325,VALID,(0.165, -0.037, 0.986),(-0.032, 0.000, 0.000),0.606,3.888,6.415,0.803,VALID,(0.164, -0.033, 0.986),(0.032, 0.000, 0.000),0.613,3.904,6.373,0.770,2,0
335858,1000001933398201300,63875742724295,(-0.062, 1.429, 0.291),(-0.010, -0.049, 0.013, 0.999),VALID,(0.164, -0.031, 0.986),(0.000, 0.000, 0.000),64.325,VALID,(0.184, -0.001, 0.983),(-0.032, 0.000, 0.000),0.576,3.696,6.415,0.806,VALID,(0.164, -0.031, 0.986),(0.032, 0.000, 0.000),0.613,3.909,6.373,0.773,2,0
335859,1000001933403173300,63875742724295,(-0.062, 1.429, 0.291),(-0.010, -0.049, 0.013, 0.999),VALID,(0.164, -0.030, 0.986),(0.000, 0.000, 0.000),64.325,VALID,(0.203, 0.024, 0.979),(-0.032, 0.000, 0.000),0.572,3.673,6.415,0.808,VALID,(0.164, -0.030, 0.986),(0.032, 0.000, 0.000),0.614,3.912,6.373,0.776,0.5596461,0
335860,1000001933408156600,63875742724295,(-0.062, 1.429, 0.291),(-0.010, -0.049, 0.013, 0.999),VALID,(0.164, -0.029, 0.986),(0.000, 0.000, 0.000),64.325,VALID,(0.219, 0.041, 0.975),(-0.032, 0.000, 0.000),0.572,3.669,6.415,0.811,VALID,(0.164, -0.029, 0.986),(0.032, 0.000, 0.000),0.614,3.914,6.373,0.779,0.442805,0
335861,1000001933413150900,63875742724306,(-0.062, 1.429, 0.291),(-0.010, -0.049, 0.013, 0.999),VALID,(0.164, -0.028, 0.986),(0.000, 0.000, 0.000),64.325,VALID,(0.231, 0.051, 0.972),(-0.032, 0.000, 0.000),0.572,3.668,6.415,0.813,VALID,(0.164, -0.028, 0.986),(0.032, 0.000, 0.000),0.614,3.916,6.373,0.781,0.3924907,0
335862,1000001933418142900,63875742724306,(-0.062, 1.429, 0.291),(-0.010, -0.049, 0.013, 0.999),VALID,(0.164, -0.027, 0.986),(0.000, 0.000, 0.000),64.325,VALID,(0.240, 0.058, 0.969),(-0.032, 0.000, 0.000),0.572,3.667,6.415,0.815,VALID,(0.164, -0.027, 0.986),(0.032, 0.000, 0.000),0.615,3.918,6.373,0.783,0.3665929,0
335863,1000001933423138100,63875742724317,(-0.062, 1.429, 0.291),(-0.010, -0.049, 0.013, 0.999),VALID,(0.165, -0.026, 0.986),(0.000, 0.000, 0.000),64.325,VALID,(0.246, 0.062, 0.967),(-0.032, 0.000, 0.000),0.571,3.665,6.415,0.817,VALID,(0.165, -0.026, 0.986),(0.032, 0.000, 0.000),0.615,3.921,6.373,0.786,0.3547033,0
335864,1000001933428185900,63875742724317,(-0.062, 1.429, 0.291),(-0.010, -0.049, 0.013, 0.999),VALID,(0.167, -0.028, 0.986),(0.000, 0.000, 0.000),64.325,VALID,(0.251, 0.064, 0.966),(-0.032, 0.000, 0.000),0.569,3.653,6.415,0.819,VALID,(0.167, -0.028, 0.986),(0.032, 0.000, 0.000),0.616,3.925,6.373,0.787,0.3384098,0
335865,1000001933433177900,63875742724328,(-0.062, 1.429, 0.291),(-0.010, -0.049, 0.013, 0.999),VALID,(0.170, -0.029, 0.985),(0.000, 0.000, 0.000),64.325,VALID,(0.255, 0.065, 0.965),(-0.032, 0.000, 0.000),0.568,3.644,6.415,0.822,VALID,(0.170, -0.029, 0.985),(0.032, 0.000, 0.000),0.617,3.932,6.373,0.789,0.331282,0
335866,1000001933438191600,63875742724328,(-0.062, 1.429, 0.291),(-0.010, -0.049, 0.013, 0.999),VALID,(0.172, -0.029, 0.985),(0.000, 0.000, 0.000),64.325,VALID,(0.257, 0.066, 0.964),(-0.032, 0.000, 0.000),0.567,3.637,6.415,0.824,VALID,(0.172, -0.029, 0.985),(0.032, 0.000, 0.000),0.618,3.936,6.373,0.791,0.3267878,0
335867,1000001933443275300,63875742724339,(-0.062, 1.429, 0.291),(-0.010, -0.049, 0.013, 0.999),VALID,(0.174, -0.030, 0.984),(0.000, 0.000, 0.000),64.325,VALID,(0.258, 0.067, 0.964),(-0.032, 0.000, 0.000),0.567,3.639,6.415,0.826,VALID,(0.174, -0.030, 0.984),(0.032, 0.000, 0.000),0.618,3.941,6.373,0.793,0.3205302,0
335868,1000001933448546000,63875742724339,(-0.062, 1.429, 0.291),(-0.010, -0.049, 0.013, 0.999),VALID,(0.175, -0.030, 0.984),(0.000, 0.000, 0.000),64.325,VALID,(0.260, 0.067, 0.963),(-0.032, 0.000, 0.000),0.567,3.636,6.415,0.827,VALID,(0.175, -0.030, 0.984),(0.032, 0.000, 0.000),0.619,3.946,6.373,0.795,0.3190603,0.4203867
335869,1000001933453418000,63875742724339,(-0.062, 1.429, 0.291),(-0.010, -0.049, 0.013, 0.999),VALID,(0.176, -0.030, 0.984),(0.000, 0.000, 0.000),64.325,VALID,(0.261, 0.067, 0.963),(-0.032, 0.000, 0.000),0.566,3.630,6.415,0.829,VALID,(0.176, -0.030, 0.984),(0.032, 0.000, 0.000),0.620,3.952,6.373,0.796,0.3202851,0.5343712
335870,1000001933458260300,63875742724350,(-0.062, 1.429, 0.291),(-0.010, -0.048, 0.013, 0.999),VALID,(0.177, -0.029, 0.984),(0.000, 0.000, 0.000),64.325,VALID,(0.261, 0.067, 0.963),(-0.032, 0.000, 0.000),0.567,3.636,6.415,0.830,VALID,(0.177, -0.029, 0.984),(0.032, 0.000, 0.000),0.621,3.959,6.373,0.798,0.320091,0.5277565
335871,1000001933463286000,63875742724351,(-0.062, 1.429, 0.291),(-0.010, -0.048, 0.013, 0.999),VALID,(0.178, -0.029, 0.984),(0.000, 0.000, 0.000),64.325,VALID,(0.261, 0.067, 0.963),(-0.032, 0.000, 0.000),0.567,3.641,6.415,0.832,VALID,(0.178, -0.029, 0.984),(0.032, 0.000, 0.000),0.623,3.969,6.373,0.800,0.3209623,0.5540147
335872,1000001933468284100,63875742724361,(-0.062, 1.429, 0.291),(-0.010, -0.048, 0.013, 0.999),VALID,(0.179, -0.028, 0.983),(0.000, 0.000, 0.000),64.325,VALID,(0.261, 0.067, 0.963),(-0.032, 0.000, 0.000),0.568,3.642,6.415,0.834,VALID,(0.179, -0.028, 0.983),(0.032, 0.000, 0.000),0.624,3.976,6.373,0.801,0.3225735,0.581765
335873,1000001933473285000,63875742724361,(-0.062, 1.429, 0.291),(-0.010, -0.048, 0.013, 0.999),VALID,(0.180, -0.028, 0.983),(0.000, 0.000, 0.000),64.325,VALID,(0.262, 0.067, 0.963),(-0.032, 0.000, 0.000),0.568,3.642,6.415,0.836,VALID,(0.180, -0.028, 0.983),(0.032, 0.000, 0.000),0.625,3.982,6.373,0.803,0.3253191,0.629709
335874,1000001933478304700,63875742724373,(-0.062, 1.429, 0.291),(-0.010, -0.048, 0.013, 0.999),VALID,(0.180, -0.027, 0.983),(0.000, 0.000, 0.000),64.325,VALID,(0.262, 0.067, 0.963),(-0.032, 0.000, 0.000),0.567,3.638,6.415,0.838,VALID,(0.180, -0.027, 0.983),(0.032, 0.000, 0.000),0.626,3.989,6.373,0.804,0.3293423,0.619283
335875,1000001933483349900,63875742724373,(-0.062, 1.429, 0.291),(-0.010, -0.048, 0.013, 0.999),VALID,(0.181, -0.026, 0.983),(0.000, 0.000, 0.000),64.325,VALID,(0.262, 0.067, 0.963),(-0.032, 0.000, 0.000),0.567,3.635,6.415,0.839,VALID,(0.181, -0.026, 0.983),(0.032, 0.000, 0.000),0.627,3.996,6.373,0.806,0.3335263,0.644712
335876,1000001933488358800,63875742724384,(-0.062, 1.429, 0.291),(-0.010, -0.048, 0.012, 0.999),VALID,(0.182, -0.025, 0.983),(0.000, 0.000, 0.000),64.325,VALID,(0.262, 0.066, 0.963),(-0.032, 0.000, 0.000),0.566,3.631,6.415,0.840,VALID,(0.182, -0.025, 0.983),(0.032, 0.000, 0.000),0.628,4.005,6.373,0.807,0.3384947,0.6533552
335877,1000001933493367700,63875742724384,(-0.062, 1.429, 0.291),(-0.010, -0.048, 0.012, 0.999),VALID,(0.182, -0.024, 0.983),(0.000, 0.000, 0.000),64.325,VALID,(0.263, 0.066, 0.963),(-0.032, 0.000, 0.000),0.562,3.603,6.415,0.841,VALID,(0.182, -0.024, 0.983),(0.032, 0.000, 0.000),0.631,4.021,6.373,0.808,0.3470857,0.6022722
335878,1000001933498371900,63875742724384,(-0.062, 1.429, 0.291),(-0.010, -0.048, 0.012, 0.999),VALID,(0.183, -0.022, 0.983),(0.000, 0.000, 0.000),64.325,VALID,(0.263, 0.065, 0.963),(-0.032, 0.000, 0.000),0.560,3.594,6.415,0.843,VALID,(0.183, -0.022, 0.983),(0.032, 0.000, 0.000),0.633,4.033,6.373,0.810,0.3548619,0.5919926
335879,1000001933503377400,63875742724394,(-0.062, 1.429, 0.291),(-0.010, -0.048, 0.012, 0.999),VALID,(0.182, -0.018, 0.983),(0.000, 0.000, 0.000),64.325,VALID,(0.263, 0.065, 0.963),(-0.032, 0.000, 0.000),0.563,3.614,6.415,0.844,VALID,(0.182, -0.018, 0.983),(0.032, 0.000, 0.000),0.635,4.044,6.373,0.812,0.3727611,0.2687541
335880,1000001933508387900,63875742724406,(-0.062, 1.429, 0.291),(-0.010, -0.048, 0.012, 0.999),VALID,(0.181, -0.014, 0.983),(0.000, 0.000, 0.000),64.325,VALID,(0.262, 0.065, 0.963),(-0.032, 0.000, 0.000),0.564,3.620,6.415,0.845,VALID,(0.181, -0.014, 0.983),(0.032, 0.000, 0.000),0.636,4.052,6.373,0.814,0.3919865,0.2400529
335881,1000001933513401600,63875742724406,(-0.062, 1.429, 0.291),(-0.010, -0.048, 0.012, 0.999),VALID,(0.180, -0.010, 0.984),(0.000, 0.000, 0.000),64.325,VALID,(0.262, 0.065, 0.963),(-0.032, 0.000, 0.000),0.564,3.621,6.415,0.846,VALID,(0.180, -0.010, 0.984),(0.032, 0.000, 0.000),0.638,4.063,6.373,0.815,0.411312,0.2139785
335882,1000001933518412100,63875742724416,(-0.062, 1.429, 0.291),(-0.010, -0.049, 0.012, 0.999),VALID,(0.179, -0.006, 0.984),(0.000, 0.000, 0.000),64.325,VALID,(0.262, 0.065, 0.963),(-0.032, 0.000, 0.000),0.565,3.622,6.415,0.847,VALID,(0.179, -0.006, 0.984),(0.032, 0.000, 0.000),0.639,4.073,6.373,0.817,0.42786,0.2204563
335883,1000001933523422600,63875742724416,(-0.062, 1.429, 0.291),(-0.010, -0.049, 0.012, 0.999),VALID,(0.179, -0.003, 0.984),(0.000, 0.000, 0.000),64.325,VALID,(0.262, 0.065, 0.963),(-0.032, 0.000, 0.000),0.565,3.623,6.415,0.849,VALID,(0.179, -0.003, 0.984),(0.032, 0.000, 0.000),0.640,4.080,6.373,0.818,0.4422879,0.4658183
335884,1000001933528433100,63875742724416,(-0.062, 1.429, 0.291),(-0.010, -0.049, 0.012, 0.999),VALID,(0.179, -0.001, 0.984),(0.000, 0.000, 0.000),64.325,VALID,(0.262, 0.065, 0.963),(-0.032, 0.000, 0.000),0.565,3.623,6.415,0.851,VALID,(0.179, -0.001, 0.984),(0.032, 0.000, 0.000),0.641,4.084,6.373,0.820,0.4542902,0.5091045
335885,1000001933533445200,63875742724428,(-0.062, 1.429, 0.291),(-0.010, -0.049, 0.012, 0.999),VALID,(0.179, 0.001, 0.984),(0.000, 0.000, 0.000),64.325,VALID,(0.262, 0.065, 0.963),(-0.032, 0.000, 0.000),0.565,3.624,6.415,0.853,VALID,(0.179, 0.001, 0.984),(0.032, 0.000, 0.000),0.642,4.089,6.373,0.822,0.4644356,0.5023106
335886,1000001933538478600,63875742724428,(-0.062, 1.429, 0.291),(-0.010, -0.049, 0.012, 0.999),VALID,(0.179, 0.003, 0.984),(0.000, 0.000, 0.000),64.325,VALID,(0.262, 0.065, 0.963),(-0.032, 0.000, 0.000),0.566,3.629,6.415,0.852,VALID,(0.179, 0.003, 0.984),(0.032, 0.000, 0.000),0.642,4.094,6.373,0.823,0.4729958,0.5244419
335887,1000001933543490800,63875742724439,(-0.062, 1.429, 0.291),(-0.010, -0.049, 0.012, 0.999),VALID,(0.178, 0.004, 0.984),(0.000, 0.000, 0.000),64.325,VALID,(0.262, 0.065, 0.963),(-0.032, 0.000, 0.000),0.568,3.645,6.415,0.851,VALID,(0.178, 0.004, 0.984),(0.032, 0.000, 0.000),0.643,4.098,6.373,0.825,0.4760814,0.4960811
335888,1000001933548509300,63875742724439,(-0.062, 1.429, 0.291),(-0.010, -0.049, 0.012, 0.999),VALID,(0.178, 0.003, 0.984),(0.000, 0.000, 0.000),64.325,VALID,(0.262, 0.066, 0.963),(-0.032, 0.000, 0.000),0.573,3.675,6.415,0.851,VALID,(0.178, 0.003, 0.984),(0.032, 0.000, 0.000),0.641,4.086,6.373,0.826,0.4690698,0.3923877
335889,1000001933553521400,63875742724439,(-0.062, 1.429, 0.291),(-0.010, -0.049, 0.012, 0.999),VALID,(0.178, 0.002, 0.984),(0.000, 0.000, 0.000),64.325,VALID,(0.261, 0.067, 0.963),(-0.032, 0.000, 0.000),0.579,3.717,6.415,0.850,VALID,(0.178, 0.002, 0.984),(0.032, 0.000, 0.000),0.639,4.075,6.373,0.828,0.4594809,0.381144
335890,1000001933558547800,63875742724450,(-0.062, 1.429, 0.291),(-0.010, -0.049, 0.012, 0.999),VALID,(0.177, 0.000, 0.984),(0.000, 0.000, 0.000),64.325,VALID,(0.261, 0.068, 0.963),(-0.032, 0.000, 0.000),0.584,3.746,6.415,0.850,VALID,(0.177, 0.000, 0.984),(0.032, 0.000, 0.000),0.635,4.048,6.373,0.829,0.4448359,0.288961
335891,1000001933563559900,63875742724450,(-0.062, 1.429, 0.291),(-0.010, -0.049, 0.012, 0.999),VALID,(0.177, -0.001, 0.984),(0.000, 0.000, 0.000),64.325,VALID,(0.261, 0.069, 0.963),(-0.032, 0.000, 0.000),0.583,3.743,6.415,0.850,VALID,(0.177, -0.001, 0.984),(0.032, 0.000, 0.000),0.631,4.023,6.373,0.830,0.4328386,0.2400497
335892,1000001933568572000,63875742724461,(-0.062, 1.429, 0.290),(-0.010, -0.049, 0.012, 0.999),VALID,(0.176, -0.002, 0.984),(0.000, 0.000, 0.000),64.325,VALID,(0.261, 0.070, 0.963),(-0.032, 0.000, 0.000),0.583,3.739,6.415,0.849,VALID,(0.176, -0.002, 0.984),(0.032, 0.000, 0.000),0.631,4.024,6.373,0.831,0.4259101,0.1618684
335893,1000001933573584100,63875742724461,(-0.062, 1.429, 0.290),(-0.010, -0.049, 0.012, 0.999),VALID,(0.176, -0.002, 0.984),(0.000, 0.000, 0.000),64.325,VALID,(0.261, 0.070, 0.963),(-0.032, 0.000, 0.000),0.582,3.732,6.415,0.849,VALID,(0.176, -0.002, 0.984),(0.032, 0.000, 0.000),0.636,4.051,6.373,0.833,0.4239297,0.07509837
335894,1000001933578596300,63875742724472,(-0.062, 1.429, 0.290),(-0.010, -0.049, 0.012, 0.999),VALID,(0.176, -0.001, 0.984),(0.000, 0.000, 0.000),64.325,VALID,(0.261, 0.070, 0.963),(-0.032, 0.000, 0.000),0.581,3.725,6.415,0.849,VALID,(0.176, -0.001, 0.984),(0.032, 0.000, 0.000),0.639,4.069,6.373,0.834,0.4248748,0.03284062
335895,1000001933583608400,63875742724472,(-0.062, 1.429, 0.290),(-0.010, -0.049, 0.012, 0.999),VALID,(0.175, -0.001, 0.984),(0.000, 0.000, 0.000),64.325,VALID,(0.260, 0.071, 0.963),(-0.032, 0.000, 0.000),0.580,3.720,6.415,0.849,VALID,(0.175, -0.001, 0.984),(0.032, 0.000, 0.000),0.638,4.067,6.373,0.835,0.4233494,0
335896,1000001933588620600,63875742724483,(-0.062, 1.429, 0.290),(-0.010, -0.049, 0.012, 0.999),VALID,(0.175, -0.001, 0.985),(0.000, 0.000, 0.000),64.325,VALID,(0.260, 0.071, 0.963),(-0.032, 0.000, 0.000),0.580,3.723,6.415,0.849,VALID,(0.175, -0.001, 0.985),(0.032, 0.000, 0.000),0.637,4.062,6.373,0.836,0.4212298,0.0212778
335897,1000001933593632700,63875742724483,(-0.062, 1.429, 0.290),(-0.010, -0.049, 0.012, 0.999),VALID,(0.175, -0.001, 0.985),(0.000, 0.000, 0.000),64.325,VALID,(0.260, 0.071, 0.963),(-0.032, 0.000, 0.000),0.581,3.726,6.415,0.849,VALID,(0.175, -0.001, 0.985),(0.032, 0.000, 0.000),0.639,4.073,6.373,0.837,0.4213655,0
335898,1000001933598614000,63875742724483,(-0.062, 1.429, 0.290),(-0.010, -0.049, 0.012, 0.999),VALID,(0.175, 0.000, 0.985),(0.000, 0.000, 0.000),64.325,VALID,(0.260, 0.072, 0.963),(-0.032, 0.000, 0.000),0.586,3.759,6.415,0.849,VALID,(0.175, 0.000, 0.985),(0.032, 0.000, 0.000),0.642,4.092,6.373,0.838,0.4215283,0.2239799
335899,1000001933603632400,63875742724494,(-0.062, 1.429, 0.290),(-0.010, -0.049, 0.012, 0.999),VALID,(0.175, 0.001, 0.985),(0.000, 0.000, 0.000),64.325,VALID,(0.260, 0.072, 0.963),(-0.032, 0.000, 0.000),0.586,3.761,6.415,0.849,VALID,(0.175, 0.001, 0.985),(0.032, 0.000, 0.000),0.645,4.113,6.373,0.839,0.4244606,0.2026768
335900,1000001933608675200,63875742724494,(-0.062, 1.429, 0.290),(-0.010, -0.049, 0.012, 0.999),VALID,(0.175, 0.001, 0.985),(0.000, 0.000, 0.000),64.325,VALID,(0.260, 0.073, 0.963),(-0.032, 0.000, 0.000),0.587,3.765,6.415,0.849,VALID,(0.175, 0.001, 0.985),(0.032, 0.000, 0.000),0.645,4.110,6.373,0.840,0.4224273,0.08868685
335901,1000001933613693600,63875742724506,(-0.062, 1.429, 0.290),(-0.010, -0.049, 0.012, 0.999),VALID,(0.175, 0.000, 0.985),(0.000, 0.000, 0.000),64.325,VALID,(0.260, 0.073, 0.963),(-0.032, 0.000, 0.000),0.587,3.765,6.415,0.849,VALID,(0.175, 0.000, 0.985),(0.032, 0.000, 0.000),0.638,4.066,6.373,0.840,0.4172212,0
335902,1000001933618705700,63875742724506,(-0.062, 1.429, 0.290),(-0.010, -0.049, 0.012, 0.999),VALID,(0.174, -0.001, 0.985),(0.000, 0.000, 0.000),64.325,VALID,(0.260, 0.073, 0.963),(-0.032, 0.000, 0.000),0.587,3.764,6.415,0.849,VALID,(0.174, -0.001, 0.985),(0.032, 0.000, 0.000),0.634,4.039,6.373,0.841,0.4118141,0
335903,1000001933623724100,63875742724517,(-0.062, 1.429, 0.290),(-0.009, -0.049, 0.012, 0.999),VALID,(0.173, -0.002, 0.985),(0.000, 0.000, 0.000),64.325,VALID,(0.260, 0.073, 0.963),(-0.032, 0.000, 0.000),0.586,3.756,6.415,0.849,VALID,(0.173, -0.002, 0.985),(0.032, 0.000, 0.000),0.632,4.029,6.373,0.842,0.4084205,0
335904,1000001933628742500,63875742724517,(-0.062, 1.429, 0.290),(-0.009, -0.049, 0.012, 0.999),VALID,(0.173, -0.002, 0.985),(0.000, 0.000, 0.000),64.325,VALID,(0.260, 0.073, 0.963),(-0.032, 0.000, 0.000),0.583,3.742,6.415,0.849,VALID,(0.173, -0.002, 0.985),(0.032, 0.000, 0.000),0.632,4.027,6.373,0.842,0.4072547,0
335905,1000001933633786400,63875742724528,(-0.062, 1.429, 0.290),(-0.009, -0.049, 0.012, 0.999),VALID,(0.172, -0.002, 0.985),(0.000, 0.000, 0.000),64.325,VALID,(0.260, 0.073, 0.963),(-0.032, 0.000, 0.000),0.582,3.733,6.415,0.849,VALID,(0.172, -0.002, 0.985),(0.032, 0.000, 0.000),0.634,4.041,6.373,0.843,0.407019,0
335906,1000001933638804800,63875742724528,(-0.062, 1.429, 0.290),(-0.009, -0.049, 0.012, 0.999),VALID,(0.172, -0.003, 0.985),(0.000, 0.000, 0.000),64.325,VALID,(0.247, 0.066, 0.967),(-0.032, 0.000, 0.000),0.580,3.721,6.415,0.849,VALID,(0.172, -0.003, 0.985),(0.032, 0.000, 0.000),0.632,4.025,6.373,0.844,0.4503485,0
335907,1000001933643737000,63875742724539,(-0.062, 1.429, 0.290),(-0.009, -0.049, 0.012, 0.999),VALID,(0.171, -0.004, 0.985),(0.000, 0.000, 0.000),64.325,VALID,(0.229, 0.052, 0.972),(-0.032, 0.000, 0.000),0.576,3.695,6.415,0.850,VALID,(0.171, -0.004, 0.985),(0.032, 0.000, 0.000),0.623,3.968,6.373,0.845,0.554106,0
335908,1000001933648755400,63875742724539,(-0.062, 1.429, 0.290),(-0.009, -0.049, 0.012, 0.999),VALID,(0.164, -0.010, 0.986),(0.000, 0.000, 0.000),64.325,VALID,(0.226, 0.057, 0.973),(-0.032, 0.000, 0.000),0.576,3.695,6.415,0.850,VALID,(0.164, -0.010, 0.986),(0.032, 0.000, 0.000),0.605,3.858,6.373,0.845,0.4681093,0
335909,1000001933653793000,63875742724539,(-0.062, 1.429, 0.290),(-0.009, -0.049, 0.012, 0.999),VALID,(0.155, -0.018, 0.988),(0.000, 0.000, 0.000),64.325,VALID,(0.223, 0.060, 0.973),(-0.032, 0.000, 0.000),0.576,3.695,6.415,0.850,VALID,(0.155, -0.018, 0.988),(0.032, 0.000, 0.000),0.602,3.836,6.373,0.849,0.4006458,0
335910,1000001933658853900,63875742724550,(-0.062, 1.429, 0.290),(-0.009, -0.049, 0.012, 0.999),VALID,(0.134, -0.021, 0.991),(0.000, 0.000, 0.000),64.325,VALID,(0.177, 0.045, 0.983),(-0.032, 0.000, 0.000),0.576,3.694,6.415,0.850,VALID,(0.134, -0.021, 0.991),(0.032, 0.000, 0.000),0.599,3.815,6.373,0.852,0.4379522,0
335911,1000001933663872300,63875742724550,(-0.062, 1.429, 0.290),(-0.009, -0.049, 0.012, 0.999),VALID,(0.122, -0.021, 0.992),(0.000, 0.000, 0.000),64.325,VALID,(0.146, 0.032, 0.989),(-0.032, 0.000, 0.000),0.575,3.690,6.415,0.851,VALID,(0.122, -0.021, 0.992),(0.032, 0.000, 0.000),0.596,3.798,6.373,0.854,0.4576516,0
335912,1000001933668909900,63875742724561,(-0.062, 1.429, 0.290),(-0.009, -0.049, 0.012, 0.999),VALID,(0.094, -0.021, 0.995),(0.000, 0.000, 0.000),64.325,VALID,(0.102, 0.020, 0.995),(-0.032, 0.000, 0.000),0.564,3.615,6.415,0.852,VALID,(0.094, -0.021, 0.995),(0.032, 0.000, 0.000),0.595,3.792,6.373,0.856,2,0
335913,1000001933673928300,63875742724561,(-0.062, 1.429, 0.290),(-0.009, -0.049, 0.012, 0.999),VALID,(0.065, -0.021, 0.998),(0.000, 0.000, 0.000),64.325,VALID,(0.062, 0.010, 0.998),(-0.032, 0.000, 0.000),0.559,3.586,6.415,0.853,VALID,(0.065, -0.021, 0.998),(0.032, 0.000, 0.000),0.593,3.780,6.373,0.859,2,0
335914,1000001933678965900,63875742724572,(-0.062, 1.429, 0.290),(-0.009, -0.049, 0.012, 0.999),VALID,(0.045, -0.018, 0.999),(0.000, 0.000, 0.000),64.325,VALID,(0.040, 0.010, 0.999),(-0.032, 0.000, 0.000),0.562,3.602,6.415,0.855,VALID,(0.045, -0.018, 0.999),(0.032, 0.000, 0.000),0.593,3.777,6.373,0.862,2,0
335915,1000001933683984300,63875742724572,(-0.062, 1.429, 0.290),(-0.009, -0.049, 0.012, 0.999),VALID,(0.030, -0.015, 0.999),(0.000, 0.000, 0.000),64.325,VALID,(0.025, 0.012, 1.000),(-0.032, 0.000, 0.000),0.561,3.602,6.415,0.856,VALID,(0.030, -0.015, 0.999),(0.032, 0.000, 0.000),0.593,3.778,6.373,0.865,2,0
335916,1000001933688829000,63875742724584,(-0.062, 1.429, 0.290),(-0.009, -0.049, 0.012, 0.999),VALID,(0.022, -0.014, 1.000),(0.000, 0.000, 0.000),64.325,VALID,(0.023, 0.014, 1.000),(-0.032, 0.000, 0.000),0.569,3.649,6.415,0.860,VALID,(0.021, -0.014, 1.000),(0.032, 0.000, 0.000),0.593,3.779,6.373,0.869,2,0
335917,1000001933693836800,63875742724584,(-0.062, 1.429, 0.290),(-0.009, -0.049, 0.012, 0.999),VALID,(0.016, -0.010, 1.000),(0.000, 0.000, 0.000),64.325,VALID,(0.026, 0.017, 1.000),(-0.032, 0.000, 0.000),0.568,3.644,6.415,0.860,VALID,(0.014, -0.010, 1.000),(0.032, 0.000, 0.000),0.593,3.781,6.373,0.872,2,0
335918,1000001933698855200,63875742724595,(-0.061, 1.429, 0.290),(-0.009, -0.049, 0.012, 0.999),VALID,(0.011, -0.006, 1.000),(0.000, 0.000, 0.000),64.325,VALID,(0.052, 0.023, 0.998),(-0.032, 0.000, 0.000),0.533,3.420,6.415,0.863,VALID,(0.010, -0.006, 1.000),(0.032, 0.000, 0.000),0.594,3.786,6.373,0.876,2,0
335919,1000001933703868300,63875742724595,(-0.061, 1.429, 0.290),(-0.009, -0.049, 0.012, 0.999),VALID,(0.009, -0.001, 1.000),(0.000, 0.000, 0.000),64.325,VALID,(0.046, 0.024, 0.999),(-0.032, 0.000, 0.000),0.527,3.382,6.415,0.867,VALID,(0.007, -0.001, 1.000),(0.032, 0.000, 0.000),0.594,3.789,6.373,0.879,2,0
335920,1000001933708880900,63875742724595,(-0.061, 1.429, 0.290),(-0.009, -0.049, 0.012, 0.999),VALID,(0.015, 0.006, 1.000),(0.000, 0.000, 0.000),64.325,VALID,(0.040, 0.025, 0.999),(-0.032, 0.000, 0.000),0.526,3.373,6.415,0.870,VALID,(0.013, 0.006, 1.000),(0.032, 0.000, 0.000),0.595,3.791,6.373,0.882,2,0
335921,1000001933713894000,63875742724606,(-0.061, 1.429, 0.289),(-0.009, -0.049, 0.012, 0.999),VALID,(0.018, 0.011, 1.000),(0.000, 0.000, 0.000),64.325,VALID,(0.053, 0.029, 0.998),(-0.032, 0.000, 0.000),0.571,3.662,6.415,0.871,VALID,(0.017, 0.011, 1.000),(0.032, 0.000, 0.000),0.595,3.794,6.373,0.885,2,0
335922,1000001933718907100,63875742724606,(-0.061, 1.429, 0.289),(-0.009, -0.049, 0.012, 0.999),VALID,(0.021, 0.017, 1.000),(0.000, 0.000, 0.000),64.325,VALID,(0.061, 0.037, 0.997),(-0.032, 0.000, 0.000),0.575,3.691,6.415,0.872,VALID,(0.020, 0.017, 1.000),(0.032, 0.000, 0.000),0.596,3.797,6.373,0.887,2,0
335923,1000001933723940000,63875742724617,(-0.061, 1.429, 0.289),(-0.009, -0.049, 0.012, 0.999),VALID,(0.023, 0.022, 0.999),(0.000, 0.000, 0.000),64.325,VALID,(0.068, 0.045, 0.997),(-0.032, 0.000, 0.000),0.558,3.579,6.415,0.875,VALID,(0.023, 0.022, 1.000),(0.032, 0.000, 0.000),0.597,3.803,6.373,0.890,2,0
335924,1000001933728946400,63875742724617,(-0.061, 1.429, 0.289),(-0.009, -0.049, 0.012, 0.999),VALID,(0.025, 0.027, 0.999),(0.000, 0.000, 0.000),64.325,VALID,(0.074, 0.054, 0.996),(-0.032, 0.000, 0.000),0.550,3.528,6.415,0.878,VALID,(0.024, 0.027, 0.999),(0.032, 0.000, 0.000),0.598,3.810,6.373,0.892,1.001353,0
335925,1000001933733959500,63875742724628,(-0.061, 1.429, 0.289),(-0.009, -0.049, 0.012, 0.999),VALID,(0.026, 0.032, 0.999),(0.000, 0.000, 0.000),64.325,VALID,(0.078, 0.066, 0.995),(-0.032, 0.000, 0.000),0.556,3.567,6.415,0.882,VALID,(0.025, 0.032, 0.999),(0.032, 0.000, 0.000),0.599,3.815,6.373,0.894,0.8523906,0
335926,1000001933738963100,63875742724639,(-0.061, 1.429, 0.289),(-0.009, -0.049, 0.012, 0.999),VALID,(0.027, 0.035, 0.999),(0.000, 0.000, 0.000),64.325,VALID,(0.080, 0.078, 0.994),(-0.032, 0.000, 0.000),0.561,3.597,6.415,0.884,VALID,(0.026, 0.035, 0.999),(0.032, 0.000, 0.000),0.599,3.819,6.373,0.896,0.7356413,0
335927,1000001933743976200,63875742724639,(-0.061, 1.429, 0.289),(-0.009, -0.049, 0.012, 0.999),VALID,(0.027, 0.038, 0.999),(0.000, 0.000, 0.000),64.325,VALID,(0.081, 0.089, 0.993),(-0.032, 0.000, 0.000),0.569,3.650,6.415,0.886,VALID,(0.027, 0.038, 0.999),(0.032, 0.000, 0.000),0.600,3.821,6.373,0.898,0.6234739,0
335928,1000001933748979800,63875742724639,(-0.061, 1.429, 0.289),(-0.009, -0.049, 0.012, 0.999),VALID,(0.028, 0.041, 0.999),(0.000, 0.000, 0.000),64.325,VALID,(0.082, 0.101, 0.992),(-0.032, 0.000, 0.000),0.579,3.713,6.415,0.887,VALID,(0.028, 0.041, 0.999),(0.032, 0.000, 0.000),0.600,3.824,6.373,0.899,0.5280077,0
335929,1000001933753992900,63875742724650,(-0.061, 1.429, 0.289),(-0.009, -0.049, 0.012, 0.999),VALID,(0.029, 0.043, 0.999),(0.000, 0.000, 0.000),64.325,VALID,(0.083, 0.110, 0.990),(-0.032, 0.000, 0.000),0.581,3.729,6.415,0.889,VALID,(0.029, 0.043, 0.999),(0.032, 0.000, 0.000),0.600,3.827,6.373,0.901,0.4639906,0
335930,1000001933758996500,63875742724650,(-0.061, 1.429, 0.289),(-0.009, -0.049, 0.012, 0.999),VALID,(0.029, 0.045, 0.999),(0.000, 0.000, 0.000),64.325,VALID,(0.085, 0.117, 0.990),(-0.032, 0.000, 0.000),0.581,3.728,6.415,0.890,VALID,(0.029, 0.045, 0.999),(0.032, 0.000, 0.000),0.601,3.830,6.373,0.902,0.4315282,0
335931,1000001933764009600,63875742724650,(-0.061, 1.429, 0.289),(-0.009, -0.049, 0.012, 0.999),VALID,(0.030, 0.047, 0.998),(0.000, 0.000, 0.000),64.325,VALID,(0.088, 0.110, 0.990),(-0.032, 0.000, 0.000),0.546,3.502,6.415,0.892,VALID,(0.030, 0.047, 0.998),(0.032, 0.000, 0.000),0.602,3.836,6.373,0.904,0.497042,0
335932,1000001933769036200,63875742724662,(-0.061, 1.429, 0.289),(-0.009, -0.049, 0.012, 0.999),VALID,(0.031, 0.049, 0.998),(0.000, 0.000, 0.000),64.325,VALID,(0.090, 0.106, 0.990),(-0.032, 0.000, 0.000),0.540,3.464,6.415,0.894,VALID,(0.030, 0.049, 0.998),(0.032, 0.000, 0.000),0.603,3.842,6.373,0.905,0.5504696,0
335933,1000001933774049300,63875742724662,(-0.061, 1.429, 0.289),(-0.009, -0.049, 0.012, 0.999),VALID,(0.031, 0.050, 0.998),(0.000, 0.000, 0.000),64.325,VALID,(0.094, 0.106, 0.990),(-0.032, 0.000, 0.000),0.539,3.461,6.415,0.895,VALID,(0.031, 0.050, 0.998),(0.032, 0.000, 0.000),0.603,3.845,6.373,0.907,0.5643129,0.1759022
335934,1000001933779074100,63875742724672,(-0.061, 1.429, 0.289),(-0.009, -0.049, 0.012, 0.999),VALID,(0.032, 0.052, 0.998),(0.000, 0.000, 0.000),64.325,VALID,(0.099, 0.106, 0.989),(-0.032, 0.000, 0.000),0.539,3.460,6.415,0.901,VALID,(0.031, 0.052, 0.998),(0.032, 0.000, 0.000),0.604,3.851,6.373,0.908,0.5693861,0.3188787
335935,1000001933784077700,63875742724672,(-0.061, 1.429, 0.289),(-0.009, -0.049, 0.012, 0.999),VALID,(0.032, 0.053, 0.998),(0.000, 0.000, 0.000),64.325,VALID,(0.102, 0.109, 0.989),(-0.032, 0.000, 0.000),0.548,3.517,6.415,0.902,VALID,(0.032, 0.053, 0.998),(0.032, 0.000, 0.000),0.605,3.854,6.373,0.909,0.5559573,0.3813426
335936,1000001933789064800,63875742724684,(-0.061, 1.429, 0.289),(-0.009, -0.049, 0.012, 0.999),VALID,(0.032, 0.055, 0.998),(0.000, 0.000, 0.000),64.325,VALID,(0.104, 0.111, 0.988),(-0.032, 0.000, 0.000),0.553,3.546,6.415,0.903,VALID,(0.032, 0.055, 0.998),(0.032, 0.000, 0.000),0.605,3.859,6.373,0.910,0.5451754,0.376611
335937,1000001933794068400,63875742724684,(-0.061, 1.429, 0.289),(-0.009, -0.049, 0.012, 0.999),VALID,(0.033, 0.056, 0.998),(0.000, 0.000, 0.000),64.325,VALID,(0.107, 0.113, 0.988),(-0.032, 0.000, 0.000),0.555,3.558,6.415,0.904,VALID,(0.032, 0.056, 0.998),(0.032, 0.000, 0.000),0.606,3.861,6.373,0.911,0.5340105,0.4237831
335938,1000001933799081500,63875742724684,(-0.061, 1.429, 0.289),(-0.009, -0.049, 0.012, 0.999),VALID,(0.033, 0.056, 0.998),(0.000, 0.000, 0.000),64.325,VALID,(0.109, 0.115, 0.987),(-0.032, 0.000, 0.000),0.556,3.564,6.415,0.906,VALID,(0.033, 0.056, 0.998),(0.032, 0.000, 0.000),0.606,3.864,6.373,0.913,0.5171675,0.404742
335939,1000001933804144700,63875742724695,(-0.061, 1.429, 0.289),(-0.009, -0.049, 0.012, 0.999),VALID,(0.033, 0.056, 0.998),(0.000, 0.000, 0.000),64.325,VALID,(0.110, 0.117, 0.987),(-0.032, 0.000, 0.000),0.556,3.564,6.415,0.908,VALID,(0.033, 0.056, 0.998),(0.032, 0.000, 0.000),0.607,3.867,6.373,0.914,0.5044587,0.7256131
335940,1000001933809144200,63875742724695,(-0.061, 1.429, 0.289),(-0.009, -0.049, 0.012, 0.999),VALID,(0.034, 0.057, 0.998),(0.000, 0.000, 0.000),64.325,VALID,(0.111, 0.120, 0.987),(-0.032, 0.000, 0.000),0.566,3.631,6.415,0.910,VALID,(0.033, 0.057, 0.998),(0.032, 0.000, 0.000),0.607,3.870,6.373,0.915,0.495783,0.5803131
335941,1000001933814146200,63875742724706,(-0.061, 1.429, 0.289),(-0.009, -0.049, 0.012, 0.999),VALID,(0.034, 0.057, 0.998),(0.000, 0.000, 0.000),64.325,VALID,(0.112, 0.122, 0.986),(-0.032, 0.000, 0.000),0.570,3.658,6.415,0.912,VALID,(0.034, 0.057, 0.998),(0.032, 0.000, 0.000),0.608,3.876,6.373,0.916,0.4787363,0.4834836
335942,1000001933819136200,63875742724706,(-0.061, 1.429, 0.289),(-0.009, -0.049, 0.012, 0.999),VALID,(0.034, 0.057, 0.998),(0.000, 0.000, 0.000),64.325,VALID,(0.112, 0.124, 0.986),(-0.032, 0.000, 0.000),0.572,3.668,6.415,0.912,VALID,(0.034, 0.057, 0.998),(0.032, 0.000, 0.000),0.609,3.879,6.373,0.917,0.4651964,0.5070972
335943,1000001933824139000,63875742724717,(-0.061, 1.428, 0.289),(-0.009, -0.049, 0.012, 0.999),VALID,(0.034, 0.057, 0.998),(0.000, 0.000, 0.000),64.325,VALID,(0.112, 0.127, 0.986),(-0.032, 0.000, 0.000),0.576,3.694,6.415,0.912,VALID,(0.034, 0.057, 0.998),(0.032, 0.000, 0.000),0.609,3.883,6.373,0.918,0.45165,0.5562915
335944,1000001933829141800,63875742724717,(-0.061, 1.428, 0.289),(-0.009, -0.049, 0.012, 0.999),VALID,(0.035, 0.057, 0.998),(0.000, 0.000, 0.000),64.325,VALID,(0.111, 0.130, 0.985),(-0.032, 0.000, 0.000),0.589,3.779,6.415,0.912,VALID,(0.035, 0.057, 0.998),(0.032, 0.000, 0.000),0.610,3.886,6.373,0.919,0.4327792,0.5564862
335945,1000001933834194000,63875742724727,(-0.061, 1.428, 0.289),(-0.009, -0.049, 0.012, 0.999),VALID,(0.035, 0.058, 0.998),(0.000, 0.000, 0.000),64.325,VALID,(0.110, 0.133, 0.985),(-0.032, 0.000, 0.000),0.595,3.816,6.415,0.915,VALID,(0.035, 0.058, 0.998),(0.032, 0.000, 0.000),0.610,3.889,6.373,0.920,0.4162815,0.540526
335946,1000001933839196600,63875742724728,(-0.061, 1.428, 0.289),(-0.009, -0.049, 0.012, 0.999),VALID,(0.035, 0.058, 0.998),(0.000, 0.000, 0.000),64.325,VALID,(0.110, 0.136, 0.985),(-0.032, 0.000, 0.000),0.597,3.833,6.415,0.917,VALID,(0.035, 0.058, 0.998),(0.032, 0.000, 0.000),0.610,3.891,6.373,0.921,0.4019321,0.5359814
335947,1000001933844199400,63875742724739,(-0.061, 1.428, 0.289),(-0.009, -0.049, 0.012, 0.999),VALID,(0.036, 0.058, 0.998),(0.000, 0.000, 0.000),64.325,VALID,(0.109, 0.139, 0.984),(-0.032, 0.000, 0.000),0.599,3.842,6.415,0.918,VALID,(0.036, 0.058, 0.998),(0.032, 0.000, 0.000),0.611,3.892,6.373,0.922,0.3901022,0.5657585
335948,1000001933849230800,63875742724739,(-0.061, 1.428, 0.289),(-0.009, -0.049, 0.012, 0.999),VALID,(0.037, 0.059, 0.998),(0.000, 0.000, 0.000),64.325,VALID,(0.108, 0.141, 0.984),(-0.032, 0.000, 0.000),0.600,3.849,6.415,0.918,VALID,(0.037, 0.059, 0.998),(0.032, 0.000, 0.000),0.611,3.894,6.373,0.923,0.3837196,0.4809797
335949,1000001933854233600,63875742724739,(-0.061, 1.428, 0.289),(-0.009, -0.049, 0.012, 0.999),VALID,(0.037, 0.058, 0.998),(0.000, 0.000, 0.000),64.325,VALID,(0.108, 0.142, 0.984),(-0.032, 0.000, 0.000),0.601,3.854,6.415,0.917,VALID,(0.037, 0.058, 0.998),(0.032, 0.000, 0.000),0.612,3.900,6.373,0.923,0.3684342,0.2750643
335950,1000001933859236200,63875742724750,(-0.061, 1.428, 0.289),(-0.009, -0.049, 0.012, 0.999),VALID,(0.036, 0.063, 0.997),(0.000, 0.000, 0.000),64.325,VALID,(0.106, 0.144, 0.984),(-0.032, 0.000, 0.000),0.596,3.826,6.415,0.917,VALID,(0.036, 0.063, 0.997),(0.032, 0.000, 0.000),0.623,3.969,6.373,0.923,0.3877425,0
335951,1000001933864239000,63875742724750,(-0.061, 1.428, 0.289),(-0.009, -0.049, 0.012, 0.999),VALID,(0.027, 0.074, 0.997),(0.000, 0.000, 0.000),64.325,VALID,(0.098, 0.141, 0.985),(-0.032, 0.000, 0.000),0.558,3.577,6.415,0.916,VALID,(0.027, 0.074, 0.997),(0.032, 0.000, 0.000),0.616,3.928,6.373,0.923,0.4682957,0
335952,1000001933869276000,63875742724762,(-0.061, 1.428, 0.289),(-0.008, -0.048, 0.012, 0.999),VALID,(0.017, 0.083, 0.996),(0.000, 0.000, 0.000),64.325,VALID,(0.069, 0.138, 0.988),(-0.032, 0.000, 0.000),0.554,3.553,6.415,0.916,VALID,(0.017, 0.083, 0.996),(0.032, 0.000, 0.000),0.616,3.927,6.373,0.921,0.5729719,0
335953,1000001933874275400,63875742724762,(-0.061, 1.428, 0.289),(-0.008, -0.048, 0.012, 0.999),VALID,(-0.009, 0.096, 0.995),(0.000, 0.000, 0.000),64.325,VALID,(0.027, 0.143, 0.989),(-0.032, 0.000, 0.000),0.563,3.611,6.415,0.916,VALID,(-0.008, 0.096, 0.995),(0.032, 0.000, 0.000),0.616,3.927,6.373,0.919,0.6565638,0
335954,1000001933879278100,63875742724772,(-0.061, 1.428, 0.289),(-0.008, -0.048, 0.012, 0.999),VALID,(-0.047, 0.114, 0.992),(0.000, 0.000, 0.000),64.325,VALID,(-0.007, 0.147, 0.989),(-0.032, 0.000, 0.000),0.566,3.630,6.415,0.917,VALID,(-0.047, 0.114, 0.992),(0.032, 0.000, 0.000),0.616,3.924,6.373,0.913,2,0
335955,1000001933884280800,63875742724772,(-0.061, 1.428, 0.289),(-0.008, -0.048, 0.012, 0.999),VALID,(-0.098, 0.144, 0.985),(0.000, 0.000, 0.000),64.325,VALID,(-0.033, 0.151, 0.988),(-0.032, 0.000, 0.000),0.567,3.636,6.415,0.917,VALID,(-0.098, 0.144, 0.985),(0.032, 0.000, 0.000),0.639,4.070,6.373,0.908,0.969638,0
335956,1000001933889331500,63875742724784,(-0.061, 1.428, 0.289),(-0.008, -0.048, 0.011, 0.999),VALID,(-0.142, 0.171, 0.975),(0.000, 0.000, 0.000),64.325,VALID,(-0.055, 0.156, 0.986),(-0.032, 0.000, 0.000),0.567,3.635,6.415,0.917,VALID,(-0.141, 0.171, 0.975),(0.032, 0.000, 0.000),0.648,4.130,6.373,0.903,0.7068149,0
335957,1000001933894338300,63875742724794,(-0.061, 1.428, 0.289),(-0.008, -0.048, 0.011, 0.999),VALID,(-0.190, 0.198, 0.962),(0.000, 0.000, 0.000),64.325,VALID,(-0.103, 0.167, 0.981),(-0.032, 0.000, 0.000),0.553,3.549,6.415,0.919,VALID,(-0.189, 0.198, 0.962),(0.032, 0.000, 0.000),0.677,4.317,6.373,0.897,0.6323196,0
335958,1000001933899341000,63875742724795,(-0.061, 1.428, 0.289),(-0.008, -0.048, 0.011, 0.999),VALID,(-0.236, 0.202, 0.951),(0.000, 0.000, 0.000),64.325,VALID,(-0.135, 0.178, 0.975),(-0.032, 0.000, 0.000),0.541,3.473,6.415,0.915,VALID,(-0.236, 0.202, 0.951),(0.032, 0.000, 0.000),0.662,4.216,6.373,0.889,0.5686923,0
335959,1000001933904347100,63875742724795,(-0.061, 1.428, 0.289),(-0.008, -0.048, 0.011, 0.999),VALID,(-0.269, 0.206, 0.941),(0.000, 0.000, 0.000),64.325,VALID,(-0.163, 0.186, 0.969),(-0.032, 0.000, 0.000),0.533,3.419,6.415,0.894,VALID,(-0.269, 0.206, 0.941),(0.032, 0.000, 0.000),0.661,4.213,6.373,0.882,0.5499468,0
335960,1000001933909364700,63875742724795,(-0.061, 1.428, 0.289),(-0.008, -0.048, 0.011, 0.999),VALID,(-0.303, 0.204, 0.931),(0.000, 0.000, 0.000),64.325,VALID,(-0.182, 0.193, 0.964),(-0.032, 0.000, 0.000),0.531,3.408,6.415,0.875,VALID,(-0.303, 0.204, 0.931),(0.032, 0.000, 0.000),0.641,4.085,6.373,0.875,0.4885485,0
335961,1000001933914367400,63875742724806,(-0.061, 1.428, 0.289),(-0.008, -0.048, 0.011, 0.999),VALID,(-0.328, 0.212, 0.921),(0.000, 0.000, 0.000),64.325,VALID,(-0.197, 0.197, 0.960),(-0.032, 0.000, 0.000),0.532,3.412,6.415,0.876,VALID,(-0.328, 0.212, 0.921),(0.032, 0.000, 0.000),0.642,4.091,6.373,0.869,0.4423077,0
335962,1000001933919387300,63875742724806,(-0.061, 1.428, 0.289),(-0.008, -0.048, 0.011, 0.999),VALID,(-0.344, 0.222, 0.913),(0.000, 0.000, 0.000),64.325,VALID,(-0.217, 0.196, 0.956),(-0.032, 0.000, 0.000),0.537,3.444,6.415,0.881,VALID,(-0.344, 0.222, 0.913),(0.032, 0.000, 0.000),0.652,4.153,6.373,0.864,0.4346662,0
335963,1000001933924390000,63875742724817,(-0.061, 1.428, 0.289),(-0.008, -0.048, 0.011, 0.999),VALID,(-0.352, 0.229, 0.907),(0.000, 0.000, 0.000),64.325,VALID,(-0.229, 0.195, 0.954),(-0.032, 0.000, 0.000),0.539,3.455,6.415,0.884,VALID,(-0.352, 0.229, 0.907),(0.032, 0.000, 0.000),0.655,4.174,6.373,0.862,0.4271509,0
335964,1000001933929413200,63875742724817,(-0.061, 1.428, 0.289),(-0.008, -0.048, 0.011, 0.999),VALID,(-0.356, 0.237, 0.904),(0.000, 0.000, 0.000),64.325,VALID,(-0.244, 0.198, 0.949),(-0.032, 0.000, 0.000),0.561,3.598,6.415,0.887,VALID,(-0.356, 0.237, 0.904),(0.032, 0.000, 0.000),0.662,4.221,6.373,0.861,0.4430302,0
335965,1000001933934437000,63875742724827,(-0.061, 1.428, 0.289),(-0.008, -0.048, 0.011, 0.999),VALID,(-0.358, 0.243, 0.901),(0.000, 0.000, 0.000),64.325,VALID,(-0.257, 0.199, 0.946),(-0.032, 0.000, 0.000),0.559,3.588,6.415,0.892,VALID,(-0.358, 0.243, 0.901),(0.032, 0.000, 0.000),0.664,4.233,6.373,0.861,0.456549,0
335966,1000001933939443800,63875742724827,(-0.061, 1.428, 0.289),(-0.008, -0.048, 0.011, 0.999),VALID,(-0.360, 0.243, 0.901),(0.000, 0.000, 0.000),64.325,VALID,(-0.265, 0.199, 0.944),(-0.032, 0.000, 0.000),0.555,3.559,6.415,0.899,VALID,(-0.360, 0.243, 0.901),(0.032, 0.000, 0.000),0.659,4.200,6.373,0.861,0.4735655,0
335967,1000001933944471700,63875742724839,(-0.061, 1.428, 0.289),(-0.008, -0.049, 0.011, 0.999),VALID,(-0.362, 0.241, 0.901),(0.000, 0.000, 0.000),64.325,VALID,(-0.269, 0.199, 0.942),(-0.032, 0.000, 0.000),0.553,3.550,6.415,0.906,VALID,(-0.362, 0.241, 0.901),(0.032, 0.000, 0.000),0.653,4.163,6.373,0.862,0.4880058,0
335968,1000001933949478500,63875742724839,(-0.061, 1.428, 0.289),(-0.008, -0.049, 0.011, 0.999),VALID,(-0.363, 0.239, 0.901),(0.000, 0.000, 0.000),64.325,VALID,(-0.271, 0.199, 0.942),(-0.032, 0.000, 0.000),0.553,3.548,6.415,0.912,VALID,(-0.363, 0.239, 0.901),(0.032, 0.000, 0.000),0.650,4.140,6.373,0.862,0.5049492,0
335969,1000001933954492000,63875742724839,(-0.061, 1.428, 0.289),(-0.008, -0.049, 0.011, 0.999),VALID,(-0.363, 0.236, 0.901),(0.000, 0.000, 0.000),64.325,VALID,(-0.273, 0.199, 0.941),(-0.032, 0.000, 0.000),0.553,3.547,6.415,0.920,VALID,(-0.363, 0.236, 0.901),(0.032, 0.000, 0.000),0.647,4.126,6.373,0.862,0.5202463,0
335970,1000001933959498800,63875742724851,(-0.061, 1.428, 0.289),(-0.008, -0.049, 0.011, 0.999),VALID,(-0.363, 0.235, 0.902),(0.000, 0.000, 0.000),64.325,VALID,(-0.273, 0.200, 0.941),(-0.032, 0.000, 0.000),0.553,3.546,6.415,0.927,VALID,(-0.363, 0.235, 0.902),(0.032, 0.000, 0.000),0.646,4.119,6.373,0.863,0.5327657,0
335971,1000001933964567400,63875742724851,(-0.061, 1.428, 0.289),(-0.008, -0.049, 0.011, 0.999),VALID,(-0.363, 0.233, 0.902),(0.000, 0.000, 0.000),64.325,VALID,(-0.273, 0.201, 0.941),(-0.032, 0.000, 0.000),0.553,3.546,6.415,0.937,VALID,(-0.363, 0.233, 0.902),(0.032, 0.000, 0.000),0.646,4.116,6.373,0.864,0.5414053,0
335972,1000001933969574200,63875742724862,(-0.061, 1.428, 0.289),(-0.008, -0.049, 0.011, 0.999),VALID,(-0.363, 0.233, 0.902),(0.000, 0.000, 0.000),64.325,VALID,(-0.274, 0.201, 0.941),(-0.032, 0.000, 0.000),0.553,3.545,6.415,0.942,VALID,(-0.363, 0.233, 0.902),(0.032, 0.000, 0.000),0.646,4.115,6.373,0.865,0.548274,0
335973,1000001933974587700,63875742724862,(-0.061, 1.428, 0.289),(-0.008, -0.049, 0.011, 0.999),VALID,(-0.363, 0.232, 0.903),(0.000, 0.000, 0.000),64.325,VALID,(-0.273, 0.202, 0.940),(-0.032, 0.000, 0.000),0.553,3.545,6.415,0.948,VALID,(-0.363, 0.232, 0.903),(0.032, 0.000, 0.000),0.645,4.111,6.373,0.866,0.5548617,0
335974,1000001933979552500,63875742724873,(-0.061, 1.428, 0.289),(-0.008, -0.049, 0.011, 0.999),VALID,(-0.363, 0.231, 0.903),(0.000, 0.000, 0.000),64.325,VALID,(-0.273, 0.203, 0.940),(-0.032, 0.000, 0.000),0.553,3.545,6.415,0.951,VALID,(-0.363, 0.231, 0.903),(0.032, 0.000, 0.000),0.645,4.109,6.373,0.867,0.5609751,0
335975,1000001933984549300,63875742724873,(-0.061, 1.428, 0.289),(-0.008, -0.049, 0.011, 0.999),VALID,(-0.363, 0.230, 0.903),(0.000, 0.000, 0.000),64.325,VALID,(-0.273, 0.205, 0.940),(-0.032, 0.000, 0.000),0.555,3.563,6.415,0.954,VALID,(-0.363, 0.230, 0.903),(0.032, 0.000, 0.000),0.645,4.108,6.373,0.869,0.5711694,0
335976,1000001933989557200,63875742724884,(-0.061, 1.428, 0.289),(-0.008, -0.049, 0.011, 0.999),VALID,(-0.362, 0.229, 0.903),(0.000, 0.000, 0.000),64.325,VALID,(-0.273, 0.212, 0.938),(-0.032, 0.000, 0.000),0.560,3.594,6.415,0.957,VALID,(-0.362, 0.229, 0.903),(0.032, 0.000, 0.000),0.644,4.105,6.373,0.871,0.6015818,0
335977,1000001933994591400,63875742724884,(-0.061, 1.428, 0.289),(-0.008, -0.049, 0.011, 0.999),VALID,(-0.362, 0.229, 0.904),(0.000, 0.000, 0.000),64.325,VALID,(-0.274, 0.217, 0.937),(-0.032, 0.000, 0.000),0.562,3.604,6.415,0.961,VALID,(-0.362, 0.229, 0.904),(0.032, 0.000, 0.000),0.644,4.102,6.373,0.872,0.6239937,0
335978,1000001933999623300,63875742724895,(-0.061, 1.428, 0.289),(-0.007, -0.049, 0.011, 0.999),VALID,(-0.362, 0.228, 0.904),(0.000, 0.000, 0.000),64.325,VALID,(-0.274, 0.223, 0.935),(-0.032, 0.000, 0.000),0.566,3.628,6.415,0.962,VALID,(-0.362, 0.228, 0.904),(0.032, 0.000, 0.000),0.643,4.098,6.373,0.874,0.6435903,0
335979,1000001934004640800,63875742724895,(-0.061, 1.428, 0.289),(-0.007, -0.049, 0.011, 0.999),VALID,(-0.362, 0.228, 0.904),(0.000, 0.000, 0.000),64.325,VALID,(-0.274, 0.229, 0.934),(-0.032, 0.000, 0.000),0.567,3.636,6.415,0.964,VALID,(-0.362, 0.228, 0.904),(0.032, 0.000, 0.000),0.643,4.096,6.373,0.875,0.6556946,0
335980,1000001934009660600,63875742724895,(-0.061, 1.428, 0.289),(-0.007, -0.049, 0.011, 0.999),VALID,(-0.362, 0.227, 0.904),(0.000, 0.000, 0.000),64.325,VALID,(-0.275, 0.234, 0.933),(-0.032, 0.000, 0.000),0.568,3.643,6.415,0.966,VALID,(-0.362, 0.227, 0.904),(0.032, 0.000, 0.000),0.642,4.094,6.373,0.877,0.6610917,0.3019427
335981,1000001934014680400,63875742724906,(-0.061, 1.428, 0.289),(-0.007, -0.049, 0.011, 0.999),VALID,(-0.362, 0.227, 0.904),(0.000, 0.000, 0.000),64.325,VALID,(-0.275, 0.237, 0.932),(-0.032, 0.000, 0.000),0.568,3.643,6.415,0.968,VALID,(-0.362, 0.227, 0.904),(0.032, 0.000, 0.000),0.642,4.093,6.373,0.879,0.6619956,0.5369734
335982,1000001934019700200,63875742724906,(-0.061, 1.428, 0.289),(-0.007, -0.049, 0.011, 0.999),VALID,(-0.362, 0.226, 0.904),(0.000, 0.000, 0.000),64.325,VALID,(-0.275, 0.240, 0.931),(-0.032, 0.000, 0.000),0.568,3.643,6.415,0.970,VALID,(-0.362, 0.226, 0.904),(0.032, 0.000, 0.000),0.642,4.092,6.373,0.880,0.6605092,0.5728582
335983,1000001934024720000,63875742724917,(-0.061, 1.428, 0.289),(-0.007, -0.049, 0.011, 0.999),VALID,(-0.361, 0.226, 0.905),(0.000, 0.000, 0.000),64.325,VALID,(-0.275, 0.241, 0.931),(-0.032, 0.000, 0.000),0.568,3.642,6.415,0.972,VALID,(-0.361, 0.226, 0.905),(0.032, 0.000, 0.000),0.642,4.090,6.373,0.882,0.6585338,0.7232144
335984,1000001934029665000,63875742724917,(-0.061, 1.428, 0.289),(-0.007, -0.049, 0.011, 0.999),VALID,(-0.361, 0.226, 0.905),(0.000, 0.000, 0.000),64.325,VALID,(-0.275, 0.242, 0.930),(-0.032, 0.000, 0.000),0.567,3.640,6.415,0.974,VALID,(-0.361, 0.226, 0.905),(0.032, 0.000, 0.000),0.642,4.089,6.373,0.884,0.657163,0.7318862
335985,1000001934034684800,63875742724928,(-0.061, 1.428, 0.289),(-0.007, -0.049, 0.011, 0.999),VALID,(-0.361, 0.225, 0.905),(0.000, 0.000, 0.000),64.325,VALID,(-0.274, 0.242, 0.931),(-0.032, 0.000, 0.000),0.565,3.625,6.415,0.976,VALID,(-0.361, 0.225, 0.905),(0.032, 0.000, 0.000),0.641,4.088,6.373,0.886,0.6567426,0.8939734
335986,1000001934039733700,63875742724929,(-0.061, 1.428, 0.289),(-0.007, -0.049, 0.011, 0.999),VALID,(-0.361, 0.225, 0.905),(0.000, 0.000, 0.000),64.325,VALID,(-0.274, 0.241, 0.931),(-0.032, 0.000, 0.000),0.564,3.617,6.415,0.977,VALID,(-0.361, 0.225, 0.905),(0.032, 0.000, 0.000),0.641,4.085,6.373,0.888,0.6555836,0.9547443
335987,1000001934044758000,63875742724939,(-0.062, 1.428, 0.289),(-0.007, -0.049, 0.011, 0.999),VALID,(-0.361, 0.225, 0.905),(0.000, 0.000, 0.000),64.325,VALID,(-0.273, 0.240, 0.931),(-0.032, 0.000, 0.000),0.563,3.614,6.415,0.978,VALID,(-0.361, 0.225, 0.905),(0.032, 0.000, 0.000),0.640,4.081,6.373,0.890,0.6536301,1
335988,1000001934049705700,63875742724939,(-0.062, 1.428, 0.289),(-0.007, -0.049, 0.011, 0.999),VALID,(-0.361, 0.225, 0.905),(0.000, 0.000, 0.000),64.325,VALID,(-0.273, 0.239, 0.932),(-0.032, 0.000, 0.000),0.562,3.608,6.415,0.980,VALID,(-0.361, 0.225, 0.905),(0.032, 0.000, 0.000),0.640,4.078,6.373,0.893,0.6530579,1
335989,1000001934054730000,63875742724951,(-0.062, 1.428, 0.289),(-0.007, -0.049, 0.011, 0.999),VALID,(-0.360, 0.225, 0.905),(0.000, 0.000, 0.000),64.325,VALID,(-0.272, 0.239, 0.932),(-0.032, 0.000, 0.000),0.562,3.605,6.415,0.980,VALID,(-0.360, 0.225, 0.905),(0.032, 0.000, 0.000),0.639,4.075,6.373,0.895,0.6524244,1
335990,1000001934059740700,63875742724951,(-0.062, 1.428, 0.289),(-0.007, -0.049, 0.011, 0.999),VALID,(-0.360, 0.225, 0.905),(0.000, 0.000, 0.000),64.325,VALID,(-0.272, 0.238, 0.932),(-0.032, 0.000, 0.000),0.562,3.603,6.415,0.982,VALID,(-0.360, 0.225, 0.905),(0.032, 0.000, 0.000),0.639,4.073,6.373,0.897,0.6519731,1
335991,1000001934064768200,63875742724962,(-0.061, 1.428, 0.289),(-0.007, -0.049, 0.011, 0.999),VALID,(-0.360, 0.224, 0.906),(0.000, 0.000, 0.000),64.325,VALID,(-0.272, 0.238, 0.932),(-0.032, 0.000, 0.000),0.562,3.603,6.415,0.983,VALID,(-0.360, 0.224, 0.906),(0.032, 0.000, 0.000),0.639,4.071,6.373,0.899,0.6511639,1
335992,1000001934069778900,63875742724962,(-0.061, 1.428, 0.289),(-0.007, -0.049, 0.011, 0.999),VALID,(-0.360, 0.224, 0.906),(0.000, 0.000, 0.000),64.325,VALID,(-0.272, 0.240, 0.932),(-0.032, 0.000, 0.000),0.563,3.609,6.415,0.984,VALID,(-0.360, 0.224, 0.906),(0.032, 0.000, 0.000),0.639,4.070,6.373,0.901,0.6495231,1
335993,1000001934074803500,63875742724973,(-0.062, 1.428, 0.289),(-0.007, -0.049, 0.011, 0.999),VALID,(-0.360, 0.224, 0.906),(0.000, 0.000, 0.000),64.325,VALID,(-0.272, 0.241, 0.932),(-0.032, 0.000, 0.000),0.563,3.613,6.415,0.985,VALID,(-0.360, 0.224, 0.906),(0.032, 0.000, 0.000),0.638,4.068,6.373,0.903,0.647721,1
335994,1000001934079814200,63875742724973,(-0.062, 1.428, 0.289),(-0.007, -0.049, 0.011, 0.999),VALID,(-0.360, 0.224, 0.906),(0.000, 0.000, 0.000),64.325,VALID,(-0.272, 0.243, 0.931),(-0.032, 0.000, 0.000),0.563,3.614,6.415,0.986,VALID,(-0.360, 0.224, 0.906),(0.032, 0.000, 0.000),0.638,4.066,6.373,0.904,0.6455812,1
335995,1000001934084804800,63875742724984,(-0.061, 1.428, 0.289),(-0.007, -0.049, 0.011, 0.999),VALID,(-0.359, 0.224, 0.906),(0.000, 0.000, 0.000),64.325,VALID,(-0.272, 0.244, 0.931),(-0.032, 0.000, 0.000),0.563,3.614,6.415,0.987,VALID,(-0.359, 0.224, 0.906),(0.032, 0.000, 0.000),0.637,4.062,6.373,0.905,0.6437522,1
335996,1000001934089793700,63875742724984,(-0.061, 1.428, 0.289),(-0.007, -0.049, 0.011, 0.999),VALID,(-0.359, 0.224, 0.906),(0.000, 0.000, 0.000),64.325,VALID,(-0.272, 0.245, 0.931),(-0.032, 0.000, 0.000),0.563,3.614,6.415,0.987,VALID,(-0.359, 0.224, 0.906),(0.032, 0.000, 0.000),0.637,4.059,6.373,0.906,0.6417982,1
335997,1000001934094804400,63875742724995,(-0.061, 1.428, 0.289),(-0.007, -0.049, 0.011, 0.999),VALID,(-0.359, 0.223, 0.906),(0.000, 0.000, 0.000),64.325,VALID,(-0.272, 0.246, 0.930),(-0.032, 0.000, 0.000),0.563,3.610,6.415,0.988,VALID,(-0.359, 0.223, 0.906),(0.032, 0.000, 0.000),0.637,4.057,6.373,0.907,0.6403341,1
335998,1000001934099839100,63875742725007,(-0.061, 1.428, 0.289),(-0.007, -0.049, 0.011, 0.999),VALID,(-0.359, 0.223, 0.906),(0.000, 0.000, 0.000),64.325,VALID,(-0.272, 0.246, 0.930),(-0.032, 0.000, 0.000),0.562,3.606,6.415,0.989,VALID,(-0.359, 0.223, 0.906),(0.032, 0.000, 0.000),0.636,4.053,6.373,0.908,0.6396589,1
335999,1000001934104849800,63875742725007,(-0.061, 1.428, 0.289),(-0.007, -0.049, 0.011, 0.999),VALID,(-0.359, 0.223, 0.906),(0.000, 0.000, 0.000),64.325,VALID,(-0.272, 0.246, 0.930),(-0.032, 0.000, 0.000),0.562,3.603,6.415,0.989,VALID,(-0.359, 0.223, 0.906),(0.032, 0.000, 0.000),0.635,4.050,6.373,0.909,0.6391836,1
336000,1000001934109874400,63875742725007,(-0.061, 1.428, 0.289),(-0.007, -0.049, 0.011, 0.999),VALID,(-0.359, 0.223, 0.906),(0.000, 0.000, 0.000),64.325,VALID,(-0.272, 0.246, 0.930),(-0.032, 0.000, 0.000),0.561,3.601,6.415,0.990,VALID,(-0.359, 0.223, 0.906),(0.032, 0.000, 0.000),0.635,4.047,6.373,0.910,0.638889,1
336001,1000001934114900800,63875742725017,(-0.061, 1.428, 0.289),(-0.007, -0.049, 0.011, 0.999),VALID,(-0.359, 0.223, 0.906),(0.000, 0.000, 0.000),64.325,VALID,(-0.272, 0.246, 0.930),(-0.032, 0.000, 0.000),0.561,3.600,6.415,0.990,VALID,(-0.359, 0.223, 0.906),(0.032, 0.000, 0.000),0.635,4.044,6.373,0.911,0.6384075,1
336002,1000001934119922500,63875742725017,(-0.061, 1.428, 0.289),(-0.007, -0.049, 0.011, 0.999),VALID,(-0.359, 0.223, 0.906),(0.000, 0.000, 0.000),64.325,VALID,(-0.271, 0.247, 0.930),(-0.032, 0.000, 0.000),0.561,3.599,6.415,0.991,VALID,(-0.359, 0.223, 0.906),(0.032, 0.000, 0.000),0.634,4.043,6.373,0.912,0.6380896,1
336003,1000001934124933200,63875742725027,(-0.062, 1.428, 0.289),(-0.007, -0.049, 0.011, 0.999),VALID,(-0.359, 0.222, 0.907),(0.000, 0.000, 0.000),64.325,VALID,(-0.271, 0.247, 0.930),(-0.032, 0.000, 0.000),0.561,3.599,6.415,0.992,VALID,(-0.359, 0.222, 0.907),(0.032, 0.000, 0.000),0.634,4.041,6.373,0.913,0.6374948,1
336004,1000001934129954900,63875742725027,(-0.062, 1.428, 0.289),(-0.007, -0.049, 0.011, 0.999),VALID,(-0.359, 0.222, 0.907),(0.000, 0.000, 0.000),64.325,VALID,(-0.271, 0.246, 0.930),(-0.032, 0.000, 0.000),0.561,3.597,6.415,0.992,VALID,(-0.359, 0.222, 0.907),(0.032, 0.000, 0.000),0.634,4.040,6.373,0.914,0.6373582,1
336005,1000001934134965600,63875742725028,(-0.062, 1.428, 0.289),(-0.007, -0.049, 0.011, 0.999),VALID,(-0.359, 0.222, 0.907),(0.000, 0.000, 0.000),64.325,VALID,(-0.271, 0.246, 0.931),(-0.032, 0.000, 0.000),0.560,3.595,6.415,0.992,VALID,(-0.359, 0.222, 0.907),(0.032, 0.000, 0.000),0.634,4.039,6.373,0.914,0.6372998,1
336006,1000001934139937300,63875742725039,(-0.062, 1.428, 0.289),(-0.007, -0.049, 0.011, 0.999),VALID,(-0.359, 0.222, 0.907),(0.000, 0.000, 0.000),64.325,VALID,(-0.271, 0.246, 0.931),(-0.032, 0.000, 0.000),0.560,3.595,6.415,0.993,VALID,(-0.359, 0.222, 0.907),(0.032, 0.000, 0.000),0.633,4.037,6.373,0.915,0.6369197,1
336007,1000001934144948000,63875742725039,(-0.062, 1.428, 0.289),(-0.007, -0.049, 0.011, 0.999),VALID,(-0.359, 0.222, 0.907),(0.000, 0.000, 0.000),64.325,VALID,(-0.271, 0.246, 0.931),(-0.032, 0.000, 0.000),0.560,3.592,6.415,0.993,VALID,(-0.359, 0.222, 0.907),(0.032, 0.000, 0.000),0.633,4.036,6.373,0.916,0.6369128,1
336008,1000001934149958700,63875742725039,(-0.062, 1.428, 0.289),(-0.007, -0.049, 0.011, 0.999),VALID,(-0.359, 0.222, 0.907),(0.000, 0.000, 0.000),64.325,VALID,(-0.271, 0.245, 0.931),(-0.032, 0.000, 0.000),0.559,3.588,6.415,0.993,VALID,(-0.359, 0.222, 0.907),(0.032, 0.000, 0.000),0.633,4.035,6.373,0.916,0.6368393,1
336009,1000001934154969400,63875742725051,(-0.062, 1.428, 0.289),(-0.007, -0.049, 0.011, 0.999),VALID,(-0.358, 0.222, 0.907),(0.000, 0.000, 0.000),64.325,VALID,(-0.271, 0.245, 0.931),(-0.032, 0.000, 0.000),0.559,3.587,6.415,0.994,VALID,(-0.358, 0.222, 0.907),(0.032, 0.000, 0.000),0.633,4.033,6.373,0.917,0.6366361,1
336010,1000001934159980100,63875742725051,(-0.062, 1.428, 0.289),(-0.007, -0.049, 0.011, 0.999),VALID,(-0.358, 0.221, 0.907),(0.000, 0.000, 0.000),64.325,VALID,(-0.271, 0.245, 0.931),(-0.032, 0.000, 0.000),0.559,3.586,6.415,0.994,VALID,(-0.358, 0.221, 0.907),(0.032, 0.000, 0.000),0.632,4.031,6.373,0.917,0.6365653,1
336011,1000001934164990800,63875742725062,(-0.062, 1.428, 0.289),(-0.007, -0.049, 0.011, 0.999),VALID,(-0.358, 0.221, 0.907),(0.000, 0.000, 0.000),64.325,VALID,(-0.271, 0.245, 0.931),(-0.032, 0.000, 0.000),0.559,3.585,6.415,0.994,VALID,(-0.358, 0.221, 0.907),(0.032, 0.000, 0.000),0.632,4.028,6.373,0.917,0.6368994,1
336012,1000001934170001500,63875742725072,(-0.061, 1.428, 0.289),(-0.007, -0.049, 0.011, 0.999),VALID,(-0.358, 0.220, 0.907),(0.000, 0.000, 0.000),64.325,VALID,(-0.271, 0.245, 0.931),(-0.032, 0.000, 0.000),0.547,3.512,6.415,0.994,VALID,(-0.358, 0.220, 0.907),(0.032, 0.000, 0.000),0.629,4.006,6.373,0.917,0.6398174,0.9397389
336013,1000001934175046700,63875742725072,(-0.061, 1.428, 0.289),(-0.007, -0.049, 0.011, 0.999),VALID,(-0.358, 0.220, 0.907),(0.000, 0.000, 0.000),64.325,VALID,(-0.273, 0.246, 0.930),(-0.032, 0.000, 0.000),0.549,3.523,6.415,0.995,VALID,(-0.358, 0.220, 0.907),(0.032, 0.000, 0.000),0.626,3.992,6.373,0.917,0.6433347,0.8377112
336014,1000001934180048700,63875742725072,(-0.061, 1.428, 0.289),(-0.007, -0.049, 0.011, 0.999),VALID,(-0.359, 0.219, 0.907),(0.000, 0.000, 0.000),64.325,VALID,(-0.275, 0.247, 0.929),(-0.032, 0.000, 0.000),0.556,3.566,6.415,0.995,VALID,(-0.359, 0.219, 0.907),(0.032, 0.000, 0.000),0.624,3.980,6.373,0.917,0.6472236,0.7328693
336015,1000001934185070400,63875742725084,(-0.061, 1.428, 0.289),(-0.007, -0.049, 0.011, 0.999),VALID,(-0.360, 0.219, 0.907),(0.000, 0.000, 0.000),64.325,VALID,(-0.277, 0.249, 0.928),(-0.032, 0.000, 0.000),0.557,3.571,6.415,0.995,VALID,(-0.360, 0.219, 0.907),(0.032, 0.000, 0.000),0.622,3.965,6.373,0.916,0.6484638,0.6561384
336016,1000001934190072400,63875742725084,(-0.061, 1.428, 0.289),(-0.007, -0.049, 0.011, 0.999),VALID,(-0.362, 0.219, 0.906),(0.000, 0.000, 0.000),64.325,VALID,(-0.279, 0.250, 0.927),(-0.032, 0.000, 0.000),0.557,3.574,6.415,0.995,VALID,(-0.362, 0.219, 0.906),(0.032, 0.000, 0.000),0.621,3.960,6.373,0.916,0.647254,0.6004478
336017,1000001934195074400,63875742725094,(-0.061, 1.428, 0.289),(-0.007, -0.049, 0.011, 0.999),VALID,(-0.364, 0.219, 0.905),(0.000, 0.000, 0.000),64.325,VALID,(-0.282, 0.251, 0.926),(-0.032, 0.000, 0.000),0.557,3.576,6.415,0.995,VALID,(-0.364, 0.219, 0.905),(0.032, 0.000, 0.000),0.621,3.956,6.373,0.916,0.6445291,0.5798482
336018,1000001934200076400,63875742725094,(-0.061, 1.428, 0.289),(-0.007, -0.049, 0.011, 0.999),VALID,(-0.366, 0.219, 0.904),(0.000, 0.000, 0.000),64.325,VALID,(-0.284, 0.251, 0.925),(-0.032, 0.000, 0.000),0.557,3.576,6.415,0.995,VALID,(-0.366, 0.219, 0.904),(0.032, 0.000, 0.000),0.620,3.952,6.373,0.916,0.6399352,0.5617819
336019,1000001934205087600,63875742725094,(-0.061, 1.428, 0.289),(-0.007, -0.049, 0.011, 0.999),VALID,(-0.369, 0.219, 0.903),(0.000, 0.000, 0.000),64.325,VALID,(-0.286, 0.252, 0.925),(-0.032, 0.000, 0.000),0.557,3.576,6.415,0.995,VALID,(-0.369, 0.219, 0.903),(0.032, 0.000, 0.000),0.620,3.949,6.373,0.916,0.6347421,0.5613199
336020,1000001934210162300,63875742725094,(-0.061, 1.428, 0.289),(-0.007, -0.049, 0.011, 0.999),VALID,(-0.371, 0.219, 0.903),(0.000, 0.000, 0.000),64.325,VALID,(-0.287, 0.252, 0.924),(-0.032, 0.000, 0.000),0.557,3.576,6.415,0.995,VALID,(-0.371, 0.219, 0.903),(0.032, 0.000, 0.000),0.620,3.948,6.373,0.916,0.6298216,0.5649948
336021,1000001934215153700,63875742725106,(-0.061, 1.428, 0.289),(-0.007, -0.049, 0.011, 0.999),VALID,(-0.372, 0.219, 0.902),(0.000, 0.000, 0.000),64.325,VALID,(-0.289, 0.253, 0.923),(-0.032, 0.000, 0.000),0.558,3.581,6.415,0.995,VALID,(-0.372, 0.219, 0.902),(0.032, 0.000, 0.000),0.619,3.947,6.373,0.916,0.6227692,0.5652301
336022,1000001934220164900,63875742725106,(-0.061, 1.428, 0.289),(-0.007, -0.049, 0.011, 0.999),VALID,(-0.374, 0.219, 0.901),(0.000, 0.000, 0.000),64.325,VALID,(-0.291, 0.254, 0.922),(-0.032, 0.000, 0.000),0.560,3.590,6.415,0.996,VALID,(-0.374, 0.219, 0.901),(0.032, 0.000, 0.000),0.619,3.947,6.373,0.916,0.6170828,0.5610566
336023,1000001934225174200,63875742725117,(-0.061, 1.429, 0.289),(-0.007, -0.048, 0.011, 0.999),VALID,(-0.375, 0.219, 0.901),(0.000, 0.000, 0.000),64.325,VALID,(-0.292, 0.256, 0.922),(-0.032, 0.000, 0.000),0.561,3.599,6.415,0.996,VALID,(-0.375, 0.219, 0.901),(0.032, 0.000, 0.000),0.619,3.947,6.373,0.916,0.609238,0.5558468
336024,1000001934230185400,63875742725117,(-0.061, 1.429, 0.289),(-0.007, -0.048, 0.011, 0.999),VALID,(-0.377, 0.219, 0.900),(0.000, 0.000, 0.000),64.325,VALID,(-0.293, 0.258, 0.921),(-0.032, 0.000, 0.000),0.562,3.603,6.415,0.996,VALID,(-0.377, 0.219, 0.900),(0.032, 0.000, 0.000),0.619,3.946,6.373,0.916,0.6019216,0.5528108
336025,1000001934235194700,63875742725127,(-0.062, 1.429, 0.289),(-0.007, -0.048, 0.011, 0.999),VALID,(-0.378, 0.219, 0.900),(0.000, 0.000, 0.000),64.325,VALID,(-0.294, 0.259, 0.920),(-0.032, 0.000, 0.000),0.562,3.605,6.415,0.996,VALID,(-0.378, 0.219, 0.900),(0.032, 0.000, 0.000),0.619,3.946,6.373,0.916,0.5953823,0.5497398
336026,1000001934240195000,63875742725127,(-0.062, 1.429, 0.289),(-0.007, -0.048, 0.011, 0.999),VALID,(-0.378, 0.219, 0.899),(0.000, 0.000, 0.000),64.325,VALID,(-0.295, 0.260, 0.919),(-0.032, 0.000, 0.000),0.562,3.607,6.415,0.996,VALID,(-0.378, 0.219, 0.899),(0.032, 0.000, 0.000),0.619,3.945,6.373,0.916,0.5893631,0.5487459
336027,1000001934245197300,63875742725139,(-0.061, 1.429, 0.289),(-0.007, -0.048, 0.012, 0.999),VALID,(-0.379, 0.219, 0.899),(0.000, 0.000, 0.000),64.325,VALID,(-0.296, 0.262, 0.919),(-0.032, 0.000, 0.000),0.563,3.609,6.415,0.996,VALID,(-0.379, 0.219, 0.899),(0.032, 0.000, 0.000),0.619,3.944,6.373,0.916,0.5822917,0.5535133
336028,1000001934250199500,63875742725139,(-0.061, 1.429, 0.289),(-0.007, -0.048, 0.012, 0.999),VALID,(-0.380, 0.219, 0.899),(0.000, 0.000, 0.000),64.325,VALID,(-0.296, 0.263, 0.918),(-0.032, 0.000, 0.000),0.563,3.610,6.415,0.997,VALID,(-0.380, 0.219, 0.899),(0.032, 0.000, 0.000),0.619,3.943,6.373,0.916,0.5757596,0.5530113
336029,1000001934255201700,63875742725150,(-0.061, 1.429, 0.289),(-0.007, -0.048, 0.011, 0.999),VALID,(-0.380, 0.219, 0.899),(0.000, 0.000, 0.000),64.325,VALID,(-0.297, 0.264, 0.917),(-0.032, 0.000, 0.000),0.563,3.612,6.415,0.997,VALID,(-0.380, 0.219, 0.899),(0.032, 0.000, 0.000),0.619,3.943,6.373,0.916,0.5726534,0.5983717
336030,1000001934260218400,63875742725150,(-0.061, 1.429, 0.289),(-0.007, -0.048, 0.011, 0.999),VALID,(-0.381, 0.219, 0.898),(0.000, 0.000, 0.000),64.325,VALID,(-0.298, 0.265, 0.917),(-0.032, 0.000, 0.000),0.563,3.614,6.415,0.997,VALID,(-0.381, 0.219, 0.898),(0.032, 0.000, 0.000),0.619,3.942,6.373,0.916,0.5692685,0.6728539
336031,1000001934265227700,63875742725151,(-0.061, 1.429, 0.289),(-0.007, -0.048, 0.011, 0.999),VALID,(-0.381, 0.219, 0.898),(0.000, 0.000, 0.000),64.325,VALID,(-0.298, 0.266, 0.917),(-0.032, 0.000, 0.000),0.563,3.614,6.415,0.997,VALID,(-0.381, 0.219, 0.898),(0.032, 0.000, 0.000),0.618,3.941,6.373,0.916,0.5663683,0.7592863
336032,1000001934270259100,63875742725161,(-0.061, 1.429, 0.289),(-0.007, -0.048, 0.012, 0.999),VALID,(-0.381, 0.219, 0.898),(0.000, 0.000, 0.000),64.325,VALID,(-0.299, 0.267, 0.916),(-0.032, 0.000, 0.000),0.563,3.614,6.415,0.997,VALID,(-0.381, 0.219, 0.898),(0.032, 0.000, 0.000),0.618,3.941,6.373,0.916,0.5636488,0.874101
336033,1000001934275297800,63875742725161,(-0.061, 1.429, 0.289),(-0.007, -0.048, 0.012, 0.999),VALID,(-0.382, 0.219, 0.898),(0.000, 0.000, 0.000),64.325,VALID,(-0.299, 0.267, 0.916),(-0.032, 0.000, 0.000),0.563,3.614,6.415,0.997,VALID,(-0.382, 0.219, 0.898),(0.032, 0.000, 0.000),0.618,3.940,6.373,0.916,0.5611731,0.9785935
336034,1000001934280307200,63875742725172,(-0.062, 1.429, 0.289),(-0.007, -0.048, 0.012, 0.999),VALID,(-0.382, 0.219, 0.898),(0.000, 0.000, 0.000),64.325,VALID,(-0.299, 0.268, 0.916),(-0.032, 0.000, 0.000),0.563,3.614,6.415,0.997,VALID,(-0.382, 0.219, 0.898),(0.032, 0.000, 0.000),0.618,3.938,6.373,0.916,0.5590907,1
336035,1000001934285300600,63875742725172,(-0.062, 1.429, 0.289),(-0.007, -0.048, 0.012, 0.999),VALID,(-0.382, 0.219, 0.898),(0.000, 0.000, 0.000),64.325,VALID,(-0.300, 0.268, 0.916),(-0.032, 0.000, 0.000),0.563,3.612,6.415,0.997,VALID,(-0.382, 0.219, 0.898),(0.032, 0.000, 0.000),0.618,3.937,6.373,0.916,0.5575166,1
336036,1000001934290309900,63875742725184,(-0.062, 1.429, 0.289),(-0.007, -0.048, 0.012, 0.999),VALID,(-0.382, 0.219, 0.898),(0.000, 0.000, 0.000),64.325,VALID,(-0.300, 0.268, 0.916),(-0.032, 0.000, 0.000),0.563,3.611,6.415,0.997,VALID,(-0.382, 0.219, 0.898),(0.032, 0.000, 0.000),0.618,3.935,6.373,0.916,0.557318,1
336037,1000001934295319200,63875742725184,(-0.062, 1.429, 0.289),(-0.007, -0.048, 0.012, 0.999),VALID,(-0.382, 0.219, 0.898),(0.000, 0.000, 0.000),64.325,VALID,(-0.300, 0.268, 0.916),(-0.032, 0.000, 0.000),0.563,3.609,6.415,0.998,VALID,(-0.382, 0.219, 0.898),(0.032, 0.000, 0.000),0.617,3.934,6.373,0.916,0.5566813,1
336038,1000001934300329900,63875742725195,(-0.062, 1.429, 0.289),(-0.007, -0.048, 0.012, 0.999),VALID,(-0.383, 0.219, 0.897),(0.000, 0.000, 0.000),64.325,VALID,(-0.300, 0.268, 0.915),(-0.032, 0.000, 0.000),0.563,3.609,6.415,0.998,VALID,(-0.383, 0.219, 0.897),(0.032, 0.000, 0.000),0.617,3.933,6.373,0.916,0.5560217,1
336039,1000001934305339200,63875742725195,(-0.062, 1.429, 0.289),(-0.007, -0.048, 0.012, 0.999),VALID,(-0.383, 0.219, 0.897),(0.000, 0.000, 0.000),64.325,VALID,(-0.300, 0.268, 0.915),(-0.032, 0.000, 0.000),0.562,3.607,6.415,0.998,VALID,(-0.383, 0.219, 0.897),(0.032, 0.000, 0.000),0.617,3.932,6.373,0.916,0.5554293,1
336040,1000001934310335600,63875742725206,(-0.062, 1.429, 0.289),(-0.007, -0.048, 0.012, 0.999),VALID,(-0.383, 0.219, 0.897),(0.000, 0.000, 0.000),64.325,VALID,(-0.300, 0.268, 0.915),(-0.032, 0.000, 0.000),0.561,3.602,6.415,0.998,VALID,(-0.383, 0.219, 0.897),(0.032, 0.000, 0.000),0.617,3.931,6.373,0.916,0.5549679,1
336041,1000001934315344900,63875742725206,(-0.062, 1.429, 0.289),(-0.007, -0.048, 0.012, 0.999),VALID,(-0.383, 0.219, 0.897),(0.000, 0.000, 0.000),64.325,VALID,(-0.300, 0.268, 0.915),(-0.032, 0.000, 0.000),0.561,3.601,6.415,0.998,VALID,(-0.383, 0.219, 0.897),(0.032, 0.000, 0.000),0.617,3.931,6.373,0.916,0.5540839,1
336042,1000001934320395100,63875742725206,(-0.062, 1.429, 0.289),(-0.007, -0.048, 0.012, 0.999),VALID,(-0.383, 0.219, 0.897),(0.000, 0.000, 0.000),64.325,VALID,(-0.300, 0.269, 0.915),(-0.032, 0.000, 0.000),0.561,3.601,6.415,0.998,VALID,(-0.383, 0.219, 0.897),(0.032, 0.000, 0.000),0.617,3.930,6.373,0.916,0.5520048,1
336043,1000001934325404400,63875742725217,(-0.062, 1.429, 0.289),(-0.007, -0.048, 0.012, 0.999),VALID,(-0.383, 0.219, 0.897),(0.000, 0.000, 0.000),64.325,VALID,(-0.300, 0.269, 0.915),(-0.032, 0.000, 0.000),0.561,3.601,6.415,0.998,VALID,(-0.383, 0.219, 0.897),(0.032, 0.000, 0.000),0.616,3.928,6.373,0.916,0.5517048,1
336044,1000001934330419100,63875742725217,(-0.062, 1.429, 0.289),(-0.007, -0.048, 0.012, 0.999),VALID,(-0.383, 0.219, 0.897),(0.000, 0.000, 0.000),64.325,VALID,(-0.300, 0.268, 0.915),(-0.032, 0.000, 0.000),0.562,3.605,6.415,0.998,VALID,(-0.383, 0.219, 0.897),(0.032, 0.000, 0.000),0.616,3.926,6.373,0.916,0.5545283,1
336045,1000001934335428400,63875742725229,(-0.062, 1.429, 0.289),(-0.007, -0.048, 0.012, 0.999),VALID,(-0.383, 0.219, 0.897),(0.000, 0.000, 0.000),64.325,VALID,(-0.300, 0.267, 0.916),(-0.032, 0.000, 0.000),0.562,3.606,6.415,0.998,VALID,(-0.383, 0.219, 0.897),(0.032, 0.000, 0.000),0.616,3.924,6.373,0.916,0.5571942,1
336046,1000001934340441400,63875742725229,(-0.062, 1.429, 0.289),(-0.007, -0.048, 0.012, 0.999),VALID,(-0.383, 0.219, 0.897),(0.000, 0.000, 0.000),64.325,VALID,(-0.300, 0.266, 0.916),(-0.032, 0.000, 0.000),0.557,3.571,6.415,0.998,VALID,(-0.383, 0.219, 0.897),(0.032, 0.000, 0.000),0.616,3.923,6.373,0.916,0.5600649,1
336047,1000001934345443600,63875742725239,(-0.062, 1.429, 0.289),(-0.007, -0.048, 0.012, 0.999),VALID,(-0.383, 0.219, 0.897),(0.000, 0.000, 0.000),64.325,VALID,(-0.300, 0.266, 0.916),(-0.032, 0.000, 0.000),0.555,3.561,6.415,0.998,VALID,(-0.383, 0.219, 0.897),(0.032, 0.000, 0.000),0.615,3.922,6.373,0.916,0.5625668,1
336048,1000001934350453000,63875742725239,(-0.062, 1.429, 0.289),(-0.007, -0.048, 0.012, 0.999),VALID,(-0.383, 0.219, 0.897),(0.000, 0.000, 0.000),64.325,VALID,(-0.300, 0.265, 0.916),(-0.032, 0.000, 0.000),0.555,3.560,6.415,0.998,VALID,(-0.383, 0.219, 0.897),(0.032, 0.000, 0.000),0.615,3.922,6.373,0.916,0.5649864,1
336049,1000001934355455200,63875742725250,(-0.062, 1.429, 0.289),(-0.007, -0.048, 0.012, 0.999),VALID,(-0.384, 0.219, 0.897),(0.000, 0.000, 0.000),64.325,VALID,(-0.300, 0.265, 0.916),(-0.032, 0.000, 0.000),0.555,3.558,6.415,0.998,VALID,(-0.384, 0.219, 0.897),(0.032, 0.000, 0.000),0.615,3.921,6.373,0.916,0.5660983,1
336050,1000001934360478400,63875742725250,(-0.062, 1.429, 0.289),(-0.007, -0.048, 0.012, 0.999),VALID,(-0.384, 0.219, 0.897),(0.000, 0.000, 0.000),64.325,VALID,(-0.300, 0.265, 0.916),(-0.032, 0.000, 0.000),0.554,3.557,6.415,0.998,VALID,(-0.384, 0.219, 0.897),(0.032, 0.000, 0.000),0.615,3.919,6.373,0.916,0.5678344,1
336051,1000001934365480600,63875742725261,(-0.062, 1.429, 0.289),(-0.007, -0.049, 0.012, 0.999),VALID,(-0.384, 0.219, 0.897),(0.000, 0.000, 0.000),64.325,VALID,(-0.300, 0.264, 0.916),(-0.032, 0.000, 0.000),0.554,3.555,6.415,0.998,VALID,(-0.384, 0.219, 0.897),(0.032, 0.000, 0.000),0.615,3.916,6.373,0.915,0.5687997,1
336052,1000001934370513200,63875742725261,(-0.062, 1.429, 0.289),(-0.007, -0.049, 0.012, 0.999),VALID,(-0.384, 0.219, 0.897),(0.000, 0.000, 0.000),64.325,VALID,(-0.300, 0.264, 0.917),(-0.032, 0.000, 0.000),0.554,3.553,6.415,0.998,VALID,(-0.384, 0.219, 0.897),(0.032, 0.000, 0.000),0.614,3.914,6.373,0.915,0.5693734,1
336053,1000001934375527800,63875742725261,(-0.062, 1.429, 0.289),(-0.007, -0.049, 0.012, 0.999),VALID,(-0.384, 0.219, 0.897),(0.000, 0.000, 0.000),64.325,VALID,(-0.300, 0.264, 0.917),(-0.032, 0.000, 0.000),0.553,3.550,6.415,0.998,VALID,(-0.384, 0.219, 0.897),(0.032, 0.000, 0.000),0.614,3.913,6.373,0.915,0.5697207,1
336054,1000001934380516900,63875742725272,(-0.062, 1.429, 0.289),(-0.007, -0.049, 0.012, 0.999),VALID,(-0.384, 0.219, 0.897),(0.000, 0.000, 0.000),64.325,VALID,(-0.300, 0.264, 0.917),(-0.032, 0.000, 0.000),0.553,3.549,6.415,0.998,VALID,(-0.384, 0.219, 0.897),(0.032, 0.000, 0.000),0.614,3.911,6.373,0.915,0.5696962,1
336055,1000001934385546800,63875742725272,(-0.062, 1.429, 0.289),(-0.007, -0.049, 0.012, 0.999),VALID,(-0.384, 0.219, 0.897),(0.000, 0.000, 0.000),64.325,VALID,(-0.300, 0.264, 0.917),(-0.032, 0.000, 0.000),0.553,3.545,6.415,0.999,VALID,(-0.384, 0.219, 0.897),(0.032, 0.000, 0.000),0.613,3.909,6.373,0.915,0.5703124,1
336056,1000001934390567600,63875742725284,(-0.062, 1.429, 0.289),(-0.007, -0.049, 0.012, 0.999),VALID,(-0.384, 0.219, 0.897),(0.000, 0.000, 0.000),64.325,VALID,(-0.300, 0.264, 0.917),(-0.032, 0.000, 0.000),0.553,3.545,6.415,0.999,VALID,(-0.384, 0.219, 0.897),(0.032, 0.000, 0.000),0.613,3.908,6.373,0.915,0.5708774,1
336057,1000001934395561500,63875742725284,(-0.062, 1.429, 0.289),(-0.007, -0.049, 0.012, 0.999),VALID,(-0.384, 0.219, 0.897),(0.000, 0.000, 0.000),64.325,VALID,(-0.300, 0.264, 0.917),(-0.032, 0.000, 0.000),0.553,3.545,6.415,0.999,VALID,(-0.384, 0.219, 0.897),(0.032, 0.000, 0.000),0.613,3.907,6.373,0.915,0.5711287,1
336058,1000001934400561900,63875742725295,(-0.062, 1.429, 0.289),(-0.007, -0.049, 0.012, 0.999),VALID,(-0.384, 0.219, 0.897),(0.000, 0.000, 0.000),64.325,VALID,(-0.300, 0.264, 0.917),(-0.032, 0.000, 0.000),0.554,3.555,6.415,0.999,VALID,(-0.384, 0.219, 0.897),(0.032, 0.000, 0.000),0.613,3.906,6.373,0.915,0.5698338,1
336059,1000001934405641200,63875742725295,(-0.062, 1.429, 0.289),(-0.007, -0.049, 0.012, 0.999),VALID,(-0.384, 0.219, 0.897),(0.000, 0.000, 0.000),64.325,VALID,(-0.300, 0.264, 0.917),(-0.032, 0.000, 0.000),0.556,3.570,6.415,0.999,VALID,(-0.384, 0.219, 0.897),(0.032, 0.000, 0.000),0.613,3.906,6.373,0.915,0.5676537,1
336060,1000001934410662000,63875742725295,(-0.062, 1.429, 0.289),(-0.007, -0.049, 0.012, 0.999),VALID,(-0.384, 0.219, 0.897),(0.000, 0.000, 0.000),64.325,VALID,(-0.300, 0.264, 0.916),(-0.032, 0.000, 0.000),0.557,3.574,6.415,0.999,VALID,(-0.384, 0.219, 0.897),(0.032, 0.000, 0.000),0.613,3.905,6.373,0.915,0.5663475,1
336061,1000001934415682800,63875742725306,(-0.062, 1.429, 0.289),(-0.007, -0.049, 0.012, 0.999),VALID,(-0.384, 0.219, 0.897),(0.000, 0.000, 0.000),64.325,VALID,(-0.300, 0.264, 0.917),(-0.032, 0.000, 0.000),0.557,3.571,6.415,0.999,VALID,(-0.384, 0.219, 0.897),(0.032, 0.000, 0.000),0.613,3.905,6.373,0.915,0.5665451,1
336062,1000001934420703600,63875742725306,(-0.062, 1.429, 0.289),(-0.007, -0.049, 0.012, 0.999),VALID,(-0.384, 0.219, 0.897),(0.000, 0.000, 0.000),64.325,VALID,(-0.300, 0.264, 0.917),(-0.032, 0.000, 0.000),0.556,3.564,6.415,0.999,VALID,(-0.384, 0.219, 0.897),(0.032, 0.000, 0.000),0.613,3.904,6.373,0.915,0.5665105,1
336063,1000001934425652600,63875742725317,(-0.062, 1.429, 0.289),(-0.007, -0.049, 0.012, 0.999),VALID,(-0.384, 0.219, 0.897),(0.000, 0.000, 0.000),64.325,VALID,(-0.300, 0.265, 0.917),(-0.032, 0.000, 0.000),0.556,3.565,6.415,0.999,VALID,(-0.384, 0.219, 0.897),(0.032, 0.000, 0.000),0.613,3.904,6.373,0.915,0.5651319,1
336064,1000001934430673400,63875742725317,(-0.062, 1.429, 0.289),(-0.007, -0.049, 0.012, 0.999),VALID,(-0.384, 0.219, 0.897),(0.000, 0.000, 0.000),64.325,VALID,(-0.300, 0.265, 0.916),(-0.032, 0.000, 0.000),0.557,3.573,6.415,0.999,VALID,(-0.384, 0.219, 0.897),(0.032, 0.000, 0.000),0.612,3.903,6.373,0.914,0.5642625,1
336065,1000001934435694200,63875742725328,(-0.062, 1.429, 0.289),(-0.007, -0.049, 0.012, 0.999),VALID,(-0.384, 0.219, 0.897),(0.000, 0.000, 0.000),64.325,VALID,(-0.300, 0.265, 0.916),(-0.032, 0.000, 0.000),0.557,3.576,6.415,0.999,VALID,(-0.384, 0.219, 0.897),(0.032, 0.000, 0.000),0.612,3.903,6.373,0.914,0.5635355,1
336066,1000001934440671400,63875742725328,(-0.062, 1.429, 0.289),(-0.007, -0.049, 0.012, 0.999),VALID,(-0.384, 0.219, 0.897),(0.000, 0.000, 0.000),64.325,VALID,(-0.300, 0.265, 0.916),(-0.032, 0.000, 0.000),0.558,3.578,6.415,0.999,VALID,(-0.384, 0.219, 0.897),(0.032, 0.000, 0.000),0.612,3.903,6.373,0.914,0.5628121,1
336067,1000001934445678600,63875742725339,(-0.062, 1.428, 0.289),(-0.007, -0.049, 0.012, 0.999),VALID,(-0.384, 0.219, 0.897),(0.000, 0.000, 0.000),64.325,VALID,(-0.300, 0.265, 0.916),(-0.032, 0.000, 0.000),0.557,3.570,6.415,0.999,VALID,(-0.384, 0.219, 0.897),(0.032, 0.000, 0.000),0.612,3.902,6.373,0.914,0.563094,1
336068,1000001934450685800,63875742725339,(-0.062, 1.428, 0.289),(-0.007, -0.049, 0.012, 0.999),VALID,(-0.384, 0.219, 0.897),(0.000, 0.000, 0.000),64.325,VALID,(-0.300, 0.265, 0.916),(-0.032, 0.000, 0.000),0.555,3.559,6.415,0.999,VALID,(-0.384, 0.219, 0.897),(0.032, 0.000, 0.000),0.612,3.902,6.373,0.914,0.5637388,1
336069,1000001934455710400,63875742725350,(-0.062, 1.428, 0.289),(-0.007, -0.049, 0.012, 0.999),VALID,(-0.384, 0.219, 0.897),(0.000, 0.000, 0.000),64.325,VALID,(-0.300, 0.265, 0.917),(-0.032, 0.000, 0.000),0.553,3.550,6.415,0.999,VALID,(-0.384, 0.219, 0.897),(0.032, 0.000, 0.000),0.612,3.901,6.373,0.913,0.5643748,1
336070,1000001934460965100,63875742725350,(-0.062, 1.428, 0.289),(-0.007, -0.049, 0.012, 0.999),VALID,(-0.384, 0.219, 0.897),(0.000, 0.000, 0.000),64.325,VALID,(-0.300, 0.264, 0.917),(-0.032, 0.000, 0.000),0.551,3.538,6.415,0.999,VALID,(-0.384, 0.219, 0.897),(0.032, 0.000, 0.000),0.612,3.901,6.373,0.913,0.5667594,1
336071,1000001934465972300,63875742725350,(-0.062, 1.428, 0.289),(-0.007, -0.049, 0.012, 0.999),VALID,(-0.384, 0.219, 0.897),(0.000, 0.000, 0.000),64.325,VALID,(-0.300, 0.264, 0.917),(-0.032, 0.000, 0.000),0.551,3.537,6.415,0.999,VALID,(-0.384, 0.219, 0.897),(0.032, 0.000, 0.000),0.612,3.901,6.373,0.913,0.5689875,1
336072,1000001934470998500,63875742725361,(-0.062, 1.428, 0.289),(-0.007, -0.049, 0.012, 0.999),VALID,(-0.384, 0.219, 0.897),(0.000, 0.000, 0.000),64.325,VALID,(-0.300, 0.263, 0.917),(-0.032, 0.000, 0.000),0.551,3.537,6.415,0.999,VALID,(-0.384, 0.219, 0.897),(0.032, 0.000, 0.000),0.612,3.900,6.373,0.913,0.5704097,1
336073,1000001934475991300,63875742725361,(-0.062, 1.428, 0.289),(-0.007, -0.049, 0.012, 0.999),VALID,(-0.384, 0.219, 0.897),(0.000, 0.000, 0.000),64.325,VALID,(-0.300, 0.263, 0.917),(-0.032, 0.000, 0.000),0.551,3.537,6.415,0.999,VALID,(-0.384, 0.219, 0.897),(0.032, 0.000, 0.000),0.612,3.900,6.373,0.913,0.5719259,1
336074,1000001934480771300,63875742725372,(-0.062, 1.428, 0.289),(-0.007, -0.049, 0.012, 0.999),VALID,(-0.384, 0.219, 0.897),(0.000, 0.000, 0.000),64.325,VALID,(-0.300, 0.263, 0.917),(-0.032, 0.000, 0.000),0.551,3.537,6.415,0.999,VALID,(-0.384, 0.219, 0.897),(0.032, 0.000, 0.000),0.612,3.901,6.373,0.913,0.573442,1
336075,1000001934485778500,63875742725372,(-0.062, 1.428, 0.289),(-0.007, -0.049, 0.012, 0.999),VALID,(-0.384, 0.219, 0.897),(0.000, 0.000, 0.000),64.325,VALID,(-0.300, 0.263, 0.917),(-0.032, 0.000, 0.000),0.551,3.538,6.415,0.999,VALID,(-0.384, 0.219, 0.897),(0.032, 0.000, 0.000),0.612,3.900,6.373,0.913,0.5740336,1
336076,1000001934490792800,63875742725383,(-0.062, 1.428, 0.289),(-0.007, -0.049, 0.012, 0.999),VALID,(-0.384, 0.219, 0.897),(0.000, 0.000, 0.000),64.325,VALID,(-0.300, 0.263, 0.917),(-0.032, 0.000, 0.000),0.552,3.541,6.415,0.999,VALID,(-0.384, 0.219, 0.897),(0.032, 0.000, 0.000),0.612,3.900,6.373,0.912,0.573691,1
336077,1000001934495800000,63875742725383,(-0.062, 1.428, 0.289),(-0.007, -0.049, 0.012, 0.999),VALID,(-0.384, 0.219, 0.897),(0.000, 0.000, 0.000),64.325,VALID,(-0.300, 0.263, 0.917),(-0.032, 0.000, 0.000),0.552,3.544,6.415,0.999,VALID,(-0.384, 0.219, 0.897),(0.032, 0.000, 0.000),0.612,3.899,6.373,0.912,0.5729831,1
336078,1000001934500804900,63875742725394,(-0.062, 1.428, 0.289),(-0.007, -0.049, 0.012, 0.999),VALID,(-0.384, 0.219, 0.897),(0.000, 0.000, 0.000),64.325,VALID,(-0.299, 0.263, 0.917),(-0.032, 0.000, 0.000),0.553,3.545,6.415,0.998,VALID,(-0.384, 0.219, 0.897),(0.032, 0.000, 0.000),0.612,3.899,6.373,0.912,0.5724483,1
336079,1000001934505813300,63875742725394,(-0.062, 1.428, 0.289),(-0.007, -0.049, 0.012, 0.999),VALID,(-0.383, 0.219, 0.897),(0.000, 0.000, 0.000),64.325,VALID,(-0.299, 0.263, 0.917),(-0.032, 0.000, 0.000),0.553,3.546,6.415,0.998,VALID,(-0.383, 0.219, 0.897),(0.032, 0.000, 0.000),0.612,3.899,6.373,0.912,0.5723024,1
336080,1000001934510820500,63875742725406,(-0.063, 1.428, 0.289),(-0.007, -0.049, 0.013, 0.999),VALID,(-0.383, 0.219, 0.897),(0.000, 0.000, 0.000),64.325,VALID,(-0.299, 0.263, 0.917),(-0.032, 0.000, 0.000),0.553,3.546,6.415,0.998,VALID,(-0.383, 0.219, 0.897),(0.032, 0.000, 0.000),0.612,3.899,6.373,0.912,0.5724625,1
336081,1000001934515837800,63875742725406,(-0.063, 1.428, 0.289),(-0.007, -0.049, 0.013, 0.999),VALID,(-0.383, 0.219, 0.897),(0.000, 0.000, 0.000),64.325,VALID,(-0.299, 0.263, 0.917),(-0.032, 0.000, 0.000),0.553,3.546,6.415,0.998,VALID,(-0.383, 0.219, 0.897),(0.032, 0.000, 0.000),0.612,3.899,6.373,0.912,0.5724576,1
336082,1000001934520846200,63875742725406,(-0.063, 1.428, 0.289),(-0.007, -0.049, 0.013, 0.999),VALID,(-0.383, 0.219, 0.897),(0.000, 0.000, 0.000),64.325,VALID,(-0.299, 0.263, 0.917),(-0.032, 0.000, 0.000),0.553,3.547,6.415,0.998,VALID,(-0.383, 0.219, 0.897),(0.032, 0.000, 0.000),0.612,3.898,6.373,0.912,0.5718188,1
336083,1000001934525898100,63875742725417,(-0.063, 1.428, 0.289),(-0.007, -0.049, 0.013, 0.999),VALID,(-0.383, 0.219, 0.897),(0.000, 0.000, 0.000),64.325,VALID,(-0.299, 0.263, 0.917),(-0.032, 0.000, 0.000),0.553,3.548,6.415,0.998,VALID,(-0.383, 0.219, 0.897),(0.032, 0.000, 0.000),0.612,3.898,6.373,0.912,0.5712702,1
336084,1000001934530905300,63875742725417,(-0.063, 1.428, 0.289),(-0.007, -0.049, 0.013, 0.999),VALID,(-0.383, 0.219, 0.897),(0.000, 0.000, 0.000),64.325,VALID,(-0.299, 0.263, 0.917),(-0.032, 0.000, 0.000),0.553,3.548,6.415,0.998,VALID,(-0.383, 0.219, 0.897),(0.032, 0.000, 0.000),0.612,3.898,6.373,0.912,0.5719508,1
336085,1000001934535913700,63875742725428,(-0.063, 1.428, 0.290),(-0.007, -0.049, 0.013, 0.999),VALID,(-0.383, 0.220, 0.897),(0.000, 0.000, 0.000),64.325,VALID,(-0.299, 0.263, 0.917),(-0.032, 0.000, 0.000),0.553,3.548,6.415,0.998,VALID,(-0.383, 0.220, 0.897),(0.032, 0.000, 0.000),0.612,3.898,6.373,0.912,0.57271,1
336086,1000001934540920900,63875742725428,(-0.063, 1.428, 0.290),(-0.007, -0.049, 0.013, 0.999),VALID,(-0.383, 0.220, 0.897),(0.000, 0.000, 0.000),64.325,VALID,(-0.299, 0.264, 0.917),(-0.032, 0.000, 0.000),0.558,3.580,6.415,0.998,VALID,(-0.383, 0.220, 0.897),(0.032, 0.000, 0.000),0.612,3.898,6.373,0.912,0.5720783,1
336087,1000001934545929300,63875742725439,(-0.063, 1.428, 0.290),(-0.007, -0.049, 0.013, 0.999),VALID,(-0.383, 0.220, 0.897),(0.000, 0.000, 0.000),64.325,VALID,(-0.299, 0.264, 0.917),(-0.032, 0.000, 0.000),0.559,3.586,6.415,0.998,VALID,(-0.383, 0.220, 0.897),(0.032, 0.000, 0.000),0.612,3.898,6.373,0.912,0.5705299,1
336088,1000001934550937700,63875742725439,(-0.063, 1.428, 0.290),(-0.007, -0.049, 0.013, 0.999),VALID,(-0.383, 0.220, 0.897),(0.000, 0.000, 0.000),64.325,VALID,(-0.299, 0.265, 0.917),(-0.032, 0.000, 0.000),0.559,3.589,6.415,0.998,VALID,(-0.383, 0.220, 0.897),(0.032, 0.000, 0.000),0.612,3.899,6.373,0.911,0.5682244,1
336089,1000001934555946100,63875742725450,(-0.063, 1.428, 0.290),(-0.007, -0.049, 0.013, 0.999),VALID,(-0.383, 0.220, 0.897),(0.000, 0.000, 0.000),64.325,VALID,(-0.299, 0.265, 0.917),(-0.032, 0.000, 0.000),0.559,3.589,6.415,0.998,VALID,(-0.383, 0.220, 0.897),(0.032, 0.000, 0.000),0.612,3.899,6.373,0.911,0.5664359,1
336090,1000001934560988000,63875742725450,(-0.063, 1.428, 0.290),(-0.007, -0.049, 0.013, 0.999),VALID,(-0.383, 0.220, 0.897),(0.000, 0.000, 0.000),64.325,VALID,(-0.299, 0.266, 0.917),(-0.032, 0.000, 0.000),0.559,3.586,6.415,0.997,VALID,(-0.383, 0.220, 0.897),(0.032, 0.000, 0.000),0.612,3.899,6.373,0.911,0.5649689,1
336091,1000001934566002300,63875742725461,(-0.063, 1.428, 0.290),(-0.007, -0.049, 0.012, 0.999),VALID,(-0.383, 0.220, 0.897),(0.000, 0.000, 0.000),64.325,VALID,(-0.299, 0.266, 0.917),(-0.032, 0.000, 0.000),0.557,3.574,6.415,0.997,VALID,(-0.383, 0.220, 0.897),(0.032, 0.000, 0.000),0.612,3.899,6.373,0.911,0.5660166,1
336092,1000001934571037100,63875742725461,(-0.063, 1.428, 0.290),(-0.007, -0.049, 0.012, 0.999),VALID,(-0.383, 0.220, 0.897),(0.000, 0.000, 0.000),64.325,VALID,(-0.299, 0.265, 0.917),(-0.032, 0.000, 0.000),0.553,3.545,6.415,0.997,VALID,(-0.383, 0.220, 0.897),(0.032, 0.000, 0.000),0.612,3.899,6.373,0.911,0.5680038,1
336093,1000001934576051400,63875742725461,(-0.063, 1.428, 0.290),(-0.007, -0.049, 0.012, 0.999),VALID,(-0.383, 0.220, 0.897),(0.000, 0.000, 0.000),64.325,VALID,(-0.299, 0.265, 0.917),(-0.032, 0.000, 0.000),0.552,3.543,6.415,0.997,VALID,(-0.383, 0.220, 0.897),(0.032, 0.000, 0.000),0.612,3.899,6.373,0.911,0.5693904,1
336094,1000001934581044900,63875742725472,(-0.063, 1.428, 0.290),(-0.007, -0.049, 0.012, 0.999),VALID,(-0.382, 0.220, 0.897),(0.000, 0.000, 0.000),64.325,VALID,(-0.299, 0.265, 0.917),(-0.032, 0.000, 0.000),0.552,3.542,6.415,0.997,VALID,(-0.382, 0.220, 0.897),(0.032, 0.000, 0.000),0.612,3.899,6.373,0.911,0.5701306,1
336095,1000001934586014300,63875742725472,(-0.063, 1.428, 0.290),(-0.007, -0.049, 0.012, 0.999),VALID,(-0.382, 0.220, 0.898),(0.000, 0.000, 0.000),64.325,VALID,(-0.298, 0.265, 0.917),(-0.032, 0.000, 0.000),0.552,3.543,6.415,0.997,VALID,(-0.382, 0.220, 0.898),(0.032, 0.000, 0.000),0.612,3.899,6.373,0.911,0.57014,1
336096,1000001934591022700,63875742725483,(-0.063, 1.428, 0.290),(-0.007, -0.049, 0.012, 0.999),VALID,(-0.382, 0.220, 0.898),(0.000, 0.000, 0.000),64.325,VALID,(-0.298, 0.265, 0.917),(-0.032, 0.000, 0.000),0.553,3.549,6.415,0.997,VALID,(-0.382, 0.220, 0.898),(0.032, 0.000, 0.000),0.612,3.899,6.373,0.912,0.5700318,1
336097,1000001934596019900,63875742725483,(-0.063, 1.428, 0.290),(-0.007, -0.049, 0.012, 0.999),VALID,(-0.382, 0.220, 0.898),(0.000, 0.000, 0.000),64.325,VALID,(-0.298, 0.265, 0.917),(-0.032, 0.000, 0.000),0.554,3.553,6.415,0.997,VALID,(-0.382, 0.220, 0.898),(0.032, 0.000, 0.000),0.612,3.899,6.373,0.912,0.5699068,1
336098,1000001934601046300,63875742725495,(-0.063, 1.428, 0.290),(-0.007, -0.049, 0.012, 0.999),VALID,(-0.382, 0.220, 0.898),(0.000, 0.000, 0.000),64.325,VALID,(-0.298, 0.265, 0.917),(-0.032, 0.000, 0.000),0.554,3.555,6.415,0.997,VALID,(-0.382, 0.220, 0.898),(0.032, 0.000, 0.000),0.612,3.899,6.373,0.911,0.5698237,1
336099,1000001934606054700,63875742725495,(-0.063, 1.428, 0.290),(-0.007, -0.049, 0.012, 0.999),VALID,(-0.382, 0.220, 0.898),(0.000, 0.000, 0.000),64.325,VALID,(-0.298, 0.265, 0.917),(-0.032, 0.000, 0.000),0.554,3.556,6.415,0.997,VALID,(-0.382, 0.220, 0.898),(0.032, 0.000, 0.000),0.612,3.900,6.373,0.911,0.5701289,1
336100,1000001934611063100,63875742725506,(-0.063, 1.428, 0.290),(-0.007, -0.049, 0.012, 0.999),VALID,(-0.382, 0.220, 0.898),(0.000, 0.000, 0.000),64.325,VALID,(-0.298, 0.265, 0.917),(-0.032, 0.000, 0.000),0.554,3.557,6.415,0.997,VALID,(-0.382, 0.220, 0.898),(0.032, 0.000, 0.000),0.612,3.900,6.373,0.911,0.5704322,1
336101,1000001934616084700,63875742725506,(-0.063, 1.428, 0.290),(-0.007, -0.049, 0.012, 0.999),VALID,(-0.381, 0.220, 0.898),(0.000, 0.000, 0.000),64.325,VALID,(-0.298, 0.265, 0.917),(-0.032, 0.000, 0.000),0.554,3.556,6.415,0.997,VALID,(-0.381, 0.220, 0.898),(0.032, 0.000, 0.000),0.612,3.901,6.373,0.911,0.5713435,1
336102,1000001934621093100,63875742725514,(-0.063, 1.428, 0.290),(-0.007, -0.049, 0.012, 0.999),VALID,(-0.381, 0.220, 0.898),(0.000, 0.000, 0.000),64.325,VALID,(-0.298, 0.265, 0.917),(-0.032, 0.000, 0.000),0.554,3.554,6.415,0.997,VALID,(-0.381, 0.220, 0.898),(0.032, 0.000, 0.000),0.612,3.902,6.373,0.911,0.5725386,1
336103,1000001934626192100,63875742725514,(-0.063, 1.428, 0.290),(-0.007, -0.049, 0.012, 0.999),VALID,(-0.381, 0.221, 0.898),(0.000, 0.000, 0.000),64.325,VALID,(-0.298, 0.265, 0.917),(-0.032, 0.000, 0.000),0.554,3.554,6.415,0.997,VALID,(-0.381, 0.221, 0.898),(0.032, 0.000, 0.000),0.612,3.903,6.373,0.912,0.5738615,1
336104,1000001934631189300,63875742725526,(-0.063, 1.428, 0.290),(-0.007, -0.049, 0.012, 0.999),VALID,(-0.381, 0.221, 0.898),(0.000, 0.000, 0.000),64.325,VALID,(-0.298, 0.265, 0.917),(-0.032, 0.000, 0.000),0.554,3.554,6.415,0.997,VALID,(-0.381, 0.221, 0.898),(0.032, 0.000, 0.000),0.613,3.904,6.373,0.912,0.5753791,1
336105,1000001934636172200,63875742725526,(-0.063, 1.428, 0.290),(-0.007, -0.049, 0.012, 0.999),VALID,(-0.381, 0.221, 0.898),(0.000, 0.000, 0.000),64.325,VALID,(-0.297, 0.265, 0.917),(-0.032, 0.000, 0.000),0.554,3.554,6.415,0.997,VALID,(-0.381, 0.221, 0.898),(0.032, 0.000, 0.000),0.613,3.905,6.373,0.912,0.5767962,1
336106,1000001934641169400,63875742725526,(-0.063, 1.428, 0.290),(-0.007, -0.049, 0.012, 0.999),VALID,(-0.381, 0.221, 0.898),(0.000, 0.000, 0.000),64.325,VALID,(-0.297, 0.265, 0.917),(-0.032, 0.000, 0.000),0.554,3.554,6.415,0.998,VALID,(-0.381, 0.221, 0.898),(0.032, 0.000, 0.000),0.613,3.905,6.373,0.912,0.578117,1
336107,1000001934646166400,63875742725536,(-0.063, 1.428, 0.290),(-0.007, -0.049, 0.012, 0.999),VALID,(-0.380, 0.221, 0.898),(0.000, 0.000, 0.000),64.325,VALID,(-0.297, 0.265, 0.917),(-0.032, 0.000, 0.000),0.554,3.554,6.415,0.997,VALID,(-0.380, 0.221, 0.898),(0.032, 0.000, 0.000),0.613,3.906,6.373,0.912,0.5792886,1
336108,1000001934651163600,63875742725536,(-0.063, 1.428, 0.290),(-0.007, -0.049, 0.012, 0.999),VALID,(-0.380, 0.222, 0.898),(0.000, 0.000, 0.000),64.325,VALID,(-0.297, 0.265, 0.917),(-0.032, 0.000, 0.000),0.554,3.554,6.415,0.998,VALID,(-0.380, 0.222, 0.898),(0.032, 0.000, 0.000),0.613,3.906,6.373,0.912,0.5803186,1
336109,1000001934656180000,63875742725548,(-0.063, 1.428, 0.290),(-0.007, -0.049, 0.012, 0.999),VALID,(-0.380, 0.222, 0.898),(0.000, 0.000, 0.000),64.325,VALID,(-0.297, 0.265, 0.917),(-0.032, 0.000, 0.000),0.554,3.554,6.415,0.998,VALID,(-0.380, 0.222, 0.898),(0.032, 0.000, 0.000),0.613,3.907,6.373,0.912,0.5812955,1
336110,1000001934661177200,63875742725559,(-0.063, 1.428, 0.290),(-0.007, -0.049, 0.012, 0.999),VALID,(-0.380, 0.222, 0.898),(0.000, 0.000, 0.000),64.325,VALID,(-0.297, 0.265, 0.918),(-0.032, 0.000, 0.000),0.554,3.554,6.415,0.998,VALID,(-0.380, 0.222, 0.898),(0.032, 0.000, 0.000),0.613,3.907,6.373,0.912,0.5822793,1
336111,1000001934666193800,63875742725559,(-0.063, 1.428, 0.290),(-0.007, -0.049, 0.012, 0.999),VALID,(-0.380, 0.222, 0.898),(0.000, 0.000, 0.000),64.325,VALID,(-0.296, 0.265, 0.918),(-0.032, 0.000, 0.000),0.554,3.554,6.415,0.998,VALID,(-0.380, 0.222, 0.898),(0.032, 0.000, 0.000),0.613,3.908,6.373,0.912,0.5834539,1
336112,1000001934671257600,63875742725559,(-0.063, 1.428, 0.290),(-0.007, -0.049, 0.012, 0.999),VALID,(-0.380, 0.222, 0.898),(0.000, 0.000, 0.000),64.325,VALID,(-0.296, 0.265, 0.918),(-0.032, 0.000, 0.000),0.554,3.555,6.415,0.998,VALID,(-0.380, 0.222, 0.898),(0.032, 0.000, 0.000),0.613,3.908,6.373,0.912,0.5842254,1
336113,1000001934676267600,63875742725571,(-0.063, 1.428, 0.290),(-0.007, -0.049, 0.012, 0.999),VALID,(-0.380, 0.222, 0.898),(0.000, 0.000, 0.000),64.325,VALID,(-0.296, 0.265, 0.918),(-0.032, 0.000, 0.000),0.554,3.556,6.415,0.998,VALID,(-0.380, 0.222, 0.898),(0.032, 0.000, 0.000),0.613,3.909,6.373,0.912,0.5845369,1
336114,1000001934681279800,63875742725571,(-0.063, 1.428, 0.290),(-0.007, -0.049, 0.012, 0.999),VALID,(-0.379, 0.222, 0.898),(0.000, 0.000, 0.000),64.325,VALID,(-0.296, 0.264, 0.918),(-0.032, 0.000, 0.000),0.554,3.556,6.415,0.998,VALID,(-0.379, 0.222, 0.898),(0.032, 0.000, 0.000),0.613,3.909,6.373,0.912,0.5852402,1
336115,1000001934686277000,63875742725571,(-0.063, 1.428, 0.290),(-0.007, -0.049, 0.012, 0.999),VALID,(-0.379, 0.222, 0.898),(0.000, 0.000, 0.000),64.325,VALID,(-0.295, 0.264, 0.918),(-0.032, 0.000, 0.000),0.555,3.559,6.415,0.998,VALID,(-0.379, 0.222, 0.898),(0.032, 0.000, 0.000),0.613,3.910,6.373,0.912,0.5854767,1
336116,1000001934691296100,63875742725582,(-0.063, 1.428, 0.289),(-0.007, -0.049, 0.012, 0.999),VALID,(-0.379, 0.222, 0.898),(0.000, 0.000, 0.000),64.325,VALID,(-0.295, 0.264, 0.918),(-0.032, 0.000, 0.000),0.556,3.565,6.415,0.998,VALID,(-0.379, 0.222, 0.898),(0.032, 0.000, 0.000),0.614,3.914,6.373,0.912,0.5852698,1
336117,1000001934696308200,63875742725582,(-0.063, 1.428, 0.289),(-0.007, -0.049, 0.012, 0.999),VALID,(-0.379, 0.223, 0.898),(0.000, 0.000, 0.000),64.325,VALID,(-0.295, 0.264, 0.918),(-0.032, 0.000, 0.000),0.556,3.569,6.415,0.998,VALID,(-0.379, 0.223, 0.898),(0.032, 0.000, 0.000),0.615,3.917,6.373,0.912,0.5851049,1
336118,1000001934701316000,63875742725593,(-0.063, 1.428, 0.289),(-0.007, -0.049, 0.012, 0.999),VALID,(-0.379, 0.223, 0.898),(0.000, 0.000, 0.000),64.325,VALID,(-0.295, 0.265, 0.918),(-0.032, 0.000, 0.000),0.557,3.572,6.415,0.998,VALID,(-0.379, 0.223, 0.898),(0.032, 0.000, 0.000),0.615,3.920,6.373,0.912,0.5852952,1
336119,1000001934706326000,63875742725593,(-0.063, 1.428, 0.289),(-0.007, -0.049, 0.012, 0.999),VALID,(-0.379, 0.223, 0.898),(0.000, 0.000, 0.000),64.325,VALID,(-0.294, 0.265, 0.918),(-0.032, 0.000, 0.000),0.557,3.576,6.415,0.998,VALID,(-0.379, 0.223, 0.898),(0.032, 0.000, 0.000),0.615,3.922,6.373,0.912,0.5830096,1
336120,1000001934711336000,63875742725604,(-0.063, 1.428, 0.290),(-0.007, -0.049, 0.012, 0.999),VALID,(-0.379, 0.223, 0.898),(0.000, 0.000, 0.000),64.325,VALID,(-0.294, 0.265, 0.918),(-0.032, 0.000, 0.000),0.558,3.580,6.415,0.998,VALID,(-0.379, 0.223, 0.898),(0.032, 0.000, 0.000),0.616,3.923,6.373,0.912,0.579686,1
336121,1000001934716340400,63875742725604,(-0.063, 1.428, 0.290),(-0.007, -0.049, 0.012, 0.999),VALID,(-0.378, 0.223, 0.899),(0.000, 0.000, 0.000),64.325,VALID,(-0.293, 0.265, 0.919),(-0.032, 0.000, 0.000),0.558,3.580,6.415,0.998,VALID,(-0.378, 0.223, 0.899),(0.032, 0.000, 0.000),0.618,3.936,6.373,0.912,0.5784128,0.8970128
336122,1000001934721350400,63875742725615,(-0.063, 1.428, 0.290),(-0.007, -0.049, 0.012, 0.999),VALID,(-0.377, 0.223, 0.899),(0.000, 0.000, 0.000),64.325,VALID,(-0.291, 0.265, 0.919),(-0.032, 0.000, 0.000),0.558,3.580,6.415,0.998,VALID,(-0.377, 0.223, 0.899),(0.032, 0.000, 0.000),0.618,3.937,6.373,0.912,0.5762073,0.8436407
336123,1000001934726400000,63875742725615,(-0.063, 1.428, 0.290),(-0.007, -0.049, 0.012, 0.999),VALID,(-0.375, 0.223, 0.900),(0.000, 0.000, 0.000),64.325,VALID,(-0.289, 0.266, 0.920),(-0.032, 0.000, 0.000),0.558,3.578,6.415,0.998,VALID,(-0.375, 0.223, 0.900),(0.032, 0.000, 0.000),0.618,3.938,6.373,0.912,0.5734482,0.7932068
336124,1000001934731410000,63875742725626,(-0.063, 1.428, 0.290),(-0.007, -0.049, 0.012, 0.999),VALID,(-0.373, 0.224, 0.900),(0.000, 0.000, 0.000),64.325,VALID,(-0.286, 0.266, 0.921),(-0.032, 0.000, 0.000),0.558,3.577,6.415,0.998,VALID,(-0.373, 0.224, 0.900),(0.032, 0.000, 0.000),0.618,3.940,6.373,0.913,0.5733794,0.7315251
336125,1000001934736400200,63875742725626,(-0.063, 1.428, 0.290),(-0.007, -0.049, 0.012, 0.999),VALID,(-0.371, 0.224, 0.901),(0.000, 0.000, 0.000),64.325,VALID,(-0.283, 0.266, 0.921),(-0.032, 0.000, 0.000),0.558,3.577,6.415,0.998,VALID,(-0.371, 0.224, 0.901),(0.032, 0.000, 0.000),0.619,3.943,6.373,0.913,0.5740189,0.7011186
336126,1000001934741408000,63875742725626,(-0.063, 1.428, 0.290),(-0.007, -0.049, 0.012, 0.999),VALID,(-0.368, 0.225, 0.902),(0.000, 0.000, 0.000),64.325,VALID,(-0.281, 0.266, 0.922),(-0.032, 0.000, 0.000),0.558,3.577,6.415,0.998,VALID,(-0.368, 0.225, 0.902),(0.032, 0.000, 0.000),0.619,3.946,6.373,0.913,0.5761815,0.6795323
336127,1000001934746448800,63875742725637,(-0.063, 1.428, 0.290),(-0.007, -0.049, 0.012, 0.999),VALID,(-0.366, 0.226, 0.903),(0.000, 0.000, 0.000),64.325,VALID,(-0.279, 0.267, 0.922),(-0.032, 0.000, 0.000),0.558,3.581,6.415,0.998,VALID,(-0.366, 0.226, 0.903),(0.032, 0.000, 0.000),0.620,3.948,6.373,0.913,0.5779994,0.6726062
336128,1000001934751456600,63875742725637,(-0.063, 1.428, 0.290),(-0.007, -0.049, 0.012, 0.999),VALID,(-0.364, 0.226, 0.903),(0.000, 0.000, 0.000),64.325,VALID,(-0.278, 0.268, 0.923),(-0.032, 0.000, 0.000),0.559,3.589,6.415,0.998,VALID,(-0.364, 0.226, 0.903),(0.032, 0.000, 0.000),0.620,3.950,6.373,0.913,0.5780171,0.6767988
336129,1000001934756466600,63875742725648,(-0.063, 1.428, 0.290),(-0.007, -0.049, 0.012, 0.999),VALID,(-0.362, 0.226, 0.904),(0.000, 0.000, 0.000),64.325,VALID,(-0.276, 0.268, 0.923),(-0.032, 0.000, 0.000),0.560,3.592,6.415,0.998,VALID,(-0.362, 0.226, 0.904),(0.032, 0.000, 0.000),0.620,3.950,6.373,0.913,0.5780494,0.6544068
336130,1000001934761476600,63875742725648,(-0.063, 1.428, 0.290),(-0.007, -0.049, 0.012, 0.999),VALID,(-0.361, 0.227, 0.905),(0.000, 0.000, 0.000),64.325,VALID,(-0.275, 0.269, 0.923),(-0.032, 0.000, 0.000),0.560,3.593,6.415,0.998,VALID,(-0.361, 0.227, 0.905),(0.032, 0.000, 0.000),0.620,3.951,6.373,0.913,0.5779195,0.6490529
336131,1000001934766466000,63875742725659,(-0.063, 1.428, 0.290),(-0.007, -0.049, 0.012, 0.999),VALID,(-0.359, 0.227, 0.905),(0.000, 0.000, 0.000),64.325,VALID,(-0.274, 0.270, 0.923),(-0.032, 0.000, 0.000),0.560,3.592,6.415,0.998,VALID,(-0.359, 0.227, 0.905),(0.032, 0.000, 0.000),0.620,3.952,6.373,0.914,0.5785218,0.6396096
336132,1000001934771479700,63875742725670,(-0.063, 1.428, 0.290),(-0.007, -0.049, 0.012, 0.999),VALID,(-0.358, 0.227, 0.906),(0.000, 0.000, 0.000),64.325,VALID,(-0.273, 0.270, 0.923),(-0.032, 0.000, 0.000),0.559,3.588,6.415,0.998,VALID,(-0.358, 0.227, 0.906),(0.032, 0.000, 0.000),0.620,3.952,6.373,0.914,0.579683,0.6380587
336133,1000001934776494000,63875742725670,(-0.063, 1.428, 0.290),(-0.007, -0.049, 0.012, 0.999),VALID,(-0.357, 0.227, 0.906),(0.000, 0.000, 0.000),64.325,VALID,(-0.272, 0.270, 0.924),(-0.032, 0.000, 0.000),0.558,3.582,6.415,0.998,VALID,(-0.357, 0.227, 0.906),(0.032, 0.000, 0.000),0.620,3.953,6.373,0.914,0.5821056,0.637405
336134,1000001934781539900,63875742725670,(-0.063, 1.428, 0.290),(-0.007, -0.049, 0.012, 0.999),VALID,(-0.356, 0.228, 0.906),(0.000, 0.000, 0.000),64.325,VALID,(-0.271, 0.270, 0.924),(-0.032, 0.000, 0.000),0.558,3.578,6.415,0.999,VALID,(-0.356, 0.228, 0.906),(0.032, 0.000, 0.000),0.620,3.953,6.373,0.914,0.5837812,0.6395727
336135,1000001934786530900,63875742725681,(-0.063, 1.428, 0.290),(-0.007, -0.049, 0.013, 0.999),VALID,(-0.355, 0.228, 0.907),(0.000, 0.000, 0.000),64.325,VALID,(-0.271, 0.271, 0.924),(-0.032, 0.000, 0.000),0.557,3.575,6.415,0.999,VALID,(-0.355, 0.228, 0.907),(0.032, 0.000, 0.000),0.620,3.954,6.373,0.915,0.585131,0.6468179
336136,1000001934791538700,63875742725681,(-0.063, 1.428, 0.290),(-0.007, -0.049, 0.013, 0.999),VALID,(-0.354, 0.228, 0.907),(0.000, 0.000, 0.000),64.325,VALID,(-0.270, 0.271, 0.924),(-0.032, 0.000, 0.000),0.557,3.576,6.415,0.999,VALID,(-0.354, 0.228, 0.907),(0.032, 0.000, 0.000),0.620,3.954,6.373,0.915,0.5873882,0.6455508
336137,1000001934796563300,63875742725693,(-0.063, 1.428, 0.290),(-0.007, -0.049, 0.013, 0.999),VALID,(-0.354, 0.228, 0.907),(0.000, 0.000, 0.000),64.325,VALID,(-0.270, 0.270, 0.924),(-0.032, 0.000, 0.000),0.558,3.577,6.415,0.999,VALID,(-0.354, 0.228, 0.907),(0.032, 0.000, 0.000),0.621,3.955,6.373,0.915,0.5904977,0.6475473
336138,1000001934801590200,63875742725693,(-0.063, 1.428, 0.290),(-0.007, -0.049, 0.013, 0.999),VALID,(-0.353, 0.229, 0.907),(0.000, 0.000, 0.000),64.325,VALID,(-0.269, 0.270, 0.924),(-0.032, 0.000, 0.000),0.558,3.578,6.415,0.999,VALID,(-0.353, 0.229, 0.907),(0.032, 0.000, 0.000),0.621,3.956,6.373,0.915,0.593423,0.7024607
336139,1000001934806598000,63875742725693,(-0.063, 1.428, 0.290),(-0.007, -0.049, 0.013, 0.999),VALID,(-0.352, 0.229, 0.907),(0.000, 0.000, 0.000),64.325,VALID,(-0.269, 0.270, 0.924),(-0.032, 0.000, 0.000),0.558,3.579,6.415,0.999,VALID,(-0.352, 0.229, 0.907),(0.032, 0.000, 0.000),0.621,3.958,6.373,0.915,0.5959882,0.7251575
336140,1000001934811612300,63875742725704,(-0.063, 1.428, 0.290),(-0.007, -0.049, 0.012, 0.999),VALID,(-0.352, 0.229, 0.908),(0.000, 0.000, 0.000),64.325,VALID,(-0.269, 0.270, 0.925),(-0.032, 0.000, 0.000),0.558,3.579,6.415,0.999,VALID,(-0.352, 0.229, 0.908),(0.032, 0.000, 0.000),0.621,3.959,6.373,0.916,0.5983322,0.8876902
336141,1000001934816620100,63875742725704,(-0.063, 1.428, 0.290),(-0.007, -0.049, 0.012, 0.999),VALID,(-0.195, 0.520, 0.832),(0.000, 0.000, 0.000),64.325,VALID,(-0.146, 0.529, 0.836),(-0.032, 0.000, 0.000),0.558,3.583,6.415,0.999,VALID,(-0.312, 0.504, 0.806),(0.032, 0.000, 0.000),0.621,3.959,6.373,0.916,0.3651051,0
336142,1000001934821640500,63875742725715,(-0.063, 1.428, 0.290),(-0.007, -0.049, 0.012, 0.999),VALID,(-0.089, 0.640, 0.763),(0.000, 0.000, 0.000),64.325,VALID,(-0.061, 0.641, 0.765),(-0.032, 0.000, 0.000),0.559,3.583,6.415,0.999,VALID,(-0.284, 0.616, 0.735),(0.032, 0.000, 0.000),0.621,3.960,6.373,0.916,0.2766605,0
336143,1000001934826660900,63875742725715,(-0.063, 1.428, 0.290),(-0.007, -0.049, 0.012, 0.999),VALID,(-0.038, 0.680, 0.732),(0.000, 0.000, 0.000),64.325,VALID,(-0.016, 0.680, 0.733),(-0.032, 0.000, 0.000),0.558,3.582,6.415,0.999,VALID,(-0.272, 0.655, 0.705),(0.032, 0.000, 0.000),0.622,3.961,6.373,0.916,0.2428986,0
336144,1000001934831681300,63875742725726,(-0.063, 1.428, 0.290),(-0.007, -0.049, 0.012, 0.999),VALID,(-0.013, 0.694, 0.719),(0.000, 0.000, 0.000),64.325,VALID,(0.006, 0.694, 0.720),(-0.032, 0.000, 0.000),0.558,3.581,6.415,0.999,VALID,(-0.268, 0.669, 0.693),(0.032, 0.000, 0.000),0.622,3.962,6.373,0.916,0.2277476,0
336145,1000001934836702900,63875742725726,(-0.063, 1.428, 0.290),(-0.007, -0.049, 0.012, 0.999),VALID,(-0.002, 0.700, 0.714),(0.000, 0.000, 0.000),64.325,VALID,(0.018, 0.699, 0.714),(-0.032, 0.000, 0.000),0.599,3.845,6.415,0.999,VALID,(-0.266, 0.675, 0.689),(0.032, 0.000, 0.000),0.622,3.962,6.373,0.917,0.2202786,0
336146,1000001934841724500,63875742725726,(-0.063, 1.428, 0.290),(-0.007, -0.049, 0.012, 0.999),VALID,(0.002, 0.704, 0.710),(0.000, 0.000, 0.000),64.325,VALID,(0.023, 0.704, 0.710),(-0.032, 0.000, 0.000),0.604,3.874,6.415,0.999,VALID,(-0.264, 0.679, 0.685),(0.032, 0.000, 0.000),0.622,3.963,6.373,0.917,0.2178725,0
336147,1000001934846698400,63875742725737,(-0.063, 1.428, 0.290),(-0.007, -0.049, 0.012, 0.999),VALID,(0.002, 0.708, 0.706),(0.000, 0.000, 0.000),64.325,VALID,(0.025, 0.708, 0.706),(-0.032, 0.000, 0.000),0.605,3.880,6.415,0.999,VALID,(-0.263, 0.683, 0.681),(0.032, 0.000, 0.000),0.622,3.965,6.373,0.917,0.2174527,0
336148,1000001934851685100,63875742725737,(-0.063, 1.428, 0.290),(-0.007, -0.049, 0.012, 0.999),VALID,(-0.007, 0.714, 0.700),(0.000, 0.000, 0.000),64.325,VALID,(0.022, 0.714, 0.700),(-0.032, 0.000, 0.000),0.617,3.956,6.415,0.999,VALID,(-0.260, 0.690, 0.676),(0.032, 0.000, 0.000),0.622,3.966,6.373,0.917,0.2215444,0
336149,1000001934856705500,63875742725748,(-0.063, 1.428, 0.290),(-0.007, -0.049, 0.012, 0.999),VALID,(-0.014, 0.718, 0.696),(0.000, 0.000, 0.000),64.325,VALID,(0.019, 0.718, 0.696),(-0.032, 0.000, 0.000),0.622,3.990,6.415,0.999,VALID,(-0.259, 0.694, 0.672),(0.032, 0.000, 0.000),0.623,3.968,6.373,0.917,0.224921,0
336150,1000001934861725900,63875742725748,(-0.063, 1.428, 0.290),(-0.007, -0.049, 0.012, 0.999),VALID,(-0.022, 0.719, 0.694),(0.000, 0.000, 0.000),64.325,VALID,(0.017, 0.719, 0.694),(-0.032, 0.000, 0.000),0.624,4.003,6.415,0.999,VALID,(-0.258, 0.695, 0.671),(0.032, 0.000, 0.000),0.623,3.969,6.373,0.918,0.2271958,0
336151,1000001934866746300,63875742725759,(-0.063, 1.428, 0.290),(-0.007, -0.049, 0.012, 0.999),VALID,(-0.027, 0.721, 0.693),(0.000, 0.000, 0.000),64.325,VALID,(0.015, 0.721, 0.693),(-0.032, 0.000, 0.000),0.625,4.007,6.415,0.999,VALID,(-0.258, 0.697, 0.669),(0.032, 0.000, 0.000),0.623,3.971,6.373,0.918,0.2297919,0
336152,1000001934871756500,63875742725759,(-0.063, 1.428, 0.290),(-0.007, -0.049, 0.012, 0.999),VALID,(-0.031, 0.722, 0.692),(0.000, 0.000, 0.000),64.325,VALID,(0.012, 0.722, 0.692),(-0.032, 0.000, 0.000),0.625,4.009,6.415,0.999,VALID,(-0.257, 0.698, 0.669),(0.032, 0.000, 0.000),0.623,3.972,6.373,0.918,0.2321106,0
336153,1000001934876709100,63875742725771,(-0.063, 1.428, 0.290),(-0.007, -0.049, 0.012, 0.999),VALID,(-0.034, 0.722, 0.691),(0.000, 0.000, 0.000),64.325,VALID,(0.011, 0.722, 0.691),(-0.032, 0.000, 0.000),0.625,4.011,6.415,0.999,VALID,(-0.257, 0.698, 0.668),(0.032, 0.000, 0.000),0.623,3.973,6.373,0.918,0.23361,0
336154,1000001934881719300,63875742725771,(-0.063, 1.428, 0.290),(-0.007, -0.049, 0.012, 0.999),VALID,(-0.036, 0.723, 0.690),(0.000, 0.000, 0.000),64.325,VALID,(0.009, 0.723, 0.691),(-0.032, 0.000, 0.000),0.626,4.014,6.415,0.999,VALID,(-0.257, 0.699, 0.667),(0.032, 0.000, 0.000),0.624,3.974,6.373,0.918,0.2356964,0
336155,1000001934886755600,63875742725771,(-0.063, 1.428, 0.290),(-0.007, -0.049, 0.012, 0.999),VALID,(-0.037, 0.724, 0.689),(0.000, 0.000, 0.000),64.325,VALID,(0.007, 0.724, 0.690),(-0.032, 0.000, 0.000),0.626,4.015,6.415,0.999,VALID,(-0.256, 0.700, 0.667),(0.032, 0.000, 0.000),0.624,3.975,6.373,0.919,0.2373837,0
336156,1000001934891765800,63875742725782,(-0.063, 1.428, 0.290),(-0.007, -0.048, 0.012, 0.999),VALID,(-0.039, 0.723, 0.689),(0.000, 0.000, 0.000),64.325,VALID,(0.007, 0.724, 0.690),(-0.032, 0.000, 0.000),0.627,4.020,6.415,0.999,VALID,(-0.256, 0.700, 0.667),(0.032, 0.000, 0.000),0.624,3.976,6.373,0.919,0.2379536,0
336157,1000001934896786200,63875742725782,(-0.063, 1.428, 0.290),(-0.007, -0.048, 0.012, 0.999),VALID,(-0.041, 0.723, 0.690),(0.000, 0.000, 0.000),64.325,VALID,(0.006, 0.723, 0.691),(-0.032, 0.000, 0.000),0.628,4.026,6.415,0.999,VALID,(-0.257, 0.699, 0.668),(0.032, 0.000, 0.000),0.624,3.978,6.373,0.919,0.2383045,0
336158,1000001934901796400,63875742725792,(-0.063, 1.428, 0.290),(-0.007, -0.048, 0.012, 0.999),VALID,(-0.043, 0.722, 0.691),(0.000, 0.000, 0.000),64.325,VALID,(0.006, 0.723, 0.691),(-0.032, 0.000, 0.000),0.629,4.036,6.415,0.999,VALID,(-0.257, 0.698, 0.668),(0.032, 0.000, 0.000),0.624,3.978,6.373,0.919,0.2384176,0
336159,1000001934906805900,63875742725793,(-0.063, 1.428, 0.290),(-0.007, -0.048, 0.012, 0.999),VALID,(-0.045, 0.721, 0.691),(0.000, 0.000, 0.000),64.325,VALID,(0.006, 0.722, 0.692),(-0.032, 0.000, 0.000),0.630,4.041,6.415,0.999,VALID,(-0.257, 0.698, 0.669),(0.032, 0.000, 0.000),0.625,3.980,6.373,0.919,0.2386075,0
336160,1000001934911826300,63875742725804,(-0.063, 1.429, 0.290),(-0.007, -0.048, 0.012, 0.999),VALID,(-0.045, 0.724, 0.689),(0.000, 0.000, 0.000),64.325,VALID,(0.003, 0.724, 0.690),(-0.032, 0.000, 0.000),0.636,4.081,6.415,0.999,VALID,(-0.256, 0.700, 0.667),(0.032, 0.000, 0.000),0.625,3.982,6.373,0.919,0.242226,0
336161,1000001934916836500,63875742725804,(-0.063, 1.429, 0.290),(-0.007, -0.048, 0.012, 0.999),VALID,(-0.046, 0.725, 0.687),(0.000, 0.000, 0.000),64.325,VALID,(-0.002, 0.725, 0.688),(-0.032, 0.000, 0.000),0.652,4.180,6.415,0.999,VALID,(-0.255, 0.701, 0.665),(0.032, 0.000, 0.000),0.625,3.984,6.373,0.919,0.2470082,0
336162,1000001934921846700,63875742725814,(-0.063, 1.429, 0.290),(-0.007, -0.048, 0.012, 0.999),VALID,(-0.048, 0.725, 0.687),(0.000, 0.000, 0.000),64.325,VALID,(-0.005, 0.726, 0.688),(-0.032, 0.000, 0.000),0.659,4.230,6.415,0.999,VALID,(-0.255, 0.702, 0.665),(0.032, 0.000, 0.000),0.626,3.988,6.373,0.920,0.2500004,0
336163,1000001934926849200,63875742725815,(-0.063, 1.429, 0.290),(-0.007, -0.048, 0.012, 0.999),VALID,(-0.049, 0.725, 0.687),(0.000, 0.000, 0.000),64.325,VALID,(-0.007, 0.726, 0.688),(-0.032, 0.000, 0.000),0.663,4.255,6.415,0.999,VALID,(-0.255, 0.702, 0.665),(0.032, 0.000, 0.000),0.626,3.991,6.373,0.920,0.2518334,0
336164,1000001934931891100,63875742725827,(-0.063, 1.429, 0.290),(-0.007, -0.048, 0.012, 0.999),VALID,(-0.050, 0.725, 0.687),(0.000, 0.000, 0.000),64.325,VALID,(-0.011, 0.726, 0.688),(-0.032, 0.000, 0.000),0.665,4.269,6.415,0.999,VALID,(-0.255, 0.702, 0.665),(0.032, 0.000, 0.000),0.627,3.994,6.373,0.920,0.2558826,0
336165,1000001934936893600,63875742725827,(-0.063, 1.429, 0.290),(-0.007, -0.048, 0.012, 0.999),VALID,(-0.051, 0.725, 0.687),(0.000, 0.000, 0.000),64.325,VALID,(-0.016, 0.725, 0.688),(-0.032, 0.000, 0.000),0.668,4.283,6.415,0.999,VALID,(-0.255, 0.701, 0.665),(0.032, 0.000, 0.000),0.627,3.995,6.373,0.920,0.2615158,0
336166,1000001934941903800,63875742725827,(-0.063, 1.429, 0.290),(-0.007, -0.048, 0.012, 0.999),VALID,(-0.052, 0.724, 0.688),(0.000, 0.000, 0.000),64.325,VALID,(-0.022, 0.725, 0.688),(-0.032, 0.000, 0.000),0.669,4.291,6.415,0.999,VALID,(-0.255, 0.701, 0.666),(0.032, 0.000, 0.000),0.627,3.997,6.373,0.919,0.2676949,0
336167,1000001934946906300,63875742725837,(-0.063, 1.429, 0.290),(-0.007, -0.048, 0.012, 0.999),VALID,(-0.053, 0.724, 0.688),(0.000, 0.000, 0.000),64.325,VALID,(-0.027, 0.725, 0.688),(-0.032, 0.000, 0.000),0.669,4.295,6.415,0.999,VALID,(-0.255, 0.701, 0.666),(0.032, 0.000, 0.000),0.627,3.998,6.373,0.919,0.2739281,0.1886906
336168,1000001934951916500,63875742725837,(-0.063, 1.429, 0.290),(-0.007, -0.048, 0.012, 0.999),VALID,(-0.055, 0.724, 0.687),(0.000, 0.000, 0.000),64.325,VALID,(-0.032, 0.725, 0.688),(-0.032, 0.000, 0.000),0.670,4.297,6.415,0.999,VALID,(-0.255, 0.701, 0.666),(0.032, 0.000, 0.000),0.627,3.998,6.373,0.919,0.279781,0.2351469
336169,1000001934956942100,63875742725849,(-0.063, 1.429, 0.290),(-0.007, -0.048, 0.012, 0.999),VALID,(-0.058, 0.725, 0.686),(0.000, 0.000, 0.000),64.325,VALID,(-0.037, 0.726, 0.687),(-0.032, 0.000, 0.000),0.672,4.309,6.415,0.999,VALID,(-0.255, 0.702, 0.665),(0.032, 0.000, 0.000),0.629,4.006,6.373,0.919,0.2857624,0.2392136
336170,1000001934961944600,63875742725849,(-0.063, 1.429, 0.290),(-0.007, -0.048, 0.012, 0.999),VALID,(-0.068, 0.720, 0.691),(0.000, 0.000, 0.000),64.325,VALID,(-0.036, 0.721, 0.692),(-0.032, 0.000, 0.000),0.691,4.434,6.415,0.999,VALID,(-0.255, 0.698, 0.670),(0.032, 0.000, 0.000),0.642,4.091,6.373,0.919,0.2848417,0
336171,1000001934966954800,63875742725859,(-0.063, 1.429, 0.290),(-0.007, -0.048, 0.012, 0.999),VALID,(-0.132, 0.559, 0.818),(0.000, 0.000, 0.000),64.325,VALID,(-0.034, 0.563, 0.826),(-0.032, 0.000, 0.000),0.723,4.640,6.415,0.999,VALID,(-0.291, 0.540, 0.790),(0.032, 0.000, 0.000),0.643,4.095,6.373,0.919,0.2401236,0
336172,1000001934971965000,63875742725871,(-0.063, 1.429, 0.290),(-0.007, -0.048, 0.012, 0.999),VALID,(-0.172, 0.392, 0.904),(0.000, 0.000, 0.000),64.325,VALID,(-0.044, 0.397, 0.917),(-0.032, 0.000, 0.000),0.732,4.693,6.415,0.998,VALID,(-0.297, 0.380, 0.876),(0.032, 0.000, 0.000),0.641,4.083,6.373,0.919,0.2439237,0
336173,1000001934976977700,63875742725871,(-0.063, 1.429, 0.290),(-0.007, -0.048, 0.012, 0.999),VALID,(-0.185, 0.293, 0.938),(0.000, 0.000, 0.000),64.325,VALID,(-0.051, 0.410, 0.910),(-0.032, 0.000, 0.000),0.614,3.941,6.415,0.997,VALID,(-0.275, 0.286, 0.918),(0.032, 0.000, 0.000),0.628,3.999,6.373,0.920,0.2176047,0
336174,1000001934982030800,63875742725881,(-0.063, 1.429, 0.290),(-0.007, -0.048, 0.012, 0.999),VALID,(-0.179, 0.243, 0.953),(0.000, 0.000, 0.000),64.325,VALID,(-0.053, 0.418, 0.907),(-0.032, 0.000, 0.000),0.622,3.992,6.415,0.997,VALID,(-0.235, 0.240, 0.942),(0.032, 0.000, 0.000),0.624,3.978,6.373,0.921,0.1750399,0
336175,1000001934987043500,63875742725881,(-0.063, 1.429, 0.290),(-0.007, -0.048, 0.012, 0.999),VALID,(-0.166, 0.217, 0.962),(0.000, 0.000, 0.000),64.325,VALID,(-0.051, 0.418, 0.907),(-0.032, 0.000, 0.000),0.623,3.995,6.415,0.996,VALID,(-0.192, 0.216, 0.957),(0.032, 0.000, 0.000),0.622,3.966,6.373,0.921,0.1427302,0
336176,1000001934992019000,63875742725882,(-0.063, 1.429, 0.290),(-0.007, -0.048, 0.012, 0.999),VALID,(-0.153, 0.199, 0.968),(0.000, 0.000, 0.000),64.325,VALID,(-0.047, 0.412, 0.910),(-0.032, 0.000, 0.000),0.630,4.044,6.415,0.996,VALID,(-0.149, 0.199, 0.969),(0.032, 0.000, 0.000),0.617,3.931,6.373,0.922,0.110011,0
336177,1000001934997031700,63875742725882,(-0.063, 1.429, 0.290),(-0.007, -0.048, 0.012, 0.999),VALID,(-0.145, 0.180, 0.973),(0.000, 0.000, 0.000),64.325,VALID,(-0.044, 0.404, 0.914),(-0.032, 0.000, 0.000),0.642,4.120,6.415,0.994,VALID,(-0.111, 0.180, 0.977),(0.032, 0.000, 0.000),0.608,3.872,6.373,0.924,0.07293233,0
336178,1000001935002034200,63875742725892,(-0.063, 1.429, 0.290),(-0.007, -0.048, 0.012, 0.999),VALID,(-0.135, 0.170, 0.976),(0.000, 0.000, 0.000),64.325,VALID,(-0.040, 0.395, 0.918),(-0.032, 0.000, 0.000),0.659,4.228,6.415,0.993,VALID,(-0.075, 0.171, 0.982),(0.032, 0.000, 0.000),0.608,3.872,6.373,0.925,0.03965876,0
336179,1000001935007046900,63875742725892,(-0.063, 1.429, 0.290),(-0.007, -0.048, 0.012, 0.999),VALID,(-0.118, 0.149, 0.982),(0.000, 0.000, 0.000),64.325,VALID,(-0.024, 0.357, 0.934),(-0.032, 0.000, 0.000),0.640,4.107,6.415,0.990,VALID,(-0.058, 0.150, 0.987),(0.032, 0.000, 0.000),0.608,3.873,6.373,0.929,0.04534752,0
336180,1000001935012080000,63875742725904,(-0.063, 1.428, 0.290),(-0.007, -0.048, 0.012, 0.999),VALID,(-0.085, 0.139, 0.987),(0.000, 0.000, 0.000),64.325,VALID,(0.006, 0.346, 0.938),(-0.032, 0.000, 0.000),0.642,4.121,6.415,0.987,VALID,(-0.027, 0.140, 0.990),(0.032, 0.000, 0.000),0.607,3.871,6.373,0.933,0.04491118,0
336181,1000001935017092700,63875742725904,(-0.063, 1.428, 0.290),(-0.007, -0.048, 0.012, 0.999),VALID,(-0.046, 0.130, 0.990),(0.000, 0.000, 0.000),64.325,VALID,(0.046, 0.334, 0.942),(-0.032, 0.000, 0.000),0.636,4.080,6.415,0.982,VALID,(0.002, 0.130, 0.992),(0.032, 0.000, 0.000),0.607,3.867,6.373,0.937,0.06213347,0
336182,1000001935022155600,63875742725914,(-0.063, 1.429, 0.289),(-0.007, -0.048, 0.012, 0.999),VALID,(-0.002, 0.124, 0.992),(0.000, 0.000, 0.000),64.325,VALID,(0.096, 0.320, 0.943),(-0.032, 0.000, 0.000),0.622,3.987,6.415,0.978,VALID,(0.035, 0.124, 0.992),(0.032, 0.000, 0.000),0.609,3.878,6.373,0.942,0.0870466,0
336183,1000001935027168300,63875742725915,(-0.063, 1.429, 0.289),(-0.007, -0.048, 0.012, 0.999),VALID,(0.014, 0.093, 0.996),(0.000, 0.000, 0.000),64.325,VALID,(0.133, 0.310, 0.941),(-0.032, 0.000, 0.000),0.619,3.971,6.415,0.971,VALID,(0.038, 0.093, 0.995),(0.032, 0.000, 0.000),0.609,3.878,6.373,0.947,0.1024025,0
336184,1000001935032184900,63875742725926,(-0.063, 1.429, 0.289),(-0.007, -0.048, 0.012, 0.999),VALID,(0.036, 0.079, 0.996),(0.000, 0.000, 0.000),64.325,VALID,(0.160, 0.304, 0.939),(-0.032, 0.000, 0.000),0.620,3.975,6.415,0.958,VALID,(0.052, 0.079, 0.995),(0.032, 0.000, 0.000),0.612,3.898,6.373,0.952,0.1044752,0
336185,1000001935037197600,63875742725926,(-0.063, 1.429, 0.289),(-0.007, -0.048, 0.012, 0.999),VALID,(0.052, 0.068, 0.996),(0.000, 0.000, 0.000),64.325,VALID,(0.177, 0.299, 0.938),(-0.032, 0.000, 0.000),0.620,3.976,6.415,0.945,VALID,(0.063, 0.068, 0.996),(0.032, 0.000, 0.000),0.611,3.896,6.373,0.955,0.1042544,0
336186,1000001935042170600,63875742725937,(-0.064, 1.429, 0.289),(-0.006, -0.049, 0.012, 0.999),VALID,(0.062, 0.062, 0.996),(0.000, 0.000, 0.000),64.325,VALID,(0.188, 0.295, 0.937),(-0.032, 0.000, 0.000),0.620,3.976,6.415,0.932,VALID,(0.070, 0.062, 0.996),(0.032, 0.000, 0.000),0.611,3.894,6.373,0.957,0.1048071,0
336187,1000001935047151100,63875742725937,(-0.064, 1.429, 0.289),(-0.006, -0.049, 0.012, 0.999),VALID,(0.070, 0.058, 0.996),(0.000, 0.000, 0.000),64.325,VALID,(0.195, 0.292, 0.936),(-0.032, 0.000, 0.000),0.620,3.975,6.415,0.924,VALID,(0.075, 0.058, 0.996),(0.032, 0.000, 0.000),0.610,3.886,6.373,0.957,0.1045601,0
336188,1000001935052163800,63875742725937,(-0.064, 1.429, 0.289),(-0.006, -0.049, 0.012, 0.999),VALID,(0.075, 0.055, 0.996),(0.000, 0.000, 0.000),64.325,VALID,(0.199, 0.291, 0.936),(-0.032, 0.000, 0.000),0.619,3.974,6.415,0.917,VALID,(0.079, 0.055, 0.995),(0.032, 0.000, 0.000),0.609,3.880,6.373,0.958,0.1036962,0
336189,1000001935057160400,63875742725949,(-0.064, 1.429, 0.288),(-0.006, -0.049, 0.012, 0.999),VALID,(0.079, 0.053, 0.995),(0.000, 0.000, 0.000),64.325,VALID,(0.202, 0.287, 0.936),(-0.032, 0.000, 0.000),0.612,3.929,6.415,0.912,VALID,(0.081, 0.053, 0.995),(0.032, 0.000, 0.000),0.608,3.878,6.373,0.959,0.1051719,0
336190,1000001935062184500,63875742725949,(-0.064, 1.429, 0.288),(-0.006, -0.049, 0.012, 0.999),VALID,(0.081, 0.051, 0.995),(0.000, 0.000, 0.000),64.325,VALID,(0.203, 0.285, 0.937),(-0.032, 0.000, 0.000),0.610,3.916,6.415,0.906,VALID,(0.083, 0.051, 0.995),(0.032, 0.000, 0.000),0.608,3.876,6.373,0.959,0.1055837,0
336191,1000001935067195800,63875742725959,(-0.064, 1.429, 0.288),(-0.006, -0.049, 0.012, 0.999),VALID,(0.083, 0.050, 0.995),(0.000, 0.000, 0.000),64.325,VALID,(0.205, 0.282, 0.937),(-0.032, 0.000, 0.000),0.606,3.890,6.415,0.904,VALID,(0.084, 0.050, 0.995),(0.032, 0.000, 0.000),0.608,3.875,6.373,0.960,0.1066319,0
336192,1000001935072207100,63875742725959,(-0.064, 1.429, 0.288),(-0.006, -0.049, 0.012, 0.999),VALID,(0.085, 0.049, 0.995),(0.000, 0.000, 0.000),64.325,VALID,(0.205, 0.281, 0.938),(-0.032, 0.000, 0.000),0.605,3.880,6.415,0.902,VALID,(0.086, 0.049, 0.995),(0.032, 0.000, 0.000),0.608,3.875,6.373,0.960,0.1070687,0
336193,1000001935077218400,63875742725971,(-0.064, 1.429, 0.288),(-0.006, -0.049, 0.012, 0.999),VALID,(0.085, 0.049, 0.995),(0.000, 0.000, 0.000),64.325,VALID,(0.206, 0.280, 0.938),(-0.032, 0.000, 0.000),0.604,3.876,6.415,0.899,VALID,(0.086, 0.049, 0.995),(0.032, 0.000, 0.000),0.608,3.876,6.373,0.961,0.1076956,0
336194,1000001935082215000,63875742725971,(-0.064, 1.429, 0.288),(-0.006, -0.049, 0.012, 0.999),VALID,(0.086, 0.049, 0.995),(0.000, 0.000, 0.000),64.325,VALID,(0.206, 0.279, 0.938),(-0.032, 0.000, 0.000),0.604,3.874,6.415,0.897,VALID,(0.086, 0.049, 0.995),(0.032, 0.000, 0.000),0.608,3.876,6.373,0.961,0.1080494,0
336195,1000001935087245000,63875742725982,(-0.064, 1.430, 0.288),(-0.006, -0.049, 0.012, 0.999),VALID,(0.086, 0.049, 0.995),(0.000, 0.000, 0.000),64.325,VALID,(0.206, 0.279, 0.938),(-0.032, 0.000, 0.000),0.604,3.872,6.415,0.896,VALID,(0.086, 0.049, 0.995),(0.032, 0.000, 0.000),0.608,3.877,6.373,0.961,0.1081513,0
336196,1000001935092241600,63875742725982,(-0.064, 1.430, 0.288),(-0.006, -0.049, 0.012, 0.999),VALID,(0.086, 0.048, 0.995),(0.000, 0.000, 0.000),64.325,VALID,(0.206, 0.279, 0.938),(-0.032, 0.000, 0.000),0.604,3.875,6.415,0.892,VALID,(0.086, 0.048, 0.995),(0.032, 0.000, 0.000),0.608,3.877,6.373,0.961,0.1075547,0
336197,1000001935097252900,63875742725982,(-0.064, 1.430, 0.288),(-0.006, -0.049, 0.012, 0.999),VALID,(0.086, 0.048, 0.995),(0.000, 0.000, 0.000),64.325,VALID,(0.206, 0.279, 0.938),(-0.032, 0.000, 0.000),0.605,3.881,6.415,0.889,VALID,(0.087, 0.048, 0.995),(0.032, 0.000, 0.000),0.608,3.876,6.373,0.962,0.1068615,0
336198,1000001935102249500,63875742725994,(-0.064, 1.430, 0.288),(-0.006, -0.049, 0.012, 0.999),VALID,(0.087, 0.048, 0.995),(0.000, 0.000, 0.000),64.325,VALID,(0.206, 0.280, 0.938),(-0.032, 0.000, 0.000),0.605,3.883,6.415,0.886,VALID,(0.087, 0.048, 0.995),(0.032, 0.000, 0.000),0.608,3.876,6.373,0.962,0.106327,0
336199,1000001935107268500,63875742725994,(-0.064, 1.430, 0.288),(-0.006, -0.049, 0.012, 0.999),VALID,(0.087, 0.048, 0.995),(0.000, 0.000, 0.000),64.325,VALID,(0.206, 0.280, 0.938),(-0.032, 0.000, 0.000),0.605,3.884,6.415,0.885,VALID,(0.087, 0.048, 0.995),(0.032, 0.000, 0.000),0.608,3.876,6.373,0.962,0.1060366,0
336200,1000001935112335700,63875742726005,(-0.065, 1.430, 0.287),(-0.006, -0.049, 0.012, 0.999),VALID,(0.087, 0.048, 0.995),(0.000, 0.000, 0.000),64.325,VALID,(0.206, 0.280, 0.938),(-0.032, 0.000, 0.000),0.606,3.885,6.415,0.884,VALID,(0.088, 0.048, 0.995),(0.032, 0.000, 0.000),0.608,3.877,6.373,0.962,0.1058071,0
336201,1000001935117347000,63875742726005,(-0.065, 1.430, 0.287),(-0.006, -0.049, 0.012, 0.999),VALID,(0.088, 0.048, 0.995),(0.000, 0.000, 0.000),64.325,VALID,(0.206, 0.280, 0.938),(-0.032, 0.000, 0.000),0.606,3.885,6.415,0.881,VALID,(0.088, 0.048, 0.995),(0.032, 0.000, 0.000),0.608,3.877,6.373,0.963,0.1056278,0
336202,1000001935122358300,63875742726015,(-0.065, 1.430, 0.287),(-0.006, -0.049, 0.012, 0.999),VALID,(0.088, 0.048, 0.995),(0.000, 0.000, 0.000),64.325,VALID,(0.206, 0.280, 0.938),(-0.032, 0.000, 0.000),0.605,3.884,6.415,0.879,VALID,(0.088, 0.048, 0.995),(0.032, 0.000, 0.000),0.608,3.877,6.373,0.963,0.1054804,0.3851678
336203,1000001935127369600,63875742726015,(-0.065, 1.430, 0.287),(-0.006, -0.049, 0.012, 0.999),VALID,(0.088, 0.047, 0.995),(0.000, 0.000, 0.000),64.325,VALID,(0.206, 0.280, 0.938),(-0.032, 0.000, 0.000),0.605,3.884,6.415,0.879,VALID,(0.088, 0.047, 0.995),(0.032, 0.000, 0.000),0.608,3.877,6.373,0.964,0.105177,0.7691726
336204,1000001935132380900,63875742726026,(-0.065, 1.430, 0.287),(-0.006, -0.049, 0.012, 0.999),VALID,(0.089, 0.047, 0.995),(0.000, 0.000, 0.000),64.325,VALID,(0.206, 0.280, 0.938),(-0.032, 0.000, 0.000),0.605,3.884,6.415,0.879,VALID,(0.089, 0.047, 0.995),(0.032, 0.000, 0.000),0.608,3.877,6.373,0.964,0.1047376,0.9172627
336205,1000001935137400900,63875742726027,(-0.065, 1.430, 0.287),(-0.006, -0.049, 0.012, 0.999),VALID,(0.089, 0.047, 0.995),(0.000, 0.000, 0.000),64.325,VALID,(0.206, 0.280, 0.938),(-0.032, 0.000, 0.000),0.605,3.884,6.415,0.877,VALID,(0.089, 0.047, 0.995),(0.032, 0.000, 0.000),0.608,3.878,6.373,0.964,0.1043992,0.954307
336206,1000001935142412200,63875742726037,(-0.065, 1.430, 0.287),(-0.006, -0.049, 0.012, 0.999),VALID,(0.089, 0.047, 0.995),(0.000, 0.000, 0.000),64.325,VALID,(0.206, 0.280, 0.938),(-0.032, 0.000, 0.000),0.605,3.884,6.415,0.877,VALID,(0.089, 0.047, 0.995),(0.032, 0.000, 0.000),0.608,3.878,6.373,0.965,0.104082,1
336207,1000001935147417400,63875742726037,(-0.065, 1.430, 0.287),(-0.006, -0.049, 0.012, 0.999),VALID,(0.089, 0.046, 0.995),(0.000, 0.000, 0.000),64.325,VALID,(0.206, 0.280, 0.938),(-0.032, 0.000, 0.000),0.605,3.884,6.415,0.875,VALID,(0.090, 0.046, 0.995),(0.032, 0.000, 0.000),0.608,3.877,6.373,0.966,0.1036409,1
336208,1000001935152428700,63875742726037,(-0.065, 1.430, 0.287),(-0.006, -0.049, 0.012, 0.999),VALID,(0.090, 0.046, 0.995),(0.000, 0.000, 0.000),64.325,VALID,(0.206, 0.280, 0.938),(-0.032, 0.000, 0.000),0.605,3.884,6.415,0.875,VALID,(0.090, 0.046, 0.995),(0.032, 0.000, 0.000),0.608,3.877,6.373,0.966,0.1032061,1
336209,1000001935157429800,63875742726049,(-0.065, 1.430, 0.287),(-0.006, -0.049, 0.012, 0.999),VALID,(0.090, 0.046, 0.995),(0.000, 0.000, 0.000),64.325,VALID,(0.205, 0.280, 0.938),(-0.032, 0.000, 0.000),0.605,3.884,6.415,0.875,VALID,(0.090, 0.046, 0.995),(0.032, 0.000, 0.000),0.608,3.876,6.373,0.967,0.1027773,1
336210,1000001935162424800,63875742726060,(-0.065, 1.430, 0.287),(-0.006, -0.049, 0.012, 0.999),VALID,(0.090, 0.045, 0.995),(0.000, 0.000, 0.000),64.325,VALID,(0.205, 0.280, 0.938),(-0.032, 0.000, 0.000),0.605,3.884,6.415,0.875,VALID,(0.090, 0.045, 0.995),(0.032, 0.000, 0.000),0.608,3.876,6.373,0.968,0.1024076,1
336211,1000001935167436100,63875742726071,(-0.065, 1.430, 0.286),(-0.006, -0.049, 0.012, 0.999),VALID,(0.090, 0.045, 0.995),(0.000, 0.000, 0.000),64.325,VALID,(0.205, 0.280, 0.938),(-0.032, 0.000, 0.000),0.605,3.884,6.415,0.875,VALID,(0.091, 0.045, 0.995),(0.032, 0.000, 0.000),0.608,3.876,6.373,0.968,0.1020823,1
336212,1000001935172447400,63875742726071,(-0.065, 1.430, 0.286),(-0.006, -0.049, 0.012, 0.999),VALID,(0.091, 0.045, 0.995),(0.000, 0.000, 0.000),64.325,VALID,(0.205, 0.280, 0.938),(-0.032, 0.000, 0.000),0.605,3.884,6.415,0.875,VALID,(0.091, 0.045, 0.995),(0.032, 0.000, 0.000),0.608,3.875,6.373,0.969,0.1017247,1
336213,1000001935177458900,63875742726071,(-0.065, 1.430, 0.286),(-0.006, -0.049, 0.012, 0.999),VALID,(0.091, 0.045, 0.995),(0.000, 0.000, 0.000),64.325,VALID,(0.205, 0.280, 0.938),(-0.032, 0.000, 0.000),0.605,3.884,6.415,0.875,VALID,(0.091, 0.045, 0.995),(0.032, 0.000, 0.000),0.608,3.875,6.373,0.969,0.1013937,1
336214,1000001935182470200,63875742726082,(-0.065, 1.430, 0.286),(-0.006, -0.049, 0.012, 0.999),VALID,(0.091, 0.044, 0.995),(0.000, 0.000, 0.000),64.325,VALID,(0.205, 0.280, 0.938),(-0.032, 0.000, 0.000),0.606,3.891,6.415,0.875,VALID,(0.091, 0.044, 0.995),(0.032, 0.000, 0.000),0.608,3.875,6.373,0.970,0.1009567,1
336215,1000001935187489300,63875742726082,(-0.065, 1.430, 0.286),(-0.006, -0.049, 0.012, 0.999),VALID,(0.091, 0.044, 0.995),(0.000, 0.000, 0.000),64.325,VALID,(0.205, 0.280, 0.938),(-0.032, 0.000, 0.000),0.607,3.896,6.415,0.875,VALID,(0.092, 0.044, 0.995),(0.032, 0.000, 0.000),0.608,3.875,6.373,0.970,0.1005288,1
336216,1000001935192494500,63875742726092,(-0.065, 1.430, 0.286),(-0.006, -0.049, 0.012, 0.999),VALID,(0.092, 0.044, 0.995),(0.000, 0.000, 0.000),64.325,VALID,(0.205, 0.280, 0.938),(-0.032, 0.000, 0.000),0.608,3.898,6.415,0.874,VALID,(0.092, 0.044, 0.995),(0.032, 0.000, 0.000),0.608,3.875,6.373,0.971,0.1001855,1
336217,1000001935197513600,63875742726092,(-0.065, 1.430, 0.286),(-0.006, -0.049, 0.012, 0.999),VALID,(0.093, 0.044, 0.995),(0.000, 0.000, 0.000),64.325,VALID,(0.205, 0.280, 0.938),(-0.032, 0.000, 0.000),0.608,3.900,6.415,0.873,VALID,(0.093, 0.044, 0.995),(0.032, 0.000, 0.000),0.608,3.875,6.373,0.971,0.09948362,1
336218,1000001935202518800,63875742726092,(-0.065, 1.430, 0.286),(-0.006, -0.049, 0.012, 0.999),VALID,(0.093, 0.044, 0.995),(0.000, 0.000, 0.000),64.325,VALID,(0.205, 0.280, 0.938),(-0.032, 0.000, 0.000),0.608,3.901,6.415,0.873,VALID,(0.093, 0.044, 0.995),(0.032, 0.000, 0.000),0.608,3.875,6.373,0.972,0.09915009,0.9876747
336219,1000001935207537900,63875742726104,(-0.065, 1.430, 0.286),(-0.006, -0.049, 0.011, 0.999),VALID,(0.094, 0.044, 0.995),(0.000, 0.000, 0.000),64.325,VALID,(0.205, 0.281, 0.938),(-0.032, 0.000, 0.000),0.608,3.902,6.415,0.873,VALID,(0.094, 0.044, 0.995),(0.032, 0.000, 0.000),0.608,3.877,6.373,0.972,0.09863536,0.9319925
336220,1000001935212543100,63875742726104,(-0.065, 1.430, 0.286),(-0.006, -0.049, 0.011, 0.999),VALID,(0.094, 0.044, 0.995),(0.000, 0.000, 0.000),64.325,VALID,(0.205, 0.281, 0.938),(-0.032, 0.000, 0.000),0.608,3.902,6.415,0.873,VALID,(0.095, 0.044, 0.995),(0.032, 0.000, 0.000),0.608,3.877,6.373,0.972,0.09814229,0.9274708
336221,1000001935217592200,63875742726104,(-0.065, 1.430, 0.286),(-0.006, -0.049, 0.011, 0.999),VALID,(0.095, 0.044, 0.995),(0.000, 0.000, 0.000),64.325,VALID,(0.205, 0.281, 0.938),(-0.032, 0.000, 0.000),0.608,3.901,6.415,0.873,VALID,(0.095, 0.044, 0.995),(0.032, 0.000, 0.000),0.608,3.878,6.373,0.973,0.0977867,0.9242378
336222,1000001935222611900,63875742726115,(-0.065, 1.430, 0.286),(-0.006, -0.049, 0.011, 0.999),VALID,(0.095, 0.044, 0.994),(0.000, 0.000, 0.000),64.325,VALID,(0.205, 0.280, 0.938),(-0.032, 0.000, 0.000),0.608,3.899,6.415,0.873,VALID,(0.096, 0.044, 0.994),(0.032, 0.000, 0.000),0.609,3.878,6.373,0.973,0.09749774,0.9282202
336223,1000001935227631000,63875742726115,(-0.065, 1.430, 0.286),(-0.006, -0.049, 0.011, 0.999),VALID,(0.096, 0.044, 0.994),(0.000, 0.000, 0.000),64.325,VALID,(0.205, 0.280, 0.938),(-0.032, 0.000, 0.000),0.607,3.896,6.415,0.872,VALID,(0.096, 0.044, 0.994),(0.032, 0.000, 0.000),0.609,3.878,6.373,0.973,0.09724496,0.9366816
336224,1000001935232615900,63875742726127,(-0.065, 1.430, 0.286),(-0.006, -0.049, 0.011, 0.999),VALID,(0.096, 0.044, 0.994),(0.000, 0.000, 0.000),64.325,VALID,(0.205, 0.280, 0.938),(-0.032, 0.000, 0.000),0.607,3.894,6.415,0.872,VALID,(0.097, 0.044, 0.994),(0.032, 0.000, 0.000),0.609,3.878,6.373,0.973,0.09701724,0.9350495
336225,1000001935237621100,63875742726127,(-0.065, 1.430, 0.286),(-0.006, -0.049, 0.011, 0.999),VALID,(0.097, 0.044, 0.994),(0.000, 0.000, 0.000),64.325,VALID,(0.205, 0.280, 0.938),(-0.032, 0.000, 0.000),0.607,3.892,6.415,0.872,VALID,(0.097, 0.044, 0.994),(0.032, 0.000, 0.000),0.609,3.878,6.373,0.973,0.09678455,0.9326704
336226,1000001935242640800,63875742726138,(-0.065, 1.430, 0.286),(-0.005, -0.048, 0.011, 0.999),VALID,(0.097, 0.044, 0.994),(0.000, 0.000, 0.000),64.325,VALID,(0.205, 0.280, 0.938),(-0.032, 0.000, 0.000),0.607,3.891,6.415,0.872,VALID,(0.097, 0.044, 0.994),(0.032, 0.000, 0.000),0.609,3.878,6.373,0.973,0.09657748,0.9455904
336227,1000001935247646000,63875742726138,(-0.065, 1.430, 0.286),(-0.005, -0.048, 0.011, 0.999),VALID,(0.098, 0.043, 0.994),(0.000, 0.000, 0.000),64.325,VALID,(0.204, 0.280, 0.938),(-0.032, 0.000, 0.000),0.606,3.889,6.415,0.872,VALID,(0.098, 0.043, 0.994),(0.032, 0.000, 0.000),0.608,3.878,6.373,0.973,0.09636106,0.9453758
336228,1000001935252676300,63875742726138,(-0.065, 1.430, 0.286),(-0.005, -0.048, 0.011, 0.999),VALID,(0.098, 0.044, 0.994),(0.000, 0.000, 0.000),64.325,VALID,(0.204, 0.280, 0.938),(-0.032, 0.000, 0.000),0.606,3.885,6.415,0.872,VALID,(0.098, 0.044, 0.994),(0.032, 0.000, 0.000),0.608,3.878,6.373,0.972,0.09623104,0.9308006
336229,1000001935257681500,63875742726149,(-0.065, 1.430, 0.286),(-0.006, -0.048, 0.011, 0.999),VALID,(0.099, 0.044, 0.994),(0.000, 0.000, 0.000),64.325,VALID,(0.204, 0.280, 0.938),(-0.032, 0.000, 0.000),0.605,3.883,6.415,0.872,VALID,(0.099, 0.044, 0.994),(0.032, 0.000, 0.000),0.608,3.878,6.373,0.972,0.09611619,0.8788306
336230,1000001935262707300,63875742726149,(-0.065, 1.430, 0.286),(-0.006, -0.048, 0.011, 0.999),VALID,(0.098, 0.044, 0.994),(0.000, 0.000, 0.000),64.325,VALID,(0.204, 0.279, 0.938),(-0.032, 0.000, 0.000),0.605,3.881,6.415,0.873,VALID,(0.099, 0.044, 0.994),(0.032, 0.000, 0.000),0.608,3.878,6.373,0.972,0.09680551,0.7447799
336231,1000001935267712200,63875742726159,(-0.065, 1.430, 0.286),(-0.006, -0.048, 0.011, 0.999),VALID,(0.097, 0.045, 0.994),(0.000, 0.000, 0.000),64.325,VALID,(0.204, 0.277, 0.939),(-0.032, 0.000, 0.000),0.602,3.863,6.415,0.873,VALID,(0.097, 0.045, 0.994),(0.032, 0.000, 0.000),0.609,3.878,6.373,0.971,0.09963648,0.449666
336232,1000001935272704400,63875742726159,(-0.065, 1.430, 0.286),(-0.006, -0.048, 0.011, 0.999),VALID,(0.096, 0.044, 0.994),(0.000, 0.000, 0.000),64.325,VALID,(0.204, 0.270, 0.941),(-0.032, 0.000, 0.000),0.601,3.852,6.415,0.871,VALID,(0.096, 0.044, 0.994),(0.032, 0.000, 0.000),0.613,3.904,6.373,0.970,0.104955,0.09585209
336233,1000001935277709300,63875742726171,(-0.065, 1.430, 0.286),(-0.006, -0.048, 0.011, 0.999),VALID,(0.096, 0.039, 0.995),(0.000, 0.000, 0.000),64.325,VALID,(0.205, 0.183, 0.962),(-0.032, 0.000, 0.000),0.587,3.765,6.415,0.869,VALID,(0.095, 0.039, 0.995),(0.032, 0.000, 0.000),0.617,3.935,6.373,0.969,0.2076787,0
336234,1000001935282721400,63875742726171,(-0.065, 1.430, 0.286),(-0.006, -0.048, 0.011, 0.999),VALID,(0.097, 0.030, 0.995),(0.000, 0.000, 0.000),64.325,VALID,(0.202, 0.099, 0.974),(-0.032, 0.000, 0.000),0.585,3.756,6.415,0.870,VALID,(0.093, 0.030, 0.995),(0.032, 0.000, 0.000),0.619,3.942,6.373,0.968,0.409375,0
336235,1000001935287733500,63875742726182,(-0.065, 1.430, 0.285),(-0.005, -0.048, 0.011, 0.999),VALID,(0.093, 0.006, 0.996),(0.000, 0.000, 0.000),64.325,VALID,(0.197, 0.087, 0.976),(-0.032, 0.000, 0.000),0.551,3.534,6.415,0.870,VALID,(0.087, 0.006, 0.996),(0.032, 0.000, 0.000),0.616,3.923,6.373,0.967,0.3688056,0
336236,1000001935292754400,63875742726182,(-0.065, 1.430, 0.285),(-0.005, -0.048, 0.011, 0.999),VALID,(0.093, -0.025, 0.995),(0.000, 0.000, 0.000),64.325,VALID,(0.188, 0.000, 0.982),(-0.032, 0.000, 0.000),0.546,3.505,6.415,0.871,VALID,(0.078, -0.025, 0.997),(0.032, 0.000, 0.000),0.612,3.903,6.373,0.967,0.5462393,0
336237,1000001935297772900,63875742726193,(-0.065, 1.430, 0.285),(-0.005, -0.048, 0.011, 0.999),VALID,(0.083, -0.057, 0.995),(0.000, 0.000, 0.000),64.325,VALID,(0.183, 0.026, 0.983),(-0.032, 0.000, 0.000),0.553,3.548,6.415,0.870,VALID,(0.067, -0.057, 0.996),(0.032, 0.000, 0.000),0.609,3.883,6.373,0.966,0.3623731,0
336238,1000001935302785000,63875742726193,(-0.065, 1.430, 0.285),(-0.005, -0.048, 0.011, 0.999),VALID,(0.071, -0.086, 0.994),(0.000, 0.000, 0.000),64.325,VALID,(0.179, 0.035, 0.983),(-0.032, 0.000, 0.000),0.560,3.592,6.415,0.869,VALID,(0.056, -0.086, 0.995),(0.032, 0.000, 0.000),0.608,3.873,6.373,0.964,0.2630902,0
336239,1000001935307837600,63875742726204,(-0.065, 1.430, 0.285),(-0.005, -0.048, 0.011, 0.999),VALID,(0.058, -0.112, 0.992),(0.000, 0.000, 0.000),64.325,VALID,(0.174, 0.037, 0.984),(-0.032, 0.000, 0.000),0.568,3.645,6.415,0.868,VALID,(0.045, -0.112, 0.993),(0.032, 0.000, 0.000),0.607,3.870,6.373,0.962,0.2121006,0
336240,1000001935312849700,63875742726204,(-0.065, 1.430, 0.285),(-0.005, -0.048, 0.011, 0.999),VALID,(0.049, -0.132, 0.990),(0.000, 0.000, 0.000),64.325,VALID,(0.170, 0.032, 0.985),(-0.032, 0.000, 0.000),0.570,3.654,6.415,0.866,VALID,(0.039, -0.132, 0.991),(0.032, 0.000, 0.000),0.606,3.863,6.373,0.960,0.1895172,0
336241,1000001935317865000,63875742726204,(-0.065, 1.430, 0.285),(-0.005, -0.048, 0.011, 0.999),VALID,(0.041, -0.147, 0.988),(0.000, 0.000, 0.000),64.325,VALID,(0.167, 0.026, 0.986),(-0.032, 0.000, 0.000),0.569,3.651,6.415,0.864,VALID,(0.034, -0.147, 0.989),(0.032, 0.000, 0.000),0.606,3.860,6.373,0.958,0.1778846,0
336242,1000001935322877100,63875742726215,(-0.065, 1.430, 0.285),(-0.005, -0.048, 0.011, 0.999),VALID,(0.031, -0.161, 0.986),(0.000, 0.000, 0.000),64.325,VALID,(0.164, 0.022, 0.986),(-0.032, 0.000, 0.000),0.568,3.647,6.415,0.862,VALID,(0.025, -0.161, 0.987),(0.032, 0.000, 0.000),0.605,3.857,6.373,0.955,0.16791,0
336243,1000001935327884600,63875742726216,(-0.065, 1.430, 0.285),(-0.005, -0.048, 0.011, 0.999),VALID,(0.023, -0.171, 0.985),(0.000, 0.000, 0.000),64.325,VALID,(0.162, 0.018, 0.987),(-0.032, 0.000, 0.000),0.568,3.644,6.415,0.860,VALID,(0.019, -0.171, 0.985),(0.032, 0.000, 0.000),0.605,3.855,6.373,0.954,0.1624931,0
336244,1000001935332829500,63875742726227,(-0.065, 1.430, 0.285),(-0.005, -0.048, 0.010, 0.999),VALID,(0.017, -0.177, 0.984),(0.000, 0.000, 0.000),64.325,VALID,(0.160, 0.016, 0.987),(-0.032, 0.000, 0.000),0.567,3.641,6.415,0.858,VALID,(0.014, -0.177, 0.984),(0.032, 0.000, 0.000),0.604,3.852,6.373,0.952,0.1589419,0
336245,1000001935337841600,63875742726227,(-0.065, 1.430, 0.285),(-0.005, -0.048, 0.010, 0.999),VALID,(0.013, -0.182, 0.983),(0.000, 0.000, 0.000),64.325,VALID,(0.158, 0.014, 0.987),(-0.032, 0.000, 0.000),0.567,3.640,6.415,0.855,VALID,(0.011, -0.182, 0.983),(0.032, 0.000, 0.000),0.604,3.848,6.373,0.950,0.1566944,0
336246,1000001935342889100,63875742726239,(-0.065, 1.430, 0.285),(-0.005, -0.048, 0.010, 0.999),VALID,(0.010, -0.184, 0.983),(0.000, 0.000, 0.000),64.325,VALID,(0.157, 0.013, 0.988),(-0.032, 0.000, 0.000),0.567,3.639,6.415,0.854,VALID,(0.008, -0.184, 0.983),(0.032, 0.000, 0.000),0.603,3.842,6.373,0.948,0.1555208,0
336247,1000001935347890200,63875742726239,(-0.065, 1.430, 0.285),(-0.005, -0.048, 0.010, 0.999),VALID,(0.008, -0.186, 0.983),(0.000, 0.000, 0.000),64.325,VALID,(0.156, 0.011, 0.988),(-0.032, 0.000, 0.000),0.567,3.637,6.415,0.852,VALID,(0.007, -0.186, 0.983),(0.032, 0.000, 0.000),0.602,3.837,6.373,0.947,0.1550122,0
336248,1000001935352898500,63875742726239,(-0.065, 1.430, 0.285),(-0.005, -0.048, 0.010, 0.999),VALID,(0.006, -0.187, 0.982),(0.000, 0.000, 0.000),64.325,VALID,(0.155, 0.010, 0.988),(-0.032, 0.000, 0.000),0.566,3.633,6.415,0.850,VALID,(0.006, -0.187, 0.982),(0.032, 0.000, 0.000),0.601,3.833,6.373,0.945,0.1551545,0
336249,1000001935357906800,63875742726249,(-0.065, 1.430, 0.285),(-0.005, -0.048, 0.010, 0.999),VALID,(0.006, -0.187, 0.982),(0.000, 0.000, 0.000),64.325,VALID,(0.154, 0.010, 0.988),(-0.032, 0.000, 0.000),0.566,3.632,6.415,0.848,VALID,(0.005, -0.187, 0.982),(0.032, 0.000, 0.000),0.601,3.830,6.373,0.944,0.1554327,0
336250,1000001935362940800,63875742726249,(-0.065, 1.430, 0.285),(-0.005, -0.048, 0.010, 0.999),VALID,(0.005, -0.188, 0.982),(0.000, 0.000, 0.000),64.325,VALID,(0.154, 0.009, 0.988),(-0.032, 0.000, 0.000),0.565,3.627,6.415,0.846,VALID,(0.005, -0.188, 0.982),(0.032, 0.000, 0.000),0.600,3.827,6.373,0.942,0.1557866,0
336251,1000001935367941900,63875742726259,(-0.065, 1.430, 0.285),(-0.005, -0.048, 0.010, 0.999),VALID,(0.005, -0.188, 0.982),(0.000, 0.000, 0.000),64.325,VALID,(0.153, 0.009, 0.988),(-0.032, 0.000, 0.000),0.565,3.627,6.415,0.844,VALID,(0.004, -0.188, 0.982),(0.032, 0.000, 0.000),0.600,3.823,6.373,0.941,0.1557568,0
336252,1000001935372951000,63875742726259,(-0.065, 1.430, 0.285),(-0.005, -0.048, 0.010, 0.999),VALID,(0.004, -0.188, 0.982),(0.000, 0.000, 0.000),64.325,VALID,(0.152, 0.009, 0.988),(-0.032, 0.000, 0.000),0.565,3.627,6.415,0.843,VALID,(0.004, -0.188, 0.982),(0.032, 0.000, 0.000),0.599,3.820,6.373,0.939,0.15552,0
336253,1000001935377984200,63875742726271,(-0.066, 1.430, 0.285),(-0.005, -0.048, 0.010, 0.999),VALID,(0.004, -0.188, 0.982),(0.000, 0.000, 0.000),64.325,VALID,(0.152, 0.009, 0.988),(-0.032, 0.000, 0.000),0.565,3.627,6.415,0.842,VALID,(0.004, -0.188, 0.982),(0.032, 0.000, 0.000),0.599,3.816,6.373,0.938,0.1552568,0
336254,1000001935382992500,63875742726271,(-0.066, 1.430, 0.285),(-0.005, -0.048, 0.010, 0.999),VALID,(0.004, -0.188, 0.982),(0.000, 0.000, 0.000),64.325,VALID,(0.151, 0.008, 0.988),(-0.032, 0.000, 0.000),0.565,3.626,6.415,0.841,VALID,(0.004, -0.188, 0.982),(0.032, 0.000, 0.000),0.598,3.814,6.373,0.937,0.1554142,0
336255,1000001935387993600,63875742726282,(-0.066, 1.430, 0.285),(-0.005, -0.048, 0.010, 0.999),VALID,(0.004, -0.188, 0.982),(0.000, 0.000, 0.000),64.325,VALID,(0.151, 0.008, 0.989),(-0.032, 0.000, 0.000),0.564,3.621,6.415,0.840,VALID,(0.004, -0.188, 0.982),(0.032, 0.000, 0.000),0.598,3.812,6.373,0.937,0.1555724,0
336256,1000001935393001900,63875742726282,(-0.066, 1.430, 0.285),(-0.005, -0.048, 0.010, 0.999),VALID,(0.005, -0.188, 0.982),(0.000, 0.000, 0.000),64.325,VALID,(0.150, 0.007, 0.989),(-0.032, 0.000, 0.000),0.563,3.611,6.415,0.839,VALID,(0.004, -0.188, 0.982),(0.032, 0.000, 0.000),0.598,3.810,6.373,0.936,0.1558689,0
336257,1000001935398010200,63875742726293,(-0.066, 1.430, 0.285),(-0.005, -0.048, 0.010, 0.999),VALID,(0.005, -0.189, 0.982),(0.000, 0.000, 0.000),64.325,VALID,(0.150, 0.007, 0.989),(-0.032, 0.000, 0.000),0.561,3.601,6.415,0.838,VALID,(0.005, -0.189, 0.982),(0.032, 0.000, 0.000),0.597,3.807,6.373,0.935,0.1560996,0.2120329
336258,1000001935403018500,63875742726294,(-0.066, 1.430, 0.285),(-0.005, -0.048, 0.010, 0.999),VALID,(0.005, -0.189, 0.982),(0.000, 0.000, 0.000),64.325,VALID,(0.149, 0.006, 0.989),(-0.032, 0.000, 0.000),0.561,3.596,6.415,0.837,VALID,(0.005, -0.189, 0.982),(0.032, 0.000, 0.000),0.597,3.806,6.373,0.934,0.1562328,0.4412552
336259,1000001935408029300,63875742726294,(-0.066, 1.430, 0.285),(-0.005, -0.048, 0.010, 0.999),VALID,(0.005, -0.189, 0.982),(0.000, 0.000, 0.000),64.325,VALID,(0.149, 0.006, 0.989),(-0.032, 0.000, 0.000),0.560,3.593,6.415,0.836,VALID,(0.005, -0.189, 0.982),(0.032, 0.000, 0.000),0.597,3.804,6.373,0.933,0.1562373,0.6158634
336260,1000001935413037600,63875742726304,(-0.066, 1.430, 0.285),(-0.005, -0.048, 0.010, 0.999),VALID,(0.006, -0.189, 0.982),(0.000, 0.000, 0.000),64.325,VALID,(0.149, 0.006, 0.989),(-0.032, 0.000, 0.000),0.560,3.592,6.415,0.836,VALID,(0.006, -0.189, 0.982),(0.032, 0.000, 0.000),0.597,3.803,6.373,0.933,0.1561481,0.7284849
336261,1000001935418072000,63875742726304,(-0.066, 1.430, 0.285),(-0.005, -0.048, 0.010, 0.999),VALID,(0.006, -0.189, 0.982),(0.000, 0.000, 0.000),64.325,VALID,(0.148, 0.005, 0.989),(-0.032, 0.000, 0.000),0.560,3.592,6.415,0.834,VALID,(0.006, -0.189, 0.982),(0.032, 0.000, 0.000),0.596,3.800,6.373,0.932,0.1560764,1
336262,1000001935423071500,63875742726315,(-0.066, 1.430, 0.285),(-0.005, -0.048, 0.010, 0.999),VALID,(0.006, -0.189, 0.982),(0.000, 0.000, 0.000),64.325,VALID,(0.148, 0.005, 0.989),(-0.032, 0.000, 0.000),0.560,3.591,6.415,0.834,VALID,(0.006, -0.189, 0.982),(0.032, 0.000, 0.000),0.596,3.799,6.373,0.932,0.1560508,1
336263,1000001935428079800,63875742726315,(-0.066, 1.430, 0.285),(-0.005, -0.048, 0.010, 0.999),VALID,(0.007, -0.189, 0.982),(0.000, 0.000, 0.000),64.325,VALID,(0.148, 0.005, 0.989),(-0.032, 0.000, 0.000),0.559,3.588,6.415,0.833,VALID,(0.006, -0.189, 0.982),(0.032, 0.000, 0.000),0.596,3.798,6.373,0.931,0.1560442,1
336264,1000001935433162800,63875742726327,(-0.066, 1.430, 0.285),(-0.005, -0.048, 0.010, 0.999),VALID,(0.007, -0.189, 0.982),(0.000, 0.000, 0.000),64.325,VALID,(0.148, 0.005, 0.989),(-0.032, 0.000, 0.000),0.559,3.587,6.415,0.833,VALID,(0.007, -0.189, 0.982),(0.032, 0.000, 0.000),0.596,3.797,6.373,0.931,0.1558686,1
336265,1000001935438171100,63875742726327,(-0.066, 1.430, 0.285),(-0.005, -0.048, 0.010, 0.999),VALID,(0.007, -0.189, 0.982),(0.000, 0.000, 0.000),64.325,VALID,(0.147, 0.005, 0.989),(-0.032, 0.000, 0.000),0.558,3.581,6.415,0.832,VALID,(0.007, -0.189, 0.982),(0.032, 0.000, 0.000),0.595,3.795,6.373,0.931,0.1559508,1
336266,1000001935443149300,63875742726338,(-0.066, 1.430, 0.285),(-0.005, -0.048, 0.010, 0.999),VALID,(0.007, -0.189, 0.982),(0.000, 0.000, 0.000),64.325,VALID,(0.147, 0.004, 0.989),(-0.032, 0.000, 0.000),0.558,3.577,6.415,0.832,VALID,(0.007, -0.189, 0.982),(0.032, 0.000, 0.000),0.595,3.793,6.373,0.930,0.1560562,1
336267,1000001935448149500,63875742726338,(-0.066, 1.430, 0.285),(-0.005, -0.048, 0.010, 0.999),VALID,(0.008, -0.189, 0.982),(0.000, 0.000, 0.000),64.325,VALID,(0.147, 0.004, 0.989),(-0.032, 0.000, 0.000),0.557,3.573,6.415,0.831,VALID,(0.007, -0.189, 0.982),(0.032, 0.000, 0.000),0.595,3.791,6.373,0.930,0.1561334,1
336268,1000001935453157800,63875742726338,(-0.066, 1.430, 0.285),(-0.005, -0.048, 0.010, 0.999),VALID,(0.008, -0.190, 0.982),(0.000, 0.000, 0.000),64.325,VALID,(0.147, 0.004, 0.989),(-0.032, 0.000, 0.000),0.557,3.576,6.415,0.830,VALID,(0.008, -0.190, 0.982),(0.032, 0.000, 0.000),0.595,3.789,6.373,0.929,0.1557485,1
336269,1000001935458166100,63875742726349,(-0.066, 1.430, 0.285),(-0.005, -0.048, 0.010, 0.999),VALID,(0.008, -0.190, 0.982),(0.000, 0.000, 0.000),64.325,VALID,(0.147, 0.004, 0.989),(-0.032, 0.000, 0.000),0.558,3.577,6.415,0.829,VALID,(0.008, -0.190, 0.982),(0.032, 0.000, 0.000),0.594,3.788,6.373,0.929,0.1555109,1
336270,1000001935463177900,63875742726349,(-0.066, 1.430, 0.285),(-0.005, -0.048, 0.010, 0.999),VALID,(0.008, -0.190, 0.982),(0.000, 0.000, 0.000),64.325,VALID,(0.147, 0.004, 0.989),(-0.032, 0.000, 0.000),0.558,3.582,6.415,0.828,VALID,(0.008, -0.190, 0.982),(0.032, 0.000, 0.000),0.594,3.787,6.373,0.928,0.1550493,1
336271,1000001935468183100,63875742726359,(-0.066, 1.430, 0.285),(-0.004, -0.048, 0.010, 0.999),VALID,(0.008, -0.190, 0.982),(0.000, 0.000, 0.000),64.325,VALID,(0.146, 0.005, 0.989),(-0.032, 0.000, 0.000),0.559,3.585,6.415,0.826,VALID,(0.008, -0.190, 0.982),(0.032, 0.000, 0.000),0.594,3.786,6.373,0.928,0.1546985,1
336272,1000001935473262200,63875742726359,(-0.066, 1.430, 0.285),(-0.004, -0.048, 0.010, 0.999),VALID,(0.008, -0.190, 0.982),(0.000, 0.000, 0.000),64.325,VALID,(0.146, 0.005, 0.989),(-0.032, 0.000, 0.000),0.559,3.588,6.415,0.826,VALID,(0.008, -0.190, 0.982),(0.032, 0.000, 0.000),0.594,3.785,6.373,0.928,0.1543467,1
336273,1000001935478267400,63875742726371,(-0.066, 1.430, 0.285),(-0.004, -0.048, 0.010, 0.999),VALID,(0.009, -0.190, 0.982),(0.000, 0.000, 0.000),64.325,VALID,(0.146, 0.005, 0.989),(-0.032, 0.000, 0.000),0.560,3.590,6.415,0.825,VALID,(0.008, -0.190, 0.982),(0.032, 0.000, 0.000),0.594,3.784,6.373,0.927,0.1540209,1
336274,1000001935483208700,63875742726383,(-0.066, 1.429, 0.285),(-0.004, -0.048, 0.010, 0.999),VALID,(0.009, -0.190, 0.982),(0.000, 0.000, 0.000),64.325,VALID,(0.146, 0.005, 0.989),(-0.032, 0.000, 0.000),0.560,3.591,6.415,0.825,VALID,(0.008, -0.190, 0.982),(0.032, 0.000, 0.000),0.594,3.783,6.373,0.927,0.1537459,1
336275,1000001935488213900,63875742726383,(-0.066, 1.429, 0.285),(-0.004, -0.048, 0.010, 0.999),VALID,(0.009, -0.190, 0.982),(0.000, 0.000, 0.000),64.325,VALID,(0.146, 0.005, 0.989),(-0.032, 0.000, 0.000),0.560,3.591,6.415,0.825,VALID,(0.009, -0.190, 0.982),(0.032, 0.000, 0.000),0.594,3.783,6.373,0.927,0.1535333,1
336276,1000001935493219100,63875742726383,(-0.066, 1.429, 0.285),(-0.004, -0.048, 0.010, 0.999),VALID,(0.009, -0.190, 0.982),(0.000, 0.000, 0.000),64.325,VALID,(0.145, 0.005, 0.989),(-0.032, 0.000, 0.000),0.560,3.591,6.415,0.825,VALID,(0.009, -0.190, 0.982),(0.032, 0.000, 0.000),0.593,3.782,6.373,0.927,0.1533011,1
336277,1000001935498245100,63875742726394,(-0.066, 1.429, 0.285),(-0.004, -0.048, 0.010, 0.999),VALID,(0.009, -0.190, 0.982),(0.000, 0.000, 0.000),64.325,VALID,(0.145, 0.005, 0.989),(-0.032, 0.000, 0.000),0.560,3.591,6.415,0.824,VALID,(0.009, -0.190, 0.982),(0.032, 0.000, 0.000),0.593,3.782,6.373,0.927,0.1530864,1
336278,1000001935503250300,63875742726394,(-0.066, 1.429, 0.285),(-0.004, -0.048, 0.010, 0.999),VALID,(0.009, -0.190, 0.982),(0.000, 0.000, 0.000),64.325,VALID,(0.145, 0.005, 0.989),(-0.032, 0.000, 0.000),0.560,3.590,6.415,0.824,VALID,(0.009, -0.190, 0.982),(0.032, 0.000, 0.000),0.593,3.782,6.373,0.926,0.1529152,1
336279,1000001935508283900,63875742726394,(-0.066, 1.429, 0.285),(-0.004, -0.048, 0.010, 0.999),VALID,(0.009, -0.190, 0.982),(0.000, 0.000, 0.000),64.325,VALID,(0.145, 0.005, 0.989),(-0.032, 0.000, 0.000),0.560,3.592,6.415,0.823,VALID,(0.009, -0.190, 0.982),(0.032, 0.000, 0.000),0.594,3.782,6.373,0.926,0.1526622,1
336280,1000001935513289100,63875742726405,(-0.066, 1.429, 0.285),(-0.004, -0.048, 0.010, 0.999),VALID,(0.009, -0.190, 0.982),(0.000, 0.000, 0.000),64.325,VALID,(0.145, 0.005, 0.989),(-0.032, 0.000, 0.000),0.560,3.592,6.415,0.822,VALID,(0.009, -0.190, 0.982),(0.032, 0.000, 0.000),0.594,3.783,6.373,0.926,0.1524311,1
336281,1000001935518294300,63875742726405,(-0.066, 1.429, 0.285),(-0.004, -0.048, 0.010, 0.999),VALID,(0.009, -0.190, 0.982),(0.000, 0.000, 0.000),64.325,VALID,(0.145, 0.005, 0.989),(-0.032, 0.000, 0.000),0.560,3.592,6.415,0.821,VALID,(0.009, -0.190, 0.982),(0.032, 0.000, 0.000),0.594,3.783,6.373,0.926,0.1522013,1
336282,1000001935523299500,63875742726416,(-0.066, 1.429, 0.285),(-0.004, -0.048, 0.010, 0.999),VALID,(0.010, -0.190, 0.982),(0.000, 0.000, 0.000),64.325,VALID,(0.144, 0.005, 0.990),(-0.032, 0.000, 0.000),0.560,3.592,6.415,0.820,VALID,(0.009, -0.190, 0.982),(0.032, 0.000, 0.000),0.594,3.783,6.373,0.926,0.1520148,1
336283,1000001935528303500,63875742726416,(-0.066, 1.429, 0.285),(-0.004, -0.048, 0.010, 0.999),VALID,(0.010, -0.190, 0.982),(0.000, 0.000, 0.000),64.325,VALID,(0.144, 0.005, 0.990),(-0.032, 0.000, 0.000),0.560,3.592,6.415,0.820,VALID,(0.010, -0.190, 0.982),(0.032, 0.000, 0.000),0.594,3.783,6.373,0.925,0.1518418,1
336284,1000001935533314500,63875742726427,(-0.066, 1.429, 0.284),(-0.004, -0.048, 0.010, 0.999),VALID,(0.010, -0.190, 0.982),(0.000, 0.000, 0.000),64.325,VALID,(0.144, 0.006, 0.990),(-0.032, 0.000, 0.000),0.560,3.596,6.415,0.820,VALID,(0.010, -0.190, 0.982),(0.032, 0.000, 0.000),0.594,3.784,6.373,0.925,0.1516308,1
336285,1000001935538324200,63875742726427,(-0.066, 1.429, 0.284),(-0.004, -0.048, 0.010, 0.999),VALID,(0.010, -0.190, 0.982),(0.000, 0.000, 0.000),64.325,VALID,(0.144, 0.006, 0.990),(-0.032, 0.000, 0.000),0.561,3.601,6.415,0.819,VALID,(0.010, -0.190, 0.982),(0.032, 0.000, 0.000),0.594,3.784,6.373,0.925,0.1513997,1
336286,1000001935543347300,63875742726439,(-0.066, 1.429, 0.284),(-0.004, -0.049, 0.011, 0.999),VALID,(0.010, -0.190, 0.982),(0.000, 0.000, 0.000),64.325,VALID,(0.144, 0.006, 0.990),(-0.032, 0.000, 0.000),0.562,3.603,6.415,0.818,VALID,(0.010, -0.190, 0.982),(0.032, 0.000, 0.000),0.594,3.784,6.373,0.925,0.1511693,1
336287,1000001935548380900,63875742726439,(-0.066, 1.429, 0.284),(-0.004, -0.049, 0.011, 0.999),VALID,(0.010, -0.191, 0.982),(0.000, 0.000, 0.000),64.325,VALID,(0.144, 0.006, 0.990),(-0.032, 0.000, 0.000),0.567,3.637,6.415,0.818,VALID,(0.010, -0.191, 0.982),(0.032, 0.000, 0.000),0.594,3.785,6.373,0.924,0.1508066,1
336288,1000001935553386100,63875742726449,(-0.066, 1.429, 0.284),(-0.004, -0.049, 0.011, 0.999),VALID,(0.010, -0.191, 0.982),(0.000, 0.000, 0.000),64.325,VALID,(0.144, 0.006, 0.990),(-0.032, 0.000, 0.000),0.570,3.654,6.415,0.817,VALID,(0.010, -0.191, 0.982),(0.032, 0.000, 0.000),0.594,3.786,6.373,0.924,0.1504037,1
336289,1000001935558391300,63875742726449,(-0.066, 1.429, 0.284),(-0.004, -0.049, 0.011, 0.999),VALID,(0.010, -0.191, 0.982),(0.000, 0.000, 0.000),64.325,VALID,(0.144, 0.006, 0.990),(-0.032, 0.000, 0.000),0.571,3.660,6.415,0.817,VALID,(0.010, -0.191, 0.982),(0.032, 0.000, 0.000),0.594,3.787,6.373,0.924,0.1499255,1
336290,1000001935563411200,63875742726450,(-0.066, 1.429, 0.284),(-0.004, -0.049, 0.011, 0.999),VALID,(0.010, -0.191, 0.982),(0.000, 0.000, 0.000),64.325,VALID,(0.144, 0.007, 0.990),(-0.032, 0.000, 0.000),0.571,3.662,6.415,0.816,VALID,(0.010, -0.191, 0.982),(0.032, 0.000, 0.000),0.594,3.787,6.373,0.923,0.1494058,1
336291,1000001935568427600,63875742726460,(-0.066, 1.429, 0.284),(-0.004, -0.049, 0.011, 0.999),VALID,(0.010, -0.191, 0.982),(0.000, 0.000, 0.000),64.325,VALID,(0.144, 0.007, 0.990),(-0.032, 0.000, 0.000),0.571,3.663,6.415,0.816,VALID,(0.010, -0.191, 0.982),(0.032, 0.000, 0.000),0.594,3.788,6.373,0.923,0.1488508,1
336292,1000001935573451000,63875742726460,(-0.066, 1.429, 0.284),(-0.004, -0.049, 0.011, 0.999),VALID,(0.011, -0.191, 0.982),(0.000, 0.000, 0.000),64.325,VALID,(0.144, 0.008, 0.990),(-0.032, 0.000, 0.000),0.571,3.664,6.415,0.816,VALID,(0.011, -0.191, 0.982),(0.032, 0.000, 0.000),0.595,3.789,6.373,0.923,0.1482619,1
336293,1000001935578459500,63875742726471,(-0.066, 1.430, 0.284),(-0.004, -0.049, 0.011, 0.999),VALID,(0.011, -0.191, 0.981),(0.000, 0.000, 0.000),64.325,VALID,(0.144, 0.008, 0.990),(-0.032, 0.000, 0.000),0.571,3.664,6.415,0.815,VALID,(0.011, -0.191, 0.981),(0.032, 0.000, 0.000),0.595,3.790,6.373,0.922,0.1476448,1
336294,1000001935583468000,63875742726471,(-0.066, 1.430, 0.284),(-0.004, -0.049, 0.011, 0.999),VALID,(0.011, -0.191, 0.981),(0.000, 0.000, 0.000),64.325,VALID,(0.144, 0.008, 0.990),(-0.032, 0.000, 0.000),0.571,3.664,6.415,0.814,VALID,(0.011, -0.191, 0.981),(0.032, 0.000, 0.000),0.595,3.791,6.373,0.922,0.1470308,1
336295,1000001935588476100,63875742726482,(-0.066, 1.430, 0.284),(-0.004, -0.049, 0.011, 0.999),VALID,(0.011, -0.192, 0.981),(0.000, 0.000, 0.000),64.325,VALID,(0.144, 0.009, 0.990),(-0.032, 0.000, 0.000),0.571,3.664,6.415,0.814,VALID,(0.011, -0.192, 0.981),(0.032, 0.000, 0.000),0.595,3.792,6.373,0.922,0.1464512,1
336296,1000001935593484600,63875742726482,(-0.066, 1.430, 0.284),(-0.004, -0.049, 0.011, 0.999),VALID,(0.011, -0.192, 0.981),(0.000, 0.000, 0.000),64.325,VALID,(0.144, 0.009, 0.990),(-0.032, 0.000, 0.000),0.572,3.668,6.415,0.813,VALID,(0.011, -0.192, 0.981),(0.032, 0.000, 0.000),0.595,3.794,6.373,0.922,0.1457753,1
336297,1000001935598492700,63875742726482,(-0.066, 1.430, 0.284),(-0.004, -0.049, 0.011, 0.999),VALID,(0.011, -0.192, 0.981),(0.000, 0.000, 0.000),64.325,VALID,(0.144, 0.010, 0.990),(-0.032, 0.000, 0.000),0.572,3.672,6.415,0.813,VALID,(0.011, -0.192, 0.981),(0.032, 0.000, 0.000),0.596,3.796,6.373,0.921,0.1451237,1
336298,1000001935603538600,63875742726494,(-0.066, 1.430, 0.285),(-0.004, -0.049, 0.011, 0.999),VALID,(0.011, -0.192, 0.981),(0.000, 0.000, 0.000),64.325,VALID,(0.144, 0.010, 0.990),(-0.032, 0.000, 0.000),0.573,3.674,6.415,0.812,VALID,(0.011, -0.192, 0.981),(0.032, 0.000, 0.000),0.596,3.797,6.373,0.921,0.1444912,1
336299,1000001935608547100,63875742726494,(-0.066, 1.430, 0.285),(-0.004, -0.049, 0.011, 0.999),VALID,(0.011, -0.192, 0.981),(0.000, 0.000, 0.000),64.325,VALID,(0.144, 0.010, 0.990),(-0.032, 0.000, 0.000),0.573,3.674,6.415,0.811,VALID,(0.011, -0.192, 0.981),(0.032, 0.000, 0.000),0.596,3.799,6.373,0.921,0.1439388,1
336300,1000001935613555200,63875742726505,(-0.066, 1.430, 0.285),(-0.004, -0.049, 0.011, 0.999),VALID,(0.011, -0.192, 0.981),(0.000, 0.000, 0.000),64.325,VALID,(0.144, 0.011, 0.990),(-0.032, 0.000, 0.000),0.573,3.675,6.415,0.810,VALID,(0.011, -0.192, 0.981),(0.032, 0.000, 0.000),0.596,3.801,6.373,0.920,0.1434373,1
336301,1000001935618563300,63875742726505,(-0.066, 1.430, 0.285),(-0.004, -0.049, 0.011, 0.999),VALID,(0.011, -0.192, 0.981),(0.000, 0.000, 0.000),64.325,VALID,(0.144, 0.011, 0.990),(-0.032, 0.000, 0.000),0.573,3.675,6.415,0.809,VALID,(0.011, -0.192, 0.981),(0.032, 0.000, 0.000),0.597,3.804,6.373,0.920,0.1430314,1
336302,1000001935623571800,63875742726516,(-0.067, 1.430, 0.285),(-0.004, -0.049, 0.011, 0.999),VALID,(0.011, -0.192, 0.981),(0.000, 0.000, 0.000),64.325,VALID,(0.144, 0.011, 0.990),(-0.032, 0.000, 0.000),0.573,3.675,6.415,0.808,VALID,(0.011, -0.192, 0.981),(0.032, 0.000, 0.000),0.597,3.806,6.373,0.919,0.1426557,1
336303,1000001935628579400,63875742726516,(-0.067, 1.430, 0.285),(-0.004, -0.049, 0.011, 0.999),VALID,(0.011, -0.192, 0.981),(0.000, 0.000, 0.000),64.325,VALID,(0.144, 0.012, 0.990),(-0.032, 0.000, 0.000),0.573,3.676,6.415,0.808,VALID,(0.011, -0.192, 0.981),(0.032, 0.000, 0.000),0.598,3.809,6.373,0.919,0.1423634,1
336304,1000001935633587900,63875742726527,(-0.067, 1.430, 0.285),(-0.005, -0.049, 0.011, 0.999),VALID,(0.012, -0.192, 0.981),(0.000, 0.000, 0.000),64.325,VALID,(0.144, 0.012, 0.990),(-0.032, 0.000, 0.000),0.573,3.676,6.415,0.807,VALID,(0.012, -0.192, 0.981),(0.032, 0.000, 0.000),0.598,3.812,6.373,0.918,0.1420535,0.9183088
336305,1000001935638596000,63875742726527,(-0.067, 1.430, 0.285),(-0.005, -0.049, 0.011, 0.999),VALID,(0.012, -0.192, 0.981),(0.000, 0.000, 0.000),64.325,VALID,(0.143, 0.012, 0.990),(-0.032, 0.000, 0.000),0.573,3.676,6.415,0.806,VALID,(0.012, -0.192, 0.981),(0.032, 0.000, 0.000),0.599,3.815,6.373,0.918,0.1419653,0.6943613
336306,1000001935643597100,63875742726538,(-0.067, 1.430, 0.284),(-0.004, -0.049, 0.012, 0.999),VALID,(0.012, -0.192, 0.981),(0.000, 0.000, 0.000),64.325,VALID,(0.143, 0.012, 0.990),(-0.032, 0.000, 0.000),0.573,3.676,6.415,0.805,VALID,(0.012, -0.192, 0.981),(0.032, 0.000, 0.000),0.599,3.818,6.373,0.917,0.1421521,0.6269839
336307,1000001935648605200,63875742726538,(-0.067, 1.430, 0.284),(-0.004, -0.049, 0.012, 0.999),VALID,(0.012, -0.191, 0.981),(0.000, 0.000, 0.000),64.325,VALID,(0.143, 0.012, 0.990),(-0.032, 0.000, 0.000),0.573,3.675,6.415,0.804,VALID,(0.012, -0.191, 0.981),(0.032, 0.000, 0.000),0.600,3.823,6.373,0.916,0.1427227,0.59243
336308,1000001935653613300,63875742726538,(-0.067, 1.430, 0.284),(-0.004, -0.049, 0.012, 0.999),VALID,(0.013, -0.191, 0.981),(0.000, 0.000, 0.000),64.325,VALID,(0.143, 0.011, 0.990),(-0.032, 0.000, 0.000),0.573,3.676,6.415,0.803,VALID,(0.013, -0.191, 0.981),(0.032, 0.000, 0.000),0.601,3.830,6.373,0.915,0.1433567,0.5521401
336309,1000001935658658600,63875742726549,(-0.066, 1.430, 0.285),(-0.004, -0.049, 0.012, 0.999),VALID,(0.013, -0.191, 0.982),(0.000, 0.000, 0.000),64.325,VALID,(0.143, 0.011, 0.990),(-0.032, 0.000, 0.000),0.575,3.686,6.415,0.801,VALID,(0.013, -0.191, 0.982),(0.032, 0.000, 0.000),0.602,3.837,6.373,0.914,0.1438491,0.5086594
336310,1000001935663659700,63875742726549,(-0.066, 1.430, 0.285),(-0.004, -0.049, 0.012, 0.999),VALID,(0.014, -0.191, 0.982),(0.000, 0.000, 0.000),64.325,VALID,(0.143, 0.010, 0.990),(-0.032, 0.000, 0.000),0.577,3.699,6.415,0.800,VALID,(0.014, -0.191, 0.982),(0.032, 0.000, 0.000),0.604,3.847,6.373,0.913,0.1440522,0.4457742
336311,1000001935668660800,63875742726560,(-0.066, 1.430, 0.284),(-0.004, -0.049, 0.012, 0.999),VALID,(0.015, -0.191, 0.982),(0.000, 0.000, 0.000),64.325,VALID,(0.143, 0.009, 0.990),(-0.032, 0.000, 0.000),0.577,3.703,6.415,0.798,VALID,(0.015, -0.191, 0.982),(0.032, 0.000, 0.000),0.605,3.857,6.373,0.912,0.1449808,0.3846441
336312,1000001935673661900,63875742726560,(-0.066, 1.430, 0.284),(-0.004, -0.049, 0.012, 0.999),VALID,(0.016, -0.191, 0.981),(0.000, 0.000, 0.000),64.325,VALID,(0.143, 0.006, 0.990),(-0.032, 0.000, 0.000),0.577,3.704,6.415,0.797,VALID,(0.016, -0.191, 0.981),(0.032, 0.000, 0.000),0.606,3.865,6.373,0.911,0.147082,0.2875512
336313,1000001935678691000,63875742726572,(-0.066, 1.430, 0.285),(-0.004, -0.049, 0.012, 0.999),VALID,(0.018, -0.192, 0.981),(0.000, 0.000, 0.000),64.325,VALID,(0.126, -0.050, 0.991),(-0.032, 0.000, 0.000),0.577,3.703,6.415,0.795,VALID,(0.018, -0.192, 0.981),(0.032, 0.000, 0.000),0.607,3.871,6.373,0.909,0.2162794,0.2132991
336314,1000001935683692100,63875742726572,(-0.066, 1.430, 0.285),(-0.004, -0.049, 0.012, 0.999),VALID,(0.020, -0.192, 0.981),(0.000, 0.000, 0.000),64.325,VALID,(0.107, -0.102, 0.989),(-0.032, 0.000, 0.000),0.577,3.701,6.415,0.794,VALID,(0.020, -0.192, 0.981),(0.032, 0.000, 0.000),0.609,3.881,6.373,0.908,0.3547976,0.04265986
336315,1000001935688693200,63875742726583,(-0.066, 1.430, 0.284),(-0.004, -0.049, 0.012, 0.999),VALID,(0.023, -0.193, 0.981),(0.000, 0.000, 0.000),64.325,VALID,(0.089, -0.143, 0.986),(-0.032, 0.000, 0.000),0.573,3.678,6.415,0.792,VALID,(0.023, -0.193, 0.981),(0.032, 0.000, 0.000),0.610,3.888,6.373,0.907,0.6125215,0
336316,1000001935693703800,63875742726583,(-0.066, 1.430, 0.284),(-0.004, -0.049, 0.012, 0.999),VALID,(0.024, -0.195, 0.981),(0.000, 0.000, 0.000),64.325,VALID,(0.074, -0.171, 0.983),(-0.032, 0.000, 0.000),0.566,3.631,6.415,0.791,VALID,(0.024, -0.195, 0.981),(0.032, 0.000, 0.000),0.612,3.898,6.373,0.905,1.043097,0
336317,1000001935698702900,63875742726594,(-0.066, 1.430, 0.284),(-0.004, -0.049, 0.012, 0.999),VALID,(0.024, -0.198, 0.980),(0.000, 0.000, 0.000),64.325,VALID,(0.057, -0.191, 0.980),(-0.032, 0.000, 0.000),0.590,3.787,6.415,0.790,VALID,(0.024, -0.198, 0.980),(0.032, 0.000, 0.000),0.612,3.903,6.373,0.904,2,0
336318,1000001935703773300,63875742726594,(-0.066, 1.430, 0.284),(-0.004, -0.049, 0.012, 0.999),VALID,(0.022, -0.202, 0.979),(0.000, 0.000, 0.000),64.325,VALID,(0.040, -0.206, 0.978),(-0.032, 0.000, 0.000),0.610,3.915,6.415,0.789,VALID,(0.022, -0.202, 0.979),(0.032, 0.000, 0.000),0.612,3.903,6.373,0.902,2,0
336319,1000001935708774400,63875742726594,(-0.066, 1.430, 0.284),(-0.004, -0.049, 0.012, 0.999),VALID,(0.020, -0.208, 0.978),(0.000, 0.000, 0.000),64.325,VALID,(0.017, -0.220, 0.975),(-0.032, 0.000, 0.000),0.610,3.916,6.415,0.787,VALID,(0.020, -0.208, 0.978),(0.032, 0.000, 0.000),0.611,3.892,6.373,0.899,2,0
336320,1000001935713801000,63875742726605,(-0.066, 1.430, 0.284),(-0.004, -0.049, 0.012, 0.999),VALID,(0.014, -0.214, 0.977),(0.000, 0.000, 0.000),64.325,VALID,(-0.005, -0.229, 0.973),(-0.032, 0.000, 0.000),0.599,3.842,6.415,0.785,VALID,(0.014, -0.214, 0.977),(0.032, 0.000, 0.000),0.611,3.894,6.373,0.897,2,0
336321,1000001935718802100,63875742726605,(-0.066, 1.430, 0.284),(-0.004, -0.049, 0.012, 0.999),VALID,(0.005, -0.216, 0.976),(0.000, 0.000, 0.000),64.325,VALID,(-0.020, -0.227, 0.974),(-0.032, 0.000, 0.000),0.596,3.821,6.415,0.784,VALID,(0.005, -0.216, 0.976),(0.032, 0.000, 0.000),0.612,3.903,6.373,0.892,2,0
336322,1000001935723812900,63875742726617,(-0.066, 1.430, 0.284),(-0.004, -0.049, 0.011, 0.999),VALID,(-0.009, -0.216, 0.976),(0.000, 0.000, 0.000),64.325,VALID,(-0.037, -0.223, 0.974),(-0.032, 0.000, 0.000),0.606,3.886,6.415,0.782,VALID,(-0.009, -0.216, 0.976),(0.032, 0.000, 0.000),0.616,3.928,6.373,0.885,2,0
336323,1000001935728814000,63875742726617,(-0.066, 1.430, 0.284),(-0.004, -0.049, 0.011, 0.999),VALID,(-0.027, -0.215, 0.976),(0.000, 0.000, 0.000),64.325,VALID,(-0.001, -0.219, 0.976),(-0.032, 0.000, 0.000),0.613,3.931,6.415,0.781,VALID,(-0.029, -0.215, 0.976),(0.032, 0.000, 0.000),0.623,3.968,6.373,0.878,2,0
336324,1000001935733824800,63875742726628,(-0.066, 1.430, 0.284),(-0.004, -0.050, 0.011, 0.999),VALID,(-0.044, -0.214, 0.976),(0.000, 0.000, 0.000),64.325,VALID,(0.015, -0.216, 0.976),(-0.032, 0.000, 0.000),0.614,3.940,6.415,0.779,VALID,(-0.051, -0.214, 0.975),(0.032, 0.000, 0.000),0.626,3.990,6.373,0.869,0.9756308,0
336325,1000001935738835600,63875742726628,(-0.066, 1.430, 0.284),(-0.004, -0.050, 0.011, 0.999),VALID,(-0.056, -0.214, 0.975),(0.000, 0.000, 0.000),64.325,VALID,(0.021, -0.216, 0.976),(-0.032, 0.000, 0.000),0.612,3.926,6.415,0.778,VALID,(-0.073, -0.214, 0.974),(0.032, 0.000, 0.000),0.627,3.994,6.373,0.860,0.6759606,0
336326,1000001935743848300,63875742726639,(-0.066, 1.430, 0.284),(-0.004, -0.050, 0.011, 0.999),VALID,(-0.061, -0.213, 0.975),(0.000, 0.000, 0.000),64.325,VALID,(0.015, -0.212, 0.977),(-0.032, 0.000, 0.000),0.612,3.929,6.415,0.777,VALID,(-0.095, -0.212, 0.973),(0.032, 0.000, 0.000),0.631,4.019,6.373,0.851,0.5828414,0
336327,1000001935748863300,63875742726639,(-0.066, 1.430, 0.284),(-0.004, -0.050, 0.011, 0.999),VALID,(-0.066, -0.211, 0.975),(0.000, 0.000, 0.000),64.325,VALID,(0.011, -0.208, 0.978),(-0.032, 0.000, 0.000),0.613,3.929,6.415,0.775,VALID,(-0.113, -0.210, 0.971),(0.032, 0.000, 0.000),0.634,4.041,6.373,0.844,0.5156145,0
336328,1000001935753878300,63875742726639,(-0.066, 1.430, 0.284),(-0.004, -0.050, 0.011, 0.999),VALID,(-0.070, -0.210, 0.975),(0.000, 0.000, 0.000),64.325,VALID,(0.007, -0.207, 0.978),(-0.032, 0.000, 0.000),0.599,3.843,6.415,0.774,VALID,(-0.128, -0.209, 0.969),(0.032, 0.000, 0.000),0.636,4.054,6.373,0.839,0.4728689,0
336329,1000001935758963400,63875742726650,(-0.066, 1.430, 0.284),(-0.004, -0.050, 0.011, 0.999),VALID,(-0.074, -0.210, 0.975),(0.000, 0.000, 0.000),64.325,VALID,(0.003, -0.206, 0.978),(-0.032, 0.000, 0.000),0.597,3.829,6.415,0.772,VALID,(-0.140, -0.208, 0.968),(0.032, 0.000, 0.000),0.637,4.059,6.373,0.834,0.4464917,0
336330,1000001935763978400,63875742726650,(-0.066, 1.430, 0.284),(-0.004, -0.050, 0.011, 0.999),VALID,(-0.078, -0.209, 0.975),(0.000, 0.000, 0.000),64.325,VALID,(0.000, -0.207, 0.978),(-0.032, 0.000, 0.000),0.593,3.802,6.415,0.771,VALID,(-0.148, -0.208, 0.967),(0.032, 0.000, 0.000),0.638,4.064,6.373,0.831,0.4296674,0
336331,1000001935768999200,63875742726661,(-0.066, 1.430, 0.284),(-0.004, -0.051, 0.011, 0.999),VALID,(-0.080, -0.209, 0.975),(0.000, 0.000, 0.000),64.325,VALID,(-0.002, -0.206, 0.979),(-0.032, 0.000, 0.000),0.591,3.792,6.415,0.771,VALID,(-0.153, -0.207, 0.966),(0.032, 0.000, 0.000),0.639,4.069,6.373,0.828,0.4187095,0
336332,1000001935774014200,63875742726661,(-0.066, 1.430, 0.284),(-0.004, -0.051, 0.011, 0.999),VALID,(-0.082, -0.209, 0.975),(0.000, 0.000, 0.000),64.325,VALID,(-0.003, -0.206, 0.979),(-0.032, 0.000, 0.000),0.590,3.785,6.415,0.770,VALID,(-0.157, -0.207, 0.966),(0.032, 0.000, 0.000),0.639,4.073,6.373,0.825,0.4123333,0
336333,1000001935778945400,63875742726672,(-0.066, 1.430, 0.284),(-0.004, -0.052, 0.011, 0.999),VALID,(-0.084, -0.208, 0.974),(0.000, 0.000, 0.000),64.325,VALID,(-0.004, -0.205, 0.979),(-0.032, 0.000, 0.000),0.589,3.781,6.415,0.770,VALID,(-0.160, -0.207, 0.965),(0.032, 0.000, 0.000),0.639,4.074,6.373,0.823,0.4072104,0
336334,1000001935783960400,63875742726672,(-0.066, 1.430, 0.284),(-0.004, -0.052, 0.011, 0.999),VALID,(-0.086, -0.208, 0.974),(0.000, 0.000, 0.000),64.325,VALID,(-0.007, -0.204, 0.979),(-0.032, 0.000, 0.000),0.596,3.827,6.415,0.770,VALID,(-0.162, -0.206, 0.965),(0.032, 0.000, 0.000),0.639,4.075,6.373,0.822,0.4086025,0
336335,1000001935788981200,63875742726684,(-0.067, 1.430, 0.284),(-0.004, -0.052, 0.012, 0.999),VALID,(-0.087, -0.207, 0.974),(0.000, 0.000, 0.000),64.325,VALID,(-0.009, -0.203, 0.979),(-0.032, 0.000, 0.000),0.605,3.880,6.415,0.770,VALID,(-0.163, -0.205, 0.965),(0.032, 0.000, 0.000),0.640,4.076,6.373,0.821,0.4106722,0
336336,1000001935794002000,63875742726684,(-0.067, 1.430, 0.284),(-0.004, -0.052, 0.012, 0.999),VALID,(-0.088, -0.206, 0.975),(0.000, 0.000, 0.000),64.325,VALID,(-0.010, -0.201, 0.979),(-0.032, 0.000, 0.000),0.607,3.897,6.415,0.770,VALID,(-0.164, -0.204, 0.965),(0.032, 0.000, 0.000),0.640,4.077,6.373,0.820,0.4117167,0
336337,1000001935798962300,63875742726684,(-0.067, 1.430, 0.284),(-0.004, -0.052, 0.012, 0.999),VALID,(-0.089, -0.205, 0.975),(0.000, 0.000, 0.000),64.325,VALID,(-0.012, -0.201, 0.980),(-0.032, 0.000, 0.000),0.608,3.899,6.415,0.769,VALID,(-0.165, -0.203, 0.965),(0.032, 0.000, 0.000),0.640,4.077,6.373,0.819,0.4127527,0
336338,1000001935803973100,63875742726694,(-0.067, 1.430, 0.284),(-0.004, -0.053, 0.012, 0.999),VALID,(-0.089, -0.204, 0.975),(0.000, 0.000, 0.000),64.325,VALID,(-0.013, -0.200, 0.980),(-0.032, 0.000, 0.000),0.608,3.900,6.415,0.769,VALID,(-0.166, -0.202, 0.965),(0.032, 0.000, 0.000),0.640,4.078,6.373,0.819,0.413548,0
336339,1000001935808983900,63875742726694,(-0.067, 1.430, 0.284),(-0.004, -0.053, 0.012, 0.999),VALID,(-0.090, -0.203, 0.975),(0.000, 0.000, 0.000),64.325,VALID,(-0.014, -0.199, 0.980),(-0.032, 0.000, 0.000),0.608,3.901,6.415,0.769,VALID,(-0.167, -0.201, 0.965),(0.032, 0.000, 0.000),0.640,4.079,6.373,0.818,0.4143506,0
336340,1000001935814049900,63875742726705,(-0.067, 1.430, 0.284),(-0.004, -0.054, 0.013, 0.998),VALID,(-0.091, -0.202, 0.975),(0.000, 0.000, 0.000),64.325,VALID,(-0.015, -0.199, 0.980),(-0.032, 0.000, 0.000),0.609,3.907,6.415,0.769,VALID,(-0.168, -0.200, 0.965),(0.032, 0.000, 0.000),0.640,4.079,6.373,0.818,0.4157187,0
336341,1000001935819054300,63875742726705,(-0.067, 1.430, 0.284),(-0.004, -0.054, 0.013, 0.998),VALID,(-0.091, -0.201, 0.975),(0.000, 0.000, 0.000),64.325,VALID,(-0.017, -0.198, 0.980),(-0.032, 0.000, 0.000),0.610,3.911,6.415,0.769,VALID,(-0.169, -0.199, 0.965),(0.032, 0.000, 0.000),0.640,4.080,6.373,0.818,0.4173386,0
336342,1000001935824027900,63875742726716,(-0.067, 1.430, 0.283),(-0.004, -0.054, 0.013, 0.998),VALID,(-0.091, -0.200, 0.976),(0.000, 0.000, 0.000),64.325,VALID,(-0.018, -0.198, 0.980),(-0.032, 0.000, 0.000),0.610,3.915,6.415,0.769,VALID,(-0.169, -0.198, 0.966),(0.032, 0.000, 0.000),0.640,4.081,6.373,0.818,0.4182347,0.1612502
336343,1000001935829058800,63875742726716,(-0.067, 1.430, 0.283),(-0.004, -0.054, 0.013, 0.998),VALID,(-0.091, -0.199, 0.976),(0.000, 0.000, 0.000),64.325,VALID,(-0.017, -0.198, 0.980),(-0.032, 0.000, 0.000),0.607,3.893,6.415,0.769,VALID,(-0.170, -0.197, 0.966),(0.032, 0.000, 0.000),0.641,4.082,6.373,0.818,0.4164133,0.175771
336344,1000001935834079600,63875742726728,(-0.067, 1.430, 0.283),(-0.004, -0.054, 0.013, 0.998),VALID,(-0.092, -0.200, 0.976),(0.000, 0.000, 0.000),64.325,VALID,(-0.017, -0.198, 0.980),(-0.032, 0.000, 0.000),0.602,3.864,6.415,0.769,VALID,(-0.170, -0.197, 0.965),(0.032, 0.000, 0.000),0.641,4.084,6.373,0.818,0.414088,0.2087162
336345,1000001935839092400,63875742726728,(-0.067, 1.430, 0.283),(-0.004, -0.054, 0.013, 0.998),VALID,(-0.092, -0.200, 0.976),(0.000, 0.000, 0.000),64.325,VALID,(-0.016, -0.199, 0.980),(-0.032, 0.000, 0.000),0.600,3.852,6.415,0.769,VALID,(-0.170, -0.198, 0.965),(0.032, 0.000, 0.000),0.641,4.085,6.373,0.818,0.4121968,0.4344766
336346,1000001935844105200,63875742726739,(-0.067, 1.430, 0.283),(-0.004, -0.055, 0.014, 0.998),VALID,(-0.092, -0.200, 0.975),(0.000, 0.000, 0.000),64.325,VALID,(-0.015, -0.199, 0.980),(-0.032, 0.000, 0.000),0.597,3.827,6.415,0.769,VALID,(-0.170, -0.198, 0.965),(0.032, 0.000, 0.000),0.641,4.086,6.373,0.818,0.4102433,0.4667005
336347,1000001935849118000,63875742726739,(-0.067, 1.430, 0.283),(-0.004, -0.055, 0.014, 0.998),VALID,(-0.092, -0.201, 0.975),(0.000, 0.000, 0.000),64.325,VALID,(-0.015, -0.200, 0.980),(-0.032, 0.000, 0.000),0.596,3.822,6.415,0.769,VALID,(-0.170, -0.199, 0.965),(0.032, 0.000, 0.000),0.641,4.086,6.373,0.818,0.4086965,0.5931153
336348,1000001935854146200,63875742726739,(-0.067, 1.430, 0.283),(-0.004, -0.055, 0.014, 0.998),VALID,(-0.091, -0.201, 0.975),(0.000, 0.000, 0.000),64.325,VALID,(-0.014, -0.200, 0.980),(-0.032, 0.000, 0.000),0.595,3.820,6.415,0.769,VALID,(-0.170, -0.199, 0.965),(0.032, 0.000, 0.000),0.641,4.086,6.373,0.818,0.4079137,0.6301804
336349,1000001935859159000,63875742726750,(-0.067, 1.430, 0.283),(-0.004, -0.055, 0.014, 0.998),VALID,(-0.091, -0.201, 0.975),(0.000, 0.000, 0.000),64.325,VALID,(-0.013, -0.201, 0.980),(-0.032, 0.000, 0.000),0.592,3.795,6.415,0.769,VALID,(-0.169, -0.199, 0.965),(0.032, 0.000, 0.000),0.641,4.087,6.373,0.818,0.406465,0.6492661
336350,1000001935864171800,63875742726750,(-0.067, 1.430, 0.283),(-0.004, -0.055, 0.014, 0.998),VALID,(-0.091, -0.202, 0.975),(0.000, 0.000, 0.000),64.325,VALID,(-0.013, -0.202, 0.979),(-0.032, 0.000, 0.000),0.589,3.776,6.415,0.770,VALID,(-0.169, -0.200, 0.965),(0.032, 0.000, 0.000),0.641,4.087,6.373,0.819,0.4051835,0.6570318
336351,1000001935869184600,63875742726760,(-0.067, 1.430, 0.283),(-0.004, -0.055, 0.014, 0.998),VALID,(-0.091, -0.202, 0.975),(0.000, 0.000, 0.000),64.325,VALID,(-0.012, -0.203, 0.979),(-0.032, 0.000, 0.000),0.586,3.760,6.415,0.770,VALID,(-0.169, -0.200, 0.965),(0.032, 0.000, 0.000),0.641,4.087,6.373,0.819,0.4043216,0.654238
336352,1000001935874192400,63875742726760,(-0.067, 1.430, 0.283),(-0.004, -0.055, 0.014, 0.998),VALID,(-0.092, -0.202, 0.975),(0.000, 0.000, 0.000),64.325,VALID,(-0.012, -0.204, 0.979),(-0.032, 0.000, 0.000),0.585,3.754,6.415,0.770,VALID,(-0.169, -0.200, 0.965),(0.032, 0.000, 0.000),0.641,4.087,6.373,0.819,0.4040537,0.6287795
336353,1000001935879205200,63875742726772,(-0.068, 1.430, 0.283),(-0.004, -0.055, 0.015, 0.998),VALID,(-0.092, -0.203, 0.975),(0.000, 0.000, 0.000),64.325,VALID,(-0.011, -0.204, 0.979),(-0.032, 0.000, 0.000),0.591,3.793,6.415,0.770,VALID,(-0.168, -0.201, 0.965),(0.032, 0.000, 0.000),0.641,4.087,6.373,0.819,0.4043313,0.6489087
336354,1000001935884207400,63875742726772,(-0.068, 1.430, 0.283),(-0.004, -0.055, 0.015, 0.998),VALID,(-0.091, -0.203, 0.975),(0.000, 0.000, 0.000),64.325,VALID,(-0.011, -0.204, 0.979),(-0.032, 0.000, 0.000),0.593,3.803,6.415,0.770,VALID,(-0.168, -0.201, 0.965),(0.032, 0.000, 0.000),0.641,4.087,6.373,0.820,0.404709,0.6846587
336355,1000001935889220200,63875742726784,(-0.068, 1.430, 0.283),(-0.004, -0.056, 0.015, 0.998),VALID,(-0.091, -0.203, 0.975),(0.000, 0.000, 0.000),64.325,VALID,(-0.011, -0.205, 0.979),(-0.032, 0.000, 0.000),0.593,3.805,6.415,0.771,VALID,(-0.168, -0.201, 0.965),(0.032, 0.000, 0.000),0.641,4.087,6.373,0.820,0.4047039,0.6860674
336356,1000001935894228000,63875742726784,(-0.068, 1.430, 0.283),(-0.004, -0.056, 0.015, 0.998),VALID,(-0.091, -0.203, 0.975),(0.000, 0.000, 0.000),64.325,VALID,(-0.011, -0.205, 0.979),(-0.032, 0.000, 0.000),0.593,3.802,6.415,0.771,VALID,(-0.167, -0.201, 0.965),(0.032, 0.000, 0.000),0.641,4.087,6.373,0.820,0.4046117,0.6827376
336357,1000001935899240800,63875742726794,(-0.068, 1.430, 0.283),(-0.004, -0.056, 0.015, 0.998),VALID,(-0.091, -0.204, 0.975),(0.000, 0.000, 0.000),64.325,VALID,(-0.010, -0.206, 0.979),(-0.032, 0.000, 0.000),0.591,3.791,6.415,0.772,VALID,(-0.167, -0.202, 0.965),(0.032, 0.000, 0.000),0.641,4.087,6.373,0.821,0.4044249,0.6632088
336358,1000001935904242200,63875742726794,(-0.068, 1.430, 0.283),(-0.004, -0.056, 0.015, 0.998),VALID,(-0.091, -0.204, 0.975),(0.000, 0.000, 0.000),64.325,VALID,(-0.010, -0.206, 0.978),(-0.032, 0.000, 0.000),0.590,3.784,6.415,0.772,VALID,(-0.167, -0.202, 0.965),(0.032, 0.000, 0.000),0.641,4.087,6.373,0.821,0.4040057,0.6547538
336359,1000001935909252700,63875742726794,(-0.068, 1.430, 0.283),(-0.004, -0.056, 0.015, 0.998),VALID,(-0.091, -0.204, 0.975),(0.000, 0.000, 0.000),64.325,VALID,(-0.009, -0.207, 0.978),(-0.032, 0.000, 0.000),0.589,3.778,6.415,0.772,VALID,(-0.167, -0.202, 0.965),(0.032, 0.000, 0.000),0.641,4.087,6.373,0.822,0.4035812,0.6714739
336360,1000001935914263200,63875742726805,(-0.068, 1.430, 0.282),(-0.004, -0.056, 0.015, 0.998),VALID,(-0.091, -0.205, 0.975),(0.000, 0.000, 0.000),64.325,VALID,(-0.009, -0.207, 0.978),(-0.032, 0.000, 0.000),0.589,3.778,6.415,0.773,VALID,(-0.167, -0.203, 0.965),(0.032, 0.000, 0.000),0.641,4.086,6.373,0.822,0.4030917,0.6630151
336361,1000001935919273700,63875742726805,(-0.068, 1.430, 0.282),(-0.004, -0.056, 0.015, 0.998),VALID,(-0.091, -0.205, 0.974),(0.000, 0.000, 0.000),64.325,VALID,(-0.009, -0.208, 0.978),(-0.032, 0.000, 0.000),0.589,3.777,6.415,0.773,VALID,(-0.166, -0.203, 0.965),(0.032, 0.000, 0.000),0.641,4.086,6.373,0.823,0.4029241,0.647058
336362,1000001935924284200,63875742726816,(-0.068, 1.430, 0.282),(-0.004, -0.055, 0.015, 0.998),VALID,(-0.091, -0.206, 0.974),(0.000, 0.000, 0.000),64.325,VALID,(-0.008, -0.208, 0.978),(-0.032, 0.000, 0.000),0.588,3.775,6.415,0.773,VALID,(-0.166, -0.204, 0.965),(0.032, 0.000, 0.000),0.641,4.086,6.373,0.823,0.4026547,0.7172031
336363,1000001935929292000,63875742726817,(-0.068, 1.430, 0.282),(-0.004, -0.055, 0.015, 0.998),VALID,(-0.091, -0.206, 0.974),(0.000, 0.000, 0.000),64.325,VALID,(-0.008, -0.208, 0.978),(-0.032, 0.000, 0.000),0.589,3.778,6.415,0.774,VALID,(-0.166, -0.204, 0.965),(0.032, 0.000, 0.000),0.641,4.086,6.373,0.824,0.4022951,0.7240914
336364,1000001935934302500,63875742726828,(-0.068, 1.430, 0.282),(-0.004, -0.055, 0.015, 0.998),VALID,(-0.091, -0.207, 0.974),(0.000, 0.000, 0.000),64.325,VALID,(-0.008, -0.209, 0.978),(-0.032, 0.000, 0.000),0.589,3.778,6.415,0.775,VALID,(-0.166, -0.205, 0.965),(0.032, 0.000, 0.000),0.641,4.086,6.373,0.824,0.4019495,0.7046675
336365,1000001935939310300,63875742726828,(-0.068, 1.430, 0.282),(-0.004, -0.055, 0.015, 0.998),VALID,(-0.091, -0.207, 0.974),(0.000, 0.000, 0.000),64.325,VALID,(-0.007, -0.209, 0.978),(-0.032, 0.000, 0.000),0.590,3.782,6.415,0.775,VALID,(-0.165, -0.205, 0.965),(0.032, 0.000, 0.000),0.641,4.086,6.373,0.824,0.4013896,0.7224784
336366,1000001935944322200,63875742726839,(-0.068, 1.430, 0.282),(-0.004, -0.055, 0.016, 0.998),VALID,(-0.091, -0.207, 0.974),(0.000, 0.000, 0.000),64.325,VALID,(-0.007, -0.209, 0.978),(-0.032, 0.000, 0.000),0.590,3.783,6.415,0.775,VALID,(-0.165, -0.205, 0.965),(0.032, 0.000, 0.000),0.641,4.086,6.373,0.825,0.4006431,0.7278601
336367,1000001935949357100,63875742726839,(-0.068, 1.430, 0.282),(-0.004, -0.055, 0.016, 0.998),VALID,(-0.091, -0.208, 0.974),(0.000, 0.000, 0.000),64.325,VALID,(-0.006, -0.210, 0.978),(-0.032, 0.000, 0.000),0.590,3.783,6.415,0.775,VALID,(-0.165, -0.206, 0.965),(0.032, 0.000, 0.000),0.641,4.086,6.373,0.825,0.399966,0.7182456
336368,1000001935954364900,63875742726839,(-0.068, 1.430, 0.282),(-0.004, -0.055, 0.016, 0.998),VALID,(-0.091, -0.208, 0.974),(0.000, 0.000, 0.000),64.325,VALID,(-0.006, -0.210, 0.978),(-0.032, 0.000, 0.000),0.590,3.783,6.415,0.775,VALID,(-0.165, -0.206, 0.965),(0.032, 0.000, 0.000),0.641,4.086,6.373,0.826,0.3992769,0.7466865
336369,1000001935959390400,63875742726850,(-0.068, 1.430, 0.282),(-0.004, -0.055, 0.016, 0.998),VALID,(-0.091, -0.208, 0.974),(0.000, 0.000, 0.000),64.325,VALID,(-0.005, -0.210, 0.978),(-0.032, 0.000, 0.000),0.589,3.776,6.415,0.776,VALID,(-0.165, -0.206, 0.965),(0.032, 0.000, 0.000),0.641,4.086,6.373,0.826,0.3989858,0.7256625
336370,1000001935964391900,63875742726850,(-0.068, 1.430, 0.282),(-0.004, -0.055, 0.016, 0.998),VALID,(-0.091, -0.209, 0.974),(0.000, 0.000, 0.000),64.325,VALID,(-0.005, -0.210, 0.978),(-0.032, 0.000, 0.000),0.588,3.775,6.415,0.777,VALID,(-0.164, -0.207, 0.964),(0.032, 0.000, 0.000),0.641,4.086,6.373,0.827,0.3989179,0.7207672
336371,1000001935969399700,63875742726862,(-0.068, 1.430, 0.282),(-0.004, -0.055, 0.016, 0.998),VALID,(-0.091, -0.209, 0.974),(0.000, 0.000, 0.000),64.325,VALID,(-0.005, -0.211, 0.978),(-0.032, 0.000, 0.000),0.588,3.773,6.415,0.777,VALID,(-0.164, -0.207, 0.964),(0.032, 0.000, 0.000),0.641,4.086,6.373,0.827,0.3987593,0.7358441
336372,1000001935974404300,63875742726862,(-0.068, 1.430, 0.282),(-0.004, -0.055, 0.016, 0.998),VALID,(-0.091, -0.209, 0.974),(0.000, 0.000, 0.000),64.325,VALID,(-0.005, -0.211, 0.978),(-0.032, 0.000, 0.000),0.588,3.771,6.415,0.778,VALID,(-0.164, -0.207, 0.964),(0.032, 0.000, 0.000),0.641,4.086,6.373,0.827,0.3989018,0.8007586
336373,1000001935979420100,63875742726872,(-0.067, 1.430, 0.282),(-0.004, -0.055, 0.016, 0.998),VALID,(-0.091, -0.210, 0.974),(0.000, 0.000, 0.000),64.325,VALID,(-0.004, -0.211, 0.977),(-0.032, 0.000, 0.000),0.588,3.771,6.415,0.778,VALID,(-0.163, -0.208, 0.964),(0.032, 0.000, 0.000),0.641,4.087,6.373,0.828,0.3989851,0.7917947
336374,1000001935984421600,63875742726872,(-0.067, 1.430, 0.282),(-0.004, -0.055, 0.016, 0.998),VALID,(-0.091, -0.210, 0.974),(0.000, 0.000, 0.000),64.325,VALID,(-0.004, -0.211, 0.977),(-0.032, 0.000, 0.000),0.588,3.771,6.415,0.779,VALID,(-0.163, -0.208, 0.965),(0.032, 0.000, 0.000),0.641,4.087,6.373,0.828,0.3988276,0.7660386
336375,1000001935989426200,63875742726884,(-0.067, 1.430, 0.282),(-0.004, -0.055, 0.016, 0.998),VALID,(-0.091, -0.210, 0.974),(0.000, 0.000, 0.000),64.325,VALID,(-0.003, -0.211, 0.977),(-0.032, 0.000, 0.000),0.588,3.770,6.415,0.779,VALID,(-0.163, -0.208, 0.965),(0.032, 0.000, 0.000),0.641,4.087,6.373,0.828,0.3989628,0.773694
336376,1000001935994427700,63875742726884,(-0.067, 1.430, 0.282),(-0.004, -0.055, 0.016, 0.998),VALID,(-0.091, -0.210, 0.973),(0.000, 0.000, 0.000),64.325,VALID,(-0.003, -0.212, 0.977),(-0.032, 0.000, 0.000),0.587,3.768,6.415,0.779,VALID,(-0.162, -0.208, 0.964),(0.032, 0.000, 0.000),0.641,4.087,6.373,0.829,0.3993611,0.7797216
336377,1000001935999488200,63875742726895,(-0.067, 1.430, 0.282),(-0.004, -0.055, 0.015, 0.998),VALID,(-0.091, -0.211, 0.973),(0.000, 0.000, 0.000),64.325,VALID,(-0.003, -0.212, 0.977),(-0.032, 0.000, 0.000),0.587,3.765,6.415,0.779,VALID,(-0.162, -0.209, 0.964),(0.032, 0.000, 0.000),0.641,4.088,6.373,0.829,0.3996738,0.7249744
336378,1000001936004489700,63875742726895,(-0.067, 1.430, 0.282),(-0.004, -0.055, 0.015, 0.998),VALID,(-0.091, -0.211, 0.973),(0.000, 0.000, 0.000),64.325,VALID,(-0.003, -0.212, 0.977),(-0.032, 0.000, 0.000),0.586,3.762,6.415,0.779,VALID,(-0.162, -0.209, 0.964),(0.032, 0.000, 0.000),0.641,4.088,6.373,0.829,0.3999226,0.7155959
336379,1000001936009491200,63875742726895,(-0.067, 1.430, 0.282),(-0.004, -0.055, 0.015, 0.998),VALID,(-0.091, -0.212, 0.973),(0.000, 0.000, 0.000),64.325,VALID,(-0.003, -0.213, 0.977),(-0.032, 0.000, 0.000),0.586,3.762,6.415,0.779,VALID,(-0.162, -0.210, 0.964),(0.032, 0.000, 0.000),0.641,4.088,6.373,0.830,0.4003386,0.7067957
336380,1000001936014488800,63875742726906,(-0.067, 1.430, 0.282),(-0.004, -0.054, 0.015, 0.998),VALID,(-0.091, -0.212, 0.973),(0.000, 0.000, 0.000),64.325,VALID,(-0.003, -0.213, 0.977),(-0.032, 0.000, 0.000),0.588,3.774,6.415,0.779,VALID,(-0.161, -0.210, 0.964),(0.032, 0.000, 0.000),0.641,4.088,6.373,0.830,0.4006016,0.700461
336381,1000001936019491600,63875742726906,(-0.067, 1.430, 0.282),(-0.004, -0.054, 0.015, 0.998),VALID,(-0.090, -0.212, 0.973),(0.000, 0.000, 0.000),64.325,VALID,(-0.003, -0.213, 0.977),(-0.032, 0.000, 0.000),0.590,3.782,6.415,0.780,VALID,(-0.161, -0.210, 0.964),(0.032, 0.000, 0.000),0.641,4.088,6.373,0.830,0.4009943,0.6905275
336382,1000001936024583400,63875742726917,(-0.067, 1.430, 0.282),(-0.004, -0.054, 0.015, 0.998),VALID,(-0.090, -0.212, 0.973),(0.000, 0.000, 0.000),64.325,VALID,(-0.002, -0.213, 0.977),(-0.032, 0.000, 0.000),0.590,3.786,6.415,0.780,VALID,(-0.161, -0.210, 0.964),(0.032, 0.000, 0.000),0.641,4.088,6.373,0.830,0.4009229,0.6897117
336383,1000001936029569900,63875742726917,(-0.067, 1.430, 0.282),(-0.004, -0.054, 0.015, 0.998),VALID,(-0.091, -0.212, 0.973),(0.000, 0.000, 0.000),64.325,VALID,(-0.003, -0.213, 0.977),(-0.032, 0.000, 0.000),0.591,3.794,6.415,0.780,VALID,(-0.162, -0.210, 0.964),(0.032, 0.000, 0.000),0.641,4.087,6.373,0.830,0.4002782,0.5854859
336384,1000001936034566100,63875742726928,(-0.067, 1.430, 0.282),(-0.004, -0.054, 0.015, 0.998),VALID,(-0.093, -0.211, 0.973),(0.000, 0.000, 0.000),64.325,VALID,(-0.003, -0.212, 0.977),(-0.032, 0.000, 0.000),0.599,3.843,6.415,0.779,VALID,(-0.162, -0.209, 0.964),(0.032, 0.000, 0.000),0.642,4.089,6.373,0.830,0.3998381,0.2844596
336385,1000001936039674000,63875742726928,(-0.067, 1.430, 0.282),(-0.004, -0.054, 0.015, 0.998),VALID,(-0.095, -0.209, 0.973),(0.000, 0.000, 0.000),64.325,VALID,(0.038, -0.210, 0.977),(-0.032, 0.000, 0.000),0.599,3.845,6.415,0.779,VALID,(-0.157, -0.207, 0.966),(0.032, 0.000, 0.000),0.659,4.201,6.373,0.830,0.3272679,0
336386,1000001936044670200,63875742726940,(-0.067, 1.430, 0.283),(-0.004, -0.054, 0.015, 0.998),VALID,(-0.096, -0.207, 0.974),(0.000, 0.000, 0.000),64.325,VALID,(0.026, -0.208, 0.978),(-0.032, 0.000, 0.000),0.600,3.848,6.415,0.788,VALID,(-0.150, -0.206, 0.967),(0.032, 0.000, 0.000),0.666,4.243,6.373,0.830,0.362281,0
336387,1000001936049666400,63875742726940,(-0.067, 1.430, 0.283),(-0.004, -0.054, 0.015, 0.998),VALID,(-0.094, -0.202, 0.975),(0.000, 0.000, 0.000),64.325,VALID,(0.021, -0.203, 0.979),(-0.032, 0.000, 0.000),0.651,4.177,6.415,0.797,VALID,(-0.128, -0.201, 0.971),(0.032, 0.000, 0.000),0.686,4.372,6.373,0.831,0.429285,0
336388,1000001936054667900,63875742726940,(-0.067, 1.430, 0.283),(-0.004, -0.054, 0.015, 0.998),VALID,(-0.088, -0.201, 0.976),(0.000, 0.000, 0.000),64.325,VALID,(0.016, -0.202, 0.979),(-0.032, 0.000, 0.000),0.649,4.165,6.415,0.806,VALID,(-0.099, -0.201, 0.975),(0.032, 0.000, 0.000),0.664,4.232,6.373,0.833,0.5575303,0
336389,1000001936059664100,63875742726951,(-0.067, 1.430, 0.283),(-0.004, -0.054, 0.015, 0.998),VALID,(-0.076, -0.202, 0.977),(0.000, 0.000, 0.000),64.325,VALID,(0.012, -0.202, 0.979),(-0.032, 0.000, 0.000),0.628,4.027,6.415,0.809,VALID,(-0.071, -0.202, 0.977),(0.032, 0.000, 0.000),0.649,4.136,6.373,0.835,0.7711076,0
336390,1000001936064660300,63875742726951,(-0.067, 1.430, 0.283),(-0.004, -0.054, 0.015, 0.998),VALID,(-0.062, -0.204, 0.977),(0.000, 0.000, 0.000),64.325,VALID,(0.031, -0.204, 0.978),(-0.032, 0.000, 0.000),0.628,4.031,6.415,0.811,VALID,(-0.051, -0.204, 0.978),(0.032, 0.000, 0.000),0.638,4.068,6.373,0.837,0.7826574,0
336391,1000001936069656500,63875742726961,(-0.067, 1.430, 0.283),(-0.005, -0.054, 0.015, 0.998),VALID,(-0.045, -0.205, 0.978),(0.000, 0.000, 0.000),64.325,VALID,(0.067, -0.205, 0.976),(-0.032, 0.000, 0.000),0.637,4.088,6.415,0.812,VALID,(-0.029, -0.205, 0.978),(0.032, 0.000, 0.000),0.632,4.030,6.373,0.840,0.6615346,0
336392,1000001936074650500,63875742726961,(-0.067, 1.430, 0.283),(-0.005, -0.054, 0.015, 0.998),VALID,(-0.027, -0.206, 0.978),(0.000, 0.000, 0.000),64.325,VALID,(0.109, -0.205, 0.973),(-0.032, 0.000, 0.000),0.637,4.083,6.415,0.813,VALID,(-0.012, -0.206, 0.979),(0.032, 0.000, 0.000),0.630,4.013,6.373,0.842,0.5312479,0
336393,1000001936079644500,63875742726972,(-0.067, 1.430, 0.283),(-0.005, -0.054, 0.015, 0.998),VALID,(-0.011, -0.207, 0.978),(0.000, 0.000, 0.000),64.325,VALID,(0.144, -0.205, 0.968),(-0.032, 0.000, 0.000),0.629,4.034,6.415,0.813,VALID,(0.002, -0.207, 0.978),(0.032, 0.000, 0.000),0.629,4.007,6.373,0.844,0.4481502,0
336394,1000001936084671100,63875742726972,(-0.067, 1.430, 0.283),(-0.005, -0.054, 0.015, 0.998),VALID,(0.001, -0.209, 0.978),(0.000, 0.000, 0.000),64.325,VALID,(0.169, -0.206, 0.964),(-0.032, 0.000, 0.000),0.623,3.998,6.415,0.814,VALID,(0.012, -0.209, 0.978),(0.032, 0.000, 0.000),0.626,3.992,6.373,0.847,0.4028296,0
336395,1000001936089697900,63875742726984,(-0.067, 1.430, 0.282),(-0.005, -0.054, 0.015, 0.998),VALID,(0.010, -0.211, 0.978),(0.000, 0.000, 0.000),64.325,VALID,(0.185, -0.207, 0.961),(-0.032, 0.000, 0.000),0.621,3.986,6.415,0.815,VALID,(0.018, -0.211, 0.977),(0.032, 0.000, 0.000),0.626,3.988,6.373,0.849,0.3792004,0
336396,1000001936094691900,63875742726984,(-0.067, 1.430, 0.282),(-0.005, -0.054, 0.015, 0.998),VALID,(0.017, -0.213, 0.977),(0.000, 0.000, 0.000),64.325,VALID,(0.196, -0.208, 0.958),(-0.032, 0.000, 0.000),0.621,3.981,6.415,0.815,VALID,(0.023, -0.213, 0.977),(0.032, 0.000, 0.000),0.626,3.988,6.373,0.852,0.3663008,0
336397,1000001936099688100,63875742726995,(-0.067, 1.430, 0.283),(-0.005, -0.054, 0.015, 0.998),VALID,(0.022, -0.214, 0.977),(0.000, 0.000, 0.000),64.325,VALID,(0.202, -0.210, 0.957),(-0.032, 0.000, 0.000),0.620,3.978,6.415,0.816,VALID,(0.027, -0.214, 0.976),(0.032, 0.000, 0.000),0.626,3.989,6.373,0.854,0.35933,0
336398,1000001936104682100,63875742726995,(-0.067, 1.430, 0.283),(-0.005, -0.054, 0.015, 0.998),VALID,(0.025, -0.216, 0.976),(0.000, 0.000, 0.000),64.325,VALID,(0.206, -0.211, 0.955),(-0.032, 0.000, 0.000),0.619,3.973,6.415,0.817,VALID,(0.029, -0.216, 0.976),(0.032, 0.000, 0.000),0.626,3.990,6.373,0.856,0.3555844,0
336399,1000001936109734500,63875742726995,(-0.067, 1.430, 0.283),(-0.005, -0.054, 0.015, 0.998),VALID,(0.028, -0.217, 0.976),(0.000, 0.000, 0.000),64.325,VALID,(0.208, -0.213, 0.955),(-0.032, 0.000, 0.000),0.619,3.971,6.415,0.817,VALID,(0.030, -0.217, 0.976),(0.032, 0.000, 0.000),0.626,3.991,6.373,0.858,0.3539676,0
336400,1000001936114728500,63875742727006,(-0.068, 1.431, 0.282),(-0.005, -0.054, 0.015, 0.998),VALID,(0.030, -0.219, 0.975),(0.000, 0.000, 0.000),64.325,VALID,(0.210, -0.214, 0.954),(-0.032, 0.000, 0.000),0.619,3.969,6.415,0.818,VALID,(0.032, -0.219, 0.975),(0.032, 0.000, 0.000),0.626,3.991,6.373,0.860,0.3534881,0
336401,1000001936119812700,63875742727006,(-0.068, 1.431, 0.282),(-0.005, -0.054, 0.015, 0.998),VALID,(0.031, -0.220, 0.975),(0.000, 0.000, 0.000),64.325,VALID,(0.210, -0.215, 0.954),(-0.032, 0.000, 0.000),0.619,3.972,6.415,0.818,VALID,(0.032, -0.220, 0.975),(0.032, 0.000, 0.000),0.626,3.992,6.373,0.862,0.3542923,0
336402,1000001936124767300,63875742727017,(-0.068, 1.431, 0.283),(-0.005, -0.054, 0.015, 0.998),VALID,(0.029, -0.220, 0.975),(0.000, 0.000, 0.000),64.325,VALID,(0.210, -0.216, 0.954),(-0.032, 0.000, 0.000),0.619,3.974,6.415,0.819,VALID,(0.029, -0.220, 0.975),(0.032, 0.000, 0.000),0.627,3.993,6.373,0.863,0.3480956,0
336403,1000001936129781000,63875742727017,(-0.068, 1.431, 0.283),(-0.005, -0.054, 0.015, 0.998),VALID,(0.030, -0.221, 0.975),(0.000, 0.000, 0.000),64.325,VALID,(0.211, -0.216, 0.953),(-0.032, 0.000, 0.000),0.619,3.974,6.415,0.819,VALID,(0.031, -0.221, 0.975),(0.032, 0.000, 0.000),0.627,3.993,6.373,0.865,0.3505536,0
336404,1000001936134784500,63875742727028,(-0.068, 1.431, 0.282),(-0.005, -0.054, 0.015, 0.998),VALID,(0.031, -0.222, 0.975),(0.000, 0.000, 0.000),64.325,VALID,(0.210, -0.217, 0.953),(-0.032, 0.000, 0.000),0.618,3.963,6.415,0.820,VALID,(0.032, -0.222, 0.975),(0.032, 0.000, 0.000),0.627,3.993,6.373,0.866,0.3532181,0
336405,1000001936139788000,63875742727028,(-0.068, 1.431, 0.282),(-0.005, -0.054, 0.015, 0.998),VALID,(0.032, -0.222, 0.974),(0.000, 0.000, 0.000),64.325,VALID,(0.210, -0.217, 0.953),(-0.032, 0.000, 0.000),0.616,3.954,6.415,0.820,VALID,(0.033, -0.222, 0.974),(0.032, 0.000, 0.000),0.627,3.994,6.373,0.868,0.3553686,0
336406,1000001936144822700,63875742727040,(-0.068, 1.431, 0.282),(-0.005, -0.054, 0.015, 0.998),VALID,(0.033, -0.222, 0.974),(0.000, 0.000, 0.000),64.325,VALID,(0.210, -0.218, 0.953),(-0.032, 0.000, 0.000),0.616,3.950,6.415,0.820,VALID,(0.033, -0.222, 0.974),(0.032, 0.000, 0.000),0.627,3.994,6.373,0.869,0.3570595,0
336407,1000001936149826200,63875742727040,(-0.068, 1.431, 0.282),(-0.005, -0.054, 0.015, 0.998),VALID,(0.034, -0.223, 0.974),(0.000, 0.000, 0.000),64.325,VALID,(0.210, -0.218, 0.953),(-0.032, 0.000, 0.000),0.615,3.947,6.415,0.821,VALID,(0.034, -0.223, 0.974),(0.032, 0.000, 0.000),0.627,3.996,6.373,0.870,0.3586121,0
336408,1000001936154853900,63875742727050,(-0.068, 1.431, 0.282),(-0.005, -0.055, 0.015, 0.998),VALID,(0.034, -0.223, 0.974),(0.000, 0.000, 0.000),64.325,VALID,(0.210, -0.218, 0.953),(-0.032, 0.000, 0.000),0.615,3.945,6.415,0.821,VALID,(0.034, -0.223, 0.974),(0.032, 0.000, 0.000),0.627,3.998,6.373,0.871,0.3594579,0
336409,1000001936159857400,63875742727050,(-0.068, 1.431, 0.282),(-0.005, -0.055, 0.015, 0.998),VALID,(0.034, -0.223, 0.974),(0.000, 0.000, 0.000),64.325,VALID,(0.201, -0.219, 0.955),(-0.032, 0.000, 0.000),0.604,3.876,6.415,0.821,VALID,(0.035, -0.223, 0.974),(0.032, 0.000, 0.000),0.628,4.000,6.373,0.872,0.378143,0.1351769
336410,1000001936164952200,63875742727060,(-0.068, 1.431, 0.282),(-0.005, -0.055, 0.015, 0.998),VALID,(0.035, -0.223, 0.974),(0.000, 0.000, 0.000),64.325,VALID,(0.172, -0.220, 0.960),(-0.032, 0.000, 0.000),0.602,3.860,6.415,0.822,VALID,(0.035, -0.223, 0.974),(0.032, 0.000, 0.000),0.628,4.002,6.373,0.873,0.4616522,0.4168165
336411,1000001936169955700,63875742727060,(-0.068, 1.431, 0.282),(-0.005, -0.055, 0.015, 0.998),VALID,(0.035, -0.223, 0.974),(0.000, 0.000, 0.000),64.325,VALID,(0.135, -0.221, 0.966),(-0.032, 0.000, 0.000),0.601,3.856,6.415,0.822,VALID,(0.035, -0.223, 0.974),(0.032, 0.000, 0.000),0.628,4.004,6.373,0.873,0.6351462,0.5274917
336412,1000001936174880500,63875742727072,(-0.068, 1.431, 0.282),(-0.005, -0.055, 0.015, 0.998),VALID,(0.035, -0.223, 0.974),(0.000, 0.000, 0.000),64.325,VALID,(0.104, -0.222, 0.970),(-0.032, 0.000, 0.000),0.601,3.854,6.415,0.823,VALID,(0.035, -0.223, 0.974),(0.032, 0.000, 0.000),0.629,4.006,6.373,0.874,0.9355306,0.6169282
336413,1000001936179884000,63875742727072,(-0.068, 1.431, 0.282),(-0.005, -0.055, 0.015, 0.998),VALID,(0.036, -0.223, 0.974),(0.000, 0.000, 0.000),64.325,VALID,(0.082, -0.222, 0.972),(-0.032, 0.000, 0.000),0.601,3.854,6.415,0.823,VALID,(0.036, -0.223, 0.974),(0.032, 0.000, 0.000),0.629,4.007,6.373,0.875,2,0.5955995
336414,1000001936184912200,63875742727081,(-0.068, 1.431, 0.282),(-0.004, -0.055, 0.016, 0.998),VALID,(0.036, -0.223, 0.974),(0.000, 0.000, 0.000),64.325,VALID,(0.066, -0.222, 0.973),(-0.032, 0.000, 0.000),0.601,3.854,6.415,0.823,VALID,(0.036, -0.223, 0.974),(0.032, 0.000, 0.000),0.629,4.008,6.373,0.875,2,0.5537558
336415,1000001936189923700,63875742727081,(-0.068, 1.431, 0.282),(-0.004, -0.055, 0.016, 0.998),VALID,(0.036, -0.223, 0.974),(0.000, 0.000, 0.000),64.325,VALID,(0.055, -0.222, 0.973),(-0.032, 0.000, 0.000),0.599,3.842,6.415,0.824,VALID,(0.036, -0.223, 0.974),(0.032, 0.000, 0.000),0.629,4.009,6.373,0.876,2,0.5678965
336416,1000001936194973800,63875742727093,(-0.068, 1.430, 0.282),(-0.004, -0.056, 0.016, 0.998),VALID,(0.036, -0.222, 0.974),(0.000, 0.000, 0.000),64.325,VALID,(0.049, -0.222, 0.974),(-0.032, 0.000, 0.000),0.598,3.835,6.415,0.824,VALID,(0.036, -0.222, 0.974),(0.032, 0.000, 0.000),0.629,4.010,6.373,0.877,2,0.5907167
336417,1000001936200011700,63875742727093,(-0.068, 1.430, 0.282),(-0.004, -0.056, 0.016, 0.998),VALID,(0.036, -0.222, 0.974),(0.000, 0.000, 0.000),64.325,VALID,(0.045, -0.222, 0.974),(-0.032, 0.000, 0.000),0.597,3.832,6.415,0.824,VALID,(0.036, -0.222, 0.974),(0.032, 0.000, 0.000),0.629,4.011,6.373,0.877,2,0.5970681
336418,1000001936205023200,63875742727093,(-0.068, 1.430, 0.282),(-0.004, -0.056, 0.016, 0.998),VALID,(0.036, -0.222, 0.974),(0.000, 0.000, 0.000),64.325,VALID,(0.042, -0.222, 0.974),(-0.032, 0.000, 0.000),0.597,3.830,6.415,0.824,VALID,(0.036, -0.222, 0.974),(0.032, 0.000, 0.000),0.630,4.013,6.373,0.878,2,0.5978581
336419,1000001936210034700,63875742727104,(-0.068, 1.430, 0.282),(-0.004, -0.056, 0.016, 0.998),VALID,(0.036, -0.222, 0.974),(0.000, 0.000, 0.000),64.325,VALID,(0.040, -0.222, 0.974),(-0.032, 0.000, 0.000),0.597,3.828,6.415,0.824,VALID,(0.036, -0.222, 0.974),(0.032, 0.000, 0.000),0.630,4.014,6.373,0.878,2,0.601726
336420,1000001936215046100,63875742727104,(-0.068, 1.430, 0.282),(-0.004, -0.056, 0.016, 0.998),VALID,(0.036, -0.222, 0.974),(0.000, 0.000, 0.000),64.325,VALID,(0.039, -0.222, 0.974),(-0.032, 0.000, 0.000),0.597,3.827,6.415,0.824,VALID,(0.036, -0.222, 0.974),(0.032, 0.000, 0.000),0.630,4.015,6.373,0.879,2,0.6131341
336421,1000001936220029400,63875742727104,(-0.068, 1.430, 0.282),(-0.004, -0.056, 0.016, 0.998),VALID,(0.036, -0.222, 0.974),(0.000, 0.000, 0.000),64.325,VALID,(0.038, -0.222, 0.974),(-0.032, 0.000, 0.000),0.596,3.826,6.415,0.825,VALID,(0.036, -0.222, 0.974),(0.032, 0.000, 0.000),0.630,4.016,6.373,0.879,2,0.8023052
336422,1000001936225021900,63875742727115,(-0.068, 1.430, 0.282),(-0.004, -0.056, 0.016, 0.998),VALID,(0.036, -0.222, 0.974),(0.000, 0.000, 0.000),64.325,VALID,(0.038, -0.222, 0.974),(-0.032, 0.000, 0.000),0.596,3.826,6.415,0.825,VALID,(0.036, -0.222, 0.974),(0.032, 0.000, 0.000),0.630,4.018,6.373,0.880,2,0.9859871
336423,1000001936230028100,63875742727115,(-0.068, 1.430, 0.282),(-0.004, -0.056, 0.016, 0.998),VALID,(0.037, -0.222, 0.974),(0.000, 0.000, 0.000),64.325,VALID,(0.038, -0.222, 0.974),(-0.032, 0.000, 0.000),0.597,3.827,6.415,0.825,VALID,(0.037, -0.222, 0.974),(0.032, 0.000, 0.000),0.631,4.019,6.373,0.880,2,0.9121803
336424,1000001936235034300,63875742727137,(-0.068, 1.430, 0.282),(-0.004, -0.057, 0.017, 0.998),VALID,(0.037, -0.222, 0.974),(0.000, 0.000, 0.000),64.325,VALID,(0.039, -0.222, 0.974),(-0.032, 0.000, 0.000),0.597,3.828,6.415,0.825,VALID,(0.037, -0.222, 0.974),(0.032, 0.000, 0.000),0.631,4.020,6.373,0.880,2,0.9095425
336425,1000001936240050500,63875742727137,(-0.068, 1.430, 0.282),(-0.004, -0.057, 0.017, 0.998),VALID,(0.037, -0.222, 0.974),(0.000, 0.000, 0.000),64.325,VALID,(0.039, -0.222, 0.974),(-0.032, 0.000, 0.000),0.597,3.829,6.415,0.825,VALID,(0.038, -0.222, 0.974),(0.032, 0.000, 0.000),0.631,4.020,6.373,0.881,2,0.9026746
336426,1000001936245061900,63875742727137,(-0.068, 1.430, 0.282),(-0.004, -0.057, 0.017, 0.998),VALID,(0.037, -0.222, 0.974),(0.000, 0.000, 0.000),64.325,VALID,(0.039, -0.222, 0.974),(-0.032, 0.000, 0.000),0.597,3.830,6.415,0.825,VALID,(0.038, -0.222, 0.974),(0.032, 0.000, 0.000),0.631,4.020,6.373,0.881,2,0.8272409
336427,1000001936250073300,63875742727149,(-0.068, 1.430, 0.282),(-0.004, -0.057, 0.017, 0.998),VALID,(0.038, -0.223, 0.974),(0.000, 0.000, 0.000),64.325,VALID,(0.040, -0.223, 0.974),(-0.032, 0.000, 0.000),0.597,3.831,6.415,0.825,VALID,(0.038, -0.223, 0.974),(0.032, 0.000, 0.000),0.631,4.021,6.373,0.881,2,0.740612
336428,1000001936255161600,63875742727149,(-0.068, 1.430, 0.282),(-0.004, -0.057, 0.017, 0.998),VALID,(0.038, -0.223, 0.974),(0.000, 0.000, 0.000),64.325,VALID,(0.040, -0.223, 0.974),(-0.032, 0.000, 0.000),0.598,3.834,6.415,0.825,VALID,(0.038, -0.223, 0.974),(0.032, 0.000, 0.000),0.631,4.022,6.373,0.881,2,0.733087
336429,1000001936260186400,63875742727149,(-0.068, 1.430, 0.282),(-0.004, -0.057, 0.017, 0.998),VALID,(0.039, -0.223, 0.974),(0.000, 0.000, 0.000),64.325,VALID,(0.041, -0.223, 0.974),(-0.032, 0.000, 0.000),0.599,3.841,6.415,0.825,VALID,(0.039, -0.223, 0.974),(0.032, 0.000, 0.000),0.632,4.026,6.373,0.882,2,0.7246133
336430,1000001936265211200,63875742727159,(-0.068, 1.430, 0.282),(-0.004, -0.057, 0.017, 0.998),VALID,(0.039, -0.223, 0.974),(0.000, 0.000, 0.000),64.325,VALID,(0.040, -0.223, 0.974),(-0.032, 0.000, 0.000),0.600,3.848,6.415,0.826,VALID,(0.039, -0.223, 0.974),(0.032, 0.000, 0.000),0.632,4.029,6.373,0.882,2,0.6916385
336431,1000001936270222600,63875742727159,(-0.068, 1.430, 0.282),(-0.004, -0.057, 0.017, 0.998),VALID,(0.039, -0.223, 0.974),(0.000, 0.000, 0.000),64.325,VALID,(0.040, -0.223, 0.974),(-0.032, 0.000, 0.000),0.600,3.852,6.415,0.826,VALID,(0.039, -0.223, 0.974),(0.032, 0.000, 0.000),0.633,4.032,6.373,0.882,2,0.6817807
336432,1000001936275185400,63875742727159,(-0.068, 1.430, 0.282),(-0.004, -0.057, 0.017, 0.998),VALID,(0.040, -0.223, 0.974),(0.000, 0.000, 0.000),64.325,VALID,(0.042, -0.223, 0.974),(-0.032, 0.000, 0.000),0.608,3.900,6.415,0.826,VALID,(0.040, -0.223, 0.974),(0.032, 0.000, 0.000),0.633,4.035,6.373,0.882,2,0.5620556
336433,1000001936280170500,63875742727170,(-0.068, 1.430, 0.282),(-0.004, -0.057, 0.017, 0.998),VALID,(0.041, -0.223, 0.974),(0.000, 0.000, 0.000),64.325,VALID,(0.043, -0.223, 0.974),(-0.032, 0.000, 0.000),0.609,3.909,6.415,0.825,VALID,(0.041, -0.223, 0.974),(0.032, 0.000, 0.000),0.634,4.038,6.373,0.882,2,0.6259907
336434,1000001936285181900,63875742727170,(-0.068, 1.430, 0.282),(-0.004, -0.057, 0.017, 0.998),VALID,(0.041, -0.223, 0.974),(0.000, 0.000, 0.000),64.325,VALID,(0.043, -0.223, 0.974),(-0.032, 0.000, 0.000),0.609,3.910,6.415,0.825,VALID,(0.041, -0.223, 0.974),(0.032, 0.000, 0.000),0.634,4.040,6.373,0.882,2,0.4319867
336435,1000001936290183700,63875742727181,(-0.068, 1.430, 0.282),(-0.004, -0.057, 0.017, 0.998),VALID,(0.042, -0.223, 0.974),(0.000, 0.000, 0.000),64.325,VALID,(0.044, -0.223, 0.974),(-0.032, 0.000, 0.000),0.609,3.909,6.415,0.825,VALID,(0.042, -0.223, 0.974),(0.032, 0.000, 0.000),0.634,4.041,6.373,0.882,2,0.2348862
336436,1000001936295181600,63875742727181,(-0.068, 1.430, 0.282),(-0.004, -0.057, 0.017, 0.998),VALID,(0.041, -0.223, 0.974),(0.000, 0.000, 0.000),64.325,VALID,(0.042, -0.223, 0.974),(-0.032, 0.000, 0.000),0.609,3.908,6.415,0.825,VALID,(0.041, -0.223, 0.974),(0.032, 0.000, 0.000),0.634,4.042,6.373,0.882,2,0
336437,1000001936300193000,63875742727192,(-0.068, 1.430, 0.282),(-0.004, -0.057, 0.017, 0.998),VALID,(0.041, -0.224, 0.974),(0.000, 0.000, 0.000),64.325,VALID,(0.042, -0.224, 0.974),(-0.032, 0.000, 0.000),0.607,3.892,6.415,0.825,VALID,(0.041, -0.224, 0.974),(0.032, 0.000, 0.000),0.633,4.034,6.373,0.883,2,0
336438,1000001936305218900,63875742727204,(-0.068, 1.430, 0.282),(-0.005, -0.057, 0.017, 0.998),VALID,(0.041, -0.226, 0.973),(0.000, 0.000, 0.000),64.325,VALID,(0.041, -0.226, 0.973),(-0.032, 0.000, 0.000),0.627,4.020,6.415,0.824,VALID,(0.041, -0.226, 0.973),(0.032, 0.000, 0.000),0.633,4.036,6.373,0.882,2,0
336439,1000001936310255200,63875742727204,(-0.068, 1.430, 0.282),(-0.005, -0.057, 0.017, 0.998),VALID,(0.039, -0.230, 0.972),(0.000, 0.000, 0.000),64.325,VALID,(0.034, -0.230, 0.973),(-0.032, 0.000, 0.000),0.630,4.043,6.415,0.824,VALID,(0.039, -0.230, 0.972),(0.032, 0.000, 0.000),0.651,4.148,6.373,0.881,2,0
336440,1000001936315264100,63875742727204,(-0.068, 1.430, 0.282),(-0.005, -0.057, 0.017, 0.998),VALID,(0.023, -0.243, 0.970),(0.000, 0.000, 0.000),64.325,VALID,(0.010, -0.243, 0.970),(-0.032, 0.000, 0.000),0.621,3.986,6.415,0.824,VALID,(0.023, -0.243, 0.970),(0.032, 0.000, 0.000),0.630,4.015,6.373,0.879,2,0
336441,1000001936320273000,63875742727215,(-0.068, 1.430, 0.282),(-0.005, -0.057, 0.017, 0.998),VALID,(0.011, -0.247, 0.969),(0.000, 0.000, 0.000),64.325,VALID,(0.024, -0.247, 0.969),(-0.032, 0.000, 0.000),0.625,4.009,6.415,0.824,VALID,(0.007, -0.247, 0.969),(0.032, 0.000, 0.000),0.627,3.995,6.373,0.876,2,0
336442,1000001936325279200,63875742727215,(-0.068, 1.430, 0.282),(-0.005, -0.057, 0.017, 0.998),VALID,(-0.013, -0.246, 0.969),(0.000, 0.000, 0.000),64.325,VALID,(0.028, -0.245, 0.969),(-0.032, 0.000, 0.000),0.625,4.007,6.415,0.824,VALID,(-0.020, -0.246, 0.969),(0.032, 0.000, 0.000),0.629,4.006,6.373,0.873,2,0
336443,1000001936330298000,63875742727215,(-0.068, 1.430, 0.282),(-0.005, -0.057, 0.017, 0.998),VALID,(-0.035, -0.245, 0.969),(0.000, 0.000, 0.000),64.325,VALID,(0.029, -0.245, 0.969),(-0.032, 0.000, 0.000),0.625,4.007,6.415,0.824,VALID,(-0.047, -0.245, 0.968),(0.032, 0.000, 0.000),0.632,4.027,6.373,0.869,0.8354686,0
336444,1000001936335304200,63875742727227,(-0.068, 1.430, 0.282),(-0.005, -0.057, 0.017, 0.998),VALID,(-0.043, -0.247, 0.968),(0.000, 0.000, 0.000),64.325,VALID,(0.026, -0.247, 0.969),(-0.032, 0.000, 0.000),0.644,4.131,6.415,0.824,VALID,(-0.071, -0.246, 0.967),(0.032, 0.000, 0.000),0.634,4.043,6.373,0.864,0.6620446,0
336445,1000001936340313100,63875742727227,(-0.068, 1.430, 0.282),(-0.005, -0.057, 0.017, 0.998),VALID,(-0.057, -0.247, 0.967),(0.000, 0.000, 0.000),64.325,VALID,(0.018, -0.247, 0.969),(-0.032, 0.000, 0.000),0.633,4.059,6.415,0.824,VALID,(-0.096, -0.246, 0.964),(0.032, 0.000, 0.000),0.638,4.064,6.373,0.858,0.5621836,0
336446,1000001936345322000,63875742727237,(-0.068, 1.430, 0.282),(-0.005, -0.057, 0.017, 0.998),VALID,(-0.053, -0.252, 0.966),(0.000, 0.000, 0.000),64.325,VALID,(0.009, -0.252, 0.968),(-0.032, 0.000, 0.000),0.626,4.013,6.415,0.824,VALID,(-0.113, -0.250, 0.962),(0.032, 0.000, 0.000),0.640,4.080,6.373,0.853,0.5255297,0
336447,1000001936350340200,63875742727237,(-0.068, 1.430, 0.282),(-0.005, -0.057, 0.017, 0.998),VALID,(-0.068, -0.254, 0.965),(0.000, 0.000, 0.000),64.325,VALID,(-0.002, -0.255, 0.967),(-0.032, 0.000, 0.000),0.606,3.889,6.415,0.824,VALID,(-0.131, -0.252, 0.959),(0.032, 0.000, 0.000),0.641,4.088,6.373,0.848,0.4975777,0
336448,1000001936355358400,63875742727248,(-0.068, 1.430, 0.282),(-0.005, -0.056, 0.017, 0.998),VALID,(-0.080, -0.257, 0.963),(0.000, 0.000, 0.000),64.325,VALID,(-0.012, -0.257, 0.966),(-0.032, 0.000, 0.000),0.601,3.856,6.415,0.823,VALID,(-0.143, -0.255, 0.956),(0.032, 0.000, 0.000),0.642,4.091,6.373,0.843,0.4841328,0
336449,1000001936360376600,63875742727248,(-0.068, 1.430, 0.282),(-0.005, -0.056, 0.017, 0.998),VALID,(-0.081, -0.258, 0.963),(0.000, 0.000, 0.000),64.325,VALID,(-0.012, -0.259, 0.966),(-0.032, 0.000, 0.000),0.600,3.851,6.415,0.823,VALID,(-0.152, -0.256, 0.955),(0.032, 0.000, 0.000),0.642,4.093,6.373,0.839,0.4537786,0
336450,1000001936365396100,63875742727259,(-0.068, 1.430, 0.282),(-0.005, -0.056, 0.017, 0.998),VALID,(-0.083, -0.259, 0.962),(0.000, 0.000, 0.000),64.325,VALID,(-0.012, -0.260, 0.965),(-0.032, 0.000, 0.000),0.600,3.850,6.415,0.822,VALID,(-0.158, -0.257, 0.953),(0.032, 0.000, 0.000),0.642,4.093,6.373,0.835,0.4355018,0
336451,1000001936370414300,63875742727259,(-0.068, 1.430, 0.282),(-0.005, -0.056, 0.017, 0.998),VALID,(-0.068, -0.268, 0.961),(0.000, 0.000, 0.000),64.325,VALID,(-0.012, -0.269, 0.963),(-0.032, 0.000, 0.000),0.600,3.847,6.415,0.822,VALID,(-0.158, -0.265, 0.951),(0.032, 0.000, 0.000),0.642,4.094,6.373,0.832,0.435386,0
336452,1000001936375395700,63875742727259,(-0.068, 1.430, 0.282),(-0.005, -0.056, 0.017, 0.998),VALID,(-0.067, -0.272, 0.960),(0.000, 0.000, 0.000),64.325,VALID,(-0.012, -0.272, 0.962),(-0.032, 0.000, 0.000),0.600,3.846,6.415,0.822,VALID,(-0.159, -0.269, 0.950),(0.032, 0.000, 0.000),0.642,4.094,6.373,0.829,0.4322888,0
336453,1000001936380404600,63875742727270,(-0.068, 1.430, 0.282),(-0.005, -0.056, 0.017, 0.998),VALID,(-0.066, -0.274, 0.960),(0.000, 0.000, 0.000),64.325,VALID,(-0.012, -0.274, 0.962),(-0.032, 0.000, 0.000),0.601,3.853,6.415,0.821,VALID,(-0.160, -0.271, 0.949),(0.032, 0.000, 0.000),0.642,4.092,6.373,0.827,0.4292258,0
336454,1000001936385450600,63875742727270,(-0.068, 1.430, 0.282),(-0.005, -0.056, 0.017, 0.998),VALID,(-0.065, -0.275, 0.959),(0.000, 0.000, 0.000),64.325,VALID,(-0.012, -0.276, 0.961),(-0.032, 0.000, 0.000),0.602,3.861,6.415,0.821,VALID,(-0.160, -0.272, 0.949),(0.032, 0.000, 0.000),0.642,4.088,6.373,0.824,0.4273934,0
336455,1000001936390459500,63875742727281,(-0.068, 1.430, 0.282),(-0.005, -0.056, 0.017, 0.998),VALID,(-0.065, -0.277, 0.959),(0.000, 0.000, 0.000),64.325,VALID,(-0.012, -0.277, 0.961),(-0.032, 0.000, 0.000),0.602,3.864,6.415,0.820,VALID,(-0.161, -0.274, 0.948),(0.032, 0.000, 0.000),0.641,4.085,6.373,0.822,0.4250399,0
336456,1000001936395477700,63875742727281,(-0.068, 1.430, 0.282),(-0.005, -0.056, 0.017, 0.998),VALID,(-0.065, -0.278, 0.958),(0.000, 0.000, 0.000),64.325,VALID,(-0.012, -0.279, 0.960),(-0.032, 0.000, 0.000),0.603,3.869,6.415,0.819,VALID,(-0.162, -0.275, 0.948),(0.032, 0.000, 0.000),0.641,4.082,6.373,0.821,0.4244841,0
336457,1000001936400495900,63875742727292,(-0.068, 1.430, 0.282),(-0.005, -0.056, 0.017, 0.998),VALID,(-0.064, -0.279, 0.958),(0.000, 0.000, 0.000),64.325,VALID,(-0.012, -0.279, 0.960),(-0.032, 0.000, 0.000),0.604,3.872,6.415,0.819,VALID,(-0.162, -0.276, 0.947),(0.032, 0.000, 0.000),0.640,4.080,6.373,0.819,0.4243938,0
336458,1000001936405473900,63875742727292,(-0.068, 1.430, 0.282),(-0.005, -0.056, 0.017, 0.998),VALID,(-0.064, -0.280, 0.958),(0.000, 0.000, 0.000),64.325,VALID,(-0.012, -0.280, 0.960),(-0.032, 0.000, 0.000),0.604,3.874,6.415,0.818,VALID,(-0.162, -0.276, 0.947),(0.032, 0.000, 0.000),0.640,4.079,6.373,0.817,0.4236976,0
336459,1000001936410492100,63875742727304,(-0.068, 1.430, 0.282),(-0.005, -0.056, 0.016, 0.998),VALID,(-0.064, -0.280, 0.958),(0.000, 0.000, 0.000),64.325,VALID,(-0.012, -0.281, 0.960),(-0.032, 0.000, 0.000),0.604,3.876,6.415,0.818,VALID,(-0.163, -0.277, 0.947),(0.032, 0.000, 0.000),0.640,4.079,6.373,0.816,0.4226498,0
336460,1000001936415518700,63875742727304,(-0.068, 1.430, 0.282),(-0.005, -0.056, 0.016, 0.998),VALID,(-0.064, -0.280, 0.958),(0.000, 0.000, 0.000),64.325,VALID,(-0.012, -0.281, 0.960),(-0.032, 0.000, 0.000),0.604,3.877,6.415,0.817,VALID,(-0.163, -0.277, 0.947),(0.032, 0.000, 0.000),0.640,4.078,6.373,0.815,0.4223083,0
336461,1000001936420540000,63875742727315,(-0.068, 1.430, 0.282),(-0.005, -0.055, 0.016, 0.998),VALID,(-0.064, -0.281, 0.958),(0.000, 0.000, 0.000),64.325,VALID,(-0.012, -0.281, 0.960),(-0.032, 0.000, 0.000),0.605,3.879,6.415,0.817,VALID,(-0.163, -0.277, 0.947),(0.032, 0.000, 0.000),0.640,4.077,6.373,0.814,0.4212349,0
336462,1000001936425560700,63875742727315,(-0.068, 1.430, 0.282),(-0.005, -0.055, 0.016, 0.998),VALID,(-0.075, -0.281, 0.957),(0.000, 0.000, 0.000),64.325,VALID,(-0.011, -0.282, 0.959),(-0.032, 0.000, 0.000),0.605,3.879,6.415,0.816,VALID,(-0.163, -0.278, 0.947),(0.032, 0.000, 0.000),0.640,4.077,6.373,0.813,0.4182262,0
336463,1000001936430581700,63875742727315,(-0.068, 1.430, 0.282),(-0.005, -0.055, 0.016, 0.998),VALID,(-0.073, -0.281, 0.957),(0.000, 0.000, 0.000),64.325,VALID,(-0.011, -0.282, 0.959),(-0.032, 0.000, 0.000),0.605,3.879,6.415,0.815,VALID,(-0.163, -0.278, 0.947),(0.032, 0.000, 0.000),0.640,4.077,6.373,0.812,0.4178672,0
336464,1000001936435599900,63875742727326,(-0.068, 1.430, 0.282),(-0.005, -0.055, 0.016, 0.998),VALID,(-0.072, -0.281, 0.957),(0.000, 0.000, 0.000),64.325,VALID,(-0.011, -0.282, 0.959),(-0.032, 0.000, 0.000),0.605,3.878,6.415,0.815,VALID,(-0.163, -0.278, 0.947),(0.032, 0.000, 0.000),0.640,4.077,6.373,0.811,0.4174379,0
336465,1000001936440620900,63875742727326,(-0.068, 1.430, 0.282),(-0.005, -0.055, 0.016, 0.998),VALID,(-0.071, -0.282, 0.957),(0.000, 0.000, 0.000),64.325,VALID,(-0.011, -0.283, 0.959),(-0.032, 0.000, 0.000),0.600,3.849,6.415,0.814,VALID,(-0.163, -0.279, 0.946),(0.032, 0.000, 0.000),0.640,4.076,6.373,0.810,0.4163904,0
336466,1000001936445639100,63875742727337,(-0.068, 1.430, 0.282),(-0.005, -0.055, 0.016, 0.998),VALID,(-0.070, -0.283, 0.957),(0.000, 0.000, 0.000),64.325,VALID,(-0.010, -0.284, 0.959),(-0.032, 0.000, 0.000),0.598,3.838,6.415,0.814,VALID,(-0.163, -0.280, 0.946),(0.032, 0.000, 0.000),0.640,4.076,6.373,0.810,0.4154165,0
336467,1000001936450660100,63875742727337,(-0.068, 1.430, 0.282),(-0.005, -0.055, 0.016, 0.998),VALID,(-0.069, -0.283, 0.957),(0.000, 0.000, 0.000),64.325,VALID,(-0.010, -0.284, 0.959),(-0.032, 0.000, 0.000),0.598,3.839,6.415,0.813,VALID,(-0.163, -0.280, 0.946),(0.032, 0.000, 0.000),0.640,4.076,6.373,0.809,0.414743,0
336468,1000001936455681100,63875742727348,(-0.068, 1.430, 0.282),(-0.005, -0.055, 0.016, 0.998),VALID,(-0.069, -0.284, 0.956),(0.000, 0.000, 0.000),64.325,VALID,(-0.010, -0.284, 0.959),(-0.032, 0.000, 0.000),0.599,3.844,6.415,0.813,VALID,(-0.163, -0.280, 0.946),(0.032, 0.000, 0.000),0.640,4.076,6.373,0.808,0.4145786,0
336469,1000001936460644200,63875742727348,(-0.068, 1.430, 0.282),(-0.005, -0.055, 0.016, 0.998),VALID,(-0.069, -0.284, 0.956),(0.000, 0.000, 0.000),64.325,VALID,(-0.010, -0.284, 0.959),(-0.032, 0.000, 0.000),0.600,3.849,6.415,0.813,VALID,(-0.163, -0.281, 0.946),(0.032, 0.000, 0.000),0.640,4.076,6.373,0.808,0.4146453,0
336470,1000001936465665200,63875742727359,(-0.068, 1.430, 0.282),(-0.005, -0.055, 0.016, 0.998),VALID,(-0.069, -0.284, 0.956),(0.000, 0.000, 0.000),64.325,VALID,(-0.010, -0.285, 0.959),(-0.032, 0.000, 0.000),0.600,3.851,6.415,0.812,VALID,(-0.163, -0.281, 0.946),(0.032, 0.000, 0.000),0.640,4.076,6.373,0.808,0.41457,0
336471,1000001936470617200,63875742727359,(-0.068, 1.430, 0.282),(-0.005, -0.055, 0.016, 0.998),VALID,(-0.068, -0.284, 0.956),(0.000, 0.000, 0.000),64.325,VALID,(-0.010, -0.284, 0.959),(-0.032, 0.000, 0.000),0.602,3.863,6.415,0.812,VALID,(-0.163, -0.281, 0.946),(0.032, 0.000, 0.000),0.639,4.075,6.373,0.807,0.4144705,0
336472,1000001936475665300,63875742727359,(-0.068, 1.430, 0.282),(-0.005, -0.055, 0.016, 0.998),VALID,(-0.068, -0.284, 0.956),(0.000, 0.000, 0.000),64.325,VALID,(-0.010, -0.285, 0.958),(-0.032, 0.000, 0.000),0.601,3.856,6.415,0.812,VALID,(-0.163, -0.281, 0.946),(0.032, 0.000, 0.000),0.639,4.075,6.373,0.807,0.4141456,0
336473,1000001936480817600,63875742727370,(-0.068, 1.430, 0.282),(-0.005, -0.055, 0.016, 0.998),VALID,(-0.068, -0.285, 0.956),(0.000, 0.000, 0.000),64.325,VALID,(-0.010, -0.285, 0.958),(-0.032, 0.000, 0.000),0.600,3.851,6.415,0.811,VALID,(-0.163, -0.281, 0.946),(0.032, 0.000, 0.000),0.639,4.075,6.373,0.807,0.4140953,0
336474,1000001936485838900,63875742727370,(-0.068, 1.430, 0.282),(-0.005, -0.055, 0.016, 0.998),VALID,(-0.068, -0.285, 0.956),(0.000, 0.000, 0.000),64.325,VALID,(-0.010, -0.286, 0.958),(-0.032, 0.000, 0.000),0.600,3.850,6.415,0.811,VALID,(-0.163, -0.282, 0.945),(0.032, 0.000, 0.000),0.639,4.074,6.373,0.807,0.4140915,0
336475,1000001936490767900,63875742727382,(-0.068, 1.430, 0.282),(-0.005, -0.055, 0.016, 0.998),VALID,(-0.068, -0.285, 0.956),(0.000, 0.000, 0.000),64.325,VALID,(-0.010, -0.286, 0.958),(-0.032, 0.000, 0.000),0.599,3.845,6.415,0.811,VALID,(-0.163, -0.282, 0.945),(0.032, 0.000, 0.000),0.639,4.073,6.373,0.806,0.4143027,0
336476,1000001936495789200,63875742727382,(-0.068, 1.430, 0.282),(-0.005, -0.055, 0.016, 0.998),VALID,(-0.068, -0.285, 0.956),(0.000, 0.000, 0.000),64.325,VALID,(-0.010, -0.286, 0.958),(-0.032, 0.000, 0.000),0.600,3.847,6.415,0.810,VALID,(-0.163, -0.282, 0.945),(0.032, 0.000, 0.000),0.639,4.072,6.373,0.806,0.4148288,0
336477,1000001936500810500,63875742727393,(-0.068, 1.430, 0.282),(-0.005, -0.055, 0.016, 0.998),VALID,(-0.067, -0.285, 0.956),(0.000, 0.000, 0.000),64.325,VALID,(-0.011, -0.286, 0.958),(-0.032, 0.000, 0.000),0.601,3.853,6.415,0.810,VALID,(-0.163, -0.282, 0.945),(0.032, 0.000, 0.000),0.639,4.070,6.373,0.806,0.4154858,0
336478,1000001936505831800,63875742727404,(-0.068, 1.430, 0.282),(-0.005, -0.055, 0.017, 0.998),VALID,(-0.067, -0.285, 0.956),(0.000, 0.000, 0.000),64.325,VALID,(-0.011, -0.286, 0.958),(-0.032, 0.000, 0.000),0.601,3.859,6.415,0.810,VALID,(-0.163, -0.282, 0.945),(0.032, 0.000, 0.000),0.638,4.069,6.373,0.806,0.4160381,0
336479,1000001936510852800,63875742727404,(-0.068, 1.430, 0.282),(-0.005, -0.055, 0.017, 0.998),VALID,(-0.067, -0.285, 0.956),(0.000, 0.000, 0.000),64.325,VALID,(-0.011, -0.286, 0.958),(-0.032, 0.000, 0.000),0.602,3.862,6.415,0.810,VALID,(-0.163, -0.282, 0.945),(0.032, 0.000, 0.000),0.638,4.066,6.373,0.806,0.4171301,0
336480,1000001936515719300,63875742727404,(-0.068, 1.430, 0.282),(-0.005, -0.055, 0.017, 0.998),VALID,(-0.067, -0.285, 0.956),(0.000, 0.000, 0.000),64.325,VALID,(-0.011, -0.286, 0.958),(-0.032, 0.000, 0.000),0.602,3.865,6.415,0.810,VALID,(-0.163, -0.282, 0.945),(0.032, 0.000, 0.000),0.638,4.064,6.373,0.805,0.4175571,0
336481,1000001936520740300,63875742727415,(-0.068, 1.430, 0.282),(-0.005, -0.056, 0.017, 0.998),VALID,(-0.067, -0.286, 0.956),(0.000, 0.000, 0.000),64.325,VALID,(-0.011, -0.286, 0.958),(-0.032, 0.000, 0.000),0.603,3.866,6.415,0.809,VALID,(-0.163, -0.282, 0.945),(0.032, 0.000, 0.000),0.637,4.062,6.373,0.805,0.4180901,0
336482,1000001936525761600,63875742727415,(-0.068, 1.430, 0.282),(-0.005, -0.056, 0.017, 0.998),VALID,(-0.066, -0.286, 0.956),(0.000, 0.000, 0.000),64.325,VALID,(-0.012, -0.286, 0.958),(-0.032, 0.000, 0.000),0.603,3.870,6.415,0.809,VALID,(-0.163, -0.282, 0.945),(0.032, 0.000, 0.000),0.637,4.061,6.373,0.805,0.4181945,0.6312153
336483,1000001936530782900,63875742727415,(-0.068, 1.430, 0.282),(-0.005, -0.056, 0.017, 0.998),VALID,(-0.066, -0.286, 0.956),(0.000, 0.000, 0.000),64.325,VALID,(-0.012, -0.286, 0.958),(-0.032, 0.000, 0.000),0.604,3.873,6.415,0.809,VALID,(-0.163, -0.282, 0.945),(0.032, 0.000, 0.000),0.637,4.060,6.373,0.805,0.4182942,0.6470721
336484,1000001936535799300,63875742727426,(-0.068, 1.430, 0.283),(-0.005, -0.056, 0.017, 0.998),VALID,(-0.066, -0.286, 0.956),(0.000, 0.000, 0.000),64.325,VALID,(-0.012, -0.286, 0.958),(-0.032, 0.000, 0.000),0.604,3.875,6.415,0.809,VALID,(-0.164, -0.282, 0.945),(0.032, 0.000, 0.000),0.637,4.060,6.373,0.805,0.4184821,0.7272284
336485,1000001936540820300,63875742727426,(-0.068, 1.430, 0.283),(-0.005, -0.056, 0.017, 0.998),VALID,(-0.065, -0.287, 0.956),(0.000, 0.000, 0.000),64.325,VALID,(-0.011, -0.287, 0.958),(-0.032, 0.000, 0.000),0.597,3.831,6.415,0.809,VALID,(-0.164, -0.284, 0.945),(0.032, 0.000, 0.000),0.637,4.060,6.373,0.805,0.4171581,0.5199363
336486,1000001936545840700,63875742727437,(-0.068, 1.430, 0.283),(-0.005, -0.056, 0.017, 0.998),VALID,(-0.066, -0.289, 0.955),(0.000, 0.000, 0.000),64.325,VALID,(-0.011, -0.289, 0.957),(-0.032, 0.000, 0.000),0.592,3.799,6.415,0.809,VALID,(-0.163, -0.286, 0.944),(0.032, 0.000, 0.000),0.637,4.060,6.373,0.805,0.4164909,0.452046
336487,1000001936550867700,63875742727437,(-0.068, 1.430, 0.283),(-0.005, -0.056, 0.017, 0.998),VALID,(-0.066, -0.291, 0.954),(0.000, 0.000, 0.000),64.325,VALID,(-0.011, -0.292, 0.956),(-0.032, 0.000, 0.000),0.589,3.778,6.415,0.809,VALID,(-0.163, -0.288, 0.944),(0.032, 0.000, 0.000),0.637,4.060,6.373,0.805,0.4157545,0.4400575
336488,1000001936555888100,63875742727448,(-0.068, 1.430, 0.283),(-0.005, -0.056, 0.017, 0.998),VALID,(-0.066, -0.293, 0.954),(0.000, 0.000, 0.000),64.325,VALID,(-0.011, -0.293, 0.956),(-0.032, 0.000, 0.000),0.589,3.778,6.415,0.809,VALID,(-0.163, -0.290, 0.943),(0.032, 0.000, 0.000),0.637,4.060,6.373,0.805,0.4156364,0.4093162
336489,1000001936560915100,63875742727448,(-0.068, 1.430, 0.283),(-0.005, -0.056, 0.017, 0.998),VALID,(-0.066, -0.293, 0.954),(0.000, 0.000, 0.000),64.325,VALID,(-0.011, -0.294, 0.956),(-0.032, 0.000, 0.000),0.594,3.812,6.415,0.809,VALID,(-0.163, -0.290, 0.943),(0.032, 0.000, 0.000),0.637,4.059,6.373,0.805,0.4158202,0.2842808
336490,1000001936565935500,63875742727459,(-0.068, 1.430, 0.283),(-0.005, -0.056, 0.017, 0.998),VALID,(-0.065, -0.293, 0.954),(0.000, 0.000, 0.000),64.325,VALID,(-0.011, -0.294, 0.956),(-0.032, 0.000, 0.000),0.599,3.840,6.415,0.809,VALID,(-0.163, -0.290, 0.943),(0.032, 0.000, 0.000),0.637,4.058,6.373,0.805,0.416003,0.2538379
336491,1000001936570849700,63875742727459,(-0.068, 1.430, 0.283),(-0.005, -0.056, 0.017, 0.998),VALID,(-0.065, -0.293, 0.954),(0.000, 0.000, 0.000),64.325,VALID,(-0.011, -0.293, 0.956),(-0.032, 0.000, 0.000),0.600,3.849,6.415,0.808,VALID,(-0.163, -0.289, 0.943),(0.032, 0.000, 0.000),0.637,4.057,6.373,0.805,0.4162093,0.321303
336492,1000001936575870100,63875742727471,(-0.068, 1.430, 0.284),(-0.005, -0.056, 0.017, 0.998),VALID,(-0.065, -0.293, 0.954),(0.000, 0.000, 0.000),64.325,VALID,(-0.011, -0.293, 0.956),(-0.032, 0.000, 0.000),0.600,3.851,6.415,0.808,VALID,(-0.164, -0.289, 0.943),(0.032, 0.000, 0.000),0.636,4.056,6.373,0.805,0.4165405,0.3228489
336493,1000001936580890500,63875742727471,(-0.068, 1.430, 0.284),(-0.005, -0.056, 0.017, 0.998),VALID,(-0.065, -0.293, 0.954),(0.000, 0.000, 0.000),64.325,VALID,(-0.011, -0.293, 0.956),(-0.032, 0.000, 0.000),0.601,3.853,6.415,0.808,VALID,(-0.164, -0.289, 0.943),(0.032, 0.000, 0.000),0.636,4.054,6.373,0.804,0.4168425,0.3073763
336494,1000001936585910900,63875742727471,(-0.068, 1.430, 0.284),(-0.005, -0.056, 0.017, 0.998),VALID,(-0.065, -0.293, 0.954),(0.000, 0.000, 0.000),64.325,VALID,(-0.011, -0.293, 0.956),(-0.032, 0.000, 0.000),0.601,3.853,6.415,0.808,VALID,(-0.164, -0.289, 0.943),(0.032, 0.000, 0.000),0.636,4.054,6.373,0.804,0.417328,0.3586513
336495,1000001936590931300,63875742727481,(-0.068, 1.430, 0.284),(-0.005, -0.056, 0.017, 0.998),VALID,(-0.065, -0.292, 0.954),(0.000, 0.000, 0.000),64.325,VALID,(-0.012, -0.293, 0.956),(-0.032, 0.000, 0.000),0.601,3.853,6.415,0.807,VALID,(-0.164, -0.289, 0.943),(0.032, 0.000, 0.000),0.636,4.054,6.373,0.804,0.4179074,0.3835867
336496,1000001936595951700,63875742727492,(-0.068, 1.430, 0.284),(-0.005, -0.056, 0.017, 0.998),VALID,(-0.065, -0.292, 0.954),(0.000, 0.000, 0.000),64.325,VALID,(-0.012, -0.293, 0.956),(-0.032, 0.000, 0.000),0.601,3.855,6.415,0.807,VALID,(-0.164, -0.289, 0.943),(0.032, 0.000, 0.000),0.636,4.054,6.373,0.804,0.4185481,0.3863717
336497,1000001936600966100,63875742727493,(-0.068, 1.430, 0.284),(-0.005, -0.056, 0.017, 0.998),VALID,(-0.065, -0.292, 0.954),(0.000, 0.000, 0.000),64.325,VALID,(-0.012, -0.293, 0.956),(-0.032, 0.000, 0.000),0.601,3.859,6.415,0.807,VALID,(-0.164, -0.289, 0.943),(0.032, 0.000, 0.000),0.636,4.054,6.373,0.804,0.4194072,0.3881894
336498,1000001936605980500,63875742727493,(-0.068, 1.430, 0.284),(-0.005, -0.056, 0.017, 0.998),VALID,(-0.065, -0.292, 0.954),(0.000, 0.000, 0.000),64.325,VALID,(-0.013, -0.293, 0.956),(-0.032, 0.000, 0.000),0.602,3.862,6.415,0.807,VALID,(-0.164, -0.289, 0.943),(0.032, 0.000, 0.000),0.636,4.054,6.373,0.804,0.420109,0.3950559
336499,1000001936610994900,63875742727504,(-0.068, 1.430, 0.284),(-0.005, -0.056, 0.017, 0.998),VALID,(-0.077, -0.291, 0.954),(0.000, 0.000, 0.000),64.325,VALID,(-0.009, -0.292, 0.956),(-0.032, 0.000, 0.000),0.602,3.863,6.415,0.807,VALID,(-0.164, -0.288, 0.944),(0.032, 0.000, 0.000),0.636,4.054,6.373,0.804,0.4099231,0
336500,1000001936616015300,63875742727504,(-0.068, 1.430, 0.284),(-0.005, -0.056, 0.017, 0.998),VALID,(-0.076, -0.291, 0.954),(0.000, 0.000, 0.000),64.325,VALID,(-0.009, -0.292, 0.956),(-0.032, 0.000, 0.000),0.603,3.866,6.415,0.807,VALID,(-0.164, -0.288, 0.944),(0.032, 0.000, 0.000),0.636,4.055,6.373,0.804,0.4110127,0
336501,1000001936621029700,63875742727515,(-0.068, 1.430, 0.285),(-0.005, -0.056, 0.017, 0.998),VALID,(-0.092, -0.290, 0.953),(0.000, 0.000, 0.000),64.325,VALID,(-0.003, -0.291, 0.957),(-0.032, 0.000, 0.000),0.603,3.867,6.415,0.806,VALID,(-0.164, -0.287, 0.944),(0.032, 0.000, 0.000),0.636,4.055,6.373,0.803,0.3955586,0
336502,1000001936626032300,63875742727515,(-0.068, 1.430, 0.285),(-0.005, -0.056, 0.017, 0.998),VALID,(-0.110, -0.287, 0.952),(0.000, 0.000, 0.000),64.325,VALID,(0.003, -0.289, 0.957),(-0.032, 0.000, 0.000),0.604,3.873,6.415,0.806,VALID,(-0.164, -0.285, 0.944),(0.032, 0.000, 0.000),0.636,4.055,6.373,0.803,0.3790059,0
336503,1000001936631046700,63875742727515,(-0.068, 1.430, 0.285),(-0.005, -0.056, 0.017, 0.998),VALID,(-0.124, -0.286, 0.950),(0.000, 0.000, 0.000),64.325,VALID,(0.010, -0.288, 0.958),(-0.032, 0.000, 0.000),0.604,3.876,6.415,0.806,VALID,(-0.164, -0.284, 0.945),(0.032, 0.000, 0.000),0.636,4.055,6.373,0.803,0.3636857,0
336504,1000001936636028900,63875742727526,(-0.068, 1.430, 0.285),(-0.005, -0.056, 0.017, 0.998),VALID,(-0.136, -0.283, 0.949),(0.000, 0.000, 0.000),64.325,VALID,(0.017, -0.286, 0.958),(-0.032, 0.000, 0.000),0.605,3.878,6.415,0.805,VALID,(-0.164, -0.282, 0.945),(0.032, 0.000, 0.000),0.636,4.056,6.373,0.803,0.3503215,0
336505,1000001936641036300,63875742727526,(-0.068, 1.430, 0.285),(-0.005, -0.056, 0.017, 0.998),VALID,(-0.144, -0.282, 0.949),(0.000, 0.000, 0.000),64.325,VALID,(0.023, -0.285, 0.958),(-0.032, 0.000, 0.000),0.605,3.878,6.415,0.805,VALID,(-0.165, -0.281, 0.946),(0.032, 0.000, 0.000),0.636,4.056,6.373,0.803,0.3395526,0
336506,1000001936646051200,63875742727537,(-0.068, 1.430, 0.285),(-0.005, -0.056, 0.017, 0.998),VALID,(-0.150, -0.280, 0.948),(0.000, 0.000, 0.000),64.325,VALID,(0.027, -0.283, 0.959),(-0.032, 0.000, 0.000),0.604,3.873,6.415,0.805,VALID,(-0.165, -0.280, 0.946),(0.032, 0.000, 0.000),0.637,4.057,6.373,0.803,0.3313328,0
336507,1000001936651065600,63875742727537,(-0.068, 1.430, 0.285),(-0.005, -0.056, 0.017, 0.998),VALID,(-0.154, -0.279, 0.948),(0.000, 0.000, 0.000),64.325,VALID,(0.031, -0.282, 0.959),(-0.032, 0.000, 0.000),0.602,3.861,6.415,0.805,VALID,(-0.165, -0.279, 0.946),(0.032, 0.000, 0.000),0.637,4.057,6.373,0.802,0.3248384,0
336508,1000001936656080000,63875742727548,(-0.068, 1.430, 0.285),(-0.005, -0.056, 0.017, 0.998),VALID,(-0.157, -0.278, 0.948),(0.000, 0.000, 0.000),64.325,VALID,(0.034, -0.281, 0.959),(-0.032, 0.000, 0.000),0.599,3.846,6.415,0.804,VALID,(-0.165, -0.278, 0.946),(0.032, 0.000, 0.000),0.637,4.056,6.373,0.802,0.3201707,0
336509,1000001936661094600,63875742727559,(-0.068, 1.430, 0.285),(-0.005, -0.056, 0.017, 0.998),VALID,(-0.158, -0.277, 0.948),(0.000, 0.000, 0.000),64.325,VALID,(0.036, -0.281, 0.959),(-0.032, 0.000, 0.000),0.599,3.840,6.415,0.804,VALID,(-0.165, -0.277, 0.947),(0.032, 0.000, 0.000),0.636,4.055,6.373,0.802,0.3168201,0
336510,1000001936666108900,63875742727559,(-0.068, 1.430, 0.285),(-0.005, -0.056, 0.017, 0.998),VALID,(-0.160, -0.277, 0.948),(0.000, 0.000, 0.000),64.325,VALID,(0.038, -0.280, 0.959),(-0.032, 0.000, 0.000),0.598,3.837,6.415,0.803,VALID,(-0.165, -0.276, 0.947),(0.032, 0.000, 0.000),0.636,4.055,6.373,0.802,0.3142252,0
336511,1000001936671123200,63875742727559,(-0.068, 1.430, 0.285),(-0.005, -0.056, 0.017, 0.998),VALID,(-0.162, -0.275, 0.948),(0.000, 0.000, 0.000),64.325,VALID,(0.039, -0.279, 0.960),(-0.032, 0.000, 0.000),0.598,3.834,6.415,0.803,VALID,(-0.165, -0.275, 0.947),(0.032, 0.000, 0.000),0.636,4.054,6.373,0.801,0.3116921,0
336512,1000001936676144000,63875742727570,(-0.068, 1.430, 0.285),(-0.005, -0.056, 0.017, 0.998),VALID,(-0.163, -0.275, 0.948),(0.000, 0.000, 0.000),64.325,VALID,(0.040, -0.278, 0.960),(-0.032, 0.000, 0.000),0.598,3.834,6.415,0.802,VALID,(-0.165, -0.274, 0.947),(0.032, 0.000, 0.000),0.636,4.054,6.373,0.801,0.3096683,0
336513,1000001936681149100,63875742727570,(-0.068, 1.430, 0.285),(-0.005, -0.056, 0.017, 0.998),VALID,(-0.164, -0.274, 0.948),(0.000, 0.000, 0.000),64.325,VALID,(0.041, -0.277, 0.960),(-0.032, 0.000, 0.000),0.597,3.830,6.415,0.802,VALID,(-0.165, -0.274, 0.948),(0.032, 0.000, 0.000),0.636,4.055,6.373,0.800,0.3084376,0
336514,1000001936686159000,63875742727570,(-0.068, 1.430, 0.285),(-0.005, -0.056, 0.017, 0.998),VALID,(-0.164, -0.273, 0.948),(0.000, 0.000, 0.000),64.325,VALID,(0.042, -0.277, 0.960),(-0.032, 0.000, 0.000),0.596,3.827,6.415,0.801,VALID,(-0.165, -0.273, 0.948),(0.032, 0.000, 0.000),0.636,4.055,6.373,0.800,0.3067935,0
336515,1000001936691168900,63875742727582,(-0.067, 1.430, 0.285),(-0.005, -0.056, 0.017, 0.998),VALID,(-0.164, -0.272, 0.948),(0.000, 0.000, 0.000),64.325,VALID,(0.043, -0.276, 0.960),(-0.032, 0.000, 0.000),0.596,3.824,6.415,0.801,VALID,(-0.165, -0.272, 0.948),(0.032, 0.000, 0.000),0.636,4.056,6.373,0.800,0.3054017,0
336516,1000001936696176300,63875742727582,(-0.067, 1.430, 0.285),(-0.005, -0.056, 0.017, 0.998),VALID,(-0.154, -0.275, 0.949),(0.000, 0.000, 0.000),64.325,VALID,(0.036, -0.278, 0.960),(-0.032, 0.000, 0.000),0.596,3.823,6.415,0.800,VALID,(-0.165, -0.274, 0.947),(0.032, 0.000, 0.000),0.637,4.057,6.373,0.799,0.3157112,0
336517,1000001936701171400,63875742727593,(-0.067, 1.430, 0.286),(-0.005, -0.056, 0.017, 0.998),VALID,(-0.147, -0.276, 0.950),(0.000, 0.000, 0.000),64.325,VALID,(0.033, -0.279, 0.960),(-0.032, 0.000, 0.000),0.596,3.823,6.415,0.800,VALID,(-0.165, -0.275, 0.947),(0.032, 0.000, 0.000),0.637,4.057,6.373,0.799,0.3207703,0
336518,1000001936706191100,63875742727593,(-0.067, 1.430, 0.286),(-0.005, -0.056, 0.017, 0.998),VALID,(-0.134, -0.278, 0.951),(0.000, 0.000, 0.000),64.325,VALID,(0.031, -0.280, 0.960),(-0.032, 0.000, 0.000),0.596,3.824,6.415,0.799,VALID,(-0.165, -0.276, 0.947),(0.032, 0.000, 0.000),0.637,4.057,6.373,0.798,0.3244171,0
336519,1000001936711201000,63875742727604,(-0.067, 1.430, 0.286),(-0.006, -0.055, 0.017, 0.998),VALID,(-0.118, -0.279, 0.953),(0.000, 0.000, 0.000),64.325,VALID,(0.027, -0.281, 0.959),(-0.032, 0.000, 0.000),0.596,3.825,6.415,0.799,VALID,(-0.165, -0.277, 0.947),(0.032, 0.000, 0.000),0.637,4.057,6.373,0.798,0.3313991,0
336520,1000001936716244900,63875742727604,(-0.067, 1.430, 0.286),(-0.006, -0.055, 0.017, 0.998),VALID,(-0.104, -0.280, 0.954),(0.000, 0.000, 0.000),64.325,VALID,(0.022, -0.281, 0.959),(-0.032, 0.000, 0.000),0.596,3.825,6.415,0.799,VALID,(-0.165, -0.278, 0.946),(0.032, 0.000, 0.000),0.637,4.057,6.373,0.797,0.3405662,0
336521,1000001936721252300,63875742727616,(-0.067, 1.430, 0.286),(-0.005, -0.055, 0.017, 0.998),VALID,(-0.091, -0.282, 0.955),(0.000, 0.000, 0.000),64.325,VALID,(0.017, -0.283, 0.959),(-0.032, 0.000, 0.000),0.597,3.827,6.415,0.798,VALID,(-0.165, -0.279, 0.946),(0.032, 0.000, 0.000),0.637,4.057,6.373,0.797,0.350126,0
336522,1000001936726259700,63875742727616,(-0.067, 1.430, 0.286),(-0.005, -0.055, 0.017, 0.998),VALID,(-0.082, -0.283, 0.956),(0.000, 0.000, 0.000),64.325,VALID,(0.012, -0.284, 0.959),(-0.032, 0.000, 0.000),0.597,3.831,6.415,0.797,VALID,(-0.165, -0.280, 0.946),(0.032, 0.000, 0.000),0.637,4.057,6.373,0.797,0.3593749,0
336523,1000001936731267100,63875742727616,(-0.067, 1.430, 0.286),(-0.005, -0.055, 0.017, 0.998),VALID,(-0.075, -0.284, 0.956),(0.000, 0.000, 0.000),64.325,VALID,(0.008, -0.285, 0.958),(-0.032, 0.000, 0.000),0.597,3.833,6.415,0.797,VALID,(-0.165, -0.281, 0.945),(0.032, 0.000, 0.000),0.637,4.057,6.373,0.796,0.3678104,0
336524,1000001936736274500,63875742727627,(-0.067, 1.430, 0.286),(-0.006, -0.055, 0.016, 0.998),VALID,(-0.070, -0.286, 0.956),(0.000, 0.000, 0.000),64.325,VALID,(0.005, -0.286, 0.958),(-0.032, 0.000, 0.000),0.598,3.833,6.415,0.796,VALID,(-0.165, -0.283, 0.945),(0.032, 0.000, 0.000),0.637,4.056,6.373,0.796,0.3753262,0
336525,1000001936741284100,63875742727627,(-0.067, 1.430, 0.286),(-0.006, -0.055, 0.016, 0.998),VALID,(-0.066, -0.288, 0.956),(0.000, 0.000, 0.000),64.325,VALID,(0.002, -0.288, 0.958),(-0.032, 0.000, 0.000),0.597,3.833,6.415,0.795,VALID,(-0.165, -0.284, 0.945),(0.032, 0.000, 0.000),0.636,4.056,6.373,0.795,0.3819604,0
336526,1000001936746289400,63875742727637,(-0.067, 1.430, 0.286),(-0.006, -0.055, 0.016, 0.998),VALID,(-0.055, -0.289, 0.956),(0.000, 0.000, 0.000),64.325,VALID,(-0.003, -0.289, 0.957),(-0.032, 0.000, 0.000),0.597,3.832,6.415,0.794,VALID,(-0.164, -0.285, 0.944),(0.032, 0.000, 0.000),0.636,4.056,6.373,0.795,0.3925201,0
336527,1000001936751294700,63875742727649,(-0.067, 1.430, 0.286),(-0.006, -0.055, 0.016, 0.998),VALID,(-0.045, -0.290, 0.956),(0.000, 0.000, 0.000),64.325,VALID,(-0.004, -0.290, 0.957),(-0.032, 0.000, 0.000),0.597,3.831,6.415,0.793,VALID,(-0.164, -0.286, 0.944),(0.032, 0.000, 0.000),0.636,4.055,6.373,0.794,0.3973923,0
336528,1000001936756309800,63875742727649,(-0.067, 1.430, 0.286),(-0.006, -0.055, 0.016, 0.998),VALID,(-0.035, -0.292, 0.956),(0.000, 0.000, 0.000),64.325,VALID,(-0.003, -0.292, 0.956),(-0.032, 0.000, 0.000),0.597,3.830,6.415,0.791,VALID,(-0.164, -0.288, 0.943),(0.032, 0.000, 0.000),0.637,4.058,6.373,0.793,0.3958499,0
336529,1000001936761349100,63875742727649,(-0.067, 1.430, 0.286),(-0.006, -0.055, 0.016, 0.998),VALID,(-0.044, -0.296, 0.954),(0.000, 0.000, 0.000),64.325,VALID,(-0.002, -0.296, 0.955),(-0.032, 0.000, 0.000),0.591,3.792,6.415,0.789,VALID,(-0.164, -0.292, 0.942),(0.032, 0.000, 0.000),0.637,4.058,6.373,0.791,0.3941592,0
336530,1000001936766354400,63875742727660,(-0.067, 1.430, 0.286),(-0.006, -0.055, 0.016, 0.998),VALID,(-0.052, -0.305, 0.951),(0.000, 0.000, 0.000),64.325,VALID,(-0.009, -0.305, 0.952),(-0.032, 0.000, 0.000),0.573,3.677,6.415,0.787,VALID,(-0.163, -0.301, 0.940),(0.032, 0.000, 0.000),0.635,4.046,6.373,0.789,0.41081,0
336531,1000001936771359700,63875742727660,(-0.067, 1.430, 0.286),(-0.006, -0.055, 0.016, 0.998),VALID,(-0.059, -0.310, 0.949),(0.000, 0.000, 0.000),64.325,VALID,(-0.011, -0.310, 0.951),(-0.032, 0.000, 0.000),0.570,3.655,6.415,0.784,VALID,(-0.162, -0.306, 0.938),(0.032, 0.000, 0.000),0.634,4.039,6.373,0.787,0.4203981,0
336532,1000001936776362300,63875742727671,(-0.067, 1.430, 0.286),(-0.006, -0.055, 0.016, 0.998),VALID,(-0.064, -0.314, 0.947),(0.000, 0.000, 0.000),64.325,VALID,(-0.012, -0.315, 0.949),(-0.032, 0.000, 0.000),0.570,3.654,6.415,0.780,VALID,(-0.162, -0.311, 0.937),(0.032, 0.000, 0.000),0.633,4.036,6.373,0.784,0.4220631,0
336533,1000001936781375700,63875742727671,(-0.067, 1.430, 0.286),(-0.006, -0.055, 0.016, 0.998),VALID,(-0.067, -0.320, 0.945),(0.000, 0.000, 0.000),64.325,VALID,(-0.016, -0.321, 0.947),(-0.032, 0.000, 0.000),0.564,3.616,6.415,0.777,VALID,(-0.163, -0.316, 0.935),(0.032, 0.000, 0.000),0.633,4.031,6.373,0.780,0.4307119,0
336534,1000001936786378300,63875742727682,(-0.067, 1.430, 0.287),(-0.006, -0.055, 0.016, 0.998),VALID,(-0.069, -0.326, 0.943),(0.000, 0.000, 0.000),64.325,VALID,(-0.022, -0.326, 0.945),(-0.032, 0.000, 0.000),0.564,3.617,6.415,0.774,VALID,(-0.165, -0.322, 0.932),(0.032, 0.000, 0.000),0.631,4.020,6.373,0.777,0.4434812,0
336535,1000001936791416400,63875742727682,(-0.067, 1.430, 0.287),(-0.006, -0.055, 0.016, 0.998),VALID,(-0.070, -0.330, 0.942),(0.000, 0.000, 0.000),64.325,VALID,(-0.028, -0.330, 0.943),(-0.032, 0.000, 0.000),0.565,3.626,6.415,0.771,VALID,(-0.169, -0.326, 0.930),(0.032, 0.000, 0.000),0.630,4.014,6.373,0.773,0.4479195,0
336536,1000001936796421700,63875742727682,(-0.067, 1.430, 0.287),(-0.006, -0.055, 0.016, 0.998),VALID,(-0.073, -0.330, 0.941),(0.000, 0.000, 0.000),64.325,VALID,(-0.034, -0.331, 0.943),(-0.032, 0.000, 0.000),0.566,3.629,6.415,0.768,VALID,(-0.175, -0.326, 0.929),(0.032, 0.000, 0.000),0.634,4.040,6.373,0.770,0.4483881,0
336537,1000001936801431600,63875742727693,(-0.067, 1.430, 0.287),(-0.006, -0.055, 0.016, 0.998),VALID,(-0.076, -0.328, 0.942),(0.000, 0.000, 0.000),64.325,VALID,(-0.038, -0.328, 0.944),(-0.032, 0.000, 0.000),0.570,3.655,6.415,0.771,VALID,(-0.182, -0.323, 0.929),(0.032, 0.000, 0.000),0.641,4.086,6.373,0.767,0.4414403,0
336538,1000001936806436900,63875742727693,(-0.067, 1.430, 0.287),(-0.006, -0.055, 0.016, 0.998),VALID,(-0.083, -0.324, 0.942),(0.000, 0.000, 0.000),64.325,VALID,(-0.043, -0.325, 0.945),(-0.032, 0.000, 0.000),0.570,3.657,6.415,0.772,VALID,(-0.188, -0.319, 0.929),(0.032, 0.000, 0.000),0.654,4.169,6.373,0.764,0.4357819,0
336539,1000001936811442200,63875742727704,(-0.067, 1.430, 0.287),(-0.007, -0.055, 0.016, 0.998),VALID,(-0.090, -0.321, 0.943),(0.000, 0.000, 0.000),64.325,VALID,(-0.048, -0.322, 0.946),(-0.032, 0.000, 0.000),0.570,3.657,6.415,0.773,VALID,(-0.194, -0.316, 0.929),(0.032, 0.000, 0.000),0.658,4.195,6.373,0.762,0.4306633,0
336540,1000001936816498900,63875742727715,(-0.067, 1.430, 0.287),(-0.007, -0.055, 0.016, 0.998),VALID,(-0.098, -0.318, 0.943),(0.000, 0.000, 0.000),64.325,VALID,(-0.052, -0.319, 0.946),(-0.032, 0.000, 0.000),0.569,3.652,6.415,0.775,VALID,(-0.199, -0.313, 0.929),(0.032, 0.000, 0.000),0.665,4.236,6.373,0.761,0.4286566,0
336541,1000001936821514200,63875742727715,(-0.067, 1.430, 0.287),(-0.007, -0.055, 0.016, 0.998),VALID,(-0.107, -0.315, 0.943),(0.000, 0.000, 0.000),64.325,VALID,(-0.056, -0.317, 0.947),(-0.032, 0.000, 0.000),0.568,3.645,6.415,0.777,VALID,(-0.203, -0.311, 0.929),(0.032, 0.000, 0.000),0.682,4.345,6.373,0.760,0.4266579,0
336542,1000001936826519500,63875742727715,(-0.067, 1.430, 0.287),(-0.007, -0.055, 0.016, 0.998),VALID,(-0.117, -0.314, 0.942),(0.000, 0.000, 0.000),64.325,VALID,(-0.066, -0.315, 0.947),(-0.032, 0.000, 0.000),0.568,3.644,6.415,0.779,VALID,(-0.207, -0.309, 0.928),(0.032, 0.000, 0.000),0.689,4.388,6.373,0.759,0.4478433,0
336543,1000001936831530700,63875742727727,(-0.067, 1.430, 0.287),(-0.008, -0.055, 0.016, 0.998),VALID,(-0.127, -0.310, 0.942),(0.000, 0.000, 0.000),64.325,VALID,(-0.077, -0.312, 0.947),(-0.032, 0.000, 0.000),0.568,3.645,6.415,0.782,VALID,(-0.209, -0.306, 0.929),(0.032, 0.000, 0.000),0.694,4.422,6.373,0.758,0.4729303,0
336544,1000001936836560100,63875742727727,(-0.067, 1.430, 0.287),(-0.008, -0.055, 0.016, 0.998),VALID,(-0.133, -0.307, 0.942),(0.000, 0.000, 0.000),64.325,VALID,(-0.086, -0.309, 0.947),(-0.032, 0.000, 0.000),0.570,3.656,6.415,0.784,VALID,(-0.211, -0.303, 0.929),(0.032, 0.000, 0.000),0.688,4.387,6.373,0.758,0.5011916,0
336545,1000001936841565400,63875742727727,(-0.067, 1.430, 0.287),(-0.008, -0.055, 0.016, 0.998),VALID,(-0.138, -0.303, 0.943),(0.000, 0.000, 0.000),64.325,VALID,(-0.094, -0.305, 0.948),(-0.032, 0.000, 0.000),0.571,3.663,6.415,0.786,VALID,(-0.213, -0.299, 0.930),(0.032, 0.000, 0.000),0.686,4.372,6.373,0.757,0.5255077,0
336546,1000001936846581100,63875742727737,(-0.067, 1.430, 0.287),(-0.008, -0.055, 0.016, 0.998),VALID,(-0.141, -0.298, 0.944),(0.000, 0.000, 0.000),64.325,VALID,(-0.098, -0.300, 0.949),(-0.032, 0.000, 0.000),0.577,3.705,6.415,0.788,VALID,(-0.214, -0.294, 0.932),(0.032, 0.000, 0.000),0.685,4.365,6.373,0.756,0.5367638,0
336547,1000001936851596800,63875742727738,(-0.067, 1.430, 0.287),(-0.008, -0.055, 0.016, 0.998),VALID,(-0.140, -0.296, 0.945),(0.000, 0.000, 0.000),64.325,VALID,(-0.101, -0.298, 0.949),(-0.032, 0.000, 0.000),0.581,3.724,6.415,0.790,VALID,(-0.214, -0.292, 0.932),(0.032, 0.000, 0.000),0.655,4.175,6.373,0.756,0.5494081,0
336548,1000001936856556400,63875742727749,(-0.068, 1.431, 0.287),(-0.008, -0.055, 0.017, 0.998),VALID,(-0.139, -0.294, 0.946),(0.000, 0.000, 0.000),64.325,VALID,(-0.103, -0.296, 0.950),(-0.032, 0.000, 0.000),0.582,3.737,6.415,0.791,VALID,(-0.215, -0.290, 0.933),(0.032, 0.000, 0.000),0.652,4.154,6.373,0.756,0.5577437,0
336549,1000001936861579100,63875742727749,(-0.068, 1.431, 0.287),(-0.008, -0.055, 0.017, 0.998),VALID,(-0.138, -0.292, 0.946),(0.000, 0.000, 0.000),64.325,VALID,(-0.105, -0.293, 0.950),(-0.032, 0.000, 0.000),0.583,3.743,6.415,0.793,VALID,(-0.215, -0.288, 0.933),(0.032, 0.000, 0.000),0.651,4.151,6.373,0.756,0.5639781,0
336550,1000001936866606000,63875742727760,(-0.068, 1.431, 0.287),(-0.008, -0.055, 0.017, 0.998),VALID,(-0.138, -0.289, 0.947),(0.000, 0.000, 0.000),64.325,VALID,(-0.106, -0.290, 0.951),(-0.032, 0.000, 0.000),0.585,3.750,6.415,0.795,VALID,(-0.216, -0.285, 0.934),(0.032, 0.000, 0.000),0.651,4.150,6.373,0.756,0.5688175,0
336551,1000001936871625400,63875742727760,(-0.068, 1.431, 0.287),(-0.008, -0.055, 0.017, 0.998),VALID,(-0.138, -0.286, 0.948),(0.000, 0.000, 0.000),64.325,VALID,(-0.107, -0.287, 0.952),(-0.032, 0.000, 0.000),0.587,3.767,6.415,0.796,VALID,(-0.216, -0.282, 0.935),(0.032, 0.000, 0.000),0.652,4.158,6.373,0.756,0.5713878,0
336552,1000001936876644800,63875742727770,(-0.068, 1.431, 0.287),(-0.009, -0.056, 0.017, 0.998),VALID,(-0.137, -0.283, 0.949),(0.000, 0.000, 0.000),64.325,VALID,(-0.106, -0.284, 0.953),(-0.032, 0.000, 0.000),0.589,3.776,6.415,0.797,VALID,(-0.216, -0.279, 0.936),(0.032, 0.000, 0.000),0.652,4.155,6.373,0.756,0.5686442,0
336553,1000001936881664200,63875742727771,(-0.068, 1.431, 0.287),(-0.009, -0.056, 0.017, 0.998),VALID,(-0.136, -0.281, 0.950),(0.000, 0.000, 0.000),64.325,VALID,(-0.106, -0.282, 0.954),(-0.032, 0.000, 0.000),0.590,3.786,6.415,0.799,VALID,(-0.216, -0.276, 0.936),(0.032, 0.000, 0.000),0.648,4.133,6.373,0.756,0.5668302,0
336554,1000001936886681100,63875742727771,(-0.068, 1.431, 0.287),(-0.009, -0.056, 0.017, 0.998),VALID,(-0.135, -0.279, 0.951),(0.000, 0.000, 0.000),64.325,VALID,(-0.106, -0.280, 0.954),(-0.032, 0.000, 0.000),0.591,3.791,6.415,0.800,VALID,(-0.216, -0.275, 0.937),(0.032, 0.000, 0.000),0.645,4.111,6.373,0.756,0.5641135,0
336555,1000001936891700500,63875742727782,(-0.068, 1.431, 0.287),(-0.009, -0.056, 0.018, 0.998),VALID,(-0.134, -0.277, 0.951),(0.000, 0.000, 0.000),64.325,VALID,(-0.106, -0.278, 0.955),(-0.032, 0.000, 0.000),0.591,3.793,6.415,0.801,VALID,(-0.216, -0.273, 0.937),(0.032, 0.000, 0.000),0.643,4.097,6.373,0.756,0.5638813,0
336556,1000001936896719500,63875742727782,(-0.068, 1.431, 0.287),(-0.009, -0.056, 0.018, 0.998),VALID,(-0.134, -0.276, 0.952),(0.000, 0.000, 0.000),64.325,VALID,(-0.106, -0.277, 0.955),(-0.032, 0.000, 0.000),0.591,3.794,6.415,0.802,VALID,(-0.216, -0.272, 0.938),(0.032, 0.000, 0.000),0.641,4.088,6.373,0.756,0.5636634,0
336557,1000001936901738900,63875742727793,(-0.068, 1.431, 0.287),(-0.009, -0.056, 0.018, 0.998),VALID,(-0.132, -0.279, 0.951),(0.000, 0.000, 0.000),64.325,VALID,(-0.102, -0.280, 0.955),(-0.032, 0.000, 0.000),0.584,3.749,6.415,0.803,VALID,(-0.216, -0.275, 0.937),(0.032, 0.000, 0.000),0.640,4.077,6.373,0.756,0.5451635,0
336558,1000001936906757900,63875742727793,(-0.068, 1.431, 0.287),(-0.009, -0.056, 0.018, 0.998),VALID,(-0.131, -0.282, 0.950),(0.000, 0.000, 0.000),64.325,VALID,(-0.099, -0.283, 0.954),(-0.032, 0.000, 0.000),0.579,3.713,6.415,0.803,VALID,(-0.216, -0.278, 0.936),(0.032, 0.000, 0.000),0.638,4.066,6.373,0.756,0.5342147,0
336559,1000001936911704200,63875742727805,(-0.068, 1.431, 0.287),(-0.009, -0.056, 0.019, 0.998),VALID,(-0.130, -0.284, 0.950),(0.000, 0.000, 0.000),64.325,VALID,(-0.097, -0.285, 0.954),(-0.032, 0.000, 0.000),0.579,3.712,6.415,0.804,VALID,(-0.216, -0.279, 0.936),(0.032, 0.000, 0.000),0.638,4.065,6.373,0.756,0.5268209,0
336560,1000001936916723200,63875742727805,(-0.068, 1.431, 0.287),(-0.009, -0.056, 0.019, 0.998),VALID,(-0.130, -0.283, 0.950),(0.000, 0.000, 0.000),64.325,VALID,(-0.096, -0.284, 0.954),(-0.032, 0.000, 0.000),0.585,3.752,6.415,0.805,VALID,(-0.216, -0.279, 0.936),(0.032, 0.000, 0.000),0.638,4.065,6.373,0.756,0.5238181,0
336561,1000001936921742600,63875742727815,(-0.068, 1.431, 0.287),(-0.009, -0.056, 0.019, 0.998),VALID,(-0.129, -0.282, 0.951),(0.000, 0.000, 0.000),64.325,VALID,(-0.096, -0.283, 0.954),(-0.032, 0.000, 0.000),0.589,3.777,6.415,0.806,VALID,(-0.216, -0.278, 0.936),(0.032, 0.000, 0.000),0.638,4.065,6.373,0.757,0.5225194,0
336562,1000001936926761600,63875742727816,(-0.068, 1.431, 0.287),(-0.009, -0.056, 0.019, 0.998),VALID,(-0.129, -0.281, 0.951),(0.000, 0.000, 0.000),64.325,VALID,(-0.096, -0.282, 0.955),(-0.032, 0.000, 0.000),0.590,3.784,6.415,0.807,VALID,(-0.216, -0.277, 0.936),(0.032, 0.000, 0.000),0.641,4.083,6.373,0.757,0.5218759,0
336563,1000001936931756800,63875742727827,(-0.068, 1.431, 0.287),(-0.009, -0.056, 0.020, 0.998),VALID,(-0.129, -0.280, 0.951),(0.000, 0.000, 0.000),64.325,VALID,(-0.096, -0.281, 0.955),(-0.032, 0.000, 0.000),0.590,3.786,6.415,0.808,VALID,(-0.216, -0.276, 0.937),(0.032, 0.000, 0.000),0.642,4.088,6.373,0.757,0.5215052,0
336564,1000001936936775800,63875742727827,(-0.068, 1.431, 0.287),(-0.009, -0.056, 0.020, 0.998),VALID,(-0.129, -0.279, 0.951),(0.000, 0.000, 0.000),64.325,VALID,(-0.096, -0.280, 0.955),(-0.032, 0.000, 0.000),0.590,3.788,6.415,0.808,VALID,(-0.216, -0.275, 0.937),(0.032, 0.000, 0.000),0.641,4.088,6.373,0.757,0.521495,0
336565,1000001936941794800,63875742727827,(-0.068, 1.431, 0.287),(-0.009, -0.056, 0.020, 0.998),VALID,(-0.128, -0.279, 0.952),(0.000, 0.000, 0.000),64.325,VALID,(-0.096, -0.280, 0.955),(-0.032, 0.000, 0.000),0.591,3.789,6.415,0.809,VALID,(-0.216, -0.274, 0.937),(0.032, 0.000, 0.000),0.640,4.080,6.373,0.758,0.5215293,0
336566,1000001936946813800,63875742727849,(-0.068, 1.431, 0.287),(-0.009, -0.057, 0.020, 0.998),VALID,(-0.128, -0.278, 0.952),(0.000, 0.000, 0.000),64.325,VALID,(-0.096, -0.279, 0.955),(-0.032, 0.000, 0.000),0.591,3.791,6.415,0.810,VALID,(-0.216, -0.274, 0.937),(0.032, 0.000, 0.000),0.638,4.064,6.373,0.758,0.5219263,0
336567,1000001936951832800,63875742727849,(-0.068, 1.431, 0.287),(-0.009, -0.057, 0.020, 0.998),VALID,(-0.128, -0.278, 0.952),(0.000, 0.000, 0.000),64.325,VALID,(-0.096, -0.279, 0.955),(-0.032, 0.000, 0.000),0.591,3.794,6.415,0.810,VALID,(-0.216, -0.274, 0.937),(0.032, 0.000, 0.000),0.636,4.052,6.373,0.759,0.5219082,0
336568,1000001936956852200,63875742727849,(-0.068, 1.431, 0.287),(-0.009, -0.057, 0.020, 0.998),VALID,(-0.127, -0.278, 0.952),(0.000, 0.000, 0.000),64.325,VALID,(-0.096, -0.279, 0.956),(-0.032, 0.000, 0.000),0.593,3.803,6.415,0.811,VALID,(-0.216, -0.273, 0.937),(0.032, 0.000, 0.000),0.635,4.044,6.373,0.759,0.5221911,0
336569,1000001936961864000,63875742727860,(-0.068, 1.431, 0.287),(-0.009, -0.057, 0.021, 0.998),VALID,(-0.127, -0.277, 0.952),(0.000, 0.000, 0.000),64.325,VALID,(-0.096, -0.278, 0.956),(-0.032, 0.000, 0.000),0.594,3.810,6.415,0.812,VALID,(-0.216, -0.273, 0.937),(0.032, 0.000, 0.000),0.634,4.040,6.373,0.760,0.5226039,0
336570,1000001936966833400,63875742727860,(-0.068, 1.431, 0.287),(-0.009, -0.057, 0.021, 0.998),VALID,(-0.127, -0.277, 0.952),(0.000, 0.000, 0.000),64.325,VALID,(-0.096, -0.278, 0.956),(-0.032, 0.000, 0.000),0.594,3.813,6.415,0.812,VALID,(-0.216, -0.273, 0.938),(0.032, 0.000, 0.000),0.633,4.036,6.373,0.760,0.5232168,0
336571,1000001936971845200,63875742727871,(-0.068, 1.431, 0.287),(-0.009, -0.057, 0.021, 0.998),VALID,(-0.127, -0.277, 0.953),(0.000, 0.000, 0.000),64.325,VALID,(-0.097, -0.278, 0.956),(-0.032, 0.000, 0.000),0.595,3.815,6.415,0.813,VALID,(-0.216, -0.273, 0.938),(0.032, 0.000, 0.000),0.633,4.033,6.373,0.761,0.5245056,0
336572,1000001936976864600,63875742727871,(-0.068, 1.431, 0.287),(-0.009, -0.057, 0.021, 0.998),VALID,(-0.127, -0.277, 0.953),(0.000, 0.000, 0.000),64.325,VALID,(-0.097, -0.278, 0.956),(-0.032, 0.000, 0.000),0.595,3.815,6.415,0.813,VALID,(-0.216, -0.273, 0.938),(0.032, 0.000, 0.000),0.633,4.031,6.373,0.761,0.5264966,0
336573,1000001936981876400,63875742727871,(-0.068, 1.431, 0.287),(-0.009, -0.057, 0.021, 0.998),VALID,(-0.127, -0.277, 0.952),(0.000, 0.000, 0.000),64.325,VALID,(-0.098, -0.278, 0.956),(-0.032, 0.000, 0.000),0.595,3.814,6.415,0.814,VALID,(-0.216, -0.273, 0.938),(0.032, 0.000, 0.000),0.632,4.028,6.373,0.761,0.5293564,0
336574,1000001936986888200,63875742727882,(-0.068, 1.431, 0.287),(-0.009, -0.057, 0.021, 0.998),VALID,(-0.127, -0.277, 0.952),(0.000, 0.000, 0.000),64.325,VALID,(-0.098, -0.278, 0.956),(-0.032, 0.000, 0.000),0.594,3.814,6.415,0.814,VALID,(-0.216, -0.273, 0.938),(0.032, 0.000, 0.000),0.632,4.025,6.373,0.762,0.5320631,0.01654083
336575,1000001936991939400,63875742727882,(-0.068, 1.431, 0.287),(-0.009, -0.057, 0.021, 0.998),VALID,(-0.127, -0.277, 0.952),(0.000, 0.000, 0.000),64.325,VALID,(-0.099, -0.278, 0.955),(-0.032, 0.000, 0.000),0.594,3.812,6.415,0.815,VALID,(-0.216, -0.273, 0.937),(0.032, 0.000, 0.000),0.631,4.022,6.373,0.762,0.5352269,0.02032343
336576,1000001936996951200,63875742727882,(-0.068, 1.431, 0.287),(-0.009, -0.057, 0.021, 0.998),VALID,(-0.127, -0.278, 0.952),(0.000, 0.000, 0.000),64.325,VALID,(-0.100, -0.278, 0.955),(-0.032, 0.000, 0.000),0.594,3.811,6.415,0.815,VALID,(-0.216, -0.273, 0.937),(0.032, 0.000, 0.000),0.631,4.020,6.373,0.762,0.5391316,0.4201874
336577,1000001937001968700,63875742727893,(-0.068, 1.431, 0.287),(-0.009, -0.058, 0.021, 0.998),VALID,(-0.127, -0.278, 0.952),(0.000, 0.000, 0.000),64.325,VALID,(-0.101, -0.279, 0.955),(-0.032, 0.000, 0.000),0.594,3.809,6.415,0.815,VALID,(-0.216, -0.273, 0.937),(0.032, 0.000, 0.000),0.631,4.022,6.373,0.763,0.5449389,0.4137337
336578,1000001937006980500,63875742727893,(-0.068, 1.431, 0.287),(-0.009, -0.058, 0.021, 0.998),VALID,(-0.128, -0.278, 0.952),(0.000, 0.000, 0.000),64.325,VALID,(-0.104, -0.279, 0.955),(-0.032, 0.000, 0.000),0.593,3.803,6.415,0.816,VALID,(-0.216, -0.274, 0.937),(0.032, 0.000, 0.000),0.637,4.058,6.373,0.763,0.5558719,0.369131
336579,1000001937012003100,63875742727905,(-0.068, 1.431, 0.287),(-0.009, -0.058, 0.022, 0.998),VALID,(-0.128, -0.278, 0.952),(0.000, 0.000, 0.000),64.325,VALID,(-0.104, -0.279, 0.955),(-0.032, 0.000, 0.000),0.598,3.838,6.415,0.816,VALID,(-0.216, -0.274, 0.937),(0.032, 0.000, 0.000),0.638,4.067,6.373,0.763,0.5590011,0.3852225
336580,1000001937017014900,63875742727905,(-0.068, 1.431, 0.287),(-0.009, -0.058, 0.022, 0.998),VALID,(-0.125, -0.278, 0.953),(0.000, 0.000, 0.000),64.325,VALID,(-0.102, -0.278, 0.955),(-0.032, 0.000, 0.000),0.604,3.878,6.415,0.817,VALID,(-0.216, -0.273, 0.937),(0.032, 0.000, 0.000),0.639,4.071,6.373,0.764,0.549923,0
336581,1000001937022037500,63875742727916,(-0.068, 1.431, 0.287),(-0.009, -0.058, 0.022, 0.998),VALID,(-0.117, -0.277, 0.954),(0.000, 0.000, 0.000),64.325,VALID,(-0.092, -0.278, 0.956),(-0.032, 0.000, 0.000),0.603,3.868,6.415,0.817,VALID,(-0.214, -0.272, 0.938),(0.032, 0.000, 0.000),0.640,4.076,6.373,0.764,0.5114011,0
336582,1000001937027049300,63875742727916,(-0.068, 1.431, 0.287),(-0.009, -0.058, 0.022, 0.998),VALID,(-0.120, -0.265, 0.957),(0.000, 0.000, 0.000),64.325,VALID,(-0.024, -0.266, 0.964),(-0.032, 0.000, 0.000),0.593,3.807,6.415,0.817,VALID,(-0.205, -0.261, 0.943),(0.032, 0.000, 0.000),0.651,4.148,6.373,0.764,0.3481752,0
336583,1000001937031988300,63875742727927,(-0.068, 1.431, 0.287),(-0.009, -0.058, 0.022, 0.998),VALID,(-0.119, -0.243, 0.963),(0.000, 0.000, 0.000),64.325,VALID,(0.054, -0.244, 0.968),(-0.032, 0.000, 0.000),0.579,3.714,6.415,0.817,VALID,(-0.185, -0.240, 0.953),(0.032, 0.000, 0.000),0.674,4.293,6.373,0.764,0.266078,0
336584,1000001937037007000,63875742727927,(-0.068, 1.431, 0.287),(-0.009, -0.058, 0.022, 0.998),VALID,(-0.100, -0.240, 0.965),(0.000, 0.000, 0.000),64.325,VALID,(0.062, -0.241, 0.968),(-0.032, 0.000, 0.000),0.570,3.657,6.415,0.815,VALID,(-0.160, -0.239, 0.958),(0.032, 0.000, 0.000),0.676,4.309,6.373,0.765,0.2868258,0
336585,1000001937042027800,63875742727927,(-0.068, 1.431, 0.287),(-0.009, -0.058, 0.022, 0.998),VALID,(-0.070, -0.242, 0.968),(0.000, 0.000, 0.000),64.325,VALID,(0.079, -0.242, 0.967),(-0.032, 0.000, 0.000),0.569,3.652,6.415,0.814,VALID,(-0.133, -0.240, 0.962),(0.032, 0.000, 0.000),0.658,4.195,6.373,0.766,0.3010599,0
336586,1000001937047045900,63875742727938,(-0.068, 1.431, 0.287),(-0.009, -0.058, 0.022, 0.998),VALID,(-0.069, -0.238, 0.969),(0.000, 0.000, 0.000),64.325,VALID,(0.098, -0.223, 0.970),(-0.032, 0.000, 0.000),0.570,3.655,6.415,0.812,VALID,(-0.110, -0.237, 0.965),(0.032, 0.000, 0.000),0.640,4.081,6.373,0.768,0.3049526,0
336587,1000001937052043400,63875742727938,(-0.068, 1.431, 0.287),(-0.009, -0.058, 0.022, 0.998),VALID,(-0.068, -0.237, 0.969),(0.000, 0.000, 0.000),64.325,VALID,(0.108, -0.208, 0.972),(-0.032, 0.000, 0.000),0.570,3.654,6.415,0.810,VALID,(-0.095, -0.236, 0.967),(0.032, 0.000, 0.000),0.635,4.044,6.373,0.770,0.3096082,0
336588,1000001937057074200,63875742727949,(-0.068, 1.432, 0.287),(-0.009, -0.058, 0.022, 0.998),VALID,(-0.064, -0.239, 0.969),(0.000, 0.000, 0.000),64.325,VALID,(0.126, -0.217, 0.968),(-0.032, 0.000, 0.000),0.569,3.651,6.415,0.808,VALID,(-0.084, -0.238, 0.968),(0.032, 0.000, 0.000),0.632,4.031,6.373,0.771,0.2996829,0
336589,1000001937062095000,63875742727949,(-0.068, 1.432, 0.287),(-0.009, -0.058, 0.022, 0.998),VALID,(-0.059, -0.243, 0.968),(0.000, 0.000, 0.000),64.325,VALID,(0.137, -0.226, 0.965),(-0.032, 0.000, 0.000),0.569,3.648,6.415,0.807,VALID,(-0.077, -0.243, 0.967),(0.032, 0.000, 0.000),0.630,4.017,6.373,0.774,0.2964146,0
336590,1000001937067118200,63875742727960,(-0.068, 1.431, 0.287),(-0.009, -0.058, 0.022, 0.998),VALID,(-0.056, -0.246, 0.968),(0.000, 0.000, 0.000),64.325,VALID,(0.145, -0.231, 0.962),(-0.032, 0.000, 0.000),0.569,3.649,6.415,0.806,VALID,(-0.072, -0.246, 0.967),(0.032, 0.000, 0.000),0.630,4.013,6.373,0.775,0.2924147,0
336591,1000001937072139000,63875742727960,(-0.068, 1.431, 0.287),(-0.009, -0.058, 0.022, 0.998),VALID,(-0.054, -0.248, 0.967),(0.000, 0.000, 0.000),64.325,VALID,(0.150, -0.234, 0.961),(-0.032, 0.000, 0.000),0.567,3.636,6.415,0.805,VALID,(-0.069, -0.248, 0.966),(0.032, 0.000, 0.000),0.629,4.010,6.373,0.775,0.289222,0
336592,1000001937077159800,63875742727971,(-0.068, 1.432, 0.287),(-0.009, -0.058, 0.022, 0.998),VALID,(-0.051, -0.249, 0.967),(0.000, 0.000, 0.000),64.325,VALID,(0.153, -0.236, 0.960),(-0.032, 0.000, 0.000),0.573,3.678,6.415,0.805,VALID,(-0.068, -0.249, 0.966),(0.032, 0.000, 0.000),0.629,4.009,6.373,0.776,0.2871842,0
336593,1000001937082169400,63875742727971,(-0.068, 1.432, 0.287),(-0.009, -0.058, 0.022, 0.998),VALID,(-0.048, -0.251, 0.967),(0.000, 0.000, 0.000),64.325,VALID,(0.152, -0.237, 0.959),(-0.032, 0.000, 0.000),0.573,3.678,6.415,0.804,VALID,(-0.067, -0.250, 0.966),(0.032, 0.000, 0.000),0.629,4.007,6.373,0.776,0.2890435,0
336594,1000001937087190200,63875742727971,(-0.068, 1.432, 0.287),(-0.009, -0.058, 0.022, 0.998),VALID,(-0.044, -0.251, 0.967),(0.000, 0.000, 0.000),64.325,VALID,(0.151, -0.239, 0.959),(-0.032, 0.000, 0.000),0.571,3.662,6.415,0.804,VALID,(-0.067, -0.251, 0.966),(0.032, 0.000, 0.000),0.629,4.005,6.373,0.777,0.2916227,0
336595,1000001937092208300,63875742727982,(-0.068, 1.431, 0.287),(-0.009, -0.058, 0.022, 0.998),VALID,(-0.039, -0.251, 0.967),(0.000, 0.000, 0.000),64.325,VALID,(0.151, -0.240, 0.959),(-0.032, 0.000, 0.000),0.572,3.668,6.415,0.804,VALID,(-0.065, -0.251, 0.966),(0.032, 0.000, 0.000),0.628,4.002,6.373,0.778,0.2938579,0
336596,1000001937097144900,63875742727982,(-0.068, 1.431, 0.287),(-0.009, -0.058, 0.022, 0.998),VALID,(0.000, -0.251, 0.968),(0.000, 0.000, 0.000),64.325,VALID,(0.147, -0.241, 0.959),(-0.032, 0.000, 0.000),0.585,3.755,6.415,0.804,VALID,(-0.065, -0.251, 0.966),(0.032, 0.000, 0.000),0.627,3.993,6.373,0.779,0.3000009,0
336597,1000001937102163000,63875742727993,(-0.068, 1.431, 0.287),(-0.009, -0.058, 0.022, 0.998),VALID,(0.030, -0.251, 0.968),(0.000, 0.000, 0.000),64.325,VALID,(0.143, -0.240, 0.960),(-0.032, 0.000, 0.000),0.598,3.834,6.415,0.803,VALID,(-0.064, -0.250, 0.966),(0.032, 0.000, 0.000),0.626,3.989,6.373,0.780,0.3069052,0
336598,1000001937107181100,63875742727993,(-0.068, 1.431, 0.287),(-0.009, -0.058, 0.022, 0.998),VALID,(0.052, -0.249, 0.967),(0.000, 0.000, 0.000),64.325,VALID,(0.140, -0.240, 0.961),(-0.032, 0.000, 0.000),0.601,3.857,6.415,0.803,VALID,(-0.064, -0.249, 0.966),(0.032, 0.000, 0.000),0.626,3.989,6.373,0.781,0.3113322,0
336599,1000001937112210500,63875742728005,(-0.068, 1.431, 0.287),(-0.009, -0.058, 0.022, 0.998),VALID,(0.065, -0.249, 0.966),(0.000, 0.000, 0.000),64.325,VALID,(0.138, -0.240, 0.961),(-0.032, 0.000, 0.000),0.597,3.828,6.415,0.803,VALID,(-0.064, -0.249, 0.966),(0.032, 0.000, 0.000),0.626,3.989,6.373,0.782,0.3142857,0
336600,1000001937117218000,63875742728005,(-0.068, 1.431, 0.287),(-0.009, -0.058, 0.022, 0.998),VALID,(0.038, -0.249, 0.968),(0.000, 0.000, 0.000),64.325,VALID,(0.141, -0.240, 0.961),(-0.032, 0.000, 0.000),0.595,3.815,6.415,0.803,VALID,(-0.062, -0.248, 0.967),(0.032, 0.000, 0.000),0.627,3.996,6.373,0.783,0.3144399,0
336601,1000001937122236100,63875742728016,(-0.068, 1.431, 0.287),(-0.009, -0.058, 0.022, 0.998),VALID,(0.022, -0.249, 0.968),(0.000, 0.000, 0.000),64.325,VALID,(0.144, -0.241, 0.960),(-0.032, 0.000, 0.000),0.595,3.815,6.415,0.803,VALID,(-0.061, -0.249, 0.967),(0.032, 0.000, 0.000),0.628,4.004,6.373,0.784,0.3102645,0
336602,1000001937127243600,63875742728016,(-0.068, 1.431, 0.287),(-0.009, -0.058, 0.022, 0.998),VALID,(0.011, -0.250, 0.968),(0.000, 0.000, 0.000),64.325,VALID,(0.149, -0.242, 0.959),(-0.032, 0.000, 0.000),0.596,3.824,6.415,0.803,VALID,(-0.061, -0.249, 0.967),(0.032, 0.000, 0.000),0.629,4.006,6.373,0.785,0.3035172,0
336603,1000001937132253700,63875742728027,(-0.068, 1.431, 0.287),(-0.009, -0.058, 0.022, 0.998),VALID,(0.006, -0.250, 0.968),(0.000, 0.000, 0.000),64.325,VALID,(0.150, -0.243, 0.959),(-0.032, 0.000, 0.000),0.593,3.807,6.415,0.803,VALID,(-0.061, -0.249, 0.966),(0.032, 0.000, 0.000),0.629,4.008,6.373,0.786,0.3019812,0
336604,1000001937137261200,63875742728027,(-0.068, 1.431, 0.287),(-0.009, -0.058, 0.022, 0.998),VALID,(0.003, -0.250, 0.968),(0.000, 0.000, 0.000),64.325,VALID,(0.148, -0.243, 0.959),(-0.032, 0.000, 0.000),0.588,3.770,6.415,0.803,VALID,(-0.061, -0.249, 0.966),(0.032, 0.000, 0.000),0.629,4.009,6.373,0.787,0.3040609,0
336605,1000001937142274500,63875742728027,(-0.068, 1.431, 0.287),(-0.009, -0.058, 0.022, 0.998),VALID,(0.003, -0.249, 0.968),(0.000, 0.000, 0.000),64.325,VALID,(0.145, -0.242, 0.959),(-0.032, 0.000, 0.000),0.589,3.778,6.415,0.803,VALID,(-0.062, -0.249, 0.967),(0.032, 0.000, 0.000),0.629,4.011,6.373,0.788,0.3083178,0
336606,1000001937147282000,63875742728039,(-0.068, 1.431, 0.288),(-0.009, -0.058, 0.021, 0.998),VALID,(0.002, -0.248, 0.969),(0.000, 0.000, 0.000),64.325,VALID,(0.144, -0.242, 0.960),(-0.032, 0.000, 0.000),0.595,3.819,6.415,0.803,VALID,(-0.061, -0.248, 0.967),(0.032, 0.000, 0.000),0.630,4.015,6.373,0.789,0.3105543,0
336607,1000001937152271200,63875742728039,(-0.068, 1.431, 0.288),(-0.009, -0.058, 0.021, 0.998),VALID,(0.001, -0.247, 0.969),(0.000, 0.000, 0.000),64.325,VALID,(0.142, -0.242, 0.960),(-0.032, 0.000, 0.000),0.595,3.818,6.415,0.803,VALID,(-0.061, -0.247, 0.967),(0.032, 0.000, 0.000),0.631,4.019,6.373,0.790,0.3132566,0
336608,1000001937157289900,63875742728051,(-0.068, 1.431, 0.287),(-0.009, -0.058, 0.021, 0.998),VALID,(0.001, -0.246, 0.969),(0.000, 0.000, 0.000),64.325,VALID,(0.141, -0.241, 0.960),(-0.032, 0.000, 0.000),0.595,3.818,6.415,0.804,VALID,(-0.061, -0.246, 0.967),(0.032, 0.000, 0.000),0.631,4.021,6.373,0.790,0.3150629,0
336609,1000001937162297400,63875742728051,(-0.068, 1.431, 0.287),(-0.009, -0.058, 0.021, 0.998),VALID,(0.000, -0.246, 0.969),(0.000, 0.000, 0.000),64.325,VALID,(0.140, -0.241, 0.960),(-0.032, 0.000, 0.000),0.591,3.794,6.415,0.804,VALID,(-0.061, -0.245, 0.968),(0.032, 0.000, 0.000),0.631,4.021,6.373,0.791,0.3171555,0
336610,1000001937167320000,63875742728060,(-0.067, 1.431, 0.288),(-0.009, -0.058, 0.021, 0.998),VALID,(-0.001, -0.245, 0.970),(0.000, 0.000, 0.000),64.325,VALID,(0.140, -0.241, 0.960),(-0.032, 0.000, 0.000),0.592,3.795,6.415,0.804,VALID,(-0.061, -0.244, 0.968),(0.032, 0.000, 0.000),0.631,4.023,6.373,0.792,0.317458,0
336611,1000001937172327500,63875742728060,(-0.067, 1.431, 0.288),(-0.009, -0.058, 0.021, 0.998),VALID,(-0.002, -0.244, 0.970),(0.000, 0.000, 0.000),64.325,VALID,(0.140, -0.241, 0.960),(-0.032, 0.000, 0.000),0.592,3.795,6.415,0.804,VALID,(-0.061, -0.244, 0.968),(0.032, 0.000, 0.000),0.632,4.025,6.373,0.793,0.3177276,0
336612,1000001937177335000,63875742728071,(-0.067, 1.431, 0.288),(-0.009, -0.058, 0.021, 0.998),VALID,(-0.003, -0.243, 0.970),(0.000, 0.000, 0.000),64.325,VALID,(0.139, -0.240, 0.961),(-0.032, 0.000, 0.000),0.591,3.794,6.415,0.804,VALID,(-0.061, -0.242, 0.968),(0.032, 0.000, 0.000),0.632,4.027,6.373,0.794,0.3179433,0
336613,1000001937182333200,63875742728072,(-0.067, 1.431, 0.288),(-0.009, -0.058, 0.021, 0.998),VALID,(-0.003, -0.241, 0.970),(0.000, 0.000, 0.000),64.325,VALID,(0.139, -0.239, 0.961),(-0.032, 0.000, 0.000),0.594,3.811,6.415,0.804,VALID,(-0.062, -0.241, 0.969),(0.032, 0.000, 0.000),0.632,4.029,6.373,0.795,0.3185092,0
336614,1000001937187340700,63875742728082,(-0.067, 1.431, 0.288),(-0.009, -0.057, 0.022, 0.998),VALID,(-0.004, -0.239, 0.971),(0.000, 0.000, 0.000),64.325,VALID,(0.138, -0.238, 0.961),(-0.032, 0.000, 0.000),0.595,3.820,6.415,0.804,VALID,(-0.062, -0.239, 0.969),(0.032, 0.000, 0.000),0.632,4.029,6.373,0.795,0.318916,0
336615,1000001937192373100,63875742728082,(-0.067, 1.431, 0.288),(-0.009, -0.057, 0.022, 0.998),VALID,(-0.004, -0.239, 0.971),(0.000, 0.000, 0.000),64.325,VALID,(0.138, -0.238, 0.962),(-0.032, 0.000, 0.000),0.597,3.831,6.415,0.804,VALID,(-0.062, -0.238, 0.969),(0.032, 0.000, 0.000),0.632,4.030,6.373,0.796,0.3184073,0
336616,1000001937197380600,63875742728082,(-0.067, 1.431, 0.288),(-0.009, -0.057, 0.022, 0.998),VALID,(-0.005, -0.238, 0.971),(0.000, 0.000, 0.000),64.325,VALID,(0.139, -0.237, 0.962),(-0.032, 0.000, 0.000),0.599,3.842,6.415,0.804,VALID,(-0.062, -0.238, 0.969),(0.032, 0.000, 0.000),0.633,4.031,6.373,0.796,0.3172114,0
336617,1000001937202445000,63875742728093,(-0.068, 1.431, 0.288),(-0.009, -0.057, 0.022, 0.998),VALID,(-0.006, -0.239, 0.971),(0.000, 0.000, 0.000),64.325,VALID,(0.139, -0.237, 0.961),(-0.032, 0.000, 0.000),0.600,3.852,6.415,0.804,VALID,(-0.063, -0.238, 0.969),(0.032, 0.000, 0.000),0.633,4.031,6.373,0.797,0.3158869,0
336618,1000001937207439400,63875742728094,(-0.068, 1.431, 0.288),(-0.009, -0.057, 0.022, 0.998),VALID,(-0.007, -0.239, 0.971),(0.000, 0.000, 0.000),64.325,VALID,(0.139, -0.237, 0.961),(-0.032, 0.000, 0.000),0.600,3.851,6.415,0.805,VALID,(-0.063, -0.238, 0.969),(0.032, 0.000, 0.000),0.633,4.032,6.373,0.797,0.3148153,0
336619,1000001937212446900,63875742728105,(-0.067, 1.431, 0.288),(-0.009, -0.057, 0.022, 0.998),VALID,(-0.008, -0.239, 0.971),(0.000, 0.000, 0.000),64.325,VALID,(0.140, -0.237, 0.961),(-0.032, 0.000, 0.000),0.598,3.835,6.415,0.805,VALID,(-0.063, -0.238, 0.969),(0.032, 0.000, 0.000),0.633,4.033,6.373,0.798,0.3136742,0
336620,1000001937217454400,63875742728105,(-0.067, 1.431, 0.288),(-0.009, -0.057, 0.022, 0.998),VALID,(-0.007, -0.239, 0.971),(0.000, 0.000, 0.000),64.325,VALID,(0.140, -0.237, 0.961),(-0.032, 0.000, 0.000),0.596,3.826,6.415,0.805,VALID,(-0.064, -0.238, 0.969),(0.032, 0.000, 0.000),0.633,4.034,6.373,0.798,0.3135312,0
336621,1000001937222478400,63875742728115,(-0.068, 1.431, 0.288),(-0.009, -0.057, 0.022, 0.998),VALID,(-0.008, -0.239, 0.971),(0.000, 0.000, 0.000),64.325,VALID,(0.140, -0.237, 0.961),(-0.032, 0.000, 0.000),0.596,3.826,6.415,0.805,VALID,(-0.064, -0.238, 0.969),(0.032, 0.000, 0.000),0.633,4.035,6.373,0.799,0.3135976,0
336622,1000001937227477000,63875742728115,(-0.068, 1.431, 0.288),(-0.009, -0.057, 0.022, 0.998),VALID,(-0.008, -0.238, 0.971),(0.000, 0.000, 0.000),64.325,VALID,(0.139, -0.237, 0.962),(-0.032, 0.000, 0.000),0.597,3.827,6.415,0.805,VALID,(-0.063, -0.238, 0.969),(0.032, 0.000, 0.000),0.633,4.035,6.373,0.799,0.3147674,0
336623,1000001937232490300,63875742728128,(-0.068, 1.431, 0.288),(-0.008, -0.057, 0.022, 0.998),VALID,(-0.007, -0.237, 0.972),(0.000, 0.000, 0.000),64.325,VALID,(0.139, -0.235, 0.962),(-0.032, 0.000, 0.000),0.604,3.873,6.415,0.805,VALID,(-0.063, -0.236, 0.970),(0.032, 0.000, 0.000),0.633,4.035,6.373,0.799,0.3154686,0
336624,1000001937237488900,63875742728128,(-0.068, 1.431, 0.288),(-0.008, -0.057, 0.022, 0.998),VALID,(-0.007, -0.235, 0.972),(0.000, 0.000, 0.000),64.325,VALID,(0.139, -0.234, 0.962),(-0.032, 0.000, 0.000),0.606,3.890,6.415,0.805,VALID,(-0.063, -0.235, 0.970),(0.032, 0.000, 0.000),0.633,4.035,6.373,0.800,0.3159812,0
336625,1000001937242564700,63875742728138,(-0.068, 1.431, 0.288),(-0.008, -0.057, 0.022, 0.998),VALID,(-0.006, -0.234, 0.972),(0.000, 0.000, 0.000),64.325,VALID,(0.138, -0.233, 0.963),(-0.032, 0.000, 0.000),0.607,3.896,6.415,0.805,VALID,(-0.063, -0.233, 0.970),(0.032, 0.000, 0.000),0.633,4.035,6.373,0.800,0.3168767,0
336626,1000001937247563300,63875742728138,(-0.068, 1.431, 0.288),(-0.008, -0.057, 0.022, 0.998),VALID,(0.006, -0.234, 0.972),(0.000, 0.000, 0.000),64.325,VALID,(0.138, -0.232, 0.963),(-0.032, 0.000, 0.000),0.609,3.905,6.415,0.805,VALID,(-0.063, -0.233, 0.970),(0.032, 0.000, 0.000),0.633,4.035,6.373,0.801,0.3168505,0
336627,1000001937252576600,63875742728149,(-0.068, 1.431, 0.288),(-0.008, -0.057, 0.022, 0.998),VALID,(0.004, -0.233, 0.972),(0.000, 0.000, 0.000),64.325,VALID,(0.138, -0.232, 0.963),(-0.032, 0.000, 0.000),0.609,3.907,6.415,0.805,VALID,(-0.063, -0.233, 0.971),(0.032, 0.000, 0.000),0.633,4.034,6.373,0.801,0.3168245,0
336628,1000001937257595300,63875742728150,(-0.068, 1.431, 0.288),(-0.008, -0.057, 0.022, 0.998),VALID,(0.004, -0.231, 0.973),(0.000, 0.000, 0.000),64.325,VALID,(0.137, -0.230, 0.963),(-0.032, 0.000, 0.000),0.610,3.910,6.415,0.805,VALID,(-0.063, -0.231, 0.971),(0.032, 0.000, 0.000),0.634,4.039,6.373,0.801,0.3182301,0
336629,1000001937262614000,63875742728150,(-0.068, 1.431, 0.288),(-0.008, -0.057, 0.022, 0.998),VALID,(0.003, -0.230, 0.973),(0.000, 0.000, 0.000),64.325,VALID,(0.137, -0.228, 0.964),(-0.032, 0.000, 0.000),0.613,3.936,6.415,0.805,VALID,(-0.063, -0.229, 0.971),(0.032, 0.000, 0.000),0.634,4.040,6.373,0.801,0.3199409,0
336630,1000001937267585700,63875742728160,(-0.068, 1.431, 0.288),(-0.008, -0.057, 0.022, 0.998),VALID,(0.003, -0.228, 0.974),(0.000, 0.000, 0.000),64.325,VALID,(0.135, -0.226, 0.965),(-0.032, 0.000, 0.000),0.615,3.943,6.415,0.805,VALID,(-0.062, -0.227, 0.972),(0.032, 0.000, 0.000),0.634,4.041,6.373,0.802,0.3225614,0
336631,1000001937272604400,63875742728160,(-0.068, 1.431, 0.288),(-0.008, -0.057, 0.022, 0.998),VALID,(0.003, -0.226, 0.974),(0.000, 0.000, 0.000),64.325,VALID,(0.134, -0.225, 0.965),(-0.032, 0.000, 0.000),0.614,3.941,6.415,0.805,VALID,(-0.062, -0.226, 0.972),(0.032, 0.000, 0.000),0.635,4.044,6.373,0.802,0.3256827,0
336632,1000001937277638200,63875742728171,(-0.068, 1.431, 0.288),(-0.008, -0.057, 0.022, 0.998),VALID,(0.003, -0.225, 0.974),(0.000, 0.000, 0.000),64.325,VALID,(0.132, -0.223, 0.966),(-0.032, 0.000, 0.000),0.612,3.925,6.415,0.805,VALID,(-0.062, -0.224, 0.973),(0.032, 0.000, 0.000),0.635,4.045,6.373,0.802,0.3289953,0
336633,1000001937282636800,63875742728171,(-0.068, 1.431, 0.288),(-0.008, -0.057, 0.022, 0.998),VALID,(0.003, -0.224, 0.975),(0.000, 0.000, 0.000),64.325,VALID,(0.131, -0.222, 0.966),(-0.032, 0.000, 0.000),0.611,3.917,6.415,0.805,VALID,(-0.061, -0.223, 0.973),(0.032, 0.000, 0.000),0.635,4.045,6.373,0.802,0.3323765,0
336634,1000001937287658500,63875742728183,(-0.068, 1.431, 0.287),(-0.008, -0.057, 0.022, 0.998),VALID,(0.003, -0.223, 0.975),(0.000, 0.000, 0.000),64.325,VALID,(0.130, -0.222, 0.967),(-0.032, 0.000, 0.000),0.610,3.912,6.415,0.805,VALID,(-0.061, -0.223, 0.973),(0.032, 0.000, 0.000),0.635,4.045,6.373,0.802,0.3350228,0
336635,1000001937292657100,63875742728183,(-0.068, 1.431, 0.287),(-0.008, -0.057, 0.022, 0.998),VALID,(0.002, -0.225, 0.974),(0.000, 0.000, 0.000),64.325,VALID,(0.130, -0.224, 0.966),(-0.032, 0.000, 0.000),0.584,3.747,6.415,0.805,VALID,(-0.061, -0.225, 0.972),(0.032, 0.000, 0.000),0.635,4.045,6.373,0.802,0.3355947,0
336636,1000001937297686300,63875742728183,(-0.068, 1.431, 0.287),(-0.008, -0.057, 0.022, 0.998),VALID,(0.000, -0.227, 0.974),(0.000, 0.000, 0.000),64.325,VALID,(0.130, -0.225, 0.966),(-0.032, 0.000, 0.000),0.579,3.713,6.415,0.805,VALID,(-0.060, -0.227, 0.972),(0.032, 0.000, 0.000),0.635,4.045,6.373,0.802,0.3354127,0
336637,1000001937302684900,63875742728194,(-0.068, 1.431, 0.287),(-0.008, -0.057, 0.022, 0.998),VALID,(-0.004, -0.228, 0.974),(0.000, 0.000, 0.000),64.325,VALID,(0.132, -0.227, 0.965),(-0.032, 0.000, 0.000),0.594,3.809,6.415,0.805,VALID,(-0.060, -0.228, 0.972),(0.032, 0.000, 0.000),0.635,4.045,6.373,0.803,0.3326392,0
336638,1000001937307663000,63875742728194,(-0.068, 1.431, 0.287),(-0.008, -0.057, 0.022, 0.998),VALID,(-0.006, -0.229, 0.973),(0.000, 0.000, 0.000),64.325,VALID,(0.132, -0.227, 0.965),(-0.032, 0.000, 0.000),0.590,3.782,6.415,0.805,VALID,(-0.060, -0.229, 0.972),(0.032, 0.000, 0.000),0.634,4.042,6.373,0.803,0.3329186,0
336639,1000001937312667800,63875742728205,(-0.069, 1.432, 0.287),(-0.007, -0.057, 0.022, 0.998),VALID,(-0.008, -0.230, 0.973),(0.000, 0.000, 0.000),64.325,VALID,(0.132, -0.228, 0.965),(-0.032, 0.000, 0.000),0.590,3.782,6.415,0.805,VALID,(-0.059, -0.230, 0.971),(0.032, 0.000, 0.000),0.633,4.035,6.373,0.803,0.3328382,0
336640,1000001937317701000,63875742728205,(-0.069, 1.432, 0.287),(-0.007, -0.057, 0.022, 0.998),VALID,(-0.005, -0.233, 0.973),(0.000, 0.000, 0.000),64.325,VALID,(0.133, -0.231, 0.964),(-0.032, 0.000, 0.000),0.590,3.787,6.415,0.805,VALID,(-0.059, -0.232, 0.971),(0.032, 0.000, 0.000),0.631,4.022,6.373,0.803,0.332612,0
336641,1000001937322723300,63875742728216,(-0.069, 1.432, 0.287),(-0.007, -0.057, 0.022, 0.998),VALID,(0.003, -0.235, 0.972),(0.000, 0.000, 0.000),64.325,VALID,(0.133, -0.233, 0.963),(-0.032, 0.000, 0.000),0.594,3.811,6.415,0.805,VALID,(-0.059, -0.235, 0.970),(0.032, 0.000, 0.000),0.630,4.017,6.373,0.803,0.3319781,0
336642,1000001937327739900,63875742728217,(-0.069, 1.432, 0.287),(-0.007, -0.057, 0.022, 0.998),VALID,(0.012, -0.238, 0.971),(0.000, 0.000, 0.000),64.325,VALID,(0.135, -0.236, 0.962),(-0.032, 0.000, 0.000),0.595,3.816,6.415,0.805,VALID,(-0.059, -0.237, 0.970),(0.032, 0.000, 0.000),0.629,4.012,6.373,0.803,0.3299171,0
336643,1000001937332758900,63875742728228,(-0.070, 1.432, 0.286),(-0.007, -0.057, 0.022, 0.998),VALID,(0.021, -0.240, 0.970),(0.000, 0.000, 0.000),64.325,VALID,(0.137, -0.238, 0.962),(-0.032, 0.000, 0.000),0.595,3.819,6.415,0.805,VALID,(-0.058, -0.240, 0.969),(0.032, 0.000, 0.000),0.629,4.006,6.373,0.803,0.3267479,0
336644,1000001937337775500,63875742728228,(-0.070, 1.432, 0.286),(-0.007, -0.057, 0.022, 0.998),VALID,(0.031, -0.243, 0.969),(0.000, 0.000, 0.000),64.325,VALID,(0.139, -0.241, 0.960),(-0.032, 0.000, 0.000),0.596,3.821,6.415,0.805,VALID,(-0.059, -0.243, 0.968),(0.032, 0.000, 0.000),0.628,4.001,6.373,0.803,0.3222878,0
336645,1000001937342794500,63875742728228,(-0.070, 1.432, 0.286),(-0.007, -0.057, 0.022, 0.998),VALID,(0.039, -0.246, 0.969),(0.000, 0.000, 0.000),64.325,VALID,(0.142, -0.243, 0.959),(-0.032, 0.000, 0.000),0.596,3.824,6.415,0.805,VALID,(-0.059, -0.246, 0.968),(0.032, 0.000, 0.000),0.628,4.000,6.373,0.803,0.3175885,0
336646,1000001937347811100,63875742728239,(-0.070, 1.432, 0.286),(-0.007, -0.057, 0.022, 0.998),VALID,(0.049, -0.247, 0.968),(0.000, 0.000, 0.000),64.325,VALID,(0.143, -0.245, 0.959),(-0.032, 0.000, 0.000),0.593,3.806,6.415,0.805,VALID,(-0.059, -0.247, 0.967),(0.032, 0.000, 0.000),0.628,3.999,6.373,0.803,0.3159378,0
336647,1000001937352830100,63875742728239,(-0.070, 1.432, 0.286),(-0.007, -0.057, 0.022, 0.998),VALID,(0.053, -0.248, 0.967),(0.000, 0.000, 0.000),64.325,VALID,(0.144, -0.246, 0.958),(-0.032, 0.000, 0.000),0.592,3.798,6.415,0.805,VALID,(-0.059, -0.248, 0.967),(0.032, 0.000, 0.000),0.629,4.006,6.373,0.803,0.3143939,0
336648,1000001937357846700,63875742728250,(-0.071, 1.432, 0.286),(-0.007, -0.058, 0.021, 0.998),VALID,(0.056, -0.249, 0.967),(0.000, 0.000, 0.000),64.325,VALID,(0.143, -0.246, 0.958),(-0.032, 0.000, 0.000),0.586,3.761,6.415,0.805,VALID,(-0.059, -0.249, 0.967),(0.032, 0.000, 0.000),0.629,4.011,6.373,0.803,0.3150165,0
336649,1000001937362798700,63875742728250,(-0.071, 1.432, 0.286),(-0.007, -0.058, 0.021, 0.998),VALID,(0.060, -0.249, 0.967),(0.000, 0.000, 0.000),64.325,VALID,(0.143, -0.246, 0.959),(-0.032, 0.000, 0.000),0.584,3.745,6.415,0.805,VALID,(-0.059, -0.249, 0.967),(0.032, 0.000, 0.000),0.630,4.013,6.373,0.803,0.3156638,0
336650,1000001937367815300,63875742728261,(-0.071, 1.432, 0.286),(-0.007, -0.058, 0.021, 0.998),VALID,(0.064, -0.249, 0.966),(0.000, 0.000, 0.000),64.325,VALID,(0.143, -0.247, 0.958),(-0.032, 0.000, 0.000),0.585,3.755,6.415,0.804,VALID,(-0.059, -0.249, 0.967),(0.032, 0.000, 0.000),0.630,4.015,6.373,0.803,0.3152729,0
336651,1000001937372834300,63875742728261,(-0.071, 1.432, 0.286),(-0.007, -0.058, 0.021, 0.998),VALID,(0.066, -0.249, 0.966),(0.000, 0.000, 0.000),64.325,VALID,(0.142, -0.247, 0.959),(-0.032, 0.000, 0.000),0.589,3.778,6.415,0.804,VALID,(-0.059, -0.249, 0.967),(0.032, 0.000, 0.000),0.626,3.987,6.373,0.803,0.3171926,0
336652,1000001937377850900,63875742728272,(-0.071, 1.432, 0.286),(-0.007, -0.058, 0.021, 0.998),VALID,(0.051, -0.247, 0.968),(0.000, 0.000, 0.000),64.325,VALID,(0.141, -0.245, 0.959),(-0.032, 0.000, 0.000),0.589,3.779,6.415,0.804,VALID,(-0.059, -0.247, 0.967),(0.032, 0.000, 0.000),0.626,3.988,6.373,0.803,0.3187973,0
336653,1000001937382840000,63875742728283,(-0.071, 1.432, 0.286),(-0.007, -0.058, 0.021, 0.998),VALID,(0.048, -0.245, 0.968),(0.000, 0.000, 0.000),64.325,VALID,(0.109, -0.244, 0.964),(-0.032, 0.000, 0.000),0.589,3.778,6.415,0.803,VALID,(-0.058, -0.245, 0.968),(0.032, 0.000, 0.000),0.645,4.112,6.373,0.804,0.3821955,0
336654,1000001937387856600,63875742728283,(-0.071, 1.432, 0.286),(-0.007, -0.058, 0.021, 0.998),VALID,(0.041, -0.242, 0.969),(0.000, 0.000, 0.000),64.325,VALID,(0.117, -0.240, 0.964),(-0.032, 0.000, 0.000),0.591,3.794,6.415,0.802,VALID,(-0.054, -0.242, 0.969),(0.032, 0.000, 0.000),0.664,4.230,6.373,0.804,0.3730249,0
336655,1000001937392873200,63875742728283,(-0.071, 1.432, 0.286),(-0.007, -0.058, 0.021, 0.998),VALID,(0.037, -0.236, 0.971),(0.000, 0.000, 0.000),64.325,VALID,(0.125, -0.222, 0.967),(-0.032, 0.000, 0.000),0.622,3.990,6.415,0.801,VALID,(-0.045, -0.236, 0.971),(0.032, 0.000, 0.000),0.669,4.261,6.373,0.805,0.3730492,0
336656,1000001937397905400,63875742728283,(-0.071, 1.432, 0.286),(-0.007, -0.058, 0.021, 0.998),VALID,(0.039, -0.235, 0.971),(0.000, 0.000, 0.000),64.325,VALID,(0.121, -0.222, 0.967),(-0.032, 0.000, 0.000),0.573,3.675,6.415,0.799,VALID,(-0.020, -0.235, 0.972),(0.032, 0.000, 0.000),0.666,4.247,6.373,0.805,0.4487068,0
336657,1000001937402910200,63875742728295,(-0.071, 1.433, 0.285),(-0.007, -0.058, 0.021, 0.998),VALID,(0.042, -0.232, 0.972),(0.000, 0.000, 0.000),64.325,VALID,(0.128, -0.210, 0.969),(-0.032, 0.000, 0.000),0.572,3.671,6.415,0.797,VALID,(0.018, -0.232, 0.972),(0.032, 0.000, 0.000),0.671,4.275,6.373,0.806,0.5576917,0
336658,1000001937407926800,63875742728295,(-0.071, 1.433, 0.285),(-0.007, -0.058, 0.021, 0.998),VALID,(0.048, -0.226, 0.973),(0.000, 0.000, 0.000),64.325,VALID,(0.135, -0.207, 0.969),(-0.032, 0.000, 0.000),0.582,3.734,6.415,0.791,VALID,(0.045, -0.226, 0.973),(0.032, 0.000, 0.000),0.673,4.287,6.373,0.805,0.6852926,0
336659,1000001937412931600,63875742728305,(-0.071, 1.433, 0.285),(-0.007, -0.057, 0.021, 0.998),VALID,(0.057, -0.221, 0.974),(0.000, 0.000, 0.000),64.325,VALID,(0.168, -0.188, 0.968),(-0.032, 0.000, 0.000),0.612,3.927,6.415,0.784,VALID,(0.069, -0.221, 0.973),(0.032, 0.000, 0.000),0.670,4.271,6.373,0.805,0.5767829,0
336660,1000001937417948200,63875742728305,(-0.071, 1.433, 0.285),(-0.007, -0.057, 0.021, 0.998),VALID,(0.064, -0.216, 0.974),(0.000, 0.000, 0.000),64.325,VALID,(0.200, -0.173, 0.964),(-0.032, 0.000, 0.000),0.611,3.921,6.415,0.778,VALID,(0.078, -0.216, 0.973),(0.032, 0.000, 0.000),0.669,4.264,6.373,0.804,0.4653771,0
336661,1000001937422957700,63875742728316,(-0.072, 1.433, 0.285),(-0.007, -0.057, 0.021, 0.998),VALID,(0.076, -0.213, 0.974),(0.000, 0.000, 0.000),64.325,VALID,(0.225, -0.162, 0.961),(-0.032, 0.000, 0.000),0.611,3.920,6.415,0.772,VALID,(0.092, -0.213, 0.973),(0.032, 0.000, 0.000),0.666,4.246,6.373,0.803,0.4182657,0
336662,1000001937427974300,63875742728316,(-0.072, 1.433, 0.285),(-0.007, -0.057, 0.021, 0.998),VALID,(0.086, -0.211, 0.974),(0.000, 0.000, 0.000),64.325,VALID,(0.242, -0.154, 0.958),(-0.032, 0.000, 0.000),0.610,3.912,6.415,0.767,VALID,(0.103, -0.211, 0.972),(0.032, 0.000, 0.000),0.664,4.233,6.373,0.803,0.3911594,0
336663,1000001937432990900,63875742728328,(-0.072, 1.433, 0.285),(-0.007, -0.057, 0.021, 0.998),VALID,(0.095, -0.210, 0.973),(0.000, 0.000, 0.000),64.325,VALID,(0.253, -0.149, 0.956),(-0.032, 0.000, 0.000),0.605,3.884,6.415,0.763,VALID,(0.109, -0.210, 0.972),(0.032, 0.000, 0.000),0.663,4.227,6.373,0.802,0.3752761,0
336664,1000001937438007500,63875742728328,(-0.072, 1.433, 0.285),(-0.007, -0.057, 0.021, 0.998),VALID,(0.103, -0.209, 0.972),(0.000, 0.000, 0.000),64.325,VALID,(0.260, -0.146, 0.955),(-0.032, 0.000, 0.000),0.604,3.877,6.415,0.761,VALID,(0.114, -0.209, 0.971),(0.032, 0.000, 0.000),0.663,4.226,6.373,0.802,0.3662753,0
336665,1000001937443057200,63875742728339,(-0.072, 1.433, 0.285),(-0.007, -0.057, 0.021, 0.998),VALID,(0.108, -0.208, 0.972),(0.000, 0.000, 0.000),64.325,VALID,(0.264, -0.143, 0.954),(-0.032, 0.000, 0.000),0.604,3.878,6.415,0.758,VALID,(0.118, -0.208, 0.971),(0.032, 0.000, 0.000),0.663,4.226,6.373,0.802,0.3608349,0
336666,1000001937448066600,63875742728339,(-0.072, 1.433, 0.285),(-0.007, -0.057, 0.021, 0.998),VALID,(0.113, -0.207, 0.972),(0.000, 0.000, 0.000),64.325,VALID,(0.267, -0.140, 0.954),(-0.032, 0.000, 0.000),0.605,3.884,6.415,0.757,VALID,(0.120, -0.207, 0.971),(0.032, 0.000, 0.000),0.663,4.227,6.373,0.802,0.3567861,0
336667,1000001937453089500,63875742728339,(-0.072, 1.433, 0.285),(-0.007, -0.057, 0.021, 0.998),VALID,(0.111, -0.205, 0.972),(0.000, 0.000, 0.000),64.325,VALID,(0.268, -0.136, 0.954),(-0.032, 0.000, 0.000),0.612,3.927,6.415,0.756,VALID,(0.116, -0.205, 0.972),(0.032, 0.000, 0.000),0.663,4.227,6.373,0.802,0.3454398,0
336668,1000001937458098900,63875742728350,(-0.072, 1.433, 0.285),(-0.007, -0.057, 0.020, 0.998),VALID,(0.111, -0.203, 0.973),(0.000, 0.000, 0.000),64.325,VALID,(0.270, -0.134, 0.954),(-0.032, 0.000, 0.000),0.615,3.946,6.415,0.755,VALID,(0.114, -0.203, 0.973),(0.032, 0.000, 0.000),0.663,4.227,6.373,0.802,0.3384734,0
336669,1000001937463079200,63875742728350,(-0.072, 1.433, 0.285),(-0.007, -0.057, 0.020, 0.998),VALID,(0.110, -0.201, 0.973),(0.000, 0.000, 0.000),64.325,VALID,(0.329, -0.142, 0.934),(-0.032, 0.000, 0.000),0.620,3.976,6.415,0.754,VALID,(0.113, -0.201, 0.973),(0.032, 0.000, 0.000),0.664,4.230,6.373,0.802,0.2659838,0
336670,1000001937468088600,63875742728360,(-0.072, 1.433, 0.285),(-0.007, -0.057, 0.020, 0.998),VALID,(0.110, -0.200, 0.974),(0.000, 0.000, 0.000),64.325,VALID,(0.310, -0.139, 0.941),(-0.032, 0.000, 0.000),0.620,3.976,6.415,0.754,VALID,(0.112, -0.200, 0.973),(0.032, 0.000, 0.000),0.664,4.234,6.373,0.802,0.286867,0
336671,1000001937473064000,63875742728361,(-0.072, 1.433, 0.285),(-0.007, -0.057, 0.020, 0.998),VALID,(0.110, -0.199, 0.974),(0.000, 0.000, 0.000),64.325,VALID,(0.299, -0.136, 0.944),(-0.032, 0.000, 0.000),0.619,3.969,6.415,0.754,VALID,(0.112, -0.199, 0.974),(0.032, 0.000, 0.000),0.665,4.237,6.373,0.802,0.3004841,0
336672,1000001937478073400,63875742728372,(-0.072, 1.433, 0.285),(-0.007, -0.057, 0.020, 0.998),VALID,(0.111, -0.198, 0.974),(0.000, 0.000, 0.000),64.325,VALID,(0.346, -0.142, 0.928),(-0.032, 0.000, 0.000),0.621,3.983,6.415,0.753,VALID,(0.112, -0.198, 0.974),(0.032, 0.000, 0.000),0.666,4.248,6.373,0.802,0.2484305,0
336673,1000001937483146300,63875742728372,(-0.072, 1.433, 0.285),(-0.007, -0.057, 0.020, 0.998),VALID,(0.111, -0.197, 0.974),(0.000, 0.000, 0.000),64.325,VALID,(0.324, -0.139, 0.936),(-0.032, 0.000, 0.000),0.621,3.983,6.415,0.753,VALID,(0.112, -0.197, 0.974),(0.032, 0.000, 0.000),0.668,4.256,6.373,0.803,0.2716979,0
336674,1000001937488155700,63875742728384,(-0.073, 1.433, 0.285),(-0.007, -0.057, 0.020, 0.998),VALID,(0.112, -0.196, 0.974),(0.000, 0.000, 0.000),64.325,VALID,(0.311, -0.137, 0.940),(-0.032, 0.000, 0.000),0.620,3.975,6.415,0.753,VALID,(0.112, -0.196, 0.974),(0.032, 0.000, 0.000),0.669,4.262,6.373,0.803,0.2871537,0
336675,1000001937493188500,63875742728384,(-0.073, 1.433, 0.285),(-0.007, -0.057, 0.020, 0.998),VALID,(0.112, -0.195, 0.974),(0.000, 0.000, 0.000),64.325,VALID,(0.303, -0.135, 0.943),(-0.032, 0.000, 0.000),0.618,3.966,6.415,0.753,VALID,(0.113, -0.195, 0.974),(0.032, 0.000, 0.000),0.670,4.267,6.373,0.804,0.2975878,0
336676,1000001937498350600,63875742728384,(-0.073, 1.433, 0.285),(-0.007, -0.057, 0.020, 0.998),VALID,(0.113, -0.194, 0.974),(0.000, 0.000, 0.000),64.325,VALID,(0.298, -0.133, 0.945),(-0.032, 0.000, 0.000),0.618,3.961,6.415,0.753,VALID,(0.113, -0.194, 0.974),(0.032, 0.000, 0.000),0.670,4.271,6.373,0.804,0.3044525,0
336677,1000001937503372600,63875742728395,(-0.073, 1.433, 0.285),(-0.008, -0.056, 0.020, 0.998),VALID,(0.113, -0.193, 0.975),(0.000, 0.000, 0.000),64.325,VALID,(0.295, -0.131, 0.946),(-0.032, 0.000, 0.000),0.617,3.961,6.415,0.753,VALID,(0.114, -0.193, 0.975),(0.032, 0.000, 0.000),0.670,4.273,6.373,0.805,0.3088189,0
336678,1000001937508395500,63875742728395,(-0.073, 1.433, 0.285),(-0.008, -0.056, 0.020, 0.998),VALID,(0.114, -0.193, 0.975),(0.000, 0.000, 0.000),64.325,VALID,(0.293, -0.130, 0.947),(-0.032, 0.000, 0.000),0.618,3.963,6.415,0.754,VALID,(0.114, -0.193, 0.975),(0.032, 0.000, 0.000),0.671,4.274,6.373,0.805,0.3112321,0.05006867
336679,1000001937513417500,63875742728405,(-0.073, 1.433, 0.284),(-0.008, -0.056, 0.020, 0.998),VALID,(0.114, -0.192, 0.975),(0.000, 0.000, 0.000),64.325,VALID,(0.292, -0.127, 0.948),(-0.032, 0.000, 0.000),0.625,4.011,6.415,0.754,VALID,(0.114, -0.192, 0.975),(0.032, 0.000, 0.000),0.671,4.274,6.373,0.806,0.3104924,0.2588003
336680,1000001937518174000,63875742728405,(-0.073, 1.433, 0.284),(-0.008, -0.056, 0.020, 0.998),VALID,(0.114, -0.192, 0.975),(0.000, 0.000, 0.000),64.325,VALID,(0.288, -0.134, 0.948),(-0.032, 0.000, 0.000),0.625,4.009,6.415,0.754,VALID,(0.114, -0.192, 0.975),(0.032, 0.000, 0.000),0.670,4.273,6.373,0.806,0.3242059,0.6025004
336681,1000001937523234100,63875742728416,(-0.073, 1.433, 0.285),(-0.008, -0.056, 0.020, 0.998),VALID,(0.114, -0.192, 0.975),(0.000, 0.000, 0.000),64.325,VALID,(0.286, -0.133, 0.949),(-0.032, 0.000, 0.000),0.622,3.991,6.415,0.754,VALID,(0.114, -0.192, 0.975),(0.032, 0.000, 0.000),0.670,4.269,6.373,0.807,0.3261245,0.6282231
336682,1000001937528240700,63875742728416,(-0.073, 1.433, 0.285),(-0.008, -0.056, 0.020, 0.998),VALID,(0.113, -0.192, 0.975),(0.000, 0.000, 0.000),64.325,VALID,(0.283, -0.131, 0.950),(-0.032, 0.000, 0.000),0.622,3.992,6.415,0.754,VALID,(0.114, -0.192, 0.975),(0.032, 0.000, 0.000),0.669,4.261,6.373,0.808,0.3276563,0.6272222
336683,1000001937533214300,63875742728428,(-0.073, 1.433, 0.284),(-0.008, -0.056, 0.020, 0.998),VALID,(0.113, -0.192, 0.975),(0.000, 0.000, 0.000),64.325,VALID,(0.296, -0.134, 0.946),(-0.032, 0.000, 0.000),0.630,4.042,6.415,0.755,VALID,(0.113, -0.192, 0.975),(0.032, 0.000, 0.000),0.668,4.255,6.373,0.808,0.3101772,0.6332564
336684,1000001937538236300,63875742728428,(-0.073, 1.433, 0.284),(-0.008, -0.056, 0.020, 0.998),VALID,(0.113, -0.192, 0.975),(0.000, 0.000, 0.000),64.325,VALID,(0.295, -0.132, 0.946),(-0.032, 0.000, 0.000),0.632,4.055,6.415,0.755,VALID,(0.113, -0.192, 0.975),(0.032, 0.000, 0.000),0.667,4.253,6.373,0.809,0.3107536,0.6408491
336685,1000001937543245700,63875742728428,(-0.073, 1.433, 0.284),(-0.008, -0.056, 0.020, 0.998),VALID,(0.113, -0.192, 0.975),(0.000, 0.000, 0.000),64.325,VALID,(0.315, -0.134, 0.940),(-0.032, 0.000, 0.000),0.629,4.036,6.415,0.755,VALID,(0.113, -0.192, 0.975),(0.032, 0.000, 0.000),0.667,4.252,6.373,0.810,0.2835044,0.6448414
336686,1000001937548267700,63875742728438,(-0.073, 1.433, 0.284),(-0.008, -0.056, 0.019, 0.998),VALID,(0.113, -0.192, 0.975),(0.000, 0.000, 0.000),64.325,VALID,(0.295, -0.139, 0.945),(-0.032, 0.000, 0.000),0.621,3.986,6.415,0.756,VALID,(0.113, -0.192, 0.975),(0.032, 0.000, 0.000),0.668,4.255,6.373,0.811,0.3159159,0.8907372
336687,1000001937553315500,63875742728450,(-0.073, 1.433, 0.284),(-0.008, -0.056, 0.019, 0.998),VALID,(0.113, -0.192, 0.975),(0.000, 0.000, 0.000),64.325,VALID,(0.299, -0.145, 0.943),(-0.032, 0.000, 0.000),0.619,3.974,6.415,0.756,VALID,(0.113, -0.192, 0.975),(0.032, 0.000, 0.000),0.668,4.260,6.373,0.812,0.3145749,0.8970393
336688,1000001937558337500,63875742728450,(-0.073, 1.433, 0.284),(-0.008, -0.056, 0.019, 0.998),VALID,(0.113, -0.191, 0.975),(0.000, 0.000, 0.000),64.325,VALID,(0.308, -0.150, 0.939),(-0.032, 0.000, 0.000),0.620,3.974,6.415,0.757,VALID,(0.113, -0.191, 0.975),(0.032, 0.000, 0.000),0.669,4.266,6.373,0.812,0.3035217,0.8946502
336689,1000001937563302900,63875742728462,(-0.073, 1.433, 0.284),(-0.008, -0.056, 0.019, 0.998),VALID,(0.113, -0.191, 0.975),(0.000, 0.000, 0.000),64.325,VALID,(0.319, -0.155, 0.935),(-0.032, 0.000, 0.000),0.710,4.557,6.415,0.757,VALID,(0.113, -0.191, 0.975),(0.032, 0.000, 0.000),0.670,4.271,6.373,0.813,0.2902179,0.898068
336690,1000001937568279900,63875742728463,(-0.073, 1.433, 0.284),(-0.008, -0.056, 0.019, 0.998),VALID,(0.113, -0.191, 0.975),(0.000, 0.000, 0.000),64.325,VALID,(0.313, -0.150, 0.938),(-0.032, 0.000, 0.000),0.638,4.091,6.415,0.757,VALID,(0.113, -0.191, 0.975),(0.032, 0.000, 0.000),0.670,4.271,6.373,0.814,0.2969484,0.8395805
336691,1000001937573301800,63875742728463,(-0.073, 1.433, 0.284),(-0.008, -0.056, 0.019, 0.998),VALID,(0.113, -0.191, 0.975),(0.000, 0.000, 0.000),64.325,VALID,(0.324, -0.154, 0.933),(-0.032, 0.000, 0.000),0.632,4.055,6.415,0.758,VALID,(0.113, -0.191, 0.975),(0.032, 0.000, 0.000),0.670,4.271,6.373,0.815,0.2830684,0.8358776
336692,1000001937578315200,63875742728472,(-0.074, 1.433, 0.284),(-0.008, -0.056, 0.019, 0.998),VALID,(0.113, -0.190, 0.975),(0.000, 0.000, 0.000),64.325,VALID,(0.331, -0.158, 0.930),(-0.032, 0.000, 0.000),0.631,4.050,6.415,0.759,VALID,(0.113, -0.190, 0.975),(0.032, 0.000, 0.000),0.671,4.274,6.373,0.816,0.2754519,0.8428423
336693,1000001937583345200,63875742728472,(-0.074, 1.433, 0.284),(-0.008, -0.056, 0.019, 0.998),VALID,(0.113, -0.190, 0.975),(0.000, 0.000, 0.000),64.325,VALID,(0.323, -0.154, 0.934),(-0.032, 0.000, 0.000),0.630,4.040,6.415,0.759,VALID,(0.113, -0.190, 0.975),(0.032, 0.000, 0.000),0.671,4.277,6.373,0.817,0.2849195,0.8561767
336694,1000001937588353200,63875742728482,(-0.074, 1.433, 0.284),(-0.008, -0.056, 0.019, 0.998),VALID,(0.113, -0.190, 0.975),(0.000, 0.000, 0.000),64.325,VALID,(0.317, -0.158, 0.935),(-0.032, 0.000, 0.000),0.628,4.027,6.415,0.760,VALID,(0.114, -0.190, 0.975),(0.032, 0.000, 0.000),0.671,4.279,6.373,0.817,0.2953218,0.8288242
336695,1000001937593366600,63875742728482,(-0.074, 1.433, 0.284),(-0.008, -0.056, 0.019, 0.998),VALID,(0.113, -0.190, 0.975),(0.000, 0.000, 0.000),64.325,VALID,(0.301, -0.162, 0.940),(-0.032, 0.000, 0.000),0.627,4.021,6.415,0.760,VALID,(0.114, -0.190, 0.975),(0.032, 0.000, 0.000),0.672,4.281,6.373,0.818,0.3230317,0.7961171
336696,1000001937598380000,63875742728482,(-0.074, 1.433, 0.284),(-0.008, -0.056, 0.019, 0.998),VALID,(0.114, -0.190, 0.975),(0.000, 0.000, 0.000),64.325,VALID,(0.306, -0.165, 0.938),(-0.032, 0.000, 0.000),0.627,4.023,6.415,0.761,VALID,(0.114, -0.190, 0.975),(0.032, 0.000, 0.000),0.672,4.282,6.373,0.819,0.3155427,0.7649597
336697,1000001937603379500,63875742728494,(-0.074, 1.433, 0.284),(-0.008, -0.056, 0.019, 0.998),VALID,(0.114, -0.190, 0.975),(0.000, 0.000, 0.000),64.325,VALID,(0.300, -0.160, 0.940),(-0.032, 0.000, 0.000),0.634,4.068,6.415,0.762,VALID,(0.114, -0.190, 0.975),(0.032, 0.000, 0.000),0.672,4.284,6.373,0.820,0.3235463,0.7249657
336698,1000001937608392900,63875742728494,(-0.074, 1.433, 0.284),(-0.008, -0.056, 0.019, 0.998),VALID,(0.114, -0.189, 0.975),(0.000, 0.000, 0.000),64.325,VALID,(0.282, -0.163, 0.946),(-0.032, 0.000, 0.000),0.637,4.087,6.415,0.762,VALID,(0.114, -0.189, 0.975),(0.032, 0.000, 0.000),0.673,4.288,6.373,0.820,0.3608399,0.7223005
336699,1000001937613403600,63875742728505,(-0.074, 1.433, 0.284),(-0.008, -0.056, 0.019, 0.998),VALID,(0.114, -0.189, 0.975),(0.000, 0.000, 0.000),64.325,VALID,(0.278, -0.160, 0.947),(-0.032, 0.000, 0.000),0.638,4.093,6.415,0.763,VALID,(0.114, -0.189, 0.975),(0.032, 0.000, 0.000),0.674,4.294,6.373,0.821,0.3690698,0.7092485
336700,1000001937618411300,63875742728505,(-0.074, 1.433, 0.284),(-0.008, -0.056, 0.019, 0.998),VALID,(0.114, -0.189, 0.975),(0.000, 0.000, 0.000),64.325,VALID,(0.226, -0.165, 0.960),(-0.032, 0.000, 0.000),0.638,4.095,6.415,0.764,VALID,(0.114, -0.189, 0.975),(0.032, 0.000, 0.000),0.672,4.285,6.373,0.822,0.5360162,0.5825162
336701,1000001937623434600,63875742728516,(-0.074, 1.433, 0.284),(-0.008, -0.056, 0.019, 0.998),VALID,(0.114, -0.189, 0.975),(0.000, 0.000, 0.000),64.325,VALID,(0.237, -0.162, 0.958),(-0.032, 0.000, 0.000),0.640,4.105,6.415,0.764,VALID,(0.114, -0.189, 0.975),(0.032, 0.000, 0.000),0.671,4.278,6.373,0.823,0.4875433,0.575664
336702,1000001937628442300,63875742728516,(-0.074, 1.433, 0.284),(-0.008, -0.056, 0.019, 0.998),VALID,(0.114, -0.189, 0.975),(0.000, 0.000, 0.000),64.325,VALID,(0.244, -0.157, 0.957),(-0.032, 0.000, 0.000),0.641,4.112,6.415,0.765,VALID,(0.114, -0.189, 0.975),(0.032, 0.000, 0.000),0.672,4.280,6.373,0.823,0.4560315,0.5013614
336703,1000001937633448900,63875742728527,(-0.074, 1.433, 0.284),(-0.008, -0.056, 0.019, 0.998),VALID,(0.114, -0.189, 0.975),(0.000, 0.000, 0.000),64.325,VALID,(0.204, -0.160, 0.966),(-0.032, 0.000, 0.000),0.641,4.113,6.415,0.765,VALID,(0.114, -0.189, 0.975),(0.032, 0.000, 0.000),0.673,4.289,6.373,0.824,0.6387294,0.4582842
336704,1000001937638642500,63875742728527,(-0.074, 1.433, 0.284),(-0.008, -0.056, 0.019, 0.998),VALID,(0.114, -0.189, 0.975),(0.000, 0.000, 0.000),64.325,VALID,(0.174, -0.162, 0.971),(-0.032, 0.000, 0.000),0.642,4.117,6.415,0.766,VALID,(0.114, -0.189, 0.975),(0.032, 0.000, 0.000),0.674,4.294,6.373,0.825,0.8933753,0.4536262
336705,1000001937643649100,63875742728538,(-0.074, 1.433, 0.284),(-0.008, -0.056, 0.019, 0.998),VALID,(0.115, -0.188, 0.975),(0.000, 0.000, 0.000),64.325,VALID,(0.187, -0.162, 0.969),(-0.032, 0.000, 0.000),0.642,4.118,6.415,0.767,VALID,(0.115, -0.188, 0.975),(0.032, 0.000, 0.000),0.675,4.300,6.373,0.825,0.7830794,0.472201
336706,1000001937648506800,63875742728539,(-0.074, 1.433, 0.284),(-0.008, -0.056, 0.019, 0.998),VALID,(0.115, -0.188, 0.976),(0.000, 0.000, 0.000),64.325,VALID,(0.206, -0.158, 0.966),(-0.032, 0.000, 0.000),0.642,4.117,6.415,0.767,VALID,(0.115, -0.188, 0.975),(0.032, 0.000, 0.000),0.676,4.311,6.373,0.826,0.6304837,0.4611101
336707,1000001937653514500,63875742728539,(-0.074, 1.433, 0.284),(-0.008, -0.056, 0.019, 0.998),VALID,(0.115, -0.187, 0.976),(0.000, 0.000, 0.000),64.325,VALID,(0.217, -0.153, 0.964),(-0.032, 0.000, 0.000),0.640,4.108,6.415,0.767,VALID,(0.115, -0.187, 0.976),(0.032, 0.000, 0.000),0.678,4.320,6.373,0.826,0.5601842,0.4640854
336708,1000001937658522200,63875742728550,(-0.075, 1.433, 0.284),(-0.007, -0.056, 0.019, 0.998),VALID,(0.116, -0.186, 0.976),(0.000, 0.000, 0.000),64.325,VALID,(0.222, -0.155, 0.963),(-0.032, 0.000, 0.000),0.640,4.108,6.415,0.768,VALID,(0.116, -0.186, 0.976),(0.032, 0.000, 0.000),0.679,4.328,6.373,0.827,0.5474982,0.4536481
336709,1000001937663582400,63875742728560,(-0.075, 1.433, 0.284),(-0.007, -0.056, 0.019, 0.998),VALID,(0.116, -0.185, 0.976),(0.000, 0.000, 0.000),64.325,VALID,(0.249, -0.155, 0.956),(-0.032, 0.000, 0.000),0.641,4.112,6.415,0.769,VALID,(0.116, -0.185, 0.976),(0.032, 0.000, 0.000),0.680,4.334,6.373,0.827,0.4485101,0.505213
336710,1000001937668593100,63875742728560,(-0.075, 1.433, 0.284),(-0.007, -0.056, 0.019, 0.998),VALID,(0.116, -0.185, 0.976),(0.000, 0.000, 0.000),64.325,VALID,(0.252, -0.150, 0.956),(-0.032, 0.000, 0.000),0.641,4.115,6.415,0.769,VALID,(0.116, -0.185, 0.976),(0.032, 0.000, 0.000),0.681,4.339,6.373,0.828,0.4345678,0.5048736
336711,1000001937673567500,63875742728560,(-0.075, 1.433, 0.284),(-0.007, -0.056, 0.019, 0.998),VALID,(0.116, -0.185, 0.976),(0.000, 0.000, 0.000),64.325,VALID,(0.255, -0.145, 0.956),(-0.032, 0.000, 0.000),0.640,4.105,6.415,0.769,VALID,(0.116, -0.185, 0.976),(0.032, 0.000, 0.000),0.681,4.339,6.373,0.828,0.4182091,0.3429833
336712,1000001937678573400,63875742728572,(-0.075, 1.433, 0.284),(-0.007, -0.056, 0.019, 0.998),VALID,(0.116, -0.186, 0.976),(0.000, 0.000, 0.000),64.325,VALID,(0.257, -0.139, 0.956),(-0.032, 0.000, 0.000),0.635,4.076,6.415,0.769,VALID,(0.116, -0.186, 0.976),(0.032, 0.000, 0.000),0.680,4.331,6.373,0.828,0.4030408,0.1584026
336713,1000001937683607300,63875742728572,(-0.075, 1.433, 0.284),(-0.007, -0.056, 0.019, 0.998),VALID,(0.117, -0.187, 0.975),(0.000, 0.000, 0.000),64.325,VALID,(0.261, -0.132, 0.956),(-0.032, 0.000, 0.000),0.633,4.059,6.415,0.769,VALID,(0.117, -0.187, 0.975),(0.032, 0.000, 0.000),0.675,4.303,6.373,0.827,0.3824924,0.123089
336714,1000001937688618000,63875742728583,(-0.075, 1.433, 0.284),(-0.007, -0.056, 0.019, 0.998),VALID,(0.118, -0.187, 0.975),(0.000, 0.000, 0.000),64.325,VALID,(0.262, -0.139, 0.955),(-0.032, 0.000, 0.000),0.635,4.073,6.415,0.769,VALID,(0.118, -0.187, 0.975),(0.032, 0.000, 0.000),0.670,4.271,6.373,0.827,0.3921805,0.08552071
336715,1000001937693659500,63875742728583,(-0.075, 1.433, 0.284),(-0.007, -0.056, 0.019, 0.998),VALID,(0.119, -0.187, 0.975),(0.000, 0.000, 0.000),64.325,VALID,(0.279, -0.141, 0.950),(-0.032, 0.000, 0.000),0.635,4.072,6.415,0.768,VALID,(0.119, -0.187, 0.975),(0.032, 0.000, 0.000),0.663,4.227,6.373,0.826,0.3618536,0
336716,1000001937698665400,63875742728594,(-0.075, 1.433, 0.284),(-0.007, -0.056, 0.020, 0.998),VALID,(0.121, -0.187, 0.975),(0.000, 0.000, 0.000),64.325,VALID,(0.303, -0.142, 0.942),(-0.032, 0.000, 0.000),0.622,3.991,6.415,0.767,VALID,(0.121, -0.187, 0.975),(0.032, 0.000, 0.000),0.654,4.171,6.373,0.825,0.3210332,0
336717,1000001937703638300,63875742728594,(-0.075, 1.433, 0.284),(-0.007, -0.056, 0.020, 0.998),VALID,(0.135, -0.184, 0.974),(0.000, 0.000, 0.000),64.325,VALID,(0.292, -0.143, 0.946),(-0.032, 0.000, 0.000),0.615,3.948,6.415,0.765,VALID,(0.124, -0.184, 0.975),(0.032, 0.000, 0.000),0.642,4.092,6.373,0.820,0.3472416,0
336718,1000001937708640500,63875742728594,(-0.075, 1.433, 0.284),(-0.007, -0.056, 0.020, 0.998),VALID,(0.149, -0.177, 0.973),(0.000, 0.000, 0.000),64.325,VALID,(0.285, -0.142, 0.948),(-0.032, 0.000, 0.000),0.612,3.928,6.415,0.762,VALID,(0.127, -0.178, 0.976),(0.032, 0.000, 0.000),0.635,4.045,6.373,0.815,0.372827,0
336719,1000001937713642700,63875742728605,(-0.075, 1.433, 0.283),(-0.007, -0.057, 0.020, 0.998),VALID,(0.151, -0.173, 0.973),(0.000, 0.000, 0.000),64.325,VALID,(0.280, -0.143, 0.949),(-0.032, 0.000, 0.000),0.652,4.183,6.415,0.760,VALID,(0.130, -0.173, 0.976),(0.032, 0.000, 0.000),0.627,3.998,6.373,0.812,0.396805,0
336720,1000001937718664800,63875742728605,(-0.075, 1.433, 0.283),(-0.007, -0.057, 0.020, 0.998),VALID,(0.152, -0.166, 0.974),(0.000, 0.000, 0.000),64.325,VALID,(0.276, -0.142, 0.951),(-0.032, 0.000, 0.000),0.648,4.158,6.415,0.757,VALID,(0.134, -0.167, 0.977),(0.032, 0.000, 0.000),0.626,3.989,6.373,0.809,0.4230053,0
336721,1000001937723682400,63875742728616,(-0.075, 1.433, 0.283),(-0.007, -0.057, 0.020, 0.998),VALID,(0.152, -0.160, 0.975),(0.000, 0.000, 0.000),64.325,VALID,(0.284, -0.108, 0.953),(-0.032, 0.000, 0.000),0.606,3.891,6.415,0.754,VALID,(0.138, -0.160, 0.977),(0.032, 0.000, 0.000),0.624,3.975,6.373,0.807,0.3804269,0
336722,1000001937728726300,63875742728616,(-0.075, 1.433, 0.283),(-0.007, -0.057, 0.020, 0.998),VALID,(0.154, -0.153, 0.976),(0.000, 0.000, 0.000),64.325,VALID,(0.290, -0.069, 0.954),(-0.032, 0.000, 0.000),0.603,3.868,6.415,0.752,VALID,(0.142, -0.153, 0.978),(0.032, 0.000, 0.000),0.621,3.957,6.373,0.805,0.3191742,0
336723,1000001937734261100,63875742728629,(-0.075, 1.433, 0.283),(-0.007, -0.057, 0.020, 0.998),VALID,(0.155, -0.145, 0.977),(0.000, 0.000, 0.000),64.325,VALID,(0.296, -0.035, 0.954),(-0.032, 0.000, 0.000),0.603,3.865,6.415,0.752,VALID,(0.145, -0.145, 0.979),(0.032, 0.000, 0.000),0.621,3.955,6.373,0.805,0.2717177,0
336724,1000001937739161900,63875742728629,(-0.075, 1.433, 0.283),(-0.007, -0.057, 0.020, 0.998),VALID,(0.156, -0.135, 0.978),(0.000, 0.000, 0.000),64.325,VALID,(0.301, -0.011, 0.954),(-0.032, 0.000, 0.000),0.603,3.866,6.415,0.752,VALID,(0.148, -0.135, 0.980),(0.032, 0.000, 0.000),0.622,3.965,6.373,0.804,0.2471977,0
336725,1000001937744175300,63875742728639,(-0.075, 1.433, 0.283),(-0.007, -0.057, 0.020, 0.998),VALID,(0.157, -0.126, 0.980),(0.000, 0.000, 0.000),64.325,VALID,(0.304, 0.007, 0.953),(-0.032, 0.000, 0.000),0.607,3.893,6.415,0.752,VALID,(0.150, -0.126, 0.981),(0.032, 0.000, 0.000),0.623,3.973,6.373,0.805,0.2322741,0
336726,1000001937748755400,63875742728639,(-0.075, 1.433, 0.283),(-0.007, -0.057, 0.020, 0.998),VALID,(0.157, -0.119, 0.980),(0.000, 0.000, 0.000),64.325,VALID,(0.307, 0.020, 0.952),(-0.032, 0.000, 0.000),0.611,3.919,6.415,0.752,VALID,(0.152, -0.119, 0.981),(0.032, 0.000, 0.000),0.624,3.980,6.373,0.805,0.2241807,0
336727,1000001937753768800,63875742728639,(-0.075, 1.433, 0.283),(-0.007, -0.057, 0.020, 0.998),VALID,(0.158, -0.111, 0.981),(0.000, 0.000, 0.000),64.325,VALID,(0.309, 0.028, 0.951),(-0.032, 0.000, 0.000),0.613,3.933,6.415,0.753,VALID,(0.154, -0.111, 0.982),(0.032, 0.000, 0.000),0.627,3.995,6.373,0.805,0.2221513,0
336728,1000001937758782700,63875742728650,(-0.075, 1.433, 0.283),(-0.007, -0.057, 0.020, 0.998),VALID,(0.159, -0.105, 0.982),(0.000, 0.000, 0.000),64.325,VALID,(0.310, 0.033, 0.950),(-0.032, 0.000, 0.000),0.613,3.933,6.415,0.753,VALID,(0.156, -0.105, 0.982),(0.032, 0.000, 0.000),0.629,4.006,6.373,0.806,0.2236011,0
336729,1000001937763796600,63875742728650,(-0.075, 1.433, 0.283),(-0.007, -0.057, 0.020, 0.998),VALID,(0.162, -0.101, 0.982),(0.000, 0.000, 0.000),64.325,VALID,(0.312, 0.035, 0.949),(-0.032, 0.000, 0.000),0.611,3.918,6.415,0.754,VALID,(0.159, -0.101, 0.982),(0.032, 0.000, 0.000),0.630,4.015,6.373,0.806,0.2274292,0
336730,1000001937768796300,63875742728661,(-0.075, 1.433, 0.283),(-0.007, -0.057, 0.019, 0.998),VALID,(0.164, -0.095, 0.982),(0.000, 0.000, 0.000),64.325,VALID,(0.314, 0.035, 0.949),(-0.032, 0.000, 0.000),0.606,3.888,6.415,0.755,VALID,(0.162, -0.095, 0.982),(0.032, 0.000, 0.000),0.633,4.032,6.373,0.807,0.2348051,0
336731,1000001937773810200,63875742728661,(-0.075, 1.433, 0.283),(-0.007, -0.057, 0.019, 0.998),VALID,(0.166, -0.091, 0.982),(0.000, 0.000, 0.000),64.325,VALID,(0.316, 0.036, 0.948),(-0.032, 0.000, 0.000),0.605,3.881,6.415,0.756,VALID,(0.165, -0.091, 0.982),(0.032, 0.000, 0.000),0.635,4.044,6.373,0.808,0.2417231,0
336732,1000001937778846600,63875742728672,(-0.075, 1.433, 0.283),(-0.007, -0.057, 0.019, 0.998),VALID,(0.170, -0.089, 0.981),(0.000, 0.000, 0.000),64.325,VALID,(0.317, 0.036, 0.948),(-0.032, 0.000, 0.000),0.605,3.880,6.415,0.759,VALID,(0.170, -0.089, 0.981),(0.032, 0.000, 0.000),0.636,4.056,6.373,0.810,0.2447171,0
336733,1000001937783954700,63875742728672,(-0.075, 1.433, 0.283),(-0.007, -0.057, 0.019, 0.998),VALID,(0.174, -0.087, 0.981),(0.000, 0.000, 0.000),64.325,VALID,(0.318, 0.036, 0.947),(-0.032, 0.000, 0.000),0.604,3.878,6.415,0.761,VALID,(0.174, -0.087, 0.981),(0.032, 0.000, 0.000),0.639,4.074,6.373,0.811,0.2490625,0
336734,1000001937788968600,63875742728684,(-0.075, 1.433, 0.283),(-0.007, -0.057, 0.019, 0.998),VALID,(0.178, -0.085, 0.980),(0.000, 0.000, 0.000),64.325,VALID,(0.319, 0.037, 0.947),(-0.032, 0.000, 0.000),0.606,3.887,6.415,0.764,VALID,(0.178, -0.085, 0.980),(0.032, 0.000, 0.000),0.642,4.091,6.373,0.814,0.2517302,0
336735,1000001937794005000,63875742728684,(-0.075, 1.433, 0.283),(-0.007, -0.057, 0.019, 0.998),VALID,(0.181, -0.083, 0.980),(0.000, 0.000, 0.000),64.325,VALID,(0.320, 0.035, 0.947),(-0.032, 0.000, 0.000),0.600,3.849,6.415,0.767,VALID,(0.182, -0.083, 0.980),(0.032, 0.000, 0.000),0.644,4.106,6.373,0.815,0.2593816,0
336736,1000001937799041400,63875742728684,(-0.075, 1.433, 0.283),(-0.007, -0.057, 0.019, 0.998),VALID,(0.184, -0.081, 0.980),(0.000, 0.000, 0.000),64.325,VALID,(0.321, 0.034, 0.946),(-0.032, 0.000, 0.000),0.598,3.838,6.415,0.770,VALID,(0.184, -0.081, 0.979),(0.032, 0.000, 0.000),0.646,4.120,6.373,0.818,0.2653198,0
336737,1000001937804077800,63875742728695,(-0.075, 1.433, 0.283),(-0.007, -0.057, 0.019, 0.998),VALID,(0.187, -0.080, 0.979),(0.000, 0.000, 0.000),64.325,VALID,(0.322, 0.033, 0.946),(-0.032, 0.000, 0.000),0.598,3.836,6.415,0.773,VALID,(0.187, -0.080, 0.979),(0.032, 0.000, 0.000),0.648,4.129,6.373,0.820,0.2704429,0
336738,1000001937809091700,63875742728695,(-0.075, 1.433, 0.283),(-0.007, -0.057, 0.019, 0.998),VALID,(0.185, -0.073, 0.980),(0.000, 0.000, 0.000),64.325,VALID,(0.323, 0.032, 0.946),(-0.032, 0.000, 0.000),0.598,3.835,6.415,0.776,VALID,(0.186, -0.073, 0.980),(0.032, 0.000, 0.000),0.649,4.137,6.373,0.822,0.2828576,0
336739,1000001937813929400,63875742728706,(-0.075, 1.433, 0.283),(-0.007, -0.057, 0.019, 0.998),VALID,(0.185, -0.067, 0.981),(0.000, 0.000, 0.000),64.325,VALID,(0.323, 0.032, 0.946),(-0.032, 0.000, 0.000),0.600,3.846,6.415,0.779,VALID,(0.185, -0.067, 0.980),(0.032, 0.000, 0.000),0.650,4.146,6.373,0.824,0.292525,0
336740,1000001937818901700,63875742728706,(-0.075, 1.433, 0.283),(-0.007, -0.057, 0.019, 0.998),VALID,(0.184, -0.063, 0.981),(0.000, 0.000, 0.000),64.325,VALID,(0.324, 0.033, 0.946),(-0.032, 0.000, 0.000),0.601,3.859,6.415,0.782,VALID,(0.185, -0.063, 0.981),(0.032, 0.000, 0.000),0.653,4.161,6.373,0.827,0.2997759,0
336741,1000001937823931400,63875742728717,(-0.075, 1.433, 0.283),(-0.007, -0.057, 0.019, 0.998),VALID,(0.184, -0.058, 0.981),(0.000, 0.000, 0.000),64.325,VALID,(0.324, 0.033, 0.946),(-0.032, 0.000, 0.000),0.602,3.864,6.415,0.785,VALID,(0.184, -0.058, 0.981),(0.032, 0.000, 0.000),0.655,4.175,6.373,0.829,0.3073522,0
336742,1000001937828948600,63875742728717,(-0.075, 1.433, 0.283),(-0.007, -0.057, 0.019, 0.998),VALID,(0.184, -0.055, 0.981),(0.000, 0.000, 0.000),64.325,VALID,(0.324, 0.033, 0.945),(-0.032, 0.000, 0.000),0.603,3.866,6.415,0.787,VALID,(0.184, -0.055, 0.981),(0.032, 0.000, 0.000),0.656,4.183,6.373,0.831,0.3141314,0
336743,1000001937833965800,63875742728728,(-0.075, 1.433, 0.283),(-0.007, -0.057, 0.019, 0.998),VALID,(0.184, -0.052, 0.982),(0.000, 0.000, 0.000),64.325,VALID,(0.324, 0.033, 0.945),(-0.032, 0.000, 0.000),0.604,3.872,6.415,0.790,VALID,(0.184, -0.052, 0.982),(0.032, 0.000, 0.000),0.657,4.189,6.373,0.833,0.3191722,0
336744,1000001937839214600,63875742728728,(-0.075, 1.433, 0.283),(-0.007, -0.057, 0.019, 0.998),VALID,(0.184, -0.049, 0.982),(0.000, 0.000, 0.000),64.325,VALID,(0.324, 0.033, 0.945),(-0.032, 0.000, 0.000),0.604,3.876,6.415,0.792,VALID,(0.184, -0.049, 0.982),(0.032, 0.000, 0.000),0.658,4.194,6.373,0.835,0.3237498,0
336745,1000001937844241000,63875742728739,(-0.075, 1.433, 0.283),(-0.007, -0.057, 0.019, 0.998),VALID,(0.184, -0.047, 0.982),(0.000, 0.000, 0.000),64.325,VALID,(0.324, 0.034, 0.945),(-0.032, 0.000, 0.000),0.606,3.886,6.415,0.794,VALID,(0.185, -0.047, 0.982),(0.032, 0.000, 0.000),0.659,4.197,6.373,0.837,0.3269916,0
336746,1000001937849267400,63875742728739,(-0.075, 1.433, 0.283),(-0.007, -0.057, 0.019, 0.998),VALID,(0.185, -0.045, 0.982),(0.000, 0.000, 0.000),64.325,VALID,(0.324, 0.034, 0.945),(-0.032, 0.000, 0.000),0.607,3.891,6.415,0.797,VALID,(0.185, -0.045, 0.982),(0.032, 0.000, 0.000),0.659,4.201,6.373,0.839,0.3298961,0
336747,1000001937854219800,63875742728739,(-0.075, 1.433, 0.283),(-0.007, -0.057, 0.019, 0.998),VALID,(0.185, -0.044, 0.982),(0.000, 0.000, 0.000),64.325,VALID,(0.324, 0.034, 0.945),(-0.032, 0.000, 0.000),0.607,3.893,6.415,0.799,VALID,(0.186, -0.044, 0.982),(0.032, 0.000, 0.000),0.660,4.205,6.373,0.840,0.332761,0
336748,1000001937859030600,63875742728750,(-0.075, 1.433, 0.283),(-0.007, -0.057, 0.019, 0.998),VALID,(0.186, -0.042, 0.982),(0.000, 0.000, 0.000),64.325,VALID,(0.324, 0.035, 0.945),(-0.032, 0.000, 0.000),0.607,3.895,6.415,0.800,VALID,(0.186, -0.042, 0.982),(0.032, 0.000, 0.000),0.661,4.210,6.373,0.842,0.3357712,0
336749,1000001937864035400,63875742728750,(-0.075, 1.433, 0.283),(-0.007, -0.057, 0.019, 0.998),VALID,(0.187, -0.041, 0.982),(0.000, 0.000, 0.000),64.325,VALID,(0.324, 0.035, 0.945),(-0.032, 0.000, 0.000),0.608,3.898,6.415,0.802,VALID,(0.187, -0.041, 0.982),(0.032, 0.000, 0.000),0.662,4.219,6.373,0.844,0.3387013,0.007918294
336750,1000001937869052600,63875742728760,(-0.075, 1.433, 0.283),(-0.007, -0.057, 0.019, 0.998),VALID,(0.187, -0.040, 0.982),(0.000, 0.000, 0.000),64.325,VALID,(0.324, 0.035, 0.945),(-0.032, 0.000, 0.000),0.608,3.899,6.415,0.804,VALID,(0.187, -0.040, 0.982),(0.032, 0.000, 0.000),0.663,4.228,6.373,0.845,0.3415664,0.04327153
336751,1000001937874060300,63875742728761,(-0.075, 1.433, 0.283),(-0.007, -0.057, 0.019, 0.998),VALID,(0.188, -0.038, 0.982),(0.000, 0.000, 0.000),64.325,VALID,(0.324, 0.036, 0.945),(-0.032, 0.000, 0.000),0.610,3.912,6.415,0.806,VALID,(0.188, -0.038, 0.981),(0.032, 0.000, 0.000),0.665,4.235,6.373,0.847,0.3441517,0.2377701
336752,1000001937879080300,63875742728772,(-0.075, 1.433, 0.283),(-0.007, -0.057, 0.019, 0.998),VALID,(0.188, -0.037, 0.981),(0.000, 0.000, 0.000),64.325,VALID,(0.324, 0.036, 0.945),(-0.032, 0.000, 0.000),0.611,3.919,6.415,0.807,VALID,(0.188, -0.037, 0.981),(0.032, 0.000, 0.000),0.665,4.240,6.373,0.848,0.3459936,0.2908425
336753,1000001937884119500,63875742728772,(-0.075, 1.433, 0.283),(-0.007, -0.057, 0.019, 0.998),VALID,(0.188, -0.037, 0.981),(0.000, 0.000, 0.000),64.325,VALID,(0.324, 0.036, 0.945),(-0.032, 0.000, 0.000),0.611,3.921,6.415,0.808,VALID,(0.189, -0.037, 0.981),(0.032, 0.000, 0.000),0.666,4.243,6.373,0.849,0.347525,0.3193286
336754,1000001937889173600,63875742728784,(-0.075, 1.433, 0.283),(-0.007, -0.057, 0.019, 0.998),VALID,(0.189, -0.036, 0.981),(0.000, 0.000, 0.000),64.325,VALID,(0.324, 0.037, 0.945),(-0.032, 0.000, 0.000),0.611,3.923,6.415,0.809,VALID,(0.189, -0.036, 0.981),(0.032, 0.000, 0.000),0.666,4.246,6.373,0.850,0.3485141,0.3541923
336755,1000001937894192200,63875742728784,(-0.075, 1.433, 0.283),(-0.007, -0.057, 0.019, 0.998),VALID,(0.189, -0.037, 0.981),(0.000, 0.000, 0.000),64.325,VALID,(0.324, 0.037, 0.945),(-0.032, 0.000, 0.000),0.614,3.942,6.415,0.810,VALID,(0.189, -0.037, 0.981),(0.032, 0.000, 0.000),0.666,4.247,6.373,0.850,0.3453545,0.2533831
336756,1000001937899210800,63875742728784,(-0.075, 1.433, 0.283),(-0.007, -0.057, 0.019, 0.998),VALID,(0.190, -0.040, 0.981),(0.000, 0.000, 0.000),64.325,VALID,(0.324, 0.038, 0.945),(-0.032, 0.000, 0.000),0.615,3.945,6.415,0.810,VALID,(0.190, -0.040, 0.981),(0.032, 0.000, 0.000),0.666,4.246,6.373,0.852,0.3384719,0.1033093
336757,1000001937904229400,63875742728795,(-0.075, 1.433, 0.283),(-0.007, -0.057, 0.019, 0.998),VALID,(0.187, -0.038, 0.982),(0.000, 0.000, 0.000),64.325,VALID,(0.325, 0.041, 0.945),(-0.032, 0.000, 0.000),0.616,3.951,6.415,0.809,VALID,(0.187, -0.038, 0.982),(0.032, 0.000, 0.000),0.665,4.240,6.373,0.851,0.3323874,0
336758,1000001937909246700,63875742728795,(-0.075, 1.433, 0.283),(-0.007, -0.057, 0.019, 0.998),VALID,(0.188, -0.037, 0.982),(0.000, 0.000, 0.000),64.325,VALID,(0.328, 0.048, 0.943),(-0.032, 0.000, 0.000),0.616,3.949,6.415,0.809,VALID,(0.188, -0.037, 0.982),(0.032, 0.000, 0.000),0.662,4.222,6.373,0.849,0.3156026,0
336759,1000001937914176400,63875742728805,(-0.075, 1.433, 0.283),(-0.007, -0.057, 0.019, 0.998),VALID,(0.191, -0.037, 0.981),(0.000, 0.000, 0.000),64.325,VALID,(0.334, 0.056, 0.941),(-0.032, 0.000, 0.000),0.611,3.920,6.415,0.808,VALID,(0.191, -0.037, 0.981),(0.032, 0.000, 0.000),0.657,4.189,6.373,0.845,0.2971034,0
336760,1000001937919169200,63875742728805,(-0.075, 1.433, 0.283),(-0.007, -0.057, 0.019, 0.998),VALID,(0.200, -0.038, 0.979),(0.000, 0.000, 0.000),64.325,VALID,(0.330, 0.047, 0.943),(-0.032, 0.000, 0.000),0.604,3.875,6.415,0.807,VALID,(0.200, -0.038, 0.979),(0.032, 0.000, 0.000),0.646,4.119,6.373,0.840,0.3265398,0
336761,1000001937924186500,63875742728817,(-0.075, 1.433, 0.283),(-0.007, -0.057, 0.019, 0.998),VALID,(0.209, -0.037, 0.977),(0.000, 0.000, 0.000),64.325,VALID,(0.337, 0.059, 0.940),(-0.032, 0.000, 0.000),0.599,3.844,6.415,0.806,VALID,(0.209, -0.037, 0.977),(0.032, 0.000, 0.000),0.641,4.083,6.373,0.836,0.3038267,0
336762,1000001937929203700,63875742728817,(-0.075, 1.433, 0.283),(-0.007, -0.057, 0.019, 0.998),VALID,(0.218, -0.034, 0.975),(0.000, 0.000, 0.000),64.325,VALID,(0.332, 0.053, 0.942),(-0.032, 0.000, 0.000),0.600,3.850,6.415,0.804,VALID,(0.218, -0.034, 0.975),(0.032, 0.000, 0.000),0.635,4.046,6.373,0.831,0.3353156,0
336763,1000001937934200100,63875742728828,(-0.075, 1.433, 0.283),(-0.007, -0.057, 0.019, 0.998),VALID,(0.226, -0.027, 0.974),(0.000, 0.000, 0.000),64.325,VALID,(0.337, 0.070, 0.939),(-0.032, 0.000, 0.000),0.602,3.860,6.415,0.803,VALID,(0.226, -0.027, 0.974),(0.032, 0.000, 0.000),0.631,4.023,6.373,0.827,0.310068,0
336764,1000001937939211200,63875742728829,(-0.075, 1.433, 0.283),(-0.007, -0.057, 0.019, 0.998),VALID,(0.232, -0.018, 0.972),(0.000, 0.000, 0.000),64.325,VALID,(0.344, 0.091, 0.935),(-0.032, 0.000, 0.000),0.603,3.867,6.415,0.802,VALID,(0.232, -0.018, 0.972),(0.032, 0.000, 0.000),0.629,4.010,6.373,0.828,0.2781094,0
336765,1000001937944225800,63875742728840,(-0.075, 1.433, 0.283),(-0.007, -0.057, 0.019, 0.998),VALID,(0.237, -0.009, 0.971),(0.000, 0.000, 0.000),64.325,VALID,(0.352, 0.112, 0.929),(-0.032, 0.000, 0.000),0.608,3.903,6.415,0.802,VALID,(0.237, -0.009, 0.971),(0.032, 0.000, 0.000),0.628,4.004,6.373,0.829,0.2480795,0
336766,1000001937949241700,63875742728840,(-0.075, 1.433, 0.283),(-0.007, -0.057, 0.019, 0.998),VALID,(0.241, 0.000, 0.970),(0.000, 0.000, 0.000),64.325,VALID,(0.359, 0.128, 0.924),(-0.032, 0.000, 0.000),0.610,3.913,6.415,0.802,VALID,(0.241, 0.000, 0.970),(0.032, 0.000, 0.000),0.628,4.002,6.373,0.830,0.2322766,0
336767,1000001937954257600,63875742728840,(-0.075, 1.433, 0.283),(-0.007, -0.057, 0.019, 0.998),VALID,(0.244, 0.008, 0.970),(0.000, 0.000, 0.000),64.325,VALID,(0.366, 0.140, 0.920),(-0.032, 0.000, 0.000),0.611,3.917,6.415,0.802,VALID,(0.244, 0.008, 0.970),(0.032, 0.000, 0.000),0.628,3.999,6.373,0.831,0.2245428,0
336768,1000001937959261700,63875742728851,(-0.076, 1.433, 0.283),(-0.007, -0.057, 0.019, 0.998),VALID,(0.247, 0.015, 0.969),(0.000, 0.000, 0.000),64.325,VALID,(0.370, 0.147, 0.917),(-0.032, 0.000, 0.000),0.610,3.916,6.415,0.802,VALID,(0.247, 0.015, 0.969),(0.032, 0.000, 0.000),0.627,3.996,6.373,0.831,0.2224138,0
336769,1000001937964276200,63875742728851,(-0.076, 1.433, 0.283),(-0.007, -0.057, 0.019, 0.998),VALID,(0.249, 0.020, 0.968),(0.000, 0.000, 0.000),64.325,VALID,(0.374, 0.152, 0.915),(-0.032, 0.000, 0.000),0.610,3.916,6.415,0.802,VALID,(0.249, 0.020, 0.968),(0.032, 0.000, 0.000),0.627,3.994,6.373,0.832,0.222467,0
336770,1000001937969289500,63875742728862,(-0.075, 1.433, 0.283),(-0.007, -0.057, 0.019, 0.998),VALID,(0.252, 0.025, 0.967),(0.000, 0.000, 0.000),64.325,VALID,(0.364, 0.129, 0.922),(-0.032, 0.000, 0.000),0.610,3.914,6.415,0.802,VALID,(0.252, 0.025, 0.967),(0.032, 0.000, 0.000),0.627,3.993,6.373,0.833,0.2831294,0
336771,1000001937974291700,63875742728862,(-0.075, 1.433, 0.283),(-0.007, -0.057, 0.019, 0.998),VALID,(0.254, 0.030, 0.967),(0.000, 0.000, 0.000),64.325,VALID,(0.360, 0.118, 0.925),(-0.032, 0.000, 0.000),0.610,3.913,6.415,0.803,VALID,(0.253, 0.030, 0.967),(0.032, 0.000, 0.000),0.627,3.994,6.373,0.834,0.3263511,0
336772,1000001937979305000,63875742728873,(-0.076, 1.433, 0.283),(-0.007, -0.057, 0.019, 0.998),VALID,(0.256, 0.034, 0.966),(0.000, 0.000, 0.000),64.325,VALID,(0.356, 0.116, 0.927),(-0.032, 0.000, 0.000),0.610,3.912,6.415,0.804,VALID,(0.255, 0.034, 0.966),(0.032, 0.000, 0.000),0.627,3.994,6.373,0.836,0.3488005,0
336773,1000001937984326700,63875742728873,(-0.076, 1.433, 0.283),(-0.007, -0.057, 0.019, 0.998),VALID,(0.257, 0.037, 0.966),(0.000, 0.000, 0.000),64.325,VALID,(0.349, 0.109, 0.931),(-0.032, 0.000, 0.000),0.610,3.916,6.415,0.805,VALID,(0.257, 0.037, 0.966),(0.032, 0.000, 0.000),0.627,3.995,6.373,0.838,0.3959675,0
336774,1000001937989342600,63875742728885,(-0.076, 1.433, 0.283),(-0.007, -0.057, 0.019, 0.998),VALID,(0.259, 0.040, 0.965),(0.000, 0.000, 0.000),64.325,VALID,(0.341, 0.099, 0.935),(-0.032, 0.000, 0.000),0.644,4.131,6.415,0.806,VALID,(0.258, 0.040, 0.965),(0.032, 0.000, 0.000),0.628,3.999,6.373,0.839,0.46932,0
336775,1000001937994353000,63875742728885,(-0.076, 1.433, 0.283),(-0.007, -0.057, 0.019, 0.998),VALID,(0.260, 0.043, 0.965),(0.000, 0.000, 0.000),64.325,VALID,(0.333, 0.090, 0.939),(-0.032, 0.000, 0.000),0.648,4.156,6.415,0.807,VALID,(0.259, 0.043, 0.965),(0.032, 0.000, 0.000),0.628,4.004,6.373,0.841,0.567119,0
336776,1000001937999329400,63875742728895,(-0.076, 1.433, 0.283),(-0.007, -0.057, 0.019, 0.998),VALID,(0.261, 0.045, 0.964),(0.000, 0.000, 0.000),64.325,VALID,(0.325, 0.081, 0.942),(-0.032, 0.000, 0.000),0.649,4.161,6.415,0.808,VALID,(0.260, 0.045, 0.965),(0.032, 0.000, 0.000),0.629,4.009,6.373,0.843,0.687714,0
336777,1000001938004350900,63875742728895,(-0.076, 1.433, 0.283),(-0.007, -0.057, 0.019, 0.998),VALID,(0.262, 0.047, 0.964),(0.000, 0.000, 0.000),64.325,VALID,(0.319, 0.075, 0.945),(-0.032, 0.000, 0.000),0.649,4.164,6.415,0.809,VALID,(0.261, 0.047, 0.964),(0.032, 0.000, 0.000),0.630,4.012,6.373,0.845,0.8234309,0
336778,1000001938009362000,63875742728895,(-0.076, 1.433, 0.283),(-0.007, -0.057, 0.019, 0.998),VALID,(0.263, 0.049, 0.964),(0.000, 0.000, 0.000),64.325,VALID,(0.314, 0.070, 0.947),(-0.032, 0.000, 0.000),0.649,4.166,6.415,0.811,VALID,(0.262, 0.049, 0.964),(0.032, 0.000, 0.000),0.630,4.016,6.373,0.847,0.9671969,0
336779,1000001938014403500,63875742728906,(-0.076, 1.433, 0.283),(-0.007, -0.057, 0.019, 0.998),VALID,(0.264, 0.050, 0.963),(0.000, 0.000, 0.000),64.325,VALID,(0.309, 0.067, 0.949),(-0.032, 0.000, 0.000),0.651,4.177,6.415,0.812,VALID,(0.263, 0.050, 0.964),(0.032, 0.000, 0.000),0.631,4.020,6.373,0.849,2,0
336780,1000001938019410900,63875742728917,(-0.076, 1.433, 0.283),(-0.007, -0.057, 0.019, 0.998),VALID,(0.265, 0.052, 0.963),(0.000, 0.000, 0.000),64.325,VALID,(0.305, 0.064, 0.950),(-0.032, 0.000, 0.000),0.653,4.187,6.415,0.814,VALID,(0.263, 0.052, 0.963),(0.032, 0.000, 0.000),0.631,4.022,6.373,0.850,2,0
336781,1000001938024431500,63875742728917,(-0.076, 1.433, 0.283),(-0.007, -0.057, 0.019, 0.998),VALID,(0.265, 0.053, 0.963),(0.000, 0.000, 0.000),64.325,VALID,(0.303, 0.063, 0.951),(-0.032, 0.000, 0.000),0.653,4.190,6.415,0.815,VALID,(0.264, 0.053, 0.963),(0.032, 0.000, 0.000),0.631,4.024,6.373,0.852,2,0.1330711
336782,1000001938029438900,63875742728917,(-0.076, 1.433, 0.283),(-0.007, -0.057, 0.019, 0.998),VALID,(0.266, 0.054, 0.963),(0.000, 0.000, 0.000),64.325,VALID,(0.301, 0.062, 0.952),(-0.032, 0.000, 0.000),0.654,4.193,6.415,0.816,VALID,(0.264, 0.054, 0.963),(0.032, 0.000, 0.000),0.632,4.027,6.373,0.853,2,0.4710182
336783,1000001938034450000,63875742728928,(-0.076, 1.433, 0.283),(-0.007, -0.057, 0.019, 0.998),VALID,(0.266, 0.056, 0.962),(0.000, 0.000, 0.000),64.325,VALID,(0.299, 0.062, 0.952),(-0.032, 0.000, 0.000),0.654,4.194,6.415,0.818,VALID,(0.265, 0.056, 0.963),(0.032, 0.000, 0.000),0.633,4.034,6.373,0.855,2,0.5504683
336784,1000001938039611200,63875742728929,(-0.076, 1.433, 0.283),(-0.007, -0.057, 0.019, 0.998),VALID,(0.266, 0.057, 0.962),(0.000, 0.000, 0.000),64.325,VALID,(0.297, 0.062, 0.953),(-0.032, 0.000, 0.000),0.654,4.194,6.415,0.819,VALID,(0.265, 0.057, 0.963),(0.032, 0.000, 0.000),0.634,4.042,6.373,0.856,2,0.5959352
336785,1000001938044556900,63875742728939,(-0.076, 1.434, 0.283),(-0.007, -0.057, 0.019, 0.998),VALID,(0.267, 0.058, 0.962),(0.000, 0.000, 0.000),64.325,VALID,(0.297, 0.062, 0.953),(-0.032, 0.000, 0.000),0.653,4.192,6.415,0.821,VALID,(0.266, 0.058, 0.962),(0.032, 0.000, 0.000),0.635,4.046,6.373,0.857,2,0.6800691
336786,1000001938049494100,63875742728939,(-0.076, 1.434, 0.283),(-0.007, -0.057, 0.019, 0.998),VALID,(0.267, 0.059, 0.962),(0.000, 0.000, 0.000),64.325,VALID,(0.296, 0.062, 0.953),(-0.032, 0.000, 0.000),0.653,4.188,6.415,0.821,VALID,(0.266, 0.059, 0.962),(0.032, 0.000, 0.000),0.635,4.048,6.373,0.859,2,0.7109646
336787,1000001938054505800,63875742728950,(-0.075, 1.434, 0.283),(-0.007, -0.057, 0.019, 0.998),VALID,(0.268, 0.060, 0.962),(0.000, 0.000, 0.000),64.325,VALID,(0.295, 0.063, 0.953),(-0.032, 0.000, 0.000),0.652,4.184,6.415,0.823,VALID,(0.267, 0.060, 0.962),(0.032, 0.000, 0.000),0.636,4.051,6.373,0.860,2,0.7293572
336788,1000001938059524500,63875742728950,(-0.075, 1.434, 0.283),(-0.007, -0.057, 0.019, 0.998),VALID,(0.268, 0.061, 0.961),(0.000, 0.000, 0.000),64.325,VALID,(0.295, 0.063, 0.953),(-0.032, 0.000, 0.000),0.652,4.181,6.415,0.824,VALID,(0.267, 0.061, 0.962),(0.032, 0.000, 0.000),0.636,4.055,6.373,0.861,2,0.7511755
336789,1000001938064535900,63875742728950,(-0.075, 1.434, 0.283),(-0.007, -0.057, 0.019, 0.998),VALID,(0.269, 0.062, 0.961),(0.000, 0.000, 0.000),64.325,VALID,(0.295, 0.064, 0.954),(-0.032, 0.000, 0.000),0.651,4.178,6.415,0.825,VALID,(0.268, 0.062, 0.962),(0.032, 0.000, 0.000),0.637,4.057,6.373,0.862,2,0.8081108
336790,1000001938069549200,63875742728961,(-0.075, 1.434, 0.283),(-0.007, -0.057, 0.019, 0.998),VALID,(0.269, 0.063, 0.961),(0.000, 0.000, 0.000),64.325,VALID,(0.294, 0.064, 0.954),(-0.032, 0.000, 0.000),0.651,4.176,6.415,0.826,VALID,(0.268, 0.063, 0.961),(0.032, 0.000, 0.000),0.637,4.059,6.373,0.863,2,0.8632605
336791,1000001938074560600,63875742728961,(-0.075, 1.434, 0.283),(-0.007, -0.057, 0.019, 0.998),VALID,(0.269, 0.064, 0.961),(0.000, 0.000, 0.000),64.325,VALID,(0.294, 0.065, 0.954),(-0.032, 0.000, 0.000),0.649,4.165,6.415,0.827,VALID,(0.268, 0.064, 0.961),(0.032, 0.000, 0.000),0.637,4.062,6.373,0.864,2,0.8603809
336792,1000001938079573900,63875742728972,(-0.075, 1.434, 0.283),(-0.007, -0.057, 0.019, 0.998),VALID,(0.270, 0.065, 0.961),(0.000, 0.000, 0.000),64.325,VALID,(0.294, 0.065, 0.954),(-0.032, 0.000, 0.000),0.649,4.162,6.415,0.828,VALID,(0.269, 0.065, 0.961),(0.032, 0.000, 0.000),0.638,4.065,6.373,0.864,2,0.8846044
336793,1000001938084585300,63875742728972,(-0.075, 1.434, 0.283),(-0.007, -0.057, 0.019, 0.998),VALID,(0.270, 0.066, 0.961),(0.000, 0.000, 0.000),64.325,VALID,(0.294, 0.065, 0.954),(-0.032, 0.000, 0.000),0.649,4.161,6.415,0.830,VALID,(0.269, 0.066, 0.961),(0.032, 0.000, 0.000),0.638,4.068,6.373,0.865,2,0.9273916
336794,1000001938089596700,63875742728983,(-0.075, 1.434, 0.283),(-0.007, -0.057, 0.019, 0.998),VALID,(0.270, 0.066, 0.960),(0.000, 0.000, 0.000),64.325,VALID,(0.294, 0.066, 0.954),(-0.032, 0.000, 0.000),0.647,4.152,6.415,0.831,VALID,(0.269, 0.066, 0.961),(0.032, 0.000, 0.000),0.639,4.071,6.373,0.866,2,0.929102
336795,1000001938094608100,63875742728983,(-0.075, 1.434, 0.283),(-0.007, -0.057, 0.019, 0.998),VALID,(0.271, 0.067, 0.960),(0.000, 0.000, 0.000),64.325,VALID,(0.294, 0.066, 0.953),(-0.032, 0.000, 0.000),0.646,4.146,6.415,0.831,VALID,(0.270, 0.067, 0.961),(0.032, 0.000, 0.000),0.639,4.074,6.373,0.867,2,0.9336376
336796,1000001938099624900,63875742728994,(-0.075, 1.434, 0.283),(-0.007, -0.057, 0.019, 0.998),VALID,(0.271, 0.068, 0.960),(0.000, 0.000, 0.000),64.325,VALID,(0.294, 0.067, 0.953),(-0.032, 0.000, 0.000),0.646,4.145,6.415,0.832,VALID,(0.270, 0.068, 0.960),(0.032, 0.000, 0.000),0.640,4.076,6.373,0.868,2,0.9417184
336797,1000001938104636300,63875742728995,(-0.075, 1.434, 0.283),(-0.007, -0.057, 0.019, 0.998),VALID,(0.272, 0.068, 0.960),(0.000, 0.000, 0.000),64.325,VALID,(0.294, 0.067, 0.954),(-0.032, 0.000, 0.000),0.646,4.144,6.415,0.832,VALID,(0.270, 0.068, 0.960),(0.032, 0.000, 0.000),0.640,4.081,6.373,0.869,2,0.9423915
336798,1000001938109618800,63875742729005,(-0.075, 1.434, 0.282),(-0.007, -0.057, 0.019, 0.998),VALID,(0.272, 0.069, 0.960),(0.000, 0.000, 0.000),64.325,VALID,(0.294, 0.067, 0.954),(-0.032, 0.000, 0.000),0.646,4.143,6.415,0.834,VALID,(0.271, 0.069, 0.960),(0.032, 0.000, 0.000),0.641,4.085,6.373,0.869,2,0.9505258
336799,1000001938114622700,63875742729005,(-0.075, 1.434, 0.282),(-0.007, -0.057, 0.019, 0.998),VALID,(0.272, 0.070, 0.960),(0.000, 0.000, 0.000),64.325,VALID,(0.294, 0.068, 0.954),(-0.032, 0.000, 0.000),0.646,4.143,6.415,0.834,VALID,(0.271, 0.070, 0.960),(0.032, 0.000, 0.000),0.641,4.088,6.373,0.870,2,0.9341042
336800,1000001938119634100,63875742729005,(-0.075, 1.434, 0.282),(-0.007, -0.057, 0.019, 0.998),VALID,(0.273, 0.070, 0.960),(0.000, 0.000, 0.000),64.325,VALID,(0.294, 0.068, 0.954),(-0.032, 0.000, 0.000),0.645,4.139,6.415,0.835,VALID,(0.271, 0.070, 0.960),(0.032, 0.000, 0.000),0.642,4.090,6.373,0.871,2,0.9497408
336801,1000001938124743600,63875742729017,(-0.075, 1.434, 0.282),(-0.007, -0.056, 0.019, 0.998),VALID,(0.273, 0.071, 0.959),(0.000, 0.000, 0.000),64.325,VALID,(0.294, 0.068, 0.953),(-0.032, 0.000, 0.000),0.643,4.123,6.415,0.836,VALID,(0.272, 0.071, 0.960),(0.032, 0.000, 0.000),0.642,4.092,6.373,0.872,2,0.9421165
336802,1000001938129752400,63875742729017,(-0.075, 1.434, 0.282),(-0.007, -0.056, 0.019, 0.998),VALID,(0.273, 0.072, 0.959),(0.000, 0.000, 0.000),64.325,VALID,(0.294, 0.068, 0.953),(-0.032, 0.000, 0.000),0.642,4.121,6.415,0.837,VALID,(0.272, 0.072, 0.960),(0.032, 0.000, 0.000),0.642,4.094,6.373,0.872,2,0.9738753
336803,1000001938134763800,63875742729028,(-0.075, 1.434, 0.282),(-0.007, -0.056, 0.018, 0.998),VALID,(0.274, 0.073, 0.959),(0.000, 0.000, 0.000),64.325,VALID,(0.294, 0.069, 0.953),(-0.032, 0.000, 0.000),0.642,4.120,6.415,0.839,VALID,(0.273, 0.073, 0.959),(0.032, 0.000, 0.000),0.643,4.096,6.373,0.873,2,0.9786819
336804,1000001938139772600,63875742729028,(-0.075, 1.434, 0.282),(-0.007, -0.056, 0.018, 0.998),VALID,(0.274, 0.073, 0.959),(0.000, 0.000, 0.000),64.325,VALID,(0.294, 0.069, 0.953),(-0.032, 0.000, 0.000),0.642,4.119,6.415,0.839,VALID,(0.273, 0.073, 0.959),(0.032, 0.000, 0.000),0.643,4.099,6.373,0.873,2,0.9882087
336805,1000001938144784000,63875742729039,(-0.075, 1.434, 0.282),(-0.007, -0.056, 0.018, 0.998),VALID,(0.274, 0.074, 0.959),(0.000, 0.000, 0.000),64.325,VALID,(0.303, 0.083, 0.949),(-0.032, 0.000, 0.000),0.607,3.894,6.415,0.840,VALID,(0.273, 0.074, 0.959),(0.032, 0.000, 0.000),0.643,4.100,6.373,0.874,2,0.9846128
336806,1000001938149792800,63875742729039,(-0.075, 1.434, 0.282),(-0.007, -0.056, 0.018, 0.998),VALID,(0.274, 0.074, 0.959),(0.000, 0.000, 0.000),64.325,VALID,(0.319, 0.099, 0.943),(-0.032, 0.000, 0.000),0.603,3.870,6.415,0.840,VALID,(0.274, 0.074, 0.959),(0.032, 0.000, 0.000),0.644,4.102,6.373,0.875,0.9872686,0.9929383
336807,1000001938154758800,63875742729039,(-0.075, 1.434, 0.282),(-0.007, -0.056, 0.018, 0.998),VALID,(0.275, 0.075, 0.959),(0.000, 0.000, 0.000),64.325,VALID,(0.315, 0.095, 0.944),(-0.032, 0.000, 0.000),0.602,3.862,6.415,0.842,VALID,(0.274, 0.075, 0.959),(0.032, 0.000, 0.000),0.644,4.104,6.373,0.875,2,0.9602243
336808,1000001938159749100,63875742729050,(-0.075, 1.435, 0.282),(-0.007, -0.056, 0.018, 0.998),VALID,(0.275, 0.075, 0.958),(0.000, 0.000, 0.000),64.325,VALID,(0.313, 0.093, 0.945),(-0.032, 0.000, 0.000),0.602,3.860,6.415,0.842,VALID,(0.274, 0.075, 0.959),(0.032, 0.000, 0.000),0.644,4.105,6.373,0.876,2,0.9644783
336809,1000001938164763300,63875742729050,(-0.075, 1.435, 0.282),(-0.007, -0.056, 0.018, 0.998),VALID,(0.276, 0.076, 0.958),(0.000, 0.000, 0.000),64.325,VALID,(0.311, 0.091, 0.946),(-0.032, 0.000, 0.000),0.602,3.859,6.415,0.842,VALID,(0.275, 0.076, 0.959),(0.032, 0.000, 0.000),0.644,4.107,6.373,0.876,2,0.9722003
336810,1000001938169774700,63875742729061,(-0.075, 1.435, 0.282),(-0.007, -0.056, 0.018, 0.998),VALID,(0.276, 0.076, 0.958),(0.000, 0.000, 0.000),64.325,VALID,(0.310, 0.089, 0.946),(-0.032, 0.000, 0.000),0.601,3.859,6.415,0.843,VALID,(0.275, 0.076, 0.958),(0.032, 0.000, 0.000),0.645,4.108,6.373,0.877,2,0.9798821
336811,1000001938174779100,63875742729062,(-0.075, 1.435, 0.282),(-0.007, -0.056, 0.018, 0.998),VALID,(0.276, 0.077, 0.958),(0.000, 0.000, 0.000),64.325,VALID,(0.323, 0.102, 0.941),(-0.032, 0.000, 0.000),0.601,3.858,6.415,0.843,VALID,(0.275, 0.077, 0.958),(0.032, 0.000, 0.000),0.645,4.110,6.373,0.877,0.9585441,0.970525
336812,1000001938179793000,63875742729073,(-0.075, 1.435, 0.282),(-0.007, -0.056, 0.018, 0.998),VALID,(0.276, 0.077, 0.958),(0.000, 0.000, 0.000),64.325,VALID,(0.319, 0.099, 0.942),(-0.032, 0.000, 0.000),0.601,3.859,6.415,0.844,VALID,(0.276, 0.077, 0.958),(0.032, 0.000, 0.000),0.645,4.111,6.373,0.878,2,0.9481272
336813,1000001938184801800,63875742729073,(-0.075, 1.435, 0.282),(-0.007, -0.056, 0.018, 0.998),VALID,(0.277, 0.078, 0.958),(0.000, 0.000, 0.000),64.325,VALID,(0.317, 0.096, 0.943),(-0.032, 0.000, 0.000),0.601,3.858,6.415,0.845,VALID,(0.276, 0.078, 0.958),(0.032, 0.000, 0.000),0.645,4.113,6.373,0.878,2,0.9538686
336814,1000001938189813400,63875742729084,(-0.075, 1.435, 0.282),(-0.007, -0.056, 0.018, 0.998),VALID,(0.277, 0.078, 0.958),(0.000, 0.000, 0.000),64.325,VALID,(0.316, 0.095, 0.944),(-0.032, 0.000, 0.000),0.601,3.856,6.415,0.847,VALID,(0.276, 0.078, 0.958),(0.032, 0.000, 0.000),0.646,4.116,6.373,0.879,2,0.9567682
336815,1000001938194822200,63875742729084,(-0.075, 1.435, 0.282),(-0.007, -0.056, 0.018, 0.998),VALID,(0.277, 0.079, 0.958),(0.000, 0.000, 0.000),64.325,VALID,(0.315, 0.094, 0.944),(-0.032, 0.000, 0.000),0.601,3.853,6.415,0.848,VALID,(0.277, 0.079, 0.958),(0.032, 0.000, 0.000),0.646,4.118,6.373,0.879,2,0.9563093
336816,1000001938199861900,63875742729095,(-0.075, 1.435, 0.282),(-0.007, -0.056, 0.018, 0.998),VALID,(0.278, 0.079, 0.957),(0.000, 0.000, 0.000),64.325,VALID,(0.314, 0.093, 0.945),(-0.032, 0.000, 0.000),0.631,4.049,6.415,0.849,VALID,(0.277, 0.079, 0.958),(0.032, 0.000, 0.000),0.647,4.121,6.373,0.880,2,0.9735493
336817,1000001938204870700,63875742729095,(-0.075, 1.435, 0.282),(-0.007, -0.056, 0.018, 0.998),VALID,(0.278, 0.079, 0.957),(0.000, 0.000, 0.000),64.325,VALID,(0.321, 0.102, 0.941),(-0.032, 0.000, 0.000),0.606,3.886,6.415,0.850,VALID,(0.277, 0.079, 0.958),(0.032, 0.000, 0.000),0.647,4.124,6.373,0.880,2,0.9625986
336818,1000001938209882300,63875742729095,(-0.075, 1.435, 0.282),(-0.007, -0.056, 0.018, 0.998),VALID,(0.278, 0.080, 0.957),(0.000, 0.000, 0.000),64.325,VALID,(0.333, 0.112, 0.936),(-0.032, 0.000, 0.000),0.604,3.873,6.415,0.849,VALID,(0.277, 0.080, 0.957),(0.032, 0.000, 0.000),0.647,4.126,6.373,0.881,0.786698,0.9650011
336819,1000001938214898200,63875742729106,(-0.076, 1.435, 0.282),(-0.007, -0.056, 0.019, 0.998),VALID,(0.279, 0.080, 0.957),(0.000, 0.000, 0.000),64.325,VALID,(0.344, 0.121, 0.931),(-0.032, 0.000, 0.000),0.603,3.866,6.415,0.850,VALID,(0.278, 0.080, 0.957),(0.032, 0.000, 0.000),0.648,4.127,6.373,0.881,0.6289402,0.9461265
336820,1000001938219909800,63875742729106,(-0.076, 1.435, 0.282),(-0.007, -0.056, 0.019, 0.998),VALID,(0.279, 0.081, 0.957),(0.000, 0.000, 0.000),64.325,VALID,(0.354, 0.129, 0.926),(-0.032, 0.000, 0.000),0.603,3.865,6.415,0.851,VALID,(0.278, 0.081, 0.957),(0.032, 0.000, 0.000),0.648,4.128,6.373,0.882,0.5350817,0.9571356
336821,1000001938224921400,63875742729117,(-0.076, 1.435, 0.282),(-0.007, -0.056, 0.019, 0.998),VALID,(0.279, 0.081, 0.957),(0.000, 0.000, 0.000),64.325,VALID,(0.344, 0.122, 0.931),(-0.032, 0.000, 0.000),0.602,3.864,6.415,0.851,VALID,(0.279, 0.081, 0.957),(0.032, 0.000, 0.000),0.648,4.129,6.373,0.882,0.6369286,0.9362491
336822,1000001938229948400,63875742729117,(-0.076, 1.435, 0.282),(-0.007, -0.056, 0.019, 0.998),VALID,(0.280, 0.082, 0.957),(0.000, 0.000, 0.000),64.325,VALID,(0.339, 0.117, 0.934),(-0.032, 0.000, 0.000),0.602,3.864,6.415,0.851,VALID,(0.279, 0.082, 0.957),(0.032, 0.000, 0.000),0.648,4.130,6.373,0.882,0.7182544,0.9221792
336823,1000001938235020400,63875742729128,(-0.075, 1.435, 0.282),(-0.007, -0.056, 0.019, 0.998),VALID,(0.280, 0.082, 0.956),(0.000, 0.000, 0.000),64.325,VALID,(0.347, 0.124, 0.930),(-0.032, 0.000, 0.000),0.602,3.863,6.415,0.852,VALID,(0.279, 0.082, 0.957),(0.032, 0.000, 0.000),0.648,4.131,6.373,0.883,0.621208,0.9202974
336824,1000001938240048700,63875742729128,(-0.075, 1.435, 0.282),(-0.007, -0.056, 0.019, 0.998),VALID,(0.280, 0.083, 0.956),(0.000, 0.000, 0.000),64.325,VALID,(0.354, 0.130, 0.926),(-0.032, 0.000, 0.000),0.602,3.862,6.415,0.854,VALID,(0.280, 0.083, 0.956),(0.032, 0.000, 0.000),0.649,4.135,6.373,0.883,0.5500026,0.9120987
336825,1000001938245077000,63875742729140,(-0.076, 1.435, 0.282),(-0.006, -0.056, 0.019, 0.998),VALID,(0.281, 0.084, 0.956),(0.000, 0.000, 0.000),64.325,VALID,(0.347, 0.124, 0.929),(-0.032, 0.000, 0.000),0.602,3.859,6.415,0.855,VALID,(0.280, 0.084, 0.956),(0.032, 0.000, 0.000),0.649,4.138,6.373,0.884,0.6260024,0.904169
336826,1000001938250090900,63875742729140,(-0.076, 1.435, 0.282),(-0.006, -0.056, 0.019, 0.998),VALID,(0.281, 0.084, 0.956),(0.000, 0.000, 0.000),64.325,VALID,(0.345, 0.120, 0.931),(-0.032, 0.000, 0.000),0.601,3.857,6.415,0.855,VALID,(0.280, 0.084, 0.956),(0.032, 0.000, 0.000),0.650,4.140,6.373,0.884,0.6731833,0.9473211
336827,1000001938255001700,63875742729150,(-0.075, 1.435, 0.282),(-0.006, -0.056, 0.019, 0.998),VALID,(0.281, 0.084, 0.956),(0.000, 0.000, 0.000),64.325,VALID,(0.349, 0.125, 0.929),(-0.032, 0.000, 0.000),0.601,3.853,6.415,0.855,VALID,(0.281, 0.084, 0.956),(0.032, 0.000, 0.000),0.650,4.143,6.373,0.885,0.6181222,0.9339402
336828,1000001938259997200,63875742729150,(-0.075, 1.435, 0.282),(-0.006, -0.056, 0.019, 0.998),VALID,(0.281, 0.085, 0.956),(0.000, 0.000, 0.000),64.325,VALID,(0.355, 0.130, 0.926),(-0.032, 0.000, 0.000),0.600,3.850,6.415,0.855,VALID,(0.281, 0.085, 0.956),(0.032, 0.000, 0.000),0.650,4.144,6.373,0.885,0.564904,0.9203746
336829,1000001938265011100,63875742729150,(-0.075, 1.435, 0.282),(-0.006, -0.056, 0.019, 0.998),VALID,(0.281, 0.085, 0.956),(0.000, 0.000, 0.000),64.325,VALID,(0.360, 0.134, 0.923),(-0.032, 0.000, 0.000),0.600,3.849,6.415,0.856,VALID,(0.281, 0.085, 0.956),(0.032, 0.000, 0.000),0.650,4.145,6.373,0.885,0.5206922,0.9275225
336830,1000001938270025000,63875742729161,(-0.075, 1.435, 0.282),(-0.006, -0.056, 0.018, 0.998),VALID,(0.282, 0.085, 0.956),(0.000, 0.000, 0.000),64.325,VALID,(0.365, 0.138, 0.921),(-0.032, 0.000, 0.000),0.600,3.847,6.415,0.857,VALID,(0.281, 0.085, 0.956),(0.032, 0.000, 0.000),0.651,4.146,6.373,0.886,0.4864797,0.9399772
336831,1000001938275034100,63875742729161,(-0.075, 1.435, 0.282),(-0.006, -0.056, 0.018, 0.998),VALID,(0.282, 0.085, 0.956),(0.000, 0.000, 0.000),64.325,VALID,(0.369, 0.141, 0.919),(-0.032, 0.000, 0.000),0.599,3.846,6.415,0.858,VALID,(0.282, 0.085, 0.956),(0.032, 0.000, 0.000),0.651,4.147,6.373,0.886,0.4607706,0.963646
336832,1000001938280041100,63875742729171,(-0.075, 1.435, 0.282),(-0.006, -0.056, 0.018, 0.998),VALID,(0.282, 0.085, 0.956),(0.000, 0.000, 0.000),64.325,VALID,(0.373, 0.143, 0.917),(-0.032, 0.000, 0.000),0.599,3.845,6.415,0.859,VALID,(0.282, 0.085, 0.956),(0.032, 0.000, 0.000),0.651,4.148,6.373,0.886,0.4418412,0.9658913
336833,1000001938285063800,63875742729172,(-0.075, 1.435, 0.282),(-0.006, -0.056, 0.018, 0.998),VALID,(0.282, 0.085, 0.955),(0.000, 0.000, 0.000),64.325,VALID,(0.376, 0.146, 0.915),(-0.032, 0.000, 0.000),0.599,3.844,6.415,0.860,VALID,(0.282, 0.085, 0.956),(0.032, 0.000, 0.000),0.651,4.148,6.373,0.887,0.427794,0.9696255
336834,1000001938290091800,63875742729183,(-0.075, 1.435, 0.282),(-0.006, -0.056, 0.018, 0.998),VALID,(0.283, 0.085, 0.955),(0.000, 0.000, 0.000),64.325,VALID,(0.378, 0.147, 0.914),(-0.032, 0.000, 0.000),0.599,3.844,6.415,0.860,VALID,(0.282, 0.085, 0.955),(0.032, 0.000, 0.000),0.651,4.148,6.373,0.887,0.4168482,0.9698818
336835,1000001938295114500,63875742729194,(-0.075, 1.435, 0.282),(-0.006, -0.056, 0.019, 0.998),VALID,(0.283, 0.086, 0.955),(0.000, 0.000, 0.000),64.325,VALID,(0.380, 0.149, 0.913),(-0.032, 0.000, 0.000),0.599,3.844,6.415,0.860,VALID,(0.283, 0.086, 0.955),(0.032, 0.000, 0.000),0.651,4.148,6.373,0.887,0.4088472,0.966242
336836,1000001938300142400,63875742729194,(-0.075, 1.435, 0.282),(-0.006, -0.056, 0.019, 0.998),VALID,(0.283, 0.086, 0.955),(0.000, 0.000, 0.000),64.325,VALID,(0.381, 0.150, 0.912),(-0.032, 0.000, 0.000),0.599,3.844,6.415,0.861,VALID,(0.283, 0.086, 0.955),(0.032, 0.000, 0.000),0.651,4.149,6.373,0.887,0.4027511,0.976869
336837,1000001938305165100,63875742729194,(-0.075, 1.435, 0.282),(-0.006, -0.056, 0.019, 0.998),VALID,(0.283, 0.086, 0.955),(0.000, 0.000, 0.000),64.325,VALID,(0.382, 0.151, 0.912),(-0.032, 0.000, 0.000),0.599,3.845,6.415,0.860,VALID,(0.283, 0.086, 0.955),(0.032, 0.000, 0.000),0.651,4.149,6.373,0.888,0.3983037,0.9827658
336838,1000001938310171300,63875742729205,(-0.076, 1.435, 0.282),(-0.006, -0.056, 0.019, 0.998),VALID,(0.284, 0.086, 0.955),(0.000, 0.000, 0.000),64.325,VALID,(0.383, 0.152, 0.911),(-0.032, 0.000, 0.000),0.599,3.845,6.415,0.860,VALID,(0.283, 0.086, 0.955),(0.032, 0.000, 0.000),0.651,4.150,6.373,0.888,0.3953978,0.986668
336839,1000001938315156000,63875742729205,(-0.076, 1.435, 0.282),(-0.006, -0.056, 0.019, 0.998),VALID,(0.284, 0.087, 0.955),(0.000, 0.000, 0.000),64.325,VALID,(0.384, 0.153, 0.911),(-0.032, 0.000, 0.000),0.599,3.846,6.415,0.861,VALID,(0.284, 0.087, 0.955),(0.032, 0.000, 0.000),0.651,4.150,6.373,0.888,0.3936068,0.9894275
336840,1000001938320150400,63875742729205,(-0.076, 1.435, 0.282),(-0.006, -0.056, 0.019, 0.998),VALID,(0.284, 0.087, 0.955),(0.000, 0.000, 0.000),64.325,VALID,(0.384, 0.153, 0.911),(-0.032, 0.000, 0.000),0.600,3.846,6.415,0.861,VALID,(0.284, 0.087, 0.955),(0.032, 0.000, 0.000),0.651,4.151,6.373,0.888,0.3927503,0.9943936
336841,1000001938325157400,63875742729217,(-0.075, 1.435, 0.282),(-0.006, -0.056, 0.019, 0.998),VALID,(0.284, 0.088, 0.955),(0.000, 0.000, 0.000),64.325,VALID,(0.378, 0.148, 0.914),(-0.032, 0.000, 0.000),0.600,3.846,6.415,0.861,VALID,(0.284, 0.088, 0.955),(0.032, 0.000, 0.000),0.651,4.151,6.373,0.888,0.4285301,0.9247816
336842,1000001938330148700,63875742729217,(-0.075, 1.435, 0.282),(-0.006, -0.056, 0.019, 0.998),VALID,(0.281, 0.092, 0.955),(0.000, 0.000, 0.000),64.325,VALID,(0.379, 0.148, 0.914),(-0.032, 0.000, 0.000),0.600,3.846,6.415,0.861,VALID,(0.281, 0.092, 0.955),(0.032, 0.000, 0.000),0.652,4.153,6.373,0.889,0.4322,0
336843,1000001938335155700,63875742729228,(-0.075, 1.435, 0.281),(-0.006, -0.056, 0.019, 0.998),VALID,(0.234, 0.093, 0.968),(0.000, 0.000, 0.000),64.325,VALID,(0.378, 0.149, 0.914),(-0.032, 0.000, 0.000),0.600,3.848,6.415,0.860,VALID,(0.234, 0.093, 0.968),(0.032, 0.000, 0.000),0.633,4.032,6.373,0.889,0.3436954,0
336844,1000001938340192100,63875742729228,(-0.075, 1.435, 0.281),(-0.006, -0.056, 0.019, 0.998),VALID,(0.187, 0.093, 0.978),(0.000, 0.000, 0.000),64.325,VALID,(0.377, 0.149, 0.914),(-0.032, 0.000, 0.000),0.594,3.808,6.415,0.859,VALID,(0.188, 0.093, 0.978),(0.032, 0.000, 0.000),0.630,4.016,6.373,0.889,0.2809877,0
336845,1000001938345199100,63875742729240,(-0.075, 1.435, 0.281),(-0.006, -0.056, 0.019, 0.998),VALID,(0.134, 0.096, 0.986),(0.000, 0.000, 0.000),64.325,VALID,(0.373, 0.149, 0.916),(-0.032, 0.000, 0.000),0.588,3.772,6.415,0.857,VALID,(0.135, 0.096, 0.986),(0.032, 0.000, 0.000),0.631,4.019,6.373,0.888,0.2347216,0
336846,1000001938350205400,63875742729240,(-0.075, 1.435, 0.281),(-0.006, -0.056, 0.019, 0.998),VALID,(0.153, 0.093, 0.984),(0.000, 0.000, 0.000),64.325,VALID,(0.365, 0.149, 0.919),(-0.032, 0.000, 0.000),0.582,3.734,6.415,0.854,VALID,(0.153, 0.093, 0.984),(0.032, 0.000, 0.000),0.632,4.030,6.373,0.888,0.2579624,0
