334845,1000001928320698400,63875742719207,(-0.065, 1.430, 0.283),(-0.016, -0.049, 0.011, 0.999),VALID,(-0.041, -0.124, 0.991),(0.000, 0.000, 0.000),64.325,VALID,(0.080, -0.065, 0.995),(-0.032, 0.000, 0.000),0.535,3.434,6.415,0.880,VALID,(-0.041, -0.124, 0.991),(0.032, 0.000, 0.000),0.570,3.632,6.373,0.886,0.4277362,1
334846,1000001928325747200,63875742719217,(-0.065, 1.430, 0.283),(-0.016, -0.049, 0.011, 0.999),VALID,(-0.039, -0.123, 0.992),(0.000, 0.000, 0.000),64.325,VALID,(0.081, -0.065, 0.995),(-0.032, 0.000, 0.000),0.536,3.440,6.415,0.880,VALID,(-0.039, -0.123, 0.992),(0.032, 0.000, 0.000),0.571,3.636,6.373,0.886,0.4326869,0.8236642
334847,1000001928330767700,63875742719217,(-0.065, 1.430, 0.283),(-0.016, -0.049, 0.011, 0.999),VALID,(-0.038, -0.122, 0.992),(0.000, 0.000, 0.000),64.325,VALID,(0.081, -0.065, 0.995),(-0.032, 0.000, 0.000),0.536,3.441,6.415,0.881,VALID,(-0.039, -0.122, 0.992),(0.032, 0.000, 0.000),0.572,3.644,6.373,0.886,0.4361621,0.8299568
334848,1000001928335769700,63875742719228,(-0.065, 1.430, 0.283),(-0.016, -0.049, 0.011, 0.999),VALID,(-0.038, -0.121, 0.992),(0.000, 0.000, 0.000),64.325,VALID,(0.081, -0.065, 0.995),(-0.032, 0.000, 0.000),0.537,3.443,6.415,0.881,VALID,(-0.038, -0.121, 0.992),(0.032, 0.000, 0.000),0.573,3.652,6.373,0.886,0.4386721,0.8234709
334849,1000001928340790200,63875742719228,(-0.065, 1.430, 0.283),(-0.016, -0.049, 0.011, 0.999),VALID,(-0.037, -0.121, 0.992),(0.000, 0.000, 0.000),64.325,VALID,(0.081, -0.065, 0.995),(-0.032, 0.000, 0.000),0.537,3.443,6.415,0.882,VALID,(-0.037, -0.121, 0.992),(0.032, 0.000, 0.000),0.574,3.659,6.373,0.886,0.4414975,0.8251084
334850,1000001928345818800,63875742719239,(-0.065, 1.430, 0.283),(-0.016, -0.049, 0.011, 0.999),VALID,(-0.036, -0.121, 0.992),(0.000, 0.000, 0.000),64.325,VALID,(0.081, -0.065, 0.995),(-0.032, 0.000, 0.000),0.536,3.440,6.415,0.882,VALID,(-0.036, -0.121, 0.992),(0.032, 0.000, 0.000),0.575,3.667,6.373,0.886,0.4446311,0.823866
334851,1000001928350820800,63875742719239,(-0.065, 1.430, 0.283),(-0.016, -0.049, 0.011, 0.999),VALID,(-0.035, -0.120, 0.992),(0.000, 0.000, 0.000),64.325,VALID,(0.081, -0.065, 0.995),(-0.032, 0.000, 0.000),0.536,3.439,6.415,0.882,VALID,(-0.035, -0.120, 0.992),(0.032, 0.000, 0.000),0.576,3.671,6.373,0.886,0.4478752,0.8192136
334852,1000001928355841300,63875742719251,(-0.065, 1.430, 0.283),(-0.016, -0.049, 0.011, 0.999),VALID,(-0.034, -0.120, 0.992),(0.000, 0.000, 0.000),64.325,VALID,(0.081, -0.065, 0.995),(-0.032, 0.000, 0.000),0.536,3.439,6.415,0.883,VALID,(-0.034, -0.120, 0.992),(0.032, 0.000, 0.000),0.576,3.674,6.373,0.886,0.4514668,0.8193012
334853,1000001928360843300,63875742719251,(-0.065, 1.430, 0.283),(-0.016, -0.049, 0.011, 0.999),VALID,(-0.033, -0.120, 0.992),(0.000, 0.000, 0.000),64.325,VALID,(0.081, -0.065, 0.995),(-0.032, 0.000, 0.000),0.536,3.439,6.415,0.883,VALID,(-0.032, -0.120, 0.992),(0.032, 0.000, 0.000),0.577,3.677,6.373,0.886,0.4553677,0.8165289
334854,1000001928365863800,63875742719251,(-0.065, 1.430, 0.283),(-0.016, -0.049, 0.011, 0.999),VALID,(-0.032, -0.119, 0.992),(0.000, 0.000, 0.000),64.325,VALID,(0.081, -0.065, 0.995),(-0.032, 0.000, 0.000),0.538,3.450,6.415,0.883,VALID,(-0.031, -0.119, 0.992),(0.032, 0.000, 0.000),0.578,3.682,6.373,0.886,0.4600481,0.7597873
334855,1000001928370884300,63875742719262,(-0.065, 1.430, 0.283),(-0.016, -0.049, 0.011, 0.999),VALID,(-0.030, -0.119, 0.992),(0.000, 0.000, 0.000),64.325,VALID,(0.072, -0.069, 0.995),(-0.032, 0.000, 0.000),0.540,3.462,6.415,0.883,VALID,(-0.030, -0.119, 0.992),(0.032, 0.000, 0.000),0.579,3.688,6.373,0.886,0.505839,0.6490097
334856,1000001928375863100,63875742719262,(-0.065, 1.430, 0.283),(-0.016, -0.049, 0.011, 0.999),VALID,(-0.030, -0.119, 0.992),(0.000, 0.000, 0.000),64.325,VALID,(0.072, -0.068, 0.995),(-0.032, 0.000, 0.000),0.539,3.457,6.415,0.883,VALID,(-0.030, -0.119, 0.992),(0.032, 0.000, 0.000),0.580,3.694,6.373,0.885,0.5025869,0.558749
334857,1000001928380904900,63875742719272,(-0.065, 1.430, 0.283),(-0.016, -0.049, 0.011, 0.999),VALID,(-0.026, -0.119, 0.993),(0.000, 0.000, 0.000),64.325,VALID,(0.072, -0.067, 0.995),(-0.032, 0.000, 0.000),0.533,3.419,6.415,0.882,VALID,(-0.025, -0.119, 0.993),(0.032, 0.000, 0.000),0.580,3.695,6.373,0.884,0.5125697,0.1568318
334858,1000001928386157700,63875742719272,(-0.065, 1.430, 0.283),(-0.016, -0.049, 0.011, 0.999),VALID,(-0.019, -0.113, 0.993),(0.000, 0.000, 0.000),64.325,VALID,(0.068, -0.067, 0.995),(-0.032, 0.000, 0.000),0.539,3.460,6.415,0.881,VALID,(-0.023, -0.113, 0.993),(0.032, 0.000, 0.000),0.580,3.696,6.373,0.882,0.5621344,0
334859,1000001928391159000,63875742719284,(-0.065, 1.430, 0.283),(-0.016, -0.049, 0.011, 0.999),VALID,(-0.019, -0.106, 0.994),(0.000, 0.000, 0.000),64.325,VALID,(0.065, -0.058, 0.996),(-0.032, 0.000, 0.000),0.539,3.460,6.415,0.880,VALID,(-0.023, -0.106, 0.994),(0.032, 0.000, 0.000),0.580,3.699,6.373,0.878,0.5587294,0
334860,1000001928396170500,63875742719284,(-0.065, 1.430, 0.283),(-0.016, -0.049, 0.011, 0.999),VALID,(-0.021, -0.095, 0.995),(0.000, 0.000, 0.000),64.325,VALID,(0.062, -0.042, 0.997),(-0.032, 0.000, 0.000),0.538,3.454,6.415,0.878,VALID,(-0.023, -0.095, 0.995),(0.032, 0.000, 0.000),0.581,3.705,6.373,0.875,0.5415319,0
334861,1000001928401191000,63875742719295,(-0.065, 1.430, 0.283),(-0.016, -0.049, 0.011, 0.999),VALID,(-0.022, -0.082, 0.996),(0.000, 0.000, 0.000),64.325,VALID,(0.060, -0.025, 0.998),(-0.032, 0.000, 0.000),0.528,3.386,6.415,0.876,VALID,(-0.025, -0.082, 0.996),(0.032, 0.000, 0.000),0.582,3.712,6.373,0.870,0.5197586,0
334862,1000001928406211500,63875742719295,(-0.065, 1.430, 0.283),(-0.016, -0.049, 0.011, 0.999),VALID,(-0.025, -0.062, 0.998),(0.000, 0.000, 0.000),64.325,VALID,(0.058, -0.007, 0.998),(-0.032, 0.000, 0.000),0.523,3.355,6.415,0.875,VALID,(-0.027, -0.062, 0.998),(0.032, 0.000, 0.000),0.586,3.732,6.373,0.866,0.535219,0
334863,1000001928411232900,63875742719306,(-0.065, 1.430, 0.283),(-0.016, -0.049, 0.011, 0.999),VALID,(-0.026, -0.044, 0.999),(0.000, 0.000, 0.000),64.325,VALID,(0.056, 0.008, 0.998),(-0.032, 0.000, 0.000),0.521,3.344,6.415,0.874,VALID,(-0.028, -0.044, 0.999),(0.032, 0.000, 0.000),0.587,3.739,6.373,0.863,0.5557673,0
334864,1000001928416253400,63875742719306,(-0.065, 1.430, 0.283),(-0.016, -0.049, 0.011, 0.999),VALID,(-0.027, -0.029, 0.999),(0.000, 0.000, 0.000),64.325,VALID,(0.053, 0.022, 0.998),(-0.032, 0.000, 0.000),0.526,3.372,6.415,0.873,VALID,(-0.029, -0.029, 0.999),(0.032, 0.000, 0.000),0.588,3.746,6.373,0.861,0.5648252,0
334865,1000001928420986600,63875742719306,(-0.065, 1.430, 0.283),(-0.016, -0.049, 0.011, 0.999),VALID,(-0.028, -0.017, 0.999),(0.000, 0.000, 0.000),64.325,VALID,(0.051, 0.032, 0.998),(-0.032, 0.000, 0.000),0.528,3.390,6.415,0.873,VALID,(-0.030, -0.017, 0.999),(0.032, 0.000, 0.000),0.588,3.748,6.373,0.859,0.5748926,0
334866,1000001928426007100,63875742719317,(-0.065, 1.430, 0.283),(-0.016, -0.049, 0.011, 0.999),VALID,(-0.030, -0.009, 0.999),(0.000, 0.000, 0.000),64.325,VALID,(0.049, 0.040, 0.998),(-0.032, 0.000, 0.000),0.529,3.396,6.415,0.872,VALID,(-0.032, -0.009, 0.999),(0.032, 0.000, 0.000),0.588,3.749,6.373,0.857,0.5795913,0
334867,1000001928430987200,63875742719317,(-0.065, 1.430, 0.283),(-0.016, -0.049, 0.011, 0.999),VALID,(-0.033, 0.014, 0.999),(0.000, 0.000, 0.000),64.325,VALID,(0.047, 0.046, 0.998),(-0.032, 0.000, 0.000),0.533,3.417,6.415,0.872,VALID,(-0.034, 0.014, 0.999),(0.032, 0.000, 0.000),0.588,3.750,6.373,0.856,0.6846356,0
334868,1000001928436011600,63875742719328,(-0.065, 1.430, 0.283),(-0.016, -0.049, 0.011, 0.999),VALID,(-0.036, 0.029, 0.999),(0.000, 0.000, 0.000),64.325,VALID,(0.044, 0.054, 0.998),(-0.032, 0.000, 0.000),0.556,3.567,6.415,0.873,VALID,(-0.037, 0.029, 0.999),(0.032, 0.000, 0.000),0.589,3.751,6.373,0.855,0.7270352,0
334869,1000001928441033000,63875742719328,(-0.065, 1.430, 0.283),(-0.016, -0.049, 0.011, 0.999),VALID,(-0.038, 0.022, 0.999),(0.000, 0.000, 0.000),64.325,VALID,(0.041, 0.061, 0.997),(-0.032, 0.000, 0.000),0.564,3.618,6.415,0.873,VALID,(-0.039, 0.022, 0.999),(0.032, 0.000, 0.000),0.589,3.752,6.373,0.854,0.6528696,0
334870,1000001928446028500,63875742719340,(-0.065, 1.430, 0.283),(-0.016, -0.050, 0.011, 0.999),VALID,(-0.041, 0.033, 0.999),(0.000, 0.000, 0.000),64.325,VALID,(0.017, 0.060, 0.998),(-0.032, 0.000, 0.000),0.568,3.642,6.415,0.873,VALID,(-0.041, 0.033, 0.999),(0.032, 0.000, 0.000),0.589,3.753,6.373,0.854,0.917498,0
334871,1000001928451049900,63875742719340,(-0.065, 1.430, 0.283),(-0.016, -0.050, 0.011, 0.999),VALID,(-0.043, 0.041, 0.998),(0.000, 0.000, 0.000),64.325,VALID,(-0.004, 0.059, 0.998),(-0.032, 0.000, 0.000),0.576,3.694,6.415,0.873,VALID,(-0.044, 0.041, 0.998),(0.032, 0.000, 0.000),0.589,3.756,6.373,0.854,2,0
334872,1000001928456092200,63875742719350,(-0.065, 1.430, 0.283),(-0.016, -0.050, 0.011, 0.999),VALID,(-0.045, 0.045, 0.998),(0.000, 0.000, 0.000),64.325,VALID,(-0.020, 0.058, 0.998),(-0.032, 0.000, 0.000),0.575,3.691,6.415,0.873,VALID,(-0.046, 0.045, 0.998),(0.032, 0.000, 0.000),0.590,3.758,6.373,0.853,2,0
334873,1000001928461116600,63875742719350,(-0.065, 1.430, 0.283),(-0.016, -0.050, 0.011, 0.999),VALID,(-0.047, 0.035, 0.998),(0.000, 0.000, 0.000),64.325,VALID,(-0.031, 0.047, 0.998),(-0.032, 0.000, 0.000),0.571,3.666,6.415,0.873,VALID,(-0.047, 0.035, 0.998),(0.032, 0.000, 0.000),0.590,3.758,6.373,0.853,2,0
334874,1000001928466141000,63875742719350,(-0.065, 1.430, 0.283),(-0.016, -0.050, 0.011, 0.999),VALID,(-0.048, 0.040, 0.998),(0.000, 0.000, 0.000),64.325,VALID,(-0.039, 0.049, 0.998),(-0.032, 0.000, 0.000),0.571,3.663,6.415,0.873,VALID,(-0.048, 0.040, 0.998),(0.032, 0.000, 0.000),0.590,3.758,6.373,0.853,2,0
334875,1000001928471158800,63875742719362,(-0.065, 1.430, 0.283),(-0.016, -0.050, 0.011, 0.999),VALID,(-0.050, 0.044, 0.998),(0.000, 0.000, 0.000),64.325,VALID,(-0.044, 0.050, 0.998),(-0.032, 0.000, 0.000),0.571,3.664,6.415,0.873,VALID,(-0.050, 0.044, 0.998),(0.032, 0.000, 0.000),0.590,3.758,6.373,0.853,2,0
334876,1000001928476183200,63875742719362,(-0.065, 1.430, 0.283),(-0.016, -0.050, 0.011, 0.999),VALID,(-0.051, 0.047, 0.998),(0.000, 0.000, 0.000),64.325,VALID,(-0.048, 0.051, 0.998),(-0.032, 0.000, 0.000),0.572,3.673,6.415,0.873,VALID,(-0.051, 0.047, 0.998),(0.032, 0.000, 0.000),0.590,3.758,6.373,0.852,2,0
334877,1000001928481168500,63875742719372,(-0.065, 1.430, 0.283),(-0.016, -0.050, 0.011, 0.999),VALID,(-0.052, 0.048, 0.998),(0.000, 0.000, 0.000),64.325,VALID,(-0.050, 0.051, 0.997),(-0.032, 0.000, 0.000),0.574,3.683,6.415,0.873,VALID,(-0.052, 0.048, 0.998),(0.032, 0.000, 0.000),0.590,3.758,6.373,0.852,2,0
334878,1000001928486163900,63875742719372,(-0.065, 1.430, 0.283),(-0.016, -0.050, 0.011, 0.999),VALID,(-0.052, 0.049, 0.997),(0.000, 0.000, 0.000),64.325,VALID,(-0.052, 0.051, 0.997),(-0.032, 0.000, 0.000),0.575,3.688,6.415,0.874,VALID,(-0.052, 0.049, 0.997),(0.032, 0.000, 0.000),0.590,3.759,6.373,0.852,2,0
334879,1000001928491166200,63875742719384,(-0.064, 1.430, 0.282),(-0.016, -0.050, 0.011, 0.999),VALID,(-0.052, 0.040, 0.998),(0.000, 0.000, 0.000),64.325,VALID,(-0.052, 0.045, 0.998),(-0.032, 0.000, 0.000),0.575,3.691,6.415,0.874,VALID,(-0.052, 0.040, 0.998),(0.032, 0.000, 0.000),0.590,3.759,6.373,0.852,2,0
334880,1000001928496146400,63875742719384,(-0.064, 1.430, 0.282),(-0.016, -0.050, 0.011, 0.999),VALID,(-0.053, 0.042, 0.998),(0.000, 0.000, 0.000),64.325,VALID,(-0.053, 0.046, 0.998),(-0.032, 0.000, 0.000),0.576,3.694,6.415,0.874,VALID,(-0.053, 0.042, 0.998),(0.032, 0.000, 0.000),0.590,3.759,6.373,0.852,2,0
334881,1000001928501158800,63875742719395,(-0.064, 1.430, 0.282),(-0.016, -0.050, 0.011, 0.999),VALID,(-0.053, 0.044, 0.998),(0.000, 0.000, 0.000),64.325,VALID,(-0.053, 0.047, 0.997),(-0.032, 0.000, 0.000),0.576,3.697,6.415,0.874,VALID,(-0.053, 0.044, 0.998),(0.032, 0.000, 0.000),0.590,3.758,6.373,0.852,2,0
334882,1000001928506171200,63875742719395,(-0.064, 1.430, 0.282),(-0.016, -0.050, 0.011, 0.999),VALID,(-0.053, 0.046, 0.998),(0.000, 0.000, 0.000),64.325,VALID,(-0.053, 0.047, 0.997),(-0.032, 0.000, 0.000),0.577,3.699,6.415,0.874,VALID,(-0.053, 0.046, 0.998),(0.032, 0.000, 0.000),0.590,3.759,6.373,0.852,2,0
334883,1000001928511208800,63875742719405,(-0.064, 1.430, 0.282),(-0.016, -0.050, 0.011, 0.999),VALID,(-0.053, 0.039, 0.998),(0.000, 0.000, 0.000),64.325,VALID,(-0.053, 0.044, 0.998),(-0.032, 0.000, 0.000),0.577,3.699,6.415,0.874,VALID,(-0.053, 0.039, 0.998),(0.032, 0.000, 0.000),0.590,3.759,6.373,0.852,2,0
334884,1000001928516222700,63875742719405,(-0.064, 1.430, 0.282),(-0.016, -0.050, 0.011, 0.999),VALID,(-0.052, 0.036, 0.998),(0.000, 0.000, 0.000),64.325,VALID,(-0.052, 0.043, 0.998),(-0.032, 0.000, 0.000),0.572,3.672,6.415,0.874,VALID,(-0.052, 0.036, 0.998),(0.032, 0.000, 0.000),0.590,3.759,6.373,0.852,2,0
334885,1000001928521240500,63875742719405,(-0.064, 1.430, 0.282),(-0.016, -0.050, 0.011, 0.999),VALID,(-0.052, 0.033, 0.998),(0.000, 0.000, 0.000),64.325,VALID,(-0.052, 0.040, 0.998),(-0.032, 0.000, 0.000),0.540,3.466,6.415,0.875,VALID,(-0.052, 0.033, 0.998),(0.032, 0.000, 0.000),0.590,3.758,6.373,0.852,2,0
334886,1000001928526254400,63875742719417,(-0.064, 1.430, 0.282),(-0.016, -0.050, 0.011, 0.999),VALID,(-0.052, 0.032, 0.998),(0.000, 0.000, 0.000),64.325,VALID,(-0.051, 0.036, 0.998),(-0.032, 0.000, 0.000),0.536,3.435,6.415,0.875,VALID,(-0.052, 0.032, 0.998),(0.032, 0.000, 0.000),0.590,3.757,6.373,0.852,2,0
334887,1000001928531254600,63875742719417,(-0.064, 1.430, 0.282),(-0.016, -0.050, 0.011, 0.999),VALID,(-0.052, 0.031, 0.998),(0.000, 0.000, 0.000),64.325,VALID,(-0.051, 0.032, 0.998),(-0.032, 0.000, 0.000),0.535,3.429,6.415,0.876,VALID,(-0.052, 0.031, 0.998),(0.032, 0.000, 0.000),0.589,3.755,6.373,0.853,2,0
334888,1000001928536249600,63875742719428,(-0.064, 1.430, 0.282),(-0.016, -0.049, 0.011, 0.999),VALID,(-0.051, 0.029, 0.998),(0.000, 0.000, 0.000),64.325,VALID,(-0.051, 0.028, 0.998),(-0.032, 0.000, 0.000),0.533,3.421,6.415,0.876,VALID,(-0.052, 0.029, 0.998),(0.032, 0.000, 0.000),0.589,3.753,6.373,0.853,2,0
334889,1000001928541263500,63875742719428,(-0.064, 1.430, 0.282),(-0.016, -0.049, 0.011, 0.999),VALID,(-0.051, 0.026, 0.998),(0.000, 0.000, 0.000),64.325,VALID,(-0.050, 0.024, 0.998),(-0.032, 0.000, 0.000),0.532,3.413,6.415,0.876,VALID,(-0.051, 0.026, 0.998),(0.032, 0.000, 0.000),0.589,3.751,6.373,0.853,2,0
334890,1000001928546275700,63875742719439,(-0.064, 1.430, 0.282),(-0.016, -0.049, 0.011, 0.999),VALID,(-0.051, 0.023, 0.998),(0.000, 0.000, 0.000),64.325,VALID,(-0.050, 0.020, 0.999),(-0.032, 0.000, 0.000),0.536,3.439,6.415,0.877,VALID,(-0.051, 0.023, 0.998),(0.032, 0.000, 0.000),0.588,3.749,6.373,0.853,2,0
334891,1000001928551287000,63875742719439,(-0.064, 1.430, 0.282),(-0.016, -0.049, 0.011, 0.999),VALID,(-0.051, 0.021, 0.998),(0.000, 0.000, 0.000),64.325,VALID,(-0.050, 0.017, 0.999),(-0.032, 0.000, 0.000),0.539,3.459,6.415,0.877,VALID,(-0.051, 0.021, 0.998),(0.032, 0.000, 0.000),0.588,3.748,6.373,0.854,2,0
334892,1000001928556290200,63875742719450,(-0.064, 1.430, 0.282),(-0.016, -0.049, 0.011, 0.999),VALID,(-0.051, 0.018, 0.999),(0.000, 0.000, 0.000),64.325,VALID,(-0.049, 0.015, 0.999),(-0.032, 0.000, 0.000),0.540,3.466,6.415,0.878,VALID,(-0.051, 0.018, 0.999),(0.032, 0.000, 0.000),0.588,3.748,6.373,0.854,2,0
334893,1000001928561304700,63875742719450,(-0.064, 1.430, 0.282),(-0.016, -0.049, 0.011, 0.999),VALID,(-0.051, 0.016, 0.999),(0.000, 0.000, 0.000),64.325,VALID,(-0.049, 0.013, 0.999),(-0.032, 0.000, 0.000),0.541,3.468,6.415,0.878,VALID,(-0.051, 0.016, 0.999),(0.032, 0.000, 0.000),0.588,3.748,6.373,0.854,2,0
334894,1000001928566340400,63875742719450,(-0.064, 1.430, 0.282),(-0.016, -0.049, 0.011, 0.999),VALID,(-0.050, 0.014, 0.999),(0.000, 0.000, 0.000),64.325,VALID,(-0.049, 0.011, 0.999),(-0.032, 0.000, 0.000),0.541,3.469,6.415,0.878,VALID,(-0.050, 0.014, 0.999),(0.032, 0.000, 0.000),0.588,3.748,6.373,0.855,2,0
334895,1000001928571352600,63875742719462,(-0.064, 1.430, 0.282),(-0.016, -0.049, 0.011, 0.999),VALID,(-0.050, 0.013, 0.999),(0.000, 0.000, 0.000),64.325,VALID,(-0.049, 0.010, 0.999),(-0.032, 0.000, 0.000),0.558,3.580,6.415,0.879,VALID,(-0.050, 0.013, 0.999),(0.032, 0.000, 0.000),0.588,3.748,6.373,0.855,2,0
334896,1000001928576364800,63875742719462,(-0.064, 1.430, 0.282),(-0.016, -0.049, 0.011, 0.999),VALID,(-0.050, 0.011, 0.999),(0.000, 0.000, 0.000),64.325,VALID,(-0.049, 0.009, 0.999),(-0.032, 0.000, 0.000),0.558,3.578,6.415,0.879,VALID,(-0.050, 0.011, 0.999),(0.032, 0.000, 0.000),0.588,3.748,6.373,0.856,2,0
334897,1000001928581372500,63875742719472,(-0.064, 1.430, 0.282),(-0.016, -0.049, 0.011, 0.999),VALID,(-0.050, 0.010, 0.999),(0.000, 0.000, 0.000),64.325,VALID,(-0.049, 0.008, 0.999),(-0.032, 0.000, 0.000),0.556,3.568,6.415,0.880,VALID,(-0.050, 0.010, 0.999),(0.032, 0.000, 0.000),0.588,3.748,6.373,0.856,2,0
334898,1000001928586380200,63875742719472,(-0.064, 1.430, 0.282),(-0.016, -0.049, 0.011, 0.999),VALID,(-0.050, 0.009, 0.999),(0.000, 0.000, 0.000),64.325,VALID,(-0.048, 0.007, 0.999),(-0.032, 0.000, 0.000),0.555,3.563,6.415,0.880,VALID,(-0.050, 0.009, 0.999),(0.032, 0.000, 0.000),0.588,3.748,6.373,0.857,2,0
334899,1000001928591359600,63875742719484,(-0.064, 1.430, 0.282),(-0.016, -0.049, 0.011, 0.999),VALID,(-0.050, 0.008, 0.999),(0.000, 0.000, 0.000),64.325,VALID,(-0.048, 0.007, 0.999),(-0.032, 0.000, 0.000),0.567,3.640,6.415,0.881,VALID,(-0.050, 0.008, 0.999),(0.032, 0.000, 0.000),0.588,3.749,6.373,0.857,2,0.4343502
334900,1000001928596385200,63875742719484,(-0.064, 1.430, 0.282),(-0.016, -0.049, 0.011, 0.999),VALID,(-0.050, 0.008, 0.999),(0.000, 0.000, 0.000),64.325,VALID,(-0.048, 0.006, 0.999),(-0.032, 0.000, 0.000),0.575,3.687,6.415,0.881,VALID,(-0.050, 0.008, 0.999),(0.032, 0.000, 0.000),0.588,3.749,6.373,0.857,2,0.4387244
334901,1000001928601431100,63875742719495,(-0.064, 1.430, 0.282),(-0.016, -0.049, 0.011, 0.999),VALID,(-0.050, 0.007, 0.999),(0.000, 0.000, 0.000),64.325,VALID,(-0.048, 0.006, 0.999),(-0.032, 0.000, 0.000),0.569,3.653,6.415,0.881,VALID,(-0.050, 0.007, 0.999),(0.032, 0.000, 0.000),0.588,3.749,6.373,0.858,2,0.4413123
334902,1000001928606424500,63875742719495,(-0.064, 1.430, 0.282),(-0.016, -0.049, 0.011, 0.999),VALID,(-0.049, 0.007, 0.999),(0.000, 0.000, 0.000),64.325,VALID,(-0.048, 0.006, 0.999),(-0.032, 0.000, 0.000),0.553,3.546,6.415,0.882,VALID,(-0.049, 0.007, 0.999),(0.032, 0.000, 0.000),0.588,3.749,6.373,0.858,2,1
334903,1000001928611420300,63875742719505,(-0.064, 1.430, 0.282),(-0.016, -0.049, 0.011, 0.999),VALID,(-0.049, 0.006, 0.999),(0.000, 0.000, 0.000),64.325,VALID,(-0.048, 0.005, 0.999),(-0.032, 0.000, 0.000),0.548,3.512,6.415,0.884,VALID,(-0.049, 0.006, 0.999),(0.032, 0.000, 0.000),0.588,3.749,6.373,0.859,2,1
334904,1000001928616432500,63875742719505,(-0.064, 1.430, 0.282),(-0.016, -0.049, 0.011, 0.999),VALID,(-0.049, 0.006, 0.999),(0.000, 0.000, 0.000),64.325,VALID,(-0.048, 0.005, 0.999),(-0.032, 0.000, 0.000),0.546,3.501,6.415,0.885,VALID,(-0.049, 0.006, 0.999),(0.032, 0.000, 0.000),0.588,3.750,6.373,0.859,2,1
334905,1000001928621481500,63875742719505,(-0.064, 1.430, 0.282),(-0.016, -0.049, 0.011, 0.999),VALID,(-0.049, 0.005, 0.999),(0.000, 0.000, 0.000),64.325,VALID,(-0.048, 0.004, 0.999),(-0.032, 0.000, 0.000),0.540,3.461,6.415,0.886,VALID,(-0.049, 0.005, 0.999),(0.032, 0.000, 0.000),0.589,3.751,6.373,0.860,2,1
334906,1000001928626493700,63875742719517,(-0.064, 1.430, 0.282),(-0.016, -0.049, 0.011, 0.999),VALID,(-0.049, 0.005, 0.999),(0.000, 0.000, 0.000),64.325,VALID,(-0.047, 0.004, 0.999),(-0.032, 0.000, 0.000),0.537,3.445,6.415,0.886,VALID,(-0.049, 0.005, 0.999),(0.032, 0.000, 0.000),0.589,3.753,6.373,0.860,2,1
334907,1000001928631505900,63875742719517,(-0.064, 1.430, 0.282),(-0.016, -0.049, 0.011, 0.999),VALID,(-0.049, 0.005, 0.999),(0.000, 0.000, 0.000),64.325,VALID,(-0.047, 0.004, 0.999),(-0.032, 0.000, 0.000),0.535,3.433,6.415,0.887,VALID,(-0.049, 0.005, 0.999),(0.032, 0.000, 0.000),0.589,3.754,6.373,0.860,2,1
334908,1000001928636509100,63875742719528,(-0.064, 1.430, 0.282),(-0.016, -0.049, 0.011, 0.999),VALID,(-0.048, 0.004, 0.999),(0.000, 0.000, 0.000),64.325,VALID,(-0.047, 0.004, 0.999),(-0.032, 0.000, 0.000),0.537,3.443,6.415,0.887,VALID,(-0.048, 0.004, 0.999),(0.032, 0.000, 0.000),0.589,3.754,6.373,0.861,2,1
334909,1000001928641578800,63875742719528,(-0.064, 1.430, 0.282),(-0.016, -0.049, 0.011, 0.999),VALID,(-0.048, 0.004, 0.999),(0.000, 0.000, 0.000),64.325,VALID,(-0.047, 0.004, 0.999),(-0.032, 0.000, 0.000),0.537,3.445,6.415,0.887,VALID,(-0.048, 0.004, 0.999),(0.032, 0.000, 0.000),0.589,3.755,6.373,0.861,2,1
334910,1000001928646582000,63875742719540,(-0.064, 1.430, 0.282),(-0.016, -0.049, 0.011, 0.999),VALID,(-0.048, 0.004, 0.999),(0.000, 0.000, 0.000),64.325,VALID,(-0.047, 0.004, 0.999),(-0.032, 0.000, 0.000),0.545,3.499,6.415,0.887,VALID,(-0.048, 0.004, 0.999),(0.032, 0.000, 0.000),0.589,3.756,6.373,0.861,2,1
334911,1000001928651594200,63875742719540,(-0.064, 1.430, 0.282),(-0.016, -0.049, 0.011, 0.999),VALID,(-0.048, 0.004, 0.999),(0.000, 0.000, 0.000),64.325,VALID,(-0.047, 0.004, 0.999),(-0.032, 0.000, 0.000),0.553,3.549,6.415,0.887,VALID,(-0.048, 0.004, 0.999),(0.032, 0.000, 0.000),0.590,3.757,6.373,0.861,2,1
334912,1000001928656606400,63875742719551,(-0.064, 1.430, 0.282),(-0.016, -0.049, 0.011, 0.999),VALID,(-0.048, 0.004, 0.999),(0.000, 0.000, 0.000),64.325,VALID,(-0.047, 0.004, 0.999),(-0.032, 0.000, 0.000),0.558,3.577,6.415,0.887,VALID,(-0.048, 0.004, 0.999),(0.032, 0.000, 0.000),0.590,3.758,6.373,0.862,2,1
334913,1000001928661560500,63875742719551,(-0.064, 1.430, 0.282),(-0.016, -0.049, 0.011, 0.999),VALID,(-0.048, 0.004, 0.999),(0.000, 0.000, 0.000),64.325,VALID,(-0.047, 0.004, 0.999),(-0.032, 0.000, 0.000),0.561,3.600,6.415,0.888,VALID,(-0.048, 0.004, 0.999),(0.032, 0.000, 0.000),0.590,3.758,6.373,0.862,2,1
334914,1000001928666590100,63875742719562,(-0.064, 1.430, 0.282),(-0.016, -0.049, 0.011, 0.999),VALID,(-0.048, 0.004, 0.999),(0.000, 0.000, 0.000),64.325,VALID,(-0.047, 0.004, 0.999),(-0.032, 0.000, 0.000),0.562,3.608,6.415,0.888,VALID,(-0.048, 0.004, 0.999),(0.032, 0.000, 0.000),0.590,3.759,6.373,0.862,2,1
334915,1000001928671604600,63875742719562,(-0.064, 1.430, 0.282),(-0.016, -0.049, 0.011, 0.999),VALID,(-0.048, 0.003, 0.999),(0.000, 0.000, 0.000),64.325,VALID,(-0.037, 0.009, 0.999),(-0.032, 0.000, 0.000),0.571,3.666,6.415,0.888,VALID,(-0.048, 0.003, 0.999),(0.032, 0.000, 0.000),0.590,3.759,6.373,0.862,2,0.9581728
334916,1000001928676636200,63875742719562,(-0.064, 1.430, 0.282),(-0.016, -0.049, 0.011, 0.999),VALID,(-0.048, 0.003, 0.999),(0.000, 0.000, 0.000),64.325,VALID,(-0.018, 0.027, 0.999),(-0.032, 0.000, 0.000),0.605,3.879,6.415,0.888,VALID,(-0.048, 0.003, 0.999),(0.032, 0.000, 0.000),0.590,3.762,6.373,0.862,2,0.8178701
334917,1000001928681656200,63875742719572,(-0.064, 1.430, 0.282),(-0.016, -0.050, 0.011, 0.999),VALID,(-0.046, 0.003, 0.999),(0.000, 0.000, 0.000),64.325,VALID,(0.004, 0.052, 0.999),(-0.032, 0.000, 0.000),0.613,3.934,6.415,0.889,VALID,(-0.046, 0.003, 0.999),(0.032, 0.000, 0.000),0.591,3.769,6.373,0.862,0.6597505,0.5487315
334918,1000001928686672800,63875742719573,(-0.064, 1.430, 0.282),(-0.016, -0.050, 0.011, 0.999),VALID,(-0.043, 0.004, 0.999),(0.000, 0.000, 0.000),64.325,VALID,(0.023, 0.075, 0.997),(-0.032, 0.000, 0.000),0.616,3.953,6.415,0.888,VALID,(-0.043, 0.004, 0.999),(0.032, 0.000, 0.000),0.591,3.767,6.373,0.861,0.4485826,0.3304816
334919,1000001928691650700,63875742719584,(-0.064, 1.430, 0.282),(-0.016, -0.049, 0.011, 0.999),VALID,(-0.039, 0.004, 0.999),(0.000, 0.000, 0.000),64.325,VALID,(0.041, 0.096, 0.995),(-0.032, 0.000, 0.000),0.616,3.954,6.415,0.888,VALID,(-0.038, 0.004, 0.999),(0.032, 0.000, 0.000),0.588,3.749,6.373,0.861,0.3446781,0.2587996
334920,1000001928696667300,63875742719584,(-0.064, 1.430, 0.282),(-0.016, -0.049, 0.011, 0.999),VALID,(-0.033, 0.005, 0.999),(0.000, 0.000, 0.000),64.325,VALID,(0.061, 0.111, 0.992),(-0.032, 0.000, 0.000),0.601,3.852,6.415,0.888,VALID,(-0.033, 0.005, 0.999),(0.032, 0.000, 0.000),0.585,3.726,6.373,0.860,0.2981519,0.1424029
334921,1000001928701676100,63875742719595,(-0.064, 1.430, 0.282),(-0.016, -0.050, 0.011, 0.999),VALID,(-0.025, 0.006, 1.000),(0.000, 0.000, 0.000),64.325,VALID,(0.076, 0.122, 0.990),(-0.032, 0.000, 0.000),0.597,3.830,6.415,0.887,VALID,(-0.025, 0.006, 1.000),(0.032, 0.000, 0.000),0.584,3.719,6.373,0.860,0.2710709,0
334922,1000001928706692700,63875742719595,(-0.064, 1.430, 0.282),(-0.016, -0.050, 0.011, 0.999),VALID,(-0.012, 0.010, 1.000),(0.000, 0.000, 0.000),64.325,VALID,(0.087, 0.130, 0.988),(-0.032, 0.000, 0.000),0.596,3.822,6.415,0.887,VALID,(-0.012, 0.010, 1.000),(0.032, 0.000, 0.000),0.594,3.783,6.373,0.860,0.2597151,0
334923,1000001928711709300,63875742719607,(-0.064, 1.430, 0.282),(-0.016, -0.049, 0.011, 0.999),VALID,(-0.001, 0.016, 1.000),(0.000, 0.000, 0.000),64.325,VALID,(0.096, 0.134, 0.986),(-0.032, 0.000, 0.000),0.591,3.790,6.415,0.888,VALID,(-0.001, 0.016, 1.000),(0.032, 0.000, 0.000),0.598,3.809,6.373,0.860,0.2624484,0
334924,1000001928716718100,63875742719617,(-0.064, 1.430, 0.282),(-0.016, -0.050, 0.011, 0.999),VALID,(0.008, 0.023, 1.000),(0.000, 0.000, 0.000),64.325,VALID,(0.102, 0.137, 0.985),(-0.032, 0.000, 0.000),0.587,3.766,6.415,0.888,VALID,(0.008, 0.023, 1.000),(0.032, 0.000, 0.000),0.599,3.815,6.373,0.860,0.2720318,0
334925,1000001928721715100,63875742719617,(-0.064, 1.430, 0.282),(-0.016, -0.050, 0.011, 0.999),VALID,(0.015, 0.030, 0.999),(0.000, 0.000, 0.000),64.325,VALID,(0.107, 0.139, 0.985),(-0.032, 0.000, 0.000),0.583,3.742,6.415,0.888,VALID,(0.015, 0.030, 0.999),(0.032, 0.000, 0.000),0.598,3.814,6.373,0.860,0.2870284,0
334926,1000001928726723900,63875742719617,(-0.064, 1.430, 0.282),(-0.016, -0.050, 0.011, 0.999),VALID,(0.019, 0.035, 0.999),(0.000, 0.000, 0.000),64.325,VALID,(0.110, 0.140, 0.984),(-0.032, 0.000, 0.000),0.583,3.742,6.415,0.888,VALID,(0.019, 0.035, 0.999),(0.032, 0.000, 0.000),0.597,3.802,6.373,0.860,0.299207,0
334927,1000001928731794100,63875742719628,(-0.064, 1.430, 0.282),(-0.016, -0.050, 0.011, 0.999),VALID,(0.023, 0.040, 0.999),(0.000, 0.000, 0.000),64.325,VALID,(0.112, 0.141, 0.984),(-0.032, 0.000, 0.000),0.584,3.743,6.415,0.888,VALID,(0.023, 0.040, 0.999),(0.032, 0.000, 0.000),0.595,3.790,6.373,0.860,0.3092912,0
334928,1000001928736810700,63875742719628,(-0.064, 1.430, 0.282),(-0.016, -0.050, 0.011, 0.999),VALID,(0.025, 0.043, 0.999),(0.000, 0.000, 0.000),64.325,VALID,(0.114, 0.143, 0.983),(-0.032, 0.000, 0.000),0.584,3.747,6.415,0.888,VALID,(0.025, 0.043, 0.999),(0.032, 0.000, 0.000),0.594,3.784,6.373,0.861,0.3170613,0
334929,1000001928741827300,63875742719628,(-0.064, 1.430, 0.282),(-0.016, -0.050, 0.011, 0.999),VALID,(0.026, 0.047, 0.999),(0.000, 0.000, 0.000),64.325,VALID,(0.115, 0.143, 0.983),(-0.032, 0.000, 0.000),0.585,3.751,6.415,0.888,VALID,(0.026, 0.047, 0.999),(0.032, 0.000, 0.000),0.593,3.780,6.373,0.861,0.3245538,0
334930,1000001928746836100,63875742719639,(-0.064, 1.430, 0.282),(-0.016, -0.050, 0.011, 0.999),VALID,(0.028, 0.048, 0.998),(0.000, 0.000, 0.000),64.325,VALID,(0.115, 0.145, 0.983),(-0.032, 0.000, 0.000),0.592,3.798,6.415,0.888,VALID,(0.028, 0.048, 0.998),(0.032, 0.000, 0.000),0.592,3.774,6.373,0.861,0.3233435,0
334931,1000001928751852700,63875742719651,(-0.064, 1.430, 0.282),(-0.016, -0.050, 0.011, 0.999),VALID,(0.028, 0.050, 0.998),(0.000, 0.000, 0.000),64.325,VALID,(0.115, 0.150, 0.982),(-0.032, 0.000, 0.000),0.607,3.897,6.415,0.888,VALID,(0.028, 0.050, 0.998),(0.032, 0.000, 0.000),0.591,3.767,6.373,0.862,0.3123273,0
334932,1000001928756861500,63875742719651,(-0.064, 1.430, 0.282),(-0.016, -0.050, 0.011, 0.999),VALID,(0.029, 0.050, 0.998),(0.000, 0.000, 0.000),64.325,VALID,(0.119, 0.159, 0.980),(-0.032, 0.000, 0.000),0.621,3.986,6.415,0.888,VALID,(0.029, 0.050, 0.998),(0.032, 0.000, 0.000),0.589,3.756,6.373,0.862,0.2852546,0
334933,1000001928761878100,63875742719651,(-0.064, 1.430, 0.282),(-0.016, -0.050, 0.011, 0.999),VALID,(0.029, 0.050, 0.998),(0.000, 0.000, 0.000),64.325,VALID,(0.122, 0.170, 0.978),(-0.032, 0.000, 0.000),0.647,4.151,6.415,0.888,VALID,(0.029, 0.050, 0.998),(0.032, 0.000, 0.000),0.588,3.748,6.373,0.863,0.2551541,0
334934,1000001928766886900,63875742719661,(-0.064, 1.430, 0.282),(-0.016, -0.050, 0.011, 0.999),VALID,(0.029, 0.051, 0.998),(0.000, 0.000, 0.000),64.325,VALID,(0.125, 0.177, 0.976),(-0.032, 0.000, 0.000),0.648,4.157,6.415,0.888,VALID,(0.029, 0.051, 0.998),(0.032, 0.000, 0.000),0.587,3.743,6.373,0.864,0.237881,0
334935,1000001928771850300,63875742719661,(-0.064, 1.430, 0.282),(-0.016, -0.050, 0.011, 0.999),VALID,(0.029, 0.050, 0.998),(0.000, 0.000, 0.000),64.325,VALID,(0.123, 0.173, 0.977),(-0.032, 0.000, 0.000),0.614,3.936,6.415,0.888,VALID,(0.029, 0.050, 0.998),(0.032, 0.000, 0.000),0.587,3.739,6.373,0.864,0.246997,0
334936,1000001928776840000,63875742719672,(-0.064, 1.430, 0.282),(-0.016, -0.050, 0.011, 0.999),VALID,(0.029, 0.050, 0.998),(0.000, 0.000, 0.000),64.325,VALID,(0.122, 0.170, 0.978),(-0.032, 0.000, 0.000),0.610,3.912,6.415,0.889,VALID,(0.029, 0.050, 0.998),(0.032, 0.000, 0.000),0.586,3.737,6.373,0.865,0.2541229,0
334937,1000001928781848800,63875742719672,(-0.064, 1.430, 0.282),(-0.016, -0.050, 0.011, 0.999),VALID,(0.029, 0.050, 0.998),(0.000, 0.000, 0.000),64.325,VALID,(0.121, 0.168, 0.978),(-0.032, 0.000, 0.000),0.605,3.882,6.415,0.890,VALID,(0.029, 0.050, 0.998),(0.032, 0.000, 0.000),0.586,3.735,6.373,0.866,0.2608993,0
334938,1000001928786852200,63875742719672,(-0.064, 1.430, 0.282),(-0.016, -0.050, 0.011, 0.999),VALID,(0.029, 0.050, 0.998),(0.000, 0.000, 0.000),64.325,VALID,(0.121, 0.165, 0.979),(-0.032, 0.000, 0.000),0.601,3.857,6.415,0.890,VALID,(0.029, 0.050, 0.998),(0.032, 0.000, 0.000),0.586,3.734,6.373,0.867,0.2679725,0.04976977
334939,1000001928791862200,63875742719684,(-0.064, 1.430, 0.282),(-0.016, -0.050, 0.011, 0.999),VALID,(0.029, 0.050, 0.998),(0.000, 0.000, 0.000),64.325,VALID,(0.120, 0.163, 0.979),(-0.032, 0.000, 0.000),0.600,3.849,6.415,0.890,VALID,(0.029, 0.050, 0.998),(0.032, 0.000, 0.000),0.586,3.733,6.373,0.867,0.2728863,0.1597721
334940,1000001928796891900,63875742719684,(-0.064, 1.430, 0.282),(-0.016, -0.050, 0.011, 0.999),VALID,(0.029, 0.050, 0.998),(0.000, 0.000, 0.000),64.325,VALID,(0.120, 0.162, 0.980),(-0.032, 0.000, 0.000),0.600,3.846,6.415,0.891,VALID,(0.029, 0.050, 0.998),(0.032, 0.000, 0.000),0.586,3.733,6.373,0.868,0.2768826,0.3792578
334941,1000001928801900700,63875742719695,(-0.064, 1.430, 0.282),(-0.016, -0.050, 0.011, 0.999),VALID,(0.029, 0.050, 0.998),(0.000, 0.000, 0.000),64.325,VALID,(0.119, 0.161, 0.980),(-0.032, 0.000, 0.000),0.599,3.844,6.415,0.891,VALID,(0.029, 0.050, 0.998),(0.032, 0.000, 0.000),0.586,3.733,6.373,0.869,0.2802033,0.8484847
334942,1000001928806909500,63875742719695,(-0.064, 1.430, 0.282),(-0.016, -0.050, 0.011, 0.999),VALID,(0.029, 0.051, 0.998),(0.000, 0.000, 0.000),64.325,VALID,(0.119, 0.160, 0.980),(-0.032, 0.000, 0.000),0.599,3.843,6.415,0.892,VALID,(0.029, 0.051, 0.998),(0.032, 0.000, 0.000),0.586,3.734,6.373,0.870,0.2831734,0.9303697
334943,1000001928811918300,63875742719706,(-0.064, 1.430, 0.282),(-0.016, -0.050, 0.011, 0.999),VALID,(0.029, 0.051, 0.998),(0.000, 0.000, 0.000),64.325,VALID,(0.119, 0.159, 0.980),(-0.032, 0.000, 0.000),0.599,3.842,6.415,0.893,VALID,(0.029, 0.051, 0.998),(0.032, 0.000, 0.000),0.586,3.735,6.373,0.871,0.2852806,0.9379241
334944,1000001928816934900,63875742719706,(-0.064, 1.430, 0.282),(-0.016, -0.050, 0.011, 0.999),VALID,(0.029, 0.051, 0.998),(0.000, 0.000, 0.000),64.325,VALID,(0.119, 0.159, 0.980),(-0.032, 0.000, 0.000),0.599,3.841,6.415,0.894,VALID,(0.029, 0.051, 0.998),(0.032, 0.000, 0.000),0.586,3.735,6.373,0.872,0.2871721,0.9501131
334945,1000001928821936600,63875742719717,(-0.064, 1.430, 0.282),(-0.016, -0.050, 0.011, 0.999),VALID,(0.029, 0.051, 0.998),(0.000, 0.000, 0.000),64.325,VALID,(0.119, 0.158, 0.980),(-0.032, 0.000, 0.000),0.599,3.840,6.415,0.895,VALID,(0.029, 0.051, 0.998),(0.032, 0.000, 0.000),0.586,3.736,6.373,0.873,0.2888288,0.9652655
334946,1000001928826960100,63875742719717,(-0.064, 1.430, 0.282),(-0.016, -0.050, 0.011, 0.999),VALID,(0.029, 0.051, 0.998),(0.000, 0.000, 0.000),64.325,VALID,(0.118, 0.158, 0.980),(-0.032, 0.000, 0.000),0.598,3.836,6.415,0.895,VALID,(0.029, 0.051, 0.998),(0.032, 0.000, 0.000),0.586,3.736,6.373,0.874,0.2907054,0.9701246
334947,1000001928831983300,63875742719728,(-0.064, 1.430, 0.282),(-0.016, -0.050, 0.011, 0.999),VALID,(0.032, 0.056, 0.998),(0.000, 0.000, 0.000),64.325,VALID,(0.119, 0.157, 0.980),(-0.032, 0.000, 0.000),0.595,3.814,6.415,0.896,VALID,(0.032, 0.056, 0.998),(0.032, 0.000, 0.000),0.586,3.737,6.373,0.875,0.3084388,0.3613978
334948,1000001928836992700,63875742719728,(-0.064, 1.430, 0.282),(-0.016, -0.050, 0.011, 0.999),VALID,(0.032, 0.056, 0.998),(0.000, 0.000, 0.000),64.325,VALID,(0.119, 0.157, 0.981),(-0.032, 0.000, 0.000),0.595,3.815,6.415,0.897,VALID,(0.032, 0.056, 0.998),(0.032, 0.000, 0.000),0.587,3.738,6.373,0.876,0.3080851,0
334949,1000001928842002100,63875742719728,(-0.064, 1.430, 0.282),(-0.016, -0.050, 0.011, 0.999),VALID,(0.032, 0.055, 0.998),(0.000, 0.000, 0.000),64.325,VALID,(0.119, 0.156, 0.981),(-0.032, 0.000, 0.000),0.595,3.816,6.415,0.897,VALID,(0.032, 0.055, 0.998),(0.032, 0.000, 0.000),0.587,3.738,6.373,0.877,0.3074855,0
334950,1000001928847012600,63875742719739,(-0.064, 1.430, 0.282),(-0.016, -0.050, 0.011, 0.999),VALID,(0.032, 0.055, 0.998),(0.000, 0.000, 0.000),64.325,VALID,(0.118, 0.156, 0.981),(-0.032, 0.000, 0.000),0.595,3.819,6.415,0.898,VALID,(0.032, 0.055, 0.998),(0.032, 0.000, 0.000),0.587,3.738,6.373,0.878,0.3069321,0
334951,1000001928852050600,63875742719739,(-0.064, 1.430, 0.282),(-0.016, -0.050, 0.011, 0.999),VALID,(0.031, 0.054, 0.998),(0.000, 0.000, 0.000),64.325,VALID,(0.118, 0.156, 0.981),(-0.032, 0.000, 0.000),0.603,3.865,6.415,0.898,VALID,(0.031, 0.054, 0.998),(0.032, 0.000, 0.000),0.587,3.738,6.373,0.879,0.305695,0
334952,1000001928857060000,63875742719750,(-0.064, 1.430, 0.282),(-0.016, -0.050, 0.011, 0.999),VALID,(0.031, 0.054, 0.998),(0.000, 0.000, 0.000),64.325,VALID,(0.118, 0.156, 0.981),(-0.032, 0.000, 0.000),0.605,3.884,6.415,0.899,VALID,(0.031, 0.054, 0.998),(0.032, 0.000, 0.000),0.587,3.738,6.373,0.880,0.3048729,0
334953,1000001928862070500,63875742719750,(-0.064, 1.430, 0.282),(-0.016, -0.050, 0.011, 0.999),VALID,(0.031, 0.054, 0.998),(0.000, 0.000, 0.000),64.325,VALID,(0.118, 0.156, 0.981),(-0.032, 0.000, 0.000),0.606,3.890,6.415,0.900,VALID,(0.031, 0.054, 0.998),(0.032, 0.000, 0.000),0.587,3.739,6.373,0.881,0.3044451,0
334954,1000001928867079900,63875742719762,(-0.064, 1.430, 0.282),(-0.015, -0.049, 0.011, 0.999),VALID,(0.031, 0.054, 0.998),(0.000, 0.000, 0.000),64.325,VALID,(0.117, 0.156, 0.981),(-0.032, 0.000, 0.000),0.608,3.899,6.415,0.901,VALID,(0.031, 0.054, 0.998),(0.032, 0.000, 0.000),0.587,3.740,6.373,0.882,0.3037326,0
334955,1000001928872090400,63875742719762,(-0.064, 1.430, 0.282),(-0.015, -0.049, 0.011, 0.999),VALID,(0.031, 0.055, 0.998),(0.000, 0.000, 0.000),64.325,VALID,(0.117, 0.156, 0.981),(-0.032, 0.000, 0.000),0.608,3.900,6.415,0.901,VALID,(0.031, 0.055, 0.998),(0.032, 0.000, 0.000),0.587,3.741,6.373,0.883,0.305014,0
334956,1000001928877182200,63875742719762,(-0.064, 1.430, 0.282),(-0.015, -0.049, 0.011, 0.999),VALID,(0.031, 0.055, 0.998),(0.000, 0.000, 0.000),64.325,VALID,(0.117, 0.157, 0.981),(-0.032, 0.000, 0.000),0.608,3.903,6.415,0.903,VALID,(0.031, 0.055, 0.998),(0.032, 0.000, 0.000),0.587,3.742,6.373,0.883,0.3040146,0
334957,1000001928882153500,63875742719773,(-0.064, 1.430, 0.282),(-0.015, -0.050, 0.011, 0.999),VALID,(0.031, 0.053, 0.998),(0.000, 0.000, 0.000),64.325,VALID,(0.117, 0.157, 0.981),(-0.032, 0.000, 0.000),0.608,3.901,6.415,0.904,VALID,(0.031, 0.053, 0.998),(0.032, 0.000, 0.000),0.586,3.735,6.373,0.883,0.29928,0
334958,1000001928887162500,63875742719773,(-0.064, 1.430, 0.282),(-0.015, -0.050, 0.011, 0.999),VALID,(0.031, 0.054, 0.998),(0.000, 0.000, 0.000),64.325,VALID,(0.115, 0.157, 0.981),(-0.032, 0.000, 0.000),0.585,3.754,6.415,0.905,VALID,(0.031, 0.054, 0.998),(0.032, 0.000, 0.000),0.586,3.736,6.373,0.884,0.2990018,0
334959,1000001928892171900,63875742719784,(-0.064, 1.430, 0.282),(-0.015, -0.050, 0.011, 0.999),VALID,(0.028, 0.056, 0.998),(0.000, 0.000, 0.000),64.325,VALID,(0.104, 0.156, 0.982),(-0.032, 0.000, 0.000),0.542,3.479,6.415,0.907,VALID,(0.028, 0.056, 0.998),(0.032, 0.000, 0.000),0.589,3.752,6.373,0.884,0.3053016,0
334960,1000001928897181300,63875742719784,(-0.064, 1.430, 0.282),(-0.015, -0.050, 0.011, 0.999),VALID,(0.021, 0.067, 0.998),(0.000, 0.000, 0.000),64.325,VALID,(0.085, 0.150, 0.985),(-0.032, 0.000, 0.000),0.505,3.239,6.415,0.909,VALID,(0.021, 0.067, 0.998),(0.032, 0.000, 0.000),0.589,3.751,6.373,0.883,0.3666914,0
334961,1000001928902163600,63875742719796,(-0.064, 1.430, 0.282),(-0.015, -0.050, 0.011, 0.999),VALID,(0.002, 0.090, 0.996),(0.000, 0.000, 0.000),64.325,VALID,(0.061, 0.144, 0.988),(-0.032, 0.000, 0.000),0.493,3.162,6.415,0.910,VALID,(0.002, 0.090, 0.996),(0.032, 0.000, 0.000),0.595,3.792,6.373,0.883,0.5834957,0
334962,1000001928907173000,63875742719796,(-0.064, 1.430, 0.282),(-0.015, -0.050, 0.011, 0.999),VALID,(-0.026, 0.119, 0.993),(0.000, 0.000, 0.000),64.325,VALID,(0.028, 0.148, 0.989),(-0.032, 0.000, 0.000),0.618,3.965,6.415,0.912,VALID,(-0.026, 0.119, 0.993),(0.032, 0.000, 0.000),0.609,3.881,6.373,0.882,0.9248627,0
334963,1000001928912182200,63875742719806,(-0.064, 1.429, 0.282),(-0.015, -0.050, 0.011, 0.999),VALID,(-0.072, 0.148, 0.986),(0.000, 0.000, 0.000),64.325,VALID,(0.004, 0.158, 0.987),(-0.032, 0.000, 0.000),0.623,3.995,6.415,0.915,VALID,(-0.072, 0.148, 0.986),(0.032, 0.000, 0.000),0.608,3.877,6.373,0.880,0.8279986,0
334964,1000001928917191400,63875742719806,(-0.064, 1.429, 0.282),(-0.015, -0.050, 0.011, 0.999),VALID,(-0.122, 0.164, 0.979),(0.000, 0.000, 0.000),64.325,VALID,(-0.015, 0.172, 0.985),(-0.032, 0.000, 0.000),0.622,3.990,6.415,0.917,VALID,(-0.122, 0.164, 0.979),(0.032, 0.000, 0.000),0.601,3.833,6.373,0.878,0.5897482,0
334965,1000001928922187800,63875742719806,(-0.064, 1.429, 0.282),(-0.015, -0.050, 0.011, 0.999),VALID,(-0.168, 0.186, 0.968),(0.000, 0.000, 0.000),64.325,VALID,(-0.064, 0.168, 0.984),(-0.032, 0.000, 0.000),0.466,2.990,6.415,0.921,VALID,(-0.168, 0.186, 0.968),(0.032, 0.000, 0.000),0.610,3.884,6.373,0.874,0.5869721,0
334966,1000001928927192200,63875742719817,(-0.064, 1.429, 0.282),(-0.015, -0.050, 0.011, 0.999),VALID,(-0.222, 0.189, 0.957),(0.000, 0.000, 0.000),64.325,VALID,(-0.105, 0.168, 0.980),(-0.032, 0.000, 0.000),0.472,3.028,6.415,0.922,VALID,(-0.222, 0.189, 0.957),(0.032, 0.000, 0.000),0.598,3.811,6.373,0.874,0.5109014,0
334967,1000001928932190900,63875742719829,(-0.064, 1.430, 0.282),(-0.015, -0.050, 0.011, 0.999),VALID,(-0.256, 0.196, 0.947),(0.000, 0.000, 0.000),64.325,VALID,(-0.137, 0.167, 0.976),(-0.032, 0.000, 0.000),0.480,3.079,6.415,0.922,VALID,(-0.256, 0.196, 0.947),(0.032, 0.000, 0.000),0.600,3.822,6.373,0.873,0.4797597,0
334968,1000001928937242600,63875742719829,(-0.064, 1.430, 0.282),(-0.015, -0.050, 0.011, 0.999),VALID,(-0.282, 0.208, 0.937),(0.000, 0.000, 0.000),64.325,VALID,(-0.157, 0.168, 0.973),(-0.032, 0.000, 0.000),0.491,3.152,6.415,0.923,VALID,(-0.282, 0.208, 0.937),(0.032, 0.000, 0.000),0.616,3.925,6.373,0.872,0.4307204,0
334969,1000001928942241300,63875742719829,(-0.064, 1.430, 0.282),(-0.015, -0.050, 0.011, 0.999),VALID,(-0.302, 0.216, 0.928),(0.000, 0.000, 0.000),64.325,VALID,(-0.169, 0.170, 0.971),(-0.032, 0.000, 0.000),0.495,3.177,6.415,0.924,VALID,(-0.302, 0.216, 0.928),(0.032, 0.000, 0.000),0.623,3.969,6.373,0.871,0.3935563,0
334970,1000001928947250500,63875742719840,(-0.064, 1.429, 0.282),(-0.016, -0.050, 0.011, 0.999),VALID,(-0.315, 0.223, 0.923),(0.000, 0.000, 0.000),64.325,VALID,(-0.179, 0.172, 0.969),(-0.032, 0.000, 0.000),0.495,3.175,6.415,0.925,VALID,(-0.315, 0.223, 0.923),(0.032, 0.000, 0.000),0.628,4.002,6.373,0.870,0.3754287,0
334971,1000001928952249200,63875742719840,(-0.064, 1.429, 0.282),(-0.016, -0.050, 0.011, 0.999),VALID,(-0.323, 0.227, 0.919),(0.000, 0.000, 0.000),64.325,VALID,(-0.185, 0.175, 0.967),(-0.032, 0.000, 0.000),0.495,3.173,6.415,0.927,VALID,(-0.323, 0.227, 0.919),(0.032, 0.000, 0.000),0.629,4.009,6.373,0.870,0.3675842,0
334972,1000001928957258900,63875742719851,(-0.063, 1.429, 0.282),(-0.016, -0.050, 0.011, 0.999),VALID,(-0.327, 0.230, 0.916),(0.000, 0.000, 0.000),64.325,VALID,(-0.191, 0.177, 0.965),(-0.032, 0.000, 0.000),0.495,3.174,6.415,0.929,VALID,(-0.327, 0.230, 0.916),(0.032, 0.000, 0.000),0.630,4.015,6.373,0.870,0.3664742,0
334973,1000001928962333100,63875742719851,(-0.063, 1.429, 0.282),(-0.016, -0.050, 0.011, 0.999),VALID,(-0.330, 0.233, 0.915),(0.000, 0.000, 0.000),64.325,VALID,(-0.201, 0.176, 0.964),(-0.032, 0.000, 0.000),0.498,3.192,6.415,0.931,VALID,(-0.330, 0.233, 0.915),(0.032, 0.000, 0.000),0.631,4.019,6.373,0.871,0.3701426,0
334974,1000001928967342300,63875742719862,(-0.063, 1.429, 0.282),(-0.016, -0.050, 0.011, 0.999),VALID,(-0.332, 0.235, 0.914),(0.000, 0.000, 0.000),64.325,VALID,(-0.207, 0.175, 0.963),(-0.032, 0.000, 0.000),0.501,3.217,6.415,0.934,VALID,(-0.332, 0.235, 0.914),(0.032, 0.000, 0.000),0.631,4.021,6.373,0.871,0.372257,0
334975,1000001928972339000,63875742719862,(-0.063, 1.429, 0.282),(-0.016, -0.050, 0.011, 0.999),VALID,(-0.333, 0.235, 0.913),(0.000, 0.000, 0.000),64.325,VALID,(-0.210, 0.175, 0.962),(-0.032, 0.000, 0.000),0.503,3.226,6.415,0.937,VALID,(-0.333, 0.235, 0.913),(0.032, 0.000, 0.000),0.631,4.019,6.373,0.872,0.3756336,0
334976,1000001928977328200,63875742719862,(-0.063, 1.429, 0.282),(-0.016, -0.050, 0.011, 0.999),VALID,(-0.334, 0.234, 0.913),(0.000, 0.000, 0.000),64.325,VALID,(-0.213, 0.175, 0.961),(-0.032, 0.000, 0.000),0.503,3.230,6.415,0.940,VALID,(-0.334, 0.234, 0.913),(0.032, 0.000, 0.000),0.628,4.002,6.373,0.873,0.3803525,0
334977,1000001928982326900,63875742719872,(-0.063, 1.429, 0.283),(-0.016, -0.050, 0.011, 0.999),VALID,(-0.334, 0.233, 0.913),(0.000, 0.000, 0.000),64.325,VALID,(-0.214, 0.175, 0.961),(-0.032, 0.000, 0.000),0.504,3.233,6.415,0.943,VALID,(-0.334, 0.233, 0.913),(0.032, 0.000, 0.000),0.627,3.994,6.373,0.874,0.3842635,0
334978,1000001928987349900,63875742719872,(-0.063, 1.429, 0.283),(-0.016, -0.050, 0.011, 0.999),VALID,(-0.335, 0.232, 0.913),(0.000, 0.000, 0.000),64.325,VALID,(-0.215, 0.176, 0.961),(-0.032, 0.000, 0.000),0.505,3.238,6.415,0.946,VALID,(-0.335, 0.232, 0.913),(0.032, 0.000, 0.000),0.626,3.988,6.373,0.875,0.3884544,0
334979,1000001928992390500,63875742719884,(-0.063, 1.429, 0.283),(-0.016, -0.050, 0.012, 0.999),VALID,(-0.335, 0.232, 0.913),(0.000, 0.000, 0.000),64.325,VALID,(-0.216, 0.177, 0.960),(-0.032, 0.000, 0.000),0.505,3.243,6.415,0.948,VALID,(-0.335, 0.232, 0.913),(0.032, 0.000, 0.000),0.625,3.983,6.373,0.876,0.3922179,0
334980,1000001928997376900,63875742719884,(-0.063, 1.429, 0.283),(-0.016, -0.050, 0.012, 0.999),VALID,(-0.335, 0.232, 0.913),(0.000, 0.000, 0.000),64.325,VALID,(-0.219, 0.176, 0.960),(-0.032, 0.000, 0.000),0.508,3.257,6.415,0.951,VALID,(-0.335, 0.232, 0.913),(0.032, 0.000, 0.000),0.624,3.976,6.373,0.877,0.3981912,0
334981,1000001929002375600,63875742719895,(-0.062, 1.428, 0.283),(-0.016, -0.050, 0.012, 0.999),VALID,(-0.335, 0.231, 0.913),(0.000, 0.000, 0.000),64.325,VALID,(-0.223, 0.176, 0.959),(-0.032, 0.000, 0.000),0.509,3.264,6.415,0.954,VALID,(-0.335, 0.231, 0.913),(0.032, 0.000, 0.000),0.623,3.971,6.373,0.879,0.4044511,0
334982,1000001929007372000,63875742719895,(-0.062, 1.428, 0.283),(-0.016, -0.050, 0.012, 0.999),VALID,(-0.335, 0.231, 0.913),(0.000, 0.000, 0.000),64.325,VALID,(-0.225, 0.175, 0.958),(-0.032, 0.000, 0.000),0.510,3.270,6.415,0.957,VALID,(-0.335, 0.231, 0.913),(0.032, 0.000, 0.000),0.622,3.964,6.373,0.880,0.4084532,0
334983,1000001929012370700,63875742719906,(-0.062, 1.428, 0.283),(-0.016, -0.050, 0.012, 0.999),VALID,(-0.335, 0.231, 0.913),(0.000, 0.000, 0.000),64.325,VALID,(-0.227, 0.175, 0.958),(-0.032, 0.000, 0.000),0.510,3.275,6.415,0.960,VALID,(-0.335, 0.231, 0.913),(0.032, 0.000, 0.000),0.621,3.956,6.373,0.882,0.4113377,0
334984,1000001929017500900,63875742719906,(-0.062, 1.428, 0.283),(-0.016, -0.050, 0.012, 0.999),VALID,(-0.335, 0.230, 0.914),(0.000, 0.000, 0.000),64.325,VALID,(-0.228, 0.175, 0.958),(-0.032, 0.000, 0.000),0.511,3.277,6.415,0.962,VALID,(-0.335, 0.230, 0.914),(0.032, 0.000, 0.000),0.619,3.944,6.373,0.884,0.4146195,0
334985,1000001929022499600,63875742719917,(-0.062, 1.428, 0.283),(-0.016, -0.050, 0.012, 0.999),VALID,(-0.335, 0.230, 0.914),(0.000, 0.000, 0.000),64.325,VALID,(-0.229, 0.175, 0.958),(-0.032, 0.000, 0.000),0.510,3.272,6.415,0.964,VALID,(-0.335, 0.230, 0.914),(0.032, 0.000, 0.000),0.618,3.937,6.373,0.886,0.4174706,0
334986,1000001929027511200,63875742719917,(-0.062, 1.428, 0.283),(-0.016, -0.050, 0.012, 0.999),VALID,(-0.335, 0.229, 0.914),(0.000, 0.000, 0.000),64.325,VALID,(-0.230, 0.174, 0.958),(-0.032, 0.000, 0.000),0.509,3.266,6.415,0.965,VALID,(-0.335, 0.229, 0.914),(0.032, 0.000, 0.000),0.617,3.932,6.373,0.887,0.4203454,0.2544411
334987,1000001929032487200,63875742719929,(-0.062, 1.428, 0.283),(-0.016, -0.049, 0.012, 0.999),VALID,(-0.335, 0.229, 0.914),(0.000, 0.000, 0.000),64.325,VALID,(-0.231, 0.174, 0.957),(-0.032, 0.000, 0.000),0.509,3.262,6.415,0.967,VALID,(-0.335, 0.229, 0.914),(0.032, 0.000, 0.000),0.616,3.928,6.373,0.889,0.4229499,0.6503126
334988,1000001929037498800,63875742719929,(-0.062, 1.428, 0.283),(-0.016, -0.049, 0.012, 0.999),VALID,(-0.335, 0.229, 0.914),(0.000, 0.000, 0.000),64.325,VALID,(-0.231, 0.174, 0.957),(-0.032, 0.000, 0.000),0.508,3.260,6.415,0.969,VALID,(-0.335, 0.229, 0.914),(0.032, 0.000, 0.000),0.616,3.926,6.373,0.891,0.4249048,0.8605597
334989,1000001929042497500,63875742719929,(-0.062, 1.428, 0.283),(-0.016, -0.049, 0.012, 0.999),VALID,(-0.335, 0.228, 0.914),(0.000, 0.000, 0.000),64.325,VALID,(-0.232, 0.174, 0.957),(-0.032, 0.000, 0.000),0.508,3.260,6.415,0.970,VALID,(-0.335, 0.228, 0.914),(0.032, 0.000, 0.000),0.616,3.923,6.373,0.892,0.4267883,0.9670488
334990,1000001929047509100,63875742719939,(-0.062, 1.428, 0.284),(-0.016, -0.049, 0.012, 0.999),VALID,(-0.335, 0.228, 0.914),(0.000, 0.000, 0.000),64.325,VALID,(-0.231, 0.174, 0.957),(-0.032, 0.000, 0.000),0.508,3.260,6.415,0.971,VALID,(-0.335, 0.228, 0.914),(0.032, 0.000, 0.000),0.615,3.920,6.373,0.894,0.427357,1
334991,1000001929052520700,63875742719939,(-0.062, 1.428, 0.284),(-0.016, -0.049, 0.012, 0.999),VALID,(-0.335, 0.228, 0.914),(0.000, 0.000, 0.000),64.325,VALID,(-0.231, 0.174, 0.957),(-0.032, 0.000, 0.000),0.508,3.261,6.415,0.970,VALID,(-0.335, 0.228, 0.914),(0.032, 0.000, 0.000),0.614,3.916,6.373,0.895,0.4279672,1
334992,1000001929057532300,63875742719950,(-0.062, 1.428, 0.284),(-0.016, -0.049, 0.012, 0.999),VALID,(-0.335, 0.228, 0.914),(0.000, 0.000, 0.000),64.325,VALID,(-0.231, 0.174, 0.957),(-0.032, 0.000, 0.000),0.508,3.261,6.415,0.971,VALID,(-0.335, 0.228, 0.914),(0.032, 0.000, 0.000),0.614,3.913,6.373,0.896,0.4290968,1
334993,1000001929062554600,63875742719950,(-0.062, 1.428, 0.284),(-0.016, -0.049, 0.012, 0.999),VALID,(-0.335, 0.228, 0.914),(0.000, 0.000, 0.000),64.325,VALID,(-0.231, 0.174, 0.957),(-0.032, 0.000, 0.000),0.508,3.259,6.415,0.973,VALID,(-0.335, 0.228, 0.914),(0.032, 0.000, 0.000),0.614,3.911,6.373,0.898,0.4305162,1
334994,1000001929067545300,63875742719962,(-0.062, 1.428, 0.284),(-0.016, -0.049, 0.012, 0.999),VALID,(-0.335, 0.227, 0.914),(0.000, 0.000, 0.000),64.325,VALID,(-0.231, 0.174, 0.957),(-0.032, 0.000, 0.000),0.507,3.256,6.415,0.973,VALID,(-0.335, 0.227, 0.914),(0.032, 0.000, 0.000),0.613,3.908,6.373,0.899,0.4323868,1
334995,1000001929072548100,63875742719962,(-0.062, 1.428, 0.284),(-0.016, -0.049, 0.012, 0.999),VALID,(-0.335, 0.227, 0.915),(0.000, 0.000, 0.000),64.325,VALID,(-0.232, 0.175, 0.957),(-0.032, 0.000, 0.000),0.507,3.254,6.415,0.974,VALID,(-0.335, 0.227, 0.915),(0.032, 0.000, 0.000),0.613,3.905,6.373,0.900,0.4341935,1
334996,1000001929077636800,63875742719973,(-0.061, 1.428, 0.284),(-0.016, -0.049, 0.012, 0.999),VALID,(-0.334, 0.227, 0.915),(0.000, 0.000, 0.000),64.325,VALID,(-0.232, 0.175, 0.957),(-0.032, 0.000, 0.000),0.507,3.253,6.415,0.975,VALID,(-0.334, 0.227, 0.915),(0.032, 0.000, 0.000),0.612,3.900,6.373,0.901,0.4362714,1
334997,1000001929082603400,63875742719973,(-0.061, 1.428, 0.284),(-0.016, -0.049, 0.012, 0.999),VALID,(-0.334, 0.227, 0.915),(0.000, 0.000, 0.000),64.325,VALID,(-0.233, 0.174, 0.957),(-0.032, 0.000, 0.000),0.507,3.252,6.415,0.975,VALID,(-0.334, 0.227, 0.915),(0.032, 0.000, 0.000),0.611,3.893,6.373,0.902,0.438233,1
334998,1000001929087601600,63875742719984,(-0.061, 1.428, 0.284),(-0.016, -0.049, 0.012, 0.999),VALID,(-0.334, 0.227, 0.915),(0.000, 0.000, 0.000),64.325,VALID,(-0.234, 0.174, 0.957),(-0.032, 0.000, 0.000),0.512,3.286,6.415,0.976,VALID,(-0.334, 0.227, 0.915),(0.032, 0.000, 0.000),0.610,3.887,6.373,0.903,0.4409164,1
334999,1000001929092604400,63875742719984,(-0.061, 1.428, 0.284),(-0.016, -0.049, 0.012, 0.999),VALID,(-0.334, 0.227, 0.915),(0.000, 0.000, 0.000),64.325,VALID,(-0.235, 0.174, 0.956),(-0.032, 0.000, 0.000),0.512,3.286,6.415,0.977,VALID,(-0.334, 0.227, 0.915),(0.032, 0.000, 0.000),0.609,3.884,6.373,0.904,0.4431278,1
335000,1000001929097607200,63875742719984,(-0.061, 1.428, 0.284),(-0.016, -0.049, 0.012, 0.999),VALID,(-0.334, 0.227, 0.915),(0.000, 0.000, 0.000),64.325,VALID,(-0.235, 0.174, 0.956),(-0.032, 0.000, 0.000),0.512,3.286,6.415,0.978,VALID,(-0.334, 0.227, 0.915),(0.032, 0.000, 0.000),0.609,3.879,6.373,0.905,0.4448204,1
335001,1000001929102641000,63875742719995,(-0.061, 1.427, 0.284),(-0.016, -0.049, 0.012, 0.999),VALID,(-0.334, 0.226, 0.915),(0.000, 0.000, 0.000),64.325,VALID,(-0.235, 0.174, 0.956),(-0.032, 0.000, 0.000),0.513,3.288,6.415,0.979,VALID,(-0.334, 0.226, 0.915),(0.032, 0.000, 0.000),0.608,3.877,6.373,0.906,0.4464042,1
335002,1000001929107643800,63875742720006,(-0.061, 1.427, 0.284),(-0.016, -0.049, 0.012, 0.999),VALID,(-0.334, 0.226, 0.915),(0.000, 0.000, 0.000),64.325,VALID,(-0.235, 0.175, 0.956),(-0.032, 0.000, 0.000),0.513,3.289,6.415,0.980,VALID,(-0.334, 0.226, 0.915),(0.032, 0.000, 0.000),0.608,3.873,6.373,0.906,0.4477105,1
335003,1000001929112646600,63875742720006,(-0.061, 1.427, 0.284),(-0.016, -0.049, 0.012, 0.999),VALID,(-0.334, 0.226, 0.915),(0.000, 0.000, 0.000),64.325,VALID,(-0.235, 0.175, 0.956),(-0.032, 0.000, 0.000),0.513,3.290,6.415,0.980,VALID,(-0.334, 0.226, 0.915),(0.032, 0.000, 0.000),0.607,3.868,6.373,0.907,0.4491107,1
335004,1000001929117676500,63875742720006,(-0.061, 1.427, 0.284),(-0.016, -0.049, 0.012, 0.999),VALID,(-0.334, 0.226, 0.915),(0.000, 0.000, 0.000),64.325,VALID,(-0.234, 0.175, 0.956),(-0.032, 0.000, 0.000),0.513,3.289,6.415,0.981,VALID,(-0.334, 0.226, 0.915),(0.032, 0.000, 0.000),0.606,3.863,6.373,0.907,0.45055,1
335005,1000001929122689800,63875742720017,(-0.061, 1.427, 0.284),(-0.016, -0.049, 0.012, 0.999),VALID,(-0.334, 0.226, 0.915),(0.000, 0.000, 0.000),64.325,VALID,(-0.234, 0.176, 0.956),(-0.032, 0.000, 0.000),0.509,3.263,6.415,0.981,VALID,(-0.334, 0.226, 0.915),(0.032, 0.000, 0.000),0.605,3.858,6.373,0.907,0.45249,1
335006,1000001929127692600,63875742720017,(-0.061, 1.427, 0.284),(-0.016, -0.049, 0.012, 0.999),VALID,(-0.334, 0.226, 0.915),(0.000, 0.000, 0.000),64.325,VALID,(-0.235, 0.176, 0.956),(-0.032, 0.000, 0.000),0.506,3.245,6.415,0.982,VALID,(-0.334, 0.226, 0.915),(0.032, 0.000, 0.000),0.605,3.855,6.373,0.908,0.4545932,1
335007,1000001929132695400,63875742720029,(-0.060, 1.427, 0.284),(-0.016, -0.050, 0.012, 0.999),VALID,(-0.334, 0.225, 0.915),(0.000, 0.000, 0.000),64.325,VALID,(-0.235, 0.176, 0.956),(-0.032, 0.000, 0.000),0.506,3.246,6.415,0.983,VALID,(-0.334, 0.225, 0.915),(0.032, 0.000, 0.000),0.604,3.852,6.373,0.908,0.4570585,1
335008,1000001929137698200,63875742720029,(-0.060, 1.427, 0.284),(-0.016, -0.050, 0.012, 0.999),VALID,(-0.334, 0.225, 0.915),(0.000, 0.000, 0.000),64.325,VALID,(-0.235, 0.177, 0.956),(-0.032, 0.000, 0.000),0.506,3.246,6.415,0.984,VALID,(-0.334, 0.225, 0.915),(0.032, 0.000, 0.000),0.603,3.846,6.373,0.909,0.4595452,1
335009,1000001929142696400,63875742720029,(-0.060, 1.427, 0.284),(-0.016, -0.050, 0.012, 0.999),VALID,(-0.334, 0.225, 0.916),(0.000, 0.000, 0.000),64.325,VALID,(-0.234, 0.177, 0.956),(-0.032, 0.000, 0.000),0.507,3.253,6.415,0.984,VALID,(-0.334, 0.225, 0.916),(0.032, 0.000, 0.000),0.603,3.841,6.373,0.909,0.4626156,1
335010,1000001929147773200,63875742720039,(-0.060, 1.427, 0.284),(-0.016, -0.050, 0.012, 0.999),VALID,(-0.334, 0.224, 0.916),(0.000, 0.000, 0.000),64.325,VALID,(-0.234, 0.178, 0.956),(-0.032, 0.000, 0.000),0.508,3.260,6.415,0.985,VALID,(-0.334, 0.224, 0.916),(0.032, 0.000, 0.000),0.602,3.836,6.373,0.909,0.4657449,1
335011,1000001929152771400,63875742720039,(-0.060, 1.427, 0.284),(-0.016, -0.050, 0.012, 0.999),VALID,(-0.334, 0.224, 0.916),(0.000, 0.000, 0.000),64.325,VALID,(-0.234, 0.178, 0.956),(-0.032, 0.000, 0.000),0.508,3.261,6.415,0.985,VALID,(-0.334, 0.224, 0.916),(0.032, 0.000, 0.000),0.601,3.831,6.373,0.910,0.4686943,1
335012,1000001929157774200,63875742720050,(-0.060, 1.427, 0.284),(-0.016, -0.050, 0.012, 0.999),VALID,(-0.333, 0.224, 0.916),(0.000, 0.000, 0.000),64.325,VALID,(-0.234, 0.179, 0.956),(-0.032, 0.000, 0.000),0.509,3.264,6.415,0.986,VALID,(-0.333, 0.224, 0.916),(0.032, 0.000, 0.000),0.601,3.827,6.373,0.910,0.4718236,1
335013,1000001929162772400,63875742720050,(-0.060, 1.427, 0.284),(-0.016, -0.050, 0.012, 0.999),VALID,(-0.333, 0.223, 0.916),(0.000, 0.000, 0.000),64.325,VALID,(-0.234, 0.179, 0.956),(-0.032, 0.000, 0.000),0.509,3.266,6.415,0.986,VALID,(-0.333, 0.223, 0.916),(0.032, 0.000, 0.000),0.600,3.822,6.373,0.910,0.4749438,1
335014,1000001929167775200,63875742720061,(-0.060, 1.427, 0.284),(-0.016, -0.049, 0.012, 0.999),VALID,(-0.333, 0.223, 0.916),(0.000, 0.000, 0.000),64.325,VALID,(-0.234, 0.180, 0.955),(-0.032, 0.000, 0.000),0.510,3.272,6.415,0.986,VALID,(-0.333, 0.223, 0.916),(0.032, 0.000, 0.000),0.599,3.817,6.373,0.911,0.4781635,1
335015,1000001929172773400,63875742720061,(-0.060, 1.427, 0.284),(-0.016, -0.049, 0.012, 0.999),VALID,(-0.333, 0.223, 0.916),(0.000, 0.000, 0.000),64.325,VALID,(-0.234, 0.180, 0.955),(-0.032, 0.000, 0.000),0.510,3.272,6.415,0.986,VALID,(-0.333, 0.223, 0.916),(0.032, 0.000, 0.000),0.598,3.813,6.373,0.911,0.4811949,1
335016,1000001929177776800,63875742720072,(-0.060, 1.427, 0.284),(-0.016, -0.050, 0.012, 0.999),VALID,(-0.333, 0.222, 0.916),(0.000, 0.000, 0.000),64.325,VALID,(-0.234, 0.181, 0.955),(-0.032, 0.000, 0.000),0.511,3.279,6.415,0.987,VALID,(-0.333, 0.222, 0.916),(0.032, 0.000, 0.000),0.598,3.811,6.373,0.911,0.4845162,1
335017,1000001929182849200,63875742720072,(-0.060, 1.427, 0.284),(-0.016, -0.050, 0.012, 0.999),VALID,(-0.333, 0.222, 0.916),(0.000, 0.000, 0.000),64.325,VALID,(-0.234, 0.181, 0.955),(-0.032, 0.000, 0.000),0.511,3.280,6.415,0.987,VALID,(-0.333, 0.222, 0.916),(0.032, 0.000, 0.000),0.598,3.809,6.373,0.912,0.4872806,1
335018,1000001929187852000,63875742720072,(-0.060, 1.427, 0.284),(-0.016, -0.050, 0.012, 0.999),VALID,(-0.333, 0.222, 0.916),(0.000, 0.000, 0.000),64.325,VALID,(-0.234, 0.181, 0.955),(-0.032, 0.000, 0.000),0.511,3.280,6.415,0.988,VALID,(-0.333, 0.222, 0.916),(0.032, 0.000, 0.000),0.597,3.806,6.373,0.912,0.4895811,1
335019,1000001929192871400,63875742720084,(-0.060, 1.427, 0.284),(-0.016, -0.050, 0.012, 0.999),VALID,(-0.333, 0.222, 0.916),(0.000, 0.000, 0.000),64.325,VALID,(-0.234, 0.182, 0.955),(-0.032, 0.000, 0.000),0.511,3.280,6.415,0.988,VALID,(-0.333, 0.222, 0.916),(0.032, 0.000, 0.000),0.597,3.804,6.373,0.913,0.4918109,1
335020,1000001929197869600,63875742720084,(-0.060, 1.427, 0.284),(-0.016, -0.050, 0.012, 0.999),VALID,(-0.333, 0.221, 0.917),(0.000, 0.000, 0.000),64.325,VALID,(-0.234, 0.183, 0.955),(-0.032, 0.000, 0.000),0.514,3.296,6.415,0.989,VALID,(-0.333, 0.221, 0.917),(0.032, 0.000, 0.000),0.597,3.802,6.373,0.913,0.4950827,1
335021,1000001929202922700,63875742720095,(-0.060, 1.427, 0.284),(-0.016, -0.050, 0.012, 0.999),VALID,(-0.333, 0.221, 0.917),(0.000, 0.000, 0.000),64.325,VALID,(-0.234, 0.183, 0.955),(-0.032, 0.000, 0.000),0.514,3.296,6.415,0.990,VALID,(-0.333, 0.221, 0.917),(0.032, 0.000, 0.000),0.596,3.799,6.373,0.913,0.4980262,1
335022,1000001929207942100,63875742720095,(-0.060, 1.427, 0.284),(-0.016, -0.050, 0.012, 0.999),VALID,(-0.333, 0.221, 0.917),(0.000, 0.000, 0.000),64.325,VALID,(-0.234, 0.183, 0.955),(-0.032, 0.000, 0.000),0.513,3.289,6.415,0.990,VALID,(-0.333, 0.221, 0.917),(0.032, 0.000, 0.000),0.596,3.796,6.373,0.914,0.5003235,1
335023,1000001929212966100,63875742720106,(-0.060, 1.427, 0.284),(-0.016, -0.050, 0.012, 0.999),VALID,(-0.333, 0.221, 0.917),(0.000, 0.000, 0.000),64.325,VALID,(-0.234, 0.184, 0.955),(-0.032, 0.000, 0.000),0.513,3.290,6.415,0.990,VALID,(-0.333, 0.221, 0.917),(0.032, 0.000, 0.000),0.595,3.793,6.373,0.914,0.5023223,1
335024,1000001929217962600,63875742720106,(-0.060, 1.427, 0.284),(-0.016, -0.050, 0.012, 0.999),VALID,(-0.333, 0.220, 0.917),(0.000, 0.000, 0.000),64.325,VALID,(-0.234, 0.184, 0.955),(-0.032, 0.000, 0.000),0.513,3.293,6.415,0.990,VALID,(-0.333, 0.220, 0.917),(0.032, 0.000, 0.000),0.595,3.790,6.373,0.914,0.5043011,1
335025,1000001929222959400,63875742720117,(-0.060, 1.427, 0.284),(-0.016, -0.050, 0.012, 0.999),VALID,(-0.333, 0.220, 0.917),(0.000, 0.000, 0.000),64.325,VALID,(-0.234, 0.195, 0.953),(-0.032, 0.000, 0.000),0.535,3.429,6.415,0.990,VALID,(-0.333, 0.220, 0.917),(0.032, 0.000, 0.000),0.594,3.788,6.373,0.915,0.5404111,1
335026,1000001929227955900,63875742720117,(-0.060, 1.427, 0.284),(-0.016, -0.050, 0.012, 0.999),VALID,(-0.333, 0.220, 0.917),(0.000, 0.000, 0.000),64.325,VALID,(-0.234, 0.206, 0.950),(-0.032, 0.000, 0.000),0.538,3.450,6.415,0.991,VALID,(-0.333, 0.220, 0.917),(0.032, 0.000, 0.000),0.594,3.786,6.373,0.915,0.5730764,1
335027,1000001929232979900,63875742720129,(-0.060, 1.427, 0.285),(-0.016, -0.050, 0.012, 0.999),VALID,(-0.332, 0.220, 0.917),(0.000, 0.000, 0.000),64.325,VALID,(-0.234, 0.216, 0.948),(-0.032, 0.000, 0.000),0.539,3.457,6.415,0.991,VALID,(-0.332, 0.220, 0.917),(0.032, 0.000, 0.000),0.594,3.784,6.373,0.915,0.595584,1
335028,1000001929237969300,63875742720129,(-0.060, 1.427, 0.285),(-0.016, -0.050, 0.012, 0.999),VALID,(-0.332, 0.220, 0.917),(0.000, 0.000, 0.000),64.325,VALID,(-0.236, 0.225, 0.945),(-0.032, 0.000, 0.000),0.540,3.463,6.415,0.991,VALID,(-0.332, 0.220, 0.917),(0.032, 0.000, 0.000),0.594,3.784,6.373,0.915,0.6094775,1
335029,1000001929242993300,63875742720129,(-0.060, 1.427, 0.285),(-0.016, -0.050, 0.012, 0.999),VALID,(-0.332, 0.219, 0.917),(0.000, 0.000, 0.000),64.325,VALID,(-0.237, 0.232, 0.943),(-0.032, 0.000, 0.000),0.540,3.464,6.415,0.990,VALID,(-0.332, 0.219, 0.917),(0.032, 0.000, 0.000),0.594,3.785,6.373,0.915,0.6169301,0.9492645
335030,1000001929248027600,63875742720139,(-0.060, 1.427, 0.285),(-0.016, -0.050, 0.012, 0.999),VALID,(-0.333, 0.219, 0.917),(0.000, 0.000, 0.000),64.325,VALID,(-0.240, 0.238, 0.941),(-0.032, 0.000, 0.000),0.540,3.466,6.415,0.990,VALID,(-0.333, 0.219, 0.917),(0.032, 0.000, 0.000),0.594,3.788,6.373,0.915,0.622111,0.8546574
335031,1000001929253051600,63875742720139,(-0.060, 1.427, 0.285),(-0.016, -0.050, 0.012, 0.999),VALID,(-0.333, 0.219, 0.917),(0.000, 0.000, 0.000),64.325,VALID,(-0.243, 0.246, 0.938),(-0.032, 0.000, 0.000),0.544,3.488,6.415,0.990,VALID,(-0.333, 0.219, 0.917),(0.032, 0.000, 0.000),0.595,3.791,6.373,0.915,0.622084,0.795332
335032,1000001929258077600,63875742720151,(-0.060, 1.427, 0.285),(-0.016, -0.050, 0.012, 0.999),VALID,(-0.334, 0.220, 0.917),(0.000, 0.000, 0.000),64.325,VALID,(-0.246, 0.250, 0.936),(-0.032, 0.000, 0.000),0.545,3.493,6.415,0.990,VALID,(-0.334, 0.220, 0.917),(0.032, 0.000, 0.000),0.595,3.793,6.373,0.914,0.6219383,0.7594256
335033,1000001929263101600,63875742720151,(-0.060, 1.427, 0.285),(-0.016, -0.050, 0.012, 0.999),VALID,(-0.335, 0.220, 0.916),(0.000, 0.000, 0.000),64.325,VALID,(-0.249, 0.253, 0.935),(-0.032, 0.000, 0.000),0.545,3.494,6.415,0.990,VALID,(-0.335, 0.220, 0.916),(0.032, 0.000, 0.000),0.596,3.796,6.373,0.914,0.6239251,0.7325965
335034,1000001929268068300,63875742720161,(-0.060, 1.427, 0.285),(-0.016, -0.050, 0.012, 0.999),VALID,(-0.336, 0.220, 0.916),(0.000, 0.000, 0.000),64.325,VALID,(-0.252, 0.253, 0.934),(-0.032, 0.000, 0.000),0.545,3.493,6.415,0.990,VALID,(-0.336, 0.220, 0.916),(0.032, 0.000, 0.000),0.596,3.798,6.373,0.914,0.6287913,0.7149787
335035,1000001929273092300,63875742720161,(-0.060, 1.427, 0.285),(-0.016, -0.050, 0.012, 0.999),VALID,(-0.338, 0.220, 0.915),(0.000, 0.000, 0.000),64.325,VALID,(-0.254, 0.254, 0.933),(-0.032, 0.000, 0.000),0.544,3.492,6.415,0.990,VALID,(-0.338, 0.220, 0.915),(0.032, 0.000, 0.000),0.596,3.799,6.373,0.914,0.631348,0.7004603
335036,1000001929278062700,63875742720173,(-0.060, 1.427, 0.285),(-0.016, -0.050, 0.012, 0.999),VALID,(-0.339, 0.220, 0.915),(0.000, 0.000, 0.000),64.325,VALID,(-0.256, 0.254, 0.933),(-0.032, 0.000, 0.000),0.544,3.491,6.415,0.990,VALID,(-0.339, 0.220, 0.915),(0.032, 0.000, 0.000),0.596,3.800,6.373,0.914,0.6325021,0.704003
335037,1000001929283092400,63875742720173,(-0.060, 1.427, 0.285),(-0.016, -0.050, 0.012, 0.999),VALID,(-0.341, 0.220, 0.914),(0.000, 0.000, 0.000),64.325,VALID,(-0.257, 0.254, 0.932),(-0.032, 0.000, 0.000),0.544,3.490,6.415,0.990,VALID,(-0.341, 0.220, 0.914),(0.032, 0.000, 0.000),0.597,3.802,6.373,0.914,0.6316637,0.7043939
335038,1000001929288118400,63875742720173,(-0.060, 1.427, 0.285),(-0.016, -0.050, 0.012, 0.999),VALID,(-0.342, 0.220, 0.914),(0.000, 0.000, 0.000),64.325,VALID,(-0.258, 0.254, 0.932),(-0.032, 0.000, 0.000),0.544,3.489,6.415,0.990,VALID,(-0.342, 0.220, 0.914),(0.032, 0.000, 0.000),0.597,3.805,6.373,0.914,0.6294822,0.697046
335039,1000001929293104000,63875742720184,(-0.060, 1.427, 0.285),(-0.016, -0.050, 0.012, 0.999),VALID,(-0.343, 0.220, 0.913),(0.000, 0.000, 0.000),64.325,VALID,(-0.259, 0.254, 0.932),(-0.032, 0.000, 0.000),0.544,3.489,6.415,0.990,VALID,(-0.343, 0.220, 0.913),(0.032, 0.000, 0.000),0.597,3.807,6.373,0.914,0.6274777,0.6920955
335040,1000001929298152400,63875742720184,(-0.060, 1.427, 0.285),(-0.016, -0.050, 0.012, 0.999),VALID,(-0.344, 0.220, 0.913),(0.000, 0.000, 0.000),64.325,VALID,(-0.260, 0.257, 0.931),(-0.032, 0.000, 0.000),0.549,3.525,6.415,0.989,VALID,(-0.344, 0.220, 0.913),(0.032, 0.000, 0.000),0.598,3.808,6.373,0.913,0.6142446,0.6949015
335041,1000001929303252900,63875742720195,(-0.060, 1.427, 0.285),(-0.016, -0.049, 0.012, 0.999),VALID,(-0.345, 0.220, 0.912),(0.000, 0.000, 0.000),64.325,VALID,(-0.260, 0.259, 0.930),(-0.032, 0.000, 0.000),0.550,3.531,6.415,0.989,VALID,(-0.345, 0.220, 0.912),(0.032, 0.000, 0.000),0.598,3.809,6.373,0.913,0.6051375,0.6982673
335042,1000001929308283600,63875742720195,(-0.060, 1.427, 0.285),(-0.016, -0.049, 0.012, 0.999),VALID,(-0.346, 0.220, 0.912),(0.000, 0.000, 0.000),64.325,VALID,(-0.261, 0.261, 0.929),(-0.032, 0.000, 0.000),0.552,3.541,6.415,0.989,VALID,(-0.346, 0.220, 0.912),(0.032, 0.000, 0.000),0.598,3.810,6.373,0.913,0.5940648,0.6961916
335043,1000001929313315300,63875742720206,(-0.060, 1.427, 0.285),(-0.016, -0.049, 0.012, 0.999),VALID,(-0.347, 0.221, 0.912),(0.000, 0.000, 0.000),64.325,VALID,(-0.262, 0.263, 0.929),(-0.032, 0.000, 0.000),0.553,3.548,6.415,0.990,VALID,(-0.347, 0.221, 0.912),(0.032, 0.000, 0.000),0.598,3.811,6.373,0.912,0.5851288,0.6956592
335044,1000001929318346000,63875742720206,(-0.060, 1.427, 0.285),(-0.016, -0.049, 0.012, 0.999),VALID,(-0.348, 0.221, 0.911),(0.000, 0.000, 0.000),64.325,VALID,(-0.262, 0.264, 0.928),(-0.032, 0.000, 0.000),0.553,3.548,6.415,0.990,VALID,(-0.348, 0.221, 0.911),(0.032, 0.000, 0.000),0.598,3.811,6.373,0.912,0.5805956,0.6941828
335045,1000001929323167400,63875742720216,(-0.060, 1.427, 0.285),(-0.016, -0.049, 0.012, 0.999),VALID,(-0.348, 0.221, 0.911),(0.000, 0.000, 0.000),64.325,VALID,(-0.263, 0.264, 0.928),(-0.032, 0.000, 0.000),0.552,3.539,6.415,0.990,VALID,(-0.348, 0.221, 0.911),(0.032, 0.000, 0.000),0.598,3.812,6.373,0.912,0.5808943,0.7150775
335046,1000001929328198100,63875742720216,(-0.060, 1.427, 0.285),(-0.016, -0.049, 0.012, 0.999),VALID,(-0.349, 0.221, 0.911),(0.000, 0.000, 0.000),64.325,VALID,(-0.263, 0.264, 0.928),(-0.032, 0.000, 0.000),0.550,3.527,6.415,0.991,VALID,(-0.349, 0.221, 0.911),(0.032, 0.000, 0.000),0.598,3.813,6.373,0.912,0.5840629,0.7664944
335047,1000001929333195300,63875742720228,(-0.060, 1.427, 0.285),(-0.016, -0.049, 0.012, 0.999),VALID,(-0.349, 0.222, 0.910),(0.000, 0.000, 0.000),64.325,VALID,(-0.263, 0.263, 0.928),(-0.032, 0.000, 0.000),0.548,3.516,6.415,0.990,VALID,(-0.349, 0.222, 0.910),(0.032, 0.000, 0.000),0.598,3.814,6.373,0.912,0.5883903,0.8010493
335048,1000001929338226000,63875742720228,(-0.060, 1.427, 0.285),(-0.016, -0.049, 0.012, 0.999),VALID,(-0.349, 0.222, 0.910),(0.000, 0.000, 0.000),64.325,VALID,(-0.264, 0.263, 0.928),(-0.032, 0.000, 0.000),0.548,3.514,6.415,0.990,VALID,(-0.349, 0.222, 0.910),(0.032, 0.000, 0.000),0.598,3.814,6.373,0.911,0.5901238,0.8778242
335049,1000001929343257700,63875742720239,(-0.060, 1.427, 0.285),(-0.016, -0.049, 0.012, 0.999),VALID,(-0.350, 0.222, 0.910),(0.000, 0.000, 0.000),64.325,VALID,(-0.264, 0.262, 0.928),(-0.032, 0.000, 0.000),0.547,3.511,6.415,0.990,VALID,(-0.350, 0.222, 0.910),(0.032, 0.000, 0.000),0.599,3.814,6.373,0.911,0.5934813,0.9689819
335050,1000001929348289400,63875742720239,(-0.060, 1.427, 0.285),(-0.016, -0.049, 0.012, 0.999),VALID,(-0.350, 0.223, 0.910),(0.000, 0.000, 0.000),64.325,VALID,(-0.264, 0.262, 0.928),(-0.032, 0.000, 0.000),0.547,3.510,6.415,0.991,VALID,(-0.350, 0.223, 0.910),(0.032, 0.000, 0.000),0.599,3.814,6.373,0.911,0.595058,1
335051,1000001929353251800,63875742720239,(-0.060, 1.427, 0.285),(-0.016, -0.049, 0.012, 0.999),VALID,(-0.350, 0.223, 0.910),(0.000, 0.000, 0.000),64.325,VALID,(-0.264, 0.262, 0.928),(-0.032, 0.000, 0.000),0.547,3.509,6.415,0.990,VALID,(-0.350, 0.223, 0.910),(0.032, 0.000, 0.000),0.599,3.815,6.373,0.911,0.5948817,1
335052,1000001929358283500,63875742720251,(-0.060, 1.427, 0.285),(-0.016, -0.049, 0.012, 0.999),VALID,(-0.351, 0.223, 0.910),(0.000, 0.000, 0.000),64.325,VALID,(-0.265, 0.262, 0.928),(-0.032, 0.000, 0.000),0.547,3.508,6.415,0.990,VALID,(-0.351, 0.223, 0.910),(0.032, 0.000, 0.000),0.599,3.815,6.373,0.910,0.5949258,1
335053,1000001929363315200,63875742720251,(-0.060, 1.427, 0.285),(-0.016, -0.049, 0.012, 0.999),VALID,(-0.351, 0.223, 0.909),(0.000, 0.000, 0.000),64.325,VALID,(-0.265, 0.262, 0.928),(-0.032, 0.000, 0.000),0.547,3.508,6.415,0.990,VALID,(-0.351, 0.223, 0.909),(0.032, 0.000, 0.000),0.599,3.815,6.373,0.910,0.5952607,1
335054,1000001929368346900,63875742720261,(-0.060, 1.427, 0.285),(-0.016, -0.049, 0.012, 0.999),VALID,(-0.351, 0.223, 0.909),(0.000, 0.000, 0.000),64.325,VALID,(-0.265, 0.262, 0.928),(-0.032, 0.000, 0.000),0.547,3.508,6.415,0.991,VALID,(-0.351, 0.223, 0.909),(0.032, 0.000, 0.000),0.599,3.816,6.373,0.910,0.5954289,1
335055,1000001929373360600,63875742720261,(-0.060, 1.427, 0.285),(-0.016, -0.049, 0.012, 0.999),VALID,(-0.351, 0.223, 0.909),(0.000, 0.000, 0.000),64.325,VALID,(-0.266, 0.264, 0.927),(-0.032, 0.000, 0.000),0.555,3.560,6.415,0.991,VALID,(-0.351, 0.223, 0.909),(0.032, 0.000, 0.000),0.599,3.817,6.373,0.910,0.5898233,1
335056,1000001929378317900,63875742720272,(-0.060, 1.427, 0.285),(-0.016, -0.049, 0.012, 0.999),VALID,(-0.351, 0.223, 0.909),(0.000, 0.000, 0.000),64.325,VALID,(-0.273, 0.265, 0.925),(-0.032, 0.000, 0.000),0.616,3.950,6.415,0.991,VALID,(-0.351, 0.223, 0.909),(0.032, 0.000, 0.000),0.599,3.817,6.373,0.910,0.6211725,1
335057,1000001929383317500,63875742720272,(-0.060, 1.427, 0.285),(-0.016, -0.049, 0.012, 0.999),VALID,(-0.351, 0.224, 0.909),(0.000, 0.000, 0.000),64.325,VALID,(-0.280, 0.265, 0.923),(-0.032, 0.000, 0.000),0.620,3.978,6.415,0.991,VALID,(-0.351, 0.224, 0.909),(0.032, 0.000, 0.000),0.599,3.818,6.373,0.910,0.6544099,1
335058,1000001929388332800,63875742720283,(-0.060, 1.427, 0.285),(-0.016, -0.049, 0.012, 0.999),VALID,(-0.352, 0.224, 0.909),(0.000, 0.000, 0.000),64.325,VALID,(-0.287, 0.266, 0.920),(-0.032, 0.000, 0.000),0.621,3.983,6.415,0.991,VALID,(-0.352, 0.224, 0.909),(0.032, 0.000, 0.000),0.599,3.818,6.373,0.910,0.6828718,1
335059,1000001929393348100,63875742720283,(-0.060, 1.427, 0.285),(-0.016, -0.049, 0.012, 0.999),VALID,(-0.352, 0.224, 0.909),(0.000, 0.000, 0.000),64.325,VALID,(-0.292, 0.266, 0.919),(-0.032, 0.000, 0.000),0.621,3.984,6.415,0.991,VALID,(-0.352, 0.224, 0.909),(0.032, 0.000, 0.000),0.599,3.820,6.373,0.910,0.7036436,1
335060,1000001929398571200,63875742720283,(-0.060, 1.427, 0.285),(-0.016, -0.049, 0.012, 0.999),VALID,(-0.352, 0.224, 0.909),(0.000, 0.000, 0.000),64.325,VALID,(-0.297, 0.266, 0.917),(-0.032, 0.000, 0.000),0.621,3.985,6.415,0.991,VALID,(-0.352, 0.224, 0.909),(0.032, 0.000, 0.000),0.600,3.822,6.373,0.910,0.7169623,1
335061,1000001929403586500,63875742720295,(-0.060, 1.427, 0.285),(-0.016, -0.049, 0.012, 0.999),VALID,(-0.352, 0.224, 0.909),(0.000, 0.000, 0.000),64.325,VALID,(-0.300, 0.267, 0.916),(-0.032, 0.000, 0.000),0.621,3.987,6.415,0.991,VALID,(-0.352, 0.224, 0.909),(0.032, 0.000, 0.000),0.600,3.823,6.373,0.910,0.7239255,1
335062,1000001929408592000,63875742720295,(-0.060, 1.427, 0.285),(-0.016, -0.049, 0.012, 0.999),VALID,(-0.352, 0.224, 0.909),(0.000, 0.000, 0.000),64.325,VALID,(-0.303, 0.267, 0.915),(-0.032, 0.000, 0.000),0.622,3.988,6.415,0.991,VALID,(-0.352, 0.224, 0.909),(0.032, 0.000, 0.000),0.600,3.824,6.373,0.910,0.7270296,1
335063,1000001929413607300,63875742720306,(-0.060, 1.427, 0.285),(-0.016, -0.049, 0.012, 0.999),VALID,(-0.352, 0.224, 0.909),(0.000, 0.000, 0.000),64.325,VALID,(-0.305, 0.268, 0.914),(-0.032, 0.000, 0.000),0.622,3.990,6.415,0.991,VALID,(-0.352, 0.224, 0.909),(0.032, 0.000, 0.000),0.600,3.825,6.373,0.910,0.7268714,1
335064,1000001929418583900,63875742720306,(-0.060, 1.427, 0.285),(-0.016, -0.049, 0.012, 0.999),VALID,(-0.352, 0.224, 0.909),(0.000, 0.000, 0.000),64.325,VALID,(-0.306, 0.268, 0.914),(-0.032, 0.000, 0.000),0.622,3.990,6.415,0.991,VALID,(-0.352, 0.224, 0.909),(0.032, 0.000, 0.000),0.600,3.826,6.373,0.909,0.7231122,1
335065,1000001929423459500,63875742720317,(-0.060, 1.427, 0.285),(-0.015, -0.049, 0.012, 0.999),VALID,(-0.352, 0.224, 0.909),(0.000, 0.000, 0.000),64.325,VALID,(-0.307, 0.268, 0.913),(-0.032, 0.000, 0.000),0.622,3.989,6.415,0.991,VALID,(-0.352, 0.224, 0.909),(0.032, 0.000, 0.000),0.600,3.826,6.373,0.909,0.718408,1
335066,1000001929428437900,63875742720317,(-0.060, 1.427, 0.285),(-0.015, -0.049, 0.012, 0.999),VALID,(-0.352, 0.224, 0.909),(0.000, 0.000, 0.000),64.325,VALID,(-0.307, 0.269, 0.913),(-0.032, 0.000, 0.000),0.620,3.974,6.415,0.991,VALID,(-0.352, 0.224, 0.909),(0.032, 0.000, 0.000),0.601,3.827,6.373,0.909,0.7066492,1
335067,1000001929433451900,63875742720328,(-0.060, 1.427, 0.285),(-0.015, -0.049, 0.012, 0.999),VALID,(-0.352, 0.224, 0.909),(0.000, 0.000, 0.000),64.325,VALID,(-0.306, 0.271, 0.913),(-0.032, 0.000, 0.000),0.608,3.898,6.415,0.991,VALID,(-0.352, 0.224, 0.909),(0.032, 0.000, 0.000),0.601,3.828,6.373,0.909,0.6786901,1
335068,1000001929438465400,63875742720328,(-0.060, 1.427, 0.285),(-0.015, -0.049, 0.012, 0.999),VALID,(-0.352, 0.224, 0.909),(0.000, 0.000, 0.000),64.325,VALID,(-0.301, 0.272, 0.914),(-0.032, 0.000, 0.000),0.579,3.714,6.415,0.991,VALID,(-0.352, 0.224, 0.909),(0.032, 0.000, 0.000),0.601,3.830,6.373,0.909,0.6651754,1
335069,1000001929443479400,63875742720328,(-0.060, 1.427, 0.285),(-0.015, -0.049, 0.012, 0.999),VALID,(-0.352, 0.224, 0.909),(0.000, 0.000, 0.000),64.325,VALID,(-0.298, 0.271, 0.915),(-0.032, 0.000, 0.000),0.565,3.627,6.415,0.991,VALID,(-0.352, 0.224, 0.909),(0.032, 0.000, 0.000),0.601,3.832,6.373,0.909,0.6650258,1
335070,1000001929448492900,63875742720339,(-0.060, 1.427, 0.285),(-0.015, -0.049, 0.012, 0.999),VALID,(-0.352, 0.224, 0.909),(0.000, 0.000, 0.000),64.325,VALID,(-0.296, 0.271, 0.916),(-0.032, 0.000, 0.000),0.563,3.614,6.415,0.991,VALID,(-0.352, 0.224, 0.909),(0.032, 0.000, 0.000),0.601,3.833,6.373,0.909,0.6623189,1
335071,1000001929453506900,63875742720339,(-0.060, 1.427, 0.285),(-0.015, -0.049, 0.012, 0.999),VALID,(-0.352, 0.224, 0.909),(0.000, 0.000, 0.000),64.325,VALID,(-0.296, 0.273, 0.915),(-0.032, 0.000, 0.000),0.571,3.663,6.415,0.991,VALID,(-0.352, 0.224, 0.909),(0.032, 0.000, 0.000),0.602,3.836,6.373,0.909,0.6370022,1
335072,1000001929458512300,63875742720351,(-0.060, 1.427, 0.285),(-0.015, -0.049, 0.012, 0.999),VALID,(-0.352, 0.224, 0.909),(0.000, 0.000, 0.000),64.325,VALID,(-0.294, 0.276, 0.915),(-0.032, 0.000, 0.000),0.576,3.698,6.415,0.990,VALID,(-0.352, 0.224, 0.909),(0.032, 0.000, 0.000),0.602,3.838,6.373,0.909,0.6041934,1
335073,1000001929463527500,63875742720361,(-0.060, 1.427, 0.285),(-0.015, -0.049, 0.012, 0.999),VALID,(-0.352, 0.224, 0.909),(0.000, 0.000, 0.000),64.325,VALID,(-0.292, 0.275, 0.916),(-0.032, 0.000, 0.000),0.563,3.615,6.415,0.990,VALID,(-0.352, 0.224, 0.909),(0.032, 0.000, 0.000),0.603,3.840,6.373,0.909,0.6091043,1
335074,1000001929468564500,63875742720362,(-0.060, 1.427, 0.285),(-0.015, -0.049, 0.012, 0.999),VALID,(-0.352, 0.224, 0.909),(0.000, 0.000, 0.000),64.325,VALID,(-0.289, 0.274, 0.917),(-0.032, 0.000, 0.000),0.559,3.586,6.415,0.990,VALID,(-0.352, 0.224, 0.909),(0.032, 0.000, 0.000),0.603,3.842,6.373,0.909,0.6087967,1
335075,1000001929473579100,63875742720362,(-0.060, 1.427, 0.285),(-0.015, -0.049, 0.012, 0.999),VALID,(-0.352, 0.224, 0.909),(0.000, 0.000, 0.000),64.325,VALID,(-0.286, 0.274, 0.918),(-0.032, 0.000, 0.000),0.557,3.576,6.415,0.991,VALID,(-0.352, 0.224, 0.909),(0.032, 0.000, 0.000),0.603,3.844,6.373,0.909,0.6042472,1
335076,1000001929478594400,63875742720373,(-0.060, 1.427, 0.285),(-0.015, -0.049, 0.012, 0.999),VALID,(-0.352, 0.224, 0.909),(0.000, 0.000, 0.000),64.325,VALID,(-0.283, 0.274, 0.919),(-0.032, 0.000, 0.000),0.557,3.572,6.415,0.991,VALID,(-0.352, 0.224, 0.909),(0.032, 0.000, 0.000),0.604,3.847,6.373,0.909,0.5968692,1
335077,1000001929483609000,63875742720373,(-0.060, 1.427, 0.285),(-0.015, -0.049, 0.012, 0.999),VALID,(-0.353, 0.223, 0.909),(0.000, 0.000, 0.000),64.325,VALID,(-0.280, 0.274, 0.920),(-0.032, 0.000, 0.000),0.556,3.569,6.415,0.990,VALID,(-0.353, 0.223, 0.909),(0.032, 0.000, 0.000),0.604,3.849,6.373,0.909,0.5891668,1
335078,1000001929488624300,63875742720384,(-0.060, 1.427, 0.285),(-0.015, -0.049, 0.012, 0.999),VALID,(-0.353, 0.224, 0.909),(0.000, 0.000, 0.000),64.325,VALID,(-0.278, 0.273, 0.921),(-0.032, 0.000, 0.000),0.556,3.565,6.415,0.990,VALID,(-0.353, 0.224, 0.909),(0.032, 0.000, 0.000),0.605,3.857,6.373,0.909,0.5826586,1
335079,1000001929493638900,63875742720384,(-0.060, 1.427, 0.285),(-0.015, -0.049, 0.012, 0.999),VALID,(-0.353, 0.224, 0.909),(0.000, 0.000, 0.000),64.325,VALID,(-0.276, 0.273, 0.922),(-0.032, 0.000, 0.000),0.555,3.560,6.415,0.990,VALID,(-0.353, 0.224, 0.909),(0.032, 0.000, 0.000),0.606,3.862,6.373,0.909,0.5770318,1
335080,1000001929498654200,63875742720394,(-0.060, 1.427, 0.285),(-0.015, -0.049, 0.011, 0.999),VALID,(-0.353, 0.224, 0.909),(0.000, 0.000, 0.000),64.325,VALID,(-0.274, 0.273, 0.922),(-0.032, 0.000, 0.000),0.555,3.560,6.415,0.991,VALID,(-0.353, 0.224, 0.909),(0.032, 0.000, 0.000),0.606,3.864,6.373,0.909,0.5718363,1
335081,1000001929503669500,63875742720394,(-0.060, 1.427, 0.285),(-0.015, -0.049, 0.011, 0.999),VALID,(-0.352, 0.224, 0.909),(0.000, 0.000, 0.000),64.325,VALID,(-0.273, 0.273, 0.922),(-0.032, 0.000, 0.000),0.555,3.562,6.415,0.991,VALID,(-0.352, 0.224, 0.909),(0.032, 0.000, 0.000),0.607,3.867,6.373,0.909,0.5676462,1
335082,1000001929508613400,63875742720406,(-0.060, 1.427, 0.285),(-0.015, -0.049, 0.011, 0.999),VALID,(-0.352, 0.224, 0.909),(0.000, 0.000, 0.000),64.325,VALID,(-0.273, 0.274, 0.922),(-0.032, 0.000, 0.000),0.566,3.634,6.415,0.991,VALID,(-0.352, 0.224, 0.909),(0.032, 0.000, 0.000),0.607,3.868,6.373,0.909,0.5634717,1
335083,1000001929513667500,63875742720406,(-0.060, 1.427, 0.285),(-0.015, -0.049, 0.011, 0.999),VALID,(-0.352, 0.224, 0.909),(0.000, 0.000, 0.000),64.325,VALID,(-0.273, 0.276, 0.922),(-0.032, 0.000, 0.000),0.578,3.705,6.415,0.992,VALID,(-0.352, 0.224, 0.909),(0.032, 0.000, 0.000),0.607,3.869,6.373,0.909,0.55325,1
335084,1000001929518683800,63875742720406,(-0.060, 1.427, 0.285),(-0.015, -0.049, 0.011, 0.999),VALID,(-0.352, 0.224, 0.909),(0.000, 0.000, 0.000),64.325,VALID,(-0.273, 0.279, 0.921),(-0.032, 0.000, 0.000),0.582,3.732,6.415,0.992,VALID,(-0.352, 0.224, 0.909),(0.032, 0.000, 0.000),0.607,3.870,6.373,0.909,0.5386735,1
335085,1000001929523653500,63875742720417,(-0.060, 1.427, 0.285),(-0.014, -0.049, 0.011, 0.999),VALID,(-0.352, 0.224, 0.909),(0.000, 0.000, 0.000),64.325,VALID,(-0.273, 0.282, 0.920),(-0.032, 0.000, 0.000),0.584,3.746,6.415,0.992,VALID,(-0.352, 0.224, 0.909),(0.032, 0.000, 0.000),0.607,3.871,6.373,0.909,0.5207568,1
335086,1000001929528669800,63875742720417,(-0.060, 1.427, 0.285),(-0.014, -0.049, 0.011, 0.999),VALID,(-0.352, 0.224, 0.909),(0.000, 0.000, 0.000),64.325,VALID,(-0.272, 0.285, 0.919),(-0.032, 0.000, 0.000),0.585,3.753,6.415,0.992,VALID,(-0.352, 0.224, 0.909),(0.032, 0.000, 0.000),0.607,3.871,6.373,0.909,0.5022684,1
335087,1000001929533704000,63875742720428,(-0.060, 1.427, 0.285),(-0.014, -0.049, 0.011, 0.999),VALID,(-0.352, 0.225, 0.909),(0.000, 0.000, 0.000),64.325,VALID,(-0.272, 0.288, 0.918),(-0.032, 0.000, 0.000),0.586,3.756,6.415,0.992,VALID,(-0.352, 0.225, 0.909),(0.032, 0.000, 0.000),0.608,3.872,6.373,0.909,0.4852214,1
335088,1000001929538720300,63875742720428,(-0.060, 1.427, 0.285),(-0.014, -0.049, 0.011, 0.999),VALID,(-0.352, 0.225, 0.908),(0.000, 0.000, 0.000),64.325,VALID,(-0.272, 0.291, 0.917),(-0.032, 0.000, 0.000),0.586,3.759,6.415,0.992,VALID,(-0.352, 0.225, 0.908),(0.032, 0.000, 0.000),0.608,3.872,6.373,0.909,0.4700985,1
335089,1000001929543754500,63875742720439,(-0.059, 1.427, 0.285),(-0.014, -0.049, 0.011, 0.999),VALID,(-0.352, 0.225, 0.908),(0.000, 0.000, 0.000),64.325,VALID,(-0.272, 0.293, 0.917),(-0.032, 0.000, 0.000),0.587,3.768,6.415,0.992,VALID,(-0.352, 0.225, 0.908),(0.032, 0.000, 0.000),0.608,3.873,6.373,0.909,0.4626817,1
335090,1000001929548788700,63875742720439,(-0.059, 1.427, 0.285),(-0.014, -0.049, 0.011, 0.999),VALID,(-0.352, 0.225, 0.908),(0.000, 0.000, 0.000),64.325,VALID,(-0.274, 0.292, 0.916),(-0.032, 0.000, 0.000),0.597,3.830,6.415,0.992,VALID,(-0.352, 0.225, 0.908),(0.032, 0.000, 0.000),0.608,3.873,6.373,0.909,0.4662097,1
335091,1000001929553824900,63875742720439,(-0.059, 1.427, 0.285),(-0.014, -0.049, 0.011, 0.999),VALID,(-0.352, 0.225, 0.908),(0.000, 0.000, 0.000),64.325,VALID,(-0.275, 0.292, 0.916),(-0.032, 0.000, 0.000),0.605,3.880,6.415,0.992,VALID,(-0.352, 0.225, 0.908),(0.032, 0.000, 0.000),0.608,3.873,6.373,0.909,0.471715,1
335092,1000001929558859100,63875742720451,(-0.059, 1.427, 0.285),(-0.014, -0.049, 0.011, 0.999),VALID,(-0.352, 0.225, 0.908),(0.000, 0.000, 0.000),64.325,VALID,(-0.276, 0.290, 0.916),(-0.032, 0.000, 0.000),0.615,3.942,6.415,0.992,VALID,(-0.352, 0.225, 0.908),(0.032, 0.000, 0.000),0.608,3.873,6.373,0.909,0.4814315,1
335093,1000001929563780000,63875742720451,(-0.059, 1.427, 0.285),(-0.014, -0.049, 0.011, 0.999),VALID,(-0.353, 0.225, 0.908),(0.000, 0.000, 0.000),64.325,VALID,(-0.278, 0.289, 0.916),(-0.032, 0.000, 0.000),0.617,3.955,6.415,0.992,VALID,(-0.353, 0.225, 0.908),(0.032, 0.000, 0.000),0.608,3.874,6.373,0.909,0.4908351,1
335094,1000001929568811800,63875742720462,(-0.059, 1.427, 0.285),(-0.014, -0.049, 0.011, 0.999),VALID,(-0.353, 0.225, 0.908),(0.000, 0.000, 0.000),64.325,VALID,(-0.281, 0.288, 0.915),(-0.032, 0.000, 0.000),0.618,3.964,6.415,0.993,VALID,(-0.353, 0.225, 0.908),(0.032, 0.000, 0.000),0.608,3.876,6.373,0.909,0.4980749,0.9987525
335095,1000001929573811300,63875742720462,(-0.059, 1.427, 0.285),(-0.014, -0.049, 0.011, 0.999),VALID,(-0.353, 0.225, 0.908),(0.000, 0.000, 0.000),64.325,VALID,(-0.283, 0.287, 0.915),(-0.032, 0.000, 0.000),0.630,4.043,6.415,0.992,VALID,(-0.353, 0.225, 0.908),(0.032, 0.000, 0.000),0.611,3.894,6.373,0.909,0.5078421,0.8426469
335096,1000001929578826500,63875742720472,(-0.059, 1.427, 0.285),(-0.014, -0.049, 0.011, 0.999),VALID,(-0.351, 0.227, 0.908),(0.000, 0.000, 0.000),64.325,VALID,(-0.284, 0.286, 0.915),(-0.032, 0.000, 0.000),0.638,4.095,6.415,0.993,VALID,(-0.351, 0.227, 0.908),(0.032, 0.000, 0.000),0.630,4.016,6.373,0.908,0.535419,0.2405266
335097,1000001929583800800,63875742720472,(-0.059, 1.427, 0.285),(-0.014, -0.049, 0.011, 0.999),VALID,(-0.347, 0.229, 0.909),(0.000, 0.000, 0.000),64.325,VALID,(-0.284, 0.286, 0.915),(-0.032, 0.000, 0.000),0.643,4.124,6.415,0.993,VALID,(-0.347, 0.229, 0.909),(0.032, 0.000, 0.000),0.630,4.013,6.373,0.908,0.55537,0.1301363
335098,1000001929588859300,63875742720483,(-0.059, 1.427, 0.285),(-0.014, -0.049, 0.011, 0.999),VALID,(-0.342, 0.230, 0.911),(0.000, 0.000, 0.000),64.325,VALID,(-0.283, 0.286, 0.915),(-0.032, 0.000, 0.000),0.648,4.156,6.415,0.993,VALID,(-0.342, 0.230, 0.911),(0.032, 0.000, 0.000),0.619,3.942,6.373,0.908,0.5736316,0
335099,1000001929593883400,63875742720484,(-0.059, 1.427, 0.285),(-0.014, -0.049, 0.011, 0.999),VALID,(-0.335, 0.231, 0.913),(0.000, 0.000, 0.000),64.325,VALID,(-0.282, 0.286, 0.916),(-0.032, 0.000, 0.000),0.655,4.202,6.415,0.993,VALID,(-0.335, 0.231, 0.913),(0.032, 0.000, 0.000),0.609,3.884,6.373,0.908,0.588717,0
335100,1000001929598916400,63875742720495,(-0.059, 1.427, 0.285),(-0.014, -0.049, 0.011, 0.999),VALID,(-0.326, 0.233, 0.916),(0.000, 0.000, 0.000),64.325,VALID,(-0.281, 0.286, 0.916),(-0.032, 0.000, 0.000),0.659,4.225,6.415,0.994,VALID,(-0.326, 0.233, 0.916),(0.032, 0.000, 0.000),0.606,3.859,6.373,0.908,0.5953081,0
335101,1000001929603940500,63875742720495,(-0.059, 1.427, 0.285),(-0.014, -0.049, 0.011, 0.999),VALID,(-0.317, 0.234, 0.919),(0.000, 0.000, 0.000),64.325,VALID,(-0.281, 0.285, 0.916),(-0.032, 0.000, 0.000),0.662,4.246,6.415,0.994,VALID,(-0.317, 0.234, 0.919),(0.032, 0.000, 0.000),0.604,3.851,6.373,0.908,0.5852572,0
335102,1000001929608973500,63875742720495,(-0.059, 1.427, 0.285),(-0.014, -0.049, 0.011, 0.999),VALID,(-0.310, 0.235, 0.921),(0.000, 0.000, 0.000),64.325,VALID,(-0.280, 0.285, 0.917),(-0.032, 0.000, 0.000),0.664,4.260,6.415,0.994,VALID,(-0.310, 0.235, 0.921),(0.032, 0.000, 0.000),0.604,3.847,6.373,0.908,0.5573454,0
335103,1000001929613997600,63875742720506,(-0.059, 1.427, 0.285),(-0.014, -0.049, 0.011, 0.999),VALID,(-0.303, 0.236, 0.923),(0.000, 0.000, 0.000),64.325,VALID,(-0.279, 0.285, 0.917),(-0.032, 0.000, 0.000),0.665,4.268,6.415,0.995,VALID,(-0.303, 0.236, 0.923),(0.032, 0.000, 0.000),0.603,3.844,6.373,0.908,0.5176226,0
335104,1000001929618918200,63875742720506,(-0.059, 1.427, 0.285),(-0.014, -0.049, 0.011, 0.999),VALID,(-0.299, 0.236, 0.925),(0.000, 0.000, 0.000),64.325,VALID,(-0.278, 0.284, 0.918),(-0.032, 0.000, 0.000),0.666,4.274,6.415,0.995,VALID,(-0.299, 0.236, 0.925),(0.032, 0.000, 0.000),0.603,3.840,6.373,0.908,0.4810866,0
335105,1000001929623942300,63875742720517,(-0.059, 1.427, 0.285),(-0.014, -0.049, 0.011, 0.999),VALID,(-0.295, 0.237, 0.926),(0.000, 0.000, 0.000),64.325,VALID,(-0.276, 0.284, 0.918),(-0.032, 0.000, 0.000),0.668,4.285,6.415,0.995,VALID,(-0.295, 0.237, 0.926),(0.032, 0.000, 0.000),0.602,3.838,6.373,0.909,2,0
335106,1000001929628959700,63875742720517,(-0.059, 1.427, 0.285),(-0.014, -0.049, 0.011, 0.999),VALID,(-0.292, 0.237, 0.927),(0.000, 0.000, 0.000),64.325,VALID,(-0.275, 0.284, 0.919),(-0.032, 0.000, 0.000),0.668,4.287,6.415,0.995,VALID,(-0.292, 0.237, 0.927),(0.032, 0.000, 0.000),0.602,3.837,6.373,0.909,2,0
335107,1000001929633983800,63875742720528,(-0.059, 1.427, 0.285),(-0.014, -0.049, 0.011, 0.999),VALID,(-0.290, 0.237, 0.927),(0.000, 0.000, 0.000),64.325,VALID,(-0.273, 0.284, 0.919),(-0.032, 0.000, 0.000),0.668,4.287,6.415,0.995,VALID,(-0.290, 0.237, 0.927),(0.032, 0.000, 0.000),0.602,3.836,6.373,0.909,2,0
335108,1000001929638984100,63875742720528,(-0.059, 1.427, 0.285),(-0.014, -0.049, 0.011, 0.999),VALID,(-0.288, 0.237, 0.928),(0.000, 0.000, 0.000),64.325,VALID,(-0.271, 0.283, 0.920),(-0.032, 0.000, 0.000),0.668,4.288,6.415,0.996,VALID,(-0.288, 0.237, 0.928),(0.032, 0.000, 0.000),0.602,3.834,6.373,0.909,2,0
335109,1000001929644008200,63875742720540,(-0.059, 1.427, 0.285),(-0.014, -0.049, 0.011, 0.999),VALID,(-0.287, 0.238, 0.928),(0.000, 0.000, 0.000),64.325,VALID,(-0.270, 0.283, 0.920),(-0.032, 0.000, 0.000),0.668,4.288,6.415,0.996,VALID,(-0.287, 0.238, 0.928),(0.032, 0.000, 0.000),0.602,3.833,6.373,0.910,2,0
335110,1000001929649032300,63875742720540,(-0.059, 1.427, 0.285),(-0.014, -0.049, 0.011, 0.999),VALID,(-0.286, 0.238, 0.928),(0.000, 0.000, 0.000),64.325,VALID,(-0.269, 0.283, 0.921),(-0.032, 0.000, 0.000),0.669,4.289,6.415,0.996,VALID,(-0.286, 0.238, 0.928),(0.032, 0.000, 0.000),0.601,3.833,6.373,0.910,2,0
335111,1000001929654056400,63875742720540,(-0.059, 1.427, 0.285),(-0.014, -0.049, 0.011, 0.999),VALID,(-0.285, 0.238, 0.929),(0.000, 0.000, 0.000),64.325,VALID,(-0.267, 0.283, 0.921),(-0.032, 0.000, 0.000),0.669,4.290,6.415,0.996,VALID,(-0.285, 0.238, 0.929),(0.032, 0.000, 0.000),0.601,3.832,6.373,0.910,2,0
335112,1000001929659056700,63875742720550,(-0.059, 1.427, 0.285),(-0.014, -0.049, 0.011, 0.999),VALID,(-0.285, 0.238, 0.929),(0.000, 0.000, 0.000),64.325,VALID,(-0.266, 0.283, 0.921),(-0.032, 0.000, 0.000),0.669,4.291,6.415,0.996,VALID,(-0.285, 0.238, 0.929),(0.032, 0.000, 0.000),0.601,3.831,6.373,0.910,2,0
335113,1000001929664019400,63875742720551,(-0.059, 1.427, 0.285),(-0.014, -0.049, 0.011, 0.999),VALID,(-0.284, 0.238, 0.929),(0.000, 0.000, 0.000),64.325,VALID,(-0.265, 0.283, 0.922),(-0.032, 0.000, 0.000),0.669,4.291,6.415,0.997,VALID,(-0.284, 0.238, 0.929),(0.032, 0.000, 0.000),0.601,3.831,6.373,0.910,2,0
335114,1000001929669019700,63875742720561,(-0.059, 1.427, 0.285),(-0.014, -0.049, 0.012, 0.999),VALID,(-0.284, 0.238, 0.929),(0.000, 0.000, 0.000),64.325,VALID,(-0.265, 0.283, 0.922),(-0.032, 0.000, 0.000),0.669,4.291,6.415,0.997,VALID,(-0.284, 0.238, 0.929),(0.032, 0.000, 0.000),0.601,3.830,6.373,0.911,2,0
335115,1000001929674044700,63875742720561,(-0.059, 1.427, 0.285),(-0.014, -0.049, 0.012, 0.999),VALID,(-0.283, 0.238, 0.929),(0.000, 0.000, 0.000),64.325,VALID,(-0.264, 0.283, 0.922),(-0.032, 0.000, 0.000),0.669,4.292,6.415,0.997,VALID,(-0.283, 0.238, 0.929),(0.032, 0.000, 0.000),0.601,3.830,6.373,0.911,2,0.4899946
335116,1000001929679045000,63875742720573,(-0.059, 1.427, 0.285),(-0.014, -0.049, 0.012, 0.999),VALID,(-0.283, 0.238, 0.929),(0.000, 0.000, 0.000),64.325,VALID,(-0.264, 0.282, 0.922),(-0.032, 0.000, 0.000),0.670,4.298,6.415,0.997,VALID,(-0.283, 0.238, 0.929),(0.032, 0.000, 0.000),0.601,3.830,6.373,0.911,2,0.6288516
335117,1000001929684050400,63875742720573,(-0.059, 1.427, 0.285),(-0.014, -0.049, 0.012, 0.999),VALID,(-0.283, 0.238, 0.929),(0.000, 0.000, 0.000),64.325,VALID,(-0.263, 0.282, 0.923),(-0.032, 0.000, 0.000),0.671,4.303,6.415,0.997,VALID,(-0.283, 0.238, 0.929),(0.032, 0.000, 0.000),0.601,3.830,6.373,0.911,2,0.7690806
335118,1000001929689050700,63875742720584,(-0.059, 1.426, 0.285),(-0.014, -0.049, 0.012, 0.999),VALID,(-0.283, 0.238, 0.929),(0.000, 0.000, 0.000),64.325,VALID,(-0.263, 0.282, 0.923),(-0.032, 0.000, 0.000),0.671,4.307,6.415,0.997,VALID,(-0.283, 0.238, 0.929),(0.032, 0.000, 0.000),0.601,3.830,6.373,0.912,2,0.9233302
335119,1000001929694060800,63875742720584,(-0.059, 1.426, 0.285),(-0.014, -0.049, 0.012, 0.999),VALID,(-0.282, 0.238, 0.929),(0.000, 0.000, 0.000),64.325,VALID,(-0.263, 0.282, 0.923),(-0.032, 0.000, 0.000),0.672,4.310,6.415,0.997,VALID,(-0.282, 0.238, 0.929),(0.032, 0.000, 0.000),0.601,3.830,6.373,0.912,2,1
335120,1000001929699075900,63875742720584,(-0.059, 1.426, 0.285),(-0.014, -0.049, 0.012, 0.999),VALID,(-0.282, 0.238, 0.929),(0.000, 0.000, 0.000),64.325,VALID,(-0.262, 0.282, 0.923),(-0.032, 0.000, 0.000),0.672,4.312,6.415,0.997,VALID,(-0.282, 0.238, 0.929),(0.032, 0.000, 0.000),0.601,3.830,6.373,0.912,2,1
335121,1000001929704091000,63875742720595,(-0.059, 1.426, 0.285),(-0.014, -0.049, 0.012, 0.999),VALID,(-0.282, 0.238, 0.929),(0.000, 0.000, 0.000),64.325,VALID,(-0.262, 0.282, 0.923),(-0.032, 0.000, 0.000),0.672,4.314,6.415,0.998,VALID,(-0.282, 0.238, 0.929),(0.032, 0.000, 0.000),0.601,3.831,6.373,0.912,2,1
335122,1000001929709181900,63875742720595,(-0.059, 1.426, 0.285),(-0.014, -0.049, 0.012, 0.999),VALID,(-0.282, 0.237, 0.929),(0.000, 0.000, 0.000),64.325,VALID,(-0.262, 0.282, 0.923),(-0.032, 0.000, 0.000),0.673,4.315,6.415,0.998,VALID,(-0.282, 0.237, 0.929),(0.032, 0.000, 0.000),0.601,3.831,6.373,0.912,2,1
335123,1000001929714182200,63875742720607,(-0.059, 1.426, 0.285),(-0.014, -0.049, 0.012, 0.999),VALID,(-0.282, 0.237, 0.930),(0.000, 0.000, 0.000),64.325,VALID,(-0.262, 0.281, 0.923),(-0.032, 0.000, 0.000),0.673,4.315,6.415,0.998,VALID,(-0.282, 0.237, 0.930),(0.032, 0.000, 0.000),0.601,3.831,6.373,0.913,2,1
335124,1000001929719173300,63875742720607,(-0.059, 1.426, 0.285),(-0.014, -0.049, 0.012, 0.999),VALID,(-0.282, 0.237, 0.930),(0.000, 0.000, 0.000),64.325,VALID,(-0.262, 0.281, 0.923),(-0.032, 0.000, 0.000),0.673,4.315,6.415,0.998,VALID,(-0.282, 0.237, 0.930),(0.032, 0.000, 0.000),0.601,3.831,6.373,0.913,2,1
335125,1000001929724178500,63875742720617,(-0.059, 1.427, 0.286),(-0.014, -0.049, 0.012, 0.999),VALID,(-0.282, 0.237, 0.930),(0.000, 0.000, 0.000),64.325,VALID,(-0.262, 0.281, 0.923),(-0.032, 0.000, 0.000),0.673,4.316,6.415,0.998,VALID,(-0.282, 0.237, 0.930),(0.032, 0.000, 0.000),0.601,3.832,6.373,0.913,2,1
335126,1000001929729183700,63875742720617,(-0.059, 1.427, 0.286),(-0.014, -0.049, 0.012, 0.999),VALID,(-0.282, 0.237, 0.930),(0.000, 0.000, 0.000),64.325,VALID,(-0.262, 0.281, 0.923),(-0.032, 0.000, 0.000),0.673,4.316,6.415,0.998,VALID,(-0.282, 0.237, 0.930),(0.032, 0.000, 0.000),0.601,3.833,6.373,0.913,2,1
335127,1000001929734188900,63875742720628,(-0.059, 1.427, 0.286),(-0.014, -0.049, 0.012, 0.999),VALID,(-0.282, 0.237, 0.930),(0.000, 0.000, 0.000),64.325,VALID,(-0.261, 0.281, 0.923),(-0.032, 0.000, 0.000),0.673,4.316,6.415,0.998,VALID,(-0.282, 0.237, 0.930),(0.032, 0.000, 0.000),0.602,3.834,6.373,0.914,2,1
335128,1000001929739194100,63875742720628,(-0.059, 1.427, 0.286),(-0.014, -0.049, 0.012, 0.999),VALID,(-0.282, 0.237, 0.930),(0.000, 0.000, 0.000),64.325,VALID,(-0.261, 0.281, 0.923),(-0.032, 0.000, 0.000),0.672,4.309,6.415,0.998,VALID,(-0.282, 0.237, 0.930),(0.032, 0.000, 0.000),0.602,3.835,6.373,0.914,2,1
335129,1000001929744189500,63875742720639,(-0.059, 1.427, 0.286),(-0.014, -0.049, 0.012, 0.999),VALID,(-0.282, 0.237, 0.930),(0.000, 0.000, 0.000),64.325,VALID,(-0.261, 0.282, 0.923),(-0.032, 0.000, 0.000),0.671,4.303,6.415,0.998,VALID,(-0.282, 0.237, 0.930),(0.032, 0.000, 0.000),0.602,3.835,6.373,0.914,2,1
335130,1000001929749194700,63875742720639,(-0.059, 1.427, 0.286),(-0.014, -0.049, 0.012, 0.999),VALID,(-0.282, 0.236, 0.930),(0.000, 0.000, 0.000),64.325,VALID,(-0.261, 0.282, 0.923),(-0.032, 0.000, 0.000),0.670,4.298,6.415,0.998,VALID,(-0.282, 0.236, 0.930),(0.032, 0.000, 0.000),0.602,3.835,6.373,0.914,2,1
335131,1000001929754250800,63875742720651,(-0.059, 1.427, 0.287),(-0.015, -0.049, 0.012, 0.999),VALID,(-0.282, 0.236, 0.930),(0.000, 0.000, 0.000),64.325,VALID,(-0.260, 0.282, 0.923),(-0.032, 0.000, 0.000),0.670,4.296,6.415,0.998,VALID,(-0.282, 0.236, 0.930),(0.032, 0.000, 0.000),0.602,3.836,6.373,0.914,2,1
335132,1000001929759256000,63875742720651,(-0.059, 1.427, 0.287),(-0.015, -0.049, 0.012, 0.999),VALID,(-0.282, 0.236, 0.930),(0.000, 0.000, 0.000),64.325,VALID,(-0.260, 0.282, 0.923),(-0.032, 0.000, 0.000),0.670,4.296,6.415,0.998,VALID,(-0.282, 0.236, 0.930),(0.032, 0.000, 0.000),0.602,3.838,6.373,0.914,2,1
335133,1000001929764264800,63875742720651,(-0.059, 1.427, 0.287),(-0.015, -0.049, 0.012, 0.999),VALID,(-0.282, 0.236, 0.930),(0.000, 0.000, 0.000),64.325,VALID,(-0.260, 0.282, 0.924),(-0.032, 0.000, 0.000),0.670,4.297,6.415,0.998,VALID,(-0.282, 0.236, 0.930),(0.032, 0.000, 0.000),0.602,3.840,6.373,0.915,2,1
335134,1000001929769270000,63875742720662,(-0.059, 1.427, 0.287),(-0.015, -0.049, 0.012, 0.999),VALID,(-0.282, 0.236, 0.930),(0.000, 0.000, 0.000),64.325,VALID,(-0.260, 0.282, 0.924),(-0.032, 0.000, 0.000),0.670,4.299,6.415,0.998,VALID,(-0.282, 0.236, 0.930),(0.032, 0.000, 0.000),0.603,3.840,6.373,0.915,2,1
335135,1000001929774285100,63875742720662,(-0.059, 1.427, 0.287),(-0.015, -0.049, 0.012, 0.999),VALID,(-0.282, 0.236, 0.930),(0.000, 0.000, 0.000),64.325,VALID,(-0.260, 0.282, 0.924),(-0.032, 0.000, 0.000),0.671,4.301,6.415,0.998,VALID,(-0.282, 0.236, 0.930),(0.032, 0.000, 0.000),0.603,3.841,6.373,0.915,2,1
335136,1000001929779283500,63875742720672,(-0.059, 1.427, 0.287),(-0.015, -0.049, 0.012, 0.999),VALID,(-0.282, 0.236, 0.930),(0.000, 0.000, 0.000),64.325,VALID,(-0.259, 0.282, 0.924),(-0.032, 0.000, 0.000),0.671,4.305,6.415,0.998,VALID,(-0.282, 0.236, 0.930),(0.032, 0.000, 0.000),0.603,3.842,6.373,0.915,2,1
335137,1000001929784279300,63875742720672,(-0.059, 1.427, 0.287),(-0.015, -0.049, 0.012, 0.999),VALID,(-0.281, 0.236, 0.930),(0.000, 0.000, 0.000),64.325,VALID,(-0.259, 0.282, 0.924),(-0.032, 0.000, 0.000),0.672,4.308,6.415,0.998,VALID,(-0.281, 0.236, 0.930),(0.032, 0.000, 0.000),0.603,3.843,6.373,0.915,0.5201206,1
335138,1000001929789281100,63875742720684,(-0.059, 1.427, 0.287),(-0.015, -0.049, 0.012, 0.999),VALID,(-0.281, 0.235, 0.930),(0.000, 0.000, 0.000),64.325,VALID,(-0.259, 0.282, 0.924),(-0.032, 0.000, 0.000),0.672,4.312,6.415,0.998,VALID,(-0.281, 0.235, 0.930),(0.032, 0.000, 0.000),0.603,3.844,6.373,0.915,0.51746,1
335139,1000001929794342100,63875742720684,(-0.059, 1.427, 0.287),(-0.015, -0.049, 0.012, 0.999),VALID,(-0.281, 0.235, 0.930),(0.000, 0.000, 0.000),64.325,VALID,(-0.259, 0.282, 0.924),(-0.032, 0.000, 0.000),0.672,4.314,6.415,0.999,VALID,(-0.281, 0.235, 0.930),(0.032, 0.000, 0.000),0.603,3.846,6.373,0.915,0.5148762,1
335140,1000001929799317100,63875742720695,(-0.059, 1.427, 0.287),(-0.015, -0.049, 0.012, 0.999),VALID,(-0.281, 0.235, 0.930),(0.000, 0.000, 0.000),64.325,VALID,(-0.259, 0.283, 0.924),(-0.032, 0.000, 0.000),0.673,4.315,6.415,0.999,VALID,(-0.281, 0.235, 0.930),(0.032, 0.000, 0.000),0.604,3.847,6.373,0.916,0.5116097,1
335141,1000001929804318900,63875742720695,(-0.059, 1.427, 0.287),(-0.015, -0.049, 0.012, 0.999),VALID,(-0.281, 0.235, 0.930),(0.000, 0.000, 0.000),64.325,VALID,(-0.259, 0.282, 0.924),(-0.032, 0.000, 0.000),0.673,4.318,6.415,0.999,VALID,(-0.281, 0.235, 0.930),(0.032, 0.000, 0.000),0.604,3.849,6.373,0.916,0.5093903,1
335142,1000001929809378500,63875742720695,(-0.059, 1.427, 0.287),(-0.015, -0.049, 0.012, 0.999),VALID,(-0.281, 0.235, 0.930),(0.000, 0.000, 0.000),64.325,VALID,(-0.259, 0.282, 0.924),(-0.032, 0.000, 0.000),0.674,4.322,6.415,0.999,VALID,(-0.281, 0.235, 0.930),(0.032, 0.000, 0.000),0.604,3.851,6.373,0.916,0.5073046,1
335143,1000001929814380300,63875742720707,(-0.059, 1.427, 0.287),(-0.015, -0.049, 0.012, 0.999),VALID,(-0.281, 0.235, 0.930),(0.000, 0.000, 0.000),64.325,VALID,(-0.260, 0.282, 0.924),(-0.032, 0.000, 0.000),0.674,4.327,6.415,0.999,VALID,(-0.281, 0.235, 0.930),(0.032, 0.000, 0.000),0.605,3.852,6.373,0.916,0.5050957,1
335144,1000001929819391700,63875742720717,(-0.059, 1.427, 0.287),(-0.015, -0.049, 0.012, 0.999),VALID,(-0.281, 0.235, 0.930),(0.000, 0.000, 0.000),64.325,VALID,(-0.260, 0.282, 0.924),(-0.032, 0.000, 0.000),0.674,4.326,6.415,0.999,VALID,(-0.281, 0.235, 0.930),(0.032, 0.000, 0.000),0.605,3.854,6.373,0.916,0.50331,1
335145,1000001929824396800,63875742720717,(-0.059, 1.427, 0.287),(-0.015, -0.049, 0.012, 0.999),VALID,(-0.281, 0.235, 0.930),(0.000, 0.000, 0.000),64.325,VALID,(-0.259, 0.283, 0.923),(-0.032, 0.000, 0.000),0.674,4.325,6.415,0.999,VALID,(-0.281, 0.235, 0.930),(0.032, 0.000, 0.000),0.605,3.856,6.373,0.916,0.5012531,1
335146,1000001929829425400,63875742720717,(-0.059, 1.427, 0.287),(-0.015, -0.049, 0.012, 0.999),VALID,(-0.281, 0.235, 0.930),(0.000, 0.000, 0.000),64.325,VALID,(-0.259, 0.283, 0.923),(-0.032, 0.000, 0.000),0.674,4.323,6.415,0.999,VALID,(-0.281, 0.235, 0.930),(0.032, 0.000, 0.000),0.605,3.857,6.373,0.916,0.4990335,1
335147,1000001929834427200,63875742720728,(-0.059, 1.427, 0.288),(-0.015, -0.049, 0.012, 0.999),VALID,(-0.281, 0.235, 0.930),(0.000, 0.000, 0.000),64.325,VALID,(-0.259, 0.283, 0.923),(-0.032, 0.000, 0.000),0.674,4.322,6.415,0.999,VALID,(-0.281, 0.235, 0.930),(0.032, 0.000, 0.000),0.605,3.858,6.373,0.916,0.4974851,1
335148,1000001929839429000,63875742720728,(-0.059, 1.427, 0.288),(-0.015, -0.049, 0.012, 0.999),VALID,(-0.281, 0.235, 0.930),(0.000, 0.000, 0.000),64.325,VALID,(-0.259, 0.283, 0.923),(-0.032, 0.000, 0.000),0.674,4.321,6.415,0.999,VALID,(-0.281, 0.235, 0.930),(0.032, 0.000, 0.000),0.606,3.860,6.373,0.917,0.4963464,1
335149,1000001929844431100,63875742720739,(-0.059, 1.427, 0.288),(-0.015, -0.049, 0.012, 0.999),VALID,(-0.281, 0.235, 0.930),(0.000, 0.000, 0.000),64.325,VALID,(-0.259, 0.283, 0.923),(-0.032, 0.000, 0.000),0.674,4.321,6.415,0.999,VALID,(-0.281, 0.235, 0.930),(0.032, 0.000, 0.000),0.606,3.861,6.373,0.917,0.4949996,1
335150,1000001929849461400,63875742720739,(-0.059, 1.427, 0.288),(-0.015, -0.049, 0.012, 0.999),VALID,(-0.281, 0.235, 0.930),(0.000, 0.000, 0.000),64.325,VALID,(-0.259, 0.283, 0.923),(-0.032, 0.000, 0.000),0.674,4.322,6.415,0.999,VALID,(-0.281, 0.235, 0.930),(0.032, 0.000, 0.000),0.607,3.870,6.373,0.917,0.4949839,1
335151,1000001929854463200,63875742720739,(-0.059, 1.427, 0.288),(-0.015, -0.049, 0.012, 0.999),VALID,(-0.281, 0.235, 0.930),(0.000, 0.000, 0.000),64.325,VALID,(-0.259, 0.283, 0.923),(-0.032, 0.000, 0.000),0.674,4.323,6.415,0.999,VALID,(-0.281, 0.235, 0.930),(0.032, 0.000, 0.000),0.608,3.875,6.373,0.917,0.4948291,1
335152,1000001929859465000,63875742720751,(-0.059, 1.427, 0.288),(-0.015, -0.049, 0.012, 0.999),VALID,(-0.281, 0.235, 0.930),(0.000, 0.000, 0.000),64.325,VALID,(-0.260, 0.283, 0.923),(-0.032, 0.000, 0.000),0.674,4.325,6.415,0.999,VALID,(-0.281, 0.235, 0.930),(0.032, 0.000, 0.000),0.608,3.876,6.373,0.917,0.4948701,1
335153,1000001929864471300,63875742720751,(-0.059, 1.427, 0.288),(-0.015, -0.049, 0.012, 0.999),VALID,(-0.281, 0.235, 0.930),(0.000, 0.000, 0.000),64.325,VALID,(-0.260, 0.283, 0.923),(-0.032, 0.000, 0.000),0.674,4.326,6.415,0.999,VALID,(-0.281, 0.235, 0.930),(0.032, 0.000, 0.000),0.608,3.877,6.373,0.918,0.4947805,1
335154,1000001929869537900,63875742720761,(-0.059, 1.427, 0.288),(-0.015, -0.049, 0.012, 0.999),VALID,(-0.281, 0.235, 0.930),(0.000, 0.000, 0.000),64.325,VALID,(-0.260, 0.283, 0.923),(-0.032, 0.000, 0.000),0.675,4.328,6.415,0.999,VALID,(-0.281, 0.235, 0.930),(0.032, 0.000, 0.000),0.609,3.878,6.373,0.918,0.494836,1
335155,1000001929874541200,63875742720761,(-0.059, 1.427, 0.288),(-0.015, -0.049, 0.012, 0.999),VALID,(-0.281, 0.235, 0.930),(0.000, 0.000, 0.000),64.325,VALID,(-0.260, 0.283, 0.923),(-0.032, 0.000, 0.000),0.675,4.330,6.415,0.999,VALID,(-0.281, 0.235, 0.930),(0.032, 0.000, 0.000),0.609,3.879,6.373,0.918,0.4950924,1
335156,1000001929879557000,63875742720772,(-0.059, 1.427, 0.288),(-0.015, -0.049, 0.012, 0.999),VALID,(-0.281, 0.236, 0.930),(0.000, 0.000, 0.000),64.325,VALID,(-0.260, 0.283, 0.923),(-0.032, 0.000, 0.000),0.675,4.333,6.415,0.999,VALID,(-0.281, 0.236, 0.930),(0.032, 0.000, 0.000),0.609,3.880,6.373,0.918,2,1
335157,1000001929884612500,63875742720772,(-0.059, 1.427, 0.288),(-0.015, -0.049, 0.012, 0.999),VALID,(-0.281, 0.235, 0.930),(0.000, 0.000, 0.000),64.325,VALID,(-0.260, 0.283, 0.923),(-0.032, 0.000, 0.000),0.676,4.335,6.415,0.999,VALID,(-0.281, 0.235, 0.930),(0.032, 0.000, 0.000),0.609,3.881,6.373,0.918,2,1
335158,1000001929889615800,63875742720783,(-0.059, 1.427, 0.288),(-0.015, -0.049, 0.012, 0.999),VALID,(-0.281, 0.235, 0.930),(0.000, 0.000, 0.000),64.325,VALID,(-0.260, 0.283, 0.923),(-0.032, 0.000, 0.000),0.676,4.337,6.415,0.999,VALID,(-0.281, 0.235, 0.930),(0.032, 0.000, 0.000),0.609,3.882,6.373,0.918,2,1
335159,1000001929894620900,63875742720784,(-0.059, 1.427, 0.288),(-0.015, -0.049, 0.012, 0.999),VALID,(-0.281, 0.235, 0.930),(0.000, 0.000, 0.000),64.325,VALID,(-0.260, 0.283, 0.923),(-0.032, 0.000, 0.000),0.676,4.337,6.415,0.999,VALID,(-0.281, 0.235, 0.930),(0.032, 0.000, 0.000),0.609,3.883,6.373,0.919,2,1
335160,1000001929899626000,63875742720784,(-0.059, 1.427, 0.288),(-0.015, -0.049, 0.012, 0.999),VALID,(-0.281, 0.235, 0.930),(0.000, 0.000, 0.000),64.325,VALID,(-0.260, 0.283, 0.923),(-0.032, 0.000, 0.000),0.676,4.338,6.415,0.999,VALID,(-0.281, 0.235, 0.930),(0.032, 0.000, 0.000),0.609,3.883,6.373,0.919,2,1
335161,1000001929904631100,63875742720795,(-0.059, 1.427, 0.288),(-0.015, -0.049, 0.012, 0.999),VALID,(-0.281, 0.235, 0.930),(0.000, 0.000, 0.000),64.325,VALID,(-0.260, 0.283, 0.923),(-0.032, 0.000, 0.000),0.676,4.339,6.415,0.999,VALID,(-0.281, 0.235, 0.930),(0.032, 0.000, 0.000),0.609,3.884,6.373,0.919,2,1
335162,1000001929909609600,63875742720795,(-0.059, 1.427, 0.288),(-0.015, -0.049, 0.012, 0.999),VALID,(-0.281, 0.235, 0.930),(0.000, 0.000, 0.000),64.325,VALID,(-0.260, 0.283, 0.923),(-0.032, 0.000, 0.000),0.677,4.341,6.415,0.999,VALID,(-0.281, 0.235, 0.930),(0.032, 0.000, 0.000),0.609,3.884,6.373,0.919,2,1
335163,1000001929914614700,63875742720806,(-0.059, 1.428, 0.288),(-0.015, -0.049, 0.012, 0.999),VALID,(-0.281, 0.235, 0.930),(0.000, 0.000, 0.000),64.325,VALID,(-0.260, 0.283, 0.923),(-0.032, 0.000, 0.000),0.677,4.342,6.415,0.999,VALID,(-0.281, 0.235, 0.930),(0.032, 0.000, 0.000),0.609,3.884,6.373,0.919,2,1
335164,1000001929919650800,63875742720806,(-0.059, 1.428, 0.288),(-0.015, -0.049, 0.012, 0.999),VALID,(-0.281, 0.235, 0.930),(0.000, 0.000, 0.000),64.325,VALID,(-0.260, 0.283, 0.923),(-0.032, 0.000, 0.000),0.677,4.343,6.415,0.999,VALID,(-0.281, 0.235, 0.930),(0.032, 0.000, 0.000),0.609,3.884,6.373,0.919,2,1
335165,1000001929924667400,63875742720817,(-0.059, 1.428, 0.288),(-0.015, -0.049, 0.012, 0.999),VALID,(-0.281, 0.235, 0.930),(0.000, 0.000, 0.000),64.325,VALID,(-0.260, 0.283, 0.923),(-0.032, 0.000, 0.000),0.677,4.344,6.415,0.999,VALID,(-0.281, 0.235, 0.930),(0.032, 0.000, 0.000),0.610,3.885,6.373,0.919,2,1
335166,1000001929929667500,63875742720817,(-0.059, 1.428, 0.288),(-0.015, -0.049, 0.012, 0.999),VALID,(-0.281, 0.235, 0.930),(0.000, 0.000, 0.000),64.325,VALID,(-0.260, 0.283, 0.923),(-0.032, 0.000, 0.000),0.677,4.340,6.415,0.999,VALID,(-0.281, 0.235, 0.930),(0.032, 0.000, 0.000),0.610,3.886,6.373,0.919,2,1
335167,1000001929934672600,63875742720827,(-0.059, 1.428, 0.288),(-0.015, -0.049, 0.012, 0.999),VALID,(-0.281, 0.235, 0.930),(0.000, 0.000, 0.000),64.325,VALID,(-0.260, 0.283, 0.923),(-0.032, 0.000, 0.000),0.676,4.335,6.415,0.999,VALID,(-0.281, 0.235, 0.930),(0.032, 0.000, 0.000),0.610,3.886,6.373,0.920,0.4840776,1
335168,1000001929939716200,63875742720827,(-0.059, 1.428, 0.288),(-0.015, -0.049, 0.012, 0.999),VALID,(-0.281, 0.235, 0.930),(0.000, 0.000, 0.000),64.325,VALID,(-0.260, 0.283, 0.923),(-0.032, 0.000, 0.000),0.675,4.330,6.415,0.999,VALID,(-0.281, 0.235, 0.930),(0.032, 0.000, 0.000),0.610,3.887,6.373,0.920,0.4828654,1
335169,1000001929944721900,63875742720839,(-0.059, 1.428, 0.288),(-0.015, -0.049, 0.012, 0.999),VALID,(-0.281, 0.235, 0.930),(0.000, 0.000, 0.000),64.325,VALID,(-0.260, 0.283, 0.923),(-0.032, 0.000, 0.000),0.674,4.324,6.415,0.999,VALID,(-0.281, 0.235, 0.930),(0.032, 0.000, 0.000),0.611,3.894,6.373,0.919,2,0.9736012
335170,1000001929949727600,63875742720839,(-0.059, 1.428, 0.288),(-0.015, -0.049, 0.012, 0.999),VALID,(-0.281, 0.236, 0.930),(0.000, 0.000, 0.000),64.325,VALID,(-0.260, 0.283, 0.923),(-0.032, 0.000, 0.000),0.671,4.305,6.415,0.999,VALID,(-0.281, 0.236, 0.930),(0.032, 0.000, 0.000),0.617,3.929,6.373,0.919,2,0.8522537
335171,1000001929954733300,63875742720839,(-0.059, 1.428, 0.288),(-0.015, -0.049, 0.012, 0.999),VALID,(-0.281, 0.236, 0.930),(0.000, 0.000, 0.000),64.325,VALID,(-0.261, 0.283, 0.923),(-0.032, 0.000, 0.000),0.665,4.266,6.415,0.999,VALID,(-0.281, 0.236, 0.930),(0.032, 0.000, 0.000),0.624,3.976,6.373,0.919,0.4812055,0.6328008
335172,1000001929959744100,63875742720851,(-0.059, 1.428, 0.288),(-0.015, -0.049, 0.012, 0.999),VALID,(-0.285, 0.235, 0.929),(0.000, 0.000, 0.000),64.325,VALID,(-0.262, 0.283, 0.923),(-0.032, 0.000, 0.000),0.643,4.122,6.415,0.999,VALID,(-0.285, 0.235, 0.929),(0.032, 0.000, 0.000),0.627,3.993,6.373,0.919,0.5080954,0.3491139
335173,1000001929964749800,63875742720851,(-0.059, 1.428, 0.288),(-0.015, -0.049, 0.012, 0.999),VALID,(-0.291, 0.234, 0.928),(0.000, 0.000, 0.000),64.325,VALID,(-0.262, 0.283, 0.923),(-0.032, 0.000, 0.000),0.594,3.814,6.415,0.999,VALID,(-0.291, 0.234, 0.928),(0.032, 0.000, 0.000),0.626,3.992,6.373,0.918,0.5741698,0.1215773
335174,1000001929969755500,63875742720862,(-0.059, 1.428, 0.289),(-0.015, -0.049, 0.012, 0.999),VALID,(-0.299, 0.233, 0.925),(0.000, 0.000, 0.000),64.325,VALID,(-0.262, 0.283, 0.923),(-0.032, 0.000, 0.000),0.590,3.786,6.415,0.999,VALID,(-0.299, 0.233, 0.925),(0.032, 0.000, 0.000),0.627,3.993,6.373,0.918,0.6172687,0.04364732
335175,1000001929974761200,63875742720862,(-0.059, 1.428, 0.289),(-0.015, -0.049, 0.012, 0.999),VALID,(-0.307, 0.232, 0.923),(0.000, 0.000, 0.000),64.325,VALID,(-0.262, 0.283, 0.923),(-0.032, 0.000, 0.000),0.590,3.784,6.415,0.999,VALID,(-0.307, 0.232, 0.923),(0.032, 0.000, 0.000),0.627,3.994,6.373,0.917,0.6244275,0
335176,1000001929979777800,63875742720872,(-0.059, 1.428, 0.289),(-0.015, -0.049, 0.012, 0.999),VALID,(-0.315, 0.231, 0.920),(0.000, 0.000, 0.000),64.325,VALID,(-0.263, 0.283, 0.922),(-0.032, 0.000, 0.000),0.590,3.783,6.415,0.999,VALID,(-0.315, 0.231, 0.920),(0.032, 0.000, 0.000),0.627,3.996,6.373,0.916,0.6118428,0
335177,1000001929984903800,63875742720872,(-0.059, 1.428, 0.289),(-0.015, -0.049, 0.012, 0.999),VALID,(-0.322, 0.230, 0.918),(0.000, 0.000, 0.000),64.325,VALID,(-0.263, 0.283, 0.922),(-0.032, 0.000, 0.000),0.590,3.784,6.415,0.998,VALID,(-0.322, 0.230, 0.918),(0.032, 0.000, 0.000),0.627,3.998,6.373,0.916,0.5931692,0
335178,1000001929989920400,63875742720883,(-0.059, 1.428, 0.289),(-0.015, -0.049, 0.012, 0.999),VALID,(-0.328, 0.229, 0.917),(0.000, 0.000, 0.000),64.325,VALID,(-0.264, 0.284, 0.922),(-0.032, 0.000, 0.000),0.590,3.785,6.415,0.998,VALID,(-0.328, 0.229, 0.917),(0.032, 0.000, 0.000),0.628,4.000,6.373,0.916,0.5762045,0
335179,1000001929994952100,63875742720883,(-0.059, 1.428, 0.289),(-0.015, -0.049, 0.012, 0.999),VALID,(-0.332, 0.228, 0.915),(0.000, 0.000, 0.000),64.325,VALID,(-0.265, 0.284, 0.921),(-0.032, 0.000, 0.000),0.591,3.789,6.415,0.998,VALID,(-0.332, 0.228, 0.915),(0.032, 0.000, 0.000),0.628,4.002,6.373,0.915,0.5595879,0
335180,1000001929999968700,63875742720895,(-0.059, 1.428, 0.289),(-0.015, -0.049, 0.012, 0.999),VALID,(-0.335, 0.227, 0.914),(0.000, 0.000, 0.000),64.325,VALID,(-0.266, 0.285, 0.921),(-0.032, 0.000, 0.000),0.591,3.794,6.415,0.998,VALID,(-0.335, 0.227, 0.914),(0.032, 0.000, 0.000),0.628,4.002,6.373,0.915,0.5451793,0
335181,1000001930004985300,63875742720895,(-0.059, 1.428, 0.289),(-0.015, -0.049, 0.012, 0.999),VALID,(-0.338, 0.227, 0.914),(0.000, 0.000, 0.000),64.325,VALID,(-0.267, 0.286, 0.920),(-0.032, 0.000, 0.000),0.597,3.830,6.415,0.998,VALID,(-0.338, 0.227, 0.914),(0.032, 0.000, 0.000),0.628,4.002,6.373,0.915,0.528479,0
335182,1000001930009986000,63875742720895,(-0.059, 1.428, 0.289),(-0.015, -0.049, 0.012, 0.999),VALID,(-0.340, 0.226, 0.913),(0.000, 0.000, 0.000),64.325,VALID,(-0.267, 0.287, 0.920),(-0.032, 0.000, 0.000),0.599,3.840,6.415,0.998,VALID,(-0.340, 0.226, 0.913),(0.032, 0.000, 0.000),0.628,4.002,6.373,0.915,0.5133896,0
335183,1000001930014837200,63875742720906,(-0.059, 1.428, 0.289),(-0.015, -0.049, 0.012, 0.999),VALID,(-0.341, 0.225, 0.913),(0.000, 0.000, 0.000),64.325,VALID,(-0.268, 0.288, 0.919),(-0.032, 0.000, 0.000),0.599,3.844,6.415,0.997,VALID,(-0.341, 0.225, 0.913),(0.032, 0.000, 0.000),0.628,4.002,6.373,0.914,0.5000775,0
335184,1000001930019837900,63875742720906,(-0.059, 1.428, 0.289),(-0.015, -0.049, 0.012, 0.999),VALID,(-0.343, 0.225, 0.912),(0.000, 0.000, 0.000),64.325,VALID,(-0.268, 0.290, 0.919),(-0.032, 0.000, 0.000),0.600,3.848,6.415,0.997,VALID,(-0.343, 0.225, 0.912),(0.032, 0.000, 0.000),0.628,4.002,6.373,0.914,0.4859845,0
335185,1000001930024873300,63875742720917,(-0.059, 1.428, 0.289),(-0.015, -0.049, 0.012, 0.999),VALID,(-0.343, 0.224, 0.912),(0.000, 0.000, 0.000),64.325,VALID,(-0.268, 0.290, 0.919),(-0.032, 0.000, 0.000),0.597,3.827,6.415,0.997,VALID,(-0.343, 0.224, 0.912),(0.032, 0.000, 0.000),0.628,4.002,6.373,0.914,0.4798348,0
335186,1000001930029889900,63875742720917,(-0.059, 1.428, 0.289),(-0.015, -0.049, 0.012, 0.999),VALID,(-0.344, 0.224, 0.912),(0.000, 0.000, 0.000),64.325,VALID,(-0.268, 0.290, 0.919),(-0.032, 0.000, 0.000),0.595,3.818,6.415,0.997,VALID,(-0.344, 0.224, 0.912),(0.032, 0.000, 0.000),0.628,4.002,6.373,0.914,0.4746273,0
335187,1000001930034933900,63875742720928,(-0.059, 1.428, 0.289),(-0.016, -0.049, 0.012, 0.999),VALID,(-0.345, 0.223, 0.912),(0.000, 0.000, 0.000),64.325,VALID,(-0.268, 0.291, 0.918),(-0.032, 0.000, 0.000),0.596,3.825,6.415,0.997,VALID,(-0.345, 0.223, 0.912),(0.032, 0.000, 0.000),0.628,4.002,6.373,0.914,0.466778,0
335188,1000001930039977900,63875742720928,(-0.059, 1.428, 0.289),(-0.016, -0.049, 0.012, 0.999),VALID,(-0.345, 0.223, 0.912),(0.000, 0.000, 0.000),64.325,VALID,(-0.268, 0.292, 0.918),(-0.032, 0.000, 0.000),0.597,3.829,6.415,0.996,VALID,(-0.345, 0.223, 0.912),(0.032, 0.000, 0.000),0.628,4.003,6.373,0.914,0.4593151,0.04506736
335189,1000001930045021900,63875742720939,(-0.059, 1.428, 0.289),(-0.016, -0.049, 0.012, 0.999),VALID,(-0.346, 0.222, 0.912),(0.000, 0.000, 0.000),64.325,VALID,(-0.268, 0.293, 0.918),(-0.032, 0.000, 0.000),0.601,3.854,6.415,0.996,VALID,(-0.346, 0.222, 0.912),(0.032, 0.000, 0.000),0.628,4.003,6.373,0.914,0.4496317,0.1706123
335190,1000001930050076900,63875742720939,(-0.059, 1.428, 0.289),(-0.016, -0.049, 0.012, 0.999),VALID,(-0.346, 0.222, 0.912),(0.000, 0.000, 0.000),64.325,VALID,(-0.268, 0.294, 0.917),(-0.032, 0.000, 0.000),0.602,3.860,6.415,0.996,VALID,(-0.346, 0.222, 0.912),(0.032, 0.000, 0.000),0.628,4.003,6.373,0.913,0.4412808,0.3944178
335191,1000001930055131900,63875742720951,(-0.059, 1.428, 0.289),(-0.016, -0.049, 0.012, 0.999),VALID,(-0.346, 0.222, 0.912),(0.000, 0.000, 0.000),64.325,VALID,(-0.268, 0.295, 0.917),(-0.032, 0.000, 0.000),0.602,3.863,6.415,0.996,VALID,(-0.346, 0.222, 0.912),(0.032, 0.000, 0.000),0.628,4.003,6.373,0.913,0.4341864,0.6792763
335192,1000001930060044700,63875742720951,(-0.059, 1.428, 0.289),(-0.016, -0.049, 0.012, 0.999),VALID,(-0.346, 0.222, 0.911),(0.000, 0.000, 0.000),64.325,VALID,(-0.271, 0.293, 0.917),(-0.032, 0.000, 0.000),0.624,4.004,6.415,0.996,VALID,(-0.346, 0.222, 0.911),(0.032, 0.000, 0.000),0.628,4.003,6.373,0.913,0.4448877,0.91098
335193,1000001930065088700,63875742720951,(-0.059, 1.428, 0.289),(-0.016, -0.049, 0.012, 0.999),VALID,(-0.347, 0.221, 0.911),(0.000, 0.000, 0.000),64.325,VALID,(-0.275, 0.292, 0.916),(-0.032, 0.000, 0.000),0.627,4.025,6.415,0.996,VALID,(-0.347, 0.221, 0.911),(0.032, 0.000, 0.000),0.628,4.003,6.373,0.913,0.4535994,0.9950604
335194,1000001930070093200,63875742720962,(-0.059, 1.428, 0.289),(-0.016, -0.049, 0.012, 0.999),VALID,(-0.347, 0.221, 0.911),(0.000, 0.000, 0.000),64.325,VALID,(-0.279, 0.291, 0.915),(-0.032, 0.000, 0.000),0.629,4.032,6.415,0.996,VALID,(-0.347, 0.221, 0.911),(0.032, 0.000, 0.000),0.628,4.003,6.373,0.913,0.4600769,1
335195,1000001930074989100,63875742720962,(-0.059, 1.428, 0.289),(-0.016, -0.049, 0.012, 0.999),VALID,(-0.347, 0.221, 0.911),(0.000, 0.000, 0.000),64.325,VALID,(-0.282, 0.290, 0.914),(-0.032, 0.000, 0.000),0.629,4.033,6.415,0.995,VALID,(-0.347, 0.221, 0.911),(0.032, 0.000, 0.000),0.628,4.003,6.373,0.913,0.4641414,1
335196,1000001930080033100,63875742720972,(-0.059, 1.428, 0.289),(-0.016, -0.049, 0.012, 0.999),VALID,(-0.347, 0.221, 0.911),(0.000, 0.000, 0.000),64.325,VALID,(-0.285, 0.289, 0.914),(-0.032, 0.000, 0.000),0.629,4.033,6.415,0.995,VALID,(-0.347, 0.221, 0.911),(0.032, 0.000, 0.000),0.628,4.003,6.373,0.913,0.4662791,1
335197,1000001930085040600,63875742720972,(-0.059, 1.428, 0.289),(-0.016, -0.049, 0.012, 0.999),VALID,(-0.347, 0.221, 0.911),(0.000, 0.000, 0.000),64.325,VALID,(-0.288, 0.289, 0.913),(-0.032, 0.000, 0.000),0.629,4.033,6.415,0.995,VALID,(-0.347, 0.221, 0.911),(0.032, 0.000, 0.000),0.628,4.003,6.373,0.913,0.4684478,1
335198,1000001930090054700,63875742720984,(-0.059, 1.428, 0.289),(-0.016, -0.049, 0.012, 0.999),VALID,(-0.347, 0.221, 0.911),(0.000, 0.000, 0.000),64.325,VALID,(-0.290, 0.288, 0.913),(-0.032, 0.000, 0.000),0.629,4.035,6.415,0.995,VALID,(-0.347, 0.221, 0.911),(0.032, 0.000, 0.000),0.628,4.003,6.373,0.913,0.4719964,1
335199,1000001930095065300,63875742720984,(-0.059, 1.428, 0.289),(-0.016, -0.049, 0.012, 0.999),VALID,(-0.347, 0.220, 0.912),(0.000, 0.000, 0.000),64.325,VALID,(-0.292, 0.287, 0.913),(-0.032, 0.000, 0.000),0.629,4.035,6.415,0.995,VALID,(-0.347, 0.220, 0.912),(0.032, 0.000, 0.000),0.628,4.003,6.373,0.913,0.4755455,1
335200,1000001930100075900,63875742720995,(-0.059, 1.428, 0.289),(-0.016, -0.049, 0.012, 0.999),VALID,(-0.347, 0.220, 0.912),(0.000, 0.000, 0.000),64.325,VALID,(-0.288, 0.284, 0.915),(-0.032, 0.000, 0.000),0.581,3.725,6.415,0.995,VALID,(-0.347, 0.220, 0.912),(0.032, 0.000, 0.000),0.628,4.002,6.373,0.913,0.5003718,1
335201,1000001930105093800,63875742720995,(-0.059, 1.428, 0.289),(-0.016, -0.049, 0.012, 0.999),VALID,(-0.347, 0.220, 0.912),(0.000, 0.000, 0.000),64.325,VALID,(-0.285, 0.280, 0.917),(-0.032, 0.000, 0.000),0.573,3.678,6.415,0.995,VALID,(-0.347, 0.220, 0.912),(0.032, 0.000, 0.000),0.628,4.002,6.373,0.913,0.5315552,1
335202,1000001930110101300,63875742720995,(-0.059, 1.428, 0.289),(-0.016, -0.049, 0.012, 0.999),VALID,(-0.347, 0.220, 0.912),(0.000, 0.000, 0.000),64.325,VALID,(-0.284, 0.276, 0.918),(-0.032, 0.000, 0.000),0.572,3.668,6.415,0.995,VALID,(-0.347, 0.220, 0.912),(0.032, 0.000, 0.000),0.628,4.002,6.373,0.913,0.5640261,1
335203,1000001930115108800,63875742721007,(-0.059, 1.428, 0.289),(-0.016, -0.049, 0.012, 0.999),VALID,(-0.347, 0.219, 0.912),(0.000, 0.000, 0.000),64.325,VALID,(-0.283, 0.272, 0.920),(-0.032, 0.000, 0.000),0.571,3.666,6.415,0.996,VALID,(-0.347, 0.219, 0.912),(0.032, 0.000, 0.000),0.628,4.001,6.373,0.913,0.5948589,1
335204,1000001930120144200,63875742721007,(-0.059, 1.428, 0.289),(-0.016, -0.049, 0.012, 0.999),VALID,(-0.347, 0.219, 0.912),(0.000, 0.000, 0.000),64.325,VALID,(-0.282, 0.268, 0.921),(-0.032, 0.000, 0.000),0.571,3.660,6.415,0.996,VALID,(-0.347, 0.219, 0.912),(0.032, 0.000, 0.000),0.628,4.001,6.373,0.913,0.6241382,1
335205,1000001930125151700,63875742721017,(-0.059, 1.428, 0.289),(-0.016, -0.049, 0.012, 0.999),VALID,(-0.347, 0.219, 0.912),(0.000, 0.000, 0.000),64.325,VALID,(-0.281, 0.265, 0.922),(-0.032, 0.000, 0.000),0.570,3.658,6.415,0.996,VALID,(-0.347, 0.219, 0.912),(0.032, 0.000, 0.000),0.628,4.001,6.373,0.913,0.6418368,1
335206,1000001930130147600,63875742721017,(-0.059, 1.428, 0.289),(-0.016, -0.049, 0.012, 0.999),VALID,(-0.347, 0.219, 0.912),(0.000, 0.000, 0.000),64.325,VALID,(-0.279, 0.263, 0.924),(-0.032, 0.000, 0.000),0.570,3.658,6.415,0.996,VALID,(-0.347, 0.219, 0.912),(0.032, 0.000, 0.000),0.628,4.001,6.373,0.914,0.6472813,1
335207,1000001930135155100,63875742721028,(-0.059, 1.428, 0.289),(-0.016, -0.049, 0.012, 0.999),VALID,(-0.347, 0.219, 0.912),(0.000, 0.000, 0.000),64.325,VALID,(-0.277, 0.261, 0.925),(-0.032, 0.000, 0.000),0.570,3.657,6.415,0.995,VALID,(-0.347, 0.219, 0.912),(0.032, 0.000, 0.000),0.628,4.001,6.373,0.914,0.6508806,1
335208,1000001930140144500,63875742721028,(-0.059, 1.428, 0.289),(-0.016, -0.049, 0.012, 0.999),VALID,(-0.347, 0.218, 0.912),(0.000, 0.000, 0.000),64.325,VALID,(-0.274, 0.259, 0.926),(-0.032, 0.000, 0.000),0.569,3.652,6.415,0.995,VALID,(-0.347, 0.218, 0.912),(0.032, 0.000, 0.000),0.628,4.001,6.373,0.914,0.6503417,1
335209,1000001930145152000,63875742721040,(-0.059, 1.428, 0.289),(-0.015, -0.049, 0.012, 0.999),VALID,(-0.347, 0.218, 0.912),(0.000, 0.000, 0.000),64.325,VALID,(-0.272, 0.258, 0.927),(-0.032, 0.000, 0.000),0.569,3.648,6.415,0.995,VALID,(-0.347, 0.218, 0.912),(0.032, 0.000, 0.000),0.628,4.001,6.373,0.914,0.647345,1
335210,1000001930150221300,63875742721040,(-0.059, 1.428, 0.289),(-0.015, -0.049, 0.012, 0.999),VALID,(-0.347, 0.218, 0.912),(0.000, 0.000, 0.000),64.325,VALID,(-0.270, 0.257, 0.928),(-0.032, 0.000, 0.000),0.568,3.646,6.415,0.995,VALID,(-0.347, 0.218, 0.912),(0.032, 0.000, 0.000),0.628,4.001,6.373,0.914,0.6397608,1
335211,1000001930155228800,63875742721051,(-0.059, 1.428, 0.289),(-0.015, -0.049, 0.012, 0.999),VALID,(-0.347, 0.218, 0.912),(0.000, 0.000, 0.000),64.325,VALID,(-0.269, 0.258, 0.928),(-0.032, 0.000, 0.000),0.573,3.674,6.415,0.995,VALID,(-0.347, 0.218, 0.912),(0.032, 0.000, 0.000),0.628,4.001,6.373,0.914,0.6218224,1
335212,1000001930160236300,63875742721051,(-0.059, 1.428, 0.289),(-0.015, -0.049, 0.012, 0.999),VALID,(-0.347, 0.217, 0.912),(0.000, 0.000, 0.000),64.325,VALID,(-0.268, 0.262, 0.927),(-0.032, 0.000, 0.000),0.585,3.752,6.415,0.995,VALID,(-0.347, 0.217, 0.912),(0.032, 0.000, 0.000),0.628,4.001,6.373,0.914,0.5983766,1
335213,1000001930165232200,63875742721051,(-0.059, 1.428, 0.289),(-0.015, -0.049, 0.012, 0.999),VALID,(-0.347, 0.217, 0.912),(0.000, 0.000, 0.000),64.325,VALID,(-0.268, 0.265, 0.926),(-0.032, 0.000, 0.000),0.590,3.782,6.415,0.995,VALID,(-0.347, 0.217, 0.912),(0.032, 0.000, 0.000),0.628,4.000,6.373,0.914,0.5795724,1
335214,1000001930170261300,63875742721062,(-0.059, 1.428, 0.290),(-0.015, -0.049, 0.012, 0.999),VALID,(-0.348, 0.216, 0.912),(0.000, 0.000, 0.000),64.325,VALID,(-0.268, 0.266, 0.926),(-0.032, 0.000, 0.000),0.592,3.799,6.415,0.995,VALID,(-0.348, 0.216, 0.912),(0.032, 0.000, 0.000),0.628,4.000,6.373,0.914,0.5687647,1
335215,1000001930175257200,63875742721072,(-0.059, 1.428, 0.290),(-0.015, -0.049, 0.012, 0.999),VALID,(-0.348, 0.216, 0.912),(0.000, 0.000, 0.000),64.325,VALID,(-0.269, 0.268, 0.925),(-0.032, 0.000, 0.000),0.594,3.808,6.415,0.995,VALID,(-0.348, 0.216, 0.912),(0.032, 0.000, 0.000),0.628,4.000,6.373,0.914,0.558005,1
335216,1000001930180264700,63875742721072,(-0.059, 1.428, 0.290),(-0.015, -0.049, 0.012, 0.999),VALID,(-0.348, 0.216, 0.913),(0.000, 0.000, 0.000),64.325,VALID,(-0.271, 0.269, 0.924),(-0.032, 0.000, 0.000),0.615,3.945,6.415,0.995,VALID,(-0.348, 0.216, 0.913),(0.032, 0.000, 0.000),0.628,4.000,6.373,0.914,0.5538984,1
335217,1000001930185260600,63875742721072,(-0.059, 1.428, 0.290),(-0.015, -0.049, 0.012, 0.999),VALID,(-0.348, 0.215, 0.913),(0.000, 0.000, 0.000),64.325,VALID,(-0.272, 0.270, 0.924),(-0.032, 0.000, 0.000),0.623,3.997,6.415,0.996,VALID,(-0.348, 0.215, 0.913),(0.032, 0.000, 0.000),0.628,4.000,6.373,0.915,0.5484383,1
335218,1000001930190275400,63875742721084,(-0.059, 1.428, 0.290),(-0.015, -0.049, 0.012, 0.999),VALID,(-0.347, 0.215, 0.913),(0.000, 0.000, 0.000),64.325,VALID,(-0.274, 0.271, 0.923),(-0.032, 0.000, 0.000),0.627,4.020,6.415,0.995,VALID,(-0.347, 0.215, 0.913),(0.032, 0.000, 0.000),0.628,4.000,6.373,0.915,0.5467148,1
335219,1000001930195282900,63875742721084,(-0.059, 1.428, 0.290),(-0.015, -0.049, 0.012, 0.999),VALID,(-0.347, 0.215, 0.913),(0.000, 0.000, 0.000),64.325,VALID,(-0.276, 0.271, 0.922),(-0.032, 0.000, 0.000),0.631,4.049,6.415,0.995,VALID,(-0.347, 0.215, 0.913),(0.032, 0.000, 0.000),0.628,4.001,6.373,0.915,0.5511202,1
335220,1000001930200290900,63875742721095,(-0.059, 1.428, 0.290),(-0.015, -0.049, 0.012, 0.999),VALID,(-0.347, 0.215, 0.913),(0.000, 0.000, 0.000),64.325,VALID,(-0.279, 0.271, 0.921),(-0.032, 0.000, 0.000),0.631,4.049,6.415,0.995,VALID,(-0.347, 0.215, 0.913),(0.032, 0.000, 0.000),0.628,4.002,6.373,0.915,0.5579942,1
335221,1000001930205369600,63875742721095,(-0.059, 1.428, 0.290),(-0.015, -0.049, 0.012, 0.999),VALID,(-0.347, 0.215, 0.913),(0.000, 0.000, 0.000),64.325,VALID,(-0.283, 0.271, 0.920),(-0.032, 0.000, 0.000),0.631,4.049,6.415,0.995,VALID,(-0.347, 0.215, 0.913),(0.032, 0.000, 0.000),0.628,4.003,6.373,0.915,0.5652531,1
335222,1000001930210377600,63875742721106,(-0.059, 1.428, 0.290),(-0.015, -0.049, 0.012, 0.999),VALID,(-0.347, 0.215, 0.913),(0.000, 0.000, 0.000),64.325,VALID,(-0.286, 0.270, 0.919),(-0.032, 0.000, 0.000),0.631,4.049,6.415,0.995,VALID,(-0.347, 0.215, 0.913),(0.032, 0.000, 0.000),0.628,4.004,6.373,0.915,0.572608,1
335223,1000001930215385600,63875742721106,(-0.059, 1.428, 0.290),(-0.015, -0.049, 0.012, 0.999),VALID,(-0.347, 0.215, 0.913),(0.000, 0.000, 0.000),64.325,VALID,(-0.289, 0.270, 0.918),(-0.032, 0.000, 0.000),0.631,4.049,6.415,0.995,VALID,(-0.347, 0.215, 0.913),(0.032, 0.000, 0.000),0.628,4.005,6.373,0.915,0.5787024,1
335224,1000001930220393600,63875742721106,(-0.059, 1.428, 0.290),(-0.015, -0.049, 0.012, 0.999),VALID,(-0.347, 0.215, 0.913),(0.000, 0.000, 0.000),64.325,VALID,(-0.292, 0.270, 0.918),(-0.032, 0.000, 0.000),0.631,4.049,6.415,0.995,VALID,(-0.347, 0.215, 0.913),(0.032, 0.000, 0.000),0.629,4.006,6.373,0.915,0.5827532,1
335225,1000001930225401300,63875742721117,(-0.059, 1.428, 0.290),(-0.015, -0.049, 0.012, 0.999),VALID,(-0.347, 0.215, 0.913),(0.000, 0.000, 0.000),64.325,VALID,(-0.294, 0.270, 0.917),(-0.032, 0.000, 0.000),0.632,4.053,6.415,0.996,VALID,(-0.347, 0.215, 0.913),(0.032, 0.000, 0.000),0.629,4.006,6.373,0.915,0.5860391,1
335226,1000001930230372200,63875742721117,(-0.059, 1.428, 0.290),(-0.015, -0.049, 0.012, 0.999),VALID,(-0.347, 0.215, 0.913),(0.000, 0.000, 0.000),64.325,VALID,(-0.296, 0.269, 0.916),(-0.032, 0.000, 0.000),0.634,4.065,6.415,0.996,VALID,(-0.347, 0.215, 0.913),(0.032, 0.000, 0.000),0.629,4.006,6.373,0.915,0.5890043,1
335227,1000001930235380200,63875742721128,(-0.059, 1.428, 0.290),(-0.016, -0.049, 0.012, 0.999),VALID,(-0.347, 0.215, 0.913),(0.000, 0.000, 0.000),64.325,VALID,(-0.298, 0.269, 0.916),(-0.032, 0.000, 0.000),0.635,4.071,6.415,0.996,VALID,(-0.347, 0.215, 0.913),(0.032, 0.000, 0.000),0.629,4.006,6.373,0.915,0.5905946,1
335228,1000001930240388200,63875742721128,(-0.059, 1.428, 0.290),(-0.016, -0.049, 0.012, 0.999),VALID,(-0.347, 0.215, 0.913),(0.000, 0.000, 0.000),64.325,VALID,(-0.300, 0.269, 0.915),(-0.032, 0.000, 0.000),0.635,4.074,6.415,0.995,VALID,(-0.347, 0.215, 0.913),(0.032, 0.000, 0.000),0.629,4.007,6.373,0.915,0.5914498,1
335229,1000001930245415400,63875742721139,(-0.059, 1.428, 0.290),(-0.016, -0.049, 0.012, 0.999),VALID,(-0.347, 0.215, 0.913),(0.000, 0.000, 0.000),64.325,VALID,(-0.301, 0.269, 0.915),(-0.032, 0.000, 0.000),0.635,4.076,6.415,0.996,VALID,(-0.347, 0.215, 0.913),(0.032, 0.000, 0.000),0.629,4.007,6.373,0.915,0.5916463,1
335230,1000001930250430300,63875742721139,(-0.059, 1.428, 0.290),(-0.016, -0.049, 0.012, 0.999),VALID,(-0.347, 0.215, 0.913),(0.000, 0.000, 0.000),64.325,VALID,(-0.301, 0.269, 0.915),(-0.032, 0.000, 0.000),0.636,4.078,6.415,0.996,VALID,(-0.347, 0.215, 0.913),(0.032, 0.000, 0.000),0.629,4.007,6.373,0.915,0.5904962,1
335231,1000001930255445900,63875742721151,(-0.059, 1.428, 0.290),(-0.016, -0.049, 0.012, 0.999),VALID,(-0.347, 0.215, 0.913),(0.000, 0.000, 0.000),64.325,VALID,(-0.302, 0.269, 0.915),(-0.032, 0.000, 0.000),0.636,4.080,6.415,0.996,VALID,(-0.347, 0.215, 0.913),(0.032, 0.000, 0.000),0.629,4.008,6.373,0.915,0.5881099,1
335232,1000001930260468100,63875742721151,(-0.059, 1.428, 0.290),(-0.016, -0.049, 0.012, 0.999),VALID,(-0.347, 0.215, 0.913),(0.000, 0.000, 0.000),64.325,VALID,(-0.302, 0.269, 0.915),(-0.032, 0.000, 0.000),0.636,4.083,6.415,0.996,VALID,(-0.347, 0.215, 0.913),(0.032, 0.000, 0.000),0.629,4.008,6.373,0.915,0.5854214,1
335233,1000001930265483700,63875742721151,(-0.059, 1.428, 0.290),(-0.016, -0.049, 0.012, 0.999),VALID,(-0.347, 0.215, 0.913),(0.000, 0.000, 0.000),64.325,VALID,(-0.302, 0.269, 0.915),(-0.032, 0.000, 0.000),0.637,4.085,6.415,0.996,VALID,(-0.347, 0.215, 0.913),(0.032, 0.000, 0.000),0.629,4.008,6.373,0.915,0.583092,1
335234,1000001930270499300,63875742721162,(-0.059, 1.428, 0.290),(-0.016, -0.049, 0.012, 0.999),VALID,(-0.347, 0.215, 0.913),(0.000, 0.000, 0.000),64.325,VALID,(-0.302, 0.269, 0.915),(-0.032, 0.000, 0.000),0.637,4.085,6.415,0.996,VALID,(-0.347, 0.215, 0.913),(0.032, 0.000, 0.000),0.629,4.009,6.373,0.915,0.5799858,0.9929522
335235,1000001930275514200,63875742721162,(-0.059, 1.428, 0.290),(-0.016, -0.049, 0.012, 0.999),VALID,(-0.347, 0.214, 0.913),(0.000, 0.000, 0.000),64.325,VALID,(-0.302, 0.269, 0.915),(-0.032, 0.000, 0.000),0.637,4.085,6.415,0.996,VALID,(-0.347, 0.214, 0.913),(0.032, 0.000, 0.000),0.629,4.009,6.373,0.915,0.5763385,0.9798748
335236,1000001930280529800,63875742721172,(-0.059, 1.428, 0.290),(-0.016, -0.049, 0.012, 0.999),VALID,(-0.347, 0.214, 0.913),(0.000, 0.000, 0.000),64.325,VALID,(-0.301, 0.269, 0.915),(-0.032, 0.000, 0.000),0.637,4.086,6.415,0.996,VALID,(-0.347, 0.214, 0.913),(0.032, 0.000, 0.000),0.629,4.009,6.373,0.915,0.5729434,0.9737785
335237,1000001930285544700,63875742721172,(-0.059, 1.428, 0.290),(-0.016, -0.049, 0.012, 0.999),VALID,(-0.347, 0.214, 0.913),(0.000, 0.000, 0.000),64.325,VALID,(-0.301, 0.270, 0.915),(-0.032, 0.000, 0.000),0.637,4.090,6.415,0.996,VALID,(-0.347, 0.214, 0.913),(0.032, 0.000, 0.000),0.629,4.009,6.373,0.915,0.5700818,0.971611
335238,1000001930290560300,63875742721184,(-0.059, 1.428, 0.290),(-0.016, -0.049, 0.012, 0.999),VALID,(-0.347, 0.214, 0.913),(0.000, 0.000, 0.000),64.325,VALID,(-0.301, 0.270, 0.915),(-0.032, 0.000, 0.000),0.638,4.093,6.415,0.996,VALID,(-0.347, 0.214, 0.913),(0.032, 0.000, 0.000),0.629,4.010,6.373,0.915,0.5674022,0.9766876
335239,1000001930295575200,63875742721184,(-0.059, 1.428, 0.290),(-0.016, -0.049, 0.012, 0.999),VALID,(-0.347, 0.214, 0.913),(0.000, 0.000, 0.000),64.325,VALID,(-0.301, 0.270, 0.915),(-0.032, 0.000, 0.000),0.638,4.094,6.415,0.996,VALID,(-0.347, 0.214, 0.913),(0.032, 0.000, 0.000),0.629,4.011,6.373,0.915,0.5644412,0.9707268
335240,1000001930300590800,63875742721195,(-0.059, 1.428, 0.290),(-0.016, -0.049, 0.012, 0.999),VALID,(-0.346, 0.214, 0.913),(0.000, 0.000, 0.000),64.325,VALID,(-0.300, 0.270, 0.915),(-0.032, 0.000, 0.000),0.638,4.095,6.415,0.996,VALID,(-0.346, 0.214, 0.913),(0.032, 0.000, 0.000),0.629,4.012,6.373,0.915,0.5607486,0.965739
335241,1000001930305605700,63875742721195,(-0.059, 1.428, 0.290),(-0.016, -0.049, 0.012, 0.999),VALID,(-0.346, 0.214, 0.914),(0.000, 0.000, 0.000),64.325,VALID,(-0.300, 0.270, 0.915),(-0.032, 0.000, 0.000),0.638,4.095,6.415,0.996,VALID,(-0.346, 0.214, 0.914),(0.032, 0.000, 0.000),0.630,4.012,6.373,0.915,0.5566267,0.9593837
335242,1000001930310621300,63875742721206,(-0.059, 1.428, 0.290),(-0.016, -0.049, 0.012, 0.999),VALID,(-0.346, 0.214, 0.914),(0.000, 0.000, 0.000),64.325,VALID,(-0.300, 0.271, 0.915),(-0.032, 0.000, 0.000),0.638,4.095,6.415,0.996,VALID,(-0.346, 0.214, 0.914),(0.032, 0.000, 0.000),0.630,4.013,6.373,0.915,0.5524887,0.9615703
335243,1000001930315629400,63875742721206,(-0.059, 1.428, 0.290),(-0.016, -0.049, 0.012, 0.999),VALID,(-0.345, 0.214, 0.914),(0.000, 0.000, 0.000),64.325,VALID,(-0.300, 0.271, 0.915),(-0.032, 0.000, 0.000),0.638,4.095,6.415,0.996,VALID,(-0.345, 0.214, 0.914),(0.032, 0.000, 0.000),0.630,4.014,6.373,0.915,0.5487962,0.95714
335244,1000001930320603800,63875742721206,(-0.059, 1.428, 0.290),(-0.016, -0.049, 0.012, 0.999),VALID,(-0.345, 0.214, 0.914),(0.000, 0.000, 0.000),64.325,VALID,(-0.300, 0.271, 0.915),(-0.032, 0.000, 0.000),0.638,4.095,6.415,0.996,VALID,(-0.345, 0.214, 0.914),(0.032, 0.000, 0.000),0.630,4.015,6.373,0.915,0.5450045,0.959915
335245,1000001930325626200,63875742721217,(-0.059, 1.428, 0.290),(-0.016, -0.049, 0.012, 0.999),VALID,(-0.344, 0.214, 0.914),(0.000, 0.000, 0.000),64.325,VALID,(-0.300, 0.271, 0.915),(-0.032, 0.000, 0.000),0.638,4.094,6.415,0.996,VALID,(-0.344, 0.214, 0.914),(0.032, 0.000, 0.000),0.630,4.017,6.373,0.915,0.5418495,0.9545903
335246,1000001930330682600,63875742721217,(-0.059, 1.428, 0.290),(-0.016, -0.049, 0.012, 0.999),VALID,(-0.344, 0.214, 0.914),(0.000, 0.000, 0.000),64.325,VALID,(-0.299, 0.272, 0.915),(-0.032, 0.000, 0.000),0.638,4.094,6.415,0.997,VALID,(-0.344, 0.214, 0.914),(0.032, 0.000, 0.000),0.630,4.017,6.373,0.915,0.5389023,0.9548661
335247,1000001930335705000,63875742721228,(-0.059, 1.428, 0.290),(-0.016, -0.049, 0.012, 0.999),VALID,(-0.343, 0.214, 0.914),(0.000, 0.000, 0.000),64.325,VALID,(-0.299, 0.272, 0.915),(-0.032, 0.000, 0.000),0.638,4.094,6.415,0.996,VALID,(-0.343, 0.214, 0.914),(0.032, 0.000, 0.000),0.630,4.017,6.373,0.915,0.5359268,0.9531595
335248,1000001930340663500,63875742721228,(-0.059, 1.428, 0.290),(-0.016, -0.049, 0.012, 0.999),VALID,(-0.343, 0.214, 0.915),(0.000, 0.000, 0.000),64.325,VALID,(-0.299, 0.272, 0.915),(-0.032, 0.000, 0.000),0.638,4.094,6.415,0.997,VALID,(-0.343, 0.214, 0.915),(0.032, 0.000, 0.000),0.630,4.018,6.373,0.915,0.5332577,0.9483149
335249,1000001930345696900,63875742721240,(-0.059, 1.428, 0.290),(-0.016, -0.049, 0.012, 0.999),VALID,(-0.343, 0.214, 0.915),(0.000, 0.000, 0.000),64.325,VALID,(-0.299, 0.272, 0.915),(-0.032, 0.000, 0.000),0.638,4.094,6.415,0.997,VALID,(-0.343, 0.214, 0.915),(0.032, 0.000, 0.000),0.630,4.018,6.373,0.915,0.5306229,0.9801149
335250,1000001930350720000,63875742721240,(-0.059, 1.428, 0.290),(-0.016, -0.049, 0.012, 0.999),VALID,(-0.342, 0.214, 0.915),(0.000, 0.000, 0.000),64.325,VALID,(-0.299, 0.272, 0.915),(-0.032, 0.000, 0.000),0.638,4.094,6.415,0.997,VALID,(-0.342, 0.214, 0.915),(0.032, 0.000, 0.000),0.631,4.019,6.373,0.915,0.5276614,1
335251,1000001930355705600,63875742721251,(-0.059, 1.428, 0.290),(-0.016, -0.049, 0.012, 0.999),VALID,(-0.342, 0.214, 0.915),(0.000, 0.000, 0.000),64.325,VALID,(-0.299, 0.273, 0.915),(-0.032, 0.000, 0.000),0.638,4.095,6.415,0.997,VALID,(-0.342, 0.214, 0.915),(0.032, 0.000, 0.000),0.631,4.019,6.373,0.915,0.5247934,1
335252,1000001930360728700,63875742721262,(-0.059, 1.428, 0.290),(-0.016, -0.049, 0.012, 0.999),VALID,(-0.342, 0.214, 0.915),(0.000, 0.000, 0.000),64.325,VALID,(-0.299, 0.273, 0.914),(-0.032, 0.000, 0.000),0.638,4.095,6.415,0.997,VALID,(-0.342, 0.214, 0.915),(0.032, 0.000, 0.000),0.631,4.019,6.373,0.915,0.5218014,1
335253,1000001930365757000,63875742721262,(-0.059, 1.428, 0.290),(-0.016, -0.049, 0.012, 0.999),VALID,(-0.341, 0.214, 0.915),(0.000, 0.000, 0.000),64.325,VALID,(-0.299, 0.273, 0.914),(-0.032, 0.000, 0.000),0.638,4.095,6.415,0.997,VALID,(-0.341, 0.214, 0.915),(0.032, 0.000, 0.000),0.631,4.020,6.373,0.915,0.519296,1
335254,1000001930370775800,63875742721262,(-0.059, 1.428, 0.290),(-0.016, -0.049, 0.012, 0.999),VALID,(-0.341, 0.214, 0.915),(0.000, 0.000, 0.000),64.325,VALID,(-0.299, 0.273, 0.914),(-0.032, 0.000, 0.000),0.638,4.096,6.415,0.997,VALID,(-0.341, 0.214, 0.915),(0.032, 0.000, 0.000),0.631,4.020,6.373,0.915,0.5168197,1
335255,1000001930375743600,63875742721262,(-0.059, 1.428, 0.290),(-0.016, -0.049, 0.012, 0.999),VALID,(-0.341, 0.214, 0.915),(0.000, 0.000, 0.000),64.325,VALID,(-0.299, 0.273, 0.914),(-0.032, 0.000, 0.000),0.638,4.096,6.415,0.997,VALID,(-0.341, 0.214, 0.915),(0.032, 0.000, 0.000),0.631,4.021,6.373,0.916,0.5149738,1
335256,1000001930380772600,63875742721273,(-0.059, 1.428, 0.290),(-0.015, -0.049, 0.012, 0.999),VALID,(-0.340, 0.214, 0.915),(0.000, 0.000, 0.000),64.325,VALID,(-0.298, 0.274, 0.914),(-0.032, 0.000, 0.000),0.639,4.096,6.415,0.997,VALID,(-0.340, 0.214, 0.915),(0.032, 0.000, 0.000),0.631,4.022,6.373,0.916,0.5131021,1
335257,1000001930385795700,63875742721283,(-0.059, 1.428, 0.290),(-0.015, -0.049, 0.012, 0.999),VALID,(-0.340, 0.215, 0.916),(0.000, 0.000, 0.000),64.325,VALID,(-0.298, 0.274, 0.914),(-0.032, 0.000, 0.000),0.638,4.096,6.415,0.997,VALID,(-0.340, 0.215, 0.916),(0.032, 0.000, 0.000),0.633,4.036,6.373,0.916,0.5138286,1
335258,1000001930390827000,63875742721283,(-0.059, 1.428, 0.290),(-0.015, -0.049, 0.012, 0.999),VALID,(-0.340, 0.215, 0.916),(0.000, 0.000, 0.000),64.325,VALID,(-0.298, 0.274, 0.914),(-0.032, 0.000, 0.000),0.638,4.096,6.415,0.997,VALID,(-0.340, 0.215, 0.916),(0.032, 0.000, 0.000),0.634,4.042,6.373,0.916,0.5145596,1
335259,1000001930395850100,63875742721283,(-0.059, 1.428, 0.290),(-0.015, -0.049, 0.012, 0.999),VALID,(-0.339, 0.215, 0.916),(0.000, 0.000, 0.000),64.325,VALID,(-0.298, 0.274, 0.914),(-0.032, 0.000, 0.000),0.638,4.096,6.415,0.997,VALID,(-0.339, 0.215, 0.916),(0.032, 0.000, 0.000),0.635,4.045,6.373,0.916,0.5155144,1
335260,1000001930400879100,63875742721295,(-0.059, 1.428, 0.290),(-0.015, -0.049, 0.012, 0.999),VALID,(-0.339, 0.215, 0.916),(0.000, 0.000, 0.000),64.325,VALID,(-0.298, 0.274, 0.914),(-0.032, 0.000, 0.000),0.638,4.096,6.415,0.997,VALID,(-0.339, 0.215, 0.916),(0.032, 0.000, 0.000),0.635,4.047,6.373,0.916,0.5162839,1
335261,1000001930406041600,63875742721295,(-0.059, 1.428, 0.290),(-0.015, -0.049, 0.012, 0.999),VALID,(-0.339, 0.216, 0.916),(0.000, 0.000, 0.000),64.325,VALID,(-0.298, 0.274, 0.914),(-0.032, 0.000, 0.000),0.639,4.096,6.415,0.998,VALID,(-0.339, 0.216, 0.916),(0.032, 0.000, 0.000),0.635,4.048,6.373,0.916,0.517388,1
335262,1000001930411029400,63875742721307,(-0.059, 1.428, 0.290),(-0.016, -0.049, 0.012, 0.999),VALID,(-0.339, 0.216, 0.916),(0.000, 0.000, 0.000),64.325,VALID,(-0.298, 0.274, 0.914),(-0.032, 0.000, 0.000),0.639,4.097,6.415,0.998,VALID,(-0.339, 0.216, 0.916),(0.032, 0.000, 0.000),0.635,4.048,6.373,0.916,0.5185033,1
335263,1000001930416052500,63875742721307,(-0.059, 1.428, 0.290),(-0.016, -0.049, 0.012, 0.999),VALID,(-0.338, 0.216, 0.916),(0.000, 0.000, 0.000),64.325,VALID,(-0.298, 0.274, 0.914),(-0.032, 0.000, 0.000),0.637,4.084,6.415,0.998,VALID,(-0.338, 0.216, 0.916),(0.032, 0.000, 0.000),0.635,4.049,6.373,0.916,0.5160293,1
335264,1000001930421027300,63875742721307,(-0.059, 1.428, 0.290),(-0.016, -0.049, 0.012, 0.999),VALID,(-0.338, 0.216, 0.916),(0.000, 0.000, 0.000),64.325,VALID,(-0.296, 0.276, 0.914),(-0.032, 0.000, 0.000),0.617,3.957,6.415,0.998,VALID,(-0.338, 0.216, 0.916),(0.032, 0.000, 0.000),0.635,4.049,6.373,0.916,0.5051908,1
335265,1000001930425859000,63875742721317,(-0.059, 1.428, 0.290),(-0.016, -0.049, 0.012, 0.999),VALID,(-0.338, 0.216, 0.916),(0.000, 0.000, 0.000),64.325,VALID,(-0.293, 0.279, 0.915),(-0.032, 0.000, 0.000),0.615,3.946,6.415,0.998,VALID,(-0.338, 0.216, 0.916),(0.032, 0.000, 0.000),0.635,4.049,6.373,0.916,0.4871438,1
335266,1000001930430882100,63875742721317,(-0.059, 1.428, 0.290),(-0.016, -0.049, 0.012, 0.999),VALID,(-0.338, 0.216, 0.916),(0.000, 0.000, 0.000),64.325,VALID,(-0.289, 0.282, 0.915),(-0.032, 0.000, 0.000),0.614,3.938,6.415,0.998,VALID,(-0.338, 0.216, 0.916),(0.032, 0.000, 0.000),0.635,4.049,6.373,0.916,0.4678422,1
335267,1000001930435905200,63875742721328,(-0.059, 1.428, 0.290),(-0.016, -0.049, 0.012, 0.999),VALID,(-0.338, 0.216, 0.916),(0.000, 0.000, 0.000),64.325,VALID,(-0.284, 0.285, 0.915),(-0.032, 0.000, 0.000),0.613,3.932,6.415,0.998,VALID,(-0.338, 0.216, 0.916),(0.032, 0.000, 0.000),0.635,4.049,6.373,0.916,0.4491992,1
335268,1000001930440931300,63875742721328,(-0.059, 1.428, 0.290),(-0.016, -0.049, 0.012, 0.999),VALID,(-0.338, 0.216, 0.916),(0.000, 0.000, 0.000),64.325,VALID,(-0.281, 0.288, 0.915),(-0.032, 0.000, 0.000),0.611,3.922,6.415,0.998,VALID,(-0.338, 0.216, 0.916),(0.032, 0.000, 0.000),0.635,4.049,6.373,0.916,0.4333319,1
335269,1000001930445976000,63875742721340,(-0.059, 1.429, 0.290),(-0.016, -0.049, 0.012, 0.999),VALID,(-0.338, 0.217, 0.916),(0.000, 0.000, 0.000),64.325,VALID,(-0.278, 0.291, 0.916),(-0.032, 0.000, 0.000),0.610,3.915,6.415,0.998,VALID,(-0.338, 0.217, 0.916),(0.032, 0.000, 0.000),0.635,4.049,6.373,0.916,0.4201711,1
335270,1000001930451000400,63875742721340,(-0.059, 1.429, 0.290),(-0.016, -0.049, 0.012, 0.999),VALID,(-0.338, 0.217, 0.916),(0.000, 0.000, 0.000),64.325,VALID,(-0.275, 0.293, 0.916),(-0.032, 0.000, 0.000),0.608,3.903,6.415,0.998,VALID,(-0.338, 0.217, 0.916),(0.032, 0.000, 0.000),0.635,4.049,6.373,0.916,0.4104683,1
335271,1000001930456028500,63875742721350,(-0.059, 1.429, 0.290),(-0.016, -0.049, 0.012, 0.999),VALID,(-0.337, 0.217, 0.916),(0.000, 0.000, 0.000),64.325,VALID,(-0.273, 0.295, 0.916),(-0.032, 0.000, 0.000),0.608,3.897,6.415,0.997,VALID,(-0.337, 0.217, 0.916),(0.032, 0.000, 0.000),0.635,4.049,6.373,0.915,0.4025656,1
335272,1000001930461040600,63875742721350,(-0.059, 1.429, 0.290),(-0.016, -0.049, 0.012, 0.999),VALID,(-0.337, 0.218, 0.916),(0.000, 0.000, 0.000),64.325,VALID,(-0.270, 0.297, 0.916),(-0.032, 0.000, 0.000),0.608,3.898,6.415,0.997,VALID,(-0.337, 0.218, 0.916),(0.032, 0.000, 0.000),0.641,4.084,6.373,0.915,0.3969691,0.9281287
335273,1000001930465969500,63875742721362,(-0.059, 1.429, 0.290),(-0.016, -0.049, 0.012, 0.999),VALID,(-0.337, 0.218, 0.916),(0.000, 0.000, 0.000),64.325,VALID,(-0.269, 0.299, 0.916),(-0.032, 0.000, 0.000),0.608,3.899,6.415,0.997,VALID,(-0.337, 0.218, 0.916),(0.032, 0.000, 0.000),0.643,4.096,6.373,0.915,0.3931119,0.9295661
335274,1000001930470990100,63875742721362,(-0.059, 1.429, 0.290),(-0.016, -0.049, 0.012, 0.999),VALID,(-0.336, 0.219, 0.916),(0.000, 0.000, 0.000),64.325,VALID,(-0.267, 0.300, 0.916),(-0.032, 0.000, 0.000),0.607,3.897,6.415,0.997,VALID,(-0.336, 0.219, 0.916),(0.032, 0.000, 0.000),0.643,4.101,6.373,0.915,0.391773,0.9315454
335275,1000001930476011800,63875742721373,(-0.060, 1.429, 0.291),(-0.016, -0.049, 0.012, 0.999),VALID,(-0.336, 0.220, 0.916),(0.000, 0.000, 0.000),64.325,VALID,(-0.266, 0.301, 0.916),(-0.032, 0.000, 0.000),0.606,3.888,6.415,0.996,VALID,(-0.336, 0.220, 0.916),(0.032, 0.000, 0.000),0.643,4.100,6.373,0.915,0.3908682,0.8991952
335276,1000001930481027200,63875742721373,(-0.060, 1.429, 0.291),(-0.016, -0.049, 0.012, 0.999),VALID,(-0.335, 0.220, 0.916),(0.000, 0.000, 0.000),64.325,VALID,(-0.266, 0.301, 0.916),(-0.032, 0.000, 0.000),0.604,3.877,6.415,0.996,VALID,(-0.335, 0.220, 0.916),(0.032, 0.000, 0.000),0.643,4.099,6.373,0.914,0.3902573,0.9472654
335277,1000001930486049700,63875742721373,(-0.060, 1.429, 0.291),(-0.016, -0.049, 0.012, 0.999),VALID,(-0.335, 0.220, 0.916),(0.000, 0.000, 0.000),64.325,VALID,(-0.265, 0.302, 0.916),(-0.032, 0.000, 0.000),0.603,3.871,6.415,0.997,VALID,(-0.335, 0.220, 0.916),(0.032, 0.000, 0.000),0.643,4.096,6.373,0.914,0.3894835,0.953637
335278,1000001930491072200,63875742721384,(-0.060, 1.429, 0.291),(-0.016, -0.048, 0.012, 0.999),VALID,(-0.335, 0.221, 0.916),(0.000, 0.000, 0.000),64.325,VALID,(-0.265, 0.302, 0.916),(-0.032, 0.000, 0.000),0.603,3.868,6.415,0.996,VALID,(-0.335, 0.221, 0.916),(0.032, 0.000, 0.000),0.642,4.094,6.373,0.914,0.3904427,0.951627
335279,1000001930496094700,63875742721384,(-0.060, 1.429, 0.291),(-0.016, -0.048, 0.012, 0.999),VALID,(-0.335, 0.221, 0.916),(0.000, 0.000, 0.000),64.325,VALID,(-0.264, 0.300, 0.917),(-0.032, 0.000, 0.000),0.588,3.772,6.415,0.996,VALID,(-0.335, 0.221, 0.916),(0.032, 0.000, 0.000),0.642,4.092,6.373,0.914,0.4055986,0.9604364
335280,1000001930501117200,63875742721394,(-0.060, 1.429, 0.291),(-0.016, -0.048, 0.012, 0.999),VALID,(-0.335, 0.221, 0.916),(0.000, 0.000, 0.000),64.325,VALID,(-0.262, 0.298, 0.918),(-0.032, 0.000, 0.000),0.583,3.742,6.415,0.996,VALID,(-0.335, 0.221, 0.916),(0.032, 0.000, 0.000),0.642,4.091,6.373,0.913,0.4168634,0.9589527
335281,1000001930506138900,63875742721395,(-0.060, 1.429, 0.291),(-0.016, -0.048, 0.012, 0.999),VALID,(-0.334, 0.221, 0.916),(0.000, 0.000, 0.000),64.325,VALID,(-0.262, 0.297, 0.918),(-0.032, 0.000, 0.000),0.584,3.744,6.415,0.996,VALID,(-0.334, 0.221, 0.916),(0.032, 0.000, 0.000),0.642,4.091,6.373,0.913,0.422962,0.9499789
335282,1000001930511161400,63875742721407,(-0.060, 1.429, 0.291),(-0.016, -0.048, 0.012, 0.999),VALID,(-0.334, 0.222, 0.916),(0.000, 0.000, 0.000),64.325,VALID,(-0.261, 0.297, 0.918),(-0.032, 0.000, 0.000),0.584,3.748,6.415,0.996,VALID,(-0.334, 0.222, 0.916),(0.032, 0.000, 0.000),0.642,4.090,6.373,0.913,0.426808,0.9523346
335283,1000001930516183100,63875742721407,(-0.060, 1.429, 0.291),(-0.016, -0.048, 0.012, 0.999),VALID,(-0.334, 0.222, 0.916),(0.000, 0.000, 0.000),64.325,VALID,(-0.261, 0.296, 0.919),(-0.032, 0.000, 0.000),0.587,3.764,6.415,0.996,VALID,(-0.334, 0.222, 0.916),(0.032, 0.000, 0.000),0.642,4.090,6.373,0.912,0.4291927,0.9481798
335284,1000001930521205600,63875742721407,(-0.060, 1.429, 0.291),(-0.016, -0.048, 0.012, 0.999),VALID,(-0.334, 0.222, 0.916),(0.000, 0.000, 0.000),64.325,VALID,(-0.261, 0.296, 0.919),(-0.032, 0.000, 0.000),0.589,3.777,6.415,0.996,VALID,(-0.334, 0.222, 0.916),(0.032, 0.000, 0.000),0.642,4.090,6.373,0.912,0.4309907,0.948853
335285,1000001930526181000,63875742721417,(-0.060, 1.429, 0.291),(-0.016, -0.048, 0.012, 0.999),VALID,(-0.334, 0.222, 0.916),(0.000, 0.000, 0.000),64.325,VALID,(-0.261, 0.296, 0.919),(-0.032, 0.000, 0.000),0.590,3.785,6.415,0.996,VALID,(-0.334, 0.222, 0.916),(0.032, 0.000, 0.000),0.642,4.088,6.373,0.912,0.4312057,0.9187853
335286,1000001930531180000,63875742721429,(-0.060, 1.429, 0.291),(-0.016, -0.048, 0.012, 0.999),VALID,(-0.334, 0.222, 0.916),(0.000, 0.000, 0.000),64.325,VALID,(-0.261, 0.296, 0.919),(-0.032, 0.000, 0.000),0.591,3.793,6.415,0.996,VALID,(-0.334, 0.222, 0.916),(0.032, 0.000, 0.000),0.641,4.085,6.373,0.912,0.4306847,0.9076463
335287,1000001930536172100,63875742721429,(-0.060, 1.429, 0.291),(-0.016, -0.048, 0.012, 0.999),VALID,(-0.334, 0.222, 0.916),(0.000, 0.000, 0.000),64.325,VALID,(-0.261, 0.297, 0.919),(-0.032, 0.000, 0.000),0.592,3.797,6.415,0.996,VALID,(-0.334, 0.222, 0.916),(0.032, 0.000, 0.000),0.641,4.082,6.373,0.911,0.4302294,0.9096231
335288,1000001930541150900,63875742721429,(-0.060, 1.429, 0.291),(-0.016, -0.048, 0.012, 0.999),VALID,(-0.334, 0.222, 0.916),(0.000, 0.000, 0.000),64.325,VALID,(-0.260, 0.297, 0.919),(-0.032, 0.000, 0.000),0.592,3.800,6.415,0.996,VALID,(-0.334, 0.222, 0.916),(0.032, 0.000, 0.000),0.640,4.079,6.373,0.911,0.42942,0.908537
335289,1000001930546172600,63875742721439,(-0.060, 1.429, 0.291),(-0.016, -0.048, 0.012, 0.999),VALID,(-0.334, 0.222, 0.916),(0.000, 0.000, 0.000),64.325,VALID,(-0.261, 0.297, 0.919),(-0.032, 0.000, 0.000),0.592,3.800,6.415,0.996,VALID,(-0.334, 0.222, 0.916),(0.032, 0.000, 0.000),0.640,4.077,6.373,0.911,0.4284059,0.9037613
335290,1000001930551191100,63875742721439,(-0.060, 1.429, 0.291),(-0.016, -0.048, 0.012, 0.999),VALID,(-0.334, 0.222, 0.916),(0.000, 0.000, 0.000),64.325,VALID,(-0.261, 0.297, 0.919),(-0.032, 0.000, 0.000),0.592,3.800,6.415,0.995,VALID,(-0.334, 0.222, 0.916),(0.032, 0.000, 0.000),0.639,4.075,6.373,0.911,0.427527,0.8979871
335291,1000001930556212800,63875742721451,(-0.060, 1.429, 0.291),(-0.016, -0.048, 0.012, 0.999),VALID,(-0.334, 0.222, 0.916),(0.000, 0.000, 0.000),64.325,VALID,(-0.261, 0.297, 0.919),(-0.032, 0.000, 0.000),0.596,3.824,6.415,0.996,VALID,(-0.334, 0.222, 0.916),(0.032, 0.000, 0.000),0.639,4.075,6.373,0.911,0.4260063,1
335292,1000001930561228200,63875742721451,(-0.060, 1.429, 0.291),(-0.016, -0.048, 0.012, 0.999),VALID,(-0.334, 0.222, 0.916),(0.000, 0.000, 0.000),64.325,VALID,(-0.260, 0.297, 0.919),(-0.032, 0.000, 0.000),0.597,3.832,6.415,0.996,VALID,(-0.334, 0.222, 0.916),(0.032, 0.000, 0.000),0.639,4.075,6.373,0.911,0.4240381,1
335293,1000001930566186000,63875742721461,(-0.061, 1.429, 0.292),(-0.016, -0.048, 0.012, 0.999),VALID,(-0.334, 0.222, 0.916),(0.000, 0.000, 0.000),64.325,VALID,(-0.260, 0.298, 0.918),(-0.032, 0.000, 0.000),0.598,3.835,6.415,0.996,VALID,(-0.334, 0.222, 0.916),(0.032, 0.000, 0.000),0.639,4.075,6.373,0.911,0.4219325,1
335294,1000001930571199800,63875742721461,(-0.061, 1.429, 0.292),(-0.016, -0.048, 0.012, 0.999),VALID,(-0.334, 0.222, 0.916),(0.000, 0.000, 0.000),64.325,VALID,(-0.260, 0.298, 0.918),(-0.032, 0.000, 0.000),0.598,3.838,6.415,0.996,VALID,(-0.334, 0.222, 0.916),(0.032, 0.000, 0.000),0.639,4.074,6.373,0.911,0.4197505,1
335295,1000001930576248300,63875742721461,(-0.061, 1.429, 0.292),(-0.016, -0.048, 0.012, 0.999),VALID,(-0.334, 0.222, 0.916),(0.000, 0.000, 0.000),64.325,VALID,(-0.260, 0.298, 0.918),(-0.032, 0.000, 0.000),0.599,3.840,6.415,0.996,VALID,(-0.334, 0.222, 0.916),(0.032, 0.000, 0.000),0.639,4.074,6.373,0.911,0.4176261,1
335296,1000001930581250100,63875742721472,(-0.061, 1.429, 0.292),(-0.016, -0.049, 0.011, 0.999),VALID,(-0.334, 0.222, 0.916),(0.000, 0.000, 0.000),64.325,VALID,(-0.260, 0.299, 0.918),(-0.032, 0.000, 0.000),0.599,3.841,6.415,0.996,VALID,(-0.334, 0.222, 0.916),(0.032, 0.000, 0.000),0.639,4.073,6.373,0.910,0.4155661,1
335297,1000001930586263900,63875742721472,(-0.061, 1.429, 0.292),(-0.016, -0.049, 0.011, 0.999),VALID,(-0.334, 0.222, 0.916),(0.000, 0.000, 0.000),64.325,VALID,(-0.260, 0.299, 0.918),(-0.032, 0.000, 0.000),0.599,3.842,6.415,0.995,VALID,(-0.334, 0.222, 0.916),(0.032, 0.000, 0.000),0.641,4.085,6.373,0.910,0.4145945,0.9999598
335298,1000001930591287400,63875742721484,(-0.061, 1.429, 0.292),(-0.016, -0.049, 0.011, 0.999),VALID,(-0.334, 0.222, 0.916),(0.000, 0.000, 0.000),64.325,VALID,(-0.260, 0.299, 0.918),(-0.032, 0.000, 0.000),0.598,3.834,6.415,0.995,VALID,(-0.334, 0.222, 0.916),(0.032, 0.000, 0.000),0.641,4.088,6.373,0.910,0.4146225,0.9876189
335299,1000001930596299300,63875742721484,(-0.061, 1.429, 0.292),(-0.016, -0.049, 0.011, 0.999),VALID,(-0.334, 0.222, 0.916),(0.000, 0.000, 0.000),64.325,VALID,(-0.261, 0.299, 0.918),(-0.032, 0.000, 0.000),0.595,3.819,6.415,0.995,VALID,(-0.334, 0.222, 0.916),(0.032, 0.000, 0.000),0.641,4.087,6.373,0.910,0.4141688,0.9338277
335300,1000001930601311200,63875742721495,(-0.061, 1.429, 0.292),(-0.016, -0.049, 0.012, 0.999),VALID,(-0.334, 0.222, 0.916),(0.000, 0.000, 0.000),64.325,VALID,(-0.261, 0.299, 0.918),(-0.032, 0.000, 0.000),0.595,3.817,6.415,0.995,VALID,(-0.334, 0.222, 0.916),(0.032, 0.000, 0.000),0.641,4.082,6.373,0.909,0.4130161,0.8840925
335301,1000001930606314900,63875742721495,(-0.061, 1.429, 0.292),(-0.016, -0.049, 0.012, 0.999),VALID,(-0.334, 0.222, 0.916),(0.000, 0.000, 0.000),64.325,VALID,(-0.262, 0.299, 0.918),(-0.032, 0.000, 0.000),0.595,3.814,6.415,0.994,VALID,(-0.334, 0.222, 0.916),(0.032, 0.000, 0.000),0.639,4.075,6.373,0.909,0.411868,0.8468007
335302,1000001930611329600,63875742721507,(-0.061, 1.429, 0.292),(-0.016, -0.049, 0.012, 0.999),VALID,(-0.334, 0.222, 0.916),(0.000, 0.000, 0.000),64.325,VALID,(-0.262, 0.300, 0.917),(-0.032, 0.000, 0.000),0.595,3.814,6.415,0.994,VALID,(-0.334, 0.222, 0.916),(0.032, 0.000, 0.000),0.638,4.068,6.373,0.909,0.4104947,0.8083
335303,1000001930616327900,63875742721507,(-0.061, 1.429, 0.292),(-0.016, -0.049, 0.012, 0.999),VALID,(-0.335, 0.222, 0.916),(0.000, 0.000, 0.000),64.325,VALID,(-0.262, 0.300, 0.917),(-0.032, 0.000, 0.000),0.594,3.814,6.415,0.993,VALID,(-0.335, 0.222, 0.916),(0.032, 0.000, 0.000),0.637,4.060,6.373,0.909,0.4091856,0.7832244
335304,1000001930621331600,63875742721507,(-0.061, 1.429, 0.292),(-0.016, -0.049, 0.012, 0.999),VALID,(-0.335, 0.221, 0.916),(0.000, 0.000, 0.000),64.325,VALID,(-0.263, 0.300, 0.917),(-0.032, 0.000, 0.000),0.594,3.813,6.415,0.993,VALID,(-0.335, 0.221, 0.916),(0.032, 0.000, 0.000),0.637,4.057,6.373,0.909,0.4080315,0.8009161
335305,1000001930626352500,63875742721517,(-0.061, 1.429, 0.292),(-0.016, -0.049, 0.012, 0.999),VALID,(-0.336, 0.221, 0.915),(0.000, 0.000, 0.000),64.325,VALID,(-0.264, 0.300, 0.917),(-0.032, 0.000, 0.000),0.594,3.810,6.415,0.993,VALID,(-0.336, 0.221, 0.915),(0.032, 0.000, 0.000),0.636,4.054,6.373,0.909,0.4072286,0.8025935
335306,1000001930631356200,63875742721517,(-0.061, 1.429, 0.292),(-0.016, -0.049, 0.012, 0.999),VALID,(-0.337, 0.221, 0.915),(0.000, 0.000, 0.000),64.325,VALID,(-0.264, 0.300, 0.917),(-0.032, 0.000, 0.000),0.600,3.847,6.415,0.993,VALID,(-0.337, 0.221, 0.915),(0.032, 0.000, 0.000),0.636,4.052,6.373,0.909,0.4043902,0.7978145
335307,1000001930636361500,63875742721528,(-0.061, 1.429, 0.292),(-0.016, -0.049, 0.012, 0.999),VALID,(-0.271, 0.472, 0.839),(0.000, 0.000, 0.000),64.325,VALID,(-0.181, 0.505, 0.844),(-0.032, 0.000, 0.000),0.600,3.846,6.415,0.993,VALID,(-0.307, 0.466, 0.830),(0.032, 0.000, 0.000),0.636,4.051,6.373,0.909,0.461161,0
335308,1000001930641365200,63875742721528,(-0.061, 1.429, 0.292),(-0.016, -0.049, 0.012, 0.999),VALID,(-0.287, 0.406, 0.868),(0.000, 0.000, 0.000),64.325,VALID,(-0.200, 0.451, 0.870),(-0.032, 0.000, 0.000),0.599,3.840,6.415,0.993,VALID,(-0.318, 0.402, 0.859),(0.032, 0.000, 0.000),0.635,4.049,6.373,0.908,0.4576284,0
335309,1000001930646382200,63875742721539,(-0.061, 1.429, 0.292),(-0.016, -0.049, 0.012, 0.999),VALID,(-0.293, 0.390, 0.873),(0.000, 0.000, 0.000),64.325,VALID,(-0.208, 0.431, 0.878),(-0.032, 0.000, 0.000),0.596,3.824,6.415,0.992,VALID,(-0.322, 0.386, 0.865),(0.032, 0.000, 0.000),0.635,4.048,6.373,0.908,0.4812468,0
335310,1000001930651415300,63875742721539,(-0.061, 1.429, 0.292),(-0.016, -0.049, 0.012, 0.999),VALID,(-0.297, 0.362, 0.884),(0.000, 0.000, 0.000),64.325,VALID,(-0.211, 0.420, 0.883),(-0.032, 0.000, 0.000),0.594,3.813,6.415,0.992,VALID,(-0.326, 0.358, 0.875),(0.032, 0.000, 0.000),0.635,4.047,6.373,0.908,0.4297414,0
335311,1000001930656423200,63875742721550,(-0.062, 1.429, 0.292),(-0.015, -0.049, 0.012, 0.999),VALID,(-0.305, 0.322, 0.896),(0.000, 0.000, 0.000),64.325,VALID,(-0.220, 0.394, 0.892),(-0.032, 0.000, 0.000),0.594,3.814,6.415,0.992,VALID,(-0.332, 0.319, 0.888),(0.032, 0.000, 0.000),0.635,4.046,6.373,0.908,0.3927429,0
335312,1000001930661431100,63875742721550,(-0.062, 1.429, 0.292),(-0.015, -0.049, 0.012, 0.999),VALID,(-0.313, 0.288, 0.905),(0.000, 0.000, 0.000),64.325,VALID,(-0.230, 0.367, 0.901),(-0.032, 0.000, 0.000),0.594,3.814,6.415,0.992,VALID,(-0.337, 0.285, 0.897),(0.032, 0.000, 0.000),0.635,4.046,6.373,0.908,0.3770125,0
335313,1000001930666439000,63875742721562,(-0.062, 1.429, 0.292),(-0.015, -0.049, 0.012, 0.999),VALID,(-0.319, 0.263, 0.910),(0.000, 0.000, 0.000),64.325,VALID,(-0.240, 0.345, 0.907),(-0.032, 0.000, 0.000),0.594,3.814,6.415,0.991,VALID,(-0.340, 0.261, 0.904),(0.032, 0.000, 0.000),0.635,4.046,6.373,0.908,0.3742581,0
335314,1000001930671460900,63875742721562,(-0.062, 1.429, 0.292),(-0.015, -0.049, 0.012, 0.999),VALID,(-0.325, 0.246, 0.913),(0.000, 0.000, 0.000),64.325,VALID,(-0.250, 0.328, 0.911),(-0.032, 0.000, 0.000),0.594,3.814,6.415,0.991,VALID,(-0.342, 0.244, 0.907),(0.032, 0.000, 0.000),0.635,4.046,6.373,0.908,0.3806956,0
335315,1000001930676486700,63875742721562,(-0.062, 1.429, 0.292),(-0.015, -0.049, 0.012, 0.999),VALID,(-0.330, 0.236, 0.914),(0.000, 0.000, 0.000),64.325,VALID,(-0.261, 0.312, 0.914),(-0.032, 0.000, 0.000),0.611,3.918,6.415,0.991,VALID,(-0.344, 0.235, 0.909),(0.032, 0.000, 0.000),0.635,4.046,6.373,0.908,0.4133744,0
335316,1000001930681494600,63875742721573,(-0.062, 1.429, 0.293),(-0.015, -0.049, 0.012, 0.999),VALID,(-0.334, 0.229, 0.914),(0.000, 0.000, 0.000),64.325,VALID,(-0.271, 0.300, 0.915),(-0.032, 0.000, 0.000),0.615,3.943,6.415,0.991,VALID,(-0.345, 0.228, 0.910),(0.032, 0.000, 0.000),0.635,4.046,6.373,0.908,0.4457639,0
335317,1000001930686524000,63875742721573,(-0.062, 1.429, 0.293),(-0.015, -0.049, 0.012, 0.999),VALID,(-0.337, 0.225, 0.914),(0.000, 0.000, 0.000),64.325,VALID,(-0.279, 0.292, 0.915),(-0.032, 0.000, 0.000),0.617,3.961,6.415,0.990,VALID,(-0.346, 0.225, 0.911),(0.032, 0.000, 0.000),0.635,4.045,6.373,0.908,0.4751021,0
335318,1000001930691531900,63875742721584,(-0.062, 1.429, 0.293),(-0.015, -0.049, 0.012, 0.999),VALID,(-0.340, 0.223, 0.914),(0.000, 0.000, 0.000),64.325,VALID,(-0.285, 0.287, 0.915),(-0.032, 0.000, 0.000),0.619,3.970,6.415,0.990,VALID,(-0.346, 0.222, 0.911),(0.032, 0.000, 0.000),0.635,4.045,6.373,0.908,0.4978319,0
335319,1000001930696539800,63875742721584,(-0.062, 1.429, 0.293),(-0.015, -0.049, 0.012, 0.999),VALID,(-0.289, 0.439, 0.851),(0.000, 0.000, 0.000),64.325,VALID,(-0.256, 0.455, 0.853),(-0.032, 0.000, 0.000),0.619,3.971,6.415,0.990,VALID,(-0.320, 0.434, 0.842),(0.032, 0.000, 0.000),0.635,4.045,6.373,0.908,0.8749942,0
335320,1000001930701570700,63875742721594,(-0.062, 1.429, 0.293),(-0.015, -0.049, 0.012, 0.999),VALID,(-0.296, 0.413, 0.861),(0.000, 0.000, 0.000),64.325,VALID,(-0.260, 0.437, 0.861),(-0.032, 0.000, 0.000),0.620,3.980,6.415,0.989,VALID,(-0.325, 0.409, 0.853),(0.032, 0.000, 0.000),0.635,4.045,6.373,0.908,0.8228532,0
335321,1000001930706592500,63875742721594,(-0.062, 1.429, 0.293),(-0.015, -0.049, 0.012, 0.999),VALID,(-0.301, 0.383, 0.874),(0.000, 0.000, 0.000),64.325,VALID,(-0.266, 0.413, 0.871),(-0.032, 0.000, 0.000),0.622,3.993,6.415,0.988,VALID,(-0.330, 0.379, 0.865),(0.032, 0.000, 0.000),0.635,4.046,6.373,0.908,0.7755013,0
335322,1000001930711614300,63875742721607,(-0.062, 1.429, 0.293),(-0.015, -0.049, 0.012, 0.999),VALID,(-0.237, 0.534, 0.812),(0.000, 0.000, 0.000),64.325,VALID,(-0.215, 0.546, 0.810),(-0.032, 0.000, 0.000),0.625,4.009,6.415,0.988,VALID,(-0.304, 0.524, 0.796),(0.032, 0.000, 0.000),0.635,4.046,6.373,0.908,0.6642013,0
335323,1000001930716622200,63875742721607,(-0.062, 1.429, 0.293),(-0.015, -0.049, 0.012, 0.999),VALID,(-0.249, 0.523, 0.815),(0.000, 0.000, 0.000),64.325,VALID,(-0.223, 0.532, 0.817),(-0.032, 0.000, 0.000),0.626,4.016,6.415,0.988,VALID,(-0.306, 0.514, 0.801),(0.032, 0.000, 0.000),0.635,4.046,6.373,0.908,0.7131718,0
335324,1000001930721619800,63875742721617,(-0.061, 1.428, 0.293),(-0.015, -0.049, 0.012, 0.999),VALID,(-0.267, 0.435, 0.860),(0.000, 0.000, 0.000),64.325,VALID,(-0.235, 0.466, 0.853),(-0.032, 0.000, 0.000),0.626,4.019,6.415,0.988,VALID,(-0.323, 0.427, 0.845),(0.032, 0.000, 0.000),0.635,4.046,6.373,0.908,0.6063504,0
335325,1000001930726627700,63875742721617,(-0.061, 1.428, 0.293),(-0.015, -0.049, 0.012, 0.999),VALID,(-0.283, 0.346, 0.894),(0.000, 0.000, 0.000),64.325,VALID,(-0.248, 0.393, 0.885),(-0.032, 0.000, 0.000),0.627,4.022,6.415,0.988,VALID,(-0.336, 0.340, 0.878),(0.032, 0.000, 0.000),0.635,4.046,6.373,0.908,0.5339795,0
335326,1000001930731649100,63875742721617,(-0.061, 1.428, 0.293),(-0.015, -0.049, 0.012, 0.999),VALID,(-0.297, 0.288, 0.910),(0.000, 0.000, 0.000),64.325,VALID,(-0.260, 0.341, 0.903),(-0.032, 0.000, 0.000),0.627,4.023,6.415,0.989,VALID,(-0.343, 0.283, 0.896),(0.032, 0.000, 0.000),0.635,4.046,6.373,0.908,0.5175281,0
335327,1000001930736670500,63875742721628,(-0.061, 1.428, 0.293),(-0.015, -0.049, 0.012, 0.999),VALID,(-0.309, 0.255, 0.916),(0.000, 0.000, 0.000),64.325,VALID,(-0.269, 0.311, 0.912),(-0.032, 0.000, 0.000),0.627,4.020,6.415,0.989,VALID,(-0.346, 0.251, 0.904),(0.032, 0.000, 0.000),0.635,4.046,6.373,0.908,0.5189164,0
335328,1000001930741692300,63875742721628,(-0.061, 1.428, 0.293),(-0.015, -0.049, 0.012, 0.999),VALID,(-0.319, 0.237, 0.918),(0.000, 0.000, 0.000),64.325,VALID,(-0.277, 0.294, 0.915),(-0.032, 0.000, 0.000),0.626,4.018,6.415,0.989,VALID,(-0.348, 0.235, 0.908),(0.032, 0.000, 0.000),0.635,4.046,6.373,0.908,0.5271802,0
335329,1000001930746713700,63875742721639,(-0.061, 1.429, 0.293),(-0.015, -0.049, 0.012, 0.999),VALID,(-0.299, 0.311, 0.902),(0.000, 0.000, 0.000),64.325,VALID,(-0.254, 0.359, 0.898),(-0.032, 0.000, 0.000),0.626,4.017,6.415,0.989,VALID,(-0.341, 0.307, 0.889),(0.032, 0.000, 0.000),0.635,4.046,6.373,0.908,0.5380475,0
335330,1000001930751671400,63875742721639,(-0.061, 1.429, 0.293),(-0.015, -0.049, 0.012, 0.999),VALID,(-0.302, 0.305, 0.903),(0.000, 0.000, 0.000),64.325,VALID,(-0.256, 0.354, 0.900),(-0.032, 0.000, 0.000),0.626,4.019,6.415,0.989,VALID,(-0.341, 0.301, 0.890),(0.032, 0.000, 0.000),0.635,4.046,6.373,0.908,0.5397272,0
335331,1000001930756693200,63875742721651,(-0.061, 1.429, 0.293),(-0.015, -0.049, 0.012, 0.999),VALID,(-0.307, 0.292, 0.906),(0.000, 0.000, 0.000),64.325,VALID,(-0.261, 0.341, 0.903),(-0.032, 0.000, 0.000),0.627,4.026,6.415,0.989,VALID,(-0.343, 0.288, 0.894),(0.032, 0.000, 0.000),0.635,4.047,6.373,0.908,0.5483013,0
335332,1000001930761714600,63875742721651,(-0.061, 1.429, 0.293),(-0.015, -0.049, 0.012, 0.999),VALID,(-0.314, 0.276, 0.908),(0.000, 0.000, 0.000),64.325,VALID,(-0.268, 0.325, 0.907),(-0.032, 0.000, 0.000),0.629,4.035,6.415,0.989,VALID,(-0.345, 0.273, 0.898),(0.032, 0.000, 0.000),0.635,4.047,6.373,0.908,0.5645854,0
335333,1000001930766717800,63875742721662,(-0.061, 1.429, 0.293),(-0.015, -0.049, 0.012, 0.999),VALID,(-0.321, 0.261, 0.910),(0.000, 0.000, 0.000),64.325,VALID,(-0.275, 0.311, 0.910),(-0.032, 0.000, 0.000),0.629,4.037,6.415,0.989,VALID,(-0.346, 0.259, 0.902),(0.032, 0.000, 0.000),0.635,4.048,6.373,0.908,0.5802829,0
335334,1000001930771691900,63875742721662,(-0.061, 1.429, 0.293),(-0.015, -0.049, 0.012, 0.999),VALID,(-0.327, 0.249, 0.912),(0.000, 0.000, 0.000),64.325,VALID,(-0.282, 0.300, 0.912),(-0.032, 0.000, 0.000),0.629,4.038,6.415,0.989,VALID,(-0.347, 0.247, 0.905),(0.032, 0.000, 0.000),0.635,4.048,6.373,0.908,0.5938265,0
335335,1000001930776713300,63875742721662,(-0.061, 1.429, 0.293),(-0.015, -0.049, 0.012, 0.999),VALID,(-0.332, 0.240, 0.912),(0.000, 0.000, 0.000),64.325,VALID,(-0.287, 0.291, 0.913),(-0.032, 0.000, 0.000),0.630,4.039,6.415,0.988,VALID,(-0.348, 0.239, 0.907),(0.032, 0.000, 0.000),0.635,4.048,6.373,0.908,0.6050737,0
335336,1000001930781758800,63875742721672,(-0.061, 1.429, 0.293),(-0.015, -0.049, 0.012, 0.999),VALID,(-0.336, 0.234, 0.913),(0.000, 0.000, 0.000),64.325,VALID,(-0.291, 0.284, 0.913),(-0.032, 0.000, 0.000),0.630,4.039,6.415,0.988,VALID,(-0.349, 0.233, 0.908),(0.032, 0.000, 0.000),0.635,4.048,6.373,0.908,0.6135779,0
335337,1000001930786780200,63875742721672,(-0.061, 1.429, 0.293),(-0.015, -0.049, 0.012, 0.999),VALID,(-0.339, 0.229, 0.912),(0.000, 0.000, 0.000),64.325,VALID,(-0.295, 0.280, 0.914),(-0.032, 0.000, 0.000),0.630,4.040,6.415,0.989,VALID,(-0.349, 0.228, 0.909),(0.032, 0.000, 0.000),0.635,4.048,6.373,0.908,0.6189695,0
335338,1000001930791795600,63875742721684,(-0.061, 1.429, 0.293),(-0.015, -0.049, 0.012, 0.999),VALID,(-0.291, 0.461, 0.839),(0.000, 0.000, 0.000),64.325,VALID,(-0.255, 0.475, 0.842),(-0.032, 0.000, 0.000),0.630,4.040,6.415,0.989,VALID,(-0.319, 0.456, 0.831),(0.032, 0.000, 0.000),0.635,4.048,6.373,0.908,0.9006232,0
335339,1000001930796811000,63875742721684,(-0.061, 1.429, 0.293),(-0.015, -0.049, 0.012, 0.999),VALID,(-0.298, 0.424, 0.855),(0.000, 0.000, 0.000),64.325,VALID,(-0.261, 0.445, 0.856),(-0.032, 0.000, 0.000),0.630,4.042,6.415,0.989,VALID,(-0.325, 0.420, 0.847),(0.032, 0.000, 0.000),0.635,4.048,6.373,0.908,0.8468229,0
335340,1000001930801815600,63875742721694,(-0.061, 1.429, 0.293),(-0.015, -0.049, 0.012, 0.999),VALID,(-0.304, 0.397, 0.866),(0.000, 0.000, 0.000),64.325,VALID,(-0.265, 0.424, 0.866),(-0.032, 0.000, 0.000),0.630,4.045,6.415,0.989,VALID,(-0.330, 0.393, 0.858),(0.032, 0.000, 0.000),0.635,4.050,6.373,0.908,0.7957282,0
335341,1000001930806788200,63875742721694,(-0.061, 1.429, 0.293),(-0.015, -0.049, 0.012, 0.999),VALID,(-0.312, 0.347, 0.884),(0.000, 0.000, 0.000),64.325,VALID,(-0.269, 0.396, 0.878),(-0.032, 0.000, 0.000),0.608,3.903,6.415,0.988,VALID,(-0.337, 0.344, 0.876),(0.032, 0.000, 0.000),0.636,4.051,6.373,0.908,0.5941327,0
335342,1000001930811801900,63875742721706,(-0.062, 1.429, 0.293),(-0.015, -0.049, 0.012, 0.999),VALID,(-0.320, 0.303, 0.898),(0.000, 0.000, 0.000),64.325,VALID,(-0.272, 0.369, 0.889),(-0.032, 0.000, 0.000),0.604,3.876,6.415,0.988,VALID,(-0.342, 0.300, 0.890),(0.032, 0.000, 0.000),0.636,4.053,6.373,0.908,0.4658063,0
335343,1000001930816821400,63875742721706,(-0.062, 1.429, 0.293),(-0.015, -0.049, 0.012, 0.999),VALID,(-0.326, 0.271, 0.906),(0.000, 0.000, 0.000),64.325,VALID,(-0.274, 0.346, 0.897),(-0.032, 0.000, 0.000),0.600,3.850,6.415,0.988,VALID,(-0.345, 0.269, 0.899),(0.032, 0.000, 0.000),0.636,4.053,6.373,0.908,0.4126506,0
335344,1000001930821835100,63875742721718,(-0.062, 1.429, 0.293),(-0.016, -0.049, 0.012, 0.999),VALID,(-0.273, 0.401, 0.875),(0.000, 0.000, 0.000),64.325,VALID,(-0.184, 0.462, 0.868),(-0.032, 0.000, 0.000),0.597,3.828,6.415,0.988,VALID,(-0.330, 0.393, 0.858),(0.032, 0.000, 0.000),0.636,4.054,6.373,0.908,0.3586101,0
335345,1000001930826848800,63875742721718,(-0.062, 1.429, 0.293),(-0.016, -0.049, 0.012, 0.999),VALID,(-0.280, 0.393, 0.876),(0.000, 0.000, 0.000),64.325,VALID,(-0.201, 0.454, 0.868),(-0.032, 0.000, 0.000),0.595,3.815,6.415,0.988,VALID,(-0.331, 0.386, 0.861),(0.032, 0.000, 0.000),0.636,4.054,6.373,0.908,0.3863,0
335346,1000001930831864200,63875742721718,(-0.062, 1.429, 0.293),(-0.016, -0.049, 0.012, 0.999),VALID,(-0.209, 0.549, 0.809),(0.000, 0.000, 0.000),64.325,VALID,(-0.120, 0.576, 0.809),(-0.032, 0.000, 0.000),0.593,3.805,6.415,0.988,VALID,(-0.303, 0.535, 0.789),(0.032, 0.000, 0.000),0.636,4.055,6.373,0.908,0.329389,0
335347,1000001930836877900,63875742721728,(-0.062, 1.429, 0.293),(-0.016, -0.048, 0.012, 0.999),VALID,(-0.230, 0.520, 0.823),(0.000, 0.000, 0.000),64.325,VALID,(-0.156, 0.556, 0.816),(-0.032, 0.000, 0.000),0.612,3.929,6.415,0.989,VALID,(-0.309, 0.508, 0.804),(0.032, 0.000, 0.000),0.636,4.055,6.373,0.908,0.3783844,0
335348,1000001930841937000,63875742721728,(-0.062, 1.429, 0.293),(-0.016, -0.048, 0.012, 0.999),VALID,(-0.247, 0.445, 0.861),(0.000, 0.000, 0.000),64.325,VALID,(-0.175, 0.480, 0.860),(-0.032, 0.000, 0.000),0.616,3.954,6.415,0.989,VALID,(-0.323, 0.435, 0.841),(0.032, 0.000, 0.000),0.636,4.055,6.373,0.908,0.3906146,0
335349,1000001930846950700,63875742721739,(-0.062, 1.429, 0.293),(-0.016, -0.048, 0.012, 0.999),VALID,(-0.210, 0.521, 0.828),(0.000, 0.000, 0.000),64.325,VALID,(-0.154, 0.528, 0.835),(-0.032, 0.000, 0.000),0.618,3.962,6.415,0.989,VALID,(-0.309, 0.506, 0.805),(0.032, 0.000, 0.000),0.636,4.055,6.373,0.908,0.3899323,0
335350,1000001930851966100,63875742721739,(-0.062, 1.429, 0.293),(-0.016, -0.048, 0.012, 0.999),VALID,(-0.167, 0.614, 0.772),(0.000, 0.000, 0.000),64.325,VALID,(-0.128, 0.613, 0.780),(-0.032, 0.000, 0.000),0.620,3.978,6.415,0.989,VALID,(-0.288, 0.596, 0.749),(0.032, 0.000, 0.000),0.636,4.055,6.373,0.908,0.3826051,0
335351,1000001930856979800,63875742721750,(-0.062, 1.429, 0.293),(-0.016, -0.048, 0.012, 0.999),VALID,(-0.138, 0.665, 0.734),(0.000, 0.000, 0.000),64.325,VALID,(-0.109, 0.663, 0.740),(-0.032, 0.000, 0.000),0.622,3.992,6.415,0.989,VALID,(-0.274, 0.646, 0.713),(0.032, 0.000, 0.000),0.636,4.055,6.373,0.908,0.3731456,0
335352,1000001930861965700,63875742721750,(-0.062, 1.429, 0.293),(-0.016, -0.048, 0.012, 0.999),VALID,(-0.119, 0.689, 0.715),(0.000, 0.000, 0.000),64.325,VALID,(-0.096, 0.689, 0.719),(-0.032, 0.000, 0.000),0.625,4.008,6.415,0.989,VALID,(-0.267, 0.669, 0.694),(0.032, 0.000, 0.000),0.636,4.055,6.373,0.908,0.3629497,0
335353,1000001930866928500,63875742721762,(-0.062, 1.429, 0.293),(-0.016, -0.048, 0.012, 0.999),VALID,(-0.108, 0.700, 0.706),(0.000, 0.000, 0.000),64.325,VALID,(-0.088, 0.700, 0.709),(-0.032, 0.000, 0.000),0.670,4.297,6.415,0.989,VALID,(-0.263, 0.679, 0.685),(0.032, 0.000, 0.000),0.636,4.055,6.373,0.908,0.3539439,0
335354,1000001930871962900,63875742721762,(-0.062, 1.429, 0.293),(-0.016, -0.048, 0.012, 0.999),VALID,(-0.107, 0.700, 0.706),(0.000, 0.000, 0.000),64.325,VALID,(-0.080, 0.701, 0.709),(-0.032, 0.000, 0.000),0.673,4.320,6.415,0.989,VALID,(-0.263, 0.679, 0.685),(0.032, 0.000, 0.000),0.636,4.055,6.373,0.908,0.3374806,0
335355,1000001930876972700,63875742721762,(-0.062, 1.429, 0.293),(-0.016, -0.048, 0.012, 0.999),VALID,(-0.108, 0.699, 0.707),(0.000, 0.000, 0.000),64.325,VALID,(-0.074, 0.701, 0.710),(-0.032, 0.000, 0.000),0.675,4.333,6.415,0.989,VALID,(-0.264, 0.678, 0.686),(0.032, 0.000, 0.000),0.636,4.054,6.373,0.908,0.3267717,0
335356,1000001930881959400,63875742721772,(-0.062, 1.429, 0.293),(-0.016, -0.048, 0.012, 0.999),VALID,(-0.108, 0.698, 0.708),(0.000, 0.000, 0.000),64.325,VALID,(-0.070, 0.701, 0.710),(-0.032, 0.000, 0.000),0.677,4.342,6.415,0.989,VALID,(-0.264, 0.678, 0.687),(0.032, 0.000, 0.000),0.636,4.054,6.373,0.908,0.3195093,0
335357,1000001930886982300,63875742721784,(-0.062, 1.429, 0.293),(-0.016, -0.048, 0.012, 0.999),VALID,(-0.108, 0.699, 0.707),(0.000, 0.000, 0.000),64.325,VALID,(-0.067, 0.701, 0.710),(-0.032, 0.000, 0.000),0.680,4.365,6.415,0.989,VALID,(-0.264, 0.678, 0.686),(0.032, 0.000, 0.000),0.636,4.054,6.373,0.908,0.3153944,0
335358,1000001930891997700,63875742721784,(-0.062, 1.429, 0.293),(-0.016, -0.048, 0.012, 0.999),VALID,(-0.107, 0.699, 0.707),(0.000, 0.000, 0.000),64.325,VALID,(-0.065, 0.701, 0.710),(-0.032, 0.000, 0.000),0.684,4.387,6.415,0.989,VALID,(-0.264, 0.678, 0.686),(0.032, 0.000, 0.000),0.636,4.053,6.373,0.908,0.312965,0
335359,1000001930897057000,63875742721794,(-0.062, 1.429, 0.293),(-0.016, -0.048, 0.012, 0.999),VALID,(-0.107, 0.699, 0.707),(0.000, 0.000, 0.000),64.325,VALID,(-0.064, 0.701, 0.710),(-0.032, 0.000, 0.000),0.686,4.400,6.415,0.988,VALID,(-0.264, 0.678, 0.686),(0.032, 0.000, 0.000),0.636,4.053,6.373,0.908,0.3115828,0
335360,1000001930902070700,63875742721795,(-0.062, 1.429, 0.293),(-0.016, -0.048, 0.012, 0.999),VALID,(-0.127, 0.617, 0.776),(0.000, 0.000, 0.000),64.325,VALID,(-0.079, 0.633, 0.770),(-0.032, 0.000, 0.000),0.634,4.068,6.415,0.988,VALID,(-0.288, 0.596, 0.749),(0.032, 0.000, 0.000),0.636,4.053,6.373,0.908,0.2935651,0
335361,1000001930907084400,63875742721795,(-0.062, 1.429, 0.293),(-0.016, -0.048, 0.012, 0.999),VALID,(-0.185, 0.452, 0.873),(0.000, 0.000, 0.000),64.325,VALID,(-0.136, 0.486, 0.863),(-0.032, 0.000, 0.000),0.631,4.048,6.415,0.988,VALID,(-0.323, 0.435, 0.840),(0.032, 0.000, 0.000),0.636,4.053,6.373,0.908,0.3135266,0
335362,1000001930912069100,63875742721806,(-0.062, 1.429, 0.293),(-0.017, -0.048, 0.012, 0.999),VALID,(-0.168, 0.533, 0.829),(0.000, 0.000, 0.000),64.325,VALID,(-0.121, 0.556, 0.823),(-0.032, 0.000, 0.000),0.631,4.045,6.415,0.988,VALID,(-0.308, 0.514, 0.801),(0.032, 0.000, 0.000),0.636,4.053,6.373,0.908,0.3208818,0
335363,1000001930917079600,63875742721806,(-0.062, 1.429, 0.293),(-0.017, -0.048, 0.012, 0.999),VALID,(-0.161, 0.556, 0.816),(0.000, 0.000, 0.000),64.325,VALID,(-0.114, 0.570, 0.813),(-0.032, 0.000, 0.000),0.630,4.043,6.415,0.988,VALID,(-0.303, 0.537, 0.787),(0.032, 0.000, 0.000),0.636,4.052,6.373,0.907,0.3224106,0
335364,1000001930922090100,63875742721818,(-0.062, 1.429, 0.293),(-0.017, -0.048, 0.012, 0.999),VALID,(-0.210, 0.464, 0.861),(0.000, 0.000, 0.000),64.325,VALID,(-0.165, 0.487, 0.858),(-0.032, 0.000, 0.000),0.630,4.041,6.415,0.987,VALID,(-0.321, 0.449, 0.834),(0.032, 0.000, 0.000),0.636,4.052,6.373,0.907,0.3793766,0
335365,1000001930927149600,63875742721818,(-0.062, 1.429, 0.293),(-0.017, -0.048, 0.012, 0.999),VALID,(-0.260, 0.362, 0.895),(0.000, 0.000, 0.000),64.325,VALID,(-0.216, 0.397, 0.892),(-0.032, 0.000, 0.000),0.628,4.031,6.415,0.987,VALID,(-0.336, 0.353, 0.873),(0.032, 0.000, 0.000),0.636,4.052,6.373,0.907,0.4591006,0
335366,1000001930932160100,63875742721818,(-0.062, 1.429, 0.293),(-0.017, -0.048, 0.012, 0.999),VALID,(-0.296, 0.294, 0.909),(0.000, 0.000, 0.000),64.325,VALID,(-0.253, 0.336, 0.907),(-0.032, 0.000, 0.000),0.628,4.029,6.415,0.987,VALID,(-0.344, 0.289, 0.894),(0.032, 0.000, 0.000),0.636,4.052,6.373,0.907,0.5419852,0
335367,1000001930937144700,63875742721828,(-0.062, 1.429, 0.293),(-0.016, -0.048, 0.012, 0.999),VALID,(-0.318, 0.256, 0.913),(0.000, 0.000, 0.000),64.325,VALID,(-0.276, 0.302, 0.913),(-0.032, 0.000, 0.000),0.628,4.028,6.415,0.987,VALID,(-0.348, 0.253, 0.903),(0.032, 0.000, 0.000),0.636,4.052,6.373,0.907,0.6030858,0
335368,1000001930942154700,63875742721828,(-0.062, 1.429, 0.293),(-0.016, -0.048, 0.012, 0.999),VALID,(-0.332, 0.236, 0.913),(0.000, 0.000, 0.000),64.325,VALID,(-0.290, 0.283, 0.914),(-0.032, 0.000, 0.000),0.628,4.028,6.415,0.987,VALID,(-0.349, 0.235, 0.907),(0.032, 0.000, 0.000),0.636,4.052,6.373,0.906,0.6426243,0
335369,1000001930947164700,63875742721839,(-0.062, 1.429, 0.293),(-0.016, -0.048, 0.012, 0.999),VALID,(-0.340, 0.227, 0.913),(0.000, 0.000, 0.000),64.325,VALID,(-0.298, 0.274, 0.914),(-0.032, 0.000, 0.000),0.627,4.023,6.415,0.987,VALID,(-0.350, 0.226, 0.909),(0.032, 0.000, 0.000),0.636,4.052,6.373,0.906,0.663519,0
335370,1000001930952174700,63875742721839,(-0.062, 1.429, 0.293),(-0.016, -0.048, 0.012, 0.999),VALID,(-0.344, 0.222, 0.912),(0.000, 0.000, 0.000),64.325,VALID,(-0.303, 0.269, 0.914),(-0.032, 0.000, 0.000),0.627,4.020,6.415,0.987,VALID,(-0.351, 0.222, 0.910),(0.032, 0.000, 0.000),0.636,4.052,6.373,0.906,0.6736967,0
335371,1000001930957184500,63875742721850,(-0.062, 1.429, 0.293),(-0.016, -0.048, 0.012, 0.999),VALID,(-0.304, 0.266, 0.915),(0.000, 0.000, 0.000),64.325,VALID,(-0.259, 0.293, 0.920),(-0.032, 0.000, 0.000),0.626,4.019,6.415,0.987,VALID,(-0.347, 0.262, 0.901),(0.032, 0.000, 0.000),0.636,4.052,6.373,0.906,0.6173482,0
335372,1000001930962194300,63875742721850,(-0.062, 1.429, 0.293),(-0.016, -0.048, 0.012, 0.999),VALID,(-0.266, 0.492, 0.829),(0.000, 0.000, 0.000),64.325,VALID,(-0.224, 0.499, 0.837),(-0.032, 0.000, 0.000),0.626,4.018,6.415,0.987,VALID,(-0.315, 0.484, 0.816),(0.032, 0.000, 0.000),0.636,4.052,6.373,0.906,0.6568286,0
335373,1000001930967189100,63875742721861,(-0.062, 1.428, 0.293),(-0.016, -0.048, 0.012, 0.999),VALID,(-0.228, 0.603, 0.765),(0.000, 0.000, 0.000),64.325,VALID,(-0.174, 0.608, 0.774),(-0.032, 0.000, 0.000),0.624,4.001,6.415,0.988,VALID,(-0.290, 0.593, 0.751),(0.032, 0.000, 0.000),0.636,4.051,6.373,0.906,0.5249318,0
335374,1000001930972177000,63875742721861,(-0.062, 1.428, 0.293),(-0.016, -0.048, 0.012, 0.999),VALID,(-0.197, 0.647, 0.737),(0.000, 0.000, 0.000),64.325,VALID,(-0.136, 0.652, 0.746),(-0.032, 0.000, 0.000),0.622,3.990,6.415,0.988,VALID,(-0.278, 0.634, 0.722),(0.032, 0.000, 0.000),0.636,4.051,6.373,0.905,0.4295609,0
335375,1000001930977180300,63875742721872,(-0.062, 1.428, 0.293),(-0.016, -0.049, 0.012, 0.999),VALID,(-0.228, 0.544, 0.807),(0.000, 0.000, 0.000),64.325,VALID,(-0.172, 0.557, 0.813),(-0.032, 0.000, 0.000),0.621,3.986,6.415,0.989,VALID,(-0.305, 0.533, 0.790),(0.032, 0.000, 0.000),0.636,4.051,6.373,0.905,0.4528948,0
335376,1000001930982245600,63875742721872,(-0.062, 1.428, 0.293),(-0.016, -0.049, 0.012, 0.999),VALID,(-0.199, 0.608, 0.769),(0.000, 0.000, 0.000),64.325,VALID,(-0.138, 0.617, 0.775),(-0.032, 0.000, 0.000),0.621,3.986,6.415,0.989,VALID,(-0.290, 0.594, 0.751),(0.032, 0.000, 0.000),0.636,4.051,6.373,0.905,0.4021693,0
335377,1000001930987240800,63875742721872,(-0.062, 1.428, 0.293),(-0.016, -0.049, 0.012, 0.999),VALID,(-0.176, 0.643, 0.745),(0.000, 0.000, 0.000),64.325,VALID,(-0.113, 0.650, 0.751),(-0.032, 0.000, 0.000),0.621,3.987,6.415,0.989,VALID,(-0.281, 0.627, 0.726),(0.032, 0.000, 0.000),0.636,4.050,6.373,0.905,0.3661468,0
335378,1000001930992244100,63875742721884,(-0.062, 1.428, 0.293),(-0.016, -0.049, 0.013, 0.999),VALID,(-0.159, 0.662, 0.733),(0.000, 0.000, 0.000),64.325,VALID,(-0.094, 0.668, 0.738),(-0.032, 0.000, 0.000),0.619,3.969,6.415,0.989,VALID,(-0.276, 0.644, 0.713),(0.032, 0.000, 0.000),0.635,4.050,6.373,0.905,0.3389961,0
335379,1000001930997284700,63875742721884,(-0.062, 1.428, 0.293),(-0.016, -0.049, 0.013, 0.999),VALID,(-0.147, 0.671, 0.727),(0.000, 0.000, 0.000),64.325,VALID,(-0.081, 0.676, 0.732),(-0.032, 0.000, 0.000),0.617,3.956,6.415,0.989,VALID,(-0.273, 0.652, 0.707),(0.032, 0.000, 0.000),0.635,4.050,6.373,0.905,0.3210414,0
335380,1000001931002288000,63875742721896,(-0.062, 1.428, 0.293),(-0.015, -0.049, 0.013, 0.999),VALID,(-0.131, 0.686, 0.716),(0.000, 0.000, 0.000),64.325,VALID,(-0.074, 0.690, 0.720),(-0.032, 0.000, 0.000),0.675,4.331,6.415,0.989,VALID,(-0.269, 0.666, 0.696),(0.032, 0.000, 0.000),0.635,4.050,6.373,0.905,0.3174697,0
335381,1000001931007291700,63875742721896,(-0.062, 1.428, 0.293),(-0.015, -0.049, 0.013, 0.999),VALID,(-0.128, 0.685, 0.717),(0.000, 0.000, 0.000),64.325,VALID,(-0.070, 0.689, 0.722),(-0.032, 0.000, 0.000),0.682,4.375,6.415,0.989,VALID,(-0.270, 0.665, 0.696),(0.032, 0.000, 0.000),0.635,4.050,6.373,0.905,0.3100749,0
335382,1000001931012291800,63875742721906,(-0.063, 1.428, 0.294),(-0.015, -0.049, 0.013, 0.999),VALID,(-0.126, 0.685, 0.717),(0.000, 0.000, 0.000),64.325,VALID,(-0.067, 0.689, 0.721),(-0.032, 0.000, 0.000),0.685,4.391,6.415,0.989,VALID,(-0.270, 0.665, 0.696),(0.032, 0.000, 0.000),0.635,4.049,6.373,0.905,0.3062796,0
335383,1000001931017295100,63875742721906,(-0.063, 1.428, 0.294),(-0.015, -0.049, 0.013, 0.999),VALID,(-0.124, 0.686, 0.717),(0.000, 0.000, 0.000),64.325,VALID,(-0.066, 0.690, 0.721),(-0.032, 0.000, 0.000),0.685,4.397,6.415,0.990,VALID,(-0.270, 0.665, 0.696),(0.032, 0.000, 0.000),0.635,4.049,6.373,0.905,0.303734,0
335384,1000001931022329800,63875742721917,(-0.063, 1.428, 0.294),(-0.015, -0.049, 0.013, 0.999),VALID,(-0.152, 0.628, 0.763),(0.000, 0.000, 0.000),64.325,VALID,(-0.090, 0.648, 0.756),(-0.032, 0.000, 0.000),0.627,4.023,6.415,0.990,VALID,(-0.287, 0.609, 0.740),(0.032, 0.000, 0.000),0.635,4.049,6.373,0.905,0.3096718,0
335385,1000001931027330500,63875742721917,(-0.063, 1.428, 0.294),(-0.015, -0.049, 0.013, 0.999),VALID,(-0.148, 0.631, 0.761),(0.000, 0.000, 0.000),64.325,VALID,(-0.086, 0.650, 0.755),(-0.032, 0.000, 0.000),0.622,3.993,6.415,0.991,VALID,(-0.286, 0.611, 0.738),(0.032, 0.000, 0.000),0.635,4.049,6.373,0.905,0.3050194,0
335386,1000001931032331000,63875742721928,(-0.063, 1.428, 0.294),(-0.015, -0.050, 0.013, 0.999),VALID,(-0.143, 0.639, 0.756),(0.000, 0.000, 0.000),64.325,VALID,(-0.080, 0.655, 0.751),(-0.032, 0.000, 0.000),0.615,3.946,6.415,0.991,VALID,(-0.284, 0.619, 0.732),(0.032, 0.000, 0.000),0.635,4.048,6.373,0.905,0.3010266,0
335387,1000001931037331700,63875742721928,(-0.063, 1.428, 0.294),(-0.015, -0.050, 0.013, 0.999),VALID,(-0.176, 0.510, 0.842),(0.000, 0.000, 0.000),64.325,VALID,(-0.114, 0.539, 0.835),(-0.032, 0.000, 0.000),0.615,3.947,6.415,0.991,VALID,(-0.315, 0.492, 0.812),(0.032, 0.000, 0.000),0.635,4.046,6.373,0.905,0.2975704,0
335388,1000001931042363100,63875742721928,(-0.063, 1.428, 0.294),(-0.015, -0.050, 0.013, 0.999),VALID,(-0.167, 0.534, 0.829),(0.000, 0.000, 0.000),64.325,VALID,(-0.109, 0.566, 0.817),(-0.032, 0.000, 0.000),0.615,3.948,6.415,0.991,VALID,(-0.310, 0.515, 0.799),(0.032, 0.000, 0.000),0.635,4.045,6.373,0.905,0.2958777,0
335389,1000001931047363800,63875742721939,(-0.063, 1.428, 0.294),(-0.015, -0.050, 0.013, 0.999),VALID,(-0.208, 0.430, 0.878),(0.000, 0.000, 0.000),64.325,VALID,(-0.162, 0.467, 0.869),(-0.032, 0.000, 0.000),0.615,3.948,6.415,0.990,VALID,(-0.330, 0.415, 0.848),(0.032, 0.000, 0.000),0.634,4.041,6.373,0.905,0.3424321,0
335390,1000001931052397600,63875742721939,(-0.063, 1.428, 0.294),(-0.015, -0.050, 0.013, 0.999),VALID,(-0.198, 0.480, 0.855),(0.000, 0.000, 0.000),64.325,VALID,(-0.146, 0.490, 0.859),(-0.032, 0.000, 0.000),0.610,3.914,6.415,0.989,VALID,(-0.322, 0.463, 0.826),(0.032, 0.000, 0.000),0.634,4.040,6.373,0.905,0.3432609,0
335391,1000001931057398300,63875742721950,(-0.063, 1.428, 0.293),(-0.015, -0.050, 0.013, 0.999),VALID,(-0.167, 0.594, 0.787),(0.000, 0.000, 0.000),64.325,VALID,(-0.130, 0.593, 0.795),(-0.032, 0.000, 0.000),0.609,3.904,6.415,0.988,VALID,(-0.298, 0.575, 0.762),(0.032, 0.000, 0.000),0.634,4.039,6.373,0.904,0.3636573,0
335392,1000001931062398800,63875742721950,(-0.063, 1.428, 0.293),(-0.015, -0.050, 0.013, 0.999),VALID,(-0.141, 0.657, 0.740),(0.000, 0.000, 0.000),64.325,VALID,(-0.120, 0.655, 0.746),(-0.032, 0.000, 0.000),0.609,3.904,6.415,0.988,VALID,(-0.282, 0.637, 0.717),(0.032, 0.000, 0.000),0.634,4.039,6.373,0.904,0.3787342,0
335393,1000001931067413600,63875742721961,(-0.063, 1.428, 0.293),(-0.015, -0.050, 0.013, 0.999),VALID,(-0.122, 0.686, 0.717),(0.000, 0.000, 0.000),64.325,VALID,(-0.111, 0.685, 0.720),(-0.032, 0.000, 0.000),0.609,3.905,6.415,0.988,VALID,(-0.274, 0.665, 0.695),(0.032, 0.000, 0.000),0.634,4.039,6.373,0.904,0.3784269,0
335394,1000001931072420000,63875742721961,(-0.063, 1.428, 0.293),(-0.015, -0.050, 0.013, 0.999),VALID,(-0.110, 0.699, 0.706),(0.000, 0.000, 0.000),64.325,VALID,(-0.105, 0.698, 0.708),(-0.032, 0.000, 0.000),0.662,4.249,6.415,0.987,VALID,(-0.271, 0.677, 0.684),(0.032, 0.000, 0.000),0.634,4.038,6.373,0.904,0.3707969,0
335395,1000001931077420500,63875742721972,(-0.063, 1.428, 0.293),(-0.015, -0.050, 0.013, 0.999),VALID,(-0.101, 0.705, 0.702),(0.000, 0.000, 0.000),64.325,VALID,(-0.099, 0.705, 0.702),(-0.032, 0.000, 0.000),0.667,4.279,6.415,0.987,VALID,(-0.270, 0.683, 0.679),(0.032, 0.000, 0.000),0.633,4.036,6.373,0.904,0.3608291,0
335396,1000001931082467400,63875742721972,(-0.063, 1.428, 0.293),(-0.015, -0.050, 0.013, 0.999),VALID,(-0.096, 0.708, 0.699),(0.000, 0.000, 0.000),64.325,VALID,(-0.095, 0.708, 0.700),(-0.032, 0.000, 0.000),0.668,4.286,6.415,0.986,VALID,(-0.270, 0.685, 0.676),(0.032, 0.000, 0.000),0.633,4.033,6.373,0.904,0.3517573,0
335397,1000001931087468100,63875742721972,(-0.063, 1.428, 0.293),(-0.015, -0.050, 0.013, 0.999),VALID,(-0.092, 0.710, 0.698),(0.000, 0.000, 0.000),64.325,VALID,(-0.091, 0.710, 0.699),(-0.032, 0.000, 0.000),0.669,4.289,6.415,0.985,VALID,(-0.271, 0.686, 0.675),(0.032, 0.000, 0.000),0.633,4.032,6.373,0.904,0.3440393,0
335398,1000001931092513100,63875742721983,(-0.063, 1.428, 0.293),(-0.015, -0.049, 0.013, 0.999),VALID,(-0.090, 0.711, 0.698),(0.000, 0.000, 0.000),64.325,VALID,(-0.088, 0.711, 0.698),(-0.032, 0.000, 0.000),0.669,4.291,6.415,0.985,VALID,(-0.271, 0.687, 0.674),(0.032, 0.000, 0.000),0.632,4.030,6.373,0.904,0.3378038,0
335399,1000001931097513800,63875742721984,(-0.063, 1.428, 0.293),(-0.015, -0.049, 0.013, 0.999),VALID,(-0.088, 0.711, 0.697),(0.000, 0.000, 0.000),64.325,VALID,(-0.086, 0.711, 0.698),(-0.032, 0.000, 0.000),0.669,4.293,6.415,0.985,VALID,(-0.272, 0.687, 0.674),(0.032, 0.000, 0.000),0.632,4.030,6.373,0.904,0.3329861,0
335400,1000001931102514500,63875742721994,(-0.063, 1.429, 0.293),(-0.015, -0.049, 0.013, 0.999),VALID,(-0.088, 0.711, 0.698),(0.000, 0.000, 0.000),64.325,VALID,(-0.086, 0.711, 0.698),(-0.032, 0.000, 0.000),0.671,4.304,6.415,0.985,VALID,(-0.273, 0.687, 0.674),(0.032, 0.000, 0.000),0.632,4.031,6.373,0.904,0.3302287,0
335401,1000001931107524100,63875742721994,(-0.063, 1.429, 0.293),(-0.015, -0.049, 0.013, 0.999),VALID,(-0.087, 0.712, 0.697),(0.000, 0.000, 0.000),64.325,VALID,(-0.084, 0.712, 0.697),(-0.032, 0.000, 0.000),0.671,4.303,6.415,0.985,VALID,(-0.273, 0.687, 0.673),(0.032, 0.000, 0.000),0.633,4.032,6.373,0.904,0.3267989,0
335402,1000001931112529600,63875742722006,(-0.063, 1.429, 0.293),(-0.015, -0.049, 0.013, 0.999),VALID,(-0.087, 0.712, 0.697),(0.000, 0.000, 0.000),64.325,VALID,(-0.083, 0.712, 0.697),(-0.032, 0.000, 0.000),0.671,4.302,6.415,0.985,VALID,(-0.273, 0.687, 0.673),(0.032, 0.000, 0.000),0.633,4.033,6.373,0.904,0.3243893,0
335403,1000001931117564900,63875742722006,(-0.063, 1.429, 0.293),(-0.015, -0.049, 0.013, 0.999),VALID,(-0.086, 0.711, 0.698),(0.000, 0.000, 0.000),64.325,VALID,(-0.082, 0.711, 0.698),(-0.032, 0.000, 0.000),0.670,4.301,6.415,0.985,VALID,(-0.274, 0.687, 0.673),(0.032, 0.000, 0.000),0.633,4.033,6.373,0.904,0.3224699,0
335404,1000001931122567800,63875742722017,(-0.063, 1.429, 0.293),(-0.015, -0.049, 0.013, 0.999),VALID,(-0.086, 0.711, 0.698),(0.000, 0.000, 0.000),64.325,VALID,(-0.082, 0.711, 0.698),(-0.032, 0.000, 0.000),0.670,4.301,6.415,0.984,VALID,(-0.274, 0.686, 0.673),(0.032, 0.000, 0.000),0.633,4.034,6.373,0.904,0.3208365,0
335405,1000001931127616500,63875742722017,(-0.063, 1.429, 0.293),(-0.015, -0.049, 0.013, 0.999),VALID,(-0.086, 0.711, 0.698),(0.000, 0.000, 0.000),64.325,VALID,(-0.081, 0.711, 0.698),(-0.032, 0.000, 0.000),0.670,4.301,6.415,0.983,VALID,(-0.275, 0.686, 0.673),(0.032, 0.000, 0.000),0.633,4.034,6.373,0.904,0.3194807,0
335406,1000001931132619400,63875742722017,(-0.063, 1.429, 0.293),(-0.015, -0.049, 0.013, 0.999),VALID,(-0.083, 0.713, 0.697),(0.000, 0.000, 0.000),64.325,VALID,(-0.078, 0.713, 0.697),(-0.032, 0.000, 0.000),0.665,4.267,6.415,0.982,VALID,(-0.274, 0.688, 0.672),(0.032, 0.000, 0.000),0.633,4.034,6.373,0.904,0.3156848,0
335407,1000001931137624900,63875742722028,(-0.063, 1.429, 0.293),(-0.015, -0.049, 0.013, 0.999),VALID,(-0.082, 0.714, 0.696),(0.000, 0.000, 0.000),64.325,VALID,(-0.077, 0.714, 0.696),(-0.032, 0.000, 0.000),0.664,4.257,6.415,0.983,VALID,(-0.274, 0.689, 0.671),(0.032, 0.000, 0.000),0.633,4.034,6.373,0.904,0.3130652,0
335408,1000001931142627800,63875742722040,(-0.063, 1.429, 0.293),(-0.015, -0.049, 0.013, 0.999),VALID,(-0.082, 0.713, 0.696),(0.000, 0.000, 0.000),64.325,VALID,(-0.076, 0.714, 0.696),(-0.032, 0.000, 0.000),0.666,4.276,6.415,0.982,VALID,(-0.274, 0.688, 0.672),(0.032, 0.000, 0.000),0.633,4.034,6.373,0.904,0.3122347,0
335409,1000001931147630700,63875742722040,(-0.063, 1.429, 0.293),(-0.015, -0.049, 0.013, 0.999),VALID,(-0.082, 0.713, 0.696),(0.000, 0.000, 0.000),64.325,VALID,(-0.076, 0.714, 0.696),(-0.032, 0.000, 0.000),0.668,4.286,6.415,0.982,VALID,(-0.275, 0.688, 0.672),(0.032, 0.000, 0.000),0.633,4.034,6.373,0.904,0.31172,0.5152606
335410,1000001931152647100,63875742722040,(-0.063, 1.429, 0.293),(-0.015, -0.049, 0.013, 0.999),VALID,(-0.082, 0.713, 0.696),(0.000, 0.000, 0.000),64.325,VALID,(-0.076, 0.713, 0.697),(-0.032, 0.000, 0.000),0.669,4.292,6.415,0.982,VALID,(-0.275, 0.688, 0.672),(0.032, 0.000, 0.000),0.633,4.035,6.373,0.904,0.3116845,0.5307057
335411,1000001931157652600,63875742722051,(-0.063, 1.429, 0.293),(-0.015, -0.049, 0.014, 0.999),VALID,(-0.082, 0.713, 0.697),(0.000, 0.000, 0.000),64.325,VALID,(-0.077, 0.713, 0.697),(-0.032, 0.000, 0.000),0.669,4.295,6.415,0.982,VALID,(-0.275, 0.687, 0.672),(0.032, 0.000, 0.000),0.633,4.035,6.373,0.904,0.3116937,0.6001801
335412,1000001931162655500,63875742722051,(-0.063, 1.429, 0.293),(-0.015, -0.049, 0.014, 0.999),VALID,(-0.080, 0.714, 0.696),(0.000, 0.000, 0.000),64.325,VALID,(-0.074, 0.714, 0.696),(-0.032, 0.000, 0.000),0.663,4.256,6.415,0.982,VALID,(-0.275, 0.688, 0.671),(0.032, 0.000, 0.000),0.633,4.036,6.373,0.904,0.3082242,0.3896491
335413,1000001931167661000,63875742722062,(-0.063, 1.429, 0.294),(-0.015, -0.049, 0.013, 0.999),VALID,(-0.077, 0.715, 0.695),(0.000, 0.000, 0.000),64.325,VALID,(-0.071, 0.715, 0.695),(-0.032, 0.000, 0.000),0.657,4.218,6.415,0.982,VALID,(-0.275, 0.689, 0.670),(0.032, 0.000, 0.000),0.633,4.036,6.373,0.904,0.3038837,0.3376125
335414,1000001931172707500,63875742722062,(-0.063, 1.429, 0.294),(-0.015, -0.049, 0.013, 0.999),VALID,(-0.073, 0.716, 0.694),(0.000, 0.000, 0.000),64.325,VALID,(-0.067, 0.716, 0.695),(-0.032, 0.000, 0.000),0.654,4.196,6.415,0.981,VALID,(-0.274, 0.690, 0.669),(0.032, 0.000, 0.000),0.633,4.037,6.373,0.904,0.2992209,0.2873461
335415,1000001931177690900,63875742722072,(-0.063, 1.429, 0.294),(-0.015, -0.049, 0.013, 0.999),VALID,(-0.072, 0.717, 0.694),(0.000, 0.000, 0.000),64.325,VALID,(-0.066, 0.717, 0.694),(-0.032, 0.000, 0.000),0.654,4.197,6.415,0.981,VALID,(-0.274, 0.691, 0.669),(0.032, 0.000, 0.000),0.633,4.037,6.373,0.904,0.297216,0.2185468
335416,1000001931182693800,63875742722073,(-0.063, 1.429, 0.294),(-0.015, -0.049, 0.013, 0.999),VALID,(-0.072, 0.717, 0.694),(0.000, 0.000, 0.000),64.325,VALID,(-0.065, 0.717, 0.694),(-0.032, 0.000, 0.000),0.657,4.215,6.415,0.979,VALID,(-0.274, 0.691, 0.669),(0.032, 0.000, 0.000),0.633,4.037,6.373,0.904,0.2969337,0.1422026
335417,1000001931187696700,63875742722073,(-0.063, 1.429, 0.294),(-0.015, -0.049, 0.013, 0.999),VALID,(-0.073, 0.716, 0.694),(0.000, 0.000, 0.000),64.325,VALID,(-0.067, 0.716, 0.694),(-0.032, 0.000, 0.000),0.662,4.245,6.415,0.978,VALID,(-0.274, 0.690, 0.669),(0.032, 0.000, 0.000),0.633,4.037,6.373,0.905,0.2984865,0.008654335
335418,1000001931192772000,63875742722084,(-0.063, 1.429, 0.294),(-0.015, -0.049, 0.013, 0.999),VALID,(-0.074, 0.716, 0.695),(0.000, 0.000, 0.000),64.325,VALID,(-0.068, 0.716, 0.695),(-0.032, 0.000, 0.000),0.663,4.254,6.415,0.977,VALID,(-0.275, 0.690, 0.670),(0.032, 0.000, 0.000),0.633,4.036,6.373,0.905,0.2996978,0.01420231
335419,1000001931197769800,63875742722084,(-0.063, 1.429, 0.294),(-0.015, -0.049, 0.013, 0.999),VALID,(-0.075, 0.715, 0.695),(0.000, 0.000, 0.000),64.325,VALID,(-0.069, 0.715, 0.695),(-0.032, 0.000, 0.000),0.665,4.265,6.415,0.978,VALID,(-0.275, 0.689, 0.670),(0.032, 0.000, 0.000),0.633,4.036,6.373,0.905,0.3011258,0.01017963
335420,1000001931202772700,63875742722095,(-0.063, 1.429, 0.294),(-0.016, -0.049, 0.013, 0.999),VALID,(-0.076, 0.714, 0.696),(0.000, 0.000, 0.000),64.325,VALID,(-0.071, 0.715, 0.696),(-0.032, 0.000, 0.000),0.666,4.273,6.415,0.977,VALID,(-0.275, 0.689, 0.671),(0.032, 0.000, 0.000),0.633,4.036,6.373,0.905,0.3023909,0.06202023
335421,1000001931207775600,63875742722095,(-0.063, 1.429, 0.294),(-0.016, -0.049, 0.013, 0.999),VALID,(-0.077, 0.714, 0.696),(0.000, 0.000, 0.000),64.325,VALID,(-0.072, 0.714, 0.696),(-0.032, 0.000, 0.000),0.666,4.274,6.415,0.977,VALID,(-0.276, 0.688, 0.671),(0.032, 0.000, 0.000),0.633,4.035,6.373,0.905,0.3034628,0.0496823
335422,1000001931212779600,63875742722106,(-0.063, 1.429, 0.294),(-0.015, -0.049, 0.013, 0.999),VALID,(-0.078, 0.713, 0.696),(0.000, 0.000, 0.000),64.325,VALID,(-0.072, 0.714, 0.697),(-0.032, 0.000, 0.000),0.666,4.274,6.415,0.977,VALID,(-0.276, 0.688, 0.671),(0.032, 0.000, 0.000),0.633,4.035,6.373,0.905,0.3041194,0.065081
335423,1000001931217777400,63875742722107,(-0.063, 1.429, 0.294),(-0.015, -0.049, 0.013, 0.999),VALID,(-0.079, 0.713, 0.697),(0.000, 0.000, 0.000),64.325,VALID,(-0.073, 0.713, 0.697),(-0.032, 0.000, 0.000),0.666,4.274,6.415,0.977,VALID,(-0.276, 0.688, 0.672),(0.032, 0.000, 0.000),0.633,4.034,6.373,0.905,0.3044842,0.06563441
335424,1000001931222780300,63875742722117,(-0.063, 1.429, 0.294),(-0.015, -0.049, 0.013, 0.999),VALID,(-0.079, 0.713, 0.697),(0.000, 0.000, 0.000),64.325,VALID,(-0.073, 0.713, 0.697),(-0.032, 0.000, 0.000),0.666,4.274,6.415,0.977,VALID,(-0.276, 0.687, 0.672),(0.032, 0.000, 0.000),0.633,4.033,6.373,0.905,0.3051228,0.03340782
335425,1000001931227816600,63875742722117,(-0.063, 1.429, 0.294),(-0.015, -0.049, 0.013, 0.999),VALID,(-0.080, 0.713, 0.697),(0.000, 0.000, 0.000),64.325,VALID,(-0.074, 0.713, 0.697),(-0.032, 0.000, 0.000),0.666,4.274,6.415,0.978,VALID,(-0.276, 0.687, 0.672),(0.032, 0.000, 0.000),0.633,4.033,6.373,0.905,0.3060147,0.1926374
335426,1000001931232814400,63875742722128,(-0.063, 1.429, 0.293),(-0.015, -0.049, 0.013, 0.999),VALID,(-0.080, 0.712, 0.697),(0.000, 0.000, 0.000),64.325,VALID,(-0.075, 0.713, 0.697),(-0.032, 0.000, 0.000),0.666,4.274,6.415,0.976,VALID,(-0.276, 0.687, 0.672),(0.032, 0.000, 0.000),0.633,4.034,6.373,0.905,0.3072436,0.2020728
335427,1000001931237820500,63875742722128,(-0.063, 1.429, 0.293),(-0.015, -0.049, 0.013, 0.999),VALID,(-0.081, 0.712, 0.697),(0.000, 0.000, 0.000),64.325,VALID,(-0.076, 0.713, 0.697),(-0.032, 0.000, 0.000),0.666,4.272,6.415,0.977,VALID,(-0.276, 0.687, 0.672),(0.032, 0.000, 0.000),0.633,4.034,6.373,0.905,0.3082657,0.2362288
335428,1000001931242818300,63875742722139,(-0.063, 1.429, 0.293),(-0.015, -0.049, 0.013, 0.999),VALID,(-0.081, 0.712, 0.697),(0.000, 0.000, 0.000),64.325,VALID,(-0.077, 0.713, 0.697),(-0.032, 0.000, 0.000),0.665,4.269,6.415,0.977,VALID,(-0.276, 0.687, 0.672),(0.032, 0.000, 0.000),0.633,4.034,6.373,0.905,0.3094326,0.2456496
335429,1000001931248025300,63875742722139,(-0.063, 1.429, 0.293),(-0.015, -0.049, 0.013, 0.999),VALID,(-0.082, 0.712, 0.697),(0.000, 0.000, 0.000),64.325,VALID,(-0.077, 0.713, 0.697),(-0.032, 0.000, 0.000),0.665,4.267,6.415,0.977,VALID,(-0.277, 0.687, 0.672),(0.032, 0.000, 0.000),0.633,4.035,6.373,0.906,0.3105401,0.2679061
335430,1000001931253004700,63875742722151,(-0.063, 1.430, 0.293),(-0.015, -0.049, 0.013, 0.999),VALID,(-0.082, 0.712, 0.697),(0.000, 0.000, 0.000),64.325,VALID,(-0.078, 0.712, 0.697),(-0.032, 0.000, 0.000),0.665,4.265,6.415,0.977,VALID,(-0.277, 0.687, 0.672),(0.032, 0.000, 0.000),0.634,4.037,6.373,0.906,0.3117119,0.2627525
335431,1000001931257865000,63875742722151,(-0.063, 1.430, 0.293),(-0.015, -0.049, 0.013, 0.999),VALID,(-0.083, 0.712, 0.697),(0.000, 0.000, 0.000),64.325,VALID,(-0.079, 0.712, 0.697),(-0.032, 0.000, 0.000),0.665,4.265,6.415,0.977,VALID,(-0.277, 0.687, 0.672),(0.032, 0.000, 0.000),0.634,4.039,6.373,0.906,0.3127546,0.5007852
335432,1000001931262915000,63875742722151,(-0.063, 1.430, 0.293),(-0.015, -0.049, 0.013, 0.999),VALID,(-0.084, 0.712, 0.697),(0.000, 0.000, 0.000),64.325,VALID,(-0.080, 0.712, 0.697),(-0.032, 0.000, 0.000),0.665,4.266,6.415,0.976,VALID,(-0.277, 0.687, 0.672),(0.032, 0.000, 0.000),0.634,4.041,6.373,0.906,0.3140361,0.5578009
335433,1000001931267911700,63875742722161,(-0.063, 1.430, 0.293),(-0.015, -0.049, 0.013, 0.999),VALID,(-0.084, 0.712, 0.697),(0.000, 0.000, 0.000),64.325,VALID,(-0.081, 0.712, 0.697),(-0.032, 0.000, 0.000),0.665,4.267,6.415,0.976,VALID,(-0.277, 0.687, 0.672),(0.032, 0.000, 0.000),0.634,4.041,6.373,0.906,0.3150882,0.5889283
335434,1000001931272921300,63875742722161,(-0.063, 1.430, 0.293),(-0.015, -0.049, 0.013, 0.999),VALID,(-0.085, 0.712, 0.697),(0.000, 0.000, 0.000),64.325,VALID,(-0.082, 0.712, 0.697),(-0.032, 0.000, 0.000),0.665,4.269,6.415,0.976,VALID,(-0.277, 0.686, 0.672),(0.032, 0.000, 0.000),0.635,4.044,6.373,0.906,0.3160168,0.671711
335435,1000001931277939500,63875742722172,(-0.064, 1.430, 0.293),(-0.014, -0.049, 0.013, 0.999),VALID,(-0.085, 0.712, 0.697),(0.000, 0.000, 0.000),64.325,VALID,(-0.082, 0.712, 0.697),(-0.032, 0.000, 0.000),0.666,4.271,6.415,0.976,VALID,(-0.277, 0.686, 0.672),(0.032, 0.000, 0.000),0.635,4.045,6.373,0.906,0.3167563,0.7477658
335436,1000001931282941700,63875742722172,(-0.064, 1.430, 0.293),(-0.014, -0.049, 0.013, 0.999),VALID,(-0.084, 0.712, 0.697),(0.000, 0.000, 0.000),64.325,VALID,(-0.081, 0.712, 0.697),(-0.032, 0.000, 0.000),0.657,4.217,6.415,0.977,VALID,(-0.277, 0.687, 0.672),(0.032, 0.000, 0.000),0.635,4.046,6.373,0.906,0.3145381,0.6194034
335437,1000001931287943900,63875742722172,(-0.064, 1.430, 0.293),(-0.014, -0.049, 0.013, 0.999),VALID,(-0.083, 0.713, 0.696),(0.000, 0.000, 0.000),64.325,VALID,(-0.079, 0.713, 0.697),(-0.032, 0.000, 0.000),0.653,4.192,6.415,0.977,VALID,(-0.277, 0.687, 0.671),(0.032, 0.000, 0.000),0.635,4.047,6.373,0.906,0.3124728,0.484791
335438,1000001931292973800,63875742722184,(-0.064, 1.430, 0.293),(-0.014, -0.050, 0.013, 0.999),VALID,(-0.082, 0.714, 0.696),(0.000, 0.000, 0.000),64.325,VALID,(-0.078, 0.714, 0.696),(-0.032, 0.000, 0.000),0.651,4.178,6.415,0.978,VALID,(-0.277, 0.688, 0.671),(0.032, 0.000, 0.000),0.635,4.047,6.373,0.906,0.3110867,0.4605049
335439,1000001931297976000,63875742722184,(-0.064, 1.430, 0.293),(-0.014, -0.050, 0.013, 0.999),VALID,(-0.082, 0.714, 0.696),(0.000, 0.000, 0.000),64.325,VALID,(-0.078, 0.714, 0.696),(-0.032, 0.000, 0.000),0.661,4.243,6.415,0.978,VALID,(-0.277, 0.688, 0.671),(0.032, 0.000, 0.000),0.635,4.047,6.373,0.906,0.3109668,0.1149989
335440,1000001931303014200,63875742722195,(-0.064, 1.430, 0.293),(-0.014, -0.050, 0.013, 0.999),VALID,(-0.081, 0.714, 0.695),(0.000, 0.000, 0.000),64.325,VALID,(-0.078, 0.715, 0.695),(-0.032, 0.000, 0.000),0.660,4.231,6.415,0.978,VALID,(-0.277, 0.689, 0.670),(0.032, 0.000, 0.000),0.636,4.051,6.373,0.906,0.31014,0
335441,1000001931308016400,63875742722195,(-0.064, 1.430, 0.293),(-0.014, -0.050, 0.013, 0.999),VALID,(-0.080, 0.715, 0.695),(0.000, 0.000, 0.000),64.325,VALID,(-0.076, 0.715, 0.695),(-0.032, 0.000, 0.000),0.655,4.201,6.415,0.978,VALID,(-0.277, 0.689, 0.670),(0.032, 0.000, 0.000),0.636,4.054,6.373,0.906,0.308443,0
335442,1000001931313026700,63875742722206,(-0.064, 1.430, 0.293),(-0.014, -0.050, 0.013, 0.999),VALID,(-0.078, 0.716, 0.694),(0.000, 0.000, 0.000),64.325,VALID,(-0.075, 0.716, 0.694),(-0.032, 0.000, 0.000),0.652,4.183,6.415,0.978,VALID,(-0.277, 0.690, 0.669),(0.032, 0.000, 0.000),0.636,4.055,6.373,0.906,0.3059778,0
335443,1000001931318028900,63875742722206,(-0.064, 1.430, 0.293),(-0.014, -0.050, 0.013, 0.999),VALID,(-0.079, 0.715, 0.695),(0.000, 0.000, 0.000),64.325,VALID,(-0.075, 0.715, 0.695),(-0.032, 0.000, 0.000),0.675,4.332,6.415,0.978,VALID,(-0.277, 0.689, 0.669),(0.032, 0.000, 0.000),0.636,4.056,6.373,0.906,0.306691,0
335444,1000001931323039200,63875742722217,(-0.064, 1.430, 0.293),(-0.014, -0.050, 0.013, 0.999),VALID,(-0.080, 0.715, 0.695),(0.000, 0.000, 0.000),64.325,VALID,(-0.076, 0.715, 0.695),(-0.032, 0.000, 0.000),0.679,4.354,6.415,0.978,VALID,(-0.277, 0.689, 0.670),(0.032, 0.000, 0.000),0.636,4.056,6.373,0.906,0.3072244,0
335445,1000001931328041400,63875742722217,(-0.064, 1.430, 0.293),(-0.014, -0.050, 0.013, 0.999),VALID,(-0.080, 0.714, 0.695),(0.000, 0.000, 0.000),64.325,VALID,(-0.077, 0.714, 0.695),(-0.032, 0.000, 0.000),0.679,4.358,6.415,0.980,VALID,(-0.278, 0.688, 0.670),(0.032, 0.000, 0.000),0.637,4.057,6.373,0.906,0.3075767,0
335446,1000001931333052800,63875742722229,(-0.064, 1.430, 0.293),(-0.014, -0.050, 0.013, 0.999),VALID,(-0.080, 0.714, 0.695),(0.000, 0.000, 0.000),64.325,VALID,(-0.076, 0.714, 0.696),(-0.032, 0.000, 0.000),0.671,4.308,6.415,0.980,VALID,(-0.278, 0.688, 0.670),(0.032, 0.000, 0.000),0.637,4.057,6.373,0.906,0.3072615,0
335447,1000001931338086800,63875742722229,(-0.064, 1.430, 0.293),(-0.014, -0.050, 0.013, 0.999),VALID,(-0.080, 0.714, 0.695),(0.000, 0.000, 0.000),64.325,VALID,(-0.077, 0.714, 0.696),(-0.032, 0.000, 0.000),0.670,4.297,6.415,0.979,VALID,(-0.278, 0.688, 0.670),(0.032, 0.000, 0.000),0.637,4.057,6.373,0.906,0.3071104,0
335448,1000001931343097100,63875742722240,(-0.064, 1.430, 0.293),(-0.013, -0.050, 0.013, 0.999),VALID,(-0.080, 0.714, 0.695),(0.000, 0.000, 0.000),64.325,VALID,(-0.077, 0.714, 0.696),(-0.032, 0.000, 0.000),0.670,4.296,6.415,0.979,VALID,(-0.278, 0.688, 0.670),(0.032, 0.000, 0.000),0.637,4.057,6.373,0.906,0.3068827,0
335449,1000001931348176400,63875742722240,(-0.064, 1.430, 0.293),(-0.013, -0.050, 0.013, 0.999),VALID,(-0.080, 0.714, 0.696),(0.000, 0.000, 0.000),64.325,VALID,(-0.077, 0.714, 0.696),(-0.032, 0.000, 0.000),0.670,4.296,6.415,0.980,VALID,(-0.278, 0.688, 0.670),(0.032, 0.000, 0.000),0.636,4.056,6.373,0.906,0.306787,0
335450,1000001931353178600,63875742722240,(-0.064, 1.430, 0.293),(-0.013, -0.050, 0.013, 0.999),VALID,(-0.080, 0.714, 0.695),(0.000, 0.000, 0.000),64.325,VALID,(-0.077, 0.714, 0.696),(-0.032, 0.000, 0.000),0.670,4.297,6.415,0.979,VALID,(-0.278, 0.688, 0.670),(0.032, 0.000, 0.000),0.636,4.056,6.373,0.906,0.30654,0
335451,1000001931358188900,63875742722250,(-0.064, 1.430, 0.293),(-0.013, -0.050, 0.013, 0.999),VALID,(-0.081, 0.714, 0.695),(0.000, 0.000, 0.000),64.325,VALID,(-0.077, 0.714, 0.696),(-0.032, 0.000, 0.000),0.671,4.303,6.415,0.980,VALID,(-0.279, 0.688, 0.670),(0.032, 0.000, 0.000),0.636,4.056,6.373,0.906,0.3061473,0
335452,1000001931363182500,63875742722250,(-0.064, 1.430, 0.293),(-0.013, -0.050, 0.013, 0.999),VALID,(-0.081, 0.714, 0.695),(0.000, 0.000, 0.000),64.325,VALID,(-0.077, 0.714, 0.696),(-0.032, 0.000, 0.000),0.672,4.310,6.415,0.980,VALID,(-0.279, 0.688, 0.670),(0.032, 0.000, 0.000),0.636,4.055,6.373,0.905,0.3058344,0
335453,1000001931368153300,63875742722262,(-0.064, 1.430, 0.293),(-0.013, -0.050, 0.013, 0.999),VALID,(-0.081, 0.714, 0.695),(0.000, 0.000, 0.000),64.325,VALID,(-0.077, 0.714, 0.696),(-0.032, 0.000, 0.000),0.674,4.323,6.415,0.981,VALID,(-0.279, 0.688, 0.670),(0.032, 0.000, 0.000),0.636,4.054,6.373,0.905,0.3058186,0
335454,1000001931373168800,63875742722262,(-0.064, 1.430, 0.293),(-0.013, -0.050, 0.013, 0.999),VALID,(-0.082, 0.714, 0.695),(0.000, 0.000, 0.000),64.325,VALID,(-0.077, 0.714, 0.696),(-0.032, 0.000, 0.000),0.674,4.324,6.415,0.981,VALID,(-0.279, 0.688, 0.670),(0.032, 0.000, 0.000),0.636,4.054,6.373,0.905,0.3055958,0
335455,1000001931378190900,63875742722273,(-0.064, 1.430, 0.293),(-0.013, -0.050, 0.013, 0.999),VALID,(-0.082, 0.714, 0.695),(0.000, 0.000, 0.000),64.325,VALID,(-0.076, 0.714, 0.696),(-0.032, 0.000, 0.000),0.675,4.333,6.415,0.982,VALID,(-0.279, 0.688, 0.670),(0.032, 0.000, 0.000),0.636,4.053,6.373,0.905,0.3054943,0
335456,1000001931383203800,63875742722273,(-0.064, 1.430, 0.293),(-0.013, -0.050, 0.013, 0.999),VALID,(-0.083, 0.714, 0.695),(0.000, 0.000, 0.000),64.325,VALID,(-0.076, 0.714, 0.696),(-0.032, 0.000, 0.000),0.675,4.333,6.415,0.983,VALID,(-0.278, 0.688, 0.670),(0.032, 0.000, 0.000),0.636,4.053,6.373,0.905,0.305055,0
335457,1000001931388221700,63875742722273,(-0.064, 1.430, 0.293),(-0.013, -0.050, 0.013, 0.999),VALID,(-0.083, 0.714, 0.695),(0.000, 0.000, 0.000),64.325,VALID,(-0.075, 0.714, 0.696),(-0.032, 0.000, 0.000),0.676,4.335,6.415,0.983,VALID,(-0.278, 0.688, 0.670),(0.032, 0.000, 0.000),0.636,4.053,6.373,0.904,0.3047367,0
335458,1000001931393274500,63875742722284,(-0.064, 1.430, 0.293),(-0.013, -0.050, 0.013, 0.999),VALID,(-0.084, 0.714, 0.696),(0.000, 0.000, 0.000),64.325,VALID,(-0.075, 0.714, 0.696),(-0.032, 0.000, 0.000),0.677,4.340,6.415,0.983,VALID,(-0.278, 0.688, 0.670),(0.032, 0.000, 0.000),0.636,4.053,6.373,0.904,0.3042641,0
335459,1000001931398293700,63875742722284,(-0.064, 1.430, 0.293),(-0.013, -0.050, 0.013, 0.999),VALID,(-0.084, 0.713, 0.696),(0.000, 0.000, 0.000),64.325,VALID,(-0.075, 0.714, 0.696),(-0.032, 0.000, 0.000),0.677,4.345,6.415,0.984,VALID,(-0.278, 0.688, 0.671),(0.032, 0.000, 0.000),0.636,4.053,6.373,0.904,0.3037032,0
335460,1000001931403314300,63875742722295,(-0.064, 1.430, 0.293),(-0.013, -0.050, 0.012, 0.999),VALID,(-0.084, 0.713, 0.696),(0.000, 0.000, 0.000),64.325,VALID,(-0.074, 0.714, 0.696),(-0.032, 0.000, 0.000),0.678,4.348,6.415,0.984,VALID,(-0.278, 0.688, 0.671),(0.032, 0.000, 0.000),0.636,4.054,6.373,0.904,0.3031887,0.02994955
335461,1000001931408310800,63875742722295,(-0.064, 1.430, 0.293),(-0.013, -0.050, 0.012, 0.999),VALID,(-0.085, 0.713, 0.696),(0.000, 0.000, 0.000),64.325,VALID,(-0.074, 0.714, 0.697),(-0.032, 0.000, 0.000),0.678,4.349,6.415,0.984,VALID,(-0.278, 0.687, 0.671),(0.032, 0.000, 0.000),0.636,4.054,6.373,0.904,0.3028201,0.05474713
335462,1000001931413287700,63875742722306,(-0.064, 1.430, 0.293),(-0.013, -0.050, 0.012, 0.999),VALID,(-0.085, 0.713, 0.696),(0.000, 0.000, 0.000),64.325,VALID,(-0.073, 0.714, 0.697),(-0.032, 0.000, 0.000),0.678,4.351,6.415,0.985,VALID,(-0.278, 0.687, 0.671),(0.032, 0.000, 0.000),0.636,4.054,6.373,0.904,0.3024346,0.4642233
335463,1000001931418306900,63875742722306,(-0.064, 1.430, 0.293),(-0.013, -0.050, 0.012, 0.999),VALID,(-0.086, 0.713, 0.696),(0.000, 0.000, 0.000),64.325,VALID,(-0.073, 0.713, 0.697),(-0.032, 0.000, 0.000),0.678,4.352,6.415,0.985,VALID,(-0.277, 0.687, 0.671),(0.032, 0.000, 0.000),0.636,4.055,6.373,0.904,0.302141,0.4572299
335464,1000001931423472200,63875742722317,(-0.064, 1.430, 0.293),(-0.013, -0.050, 0.012, 0.999),VALID,(-0.086, 0.712, 0.697),(0.000, 0.000, 0.000),64.325,VALID,(-0.072, 0.713, 0.697),(-0.032, 0.000, 0.000),0.679,4.356,6.415,0.985,VALID,(-0.277, 0.687, 0.672),(0.032, 0.000, 0.000),0.636,4.056,6.373,0.904,0.3018727,0.4680108
335465,1000001931428492800,63875742722317,(-0.064, 1.430, 0.293),(-0.013, -0.050, 0.012, 0.999),VALID,(-0.086, 0.712, 0.697),(0.000, 0.000, 0.000),64.325,VALID,(-0.072, 0.713, 0.698),(-0.032, 0.000, 0.000),0.679,4.359,6.415,0.985,VALID,(-0.277, 0.687, 0.672),(0.032, 0.000, 0.000),0.637,4.057,6.373,0.904,0.3016789,0.6473876
335466,1000001931433326500,63875742722328,(-0.064, 1.430, 0.293),(-0.013, -0.049, 0.012, 0.999),VALID,(-0.087, 0.712, 0.697),(0.000, 0.000, 0.000),64.325,VALID,(-0.072, 0.713, 0.698),(-0.032, 0.000, 0.000),0.680,4.361,6.415,0.984,VALID,(-0.277, 0.687, 0.672),(0.032, 0.000, 0.000),0.637,4.057,6.373,0.904,0.3015795,0.6686919
335467,1000001931438345100,63875742722329,(-0.064, 1.430, 0.293),(-0.013, -0.049, 0.012, 0.999),VALID,(-0.087, 0.711, 0.697),(0.000, 0.000, 0.000),64.325,VALID,(-0.071, 0.712, 0.698),(-0.032, 0.000, 0.000),0.680,4.365,6.415,0.985,VALID,(-0.276, 0.686, 0.673),(0.032, 0.000, 0.000),0.637,4.057,6.373,0.904,0.3015906,0.6919097
335468,1000001931443360900,63875742722329,(-0.064, 1.430, 0.293),(-0.013, -0.049, 0.012, 0.999),VALID,(-0.087, 0.711, 0.698),(0.000, 0.000, 0.000),64.325,VALID,(-0.071, 0.712, 0.698),(-0.032, 0.000, 0.000),0.681,4.366,6.415,0.985,VALID,(-0.276, 0.686, 0.673),(0.032, 0.000, 0.000),0.637,4.058,6.373,0.904,0.3014462,0.7034829
335469,1000001931448380500,63875742722339,(-0.064, 1.431, 0.293),(-0.013, -0.049, 0.012, 0.999),VALID,(-0.087, 0.711, 0.698),(0.000, 0.000, 0.000),64.325,VALID,(-0.070, 0.712, 0.699),(-0.032, 0.000, 0.000),0.681,4.366,6.415,0.985,VALID,(-0.276, 0.686, 0.673),(0.032, 0.000, 0.000),0.637,4.058,6.373,0.904,0.3012075,0.7123616
335470,1000001931453400100,63875742722339,(-0.064, 1.431, 0.293),(-0.013, -0.049, 0.012, 0.999),VALID,(-0.088, 0.711, 0.698),(0.000, 0.000, 0.000),64.325,VALID,(-0.070, 0.712, 0.699),(-0.032, 0.000, 0.000),0.682,4.374,6.415,0.985,VALID,(-0.276, 0.686, 0.673),(0.032, 0.000, 0.000),0.637,4.058,6.373,0.904,0.3007659,0.7587102
335471,1000001931458419700,63875742722350,(-0.064, 1.430, 0.293),(-0.013, -0.049, 0.012, 0.999),VALID,(-0.087, 0.711, 0.698),(0.000, 0.000, 0.000),64.325,VALID,(-0.066, 0.712, 0.699),(-0.032, 0.000, 0.000),0.672,4.312,6.415,0.986,VALID,(-0.275, 0.686, 0.673),(0.032, 0.000, 0.000),0.637,4.058,6.373,0.904,0.296217,0.5980926
335472,1000001931463435500,63875742722350,(-0.064, 1.430, 0.293),(-0.013, -0.049, 0.012, 0.999),VALID,(-0.086, 0.711, 0.698),(0.000, 0.000, 0.000),64.325,VALID,(-0.061, 0.713, 0.699),(-0.032, 0.000, 0.000),0.665,4.265,6.415,0.986,VALID,(-0.275, 0.686, 0.673),(0.032, 0.000, 0.000),0.637,4.058,6.373,0.904,0.290099,0.6071599
335473,1000001931468455100,63875742722361,(-0.064, 1.430, 0.293),(-0.013, -0.049, 0.012, 0.999),VALID,(-0.086, 0.712, 0.697),(0.000, 0.000, 0.000),64.325,VALID,(-0.057, 0.713, 0.699),(-0.032, 0.000, 0.000),0.663,4.252,6.415,0.986,VALID,(-0.275, 0.687, 0.673),(0.032, 0.000, 0.000),0.637,4.058,6.373,0.904,0.2846942,0.6602425
335474,1000001931473470900,63875742722361,(-0.064, 1.430, 0.293),(-0.013, -0.049, 0.012, 0.999),VALID,(-0.085, 0.712, 0.697),(0.000, 0.000, 0.000),64.325,VALID,(-0.054, 0.713, 0.699),(-0.032, 0.000, 0.000),0.667,4.282,6.415,0.987,VALID,(-0.274, 0.687, 0.673),(0.032, 0.000, 0.000),0.637,4.058,6.373,0.904,0.2820155,0.643353
335475,1000001931478420400,63875742722372,(-0.064, 1.430, 0.293),(-0.013, -0.049, 0.012, 0.999),VALID,(-0.085, 0.712, 0.697),(0.000, 0.000, 0.000),64.325,VALID,(-0.053, 0.713, 0.699),(-0.032, 0.000, 0.000),0.672,4.311,6.415,0.987,VALID,(-0.274, 0.687, 0.673),(0.032, 0.000, 0.000),0.637,4.059,6.373,0.904,0.2811721,0.6224305
335476,1000001931483445800,63875742722372,(-0.064, 1.430, 0.293),(-0.013, -0.049, 0.012, 0.999),VALID,(-0.085, 0.712, 0.697),(0.000, 0.000, 0.000),64.325,VALID,(-0.054, 0.713, 0.699),(-0.032, 0.000, 0.000),0.676,4.334,6.415,0.987,VALID,(-0.274, 0.687, 0.673),(0.032, 0.000, 0.000),0.637,4.060,6.373,0.904,0.2820177,0.6315899
335477,1000001931488468200,63875742722384,(-0.064, 1.430, 0.293),(-0.013, -0.049, 0.012, 0.999),VALID,(-0.085, 0.712, 0.697),(0.000, 0.000, 0.000),64.325,VALID,(-0.055, 0.713, 0.699),(-0.032, 0.000, 0.000),0.678,4.349,6.415,0.986,VALID,(-0.274, 0.687, 0.673),(0.032, 0.000, 0.000),0.637,4.061,6.373,0.904,0.283365,0.5941278
335478,1000001931493489200,63875742722384,(-0.064, 1.430, 0.293),(-0.013, -0.049, 0.012, 0.999),VALID,(-0.085, 0.712, 0.698),(0.000, 0.000, 0.000),64.325,VALID,(-0.055, 0.713, 0.699),(-0.032, 0.000, 0.000),0.679,4.355,6.415,0.987,VALID,(-0.273, 0.687, 0.673),(0.032, 0.000, 0.000),0.637,4.061,6.373,0.904,0.284445,0.5830356
335479,1000001931498464300,63875742722384,(-0.064, 1.430, 0.293),(-0.013, -0.049, 0.012, 0.999),VALID,(-0.085, 0.711, 0.698),(0.000, 0.000, 0.000),64.325,VALID,(-0.056, 0.713, 0.699),(-0.032, 0.000, 0.000),0.679,4.357,6.415,0.987,VALID,(-0.273, 0.687, 0.673),(0.032, 0.000, 0.000),0.637,4.062,6.373,0.904,0.2853566,0.5813025
335480,1000001931503483900,63875742722395,(-0.064, 1.430, 0.293),(-0.013, -0.049, 0.012, 0.999),VALID,(-0.085, 0.711, 0.698),(0.000, 0.000, 0.000),64.325,VALID,(-0.057, 0.713, 0.699),(-0.032, 0.000, 0.000),0.679,4.358,6.415,0.987,VALID,(-0.273, 0.687, 0.674),(0.032, 0.000, 0.000),0.637,4.062,6.373,0.904,0.286311,0.580697
335481,1000001931508503500,63875742722395,(-0.064, 1.430, 0.293),(-0.013, -0.049, 0.012, 0.999),VALID,(-0.085, 0.711, 0.698),(0.000, 0.000, 0.000),64.325,VALID,(-0.057, 0.713, 0.699),(-0.032, 0.000, 0.000),0.680,4.361,6.415,0.987,VALID,(-0.273, 0.687, 0.674),(0.032, 0.000, 0.000),0.637,4.062,6.373,0.904,0.2871173,0.5943932
335482,1000001931513532500,63875742722405,(-0.064, 1.430, 0.293),(-0.013, -0.049, 0.012, 0.999),VALID,(-0.085, 0.711, 0.698),(0.000, 0.000, 0.000),64.325,VALID,(-0.057, 0.713, 0.699),(-0.032, 0.000, 0.000),0.681,4.366,6.415,0.987,VALID,(-0.273, 0.687, 0.674),(0.032, 0.000, 0.000),0.637,4.062,6.373,0.904,0.2878697,0.6041322
335483,1000001931518550800,63875742722405,(-0.064, 1.430, 0.293),(-0.013, -0.049, 0.012, 0.999),VALID,(-0.085, 0.711, 0.698),(0.000, 0.000, 0.000),64.325,VALID,(-0.058, 0.713, 0.699),(-0.032, 0.000, 0.000),0.681,4.367,6.415,0.986,VALID,(-0.273, 0.687, 0.674),(0.032, 0.000, 0.000),0.637,4.062,6.373,0.904,0.288482,0.5821354
335484,1000001931523582900,63875742722417,(-0.064, 1.430, 0.293),(-0.013, -0.049, 0.011, 0.999),VALID,(-0.086, 0.711, 0.698),(0.000, 0.000, 0.000),64.325,VALID,(-0.058, 0.712, 0.699),(-0.032, 0.000, 0.000),0.681,4.368,6.415,0.986,VALID,(-0.273, 0.687, 0.674),(0.032, 0.000, 0.000),0.637,4.062,6.373,0.904,0.2890111,0.5565074
335485,1000001931528601200,63875742722417,(-0.064, 1.430, 0.293),(-0.013, -0.049, 0.011, 0.999),VALID,(-0.086, 0.711, 0.698),(0.000, 0.000, 0.000),64.325,VALID,(-0.058, 0.712, 0.699),(-0.032, 0.000, 0.000),0.681,4.369,6.415,0.986,VALID,(-0.273, 0.686, 0.674),(0.032, 0.000, 0.000),0.637,4.062,6.373,0.904,0.2894926,0.5627931
335486,1000001931533620800,63875742722428,(-0.064, 1.430, 0.293),(-0.013, -0.049, 0.011, 0.999),VALID,(-0.086, 0.711, 0.698),(0.000, 0.000, 0.000),64.325,VALID,(-0.059, 0.712, 0.700),(-0.032, 0.000, 0.000),0.681,4.370,6.415,0.986,VALID,(-0.273, 0.686, 0.674),(0.032, 0.000, 0.000),0.637,4.057,6.373,0.904,0.2899027,0.5454397
335487,1000001931538640400,63875742722428,(-0.064, 1.430, 0.293),(-0.013, -0.049, 0.011, 0.999),VALID,(-0.086, 0.711, 0.698),(0.000, 0.000, 0.000),64.325,VALID,(-0.059, 0.712, 0.700),(-0.032, 0.000, 0.000),0.681,4.370,6.415,0.986,VALID,(-0.273, 0.686, 0.674),(0.032, 0.000, 0.000),0.636,4.054,6.373,0.903,0.2902323,0.559424
335488,1000001931543589100,63875742722439,(-0.064, 1.430, 0.293),(-0.013, -0.049, 0.011, 0.999),VALID,(-0.086, 0.711, 0.698),(0.000, 0.000, 0.000),64.325,VALID,(-0.059, 0.712, 0.700),(-0.032, 0.000, 0.000),0.680,4.365,6.415,0.986,VALID,(-0.273, 0.686, 0.674),(0.032, 0.000, 0.000),0.636,4.052,6.373,0.903,0.2904762,0.562667
335489,1000001931548607400,63875742722439,(-0.064, 1.430, 0.293),(-0.013, -0.049, 0.011, 0.999),VALID,(-0.086, 0.710, 0.699),(0.000, 0.000, 0.000),64.325,VALID,(-0.059, 0.712, 0.700),(-0.032, 0.000, 0.000),0.682,4.374,6.415,0.986,VALID,(-0.273, 0.686, 0.675),(0.032, 0.000, 0.000),0.636,4.051,6.373,0.903,0.2908089,0.5061345
335490,1000001931553609500,63875742722439,(-0.064, 1.430, 0.293),(-0.013, -0.049, 0.011, 0.999),VALID,(-0.087, 0.710, 0.699),(0.000, 0.000, 0.000),64.325,VALID,(-0.060, 0.711, 0.701),(-0.032, 0.000, 0.000),0.684,4.390,6.415,0.986,VALID,(-0.273, 0.685, 0.675),(0.032, 0.000, 0.000),0.636,4.051,6.373,0.903,0.2914931,0.602428
335491,1000001931558638800,63875742722451,(-0.064, 1.430, 0.293),(-0.012, -0.049, 0.011, 0.999),VALID,(-0.088, 0.709, 0.700),(0.000, 0.000, 0.000),64.325,VALID,(-0.061, 0.711, 0.701),(-0.032, 0.000, 0.000),0.685,4.396,6.415,0.987,VALID,(-0.273, 0.685, 0.676),(0.032, 0.000, 0.000),0.636,4.050,6.373,0.903,0.2923173,0.6432369
335492,1000001931563659800,63875742722451,(-0.064, 1.430, 0.293),(-0.012, -0.049, 0.011, 0.999),VALID,(-0.089, 0.709, 0.700),(0.000, 0.000, 0.000),64.325,VALID,(-0.062, 0.711, 0.701),(-0.032, 0.000, 0.000),0.686,4.401,6.415,0.987,VALID,(-0.273, 0.685, 0.676),(0.032, 0.000, 0.000),0.636,4.051,6.373,0.903,0.2933578,0.594751
335493,1000001931568642800,63875742722462,(-0.064, 1.430, 0.293),(-0.012, -0.049, 0.011, 0.999),VALID,(-0.097, 0.703, 0.704),(0.000, 0.000, 0.000),64.325,VALID,(-0.063, 0.705, 0.706),(-0.032, 0.000, 0.000),0.693,4.445,6.415,0.987,VALID,(-0.275, 0.679, 0.680),(0.032, 0.000, 0.000),0.641,4.084,6.373,0.903,0.2926307,0
335494,1000001931573673400,63875742722462,(-0.064, 1.430, 0.293),(-0.012, -0.049, 0.011, 0.999),VALID,(-0.159, 0.520, 0.839),(0.000, 0.000, 0.000),64.325,VALID,(-0.075, 0.525, 0.848),(-0.032, 0.000, 0.000),0.704,4.517,6.415,0.988,VALID,(-0.320, 0.499, 0.806),(0.032, 0.000, 0.000),0.642,4.091,6.373,0.903,0.2497328,0
335495,1000001931578752900,63875742722473,(-0.064, 1.430, 0.293),(-0.012, -0.048, 0.011, 0.999),VALID,(-0.201, 0.354, 0.913),(0.000, 0.000, 0.000),64.325,VALID,(-0.067, 0.361, 0.930),(-0.032, 0.000, 0.000),0.735,4.713,6.415,0.985,VALID,(-0.329, 0.342, 0.880),(0.032, 0.000, 0.000),0.652,4.153,6.373,0.902,0.2325984,0
335496,1000001931583778300,63875742722473,(-0.064, 1.430, 0.293),(-0.012, -0.048, 0.011, 0.999),VALID,(-0.217, 0.265, 0.940),(0.000, 0.000, 0.000),64.325,VALID,(-0.055, 0.271, 0.961),(-0.032, 0.000, 0.000),0.740,4.746,6.415,0.984,VALID,(-0.311, 0.258, 0.915),(0.032, 0.000, 0.000),0.637,4.058,6.373,0.902,0.2408008,0
335497,1000001931588806200,63875742722484,(-0.064, 1.430, 0.293),(-0.012, -0.048, 0.011, 0.999),VALID,(-0.213, 0.223, 0.951),(0.000, 0.000, 0.000),64.325,VALID,(-0.072, 0.260, 0.963),(-0.032, 0.000, 0.000),0.744,4.772,6.415,0.984,VALID,(-0.276, 0.219, 0.936),(0.032, 0.000, 0.000),0.627,3.994,6.373,0.903,0.2962317,0
335498,1000001931593831600,63875742722484,(-0.064, 1.430, 0.293),(-0.012, -0.048, 0.011, 0.999),VALID,(-0.201, 0.200, 0.959),(0.000, 0.000, 0.000),64.325,VALID,(-0.112, 0.254, 0.961),(-0.032, 0.000, 0.000),0.744,4.773,6.415,0.985,VALID,(-0.232, 0.199, 0.952),(0.032, 0.000, 0.000),0.622,3.965,6.373,0.903,0.4376991,0
335499,1000001931598713000,63875742722495,(-0.064, 1.430, 0.293),(-0.012, -0.048, 0.011, 0.999),VALID,(-0.188, 0.191, 0.963),(0.000, 0.000, 0.000),64.325,VALID,(-0.151, 0.251, 0.956),(-0.032, 0.000, 0.000),0.743,4.769,6.415,0.985,VALID,(-0.186, 0.191, 0.964),(0.032, 0.000, 0.000),0.622,3.967,6.373,0.903,0.4602057,0
335500,1000001931603740900,63875742722506,(-0.064, 1.430, 0.293),(-0.012, -0.048, 0.011, 0.999),VALID,(-0.182, 0.174, 0.968),(0.000, 0.000, 0.000),64.325,VALID,(-0.180, 0.248, 0.952),(-0.032, 0.000, 0.000),0.742,4.758,6.415,0.985,VALID,(-0.143, 0.175, 0.974),(0.032, 0.000, 0.000),0.616,3.925,6.373,0.904,2,0
335501,1000001931608768700,63875742722507,(-0.064, 1.430, 0.293),(-0.012, -0.048, 0.011, 0.999),VALID,(-0.176, 0.140, 0.974),(0.000, 0.000, 0.000),64.325,VALID,(-0.144, 0.201, 0.969),(-0.032, 0.000, 0.000),0.619,3.973,6.415,0.985,VALID,(-0.125, 0.141, 0.982),(0.032, 0.000, 0.000),0.610,3.890,6.373,0.905,2,0
335502,1000001931613796600,63875742722518,(-0.064, 1.430, 0.293),(-0.012, -0.048, 0.011, 0.999),VALID,(-0.154, 0.124, 0.980),(0.000, 0.000, 0.000),64.325,VALID,(-0.126, 0.176, 0.976),(-0.032, 0.000, 0.000),0.624,4.002,6.415,0.984,VALID,(-0.096, 0.125, 0.987),(0.032, 0.000, 0.000),0.609,3.882,6.373,0.906,2,0
335503,1000001931618824500,63875742722518,(-0.064, 1.430, 0.293),(-0.012, -0.048, 0.011, 0.999),VALID,(-0.122, 0.115, 0.986),(0.000, 0.000, 0.000),64.325,VALID,(-0.062, 0.141, 0.988),(-0.032, 0.000, 0.000),0.602,3.860,6.415,0.982,VALID,(-0.067, 0.116, 0.991),(0.032, 0.000, 0.000),0.606,3.862,6.373,0.908,2,0
335504,1000001931623855100,63875742722518,(-0.064, 1.430, 0.293),(-0.012, -0.048, 0.011, 0.999),VALID,(-0.097, 0.099, 0.990),(0.000, 0.000, 0.000),64.325,VALID,(0.001, 0.126, 0.992),(-0.032, 0.000, 0.000),0.603,3.870,6.415,0.979,VALID,(-0.056, 0.100, 0.993),(0.032, 0.000, 0.000),0.602,3.838,6.373,0.909,0.922278,0
335505,1000001931628883000,63875742722518,(-0.064, 1.430, 0.293),(-0.012, -0.048, 0.011, 0.999),VALID,(-0.066, 0.087, 0.994),(0.000, 0.000, 0.000),64.325,VALID,(0.065, 0.122, 0.990),(-0.032, 0.000, 0.000),0.566,3.630,6.415,0.975,VALID,(-0.033, 0.087, 0.996),(0.032, 0.000, 0.000),0.601,3.829,6.373,0.910,0.5778913,0
335506,1000001931633913600,63875742722529,(-0.064, 1.430, 0.293),(-0.012, -0.048, 0.010, 0.999),VALID,(-0.036, 0.078, 0.996),(0.000, 0.000, 0.000),64.325,VALID,(0.106, 0.122, 0.987),(-0.032, 0.000, 0.000),0.568,3.646,6.415,0.971,VALID,(-0.011, 0.078, 0.997),(0.032, 0.000, 0.000),0.601,3.828,6.373,0.912,0.4737002,0
335507,1000001931638941500,63875742722529,(-0.064, 1.430, 0.293),(-0.012, -0.048, 0.010, 0.999),VALID,(-0.014, 0.072, 0.997),(0.000, 0.000, 0.000),64.325,VALID,(0.129, 0.124, 0.984),(-0.032, 0.000, 0.000),0.576,3.694,6.415,0.966,VALID,(0.004, 0.072, 0.997),(0.032, 0.000, 0.000),0.601,3.830,6.373,0.914,0.4316345,0
335508,1000001931643972100,63875742722529,(-0.064, 1.430, 0.293),(-0.012, -0.048, 0.010, 0.999),VALID,(0.002, 0.068, 0.998),(0.000, 0.000, 0.000),64.325,VALID,(0.141, 0.128, 0.982),(-0.032, 0.000, 0.000),0.590,3.783,6.415,0.962,VALID,(0.013, 0.068, 0.998),(0.032, 0.000, 0.000),0.602,3.834,6.373,0.915,0.4077889,0
335509,1000001931649000000,63875742722540,(-0.064, 1.430, 0.293),(-0.012, -0.048, 0.010, 0.999),VALID,(0.012, 0.066, 0.998),(0.000, 0.000, 0.000),64.325,VALID,(0.147, 0.130, 0.981),(-0.032, 0.000, 0.000),0.594,3.811,6.415,0.960,VALID,(0.020, 0.066, 0.998),(0.032, 0.000, 0.000),0.602,3.836,6.373,0.917,0.3970879,0
335510,1000001931653909000,63875742722540,(-0.064, 1.430, 0.293),(-0.012, -0.048, 0.010, 0.999),VALID,(0.019, 0.065, 0.998),(0.000, 0.000, 0.000),64.325,VALID,(0.150, 0.131, 0.980),(-0.032, 0.000, 0.000),0.595,3.820,6.415,0.956,VALID,(0.025, 0.065, 0.998),(0.032, 0.000, 0.000),0.602,3.838,6.373,0.918,0.3921276,0
335511,1000001931658912800,63875742722551,(-0.064, 1.430, 0.293),(-0.012, -0.048, 0.010, 0.999),VALID,(0.025, 0.064, 0.998),(0.000, 0.000, 0.000),64.325,VALID,(0.152, 0.132, 0.980),(-0.032, 0.000, 0.000),0.596,3.824,6.415,0.954,VALID,(0.028, 0.064, 0.998),(0.032, 0.000, 0.000),0.602,3.839,6.373,0.920,0.3892875,0
335512,1000001931663869000,63875742722551,(-0.064, 1.430, 0.293),(-0.012, -0.048, 0.010, 0.999),VALID,(0.028, 0.062, 0.998),(0.000, 0.000, 0.000),64.325,VALID,(0.153, 0.132, 0.979),(-0.032, 0.000, 0.000),0.596,3.825,6.415,0.952,VALID,(0.031, 0.062, 0.998),(0.032, 0.000, 0.000),0.602,3.839,6.373,0.921,0.3867628,0
335513,1000001931668886300,63875742722562,(-0.064, 1.430, 0.293),(-0.012, -0.048, 0.010, 0.999),VALID,(0.030, 0.060, 0.998),(0.000, 0.000, 0.000),64.325,VALID,(0.153, 0.134, 0.979),(-0.032, 0.000, 0.000),0.598,3.836,6.415,0.950,VALID,(0.032, 0.060, 0.998),(0.032, 0.000, 0.000),0.603,3.840,6.373,0.922,0.3782448,0
335514,1000001931673914200,63875742722562,(-0.064, 1.430, 0.293),(-0.012, -0.048, 0.010, 0.999),VALID,(0.031, 0.059, 0.998),(0.000, 0.000, 0.000),64.325,VALID,(0.120, 0.104, 0.987),(-0.032, 0.000, 0.000),0.600,3.848,6.415,0.950,VALID,(0.032, 0.059, 0.998),(0.032, 0.000, 0.000),0.603,3.840,6.373,0.924,0.5686175,0
335515,1000001931678958500,63875742722572,(-0.064, 1.430, 0.293),(-0.012, -0.048, 0.010, 0.999),VALID,(0.032, 0.058, 0.998),(0.000, 0.000, 0.000),64.325,VALID,(0.130, 0.117, 0.985),(-0.032, 0.000, 0.000),0.601,3.853,6.415,0.948,VALID,(0.032, 0.058, 0.998),(0.032, 0.000, 0.000),0.602,3.840,6.373,0.924,0.4771443,0
335516,1000001931683975800,63875742722572,(-0.064, 1.430, 0.293),(-0.012, -0.048, 0.010, 0.999),VALID,(0.033, 0.058, 0.998),(0.000, 0.000, 0.000),64.325,VALID,(0.136, 0.124, 0.983),(-0.032, 0.000, 0.000),0.601,3.855,6.415,0.945,VALID,(0.034, 0.058, 0.998),(0.032, 0.000, 0.000),0.602,3.839,6.373,0.925,0.4350914,0
335517,1000001931689006400,63875742722585,(-0.064, 1.430, 0.293),(-0.012, -0.048, 0.010, 0.999),VALID,(0.034, 0.058, 0.998),(0.000, 0.000, 0.000),64.325,VALID,(0.141, 0.128, 0.982),(-0.032, 0.000, 0.000),0.601,3.855,6.415,0.944,VALID,(0.034, 0.058, 0.998),(0.032, 0.000, 0.000),0.602,3.839,6.373,0.925,0.411246,0
335518,1000001931694023700,63875742722585,(-0.064, 1.430, 0.293),(-0.012, -0.048, 0.010, 0.999),VALID,(0.034, 0.057, 0.998),(0.000, 0.000, 0.000),64.325,VALID,(0.144, 0.131, 0.981),(-0.032, 0.000, 0.000),0.601,3.855,6.415,0.943,VALID,(0.035, 0.057, 0.998),(0.032, 0.000, 0.000),0.602,3.839,6.373,0.926,0.3972246,0
335519,1000001931699041000,63875742722585,(-0.064, 1.430, 0.293),(-0.012, -0.048, 0.010, 0.999),VALID,(0.034, 0.057, 0.998),(0.000, 0.000, 0.000),64.325,VALID,(0.146, 0.133, 0.980),(-0.032, 0.000, 0.000),0.601,3.854,6.415,0.942,VALID,(0.034, 0.057, 0.998),(0.032, 0.000, 0.000),0.602,3.839,6.373,0.926,0.3861102,0
335520,1000001931704051000,63875742722595,(-0.064, 1.430, 0.293),(-0.012, -0.048, 0.010, 0.999),VALID,(0.034, 0.057, 0.998),(0.000, 0.000, 0.000),64.325,VALID,(0.147, 0.134, 0.980),(-0.032, 0.000, 0.000),0.600,3.851,6.415,0.942,VALID,(0.034, 0.057, 0.998),(0.032, 0.000, 0.000),0.602,3.838,6.373,0.926,0.3792025,0
335521,1000001931709068300,63875742722595,(-0.064, 1.430, 0.293),(-0.012, -0.048, 0.010, 0.999),VALID,(0.034, 0.056, 0.998),(0.000, 0.000, 0.000),64.325,VALID,(0.148, 0.135, 0.980),(-0.032, 0.000, 0.000),0.600,3.850,6.415,0.941,VALID,(0.034, 0.056, 0.998),(0.032, 0.000, 0.000),0.602,3.838,6.373,0.927,0.3740602,0
335522,1000001931714056500,63875742722607,(-0.064, 1.430, 0.293),(-0.012, -0.048, 0.010, 0.999),VALID,(0.034, 0.056, 0.998),(0.000, 0.000, 0.000),64.325,VALID,(0.149, 0.136, 0.980),(-0.032, 0.000, 0.000),0.600,3.849,6.415,0.939,VALID,(0.034, 0.056, 0.998),(0.032, 0.000, 0.000),0.602,3.838,6.373,0.927,0.3711869,0
335523,1000001931719047800,63875742722607,(-0.064, 1.430, 0.293),(-0.012, -0.048, 0.010, 0.999),VALID,(0.034, 0.056, 0.998),(0.000, 0.000, 0.000),64.325,VALID,(0.149, 0.135, 0.980),(-0.032, 0.000, 0.000),0.597,3.833,6.415,0.939,VALID,(0.034, 0.056, 0.998),(0.032, 0.000, 0.000),0.602,3.838,6.373,0.927,0.3716616,0
335524,1000001931724015000,63875742722618,(-0.064, 1.430, 0.293),(-0.012, -0.048, 0.010, 0.999),VALID,(0.034, 0.057, 0.998),(0.000, 0.000, 0.000),64.325,VALID,(0.149, 0.135, 0.980),(-0.032, 0.000, 0.000),0.597,3.829,6.415,0.938,VALID,(0.034, 0.057, 0.998),(0.032, 0.000, 0.000),0.602,3.837,6.373,0.928,0.3727013,0.4029923
335525,1000001931729029400,63875742722618,(-0.064, 1.430, 0.293),(-0.012, -0.048, 0.010, 0.999),VALID,(0.034, 0.057, 0.998),(0.000, 0.000, 0.000),64.325,VALID,(0.149, 0.135, 0.980),(-0.032, 0.000, 0.000),0.596,3.825,6.415,0.938,VALID,(0.034, 0.057, 0.998),(0.032, 0.000, 0.000),0.602,3.838,6.373,0.928,0.3747403,0.6800465
335526,1000001931734087500,63875742722629,(-0.064, 1.430, 0.293),(-0.012, -0.048, 0.010, 0.999),VALID,(0.034, 0.058, 0.998),(0.000, 0.000, 0.000),64.325,VALID,(0.149, 0.135, 0.980),(-0.032, 0.000, 0.000),0.596,3.823,6.415,0.938,VALID,(0.034, 0.058, 0.998),(0.032, 0.000, 0.000),0.602,3.838,6.373,0.928,0.3768546,0.7913634
335527,1000001931739098600,63875742722629,(-0.064, 1.430, 0.293),(-0.012, -0.048, 0.010, 0.999),VALID,(0.035, 0.058, 0.998),(0.000, 0.000, 0.000),64.325,VALID,(0.149, 0.135, 0.980),(-0.032, 0.000, 0.000),0.596,3.822,6.415,0.936,VALID,(0.035, 0.058, 0.998),(0.032, 0.000, 0.000),0.602,3.839,6.373,0.928,0.3791225,0.833917
335528,1000001931744167100,63875742722640,(-0.064, 1.430, 0.293),(-0.012, -0.048, 0.010, 0.999),VALID,(0.038, 0.056, 0.998),(0.000, 0.000, 0.000),64.325,VALID,(0.149, 0.135, 0.980),(-0.032, 0.000, 0.000),0.596,3.822,6.415,0.936,VALID,(0.039, 0.056, 0.998),(0.032, 0.000, 0.000),0.603,3.842,6.373,0.929,0.3775983,0.5329504
335529,1000001931749178200,63875742722640,(-0.064, 1.430, 0.293),(-0.012, -0.048, 0.010, 0.999),VALID,(0.038, 0.057, 0.998),(0.000, 0.000, 0.000),64.325,VALID,(0.149, 0.135, 0.980),(-0.032, 0.000, 0.000),0.596,3.821,6.415,0.936,VALID,(0.038, 0.057, 0.998),(0.032, 0.000, 0.000),0.603,3.844,6.373,0.929,0.3803458,0.23768
335530,1000001931754189300,63875742722640,(-0.064, 1.430, 0.293),(-0.012, -0.048, 0.010, 0.999),VALID,(0.041, 0.055, 0.998),(0.000, 0.000, 0.000),64.325,VALID,(0.148, 0.135, 0.980),(-0.032, 0.000, 0.000),0.596,3.821,6.415,0.935,VALID,(0.042, 0.055, 0.998),(0.032, 0.000, 0.000),0.604,3.847,6.373,0.930,0.3777607,0
335531,1000001931759194200,63875742722650,(-0.064, 1.430, 0.293),(-0.012, -0.048, 0.010, 0.999),VALID,(0.044, 0.054, 0.998),(0.000, 0.000, 0.000),64.325,VALID,(0.148, 0.135, 0.980),(-0.032, 0.000, 0.000),0.596,3.820,6.415,0.935,VALID,(0.044, 0.054, 0.998),(0.032, 0.000, 0.000),0.604,3.852,6.373,0.931,0.3752273,0
335532,1000001931764203300,63875742722650,(-0.064, 1.430, 0.293),(-0.012, -0.048, 0.010, 0.999),VALID,(0.046, 0.053, 0.998),(0.000, 0.000, 0.000),64.325,VALID,(0.148, 0.135, 0.980),(-0.032, 0.000, 0.000),0.595,3.819,6.415,0.935,VALID,(0.046, 0.053, 0.998),(0.032, 0.000, 0.000),0.605,3.858,6.373,0.931,0.3733383,0.01063713
335533,1000001931769171300,63875742722661,(-0.064, 1.430, 0.292),(-0.012, -0.048, 0.010, 0.999),VALID,(0.048, 0.052, 0.998),(0.000, 0.000, 0.000),64.325,VALID,(0.148, 0.135, 0.980),(-0.032, 0.000, 0.000),0.595,3.818,6.415,0.935,VALID,(0.048, 0.052, 0.997),(0.032, 0.000, 0.000),0.606,3.861,6.373,0.932,0.3714963,0.0220257
335534,1000001931774180400,63875742722661,(-0.064, 1.430, 0.292),(-0.012, -0.048, 0.010, 0.999),VALID,(0.049, 0.051, 0.997),(0.000, 0.000, 0.000),64.325,VALID,(0.148, 0.135, 0.980),(-0.032, 0.000, 0.000),0.595,3.817,6.415,0.935,VALID,(0.050, 0.051, 0.997),(0.032, 0.000, 0.000),0.606,3.864,6.373,0.933,0.3697226,0.0215456
335535,1000001931779171700,63875742722673,(-0.064, 1.430, 0.292),(-0.012, -0.048, 0.010, 0.999),VALID,(0.050, 0.050, 0.997),(0.000, 0.000, 0.000),64.325,VALID,(0.148, 0.135, 0.980),(-0.032, 0.000, 0.000),0.595,3.815,6.415,0.934,VALID,(0.051, 0.050, 0.997),(0.032, 0.000, 0.000),0.607,3.866,6.373,0.933,0.3679605,0.05636448
335536,1000001931784180800,63875742722673,(-0.064, 1.430, 0.292),(-0.012, -0.048, 0.010, 0.999),VALID,(0.051, 0.050, 0.997),(0.000, 0.000, 0.000),64.325,VALID,(0.148, 0.135, 0.980),(-0.032, 0.000, 0.000),0.594,3.811,6.415,0.934,VALID,(0.051, 0.050, 0.997),(0.032, 0.000, 0.000),0.607,3.867,6.373,0.934,0.3664078,0.05518917
335537,1000001931789210900,63875742722684,(-0.064, 1.430, 0.293),(-0.011, -0.048, 0.010, 0.999),VALID,(0.052, 0.049, 0.997),(0.000, 0.000, 0.000),64.325,VALID,(0.148, 0.134, 0.980),(-0.032, 0.000, 0.000),0.594,3.808,6.415,0.935,VALID,(0.052, 0.049, 0.997),(0.032, 0.000, 0.000),0.607,3.868,6.373,0.935,0.3649787,0.05368312
335538,1000001931794220000,63875742722684,(-0.064, 1.430, 0.293),(-0.011, -0.048, 0.010, 0.999),VALID,(0.052, 0.048, 0.997),(0.000, 0.000, 0.000),64.325,VALID,(0.148, 0.134, 0.980),(-0.032, 0.000, 0.000),0.593,3.805,6.415,0.934,VALID,(0.053, 0.048, 0.997),(0.032, 0.000, 0.000),0.607,3.868,6.373,0.935,0.3638048,0.09977563
335539,1000001931799258900,63875742722694,(-0.064, 1.430, 0.293),(-0.011, -0.048, 0.010, 0.999),VALID,(0.053, 0.048, 0.997),(0.000, 0.000, 0.000),64.325,VALID,(0.148, 0.134, 0.980),(-0.032, 0.000, 0.000),0.593,3.802,6.415,0.934,VALID,(0.053, 0.048, 0.997),(0.032, 0.000, 0.000),0.607,3.869,6.373,0.936,0.3626361,0.09732345
335540,1000001931804250200,63875742722694,(-0.064, 1.430, 0.293),(-0.011, -0.048, 0.010, 0.999),VALID,(0.053, 0.047, 0.997),(0.000, 0.000, 0.000),64.325,VALID,(0.148, 0.134, 0.980),(-0.032, 0.000, 0.000),0.592,3.795,6.415,0.934,VALID,(0.054, 0.047, 0.997),(0.032, 0.000, 0.000),0.607,3.869,6.373,0.936,0.3618257,0.09754382
335541,1000001931809259300,63875742722706,(-0.064, 1.430, 0.293),(-0.011, -0.048, 0.010, 0.999),VALID,(0.054, 0.047, 0.997),(0.000, 0.000, 0.000),64.325,VALID,(0.148, 0.134, 0.980),(-0.032, 0.000, 0.000),0.591,3.791,6.415,0.934,VALID,(0.054, 0.047, 0.997),(0.032, 0.000, 0.000),0.607,3.869,6.373,0.937,0.3608399,0.09489985
335542,1000001931814250600,63875742722706,(-0.064, 1.430, 0.293),(-0.011, -0.048, 0.010, 0.999),VALID,(0.054, 0.046, 0.997),(0.000, 0.000, 0.000),64.325,VALID,(0.148, 0.133, 0.980),(-0.032, 0.000, 0.000),0.591,3.788,6.415,0.933,VALID,(0.054, 0.046, 0.997),(0.032, 0.000, 0.000),0.607,3.869,6.373,0.937,0.3603356,0.1013747
335543,1000001931819262200,63875742722716,(-0.064, 1.430, 0.293),(-0.011, -0.048, 0.010, 0.999),VALID,(0.054, 0.046, 0.997),(0.000, 0.000, 0.000),64.325,VALID,(0.148, 0.133, 0.980),(-0.032, 0.000, 0.000),0.590,3.787,6.415,0.933,VALID,(0.054, 0.046, 0.997),(0.032, 0.000, 0.000),0.607,3.869,6.373,0.938,0.359589,0.1074892
335544,1000001931824275300,63875742722716,(-0.064, 1.430, 0.293),(-0.011, -0.048, 0.010, 0.999),VALID,(0.055, 0.046, 0.997),(0.000, 0.000, 0.000),64.325,VALID,(0.148, 0.133, 0.980),(-0.032, 0.000, 0.000),0.590,3.786,6.415,0.933,VALID,(0.055, 0.046, 0.997),(0.032, 0.000, 0.000),0.607,3.869,6.373,0.938,0.3590592,0.126344
335545,1000001931829284400,63875742722716,(-0.064, 1.430, 0.293),(-0.011, -0.048, 0.010, 0.999),VALID,(0.055, 0.046, 0.997),(0.000, 0.000, 0.000),64.325,VALID,(0.148, 0.133, 0.980),(-0.032, 0.000, 0.000),0.590,3.786,6.415,0.933,VALID,(0.055, 0.046, 0.997),(0.032, 0.000, 0.000),0.607,3.869,6.373,0.939,0.3595405,0.09440278
335546,1000001931834296300,63875742722728,(-0.064, 1.430, 0.293),(-0.011, -0.048, 0.010, 0.999),VALID,(0.055, 0.046, 0.997),(0.000, 0.000, 0.000),64.325,VALID,(0.148, 0.133, 0.980),(-0.032, 0.000, 0.000),0.590,3.786,6.415,0.932,VALID,(0.055, 0.046, 0.997),(0.032, 0.000, 0.000),0.607,3.868,6.373,0.939,0.3594286,0.09393466
335547,1000001931839305400,63875742722728,(-0.064, 1.430, 0.293),(-0.011, -0.048, 0.010, 0.999),VALID,(0.056, 0.045, 0.997),(0.000, 0.000, 0.000),64.325,VALID,(0.147, 0.133, 0.980),(-0.032, 0.000, 0.000),0.590,3.785,6.415,0.932,VALID,(0.056, 0.045, 0.997),(0.032, 0.000, 0.000),0.607,3.868,6.373,0.940,0.3593091,0.4204886
335548,1000001931844358000,63875742722739,(-0.064, 1.430, 0.293),(-0.011, -0.048, 0.010, 0.999),VALID,(0.056, 0.046, 0.997),(0.000, 0.000, 0.000),64.325,VALID,(0.147, 0.133, 0.980),(-0.032, 0.000, 0.000),0.590,3.784,6.415,0.932,VALID,(0.056, 0.046, 0.997),(0.032, 0.000, 0.000),0.607,3.867,6.373,0.940,0.3605115,0.710698
335549,1000001931849367100,63875742722739,(-0.064, 1.430, 0.293),(-0.011, -0.048, 0.010, 0.999),VALID,(0.056, 0.045, 0.997),(0.000, 0.000, 0.000),64.325,VALID,(0.147, 0.133, 0.980),(-0.032, 0.000, 0.000),0.591,3.793,6.415,0.932,VALID,(0.056, 0.045, 0.997),(0.032, 0.000, 0.000),0.607,3.866,6.373,0.941,0.3586996,0.9842741
335550,1000001931854376200,63875742722739,(-0.064, 1.430, 0.293),(-0.011, -0.048, 0.010, 0.999),VALID,(0.057, 0.045, 0.997),(0.000, 0.000, 0.000),64.325,VALID,(0.147, 0.133, 0.980),(-0.032, 0.000, 0.000),0.592,3.796,6.415,0.932,VALID,(0.057, 0.045, 0.997),(0.032, 0.000, 0.000),0.607,3.866,6.373,0.941,0.3580185,0.949864
335551,1000001931859362000,63875742722751,(-0.064, 1.430, 0.292),(-0.011, -0.048, 0.010, 0.999),VALID,(0.057, 0.045, 0.997),(0.000, 0.000, 0.000),64.325,VALID,(0.147, 0.133, 0.980),(-0.032, 0.000, 0.000),0.592,3.796,6.415,0.932,VALID,(0.057, 0.045, 0.997),(0.032, 0.000, 0.000),0.606,3.865,6.373,0.941,0.3566387,0.9177538
335552,1000001931864389500,63875742722751,(-0.064, 1.430, 0.292),(-0.011, -0.048, 0.010, 0.999),VALID,(0.057, 0.045, 0.997),(0.000, 0.000, 0.000),64.325,VALID,(0.147, 0.133, 0.980),(-0.032, 0.000, 0.000),0.592,3.800,6.415,0.931,VALID,(0.057, 0.045, 0.997),(0.032, 0.000, 0.000),0.606,3.864,6.373,0.941,0.3558308,0.8781905
335553,1000001931869396500,63875742722761,(-0.064, 1.430, 0.292),(-0.011, -0.048, 0.010, 0.999),VALID,(0.057, 0.045, 0.997),(0.000, 0.000, 0.000),64.325,VALID,(0.147, 0.133, 0.980),(-0.032, 0.000, 0.000),0.592,3.800,6.415,0.931,VALID,(0.057, 0.045, 0.997),(0.032, 0.000, 0.000),0.606,3.862,6.373,0.942,0.3540304,0.8329343
335554,1000001931874405600,63875742722761,(-0.064, 1.430, 0.292),(-0.011, -0.048, 0.010, 0.999),VALID,(0.058, 0.044, 0.997),(0.000, 0.000, 0.000),64.325,VALID,(0.147, 0.133, 0.980),(-0.032, 0.000, 0.000),0.592,3.799,6.415,0.931,VALID,(0.058, 0.044, 0.997),(0.032, 0.000, 0.000),0.606,3.860,6.373,0.942,0.3526625,0.8303106
335555,1000001931879418500,63875742722772,(-0.064, 1.430, 0.292),(-0.011, -0.048, 0.010, 0.999),VALID,(0.058, 0.044, 0.997),(0.000, 0.000, 0.000),64.325,VALID,(0.147, 0.134, 0.980),(-0.032, 0.000, 0.000),0.591,3.793,6.415,0.931,VALID,(0.058, 0.044, 0.997),(0.032, 0.000, 0.000),0.605,3.856,6.373,0.942,0.3512519,0.830265
335556,1000001931884431400,63875742722772,(-0.064, 1.430, 0.292),(-0.011, -0.048, 0.010, 0.999),VALID,(0.058, 0.044, 0.997),(0.000, 0.000, 0.000),64.325,VALID,(0.147, 0.134, 0.980),(-0.032, 0.000, 0.000),0.591,3.788,6.415,0.930,VALID,(0.058, 0.044, 0.997),(0.032, 0.000, 0.000),0.605,3.853,6.373,0.942,0.3509915,0.7823145
335557,1000001931889444300,63875742722784,(-0.064, 1.430, 0.292),(-0.011, -0.048, 0.010, 0.999),VALID,(0.058, 0.044, 0.997),(0.000, 0.000, 0.000),64.325,VALID,(0.147, 0.134, 0.980),(-0.032, 0.000, 0.000),0.590,3.783,6.415,0.930,VALID,(0.058, 0.044, 0.997),(0.032, 0.000, 0.000),0.604,3.850,6.373,0.943,0.3501486,0.7510854
335558,1000001931894464300,63875742722784,(-0.064, 1.430, 0.292),(-0.011, -0.048, 0.010, 0.999),VALID,(0.059, 0.044, 0.997),(0.000, 0.000, 0.000),64.325,VALID,(0.147, 0.134, 0.980),(-0.032, 0.000, 0.000),0.589,3.777,6.415,0.930,VALID,(0.059, 0.044, 0.997),(0.032, 0.000, 0.000),0.603,3.846,6.373,0.943,0.3511349,0.6763241
335559,1000001931899494300,63875742722795,(-0.064, 1.430, 0.292),(-0.011, -0.048, 0.010, 0.999),VALID,(0.059, 0.044, 0.997),(0.000, 0.000, 0.000),64.325,VALID,(0.147, 0.134, 0.980),(-0.032, 0.000, 0.000),0.588,3.772,6.415,0.930,VALID,(0.059, 0.044, 0.997),(0.032, 0.000, 0.000),0.602,3.836,6.373,0.943,0.3504616,0.6050779
335560,1000001931904512200,63875742722795,(-0.064, 1.430, 0.292),(-0.011, -0.048, 0.010, 0.999),VALID,(0.059, 0.044, 0.997),(0.000, 0.000, 0.000),64.325,VALID,(0.147, 0.134, 0.980),(-0.032, 0.000, 0.000),0.587,3.767,6.415,0.929,VALID,(0.059, 0.044, 0.997),(0.032, 0.000, 0.000),0.601,3.830,6.373,0.943,0.3506887,0.5713661
335561,1000001931909492800,63875742722795,(-0.064, 1.430, 0.292),(-0.011, -0.048, 0.010, 0.999),VALID,(0.059, 0.045, 0.997),(0.000, 0.000, 0.000),64.325,VALID,(0.147, 0.134, 0.980),(-0.032, 0.000, 0.000),0.585,3.754,6.415,0.929,VALID,(0.059, 0.045, 0.997),(0.032, 0.000, 0.000),0.600,3.824,6.373,0.943,0.351476,0.5337291
335562,1000001931914515300,63875742722806,(-0.064, 1.430, 0.292),(-0.011, -0.048, 0.010, 0.999),VALID,(0.060, 0.045, 0.997),(0.000, 0.000, 0.000),64.325,VALID,(0.147, 0.134, 0.980),(-0.032, 0.000, 0.000),0.583,3.741,6.415,0.928,VALID,(0.060, 0.045, 0.997),(0.032, 0.000, 0.000),0.599,3.817,6.373,0.943,0.3520803,0.5406611
335563,1000001931919536800,63875742722806,(-0.064, 1.430, 0.292),(-0.011, -0.048, 0.010, 0.999),VALID,(0.060, 0.045, 0.997),(0.000, 0.000, 0.000),64.325,VALID,(0.147, 0.134, 0.980),(-0.032, 0.000, 0.000),0.581,3.724,6.415,0.928,VALID,(0.060, 0.045, 0.997),(0.032, 0.000, 0.000),0.598,3.809,6.373,0.944,0.3521867,0.5004317
335564,1000001931924554700,63875742722816,(-0.064, 1.430, 0.292),(-0.011, -0.048, 0.010, 0.999),VALID,(0.060, 0.045, 0.997),(0.000, 0.000, 0.000),64.325,VALID,(0.147, 0.134, 0.980),(-0.032, 0.000, 0.000),0.574,3.682,6.415,0.928,VALID,(0.060, 0.045, 0.997),(0.032, 0.000, 0.000),0.597,3.803,6.373,0.944,0.3532471,0.4843948
335565,1000001931929579800,63875742722816,(-0.064, 1.430, 0.292),(-0.011, -0.048, 0.010, 0.999),VALID,(0.060, 0.045, 0.997),(0.000, 0.000, 0.000),64.325,VALID,(0.147, 0.134, 0.980),(-0.032, 0.000, 0.000),0.572,3.671,6.415,0.928,VALID,(0.060, 0.045, 0.997),(0.032, 0.000, 0.000),0.596,3.796,6.373,0.944,0.3533376,0.4273607
335566,1000001931934597700,63875742722828,(-0.064, 1.430, 0.292),(-0.011, -0.048, 0.010, 0.999),VALID,(0.060, 0.045, 0.997),(0.000, 0.000, 0.000),64.325,VALID,(0.147, 0.134, 0.980),(-0.032, 0.000, 0.000),0.574,3.681,6.415,0.927,VALID,(0.060, 0.045, 0.997),(0.032, 0.000, 0.000),0.594,3.786,6.373,0.944,0.353323,0.3648076
335567,1000001931939617400,63875742722828,(-0.064, 1.430, 0.292),(-0.011, -0.048, 0.010, 0.999),VALID,(0.061, 0.045, 0.997),(0.000, 0.000, 0.000),64.325,VALID,(0.147, 0.134, 0.980),(-0.032, 0.000, 0.000),0.576,3.697,6.415,0.928,VALID,(0.061, 0.045, 0.997),(0.032, 0.000, 0.000),0.593,3.777,6.373,0.944,0.3526487,0.4080676
335568,1000001931944635300,63875742722839,(-0.064, 1.430, 0.292),(-0.011, -0.048, 0.010, 0.999),VALID,(0.061, 0.045, 0.997),(0.000, 0.000, 0.000),64.325,VALID,(0.147, 0.135, 0.980),(-0.032, 0.000, 0.000),0.577,3.704,6.415,0.927,VALID,(0.061, 0.045, 0.997),(0.032, 0.000, 0.000),0.591,3.764,6.373,0.944,0.3513165,0.4311703
335569,1000001931949655000,63875742722839,(-0.064, 1.430, 0.292),(-0.011, -0.048, 0.010, 0.999),VALID,(0.061, 0.045, 0.997),(0.000, 0.000, 0.000),64.325,VALID,(0.147, 0.135, 0.980),(-0.032, 0.000, 0.000),0.577,3.703,6.415,0.927,VALID,(0.061, 0.045, 0.997),(0.032, 0.000, 0.000),0.589,3.755,6.373,0.944,0.349766,0.4206739
335570,1000001931954665700,63875742722839,(-0.064, 1.430, 0.292),(-0.011, -0.048, 0.010, 0.999),VALID,(0.061, 0.045, 0.997),(0.000, 0.000, 0.000),64.325,VALID,(0.147, 0.135, 0.980),(-0.032, 0.000, 0.000),0.576,3.695,6.415,0.927,VALID,(0.061, 0.045, 0.997),(0.032, 0.000, 0.000),0.588,3.746,6.373,0.944,0.3482643,0.4522019
335571,1000001931959685400,63875742722850,(-0.064, 1.430, 0.292),(-0.011, -0.048, 0.010, 0.999),VALID,(0.061, 0.045, 0.997),(0.000, 0.000, 0.000),64.325,VALID,(0.147, 0.135, 0.980),(-0.032, 0.000, 0.000),0.567,3.637,6.415,0.927,VALID,(0.061, 0.045, 0.997),(0.032, 0.000, 0.000),0.587,3.738,6.373,0.944,0.3485792,0.4366697
335572,1000001931964705100,63875742722850,(-0.064, 1.430, 0.292),(-0.011, -0.048, 0.010, 0.999),VALID,(0.061, 0.045, 0.997),(0.000, 0.000, 0.000),64.325,VALID,(0.147, 0.135, 0.980),(-0.032, 0.000, 0.000),0.564,3.620,6.415,0.927,VALID,(0.061, 0.045, 0.997),(0.032, 0.000, 0.000),0.585,3.729,6.373,0.944,0.3487568,0.4717543
335573,1000001931969651500,63875742722861,(-0.064, 1.429, 0.293),(-0.011, -0.048, 0.010, 0.999),VALID,(0.061, 0.046, 0.997),(0.000, 0.000, 0.000),64.325,VALID,(0.147, 0.135, 0.980),(-0.032, 0.000, 0.000),0.556,3.568,6.415,0.927,VALID,(0.061, 0.046, 0.997),(0.032, 0.000, 0.000),0.583,3.718,6.373,0.945,0.3496931,0.4688313
335574,1000001931974686900,63875742722861,(-0.064, 1.429, 0.293),(-0.011, -0.048, 0.010, 0.999),VALID,(0.061, 0.046, 0.997),(0.000, 0.000, 0.000),64.325,VALID,(0.147, 0.135, 0.980),(-0.032, 0.000, 0.000),0.552,3.543,6.415,0.928,VALID,(0.061, 0.046, 0.997),(0.032, 0.000, 0.000),0.582,3.708,6.373,0.945,0.3503137,0.4423596
335575,1000001931979706600,63875742722873,(-0.064, 1.430, 0.293),(-0.011, -0.048, 0.010, 0.999),VALID,(0.061, 0.046, 0.997),(0.000, 0.000, 0.000),64.325,VALID,(0.147, 0.135, 0.980),(-0.032, 0.000, 0.000),0.545,3.499,6.415,0.927,VALID,(0.061, 0.046, 0.997),(0.032, 0.000, 0.000),0.581,3.701,6.373,0.942,0.3515781,0.4811969
335576,1000001931984780800,63875742722873,(-0.064, 1.430, 0.293),(-0.011, -0.048, 0.010, 0.999),VALID,(0.061, 0.046, 0.997),(0.000, 0.000, 0.000),64.325,VALID,(0.147, 0.135, 0.980),(-0.032, 0.000, 0.000),0.543,3.486,6.415,0.926,VALID,(0.061, 0.046, 0.997),(0.032, 0.000, 0.000),0.580,3.696,6.373,0.939,0.3531744,0.4632864
335577,1000001931989800500,63875742722884,(-0.063, 1.429, 0.293),(-0.011, -0.048, 0.010, 0.999),VALID,(0.060, 0.046, 0.997),(0.000, 0.000, 0.000),64.325,VALID,(0.147, 0.134, 0.980),(-0.032, 0.000, 0.000),0.542,3.477,6.415,0.926,VALID,(0.060, 0.046, 0.997),(0.032, 0.000, 0.000),0.579,3.691,6.373,0.936,0.3550313,0.5438371
335578,1000001931994704000,63875742722884,(-0.063, 1.429, 0.293),(-0.011, -0.048, 0.010, 0.999),VALID,(0.060, 0.046, 0.997),(0.000, 0.000, 0.000),64.325,VALID,(0.147, 0.134, 0.980),(-0.032, 0.000, 0.000),0.541,3.472,6.415,0.927,VALID,(0.060, 0.046, 0.997),(0.032, 0.000, 0.000),0.577,3.677,6.373,0.932,0.3569114,0.6120649
335579,1000001931999726500,63875742722894,(-0.063, 1.429, 0.293),(-0.011, -0.048, 0.011, 0.999),VALID,(0.060, 0.046, 0.997),(0.000, 0.000, 0.000),64.325,VALID,(0.147, 0.134, 0.980),(-0.032, 0.000, 0.000),0.539,3.461,6.415,0.927,VALID,(0.060, 0.046, 0.997),(0.032, 0.000, 0.000),0.575,3.664,6.373,0.929,0.3586363,0.6275493
335580,1000001932004749000,63875742722895,(-0.063, 1.429, 0.293),(-0.011, -0.048, 0.011, 0.999),VALID,(0.060, 0.046, 0.997),(0.000, 0.000, 0.000),64.325,VALID,(0.147, 0.133, 0.980),(-0.032, 0.000, 0.000),0.537,3.448,6.415,0.926,VALID,(0.060, 0.046, 0.997),(0.032, 0.000, 0.000),0.574,3.655,6.373,0.925,0.3605417,0.6638328
335581,1000001932009771500,63875742722895,(-0.063, 1.429, 0.293),(-0.011, -0.048, 0.011, 0.999),VALID,(0.060, 0.046, 0.997),(0.000, 0.000, 0.000),64.325,VALID,(0.147, 0.133, 0.980),(-0.032, 0.000, 0.000),0.538,3.448,6.415,0.926,VALID,(0.060, 0.046, 0.997),(0.032, 0.000, 0.000),0.572,3.647,6.373,0.922,0.3614841,0.6627222
335582,1000001932014794000,63875742722906,(-0.063, 1.429, 0.293),(-0.011, -0.048, 0.011, 0.999),VALID,(0.060, 0.046, 0.997),(0.000, 0.000, 0.000),64.325,VALID,(0.147, 0.133, 0.980),(-0.032, 0.000, 0.000),0.540,3.463,6.415,0.926,VALID,(0.060, 0.046, 0.997),(0.032, 0.000, 0.000),0.570,3.635,6.373,0.920,0.3620135,0.6629184
335583,1000001932019816500,63875742722906,(-0.063, 1.429, 0.293),(-0.011, -0.048, 0.011, 0.999),VALID,(0.060, 0.046, 0.997),(0.000, 0.000, 0.000),64.325,VALID,(0.147, 0.133, 0.980),(-0.032, 0.000, 0.000),0.539,3.457,6.415,0.926,VALID,(0.060, 0.046, 0.997),(0.032, 0.000, 0.000),0.569,3.623,6.373,0.918,0.362845,0.6929041
335584,1000001932024836200,63875742722917,(-0.063, 1.429, 0.293),(-0.011, -0.048, 0.011, 0.999),VALID,(0.060, 0.046, 0.997),(0.000, 0.000, 0.000),64.325,VALID,(0.147, 0.133, 0.980),(-0.032, 0.000, 0.000),0.536,3.439,6.415,0.926,VALID,(0.060, 0.046, 0.997),(0.032, 0.000, 0.000),0.567,3.613,6.373,0.915,0.3645135,0.7272627
335585,1000001932029858700,63875742722917,(-0.063, 1.429, 0.293),(-0.011, -0.048, 0.011, 0.999),VALID,(0.060, 0.047, 0.997),(0.000, 0.000, 0.000),64.325,VALID,(0.148, 0.132, 0.980),(-0.032, 0.000, 0.000),0.534,3.426,6.415,0.926,VALID,(0.060, 0.047, 0.997),(0.032, 0.000, 0.000),0.566,3.608,6.373,0.914,0.365974,0.778261
335586,1000001932034878400,63875742722928,(-0.063, 1.429, 0.293),(-0.011, -0.048, 0.011, 0.999),VALID,(0.060, 0.047, 0.997),(0.000, 0.000, 0.000),64.325,VALID,(0.148, 0.132, 0.980),(-0.032, 0.000, 0.000),0.531,3.409,6.415,0.926,VALID,(0.060, 0.047, 0.997),(0.032, 0.000, 0.000),0.565,3.599,6.373,0.912,0.3680815,0.7739272
335587,1000001932039905700,63875742722928,(-0.063, 1.429, 0.293),(-0.011, -0.048, 0.011, 0.999),VALID,(0.060, 0.047, 0.997),(0.000, 0.000, 0.000),64.325,VALID,(0.148, 0.131, 0.980),(-0.032, 0.000, 0.000),0.529,3.395,6.415,0.927,VALID,(0.060, 0.047, 0.997),(0.032, 0.000, 0.000),0.564,3.592,6.373,0.910,0.3711984,0.778793
335588,1000001932044921100,63875742722939,(-0.063, 1.429, 0.293),(-0.011, -0.048, 0.011, 0.999),VALID,(0.060, 0.047, 0.997),(0.000, 0.000, 0.000),64.325,VALID,(0.148, 0.131, 0.980),(-0.032, 0.000, 0.000),0.529,3.395,6.415,0.926,VALID,(0.060, 0.047, 0.997),(0.032, 0.000, 0.000),0.563,3.586,6.373,0.909,0.3725606,0.7953151
335589,1000001932049827200,63875742722939,(-0.063, 1.429, 0.293),(-0.011, -0.048, 0.011, 0.999),VALID,(0.060, 0.047, 0.997),(0.000, 0.000, 0.000),64.325,VALID,(0.148, 0.131, 0.980),(-0.032, 0.000, 0.000),0.529,3.396,6.415,0.926,VALID,(0.060, 0.047, 0.997),(0.032, 0.000, 0.000),0.561,3.578,6.373,0.908,0.3732863,0.7949508
335590,1000001932054842600,63875742722950,(-0.063, 1.429, 0.293),(-0.011, -0.048, 0.011, 0.999),VALID,(0.060, 0.047, 0.997),(0.000, 0.000, 0.000),64.325,VALID,(0.148, 0.131, 0.980),(-0.032, 0.000, 0.000),0.529,3.396,6.415,0.926,VALID,(0.060, 0.047, 0.997),(0.032, 0.000, 0.000),0.561,3.573,6.373,0.907,0.3747042,0.8128422
335591,1000001932059839900,63875742722950,(-0.063, 1.429, 0.293),(-0.011, -0.048, 0.011, 0.999),VALID,(0.060, 0.048, 0.997),(0.000, 0.000, 0.000),64.325,VALID,(0.148, 0.131, 0.980),(-0.032, 0.000, 0.000),0.533,3.421,6.415,0.926,VALID,(0.060, 0.048, 0.997),(0.032, 0.000, 0.000),0.560,3.568,6.373,0.906,0.3749523,0.8221114
335592,1000001932064856600,63875742722950,(-0.063, 1.429, 0.293),(-0.011, -0.048, 0.011, 0.999),VALID,(0.059, 0.048, 0.997),(0.000, 0.000, 0.000),64.325,VALID,(0.148, 0.131, 0.980),(-0.032, 0.000, 0.000),0.531,3.406,6.415,0.926,VALID,(0.059, 0.048, 0.997),(0.032, 0.000, 0.000),0.559,3.564,6.373,0.905,0.3761165,0.8293622
335593,1000001932069873300,63875742722961,(-0.063, 1.429, 0.293),(-0.011, -0.048, 0.011, 0.999),VALID,(0.059, 0.048, 0.997),(0.000, 0.000, 0.000),64.325,VALID,(0.148, 0.131, 0.980),(-0.032, 0.000, 0.000),0.530,3.398,6.415,0.925,VALID,(0.059, 0.048, 0.997),(0.032, 0.000, 0.000),0.559,3.560,6.373,0.903,0.3770418,0.8572689
335594,1000001932074890000,63875742722961,(-0.063, 1.429, 0.293),(-0.011, -0.048, 0.011, 0.999),VALID,(0.059, 0.048, 0.997),(0.000, 0.000, 0.000),64.325,VALID,(0.148, 0.131, 0.980),(-0.032, 0.000, 0.000),0.529,3.396,6.415,0.925,VALID,(0.059, 0.048, 0.997),(0.032, 0.000, 0.000),0.558,3.556,6.373,0.903,0.3774638,0.8584964
335595,1000001932079906700,63875742722972,(-0.062, 1.429, 0.293),(-0.011, -0.048, 0.011, 0.999),VALID,(0.059, 0.048, 0.997),(0.000, 0.000, 0.000),64.325,VALID,(0.148, 0.131, 0.980),(-0.032, 0.000, 0.000),0.529,3.391,6.415,0.924,VALID,(0.059, 0.048, 0.997),(0.032, 0.000, 0.000),0.557,3.548,6.373,0.902,0.3778237,0.9005141
335596,1000001932084945900,63875742722972,(-0.062, 1.429, 0.293),(-0.011, -0.048, 0.011, 0.999),VALID,(0.059, 0.048, 0.997),(0.000, 0.000, 0.000),64.325,VALID,(0.148, 0.131, 0.980),(-0.032, 0.000, 0.000),0.526,3.377,6.415,0.924,VALID,(0.059, 0.048, 0.997),(0.032, 0.000, 0.000),0.556,3.543,6.373,0.900,0.3789518,0.8686006
335597,1000001932089962600,63875742722984,(-0.062, 1.429, 0.293),(-0.011, -0.048, 0.011, 0.999),VALID,(0.059, 0.049, 0.997),(0.000, 0.000, 0.000),64.325,VALID,(0.148, 0.131, 0.980),(-0.032, 0.000, 0.000),0.526,3.374,6.415,0.924,VALID,(0.059, 0.049, 0.997),(0.032, 0.000, 0.000),0.555,3.539,6.373,0.899,0.3822055,0.7631853
335598,1000001932094979300,63875742722984,(-0.062, 1.429, 0.293),(-0.011, -0.048, 0.011, 0.999),VALID,(0.059, 0.050, 0.997),(0.000, 0.000, 0.000),64.325,VALID,(0.147, 0.128, 0.981),(-0.032, 0.000, 0.000),0.501,3.211,6.415,0.924,VALID,(0.059, 0.050, 0.997),(0.032, 0.000, 0.000),0.555,3.536,6.373,0.895,0.3979989,0.7531742
335599,1000001932099994700,63875742722995,(-0.062, 1.429, 0.293),(-0.011, -0.048, 0.011, 0.999),VALID,(0.059, 0.049, 0.997),(0.000, 0.000, 0.000),64.325,VALID,(0.147, 0.124, 0.981),(-0.032, 0.000, 0.000),0.498,3.196,6.415,0.923,VALID,(0.059, 0.049, 0.997),(0.032, 0.000, 0.000),0.555,3.535,6.373,0.890,0.415412,0.4780296
335600,1000001932105011400,63875742722995,(-0.062, 1.429, 0.293),(-0.011, -0.048, 0.011, 0.999),VALID,(0.057, 0.048, 0.997),(0.000, 0.000, 0.000),64.325,VALID,(0.142, 0.119, 0.983),(-0.032, 0.000, 0.000),0.514,3.299,6.415,0.923,VALID,(0.057, 0.048, 0.997),(0.032, 0.000, 0.000),0.554,3.529,6.373,0.891,0.4364733,0.05493268
335601,1000001932110000600,63875742722995,(-0.062, 1.429, 0.293),(-0.011, -0.048, 0.011, 0.999),VALID,(0.050, 0.045, 0.998),(0.000, 0.000, 0.000),64.325,VALID,(0.132, 0.109, 0.985),(-0.032, 0.000, 0.000),0.511,3.280,6.415,0.920,VALID,(0.050, 0.045, 0.998),(0.032, 0.000, 0.000),0.552,3.519,6.373,0.892,0.4798747,0
335602,1000001932115017300,63875742723005,(-0.062, 1.429, 0.293),(-0.011, -0.048, 0.011, 0.999),VALID,(0.033, 0.038, 0.999),(0.000, 0.000, 0.000),64.325,VALID,(0.112, 0.101, 0.989),(-0.032, 0.000, 0.000),0.531,3.406,6.415,0.916,VALID,(0.033, 0.038, 0.999),(0.032, 0.000, 0.000),0.552,3.521,6.373,0.893,0.4927524,0
335603,1000001932120034000,63875742723005,(-0.062, 1.429, 0.293),(-0.011, -0.048, 0.011, 0.999),VALID,(0.019, 0.033, 0.999),(0.000, 0.000, 0.000),64.325,VALID,(0.088, 0.076, 0.993),(-0.032, 0.000, 0.000),0.532,3.411,6.415,0.913,VALID,(0.012, 0.033, 0.999),(0.032, 0.000, 0.000),0.553,3.522,6.373,0.893,0.6390361,0
335604,1000001932125019100,63875742723017,(-0.062, 1.429, 0.294),(-0.011, -0.048, 0.011, 0.999),VALID,(-0.006, 0.023, 1.000),(0.000, 0.000, 0.000),64.325,VALID,(0.066, 0.067, 0.996),(-0.032, 0.000, 0.000),0.530,3.399,6.415,0.910,VALID,(-0.012, 0.023, 1.000),(0.032, 0.000, 0.000),0.554,3.528,6.373,0.893,0.6263694,0
335605,1000001932130035800,63875742723017,(-0.062, 1.429, 0.294),(-0.011, -0.048, 0.011, 0.999),VALID,(-0.032, 0.011, 0.999),(0.000, 0.000, 0.000),64.325,VALID,(0.058, 0.035, 0.998),(-0.032, 0.000, 0.000),0.526,3.374,6.415,0.909,VALID,(-0.037, 0.011, 0.999),(0.032, 0.000, 0.000),0.554,3.529,6.373,0.893,0.6370569,0
335606,1000001932135035200,63875742723028,(-0.062, 1.429, 0.294),(-0.012, -0.048, 0.011, 0.999),VALID,(-0.055, -0.001, 0.998),(0.000, 0.000, 0.000),64.325,VALID,(0.036, 0.010, 0.999),(-0.032, 0.000, 0.000),0.508,3.257,6.415,0.909,VALID,(-0.058, -0.001, 0.998),(0.032, 0.000, 0.000),0.554,3.529,6.373,0.892,0.6728558,0
335607,1000001932140051900,63875742723039,(-0.062, 1.429, 0.294),(-0.012, -0.048, 0.011, 0.999),VALID,(-0.073, -0.012, 0.997),(0.000, 0.000, 0.000),64.325,VALID,(-0.019, -0.009, 1.000),(-0.032, 0.000, 0.000),0.504,3.236,6.415,0.905,VALID,(-0.075, -0.012, 0.997),(0.032, 0.000, 0.000),0.554,3.528,6.373,0.892,1.147178,0
335608,1000001932145051300,63875742723040,(-0.062, 1.429, 0.294),(-0.012, -0.048, 0.011, 0.999),VALID,(-0.086, -0.020, 0.996),(0.000, 0.000, 0.000),64.325,VALID,(-0.057, -0.021, 0.998),(-0.032, 0.000, 0.000),0.508,3.260,6.415,0.905,VALID,(-0.088, -0.020, 0.996),(0.032, 0.000, 0.000),0.554,3.528,6.373,0.891,2,0
335609,1000001932150046600,63875742723040,(-0.062, 1.429, 0.294),(-0.012, -0.048, 0.011, 0.999),VALID,(-0.096, -0.026, 0.995),(0.000, 0.000, 0.000),64.325,VALID,(-0.044, -0.011, 0.999),(-0.032, 0.000, 0.000),0.511,3.277,6.415,0.904,VALID,(-0.097, -0.026, 0.995),(0.032, 0.000, 0.000),0.554,3.528,6.373,0.891,1.108484,0
335610,1000001932155059300,63875742723050,(-0.062, 1.429, 0.294),(-0.012, -0.048, 0.012, 0.999),VALID,(-0.103, -0.031, 0.994),(0.000, 0.000, 0.000),64.325,VALID,(-0.036, -0.004, 0.999),(-0.032, 0.000, 0.000),0.511,3.281,6.415,0.904,VALID,(-0.103, -0.031, 0.994),(0.032, 0.000, 0.000),0.554,3.528,6.373,0.890,0.82657,0
335611,1000001932160178000,63875742723050,(-0.062, 1.429, 0.294),(-0.012, -0.048, 0.012, 0.999),VALID,(-0.108, -0.034, 0.994),(0.000, 0.000, 0.000),64.325,VALID,(-0.032, 0.000, 0.999),(-0.032, 0.000, 0.000),0.512,3.283,6.415,0.901,VALID,(-0.108, -0.034, 0.994),(0.032, 0.000, 0.000),0.553,3.527,6.373,0.889,0.7042605,0
335612,1000001932165184900,63875742723050,(-0.062, 1.429, 0.294),(-0.012, -0.048, 0.012, 0.999),VALID,(-0.111, -0.037, 0.993),(0.000, 0.000, 0.000),64.325,VALID,(-0.030, 0.003, 1.000),(-0.032, 0.000, 0.000),0.514,3.295,6.415,0.899,VALID,(-0.111, -0.037, 0.993),(0.032, 0.000, 0.000),0.553,3.526,6.373,0.889,0.6354364,0
335613,1000001932170197600,63875742723061,(-0.062, 1.429, 0.294),(-0.012, -0.048, 0.012, 0.999),VALID,(-0.112, -0.039, 0.993),(0.000, 0.000, 0.000),64.325,VALID,(-0.028, 0.005, 1.000),(-0.032, 0.000, 0.000),0.514,3.295,6.415,0.897,VALID,(-0.113, -0.039, 0.993),(0.032, 0.000, 0.000),0.553,3.523,6.373,0.888,0.595943,0
335614,1000001932175207400,63875742723061,(-0.062, 1.429, 0.294),(-0.012, -0.048, 0.012, 0.999),VALID,(-0.114, -0.041, 0.993),(0.000, 0.000, 0.000),64.325,VALID,(-0.027, 0.006, 1.000),(-0.032, 0.000, 0.000),0.515,3.302,6.415,0.897,VALID,(-0.114, -0.041, 0.993),(0.032, 0.000, 0.000),0.553,3.521,6.373,0.888,0.5672969,0
335615,1000001932180140300,63875742723073,(-0.062, 1.429, 0.294),(-0.012, -0.048, 0.012, 0.999),VALID,(-0.115, -0.042, 0.992),(0.000, 0.000, 0.000),64.325,VALID,(-0.026, 0.008, 1.000),(-0.032, 0.000, 0.000),0.515,3.306,6.415,0.897,VALID,(-0.115, -0.042, 0.992),(0.032, 0.000, 0.000),0.552,3.519,6.373,0.887,0.5461345,0
335616,1000001932185186800,63875742723073,(-0.062, 1.429, 0.294),(-0.012, -0.048, 0.012, 0.999),VALID,(-0.115, -0.044, 0.992),(0.000, 0.000, 0.000),64.325,VALID,(-0.026, 0.008, 1.000),(-0.032, 0.000, 0.000),0.515,3.302,6.415,0.897,VALID,(-0.115, -0.044, 0.992),(0.032, 0.000, 0.000),0.552,3.517,6.373,0.887,0.5335348,0
335617,1000001932190196600,63875742723084,(-0.062, 1.429, 0.294),(-0.012, -0.048, 0.012, 0.999),VALID,(-0.116, -0.045, 0.992),(0.000, 0.000, 0.000),64.325,VALID,(-0.025, 0.009, 1.000),(-0.032, 0.000, 0.000),0.515,3.305,6.415,0.895,VALID,(-0.116, -0.045, 0.992),(0.032, 0.000, 0.000),0.551,3.514,6.373,0.887,0.5209131,0
335618,1000001932195209300,63875742723084,(-0.062, 1.429, 0.294),(-0.012, -0.048, 0.012, 0.999),VALID,(-0.116, -0.046, 0.992),(0.000, 0.000, 0.000),64.325,VALID,(-0.025, 0.009, 1.000),(-0.032, 0.000, 0.000),0.515,3.306,6.415,0.895,VALID,(-0.116, -0.046, 0.992),(0.032, 0.000, 0.000),0.551,3.512,6.373,0.886,0.5108812,0
335619,1000001932200219100,63875742723095,(-0.062, 1.429, 0.294),(-0.012, -0.048, 0.012, 0.999),VALID,(-0.117, -0.047, 0.992),(0.000, 0.000, 0.000),64.325,VALID,(-0.025, 0.009, 1.000),(-0.032, 0.000, 0.000),0.515,3.305,6.415,0.894,VALID,(-0.117, -0.047, 0.992),(0.032, 0.000, 0.000),0.551,3.511,6.373,0.886,0.5043104,0
335620,1000001932205231800,63875742723095,(-0.062, 1.429, 0.294),(-0.012, -0.048, 0.012, 0.999),VALID,(-0.117, -0.048, 0.992),(0.000, 0.000, 0.000),64.325,VALID,(-0.025, 0.010, 1.000),(-0.032, 0.000, 0.000),0.515,3.305,6.415,0.894,VALID,(-0.117, -0.048, 0.992),(0.032, 0.000, 0.000),0.551,3.509,6.373,0.886,0.4988614,0
335621,1000001932210241600,63875742723107,(-0.062, 1.428, 0.294),(-0.012, -0.048, 0.012, 0.999),VALID,(-0.117, -0.049, 0.992),(0.000, 0.000, 0.000),64.325,VALID,(-0.025, 0.010, 1.000),(-0.032, 0.000, 0.000),0.515,3.302,6.415,0.893,VALID,(-0.117, -0.049, 0.992),(0.032, 0.000, 0.000),0.550,3.508,6.373,0.886,0.4944689,0
335622,1000001932215256800,63875742723107,(-0.062, 1.428, 0.294),(-0.012, -0.048, 0.012, 0.999),VALID,(-0.117, -0.049, 0.992),(0.000, 0.000, 0.000),64.325,VALID,(-0.025, 0.010, 1.000),(-0.032, 0.000, 0.000),0.514,3.296,6.415,0.893,VALID,(-0.117, -0.049, 0.992),(0.032, 0.000, 0.000),0.550,3.505,6.373,0.885,0.490806,0
335623,1000001932220283100,63875742723107,(-0.062, 1.428, 0.294),(-0.012, -0.048, 0.012, 0.999),VALID,(-0.117, -0.050, 0.992),(0.000, 0.000, 0.000),64.325,VALID,(-0.025, 0.010, 1.000),(-0.032, 0.000, 0.000),0.514,3.294,6.415,0.893,VALID,(-0.117, -0.050, 0.992),(0.032, 0.000, 0.000),0.550,3.504,6.373,0.885,0.4871546,0.3342039
335624,1000001932225294200,63875742723117,(-0.062, 1.429, 0.294),(-0.012, -0.048, 0.012, 0.999),VALID,(-0.117, -0.050, 0.992),(0.000, 0.000, 0.000),64.325,VALID,(-0.025, 0.010, 1.000),(-0.032, 0.000, 0.000),0.511,3.280,6.415,0.893,VALID,(-0.117, -0.050, 0.992),(0.032, 0.000, 0.000),0.550,3.503,6.373,0.885,0.4861261,0.6386249
335625,1000001932230305300,63875742723117,(-0.062, 1.429, 0.294),(-0.012, -0.048, 0.012, 0.999),VALID,(-0.117, -0.050, 0.992),(0.000, 0.000, 0.000),64.325,VALID,(-0.025, 0.010, 1.000),(-0.032, 0.000, 0.000),0.511,3.280,6.415,0.893,VALID,(-0.117, -0.050, 0.992),(0.032, 0.000, 0.000),0.550,3.502,6.373,0.885,0.4849319,0.8020597
335626,1000001932235316400,63875742723128,(-0.062, 1.428, 0.294),(-0.012, -0.048, 0.012, 0.999),VALID,(-0.117, -0.050, 0.992),(0.000, 0.000, 0.000),64.325,VALID,(-0.024, 0.010, 1.000),(-0.032, 0.000, 0.000),0.511,3.281,6.415,0.895,VALID,(-0.117, -0.050, 0.992),(0.032, 0.000, 0.000),0.549,3.502,6.373,0.885,0.4838518,0.9066949
335627,1000001932240327500,63875742723128,(-0.062, 1.428, 0.294),(-0.012, -0.048, 0.012, 0.999),VALID,(-0.117, -0.051, 0.992),(0.000, 0.000, 0.000),64.325,VALID,(-0.024, 0.010, 1.000),(-0.032, 0.000, 0.000),0.511,3.281,6.415,0.894,VALID,(-0.117, -0.051, 0.992),(0.032, 0.000, 0.000),0.549,3.501,6.373,0.884,0.482907,0.970941
335628,1000001932245338600,63875742723139,(-0.062, 1.429, 0.294),(-0.012, -0.048, 0.012, 0.999),VALID,(-0.117, -0.051, 0.992),(0.000, 0.000, 0.000),64.325,VALID,(-0.024, 0.010, 1.000),(-0.032, 0.000, 0.000),0.510,3.274,6.415,0.892,VALID,(-0.117, -0.051, 0.992),(0.032, 0.000, 0.000),0.549,3.501,6.373,0.884,0.4836368,1
335629,1000001932250351300,63875742723139,(-0.062, 1.429, 0.294),(-0.012, -0.048, 0.012, 0.999),VALID,(-0.117, -0.051, 0.992),(0.000, 0.000, 0.000),64.325,VALID,(-0.024, 0.010, 1.000),(-0.032, 0.000, 0.000),0.510,3.272,6.415,0.891,VALID,(-0.117, -0.051, 0.992),(0.032, 0.000, 0.000),0.549,3.501,6.373,0.884,0.4841887,1
335630,1000001932255362400,63875742723151,(-0.062, 1.428, 0.294),(-0.012, -0.048, 0.012, 0.999),VALID,(-0.117, -0.051, 0.992),(0.000, 0.000, 0.000),64.325,VALID,(-0.024, 0.010, 1.000),(-0.032, 0.000, 0.000),0.510,3.272,6.415,0.890,VALID,(-0.117, -0.051, 0.992),(0.032, 0.000, 0.000),0.549,3.500,6.373,0.884,0.4839123,1
335631,1000001932260368900,63875742723151,(-0.062, 1.428, 0.294),(-0.012, -0.048, 0.012, 0.999),VALID,(-0.117, -0.051, 0.992),(0.000, 0.000, 0.000),64.325,VALID,(-0.024, 0.010, 1.000),(-0.032, 0.000, 0.000),0.510,3.273,6.415,0.891,VALID,(-0.117, -0.051, 0.992),(0.032, 0.000, 0.000),0.549,3.500,6.373,0.884,0.4831102,1
335632,1000001932265380000,63875742723151,(-0.062, 1.428, 0.294),(-0.012, -0.048, 0.012, 0.999),VALID,(-0.117, -0.051, 0.992),(0.000, 0.000, 0.000),64.325,VALID,(-0.025, 0.010, 1.000),(-0.032, 0.000, 0.000),0.518,3.324,6.415,0.891,VALID,(-0.117, -0.051, 0.992),(0.032, 0.000, 0.000),0.549,3.500,6.373,0.884,0.4805508,1
335633,1000001932270391100,63875742723161,(-0.062, 1.428, 0.294),(-0.012, -0.048, 0.012, 0.999),VALID,(-0.117, -0.051, 0.992),(0.000, 0.000, 0.000),64.325,VALID,(-0.025, 0.011, 1.000),(-0.032, 0.000, 0.000),0.528,3.387,6.415,0.891,VALID,(-0.117, -0.051, 0.992),(0.032, 0.000, 0.000),0.549,3.500,6.373,0.884,0.4772798,1
335634,1000001932275390400,63875742723161,(-0.062, 1.428, 0.294),(-0.012, -0.048, 0.012, 0.999),VALID,(-0.117, -0.051, 0.992),(0.000, 0.000, 0.000),64.325,VALID,(-0.025, 0.011, 1.000),(-0.032, 0.000, 0.000),0.527,3.382,6.415,0.892,VALID,(-0.117, -0.051, 0.992),(0.032, 0.000, 0.000),0.549,3.500,6.373,0.883,0.475466,1
335635,1000001932280400200,63875742723172,(-0.062, 1.429, 0.294),(-0.012, -0.048, 0.012, 0.999),VALID,(-0.116, -0.051, 0.992),(0.000, 0.000, 0.000),64.325,VALID,(-0.025, 0.012, 1.000),(-0.032, 0.000, 0.000),0.524,3.362,6.415,0.892,VALID,(-0.116, -0.051, 0.992),(0.032, 0.000, 0.000),0.549,3.500,6.373,0.883,0.4743282,1
335636,1000001932285411300,63875742723172,(-0.062, 1.429, 0.294),(-0.012, -0.048, 0.012, 0.999),VALID,(-0.116, -0.051, 0.992),(0.000, 0.000, 0.000),64.325,VALID,(-0.025, 0.012, 1.000),(-0.032, 0.000, 0.000),0.515,3.306,6.415,0.892,VALID,(-0.116, -0.051, 0.992),(0.032, 0.000, 0.000),0.549,3.501,6.373,0.883,0.4741913,1
335637,1000001932290435300,63875742723184,(-0.062, 1.429, 0.294),(-0.012, -0.048, 0.012, 0.999),VALID,(-0.116, -0.051, 0.992),(0.000, 0.000, 0.000),64.325,VALID,(-0.025, 0.012, 1.000),(-0.032, 0.000, 0.000),0.513,3.293,6.415,0.891,VALID,(-0.116, -0.051, 0.992),(0.032, 0.000, 0.000),0.549,3.501,6.373,0.883,0.4739739,1
335638,1000001932295456400,63875742723184,(-0.062, 1.429, 0.294),(-0.012, -0.048, 0.012, 0.999),VALID,(-0.116, -0.051, 0.992),(0.000, 0.000, 0.000),64.325,VALID,(-0.025, 0.012, 1.000),(-0.032, 0.000, 0.000),0.513,3.290,6.415,0.891,VALID,(-0.116, -0.051, 0.992),(0.032, 0.000, 0.000),0.549,3.502,6.373,0.883,0.4739672,1
335639,1000001932300474500,63875742723195,(-0.061, 1.429, 0.294),(-0.012, -0.048, 0.012, 0.999),VALID,(-0.116, -0.051, 0.992),(0.000, 0.000, 0.000),64.325,VALID,(-0.025, 0.012, 1.000),(-0.032, 0.000, 0.000),0.513,3.289,6.415,0.891,VALID,(-0.116, -0.051, 0.992),(0.032, 0.000, 0.000),0.550,3.503,6.373,0.883,0.4736862,1
335640,1000001932305441600,63875742723195,(-0.061, 1.429, 0.294),(-0.012, -0.048, 0.012, 0.999),VALID,(-0.116, -0.051, 0.992),(0.000, 0.000, 0.000),64.325,VALID,(-0.025, 0.012, 1.000),(-0.032, 0.000, 0.000),0.512,3.286,6.415,0.891,VALID,(-0.116, -0.051, 0.992),(0.032, 0.000, 0.000),0.550,3.505,6.373,0.883,0.4742104,1
335641,1000001932310479600,63875742723206,(-0.061, 1.429, 0.294),(-0.012, -0.048, 0.013, 0.999),VALID,(-0.116, -0.052, 0.992),(0.000, 0.000, 0.000),64.325,VALID,(-0.025, 0.011, 1.000),(-0.032, 0.000, 0.000),0.512,3.285,6.415,0.891,VALID,(-0.116, -0.052, 0.992),(0.032, 0.000, 0.000),0.550,3.507,6.373,0.883,0.4745789,1
335642,1000001932315512800,63875742723206,(-0.061, 1.429, 0.294),(-0.012, -0.048, 0.013, 0.999),VALID,(-0.116, -0.052, 0.992),(0.000, 0.000, 0.000),64.325,VALID,(-0.026, 0.011, 1.000),(-0.032, 0.000, 0.000),0.513,3.290,6.415,0.890,VALID,(-0.116, -0.052, 0.992),(0.032, 0.000, 0.000),0.551,3.509,6.373,0.883,0.4744315,1
335643,1000001932320530900,63875742723217,(-0.061, 1.429, 0.294),(-0.012, -0.048, 0.013, 0.999),VALID,(-0.116, -0.052, 0.992),(0.000, 0.000, 0.000),64.325,VALID,(-0.026, 0.012, 1.000),(-0.032, 0.000, 0.000),0.514,3.297,6.415,0.891,VALID,(-0.116, -0.052, 0.992),(0.032, 0.000, 0.000),0.551,3.512,6.373,0.883,0.4742967,1
335644,1000001932325552000,63875742723217,(-0.061, 1.429, 0.294),(-0.012, -0.048, 0.013, 0.999),VALID,(-0.116, -0.052, 0.992),(0.000, 0.000, 0.000),64.325,VALID,(-0.026, 0.012, 1.000),(-0.032, 0.000, 0.000),0.515,3.301,6.415,0.890,VALID,(-0.116, -0.052, 0.992),(0.032, 0.000, 0.000),0.552,3.516,6.373,0.882,0.4746094,1
335645,1000001932330570100,63875742723217,(-0.061, 1.429, 0.294),(-0.012, -0.048, 0.013, 0.999),VALID,(-0.116, -0.051, 0.992),(0.000, 0.000, 0.000),64.325,VALID,(-0.026, 0.012, 1.000),(-0.032, 0.000, 0.000),0.526,3.377,6.415,0.890,VALID,(-0.116, -0.051, 0.992),(0.032, 0.000, 0.000),0.552,3.519,6.373,0.882,0.4744748,1
335646,1000001932335593200,63875742723228,(-0.061, 1.429, 0.294),(-0.012, -0.048, 0.013, 0.999),VALID,(-0.116, -0.051, 0.992),(0.000, 0.000, 0.000),64.325,VALID,(-0.026, 0.012, 1.000),(-0.032, 0.000, 0.000),0.529,3.393,6.415,0.889,VALID,(-0.116, -0.051, 0.992),(0.032, 0.000, 0.000),0.552,3.521,6.373,0.882,0.4739745,1
335647,1000001932340611300,63875742723228,(-0.061, 1.429, 0.294),(-0.012, -0.048, 0.013, 0.999),VALID,(-0.115, -0.051, 0.992),(0.000, 0.000, 0.000),64.325,VALID,(-0.027, 0.013, 1.000),(-0.032, 0.000, 0.000),0.532,3.414,6.415,0.889,VALID,(-0.116, -0.051, 0.992),(0.032, 0.000, 0.000),0.553,3.523,6.373,0.882,0.4728023,1
335648,1000001932345584400,63875742723239,(-0.061, 1.428, 0.294),(-0.012, -0.048, 0.013, 0.999),VALID,(-0.115, -0.051, 0.992),(0.000, 0.000, 0.000),64.325,VALID,(-0.027, 0.013, 1.000),(-0.032, 0.000, 0.000),0.533,3.417,6.415,0.889,VALID,(-0.115, -0.051, 0.992),(0.032, 0.000, 0.000),0.553,3.525,6.373,0.882,0.4713209,1
335649,1000001932350605500,63875742723239,(-0.061, 1.428, 0.294),(-0.012, -0.048, 0.013, 0.999),VALID,(-0.115, -0.051, 0.992),(0.000, 0.000, 0.000),64.325,VALID,(-0.027, 0.013, 1.000),(-0.032, 0.000, 0.000),0.532,3.411,6.415,0.889,VALID,(-0.115, -0.051, 0.992),(0.032, 0.000, 0.000),0.553,3.527,6.373,0.882,0.4702085,1
335650,1000001932355619900,63875742723251,(-0.061, 1.428, 0.294),(-0.011, -0.048, 0.013, 0.999),VALID,(-0.115, -0.051, 0.992),(0.000, 0.000, 0.000),64.325,VALID,(-0.027, 0.014, 1.000),(-0.032, 0.000, 0.000),0.530,3.398,6.415,0.890,VALID,(-0.115, -0.051, 0.992),(0.032, 0.000, 0.000),0.554,3.529,6.373,0.882,0.4691702,1
335651,1000001932360641000,63875742723251,(-0.061, 1.428, 0.294),(-0.011, -0.048, 0.013, 0.999),VALID,(-0.115, -0.051, 0.992),(0.000, 0.000, 0.000),64.325,VALID,(-0.027, 0.013, 1.000),(-0.032, 0.000, 0.000),0.521,3.340,6.415,0.890,VALID,(-0.115, -0.051, 0.992),(0.032, 0.000, 0.000),0.554,3.532,6.373,0.882,0.4712047,1
335652,1000001932365630900,63875742723251,(-0.061, 1.428, 0.294),(-0.011, -0.048, 0.013, 0.999),VALID,(-0.115, -0.051, 0.992),(0.000, 0.000, 0.000),64.325,VALID,(-0.027, 0.013, 1.000),(-0.032, 0.000, 0.000),0.518,3.326,6.415,0.889,VALID,(-0.115, -0.051, 0.992),(0.032, 0.000, 0.000),0.555,3.534,6.373,0.882,0.4722551,1
335653,1000001932370652000,63875742723261,(-0.061, 1.428, 0.294),(-0.011, -0.048, 0.013, 0.999),VALID,(-0.115, -0.051, 0.992),(0.000, 0.000, 0.000),64.325,VALID,(-0.027, 0.013, 1.000),(-0.032, 0.000, 0.000),0.519,3.329,6.415,0.889,VALID,(-0.115, -0.051, 0.992),(0.032, 0.000, 0.000),0.555,3.536,6.373,0.881,0.4719463,1
335654,1000001932375670100,63875742723262,(-0.061, 1.428, 0.294),(-0.011, -0.048, 0.013, 0.999),VALID,(-0.115, -0.051, 0.992),(0.000, 0.000, 0.000),64.325,VALID,(-0.027, 0.013, 1.000),(-0.032, 0.000, 0.000),0.526,3.375,6.415,0.889,VALID,(-0.115, -0.051, 0.992),(0.032, 0.000, 0.000),0.555,3.539,6.373,0.881,0.4708272,1
335655,1000001932380691200,63875742723272,(-0.061, 1.428, 0.294),(-0.011, -0.048, 0.013, 0.999),VALID,(-0.115, -0.051, 0.992),(0.000, 0.000, 0.000),64.325,VALID,(-0.027, 0.014, 1.000),(-0.032, 0.000, 0.000),0.529,3.394,6.415,0.890,VALID,(-0.115, -0.051, 0.992),(0.032, 0.000, 0.000),0.556,3.543,6.373,0.881,0.4696952,1
335656,1000001932385712300,63875742723272,(-0.061, 1.428, 0.294),(-0.011, -0.048, 0.013, 0.999),VALID,(-0.115, -0.052, 0.992),(0.000, 0.000, 0.000),64.325,VALID,(-0.027, 0.014, 1.000),(-0.032, 0.000, 0.000),0.531,3.405,6.415,0.889,VALID,(-0.115, -0.052, 0.992),(0.032, 0.000, 0.000),0.557,3.547,6.373,0.881,0.467944,1
335657,1000001932390689700,63875742723284,(-0.061, 1.428, 0.294),(-0.011, -0.048, 0.013, 0.999),VALID,(-0.115, -0.052, 0.992),(0.000, 0.000, 0.000),64.325,VALID,(-0.027, 0.014, 1.000),(-0.032, 0.000, 0.000),0.531,3.408,6.415,0.890,VALID,(-0.115, -0.052, 0.992),(0.032, 0.000, 0.000),0.557,3.551,6.373,0.881,0.4661018,1
335658,1000001932395710800,63875742723284,(-0.061, 1.428, 0.294),(-0.011, -0.048, 0.013, 0.999),VALID,(-0.115, -0.052, 0.992),(0.000, 0.000, 0.000),64.325,VALID,(-0.028, 0.015, 1.000),(-0.032, 0.000, 0.000),0.533,3.420,6.415,0.889,VALID,(-0.115, -0.052, 0.992),(0.032, 0.000, 0.000),0.558,3.553,6.373,0.881,0.4634652,1
335659,1000001932400729100,63875742723295,(-0.061, 1.429, 0.294),(-0.011, -0.048, 0.013, 0.999),VALID,(-0.115, -0.052, 0.992),(0.000, 0.000, 0.000),64.325,VALID,(-0.028, 0.015, 1.000),(-0.032, 0.000, 0.000),0.535,3.429,6.415,0.887,VALID,(-0.115, -0.052, 0.992),(0.032, 0.000, 0.000),0.558,3.555,6.373,0.881,0.4605164,1
335660,1000001932405738500,63875742723295,(-0.061, 1.429, 0.294),(-0.011, -0.048, 0.013, 0.999),VALID,(-0.115, -0.052, 0.992),(0.000, 0.000, 0.000),64.325,VALID,(-0.028, 0.016, 0.999),(-0.032, 0.000, 0.000),0.538,3.449,6.415,0.887,VALID,(-0.115, -0.052, 0.992),(0.032, 0.000, 0.000),0.558,3.557,6.373,0.881,0.4567259,1
335661,1000001932410738700,63875742723306,(-0.061, 1.429, 0.294),(-0.011, -0.048, 0.013, 0.999),VALID,(-0.114, -0.052, 0.992),(0.000, 0.000, 0.000),64.325,VALID,(-0.028, 0.017, 0.999),(-0.032, 0.000, 0.000),0.542,3.474,6.415,0.886,VALID,(-0.114, -0.052, 0.992),(0.032, 0.000, 0.000),0.559,3.560,6.373,0.880,0.4518892,1
335662,1000001932415765200,63875742723306,(-0.061, 1.429, 0.294),(-0.011, -0.048, 0.013, 0.999),VALID,(-0.114, -0.052, 0.992),(0.000, 0.000, 0.000),64.325,VALID,(-0.028, 0.018, 0.999),(-0.032, 0.000, 0.000),0.543,3.481,6.415,0.886,VALID,(-0.114, -0.052, 0.992),(0.032, 0.000, 0.000),0.559,3.563,6.373,0.880,0.4474782,1
335663,1000001932420777600,63875742723306,(-0.061, 1.429, 0.294),(-0.011, -0.048, 0.013, 0.999),VALID,(-0.114, -0.052, 0.992),(0.000, 0.000, 0.000),64.325,VALID,(-0.028, 0.019, 0.999),(-0.032, 0.000, 0.000),0.544,3.490,6.415,0.885,VALID,(-0.114, -0.052, 0.992),(0.032, 0.000, 0.000),0.560,3.567,6.373,0.880,0.4428954,1
335664,1000001932425800800,63875742723316,(-0.061, 1.429, 0.294),(-0.011, -0.048, 0.013, 0.999),VALID,(-0.114, -0.052, 0.992),(0.000, 0.000, 0.000),64.325,VALID,(-0.028, 0.020, 0.999),(-0.032, 0.000, 0.000),0.545,3.499,6.415,0.886,VALID,(-0.114, -0.052, 0.992),(0.032, 0.000, 0.000),0.560,3.572,6.373,0.880,0.438399,1
335665,1000001932430813200,63875742723316,(-0.061, 1.429, 0.294),(-0.011, -0.048, 0.013, 0.999),VALID,(-0.114, -0.052, 0.992),(0.000, 0.000, 0.000),64.325,VALID,(-0.028, 0.020, 0.999),(-0.032, 0.000, 0.000),0.546,3.504,6.415,0.886,VALID,(-0.114, -0.052, 0.992),(0.032, 0.000, 0.000),0.561,3.575,6.373,0.880,0.4341844,1
335666,1000001932435961300,63875742723328,(-0.061, 1.429, 0.294),(-0.011, -0.048, 0.013, 0.999),VALID,(-0.114, -0.052, 0.992),(0.000, 0.000, 0.000),64.325,VALID,(-0.028, 0.021, 0.999),(-0.032, 0.000, 0.000),0.547,3.511,6.415,0.885,VALID,(-0.114, -0.052, 0.992),(0.032, 0.000, 0.000),0.562,3.582,6.373,0.879,0.4302469,1
335667,1000001932440958500,63875742723328,(-0.061, 1.429, 0.294),(-0.011, -0.048, 0.013, 0.999),VALID,(-0.114, -0.052, 0.992),(0.000, 0.000, 0.000),64.325,VALID,(-0.028, 0.022, 0.999),(-0.032, 0.000, 0.000),0.548,3.515,6.415,0.885,VALID,(-0.114, -0.052, 0.992),(0.032, 0.000, 0.000),0.563,3.588,6.373,0.879,0.4267516,1
335668,1000001932445791600,63875742723339,(-0.061, 1.429, 0.294),(-0.011, -0.048, 0.013, 0.999),VALID,(-0.114, -0.052, 0.992),(0.000, 0.000, 0.000),64.325,VALID,(-0.028, 0.023, 0.999),(-0.032, 0.000, 0.000),0.549,3.525,6.415,0.885,VALID,(-0.114, -0.052, 0.992),(0.032, 0.000, 0.000),0.564,3.592,6.373,0.879,0.4228283,1
335669,1000001932450824900,63875742723339,(-0.061, 1.429, 0.294),(-0.011, -0.048, 0.013, 0.999),VALID,(-0.113, -0.052, 0.992),(0.000, 0.000, 0.000),64.325,VALID,(-0.028, 0.023, 0.999),(-0.032, 0.000, 0.000),0.548,3.518,6.415,0.885,VALID,(-0.113, -0.052, 0.992),(0.032, 0.000, 0.000),0.564,3.597,6.373,0.878,0.4213208,1
335670,1000001932455820400,63875742723351,(-0.061, 1.429, 0.294),(-0.011, -0.048, 0.013, 0.999),VALID,(-0.113, -0.052, 0.992),(0.000, 0.000, 0.000),64.325,VALID,(-0.028, 0.024, 0.999),(-0.032, 0.000, 0.000),0.548,3.515,6.415,0.884,VALID,(-0.113, -0.052, 0.992),(0.032, 0.000, 0.000),0.565,3.599,6.373,0.878,0.4200037,1
335671,1000001932460822800,63875742723351,(-0.061, 1.429, 0.294),(-0.011, -0.048, 0.013, 0.999),VALID,(-0.113, -0.052, 0.992),(0.000, 0.000, 0.000),64.325,VALID,(-0.028, 0.024, 0.999),(-0.032, 0.000, 0.000),0.548,3.513,6.415,0.884,VALID,(-0.113, -0.052, 0.992),(0.032, 0.000, 0.000),0.565,3.603,6.373,0.878,0.4191187,1
335672,1000001932465826800,63875742723361,(-0.061, 1.429, 0.294),(-0.011, -0.048, 0.013, 0.999),VALID,(-0.113, -0.052, 0.992),(0.000, 0.000, 0.000),64.325,VALID,(-0.029, 0.024, 0.999),(-0.032, 0.000, 0.000),0.548,3.513,6.415,0.883,VALID,(-0.113, -0.052, 0.992),(0.032, 0.000, 0.000),0.566,3.606,6.373,0.877,0.4179757,1
335673,1000001932470886500,63875742723361,(-0.061, 1.429, 0.294),(-0.011, -0.048, 0.013, 0.999),VALID,(-0.113, -0.052, 0.992),(0.000, 0.000, 0.000),64.325,VALID,(-0.029, 0.025, 0.999),(-0.032, 0.000, 0.000),0.551,3.532,6.415,0.882,VALID,(-0.113, -0.052, 0.992),(0.032, 0.000, 0.000),0.566,3.609,6.373,0.877,0.4156411,1
335674,1000001932475889700,63875742723361,(-0.061, 1.429, 0.294),(-0.011, -0.048, 0.013, 0.999),VALID,(-0.113, -0.052, 0.992),(0.000, 0.000, 0.000),64.325,VALID,(-0.029, 0.025, 0.999),(-0.032, 0.000, 0.000),0.551,3.536,6.415,0.880,VALID,(-0.113, -0.052, 0.992),(0.032, 0.000, 0.000),0.567,3.611,6.373,0.877,0.4139698,1
335675,1000001932480919600,63875742723372,(-0.061, 1.429, 0.294),(-0.012, -0.048, 0.013, 0.999),VALID,(-0.113, -0.052, 0.992),(0.000, 0.000, 0.000),64.325,VALID,(-0.029, 0.025, 0.999),(-0.032, 0.000, 0.000),0.552,3.538,6.415,0.878,VALID,(-0.113, -0.052, 0.992),(0.032, 0.000, 0.000),0.567,3.613,6.373,0.876,0.4125812,1
335676,1000001932485922800,63875742723372,(-0.061, 1.429, 0.294),(-0.012, -0.048, 0.013, 0.999),VALID,(-0.113, -0.052, 0.992),(0.000, 0.000, 0.000),64.325,VALID,(-0.029, 0.025, 0.999),(-0.032, 0.000, 0.000),0.551,3.537,6.415,0.875,VALID,(-0.113, -0.052, 0.992),(0.032, 0.000, 0.000),0.567,3.616,6.373,0.876,0.4122682,1
335677,1000001932490935200,63875742723384,(-0.061, 1.429, 0.294),(-0.012, -0.048, 0.013, 0.999),VALID,(-0.113, -0.052, 0.992),(0.000, 0.000, 0.000),64.325,VALID,(-0.029, 0.024, 0.999),(-0.032, 0.000, 0.000),0.543,3.484,6.415,0.874,VALID,(-0.113, -0.052, 0.992),(0.032, 0.000, 0.000),0.568,3.618,6.373,0.875,0.4171506,1
335678,1000001932495938400,63875742723384,(-0.061, 1.429, 0.294),(-0.012, -0.048, 0.013, 0.999),VALID,(-0.113, -0.051, 0.992),(0.000, 0.000, 0.000),64.325,VALID,(-0.028, 0.024, 0.999),(-0.032, 0.000, 0.000),0.541,3.472,6.415,0.872,VALID,(-0.113, -0.051, 0.992),(0.032, 0.000, 0.000),0.569,3.629,6.373,0.875,0.4227066,0.9461646
335679,1000001932500956900,63875742723395,(-0.061, 1.429, 0.294),(-0.012, -0.048, 0.013, 0.999),VALID,(-0.113, -0.051, 0.992),(0.000, 0.000, 0.000),64.325,VALID,(-0.028, 0.023, 0.999),(-0.032, 0.000, 0.000),0.540,3.467,6.415,0.858,VALID,(-0.113, -0.051, 0.992),(0.032, 0.000, 0.000),0.572,3.645,6.373,0.874,0.4271386,0.7883113
335680,1000001932505960100,63875742723395,(-0.061, 1.429, 0.294),(-0.012, -0.048, 0.013, 0.999),VALID,(-0.113, -0.051, 0.992),(0.000, 0.000, 0.000),64.325,VALID,(-0.025, 0.020, 0.999),(-0.032, 0.000, 0.000),0.542,3.474,6.415,0.845,VALID,(-0.113, -0.051, 0.992),(0.032, 0.000, 0.000),0.574,3.660,6.373,0.873,0.4371685,0.5868612
335681,1000001932510969100,63875742723406,(-0.061, 1.429, 0.294),(-0.012, -0.048, 0.013, 0.999),VALID,(-0.111, -0.053, 0.992),(0.000, 0.000, 0.000),64.325,VALID,(-0.017, 0.014, 1.000),(-0.032, 0.000, 0.000),0.554,3.551,6.415,0.832,VALID,(-0.111, -0.053, 0.992),(0.032, 0.000, 0.000),0.574,3.659,6.373,0.874,0.4493135,0.1029742
335682,1000001932515978100,63875742723406,(-0.061, 1.429, 0.294),(-0.012, -0.048, 0.013, 0.999),VALID,(-0.105, -0.061, 0.993),(0.000, 0.000, 0.000),64.325,VALID,(0.003, -0.002, 1.000),(-0.032, 0.000, 0.000),0.545,3.499,6.415,0.819,VALID,(-0.105, -0.061, 0.993),(0.032, 0.000, 0.000),0.574,3.657,6.373,0.875,0.4564693,0
335683,1000001932520987100,63875742723416,(-0.061, 1.429, 0.294),(-0.012, -0.048, 0.013, 0.999),VALID,(-0.093, -0.073, 0.993),(0.000, 0.000, 0.000),64.325,VALID,(0.027, -0.023, 0.999),(-0.032, 0.000, 0.000),0.537,3.445,6.415,0.808,VALID,(-0.093, -0.073, 0.993),(0.032, 0.000, 0.000),0.574,3.658,6.373,0.877,0.4554382,0
335684,1000001932526026900,63875742723417,(-0.061, 1.429, 0.294),(-0.012, -0.048, 0.013, 0.999),VALID,(-0.077, -0.092, 0.993),(0.000, 0.000, 0.000),64.325,VALID,(0.060, -0.050, 0.997),(-0.032, 0.000, 0.000),0.536,3.438,6.415,0.798,VALID,(-0.077, -0.092, 0.993),(0.032, 0.000, 0.000),0.575,3.664,6.373,0.878,0.42533,0
335685,1000001932531035900,63875742723417,(-0.061, 1.429, 0.294),(-0.012, -0.048, 0.013, 0.999),VALID,(-0.057, -0.116, 0.992),(0.000, 0.000, 0.000),64.325,VALID,(0.088, -0.069, 0.994),(-0.032, 0.000, 0.000),0.542,3.478,6.415,0.789,VALID,(-0.057, -0.116, 0.992),(0.032, 0.000, 0.000),0.575,3.665,6.373,0.880,0.4015994,0
335686,1000001932536044900,63875742723428,(-0.061, 1.429, 0.294),(-0.012, -0.048, 0.013, 0.999),VALID,(-0.034, -0.137, 0.990),(0.000, 0.000, 0.000),64.325,VALID,(0.067, -0.112, 0.991),(-0.032, 0.000, 0.000),0.565,3.625,6.415,0.780,VALID,(-0.034, -0.137, 0.990),(0.032, 0.000, 0.000),0.576,3.669,6.373,0.882,0.5931585,0
335687,1000001932541048100,63875742723428,(-0.061, 1.429, 0.294),(-0.012, -0.048, 0.013, 0.999),VALID,(-0.012, -0.158, 0.987),(0.000, 0.000, 0.000),64.325,VALID,(0.098, -0.113, 0.989),(-0.032, 0.000, 0.000),0.567,3.640,6.415,0.772,VALID,(-0.012, -0.158, 0.987),(0.032, 0.000, 0.000),0.576,3.671,6.373,0.884,0.5016295,0
335688,1000001932546057100,63875742723439,(-0.061, 1.429, 0.294),(-0.012, -0.048, 0.013, 0.999),VALID,(0.008, -0.175, 0.984),(0.000, 0.000, 0.000),64.325,VALID,(0.127, -0.122, 0.984),(-0.032, 0.000, 0.000),0.559,3.589,6.415,0.764,VALID,(0.008, -0.175, 0.984),(0.032, 0.000, 0.000),0.576,3.669,6.373,0.886,0.4496588,0
335689,1000001932551042100,63875742723439,(-0.061, 1.429, 0.294),(-0.012, -0.048, 0.013, 0.999),VALID,(0.022, -0.187, 0.982),(0.000, 0.000, 0.000),64.325,VALID,(0.146, -0.127, 0.981),(-0.032, 0.000, 0.000),0.557,3.572,6.415,0.757,VALID,(0.022, -0.187, 0.982),(0.032, 0.000, 0.000),0.576,3.669,6.373,0.888,0.4204724,0
335690,1000001932556051100,63875742723451,(-0.061, 1.429, 0.294),(-0.012, -0.048, 0.013, 0.999),VALID,(0.032, -0.195, 0.980),(0.000, 0.000, 0.000),64.325,VALID,(0.157, -0.130, 0.979),(-0.032, 0.000, 0.000),0.557,3.572,6.415,0.751,VALID,(0.032, -0.195, 0.980),(0.032, 0.000, 0.000),0.576,3.669,6.373,0.889,0.4015937,0
335691,1000001932561117700,63875742723451,(-0.061, 1.429, 0.294),(-0.012, -0.048, 0.013, 0.999),VALID,(0.039, -0.201, 0.979),(0.000, 0.000, 0.000),64.325,VALID,(0.164, -0.131, 0.978),(-0.032, 0.000, 0.000),0.558,3.579,6.415,0.747,VALID,(0.039, -0.201, 0.979),(0.032, 0.000, 0.000),0.576,3.670,6.373,0.891,0.3891321,0
335692,1000001932566126700,63875742723461,(-0.061, 1.429, 0.294),(-0.012, -0.048, 0.013, 0.999),VALID,(0.043, -0.206, 0.978),(0.000, 0.000, 0.000),64.325,VALID,(0.169, -0.132, 0.977),(-0.032, 0.000, 0.000),0.559,3.587,6.415,0.744,VALID,(0.043, -0.206, 0.978),(0.032, 0.000, 0.000),0.576,3.674,6.373,0.892,0.3796728,0
335693,1000001932571135700,63875742723462,(-0.061, 1.429, 0.294),(-0.012, -0.048, 0.013, 0.999),VALID,(0.047, -0.209, 0.977),(0.000, 0.000, 0.000),64.325,VALID,(0.171, -0.132, 0.976),(-0.032, 0.000, 0.000),0.561,3.599,6.415,0.740,VALID,(0.047, -0.209, 0.977),(0.032, 0.000, 0.000),0.577,3.679,6.373,0.893,0.3721803,0
335694,1000001932576165100,63875742723462,(-0.061, 1.429, 0.294),(-0.012, -0.048, 0.013, 0.999),VALID,(0.049, -0.212, 0.976),(0.000, 0.000, 0.000),64.325,VALID,(0.172, -0.132, 0.976),(-0.032, 0.000, 0.000),0.563,3.611,6.415,0.737,VALID,(0.049, -0.212, 0.976),(0.032, 0.000, 0.000),0.578,3.683,6.373,0.893,0.3660488,0
335695,1000001932581196200,63875742723473,(-0.061, 1.429, 0.294),(-0.012, -0.048, 0.013, 0.999),VALID,(0.050, -0.214, 0.976),(0.000, 0.000, 0.000),64.325,VALID,(0.173, -0.132, 0.976),(-0.032, 0.000, 0.000),0.564,3.615,6.415,0.735,VALID,(0.050, -0.214, 0.976),(0.032, 0.000, 0.000),0.578,3.686,6.373,0.894,0.3614613,0
335696,1000001932586227300,63875742723484,(-0.060, 1.429, 0.294),(-0.012, -0.048, 0.013, 0.999),VALID,(0.051, -0.215, 0.975),(0.000, 0.000, 0.000),64.325,VALID,(0.174, -0.132, 0.976),(-0.032, 0.000, 0.000),0.564,3.618,6.415,0.732,VALID,(0.051, -0.215, 0.975),(0.032, 0.000, 0.000),0.579,3.688,6.373,0.895,0.3592841,0
335697,1000001932591258400,63875742723484,(-0.060, 1.429, 0.294),(-0.012, -0.048, 0.013, 0.999),VALID,(0.053, -0.216, 0.975),(0.000, 0.000, 0.000),64.325,VALID,(0.174, -0.132, 0.976),(-0.032, 0.000, 0.000),0.564,3.618,6.415,0.731,VALID,(0.053, -0.216, 0.975),(0.032, 0.000, 0.000),0.579,3.688,6.373,0.895,0.3587205,0
335698,1000001932596289500,63875742723484,(-0.060, 1.429, 0.294),(-0.012, -0.048, 0.013, 0.999),VALID,(0.054, -0.217, 0.975),(0.000, 0.000, 0.000),64.325,VALID,(0.174, -0.133, 0.976),(-0.032, 0.000, 0.000),0.564,3.618,6.415,0.729,VALID,(0.054, -0.217, 0.975),(0.032, 0.000, 0.000),0.579,3.688,6.373,0.895,0.3579153,0
335699,1000001932601178100,63875742723495,(-0.060, 1.429, 0.294),(-0.011, -0.048, 0.013, 0.999),VALID,(0.055, -0.217, 0.975),(0.000, 0.000, 0.000),64.325,VALID,(0.174, -0.133, 0.976),(-0.032, 0.000, 0.000),0.564,3.618,6.415,0.728,VALID,(0.055, -0.217, 0.975),(0.032, 0.000, 0.000),0.579,3.688,6.373,0.896,0.3577795,0
335700,1000001932606215000,63875742723495,(-0.060, 1.429, 0.294),(-0.011, -0.048, 0.013, 0.999),VALID,(0.056, -0.218, 0.974),(0.000, 0.000, 0.000),64.325,VALID,(0.173, -0.133, 0.976),(-0.032, 0.000, 0.000),0.564,3.618,6.415,0.726,VALID,(0.056, -0.218, 0.974),(0.032, 0.000, 0.000),0.578,3.687,6.373,0.896,0.3572814,0
335701,1000001932611246100,63875742723506,(-0.060, 1.429, 0.294),(-0.011, -0.048, 0.013, 0.999),VALID,(0.056, -0.218, 0.974),(0.000, 0.000, 0.000),64.325,VALID,(0.173, -0.133, 0.976),(-0.032, 0.000, 0.000),0.564,3.618,6.415,0.725,VALID,(0.056, -0.218, 0.974),(0.032, 0.000, 0.000),0.578,3.685,6.373,0.896,0.3569234,0
335702,1000001932616244600,63875742723506,(-0.060, 1.429, 0.294),(-0.011, -0.048, 0.013, 0.999),VALID,(0.057, -0.219, 0.974),(0.000, 0.000, 0.000),64.325,VALID,(0.172, -0.133, 0.976),(-0.032, 0.000, 0.000),0.564,3.618,6.415,0.724,VALID,(0.057, -0.219, 0.974),(0.032, 0.000, 0.000),0.578,3.685,6.373,0.897,0.3569975,0
335703,1000001932621242500,63875742723506,(-0.060, 1.429, 0.294),(-0.011, -0.048, 0.013, 0.999),VALID,(0.057, -0.219, 0.974),(0.000, 0.000, 0.000),64.325,VALID,(0.172, -0.133, 0.976),(-0.032, 0.000, 0.000),0.564,3.618,6.415,0.723,VALID,(0.057, -0.219, 0.974),(0.032, 0.000, 0.000),0.578,3.685,6.373,0.897,0.3569117,0
335704,1000001932626273600,63875742723517,(-0.060, 1.429, 0.294),(-0.011, -0.048, 0.012, 0.999),VALID,(0.057, -0.219, 0.974),(0.000, 0.000, 0.000),64.325,VALID,(0.172, -0.133, 0.976),(-0.032, 0.000, 0.000),0.564,3.618,6.415,0.722,VALID,(0.057, -0.219, 0.974),(0.032, 0.000, 0.000),0.578,3.685,6.373,0.897,0.3568368,0.06691911
335705,1000001932631264700,63875742723517,(-0.060, 1.429, 0.294),(-0.011, -0.048, 0.012, 0.999),VALID,(0.057, -0.219, 0.974),(0.000, 0.000, 0.000),64.325,VALID,(0.171, -0.133, 0.976),(-0.032, 0.000, 0.000),0.564,3.619,6.415,0.721,VALID,(0.057, -0.219, 0.974),(0.032, 0.000, 0.000),0.578,3.685,6.373,0.897,0.3564164,0.3528593
335706,1000001932636295800,63875742723528,(-0.060, 1.429, 0.294),(-0.011, -0.048, 0.012, 0.999),VALID,(0.057, -0.219, 0.974),(0.000, 0.000, 0.000),64.325,VALID,(0.171, -0.133, 0.976),(-0.032, 0.000, 0.000),0.564,3.621,6.415,0.720,VALID,(0.057, -0.219, 0.974),(0.032, 0.000, 0.000),0.578,3.686,6.373,0.897,0.3558647,0.6608971
335707,1000001932641326900,63875742723528,(-0.060, 1.429, 0.294),(-0.011, -0.048, 0.012, 0.999),VALID,(0.057, -0.220, 0.974),(0.000, 0.000, 0.000),64.325,VALID,(0.170, -0.133, 0.976),(-0.032, 0.000, 0.000),0.564,3.621,6.415,0.720,VALID,(0.057, -0.220, 0.974),(0.032, 0.000, 0.000),0.579,3.688,6.373,0.898,0.3555222,0.8608479
335708,1000001932646301200,63875742723539,(-0.060, 1.429, 0.294),(-0.011, -0.048, 0.012, 0.999),VALID,(0.057, -0.220, 0.974),(0.000, 0.000, 0.000),64.325,VALID,(0.170, -0.133, 0.976),(-0.032, 0.000, 0.000),0.564,3.621,6.415,0.719,VALID,(0.057, -0.220, 0.974),(0.032, 0.000, 0.000),0.579,3.690,6.373,0.898,0.3552043,0.8895241
335709,1000001932651317800,63875742723539,(-0.060, 1.429, 0.294),(-0.011, -0.048, 0.012, 0.999),VALID,(0.057, -0.220, 0.974),(0.000, 0.000, 0.000),64.325,VALID,(0.166, -0.151, 0.975),(-0.032, 0.000, 0.000),0.564,3.620,6.415,0.718,VALID,(0.057, -0.220, 0.974),(0.032, 0.000, 0.000),0.579,3.693,6.373,0.898,0.4185128,0.9236895
335710,1000001932656336000,63875742723551,(-0.060, 1.429, 0.294),(-0.011, -0.048, 0.012, 0.999),VALID,(0.057, -0.220, 0.974),(0.000, 0.000, 0.000),64.325,VALID,(0.166, -0.148, 0.975),(-0.032, 0.000, 0.000),0.564,3.619,6.415,0.717,VALID,(0.057, -0.220, 0.974),(0.032, 0.000, 0.000),0.580,3.696,6.373,0.898,0.4065249,0.962086
335711,1000001932661353400,63875742723561,(-0.060, 1.429, 0.294),(-0.012, -0.048, 0.012, 0.999),VALID,(0.057, -0.221, 0.974),(0.000, 0.000, 0.000),64.325,VALID,(0.166, -0.145, 0.975),(-0.032, 0.000, 0.000),0.564,3.618,6.415,0.717,VALID,(0.057, -0.221, 0.974),(0.032, 0.000, 0.000),0.580,3.699,6.373,0.898,0.397868,0.9923537
335712,1000001932666331300,63875742723573,(-0.060, 1.429, 0.294),(-0.012, -0.048, 0.012, 0.999),VALID,(0.057, -0.221, 0.974),(0.000, 0.000, 0.000),64.325,VALID,(0.151, -0.162, 0.975),(-0.032, 0.000, 0.000),0.564,3.616,6.415,0.716,VALID,(0.057, -0.221, 0.974),(0.032, 0.000, 0.000),0.581,3.701,6.373,0.898,0.4899153,1
335713,1000001932671348700,63875742723573,(-0.060, 1.429, 0.294),(-0.012, -0.048, 0.012, 0.999),VALID,(0.057, -0.221, 0.974),(0.000, 0.000, 0.000),64.325,VALID,(0.153, -0.157, 0.976),(-0.032, 0.000, 0.000),0.564,3.615,6.415,0.716,VALID,(0.057, -0.221, 0.974),(0.032, 0.000, 0.000),0.581,3.702,6.373,0.898,0.4621947,1
335714,1000001932676366900,63875742723573,(-0.060, 1.429, 0.294),(-0.012, -0.048, 0.012, 0.999),VALID,(0.058, -0.221, 0.974),(0.000, 0.000, 0.000),64.325,VALID,(0.134, -0.171, 0.976),(-0.032, 0.000, 0.000),0.563,3.610,6.415,0.715,VALID,(0.058, -0.221, 0.974),(0.032, 0.000, 0.000),0.581,3.704,6.373,0.898,0.588016,1
335715,1000001932681384300,63875742723584,(-0.060, 1.429, 0.294),(-0.012, -0.048, 0.012, 0.999),VALID,(0.058, -0.221, 0.974),(0.000, 0.000, 0.000),64.325,VALID,(0.116, -0.184, 0.976),(-0.032, 0.000, 0.000),0.562,3.608,6.415,0.715,VALID,(0.058, -0.221, 0.974),(0.032, 0.000, 0.000),0.581,3.705,6.373,0.898,0.7824876,1
335716,1000001932686388700,63875742723584,(-0.060, 1.429, 0.294),(-0.012, -0.048, 0.012, 0.999),VALID,(0.058, -0.221, 0.974),(0.000, 0.000, 0.000),64.325,VALID,(0.126, -0.174, 0.977),(-0.032, 0.000, 0.000),0.562,3.606,6.415,0.714,VALID,(0.058, -0.221, 0.974),(0.032, 0.000, 0.000),0.582,3.706,6.373,0.899,0.6395811,1
335717,1000001932691408100,63875742723584,(-0.060, 1.429, 0.294),(-0.012, -0.048, 0.012, 0.999),VALID,(0.058, -0.221, 0.973),(0.000, 0.000, 0.000),64.325,VALID,(0.110, -0.185, 0.976),(-0.032, 0.000, 0.000),0.562,3.606,6.415,0.714,VALID,(0.058, -0.221, 0.973),(0.032, 0.000, 0.000),0.582,3.708,6.373,0.899,0.8318088,1
335718,1000001932696425500,63875742723595,(-0.060, 1.429, 0.294),(-0.012, -0.048, 0.012, 0.999),VALID,(0.058, -0.221, 0.973),(0.000, 0.000, 0.000),64.325,VALID,(0.120, -0.177, 0.977),(-0.032, 0.000, 0.000),0.562,3.607,6.415,0.713,VALID,(0.058, -0.221, 0.973),(0.032, 0.000, 0.000),0.582,3.710,6.373,0.899,0.678419,1
335719,1000001932701428000,63875742723595,(-0.060, 1.429, 0.294),(-0.012, -0.048, 0.012, 0.999),VALID,(0.059, -0.221, 0.973),(0.000, 0.000, 0.000),64.325,VALID,(0.126, -0.171, 0.977),(-0.032, 0.000, 0.000),0.562,3.607,6.415,0.712,VALID,(0.059, -0.221, 0.973),(0.032, 0.000, 0.000),0.582,3.712,6.373,0.899,0.6105896,1
335720,1000001932706435100,63875742723595,(-0.060, 1.429, 0.294),(-0.012, -0.048, 0.012, 0.999),VALID,(0.059, -0.221, 0.973),(0.000, 0.000, 0.000),64.325,VALID,(0.114, -0.180, 0.977),(-0.032, 0.000, 0.000),0.564,3.620,6.415,0.712,VALID,(0.059, -0.221, 0.973),(0.032, 0.000, 0.000),0.583,3.715,6.373,0.899,0.7390428,1
335721,1000001932711491200,63875742723606,(-0.060, 1.429, 0.294),(-0.012, -0.048, 0.012, 0.999),VALID,(0.059, -0.221, 0.973),(0.000, 0.000, 0.000),64.325,VALID,(0.103, -0.188, 0.977),(-0.032, 0.000, 0.000),0.564,3.621,6.415,0.712,VALID,(0.059, -0.221, 0.973),(0.032, 0.000, 0.000),0.583,3.717,6.373,0.899,0.9260242,1
335722,1000001932716493700,63875742723606,(-0.060, 1.429, 0.294),(-0.012, -0.048, 0.012, 0.999),VALID,(0.059, -0.221, 0.973),(0.000, 0.000, 0.000),64.325,VALID,(0.112, -0.181, 0.977),(-0.032, 0.000, 0.000),0.564,3.621,6.415,0.712,VALID,(0.059, -0.221, 0.973),(0.032, 0.000, 0.000),0.584,3.719,6.373,0.899,0.7593654,1
335723,1000001932721503100,63875742723618,(-0.060, 1.429, 0.294),(-0.012, -0.048, 0.012, 0.999),VALID,(0.059, -0.221, 0.973),(0.000, 0.000, 0.000),64.325,VALID,(0.103, -0.188, 0.977),(-0.032, 0.000, 0.000),0.564,3.621,6.415,0.711,VALID,(0.059, -0.221, 0.973),(0.032, 0.000, 0.000),0.584,3.722,6.373,0.899,0.9204087,1
335724,1000001932726505600,63875742723618,(-0.060, 1.429, 0.294),(-0.012, -0.048, 0.012, 0.999),VALID,(0.060, -0.221, 0.973),(0.000, 0.000, 0.000),64.325,VALID,(0.094, -0.194, 0.976),(-0.032, 0.000, 0.000),0.564,3.621,6.415,0.711,VALID,(0.060, -0.221, 0.973),(0.032, 0.000, 0.000),0.584,3.724,6.373,0.899,2,1
335725,1000001932731508100,63875742723618,(-0.060, 1.429, 0.294),(-0.012, -0.048, 0.012, 0.999),VALID,(0.060, -0.221, 0.973),(0.000, 0.000, 0.000),64.325,VALID,(0.087, -0.200, 0.976),(-0.032, 0.000, 0.000),0.564,3.620,6.415,0.711,VALID,(0.060, -0.221, 0.973),(0.032, 0.000, 0.000),0.585,3.727,6.373,0.899,2,1
335726,1000001932736533000,63875742723628,(-0.060, 1.429, 0.294),(-0.012, -0.048, 0.012, 0.999),VALID,(0.060, -0.221, 0.973),(0.000, 0.000, 0.000),64.325,VALID,(0.099, -0.191, 0.977),(-0.032, 0.000, 0.000),0.564,3.615,6.415,0.711,VALID,(0.060, -0.221, 0.973),(0.032, 0.000, 0.000),0.585,3.729,6.373,0.899,2,1
335727,1000001932741527400,63875742723639,(-0.061, 1.429, 0.294),(-0.011, -0.048, 0.012, 0.999),VALID,(0.060, -0.222, 0.973),(0.000, 0.000, 0.000),64.325,VALID,(0.104, -0.187, 0.977),(-0.032, 0.000, 0.000),0.563,3.610,6.415,0.710,VALID,(0.060, -0.222, 0.973),(0.032, 0.000, 0.000),0.585,3.731,6.373,0.900,0.9049171,1
335728,1000001932746531500,63875742723639,(-0.061, 1.429, 0.294),(-0.011, -0.048, 0.012, 0.999),VALID,(0.061, -0.222, 0.973),(0.000, 0.000, 0.000),64.325,VALID,(0.107, -0.185, 0.977),(-0.032, 0.000, 0.000),0.562,3.606,6.415,0.710,VALID,(0.061, -0.222, 0.973),(0.032, 0.000, 0.000),0.586,3.733,6.373,0.900,0.856062,1
335729,1000001932751570100,63875742723639,(-0.061, 1.429, 0.294),(-0.011, -0.048, 0.012, 0.999),VALID,(0.061, -0.222, 0.973),(0.000, 0.000, 0.000),64.325,VALID,(0.114, -0.181, 0.977),(-0.032, 0.000, 0.000),0.562,3.603,6.415,0.710,VALID,(0.061, -0.222, 0.973),(0.032, 0.000, 0.000),0.586,3.736,6.373,0.900,0.7671607,1
335730,1000001932756587500,63875742723650,(-0.061, 1.429, 0.294),(-0.011, -0.048, 0.012, 0.999),VALID,(0.061, -0.222, 0.973),(0.000, 0.000, 0.000),64.325,VALID,(0.122, -0.176, 0.977),(-0.032, 0.000, 0.000),0.561,3.602,6.415,0.710,VALID,(0.061, -0.222, 0.973),(0.032, 0.000, 0.000),0.587,3.741,6.373,0.900,0.6765412,1
335731,1000001932761604900,63875742723650,(-0.061, 1.429, 0.294),(-0.011, -0.048, 0.012, 0.999),VALID,(0.062, -0.221, 0.973),(0.000, 0.000, 0.000),64.325,VALID,(0.129, -0.170, 0.977),(-0.032, 0.000, 0.000),0.561,3.602,6.415,0.709,VALID,(0.062, -0.221, 0.973),(0.032, 0.000, 0.000),0.587,3.743,6.373,0.900,0.6018484,1
335732,1000001932766623500,63875742723661,(-0.061, 1.429, 0.294),(-0.011, -0.048, 0.012, 0.999),VALID,(0.062, -0.221, 0.973),(0.000, 0.000, 0.000),64.325,VALID,(0.136, -0.165, 0.977),(-0.032, 0.000, 0.000),0.561,3.602,6.415,0.709,VALID,(0.062, -0.221, 0.973),(0.032, 0.000, 0.000),0.588,3.746,6.373,0.900,0.5452015,1
335733,1000001932771642100,63875742723661,(-0.061, 1.429, 0.294),(-0.011, -0.048, 0.012, 0.999),VALID,(0.062, -0.221, 0.973),(0.000, 0.000, 0.000),64.325,VALID,(0.142, -0.160, 0.977),(-0.032, 0.000, 0.000),0.561,3.601,6.415,0.709,VALID,(0.062, -0.221, 0.973),(0.032, 0.000, 0.000),0.588,3.747,6.373,0.900,0.5036653,1
335734,1000001932776662700,63875742723672,(-0.061, 1.429, 0.294),(-0.011, -0.048, 0.012, 0.999),VALID,(0.062, -0.221, 0.973),(0.000, 0.000, 0.000),64.325,VALID,(0.147, -0.156, 0.977),(-0.032, 0.000, 0.000),0.561,3.602,6.415,0.709,VALID,(0.062, -0.221, 0.973),(0.032, 0.000, 0.000),0.588,3.749,6.373,0.900,0.4733326,1
335735,1000001932781681300,63875742723672,(-0.061, 1.429, 0.294),(-0.011, -0.048, 0.012, 0.999),VALID,(0.062, -0.221, 0.973),(0.000, 0.000, 0.000),64.325,VALID,(0.151, -0.153, 0.977),(-0.032, 0.000, 0.000),0.561,3.601,6.415,0.709,VALID,(0.062, -0.221, 0.973),(0.032, 0.000, 0.000),0.588,3.750,6.373,0.901,0.4520081,1
335736,1000001932786660500,63875742723672,(-0.061, 1.429, 0.294),(-0.011, -0.048, 0.012, 0.999),VALID,(0.063, -0.221, 0.973),(0.000, 0.000, 0.000),64.325,VALID,(0.154, -0.150, 0.977),(-0.032, 0.000, 0.000),0.561,3.600,6.415,0.709,VALID,(0.063, -0.221, 0.973),(0.032, 0.000, 0.000),0.589,3.752,6.373,0.901,0.4363283,1
335737,1000001932791645300,63875742723684,(-0.061, 1.429, 0.293),(-0.011, -0.048, 0.012, 0.999),VALID,(0.063, -0.221, 0.973),(0.000, 0.000, 0.000),64.325,VALID,(0.156, -0.148, 0.977),(-0.032, 0.000, 0.000),0.561,3.600,6.415,0.708,VALID,(0.063, -0.221, 0.973),(0.032, 0.000, 0.000),0.589,3.755,6.373,0.901,0.4247341,1
335738,1000001932796663900,63875742723684,(-0.061, 1.429, 0.293),(-0.011, -0.048, 0.012, 0.999),VALID,(0.063, -0.221, 0.973),(0.000, 0.000, 0.000),64.325,VALID,(0.158, -0.147, 0.977),(-0.032, 0.000, 0.000),0.561,3.601,6.415,0.708,VALID,(0.063, -0.221, 0.973),(0.032, 0.000, 0.000),0.590,3.758,6.373,0.901,0.4159906,1
335739,1000001932801655200,63875742723694,(-0.061, 1.429, 0.293),(-0.011, -0.048, 0.012, 0.999),VALID,(0.063, -0.221, 0.973),(0.000, 0.000, 0.000),64.325,VALID,(0.159, -0.145, 0.977),(-0.032, 0.000, 0.000),0.561,3.600,6.415,0.708,VALID,(0.063, -0.221, 0.973),(0.032, 0.000, 0.000),0.590,3.760,6.373,0.901,0.4096794,1
335740,1000001932806673800,63875742723694,(-0.061, 1.429, 0.293),(-0.011, -0.048, 0.012, 0.999),VALID,(0.063, -0.221, 0.973),(0.000, 0.000, 0.000),64.325,VALID,(0.160, -0.145, 0.977),(-0.032, 0.000, 0.000),0.561,3.599,6.415,0.708,VALID,(0.063, -0.221, 0.973),(0.032, 0.000, 0.000),0.590,3.762,6.373,0.901,0.4055859,1
335741,1000001932811725200,63875742723706,(-0.061, 1.429, 0.293),(-0.011, -0.048, 0.012, 0.999),VALID,(0.063, -0.221, 0.973),(0.000, 0.000, 0.000),64.325,VALID,(0.161, -0.144, 0.976),(-0.032, 0.000, 0.000),0.561,3.599,6.415,0.708,VALID,(0.063, -0.221, 0.973),(0.032, 0.000, 0.000),0.591,3.763,6.373,0.901,0.4018804,1
335742,1000001932816735500,63875742723717,(-0.061, 1.429, 0.293),(-0.011, -0.048, 0.012, 0.999),VALID,(0.063, -0.221, 0.973),(0.000, 0.000, 0.000),64.325,VALID,(0.161, -0.143, 0.976),(-0.032, 0.000, 0.000),0.561,3.599,6.415,0.708,VALID,(0.063, -0.221, 0.973),(0.032, 0.000, 0.000),0.591,3.765,6.373,0.901,0.3990254,1
335743,1000001932821756100,63875742723717,(-0.061, 1.429, 0.293),(-0.011, -0.048, 0.012, 0.999),VALID,(0.063, -0.222, 0.973),(0.000, 0.000, 0.000),64.325,VALID,(0.161, -0.143, 0.976),(-0.032, 0.000, 0.000),0.561,3.601,6.415,0.707,VALID,(0.063, -0.222, 0.973),(0.032, 0.000, 0.000),0.591,3.766,6.373,0.901,0.3969503,1
335744,1000001932826776700,63875742723717,(-0.061, 1.429, 0.293),(-0.011, -0.048, 0.012, 0.999),VALID,(0.063, -0.222, 0.973),(0.000, 0.000, 0.000),64.325,VALID,(0.162, -0.142, 0.977),(-0.032, 0.000, 0.000),0.562,3.604,6.415,0.707,VALID,(0.063, -0.222, 0.973),(0.032, 0.000, 0.000),0.591,3.767,6.373,0.901,0.3951865,1
335745,1000001932831797300,63875742723717,(-0.061, 1.429, 0.293),(-0.011, -0.048, 0.012, 0.999),VALID,(0.063, -0.222, 0.973),(0.000, 0.000, 0.000),64.325,VALID,(0.162, -0.142, 0.977),(-0.032, 0.000, 0.000),0.566,3.630,6.415,0.707,VALID,(0.063, -0.222, 0.973),(0.032, 0.000, 0.000),0.591,3.768,6.373,0.901,0.3919612,1
335746,1000001932836807600,63875742723728,(-0.061, 1.429, 0.293),(-0.011, -0.048, 0.012, 0.999),VALID,(0.064, -0.222, 0.973),(0.000, 0.000, 0.000),64.325,VALID,(0.162, -0.141, 0.977),(-0.032, 0.000, 0.000),0.567,3.635,6.415,0.707,VALID,(0.064, -0.222, 0.973),(0.032, 0.000, 0.000),0.591,3.769,6.373,0.901,0.3899672,1
335747,1000001932841754000,63875742723728,(-0.061, 1.429, 0.293),(-0.011, -0.048, 0.012, 0.999),VALID,(0.064, -0.222, 0.973),(0.000, 0.000, 0.000),64.325,VALID,(0.162, -0.141, 0.977),(-0.032, 0.000, 0.000),0.567,3.637,6.415,0.706,VALID,(0.064, -0.222, 0.973),(0.032, 0.000, 0.000),0.591,3.769,6.373,0.901,0.3884698,1
335748,1000001932846766500,63875742723739,(-0.061, 1.429, 0.293),(-0.011, -0.049, 0.012, 0.999),VALID,(0.064, -0.222, 0.973),(0.000, 0.000, 0.000),64.325,VALID,(0.162, -0.140, 0.977),(-0.032, 0.000, 0.000),0.568,3.641,6.415,0.706,VALID,(0.064, -0.222, 0.973),(0.032, 0.000, 0.000),0.591,3.770,6.373,0.901,0.3865241,1
335749,1000001932851779000,63875742723739,(-0.061, 1.429, 0.293),(-0.011, -0.049, 0.012, 0.999),VALID,(0.064, -0.222, 0.973),(0.000, 0.000, 0.000),64.325,VALID,(0.162, -0.139, 0.977),(-0.032, 0.000, 0.000),0.574,3.685,6.415,0.706,VALID,(0.064, -0.222, 0.973),(0.032, 0.000, 0.000),0.592,3.770,6.373,0.901,0.3819149,1
335750,1000001932856794300,63875742723751,(-0.061, 1.428, 0.293),(-0.011, -0.049, 0.012, 0.999),VALID,(0.064, -0.222, 0.973),(0.000, 0.000, 0.000),64.325,VALID,(0.161, -0.138, 0.977),(-0.032, 0.000, 0.000),0.579,3.712,6.415,0.705,VALID,(0.064, -0.222, 0.973),(0.032, 0.000, 0.000),0.592,3.770,6.373,0.900,0.376851,1
335751,1000001932861806800,63875742723751,(-0.061, 1.428, 0.293),(-0.011, -0.049, 0.012, 0.999),VALID,(0.064, -0.222, 0.973),(0.000, 0.000, 0.000),64.325,VALID,(0.161, -0.137, 0.977),(-0.032, 0.000, 0.000),0.581,3.726,6.415,0.705,VALID,(0.064, -0.222, 0.973),(0.032, 0.000, 0.000),0.592,3.772,6.373,0.900,0.3721059,1
335752,1000001932866827500,63875742723762,(-0.062, 1.428, 0.293),(-0.011, -0.049, 0.012, 0.999),VALID,(0.064, -0.222, 0.973),(0.000, 0.000, 0.000),64.325,VALID,(0.161, -0.136, 0.978),(-0.032, 0.000, 0.000),0.583,3.740,6.415,0.703,VALID,(0.064, -0.222, 0.973),(0.032, 0.000, 0.000),0.593,3.777,6.373,0.900,0.3674015,1
335753,1000001932871840000,63875742723762,(-0.062, 1.428, 0.293),(-0.011, -0.049, 0.012, 0.999),VALID,(0.063, -0.222, 0.973),(0.000, 0.000, 0.000),64.325,VALID,(0.161, -0.135, 0.978),(-0.032, 0.000, 0.000),0.584,3.744,6.415,0.702,VALID,(0.063, -0.222, 0.973),(0.032, 0.000, 0.000),0.593,3.779,6.373,0.898,0.3634994,1
335754,1000001932876860700,63875742723772,(-0.062, 1.428, 0.292),(-0.011, -0.049, 0.013, 0.999),VALID,(0.063, -0.222, 0.973),(0.000, 0.000, 0.000),64.325,VALID,(0.161, -0.136, 0.978),(-0.032, 0.000, 0.000),0.571,3.661,6.415,0.698,VALID,(0.063, -0.222, 0.973),(0.032, 0.000, 0.000),0.594,3.788,6.373,0.893,0.3680047,1
335755,1000001932881873200,63875742723773,(-0.062, 1.428, 0.292),(-0.011, -0.049, 0.013, 0.999),VALID,(0.063, -0.222, 0.973),(0.000, 0.000, 0.000),64.325,VALID,(0.152, -0.139, 0.979),(-0.032, 0.000, 0.000),0.565,3.624,6.415,0.697,VALID,(0.063, -0.222, 0.973),(0.032, 0.000, 0.000),0.597,3.802,6.373,0.882,0.3838189,1
335756,1000001932886885700,63875742723773,(-0.062, 1.428, 0.292),(-0.011, -0.049, 0.013, 0.999),VALID,(0.062, -0.222, 0.973),(0.000, 0.000, 0.000),64.325,VALID,(0.133, -0.147, 0.980),(-0.032, 0.000, 0.000),0.563,3.613,6.415,0.690,VALID,(0.062, -0.222, 0.973),(0.032, 0.000, 0.000),0.597,3.807,6.373,0.861,0.4297444,0.8477545
335757,1000001932891896000,63875742723784,(-0.062, 1.428, 0.292),(-0.011, -0.049, 0.013, 0.999),VALID,(0.061, -0.222, 0.973),(0.000, 0.000, 0.000),64.325,VALID,(0.113, -0.162, 0.980),(-0.032, 0.000, 0.000),0.529,3.394,6.415,0.667,VALID,(0.061, -0.222, 0.973),(0.032, 0.000, 0.000),0.597,3.807,6.373,0.821,0.5299751,0.6705814
335758,1000001932896879800,63875742723784,(-0.062, 1.428, 0.292),(-0.011, -0.049, 0.013, 0.999),VALID,(0.053, -0.247, 0.968),(0.000, 0.000, 0.000),64.325,INVALID,,,,,,,VALID,(0.053, -0.247, 0.968),(0.032, 0.000, 0.000),0.555,3.537,6.373,,2,0
335759,1000001932901890100,63875742723984,(-0.062, 1.428, 0.292),(-0.010, -0.049, 0.013, 0.999),INVALID,,,,INVALID,,,,,,,INVALID,,,,,,,,
335760,1000001932906947400,63875742723984,(-0.062, 1.428, 0.292),(-0.010, -0.049, 0.013, 0.999),INVALID,,,,INVALID,,,,,,,INVALID,,,,,,,,
335761,1000001932911959900,63875742723984,(-0.062, 1.428, 0.292),(-0.010, -0.049, 0.013, 0.999),INVALID,,,,INVALID,,,,,,,INVALID,,,,,,,,
335762,1000001932916972400,63875742723984,(-0.062, 1.428, 0.292),(-0.010, -0.049, 0.013, 0.999),INVALID,,,,INVALID,,,,,,,INVALID,,,,,,,,
335763,1000001932921996900,63875742723984,(-0.062, 1.428, 0.292),(-0.010, -0.049, 0.013, 0.999),INVALID,,,,INVALID,,,,,,,INVALID,,,,,,,,
335764,1000001932927021400,63875742723984,(-0.062, 1.428, 0.292),(-0.010, -0.049, 0.013, 0.999),INVALID,,,,INVALID,,,,,,,INVALID,,,,,,,,
335765,1000001932932045900,63875742723984,(-0.062, 1.428, 0.292),(-0.010, -0.049, 0.013, 0.999),INVALID,,,,INVALID,,,,,,,INVALID,,,,,,,,
335766,1000001932937058400,63875742723984,(-0.062, 1.428, 0.292),(-0.010, -0.049, 0.013, 0.999),INVALID,,,,INVALID,,,,,,,INVALID,,,,,,,,
335767,1000001932942008600,63875742723984,(-0.062, 1.428, 0.292),(-0.010, -0.049, 0.013, 0.999),INVALID,,,,INVALID,,,,,,,INVALID,,,,,,,,
335768,1000001932947021100,63875742723984,(-0.062, 1.428, 0.292),(-0.010, -0.049, 0.013, 0.999),INVALID,,,,INVALID,,,,,,,INVALID,,,,,,,,
335769,1000001932952044600,63875742723984,(-0.062, 1.428, 0.292),(-0.010, -0.049, 0.013, 0.999),INVALID,,,,INVALID,,,,,,,INVALID,,,,,,,,
335770,1000001932957057100,63875742723984,(-0.062, 1.428, 0.292),(-0.010, -0.049, 0.013, 0.999),INVALID,,,,INVALID,,,,,,,INVALID,,,,,,,,
335771,1000001932962071300,63875742723984,(-0.062, 1.428, 0.292),(-0.010, -0.049, 0.013, 0.999),INVALID,,,,INVALID,,,,,,,INVALID,,,,,,,,
335772,1000001932967090800,63875742723984,(-0.062, 1.428, 0.292),(-0.010, -0.049, 0.013, 0.999),INVALID,,,,INVALID,,,,,,,INVALID,,,,,,,,
335773,1000001932972065100,63875742723984,(-0.062, 1.428, 0.292),(-0.010, -0.049, 0.013, 0.999),INVALID,,,,INVALID,,,,,,,INVALID,,,,,,,,
335774,1000001932977084600,63875742723984,(-0.062, 1.428, 0.292),(-0.010, -0.049, 0.013, 0.999),VALID,(0.034, -0.396, 0.918),(0.000, 0.000, 0.000),64.325,INVALID,,,,,,,VALID,(0.034, -0.396, 0.918),(0.032, 0.000, 0.000),0.635,4.046,6.373,,2,0
335775,1000001932982093200,63875742723984,(-0.062, 1.428, 0.292),(-0.010, -0.049, 0.013, 0.999),VALID,(0.017, -0.484, 0.875),(0.000, 0.000, 0.000),64.325,INVALID,,,,,,,VALID,(0.017, -0.484, 0.875),(0.032, 0.000, 0.000),0.635,4.047,6.373,,2,0
335776,1000001932987184200,63875742723984,(-0.062, 1.428, 0.292),(-0.010, -0.049, 0.013, 0.999),INVALID,,,,INVALID,,,,,,,INVALID,,,,,,,,
335777,1000001932992192800,63875742723984,(-0.062, 1.428, 0.292),(-0.010, -0.049, 0.013, 0.999),INVALID,,,,INVALID,,,,,,,INVALID,,,,,,,,
335778,1000001932997166900,63875742723984,(-0.062, 1.428, 0.292),(-0.010, -0.049, 0.013, 0.999),INVALID,,,,INVALID,,,,,,,INVALID,,,,,,,,
335779,1000001933002174300,63875742723984,(-0.062, 1.428, 0.292),(-0.010, -0.049, 0.013, 0.999),INVALID,,,,INVALID,,,,,,,INVALID,,,,,,,,
335780,1000001933007182900,63875742723984,(-0.062, 1.428, 0.292),(-0.010, -0.049, 0.013, 0.999),INVALID,,,,INVALID,,,,,,,INVALID,,,,,,,,
335781,1000001933012195200,63875742723984,(-0.062, 1.428, 0.292),(-0.010, -0.049, 0.013, 0.999),INVALID,,,,INVALID,,,,,,,INVALID,,,,,,,,
335782,1000001933017203800,63875742723984,(-0.062, 1.428, 0.292),(-0.010, -0.049, 0.013, 0.999),INVALID,,,,INVALID,,,,,,,INVALID,,,,,,,,
335783,1000001933022195200,63875742723984,(-0.062, 1.428, 0.292),(-0.010, -0.049, 0.013, 0.999),INVALID,,,,INVALID,,,,,,,INVALID,,,,,,,,
335784,1000001933027203800,63875742723984,(-0.062, 1.428, 0.292),(-0.010, -0.049, 0.013, 0.999),INVALID,,,,INVALID,,,,,,,INVALID,,,,,,,,
335785,1000001933032218100,63875742723984,(-0.062, 1.428, 0.292),(-0.010, -0.049, 0.013, 0.999),INVALID,,,,INVALID,,,,,,,INVALID,,,,,,,,
335786,1000001933037226700,63875742723984,(-0.062, 1.428, 0.292),(-0.010, -0.049, 0.013, 0.999),INVALID,,,,INVALID,,,,,,,INVALID,,,,,,,,
335787,1000001933042275400,63875742723984,(-0.062, 1.428, 0.292),(-0.010, -0.049, 0.013, 0.999),INVALID,,,,INVALID,,,,,,,INVALID,,,,,,,,
335788,1000001933047286900,63875742723984,(-0.062, 1.428, 0.292),(-0.010, -0.049, 0.013, 0.999),INVALID,,,,INVALID,,,,,,,INVALID,,,,,,,,
335789,1000001933052295500,63875742723984,(-0.062, 1.428, 0.292),(-0.010, -0.049, 0.013, 0.999),INVALID,,,,INVALID,,,,,,,INVALID,,,,,,,,
335790,1000001933057304100,63875742723984,(-0.062, 1.428, 0.292),(-0.010, -0.049, 0.013, 0.999),INVALID,,,,INVALID,,,,,,,INVALID,,,,,,,,
335791,1000001933062312700,63875742723984,(-0.062, 1.428, 0.292),(-0.010, -0.049, 0.013, 0.999),INVALID,,,,INVALID,,,,,,,INVALID,,,,,,,,
335792,1000001933067321300,63875742723984,(-0.062, 1.428, 0.292),(-0.010, -0.049, 0.013, 0.999),INVALID,,,,INVALID,,,,,,,INVALID,,,,,,,,
335793,1000001933072331000,63875742723984,(-0.062, 1.428, 0.292),(-0.010, -0.049, 0.013, 0.999),INVALID,,,,INVALID,,,,,,,INVALID,,,,,,,,
335794,1000001933077339600,63875742723984,(-0.062, 1.428, 0.292),(-0.010, -0.049, 0.013, 0.999),INVALID,,,,INVALID,,,,,,,INVALID,,,,,,,,
335795,1000001933082349300,63875742723984,(-0.062, 1.428, 0.292),(-0.010, -0.049, 0.013, 0.999),INVALID,,,,INVALID,,,,,,,INVALID,,,,,,,,
335796,1000001933087369000,63875742723984,(-0.062, 1.428, 0.292),(-0.010, -0.049, 0.013, 0.999),INVALID,,,,INVALID,,,,,,,INVALID,,,,,,,,
335797,1000001933092378700,63875742723984,(-0.062, 1.428, 0.292),(-0.010, -0.049, 0.013, 0.999),VALID,(-0.017, -0.477, 0.879),(0.000, 0.000, 0.000),64.325,INVALID,,,,,,,VALID,(-0.017, -0.477, 0.879),(0.032, 0.000, 0.000),0.505,3.216,6.373,,2,0
335798,1000001933097388400,63875742723984,(-0.062, 1.428, 0.292),(-0.010, -0.049, 0.013, 0.999),VALID,(-0.076, -0.460, 0.885),(0.000, 0.000, 0.000),64.325,INVALID,,,,,,,VALID,(-0.076, -0.460, 0.885),(0.032, 0.000, 0.000),0.505,3.216,6.373,,2,0
335799,1000001933102398100,63875742723995,(-0.062, 1.428, 0.292),(-0.010, -0.049, 0.013, 0.999),VALID,(-0.110, -0.462, 0.880),(0.000, 0.000, 0.000),64.325,INVALID,,,,,,,VALID,(-0.110, -0.462, 0.880),(0.032, 0.000, 0.000),0.504,3.212,6.373,,2,0
335800,1000001933107430700,63875742723995,(-0.062, 1.428, 0.292),(-0.010, -0.049, 0.013, 0.999),VALID,(-0.130, -0.470, 0.873),(0.000, 0.000, 0.000),64.325,INVALID,,,,,,,VALID,(-0.130, -0.470, 0.873),(0.032, 0.000, 0.000),0.503,3.202,6.373,,2,0
335801,1000001933112440400,63875742724006,(-0.062, 1.428, 0.292),(-0.010, -0.049, 0.013, 0.999),VALID,(-0.133, -0.477, 0.869),(0.000, 0.000, 0.000),64.325,INVALID,,,,,,,VALID,(-0.133, -0.477, 0.869),(0.032, 0.000, 0.000),0.501,3.194,6.373,,2,0
335802,1000001933117424500,63875742724006,(-0.062, 1.428, 0.292),(-0.010, -0.049, 0.013, 0.999),VALID,(-0.134, -0.483, 0.865),(0.000, 0.000, 0.000),64.325,INVALID,,,,,,,VALID,(-0.134, -0.483, 0.865),(0.032, 0.000, 0.000),0.500,3.189,6.373,,2,0
335803,1000001933122436000,63875742724016,(-0.062, 1.428, 0.292),(-0.010, -0.049, 0.013, 0.999),VALID,(-0.129, -0.489, 0.863),(0.000, 0.000, 0.000),64.325,INVALID,,,,,,,VALID,(-0.129, -0.489, 0.863),(0.032, 0.000, 0.000),0.500,3.188,6.373,,2,0
335804,1000001933127447500,63875742724016,(-0.062, 1.428, 0.292),(-0.010, -0.049, 0.013, 0.999),VALID,(-0.125, -0.492, 0.862),(0.000, 0.000, 0.000),64.325,INVALID,,,,,,,VALID,(-0.125, -0.492, 0.862),(0.032, 0.000, 0.000),0.500,3.187,6.373,,2,0
335805,1000001933132464600,63875742724028,(-0.062, 1.428, 0.292),(-0.010, -0.049, 0.012, 0.999),VALID,(-0.124, -0.494, 0.861),(0.000, 0.000, 0.000),64.325,INVALID,,,,,,,VALID,(-0.124, -0.494, 0.861),(0.032, 0.000, 0.000),0.500,3.187,6.373,,2,0
335806,1000001933137508100,63875742724028,(-0.062, 1.428, 0.292),(-0.010, -0.049, 0.012, 0.999),VALID,(-0.124, -0.495, 0.860),(0.000, 0.000, 0.000),64.325,INVALID,,,,,,,VALID,(-0.124, -0.495, 0.860),(0.032, 0.000, 0.000),0.500,3.188,6.373,,2,0
335807,1000001933142526000,63875742724028,(-0.062, 1.428, 0.292),(-0.010, -0.049, 0.012, 0.999),VALID,(-0.128, -0.492, 0.861),(0.000, 0.000, 0.000),64.325,INVALID,,,,,,,VALID,(-0.128, -0.492, 0.861),(0.032, 0.000, 0.000),0.500,3.188,6.373,,2,0
335808,1000001933147540700,63875742724040,(-0.062, 1.428, 0.291),(-0.010, -0.049, 0.012, 0.999),VALID,(-0.131, -0.491, 0.861),(0.000, 0.000, 0.000),64.325,INVALID,,,,,,,VALID,(-0.131, -0.491, 0.861),(0.032, 0.000, 0.000),0.500,3.188,6.373,,2,0
335809,1000001933152555400,63875742724040,(-0.062, 1.428, 0.291),(-0.010, -0.049, 0.012, 0.999),VALID,(-0.136, -0.481, 0.866),(0.000, 0.000, 0.000),64.325,INVALID,,,,,,,VALID,(-0.136, -0.481, 0.866),(0.032, 0.000, 0.000),0.533,3.394,6.373,,2,0
335810,1000001933157566900,63875742724050,(-0.062, 1.429, 0.291),(-0.010, -0.049, 0.012, 0.999),VALID,(-0.139, -0.475, 0.869),(0.000, 0.000, 0.000),64.325,INVALID,,,,,,,VALID,(-0.139, -0.475, 0.869),(0.032, 0.000, 0.000),0.538,3.432,6.373,,2,0
335811,1000001933162581600,63875742724050,(-0.062, 1.429, 0.291),(-0.010, -0.049, 0.012, 0.999),VALID,(-0.141, -0.471, 0.871),(0.000, 0.000, 0.000),64.325,INVALID,,,,,,,VALID,(-0.141, -0.471, 0.871),(0.032, 0.000, 0.000),0.540,3.444,6.373,,2,0
335812,1000001933167596300,63875742724061,(-0.062, 1.429, 0.291),(-0.010, -0.049, 0.012, 0.999),VALID,(-0.143, -0.467, 0.872),(0.000, 0.000, 0.000),64.325,INVALID,,,,,,,VALID,(-0.143, -0.467, 0.872),(0.032, 0.000, 0.000),0.541,3.450,6.373,,2,0
335813,1000001933172616700,63875742724062,(-0.062, 1.429, 0.291),(-0.010, -0.049, 0.012, 0.999),VALID,(-0.148, -0.463, 0.874),(0.000, 0.000, 0.000),64.325,INVALID,,,,,,,VALID,(-0.148, -0.463, 0.874),(0.032, 0.000, 0.000),0.542,3.455,6.373,,2,0
335814,1000001933177637100,63875742724073,(-0.062, 1.429, 0.291),(-0.010, -0.049, 0.012, 0.999),VALID,(-0.151, -0.458, 0.876),(0.000, 0.000, 0.000),64.325,INVALID,,,,,,,VALID,(-0.151, -0.458, 0.876),(0.032, 0.000, 0.000),0.543,3.458,6.373,,2,0
335815,1000001933182612700,63875742724073,(-0.062, 1.429, 0.291),(-0.010, -0.049, 0.012, 0.999),VALID,(-0.153, -0.449, 0.880),(0.000, 0.000, 0.000),64.325,INVALID,,,,,,,VALID,(-0.153, -0.449, 0.880),(0.032, 0.000, 0.000),0.543,3.461,6.373,,2,0
335816,1000001933187633100,63875742724084,(-0.062, 1.429, 0.291),(-0.010, -0.049, 0.012, 0.999),VALID,(-0.154, -0.438, 0.885),(0.000, 0.000, 0.000),64.325,INVALID,,,,,,,VALID,(-0.154, -0.438, 0.885),(0.032, 0.000, 0.000),0.544,3.466,6.373,,2,0
335817,1000001933192653500,63875742724084,(-0.062, 1.429, 0.291),(-0.010, -0.049, 0.012, 0.999),VALID,(-0.152, -0.436, 0.887),(0.000, 0.000, 0.000),64.325,INVALID,,,,,,,VALID,(-0.152, -0.436, 0.887),(0.032, 0.000, 0.000),0.544,3.469,6.373,,2,0
335818,1000001933197669400,63875742724084,(-0.062, 1.429, 0.291),(-0.010, -0.049, 0.012, 0.999),VALID,(-0.150, -0.434, 0.888),(0.000, 0.000, 0.000),64.325,INVALID,,,,,,,VALID,(-0.150, -0.434, 0.888),(0.032, 0.000, 0.000),0.545,3.471,6.373,,2,0
335819,1000001933202690600,63875742724095,(-0.062, 1.429, 0.291),(-0.010, -0.049, 0.012, 0.999),VALID,(-0.148, -0.432, 0.889),(0.000, 0.000, 0.000),64.325,INVALID,,,,,,,VALID,(-0.148, -0.432, 0.889),(0.032, 0.000, 0.000),0.545,3.472,6.373,,2,0
335820,1000001933207706500,63875742724095,(-0.062, 1.429, 0.291),(-0.010, -0.049, 0.012, 0.999),VALID,(-0.147, -0.431, 0.890),(0.000, 0.000, 0.000),64.325,INVALID,,,,,,,VALID,(-0.147, -0.431, 0.890),(0.032, 0.000, 0.000),0.545,3.473,6.373,,2,0
335821,1000001933212668500,63875742724106,(-0.062, 1.429, 0.291),(-0.010, -0.049, 0.012, 0.999),VALID,(-0.146, -0.430, 0.891),(0.000, 0.000, 0.000),64.325,INVALID,,,,,,,VALID,(-0.146, -0.430, 0.891),(0.032, 0.000, 0.000),0.545,3.470,6.373,,2,0
335822,1000001933217705900,63875742724106,(-0.062, 1.429, 0.291),(-0.010, -0.049, 0.012, 0.999),VALID,(-0.144, -0.430, 0.891),(0.000, 0.000, 0.000),64.325,INVALID,,,,,,,VALID,(-0.144, -0.430, 0.891),(0.032, 0.000, 0.000),0.542,3.457,6.373,,2,0
335823,1000001933222727500,63875742724117,(-0.062, 1.429, 0.291),(-0.010, -0.049, 0.012, 0.999),VALID,(-0.143, -0.430, 0.892),(0.000, 0.000, 0.000),64.325,INVALID,,,,,,,VALID,(-0.143, -0.430, 0.892),(0.032, 0.000, 0.000),0.539,3.438,6.373,,2,0
335824,1000001933227749100,63875742724117,(-0.062, 1.429, 0.291),(-0.010, -0.049, 0.012, 0.999),VALID,(-0.141, -0.427, 0.893),(0.000, 0.000, 0.000),64.325,INVALID,,,,,,,VALID,(-0.141, -0.427, 0.893),(0.032, 0.000, 0.000),0.535,3.412,6.373,,2,0
335825,1000001933232765000,63875742724128,(-0.062, 1.429, 0.291),(-0.010, -0.049, 0.012, 0.999),VALID,(-0.139, -0.417, 0.898),(0.000, 0.000, 0.000),64.325,INVALID,,,,,,,VALID,(-0.139, -0.417, 0.898),(0.032, 0.000, 0.000),0.537,3.420,6.373,,2,0
335826,1000001933237728600,63875742724128,(-0.062, 1.429, 0.291),(-0.010, -0.049, 0.012, 0.999),VALID,(-0.136, -0.407, 0.903),(0.000, 0.000, 0.000),64.325,INVALID,,,,,,,VALID,(-0.136, -0.407, 0.903),(0.032, 0.000, 0.000),0.539,3.433,6.373,,2,0
335827,1000001933242750200,63875742724128,(-0.062, 1.429, 0.291),(-0.010, -0.049, 0.012, 0.999),VALID,(-0.134, -0.374, 0.918),(0.000, 0.000, 0.000),64.325,INVALID,,,,,,,VALID,(-0.134, -0.374, 0.918),(0.032, 0.000, 0.000),0.546,3.482,6.373,,2,0
335828,1000001933247771800,63875742724139,(-0.062, 1.429, 0.291),(-0.010, -0.049, 0.012, 0.999),VALID,(-0.131, -0.344, 0.930),(0.000, 0.000, 0.000),64.325,INVALID,,,,,,,VALID,(-0.131, -0.344, 0.930),(0.032, 0.000, 0.000),0.550,3.507,6.373,,2,0
335829,1000001933252793400,63875742724139,(-0.062, 1.429, 0.291),(-0.010, -0.049, 0.012, 0.999),VALID,(-0.126, -0.318, 0.940),(0.000, 0.000, 0.000),64.325,INVALID,,,,,,,VALID,(-0.126, -0.318, 0.940),(0.032, 0.000, 0.000),0.553,3.526,6.373,,2,0
335830,1000001933257786100,63875742724150,(-0.062, 1.429, 0.291),(-0.010, -0.049, 0.013, 0.999),VALID,(-0.121, -0.290, 0.949),(0.000, 0.000, 0.000),64.325,INVALID,,,,,,,VALID,(-0.121, -0.290, 0.949),(0.032, 0.000, 0.000),0.558,3.558,6.373,,2,0
335831,1000001933262807700,63875742724150,(-0.062, 1.429, 0.291),(-0.010, -0.049, 0.013, 0.999),VALID,(-0.112, -0.274, 0.955),(0.000, 0.000, 0.000),64.325,INVALID,,,,,,,VALID,(-0.112, -0.274, 0.955),(0.032, 0.000, 0.000),0.568,3.622,6.373,,2,0
335832,1000001933267823600,63875742724161,(-0.062, 1.428, 0.291),(-0.010, -0.049, 0.013, 0.999),VALID,(-0.104, -0.264, 0.959),(0.000, 0.000, 0.000),64.325,INVALID,,,,,,,VALID,(-0.104, -0.264, 0.959),(0.032, 0.000, 0.000),0.571,3.636,6.373,,2,0
335833,1000001933272845200,63875742724161,(-0.062, 1.428, 0.291),(-0.010, -0.049, 0.013, 0.999),VALID,(-0.099, -0.260, 0.961),(0.000, 0.000, 0.000),64.325,INVALID,,,,,,,VALID,(-0.099, -0.260, 0.961),(0.032, 0.000, 0.000),0.571,3.641,6.373,,2,0
335834,1000001933277861100,63875742724173,(-0.062, 1.428, 0.291),(-0.010, -0.049, 0.013, 0.999),VALID,(-0.099, -0.272, 0.957),(0.000, 0.000, 0.000),64.325,VALID,(-0.085, -0.293, 0.952),(-0.032, 0.000, 0.000),0.556,3.566,6.415,0.767,VALID,(-0.099, -0.272, 0.957),(0.032, 0.000, 0.000),0.571,3.641,6.373,0.718,2,0
335835,1000001933282882700,63875742724173,(-0.062, 1.428, 0.291),(-0.010, -0.049, 0.013, 0.999),VALID,(-0.093, -0.274, 0.957),(0.000, 0.000, 0.000),64.325,INVALID,,,,,,,VALID,(-0.093, -0.274, 0.957),(0.032, 0.000, 0.000),0.573,3.650,6.373,,2,0
335836,1000001933287898600,63875742724183,(-0.062, 1.428, 0.291),(-0.010, -0.049, 0.013, 0.999),VALID,(-0.086, -0.277, 0.957),(0.000, 0.000, 0.000),64.325,INVALID,,,,,,,VALID,(-0.086, -0.277, 0.957),(0.032, 0.000, 0.000),0.574,3.655,6.373,,2,0
335837,1000001933292855100,63875742724183,(-0.062, 1.428, 0.291),(-0.010, -0.049, 0.013, 0.999),VALID,(-0.053, -0.267, 0.962),(0.000, 0.000, 0.000),64.325,INVALID,,,,,,,VALID,(-0.053, -0.267, 0.962),(0.032, 0.000, 0.000),0.579,3.688,6.373,,2,0
335838,1000001933297871000,63875742724183,(-0.062, 1.428, 0.291),(-0.010, -0.049, 0.013, 0.999),VALID,(-0.019, -0.252, 0.967),(0.000, 0.000, 0.000),64.325,INVALID,,,,,,,VALID,(-0.019, -0.252, 0.967),(0.032, 0.000, 0.000),0.582,3.707,6.373,,2,0
335839,1000001933302892600,63875742724194,(-0.062, 1.428, 0.291),(-0.010, -0.049, 0.013, 0.999),VALID,(0.001, -0.236, 0.972),(0.000, 0.000, 0.000),64.325,INVALID,,,,,,,VALID,(0.001, -0.236, 0.972),(0.032, 0.000, 0.000),0.587,3.738,6.373,,2,0
335840,1000001933307918900,63875742724195,(-0.062, 1.428, 0.291),(-0.010, -0.049, 0.013, 0.999),VALID,(0.061, -0.209, 0.976),(0.000, 0.000, 0.000),64.325,VALID,(0.370, -0.153, 0.916),(-0.032, 0.000, 0.000),0.485,3.113,6.415,0.772,VALID,(0.061, -0.209, 0.976),(0.032, 0.000, 0.000),0.587,3.744,6.373,0.720,0.1912905,0
335841,1000001933312945200,63875742724206,(-0.062, 1.428, 0.291),(-0.010, -0.049, 0.013, 0.999),VALID,(0.095, -0.188, 0.978),(0.000, 0.000, 0.000),64.325,VALID,(0.377, -0.144, 0.915),(-0.032, 0.000, 0.000),0.485,3.113,6.415,0.772,VALID,(0.095, -0.188, 0.978),(0.032, 0.000, 0.000),0.587,3.741,6.373,0.720,0.2094572,0
335842,1000001933317976900,63875742724206,(-0.062, 1.428, 0.291),(-0.010, -0.049, 0.013, 0.999),VALID,(0.123, -0.177, 0.977),(0.000, 0.000, 0.000),64.325,VALID,(0.122, -0.162, 0.979),(-0.032, 0.000, 0.000),0.488,3.133,6.415,0.772,VALID,(0.123, -0.177, 0.977),(0.032, 0.000, 0.000),0.583,3.717,6.373,0.720,2,0
335843,1000001933323008600,63875742724217,(-0.062, 1.428, 0.291),(-0.010, -0.049, 0.013, 0.999),VALID,(0.140, -0.169, 0.976),(0.000, 0.000, 0.000),64.325,VALID,(0.129, -0.157, 0.979),(-0.032, 0.000, 0.000),0.490,3.143,6.415,0.772,VALID,(0.140, -0.169, 0.976),(0.032, 0.000, 0.000),0.582,3.708,6.373,0.720,2,0
335844,1000001933328040300,63875742724217,(-0.062, 1.428, 0.291),(-0.010, -0.049, 0.013, 0.999),VALID,(0.151, -0.162, 0.975),(0.000, 0.000, 0.000),64.325,VALID,(0.145, -0.137, 0.980),(-0.032, 0.000, 0.000),0.490,3.144,6.415,0.771,VALID,(0.151, -0.162, 0.975),(0.032, 0.000, 0.000),0.582,3.709,6.373,0.722,2,0
335845,1000001933333072000,63875742724228,(-0.062, 1.428, 0.291),(-0.010, -0.049, 0.013, 0.999),VALID,(0.158, -0.154, 0.975),(0.000, 0.000, 0.000),64.325,VALID,(0.171, -0.111, 0.979),(-0.032, 0.000, 0.000),0.492,3.155,6.415,0.769,VALID,(0.158, -0.154, 0.975),(0.032, 0.000, 0.000),0.583,3.712,6.373,0.723,2,0
