449124,1.00000250111417e+18,63875743292004,0.007,1.43,0.007,0.038,-0.343,0.04,0.938,NaN,0.194,0.13,0.972,0,0,0,63.85,NaN,0.194,0.13,0.972,-0.032,0,0,0.547,3.454,6.314,0.969,NaN,0.194,0.13,0.972,0.032,0,0,0.54,3.432,6.354,0.991,2,0.8352247
449125,1.0000025011192e+18,63875743292004,0.007,1.43,0.007,0.038,-0.343,0.04,0.938,NaN,0.194,0.131,0.972,0,0,0,63.85,NaN,0.194,0.131,0.972,-0.032,0,0,0.548,3.458,6.314,0.969,NaN,0.194,0.131,0.972,0.032,0,0,0.541,3.436,6.354,0.991,2,0.8485923
449126,1.00000250112421e+18,63875743292016,0.007,1.43,0.008,0.038,-0.343,0.04,0.938,NaN,0.195,0.13,0.972,0,0,0,63.85,NaN,0.195,0.13,0.972,-0.032,0,0,0.548,3.461,6.314,0.969,NaN,0.195,0.13,0.972,0.032,0,0,0.542,3.441,6.354,0.991,2,0.7473521
449127,1.00000250112922e+18,63875743292016,0.007,1.43,0.008,0.038,-0.343,0.04,0.938,NaN,0.195,0.13,0.972,0,0,0,63.85,NaN,0.195,0.13,0.972,-0.032,0,0,0.548,3.462,6.314,0.968,NaN,0.195,0.13,0.972,0.032,0,0,0.542,3.444,6.354,0.99,2,0.7646832
449128,1.00000250113424e+18,63875743292026,0.007,1.43,0.008,0.038,-0.342,0.04,0.938,NaN,0.195,0.13,0.972,0,0,0,63.85,NaN,0.196,0.13,0.972,-0.032,0,0,0.549,3.463,6.314,0.968,NaN,0.195,0.13,0.972,0.032,0,0,0.542,3.445,6.354,0.99,2,0.7603144
449129,1.00000250113928e+18,63875743292026,0.007,1.43,0.008,0.038,-0.342,0.04,0.938,NaN,0.196,0.13,0.972,0,0,0,63.85,NaN,0.196,0.13,0.972,-0.032,0,0,0.549,3.465,6.314,0.968,NaN,0.196,0.13,0.972,0.032,0,0,0.542,3.446,6.354,0.99,2,0.7565422
449130,1.00000250114431e+18,63875743292037,0.007,1.43,0.008,0.039,-0.342,0.04,0.938,NaN,0.196,0.129,0.972,0,0,0,63.85,NaN,0.196,0.129,0.972,-0.032,0,0,0.549,3.465,6.314,0.969,NaN,0.196,0.129,0.972,0.032,0,0,0.542,3.446,6.354,0.989,2,0.7081841
449131,1.00000250114935e+18,63875743292038,0.007,1.43,0.008,0.039,-0.342,0.04,0.938,NaN,0.196,0.128,0.972,0,0,0,63.85,NaN,0.196,0.128,0.972,-0.032,0,0,0.549,3.465,6.314,0.969,NaN,0.196,0.128,0.972,0.032,0,0,0.544,3.453,6.354,0.989,2,0.6856187
449132,1.00000250115438e+18,63875743292049,0.007,1.43,0.008,0.039,-0.341,0.04,0.938,NaN,0.196,0.128,0.972,0,0,0,63.85,NaN,0.196,0.128,0.972,-0.032,0,0,0.548,3.459,6.314,0.969,NaN,0.196,0.128,0.972,0.032,0,0,0.544,3.457,6.354,0.989,2,0.6559567
449133,1.0000025011594e+18,63875743292049,0.007,1.43,0.008,0.039,-0.341,0.04,0.938,NaN,0.196,0.128,0.972,0,0,0,63.85,NaN,0.196,0.128,0.972,-0.032,0,0,0.547,3.454,6.314,0.969,NaN,0.196,0.128,0.972,0.032,0,0,0.545,3.46,6.354,0.988,2,0.6694739
449134,1.00000250116431e+18,63875743292060,0.007,1.429,0.008,0.04,-0.341,0.041,0.938,NaN,0.196,0.128,0.972,0,0,0,63.85,NaN,0.196,0.128,0.972,-0.032,0,0,0.546,3.447,6.314,0.968,NaN,0.196,0.128,0.972,0.032,0,0,0.545,3.461,6.354,0.988,2,0.6521796
449135,1.00000250116932e+18,63875743292071,0.007,1.429,0.008,0.04,-0.341,0.041,0.938,NaN,0.196,0.128,0.972,0,0,0,63.85,NaN,0.196,0.128,0.972,-0.032,0,0,0.546,3.447,6.314,0.968,NaN,0.196,0.128,0.972,0.032,0,0,0.545,3.463,6.354,0.987,2,0.6343873
449136,1.00000250117455e+18,63875743292071,0.007,1.429,0.008,0.04,-0.341,0.041,0.938,NaN,0.195,0.128,0.972,0,0,0,63.85,NaN,0.195,0.128,0.972,-0.032,0,0,0.546,3.45,6.314,0.968,NaN,0.195,0.128,0.972,0.032,0,0,0.545,3.465,6.354,0.987,2,0.6172466
449137,1.0000025011795e+18,63875743292071,0.007,1.429,0.008,0.04,-0.341,0.041,0.938,NaN,0.195,0.127,0.972,0,0,0,63.85,NaN,0.195,0.127,0.972,-0.032,0,0,0.548,3.458,6.314,0.968,NaN,0.195,0.127,0.972,0.032,0,0,0.546,3.467,6.354,0.987,2,0.6366366
449138,1.00000250118435e+18,63875743292082,0.007,1.429,0.008,0.041,-0.34,0.042,0.939,NaN,0.195,0.127,0.973,0,0,0,63.85,NaN,0.195,0.127,0.973,-0.032,0,0,0.549,3.468,6.314,0.967,NaN,0.195,0.127,0.973,0.032,0,0,0.546,3.469,6.354,0.986,2,0.6175582
449139,1.00000250118936e+18,63875743292082,0.007,1.429,0.008,0.041,-0.34,0.042,0.939,NaN,0.195,0.127,0.973,0,0,0,63.85,NaN,0.195,0.127,0.973,-0.032,0,0,0.551,3.481,6.314,0.968,NaN,0.195,0.127,0.973,0.032,0,0,0.546,3.471,6.354,0.986,2,0.6186898
449140,1.00000250119437e+18,63875743292082,0.007,1.429,0.008,0.041,-0.34,0.042,0.939,NaN,0.195,0.127,0.973,0,0,0,63.85,NaN,0.195,0.127,0.973,-0.032,0,0,0.553,3.489,6.314,0.967,NaN,0.195,0.127,0.973,0.032,0,0,0.547,3.473,6.354,0.985,2,0.6506685
449141,1.00000250119938e+18,63875743292093,0.007,1.429,0.008,0.041,-0.34,0.042,0.939,NaN,0.195,0.126,0.973,0,0,0,63.85,NaN,0.195,0.126,0.973,-0.032,0,0,0.553,3.493,6.314,0.966,NaN,0.195,0.126,0.973,0.032,0,0,0.547,3.474,6.354,0.985,2,0.644614
449142,1.00000250120439e+18,63875743292093,0.007,1.429,0.008,0.041,-0.34,0.042,0.939,NaN,0.195,0.126,0.973,0,0,0,63.85,NaN,0.195,0.126,0.973,-0.032,0,0,0.554,3.495,6.314,0.966,NaN,0.195,0.126,0.973,0.032,0,0,0.547,3.476,6.354,0.984,2,0.6507522
449143,1.00000250120941e+18,63875743292104,0.007,1.429,0.008,0.042,-0.339,0.042,0.939,NaN,0.195,0.125,0.973,0,0,0,63.85,NaN,0.195,0.125,0.973,-0.032,0,0,0.554,3.497,6.314,0.966,NaN,0.195,0.125,0.973,0.032,0,0,0.547,3.477,6.354,0.984,2,0.6525329
449144,1.00000250121441e+18,63875743292104,0.007,1.429,0.008,0.042,-0.339,0.042,0.939,NaN,0.195,0.125,0.973,0,0,0,63.85,NaN,0.195,0.125,0.973,-0.032,0,0,0.554,3.498,6.314,0.965,NaN,0.195,0.125,0.973,0.032,0,0,0.548,3.479,6.354,0.983,2,0.6577724
449145,1.00000250121942e+18,63875743292104,0.007,1.429,0.008,0.042,-0.339,0.042,0.939,NaN,0.195,0.124,0.973,0,0,0,63.85,NaN,0.195,0.124,0.973,-0.032,0,0,0.554,3.499,6.314,0.964,NaN,0.195,0.124,0.973,0.032,0,0,0.548,3.48,6.354,0.983,2,0.7673952
449146,1.00000250122441e+18,63875743292115,0.007,1.429,0.008,0.042,-0.339,0.043,0.939,NaN,0.195,0.123,0.973,0,0,0,63.85,NaN,0.195,0.123,0.973,-0.032,0,0,0.556,3.508,6.314,0.964,NaN,0.195,0.123,0.973,0.032,0,0,0.548,3.482,6.354,0.982,2,0.7543617
449147,1.00000250122944e+18,63875743292115,0.007,1.429,0.008,0.042,-0.339,0.043,0.939,NaN,0.195,0.122,0.973,0,0,0,63.85,NaN,0.195,0.122,0.973,-0.032,0,0,0.557,3.514,6.314,0.963,NaN,0.195,0.122,0.973,0.032,0,0,0.548,3.483,6.354,0.982,2,0.7363196
449148,1.00000250123449e+18,63875743292126,0.007,1.429,0.009,0.043,-0.339,0.043,0.939,NaN,0.194,0.121,0.973,0,0,0,63.85,NaN,0.194,0.121,0.973,-0.032,0,0,0.557,3.518,6.314,0.955,NaN,0.194,0.121,0.973,0.032,0,0,0.548,3.484,6.354,0.983,2,0.6905417
449149,1.0000025012395e+18,63875743292126,0.007,1.429,0.009,0.043,-0.339,0.043,0.939,NaN,0.194,0.122,0.973,0,0,0,63.85,NaN,0.194,0.122,0.973,-0.032,0,0,0.558,3.52,6.314,0.945,NaN,0.194,0.122,0.973,0.032,0,0,0.548,3.485,6.354,0.983,2,0.5280722
449150,1.0000025012445e+18,63875743292138,0.007,1.429,0.009,0.043,-0.339,0.043,0.939,NaN,0.194,0.124,0.973,0,0,0,63.85,NaN,0.194,0.124,0.973,-0.032,0,0,0.563,3.556,6.314,0.935,NaN,0.194,0.124,0.973,0.032,0,0,0.549,3.489,6.354,0.982,2,0.2630618
449151,1.00000250124949e+18,63875743292138,0.007,1.429,0.009,0.043,-0.339,0.043,0.939,NaN,0.178,0.118,0.977,0,0,0,63.85,NaN,0.178,0.118,0.977,-0.032,0,0,0.569,3.595,6.314,0.924,NaN,0.178,0.118,0.977,0.032,0,0,0.554,3.518,6.354,0.982,2,0
449152,1.00000250125451e+18,63875743292148,0.006,1.429,0.009,0.043,-0.338,0.044,0.939,NaN,0.183,0.108,0.977,0,0,0,63.85,NaN,0.183,0.108,0.977,-0.032,0,0,0.576,3.64,6.314,0.913,NaN,0.183,0.108,0.977,0.032,0,0,0.554,3.518,6.354,0.98,2,0
449153,1.00000250125952e+18,63875743292160,0.006,1.429,0.009,0.043,-0.338,0.044,0.939,NaN,0.181,0.103,0.978,0,0,0,63.85,NaN,0.181,0.103,0.978,-0.032,0,0,0.582,3.675,6.314,0.905,NaN,0.181,0.103,0.978,0.032,0,0,0.554,3.518,6.354,0.974,2,0
449154,1.00000250126454e+18,63875743292160,0.006,1.429,0.009,0.043,-0.338,0.044,0.939,NaN,0.182,0.093,0.979,0,0,0,63.85,NaN,0.182,0.093,0.979,-0.032,0,0,0.576,3.634,6.314,0.897,NaN,0.182,0.093,0.979,0.032,0,0,0.553,3.513,6.354,0.961,2,0
449155,1.00000250126955e+18,63875743292160,0.006,1.429,0.009,0.043,-0.338,0.044,0.939,NaN,0.183,0.08,0.98,0,0,0,63.85,NaN,0.183,0.08,0.98,-0.032,0,0,0.569,3.591,6.314,0.89,NaN,0.183,0.08,0.98,0.032,0,0,0.553,3.512,6.354,0.946,2,0
449156,1.00000250127457e+18,63875743292160,0.006,1.429,0.009,0.043,-0.338,0.044,0.939,NaN,0.191,0.062,0.98,0,0,0,63.85,NaN,0.191,0.062,0.98,-0.032,0,0,0.566,3.572,6.314,0.884,NaN,0.191,0.062,0.98,0.032,0,0,0.553,3.512,6.354,0.936,2,0
449157,1.00000250127957e+18,63875743292170,0.006,1.429,0.009,0.044,-0.338,0.044,0.939,NaN,0.204,0.04,0.978,0,0,0,63.85,NaN,0.204,0.04,0.978,-0.032,0,0,0.566,3.571,6.314,0.882,NaN,0.204,0.04,0.978,0.032,0,0,0.554,3.522,6.354,0.926,2,0
449158,1.00000250128459e+18,63875743292170,0.006,1.429,0.009,0.044,-0.338,0.044,0.939,NaN,0.218,0.017,0.976,0,0,0,63.85,NaN,0.218,0.017,0.976,-0.032,0,0,0.567,3.579,6.314,0.879,NaN,0.218,0.017,0.976,0.032,0,0,0.554,3.522,6.354,0.919,2,0
449159,1.0000025012896e+18,63875743292182,0.006,1.429,0.009,0.044,-0.338,0.044,0.939,NaN,0.23,-0.005,0.973,0,0,0,63.85,NaN,0.23,-0.005,0.973,-0.032,0,0,0.569,3.594,6.314,0.878,NaN,0.23,-0.005,0.973,0.032,0,0,0.554,3.522,6.354,0.914,2,0
449160,1.0000025012946e+18,63875743292182,0.006,1.429,0.009,0.044,-0.338,0.044,0.939,NaN,0.24,-0.022,0.971,0,0,0,63.85,NaN,0.24,-0.022,0.971,-0.032,0,0,0.571,3.606,6.314,0.877,NaN,0.24,-0.022,0.971,0.032,0,0,0.554,3.521,6.354,0.908,2,0
449161,1.00000250129961e+18,63875743292193,0.006,1.429,0.009,0.044,-0.339,0.044,0.939,NaN,0.246,-0.035,0.969,0,0,0,63.85,NaN,0.246,-0.035,0.969,-0.032,0,0,0.571,3.608,6.314,0.876,NaN,0.246,-0.035,0.969,0.032,0,0,0.554,3.521,6.354,0.904,2,0
449162,1.00000250130462e+18,63875743292193,0.006,1.429,0.009,0.044,-0.339,0.044,0.939,NaN,0.251,-0.045,0.967,0,0,0,63.85,NaN,0.251,-0.045,0.967,-0.032,0,0,0.572,3.609,6.314,0.875,NaN,0.251,-0.045,0.967,0.032,0,0,0.554,3.52,6.354,0.9,2,0
449163,1.00000250130965e+18,63875743292204,0.006,1.429,0.009,0.044,-0.339,0.044,0.939,NaN,0.254,-0.051,0.966,0,0,0,63.85,NaN,0.254,-0.051,0.966,-0.032,0,0,0.572,3.61,6.314,0.876,NaN,0.254,-0.051,0.966,0.032,0,0,0.554,3.519,6.354,0.897,2,0
449164,1.00000250131466e+18,63875743292204,0.006,1.429,0.009,0.044,-0.339,0.044,0.939,NaN,0.256,-0.057,0.965,0,0,0,63.85,NaN,0.256,-0.057,0.965,-0.032,0,0,0.572,3.61,6.314,0.875,NaN,0.256,-0.057,0.965,0.032,0,0,0.554,3.517,6.354,0.894,2,0
449165,1.00000250131969e+18,63875743292216,0.006,1.429,0.009,0.044,-0.339,0.044,0.939,NaN,0.257,-0.06,0.964,0,0,0,63.85,NaN,0.257,-0.06,0.964,-0.032,0,0,0.572,3.61,6.314,0.874,NaN,0.257,-0.06,0.964,0.032,0,0,0.553,3.516,6.354,0.892,2,0
449166,1.00000250132469e+18,63875743292216,0.006,1.429,0.009,0.044,-0.339,0.044,0.939,NaN,0.258,-0.063,0.964,0,0,0,63.85,NaN,0.258,-0.063,0.964,-0.032,0,0,0.571,3.608,6.314,0.875,NaN,0.258,-0.063,0.964,0.032,0,0,0.553,3.514,6.354,0.89,2,0
449167,1.00000250132968e+18,63875743292227,0.006,1.429,0.009,0.044,-0.339,0.044,0.939,NaN,0.258,-0.065,0.964,0,0,0,63.85,NaN,0.258,-0.065,0.964,-0.032,0,0,0.571,3.606,6.314,0.874,NaN,0.258,-0.065,0.964,0.032,0,0,0.553,3.513,6.354,0.888,2,0
449168,1.00000250133469e+18,63875743292227,0.006,1.429,0.009,0.044,-0.339,0.044,0.939,NaN,0.259,-0.066,0.964,0,0,0,63.85,NaN,0.259,-0.066,0.964,-0.032,0,0,0.571,3.604,6.314,0.874,NaN,0.259,-0.066,0.964,0.032,0,0,0.553,3.512,6.354,0.887,2,0
449169,1.0000025013397e+18,63875743292227,0.006,1.429,0.009,0.044,-0.339,0.044,0.939,NaN,0.259,-0.067,0.964,0,0,0,63.85,NaN,0.259,-0.067,0.964,-0.032,0,0,0.571,3.602,6.314,0.873,NaN,0.259,-0.067,0.964,0.032,0,0,0.553,3.511,6.354,0.886,2,0
449170,1.00000250134472e+18,63875743292238,0.006,1.429,0.009,0.044,-0.34,0.044,0.938,NaN,0.258,-0.068,0.964,0,0,0,63.85,NaN,0.258,-0.068,0.964,-0.032,0,0,0.57,3.6,6.314,0.873,NaN,0.258,-0.068,0.964,0.032,0,0,0.552,3.509,6.354,0.885,2,0
449171,1.00000250134973e+18,63875743292238,0.006,1.429,0.009,0.044,-0.34,0.044,0.938,NaN,0.258,-0.068,0.964,0,0,0,63.85,NaN,0.258,-0.068,0.964,-0.032,0,0,0.57,3.598,6.314,0.873,NaN,0.258,-0.068,0.964,0.032,0,0,0.552,3.508,6.354,0.884,2,0
449172,1.00000250135475e+18,63875743292249,0.006,1.429,0.009,0.044,-0.34,0.044,0.938,NaN,0.258,-0.068,0.964,0,0,0,63.85,NaN,0.258,-0.068,0.964,-0.032,0,0,0.569,3.595,6.314,0.873,NaN,0.258,-0.068,0.964,0.032,0,0,0.552,3.507,6.354,0.883,2,0
449173,1.00000250135976e+18,63875743292249,0.006,1.429,0.009,0.044,-0.34,0.044,0.938,NaN,0.261,-0.067,0.963,0,0,0,63.85,NaN,0.261,-0.067,0.963,-0.032,0,0,0.569,3.594,6.314,0.873,NaN,0.261,-0.067,0.963,0.032,0,0,0.552,3.504,6.354,0.883,2,0
449174,1.00000250136478e+18,63875743292260,0.006,1.429,0.01,0.044,-0.34,0.044,0.938,NaN,0.263,-0.066,0.962,0,0,0,63.85,NaN,0.263,-0.066,0.962,-0.032,0,0,0.569,3.593,6.314,0.873,NaN,0.263,-0.066,0.962,0.032,0,0,0.551,3.5,6.354,0.882,2,0
449175,1.0000025013698e+18,63875743292260,0.006,1.429,0.01,0.044,-0.34,0.044,0.938,NaN,0.265,-0.065,0.962,0,0,0,63.85,NaN,0.265,-0.065,0.962,-0.032,0,0,0.569,3.592,6.314,0.873,NaN,0.265,-0.065,0.962,0.032,0,0,0.55,3.494,6.354,0.882,2,0
449176,1.00000250137481e+18,63875743292260,0.006,1.429,0.01,0.044,-0.34,0.044,0.938,NaN,0.266,-0.064,0.962,0,0,0,63.85,NaN,0.266,-0.064,0.962,-0.032,0,0,0.569,3.591,6.314,0.872,NaN,0.266,-0.064,0.962,0.032,0,0,0.549,3.489,6.354,0.881,2,0
449177,1.00000250137982e+18,63875743292271,0.006,1.429,0.01,0.044,-0.341,0.044,0.938,NaN,0.267,-0.063,0.962,0,0,0,63.85,NaN,0.267,-0.063,0.962,-0.032,0,0,0.569,3.59,6.314,0.872,NaN,0.267,-0.063,0.962,0.032,0,0,0.548,3.483,6.354,0.881,2,0.2500119
449178,1.00000250138483e+18,63875743292271,0.006,1.429,0.01,0.044,-0.341,0.044,0.938,NaN,0.268,-0.063,0.961,0,0,0,63.85,NaN,0.268,-0.063,0.961,-0.032,0,0,0.568,3.589,6.314,0.872,NaN,0.268,-0.063,0.961,0.032,0,0,0.548,3.479,6.354,0.88,2,0.4875601
449179,1.00000250138985e+18,63875743292282,0.006,1.429,0.01,0.044,-0.341,0.044,0.938,NaN,0.269,-0.062,0.961,0,0,0,63.85,NaN,0.269,-0.062,0.961,-0.032,0,0,0.568,3.588,6.314,0.872,NaN,0.269,-0.062,0.961,0.032,0,0,0.547,3.475,6.354,0.88,2,0.5778936
449180,1.00000250139489e+18,63875743292282,0.006,1.429,0.01,0.044,-0.341,0.044,0.938,NaN,0.269,-0.062,0.961,0,0,0,63.85,NaN,0.269,-0.062,0.961,-0.032,0,0,0.568,3.588,6.314,0.872,NaN,0.269,-0.062,0.961,0.032,0,0,0.547,3.473,6.354,0.879,2,0.6453177
449181,1.0000025013999e+18,63875743292294,0.006,1.429,0.01,0.044,-0.341,0.044,0.938,NaN,0.27,-0.062,0.961,0,0,0,63.85,NaN,0.27,-0.062,0.961,-0.032,0,0,0.568,3.587,6.314,0.873,NaN,0.27,-0.062,0.961,0.032,0,0,0.546,3.471,6.354,0.879,2,0.6866116
449182,1.00000250140489e+18,63875743292294,0.006,1.429,0.01,0.044,-0.341,0.044,0.938,NaN,0.27,-0.061,0.961,0,0,0,63.85,NaN,0.27,-0.061,0.961,-0.032,0,0,0.568,3.586,6.314,0.873,NaN,0.27,-0.061,0.961,0.032,0,0,0.546,3.469,6.354,0.878,2,0.721246
449183,1.0000025014099e+18,63875743292304,0.006,1.429,0.01,0.044,-0.342,0.045,0.938,NaN,0.27,-0.061,0.961,0,0,0,63.85,NaN,0.27,-0.061,0.961,-0.032,0,0,0.568,3.586,6.314,0.873,NaN,0.27,-0.061,0.961,0.032,0,0,0.546,3.467,6.354,0.878,2,0.7516494
449184,1.00000250141492e+18,63875743292304,0.006,1.429,0.01,0.044,-0.342,0.045,0.938,NaN,0.271,-0.06,0.961,0,0,0,63.85,NaN,0.271,-0.06,0.961,-0.032,0,0,0.568,3.585,6.314,0.873,NaN,0.271,-0.06,0.961,0.032,0,0,0.546,3.466,6.354,0.877,2,0.7785146
449185,1.00000250141993e+18,63875743292316,0.006,1.429,0.009,0.044,-0.342,0.045,0.938,NaN,0.271,-0.06,0.961,0,0,0,63.85,NaN,0.271,-0.06,0.961,-0.032,0,0,0.568,3.584,6.314,0.873,NaN,0.271,-0.06,0.961,0.032,0,0,0.545,3.465,6.354,0.877,2,0.7853654
449186,1.00000250142491e+18,63875743292316,0.006,1.429,0.009,0.044,-0.342,0.045,0.938,NaN,0.271,-0.06,0.961,0,0,0,63.85,NaN,0.271,-0.06,0.961,-0.032,0,0,0.568,3.583,6.314,0.873,NaN,0.271,-0.06,0.961,0.032,0,0,0.545,3.465,6.354,0.877,2,0.7945058
449187,1.00000250142992e+18,63875743292316,0.006,1.429,0.009,0.044,-0.342,0.045,0.938,NaN,0.271,-0.06,0.961,0,0,0,63.85,NaN,0.271,-0.06,0.961,-0.032,0,0,0.567,3.583,6.314,0.872,NaN,0.271,-0.06,0.961,0.032,0,0,0.545,3.464,6.354,0.877,2,0.7915958
449188,1.00000250143496e+18,63875743292327,0.007,1.429,0.009,0.045,-0.342,0.045,0.938,NaN,0.271,-0.06,0.961,0,0,0,63.85,NaN,0.271,-0.06,0.961,-0.032,0,0,0.567,3.583,6.314,0.872,NaN,0.271,-0.06,0.961,0.032,0,0,0.545,3.464,6.354,0.876,2,0.7876819
449189,1.00000250143998e+18,63875743292327,0.007,1.429,0.009,0.045,-0.342,0.045,0.938,NaN,0.271,-0.06,0.961,0,0,0,63.85,NaN,0.271,-0.06,0.961,-0.032,0,0,0.567,3.583,6.314,0.872,NaN,0.271,-0.06,0.961,0.032,0,0,0.545,3.463,6.354,0.876,2,0.7899452
449190,1.000002501445e+18,63875743292338,0.007,1.429,0.009,0.045,-0.342,0.045,0.937,NaN,0.271,-0.06,0.961,0,0,0,63.85,NaN,0.271,-0.06,0.961,-0.032,0,0,0.568,3.583,6.314,0.872,NaN,0.271,-0.06,0.961,0.032,0,0,0.545,3.462,6.354,0.876,2,0.796338
449191,1.00000250145001e+18,63875743292338,0.007,1.429,0.009,0.045,-0.342,0.045,0.937,NaN,0.272,-0.06,0.961,0,0,0,63.85,NaN,0.272,-0.06,0.961,-0.032,0,0,0.568,3.584,6.314,0.872,NaN,0.272,-0.06,0.961,0.032,0,0,0.545,3.461,6.354,0.875,2,0.7995629
449192,1.00000250145503e+18,63875743292349,0.007,1.429,0.009,0.045,-0.342,0.045,0.937,NaN,0.272,-0.06,0.96,0,0,0,63.85,NaN,0.272,-0.06,0.96,-0.032,0,0,0.568,3.584,6.314,0.872,NaN,0.272,-0.06,0.96,0.032,0,0,0.545,3.46,6.354,0.875,2,1
449193,1.00000250146003e+18,63875743292349,0.007,1.429,0.009,0.045,-0.342,0.045,0.937,NaN,0.272,-0.06,0.96,0,0,0,63.85,NaN,0.272,-0.06,0.96,-0.032,0,0,0.568,3.584,6.314,0.871,NaN,0.272,-0.06,0.96,0.032,0,0,0.545,3.46,6.354,0.875,2,1
449194,1.00000250146505e+18,63875743292360,0.007,1.429,0.009,0.045,-0.342,0.046,0.937,NaN,0.271,-0.061,0.961,0,0,0,63.85,NaN,0.271,-0.061,0.961,-0.032,0,0,0.568,3.584,6.314,0.871,NaN,0.271,-0.061,0.961,0.032,0,0,0.545,3.46,6.354,0.875,2,0.7793672
449195,1.00000250147006e+18,63875743292361,0.007,1.429,0.009,0.045,-0.342,0.046,0.937,NaN,0.271,-0.061,0.961,0,0,0,63.85,NaN,0.271,-0.061,0.961,-0.032,0,0,0.568,3.585,6.314,0.87,NaN,0.271,-0.061,0.961,0.032,0,0,0.545,3.46,6.354,0.874,2,0.4961522
449196,1.00000250147505e+18,63875743292361,0.007,1.429,0.009,0.045,-0.342,0.046,0.937,NaN,0.27,-0.062,0.961,0,0,0,63.85,NaN,0.27,-0.062,0.961,-0.032,0,0,0.568,3.586,6.314,0.869,NaN,0.27,-0.062,0.961,0.032,0,0,0.545,3.462,6.354,0.874,2,0.1874845
449197,1.00000250148006e+18,63875743292371,0.007,1.429,0.009,0.046,-0.342,0.046,0.937,NaN,0.269,-0.063,0.961,0,0,0,63.85,NaN,0.269,-0.063,0.961,-0.032,0,0,0.568,3.588,6.314,0.869,NaN,0.269,-0.063,0.961,0.032,0,0,0.546,3.466,6.354,0.875,2,0.1492945
449198,1.0000025014851e+18,63875743292371,0.007,1.429,0.009,0.046,-0.342,0.046,0.937,NaN,0.269,-0.063,0.961,0,0,0,63.85,NaN,0.269,-0.063,0.961,-0.032,0,0,0.57,3.598,6.314,0.868,NaN,0.269,-0.063,0.961,0.032,0,0,0.549,3.487,6.354,0.877,2,0.03906457
449199,1.0000025014901e+18,63875743292383,0.007,1.429,0.009,0.046,-0.343,0.046,0.937,NaN,0.272,-0.064,0.96,0,0,0,63.85,NaN,0.272,-0.064,0.96,-0.032,0,0,0.574,3.626,6.314,0.867,NaN,0.272,-0.064,0.96,0.032,0,0,0.554,3.517,6.354,0.877,2,0
449200,1.00000250149512e+18,63875743292383,0.007,1.429,0.009,0.046,-0.343,0.046,0.937,NaN,0.277,-0.064,0.959,0,0,0,63.85,NaN,0.277,-0.064,0.959,-0.032,0,0,0.574,3.623,6.314,0.856,NaN,0.277,-0.064,0.959,0.032,0,0,0.557,3.539,6.354,0.876,2,0
449201,1.00000250150013e+18,63875743292393,0.007,1.429,0.009,0.046,-0.343,0.046,0.937,NaN,0.288,-0.067,0.955,0,0,0,63.85,NaN,0.288,-0.067,0.955,-0.032,0,0,0.574,3.625,6.314,0.841,NaN,0.288,-0.067,0.955,0.032,0,0,0.557,3.539,6.354,0.874,2,0
449202,1.00000250150515e+18,63875743292393,0.007,1.429,0.009,0.046,-0.343,0.046,0.937,NaN,0.306,-0.07,0.95,0,0,0,63.85,NaN,0.306,-0.07,0.95,-0.032,0,0,0.575,3.629,6.314,0.83,NaN,0.306,-0.07,0.95,0.032,0,0,0.557,3.54,6.354,0.869,2,0
449203,1.00000250151016e+18,63875743292404,0.008,1.429,0.009,0.046,-0.342,0.046,0.937,NaN,0.329,-0.073,0.942,0,0,0,63.85,NaN,0.329,-0.073,0.942,-0.032,0,0,0.576,3.638,6.314,0.817,NaN,0.329,-0.073,0.942,0.032,0,0,0.558,3.546,6.354,0.869,2,0
449204,1.00000250151514e+18,63875743292405,0.008,1.429,0.009,0.046,-0.342,0.046,0.937,NaN,0.352,-0.077,0.933,0,0,0,63.85,NaN,0.352,-0.077,0.933,-0.032,0,0,0.577,3.645,6.314,0.808,NaN,0.352,-0.077,0.933,0.032,0,0,0.558,3.547,6.354,0.868,2,0
449205,1.00000250152015e+18,63875743292405,0.008,1.429,0.009,0.046,-0.342,0.046,0.937,NaN,0.375,-0.082,0.924,0,0,0,63.85,NaN,0.375,-0.082,0.924,-0.032,0,0,0.578,3.653,6.314,0.809,NaN,0.375,-0.082,0.924,0.032,0,0,0.558,3.547,6.354,0.867,2,0
449206,1.00000250152516e+18,63875743292416,0.008,1.429,0.009,0.046,-0.342,0.046,0.937,NaN,0.394,-0.088,0.915,0,0,0,63.85,NaN,0.394,-0.088,0.915,-0.032,0,0,0.579,3.653,6.314,0.798,NaN,0.394,-0.088,0.915,0.032,0,0,0.558,3.547,6.354,0.865,2,0
449207,1.00000250153018e+18,63875743292427,0.008,1.429,0.009,0.046,-0.342,0.046,0.937,NaN,0.408,-0.095,0.908,0,0,0,63.85,NaN,0.408,-0.095,0.908,-0.032,0,0,0.579,3.654,6.314,0.789,NaN,0.408,-0.095,0.908,0.032,0,0,0.558,3.548,6.354,0.864,2,0
449208,1.0000025015352e+18,63875743292427,0.008,1.429,0.009,0.046,-0.342,0.046,0.937,NaN,0.417,-0.1,0.904,0,0,0,63.85,NaN,0.417,-0.1,0.904,-0.032,0,0,0.579,3.655,6.314,0.782,NaN,0.417,-0.1,0.904,0.032,0,0,0.559,3.55,6.354,0.863,2,0
449209,1.00000250154023e+18,63875743292427,0.008,1.429,0.009,0.046,-0.342,0.046,0.937,NaN,0.423,-0.105,0.9,0,0,0,63.85,NaN,0.423,-0.105,0.9,-0.032,0,0,0.579,3.657,6.314,0.776,NaN,0.423,-0.105,0.9,0.032,0,0,0.559,3.552,6.354,0.862,2,0
449210,1.00000250154525e+18,63875743292438,0.008,1.429,0.009,0.045,-0.342,0.046,0.937,NaN,0.427,-0.109,0.898,0,0,0,63.85,NaN,0.427,-0.109,0.898,-0.032,0,0,0.579,3.658,6.314,0.773,NaN,0.427,-0.109,0.898,0.032,0,0,0.56,3.556,6.354,0.861,2,0
449211,1.0000025015503e+18,63875743292438,0.008,1.429,0.009,0.045,-0.342,0.046,0.937,NaN,0.429,-0.113,0.896,0,0,0,63.85,NaN,0.429,-0.113,0.896,-0.032,0,0,0.58,3.659,6.314,0.77,NaN,0.429,-0.113,0.896,0.032,0,0,0.56,3.558,6.354,0.86,2,0
449212,1.00000250155532e+18,63875743292448,0.008,1.429,0.009,0.045,-0.342,0.046,0.937,NaN,0.431,-0.115,0.895,0,0,0,63.85,NaN,0.431,-0.115,0.895,-0.032,0,0,0.58,3.66,6.314,0.766,NaN,0.431,-0.115,0.895,0.032,0,0,0.56,3.559,6.354,0.859,2,0
449213,1.00000250156025e+18,63875743292448,0.008,1.429,0.009,0.045,-0.342,0.046,0.937,NaN,0.432,-0.118,0.894,0,0,0,63.85,NaN,0.432,-0.118,0.894,-0.032,0,0,0.58,3.661,6.314,0.765,NaN,0.432,-0.118,0.894,0.032,0,0,0.56,3.559,6.354,0.859,2,0
449214,1.00000250156526e+18,63875743292459,0.008,1.429,0.009,0.045,-0.342,0.046,0.938,NaN,0.433,-0.119,0.894,0,0,0,63.85,NaN,0.433,-0.119,0.894,-0.032,0,0,0.58,3.662,6.314,0.764,NaN,0.433,-0.119,0.894,0.032,0,0,0.56,3.56,6.354,0.859,2,0
449215,1.00000250157028e+18,63875743292459,0.008,1.429,0.009,0.045,-0.342,0.046,0.938,NaN,0.433,-0.121,0.893,0,0,0,63.85,NaN,0.433,-0.121,0.893,-0.032,0,0,0.58,3.663,6.314,0.764,NaN,0.433,-0.121,0.893,0.032,0,0,0.56,3.561,6.354,0.858,2,0
449216,1.00000250157529e+18,63875743292471,0.008,1.429,0.009,0.045,-0.342,0.046,0.938,NaN,0.434,-0.122,0.893,0,0,0,63.85,NaN,0.434,-0.122,0.893,-0.032,0,0,0.58,3.664,6.314,0.762,NaN,0.434,-0.122,0.893,0.032,0,0,0.561,3.562,6.354,0.858,2,0
449217,1.00000250158032e+18,63875743292471,0.008,1.429,0.009,0.045,-0.342,0.046,0.938,NaN,0.434,-0.123,0.892,0,0,0,63.85,NaN,0.434,-0.123,0.892,-0.032,0,0,0.58,3.665,6.314,0.762,NaN,0.434,-0.123,0.892,0.032,0,0,0.561,3.562,6.354,0.858,2,0
449218,1.00000250158539e+18,63875743292471,0.008,1.429,0.009,0.045,-0.342,0.046,0.938,NaN,0.434,-0.123,0.892,0,0,0,63.85,NaN,0.434,-0.123,0.892,-0.032,0,0,0.581,3.666,6.314,0.761,NaN,0.434,-0.123,0.892,0.032,0,0,0.561,3.563,6.354,0.858,2,0
449219,1.00000250159041e+18,63875743292481,0.009,1.429,0.009,0.044,-0.342,0.046,0.938,NaN,0.434,-0.124,0.892,0,0,0,63.85,NaN,0.434,-0.124,0.892,-0.032,0,0,0.581,3.667,6.314,0.761,NaN,0.434,-0.124,0.892,0.032,0,0,0.561,3.565,6.354,0.857,2,0
449220,1.00000250159544e+18,63875743292481,0.009,1.429,0.009,0.044,-0.342,0.046,0.938,NaN,0.434,-0.124,0.892,0,0,0,63.85,NaN,0.434,-0.124,0.892,-0.032,0,0,0.581,3.668,6.314,0.761,NaN,0.434,-0.124,0.892,0.032,0,0,0.561,3.566,6.354,0.857,2,0
449221,1.00000250160046e+18,63875743292493,0.009,1.429,0.009,0.044,-0.342,0.046,0.938,NaN,0.434,-0.125,0.892,0,0,0,63.85,NaN,0.434,-0.125,0.892,-0.032,0,0,0.581,3.67,6.314,0.76,NaN,0.434,-0.125,0.892,0.032,0,0,0.561,3.567,6.354,0.857,2,0
449222,1.00000250160548e+18,63875743292493,0.009,1.429,0.009,0.044,-0.342,0.046,0.938,NaN,0.434,-0.125,0.892,0,0,0,63.85,NaN,0.434,-0.125,0.892,-0.032,0,0,0.582,3.672,6.314,0.761,NaN,0.434,-0.125,0.892,0.032,0,0,0.562,3.569,6.354,0.857,2,0.2333363
449223,1.00000250161051e+18,63875743292503,0.009,1.429,0.009,0.044,-0.342,0.046,0.938,NaN,0.434,-0.125,0.892,0,0,0,63.85,NaN,0.434,-0.125,0.892,-0.032,0,0,0.582,3.673,6.314,0.761,NaN,0.434,-0.125,0.892,0.032,0,0,0.562,3.57,6.354,0.857,2,0.4768431
449224,1.00000250161541e+18,63875743292503,0.009,1.429,0.009,0.044,-0.342,0.046,0.938,NaN,0.434,-0.125,0.892,0,0,0,63.85,NaN,0.434,-0.125,0.892,-0.032,0,0,0.582,3.674,6.314,0.761,NaN,0.434,-0.125,0.892,0.032,0,0,0.562,3.573,6.354,0.857,2,0.7234463
449225,1.00000250162041e+18,63875743292514,0.009,1.429,0.009,0.044,-0.342,0.046,0.938,NaN,0.434,-0.125,0.892,0,0,0,63.85,NaN,0.434,-0.125,0.892,-0.032,0,0,0.582,3.676,6.314,0.761,NaN,0.434,-0.125,0.892,0.032,0,0,0.563,3.575,6.354,0.857,2,0.9271264
449226,1.00000250162542e+18,63875743292515,0.009,1.429,0.009,0.044,-0.342,0.046,0.938,NaN,0.434,-0.125,0.892,0,0,0,63.85,NaN,0.434,-0.125,0.892,-0.032,0,0,0.582,3.677,6.314,0.761,NaN,0.434,-0.125,0.892,0.032,0,0,0.563,3.577,6.354,0.857,2,1
449227,1.00000250163044e+18,63875743292525,0.009,1.429,0.009,0.044,-0.342,0.046,0.938,NaN,0.433,-0.125,0.892,0,0,0,63.85,NaN,0.433,-0.125,0.892,-0.032,0,0,0.583,3.678,6.314,0.761,NaN,0.433,-0.125,0.892,0.032,0,0,0.563,3.58,6.354,0.857,2,1
449228,1.00000250163545e+18,63875743292525,0.009,1.429,0.009,0.044,-0.342,0.046,0.938,NaN,0.433,-0.125,0.893,0,0,0,63.85,NaN,0.433,-0.125,0.893,-0.032,0,0,0.583,3.679,6.314,0.761,NaN,0.433,-0.125,0.893,0.032,0,0,0.564,3.582,6.354,0.857,2,1
449229,1.00000250164045e+18,63875743292525,0.009,1.429,0.009,0.044,-0.342,0.046,0.938,NaN,0.435,-0.125,0.892,0,0,0,63.85,NaN,0.435,-0.125,0.892,-0.032,0,0,0.583,3.68,6.314,0.761,NaN,0.435,-0.125,0.892,0.032,0,0,0.564,3.583,6.354,0.858,2,0.9387859
449230,1.00000250164547e+18,63875743292537,0.009,1.429,0.009,0.043,-0.341,0.047,0.938,NaN,0.436,-0.125,0.891,0,0,0,63.85,NaN,0.436,-0.125,0.891,-0.032,0,0,0.583,3.681,6.314,0.761,NaN,0.436,-0.125,0.891,0.032,0,0,0.564,3.583,6.354,0.858,2,0.948593
449231,1.00000250165051e+18,63875743292537,0.009,1.429,0.009,0.043,-0.341,0.047,0.938,NaN,0.437,-0.125,0.891,0,0,0,63.85,NaN,0.437,-0.125,0.891,-0.032,0,0,0.583,3.682,6.314,0.762,NaN,0.437,-0.125,0.891,0.032,0,0,0.564,3.582,6.354,0.858,2,0.9448996
449232,1.00000250165553e+18,63875743292548,0.009,1.429,0.009,0.043,-0.341,0.047,0.938,NaN,0.438,-0.124,0.89,0,0,0,63.85,NaN,0.438,-0.124,0.89,-0.032,0,0,0.583,3.683,6.314,0.762,NaN,0.438,-0.124,0.89,0.032,0,0,0.564,3.581,6.354,0.858,2,0.9575467
449233,1.00000250166054e+18,63875743292559,0.01,1.429,0.009,0.043,-0.341,0.046,0.938,NaN,0.438,-0.124,0.89,0,0,0,63.85,NaN,0.438,-0.124,0.89,-0.032,0,0,0.583,3.684,6.314,0.762,NaN,0.438,-0.124,0.89,0.032,0,0,0.563,3.579,6.354,0.858,2,0.9581789
449234,1.00000250166555e+18,63875743292559,0.01,1.429,0.009,0.043,-0.341,0.046,0.938,NaN,0.439,-0.124,0.89,0,0,0,63.85,NaN,0.439,-0.124,0.89,-0.032,0,0,0.584,3.685,6.314,0.762,NaN,0.439,-0.124,0.89,0.032,0,0,0.563,3.578,6.354,0.858,2,0.9547005
449235,1.00000250167054e+18,63875743292571,0.01,1.429,0.009,0.043,-0.341,0.046,0.938,NaN,0.439,-0.124,0.89,0,0,0,63.85,NaN,0.439,-0.124,0.89,-0.032,0,0,0.584,3.686,6.314,0.762,NaN,0.439,-0.124,0.89,0.032,0,0,0.563,3.578,6.354,0.859,2,0.9541447
449236,1.00000250167555e+18,63875743292571,0.01,1.429,0.009,0.043,-0.341,0.046,0.938,NaN,0.439,-0.124,0.89,0,0,0,63.85,NaN,0.439,-0.124,0.89,-0.032,0,0,0.584,3.687,6.314,0.762,NaN,0.439,-0.124,0.89,0.032,0,0,0.563,3.578,6.354,0.859,2,0.9471292
449237,1.00000250168055e+18,63875743292571,0.01,1.429,0.009,0.043,-0.341,0.046,0.938,NaN,0.44,-0.124,0.89,0,0,0,63.85,NaN,0.44,-0.124,0.89,-0.032,0,0,0.584,3.689,6.314,0.762,NaN,0.44,-0.124,0.89,0.032,0,0,0.563,3.578,6.354,0.859,2,0.948519
449238,1.00000250168555e+18,63875743292581,0.01,1.429,0.009,0.043,-0.341,0.046,0.938,NaN,0.44,-0.124,0.889,0,0,0,63.85,NaN,0.44,-0.124,0.889,-0.032,0,0,0.584,3.69,6.314,0.762,NaN,0.44,-0.124,0.889,0.032,0,0,0.563,3.579,6.354,0.859,2,0.9446183
449239,1.00000250169056e+18,63875743292581,0.01,1.429,0.009,0.043,-0.341,0.046,0.938,NaN,0.44,-0.125,0.889,0,0,0,63.85,NaN,0.44,-0.125,0.889,-0.032,0,0,0.585,3.692,6.314,0.762,NaN,0.44,-0.125,0.889,0.032,0,0,0.563,3.58,6.354,0.859,2,0.9396912
449240,1.00000250169558e+18,63875743292581,0.01,1.429,0.009,0.043,-0.341,0.046,0.938,NaN,0.44,-0.125,0.889,0,0,0,63.85,NaN,0.44,-0.125,0.889,-0.032,0,0,0.585,3.694,6.314,0.762,NaN,0.44,-0.125,0.889,0.032,0,0,0.564,3.581,6.354,0.859,2,0.9309335
449241,1.00000250170059e+18,63875743292592,0.01,1.429,0.009,0.043,-0.341,0.046,0.938,NaN,0.44,-0.125,0.889,0,0,0,63.85,NaN,0.44,-0.125,0.889,-0.032,0,0,0.585,3.695,6.314,0.761,NaN,0.44,-0.125,0.889,0.032,0,0,0.564,3.582,6.354,0.859,2,0.9274944
449242,1.00000250170563e+18,63875743292592,0.01,1.429,0.009,0.043,-0.341,0.046,0.938,NaN,0.439,-0.125,0.89,0,0,0,63.85,NaN,0.439,-0.125,0.89,-0.032,0,0,0.586,3.697,6.314,0.761,NaN,0.439,-0.125,0.89,0.032,0,0,0.564,3.585,6.354,0.859,2,0.7369114
449243,1.00000250171064e+18,63875743292604,0.01,1.429,0.009,0.043,-0.341,0.046,0.938,NaN,0.44,-0.127,0.889,0,0,0,63.85,NaN,0.44,-0.127,0.889,-0.032,0,0,0.586,3.699,6.314,0.761,NaN,0.44,-0.127,0.889,0.032,0,0,0.565,3.588,6.354,0.858,2,0.4660894
449244,1.00000250171565e+18,63875743292604,0.01,1.429,0.009,0.043,-0.341,0.046,0.938,NaN,0.44,-0.128,0.889,0,0,0,63.85,NaN,0.44,-0.128,0.889,-0.032,0,0,0.586,3.701,6.314,0.758,NaN,0.44,-0.128,0.889,0.032,0,0,0.565,3.59,6.354,0.857,2,0.3996781
449245,1.00000250172065e+18,63875743292615,0.01,1.429,0.01,0.043,-0.34,0.045,0.938,NaN,0.441,-0.13,0.888,0,0,0,63.85,NaN,0.441,-0.13,0.888,-0.032,0,0,0.586,3.702,6.314,0.755,NaN,0.441,-0.13,0.888,0.032,0,0,0.565,3.591,6.354,0.854,2,0.3504759
449246,1.00000250172566e+18,63875743292615,0.01,1.429,0.01,0.043,-0.34,0.045,0.938,NaN,0.442,-0.133,0.887,0,0,0,63.85,NaN,0.442,-0.133,0.887,-0.032,0,0,0.59,3.725,6.314,0.749,NaN,0.442,-0.133,0.887,0.032,0,0,0.568,3.607,6.354,0.847,2,0.3272093
449247,1.00000250173066e+18,63875743292626,0.011,1.429,0.01,0.043,-0.34,0.045,0.938,NaN,0.442,-0.135,0.887,0,0,0,63.85,NaN,0.442,-0.135,0.887,-0.032,0,0,0.594,3.749,6.314,0.746,NaN,0.442,-0.135,0.887,0.032,0,0,0.571,3.627,6.354,0.832,2,0.2203965
449248,1.00000250173567e+18,63875743292626,0.011,1.429,0.01,0.043,-0.34,0.045,0.938,NaN,0.44,-0.135,0.888,0,0,0,63.85,NaN,0.44,-0.135,0.888,-0.032,0,0,0.595,3.755,6.314,0.733,NaN,0.44,-0.135,0.888,0.032,0,0,0.571,3.628,6.354,0.807,2,0
449249,1.00000250174069e+18,63875743292626,0.011,1.429,0.01,0.043,-0.34,0.045,0.938,NaN,0.431,-0.137,0.892,0,0,0,63.85,NaN,0.431,-0.137,0.892,-0.032,0,0,0.544,3.435,6.314,0.708,NaN,0.431,-0.137,0.892,0.032,0,0,0.557,3.541,6.354,0.77,2,0
449250,1.0000025017457e+18,63875743292636,0.011,1.429,0.01,0.043,-0.34,0.045,0.938,NaN,0.427,-0.171,0.888,0,0,0,63.85,NaN,0.413,-0.136,0.9,-0.032,0,0,0.493,3.114,6.314,0.688,NaN,0.427,-0.171,0.888,0.032,0,0,0.555,3.524,6.354,0.721,2,0
449251,1.0000025017507e+18,63875743292636,0.011,1.429,0.01,0.043,-0.34,0.045,0.938,NaN,0.414,-0.197,0.888,0,0,0,63.85,NaN,0.381,-0.14,0.914,-0.032,0,0,0.442,2.793,6.314,0.664,NaN,0.414,-0.197,0.888,0.032,0,0,0.515,3.274,6.354,0.676,2,0
449252,1.00000250175571e+18,63875743292647,0.011,1.429,0.009,0.043,-0.34,0.044,0.938,NaN,0.392,-0.258,0.883,0,0,0,63.85,NaN,0.374,-0.207,0.904,-0.032,0,0,0.417,2.635,6.314,0.638,NaN,0.39,-0.258,0.884,0.032,0,0,0.502,3.191,6.354,0.63,2,0
449253,1.00000250176078e+18,63875743292648,0.011,1.429,0.009,0.043,-0.34,0.044,0.938,NaN,0.341,-0.232,0.911,0,0,0,63.85,NaN,0.326,-0.198,0.925,-0.032,0,0,0.443,2.797,6.314,0.613,NaN,NaN,NaN,NaN,NaN,NaN,0.592,2,0,NaN,NaN,NaN,NaN
449254,1.00000250176579e+18,63875743292658,0.011,1.429,0.009,0.043,-0.34,0.044,0.939,NaN,0.268,-0.3,0.915,0,0,0,63.85,NaN,0.29,-0.19,0.938,-0.032,0,0,0.445,2.811,6.314,0.597,NaN,0.163,-0.4,0.902,0.032,0,0,0.44,2.795,6.354,0.564,0.1305414,0
449255,1.00000250177078e+18,63875743292659,0.011,1.429,0.009,0.043,-0.34,0.044,0.939,NaN,0.227,-0.343,0.911,0,0,0,63.85,NaN,0.263,-0.185,0.947,-0.032,0,0,0.442,2.789,6.314,0.588,NaN,0.175,-0.399,0.9,0.032,0,0,0.439,2.789,6.354,0.543,0.09984017,0
449256,1.00000250177577e+18,63875743292670,0.011,1.429,0.009,0.043,-0.34,0.044,0.939,NaN,0.203,-0.381,0.902,0,0,0,63.85,NaN,0.245,-0.182,0.952,-0.032,0,0,0.439,2.771,6.314,0.583,NaN,0.311,-0.334,0.89,0.032,0,0,0.438,2.785,6.354,0.534,2,0
449257,1.00000250178078e+18,63875743292670,0.011,1.429,0.009,0.043,-0.34,0.044,0.939,NaN,0.197,-0.406,0.893,0,0,0,63.85,NaN,0.233,-0.181,0.955,-0.032,0,0,0.439,2.769,6.314,0.578,NaN,0.259,-0.382,0.887,0.032,0,0,0.438,2.786,6.354,0.524,2,0
449258,1.00000250178578e+18,63875743292670,0.011,1.429,0.009,0.043,-0.34,0.044,0.939,NaN,0.199,-0.417,0.887,0,0,0,63.85,NaN,0.219,-0.178,0.959,-0.032,0,0,0.445,2.807,6.314,0.577,NaN,0.235,-0.405,0.884,0.032,0,0,0.439,2.79,6.354,0.521,2,0
449259,1.00000250179083e+18,63875743292681,0.011,1.429,0.009,0.043,-0.339,0.044,0.939,NaN,0.202,-0.422,0.884,0,0,0,63.85,NaN,0.21,-0.174,0.962,-0.032,0,0,0.447,2.822,6.314,0.579,NaN,0.222,-0.416,0.882,0.032,0,0,0.441,2.799,6.354,0.523,2,0
449260,1.00000250179583e+18,63875743292681,0.011,1.429,0.009,0.043,-0.339,0.044,0.939,NaN,0.202,-0.426,0.882,0,0,0,63.85,NaN,0.205,-0.169,0.964,-0.032,0,0,0.448,2.827,6.314,0.577,NaN,0.214,-0.423,0.881,0.032,0,0,0.443,2.816,6.354,0.525,2,0
449261,1.00000250180087e+18,63875743292693,0.011,1.429,0.009,0.043,-0.339,0.044,0.939,NaN,0.202,-0.425,0.882,0,0,0,63.85,NaN,0.201,-0.165,0.966,-0.032,0,0,0.448,2.829,6.314,0.578,NaN,0.209,-0.423,0.882,0.032,0,0,0.448,2.844,6.354,0.528,2,0
449262,1.00000250180587e+18,63875743292693,0.011,1.429,0.009,0.043,-0.339,0.044,0.939,NaN,0.184,-0.41,0.893,0,0,0,63.85,NaN,0.198,-0.165,0.966,-0.032,0,0,0.419,2.643,6.314,0.579,NaN,0.186,-0.408,0.894,0.032,0,0,0.449,2.856,6.354,0.53,0.01116091,0
449263,1.00000250181088e+18,63875743292704,0.01,1.429,0.009,0.043,-0.339,0.043,0.939,NaN,0.173,-0.402,0.899,0,0,0,63.85,NaN,0.196,-0.166,0.966,-0.032,0,0,0.414,2.613,6.314,0.58,NaN,0.173,-0.399,0.9,0.032,0,0,0.451,2.863,6.354,0.532,0.02434442,0
449264,1.00000250181592e+18,63875743292715,0.01,1.429,0.009,0.043,-0.339,0.043,0.939,NaN,0.169,-0.396,0.902,0,0,0,63.85,NaN,0.195,-0.166,0.967,-0.032,0,0,0.412,2.601,6.314,0.58,NaN,0.168,-0.394,0.904,0.032,0,0,0.452,2.869,6.354,0.533,0.03059379,0
449265,1.00000250182092e+18,63875743292715,0.01,1.429,0.009,0.043,-0.339,0.043,0.939,NaN,0.168,-0.392,0.904,0,0,0,63.85,NaN,0.196,-0.166,0.967,-0.032,0,0,0.411,2.594,6.314,0.581,NaN,0.168,-0.39,0.905,0.032,0,0,0.453,2.876,6.354,0.536,0.03239325,0
449266,1.00000250182593e+18,63875743292715,0.01,1.429,0.009,0.043,-0.339,0.043,0.939,NaN,0.17,-0.389,0.906,0,0,0,63.85,NaN,0.196,-0.166,0.966,-0.032,0,0,0.411,2.594,6.314,0.582,NaN,0.17,-0.386,0.907,0.032,0,0,0.454,2.887,6.354,0.54,0.03143059,0
449267,1.00000250183092e+18,63875743292726,0.01,1.428,0.009,0.044,-0.339,0.044,0.939,NaN,0.173,-0.385,0.906,0,0,0,63.85,NaN,0.197,-0.166,0.966,-0.032,0,0,0.411,2.596,6.314,0.584,NaN,0.173,-0.383,0.907,0.032,0,0,0.457,2.906,6.354,0.544,0.03004005,0
449268,1.00000250183594e+18,63875743292726,0.01,1.428,0.009,0.044,-0.339,0.044,0.939,NaN,0.177,-0.383,0.907,0,0,0,63.85,NaN,0.2,-0.165,0.966,-0.032,0,0,0.412,2.603,6.314,0.587,NaN,0.178,-0.38,0.908,0.032,0,0,0.461,2.93,6.354,0.55,0.02740432,0
449269,1.00000250184095e+18,63875743292726,0.01,1.428,0.009,0.044,-0.339,0.044,0.939,NaN,0.183,-0.378,0.908,0,0,0,63.85,NaN,0.204,-0.163,0.965,-0.032,0,0,0.415,2.617,6.314,0.589,NaN,0.185,-0.374,0.909,0.032,0,0,0.476,3.023,6.354,0.555,0.02471994,0
449270,1.00000250184595e+18,63875743292737,0.01,1.428,0.009,0.044,-0.339,0.044,0.939,NaN,0.189,-0.374,0.908,0,0,0,63.85,NaN,0.207,-0.161,0.965,-0.032,0,0,0.416,2.624,6.314,0.593,NaN,0.192,-0.369,0.91,0.032,0,0,0.479,3.042,6.354,0.562,0.02038722,0
449271,1.00000250185096e+18,63875743292737,0.01,1.428,0.009,0.044,-0.339,0.044,0.939,NaN,0.194,-0.372,0.908,0,0,0,63.85,NaN,0.209,-0.159,0.965,-0.032,0,0,0.416,2.627,6.314,0.604,NaN,0.197,-0.364,0.91,0.032,0,0,0.48,3.048,6.354,0.566,0.01627591,0
449272,1.00000250185596e+18,63875743292748,0.01,1.428,0.009,0.044,-0.339,0.044,0.939,NaN,0.198,-0.368,0.909,0,0,0,63.85,NaN,0.21,-0.157,0.965,-0.032,0,0,0.417,2.631,6.314,0.617,NaN,0.202,-0.362,0.91,0.032,0,0,0.481,3.055,6.354,0.57,0.01230139,0
449273,1.00000250186097e+18,63875743292748,0.01,1.428,0.009,0.044,-0.339,0.044,0.939,NaN,0.202,-0.352,0.914,0,0,0,63.85,NaN,0.213,-0.164,0.963,-0.032,0,0,0.417,2.635,6.314,0.63,NaN,0.205,-0.352,0.913,0.032,0,0,0.483,3.07,6.354,0.573,0.01364556,0
449274,1.00000250186599e+18,63875743292759,0.01,1.428,0.009,0.044,-0.339,0.044,0.939,NaN,0.205,-0.334,0.92,0,0,0,63.85,NaN,0.215,-0.184,0.959,-0.032,0,0,0.42,2.651,6.314,0.641,NaN,0.209,-0.337,0.918,0.032,0,0,0.486,3.086,6.354,0.578,0.01619268,0
449275,1.00000250187099e+18,63875743292759,0.01,1.428,0.009,0.044,-0.339,0.044,0.939,NaN,0.208,-0.317,0.925,0,0,0,63.85,NaN,0.216,-0.205,0.955,-0.032,0,0,0.42,2.653,6.314,0.653,NaN,0.212,-0.321,0.923,0.032,0,0,0.491,3.121,6.354,0.583,0.01914848,0
449276,1.00000250187599e+18,63875743292770,0.01,1.428,0.009,0.044,-0.339,0.044,0.939,NaN,0.21,-0.3,0.931,0,0,0,63.85,NaN,0.217,-0.22,0.951,-0.032,0,0,0.424,2.677,6.314,0.663,NaN,0.214,-0.305,0.928,0.032,0,0,0.496,3.149,6.354,0.588,0.02052859,0
449277,1.00000250188104e+18,63875743292782,0.01,1.428,0.009,0.044,-0.339,0.045,0.939,NaN,0.211,-0.291,0.933,0,0,0,63.85,NaN,0.218,-0.235,0.947,-0.032,0,0,0.453,2.859,6.314,0.673,NaN,0.217,-0.295,0.931,0.032,0,0,0.5,3.176,6.354,0.594,0.01061605,0
449278,1.00000250188604e+18,63875743292782,0.01,1.428,0.009,0.044,-0.339,0.045,0.939,NaN,0.214,-0.282,0.935,0,0,0,63.85,NaN,0.218,-0.243,0.945,-0.032,0,0,0.456,2.88,6.314,0.683,NaN,0.219,-0.285,0.933,0.032,0,0,0.505,3.209,6.354,0.6,2,0
449279,1.00000250189108e+18,63875743292782,0.01,1.428,0.009,0.044,-0.339,0.045,0.939,NaN,0.216,-0.274,0.937,0,0,0,63.85,NaN,0.219,-0.247,0.944,-0.032,0,0,0.457,2.883,6.314,0.691,NaN,0.22,-0.277,0.935,0.032,0,0,0.509,3.235,6.354,0.606,2,0
449280,1.00000250189608e+18,63875743292793,0.01,1.428,0.009,0.044,-0.339,0.045,0.939,NaN,0.219,-0.267,0.939,0,0,0,63.85,NaN,0.22,-0.248,0.943,-0.032,0,0,0.457,2.887,6.314,0.699,NaN,0.221,-0.269,0.938,0.032,0,0,0.514,3.263,6.354,0.613,2,0
449281,1.00000250190113e+18,63875743292793,0.01,1.428,0.009,0.044,-0.339,0.045,0.939,NaN,0.221,-0.26,0.94,0,0,0,63.85,NaN,0.222,-0.247,0.943,-0.032,0,0,0.458,2.889,6.314,0.706,NaN,0.222,-0.261,0.939,0.032,0,0,0.518,3.289,6.354,0.619,2,0
449282,1.00000250190614e+18,63875743292793,0.01,1.428,0.009,0.044,-0.339,0.045,0.939,NaN,0.223,-0.243,0.944,0,0,0,63.85,NaN,0.223,-0.239,0.945,-0.032,0,0,0.462,2.916,6.314,0.713,NaN,0.224,-0.245,0.943,0.032,0,0,0.533,3.387,6.354,0.625,2,0
449283,1.00000250191114e+18,63875743292804,0.01,1.428,0.009,0.044,-0.339,0.045,0.939,NaN,0.224,-0.229,0.947,0,0,0,63.85,NaN,0.224,-0.232,0.947,-0.032,0,0,0.464,2.928,6.314,0.724,NaN,0.225,-0.23,0.947,0.032,0,0,0.538,3.419,6.354,0.631,2,0
449284,1.00000250191614e+18,63875743292804,0.01,1.428,0.009,0.044,-0.339,0.045,0.939,NaN,0.225,-0.214,0.951,0,0,0,63.85,NaN,0.224,-0.227,0.948,-0.032,0,0,0.465,2.935,6.314,0.735,NaN,0.226,-0.215,0.95,0.032,0,0,0.541,3.438,6.354,0.638,2,0
449285,1.00000250192113e+18,63875743292815,0.01,1.428,0.009,0.044,-0.338,0.045,0.939,NaN,0.224,-0.193,0.955,0,0,0,63.85,NaN,0.223,-0.224,0.949,-0.032,0,0,0.479,3.024,6.314,0.744,NaN,0.226,-0.193,0.955,0.032,0,0,0.544,3.455,6.354,0.644,2,0
449286,1.00000250192613e+18,63875743292815,0.01,1.428,0.009,0.044,-0.338,0.045,0.939,NaN,0.224,-0.176,0.959,0,0,0,63.85,NaN,0.222,-0.216,0.951,-0.032,0,0,0.486,3.072,6.314,0.752,NaN,0.226,-0.176,0.958,0.032,0,0,0.546,3.468,6.354,0.651,2,0
449287,1.00000250193115e+18,63875743292825,0.01,1.428,0.009,0.044,-0.338,0.045,0.939,NaN,0.224,-0.163,0.961,0,0,0,63.85,NaN,0.222,-0.203,0.953,-0.032,0,0,0.49,3.095,6.314,0.761,NaN,0.225,-0.164,0.96,0.032,0,0,0.549,3.485,6.354,0.658,2,0
449288,1.00000250193616e+18,63875743292826,0.01,1.428,0.009,0.044,-0.338,0.045,0.939,NaN,0.224,-0.152,0.963,0,0,0,63.85,NaN,0.222,-0.188,0.957,-0.032,0,0,0.492,3.104,6.314,0.768,NaN,0.224,-0.152,0.963,0.032,0,0,0.551,3.504,6.354,0.665,2,0
449289,1.00000250194116e+18,63875743292826,0.01,1.428,0.009,0.044,-0.338,0.045,0.939,NaN,0.223,-0.145,0.964,0,0,0,63.85,NaN,0.222,-0.174,0.959,-0.032,0,0,0.492,3.107,6.314,0.776,NaN,0.223,-0.145,0.964,0.032,0,0,0.554,3.519,6.354,0.672,2,0
449290,1.00000250194619e+18,63875743292837,0.01,1.428,0.009,0.044,-0.338,0.045,0.939,NaN,0.223,-0.139,0.965,0,0,0,63.85,NaN,0.222,-0.162,0.962,-0.032,0,0,0.493,3.11,6.314,0.783,NaN,0.222,-0.139,0.965,0.032,0,0,0.556,3.535,6.354,0.679,2,0
449291,1.00000250195119e+18,63875743292837,0.01,1.428,0.009,0.044,-0.338,0.045,0.939,NaN,0.223,-0.134,0.966,0,0,0,63.85,NaN,0.222,-0.152,0.963,-0.032,0,0,0.493,3.11,6.314,0.79,NaN,0.222,-0.134,0.966,0.032,0,0,0.56,3.556,6.354,0.687,2,0
449292,1.00000250195622e+18,63875743292848,0.01,1.428,0.009,0.044,-0.338,0.045,0.939,NaN,0.223,-0.129,0.966,0,0,0,63.85,NaN,0.222,-0.142,0.965,-0.032,0,0,0.493,3.111,6.314,0.796,NaN,0.222,-0.129,0.966,0.032,0,0,0.562,3.571,6.354,0.695,2,0
449293,1.00000250196122e+18,63875743292848,0.01,1.428,0.009,0.044,-0.338,0.045,0.939,NaN,0.223,-0.123,0.967,0,0,0,63.85,NaN,0.222,-0.133,0.966,-0.032,0,0,0.493,3.111,6.314,0.802,NaN,0.223,-0.123,0.967,0.032,0,0,0.564,3.582,6.354,0.702,2,0
449294,1.00000250196623e+18,63875743292859,0.01,1.428,0.009,0.044,-0.338,0.045,0.939,NaN,0.223,-0.12,0.967,0,0,0,63.85,NaN,0.223,-0.127,0.967,-0.032,0,0,0.492,3.106,6.314,0.807,NaN,0.223,-0.12,0.968,0.032,0,0,0.566,3.593,6.354,0.709,2,0
449295,1.00000250197124e+18,63875743292859,0.01,1.428,0.009,0.044,-0.338,0.045,0.939,NaN,0.223,-0.111,0.968,0,0,0,63.85,NaN,0.223,-0.117,0.968,-0.032,0,0,0.493,3.114,6.314,0.811,NaN,0.223,-0.111,0.969,0.032,0,0,0.569,3.618,6.354,0.714,2,0
449296,1.00000250197626e+18,63875743292870,0.01,1.428,0.009,0.044,-0.338,0.045,0.939,NaN,0.223,-0.099,0.97,0,0,0,63.85,NaN,0.222,-0.103,0.969,-0.032,0,0,0.507,3.203,6.314,0.814,NaN,0.222,-0.099,0.97,0.032,0,0,0.574,3.645,6.354,0.718,2,0
449297,1.00000250198127e+18,63875743292870,0.01,1.428,0.009,0.044,-0.338,0.045,0.939,NaN,0.224,-0.089,0.971,0,0,0,63.85,NaN,0.224,-0.093,0.97,-0.032,0,0,0.595,3.76,6.314,0.815,NaN,0.224,-0.089,0.971,0.032,0,0,0.575,3.654,6.354,0.721,2,0
449298,1.00000250198628e+18,63875743292881,0.009,1.428,0.009,0.044,-0.338,0.045,0.939,NaN,0.226,-0.087,0.97,0,0,0,63.85,NaN,0.225,-0.09,0.97,-0.032,0,0,0.62,3.914,6.314,0.815,NaN,0.225,-0.087,0.97,0.032,0,0,0.575,3.652,6.354,0.722,2,0
449299,1.00000250199131e+18,63875743292881,0.009,1.428,0.009,0.044,-0.338,0.045,0.939,NaN,0.231,-0.096,0.968,0,0,0,63.85,NaN,0.23,-0.098,0.968,-0.032,0,0,0.609,3.846,6.314,0.812,NaN,0.23,-0.096,0.969,0.032,0,0,0.575,3.652,6.354,0.723,2,0
449300,1.00000250199633e+18,63875743292881,0.009,1.428,0.009,0.044,-0.338,0.045,0.939,NaN,0.239,-0.104,0.965,0,0,0,63.85,NaN,0.238,-0.105,0.965,-0.032,0,0,0.591,3.734,6.314,0.795,NaN,0.237,-0.104,0.966,0.032,0,0,0.576,3.66,6.354,0.723,2,0
449301,1.00000250200145e+18,63875743292893,0.009,1.429,0.01,0.044,-0.338,0.045,0.939,NaN,0.256,-0.113,0.96,0,0,0,63.85,NaN,0.255,-0.113,0.96,-0.032,0,0,0.595,3.754,6.314,0.774,NaN,0.254,-0.113,0.961,0.032,0,0,0.575,3.653,6.354,0.726,2,0
449302,1.00000250200646e+18,63875743292893,0.009,1.429,0.01,0.044,-0.338,0.045,0.939,NaN,0.285,-0.121,0.951,0,0,0,63.85,NaN,0.285,-0.12,0.951,-0.032,0,0,0.594,3.75,6.314,0.752,NaN,0.284,-0.121,0.951,0.032,0,0,0.572,3.631,6.354,0.729,2,0
449303,1.00000250201136e+18,63875743292904,0.008,1.429,0.01,0.044,-0.338,0.045,0.939,NaN,0.315,-0.124,0.941,0,0,0,63.85,NaN,0.315,-0.123,0.941,-0.032,0,0,0.595,3.756,6.314,0.739,NaN,0.314,-0.124,0.941,0.032,0,0,0.573,3.638,6.354,0.73,2,0
449304,1.00000250201637e+18,63875743292904,0.008,1.429,0.01,0.044,-0.338,0.045,0.939,NaN,0.344,-0.127,0.93,0,0,0,63.85,NaN,0.343,-0.127,0.931,-0.032,0,0,0.6,3.791,6.314,0.71,NaN,0.343,-0.127,0.931,0.032,0,0,0.584,3.708,6.354,0.732,2,0
449305,1.00000250202137e+18,63875743292915,0.008,1.429,0.01,0.044,-0.338,0.045,0.939,NaN,0.362,-0.131,0.923,0,0,0,63.85,NaN,0.362,-0.131,0.923,-0.032,0,0,0.602,3.802,6.314,0.688,NaN,0.362,-0.131,0.923,0.032,0,0,0.618,3.925,6.354,0.733,2,0
449306,1.00000250202638e+18,63875743292915,0.008,1.429,0.01,0.044,-0.338,0.045,0.939,NaN,0.377,-0.136,0.916,0,0,0,63.85,NaN,0.377,-0.136,0.916,-0.032,0,0,0.603,3.805,6.314,0.67,NaN,0.377,-0.136,0.916,0.032,0,0,0.624,3.965,6.354,0.735,2,0
449307,1.00000250203138e+18,63875743292926,0.008,1.429,0.01,0.044,-0.338,0.045,0.939,NaN,0.39,-0.14,0.91,0,0,0,63.85,NaN,0.39,-0.141,0.91,-0.032,0,0,0.617,3.895,6.314,0.656,NaN,0.39,-0.14,0.91,0.032,0,0,0.629,3.999,6.354,0.736,2,0
449308,1.00000250203639e+18,63875743292926,0.008,1.429,0.01,0.044,-0.338,0.045,0.939,NaN,0.399,-0.144,0.905,0,0,0,63.85,NaN,0.399,-0.145,0.905,-0.032,0,0,0.621,3.92,6.314,0.648,NaN,0.399,-0.144,0.906,0.032,0,0,0.633,4.02,6.354,0.738,2,0
449309,1.0000025020414e+18,63875743292937,0.007,1.429,0.01,0.044,-0.338,0.045,0.939,NaN,0.406,-0.149,0.902,0,0,0,63.85,NaN,0.406,-0.149,0.902,-0.032,0,0,0.621,3.919,6.314,0.643,NaN,0.406,-0.149,0.902,0.032,0,0,0.636,4.042,6.354,0.74,2,0
449310,1.00000250204651e+18,63875743292937,0.007,1.429,0.01,0.044,-0.338,0.045,0.939,NaN,0.411,-0.153,0.899,0,0,0,63.85,NaN,0.411,-0.153,0.899,-0.032,0,0,0.62,3.912,6.314,0.639,NaN,0.411,-0.153,0.899,0.032,0,0,0.639,4.059,6.354,0.742,2,0
449311,1.00000250205153e+18,63875743292937,0.007,1.429,0.01,0.044,-0.338,0.045,0.939,NaN,0.414,-0.156,0.897,0,0,0,63.85,NaN,0.414,-0.156,0.897,-0.032,0,0,0.617,3.895,6.314,0.636,NaN,0.414,-0.156,0.897,0.032,0,0,0.641,4.073,6.354,0.744,2,0
449312,1.00000250205655e+18,63875743292948,0.007,1.429,0.01,0.044,-0.338,0.046,0.939,NaN,0.416,-0.161,0.895,0,0,0,63.85,NaN,0.416,-0.162,0.895,-0.032,0,0,0.614,3.879,6.314,0.634,NaN,0.416,-0.161,0.895,0.032,0,0,0.633,4.02,6.354,0.747,2,0
449313,1.00000250206154e+18,63875743292949,0.007,1.429,0.01,0.044,-0.338,0.046,0.939,NaN,0.417,-0.167,0.893,0,0,0,63.85,NaN,0.417,-0.168,0.893,-0.032,0,0,0.612,3.863,6.314,0.633,NaN,0.417,-0.167,0.893,0.032,0,0,0.618,3.929,6.354,0.749,2,0
449314,1.00000250206649e+18,63875743292959,0.007,1.429,0.01,0.045,-0.338,0.046,0.939,NaN,0.417,-0.174,0.892,0,0,0,63.85,NaN,0.417,-0.174,0.892,-0.032,0,0,0.611,3.856,6.314,0.633,NaN,0.417,-0.174,0.892,0.032,0,0,0.61,3.876,6.354,0.751,2,0
449315,1.0000025020715e+18,63875743292959,0.007,1.429,0.01,0.045,-0.338,0.046,0.939,NaN,0.416,-0.18,0.891,0,0,0,63.85,NaN,0.416,-0.18,0.891,-0.032,0,0,0.609,3.847,6.314,0.633,NaN,0.416,-0.18,0.891,0.032,0,0,0.604,3.839,6.354,0.753,2,0
449316,1.00000250207651e+18,63875743292970,0.007,1.429,0.01,0.045,-0.338,0.046,0.939,NaN,0.415,-0.185,0.891,0,0,0,63.85,NaN,0.415,-0.185,0.891,-0.032,0,0,0.608,3.836,6.314,0.633,NaN,0.415,-0.185,0.891,0.032,0,0,0.601,3.817,6.354,0.756,2,0
449317,1.00000250208152e+18,63875743292970,0.007,1.429,0.01,0.045,-0.338,0.046,0.939,NaN,0.414,-0.189,0.89,0,0,0,63.85,NaN,0.414,-0.189,0.89,-0.032,0,0,0.605,3.821,6.314,0.633,NaN,0.414,-0.189,0.89,0.032,0,0,0.599,3.809,6.354,0.758,2,0
449318,1.00000250208653e+18,63875743292982,0.006,1.429,0.01,0.045,-0.339,0.046,0.939,NaN,0.414,-0.193,0.89,0,0,0,63.85,NaN,0.414,-0.193,0.89,-0.032,0,0,0.604,3.813,6.314,0.633,NaN,0.414,-0.193,0.89,0.032,0,0,0.595,3.782,6.354,0.761,2,0
449319,1.00000250209157e+18,63875743292982,0.006,1.429,0.01,0.045,-0.339,0.046,0.939,NaN,0.413,-0.196,0.889,0,0,0,63.85,NaN,0.413,-0.196,0.889,-0.032,0,0,0.603,3.808,6.314,0.634,NaN,0.413,-0.196,0.889,0.032,0,0,0.593,3.769,6.354,0.763,2,0
449320,1.00000250209658e+18,63875743292982,0.006,1.429,0.01,0.045,-0.339,0.046,0.939,NaN,0.412,-0.199,0.889,0,0,0,63.85,NaN,0.412,-0.199,0.889,-0.032,0,0,0.602,3.803,6.314,0.634,NaN,0.412,-0.199,0.889,0.032,0,0,0.592,3.761,6.354,0.765,2,0
449321,1.00000250210162e+18,63875743292993,0.006,1.429,0.01,0.045,-0.339,0.047,0.939,NaN,0.412,-0.201,0.889,0,0,0,63.85,NaN,0.412,-0.201,0.889,-0.032,0,0,0.602,3.8,6.314,0.634,NaN,0.412,-0.201,0.889,0.032,0,0,0.591,3.754,6.354,0.767,2,0
449322,1.00000250210662e+18,63875743292993,0.006,1.429,0.01,0.045,-0.339,0.047,0.939,NaN,0.411,-0.203,0.889,0,0,0,63.85,NaN,0.411,-0.203,0.889,-0.032,0,0,0.602,3.799,6.314,0.634,NaN,0.411,-0.203,0.889,0.032,0,0,0.59,3.748,6.354,0.769,2,0
449323,1.00000250211159e+18,63875743293003,0.006,1.429,0.01,0.045,-0.339,0.047,0.939,NaN,0.41,-0.205,0.889,0,0,0,63.85,NaN,0.41,-0.205,0.889,-0.032,0,0,0.601,3.798,6.314,0.635,NaN,0.41,-0.205,0.889,0.032,0,0,0.589,3.742,6.354,0.771,2,0
449324,1.00000250211659e+18,63875743293003,0.006,1.429,0.01,0.045,-0.339,0.047,0.939,NaN,0.41,-0.206,0.889,0,0,0,63.85,NaN,0.41,-0.207,0.888,-0.032,0,0,0.601,3.797,6.314,0.634,NaN,0.41,-0.206,0.889,0.032,0,0,0.588,3.739,6.354,0.772,2,0.07820056
449325,1.00000250212164e+18,63875743293015,0.006,1.429,0.01,0.045,-0.339,0.047,0.939,NaN,0.409,-0.208,0.888,0,0,0,63.85,NaN,0.409,-0.208,0.888,-0.032,0,0,0.601,3.795,6.314,0.635,NaN,0.409,-0.208,0.888,0.032,0,0,0.588,3.736,6.354,0.774,2,0.2124819
449326,1.00000250212664e+18,63875743293015,0.006,1.429,0.01,0.045,-0.339,0.047,0.939,NaN,0.409,-0.209,0.888,0,0,0,63.85,NaN,0.409,-0.209,0.888,-0.032,0,0,0.6,3.791,6.314,0.635,NaN,0.409,-0.209,0.888,0.032,0,0,0.588,3.733,6.354,0.776,2,0.3581935
449327,1.00000250213164e+18,63875743293026,0.006,1.429,0.01,0.045,-0.339,0.047,0.939,NaN,0.408,-0.21,0.888,0,0,0,63.85,NaN,0.408,-0.21,0.888,-0.032,0,0,0.6,3.788,6.314,0.635,NaN,0.408,-0.21,0.888,0.032,0,0,0.587,3.732,6.354,0.777,2,0.4205012
449328,1.00000250213664e+18,63875743293026,0.006,1.429,0.01,0.045,-0.339,0.047,0.939,NaN,0.408,-0.211,0.888,0,0,0,63.85,NaN,0.408,-0.211,0.888,-0.032,0,0,0.6,3.786,6.314,0.636,NaN,0.408,-0.211,0.888,0.032,0,0,0.587,3.731,6.354,0.779,2,0.4875982
449329,1.00000250214168e+18,63875743293037,0.005,1.429,0.01,0.044,-0.339,0.047,0.939,NaN,0.408,-0.212,0.888,0,0,0,63.85,NaN,0.408,-0.212,0.888,-0.032,0,0,0.599,3.784,6.314,0.636,NaN,0.408,-0.212,0.888,0.032,0,0,0.587,3.731,6.354,0.781,2,0.5205018
449330,1.00000250214669e+18,63875743293037,0.005,1.429,0.01,0.044,-0.339,0.047,0.939,NaN,0.408,-0.212,0.888,0,0,0,63.85,NaN,0.408,-0.212,0.888,-0.032,0,0,0.599,3.783,6.314,0.635,NaN,0.408,-0.212,0.888,0.032,0,0,0.587,3.731,6.354,0.782,2,0.5287963
449331,1.0000025021517e+18,63875743293037,0.005,1.429,0.01,0.044,-0.339,0.047,0.939,NaN,0.407,-0.212,0.888,0,0,0,63.85,NaN,0.407,-0.212,0.888,-0.032,0,0,0.599,3.782,6.314,0.636,NaN,0.407,-0.212,0.888,0.032,0,0,0.587,3.73,6.354,0.783,2,0.6879656
449332,1.00000250215672e+18,63875743293047,0.005,1.429,0.01,0.044,-0.339,0.047,0.939,NaN,0.407,-0.213,0.888,0,0,0,63.85,NaN,0.407,-0.213,0.888,-0.032,0,0,0.599,3.781,6.314,0.637,NaN,0.407,-0.213,0.888,0.032,0,0,0.587,3.729,6.354,0.784,2,0.8184038
449333,1.00000250216173e+18,63875743293047,0.005,1.429,0.01,0.044,-0.339,0.047,0.939,NaN,0.407,-0.213,0.888,0,0,0,63.85,NaN,0.407,-0.213,0.888,-0.032,0,0,0.599,3.78,6.314,0.637,NaN,0.407,-0.213,0.888,0.032,0,0,0.587,3.729,6.354,0.786,2,0.8769837
449334,1.00000250216674e+18,63875743293059,0.005,1.429,0.01,0.044,-0.339,0.047,0.939,NaN,0.407,-0.213,0.888,0,0,0,63.85,NaN,0.407,-0.213,0.888,-0.032,0,0,0.599,3.78,6.314,0.638,NaN,0.407,-0.213,0.888,0.032,0,0,0.587,3.728,6.354,0.787,2,0.9224831
449335,1.00000250217175e+18,63875743293059,0.005,1.429,0.01,0.044,-0.339,0.047,0.939,NaN,0.407,-0.212,0.888,0,0,0,63.85,NaN,0.407,-0.212,0.888,-0.032,0,0,0.599,3.781,6.314,0.639,NaN,0.407,-0.212,0.888,0.032,0,0,0.587,3.728,6.354,0.788,2,0.9545852
449336,1.00000250217677e+18,63875743293070,0.005,1.429,0.01,0.044,-0.339,0.047,0.939,NaN,0.407,-0.212,0.889,0,0,0,63.85,NaN,0.407,-0.212,0.889,-0.032,0,0,0.599,3.782,6.314,0.64,NaN,0.407,-0.212,0.889,0.032,0,0,0.587,3.728,6.354,0.789,2,0.9593098
449337,1.00000250218178e+18,63875743293082,0.005,1.429,0.01,0.043,-0.339,0.047,0.939,NaN,0.407,-0.212,0.889,0,0,0,63.85,NaN,0.407,-0.212,0.889,-0.032,0,0,0.599,3.783,6.314,0.642,NaN,0.407,-0.212,0.889,0.032,0,0,0.587,3.728,6.354,0.79,2,1
449338,1.0000025021871e+18,63875743293082,0.005,1.429,0.01,0.043,-0.339,0.047,0.939,NaN,0.407,-0.212,0.889,0,0,0,63.85,NaN,0.407,-0.212,0.889,-0.032,0,0,0.599,3.783,6.314,0.643,NaN,0.407,-0.212,0.889,0.032,0,0,0.587,3.728,6.354,0.791,2,1
449339,1.00000250219212e+18,63875743293082,0.005,1.429,0.01,0.043,-0.339,0.047,0.939,NaN,0.407,-0.211,0.889,0,0,0,63.85,NaN,0.407,-0.211,0.889,-0.032,0,0,0.599,3.783,6.314,0.644,NaN,0.407,-0.211,0.889,0.032,0,0,0.587,3.728,6.354,0.792,2,1
449340,1.00000250219683e+18,63875743293082,0.005,1.429,0.01,0.043,-0.339,0.047,0.939,NaN,0.407,-0.211,0.889,0,0,0,63.85,NaN,0.407,-0.211,0.889,-0.032,0,0,0.599,3.783,6.314,0.644,NaN,0.407,-0.211,0.889,0.032,0,0,0.587,3.728,6.354,0.793,2,1
449341,1.00000250220182e+18,63875743293092,0.005,1.429,0.009,0.043,-0.339,0.047,0.939,NaN,0.407,-0.21,0.889,0,0,0,63.85,NaN,0.407,-0.21,0.889,-0.032,0,0,0.599,3.782,6.314,0.645,NaN,0.407,-0.21,0.889,0.032,0,0,0.587,3.728,6.354,0.794,2,1
449342,1.00000250220684e+18,63875743293092,0.005,1.429,0.009,0.043,-0.339,0.047,0.939,NaN,0.407,-0.21,0.889,0,0,0,63.85,NaN,0.407,-0.21,0.889,-0.032,0,0,0.599,3.782,6.314,0.645,NaN,0.407,-0.21,0.889,0.032,0,0,0.587,3.729,6.354,0.794,2,1
449343,1.00000250221186e+18,63875743293102,0.005,1.429,0.009,0.043,-0.339,0.047,0.939,NaN,0.406,-0.21,0.889,0,0,0,63.85,NaN,0.406,-0.21,0.889,-0.032,0,0,0.599,3.782,6.314,0.645,NaN,0.406,-0.21,0.889,0.032,0,0,0.587,3.731,6.354,0.795,2,0.9400302
449344,1.00000250221687e+18,63875743293102,0.005,1.429,0.009,0.043,-0.339,0.047,0.939,NaN,0.406,-0.209,0.89,0,0,0,63.85,NaN,0.406,-0.209,0.89,-0.032,0,0,0.599,3.784,6.314,0.645,NaN,0.406,-0.209,0.89,0.032,0,0,0.589,3.739,6.354,0.795,2,0.8935841
449345,1.00000250222188e+18,63875743293114,0.005,1.429,0.009,0.043,-0.339,0.046,0.939,NaN,0.407,-0.209,0.889,0,0,0,63.85,NaN,0.407,-0.209,0.889,-0.032,0,0,0.599,3.781,6.314,0.645,NaN,0.407,-0.209,0.889,0.032,0,0,0.59,3.746,6.354,0.794,2,0.6449651
449346,1.00000250222688e+18,63875743293114,0.005,1.429,0.009,0.043,-0.339,0.046,0.939,NaN,0.409,-0.209,0.888,0,0,0,63.85,NaN,0.409,-0.209,0.888,-0.032,0,0,0.599,3.782,6.314,0.645,NaN,0.409,-0.209,0.888,0.032,0,0,0.592,3.763,6.354,0.794,2,0.4664959
449347,1.00000250223191e+18,63875743293125,0.005,1.429,0.009,0.043,-0.339,0.047,0.939,NaN,0.412,-0.21,0.887,0,0,0,63.85,NaN,0.412,-0.21,0.887,-0.032,0,0,0.6,3.787,6.314,0.644,NaN,0.412,-0.21,0.887,0.032,0,0,0.593,3.767,6.354,0.794,2,0.3446619
449348,1.00000250223692e+18,63875743293125,0.005,1.429,0.009,0.043,-0.339,0.047,0.939,NaN,0.417,-0.21,0.884,0,0,0,63.85,NaN,0.417,-0.21,0.884,-0.032,0,0,0.6,3.789,6.314,0.643,NaN,0.417,-0.21,0.884,0.032,0,0,0.594,3.771,6.354,0.793,2,0.2344113
449349,1.00000250224193e+18,63875743293137,0.005,1.429,0.009,0.043,-0.339,0.047,0.939,NaN,0.422,-0.211,0.882,0,0,0,63.85,NaN,0.422,-0.211,0.882,-0.032,0,0,0.602,3.799,6.314,0.643,NaN,0.422,-0.211,0.882,0.032,0,0,0.594,3.772,6.354,0.793,2,0.1787143
449350,1.00000250224694e+18,63875743293137,0.005,1.429,0.009,0.043,-0.339,0.047,0.939,NaN,0.428,-0.211,0.879,0,0,0,63.85,NaN,0.428,-0.211,0.879,-0.032,0,0,0.603,3.806,6.314,0.643,NaN,0.428,-0.211,0.879,0.032,0,0,0.594,3.773,6.354,0.793,2,0.1381459
449351,1.00000250225196e+18,63875743293148,0.005,1.429,0.009,0.043,-0.339,0.047,0.939,NaN,0.433,-0.212,0.876,0,0,0,63.85,NaN,0.433,-0.212,0.876,-0.032,0,0,0.603,3.809,6.314,0.643,NaN,0.433,-0.212,0.876,0.032,0,0,0.594,3.775,6.354,0.793,2,0.120995
449352,1.00000250225697e+18,63875743293148,0.005,1.429,0.009,0.043,-0.339,0.047,0.939,NaN,0.437,-0.212,0.874,0,0,0,63.85,NaN,0.437,-0.212,0.874,-0.032,0,0,0.604,3.811,6.314,0.643,NaN,0.437,-0.212,0.874,0.032,0,0,0.595,3.777,6.354,0.793,2,0.1162694
449353,1.00000250226198e+18,63875743293148,0.005,1.429,0.009,0.043,-0.339,0.047,0.939,NaN,0.441,-0.212,0.872,0,0,0,63.85,NaN,0.441,-0.212,0.872,-0.032,0,0,0.604,3.813,6.314,0.643,NaN,0.441,-0.212,0.872,0.032,0,0,0.595,3.778,6.354,0.793,2,0.1254479
449354,1.00000250226699e+18,63875743293159,0.005,1.429,0.009,0.043,-0.339,0.047,0.939,NaN,0.443,-0.213,0.871,0,0,0,63.85,NaN,0.443,-0.213,0.871,-0.032,0,0,0.604,3.816,6.314,0.642,NaN,0.443,-0.213,0.871,0.032,0,0,0.595,3.779,6.354,0.793,2,0.1355989
449355,1.00000250227201e+18,63875743293159,0.005,1.429,0.009,0.043,-0.339,0.047,0.939,NaN,0.445,-0.213,0.87,0,0,0,63.85,NaN,0.445,-0.213,0.87,-0.032,0,0,0.605,3.818,6.314,0.642,NaN,0.445,-0.213,0.87,0.032,0,0,0.595,3.781,6.354,0.793,2,0.1452695
449356,1.00000250227701e+18,63875743293170,0.005,1.429,0.009,0.043,-0.338,0.047,0.939,NaN,0.447,-0.213,0.869,0,0,0,63.85,NaN,0.447,-0.213,0.869,-0.032,0,0,0.605,3.82,6.314,0.641,NaN,0.447,-0.213,0.869,0.032,0,0,0.595,3.782,6.354,0.793,2,0.1469925
449357,1.00000250228202e+18,63875743293170,0.005,1.429,0.009,0.043,-0.338,0.047,0.939,NaN,0.448,-0.214,0.868,0,0,0,63.85,NaN,0.448,-0.214,0.868,-0.032,0,0,0.605,3.822,6.314,0.641,NaN,0.448,-0.214,0.868,0.032,0,0,0.595,3.783,6.354,0.793,2,0.1506161
449358,1.00000250228706e+18,63875743293181,0.005,1.429,0.009,0.043,-0.338,0.047,0.939,NaN,0.449,-0.214,0.868,0,0,0,63.85,NaN,0.449,-0.214,0.868,-0.032,0,0,0.605,3.823,6.314,0.641,NaN,0.449,-0.214,0.868,0.032,0,0,0.596,3.784,6.354,0.793,2,0.1517795
449359,1.00000250229207e+18,63875743293181,0.005,1.429,0.009,0.043,-0.338,0.047,0.939,NaN,0.45,-0.215,0.867,0,0,0,63.85,NaN,0.45,-0.215,0.867,-0.032,0,0,0.606,3.824,6.314,0.641,NaN,0.45,-0.215,0.867,0.032,0,0,0.596,3.784,6.354,0.793,2,0.1444301
449360,1.00000250229708e+18,63875743293181,0.005,1.429,0.009,0.043,-0.338,0.047,0.939,NaN,0.45,-0.215,0.867,0,0,0,63.85,NaN,0.45,-0.215,0.867,-0.032,0,0,0.606,3.824,6.314,0.641,NaN,0.45,-0.215,0.867,0.032,0,0,0.596,3.785,6.354,0.793,2,0.1564012
449361,1.00000250230209e+18,63875743293192,0.005,1.429,0.009,0.043,-0.338,0.047,0.939,NaN,0.451,-0.216,0.866,0,0,0,63.85,NaN,0.451,-0.216,0.866,-0.032,0,0,0.606,3.824,6.314,0.641,NaN,0.451,-0.216,0.866,0.032,0,0,0.596,3.787,6.354,0.794,2,0.1886477
449362,1.00000250230711e+18,63875743293192,0.005,1.429,0.009,0.043,-0.338,0.047,0.939,NaN,0.451,-0.217,0.866,0,0,0,63.85,NaN,0.451,-0.217,0.866,-0.032,0,0,0.606,3.825,6.314,0.641,NaN,0.451,-0.217,0.866,0.032,0,0,0.596,3.788,6.354,0.794,2,0.2571635
449363,1.00000250231211e+18,63875743293203,0.005,1.429,0.009,0.043,-0.338,0.047,0.939,NaN,0.452,-0.217,0.865,0,0,0,63.85,NaN,0.452,-0.217,0.865,-0.032,0,0,0.606,3.825,6.314,0.641,NaN,0.452,-0.217,0.865,0.032,0,0,0.596,3.789,6.354,0.794,2,0.3114358
449364,1.00000250231709e+18,63875743293203,0.005,1.429,0.009,0.043,-0.338,0.047,0.939,NaN,0.452,-0.218,0.865,0,0,0,63.85,NaN,0.452,-0.218,0.865,-0.032,0,0,0.606,3.825,6.314,0.641,NaN,0.452,-0.218,0.865,0.032,0,0,0.597,3.79,6.354,0.794,2,0.5605465
449365,1.0000025023221e+18,63875743293214,0.005,1.429,0.009,0.043,-0.338,0.047,0.939,NaN,0.452,-0.218,0.865,0,0,0,63.85,NaN,0.452,-0.218,0.865,-0.032,0,0,0.606,3.826,6.314,0.641,NaN,0.452,-0.218,0.865,0.032,0,0,0.597,3.791,6.354,0.795,2,0.7467793
449366,1.00000250232713e+18,63875743293214,0.005,1.429,0.009,0.043,-0.338,0.047,0.939,NaN,0.452,-0.219,0.865,0,0,0,63.85,NaN,0.452,-0.219,0.865,-0.032,0,0,0.606,3.826,6.314,0.641,NaN,0.452,-0.219,0.865,0.032,0,0,0.597,3.791,6.354,0.795,2,0.8662972
449367,1.0000025023322e+18,63875743293226,0.005,1.429,0.009,0.043,-0.338,0.047,0.939,NaN,0.453,-0.219,0.864,0,0,0,63.85,NaN,0.453,-0.219,0.864,-0.032,0,0,0.606,3.827,6.314,0.641,NaN,0.453,-0.219,0.864,0.032,0,0,0.597,3.792,6.354,0.795,2,0.980154
449368,1.00000250233722e+18,63875743293226,0.005,1.429,0.009,0.043,-0.338,0.047,0.939,NaN,0.453,-0.22,0.864,0,0,0,63.85,NaN,0.453,-0.22,0.864,-0.032,0,0,0.606,3.827,6.314,0.641,NaN,0.453,-0.22,0.864,0.032,0,0,0.597,3.792,6.354,0.796,2,1
449369,1.00000250234225e+18,63875743293237,0.005,1.429,0.009,0.043,-0.337,0.047,0.939,NaN,0.453,-0.22,0.864,0,0,0,63.85,NaN,0.453,-0.22,0.864,-0.032,0,0,0.606,3.828,6.314,0.641,NaN,0.453,-0.22,0.864,0.032,0,0,0.597,3.793,6.354,0.796,2,1
449370,1.00000250234728e+18,63875743293237,0.005,1.429,0.009,0.043,-0.337,0.047,0.939,NaN,0.453,-0.221,0.864,0,0,0,63.85,NaN,0.453,-0.221,0.864,-0.032,0,0,0.606,3.828,6.314,0.641,NaN,0.453,-0.221,0.864,0.032,0,0,0.597,3.793,6.354,0.797,2,1
449371,1.00000250235232e+18,63875743293237,0.005,1.429,0.009,0.043,-0.337,0.047,0.939,NaN,0.453,-0.221,0.863,0,0,0,63.85,NaN,0.453,-0.221,0.863,-0.032,0,0,0.606,3.829,6.314,0.641,NaN,0.453,-0.221,0.863,0.032,0,0,0.597,3.794,6.354,0.797,2,1
449372,1.00000250235735e+18,63875743293248,0.005,1.429,0.009,0.043,-0.337,0.047,0.939,NaN,0.453,-0.222,0.863,0,0,0,63.85,NaN,0.453,-0.221,0.863,-0.032,0,0,0.607,3.83,6.314,0.642,NaN,0.453,-0.222,0.863,0.032,0,0,0.597,3.795,6.354,0.798,2,1
449373,1.00000250236221e+18,63875743293248,0.005,1.429,0.009,0.043,-0.337,0.047,0.939,NaN,0.453,-0.222,0.863,0,0,0,63.85,NaN,0.453,-0.222,0.863,-0.032,0,0,0.607,3.83,6.314,0.642,NaN,0.453,-0.222,0.863,0.032,0,0,0.598,3.797,6.354,0.798,2,1
449374,1.00000250236724e+18,63875743293259,0.005,1.429,0.009,0.043,-0.337,0.047,0.939,NaN,0.454,-0.222,0.863,0,0,0,63.85,NaN,0.454,-0.222,0.863,-0.032,0,0,0.607,3.831,6.314,0.642,NaN,0.454,-0.222,0.863,0.032,0,0,0.598,3.799,6.354,0.798,2,1
449375,1.00000250237226e+18,63875743293259,0.005,1.429,0.009,0.043,-0.337,0.047,0.939,NaN,0.454,-0.222,0.863,0,0,0,63.85,NaN,0.454,-0.222,0.863,-0.032,0,0,0.607,3.831,6.314,0.643,NaN,0.454,-0.222,0.863,0.032,0,0,0.599,3.806,6.354,0.799,2,1
449376,1.00000250237724e+18,63875743293270,0.005,1.429,0.009,0.042,-0.337,0.047,0.94,NaN,0.454,-0.222,0.863,0,0,0,63.85,NaN,0.454,-0.222,0.863,-0.032,0,0,0.607,3.832,6.314,0.643,NaN,0.454,-0.222,0.863,0.032,0,0,0.6,3.81,6.354,0.799,2,1
449377,1.00000250238226e+18,63875743293270,0.005,1.429,0.009,0.042,-0.337,0.047,0.94,NaN,0.454,-0.223,0.863,0,0,0,63.85,NaN,0.454,-0.223,0.863,-0.032,0,0,0.607,3.832,6.314,0.643,NaN,0.454,-0.223,0.863,0.032,0,0,0.6,3.812,6.354,0.8,2,1
449378,1.00000250238728e+18,63875743293281,0.005,1.429,0.009,0.042,-0.336,0.047,0.94,NaN,0.454,-0.223,0.863,0,0,0,63.85,NaN,0.454,-0.223,0.863,-0.032,0,0,0.607,3.832,6.314,0.643,NaN,0.454,-0.223,0.863,0.032,0,0,0.6,3.813,6.354,0.8,2,1
449379,1.0000025023923e+18,63875743293281,0.005,1.429,0.009,0.042,-0.336,0.047,0.94,NaN,0.454,-0.223,0.863,0,0,0,63.85,NaN,0.454,-0.223,0.863,-0.032,0,0,0.607,3.833,6.314,0.644,NaN,0.454,-0.223,0.863,0.032,0,0,0.6,3.814,6.354,0.801,2,1
449380,1.00000250239733e+18,63875743293292,0.005,1.429,0.009,0.042,-0.336,0.047,0.94,NaN,0.454,-0.223,0.863,0,0,0,63.85,NaN,0.454,-0.223,0.863,-0.032,0,0,0.607,3.833,6.314,0.644,NaN,0.454,-0.223,0.863,0.032,0,0,0.6,3.815,6.354,0.801,2,1
449381,1.00000250240235e+18,63875743293292,0.005,1.429,0.009,0.042,-0.336,0.047,0.94,NaN,0.454,-0.223,0.863,0,0,0,63.85,NaN,0.454,-0.223,0.863,-0.032,0,0,0.607,3.833,6.314,0.644,NaN,0.454,-0.223,0.863,0.032,0,0,0.601,3.816,6.354,0.802,2,1
449382,1.00000250240738e+18,63875743293292,0.005,1.429,0.009,0.042,-0.336,0.047,0.94,NaN,0.454,-0.223,0.862,0,0,0,63.85,NaN,0.454,-0.223,0.862,-0.032,0,0,0.607,3.833,6.314,0.644,NaN,0.454,-0.223,0.862,0.032,0,0,0.601,3.816,6.354,0.802,2,1
449383,1.00000250241238e+18,63875743293303,0.004,1.429,0.009,0.042,-0.336,0.047,0.94,NaN,0.454,-0.223,0.863,0,0,0,63.85,NaN,0.454,-0.223,0.863,-0.032,0,0,0.607,3.834,6.314,0.645,NaN,0.454,-0.223,0.863,0.032,0,0,0.601,3.816,6.354,0.802,2,1
449384,1.00000250241736e+18,63875743293303,0.004,1.429,0.009,0.042,-0.336,0.047,0.94,NaN,0.454,-0.223,0.863,0,0,0,63.85,NaN,0.454,-0.223,0.863,-0.032,0,0,0.607,3.835,6.314,0.645,NaN,0.454,-0.223,0.863,0.032,0,0,0.601,3.817,6.354,0.803,2,1
449385,1.00000250242235e+18,63875743293315,0.004,1.429,0.009,0.042,-0.336,0.046,0.94,NaN,0.454,-0.223,0.863,0,0,0,63.85,NaN,0.454,-0.223,0.863,-0.032,0,0,0.608,3.836,6.314,0.645,NaN,0.454,-0.223,0.863,0.032,0,0,0.601,3.817,6.354,0.803,2,1
449386,1.00000250242736e+18,63875743293315,0.004,1.429,0.009,0.042,-0.336,0.046,0.94,NaN,0.454,-0.223,0.863,0,0,0,63.85,NaN,0.454,-0.223,0.863,-0.032,0,0,0.608,3.838,6.314,0.647,NaN,0.454,-0.223,0.863,0.032,0,0,0.601,3.817,6.354,0.804,2,1
449387,1.00000250243236e+18,63875743293327,0.004,1.429,0.009,0.042,-0.335,0.046,0.94,NaN,0.454,-0.223,0.863,0,0,0,63.85,NaN,0.454,-0.223,0.863,-0.032,0,0,0.608,3.838,6.314,0.647,NaN,0.454,-0.223,0.863,0.032,0,0,0.601,3.818,6.354,0.804,2,1
449388,1.00000250243737e+18,63875743293327,0.004,1.429,0.009,0.042,-0.335,0.046,0.94,NaN,0.454,-0.223,0.863,0,0,0,63.85,NaN,0.454,-0.223,0.863,-0.032,0,0,0.608,3.839,6.314,0.647,NaN,0.454,-0.223,0.863,0.032,0,0,0.601,3.818,6.354,0.804,2,1
449389,1.00000250244242e+18,63875743293337,0.004,1.429,0.009,0.042,-0.335,0.046,0.94,NaN,0.454,-0.223,0.863,0,0,0,63.85,NaN,0.454,-0.223,0.863,-0.032,0,0,0.608,3.839,6.314,0.648,NaN,0.454,-0.223,0.863,0.032,0,0,0.601,3.818,6.354,0.805,2,1
449390,1.00000250244743e+18,63875743293337,0.004,1.429,0.009,0.042,-0.335,0.046,0.94,NaN,0.454,-0.223,0.863,0,0,0,63.85,NaN,0.454,-0.223,0.863,-0.032,0,0,0.608,3.839,6.314,0.648,NaN,0.454,-0.223,0.863,0.032,0,0,0.601,3.819,6.354,0.805,2,1
449391,1.00000250245244e+18,63875743293338,0.004,1.429,0.009,0.042,-0.335,0.046,0.94,NaN,0.454,-0.223,0.863,0,0,0,63.85,NaN,0.454,-0.223,0.863,-0.032,0,0,0.608,3.838,6.314,0.648,NaN,0.454,-0.223,0.863,0.032,0,0,0.601,3.82,6.354,0.806,2,1
449392,1.00000250245744e+18,63875743293348,0.004,1.429,0.009,0.042,-0.335,0.046,0.94,NaN,0.454,-0.223,0.863,0,0,0,63.85,NaN,0.454,-0.223,0.863,-0.032,0,0,0.608,3.839,6.314,0.649,NaN,0.454,-0.223,0.863,0.032,0,0,0.601,3.82,6.354,0.806,2,1
449393,1.00000250246246e+18,63875743293348,0.004,1.429,0.009,0.042,-0.335,0.046,0.94,NaN,0.454,-0.223,0.863,0,0,0,63.85,NaN,0.454,-0.223,0.863,-0.032,0,0,0.608,3.839,6.314,0.649,NaN,0.454,-0.223,0.863,0.032,0,0,0.602,3.822,6.354,0.806,2,1
449394,1.00000250246746e+18,63875743293360,0.004,1.429,0.009,0.042,-0.335,0.046,0.94,NaN,0.454,-0.223,0.863,0,0,0,63.85,NaN,0.454,-0.223,0.863,-0.032,0,0,0.608,3.839,6.314,0.649,NaN,0.454,-0.223,0.863,0.032,0,0,0.602,3.823,6.354,0.807,2,1
449395,1.00000250247247e+18,63875743293360,0.004,1.429,0.009,0.042,-0.335,0.046,0.94,NaN,0.454,-0.223,0.863,0,0,0,63.85,NaN,0.454,-0.223,0.863,-0.032,0,0,0.608,3.839,6.314,0.649,NaN,0.454,-0.223,0.863,0.032,0,0,0.602,3.823,6.354,0.807,2,1
449396,1.00000250247748e+18,63875743293370,0.004,1.429,0.009,0.042,-0.335,0.046,0.94,NaN,0.454,-0.223,0.863,0,0,0,63.85,NaN,0.454,-0.223,0.863,-0.032,0,0,0.608,3.839,6.314,0.649,NaN,0.454,-0.223,0.863,0.032,0,0,0.602,3.823,6.354,0.807,2,1
449397,1.00000250248249e+18,63875743293371,0.004,1.429,0.009,0.042,-0.335,0.046,0.94,NaN,0.454,-0.223,0.863,0,0,0,63.85,NaN,0.454,-0.223,0.863,-0.032,0,0,0.608,3.839,6.314,0.65,NaN,0.454,-0.223,0.863,0.032,0,0,0.602,3.823,6.354,0.808,2,1
449398,1.00000250248749e+18,63875743293382,0.004,1.429,0.009,0.042,-0.335,0.046,0.94,NaN,0.454,-0.223,0.863,0,0,0,63.85,NaN,0.454,-0.223,0.863,-0.032,0,0,0.608,3.839,6.314,0.65,NaN,0.454,-0.223,0.863,0.032,0,0,0.602,3.823,6.354,0.808,2,1
449399,1.0000025024925e+18,63875743293382,0.004,1.429,0.009,0.042,-0.335,0.046,0.94,NaN,0.454,-0.223,0.863,0,0,0,63.85,NaN,0.454,-0.223,0.863,-0.032,0,0,0.608,3.839,6.314,0.65,NaN,0.454,-0.223,0.863,0.032,0,0,0.602,3.823,6.354,0.808,2,1
449400,1.00000250249754e+18,63875743293393,0.004,1.429,0.009,0.042,-0.334,0.046,0.94,NaN,0.454,-0.223,0.863,0,0,0,63.85,NaN,0.454,-0.223,0.863,-0.032,0,0,0.608,3.839,6.314,0.65,NaN,0.454,-0.223,0.863,0.032,0,0,0.602,3.823,6.354,0.809,2,1
449401,1.00000250250256e+18,63875743293393,0.004,1.429,0.009,0.042,-0.334,0.046,0.94,NaN,0.454,-0.223,0.863,0,0,0,63.85,NaN,0.454,-0.223,0.863,-0.032,0,0,0.608,3.839,6.314,0.65,NaN,0.454,-0.223,0.863,0.032,0,0,0.602,3.823,6.354,0.809,2,1
449402,1.00000250250756e+18,63875743293393,0.004,1.429,0.009,0.042,-0.334,0.046,0.94,NaN,0.454,-0.223,0.863,0,0,0,63.85,NaN,0.454,-0.223,0.863,-0.032,0,0,0.608,3.838,6.314,0.65,NaN,0.454,-0.223,0.863,0.032,0,0,0.602,3.823,6.354,0.809,2,1
449403,1.00000250251257e+18,63875743293403,0.004,1.429,0.009,0.042,-0.334,0.046,0.94,NaN,0.454,-0.223,0.863,0,0,0,63.85,NaN,0.454,-0.223,0.863,-0.032,0,0,0.608,3.838,6.314,0.65,NaN,0.454,-0.223,0.863,0.032,0,0,0.602,3.824,6.354,0.809,2,1
449404,1.00000250251758e+18,63875743293404,0.004,1.429,0.009,0.042,-0.334,0.046,0.94,NaN,0.454,-0.223,0.863,0,0,0,63.85,NaN,0.454,-0.223,0.863,-0.032,0,0,0.608,3.837,6.314,0.65,NaN,0.454,-0.223,0.863,0.032,0,0,0.602,3.824,6.354,0.809,2,1
449405,1.00000250252258e+18,63875743293415,0.004,1.429,0.009,0.043,-0.334,0.046,0.941,NaN,0.454,-0.223,0.863,0,0,0,63.85,NaN,0.454,-0.223,0.863,-0.032,0,0,0.607,3.836,6.314,0.65,NaN,0.454,-0.223,0.863,0.032,0,0,0.602,3.824,6.354,0.809,2,1
449406,1.00000250252759e+18,63875743293415,0.004,1.429,0.009,0.043,-0.334,0.046,0.941,NaN,0.454,-0.224,0.863,0,0,0,63.85,NaN,0.454,-0.224,0.863,-0.032,0,0,0.607,3.836,6.314,0.65,NaN,0.454,-0.224,0.863,0.032,0,0,0.602,3.824,6.354,0.809,2,1
449407,1.00000250253263e+18,63875743293426,0.004,1.429,0.009,0.043,-0.334,0.046,0.941,NaN,0.454,-0.224,0.863,0,0,0,63.85,NaN,0.454,-0.224,0.863,-0.032,0,0,0.608,3.836,6.314,0.65,NaN,0.454,-0.224,0.863,0.032,0,0,0.602,3.824,6.354,0.809,2,1
449408,1.00000250253762e+18,63875743293427,0.004,1.429,0.009,0.043,-0.334,0.046,0.941,NaN,0.454,-0.224,0.863,0,0,0,63.85,NaN,0.454,-0.224,0.863,-0.032,0,0,0.607,3.835,6.314,0.65,NaN,0.454,-0.224,0.863,0.032,0,0,0.602,3.825,6.354,0.809,2,1
449409,1.00000250254263e+18,63875743293438,0.004,1.429,0.009,0.043,-0.334,0.046,0.941,NaN,0.454,-0.224,0.862,0,0,0,63.85,NaN,0.454,-0.224,0.862,-0.032,0,0,0.608,3.836,6.314,0.65,NaN,0.454,-0.224,0.862,0.032,0,0,0.602,3.826,6.354,0.81,2,0.9822652
449410,1.00000250254766e+18,63875743293438,0.004,1.429,0.009,0.043,-0.334,0.046,0.941,NaN,0.453,-0.224,0.863,0,0,0,63.85,NaN,0.453,-0.224,0.863,-0.032,0,0,0.61,3.854,6.314,0.649,NaN,0.453,-0.224,0.863,0.032,0,0,0.601,3.818,6.354,0.81,2,0.5306492
449411,1.0000025025527e+18,63875743293438,0.004,1.429,0.009,0.043,-0.334,0.046,0.941,NaN,0.451,-0.224,0.864,0,0,0,63.85,NaN,0.451,-0.224,0.864,-0.032,0,0,0.611,3.86,6.314,0.649,NaN,0.451,-0.224,0.864,0.032,0,0,0.601,3.816,6.354,0.811,2,0.4295784
449412,1.00000250255772e+18,63875743293448,0.004,1.429,0.009,0.043,-0.334,0.046,0.941,NaN,0.436,-0.222,0.872,0,0,0,63.85,NaN,0.436,-0.222,0.872,-0.032,0,0,0.615,3.883,6.314,0.638,NaN,0.436,-0.222,0.872,0.032,0,0,0.6,3.813,6.354,0.812,2,0
449413,1.00000250256273e+18,63875743293448,0.004,1.429,0.009,0.043,-0.334,0.046,0.941,NaN,0.413,-0.215,0.885,0,0,0,63.85,NaN,0.413,-0.215,0.885,-0.032,0,0,0.615,3.882,6.314,0.603,NaN,0.413,-0.215,0.885,0.032,0,0,0.603,3.83,6.354,0.812,2,0
449414,1.00000250256774e+18,63875743293459,0.003,1.429,0.009,0.043,-0.334,0.046,0.941,NaN,0.382,-0.201,0.902,0,0,0,63.85,NaN,0.382,-0.201,0.902,-0.032,0,0,0.609,3.844,6.314,0.591,NaN,0.382,-0.201,0.902,0.032,0,0,0.621,3.949,6.354,0.812,2,0
449415,1.00000250257276e+18,63875743293459,0.003,1.429,0.009,0.043,-0.334,0.046,0.941,NaN,0.353,-0.184,0.917,0,0,0,63.85,NaN,0.353,-0.184,0.917,-0.032,0,0,0.602,3.804,6.314,0.597,NaN,0.353,-0.184,0.917,0.032,0,0,0.626,3.98,6.354,0.811,2,0
449416,1.00000250257776e+18,63875743293470,0.003,1.429,0.009,0.043,-0.334,0.046,0.941,NaN,0.332,-0.168,0.928,0,0,0,63.85,NaN,0.332,-0.168,0.928,-0.032,0,0,0.599,3.782,6.314,0.604,NaN,0.332,-0.168,0.928,0.032,0,0,0.631,4.007,6.354,0.811,2,0
449417,1.0000025025828e+18,63875743293470,0.003,1.429,0.009,0.043,-0.334,0.046,0.941,NaN,0.316,-0.156,0.936,0,0,0,63.85,NaN,0.316,-0.156,0.936,-0.032,0,0,0.587,3.708,6.314,0.608,NaN,0.316,-0.156,0.936,0.032,0,0,0.637,4.046,6.354,0.81,2,0
449418,1.00000250258781e+18,63875743293482,0.003,1.429,0.009,0.043,-0.334,0.047,0.941,NaN,0.3,-0.144,0.943,0,0,0,63.85,NaN,0.3,-0.144,0.943,-0.032,0,0,0.586,3.698,6.314,0.615,NaN,0.3,-0.144,0.943,0.032,0,0,0.646,4.107,6.354,0.809,2,0
449419,1.00000250259278e+18,63875743293482,0.003,1.429,0.009,0.043,-0.334,0.047,0.941,NaN,0.278,-0.14,0.95,0,0,0,63.85,NaN,0.278,-0.14,0.95,-0.032,0,0,0.584,3.684,6.314,0.626,NaN,0.278,-0.14,0.95,0.032,0,0,0.624,3.968,6.354,0.809,2,0
449420,1.00000250259779e+18,63875743293503,0.003,1.429,0.009,0.042,-0.334,0.047,0.941,NaN,0.268,-0.135,0.954,0,0,0,63.85,NaN,0.268,-0.135,0.954,-0.032,0,0,0.582,3.677,6.314,0.637,NaN,0.268,-0.135,0.954,0.032,0,0,0.63,4.002,6.354,0.808,2,0
449421,1.00000250260282e+18,63875743293503,0.003,1.429,0.009,0.042,-0.334,0.047,0.941,NaN,0.262,-0.13,0.956,0,0,0,63.85,NaN,0.262,-0.13,0.956,-0.032,0,0,0.583,3.679,6.314,0.648,NaN,0.262,-0.13,0.956,0.032,0,0,0.638,4.051,6.354,0.808,2,0
449422,1.00000250260782e+18,63875743293515,0.003,1.429,0.009,0.042,-0.334,0.047,0.94,NaN,0.249,-0.125,0.96,0,0,0,63.85,NaN,0.249,-0.125,0.96,-0.032,0,0,0.584,3.689,6.314,0.658,NaN,0.249,-0.125,0.96,0.032,0,0,0.63,4.005,6.354,0.807,2,0
449423,1.00000250261285e+18,63875743293515,0.003,1.429,0.009,0.042,-0.334,0.047,0.94,NaN,0.245,-0.126,0.961,0,0,0,63.85,NaN,0.245,-0.126,0.961,-0.032,0,0,0.585,3.694,6.314,0.667,NaN,0.245,-0.126,0.961,0.032,0,0,0.625,3.97,6.354,0.807,2,0
449424,1.00000250261785e+18,63875743293515,0.003,1.429,0.009,0.042,-0.334,0.047,0.94,NaN,0.243,-0.127,0.962,0,0,0,63.85,NaN,0.243,-0.127,0.962,-0.032,0,0,0.586,3.698,6.314,0.674,NaN,0.243,-0.127,0.962,0.032,0,0,0.621,3.948,6.354,0.807,2,0
449425,1.00000250262285e+18,63875743293526,0.003,1.429,0.008,0.042,-0.334,0.048,0.94,NaN,0.247,-0.126,0.961,0,0,0,63.85,NaN,0.247,-0.126,0.961,-0.032,0,0,0.586,3.699,6.314,0.68,NaN,0.247,-0.126,0.961,0.032,0,0,0.632,4.018,6.354,0.807,2,0
449426,1.00000250262787e+18,63875743293526,0.003,1.429,0.008,0.042,-0.334,0.048,0.94,NaN,0.248,-0.127,0.961,0,0,0,63.85,NaN,0.248,-0.127,0.961,-0.032,0,0,0.586,3.701,6.314,0.697,NaN,0.248,-0.127,0.961,0.032,0,0,0.629,3.994,6.354,0.807,2,0
449427,1.00000250263288e+18,63875743293526,0.003,1.429,0.008,0.042,-0.334,0.048,0.94,NaN,0.247,-0.129,0.96,0,0,0,63.85,NaN,0.247,-0.129,0.96,-0.032,0,0,0.586,3.701,6.314,0.712,NaN,0.247,-0.129,0.96,0.032,0,0,0.621,3.945,6.354,0.807,2,0
449428,1.00000250263793e+18,63875743293537,0.002,1.429,0.008,0.042,-0.334,0.048,0.94,NaN,0.246,-0.131,0.96,0,0,0,63.85,NaN,0.246,-0.131,0.96,-0.032,0,0,0.586,3.7,6.314,0.724,NaN,0.246,-0.131,0.96,0.032,0,0,0.617,3.918,6.354,0.807,2,0
449429,1.00000250264294e+18,63875743293537,0.002,1.429,0.008,0.042,-0.334,0.048,0.94,NaN,0.241,-0.131,0.962,0,0,0,63.85,NaN,0.241,-0.131,0.962,-0.032,0,0,0.586,3.702,6.314,0.735,NaN,0.241,-0.131,0.962,0.032,0,0,0.615,3.908,6.354,0.807,2,0
449430,1.00000250264793e+18,63875743293537,0.002,1.429,0.008,0.042,-0.334,0.048,0.94,NaN,0.238,-0.13,0.962,0,0,0,63.85,NaN,0.238,-0.13,0.962,-0.032,0,0,0.588,3.715,6.314,0.742,NaN,0.238,-0.13,0.962,0.032,0,0,0.614,3.902,6.354,0.808,2,0
449431,1.00000250265294e+18,63875743293548,0.002,1.429,0.008,0.041,-0.334,0.048,0.94,NaN,0.235,-0.131,0.963,0,0,0,63.85,NaN,0.235,-0.131,0.963,-0.032,0,0,0.591,3.731,6.314,0.748,NaN,0.235,-0.131,0.963,0.032,0,0,0.612,3.891,6.354,0.808,2,0
449432,1.00000250265795e+18,63875743293548,0.002,1.429,0.008,0.041,-0.334,0.048,0.94,NaN,0.233,-0.131,0.963,0,0,0,63.85,NaN,0.233,-0.131,0.963,-0.032,0,0,0.593,3.745,6.314,0.754,NaN,0.233,-0.131,0.963,0.032,0,0,0.612,3.885,6.354,0.808,2,0
449433,1.00000250266296e+18,63875743293559,0.002,1.429,0.008,0.041,-0.334,0.048,0.94,NaN,0.232,-0.131,0.964,0,0,0,63.85,NaN,0.232,-0.131,0.964,-0.032,0,0,0.595,3.758,6.314,0.758,NaN,0.232,-0.131,0.964,0.032,0,0,0.611,3.882,6.354,0.808,2,0
449434,1.00000250266797e+18,63875743293559,0.002,1.429,0.008,0.041,-0.334,0.048,0.94,NaN,0.231,-0.132,0.964,0,0,0,63.85,NaN,0.231,-0.132,0.964,-0.032,0,0,0.597,3.766,6.314,0.762,NaN,0.231,-0.132,0.964,0.032,0,0,0.61,3.875,6.354,0.808,2,0
449435,1.00000250267298e+18,63875743293559,0.002,1.429,0.008,0.041,-0.334,0.048,0.94,NaN,0.23,-0.132,0.964,0,0,0,63.85,NaN,0.23,-0.132,0.964,-0.032,0,0,0.597,3.77,6.314,0.765,NaN,0.23,-0.132,0.964,0.032,0,0,0.609,3.87,6.354,0.809,2,0
449436,1.00000250267798e+18,63875743293570,0.002,1.429,0.008,0.041,-0.334,0.048,0.94,NaN,0.233,-0.134,0.963,0,0,0,63.85,NaN,0.233,-0.134,0.963,-0.032,0,0,0.597,3.769,6.314,0.768,NaN,0.233,-0.134,0.963,0.032,0,0,0.608,3.865,6.354,0.809,2,0
449437,1.00000250268302e+18,63875743293570,0.002,1.429,0.008,0.041,-0.334,0.048,0.94,NaN,0.232,-0.134,0.963,0,0,0,63.85,NaN,0.232,-0.134,0.963,-0.032,0,0,0.597,3.768,6.314,0.771,NaN,0.232,-0.134,0.963,0.032,0,0,0.608,3.862,6.354,0.81,2,0
449438,1.00000250268803e+18,63875743293582,0.002,1.429,0.008,0.041,-0.334,0.048,0.94,NaN,0.233,-0.135,0.963,0,0,0,63.85,NaN,0.233,-0.135,0.963,-0.032,0,0,0.596,3.763,6.314,0.773,NaN,0.233,-0.135,0.963,0.032,0,0,0.607,3.859,6.354,0.81,2,0
449439,1.00000250269308e+18,63875743293582,0.002,1.429,0.008,0.041,-0.334,0.048,0.94,NaN,0.235,-0.136,0.962,0,0,0,63.85,NaN,0.235,-0.136,0.962,-0.032,0,0,0.595,3.756,6.314,0.775,NaN,0.235,-0.136,0.962,0.032,0,0,0.607,3.857,6.354,0.811,2,0
449440,1.00000250269809e+18,63875743293592,0.002,1.429,0.008,0.04,-0.334,0.049,0.94,NaN,0.236,-0.137,0.962,0,0,0,63.85,NaN,0.236,-0.137,0.962,-0.032,0,0,0.593,3.747,6.314,0.776,NaN,0.236,-0.137,0.962,0.032,0,0,0.606,3.853,6.354,0.811,2,0
449441,1.00000250270305e+18,63875743293592,0.002,1.429,0.008,0.04,-0.334,0.049,0.94,NaN,0.237,-0.137,0.962,0,0,0,63.85,NaN,0.237,-0.137,0.962,-0.032,0,0,0.593,3.744,6.314,0.778,NaN,0.237,-0.137,0.962,0.032,0,0,0.606,3.85,6.354,0.812,2,0
449442,1.00000250270806e+18,63875743293603,0.002,1.429,0.008,0.04,-0.334,0.049,0.94,NaN,0.237,-0.138,0.962,0,0,0,63.85,NaN,0.237,-0.138,0.962,-0.032,0,0,0.592,3.737,6.314,0.779,NaN,0.237,-0.138,0.962,0.032,0,0,0.606,3.848,6.354,0.812,2,0
449443,1.00000250271307e+18,63875743293603,0.002,1.429,0.008,0.04,-0.334,0.049,0.94,NaN,0.238,-0.138,0.962,0,0,0,63.85,NaN,0.238,-0.138,0.962,-0.032,0,0,0.592,3.736,6.314,0.781,NaN,0.238,-0.138,0.962,0.032,0,0,0.606,3.847,6.354,0.812,2,0
449444,1.00000250271812e+18,63875743293603,0.002,1.429,0.008,0.04,-0.334,0.049,0.94,NaN,0.238,-0.138,0.961,0,0,0,63.85,NaN,0.238,-0.138,0.961,-0.032,0,0,0.592,3.736,6.314,0.782,NaN,0.238,-0.138,0.961,0.032,0,0,0.605,3.845,6.354,0.813,2,0
449445,1.00000250272311e+18,63875743293615,0.001,1.429,0.008,0.04,-0.334,0.049,0.94,NaN,0.238,-0.139,0.961,0,0,0,63.85,NaN,0.238,-0.139,0.961,-0.032,0,0,0.592,3.737,6.314,0.784,NaN,0.238,-0.139,0.961,0.032,0,0,0.605,3.843,6.354,0.814,2,0
449446,1.0000025027281e+18,63875743293615,0.001,1.429,0.008,0.04,-0.334,0.049,0.94,NaN,0.238,-0.14,0.961,0,0,0,63.85,NaN,0.238,-0.14,0.961,-0.032,0,0,0.592,3.738,6.314,0.785,NaN,0.238,-0.14,0.961,0.032,0,0,0.604,3.839,6.354,0.814,2,0
449447,1.0000025027331e+18,63875743293626,0.001,1.429,0.008,0.04,-0.334,0.049,0.94,NaN,0.239,-0.14,0.961,0,0,0,63.85,NaN,0.239,-0.14,0.961,-0.032,0,0,0.592,3.739,6.314,0.786,NaN,0.239,-0.14,0.961,0.032,0,0,0.604,3.839,6.354,0.815,2,0
449448,1.00000250273816e+18,63875743293626,0.001,1.429,0.008,0.04,-0.334,0.049,0.94,NaN,0.239,-0.141,0.961,0,0,0,63.85,NaN,0.239,-0.141,0.961,-0.032,0,0,0.593,3.743,6.314,0.787,NaN,0.239,-0.141,0.961,0.032,0,0,0.604,3.84,6.354,0.816,2,0.163296
449449,1.00000250274317e+18,63875743293638,0.001,1.429,0.008,0.04,-0.334,0.049,0.94,NaN,0.239,-0.142,0.961,0,0,0,63.85,NaN,0.239,-0.142,0.961,-0.032,0,0,0.593,3.747,6.314,0.787,NaN,0.239,-0.142,0.961,0.032,0,0,0.605,3.841,6.354,0.816,2,0.1693878
449450,1.00000250274818e+18,63875743293638,0.001,1.429,0.008,0.04,-0.334,0.049,0.94,NaN,0.239,-0.142,0.96,0,0,0,63.85,NaN,0.239,-0.142,0.96,-0.032,0,0,0.594,3.749,6.314,0.788,NaN,0.239,-0.142,0.96,0.032,0,0,0.605,3.841,6.354,0.817,2,0.1942479
449451,1.00000250275318e+18,63875743293648,0.001,1.429,0.008,0.04,-0.335,0.049,0.94,NaN,0.239,-0.143,0.96,0,0,0,63.85,NaN,0.239,-0.143,0.96,-0.032,0,0,0.594,3.75,6.314,0.789,NaN,0.239,-0.143,0.96,0.032,0,0,0.605,3.841,6.354,0.817,2,0.2027337
449452,1.00000250275818e+18,63875743293648,0.001,1.429,0.008,0.04,-0.335,0.049,0.94,NaN,0.24,-0.144,0.96,0,0,0,63.85,NaN,0.24,-0.144,0.96,-0.032,0,0,0.594,3.751,6.314,0.79,NaN,0.24,-0.144,0.96,0.032,0,0,0.604,3.839,6.354,0.817,2,0.1916469
449453,1.00000250276316e+18,63875743293648,0.001,1.429,0.008,0.04,-0.335,0.049,0.94,NaN,0.24,-0.145,0.96,0,0,0,63.85,NaN,0.24,-0.145,0.96,-0.032,0,0,0.594,3.751,6.314,0.79,NaN,0.24,-0.145,0.96,0.032,0,0,0.604,3.838,6.354,0.818,2,0.2437279
449454,1.00000250276818e+18,63875743293660,0.001,1.429,0.008,0.04,-0.335,0.049,0.94,NaN,0.24,-0.145,0.96,0,0,0,63.85,NaN,0.24,-0.145,0.96,-0.032,0,0,0.594,3.751,6.314,0.791,NaN,0.24,-0.145,0.96,0.032,0,0,0.604,3.838,6.354,0.818,2,0.2326046
449455,1.00000250277323e+18,63875743293660,0.001,1.429,0.008,0.04,-0.335,0.049,0.94,NaN,0.24,-0.146,0.96,0,0,0,63.85,NaN,0.24,-0.146,0.96,-0.032,0,0,0.594,3.751,6.314,0.791,NaN,0.24,-0.146,0.96,0.032,0,0,0.604,3.839,6.354,0.818,2,0.4734717
449456,1.00000250277824e+18,63875743293671,0.001,1.429,0.008,0.04,-0.335,0.049,0.94,NaN,0.239,-0.145,0.96,0,0,0,63.85,NaN,0.239,-0.145,0.96,-0.032,0,0,0.594,3.751,6.314,0.792,NaN,0.239,-0.145,0.96,0.032,0,0,0.604,3.838,6.354,0.819,2,0.5126177
449457,1.00000250278324e+18,63875743293671,0.001,1.429,0.008,0.04,-0.335,0.049,0.94,NaN,0.239,-0.145,0.96,0,0,0,63.85,NaN,0.239,-0.145,0.96,-0.032,0,0,0.595,3.755,6.314,0.792,NaN,0.239,-0.145,0.96,0.032,0,0,0.603,3.833,6.354,0.819,2,0.6455235
449458,1.00000250278824e+18,63875743293683,0.001,1.429,0.008,0.04,-0.335,0.049,0.94,NaN,0.239,-0.146,0.96,0,0,0,63.85,NaN,0.239,-0.146,0.96,-0.032,0,0,0.603,3.808,6.314,0.792,NaN,0.239,-0.146,0.96,0.032,0,0,0.596,3.787,6.354,0.819,2,0.4708762
449459,1.00000250279329e+18,63875743293683,0.001,1.429,0.008,0.04,-0.335,0.049,0.94,NaN,0.233,-0.146,0.961,0,0,0,63.85,NaN,0.233,-0.146,0.961,-0.032,0,0,0.611,3.855,6.314,0.792,NaN,0.233,-0.146,0.961,0.032,0,0,0.591,3.755,6.354,0.819,2,0
449460,1.00000250279829e+18,63875743293693,0,1.429,0.008,0.04,-0.335,0.049,0.94,NaN,0.223,-0.147,0.964,0,0,0,63.85,NaN,0.223,-0.147,0.964,-0.032,0,0,0.621,3.923,6.314,0.792,NaN,0.223,-0.147,0.964,0.032,0,0,0.591,3.753,6.354,0.818,2,0
449461,1.0000025028033e+18,63875743293693,0,1.429,0.008,0.04,-0.335,0.049,0.94,NaN,0.208,-0.148,0.967,0,0,0,63.85,NaN,0.208,-0.148,0.967,-0.032,0,0,0.613,3.873,6.314,0.793,NaN,0.208,-0.148,0.967,0.032,0,0,0.591,3.753,6.354,0.818,2,0
449462,1.00000250280836e+18,63875743293704,0,1.429,0.008,0.04,-0.335,0.049,0.94,NaN,0.186,-0.148,0.971,0,0,0,63.85,NaN,0.186,-0.148,0.971,-0.032,0,0,0.614,3.879,6.314,0.794,NaN,0.186,-0.148,0.971,0.032,0,0,0.591,3.753,6.354,0.816,2,0
449463,1.00000250281337e+18,63875743293704,0,1.429,0.008,0.04,-0.335,0.049,0.94,NaN,0.164,-0.147,0.975,0,0,0,63.85,NaN,0.164,-0.147,0.975,-0.032,0,0,0.594,3.752,6.314,0.795,NaN,0.164,-0.147,0.975,0.032,0,0,0.598,3.8,6.354,0.815,2,0
449464,1.00000250281837e+18,63875743293704,0,1.429,0.008,0.04,-0.335,0.049,0.94,NaN,0.149,-0.144,0.978,0,0,0,63.85,NaN,0.149,-0.144,0.978,-0.032,0,0,0.58,3.663,6.314,0.796,NaN,0.149,-0.144,0.978,0.032,0,0,0.598,3.799,6.354,0.812,2,0
449465,1.00000250282335e+18,63875743293715,0,1.429,0.008,0.04,-0.335,0.049,0.94,NaN,0.133,-0.138,0.982,0,0,0,63.85,NaN,0.133,-0.138,0.982,-0.032,0,0,0.571,3.605,6.314,0.797,NaN,0.133,-0.138,0.982,0.032,0,0,0.598,3.799,6.354,0.81,2,0
449466,1.00000250282835e+18,63875743293715,0,1.429,0.008,0.04,-0.335,0.049,0.94,NaN,0.118,-0.129,0.985,0,0,0,63.85,NaN,0.118,-0.129,0.985,-0.032,0,0,0.575,3.633,6.314,0.799,NaN,0.118,-0.129,0.985,0.032,0,0,0.601,3.816,6.354,0.807,2,0
449467,1.00000250283335e+18,63875743293726,0,1.429,0.008,0.04,-0.336,0.05,0.94,NaN,0.107,-0.12,0.987,0,0,0,63.85,NaN,0.107,-0.12,0.987,-0.032,0,0,0.577,3.643,6.314,0.8,NaN,0.107,-0.12,0.987,0.032,0,0,0.602,3.825,6.354,0.805,2,0
449468,1.00000250283836e+18,63875743293726,0,1.429,0.008,0.04,-0.336,0.05,0.94,NaN,0.099,-0.112,0.989,0,0,0,63.85,NaN,0.099,-0.112,0.989,-0.032,0,0,0.577,3.644,6.314,0.802,NaN,0.099,-0.112,0.989,0.032,0,0,0.603,3.829,6.354,0.803,2,0
449469,1.00000250284336e+18,63875743293738,0,1.429,0.009,0.04,-0.336,0.05,0.94,NaN,0.093,-0.105,0.99,0,0,0,63.85,NaN,0.093,-0.105,0.99,-0.032,0,0,0.577,3.644,6.314,0.805,NaN,0.093,-0.105,0.99,0.032,0,0,0.603,3.829,6.354,0.802,2,0
449470,1.00000250284843e+18,63875743293738,0,1.429,0.009,0.04,-0.336,0.05,0.94,NaN,0.088,-0.099,0.991,0,0,0,63.85,NaN,0.088,-0.099,0.991,-0.032,0,0,0.577,3.644,6.314,0.808,NaN,0.088,-0.099,0.991,0.032,0,0,0.602,3.827,6.354,0.801,2,0
449471,1.00000250285344e+18,63875743293738,0,1.429,0.009,0.04,-0.336,0.05,0.94,NaN,0.085,-0.094,0.992,0,0,0,63.85,NaN,0.085,-0.094,0.992,-0.032,0,0,0.577,3.643,6.314,0.812,NaN,0.085,-0.094,0.992,0.032,0,0,0.602,3.825,6.354,0.801,2,0
449472,1.00000250285845e+18,63875743293748,0,1.429,0.009,0.04,-0.336,0.05,0.94,NaN,0.082,-0.09,0.993,0,0,0,63.85,NaN,0.082,-0.09,0.993,-0.032,0,0,0.577,3.641,6.314,0.815,NaN,0.082,-0.09,0.993,0.032,0,0,0.601,3.82,6.354,0.8,2,0
449473,1.00000250286345e+18,63875743293748,0,1.429,0.009,0.04,-0.336,0.05,0.94,NaN,0.077,-0.085,0.993,0,0,0,63.85,NaN,0.077,-0.085,0.993,-0.032,0,0,0.58,3.66,6.314,0.818,NaN,0.077,-0.085,0.993,0.032,0,0,0.601,3.816,6.354,0.8,2,0
449474,1.00000250286845e+18,63875743293760,0,1.429,0.009,0.04,-0.336,0.05,0.94,NaN,0.077,-0.084,0.994,0,0,0,63.85,NaN,0.077,-0.084,0.994,-0.032,0,0,0.582,3.675,6.314,0.821,NaN,0.077,-0.084,0.994,0.032,0,0,0.6,3.812,6.354,0.8,2,0
449475,1.00000250287345e+18,63875743293760,0,1.429,0.009,0.04,-0.336,0.05,0.94,NaN,0.074,-0.081,0.994,0,0,0,63.85,NaN,0.074,-0.081,0.994,-0.032,0,0,0.584,3.689,6.314,0.825,NaN,0.074,-0.081,0.994,0.032,0,0,0.599,3.804,6.354,0.8,2,0
449476,1.00000250287847e+18,63875743293771,0,1.429,0.009,0.04,-0.336,0.05,0.94,NaN,0.071,-0.079,0.994,0,0,0,63.85,NaN,0.071,-0.079,0.994,-0.032,0,0,0.585,3.697,6.314,0.829,NaN,0.071,-0.079,0.994,0.032,0,0,0.598,3.797,6.354,0.8,2,0
449477,1.00000250288348e+18,63875743293771,0,1.429,0.009,0.04,-0.336,0.05,0.94,NaN,0.07,-0.078,0.995,0,0,0,63.85,NaN,0.07,-0.078,0.995,-0.032,0,0,0.589,3.722,6.314,0.832,NaN,0.07,-0.078,0.995,0.032,0,0,0.597,3.793,6.354,0.8,2,0
449478,1.0000025028885e+18,63875743293782,0,1.429,0.009,0.04,-0.336,0.05,0.94,NaN,0.069,-0.077,0.995,0,0,0,63.85,NaN,0.069,-0.077,0.995,-0.032,0,0,0.591,3.733,6.314,0.834,NaN,0.069,-0.077,0.995,0.032,0,0,0.596,3.787,6.354,0.801,2,0
449479,1.00000250289357e+18,63875743293782,0,1.429,0.009,0.04,-0.336,0.05,0.94,NaN,0.068,-0.076,0.995,0,0,0,63.85,NaN,0.068,-0.076,0.995,-0.032,0,0,0.594,3.752,6.314,0.837,NaN,0.068,-0.076,0.995,0.032,0,0,0.595,3.781,6.354,0.801,2,0
449480,1.00000250289859e+18,63875743293793,0.001,1.429,0.009,0.04,-0.336,0.051,0.94,NaN,0.068,-0.075,0.995,0,0,0,63.85,NaN,0.068,-0.075,0.995,-0.032,0,0,0.596,3.76,6.314,0.839,NaN,0.068,-0.075,0.995,0.032,0,0,0.594,3.774,6.354,0.801,2,0
449481,1.0000025029036e+18,63875743293804,0.001,1.429,0.009,0.04,-0.336,0.051,0.94,NaN,0.067,-0.075,0.995,0,0,0,63.85,NaN,0.067,-0.075,0.995,-0.032,0,0,0.596,3.762,6.314,0.841,NaN,0.067,-0.075,0.995,0.032,0,0,0.593,3.768,6.354,0.801,2,0
449482,1.00000250290861e+18,63875743293804,0.001,1.429,0.009,0.04,-0.336,0.051,0.94,NaN,0.067,-0.075,0.995,0,0,0,63.85,NaN,0.067,-0.075,0.995,-0.032,0,0,0.596,3.764,6.314,0.843,NaN,0.067,-0.075,0.995,0.032,0,0,0.593,3.765,6.354,0.801,2,0
449483,1.00000250291355e+18,63875743293804,0.001,1.429,0.009,0.04,-0.336,0.051,0.94,NaN,0.067,-0.075,0.995,0,0,0,63.85,NaN,0.067,-0.075,0.995,-0.032,0,0,0.596,3.765,6.314,0.846,NaN,0.067,-0.075,0.995,0.032,0,0,0.592,3.762,6.354,0.802,2,0
449484,1.00000250291855e+18,63875743293816,0.001,1.429,0.009,0.04,-0.335,0.052,0.94,NaN,0.067,-0.075,0.995,0,0,0,63.85,NaN,0.067,-0.075,0.995,-0.032,0,0,0.596,3.765,6.314,0.848,NaN,0.067,-0.075,0.995,0.032,0,0,0.592,3.761,6.354,0.802,2,0.1020679
449485,1.0000025029236e+18,63875743293816,0.001,1.429,0.009,0.04,-0.335,0.052,0.94,NaN,0.067,-0.075,0.995,0,0,0,63.85,NaN,0.067,-0.075,0.995,-0.032,0,0,0.596,3.766,6.314,0.849,NaN,0.067,-0.075,0.995,0.032,0,0,0.592,3.761,6.354,0.803,2,0.298118
449486,1.0000025029286e+18,63875743293816,0.001,1.429,0.009,0.04,-0.335,0.052,0.94,NaN,0.067,-0.076,0.995,0,0,0,63.85,NaN,0.067,-0.076,0.995,-0.032,0,0,0.597,3.767,6.314,0.85,NaN,0.067,-0.076,0.995,0.032,0,0,0.592,3.761,6.354,0.803,2,0.3534706
449487,1.0000025029336e+18,63875743293827,0.001,1.429,0.009,0.04,-0.335,0.052,0.94,NaN,0.067,-0.076,0.995,0,0,0,63.85,NaN,0.067,-0.076,0.995,-0.032,0,0,0.597,3.769,6.314,0.852,NaN,0.067,-0.076,0.995,0.032,0,0,0.592,3.761,6.354,0.804,2,0.3853883
449488,1.00000250293861e+18,63875743293827,0.001,1.429,0.009,0.04,-0.335,0.052,0.94,NaN,0.068,-0.076,0.995,0,0,0,63.85,NaN,0.068,-0.076,0.995,-0.032,0,0,0.597,3.77,6.314,0.853,NaN,0.068,-0.076,0.995,0.032,0,0,0.592,3.76,6.354,0.804,2,0.4186431
449489,1.00000250294363e+18,63875743293838,0.001,1.43,0.009,0.039,-0.335,0.052,0.94,NaN,0.068,-0.077,0.995,0,0,0,63.85,NaN,0.068,-0.077,0.995,-0.032,0,0,0.597,3.77,6.314,0.855,NaN,0.068,-0.077,0.995,0.032,0,0,0.592,3.76,6.354,0.805,2,0.4423151
449490,1.00000250294865e+18,63875743293838,0.001,1.43,0.009,0.039,-0.335,0.052,0.94,NaN,0.068,-0.077,0.995,0,0,0,63.85,NaN,0.068,-0.077,0.995,-0.032,0,0,0.597,3.77,6.314,0.856,NaN,0.068,-0.077,0.995,0.032,0,0,0.592,3.76,6.354,0.805,2,0.4409182
449491,1.00000250295366e+18,63875743293848,0.001,1.43,0.009,0.039,-0.334,0.052,0.94,NaN,0.068,-0.078,0.995,0,0,0,63.85,NaN,0.068,-0.078,0.995,-0.032,0,0,0.597,3.771,6.314,0.857,NaN,0.068,-0.078,0.995,0.032,0,0,0.592,3.759,6.354,0.806,2,0.4440268
449492,1.00000250295868e+18,63875743293860,0.001,1.43,0.009,0.038,-0.334,0.052,0.94,NaN,0.068,-0.078,0.995,0,0,0,63.85,NaN,0.068,-0.078,0.995,-0.032,0,0,0.597,3.771,6.314,0.858,NaN,0.068,-0.078,0.995,0.032,0,0,0.592,3.758,6.354,0.806,2,0.6510798
449493,1.0000025029637e+18,63875743293860,0.001,1.43,0.009,0.038,-0.334,0.052,0.94,NaN,0.069,-0.078,0.995,0,0,0,63.85,NaN,0.069,-0.078,0.995,-0.032,0,0,0.598,3.773,6.314,0.859,NaN,0.069,-0.078,0.995,0.032,0,0,0.591,3.758,6.354,0.807,2,0.8578816
449494,1.00000250296873e+18,63875743293860,0.001,1.43,0.009,0.038,-0.334,0.052,0.94,NaN,0.069,-0.078,0.995,0,0,0,63.85,NaN,0.069,-0.078,0.995,-0.032,0,0,0.598,3.775,6.314,0.86,NaN,0.069,-0.078,0.995,0.032,0,0,0.591,3.758,6.354,0.808,2,1
449495,1.00000250297375e+18,63875743293860,0.001,1.43,0.009,0.038,-0.334,0.052,0.94,NaN,0.069,-0.079,0.995,0,0,0,63.85,NaN,0.069,-0.079,0.995,-0.032,0,0,0.598,3.776,6.314,0.861,NaN,0.069,-0.079,0.995,0.032,0,0,0.591,3.757,6.354,0.808,2,1
449496,1.00000250297877e+18,63875743293871,0.001,1.43,0.009,0.038,-0.333,0.053,0.941,NaN,0.069,-0.079,0.994,0,0,0,63.85,NaN,0.069,-0.079,0.994,-0.032,0,0,0.598,3.777,6.314,0.862,NaN,0.069,-0.079,0.994,0.032,0,0,0.591,3.757,6.354,0.809,2,1
449497,1.00000250298379e+18,63875743293871,0.001,1.43,0.009,0.038,-0.333,0.053,0.941,NaN,0.07,-0.079,0.994,0,0,0,63.85,NaN,0.07,-0.079,0.994,-0.032,0,0,0.598,3.777,6.314,0.863,NaN,0.07,-0.079,0.994,0.032,0,0,0.591,3.757,6.354,0.809,2,1
449498,1.0000025029888e+18,63875743293882,0.001,1.43,0.009,0.037,-0.332,0.053,0.941,NaN,0.071,-0.079,0.994,0,0,0,63.85,NaN,0.067,-0.078,0.995,-0.032,0,0,0.565,3.569,6.314,0.864,NaN,0.071,-0.079,0.994,0.032,0,0,0.591,3.756,6.354,0.81,2,0.7495797
449499,1.00000250299379e+18,63875743293893,0.002,1.43,0.009,0.037,-0.332,0.053,0.941,NaN,0.071,-0.079,0.994,0,0,0,63.85,NaN,0.068,-0.078,0.995,-0.032,0,0,0.561,3.545,6.314,0.865,NaN,0.071,-0.079,0.994,0.032,0,0,0.591,3.756,6.354,0.811,2,0.484302
449500,1.00000250299877e+18,63875743293893,0.002,1.43,0.009,0.037,-0.332,0.053,0.941,NaN,0.071,-0.079,0.994,0,0,0,63.85,NaN,0.068,-0.078,0.995,-0.032,0,0,0.561,3.542,6.314,0.866,NaN,0.071,-0.079,0.994,0.032,0,0,0.591,3.755,6.354,0.811,2,0.4717614
449501,1.00000250300378e+18,63875743293893,0.002,1.43,0.009,0.037,-0.332,0.053,0.941,NaN,0.072,-0.079,0.994,0,0,0,63.85,NaN,0.066,-0.078,0.995,-0.032,0,0,0.561,3.542,6.314,0.866,NaN,0.072,-0.079,0.994,0.032,0,0,0.591,3.755,6.354,0.812,2,0.1982304
449502,1.0000025030088e+18,63875743293893,0.002,1.43,0.009,0.037,-0.332,0.053,0.941,NaN,0.072,-0.079,0.994,0,0,0,63.85,NaN,0.067,-0.077,0.995,-0.032,0,0,0.561,3.542,6.314,0.865,NaN,0.072,-0.079,0.994,0.032,0,0,0.591,3.753,6.354,0.812,2,0
449503,1.00000250301382e+18,63875743293904,0.002,1.43,0.008,0.037,-0.331,0.053,0.941,NaN,0.072,-0.079,0.994,0,0,0,63.85,NaN,0.067,-0.077,0.995,-0.032,0,0,0.561,3.542,6.314,0.865,NaN,0.072,-0.079,0.994,0.032,0,0,0.591,3.752,6.354,0.813,2,0
449504,1.00000250301882e+18,63875743293904,0.002,1.43,0.008,0.037,-0.331,0.053,0.941,NaN,0.072,-0.079,0.994,0,0,0,63.85,NaN,0.068,-0.077,0.995,-0.032,0,0,0.561,3.544,6.314,0.865,NaN,0.072,-0.079,0.994,0.032,0,0,0.59,3.751,6.354,0.813,2,0
449505,1.00000250302383e+18,63875743293916,0.002,1.43,0.008,0.036,-0.331,0.053,0.941,NaN,0.073,-0.079,0.994,0,0,0,63.85,NaN,0.068,-0.077,0.995,-0.032,0,0,0.563,3.554,6.314,0.865,NaN,0.073,-0.079,0.994,0.032,0,0,0.59,3.751,6.354,0.814,2,0
449506,1.00000250302951e+18,63875743293916,0.002,1.43,0.008,0.036,-0.331,0.053,0.941,NaN,0.073,-0.078,0.994,0,0,0,63.85,NaN,0.069,-0.077,0.995,-0.032,0,0,0.6,3.789,6.314,0.865,NaN,0.073,-0.078,0.994,0.032,0,0,0.59,3.751,6.354,0.814,2,0
449507,1.0000025030344e+18,63875743293927,0.002,1.43,0.008,0.036,-0.33,0.054,0.942,NaN,0.073,-0.078,0.994,0,0,0,63.85,NaN,0.069,-0.077,0.995,-0.032,0,0,0.604,3.812,6.314,0.865,NaN,0.073,-0.078,0.994,0.032,0,0,0.59,3.751,6.354,0.815,2,0
449508,1.00000250303919e+18,63875743293927,0.002,1.43,0.008,0.036,-0.33,0.054,0.942,NaN,0.073,-0.078,0.994,0,0,0,63.85,NaN,0.069,-0.077,0.995,-0.032,0,0,0.604,3.813,6.314,0.864,NaN,0.073,-0.078,0.994,0.032,0,0,0.59,3.751,6.354,0.815,2,0
449509,1.00000250304385e+18,63875743293938,0.002,1.43,0.008,0.036,-0.33,0.054,0.942,NaN,0.073,-0.078,0.994,0,0,0,63.85,NaN,0.069,-0.077,0.995,-0.032,0,0,0.604,3.813,6.314,0.864,NaN,0.073,-0.078,0.994,0.032,0,0,0.59,3.751,6.354,0.815,2,0
449510,1.0000025030489e+18,63875743293938,0.002,1.43,0.008,0.036,-0.33,0.054,0.942,NaN,0.074,-0.078,0.994,0,0,0,63.85,NaN,0.07,-0.077,0.995,-0.032,0,0,0.604,3.813,6.314,0.864,NaN,0.074,-0.078,0.994,0.032,0,0,0.591,3.752,6.354,0.815,2,0
449511,1.0000025030539e+18,63875743293950,0.002,1.43,0.008,0.036,-0.329,0.054,0.942,NaN,0.074,-0.078,0.994,0,0,0,63.85,NaN,0.07,-0.077,0.995,-0.032,0,0,0.604,3.813,6.314,0.864,NaN,0.074,-0.078,0.994,0.032,0,0,0.591,3.752,6.354,0.816,2,0
449512,1.00000250305891e+18,63875743293950,0.002,1.43,0.008,0.036,-0.329,0.054,0.942,NaN,0.074,-0.078,0.994,0,0,0,63.85,NaN,0.07,-0.077,0.995,-0.032,0,0,0.604,3.811,6.314,0.864,NaN,0.074,-0.078,0.994,0.032,0,0,0.591,3.752,6.354,0.816,2,0
449513,1.00000250306391e+18,63875743293950,0.002,1.43,0.008,0.036,-0.329,0.054,0.942,NaN,0.074,-0.078,0.994,0,0,0,63.85,NaN,0.071,-0.077,0.995,-0.032,0,0,0.603,3.81,6.314,0.864,NaN,0.074,-0.078,0.994,0.032,0,0,0.591,3.752,6.354,0.816,2,0
449514,1.00000250306891e+18,63875743293960,0.002,1.43,0.007,0.036,-0.329,0.054,0.942,NaN,0.074,-0.078,0.994,0,0,0,63.85,NaN,0.071,-0.077,0.995,-0.032,0,0,0.603,3.809,6.314,0.863,NaN,0.074,-0.078,0.994,0.032,0,0,0.591,3.752,6.354,0.816,2,0
449515,1.00000250307391e+18,63875743293960,0.002,1.43,0.007,0.036,-0.329,0.054,0.942,NaN,0.074,-0.078,0.994,0,0,0,63.85,NaN,0.071,-0.077,0.994,-0.032,0,0,0.603,3.805,6.314,0.863,NaN,0.074,-0.078,0.994,0.032,0,0,0.59,3.752,6.354,0.816,2,0
449516,1.00000250307895e+18,63875743293971,0.002,1.429,0.007,0.036,-0.329,0.054,0.942,NaN,0.073,-0.079,0.994,0,0,0,63.85,NaN,0.07,-0.078,0.994,-0.032,0,0,0.603,3.805,6.314,0.863,NaN,0.073,-0.079,0.994,0.032,0,0,0.59,3.751,6.354,0.816,2,0
449517,1.00000250308395e+18,63875743293971,0.002,1.429,0.007,0.036,-0.329,0.054,0.942,NaN,0.073,-0.08,0.994,0,0,0,63.85,NaN,0.07,-0.079,0.994,-0.032,0,0,0.605,3.82,6.314,0.862,NaN,0.073,-0.08,0.994,0.032,0,0,0.591,3.754,6.354,0.816,2,0
449518,1.00000250308897e+18,63875743293984,0.002,1.429,0.007,0.036,-0.328,0.054,0.942,NaN,0.072,-0.08,0.994,0,0,0,63.85,NaN,0.07,-0.079,0.994,-0.032,0,0,0.605,3.823,6.314,0.861,NaN,0.072,-0.08,0.994,0.032,0,0,0.592,3.764,6.354,0.815,2,0.01593489
449519,1.00000250309396e+18,63875743293984,0.002,1.429,0.007,0.036,-0.328,0.054,0.942,NaN,0.072,-0.079,0.994,0,0,0,63.85,NaN,0.07,-0.079,0.994,-0.032,0,0,0.603,3.808,6.314,0.86,NaN,0.072,-0.079,0.994,0.032,0,0,0.594,3.772,6.354,0.814,2,0
449520,1.00000250309898e+18,63875743293994,0.002,1.429,0.007,0.036,-0.328,0.054,0.943,NaN,0.073,-0.078,0.994,0,0,0,63.85,NaN,0.071,-0.078,0.994,-0.032,0,0,0.603,3.81,6.314,0.858,NaN,0.073,-0.078,0.994,0.032,0,0,0.596,3.789,6.354,0.814,2,0
449521,1.00000250310398e+18,63875743293994,0.002,1.429,0.007,0.036,-0.328,0.054,0.943,NaN,0.074,-0.075,0.994,0,0,0,63.85,NaN,0.073,-0.075,0.995,-0.032,0,0,0.612,3.864,6.314,0.857,NaN,0.074,-0.075,0.994,0.032,0,0,0.596,3.788,6.354,0.813,2,0
449522,1.00000250310898e+18,63875743293994,0.002,1.429,0.007,0.036,-0.328,0.054,0.943,NaN,0.077,-0.069,0.995,0,0,0,63.85,NaN,0.077,-0.069,0.995,-0.032,0,0,0.611,3.86,6.314,0.855,NaN,0.077,-0.069,0.995,0.032,0,0,0.599,3.806,6.354,0.812,2,0
449523,1.00000250311404e+18,63875743294005,0.002,1.429,0.007,0.036,-0.327,0.054,0.943,NaN,0.082,-0.061,0.995,0,0,0,63.85,NaN,0.082,-0.061,0.995,-0.032,0,0,0.611,3.859,6.314,0.854,NaN,0.082,-0.061,0.995,0.032,0,0,0.601,3.819,6.354,0.812,2,0
449524,1.00000250311904e+18,63875743294005,0.002,1.429,0.007,0.036,-0.327,0.054,0.943,NaN,0.09,-0.055,0.994,0,0,0,63.85,NaN,0.091,-0.055,0.994,-0.032,0,0,0.609,3.843,6.314,0.853,NaN,0.09,-0.055,0.994,0.032,0,0,0.602,3.824,6.354,0.812,2,0
449525,1.00000250312407e+18,63875743294016,0.002,1.428,0.007,0.036,-0.327,0.054,0.943,NaN,0.098,-0.05,0.994,0,0,0,63.85,NaN,0.099,-0.051,0.994,-0.032,0,0,0.604,3.815,6.314,0.852,NaN,0.098,-0.05,0.994,0.032,0,0,0.602,3.825,6.354,0.812,2,0
449526,1.00000250312913e+18,63875743294016,0.002,1.428,0.007,0.036,-0.327,0.054,0.943,NaN,0.105,-0.046,0.993,0,0,0,63.85,NaN,0.106,-0.047,0.993,-0.032,0,0,0.6,3.788,6.314,0.852,NaN,0.105,-0.046,0.993,0.032,0,0,0.602,3.826,6.354,0.812,2,0
449527,1.00000250313453e+18,63875743294028,0.002,1.428,0.006,0.036,-0.327,0.054,0.943,NaN,0.108,-0.04,0.993,0,0,0,63.85,NaN,0.109,-0.041,0.993,-0.032,0,0,0.598,3.778,6.314,0.852,NaN,0.108,-0.04,0.993,0.032,0,0,0.602,3.823,6.354,0.812,2,0
449528,1.0000025031395e+18,63875743294028,0.002,1.428,0.006,0.036,-0.327,0.054,0.943,NaN,0.11,-0.036,0.993,0,0,0,63.85,NaN,0.111,-0.036,0.993,-0.032,0,0,0.598,3.774,6.314,0.852,NaN,0.11,-0.036,0.993,0.032,0,0,0.601,3.821,6.354,0.812,2,0
449529,1.00000250314409e+18,63875743294038,0.002,1.428,0.006,0.035,-0.327,0.054,0.943,NaN,0.115,-0.036,0.993,0,0,0,63.85,NaN,0.116,-0.036,0.993,-0.032,0,0,0.597,3.772,6.314,0.852,NaN,0.115,-0.036,0.993,0.032,0,0,0.601,3.819,6.354,0.812,2,0
449530,1.00000250314908e+18,63875743294038,0.002,1.428,0.006,0.035,-0.327,0.054,0.943,NaN,0.119,-0.036,0.992,0,0,0,63.85,NaN,0.12,-0.036,0.992,-0.032,0,0,0.598,3.776,6.314,0.852,NaN,0.119,-0.036,0.992,0.032,0,0,0.601,3.816,6.354,0.813,2,0
449531,1.00000250315413e+18,63875743294050,0.002,1.428,0.006,0.035,-0.326,0.054,0.943,NaN,0.122,-0.036,0.992,0,0,0,63.85,NaN,0.123,-0.036,0.992,-0.032,0,0,0.598,3.774,6.314,0.852,NaN,0.122,-0.036,0.992,0.032,0,0,0.6,3.813,6.354,0.813,2,0
449532,1.00000250315917e+18,63875743294050,0.002,1.428,0.006,0.035,-0.326,0.054,0.943,NaN,0.125,-0.036,0.992,0,0,0,63.85,NaN,0.125,-0.036,0.991,-0.032,0,0,0.596,3.766,6.314,0.852,NaN,0.125,-0.036,0.992,0.032,0,0,0.6,3.811,6.354,0.813,2,0
449533,1.00000250316419e+18,63875743294050,0.002,1.428,0.006,0.035,-0.326,0.054,0.943,NaN,0.127,-0.036,0.991,0,0,0,63.85,NaN,0.127,-0.036,0.991,-0.032,0,0,0.599,3.779,6.314,0.852,NaN,0.127,-0.036,0.991,0.032,0,0,0.599,3.808,6.354,0.814,2,0
449534,1.00000250316921e+18,63875743294061,0.002,1.428,0.006,0.035,-0.326,0.054,0.943,NaN,0.128,-0.036,0.991,0,0,0,63.85,NaN,0.129,-0.037,0.991,-0.032,0,0,0.6,3.79,6.314,0.852,NaN,0.128,-0.036,0.991,0.032,0,0,0.599,3.806,6.354,0.814,2,0
449535,1.00000250317424e+18,63875743294061,0.002,1.428,0.006,0.035,-0.326,0.054,0.943,NaN,0.129,-0.037,0.991,0,0,0,63.85,NaN,0.13,-0.037,0.991,-0.032,0,0,0.601,3.795,6.314,0.852,NaN,0.129,-0.037,0.991,0.032,0,0,0.599,3.804,6.354,0.815,2,0
449536,1.00000250317928e+18,63875743294071,0.002,1.428,0.006,0.035,-0.326,0.054,0.943,NaN,0.13,-0.037,0.991,0,0,0,63.85,NaN,0.131,-0.037,0.991,-0.032,0,0,0.601,3.795,6.314,0.853,NaN,0.13,-0.037,0.991,0.032,0,0,0.598,3.802,6.354,0.815,2,0
449537,1.0000025031843e+18,63875743294071,0.002,1.428,0.006,0.035,-0.326,0.054,0.943,NaN,0.131,-0.037,0.991,0,0,0,63.85,NaN,0.131,-0.037,0.991,-0.032,0,0,0.6,3.788,6.314,0.853,NaN,0.131,-0.037,0.991,0.032,0,0,0.598,3.798,6.354,0.816,2,0
449538,1.00000250318934e+18,63875743294083,0.002,1.427,0.006,0.035,-0.326,0.053,0.943,NaN,0.131,-0.038,0.991,0,0,0,63.85,NaN,0.131,-0.038,0.991,-0.032,0,0,0.598,3.776,6.314,0.853,NaN,0.131,-0.038,0.991,0.032,0,0,0.597,3.794,6.354,0.816,2,0
449539,1.00000250319437e+18,63875743294083,0.002,1.427,0.006,0.035,-0.326,0.053,0.943,NaN,0.13,-0.036,0.991,0,0,0,63.85,NaN,0.13,-0.036,0.991,-0.032,0,0,0.598,3.775,6.314,0.854,NaN,0.13,-0.036,0.991,0.032,0,0,0.597,3.792,6.354,0.817,2,0
449540,1.00000250319941e+18,63875743294094,0.002,1.427,0.006,0.035,-0.325,0.053,0.943,NaN,0.128,-0.035,0.991,0,0,0,63.85,NaN,0.128,-0.036,0.991,-0.032,0,0,0.598,3.776,6.314,0.854,NaN,0.128,-0.035,0.991,0.032,0,0,0.597,3.79,6.354,0.818,2,0
449541,1.00000250320438e+18,63875743294094,0.002,1.427,0.006,0.035,-0.325,0.053,0.943,NaN,0.127,-0.035,0.991,0,0,0,63.85,NaN,0.127,-0.035,0.991,-0.032,0,0,0.598,3.778,6.314,0.855,NaN,0.127,-0.035,0.991,0.032,0,0,0.596,3.789,6.354,0.818,2,0
449542,1.00000250320928e+18,63875743294094,0.002,1.427,0.006,0.035,-0.325,0.053,0.943,NaN,0.126,-0.034,0.991,0,0,0,63.85,NaN,0.126,-0.034,0.991,-0.032,0,0,0.6,3.786,6.314,0.855,NaN,0.126,-0.034,0.991,0.032,0,0,0.596,3.788,6.354,0.819,2,0
449543,1.00000250321431e+18,63875743294105,0.002,1.427,0.006,0.035,-0.325,0.053,0.943,NaN,0.126,-0.033,0.992,0,0,0,63.85,NaN,0.126,-0.034,0.991,-0.032,0,0,0.601,3.794,6.314,0.856,NaN,0.126,-0.033,0.992,0.032,0,0,0.596,3.788,6.354,0.82,2,0.2550373
449544,1.00000250321937e+18,63875743294105,0.002,1.427,0.006,0.035,-0.325,0.053,0.943,NaN,0.125,-0.033,0.992,0,0,0,63.85,NaN,0.125,-0.033,0.992,-0.032,0,0,0.601,3.794,6.314,0.857,NaN,0.125,-0.033,0.992,0.032,0,0,0.596,3.786,6.354,0.821,2,0.2870699
449545,1.00000250322441e+18,63875743294116,0.002,1.427,0.006,0.035,-0.325,0.053,0.944,NaN,0.125,-0.032,0.992,0,0,0,63.85,NaN,0.125,-0.033,0.992,-0.032,0,0,0.601,3.795,6.314,0.858,NaN,0.125,-0.032,0.992,0.032,0,0,0.596,3.786,6.354,0.822,2,0.2849172
449546,1.00000250322945e+18,63875743294116,0.002,1.427,0.006,0.035,-0.325,0.053,0.944,NaN,0.124,-0.032,0.992,0,0,0,63.85,NaN,0.124,-0.032,0.992,-0.032,0,0,0.601,3.795,6.314,0.859,NaN,0.124,-0.032,0.992,0.032,0,0,0.596,3.785,6.354,0.822,2,0.5451403
449547,1.00000250323449e+18,63875743294127,0.002,1.427,0.007,0.034,-0.325,0.053,0.944,NaN,0.124,-0.032,0.992,0,0,0,63.85,NaN,0.124,-0.032,0.992,-0.032,0,0,0.601,3.796,6.314,0.859,NaN,0.124,-0.032,0.992,0.032,0,0,0.596,3.785,6.354,0.823,2,0.55585
449548,1.00000250323953e+18,63875743294127,0.002,1.427,0.007,0.034,-0.325,0.053,0.944,NaN,0.124,-0.031,0.992,0,0,0,63.85,NaN,0.124,-0.031,0.992,-0.032,0,0,0.601,3.797,6.314,0.86,NaN,0.124,-0.031,0.992,0.032,0,0,0.596,3.785,6.354,0.824,2,0.8453586
449549,1.00000250324457e+18,63875743294138,0.002,1.427,0.007,0.035,-0.325,0.053,0.944,NaN,0.124,-0.031,0.992,0,0,0,63.85,NaN,0.124,-0.031,0.992,-0.032,0,0,0.601,3.795,6.314,0.861,NaN,0.124,-0.031,0.992,0.032,0,0,0.596,3.784,6.354,0.825,2,0.8530821
449550,1.00000250324958e+18,63875743294138,0.002,1.427,0.007,0.035,-0.325,0.053,0.944,NaN,0.123,-0.03,0.992,0,0,0,63.85,NaN,0.123,-0.03,0.992,-0.032,0,0,0.601,3.793,6.314,0.862,NaN,0.123,-0.03,0.992,0.032,0,0,0.595,3.783,6.354,0.826,2,0.8651214
449551,1.00000250325439e+18,63875743294150,0.002,1.427,0.007,0.035,-0.324,0.053,0.944,NaN,0.123,-0.03,0.992,0,0,0,63.85,NaN,0.123,-0.03,0.992,-0.032,0,0,0.601,3.792,6.314,0.863,NaN,0.123,-0.03,0.992,0.032,0,0,0.595,3.783,6.354,0.827,2,0.8610774
449552,1.00000250325943e+18,63875743294150,0.002,1.427,0.007,0.035,-0.324,0.053,0.944,NaN,0.123,-0.03,0.992,0,0,0,63.85,NaN,0.123,-0.03,0.992,-0.032,0,0,0.601,3.792,6.314,0.864,NaN,0.123,-0.03,0.992,0.032,0,0,0.595,3.781,6.354,0.828,2,0.854276
449553,1.00000250326443e+18,63875743294150,0.002,1.427,0.007,0.035,-0.324,0.053,0.944,NaN,0.123,-0.03,0.992,0,0,0,63.85,NaN,0.123,-0.03,0.992,-0.032,0,0,0.601,3.792,6.314,0.865,NaN,0.123,-0.03,0.992,0.032,0,0,0.595,3.781,6.354,0.829,2,0.8550878
449554,1.00000250326943e+18,63875743294161,0.002,1.427,0.007,0.035,-0.324,0.052,0.944,NaN,0.123,-0.03,0.992,0,0,0,63.85,NaN,0.123,-0.03,0.992,-0.032,0,0,0.601,3.793,6.314,0.866,NaN,0.123,-0.03,0.992,0.032,0,0,0.595,3.78,6.354,0.829,2,0.848463
449555,1.00000250327446e+18,63875743294161,0.002,1.427,0.007,0.035,-0.324,0.052,0.944,NaN,0.122,-0.03,0.992,0,0,0,63.85,NaN,0.123,-0.03,0.992,-0.032,0,0,0.601,3.794,6.314,0.867,NaN,0.122,-0.03,0.992,0.032,0,0,0.595,3.778,6.354,0.83,2,0.8397956
449556,1.00000250327948e+18,63875743294172,0.002,1.427,0.007,0.035,-0.324,0.052,0.944,NaN,0.122,-0.03,0.992,0,0,0,63.85,NaN,0.122,-0.03,0.992,-0.032,0,0,0.601,3.794,6.314,0.867,NaN,0.122,-0.03,0.992,0.032,0,0,0.594,3.777,6.354,0.831,2,0.831023
449557,1.00000250328452e+18,63875743294172,0.002,1.427,0.007,0.035,-0.324,0.052,0.944,NaN,0.121,-0.03,0.992,0,0,0,63.85,NaN,0.121,-0.03,0.992,-0.032,0,0,0.601,3.793,6.314,0.868,NaN,0.121,-0.03,0.992,0.032,0,0,0.594,3.776,6.354,0.831,2,0.7430963
449558,1.00000250328955e+18,63875743294183,0.002,1.427,0.007,0.035,-0.324,0.052,0.944,NaN,0.118,-0.031,0.993,0,0,0,63.85,NaN,0.118,-0.031,0.993,-0.032,0,0,0.601,3.792,6.314,0.868,NaN,0.118,-0.031,0.993,0.032,0,0,0.595,3.781,6.354,0.831,2,0.5517894
449559,1.00000250329458e+18,63875743294183,0.002,1.427,0.007,0.035,-0.324,0.052,0.944,NaN,0.119,-0.031,0.992,0,0,0,63.85,NaN,0.119,-0.031,0.992,-0.032,0,0,0.605,3.82,6.314,0.868,NaN,0.119,-0.031,0.992,0.032,0,0,0.603,3.829,6.354,0.831,2,0
449560,1.00000250329961e+18,63875743294194,0.002,1.427,0.007,0.035,-0.324,0.052,0.944,NaN,0.12,-0.032,0.992,0,0,0,63.85,NaN,0.12,-0.032,0.992,-0.032,0,0,0.606,3.829,6.314,0.867,NaN,0.12,-0.032,0.992,0.032,0,0,0.601,3.82,6.354,0.831,2,0
449561,1.00000250330459e+18,63875743294194,0.002,1.427,0.007,0.035,-0.324,0.052,0.944,NaN,0.122,-0.031,0.992,0,0,0,63.85,NaN,0.122,-0.031,0.992,-0.032,0,0,0.597,3.771,6.314,0.866,NaN,0.122,-0.031,0.992,0.032,0,0,0.595,3.782,6.354,0.83,2,0
449562,1.00000250330952e+18,63875743294206,0.002,1.427,0.007,0.035,-0.323,0.052,0.944,NaN,0.137,-0.03,0.99,0,0,0,63.85,NaN,0.137,-0.03,0.99,-0.032,0,0,0.598,3.778,6.314,0.863,NaN,0.137,-0.03,0.99,0.032,0,0,0.593,3.766,6.354,0.83,2,0
449563,1.00000250331454e+18,63875743294216,0.002,1.427,0.007,0.036,-0.323,0.052,0.944,NaN,0.162,-0.024,0.986,0,0,0,63.85,NaN,0.162,-0.024,0.986,-0.032,0,0,0.616,3.887,6.314,0.857,NaN,0.162,-0.024,0.986,0.032,0,0,0.598,3.798,6.354,0.83,2,0
449564,1.00000250331957e+18,63875743294216,0.002,1.427,0.007,0.036,-0.323,0.052,0.944,NaN,0.187,-0.019,0.982,0,0,0,63.85,NaN,0.187,-0.019,0.982,-0.032,0,0,0.624,3.938,6.314,0.851,NaN,0.187,-0.019,0.982,0.032,0,0,0.599,3.805,6.354,0.83,2,0
449565,1.00000250332458e+18,63875743294227,0.002,1.428,0.007,0.036,-0.323,0.052,0.944,NaN,0.208,-0.015,0.978,0,0,0,63.85,NaN,0.208,-0.015,0.978,-0.032,0,0,0.624,3.938,6.314,0.843,NaN,0.208,-0.015,0.978,0.032,0,0,0.597,3.792,6.354,0.83,2,0
449566,1.0000025033296e+18,63875743294227,0.002,1.428,0.007,0.036,-0.323,0.052,0.944,NaN,0.226,-0.012,0.974,0,0,0,63.85,NaN,0.226,-0.012,0.974,-0.032,0,0,0.615,3.885,6.314,0.837,NaN,0.226,-0.012,0.974,0.032,0,0,0.592,3.76,6.354,0.829,2,0
449567,1.00000250333462e+18,63875743294227,0.002,1.428,0.007,0.036,-0.323,0.052,0.944,NaN,0.232,-0.009,0.973,0,0,0,63.85,NaN,0.232,-0.009,0.973,-0.032,0,0,0.612,3.863,6.314,0.832,NaN,0.232,-0.009,0.973,0.032,0,0,0.59,3.748,6.354,0.828,2,0
449568,1.0000025033396e+18,63875743294227,0.002,1.428,0.007,0.036,-0.323,0.052,0.944,NaN,0.237,-0.006,0.972,0,0,0,63.85,NaN,0.237,-0.006,0.972,-0.032,0,0,0.61,3.851,6.314,0.83,NaN,0.237,-0.006,0.972,0.032,0,0,0.589,3.745,6.354,0.828,2,0
449569,1.00000250334462e+18,63875743294238,0.002,1.428,0.007,0.036,-0.323,0.052,0.944,NaN,0.241,-0.003,0.971,0,0,0,63.85,NaN,0.241,-0.003,0.971,-0.032,0,0,0.609,3.846,6.314,0.828,NaN,0.241,-0.003,0.971,0.032,0,0,0.589,3.744,6.354,0.828,2,0
449570,1.00000250334963e+18,63875743294238,0.002,1.428,0.007,0.036,-0.323,0.052,0.944,NaN,0.244,-0.001,0.97,0,0,0,63.85,NaN,0.244,-0.001,0.97,-0.032,0,0,0.609,3.844,6.314,0.826,NaN,0.244,-0.001,0.97,0.032,0,0,0.589,3.744,6.354,0.827,2,0
449571,1.00000250335464e+18,63875743294250,0.002,1.428,0.007,0.037,-0.323,0.052,0.944,NaN,0.246,0.002,0.969,0,0,0,63.85,NaN,0.246,0.002,0.969,-0.032,0,0,0.609,3.843,6.314,0.826,NaN,0.246,0.002,0.969,0.032,0,0,0.589,3.743,6.354,0.827,2,0
449572,1.00000250335966e+18,63875743294250,0.002,1.428,0.007,0.037,-0.323,0.052,0.944,NaN,0.247,0.005,0.969,0,0,0,63.85,NaN,0.247,0.005,0.969,-0.032,0,0,0.609,3.842,6.314,0.826,NaN,0.247,0.005,0.969,0.032,0,0,0.589,3.742,6.354,0.828,2,0
449573,1.00000250336468e+18,63875743294250,0.002,1.428,0.007,0.037,-0.323,0.052,0.944,NaN,0.248,0.007,0.969,0,0,0,63.85,NaN,0.248,0.007,0.969,-0.032,0,0,0.609,3.842,6.314,0.826,NaN,0.248,0.007,0.969,0.032,0,0,0.589,3.741,6.354,0.828,2,0
449574,1.0000025033697e+18,63875743294261,0.002,1.428,0.007,0.037,-0.323,0.052,0.944,NaN,0.248,0.009,0.969,0,0,0,63.85,NaN,0.248,0.009,0.969,-0.032,0,0,0.609,3.843,6.314,0.826,NaN,0.248,0.009,0.969,0.032,0,0,0.589,3.74,6.354,0.828,2,0
449575,1.0000025033747e+18,63875743294261,0.002,1.428,0.007,0.037,-0.323,0.052,0.944,NaN,0.249,0.01,0.968,0,0,0,63.85,NaN,0.249,0.01,0.968,-0.032,0,0,0.609,3.843,6.314,0.827,NaN,0.249,0.01,0.968,0.032,0,0,0.589,3.74,6.354,0.829,2,0
449576,1.00000250337972e+18,63875743294272,0.002,1.428,0.007,0.038,-0.323,0.052,0.944,NaN,0.25,0.011,0.968,0,0,0,63.85,NaN,0.25,0.011,0.968,-0.032,0,0,0.609,3.843,6.314,0.827,NaN,0.25,0.011,0.968,0.032,0,0,0.589,3.741,6.354,0.831,2,0
449577,1.00000250338473e+18,63875743294272,0.002,1.428,0.007,0.038,-0.323,0.052,0.944,NaN,0.25,0.012,0.968,0,0,0,63.85,NaN,0.25,0.012,0.968,-0.032,0,0,0.609,3.844,6.314,0.827,NaN,0.25,0.012,0.968,0.032,0,0,0.589,3.743,6.354,0.833,2,0
449578,1.00000250338971e+18,63875743294283,0.003,1.428,0.007,0.038,-0.323,0.052,0.944,NaN,0.25,0.013,0.968,0,0,0,63.85,NaN,0.25,0.013,0.968,-0.032,0,0,0.609,3.845,6.314,0.827,NaN,0.25,0.013,0.968,0.032,0,0,0.589,3.743,6.354,0.836,2,0
449579,1.00000250339473e+18,63875743294283,0.003,1.428,0.007,0.038,-0.323,0.052,0.944,NaN,0.251,0.013,0.968,0,0,0,63.85,NaN,0.251,0.013,0.968,-0.032,0,0,0.609,3.846,6.314,0.828,NaN,0.251,0.013,0.968,0.032,0,0,0.589,3.744,6.354,0.838,2,0
449580,1.00000250339984e+18,63875743294294,0.003,1.428,0.007,0.038,-0.323,0.052,0.944,NaN,0.251,0.014,0.968,0,0,0,63.85,NaN,0.251,0.014,0.968,-0.032,0,0,0.609,3.847,6.314,0.828,NaN,0.251,0.014,0.968,0.032,0,0,0.59,3.746,6.354,0.841,2,0
449581,1.00000250340483e+18,63875743294294,0.003,1.428,0.007,0.038,-0.323,0.052,0.944,NaN,0.251,0.014,0.968,0,0,0,63.85,NaN,0.251,0.014,0.968,-0.032,0,0,0.609,3.847,6.314,0.828,NaN,0.251,0.014,0.968,0.032,0,0,0.591,3.753,6.354,0.844,2,0
449582,1.00000250340977e+18,63875743294305,0.003,1.429,0.007,0.039,-0.323,0.052,0.944,NaN,0.251,0.015,0.968,0,0,0,63.85,NaN,0.251,0.015,0.968,-0.032,0,0,0.609,3.847,6.314,0.829,NaN,0.251,0.015,0.968,0.032,0,0,0.591,3.757,6.354,0.846,2,0.1912138
449583,1.00000250341478e+18,63875743294305,0.003,1.429,0.007,0.039,-0.323,0.052,0.944,NaN,0.251,0.015,0.968,0,0,0,63.85,NaN,0.251,0.015,0.968,-0.032,0,0,0.609,3.848,6.314,0.829,NaN,0.251,0.015,0.968,0.032,0,0,0.592,3.763,6.354,0.849,2,0.3780655
449584,1.00000250341983e+18,63875743294305,0.003,1.429,0.007,0.039,-0.323,0.052,0.944,NaN,0.25,0.015,0.968,0,0,0,63.85,NaN,0.25,0.015,0.968,-0.032,0,0,0.61,3.848,6.314,0.83,NaN,0.25,0.015,0.968,0.032,0,0,0.593,3.765,6.354,0.851,2,0.4459319
449585,1.00000250342483e+18,63875743294317,0.003,1.429,0.008,0.039,-0.323,0.052,0.944,NaN,0.25,0.015,0.968,0,0,0,63.85,NaN,0.25,0.015,0.968,-0.032,0,0,0.61,3.849,6.314,0.832,NaN,0.25,0.015,0.968,0.032,0,0,0.592,3.764,6.354,0.853,2,0.5603219
449586,1.00000250342985e+18,63875743294317,0.003,1.429,0.008,0.039,-0.323,0.052,0.944,NaN,0.25,0.016,0.968,0,0,0,63.85,NaN,0.25,0.016,0.968,-0.032,0,0,0.61,3.85,6.314,0.833,NaN,0.25,0.016,0.968,0.032,0,0,0.592,3.764,6.354,0.855,2,0.8627049
449587,1.00000250343485e+18,63875743294327,0.003,1.429,0.008,0.039,-0.324,0.052,0.944,NaN,0.25,0.015,0.968,0,0,0,63.85,NaN,0.25,0.015,0.968,-0.032,0,0,0.61,3.85,6.314,0.833,NaN,0.25,0.015,0.968,0.032,0,0,0.592,3.763,6.354,0.858,2,0.924926
449588,1.00000250343986e+18,63875743294327,0.003,1.429,0.008,0.039,-0.324,0.052,0.944,NaN,0.25,0.015,0.968,0,0,0,63.85,NaN,0.25,0.015,0.968,-0.032,0,0,0.61,3.851,6.314,0.835,NaN,0.25,0.015,0.968,0.032,0,0,0.592,3.762,6.354,0.859,2,0.9477835
449589,1.00000250344486e+18,63875743294339,0.003,1.429,0.008,0.04,-0.324,0.052,0.944,NaN,0.25,0.015,0.968,0,0,0,63.85,NaN,0.25,0.015,0.968,-0.032,0,0,0.611,3.858,6.314,0.836,NaN,0.25,0.015,0.968,0.032,0,0,0.592,3.761,6.354,0.861,2,0.9836894
449590,1.00000250344986e+18,63875743294339,0.003,1.429,0.008,0.04,-0.324,0.052,0.944,NaN,0.249,0.015,0.968,0,0,0,63.85,NaN,0.249,0.015,0.968,-0.032,0,0,0.612,3.861,6.314,0.836,NaN,0.249,0.015,0.968,0.032,0,0,0.592,3.759,6.354,0.863,2,1
449591,1.00000250345486e+18,63875743294350,0.003,1.429,0.008,0.04,-0.324,0.052,0.944,NaN,0.249,0.015,0.968,0,0,0,63.85,NaN,0.249,0.015,0.968,-0.032,0,0,0.612,3.862,6.314,0.838,NaN,0.249,0.015,0.968,0.032,0,0,0.591,3.757,6.354,0.865,2,1
449592,1.00000250345986e+18,63875743294350,0.003,1.429,0.008,0.04,-0.324,0.052,0.944,NaN,0.249,0.015,0.968,0,0,0,63.85,NaN,0.249,0.015,0.968,-0.032,0,0,0.612,3.863,6.314,0.839,NaN,0.249,0.015,0.968,0.032,0,0,0.591,3.754,6.354,0.866,2,1
449593,1.00000250346491e+18,63875743294350,0.003,1.429,0.008,0.04,-0.324,0.052,0.944,NaN,0.261,0.015,0.965,0,0,0,63.85,NaN,0.261,0.015,0.965,-0.032,0,0,0.612,3.863,6.314,0.841,NaN,0.261,0.015,0.965,0.032,0,0,0.59,3.747,6.354,0.868,2,0.05164596
449594,1.00000250346991e+18,63875743294361,0.003,1.429,0.008,0.04,-0.324,0.051,0.944,NaN,0.272,0.014,0.962,0,0,0,63.85,NaN,0.272,0.014,0.962,-0.032,0,0,0.612,3.863,6.314,0.842,NaN,0.272,0.014,0.962,0.032,0,0,0.589,3.74,6.354,0.869,2,0.05961423
449595,1.00000250347493e+18,63875743294361,0.003,1.429,0.008,0.04,-0.324,0.051,0.944,NaN,0.283,0.014,0.959,0,0,0,63.85,NaN,0.283,0.014,0.959,-0.032,0,0,0.612,3.863,6.314,0.843,NaN,0.283,0.014,0.959,0.032,0,0,0.587,3.731,6.354,0.87,2,0.07543601
449596,1.00000250347992e+18,63875743294372,0.003,1.429,0.008,0.041,-0.324,0.051,0.944,NaN,0.291,0.014,0.957,0,0,0,63.85,NaN,0.291,0.014,0.957,-0.032,0,0,0.612,3.862,6.314,0.844,NaN,0.291,0.014,0.957,0.032,0,0,0.586,3.724,6.354,0.872,2,0.07218439
449597,1.00000250348498e+18,63875743294372,0.003,1.429,0.008,0.041,-0.324,0.051,0.944,NaN,0.298,0.014,0.955,0,0,0,63.85,NaN,0.298,0.014,0.955,-0.032,0,0,0.612,3.862,6.314,0.845,NaN,0.298,0.014,0.955,0.032,0,0,0.585,3.715,6.354,0.873,2,0.06855046
449598,1.00000250348998e+18,63875743294383,0.003,1.429,0.008,0.041,-0.324,0.051,0.944,NaN,0.303,0.013,0.953,0,0,0,63.85,NaN,0.303,0.013,0.953,-0.032,0,0,0.612,3.862,6.314,0.846,NaN,0.303,0.013,0.953,0.032,0,0,0.584,3.709,6.354,0.874,2,0.07063843
449599,1.00000250349497e+18,63875743294383,0.003,1.429,0.008,0.041,-0.324,0.051,0.944,NaN,0.299,0.015,0.954,0,0,0,63.85,NaN,0.299,0.015,0.954,-0.032,0,0,0.612,3.864,6.314,0.847,NaN,0.299,0.015,0.954,0.032,0,0,0.583,3.706,6.354,0.875,2,0
449600,1.0000025035e+18,63875743294394,0.003,1.43,0.008,0.041,-0.324,0.051,0.944,NaN,0.296,0.017,0.955,0,0,0,63.85,NaN,0.296,0.017,0.955,-0.032,0,0,0.614,3.876,6.314,0.848,NaN,0.296,0.017,0.955,0.032,0,0,0.583,3.703,6.354,0.876,2,0
449601,1.000002503505e+18,63875743294394,0.003,1.43,0.008,0.041,-0.324,0.051,0.944,NaN,0.301,0.016,0.954,0,0,0,63.85,NaN,0.301,0.016,0.954,-0.032,0,0,0.615,3.882,6.314,0.848,NaN,0.301,0.016,0.954,0.032,0,0,0.583,3.703,6.354,0.877,2,0
449602,1.00000250350999e+18,63875743294406,0.003,1.43,0.008,0.041,-0.324,0.051,0.944,NaN,0.304,0.016,0.952,0,0,0,63.85,NaN,0.304,0.016,0.952,-0.032,0,0,0.615,3.886,6.314,0.849,NaN,0.304,0.016,0.952,0.032,0,0,0.583,3.702,6.354,0.878,2,0
449603,1.00000250351499e+18,63875743294406,0.003,1.43,0.008,0.041,-0.324,0.051,0.944,NaN,0.307,0.016,0.952,0,0,0,63.85,NaN,0.307,0.016,0.952,-0.032,0,0,0.616,3.888,6.314,0.85,NaN,0.307,0.016,0.952,0.032,0,0,0.583,3.702,6.354,0.879,2,0
449604,1.00000250352005e+18,63875743294406,0.003,1.43,0.008,0.041,-0.324,0.051,0.944,NaN,0.303,0.017,0.953,0,0,0,63.85,NaN,0.303,0.017,0.953,-0.032,0,0,0.616,3.889,6.314,0.851,NaN,0.303,0.017,0.953,0.032,0,0,0.583,3.702,6.354,0.88,2,0
449605,1.00000250352505e+18,63875743294417,0.003,1.43,0.008,0.041,-0.324,0.051,0.944,NaN,0.306,0.017,0.952,0,0,0,63.85,NaN,0.306,0.017,0.952,-0.032,0,0,0.616,3.887,6.314,0.852,NaN,0.306,0.017,0.952,0.032,0,0,0.583,3.702,6.354,0.88,2,0
449606,1.00000250353005e+18,63875743294417,0.003,1.43,0.008,0.041,-0.324,0.051,0.944,NaN,0.308,0.017,0.951,0,0,0,63.85,NaN,0.308,0.017,0.951,-0.032,0,0,0.615,3.885,6.314,0.853,NaN,0.308,0.017,0.951,0.032,0,0,0.583,3.702,6.354,0.881,2,0
449607,1.00000250353506e+18,63875743294428,0.003,1.43,0.008,0.041,-0.325,0.051,0.944,NaN,0.309,0.017,0.951,0,0,0,63.85,NaN,0.309,0.017,0.951,-0.032,0,0,0.615,3.886,6.314,0.854,NaN,0.309,0.017,0.951,0.032,0,0,0.583,3.703,6.354,0.881,2,0
449608,1.00000250354008e+18,63875743294428,0.003,1.43,0.008,0.041,-0.325,0.051,0.944,NaN,0.306,0.019,0.952,0,0,0,63.85,NaN,0.306,0.019,0.952,-0.032,0,0,0.617,3.893,6.314,0.854,NaN,0.306,0.019,0.952,0.032,0,0,0.583,3.703,6.354,0.882,2,0
449609,1.00000250354508e+18,63875743294438,0.003,1.43,0.008,0.041,-0.325,0.051,0.944,NaN,0.303,0.021,0.953,0,0,0,63.85,NaN,0.303,0.021,0.953,-0.032,0,0,0.617,3.897,6.314,0.855,NaN,0.303,0.021,0.953,0.032,0,0,0.583,3.703,6.354,0.882,2,0
449610,1.00000250355008e+18,63875743294438,0.003,1.43,0.008,0.041,-0.325,0.051,0.944,NaN,0.305,0.02,0.952,0,0,0,63.85,NaN,0.305,0.02,0.952,-0.032,0,0,0.617,3.899,6.314,0.855,NaN,0.305,0.02,0.952,0.032,0,0,0.583,3.703,6.354,0.883,2,0
449611,1.00000250355508e+18,63875743294450,0.003,1.43,0.008,0.042,-0.325,0.051,0.944,NaN,0.307,0.02,0.952,0,0,0,63.85,NaN,0.307,0.02,0.952,-0.032,0,0,0.617,3.899,6.314,0.855,NaN,0.307,0.02,0.952,0.032,0,0,0.583,3.703,6.354,0.883,2,0
449612,1.00000250356014e+18,63875743294450,0.003,1.43,0.008,0.042,-0.325,0.051,0.944,NaN,0.303,0.024,0.953,0,0,0,63.85,NaN,0.303,0.024,0.953,-0.032,0,0,0.618,3.901,6.314,0.856,NaN,0.303,0.024,0.953,0.032,0,0,0.583,3.704,6.354,0.884,2,0
449613,1.00000250356514e+18,63875743294461,0.003,1.43,0.008,0.042,-0.325,0.051,0.943,NaN,0.297,0.028,0.954,0,0,0,63.85,NaN,0.297,0.028,0.954,-0.032,0,0,0.617,3.895,6.314,0.857,NaN,0.297,0.028,0.954,0.032,0,0,0.584,3.711,6.354,0.884,2,0
449614,1.00000250357015e+18,63875743294461,0.003,1.43,0.008,0.042,-0.325,0.051,0.943,NaN,0.295,0.024,0.955,0,0,0,63.85,NaN,0.295,0.024,0.955,-0.032,0,0,0.608,3.838,6.314,0.858,NaN,0.295,0.024,0.955,0.032,0,0,0.593,3.768,6.354,0.885,2,0
449615,1.00000250357518e+18,63875743294461,0.003,1.43,0.008,0.042,-0.325,0.051,0.943,NaN,0.281,0.021,0.96,0,0,0,63.85,NaN,0.281,0.021,0.96,-0.032,0,0,0.604,3.814,6.314,0.86,NaN,0.281,0.021,0.96,0.032,0,0,0.596,3.786,6.354,0.886,2,0
449616,1.00000250358018e+18,63875743294472,0.003,1.43,0.008,0.042,-0.325,0.051,0.943,NaN,0.257,0.011,0.966,0,0,0,63.85,NaN,0.257,0.011,0.966,-0.032,0,0,0.611,3.855,6.314,0.863,NaN,0.257,0.011,0.966,0.032,0,0,0.598,3.798,6.354,0.887,2,0
449617,1.0000025035852e+18,63875743294472,0.003,1.43,0.008,0.042,-0.325,0.051,0.943,NaN,0.221,-0.006,0.975,0,0,0,63.85,NaN,0.221,-0.006,0.975,-0.032,0,0,0.613,3.872,6.314,0.867,NaN,0.221,-0.006,0.975,0.032,0,0,0.599,3.807,6.354,0.888,2,0
449618,1.00000250359021e+18,63875743294483,0.003,1.43,0.007,0.042,-0.325,0.051,0.943,NaN,0.192,-0.025,0.981,0,0,0,63.85,NaN,0.192,-0.025,0.981,-0.032,0,0,0.613,3.873,6.314,0.873,NaN,0.192,-0.025,0.981,0.032,0,0,0.6,3.815,6.354,0.889,2,0
449619,1.00000250359521e+18,63875743294483,0.003,1.43,0.007,0.042,-0.325,0.051,0.943,NaN,0.163,-0.044,0.986,0,0,0,63.85,NaN,0.163,-0.044,0.986,-0.032,0,0,0.614,3.88,6.314,0.878,NaN,0.163,-0.044,0.986,0.032,0,0,0.6,3.81,6.354,0.89,2,0
449620,1.00000250360027e+18,63875743294495,0.003,1.43,0.007,0.042,-0.325,0.05,0.943,NaN,0.141,-0.062,0.988,0,0,0,63.85,NaN,0.141,-0.062,0.988,-0.032,0,0,0.614,3.877,6.314,0.884,NaN,0.141,-0.062,0.988,0.032,0,0,0.597,3.795,6.354,0.891,2,0
449621,1.00000250360525e+18,63875743294495,0.003,1.43,0.007,0.042,-0.325,0.05,0.943,NaN,0.122,-0.075,0.99,0,0,0,63.85,NaN,0.122,-0.075,0.99,-0.032,0,0,0.613,3.867,6.314,0.888,NaN,0.122,-0.075,0.99,0.032,0,0,0.597,3.791,6.354,0.892,2,0
449622,1.00000250361025e+18,63875743294505,0.003,1.431,0.007,0.042,-0.325,0.05,0.943,NaN,0.109,-0.084,0.991,0,0,0,63.85,NaN,0.109,-0.084,0.991,-0.032,0,0,0.612,3.863,6.314,0.891,NaN,0.109,-0.084,0.991,0.032,0,0,0.596,3.79,6.354,0.892,2,0
449623,1.00000250361526e+18,63875743294506,0.003,1.431,0.007,0.042,-0.325,0.05,0.943,NaN,0.097,-0.089,0.991,0,0,0,63.85,NaN,0.097,-0.089,0.991,-0.032,0,0,0.612,3.863,6.314,0.895,NaN,0.097,-0.089,0.991,0.032,0,0,0.596,3.788,6.354,0.893,2,0
449624,1.00000250362028e+18,63875743294506,0.003,1.431,0.007,0.042,-0.325,0.05,0.943,NaN,0.092,-0.094,0.991,0,0,0,63.85,NaN,0.092,-0.094,0.991,-0.032,0,0,0.612,3.863,6.314,0.898,NaN,0.092,-0.094,0.991,0.032,0,0,0.596,3.786,6.354,0.893,2,0
449625,1.00000250362528e+18,63875743294517,0.003,1.431,0.007,0.042,-0.325,0.05,0.943,NaN,0.086,-0.095,0.992,0,0,0,63.85,NaN,0.086,-0.095,0.992,-0.032,0,0,0.613,3.869,6.314,0.9,NaN,0.086,-0.095,0.992,0.032,0,0,0.596,3.786,6.354,0.894,2,0
449626,1.0000025036303e+18,63875743294517,0.003,1.431,0.007,0.042,-0.325,0.05,0.943,NaN,0.083,-0.098,0.992,0,0,0,63.85,NaN,0.083,-0.098,0.992,-0.032,0,0,0.615,3.882,6.314,0.902,NaN,0.083,-0.098,0.992,0.032,0,0,0.596,3.786,6.354,0.894,2,0
449627,1.00000250363531e+18,63875743294528,0.003,1.431,0.007,0.042,-0.325,0.05,0.943,NaN,0.084,-0.103,0.991,0,0,0,63.85,NaN,0.084,-0.103,0.991,-0.032,0,0,0.616,3.887,6.314,0.904,NaN,0.084,-0.103,0.991,0.032,0,0,0.596,3.785,6.354,0.894,2,0
449628,1.00000250364046e+18,63875743294528,0.003,1.431,0.007,0.042,-0.325,0.05,0.943,NaN,0.082,-0.104,0.991,0,0,0,63.85,NaN,0.082,-0.104,0.991,-0.032,0,0,0.616,3.891,6.314,0.905,NaN,0.082,-0.104,0.991,0.032,0,0,0.596,3.784,6.354,0.894,2,0
449629,1.00000250364547e+18,63875743294538,0.003,1.431,0.007,0.042,-0.325,0.05,0.943,NaN,0.08,-0.106,0.991,0,0,0,63.85,NaN,0.08,-0.106,0.991,-0.032,0,0,0.618,3.9,6.314,0.906,NaN,0.08,-0.106,0.991,0.032,0,0,0.596,3.784,6.354,0.895,2,0
449630,1.00000250365039e+18,63875743294538,0.003,1.431,0.007,0.042,-0.325,0.05,0.943,NaN,0.079,-0.107,0.991,0,0,0,63.85,NaN,0.079,-0.107,0.991,-0.032,0,0,0.618,3.905,6.314,0.908,NaN,0.079,-0.107,0.991,0.032,0,0,0.596,3.784,6.354,0.895,2,0
449631,1.00000250365536e+18,63875743294548,0.003,1.431,0.007,0.042,-0.325,0.05,0.943,NaN,0.079,-0.107,0.991,0,0,0,63.85,NaN,0.079,-0.107,0.991,-0.032,0,0,0.619,3.906,6.314,0.908,NaN,0.079,-0.107,0.991,0.032,0,0,0.596,3.784,6.354,0.895,2,0
449632,1.00000250366037e+18,63875743294548,0.003,1.431,0.007,0.042,-0.325,0.05,0.943,NaN,0.078,-0.108,0.991,0,0,0,63.85,NaN,0.078,-0.108,0.991,-0.032,0,0,0.62,3.913,6.314,0.909,NaN,0.078,-0.108,0.991,0.032,0,0,0.596,3.784,6.354,0.895,2,0
449633,1.00000250366538e+18,63875743294560,0.003,1.431,0.007,0.042,-0.325,0.05,0.943,NaN,0.078,-0.109,0.991,0,0,0,63.85,NaN,0.078,-0.109,0.991,-0.032,0,0,0.62,3.917,6.314,0.91,NaN,0.078,-0.109,0.991,0.032,0,0,0.595,3.783,6.354,0.895,2,0
449634,1.00000250367042e+18,63875743294560,0.003,1.431,0.007,0.042,-0.325,0.05,0.943,NaN,0.079,-0.11,0.991,0,0,0,63.85,NaN,0.079,-0.11,0.991,-0.032,0,0,0.621,3.918,6.314,0.91,NaN,0.079,-0.11,0.991,0.032,0,0,0.595,3.782,6.354,0.895,2,0
449635,1.00000250367543e+18,63875743294572,0.003,1.431,0.007,0.042,-0.326,0.05,0.943,NaN,0.079,-0.111,0.991,0,0,0,63.85,NaN,0.079,-0.111,0.991,-0.032,0,0,0.621,3.919,6.314,0.911,NaN,0.079,-0.111,0.991,0.032,0,0,0.595,3.782,6.354,0.895,2,0
449636,1.00000250368044e+18,63875743294572,0.003,1.431,0.007,0.042,-0.326,0.05,0.943,NaN,0.079,-0.11,0.991,0,0,0,63.85,NaN,0.079,-0.11,0.991,-0.032,0,0,0.621,3.923,6.314,0.911,NaN,0.079,-0.11,0.991,0.032,0,0,0.595,3.781,6.354,0.895,2,0
449637,1.00000250368545e+18,63875743294572,0.003,1.431,0.007,0.042,-0.326,0.05,0.943,NaN,0.079,-0.111,0.991,0,0,0,63.85,NaN,0.079,-0.111,0.991,-0.032,0,0,0.622,3.926,6.314,0.911,NaN,0.079,-0.111,0.991,0.032,0,0,0.595,3.78,6.354,0.895,2,0
449638,1.00000250369046e+18,63875743294583,0.003,1.431,0.007,0.042,-0.326,0.05,0.943,NaN,0.079,-0.112,0.991,0,0,0,63.85,NaN,0.079,-0.112,0.991,-0.032,0,0,0.622,3.927,6.314,0.911,NaN,0.079,-0.112,0.991,0.032,0,0,0.595,3.779,6.354,0.895,2,0
449639,1.00000250369547e+18,63875743294584,0.003,1.431,0.007,0.042,-0.326,0.05,0.943,NaN,0.079,-0.113,0.991,0,0,0,63.85,NaN,0.079,-0.113,0.991,-0.032,0,0,0.622,3.928,6.314,0.912,NaN,0.079,-0.113,0.991,0.032,0,0,0.595,3.779,6.354,0.895,2,0
449640,1.00000250370048e+18,63875743294594,0.003,1.431,0.007,0.042,-0.326,0.05,0.943,NaN,0.079,-0.113,0.991,0,0,0,63.85,NaN,0.079,-0.113,0.991,-0.032,0,0,0.622,3.928,6.314,0.912,NaN,0.079,-0.113,0.991,0.032,0,0,0.595,3.779,6.354,0.895,2,0
449641,1.00000250370549e+18,63875743294594,0.003,1.431,0.007,0.042,-0.326,0.05,0.943,NaN,0.079,-0.113,0.99,0,0,0,63.85,NaN,0.079,-0.113,0.99,-0.032,0,0,0.622,3.928,6.314,0.912,NaN,0.079,-0.113,0.99,0.032,0,0,0.595,3.779,6.354,0.895,2,0
449642,1.0000025037105e+18,63875743294605,0.003,1.431,0.007,0.042,-0.326,0.05,0.943,NaN,0.079,-0.114,0.99,0,0,0,63.85,NaN,0.079,-0.114,0.99,-0.032,0,0,0.622,3.93,6.314,0.912,NaN,0.079,-0.114,0.99,0.032,0,0,0.595,3.779,6.354,0.895,2,0.1551358
449643,1.00000250371558e+18,63875743294605,0.003,1.431,0.007,0.042,-0.326,0.05,0.943,NaN,0.079,-0.114,0.99,0,0,0,63.85,NaN,0.079,-0.114,0.99,-0.032,0,0,0.623,3.931,6.314,0.913,NaN,0.079,-0.114,0.99,0.032,0,0,0.595,3.779,6.354,0.895,2,0.2485593
449644,1.00000250372056e+18,63875743294616,0.003,1.431,0.007,0.042,-0.326,0.05,0.943,NaN,0.079,-0.114,0.99,0,0,0,63.85,NaN,0.079,-0.114,0.99,-0.032,0,0,0.623,3.933,6.314,0.913,NaN,0.079,-0.114,0.99,0.032,0,0,0.595,3.779,6.354,0.895,2,0.3451219
449645,1.00000250372554e+18,63875743294616,0.003,1.431,0.007,0.042,-0.326,0.05,0.943,NaN,0.08,-0.114,0.99,0,0,0,63.85,NaN,0.08,-0.114,0.99,-0.032,0,0,0.623,3.934,6.314,0.913,NaN,0.08,-0.114,0.99,0.032,0,0,0.595,3.779,6.354,0.895,2,0.4206497
449646,1.00000250373055e+18,63875743294616,0.003,1.431,0.007,0.042,-0.326,0.05,0.943,NaN,0.08,-0.114,0.99,0,0,0,63.85,NaN,0.08,-0.114,0.99,-0.032,0,0,0.623,3.935,6.314,0.913,NaN,0.08,-0.114,0.99,0.032,0,0,0.595,3.779,6.354,0.895,2,0.5421838
449647,1.00000250373556e+18,63875743294626,0.003,1.431,0.007,0.042,-0.326,0.05,0.943,NaN,0.08,-0.114,0.99,0,0,0,63.85,NaN,0.08,-0.114,0.99,-0.032,0,0,0.623,3.935,6.314,0.913,NaN,0.08,-0.114,0.99,0.032,0,0,0.595,3.779,6.354,0.895,2,0.6744724
449648,1.0000025037406e+18,63875743294626,0.003,1.431,0.007,0.042,-0.326,0.05,0.943,NaN,0.08,-0.114,0.99,0,0,0,63.85,NaN,0.08,-0.114,0.99,-0.032,0,0,0.623,3.935,6.314,0.914,NaN,0.08,-0.114,0.99,0.032,0,0,0.595,3.779,6.354,0.895,2,0.6750532
449649,1.00000250374561e+18,63875743294638,0.003,1.431,0.007,0.042,-0.326,0.05,0.943,NaN,0.08,-0.113,0.99,0,0,0,63.85,NaN,0.08,-0.113,0.99,-0.032,0,0,0.623,3.936,6.314,0.914,NaN,0.08,-0.113,0.99,0.032,0,0,0.595,3.78,6.354,0.895,2,0.6736978
449650,1.0000025037506e+18,63875743294638,0.003,1.431,0.007,0.042,-0.326,0.05,0.943,NaN,0.08,-0.113,0.99,0,0,0,63.85,NaN,0.08,-0.113,0.99,-0.032,0,0,0.623,3.936,6.314,0.914,NaN,0.08,-0.113,0.99,0.032,0,0,0.595,3.781,6.354,0.895,2,0.6676084
449651,1.00000250375561e+18,63875743294649,0.003,1.431,0.007,0.042,-0.326,0.05,0.943,NaN,0.08,-0.113,0.99,0,0,0,63.85,NaN,0.08,-0.113,0.99,-0.032,0,0,0.624,3.937,6.314,0.914,NaN,0.08,-0.113,0.99,0.032,0,0,0.595,3.783,6.354,0.895,2,0.6749585
449652,1.00000250376065e+18,63875743294649,0.003,1.431,0.007,0.042,-0.326,0.05,0.943,NaN,0.081,-0.113,0.99,0,0,0,63.85,NaN,0.081,-0.113,0.99,-0.032,0,0,0.624,3.937,6.314,0.914,NaN,0.081,-0.113,0.99,0.032,0,0,0.595,3.783,6.354,0.895,2,0.6865649
449653,1.00000250376566e+18,63875743294660,0.003,1.431,0.007,0.041,-0.326,0.05,0.943,NaN,0.081,-0.113,0.99,0,0,0,63.85,NaN,0.081,-0.113,0.99,-0.032,0,0,0.624,3.937,6.314,0.914,NaN,0.081,-0.113,0.99,0.032,0,0,0.595,3.783,6.354,0.895,2,0.6901538
449654,1.00000250377067e+18,63875743294660,0.003,1.431,0.007,0.041,-0.326,0.05,0.943,NaN,0.081,-0.113,0.99,0,0,0,63.85,NaN,0.081,-0.113,0.99,-0.032,0,0,0.623,3.936,6.314,0.914,NaN,0.081,-0.113,0.99,0.032,0,0,0.595,3.783,6.354,0.895,2,0.6934985
449655,1.00000250377568e+18,63875743294672,0.003,1.431,0.007,0.041,-0.326,0.051,0.943,NaN,0.081,-0.113,0.99,0,0,0,63.85,NaN,0.081,-0.113,0.99,-0.032,0,0,0.623,3.936,6.314,0.914,NaN,0.081,-0.113,0.99,0.032,0,0,0.595,3.783,6.354,0.895,2,0.668738
449656,1.00000250378069e+18,63875743294672,0.003,1.431,0.007,0.041,-0.326,0.051,0.943,NaN,0.081,-0.113,0.99,0,0,0,63.85,NaN,0.081,-0.113,0.99,-0.032,0,0,0.623,3.936,6.314,0.914,NaN,0.081,-0.113,0.99,0.032,0,0,0.595,3.783,6.354,0.895,2,0.7310224
449657,1.00000250378569e+18,63875743294672,0.003,1.431,0.007,0.041,-0.326,0.051,0.943,NaN,0.081,-0.114,0.99,0,0,0,63.85,NaN,0.081,-0.114,0.99,-0.032,0,0,0.623,3.936,6.314,0.914,NaN,0.081,-0.114,0.99,0.032,0,0,0.595,3.783,6.354,0.895,2,0.7375749
449658,1.0000025037907e+18,63875743294682,0.003,1.431,0.007,0.041,-0.326,0.051,0.943,NaN,0.081,-0.113,0.99,0,0,0,63.85,NaN,0.081,-0.113,0.99,-0.032,0,0,0.623,3.936,6.314,0.913,NaN,0.081,-0.113,0.99,0.032,0,0,0.595,3.783,6.354,0.895,2,0.6624343
449659,1.00000250379574e+18,63875743294682,0.003,1.431,0.007,0.041,-0.326,0.051,0.943,NaN,0.081,-0.114,0.99,0,0,0,63.85,NaN,0.081,-0.114,0.99,-0.032,0,0,0.623,3.934,6.314,0.913,NaN,0.081,-0.114,0.99,0.032,0,0,0.596,3.784,6.354,0.894,2,0.5650337
449660,1.00000250380075e+18,63875743294694,0.003,1.431,0.007,0.041,-0.326,0.05,0.943,NaN,0.082,-0.114,0.99,0,0,0,63.85,NaN,0.082,-0.114,0.99,-0.032,0,0,0.622,3.929,6.314,0.913,NaN,0.082,-0.114,0.99,0.032,0,0,0.597,3.795,6.354,0.894,2,0.4573501
449661,1.00000250380576e+18,63875743294694,0.003,1.431,0.007,0.041,-0.326,0.05,0.943,NaN,0.084,-0.114,0.99,0,0,0,63.85,NaN,0.084,-0.114,0.99,-0.032,0,0,0.622,3.93,6.314,0.911,NaN,0.084,-0.114,0.99,0.032,0,0,0.598,3.8,6.354,0.893,2,0.1411956
449662,1.00000250381078e+18,63875743294704,0.003,1.431,0.007,0.041,-0.326,0.05,0.943,NaN,0.09,-0.113,0.99,0,0,0,63.85,NaN,0.09,-0.113,0.99,-0.032,0,0,0.634,4,6.314,0.909,NaN,0.09,-0.113,0.99,0.032,0,0,0.6,3.809,6.354,0.891,2,0
449663,1.00000250381584e+18,63875743294704,0.003,1.431,0.007,0.041,-0.326,0.05,0.943,NaN,0.101,-0.111,0.989,0,0,0,63.85,NaN,0.101,-0.111,0.989,-0.032,0,0,0.633,3.998,6.314,0.905,NaN,0.101,-0.111,0.989,0.032,0,0,0.597,3.796,6.354,0.888,2,0
449664,1.00000250382085e+18,63875743294716,0.003,1.431,0.007,0.041,-0.326,0.05,0.943,NaN,0.117,-0.106,0.987,0,0,0,63.85,NaN,0.117,-0.106,0.987,-0.032,0,0,0.63,3.98,6.314,0.901,NaN,0.117,-0.106,0.987,0.032,0,0,0.594,3.777,6.354,0.883,2,0
449665,1.00000250382587e+18,63875743294716,0.003,1.431,0.007,0.041,-0.326,0.05,0.943,NaN,0.135,-0.1,0.986,0,0,0,63.85,NaN,0.135,-0.1,0.986,-0.032,0,0,0.624,3.939,6.314,0.896,NaN,0.135,-0.1,0.986,0.032,0,0,0.593,3.765,6.354,0.878,2,0
449666,1.00000250383089e+18,63875743294716,0.003,1.431,0.007,0.041,-0.326,0.05,0.943,NaN,0.152,-0.09,0.984,0,0,0,63.85,NaN,0.152,-0.09,0.984,-0.032,0,0,0.624,3.938,6.314,0.89,NaN,0.152,-0.09,0.984,0.032,0,0,0.592,3.761,6.354,0.872,2,0
449667,1.00000250383585e+18,63875743294727,0.003,1.431,0.008,0.041,-0.325,0.05,0.943,NaN,0.165,-0.079,0.983,0,0,0,63.85,NaN,0.165,-0.079,0.983,-0.032,0,0,0.62,3.913,6.314,0.886,NaN,0.165,-0.079,0.983,0.032,0,0,0.592,3.761,6.354,0.868,2,0
449668,1.00000250384086e+18,63875743294727,0.003,1.431,0.008,0.041,-0.325,0.05,0.943,NaN,0.174,-0.066,0.983,0,0,0,63.85,NaN,0.174,-0.066,0.983,-0.032,0,0,0.617,3.894,6.314,0.883,NaN,0.174,-0.066,0.983,0.032,0,0,0.593,3.765,6.354,0.865,2,0
449669,1.00000250384588e+18,63875743294738,0.003,1.431,0.008,0.041,-0.325,0.05,0.943,NaN,0.179,-0.055,0.982,0,0,0,63.85,NaN,0.179,-0.055,0.982,-0.032,0,0,0.617,3.894,6.314,0.881,NaN,0.179,-0.055,0.982,0.032,0,0,0.593,3.77,6.354,0.862,2,0
449670,1.0000025038509e+18,63875743294738,0.003,1.431,0.008,0.041,-0.325,0.05,0.943,NaN,0.183,-0.045,0.982,0,0,0,63.85,NaN,0.183,-0.045,0.982,-0.032,0,0,0.617,3.894,6.314,0.88,NaN,0.183,-0.045,0.982,0.032,0,0,0.594,3.775,6.354,0.861,2,0
449671,1.00000250385585e+18,63875743294749,0.003,1.43,0.008,0.041,-0.325,0.05,0.943,NaN,0.185,-0.037,0.982,0,0,0,63.85,NaN,0.185,-0.037,0.982,-0.032,0,0,0.617,3.896,6.314,0.88,NaN,0.185,-0.037,0.982,0.032,0,0,0.595,3.779,6.354,0.86,2,0
449672,1.00000250386087e+18,63875743294749,0.003,1.43,0.008,0.041,-0.325,0.05,0.943,NaN,0.187,-0.031,0.982,0,0,0,63.85,NaN,0.187,-0.031,0.982,-0.032,0,0,0.617,3.898,6.314,0.879,NaN,0.187,-0.031,0.982,0.032,0,0,0.595,3.78,6.354,0.859,2,0
449673,1.00000250386589e+18,63875743294761,0.003,1.43,0.008,0.041,-0.325,0.05,0.943,NaN,0.188,-0.026,0.982,0,0,0,63.85,NaN,0.188,-0.026,0.982,-0.032,0,0,0.617,3.899,6.314,0.879,NaN,0.188,-0.026,0.982,0.032,0,0,0.595,3.781,6.354,0.858,2,0
449674,1.00000250387095e+18,63875743294761,0.003,1.43,0.008,0.041,-0.325,0.05,0.943,NaN,0.188,-0.023,0.982,0,0,0,63.85,NaN,0.188,-0.023,0.982,-0.032,0,0,0.618,3.899,6.314,0.879,NaN,0.188,-0.023,0.982,0.032,0,0,0.595,3.782,6.354,0.858,2,0
449675,1.00000250387599e+18,63875743294771,0.003,1.43,0.008,0.04,-0.325,0.05,0.943,NaN,0.189,-0.021,0.982,0,0,0,63.85,NaN,0.189,-0.021,0.982,-0.032,0,0,0.618,3.9,6.314,0.879,NaN,0.189,-0.021,0.982,0.032,0,0,0.595,3.783,6.354,0.858,2,0
449676,1.00000250388104e+18,63875743294771,0.003,1.43,0.008,0.04,-0.325,0.05,0.943,NaN,0.189,-0.02,0.982,0,0,0,63.85,NaN,0.189,-0.02,0.982,-0.032,0,0,0.618,3.901,6.314,0.879,NaN,0.189,-0.02,0.982,0.032,0,0,0.596,3.784,6.354,0.857,2,0
449677,1.00000250388605e+18,63875743294771,0.003,1.43,0.008,0.04,-0.325,0.05,0.943,NaN,0.19,-0.018,0.982,0,0,0,63.85,NaN,0.19,-0.018,0.982,-0.032,0,0,0.618,3.902,6.314,0.879,NaN,0.19,-0.018,0.982,0.032,0,0,0.596,3.785,6.354,0.858,2,0
449678,1.00000250389099e+18,63875743294782,0.003,1.43,0.008,0.04,-0.325,0.05,0.944,NaN,0.189,-0.017,0.982,0,0,0,63.85,NaN,0.189,-0.017,0.982,-0.032,0,0,0.618,3.902,6.314,0.879,NaN,0.189,-0.017,0.982,0.032,0,0,0.596,3.788,6.354,0.858,2,0
449679,1.00000250389597e+18,63875743294783,0.003,1.43,0.008,0.04,-0.325,0.05,0.944,NaN,0.19,-0.016,0.982,0,0,0,63.85,NaN,0.19,-0.016,0.982,-0.032,0,0,0.618,3.903,6.314,0.879,NaN,0.19,-0.016,0.982,0.032,0,0,0.597,3.79,6.354,0.858,2,0
449680,1.00000250390099e+18,63875743294794,0.003,1.43,0.008,0.04,-0.325,0.05,0.944,NaN,0.19,-0.015,0.982,0,0,0,63.85,NaN,0.19,-0.015,0.982,-0.032,0,0,0.618,3.905,6.314,0.879,NaN,0.19,-0.015,0.982,0.032,0,0,0.597,3.792,6.354,0.858,2,0
449681,1.00000250390599e+18,63875743294794,0.003,1.43,0.008,0.04,-0.325,0.05,0.944,NaN,0.19,-0.015,0.982,0,0,0,63.85,NaN,0.19,-0.015,0.982,-0.032,0,0,0.619,3.909,6.314,0.88,NaN,0.19,-0.015,0.982,0.032,0,0,0.597,3.793,6.354,0.858,2,0
449682,1.00000250391101e+18,63875743294804,0.003,1.43,0.008,0.04,-0.325,0.049,0.944,NaN,0.19,-0.014,0.982,0,0,0,63.85,NaN,0.19,-0.014,0.982,-0.032,0,0,0.62,3.915,6.314,0.88,NaN,0.19,-0.014,0.982,0.032,0,0,0.597,3.793,6.354,0.858,2,0
449683,1.00000250391604e+18,63875743294804,0.003,1.43,0.008,0.04,-0.325,0.049,0.944,NaN,0.19,-0.014,0.982,0,0,0,63.85,NaN,0.19,-0.014,0.982,-0.032,0,0,0.62,3.917,6.314,0.881,NaN,0.19,-0.014,0.982,0.032,0,0,0.597,3.793,6.354,0.858,2,0.1942061
449684,1.00000250392106e+18,63875743294816,0.003,1.43,0.008,0.04,-0.325,0.049,0.944,NaN,0.19,-0.014,0.982,0,0,0,63.85,NaN,0.19,-0.014,0.982,-0.032,0,0,0.621,3.92,6.314,0.881,NaN,0.19,-0.014,0.982,0.032,0,0,0.597,3.793,6.354,0.859,2,0.4205486
449685,1.00000250392608e+18,63875743294816,0.003,1.43,0.008,0.04,-0.325,0.049,0.944,NaN,0.191,-0.014,0.982,0,0,0,63.85,NaN,0.191,-0.014,0.982,-0.032,0,0,0.621,3.92,6.314,0.881,NaN,0.191,-0.014,0.982,0.032,0,0,0.597,3.793,6.354,0.859,2,0.6093903
449686,1.0000025039311e+18,63875743294827,0.003,1.43,0.008,0.04,-0.324,0.049,0.944,NaN,0.191,-0.014,0.982,0,0,0,63.85,NaN,0.191,-0.014,0.982,-0.032,0,0,0.621,3.92,6.314,0.882,NaN,0.191,-0.014,0.982,0.032,0,0,0.597,3.793,6.354,0.86,2,0.7549859
449687,1.00000250393612e+18,63875743294827,0.003,1.43,0.008,0.04,-0.324,0.049,0.944,NaN,0.191,-0.014,0.981,0,0,0,63.85,NaN,0.191,-0.014,0.981,-0.032,0,0,0.621,3.92,6.314,0.883,NaN,0.191,-0.014,0.981,0.032,0,0,0.597,3.792,6.354,0.86,2,0.8996956
449688,1.00000250394113e+18,63875743294827,0.003,1.43,0.008,0.04,-0.324,0.049,0.944,NaN,0.191,-0.014,0.981,0,0,0,63.85,NaN,0.191,-0.014,0.981,-0.032,0,0,0.621,3.92,6.314,0.884,NaN,0.191,-0.014,0.981,0.032,0,0,0.597,3.791,6.354,0.861,2,0.9393944
449689,1.00000250394607e+18,63875743294838,0.003,1.43,0.008,0.04,-0.324,0.049,0.944,NaN,0.192,-0.014,0.981,0,0,0,63.85,NaN,0.192,-0.014,0.981,-0.032,0,0,0.621,3.92,6.314,0.885,NaN,0.192,-0.014,0.981,0.032,0,0,0.596,3.789,6.354,0.861,2,0.9518621
449690,1.00000250395108e+18,63875743294838,0.003,1.43,0.008,0.04,-0.324,0.049,0.944,NaN,0.192,-0.015,0.981,0,0,0,63.85,NaN,0.192,-0.015,0.981,-0.032,0,0,0.621,3.922,6.314,0.886,NaN,0.192,-0.015,0.981,0.032,0,0,0.596,3.788,6.354,0.862,2,0.9525704
449691,1.0000025039561e+18,63875743294849,0.003,1.43,0.008,0.04,-0.324,0.049,0.944,NaN,0.192,-0.015,0.981,0,0,0,63.85,NaN,0.192,-0.015,0.981,-0.032,0,0,0.621,3.924,6.314,0.887,NaN,0.192,-0.015,0.981,0.032,0,0,0.596,3.787,6.354,0.862,2,0.969964
449692,1.00000250396111e+18,63875743294849,0.003,1.43,0.008,0.04,-0.324,0.049,0.944,NaN,0.193,-0.016,0.981,0,0,0,63.85,NaN,0.193,-0.016,0.981,-0.032,0,0,0.622,3.925,6.314,0.887,NaN,0.193,-0.016,0.981,0.032,0,0,0.596,3.785,6.354,0.863,2,0.9636077
449693,1.00000250396614e+18,63875743294861,0.003,1.429,0.008,0.04,-0.324,0.049,0.944,NaN,0.193,-0.016,0.981,0,0,0,63.85,NaN,0.193,-0.016,0.981,-0.032,0,0,0.622,3.93,6.314,0.888,NaN,0.193,-0.016,0.981,0.032,0,0,0.596,3.784,6.354,0.864,2,0.9652641
449694,1.00000250397117e+18,63875743294861,0.003,1.429,0.008,0.04,-0.324,0.049,0.944,NaN,0.193,-0.016,0.981,0,0,0,63.85,NaN,0.193,-0.016,0.981,-0.032,0,0,0.625,3.947,6.314,0.888,NaN,0.193,-0.016,0.981,0.032,0,0,0.595,3.783,6.354,0.864,2,0.982157
449695,1.0000025039762e+18,63875743294872,0.003,1.429,0.008,0.04,-0.324,0.049,0.944,NaN,0.193,-0.017,0.981,0,0,0,63.85,NaN,0.193,-0.017,0.981,-0.032,0,0,0.627,3.959,6.314,0.889,NaN,0.193,-0.017,0.981,0.032,0,0,0.595,3.783,6.354,0.865,2,0.9753922
449696,1.00000250398123e+18,63875743294872,0.003,1.429,0.008,0.04,-0.324,0.049,0.944,NaN,0.193,-0.017,0.981,0,0,0,63.85,NaN,0.193,-0.017,0.981,-0.032,0,0,0.628,3.965,6.314,0.89,NaN,0.193,-0.017,0.981,0.032,0,0,0.595,3.782,6.354,0.865,2,0.9029945
449697,1.00000250398626e+18,63875743294872,0.003,1.429,0.008,0.04,-0.324,0.049,0.944,NaN,0.192,-0.016,0.981,0,0,0,63.85,NaN,0.192,-0.016,0.981,-0.032,0,0,0.628,3.966,6.314,0.89,NaN,0.192,-0.016,0.981,0.032,0,0,0.595,3.783,6.354,0.865,2,0.7397876
449698,1.00000250399122e+18,63875743294883,0.002,1.429,0.008,0.039,-0.324,0.049,0.944,NaN,0.192,-0.017,0.981,0,0,0,63.85,NaN,0.192,-0.017,0.981,-0.032,0,0,0.626,3.951,6.314,0.89,NaN,0.192,-0.017,0.981,0.032,0,0,0.597,3.791,6.354,0.865,2,0.3561812
449699,1.00000250399623e+18,63875743294883,0.002,1.429,0.008,0.039,-0.324,0.049,0.944,NaN,0.192,-0.016,0.981,0,0,0,63.85,NaN,0.192,-0.016,0.981,-0.032,0,0,0.621,3.92,6.314,0.888,NaN,0.192,-0.016,0.981,0.032,0,0,0.598,3.802,6.354,0.864,2,0
449700,1.00000250400123e+18,63875743294894,0.002,1.429,0.008,0.039,-0.324,0.049,0.944,NaN,0.195,-0.015,0.981,0,0,0,63.85,NaN,0.195,-0.015,0.981,-0.032,0,0,0.619,3.909,6.314,0.884,NaN,0.195,-0.015,0.981,0.032,0,0,0.598,3.797,6.354,0.864,2,0
449701,1.00000250400623e+18,63875743294894,0.002,1.429,0.008,0.039,-0.324,0.049,0.944,NaN,0.205,-0.013,0.979,0,0,0,63.85,NaN,0.205,-0.013,0.979,-0.032,0,0,0.619,3.909,6.314,0.878,NaN,0.205,-0.013,0.979,0.032,0,0,0.594,3.776,6.354,0.862,2,0
449702,1.00000250401124e+18,63875743294904,0.002,1.429,0.008,0.039,-0.324,0.049,0.944,NaN,0.219,-0.007,0.976,0,0,0,63.85,NaN,0.219,-0.007,0.976,-0.032,0,0,0.619,3.908,6.314,0.872,NaN,0.219,-0.007,0.976,0.032,0,0,0.591,3.755,6.354,0.862,2,0
449703,1.00000250401625e+18,63875743294904,0.002,1.429,0.008,0.039,-0.324,0.049,0.944,NaN,0.234,0.002,0.972,0,0,0,63.85,NaN,0.234,0.002,0.972,-0.032,0,0,0.619,3.908,6.314,0.866,NaN,0.234,0.002,0.972,0.032,0,0,0.59,3.75,6.354,0.86,2,0
449704,1.00000250402126e+18,63875743294917,0.002,1.429,0.008,0.039,-0.324,0.049,0.944,NaN,0.235,0.013,0.972,0,0,0,63.85,NaN,0.235,0.013,0.972,-0.032,0,0,0.611,3.858,6.314,0.863,NaN,0.235,0.013,0.972,0.032,0,0,0.59,3.75,6.354,0.859,2,0
449705,1.00000250402629e+18,63875743294917,0.002,1.429,0.008,0.039,-0.324,0.049,0.944,NaN,0.241,0.022,0.97,0,0,0,63.85,NaN,0.241,0.022,0.97,-0.032,0,0,0.61,3.849,6.314,0.859,NaN,0.241,0.022,0.97,0.032,0,0,0.59,3.75,6.354,0.858,2,0
449706,1.0000025040313e+18,63875743294917,0.002,1.429,0.008,0.039,-0.324,0.049,0.944,NaN,0.249,0.029,0.968,0,0,0,63.85,NaN,0.249,0.029,0.968,-0.032,0,0,0.623,3.937,6.314,0.856,NaN,0.249,0.029,0.968,0.032,0,0,0.591,3.753,6.354,0.856,2,0
449707,1.00000250403632e+18,63875743294927,0.003,1.429,0.008,0.039,-0.323,0.049,0.944,NaN,0.257,0.036,0.966,0,0,0,63.85,NaN,0.257,0.036,0.966,-0.032,0,0,0.634,4.001,6.314,0.855,NaN,0.257,0.036,0.966,0.032,0,0,0.592,3.761,6.354,0.855,2,0
449708,1.00000250404133e+18,63875743294927,0.003,1.429,0.008,0.039,-0.323,0.049,0.944,NaN,0.265,0.043,0.963,0,0,0,63.85,NaN,0.265,0.043,0.963,-0.032,0,0,0.642,4.055,6.314,0.855,NaN,0.265,0.043,0.963,0.032,0,0,0.593,3.77,6.354,0.854,2,0
449709,1.00000250404641e+18,63875743294939,0.003,1.429,0.008,0.039,-0.323,0.049,0.944,NaN,0.273,0.049,0.961,0,0,0,63.85,NaN,0.273,0.049,0.961,-0.032,0,0,0.646,4.079,6.314,0.856,NaN,0.273,0.049,0.961,0.032,0,0,0.594,3.771,6.354,0.854,2,0
449710,1.00000250405139e+18,63875743294939,0.003,1.429,0.008,0.039,-0.323,0.049,0.944,NaN,0.279,0.055,0.959,0,0,0,63.85,NaN,0.279,0.055,0.959,-0.032,0,0,0.657,4.146,6.314,0.856,NaN,0.279,0.055,0.959,0.032,0,0,0.594,3.771,6.354,0.854,2,0
449711,1.0000025040564e+18,63875743294949,0.002,1.429,0.008,0.038,-0.323,0.048,0.944,NaN,0.287,0.06,0.956,0,0,0,63.85,NaN,0.287,0.06,0.956,-0.032,0,0,0.669,4.223,6.314,0.857,NaN,0.287,0.06,0.956,0.032,0,0,0.595,3.778,6.354,0.854,2,0
449712,1.0000025040614e+18,63875743294949,0.002,1.429,0.008,0.038,-0.323,0.048,0.944,NaN,0.292,0.064,0.954,0,0,0,63.85,NaN,0.292,0.064,0.954,-0.032,0,0,0.671,4.236,6.314,0.858,NaN,0.292,0.064,0.954,0.032,0,0,0.595,3.78,6.354,0.855,2,0
449713,1.0000025040664e+18,63875743294960,0.002,1.429,0.008,0.038,-0.323,0.048,0.944,NaN,0.286,0.076,0.955,0,0,0,63.85,NaN,0.286,0.076,0.955,-0.032,0,0,0.671,4.239,6.314,0.86,NaN,0.286,0.076,0.955,0.032,0,0,0.595,3.782,6.354,0.855,2,0
449714,1.00000250407139e+18,63875743294960,0.002,1.429,0.008,0.038,-0.323,0.048,0.944,NaN,0.282,0.085,0.956,0,0,0,63.85,NaN,0.282,0.085,0.956,-0.032,0,0,0.672,4.24,6.314,0.862,NaN,0.282,0.085,0.956,0.032,0,0,0.596,3.786,6.354,0.856,2,0
449715,1.0000025040764e+18,63875743294971,0.002,1.429,0.008,0.038,-0.323,0.048,0.944,NaN,0.28,0.093,0.956,0,0,0,63.85,NaN,0.28,0.093,0.956,-0.032,0,0,0.672,4.241,6.314,0.865,NaN,0.28,0.093,0.956,0.032,0,0,0.597,3.794,6.354,0.857,2,0
449716,1.00000250408143e+18,63875743294971,0.002,1.429,0.008,0.038,-0.323,0.048,0.944,NaN,0.279,0.1,0.955,0,0,0,63.85,NaN,0.279,0.1,0.955,-0.032,0,0,0.672,4.242,6.314,0.868,NaN,0.279,0.1,0.955,0.032,0,0,0.598,3.802,6.354,0.858,2,0
449717,1.00000250408643e+18,63875743294971,0.002,1.429,0.008,0.038,-0.323,0.048,0.944,NaN,0.278,0.107,0.955,0,0,0,63.85,NaN,0.278,0.107,0.955,-0.032,0,0,0.672,4.245,6.314,0.872,NaN,0.278,0.107,0.955,0.032,0,0,0.601,3.822,6.354,0.859,2,0
449718,1.00000250409147e+18,63875743294983,0.002,1.429,0.008,0.038,-0.323,0.048,0.944,NaN,0.277,0.111,0.954,0,0,0,63.85,NaN,0.277,0.111,0.954,-0.032,0,0,0.673,4.249,6.314,0.875,NaN,0.277,0.111,0.954,0.032,0,0,0.602,3.826,6.354,0.861,2,0
449719,1.00000250409647e+18,63875743294983,0.002,1.429,0.008,0.038,-0.323,0.048,0.944,NaN,0.279,0.113,0.954,0,0,0,63.85,NaN,0.279,0.113,0.954,-0.032,0,0,0.673,4.25,6.314,0.878,NaN,0.279,0.113,0.954,0.032,0,0,0.602,3.826,6.354,0.863,2,0
449720,1.00000250410148e+18,63875743294994,0.002,1.429,0.008,0.038,-0.323,0.048,0.944,NaN,0.281,0.114,0.953,0,0,0,63.85,NaN,0.281,0.114,0.953,-0.032,0,0,0.673,4.251,6.314,0.881,NaN,0.281,0.114,0.953,0.032,0,0,0.602,3.826,6.354,0.865,2,0
449721,1.0000025041065e+18,63875743294994,0.002,1.429,0.008,0.038,-0.323,0.048,0.944,NaN,0.28,0.114,0.953,0,0,0,63.85,NaN,0.28,0.114,0.953,-0.032,0,0,0.673,4.251,6.314,0.884,NaN,0.28,0.114,0.953,0.032,0,0,0.602,3.826,6.354,0.867,2,0
449722,1.0000025041115e+18,63875743295004,0.002,1.429,0.008,0.038,-0.323,0.048,0.944,NaN,0.284,0.115,0.952,0,0,0,63.85,NaN,0.284,0.115,0.952,-0.032,0,0,0.673,4.251,6.314,0.888,NaN,0.284,0.115,0.952,0.032,0,0,0.602,3.824,6.354,0.869,2,0
449723,1.0000025041165e+18,63875743295004,0.002,1.429,0.008,0.038,-0.323,0.048,0.944,NaN,0.282,0.115,0.953,0,0,0,63.85,NaN,0.282,0.115,0.953,-0.032,0,0,0.673,4.251,6.314,0.891,NaN,0.282,0.115,0.953,0.032,0,0,0.602,3.823,6.354,0.871,2,0
449724,1.00000250412151e+18,63875743295016,0.002,1.429,0.007,0.038,-0.323,0.048,0.945,NaN,0.285,0.115,0.952,0,0,0,63.85,NaN,0.285,0.115,0.952,-0.032,0,0,0.673,4.25,6.314,0.892,NaN,0.285,0.115,0.952,0.032,0,0,0.601,3.821,6.354,0.873,2,0
449725,1.00000250412652e+18,63875743295016,0.002,1.429,0.007,0.038,-0.323,0.048,0.945,NaN,0.287,0.115,0.951,0,0,0,63.85,NaN,0.287,0.115,0.951,-0.032,0,0,0.673,4.249,6.314,0.894,NaN,0.287,0.115,0.951,0.032,0,0,0.601,3.819,6.354,0.875,2,0
449726,1.00000250413154e+18,63875743295027,0.002,1.429,0.007,0.038,-0.323,0.048,0.945,NaN,0.289,0.114,0.95,0,0,0,63.85,NaN,0.289,0.114,0.95,-0.032,0,0,0.673,4.249,6.314,0.895,NaN,0.289,0.114,0.95,0.032,0,0,0.601,3.816,6.354,0.878,2,0
449727,1.00000250413657e+18,63875743295027,0.002,1.429,0.007,0.038,-0.323,0.048,0.945,NaN,0.291,0.114,0.95,0,0,0,63.85,NaN,0.291,0.114,0.95,-0.032,0,0,0.673,4.248,6.314,0.897,NaN,0.291,0.114,0.95,0.032,0,0,0.6,3.814,6.354,0.88,2,0
449728,1.00000250414159e+18,63875743295027,0.002,1.429,0.007,0.038,-0.323,0.048,0.945,NaN,0.293,0.114,0.949,0,0,0,63.85,NaN,0.293,0.114,0.949,-0.032,0,0,0.673,4.248,6.314,0.898,NaN,0.293,0.114,0.949,0.032,0,0,0.6,3.814,6.354,0.882,2,0
449729,1.00000250414661e+18,63875743295038,0.002,1.429,0.007,0.038,-0.322,0.047,0.945,NaN,0.291,0.117,0.95,0,0,0,63.85,NaN,0.291,0.117,0.95,-0.032,0,0,0.672,4.245,6.314,0.9,NaN,0.291,0.117,0.95,0.032,0,0,0.61,3.875,6.354,0.884,2,0
449730,1.0000025041516e+18,63875743295038,0.002,1.429,0.007,0.038,-0.322,0.047,0.945,NaN,0.293,0.115,0.949,0,0,0,63.85,NaN,0.293,0.115,0.949,-0.032,0,0,0.672,4.244,6.314,0.902,NaN,0.293,0.115,0.949,0.032,0,0,0.611,3.885,6.354,0.885,2,0
449731,1.00000250415659e+18,63875743295049,0.002,1.429,0.007,0.038,-0.322,0.047,0.945,NaN,0.295,0.113,0.949,0,0,0,63.85,NaN,0.295,0.113,0.949,-0.032,0,0,0.672,4.243,6.314,0.901,NaN,0.295,0.113,0.949,0.032,0,0,0.611,3.884,6.354,0.887,2,0
449732,1.00000250416159e+18,63875743295049,0.002,1.429,0.007,0.038,-0.322,0.047,0.945,NaN,0.297,0.111,0.948,0,0,0,63.85,NaN,0.297,0.111,0.948,-0.032,0,0,0.672,4.241,6.314,0.902,NaN,0.297,0.111,0.948,0.032,0,0,0.61,3.875,6.354,0.888,2,0
449733,1.0000025041666e+18,63875743295061,0.002,1.429,0.007,0.038,-0.322,0.047,0.945,NaN,0.299,0.11,0.948,0,0,0,63.85,NaN,0.299,0.11,0.948,-0.032,0,0,0.671,4.237,6.314,0.902,NaN,0.299,0.11,0.948,0.032,0,0,0.608,3.864,6.354,0.89,2,0
449734,1.0000025041716e+18,63875743295061,0.002,1.429,0.007,0.038,-0.322,0.047,0.945,NaN,0.3,0.108,0.948,0,0,0,63.85,NaN,0.3,0.108,0.948,-0.032,0,0,0.671,4.235,6.314,0.903,NaN,0.3,0.108,0.948,0.032,0,0,0.606,3.853,6.354,0.892,2,0
449735,1.00000250417662e+18,63875743295071,0.002,1.429,0.007,0.038,-0.322,0.047,0.945,NaN,0.301,0.107,0.948,0,0,0,63.85,NaN,0.301,0.107,0.948,-0.032,0,0,0.67,4.233,6.314,0.903,NaN,0.301,0.107,0.948,0.032,0,0,0.605,3.845,6.354,0.893,2,0
449736,1.00000250418166e+18,63875743295071,0.002,1.429,0.007,0.038,-0.322,0.047,0.945,NaN,0.301,0.107,0.948,0,0,0,63.85,NaN,0.301,0.107,0.948,-0.032,0,0,0.67,4.231,6.314,0.904,NaN,0.301,0.107,0.948,0.032,0,0,0.605,3.841,6.354,0.894,2,0
449737,1.00000250418667e+18,63875743295071,0.002,1.429,0.007,0.038,-0.322,0.047,0.945,NaN,0.302,0.106,0.948,0,0,0,63.85,NaN,0.302,0.106,0.948,-0.032,0,0,0.67,4.23,6.314,0.904,NaN,0.302,0.106,0.948,0.032,0,0,0.604,3.838,6.354,0.896,2,0
449738,1.00000250419169e+18,63875743295083,0.002,1.429,0.007,0.038,-0.321,0.046,0.945,NaN,0.302,0.104,0.948,0,0,0,63.85,NaN,0.302,0.104,0.948,-0.032,0,0,0.67,4.228,6.314,0.904,NaN,0.302,0.104,0.948,0.032,0,0,0.603,3.834,6.354,0.897,2,0
449739,1.0000025041967e+18,63875743295083,0.002,1.429,0.007,0.038,-0.321,0.046,0.945,NaN,0.302,0.103,0.948,0,0,0,63.85,NaN,0.302,0.103,0.948,-0.032,0,0,0.669,4.227,6.314,0.905,NaN,0.302,0.103,0.948,0.032,0,0,0.603,3.831,6.354,0.898,2,0
449740,1.00000250420171e+18,63875743295094,0.002,1.429,0.007,0.038,-0.321,0.046,0.945,NaN,0.301,0.1,0.948,0,0,0,63.85,NaN,0.301,0.1,0.948,-0.032,0,0,0.669,4.226,6.314,0.906,NaN,0.301,0.1,0.948,0.032,0,0,0.603,3.829,6.354,0.899,2,0
449741,1.00000250420674e+18,63875743295094,0.002,1.429,0.007,0.038,-0.321,0.046,0.945,NaN,0.3,0.097,0.949,0,0,0,63.85,NaN,0.3,0.097,0.949,-0.032,0,0,0.669,4.222,6.314,0.906,NaN,0.3,0.097,0.949,0.032,0,0,0.602,3.828,6.354,0.9,2,0
449742,1.00000250421186e+18,63875743295104,0.002,1.429,0.007,0.038,-0.32,0.046,0.946,NaN,0.301,0.094,0.949,0,0,0,63.85,NaN,0.301,0.094,0.949,-0.032,0,0,0.669,4.221,6.314,0.906,NaN,0.301,0.094,0.949,0.032,0,0,0.604,3.837,6.354,0.899,2,0
449743,1.00000250421688e+18,63875743295104,0.002,1.429,0.007,0.038,-0.32,0.046,0.946,NaN,0.322,0.095,0.942,0,0,0,63.85,NaN,0.322,0.095,0.942,-0.032,0,0,0.67,4.232,6.314,0.908,NaN,0.322,0.095,0.942,0.032,0,0,0.609,3.872,6.354,0.899,2,0
449744,1.00000250422189e+18,63875743295117,0.002,1.429,0.007,0.037,-0.319,0.046,0.946,NaN,0.327,0.098,0.94,0,0,0,63.85,NaN,0.327,0.098,0.94,-0.032,0,0,0.657,4.148,6.314,0.91,NaN,0.327,0.098,0.94,0.032,0,0,0.61,3.879,6.354,0.898,2,0
449745,1.0000025042269e+18,63875743295117,0.002,1.429,0.007,0.037,-0.319,0.046,0.946,NaN,0.338,0.099,0.936,0,0,0,63.85,NaN,0.338,0.099,0.936,-0.032,0,0,0.657,4.151,6.314,0.915,NaN,0.338,0.099,0.936,0.032,0,0,0.61,3.878,6.354,0.896,2,0
449746,1.00000250423177e+18,63875743295128,0.002,1.429,0.007,0.037,-0.318,0.046,0.946,NaN,0.358,0.101,0.928,0,0,0,63.85,NaN,0.358,0.101,0.928,-0.032,0,0,0.658,4.156,6.314,0.921,NaN,0.358,0.101,0.928,0.032,0,0,0.61,3.878,6.354,0.896,2,0
449747,1.00000250423678e+18,63875743295128,0.002,1.429,0.007,0.037,-0.318,0.046,0.946,NaN,0.374,0.104,0.922,0,0,0,63.85,NaN,0.374,0.104,0.922,-0.032,0,0,0.661,4.174,6.314,0.929,NaN,0.374,0.104,0.922,0.032,0,0,0.611,3.882,6.354,0.895,2,0
449748,1.0000025042418e+18,63875743295128,0.002,1.429,0.007,0.037,-0.318,0.046,0.946,NaN,0.389,0.107,0.915,0,0,0,63.85,NaN,0.389,0.107,0.915,-0.032,0,0,0.647,4.085,6.314,0.939,NaN,0.389,0.107,0.915,0.032,0,0,0.612,3.885,6.354,0.895,2,0
449749,1.00000250424688e+18,63875743295138,0.002,1.429,0.007,0.037,-0.318,0.046,0.946,NaN,0.413,0.113,0.904,0,0,0,63.85,NaN,0.43,0.113,0.896,-0.032,0,0,0.611,3.859,6.314,0.948,NaN,0.413,0.113,0.904,0.032,0,0,0.612,3.886,6.354,0.893,2,0
449750,1.0000025042519e+18,63875743295138,0.002,1.429,0.007,0.037,-0.318,0.046,0.946,NaN,0.412,0.118,0.904,0,0,0,63.85,NaN,0.458,0.12,0.881,-0.032,0,0,0.612,3.865,6.314,0.956,NaN,0.412,0.118,0.904,0.032,0,0,0.612,3.886,6.354,0.893,2,0
449751,1.00000250425692e+18,63875743295149,0.002,1.429,0.007,0.037,-0.317,0.045,0.947,NaN,0.417,0.125,0.9,0,0,0,63.85,NaN,0.478,0.129,0.869,-0.032,0,0,0.618,3.901,6.314,0.963,NaN,0.417,0.125,0.9,0.032,0,0,0.615,3.909,6.354,0.892,0.8274286,0
449752,1.00000250426188e+18,63875743295149,0.002,1.429,0.007,0.037,-0.317,0.045,0.947,NaN,0.422,0.131,0.897,0,0,0,63.85,NaN,0.492,0.135,0.86,-0.032,0,0,0.618,3.902,6.314,0.959,NaN,0.422,0.131,0.897,0.032,0,0,0.619,3.931,6.354,0.891,0.708634,0
449753,1.0000025042669e+18,63875743295161,0.002,1.429,0.007,0.036,-0.316,0.045,0.947,NaN,0.43,0.138,0.892,0,0,0,63.85,NaN,0.505,0.139,0.852,-0.032,0,0,0.618,3.9,6.314,0.957,NaN,0.43,0.138,0.892,0.032,0,0,0.623,3.958,6.354,0.89,0.660293,0
449754,1.00000250427191e+18,63875743295161,0.002,1.429,0.007,0.036,-0.316,0.045,0.947,NaN,0.46,0.143,0.877,0,0,0,63.85,NaN,0.514,0.143,0.846,-0.032,0,0,0.618,3.905,6.314,0.958,NaN,0.46,0.143,0.877,0.032,0,0,0.624,3.964,6.354,0.889,0.8952364,0
449755,1.00000250427692e+18,63875743295171,0.002,1.429,0.007,0.036,-0.315,0.045,0.947,NaN,0.48,0.144,0.865,0,0,0,63.85,NaN,0.519,0.146,0.842,-0.032,0,0,0.619,3.908,6.314,0.957,NaN,0.48,0.144,0.865,0.032,0,0,0.624,3.962,6.354,0.889,2,0
449756,1.00000250428194e+18,63875743295171,0.002,1.429,0.007,0.036,-0.315,0.045,0.947,NaN,0.502,0.14,0.854,0,0,0,63.85,NaN,0.523,0.149,0.84,-0.032,0,0,0.619,3.91,6.314,0.956,NaN,0.502,0.14,0.854,0.032,0,0,0.622,3.952,6.354,0.889,2,0
449757,1.00000250428691e+18,63875743295182,0.002,1.429,0.008,0.035,-0.314,0.045,0.948,NaN,0.514,0.136,0.847,0,0,0,63.85,NaN,0.525,0.15,0.838,-0.032,0,0,0.619,3.91,6.314,0.956,NaN,0.514,0.136,0.847,0.032,0,0,0.619,3.936,6.354,0.889,2,0
449758,1.00000250429193e+18,63875743295182,0.002,1.429,0.008,0.035,-0.314,0.045,0.948,NaN,0.522,0.134,0.843,0,0,0,63.85,NaN,0.526,0.151,0.837,-0.032,0,0,0.619,3.91,6.314,0.956,NaN,0.522,0.134,0.843,0.032,0,0,0.617,3.921,6.354,0.89,2,0
449759,1.00000250429695e+18,63875743295182,0.002,1.429,0.008,0.035,-0.314,0.045,0.948,NaN,0.526,0.132,0.84,0,0,0,63.85,NaN,0.527,0.152,0.836,-0.032,0,0,0.619,3.909,6.314,0.957,NaN,0.526,0.132,0.84,0.032,0,0,0.616,3.913,6.354,0.891,2,0
449760,1.00000250430196e+18,63875743295193,0.002,1.429,0.007,0.035,-0.312,0.045,0.948,NaN,0.528,0.13,0.839,0,0,0,63.85,NaN,0.527,0.152,0.836,-0.032,0,0,0.619,3.907,6.314,0.958,NaN,0.528,0.13,0.839,0.032,0,0,0.615,3.909,6.354,0.892,2,0
449761,1.00000250430697e+18,63875743295193,0.002,1.429,0.007,0.035,-0.312,0.045,0.948,NaN,0.529,0.129,0.839,0,0,0,63.85,NaN,0.527,0.153,0.836,-0.032,0,0,0.618,3.904,6.314,0.961,NaN,0.529,0.129,0.839,0.032,0,0,0.615,3.905,6.354,0.894,2,0
449762,1.00000250431199e+18,63875743295204,0.002,1.43,0.008,0.034,-0.311,0.045,0.949,NaN,0.53,0.128,0.838,0,0,0,63.85,NaN,0.528,0.153,0.836,-0.032,0,0,0.618,3.9,6.314,0.963,NaN,0.53,0.128,0.838,0.032,0,0,0.614,3.903,6.354,0.896,2,0
449763,1.000002504317e+18,63875743295204,0.002,1.43,0.008,0.034,-0.311,0.045,0.949,NaN,0.53,0.127,0.839,0,0,0,63.85,NaN,0.528,0.153,0.835,-0.032,0,0,0.617,3.897,6.314,0.966,NaN,0.53,0.127,0.839,0.032,0,0,0.614,3.901,6.354,0.898,2,0
449764,1.00000250432202e+18,63875743295215,0.002,1.429,0.007,0.034,-0.31,0.045,0.949,NaN,0.529,0.127,0.839,0,0,0,63.85,NaN,0.528,0.153,0.835,-0.032,0,0,0.617,3.893,6.314,0.969,NaN,0.529,0.127,0.839,0.032,0,0,0.614,3.9,6.354,0.9,2,0
449765,1.00000250432704e+18,63875743295215,0.002,1.429,0.007,0.034,-0.31,0.045,0.949,NaN,0.529,0.126,0.839,0,0,0,63.85,NaN,0.528,0.153,0.835,-0.032,0,0,0.616,3.89,6.314,0.972,NaN,0.529,0.126,0.839,0.032,0,0,0.614,3.899,6.354,0.903,2,0
449766,1.00000250433205e+18,63875743295227,0.002,1.429,0.007,0.033,-0.308,0.045,0.95,NaN,0.53,0.126,0.839,0,0,0,63.85,NaN,0.528,0.153,0.835,-0.032,0,0,0.616,3.887,6.314,0.975,NaN,0.53,0.126,0.839,0.032,0,0,0.614,3.898,6.354,0.906,2,0
449767,1.00000250433705e+18,63875743295227,0.002,1.429,0.007,0.033,-0.308,0.045,0.95,NaN,0.53,0.126,0.838,0,0,0,63.85,NaN,0.528,0.153,0.835,-0.032,0,0,0.615,3.884,6.314,0.977,NaN,0.53,0.126,0.838,0.032,0,0,0.613,3.897,6.354,0.909,2,0
449768,1.00000250434207e+18,63875743295238,0.002,1.429,0.007,0.033,-0.307,0.045,0.95,NaN,0.537,0.124,0.835,0,0,0,63.85,NaN,0.528,0.153,0.836,-0.032,0,0,0.615,3.881,6.314,0.979,NaN,0.537,0.124,0.835,0.032,0,0,0.613,3.893,6.354,0.912,2,0
449769,1.00000250434707e+18,63875743295238,0.002,1.429,0.007,0.033,-0.307,0.045,0.95,NaN,0.541,0.122,0.832,0,0,0,63.85,NaN,0.527,0.153,0.836,-0.032,0,0,0.614,3.876,6.314,0.981,NaN,0.541,0.122,0.832,0.032,0,0,0.612,3.89,6.354,0.914,2,0
449770,1.00000250435208e+18,63875743295238,0.002,1.429,0.007,0.033,-0.307,0.045,0.95,NaN,0.545,0.119,0.83,0,0,0,63.85,NaN,0.527,0.153,0.836,-0.032,0,0,0.613,3.87,6.314,0.981,NaN,0.545,0.119,0.83,0.032,0,0,0.611,3.882,6.354,0.915,2,0
449771,1.00000250435709e+18,63875743295248,0.002,1.429,0.007,0.032,-0.306,0.045,0.951,NaN,0.547,0.116,0.829,0,0,0,63.85,NaN,0.526,0.153,0.837,-0.032,0,0,0.612,3.865,6.314,0.981,NaN,0.547,0.116,0.829,0.032,0,0,0.61,3.873,6.354,0.916,2,0
449772,1.0000025043621e+18,63875743295248,0.002,1.429,0.007,0.032,-0.306,0.045,0.951,NaN,0.549,0.113,0.828,0,0,0,63.85,NaN,0.526,0.153,0.837,-0.032,0,0,0.611,3.86,6.314,0.981,NaN,0.549,0.113,0.828,0.032,0,0,0.608,3.865,6.354,0.917,2,0
449773,1.0000025043671e+18,63875743295260,0.002,1.429,0.007,0.031,-0.304,0.045,0.951,NaN,0.55,0.11,0.828,0,0,0,63.85,NaN,0.525,0.153,0.837,-0.032,0,0,0.611,3.855,6.314,0.982,NaN,0.55,0.11,0.828,0.032,0,0,0.608,3.86,6.354,0.918,2,0
449774,1.00000250437211e+18,63875743295260,0.002,1.429,0.007,0.031,-0.304,0.045,0.951,NaN,0.551,0.107,0.828,0,0,0,63.85,NaN,0.524,0.153,0.838,-0.032,0,0,0.61,3.852,6.314,0.983,NaN,0.551,0.107,0.828,0.032,0,0,0.607,3.857,6.354,0.919,2,0
449775,1.00000250437715e+18,63875743295272,0.002,1.429,0.007,0.031,-0.303,0.045,0.951,NaN,0.551,0.104,0.828,0,0,0,63.85,NaN,0.524,0.153,0.838,-0.032,0,0,0.61,3.849,6.314,0.984,NaN,0.551,0.104,0.828,0.032,0,0,0.606,3.853,6.354,0.921,2,0.3585511
449776,1.00000250438215e+18,63875743295283,0.002,1.429,0.006,0.03,-0.302,0.045,0.952,NaN,0.547,0.106,0.83,0,0,0,63.85,NaN,0.523,0.153,0.838,-0.032,0,0,0.609,3.847,6.314,0.985,NaN,0.547,0.106,0.83,0.032,0,0,0.606,3.851,6.354,0.922,2,0
449777,1.00000250438717e+18,63875743295283,0.002,1.429,0.006,0.03,-0.302,0.045,0.952,NaN,0.544,0.107,0.832,0,0,0,63.85,NaN,0.523,0.153,0.839,-0.032,0,0,0.609,3.843,6.314,0.986,NaN,0.544,0.107,0.832,0.032,0,0,0.606,3.851,6.354,0.923,2,0
449778,1.00000250439217e+18,63875743295283,0.002,1.429,0.006,0.03,-0.302,0.045,0.952,NaN,0.541,0.108,0.834,0,0,0,63.85,NaN,0.523,0.151,0.839,-0.032,0,0,0.608,3.838,6.314,0.987,NaN,0.541,0.108,0.834,0.032,0,0,0.606,3.85,6.354,0.925,2,0
449779,1.00000250439719e+18,63875743295294,0.002,1.429,0.006,0.03,-0.301,0.045,0.952,NaN,0.54,0.109,0.835,0,0,0,63.85,NaN,0.523,0.148,0.839,-0.032,0,0,0.607,3.833,6.314,0.988,NaN,0.54,0.109,0.835,0.032,0,0,0.606,3.85,6.354,0.926,2,0
449780,1.00000250440222e+18,63875743295294,0.002,1.429,0.006,0.03,-0.301,0.045,0.952,NaN,0.538,0.109,0.836,0,0,0,63.85,NaN,0.523,0.144,0.84,-0.032,0,0,0.606,3.828,6.314,0.989,NaN,0.538,0.109,0.836,0.032,0,0,0.606,3.85,6.354,0.927,2,0
449781,1.00000250440723e+18,63875743295305,0.002,1.429,0.006,0.029,-0.3,0.044,0.953,NaN,0.538,0.11,0.836,0,0,0,63.85,NaN,0.524,0.14,0.84,-0.032,0,0,0.605,3.822,6.314,0.99,NaN,0.538,0.11,0.836,0.032,0,0,0.606,3.849,6.354,0.929,2,0
449782,1.00000250441224e+18,63875743295305,0.002,1.429,0.006,0.029,-0.3,0.044,0.953,NaN,0.537,0.11,0.836,0,0,0,63.85,NaN,0.524,0.136,0.841,-0.032,0,0,0.693,4.378,6.314,0.99,NaN,0.537,0.11,0.836,0.032,0,0,0.606,3.848,6.354,0.93,2,0
449783,1.00000250441725e+18,63875743295305,0.002,1.429,0.006,0.029,-0.3,0.044,0.953,NaN,0.536,0.11,0.837,0,0,0,63.85,NaN,0.524,0.132,0.842,-0.032,0,0,0.698,4.406,6.314,0.991,NaN,0.536,0.11,0.837,0.032,0,0,0.605,3.845,6.354,0.932,2,0
449784,1.00000250442228e+18,63875743295315,0.002,1.428,0.006,0.029,-0.299,0.044,0.953,NaN,0.535,0.111,0.838,0,0,0,63.85,NaN,0.524,0.129,0.842,-0.032,0,0,0.698,4.408,6.314,0.991,NaN,0.535,0.111,0.838,0.032,0,0,0.604,3.84,6.354,0.933,2,0
449785,1.00000250442729e+18,63875743295315,0.002,1.428,0.006,0.029,-0.299,0.044,0.953,NaN,0.536,0.109,0.837,0,0,0,63.85,NaN,0.523,0.132,0.842,-0.032,0,0,0.608,3.839,6.314,0.992,NaN,0.536,0.109,0.837,0.032,0,0,0.603,3.834,6.354,0.934,2,0
449786,1.00000250443231e+18,63875743295327,0.002,1.428,0.006,0.029,-0.298,0.043,0.953,NaN,0.526,0.108,0.844,0,0,0,63.85,NaN,0.522,0.134,0.842,-0.032,0,0,0.602,3.8,6.314,0.992,NaN,0.526,0.108,0.844,0.032,0,0,0.603,3.832,6.354,0.936,2,0
449787,1.00000250443733e+18,63875743295327,0.002,1.428,0.006,0.029,-0.298,0.043,0.953,NaN,0.526,0.108,0.843,0,0,0,63.85,NaN,0.522,0.136,0.842,-0.032,0,0,0.599,3.782,6.314,0.993,NaN,0.526,0.108,0.843,0.032,0,0,0.602,3.827,6.354,0.937,2,0
449788,1.00000250444228e+18,63875743295327,0.002,1.428,0.006,0.029,-0.298,0.043,0.953,NaN,0.516,0.106,0.85,0,0,0,63.85,NaN,0.521,0.138,0.842,-0.032,0,0,0.596,3.765,6.314,0.993,NaN,0.516,0.106,0.85,0.032,0,0,0.602,3.823,6.354,0.939,2,0
449789,1.00000250444731e+18,63875743295338,0.002,1.428,0.006,0.028,-0.297,0.043,0.954,NaN,0.507,0.108,0.855,0,0,0,63.85,NaN,0.52,0.14,0.843,-0.032,0,0,0.594,3.75,6.314,0.994,NaN,0.507,0.108,0.855,0.032,0,0,0.602,3.824,6.354,0.939,2,0
449790,1.00000250445239e+18,63875743295338,0.002,1.428,0.006,0.028,-0.297,0.043,0.954,NaN,0.502,0.109,0.858,0,0,0,63.85,NaN,0.519,0.146,0.842,-0.032,0,0,0.591,3.734,6.314,0.994,NaN,0.502,0.109,0.858,0.032,0,0,0.603,3.83,6.354,0.941,2,0
449791,1.00000250445739e+18,63875743295349,0.001,1.428,0.006,0.028,-0.296,0.042,0.954,NaN,0.497,0.111,0.861,0,0,0,63.85,NaN,0.518,0.157,0.841,-0.032,0,0,0.591,3.734,6.314,0.994,NaN,0.497,0.111,0.861,0.032,0,0,0.604,3.835,6.354,0.942,0.441364,0
449792,1.00000250446241e+18,63875743295349,0.001,1.428,0.006,0.028,-0.296,0.042,0.954,NaN,0.501,0.117,0.857,0,0,0,63.85,NaN,0.515,0.174,0.839,-0.032,0,0,0.592,3.739,6.314,0.995,NaN,0.501,0.117,0.857,0.032,0,0,0.604,3.835,6.354,0.943,0.2416262,0
449793,1.00000250446738e+18,63875743295360,0.001,1.428,0.006,0.027,-0.295,0.041,0.954,NaN,0.5,0.128,0.856,0,0,0,63.85,NaN,0.512,0.193,0.837,-0.032,0,0,0.593,3.741,6.314,0.995,NaN,0.5,0.128,0.856,0.032,0,0,0.603,3.828,6.354,0.945,0.1663711,0
449794,1.00000250447237e+18,63875743295360,0.001,1.428,0.006,0.027,-0.295,0.041,0.954,NaN,0.496,0.145,0.856,0,0,0,63.85,NaN,0.508,0.212,0.835,-0.032,0,0,0.591,3.734,6.314,0.995,NaN,0.496,0.145,0.856,0.032,0,0,0.6,3.815,6.354,0.942,0.1452562,0
449795,1.00000250447738e+18,63875743295371,0.001,1.428,0.006,0.026,-0.294,0.039,0.955,NaN,0.489,0.163,0.857,0,0,0,63.85,NaN,0.503,0.232,0.833,-0.032,0,0,0.589,3.718,6.314,0.995,NaN,0.489,0.163,0.857,0.032,0,0,0.599,3.803,6.354,0.937,0.1585971,0
449796,1.0000025044824e+18,63875743295383,0.001,1.428,0.006,0.024,-0.292,0.037,0.955,NaN,0.484,0.174,0.858,0,0,0,63.85,NaN,0.497,0.249,0.831,-0.032,0,0,0.585,3.693,6.314,0.996,NaN,0.484,0.174,0.858,0.032,0,0,0.596,3.79,6.354,0.932,0.1272538,0
449797,1.00000250448742e+18,63875743295383,0.001,1.428,0.006,0.024,-0.292,0.037,0.955,NaN,0.486,0.179,0.856,0,0,0,63.85,NaN,0.49,0.265,0.83,-0.032,0,0,0.583,3.682,6.314,0.996,NaN,0.486,0.179,0.856,0.032,0,0,0.595,3.781,6.354,0.927,0.03304815,0
449798,1.00000250449243e+18,63875743295384,0.001,1.428,0.006,0.024,-0.292,0.037,0.955,NaN,0.486,0.187,0.854,0,0,0,63.85,NaN,0.482,0.278,0.831,-0.032,0,0,0.583,3.682,6.314,0.996,NaN,0.486,0.187,0.854,0.032,0,0,0.593,3.765,6.354,0.923,2,0
449799,1.00000250449745e+18,63875743295384,0.001,1.428,0.006,0.024,-0.292,0.037,0.955,NaN,0.46,0.224,0.859,0,0,0,63.85,NaN,0.457,0.283,0.843,-0.032,0,0,0.583,3.682,6.314,0.996,NaN,0.46,0.224,0.859,0.032,0,0,0.592,3.762,6.354,0.92,2,0
449800,1.00000250450246e+18,63875743295394,0.001,1.428,0.006,0.023,-0.291,0.035,0.956,NaN,0.452,0.239,0.859,0,0,0,63.85,NaN,0.45,0.295,0.843,-0.032,0,0,0.584,3.689,6.314,0.996,NaN,0.452,0.239,0.859,0.032,0,0,0.591,3.757,6.354,0.918,2,0
449801,1.00000250450748e+18,63875743295394,0.001,1.428,0.006,0.023,-0.291,0.035,0.956,NaN,0.439,0.248,0.864,0,0,0,63.85,NaN,0.437,0.287,0.853,-0.032,0,0,0.585,3.696,6.314,0.996,NaN,0.439,0.248,0.864,0.032,0,0,0.59,3.748,6.354,0.918,2,0
449802,1.00000250451247e+18,63875743295404,0.001,1.428,0.006,0.022,-0.29,0.033,0.956,NaN,0.425,0.257,0.868,0,0,0,63.85,NaN,0.431,0.296,0.852,-0.032,0,0,0.584,3.69,6.314,0.997,NaN,0.425,0.257,0.868,0.032,0,0,0.589,3.741,6.354,0.918,2,0
449803,1.00000250451749e+18,63875743295405,0.001,1.428,0.006,0.022,-0.29,0.033,0.956,NaN,0.425,0.264,0.866,0,0,0,63.85,NaN,0.426,0.301,0.853,-0.032,0,0,0.581,3.668,6.314,0.997,NaN,0.425,0.264,0.866,0.032,0,0,0.588,3.739,6.354,0.92,2,0
449804,1.0000025045225e+18,63875743295416,0.001,1.428,0.006,0.021,-0.289,0.03,0.957,NaN,0.426,0.27,0.863,0,0,0,63.85,NaN,0.422,0.304,0.854,-0.032,0,0,0.579,3.659,6.314,0.997,NaN,0.426,0.27,0.863,0.032,0,0,0.587,3.73,6.354,0.924,2,0
449805,1.00000250452751e+18,63875743295416,0.001,1.428,0.006,0.021,-0.289,0.03,0.957,NaN,0.426,0.274,0.862,0,0,0,63.85,NaN,0.419,0.303,0.856,-0.032,0,0,0.578,3.651,6.314,0.997,NaN,0.426,0.274,0.862,0.032,0,0,0.585,3.72,6.354,0.93,2,0
449806,1.00000250453252e+18,63875743295427,0.002,1.428,0.006,0.02,-0.287,0.027,0.957,NaN,0.426,0.275,0.862,0,0,0,63.85,NaN,0.416,0.302,0.858,-0.032,0,0,0.577,3.645,6.314,0.997,NaN,0.426,0.275,0.862,0.032,0,0,0.584,3.711,6.354,0.936,2,0
449807,1.00000250453754e+18,63875743295427,0.002,1.428,0.006,0.02,-0.287,0.027,0.957,NaN,0.425,0.276,0.862,0,0,0,63.85,NaN,0.414,0.3,0.86,-0.032,0,0,0.574,3.625,6.314,0.997,NaN,0.425,0.276,0.862,0.032,0,0,0.583,3.701,6.354,0.943,2,0
449808,1.00000250454255e+18,63875743295438,0.002,1.428,0.006,0.02,-0.286,0.025,0.958,NaN,0.424,0.276,0.862,0,0,0,63.85,NaN,0.412,0.297,0.861,-0.032,0,0,0.572,3.614,6.314,0.997,NaN,0.424,0.276,0.862,0.032,0,0,0.581,3.692,6.354,0.949,2,0
449809,1.00000250454755e+18,63875743295438,0.002,1.428,0.006,0.02,-0.286,0.025,0.958,NaN,0.424,0.276,0.863,0,0,0,63.85,NaN,0.41,0.295,0.863,-0.032,0,0,0.572,3.61,6.314,0.997,NaN,0.424,0.276,0.863,0.032,0,0,0.579,3.681,6.354,0.955,2,0
449810,1.00000250455256e+18,63875743295438,0.002,1.428,0.006,0.02,-0.286,0.025,0.958,NaN,0.423,0.274,0.863,0,0,0,63.85,NaN,0.409,0.293,0.865,-0.032,0,0,0.57,3.602,6.314,0.998,NaN,0.423,0.274,0.863,0.032,0,0,0.578,3.673,6.354,0.957,2,0
449811,1.00000250455758e+18,63875743295449,0.002,1.428,0.006,0.02,-0.285,0.022,0.958,NaN,0.42,0.273,0.865,0,0,0,63.85,NaN,0.407,0.291,0.866,-0.032,0,0,0.569,3.594,6.314,0.998,NaN,0.42,0.273,0.865,0.032,0,0,0.577,3.668,6.354,0.957,2,0
449812,1.0000025045626e+18,63875743295449,0.002,1.428,0.006,0.02,-0.285,0.022,0.958,NaN,0.418,0.271,0.867,0,0,0,63.85,NaN,0.405,0.289,0.867,-0.032,0,0,0.569,3.595,6.314,0.998,NaN,0.418,0.271,0.867,0.032,0,0,0.577,3.666,6.354,0.957,2,0
449813,1.00000250456761e+18,63875743295460,0.002,1.428,0.006,0.02,-0.283,0.02,0.959,NaN,0.418,0.27,0.867,0,0,0,63.85,NaN,0.403,0.288,0.869,-0.032,0,0,0.569,3.595,6.314,0.998,NaN,0.418,0.27,0.867,0.032,0,0,0.576,3.66,6.354,0.961,2,0
449814,1.00000250457263e+18,63875743295460,0.002,1.428,0.006,0.02,-0.283,0.02,0.959,NaN,0.419,0.268,0.868,0,0,0,63.85,NaN,0.401,0.287,0.87,-0.032,0,0,0.569,3.595,6.314,0.998,NaN,0.419,0.268,0.868,0.032,0,0,0.575,3.656,6.354,0.964,2,0
449815,1.00000250457763e+18,63875743295471,0.002,1.428,0.006,0.02,-0.282,0.019,0.959,NaN,0.419,0.266,0.868,0,0,0,63.85,NaN,0.4,0.286,0.871,-0.032,0,0,0.569,3.591,6.314,0.998,NaN,0.419,0.266,0.868,0.032,0,0,0.575,3.653,6.354,0.967,2,0
449816,1.00000250458264e+18,63875743295471,0.002,1.428,0.006,0.02,-0.282,0.019,0.959,NaN,0.42,0.264,0.868,0,0,0,63.85,NaN,0.398,0.286,0.872,-0.032,0,0,0.567,3.582,6.314,0.998,NaN,0.42,0.264,0.868,0.032,0,0,0.574,3.646,6.354,0.97,2,0
449817,1.00000250458765e+18,63875743295483,0.003,1.427,0.006,0.02,-0.281,0.018,0.959,NaN,0.42,0.263,0.869,0,0,0,63.85,NaN,0.397,0.286,0.872,-0.032,0,0,0.566,3.573,6.314,0.998,NaN,0.42,0.263,0.869,0.032,0,0,0.572,3.637,6.354,0.972,2,0
449818,1.00000250459265e+18,63875743295483,0.003,1.427,0.006,0.02,-0.281,0.018,0.959,NaN,0.42,0.262,0.869,0,0,0,63.85,NaN,0.395,0.285,0.873,-0.032,0,0,0.565,3.565,6.314,0.998,NaN,0.42,0.262,0.869,0.032,0,0,0.571,3.629,6.354,0.974,2,0
449819,1.0000025045977e+18,63875743295483,0.003,1.427,0.006,0.02,-0.281,0.018,0.959,NaN,0.42,0.26,0.87,0,0,0,63.85,NaN,0.394,0.284,0.874,-0.032,0,0,0.564,3.558,6.314,0.998,NaN,0.42,0.26,0.87,0.032,0,0,0.57,3.62,6.354,0.976,2,0
449820,1.0000025046027e+18,63875743295494,0.003,1.427,0.006,0.019,-0.28,0.018,0.96,NaN,0.419,0.26,0.87,0,0,0,63.85,NaN,0.393,0.284,0.875,-0.032,0,0,0.562,3.552,6.314,0.998,NaN,0.419,0.26,0.87,0.032,0,0,0.569,3.614,6.354,0.978,2,0
449821,1.00000250460771e+18,63875743295494,0.003,1.427,0.006,0.019,-0.28,0.018,0.96,NaN,0.418,0.259,0.871,0,0,0,63.85,NaN,0.392,0.283,0.875,-0.032,0,0,0.561,3.543,6.314,0.998,NaN,0.418,0.259,0.871,0.032,0,0,0.568,3.607,6.354,0.98,2,0
449822,1.00000250461271e+18,63875743295504,0.003,1.427,0.006,0.019,-0.279,0.017,0.96,NaN,0.417,0.258,0.872,0,0,0,63.85,NaN,0.391,0.283,0.876,-0.032,0,0,0.56,3.533,6.314,0.998,NaN,0.417,0.258,0.872,0.032,0,0,0.566,3.599,6.354,0.981,2,0
449823,1.00000250461774e+18,63875743295504,0.003,1.427,0.006,0.019,-0.279,0.017,0.96,NaN,0.416,0.256,0.872,0,0,0,63.85,NaN,0.39,0.283,0.876,-0.032,0,0,0.559,3.527,6.314,0.999,NaN,0.416,0.256,0.872,0.032,0,0,0.565,3.591,6.354,0.982,2,0.08543602
449824,1.00000250462275e+18,63875743295516,0.003,1.427,0.006,0.018,-0.277,0.017,0.96,NaN,0.415,0.255,0.873,0,0,0,63.85,NaN,0.389,0.283,0.877,-0.032,0,0,0.557,3.52,6.314,0.999,NaN,0.415,0.255,0.873,0.032,0,0,0.564,3.584,6.354,0.983,2,0.1241636
449825,1.00000250462775e+18,63875743295516,0.003,1.427,0.006,0.018,-0.277,0.017,0.96,NaN,0.414,0.254,0.874,0,0,0,63.85,NaN,0.387,0.283,0.877,-0.032,0,0,0.557,3.52,6.314,0.999,NaN,0.414,0.254,0.874,0.032,0,0,0.563,3.577,6.354,0.984,2,0.1679323
449826,1.00000250463278e+18,63875743295527,0.004,1.427,0.006,0.017,-0.276,0.017,0.961,NaN,0.413,0.253,0.875,0,0,0,63.85,NaN,0.386,0.284,0.878,-0.032,0,0,0.558,3.52,6.314,0.999,NaN,0.413,0.253,0.875,0.032,0,0,0.562,3.57,6.354,0.986,2,0.1862277
449827,1.00000250463778e+18,63875743295527,0.004,1.427,0.006,0.017,-0.276,0.017,0.961,NaN,0.412,0.252,0.876,0,0,0,63.85,NaN,0.385,0.284,0.878,-0.032,0,0,0.557,3.518,6.314,0.999,NaN,0.412,0.252,0.876,0.032,0,0,0.561,3.562,6.354,0.987,2,0.1806498
449828,1.00000250464279e+18,63875743295527,0.004,1.427,0.006,0.017,-0.276,0.017,0.961,NaN,0.41,0.252,0.877,0,0,0,63.85,NaN,0.384,0.285,0.879,-0.032,0,0,0.556,3.512,6.314,0.999,NaN,0.41,0.252,0.877,0.032,0,0,0.559,3.553,6.354,0.988,2,0.2072175
449829,1.0000025046478e+18,63875743295539,0.004,1.427,0.006,0.016,-0.275,0.018,0.961,NaN,0.409,0.252,0.877,0,0,0,63.85,NaN,0.382,0.285,0.879,-0.032,0,0,0.555,3.506,6.314,0.999,NaN,0.409,0.252,0.877,0.032,0,0,0.558,3.546,6.354,0.989,2,0.187655
449830,1.00000250465282e+18,63875743295539,0.004,1.427,0.006,0.016,-0.275,0.018,0.961,NaN,0.405,0.252,0.879,0,0,0,63.85,NaN,0.38,0.285,0.88,-0.032,0,0,0.556,3.509,6.314,0.999,NaN,0.405,0.252,0.879,0.032,0,0,0.557,3.536,6.354,0.985,2,0.1397475
449831,1.00000250465783e+18,63875743295550,0.004,1.427,0.006,0.015,-0.274,0.018,0.961,NaN,0.391,0.253,0.885,0,0,0,63.85,NaN,0.378,0.286,0.88,-0.032,0,0,0.557,3.517,6.314,0.999,NaN,0.391,0.253,0.885,0.032,0,0,0.555,3.528,6.354,0.966,2,0
449832,1.00000250466284e+18,63875743295550,0.004,1.427,0.006,0.015,-0.274,0.018,0.961,NaN,0.377,0.255,0.89,0,0,0,63.85,NaN,0.376,0.286,0.881,-0.032,0,0,0.558,3.524,6.314,0.999,NaN,0.377,0.255,0.89,0.032,0,0,0.555,3.524,6.354,0.963,2,0
449833,1.00000250466785e+18,63875743295561,0.004,1.427,0.006,0.015,-0.273,0.018,0.962,NaN,0.367,0.256,0.894,0,0,0,63.85,NaN,0.372,0.287,0.883,-0.032,0,0,0.555,3.507,6.314,0.998,NaN,0.367,0.256,0.894,0.032,0,0,0.554,3.521,6.354,0.957,2,0
449834,1.00000250467288e+18,63875743295561,0.004,1.427,0.006,0.015,-0.273,0.018,0.962,NaN,0.363,0.258,0.895,0,0,0,63.85,NaN,0.366,0.287,0.885,-0.032,0,0,0,0,6.314,0.987,NaN,0.365,0.257,0.895,0.032,0,0,0,0,6.354,0.947,2,0
449835,1.00000250467789e+18,63875743295571,0.004,1.427,0.006,0.014,-0.272,0.018,0.962,NaN,0.358,0.259,0.897,0,0,0,63.85,NaN,0.359,0.288,0.888,-0.032,0,0,0,0,6.314,0.949,NaN,0.361,0.257,0.896,0.032,0,0,0,0,6.354,0.927,2,0
449836,1.00000250468285e+18,63875743295572,0.004,1.427,0.006,0.014,-0.272,0.018,0.962,NaN,0.349,0.261,0.9,0,0,0,63.85,NaN,0.351,0.29,0.89,-0.032,0,0,0,0,6.314,0.905,NaN,0.352,0.257,0.9,0.032,0,0,0,0,6.354,0.894,2,0
449837,1.00000250468788e+18,63875743295650,0.004,1.427,0.006,0.011,-0.266,0.018,0.964,NaN,-0.298,0.51,0.807,0,0,0,63.85,NaN,NaN,NaN,NaN,NaN,NaN,NaN,NaN,-0.299,0.501,0.812,0.032,0,0,0,0,6.354,NaN,2,0,NaN,NaN,NaN,NaN
449838,1.00000250469294e+18,63875743295650,0.004,1.427,0.006,0.011,-0.266,0.018,0.964,NaN,-0.035,0.479,0.877,0,0,0,63.85,NaN,NaN,NaN,NaN,NaN,NaN,NaN,NaN,-0.034,0.482,0.876,0.032,0,0,0,0,6.354,NaN,2,0,NaN,NaN,NaN,NaN
449839,1.00000250469792e+18,63875743295650,0.004,1.427,0.006,0.011,-0.266,0.018,0.964,NaN,NaN,NaN,NaN,NaN,NaN,NaN,NaN,NaN,NaN,NaN,NaN,NaN,NaN,NaN,NaN,NaN,NaN,NaN,NaN,NaN,NaN,NaN,NaN,NaN,NaN,NaN,NaN,NaN,NaN,NaN,NaN
449840,1.00000250470292e+18,63875743295650,0.004,1.427,0.006,0.011,-0.266,0.018,0.964,NaN,NaN,NaN,NaN,NaN,NaN,NaN,NaN,NaN,NaN,NaN,NaN,NaN,NaN,NaN,NaN,NaN,NaN,NaN,NaN,NaN,NaN,NaN,NaN,NaN,NaN,NaN,NaN,NaN,NaN,NaN,NaN
449841,1.00000250470793e+18,63875743295650,0.004,1.427,0.006,0.011,-0.266,0.018,0.964,NaN,NaN,NaN,NaN,NaN,NaN,NaN,NaN,NaN,NaN,NaN,NaN,NaN,NaN,NaN,NaN,NaN,NaN,NaN,NaN,NaN,NaN,NaN,NaN,NaN,NaN,NaN,NaN,NaN,NaN,NaN,NaN
449842,1.00000250471294e+18,63875743295650,0.004,1.427,0.006,0.011,-0.266,0.018,0.964,NaN,NaN,NaN,NaN,NaN,NaN,NaN,NaN,NaN,NaN,NaN,NaN,NaN,NaN,NaN,NaN,NaN,NaN,NaN,NaN,NaN,NaN,NaN,NaN,NaN,NaN,NaN,NaN,NaN,NaN,NaN,NaN
449843,1.00000250471799e+18,63875743295650,0.004,1.427,0.006,0.011,-0.266,0.018,0.964,NaN,NaN,NaN,NaN,NaN,NaN,NaN,NaN,NaN,NaN,NaN,NaN,NaN,NaN,NaN,NaN,NaN,NaN,NaN,NaN,NaN,NaN,NaN,NaN,NaN,NaN,NaN,NaN,NaN,NaN,NaN,NaN
449844,1.000002504723e+18,63875743295650,0.004,1.427,0.006,0.011,-0.266,0.018,0.964,NaN,NaN,NaN,NaN,NaN,NaN,NaN,NaN,NaN,NaN,NaN,NaN,NaN,NaN,NaN,NaN,NaN,NaN,NaN,NaN,NaN,NaN,NaN,NaN,NaN,NaN,NaN,NaN,NaN,NaN,NaN,NaN
449845,1.00000250472802e+18,63875743295650,0.004,1.427,0.006,0.011,-0.266,0.018,0.964,NaN,NaN,NaN,NaN,NaN,NaN,NaN,NaN,NaN,NaN,NaN,NaN,NaN,NaN,NaN,NaN,NaN,NaN,NaN,NaN,NaN,NaN,NaN,NaN,NaN,NaN,NaN,NaN,NaN,NaN,NaN,NaN
449846,1.00000250473303e+18,63875743295650,0.004,1.427,0.006,0.011,-0.266,0.018,0.964,NaN,NaN,NaN,NaN,NaN,NaN,NaN,NaN,NaN,NaN,NaN,NaN,NaN,NaN,NaN,NaN,NaN,NaN,NaN,NaN,NaN,NaN,NaN,NaN,NaN,NaN,NaN,NaN,NaN,NaN,NaN,NaN
449847,1.00000250473804e+18,63875743295650,0.004,1.427,0.006,0.011,-0.266,0.018,0.964,NaN,NaN,NaN,NaN,NaN,NaN,NaN,NaN,NaN,NaN,NaN,NaN,NaN,NaN,NaN,NaN,NaN,NaN,NaN,NaN,NaN,NaN,NaN,NaN,NaN,NaN,NaN,NaN,NaN,NaN,NaN,NaN
449848,1.00000250474305e+18,63875743295650,0.004,1.427,0.006,0.011,-0.266,0.018,0.964,NaN,NaN,NaN,NaN,NaN,NaN,NaN,NaN,NaN,NaN,NaN,NaN,NaN,NaN,NaN,NaN,NaN,NaN,NaN,NaN,NaN,NaN,NaN,NaN,NaN,NaN,NaN,NaN,NaN,NaN,NaN,NaN
449849,1.00000250474806e+18,63875743295650,0.004,1.427,0.006,0.011,-0.266,0.018,0.964,NaN,NaN,NaN,NaN,NaN,NaN,NaN,NaN,NaN,NaN,NaN,NaN,NaN,NaN,NaN,NaN,NaN,NaN,NaN,NaN,NaN,NaN,NaN,NaN,NaN,NaN,NaN,NaN,NaN,NaN,NaN,NaN
449850,1.00000250475306e+18,63875743295650,0.004,1.427,0.006,0.011,-0.266,0.018,0.964,NaN,NaN,NaN,NaN,NaN,NaN,NaN,NaN,NaN,NaN,NaN,NaN,NaN,NaN,NaN,NaN,NaN,NaN,NaN,NaN,NaN,NaN,NaN,NaN,NaN,NaN,NaN,NaN,NaN,NaN,NaN,NaN
449851,1.00000250475808e+18,63875743295650,0.004,1.427,0.006,0.011,-0.266,0.018,0.964,NaN,0.031,0.476,0.879,0,0,0,63.85,NaN,NaN,NaN,NaN,NaN,NaN,NaN,NaN,0.031,0.475,0.88,0.032,0,0,0,0,6.354,NaN,2,0,NaN,NaN,NaN,NaN
449852,1.00000250476312e+18,63875743295650,0.004,1.427,0.006,0.011,-0.266,0.018,0.964,NaN,0.044,0.467,0.883,0,0,0,63.85,NaN,NaN,NaN,NaN,NaN,NaN,NaN,NaN,0.044,0.464,0.885,0.032,0,0,0,0,6.354,NaN,2,0,NaN,NaN,NaN,NaN
449853,1.00000250476813e+18,63875743295671,0.004,1.427,0.006,0.01,-0.265,0.018,0.964,NaN,NaN,NaN,NaN,NaN,NaN,NaN,NaN,NaN,NaN,NaN,NaN,NaN,NaN,NaN,NaN,NaN,NaN,NaN,NaN,NaN,NaN,NaN,NaN,NaN,NaN,NaN,NaN,NaN,NaN,NaN,NaN
449854,1.00000250477315e+18,63875743295671,0.004,1.427,0.006,0.01,-0.265,0.018,0.964,NaN,NaN,NaN,NaN,NaN,NaN,NaN,NaN,NaN,NaN,NaN,NaN,NaN,NaN,NaN,NaN,NaN,NaN,NaN,NaN,NaN,NaN,NaN,NaN,NaN,NaN,NaN,NaN,NaN,NaN,NaN,NaN
449855,1.00000250477816e+18,63875743295671,0.004,1.427,0.006,0.01,-0.265,0.018,0.964,NaN,0.086,0.456,0.886,0,0,0,63.85,NaN,0.236,0.382,0.894,-0.032,0,0,0,0,6.314,0.942,NaN,0.091,0.457,0.885,0.032,0,0,0,0,6.354,0.798,0.3445854,0
449856,1.00000250478318e+18,63875743295671,0.004,1.427,0.006,0.01,-0.265,0.018,0.964,NaN,0.135,0.439,0.888,0,0,0,63.85,NaN,0.236,0.382,0.894,-0.032,0,0,0,0,6.314,0.953,NaN,0.141,0.441,0.886,0.032,0,0,0,0,6.354,0.817,0.4807852,0
449857,1.0000025047882e+18,63875743295683,0.004,1.427,0.006,0.009,-0.265,0.018,0.964,NaN,0.174,0.424,0.889,0,0,0,63.85,NaN,0.316,0.307,0.898,-0.032,0,0,0,0,6.314,0.962,NaN,0.18,0.427,0.886,0.032,0,0,0,0,6.354,0.835,0.2622762,0
449858,1.00000250479314e+18,63875743295683,0.004,1.427,0.006,0.009,-0.265,0.018,0.964,NaN,0.2,0.413,0.888,0,0,0,63.85,NaN,0.289,0.324,0.901,-0.032,0,0,0,0,6.314,0.968,NaN,0.207,0.416,0.886,0.032,0,0,0,0,6.354,0.851,0.3421367,0
449859,1.00000250479815e+18,63875743295694,0.004,1.427,0.006,0.009,-0.264,0.018,0.964,NaN,0.217,0.406,0.888,0,0,0,63.85,NaN,0.27,0.34,0.901,-0.032,0,0,0,0,6.314,0.974,NaN,0.225,0.41,0.884,0.032,0,0,0,0,6.354,0.865,0.3955807,0
449860,1.00000250480316e+18,63875743295694,0.004,1.427,0.006,0.009,-0.264,0.018,0.964,NaN,0.228,0.402,0.887,0,0,0,63.85,NaN,0.258,0.352,0.9,-0.032,0,0,0,0,6.314,0.978,NaN,0.237,0.408,0.882,0.032,0,0,0,0,6.354,0.878,0.3436507,0
449861,1.0000025048082e+18,63875743295694,0.004,1.427,0.006,0.009,-0.264,0.018,0.964,NaN,0.235,0.399,0.886,0,0,0,63.85,NaN,0.25,0.361,0.898,-0.032,0,0,0,0,6.314,0.981,NaN,0.245,0.405,0.881,0.032,0,0,0,0,6.354,0.89,2,0
449862,1.00000250481321e+18,63875743295704,0.004,1.427,0.005,0.009,-0.264,0.017,0.964,NaN,0.239,0.397,0.886,0,0,0,63.85,NaN,0.245,0.368,0.897,-0.032,0,0,0,0,6.314,0.983,NaN,0.25,0.403,0.88,0.032,0,0,0,0,6.354,0.901,2,0
449863,1.00000250481822e+18,63875743295704,0.004,1.427,0.005,0.009,-0.264,0.017,0.964,NaN,0.239,0.388,0.89,0,0,0,63.85,NaN,0.242,0.372,0.896,-0.032,0,0,0,0,6.314,0.985,NaN,0.246,0.388,0.888,0.032,0,0,0,0,6.354,0.911,2,0
449864,1.00000250482323e+18,63875743295716,0.004,1.427,0.005,0.009,-0.263,0.017,0.965,NaN,0.238,0.382,0.893,0,0,0,63.85,NaN,0.24,0.375,0.895,-0.032,0,0,0,0,6.314,0.987,NaN,0.243,0.376,0.894,0.032,0,0,0,0,6.354,0.92,2,0
449865,1.00000250482827e+18,63875743295716,0.004,1.427,0.005,0.009,-0.263,0.017,0.965,NaN,0.238,0.377,0.895,0,0,0,63.85,NaN,0.239,0.378,0.895,-0.032,0,0,0,0,6.314,0.988,NaN,0.242,0.367,0.898,0.032,0,0,0,0,6.354,0.928,2,0
449866,1.00000250483328e+18,63875743295727,0.004,1.427,0.005,0.009,-0.263,0.017,0.965,NaN,0.237,0.374,0.896,0,0,0,63.85,NaN,0.238,0.379,0.894,-0.032,0,0,0,0,6.314,0.989,NaN,0.241,0.361,0.901,0.032,0,0,0,0,6.354,0.935,2,0
449867,1.00000250483827e+18,63875743295727,0.004,1.427,0.005,0.009,-0.263,0.017,0.965,NaN,0.237,0.372,0.897,0,0,0,63.85,NaN,0.237,0.381,0.894,-0.032,0,0,0,0,6.314,0.99,NaN,0.24,0.358,0.902,0.032,0,0,0,0,6.354,0.941,2,0
449868,1.00000250484329e+18,63875743295738,0.004,1.427,0.005,0.008,-0.263,0.017,0.965,NaN,0.237,0.371,0.898,0,0,0,63.85,NaN,0.237,0.382,0.894,-0.032,0,0,0,0,6.314,0.991,NaN,0.24,0.355,0.904,0.032,0,0,0,0,6.354,0.948,2,0
449869,1.00000250484829e+18,63875743295738,0.004,1.427,0.005,0.008,-0.263,0.017,0.965,NaN,0.237,0.369,0.899,0,0,0,63.85,NaN,0.236,0.382,0.893,-0.032,0,0,0,0,6.314,0.992,NaN,0.239,0.353,0.905,0.032,0,0,0,0,6.354,0.953,2,0
449870,1.00000250485329e+18,63875743295738,0.004,1.427,0.005,0.008,-0.263,0.017,0.965,NaN,0.245,0.363,0.899,0,0,0,63.85,NaN,0.236,0.382,0.893,-0.032,0,0,0,0,6.314,0.992,NaN,0.247,0.351,0.903,0.032,0,0,0,0,6.354,0.96,2,0
449871,1.00000250485829e+18,63875743295748,0.004,1.427,0.005,0.008,-0.262,0.017,0.965,NaN,0.251,0.357,0.9,0,0,0,63.85,NaN,0.236,0.382,0.893,-0.032,0,0,0,0,6.314,0.993,NaN,0.252,0.348,0.903,0.032,0,0,0,0,6.354,0.966,2,0
449872,1.0000025048633e+18,63875743295748,0.004,1.427,0.005,0.008,-0.262,0.017,0.965,NaN,0.255,0.353,0.9,0,0,0,63.85,NaN,0.236,0.382,0.893,-0.032,0,0,0,0,6.314,0.993,NaN,0.256,0.346,0.903,0.032,0,0,0,0,6.354,0.971,2,0
449873,1.00000250486837e+18,63875743295760,0.004,1.427,0.005,0.008,-0.262,0.017,0.965,NaN,0.258,0.349,0.901,0,0,0,63.85,NaN,0.236,0.382,0.894,-0.032,0,0,0,0,6.314,0.994,NaN,0.258,0.344,0.903,0.032,0,0,0,0,6.354,0.975,2,0
449874,1.00000250487339e+18,63875743295760,0.004,1.427,0.005,0.008,-0.262,0.017,0.965,NaN,0.259,0.346,0.902,0,0,0,63.85,NaN,0.236,0.382,0.894,-0.032,0,0,0.522,3.296,6.314,0.994,NaN,0.259,0.343,0.903,0.032,0,0,0.538,3.416,6.354,0.978,2,0
449875,1.0000025048784e+18,63875743295771,0.004,1.427,0.005,0.008,-0.262,0.017,0.965,NaN,0.26,0.344,0.902,0,0,0,63.85,NaN,0.236,0.381,0.894,-0.032,0,0,0.522,3.296,6.314,0.995,NaN,0.26,0.341,0.903,0.032,0,0,0.538,3.416,6.354,0.981,2,0
449876,1.00000250488342e+18,63875743295771,0.004,1.427,0.005,0.008,-0.262,0.017,0.965,NaN,0.26,0.342,0.903,0,0,0,63.85,NaN,0.236,0.381,0.894,-0.032,0,0,0.522,3.294,6.314,0.995,NaN,0.26,0.34,0.904,0.032,0,0,0.538,3.416,6.354,0.983,2,0
449877,1.00000250488842e+18,63875743295783,0.004,1.427,0.005,0.007,-0.261,0.017,0.965,NaN,0.261,0.341,0.903,0,0,0,63.85,NaN,0.236,0.381,0.894,-0.032,0,0,0.521,3.292,6.314,0.995,NaN,0.261,0.339,0.904,0.032,0,0,0.538,3.416,6.354,0.985,2,0
449878,1.00000250489343e+18,63875743295783,0.004,1.427,0.005,0.007,-0.261,0.017,0.965,NaN,0.262,0.34,0.903,0,0,0,63.85,NaN,0.236,0.38,0.894,-0.032,0,0,0.521,3.29,6.314,0.995,NaN,0.261,0.339,0.904,0.032,0,0,0.538,3.415,6.354,0.986,2,0
449879,1.00000250489844e+18,63875743295794,0.005,1.428,0.005,0.007,-0.261,0.017,0.965,NaN,0.265,0.339,0.903,0,0,0,63.85,NaN,0.237,0.38,0.894,-0.032,0,0,0.521,3.289,6.314,0.996,NaN,0.265,0.338,0.903,0.032,0,0,0.537,3.414,6.354,0.988,2,0
449880,1.00000250490345e+18,63875743295794,0.005,1.428,0.005,0.007,-0.261,0.017,0.965,NaN,0.265,0.338,0.903,0,0,0,63.85,NaN,0.237,0.38,0.894,-0.032,0,0,0.521,3.287,6.314,0.996,NaN,0.265,0.337,0.903,0.032,0,0,0.537,3.413,6.354,0.989,2,0
449881,1.00000250490845e+18,63875743295794,0.005,1.428,0.005,0.007,-0.261,0.017,0.965,NaN,0.265,0.337,0.903,0,0,0,63.85,NaN,0.237,0.38,0.894,-0.032,0,0,0.52,3.285,6.314,0.996,NaN,0.265,0.337,0.904,0.032,0,0,0.537,3.413,6.354,0.99,2,0
449882,1.00000250491346e+18,63875743295805,0.005,1.428,0.005,0.007,-0.261,0.017,0.965,NaN,0.265,0.336,0.904,0,0,0,63.85,NaN,0.237,0.38,0.894,-0.032,0,0,0.52,3.286,6.314,0.996,NaN,0.265,0.336,0.904,0.032,0,0,0.537,3.412,6.354,0.99,2,0.01454663
449883,1.00000250491847e+18,63875743295805,0.005,1.428,0.005,0.007,-0.261,0.017,0.965,NaN,0.265,0.336,0.904,0,0,0,63.85,NaN,0.237,0.38,0.894,-0.032,0,0,0.521,3.288,6.314,0.996,NaN,0.265,0.335,0.904,0.032,0,0,0.537,3.412,6.354,0.991,2,0.006813915
449884,1.00000250492348e+18,63875743295816,0.005,1.428,0.005,0.007,-0.261,0.016,0.965,NaN,0.265,0.335,0.904,0,0,0,63.85,NaN,0.237,0.38,0.894,-0.032,0,0,0.521,3.29,6.314,0.997,NaN,0.265,0.335,0.904,0.032,0,0,0.537,3.413,6.354,0.992,2,0
449885,1.00000250492849e+18,63875743295816,0.005,1.428,0.005,0.007,-0.261,0.016,0.965,NaN,0.265,0.335,0.904,0,0,0,63.85,NaN,0.239,0.378,0.894,-0.032,0,0,0.524,3.309,6.314,0.997,NaN,0.265,0.335,0.904,0.032,0,0,0.537,3.413,6.354,0.992,2,0.00608238
449886,1.0000025049335e+18,63875743295827,0.005,1.428,0.005,0.007,-0.26,0.016,0.965,NaN,0.265,0.335,0.904,0,0,0,63.85,NaN,0.241,0.374,0.896,-0.032,0,0,0.525,3.317,6.314,0.997,NaN,0.265,0.335,0.904,0.032,0,0,0.537,3.413,6.354,0.993,2,0
449887,1.00000250493851e+18,63875743295827,0.005,1.428,0.005,0.007,-0.26,0.016,0.965,NaN,0.265,0.334,0.905,0,0,0,63.85,NaN,0.242,0.369,0.897,-0.032,0,0,0.526,3.321,6.314,0.997,NaN,0.265,0.334,0.905,0.032,0,0,0.537,3.413,6.354,0.993,2,0
449888,1.00000250494352e+18,63875743295838,0.005,1.428,0.005,0.006,-0.26,0.016,0.965,NaN,0.264,0.334,0.905,0,0,0,63.85,NaN,0.243,0.364,0.899,-0.032,0,0,0.527,3.325,6.314,0.997,NaN,0.264,0.334,0.905,0.032,0,0,0.537,3.413,6.354,0.994,2,0
449889,1.00000250494855e+18,63875743295838,0.005,1.428,0.005,0.006,-0.26,0.016,0.965,NaN,0.264,0.332,0.906,0,0,0,63.85,NaN,0.243,0.366,0.898,-0.032,0,0,0.527,3.328,6.314,0.997,NaN,0.264,0.332,0.906,0.032,0,0,0.537,3.413,6.354,0.994,2,0.2849194
449890,1.00000250495356e+18,63875743295838,0.005,1.428,0.005,0.006,-0.26,0.016,0.965,NaN,0.264,0.329,0.906,0,0,0,63.85,NaN,0.242,0.368,0.898,-0.032,0,0,0.528,3.334,6.314,0.997,NaN,0.264,0.329,0.906,0.032,0,0,0.537,3.414,6.354,0.994,2,0.3289639
449891,1.00000250495855e+18,63875743295849,0.005,1.428,0.005,0.006,-0.26,0.016,0.966,NaN,0.264,0.327,0.907,0,0,0,63.85,NaN,0.242,0.369,0.897,-0.032,0,0,0.528,3.334,6.314,0.997,NaN,0.264,0.327,0.907,0.032,0,0,0.538,3.416,6.354,0.995,2,0.3528999
449892,1.00000250496357e+18,63875743295849,0.005,1.428,0.005,0.006,-0.26,0.016,0.966,NaN,0.264,0.325,0.908,0,0,0,63.85,NaN,0.242,0.37,0.897,-0.032,0,0,0.528,3.335,6.314,0.998,NaN,0.264,0.326,0.908,0.032,0,0,0.538,3.419,6.354,0.995,2,0.3713712
449893,1.00000250496859e+18,63875743295860,0.005,1.428,0.005,0.006,-0.259,0.016,0.966,NaN,0.264,0.324,0.909,0,0,0,63.85,NaN,0.241,0.371,0.897,-0.032,0,0,0.528,3.336,6.314,0.998,NaN,0.264,0.324,0.908,0.032,0,0,0.539,3.422,6.354,0.995,2,0.3821624
449894,1.00000250497361e+18,63875743295860,0.005,1.428,0.005,0.006,-0.259,0.016,0.966,NaN,0.264,0.322,0.909,0,0,0,63.85,NaN,0.241,0.371,0.897,-0.032,0,0,0.529,3.338,6.314,0.998,NaN,0.264,0.322,0.909,0.032,0,0,0.539,3.424,6.354,0.995,2,0.3872579
449895,1.00000250497859e+18,63875743295871,0.005,1.428,0.005,0.006,-0.259,0.016,0.966,NaN,0.264,0.321,0.91,0,0,0,63.85,NaN,0.242,0.366,0.899,-0.032,0,0,0.529,3.338,6.314,0.998,NaN,0.264,0.321,0.909,0.032,0,0,0.539,3.426,6.354,0.996,2,0.3985002
449896,1.00000250498362e+18,63875743295871,0.005,1.428,0.005,0.006,-0.259,0.016,0.966,NaN,0.264,0.32,0.91,0,0,0,63.85,NaN,0.242,0.367,0.898,-0.032,0,0,0.529,3.339,6.314,0.998,NaN,0.264,0.32,0.91,0.032,0,0,0.539,3.427,6.354,0.996,2,0.4047229
449897,1.00000250498864e+18,63875743295884,0.005,1.428,0.005,0.006,-0.259,0.016,0.966,NaN,0.264,0.319,0.91,0,0,0,63.85,NaN,0.243,0.361,0.9,-0.032,0,0,0.529,3.339,6.314,0.998,NaN,0.264,0.32,0.91,0.032,0,0,0.54,3.428,6.354,0.996,2,0.4084968
449898,1.00000250499368e+18,63875743295884,0.005,1.428,0.005,0.006,-0.259,0.016,0.966,NaN,0.263,0.319,0.91,0,0,0,63.85,NaN,0.244,0.354,0.903,-0.032,0,0,0.535,3.376,6.314,0.998,NaN,0.263,0.32,0.91,0.032,0,0,0.54,3.43,6.354,0.996,2,0.5706853
449899,1.0000025049987e+18,63875743295884,0.005,1.428,0.005,0.006,-0.259,0.016,0.966,NaN,0.263,0.32,0.91,0,0,0,63.85,NaN,0.245,0.349,0.904,-0.032,0,0,0.537,3.389,6.314,0.998,NaN,0.263,0.32,0.91,0.032,0,0,0.54,3.434,6.354,0.996,2,0.6866733
449900,1.00000250500372e+18,63875743295894,0.005,1.428,0.005,0.006,-0.258,0.016,0.966,NaN,0.263,0.321,0.91,0,0,0,63.85,NaN,0.245,0.351,0.904,-0.032,0,0,0.537,3.389,6.314,0.998,NaN,0.263,0.322,0.91,0.032,0,0,0.541,3.434,6.354,0.997,2,0.6125571
449901,1.00000250500874e+18,63875743295894,0.005,1.428,0.005,0.006,-0.258,0.016,0.966,NaN,0.263,0.318,0.911,0,0,0,63.85,NaN,0.245,0.346,0.906,-0.032,0,0,0.541,3.417,6.314,0.998,NaN,0.263,0.318,0.911,0.032,0,0,0.54,3.434,6.354,0.997,2,0.1089854
449902,1.0000025050137e+18,63875743295904,0.006,1.429,0.005,0.006,-0.258,0.016,0.966,NaN,0.263,0.308,0.914,0,0,0,63.85,NaN,0.247,0.328,0.912,-0.032,0,0,0.533,3.368,6.314,0.998,NaN,0.263,0.308,0.914,0.032,0,0,0.541,3.437,6.354,0.997,2,0
449903,1.00000250501871e+18,63875743295904,0.006,1.429,0.005,0.006,-0.258,0.016,0.966,NaN,0.264,0.288,0.921,0,0,0,63.85,NaN,0.25,0.298,0.921,-0.032,0,0,0.53,3.347,6.314,0.998,NaN,0.264,0.288,0.92,0.032,0,0,0.541,3.437,6.354,0.997,2,0
449904,1.00000250502373e+18,63875743295915,0.006,1.429,0.005,0.006,-0.257,0.016,0.966,NaN,0.266,0.256,0.929,0,0,0,63.85,NaN,0.253,0.258,0.932,-0.032,0,0,0.53,3.348,6.314,0.998,NaN,0.266,0.256,0.929,0.032,0,0,0.541,3.436,6.354,0.997,2,0
449905,1.00000250502877e+18,63875743295916,0.006,1.429,0.005,0.006,-0.257,0.016,0.966,NaN,0.268,0.219,0.938,0,0,0,63.85,NaN,0.256,0.217,0.942,-0.032,0,0,0.527,3.328,6.314,0.998,NaN,0.268,0.219,0.938,0.032,0,0,0.54,3.432,6.354,0.997,2,0
449906,1.00000250503379e+18,63875743295927,0.007,1.429,0.005,0.006,-0.257,0.016,0.966,NaN,0.27,0.18,0.946,0,0,0,63.85,NaN,0.259,0.175,0.95,-0.032,0,0,0.525,3.317,6.314,0.997,NaN,0.27,0.18,0.946,0.032,0,0,0.54,3.428,6.354,0.997,2,0
449907,1.00000250503882e+18,63875743295927,0.007,1.429,0.005,0.006,-0.257,0.016,0.966,NaN,0.272,0.147,0.951,0,0,0,63.85,NaN,0.263,0.142,0.954,-0.032,0,0,0.522,3.293,6.314,0.993,NaN,0.272,0.147,0.951,0.032,0,0,0.537,3.413,6.354,0.997,2,0
449908,1.0000025050438e+18,63875743295938,0.007,1.429,0.005,0.006,-0.256,0.016,0.967,NaN,0.266,0.108,0.958,0,0,0,63.85,NaN,0.262,0.104,0.959,-0.032,0,0,0.549,3.465,6.314,0.988,NaN,0.266,0.108,0.958,0.032,0,0,0.536,3.403,6.354,0.998,2,0
449909,1.00000250504879e+18,63875743295948,0.007,1.43,0.005,0.007,-0.255,0.016,0.967,NaN,0.257,0.077,0.963,0,0,0,63.85,NaN,0.258,0.073,0.963,-0.032,0,0,0.551,3.48,6.314,0.984,NaN,0.257,0.077,0.963,0.032,0,0,0.535,3.402,6.354,0.998,2,0
449910,1.0000025050538e+18,63875743295948,0.007,1.43,0.005,0.007,-0.255,0.016,0.967,NaN,0.248,0.051,0.967,0,0,0,63.85,NaN,0.253,0.048,0.966,-0.032,0,0,0.551,3.479,6.314,0.981,NaN,0.248,0.051,0.967,0.032,0,0,0.535,3.401,6.354,0.998,2,0
449911,1.00000250505884e+18,63875743295948,0.007,1.43,0.005,0.007,-0.255,0.016,0.967,NaN,0.243,0.027,0.97,0,0,0,63.85,NaN,0.248,0.024,0.968,-0.032,0,0,0.547,3.454,6.314,0.978,NaN,0.243,0.027,0.97,0.032,0,0,0.535,3.401,6.354,0.998,2,0
449912,1.00000250506386e+18,63875743295960,0.007,1.43,0.005,0.007,-0.254,0.016,0.967,NaN,0.231,0.014,0.973,0,0,0,63.85,NaN,0.237,0.012,0.971,-0.032,0,0,0.546,3.445,6.314,0.967,NaN,0.231,0.014,0.973,0.032,0,0,0.536,3.408,6.354,0.993,2,0
449913,1.00000250506889e+18,63875743295960,0.007,1.43,0.005,0.007,-0.254,0.016,0.967,NaN,0.22,0.006,0.975,0,0,0,63.85,NaN,0.226,0.005,0.974,-0.032,0,0,0.545,3.442,6.314,0.956,NaN,0.22,0.006,0.976,0.032,0,0,0.538,3.417,6.354,0.986,2,0
449914,1.0000025050739e+18,63875743295960,0.007,1.43,0.005,0.007,-0.254,0.016,0.967,NaN,0.212,0.001,0.977,0,0,0,63.85,NaN,0.217,0,0.976,-0.032,0,0,0.545,3.439,6.314,0.946,NaN,0.211,0.001,0.977,0.032,0,0,0.539,3.426,6.354,0.978,2,0
449915,1.00000250507886e+18,63875743295971,0.008,1.43,0.005,0.007,-0.254,0.017,0.967,NaN,0.199,0.006,0.98,0,0,0,63.85,NaN,0.209,0.006,0.978,-0.032,0,0,0.545,3.438,6.314,0.938,NaN,0.197,0.006,0.98,0.032,0,0,0.541,3.435,6.354,0.97,2,0
449916,1.00000250508389e+18,63875743295971,0.008,1.43,0.005,0.007,-0.254,0.017,0.967,NaN,0.187,0.014,0.982,0,0,0,63.85,NaN,0.196,0.015,0.981,-0.032,0,0,0.545,3.439,6.314,0.93,NaN,0.186,0.015,0.982,0.032,0,0,0.542,3.446,6.354,0.963,2,0
449917,1.00000250508886e+18,63875743295982,0.008,1.43,0.005,0.007,-0.253,0.017,0.967,NaN,0.179,0.019,0.984,0,0,0,63.85,NaN,0.185,0.019,0.983,-0.032,0,0,0.546,3.446,6.314,0.924,NaN,0.178,0.019,0.984,0.032,0,0,0.544,3.455,6.354,0.957,2,0
449918,1.00000250509388e+18,63875743295993,0.008,1.431,0.005,0.008,-0.252,0.017,0.968,NaN,0.172,0.022,0.985,0,0,0,63.85,NaN,0.177,0.022,0.984,-0.032,0,0,0.548,3.463,6.314,0.919,NaN,0.172,0.022,0.985,0.032,0,0,0.545,3.461,6.354,0.952,2,0
449919,1.0000025050989e+18,63875743295993,0.008,1.431,0.005,0.008,-0.252,0.017,0.968,NaN,0.168,0.023,0.986,0,0,0,63.85,NaN,0.171,0.024,0.985,-0.032,0,0,0.551,3.479,6.314,0.912,NaN,0.167,0.023,0.986,0.032,0,0,0.546,3.468,6.354,0.948,2,0
449920,1.00000250510394e+18,63875743295993,0.008,1.431,0.005,0.008,-0.252,0.017,0.968,NaN,0.172,0.015,0.985,0,0,0,63.85,NaN,0.174,0.015,0.985,-0.032,0,0,0.554,3.495,6.314,0.908,NaN,0.172,0.015,0.985,0.032,0,0,0.546,3.47,6.354,0.944,2,0
449921,1.00000250510896e+18,63875743296005,0.008,1.43,0.006,0.008,-0.251,0.017,0.968,NaN,0.175,0.009,0.985,0,0,0,63.85,NaN,0.176,0.008,0.984,-0.032,0,0,0.554,3.501,6.314,0.906,NaN,0.174,0.009,0.985,0.032,0,0,0.546,3.47,6.354,0.94,2,0
449922,1.00000250511399e+18,63875743296005,0.008,1.43,0.006,0.008,-0.251,0.017,0.968,NaN,0.177,0.005,0.984,0,0,0,63.85,NaN,0.178,0.004,0.984,-0.032,0,0,0.555,3.504,6.314,0.902,NaN,0.176,0.005,0.984,0.032,0,0,0.546,3.47,6.354,0.937,2,0
449923,1.000002505119e+18,63875743296016,0.009,1.431,0.006,0.008,-0.25,0.018,0.968,NaN,0.178,0.002,0.984,0,0,0,63.85,NaN,0.179,0.002,0.984,-0.032,0,0,0.555,3.507,6.314,0.9,NaN,0.178,0.002,0.984,0.032,0,0,0.546,3.47,6.354,0.935,2,0
449924,1.00000250512403e+18,63875743296016,0.009,1.431,0.006,0.008,-0.25,0.018,0.968,NaN,0.179,0,0.984,0,0,0,63.85,NaN,0.18,0,0.984,-0.032,0,0,0.556,3.511,6.314,0.895,NaN,0.179,0,0.984,0.032,0,0,0.546,3.47,6.354,0.932,2,0
449925,1.0000025051293e+18,63875743296016,0.009,1.431,0.006,0.008,-0.25,0.018,0.968,NaN,0.174,0.007,0.985,0,0,0,63.85,NaN,0.175,0.007,0.985,-0.032,0,0,0.556,3.513,6.314,0.892,NaN,0.174,0.007,0.985,0.032,0,0,0.546,3.47,6.354,0.931,2,0
449926,1.00000250513432e+18,63875743296026,0.008,1.431,0.006,0.009,-0.249,0.018,0.968,NaN,0.17,0.011,0.985,0,0,0,63.85,NaN,0.17,0.011,0.985,-0.032,0,0,0.557,3.517,6.314,0.888,NaN,0.17,0.011,0.985,0.032,0,0,0.546,3.471,6.354,0.929,2,0
449927,1.00000250513904e+18,63875743296027,0.008,1.431,0.006,0.009,-0.249,0.018,0.968,NaN,0.167,0.014,0.986,0,0,0,63.85,NaN,0.167,0.015,0.986,-0.032,0,0,0.558,3.522,6.314,0.885,NaN,0.167,0.014,0.986,0.032,0,0,0.547,3.476,6.354,0.928,2,0
449928,1.000002505144e+18,63875743296038,0.009,1.431,0.006,0.009,-0.248,0.018,0.968,NaN,0.164,0.017,0.986,0,0,0,63.85,NaN,0.164,0.017,0.986,-0.032,0,0,0.558,3.526,6.314,0.884,NaN,0.164,0.017,0.986,0.032,0,0,0.548,3.482,6.354,0.927,2,0
449929,1.00000250514902e+18,63875743296038,0.009,1.431,0.006,0.009,-0.248,0.018,0.968,NaN,0.165,0.016,0.986,0,0,0,63.85,NaN,0.165,0.017,0.986,-0.032,0,0,0.558,3.526,6.314,0.883,NaN,0.164,0.016,0.986,0.032,0,0,0.549,3.488,6.354,0.926,2,0
449930,1.00000250515405e+18,63875743296049,0.009,1.431,0.006,0.009,-0.247,0.018,0.969,NaN,0.165,0.016,0.986,0,0,0,63.85,NaN,0.166,0.016,0.986,-0.032,0,0,0.558,3.525,6.314,0.88,NaN,0.164,0.016,0.986,0.032,0,0,0.55,3.492,6.354,0.925,2,0
449931,1.00000250515908e+18,63875743296050,0.009,1.431,0.006,0.009,-0.247,0.018,0.969,NaN,0.165,0.016,0.986,0,0,0,63.85,NaN,0.166,0.016,0.986,-0.032,0,0,0.557,3.52,6.314,0.875,NaN,0.164,0.016,0.986,0.032,0,0,0.55,3.496,6.354,0.924,2,0
449932,1.0000025051641e+18,63875743296061,0.009,1.432,0.006,0.009,-0.247,0.019,0.969,NaN,0.163,0.018,0.986,0,0,0,63.85,NaN,0.164,0.018,0.986,-0.032,0,0,0.557,3.518,6.314,0.873,NaN,0.162,0.018,0.987,0.032,0,0,0.551,3.5,6.354,0.924,2,0
449933,1.00000250516913e+18,63875743296061,0.009,1.432,0.006,0.009,-0.247,0.019,0.969,NaN,0.163,0.017,0.986,0,0,0,63.85,NaN,0.164,0.017,0.986,-0.032,0,0,0.557,3.518,6.314,0.872,NaN,0.162,0.017,0.987,0.032,0,0,0.551,3.503,6.354,0.923,2,0
449934,1.00000250517416e+18,63875743296061,0.009,1.432,0.006,0.009,-0.247,0.019,0.969,NaN,0.163,0.017,0.986,0,0,0,63.85,NaN,0.164,0.017,0.986,-0.032,0,0,0.558,3.524,6.314,0.87,NaN,0.162,0.017,0.987,0.032,0,0,0.552,3.506,6.354,0.924,2,0
449935,1.00000250517919e+18,63875743296072,0.009,1.432,0.006,0.009,-0.246,0.019,0.969,NaN,0.163,0.017,0.986,0,0,0,63.85,NaN,0.164,0.017,0.986,-0.032,0,0,0.559,3.527,6.314,0.866,NaN,0.162,0.017,0.987,0.032,0,0,0.552,3.51,6.354,0.925,2,0
449936,1.00000250518421e+18,63875743296072,0.009,1.432,0.006,0.009,-0.246,0.019,0.969,NaN,0.161,0.018,0.987,0,0,0,63.85,NaN,0.162,0.018,0.987,-0.032,0,0,0.56,3.538,6.314,0.861,NaN,0.161,0.018,0.987,0.032,0,0,0.553,3.514,6.354,0.927,2,0
449937,1.00000250518912e+18,63875743296083,0.009,1.432,0.006,0.009,-0.245,0.019,0.969,NaN,0.16,0.019,0.987,0,0,0,63.85,NaN,0.16,0.019,0.987,-0.032,0,0,0.561,3.544,6.314,0.857,NaN,0.159,0.019,0.987,0.032,0,0,0.554,3.517,6.354,0.928,2,0
449938,1.00000250519415e+18,63875743296083,0.009,1.432,0.006,0.009,-0.245,0.019,0.969,NaN,0.158,0.02,0.987,0,0,0,63.85,NaN,0.159,0.02,0.987,-0.032,0,0,0.564,3.559,6.314,0.852,NaN,0.158,0.02,0.987,0.032,0,0,0.554,3.52,6.354,0.93,2,0
449939,1.00000250519914e+18,63875743296094,0.009,1.432,0.006,0.009,-0.244,0.02,0.97,NaN,0.157,0.021,0.987,0,0,0,63.85,NaN,0.157,0.021,0.987,-0.032,0,0,0.567,3.579,6.314,0.851,NaN,0.157,0.021,0.987,0.032,0,0,0.554,3.523,6.354,0.931,2,0
449940,1.00000250520417e+18,63875743296094,0.009,1.432,0.006,0.009,-0.244,0.02,0.97,NaN,0.157,0.021,0.987,0,0,0,63.85,NaN,0.158,0.021,0.987,-0.032,0,0,0.568,3.585,6.314,0.85,NaN,0.157,0.021,0.987,0.032,0,0,0.555,3.525,6.354,0.932,2,0
449941,1.00000250520915e+18,63875743296094,0.009,1.432,0.006,0.009,-0.244,0.02,0.97,NaN,0.156,0.021,0.988,0,0,0,63.85,NaN,0.156,0.021,0.987,-0.032,0,0,0.568,3.589,6.314,0.848,NaN,0.156,0.021,0.988,0.032,0,0,0.555,3.528,6.354,0.934,2,0
449942,1.00000250521418e+18,63875743296105,0.009,1.433,0.007,0.009,-0.243,0.02,0.97,NaN,0.155,0.022,0.988,0,0,0,63.85,NaN,0.155,0.022,0.988,-0.032,0,0,0.569,3.594,6.314,0.847,NaN,0.155,0.022,0.988,0.032,0,0,0.556,3.531,6.354,0.935,2,0
449943,1.0000025052192e+18,63875743296105,0.009,1.433,0.007,0.009,-0.243,0.02,0.97,NaN,0.158,0.02,0.987,0,0,0,63.85,NaN,0.158,0.02,0.987,-0.032,0,0,0.57,3.598,6.314,0.846,NaN,0.158,0.02,0.987,0.032,0,0,0.556,3.532,6.354,0.936,2,0
449944,1.00000250522423e+18,63875743296117,0.009,1.433,0.007,0.009,-0.242,0.021,0.97,NaN,0.16,0.019,0.987,0,0,0,63.85,NaN,0.16,0.019,0.987,-0.032,0,0,0.571,3.604,6.314,0.846,NaN,0.16,0.019,0.987,0.032,0,0,0.556,3.532,6.354,0.937,2,0
449945,1.00000250522925e+18,63875743296127,0.009,1.433,0.007,0.009,-0.242,0.021,0.97,NaN,0.161,0.017,0.987,0,0,0,63.85,NaN,0.161,0.017,0.987,-0.032,0,0,0.573,3.617,6.314,0.848,NaN,0.161,0.017,0.987,0.032,0,0,0.556,3.532,6.354,0.938,2,0
449946,1.00000250523428e+18,63875743296127,0.009,1.433,0.007,0.009,-0.242,0.021,0.97,NaN,0.162,0.016,0.987,0,0,0,63.85,NaN,0.162,0.015,0.987,-0.032,0,0,0.574,3.624,6.314,0.846,NaN,0.161,0.016,0.987,0.032,0,0,0.556,3.532,6.354,0.938,2,0
449947,1.00000250523922e+18,63875743296127,0.009,1.433,0.007,0.009,-0.242,0.021,0.97,NaN,0.162,0.014,0.987,0,0,0,63.85,NaN,0.163,0.014,0.987,-0.032,0,0,0.575,3.628,6.314,0.845,NaN,0.162,0.014,0.987,0.032,0,0,0.556,3.532,6.354,0.939,2,0
449948,1.00000250524424e+18,63875743296138,0.009,1.433,0.007,0.009,-0.241,0.021,0.97,NaN,0.163,0.013,0.987,0,0,0,63.85,NaN,0.163,0.013,0.987,-0.032,0,0,0.576,3.635,6.314,0.844,NaN,0.163,0.013,0.987,0.032,0,0,0.556,3.532,6.354,0.94,2,0
449949,1.00000250524927e+18,63875743296138,0.009,1.433,0.007,0.009,-0.241,0.021,0.97,NaN,0.164,0.012,0.986,0,0,0,63.85,NaN,0.164,0.012,0.986,-0.032,0,0,0.576,3.638,6.314,0.844,NaN,0.164,0.012,0.986,0.032,0,0,0.556,3.532,6.354,0.94,2,0
449950,1.00000250525427e+18,63875743296148,0.009,1.433,0.007,0.009,-0.24,0.022,0.97,NaN,0.165,0.011,0.986,0,0,0,63.85,NaN,0.165,0.011,0.986,-0.032,0,0,0.577,3.641,6.314,0.843,NaN,0.164,0.011,0.986,0.032,0,0,0.556,3.532,6.354,0.941,2,0
449951,1.00000250525927e+18,63875743296149,0.009,1.433,0.007,0.009,-0.24,0.022,0.97,NaN,0.165,0.011,0.986,0,0,0,63.85,NaN,0.165,0.01,0.986,-0.032,0,0,0.577,3.643,6.314,0.843,NaN,0.165,0.011,0.986,0.032,0,0,0.556,3.534,6.354,0.941,2,0
449952,1.00000250526429e+18,63875743296149,0.009,1.433,0.007,0.009,-0.24,0.022,0.97,NaN,0.166,0.01,0.986,0,0,0,63.85,NaN,0.166,0.01,0.986,-0.032,0,0,0.577,3.645,6.314,0.843,NaN,0.166,0.01,0.986,0.032,0,0,0.556,3.535,6.354,0.941,2,0
449953,1.0000025052693e+18,63875743296161,0.009,1.433,0.007,0.009,-0.24,0.022,0.971,NaN,0.167,0.01,0.986,0,0,0,63.85,NaN,0.167,0.01,0.986,-0.032,0,0,0.578,3.646,6.314,0.843,NaN,0.167,0.01,0.986,0.032,0,0,0.557,3.539,6.354,0.942,2,0
449954,1.00000250527432e+18,63875743296161,0.009,1.433,0.007,0.009,-0.24,0.022,0.971,NaN,0.168,0.01,0.986,0,0,0,63.85,NaN,0.168,0.01,0.986,-0.032,0,0,0.578,3.648,6.314,0.843,NaN,0.168,0.01,0.986,0.032,0,0,0.557,3.541,6.354,0.942,2,0
449955,1.00000250527938e+18,63875743296171,0.01,1.434,0.007,0.009,-0.239,0.022,0.971,NaN,0.168,0.01,0.986,0,0,0,63.85,NaN,0.168,0.01,0.986,-0.032,0,0,0.578,3.65,6.314,0.842,NaN,0.168,0.01,0.986,0.032,0,0,0.558,3.542,6.354,0.942,2,0
449956,1.00000250528438e+18,63875743296171,0.01,1.434,0.007,0.009,-0.239,0.022,0.971,NaN,0.169,0.01,0.986,0,0,0,63.85,NaN,0.169,0.01,0.986,-0.032,0,0,0.578,3.651,6.314,0.842,NaN,0.169,0.01,0.986,0.032,0,0,0.558,3.543,6.354,0.942,2,0
449957,1.00000250528937e+18,63875743296183,0.01,1.434,0.006,0.009,-0.239,0.023,0.971,NaN,0.169,0.01,0.986,0,0,0,63.85,NaN,0.169,0.01,0.986,-0.032,0,0,0.579,3.654,6.314,0.841,NaN,0.169,0.01,0.986,0.032,0,0,0.558,3.543,6.354,0.942,2,0
449958,1.00000250529437e+18,63875743296183,0.01,1.434,0.006,0.009,-0.239,0.023,0.971,NaN,0.17,0.011,0.985,0,0,0,63.85,NaN,0.17,0.011,0.985,-0.032,0,0,0.579,3.656,6.314,0.841,NaN,0.17,0.011,0.985,0.032,0,0,0.558,3.544,6.354,0.942,2,0
449959,1.00000250529938e+18,63875743296194,0.01,1.435,0.006,0.009,-0.238,0.023,0.971,NaN,0.182,0.012,0.983,0,0,0,63.85,NaN,0.182,0.012,0.983,-0.032,0,0,0.579,3.656,6.314,0.841,NaN,0.182,0.012,0.983,0.032,0,0,0.558,3.544,6.354,0.944,2,0
449960,1.00000250530441e+18,63875743296194,0.01,1.435,0.006,0.009,-0.238,0.023,0.971,NaN,0.19,0.012,0.982,0,0,0,63.85,NaN,0.19,0.012,0.982,-0.032,0,0,0.581,3.666,6.314,0.841,NaN,0.191,0.012,0.982,0.032,0,0,0.558,3.548,6.354,0.945,2,0
449961,1.00000250530942e+18,63875743296205,0.01,1.435,0.006,0.009,-0.238,0.023,0.971,NaN,0.193,0.013,0.981,0,0,0,63.85,NaN,0.193,0.013,0.981,-0.032,0,0,0.579,3.659,6.314,0.849,NaN,0.193,0.013,0.981,0.032,0,0,0.558,3.548,6.354,0.944,2,0
449962,1.00000250531442e+18,63875743296205,0.01,1.435,0.006,0.009,-0.238,0.023,0.971,NaN,0.187,0.013,0.982,0,0,0,63.85,NaN,0.187,0.013,0.982,-0.032,0,0,0.577,3.646,6.314,0.859,NaN,0.188,0.013,0.982,0.032,0,0,0.558,3.547,6.354,0.943,2,0
449963,1.00000250531944e+18,63875743296205,0.01,1.435,0.006,0.009,-0.238,0.023,0.971,NaN,0.184,0.014,0.983,0,0,0,63.85,NaN,0.184,0.014,0.983,-0.032,0,0,0.574,3.626,6.314,0.87,NaN,0.184,0.014,0.983,0.032,0,0,0.555,3.528,6.354,0.943,2,0
449964,1.00000250532447e+18,63875743296215,0.011,1.435,0.006,0.009,-0.238,0.023,0.971,NaN,0.181,0.018,0.983,0,0,0,63.85,NaN,0.181,0.018,0.983,-0.032,0,0,0.574,3.622,6.314,0.879,NaN,0.181,0.018,0.983,0.032,0,0,0.554,3.522,6.354,0.943,2,0
449965,1.00000250532949e+18,63875743296215,0.011,1.435,0.006,0.009,-0.238,0.023,0.971,NaN,0.178,0.021,0.984,0,0,0,63.85,NaN,0.178,0.021,0.984,-0.032,0,0,0.573,3.618,6.314,0.886,NaN,0.178,0.021,0.984,0.032,0,0,0.554,3.518,6.354,0.943,2,0
449966,1.0000025053345e+18,63875743296226,0.01,1.435,0.006,0.009,-0.238,0.024,0.971,NaN,0.175,0.022,0.984,0,0,0,63.85,NaN,0.174,0.022,0.984,-0.032,0,0,0.572,3.613,6.314,0.895,NaN,0.175,0.022,0.984,0.032,0,0,0.553,3.514,6.354,0.943,2,0
449967,1.00000250533951e+18,63875743296226,0.01,1.435,0.006,0.009,-0.238,0.024,0.971,NaN,0.17,0.024,0.985,0,0,0,63.85,NaN,0.17,0.024,0.985,-0.032,0,0,0.571,3.608,6.314,0.902,NaN,0.17,0.024,0.985,0.032,0,0,0.553,3.511,6.354,0.942,2,0
449968,1.0000025053445e+18,63875743296238,0.011,1.436,0.006,0.009,-0.237,0.024,0.971,NaN,0.164,0.025,0.986,0,0,0,63.85,NaN,0.164,0.025,0.986,-0.032,0,0,0.57,3.6,6.314,0.907,NaN,0.164,0.025,0.986,0.032,0,0,0.552,3.509,6.354,0.942,2,0
449969,1.00000250534951e+18,63875743296238,0.011,1.436,0.006,0.009,-0.237,0.024,0.971,NaN,0.158,0.026,0.987,0,0,0,63.85,NaN,0.158,0.026,0.987,-0.032,0,0,0.57,3.597,6.314,0.912,NaN,0.158,0.026,0.987,0.032,0,0,0.552,3.506,6.354,0.942,2,0
449970,1.00000250535452e+18,63875743296238,0.011,1.436,0.006,0.009,-0.237,0.024,0.971,NaN,0.153,0.027,0.988,0,0,0,63.85,NaN,0.153,0.027,0.988,-0.032,0,0,0.569,3.595,6.314,0.919,NaN,0.153,0.027,0.988,0.032,0,0,0.551,3.503,6.354,0.942,2,0
449971,1.00000250535953e+18,63875743296250,0.011,1.436,0.006,0.009,-0.237,0.024,0.971,NaN,0.149,0.028,0.988,0,0,0,63.85,NaN,0.149,0.028,0.988,-0.032,0,0,0.569,3.592,6.314,0.922,NaN,0.149,0.028,0.988,0.032,0,0,0.551,3.501,6.354,0.942,2,0
449972,1.00000250536454e+18,63875743296250,0.011,1.436,0.006,0.009,-0.237,0.024,0.971,NaN,0.145,0.028,0.989,0,0,0,63.85,NaN,0.145,0.028,0.989,-0.032,0,0,0.568,3.589,6.314,0.928,NaN,0.145,0.028,0.989,0.032,0,0,0.55,3.497,6.354,0.942,2,0
449973,1.00000250536955e+18,63875743296261,0.011,1.436,0.006,0.01,-0.238,0.024,0.971,NaN,0.142,0.029,0.989,0,0,0,63.85,NaN,0.142,0.029,0.989,-0.032,0,0,0.568,3.587,6.314,0.929,NaN,0.142,0.029,0.989,0.032,0,0,0.55,3.493,6.354,0.942,2,0
449974,1.00000250537456e+18,63875743296261,0.011,1.436,0.006,0.01,-0.238,0.024,0.971,NaN,0.14,0.029,0.99,0,0,0,63.85,NaN,0.14,0.029,0.99,-0.032,0,0,0.568,3.584,6.314,0.93,NaN,0.14,0.029,0.99,0.032,0,0,0.549,3.489,6.354,0.941,2,0
449975,1.00000250537961e+18,63875743296271,0.011,1.436,0.006,0.01,-0.237,0.024,0.971,NaN,0.138,0.029,0.99,0,0,0,63.85,NaN,0.138,0.029,0.99,-0.032,0,0,0.567,3.578,6.314,0.932,NaN,0.138,0.029,0.99,0.032,0,0,0.548,3.484,6.354,0.941,2,0
449976,1.00000250538462e+18,63875743296271,0.011,1.436,0.006,0.01,-0.237,0.024,0.971,NaN,0.136,0.029,0.99,0,0,0,63.85,NaN,0.136,0.029,0.99,-0.032,0,0,0.566,3.574,6.314,0.933,NaN,0.136,0.029,0.99,0.032,0,0,0.548,3.48,6.354,0.941,2,0
449977,1.00000250538963e+18,63875743296283,0.011,1.437,0.006,0.01,-0.238,0.024,0.971,NaN,0.135,0.03,0.99,0,0,0,63.85,NaN,0.135,0.03,0.99,-0.032,0,0,0.565,3.569,6.314,0.933,NaN,0.135,0.03,0.99,0.032,0,0,0.547,3.477,6.354,0.941,2,0
449978,1.00000250539464e+18,63875743296283,0.011,1.437,0.006,0.01,-0.238,0.024,0.971,NaN,0.134,0.03,0.991,0,0,0,63.85,NaN,0.134,0.03,0.991,-0.032,0,0,0.565,3.566,6.314,0.934,NaN,0.134,0.03,0.991,0.032,0,0,0.547,3.474,6.354,0.941,2,0
449979,1.00000250539966e+18,63875743296294,0.011,1.437,0.006,0.01,-0.238,0.024,0.971,NaN,0.133,0.03,0.991,0,0,0,63.85,NaN,0.133,0.03,0.991,-0.032,0,0,0.564,3.562,6.314,0.935,NaN,0.133,0.03,0.991,0.032,0,0,0.546,3.472,6.354,0.94,2,0
449980,1.00000250540467e+18,63875743296294,0.011,1.437,0.006,0.01,-0.238,0.024,0.971,NaN,0.132,0.03,0.991,0,0,0,63.85,NaN,0.132,0.03,0.991,-0.032,0,0,0.564,3.558,6.314,0.935,NaN,0.132,0.03,0.991,0.032,0,0,0.546,3.468,6.354,0.94,2,0
449981,1.00000250540968e+18,63875743296305,0.012,1.437,0.006,0.01,-0.238,0.024,0.971,NaN,0.132,0.03,0.991,0,0,0,63.85,NaN,0.132,0.03,0.991,-0.032,0,0,0.564,3.558,6.314,0.937,NaN,0.132,0.03,0.991,0.032,0,0,0.545,3.464,6.354,0.94,2,0
449982,1.00000250541468e+18,63875743296305,0.012,1.437,0.006,0.01,-0.238,0.024,0.971,NaN,0.132,0.03,0.991,0,0,0,63.85,NaN,0.132,0.03,0.991,-0.032,0,0,0.563,3.557,6.314,0.937,NaN,0.132,0.03,0.991,0.032,0,0,0.545,3.46,6.354,0.94,2,0.008669306
449983,1.00000250541969e+18,63875743296305,0.012,1.437,0.006,0.01,-0.238,0.024,0.971,NaN,0.131,0.03,0.991,0,0,0,63.85,NaN,0.131,0.03,0.991,-0.032,0,0,0.563,3.555,6.314,0.939,NaN,0.131,0.03,0.991,0.032,0,0,0.544,3.456,6.354,0.94,2,0.4811727
449984,1.0000025054247e+18,63875743296316,0.012,1.437,0.006,0.01,-0.238,0.024,0.971,NaN,0.131,0.03,0.991,0,0,0,63.85,NaN,0.131,0.03,0.991,-0.032,0,0,0.562,3.549,6.314,0.939,NaN,0.131,0.03,0.991,0.032,0,0,0.543,3.453,6.354,0.94,2,0.5556355
449985,1.00000250542971e+18,63875743296316,0.012,1.437,0.006,0.01,-0.238,0.024,0.971,NaN,0.131,0.03,0.991,0,0,0,63.85,NaN,0.131,0.03,0.991,-0.032,0,0,0.56,3.539,6.314,0.939,NaN,0.131,0.03,0.991,0.032,0,0,0.543,3.45,6.354,0.94,2,0.7875557
449986,1.00000250543478e+18,63875743296327,0.012,1.437,0.006,0.01,-0.239,0.024,0.971,NaN,0.131,0.03,0.991,0,0,0,63.85,NaN,0.131,0.03,0.991,-0.032,0,0,0.559,3.533,6.314,0.94,NaN,0.131,0.03,0.991,0.032,0,0,0.543,3.447,6.354,0.94,2,0.8231948
449987,1.0000025054398e+18,63875743296327,0.012,1.437,0.006,0.01,-0.239,0.024,0.971,NaN,0.131,0.03,0.991,0,0,0,63.85,NaN,0.131,0.03,0.991,-0.032,0,0,0.558,3.524,6.314,0.94,NaN,0.131,0.03,0.991,0.032,0,0,0.542,3.445,6.354,0.94,2,0.8030688
449988,1.00000250544473e+18,63875743296339,0.012,1.437,0.006,0.01,-0.239,0.024,0.971,NaN,0.13,0.029,0.991,0,0,0,63.85,NaN,0.13,0.029,0.991,-0.032,0,0,0.557,3.518,6.314,0.94,NaN,0.13,0.029,0.991,0.032,0,0,0.542,3.441,6.354,0.939,2,0.76037
449989,1.00000250544978e+18,63875743296347,0.012,1.437,0.006,0.01,-0.239,0.024,0.971,NaN,0.132,0.033,0.991,0,0,0,63.85,NaN,0.132,0.033,0.991,-0.032,0,0,0.553,3.49,6.314,0.94,NaN,0.132,0.033,0.991,0.032,0,0,0.543,3.453,6.354,0.936,2,0.01959104
449990,1.0000025054548e+18,63875743296348,0.012,1.437,0.006,0.01,-0.239,0.024,0.971,NaN,0.136,0.043,0.99,0,0,0,63.85,NaN,0.136,0.043,0.99,-0.032,0,0,0.562,3.549,6.314,0.94,NaN,0.136,0.043,0.99,0.032,0,0,0.54,3.433,6.354,0.932,2,0
449991,1.00000250545981e+18,63875743296359,0.012,1.437,0.006,0.01,-0.239,0.024,0.971,NaN,0.12,0.057,0.991,0,0,0,63.85,NaN,0.12,0.057,0.991,-0.032,0,0,0.573,3.616,6.314,0.939,NaN,0.12,0.057,0.991,0.032,0,0,0.537,3.414,6.354,0.927,2,0
449992,1.00000250546484e+18,63875743296359,0.012,1.437,0.006,0.01,-0.239,0.024,0.971,NaN,0.127,0.072,0.989,0,0,0,63.85,NaN,0.127,0.072,0.989,-0.032,0,0,0.576,3.639,6.314,0.938,NaN,0.127,0.072,0.989,0.032,0,0,0.533,3.389,6.354,0.922,2,0
449993,1.00000250546986e+18,63875743296359,0.012,1.437,0.006,0.01,-0.239,0.024,0.971,NaN,0.123,0.095,0.988,0,0,0,63.85,NaN,0.123,0.095,0.988,-0.032,0,0,0.579,3.656,6.314,0.937,NaN,0.123,0.095,0.988,0.032,0,0,0.533,3.387,6.354,0.916,2,0
449994,1.00000250547484e+18,63875743296369,0.012,1.438,0.006,0.01,-0.24,0.025,0.97,NaN,0.12,0.119,0.986,0,0,0,63.85,NaN,0.136,0.131,0.982,-0.032,0,0,0.53,3.349,6.314,0.934,NaN,0.12,0.119,0.986,0.032,0,0,0.536,3.405,6.354,0.911,2,0
449995,1.00000250547987e+18,63875743296369,0.012,1.438,0.006,0.01,-0.24,0.025,0.97,NaN,0.12,0.144,0.982,0,0,0,63.85,NaN,0.159,0.166,0.973,-0.032,0,0,0.529,3.337,6.314,0.932,NaN,0.12,0.144,0.982,0.032,0,0,0.541,3.434,6.354,0.907,2,0
449996,1.00000250548484e+18,63875743296381,0.012,1.438,0.006,0.009,-0.24,0.025,0.97,NaN,0.12,0.166,0.979,0,0,0,63.85,NaN,0.185,0.194,0.963,-0.032,0,0,0.528,3.331,6.314,0.93,NaN,0.12,0.166,0.979,0.032,0,0,0.541,3.438,6.354,0.903,0.7976072,0
449997,1.00000250548987e+18,63875743296381,0.012,1.438,0.006,0.009,-0.24,0.025,0.97,NaN,0.128,0.172,0.977,0,0,0,63.85,NaN,0.208,0.214,0.954,-0.032,0,0,0.527,3.33,6.314,0.93,NaN,0.128,0.172,0.977,0.032,0,0,0.541,3.44,6.354,0.901,0.5913524,0
449998,1.00000250549491e+18,63875743296381,0.012,1.438,0.006,0.009,-0.24,0.025,0.97,NaN,0.146,0.189,0.971,0,0,0,63.85,NaN,0.225,0.227,0.947,-0.032,0,0,0.526,3.324,6.314,0.932,NaN,0.146,0.189,0.971,0.032,0,0,0.548,3.482,6.354,0.9,0.604022,0
449999,1.00000250549993e+18,63875743296392,0.012,1.438,0.006,0.009,-0.24,0.025,0.97,NaN,0.163,0.196,0.967,0,0,0,63.85,NaN,0.238,0.236,0.942,-0.032,0,0,0.526,3.32,6.314,0.935,NaN,0.163,0.196,0.967,0.032,0,0,0.548,3.481,6.354,0.9,0.6140872,0
450000,1.00000250550489e+18,63875743296392,0.012,1.438,0.006,0.009,-0.24,0.025,0.97,NaN,0.177,0.2,0.964,0,0,0,63.85,NaN,0.246,0.24,0.939,-0.032,0,0,0.525,3.317,6.314,0.941,NaN,0.177,0.2,0.964,0.032,0,0,0.546,3.469,6.354,0.9,0.6315393,0
450001,1.00000250550993e+18,63875743296403,0.012,1.438,0.006,0.008,-0.241,0.025,0.97,NaN,0.187,0.203,0.961,0,0,0,63.85,NaN,0.251,0.243,0.937,-0.032,0,0,0.525,3.315,6.314,0.947,NaN,0.187,0.203,0.961,0.032,0,0,0.543,3.451,6.354,0.901,0.6493602,0
450002,1.00000250551495e+18,63875743296403,0.012,1.438,0.006,0.008,-0.241,0.025,0.97,NaN,0.194,0.205,0.959,0,0,0,63.85,NaN,0.255,0.245,0.935,-0.032,0,0,0.525,3.314,6.314,0.953,NaN,0.194,0.205,0.959,0.032,0,0,0.542,3.443,6.354,0.902,0.6623032,0
450003,1.00000250551998e+18,63875743296415,0.013,1.438,0.006,0.008,-0.241,0.025,0.97,NaN,0.198,0.206,0.958,0,0,0,63.85,NaN,0.257,0.246,0.935,-0.032,0,0,0.525,3.313,6.314,0.959,NaN,0.198,0.206,0.958,0.032,0,0,0.541,3.437,6.354,0.902,0.6671586,0
450004,1.00000250552501e+18,63875743296415,0.013,1.438,0.006,0.008,-0.241,0.025,0.97,NaN,0.201,0.205,0.958,0,0,0,63.85,NaN,0.258,0.246,0.934,-0.032,0,0,0.525,3.313,6.314,0.962,NaN,0.201,0.205,0.958,0.032,0,0,0.539,3.425,6.354,0.903,0.6566806,0
450005,1.00000250552994e+18,63875743296415,0.013,1.438,0.006,0.008,-0.241,0.025,0.97,NaN,0.202,0.204,0.958,0,0,0,63.85,NaN,0.26,0.246,0.934,-0.032,0,0,0.524,3.309,6.314,0.967,NaN,0.202,0.204,0.958,0.032,0,0,0.537,3.411,6.354,0.904,0.644152,0
450006,1.00000250553497e+18,63875743296426,0.012,1.438,0.006,0.008,-0.241,0.025,0.97,NaN,0.203,0.202,0.958,0,0,0,63.85,NaN,0.261,0.246,0.934,-0.032,0,0,0.523,3.304,6.314,0.971,NaN,0.203,0.202,0.958,0.032,0,0,0.535,3.398,6.354,0.906,0.6282661,0
450007,1.00000250553998e+18,63875743296426,0.012,1.438,0.006,0.008,-0.241,0.025,0.97,NaN,0.202,0.201,0.958,0,0,0,63.85,NaN,0.261,0.246,0.933,-0.032,0,0,0.523,3.3,6.314,0.974,NaN,0.202,0.201,0.958,0.032,0,0,0.533,3.387,6.354,0.908,0.6163332,0
450008,1.00000250554501e+18,63875743296437,0.013,1.438,0.006,0.007,-0.242,0.025,0.97,NaN,0.201,0.2,0.959,0,0,0,63.85,NaN,0.262,0.246,0.933,-0.032,0,0,0.522,3.297,6.314,0.977,NaN,0.201,0.2,0.959,0.032,0,0,0.532,3.382,6.354,0.909,0.6046135,0
450009,1.00000250555003e+18,63875743296437,0.013,1.438,0.006,0.007,-0.242,0.025,0.97,NaN,0.2,0.199,0.959,0,0,0,63.85,NaN,0.262,0.245,0.933,-0.032,0,0,0.522,3.296,6.314,0.98,NaN,0.2,0.199,0.959,0.032,0,0,0.531,3.376,6.354,0.912,0.5954648,0
450010,1.00000250555506e+18,63875743296447,0.013,1.438,0.006,0.007,-0.242,0.026,0.97,NaN,0.199,0.198,0.96,0,0,0,63.85,NaN,0.263,0.245,0.933,-0.032,0,0,0.522,3.295,6.314,0.982,NaN,0.199,0.198,0.96,0.032,0,0,0.531,3.372,6.354,0.914,0.5886644,0
450011,1.00000250556009e+18,63875743296447,0.013,1.438,0.006,0.007,-0.242,0.026,0.97,NaN,0.198,0.197,0.96,0,0,0,63.85,NaN,0.263,0.244,0.933,-0.032,0,0,0.522,3.295,6.314,0.984,NaN,0.198,0.197,0.96,0.032,0,0,0.53,3.369,6.354,0.916,0.5792871,0
450012,1.00000250556512e+18,63875743296458,0.013,1.438,0.006,0.007,-0.242,0.026,0.97,NaN,0.198,0.196,0.96,0,0,0,63.85,NaN,0.263,0.244,0.933,-0.032,0,0,0.522,3.295,6.314,0.985,NaN,0.198,0.196,0.96,0.032,0,0,0.53,3.367,6.354,0.918,0.5702818,0
450013,1.00000250557015e+18,63875743296458,0.013,1.438,0.006,0.007,-0.242,0.026,0.97,NaN,0.197,0.195,0.961,0,0,0,63.85,NaN,0.263,0.244,0.933,-0.032,0,0,0.522,3.294,6.314,0.986,NaN,0.197,0.195,0.961,0.032,0,0,0.53,3.365,6.354,0.92,0.5631672,0
450014,1.00000250557518e+18,63875743296469,0.013,1.438,0.006,0.007,-0.243,0.026,0.97,NaN,0.197,0.194,0.961,0,0,0,63.85,NaN,0.264,0.243,0.933,-0.032,0,0,0.521,3.293,6.314,0.988,NaN,0.197,0.194,0.961,0.032,0,0,0.529,3.362,6.354,0.922,0.556937,0
450015,1.00000250558021e+18,63875743296469,0.013,1.438,0.006,0.007,-0.243,0.026,0.97,NaN,0.196,0.193,0.961,0,0,0,63.85,NaN,0.264,0.243,0.933,-0.032,0,0,0.521,3.291,6.314,0.989,NaN,0.196,0.193,0.961,0.032,0,0,0.529,3.359,6.354,0.923,0.5511572,0
450016,1.00000250558513e+18,63875743296480,0.013,1.438,0.006,0.006,-0.243,0.026,0.97,NaN,0.196,0.193,0.962,0,0,0,63.85,NaN,0.264,0.243,0.933,-0.032,0,0,0.52,3.286,6.314,0.989,NaN,0.196,0.193,0.962,0.032,0,0,0.528,3.356,6.354,0.925,0.5469263,0
450017,1.00000250559016e+18,63875743296481,0.013,1.438,0.006,0.006,-0.243,0.026,0.97,NaN,0.196,0.192,0.962,0,0,0,63.85,NaN,0.265,0.242,0.933,-0.032,0,0,0.52,3.283,6.314,0.99,NaN,0.196,0.192,0.962,0.032,0,0,0.528,3.353,6.354,0.926,0.5429299,0.4993059
450018,1.00000250559511e+18,63875743296492,0.013,1.438,0.006,0.006,-0.243,0.026,0.97,NaN,0.195,0.191,0.962,0,0,0,63.85,NaN,0.265,0.242,0.933,-0.032,0,0,0.52,3.282,6.314,0.991,NaN,0.195,0.191,0.962,0.032,0,0,0.527,3.349,6.354,0.927,0.5399009,0.6199579
450019,1.00000250560014e+18,63875743296492,0.013,1.438,0.006,0.006,-0.243,0.026,0.97,NaN,0.195,0.191,0.962,0,0,0,63.85,NaN,0.266,0.242,0.933,-0.032,0,0,0.52,3.281,6.314,0.992,NaN,0.195,0.191,0.962,0.032,0,0,0.527,3.346,6.354,0.929,0.5372456,0.6482035
450020,1.00000250560513e+18,63875743296503,0.013,1.438,0.006,0.006,-0.243,0.026,0.97,NaN,0.195,0.19,0.962,0,0,0,63.85,NaN,0.266,0.241,0.933,-0.032,0,0,0.52,3.28,6.314,0.992,NaN,0.195,0.19,0.962,0.032,0,0,0.526,3.344,6.354,0.93,0.5349674,0.6761366
450021,1.00000250561016e+18,63875743296503,0.013,1.438,0.006,0.006,-0.243,0.026,0.97,NaN,0.195,0.19,0.962,0,0,0,63.85,NaN,0.266,0.241,0.933,-0.032,0,0,0.519,3.28,6.314,0.993,NaN,0.195,0.19,0.962,0.032,0,0,0.526,3.343,6.354,0.931,0.5336525,0.6816095
450022,1.00000250561519e+18,63875743296503,0.013,1.438,0.006,0.006,-0.243,0.026,0.97,NaN,0.195,0.19,0.962,0,0,0,63.85,NaN,0.266,0.241,0.933,-0.032,0,0,0.519,3.28,6.314,0.992,NaN,0.195,0.19,0.962,0.032,0,0,0.526,3.341,6.354,0.932,0.532473,0.7020741
450023,1.00000250562022e+18,63875743296514,0.013,1.438,0.006,0.006,-0.244,0.026,0.969,NaN,0.195,0.189,0.962,0,0,0,63.85,NaN,0.267,0.24,0.933,-0.032,0,0,0.519,3.28,6.314,0.993,NaN,0.195,0.189,0.962,0.032,0,0,0.526,3.34,6.354,0.933,0.5319707,0.7601436
450024,1.00000250562525e+18,63875743296514,0.013,1.438,0.006,0.006,-0.244,0.026,0.969,NaN,0.195,0.189,0.962,0,0,0,63.85,NaN,0.267,0.24,0.933,-0.032,0,0,0.519,3.28,6.314,0.993,NaN,0.195,0.189,0.962,0.032,0,0,0.525,3.339,6.354,0.933,0.5318142,0.7868477
450025,1.00000250563027e+18,63875743296514,0.013,1.438,0.006,0.006,-0.244,0.026,0.969,NaN,0.195,0.189,0.963,0,0,0,63.85,NaN,0.268,0.24,0.933,-0.032,0,0,0.519,3.279,6.314,0.993,NaN,0.195,0.189,0.963,0.032,0,0,0.525,3.337,6.354,0.934,0.5312712,0.8160819
450026,1.00000250563528e+18,63875743296525,0.013,1.438,0.006,0.006,-0.244,0.026,0.969,NaN,0.195,0.188,0.963,0,0,0,63.85,NaN,0.268,0.239,0.933,-0.032,0,0,0.519,3.279,6.314,0.994,NaN,0.195,0.188,0.963,0.032,0,0,0.525,3.336,6.354,0.935,0.5299649,0.8642818
450027,1.00000250564024e+18,63875743296525,0.013,1.438,0.006,0.006,-0.244,0.026,0.969,NaN,0.195,0.188,0.963,0,0,0,63.85,NaN,0.268,0.239,0.933,-0.032,0,0,0.519,3.28,6.314,0.994,NaN,0.195,0.188,0.963,0.032,0,0,0.525,3.335,6.354,0.936,0.5281388,0.886735
450028,1.00000250564526e+18,63875743296536,0.013,1.438,0.006,0.006,-0.244,0.026,0.969,NaN,0.195,0.188,0.963,0,0,0,63.85,NaN,0.269,0.239,0.933,-0.032,0,0,0.519,3.28,6.314,0.994,NaN,0.195,0.188,0.963,0.032,0,0,0.525,3.335,6.354,0.936,0.5255502,0.9085473
450029,1.00000250565022e+18,63875743296536,0.013,1.438,0.006,0.006,-0.244,0.026,0.969,NaN,0.195,0.187,0.963,0,0,0,63.85,NaN,0.269,0.239,0.933,-0.032,0,0,0.52,3.28,6.314,0.995,NaN,0.195,0.187,0.963,0.032,0,0,0.525,3.334,6.354,0.937,0.5224843,0.9182844
450030,1.00000250565524e+18,63875743296548,0.013,1.438,0.006,0.006,-0.244,0.026,0.969,NaN,0.195,0.186,0.963,0,0,0,63.85,NaN,0.269,0.238,0.933,-0.032,0,0,0.519,3.279,6.314,0.995,NaN,0.195,0.186,0.963,0.032,0,0,0.525,3.334,6.354,0.937,0.5191701,0.9603174
450031,1.00000250566026e+18,63875743296548,0.013,1.438,0.006,0.006,-0.244,0.026,0.969,NaN,0.195,0.186,0.963,0,0,0,63.85,NaN,0.27,0.238,0.933,-0.032,0,0,0.519,3.278,6.314,0.995,NaN,0.195,0.186,0.963,0.032,0,0,0.525,3.334,6.354,0.938,0.5153542,0.9693474
450032,1.00000250566528e+18,63875743296559,0.013,1.438,0.006,0.007,-0.244,0.026,0.969,NaN,0.195,0.185,0.963,0,0,0,63.85,NaN,0.27,0.238,0.933,-0.032,0,0,0.519,3.277,6.314,0.995,NaN,0.195,0.185,0.963,0.032,0,0,0.525,3.334,6.354,0.938,0.5113785,0.9722071
450033,1.0000025056703e+18,63875743296559,0.013,1.438,0.006,0.007,-0.244,0.026,0.969,NaN,0.195,0.184,0.963,0,0,0,63.85,NaN,0.27,0.238,0.933,-0.032,0,0,0.519,3.276,6.314,0.996,NaN,0.195,0.184,0.963,0.032,0,0,0.525,3.334,6.354,0.939,0.5073052,0.9923119
450034,1.00000250567533e+18,63875743296570,0.013,1.437,0.006,0.007,-0.244,0.027,0.969,NaN,0.195,0.183,0.963,0,0,0,63.85,NaN,0.271,0.238,0.933,-0.032,0,0,0.519,3.275,6.314,0.996,NaN,0.195,0.183,0.963,0.032,0,0,0.525,3.334,6.354,0.939,0.5038719,1
450035,1.00000250568035e+18,63875743296570,0.013,1.437,0.006,0.007,-0.244,0.027,0.969,NaN,0.195,0.183,0.964,0,0,0,63.85,NaN,0.271,0.237,0.933,-0.032,0,0,0.519,3.275,6.314,0.996,NaN,0.195,0.183,0.964,0.032,0,0,0.525,3.334,6.354,0.939,0.5003803,0.9929417
450036,1.00000250568537e+18,63875743296581,0.013,1.437,0.006,0.007,-0.244,0.027,0.969,NaN,0.196,0.182,0.964,0,0,0,63.85,NaN,0.271,0.237,0.933,-0.032,0,0,0.519,3.275,6.314,0.996,NaN,0.196,0.182,0.964,0.032,0,0,0.525,3.334,6.354,0.94,0.4966701,0.9702554
450037,1.00000250569038e+18,63875743296581,0.013,1.437,0.006,0.007,-0.244,0.027,0.969,NaN,0.196,0.181,0.964,0,0,0,63.85,NaN,0.271,0.237,0.933,-0.032,0,0,0.519,3.275,6.314,0.996,NaN,0.196,0.181,0.964,0.032,0,0,0.525,3.334,6.354,0.94,0.4935873,0.9780497
450038,1.00000250569537e+18,63875743296581,0.013,1.437,0.006,0.007,-0.244,0.027,0.969,NaN,0.196,0.18,0.964,0,0,0,63.85,NaN,0.272,0.236,0.933,-0.032,0,0,0.519,3.275,6.314,0.997,NaN,0.196,0.18,0.964,0.032,0,0,0.525,3.334,6.354,0.941,0.4910262,0.9849145
450039,1.00000250570039e+18,63875743296592,0.013,1.436,0.006,0.007,-0.245,0.028,0.969,NaN,0.197,0.179,0.964,0,0,0,63.85,NaN,0.272,0.236,0.933,-0.032,0,0,0.519,3.275,6.314,0.997,NaN,0.197,0.179,0.964,0.032,0,0,0.525,3.334,6.354,0.941,0.4879574,0.9747424
450040,1.00000250570537e+18,63875743296592,0.013,1.436,0.006,0.007,-0.245,0.028,0.969,NaN,0.197,0.178,0.964,0,0,0,63.85,NaN,0.272,0.236,0.933,-0.032,0,0,0.519,3.275,6.314,0.997,NaN,0.197,0.178,0.964,0.032,0,0,0.525,3.335,6.354,0.941,0.4852347,0.9822417
450041,1.00000250571039e+18,63875743296603,0.013,1.436,0.006,0.007,-0.245,0.029,0.969,NaN,0.197,0.178,0.964,0,0,0,63.85,NaN,0.272,0.235,0.933,-0.032,0,0,0.519,3.275,6.314,0.997,NaN,0.197,0.178,0.964,0.032,0,0,0.525,3.335,6.354,0.942,0.4825072,0.9798607
450042,1.0000025057154e+18,63875743296603,0.013,1.436,0.006,0.007,-0.245,0.029,0.969,NaN,0.198,0.177,0.964,0,0,0,63.85,NaN,0.272,0.235,0.933,-0.032,0,0,0.519,3.275,6.314,0.997,NaN,0.198,0.177,0.964,0.032,0,0,0.525,3.336,6.354,0.942,0.4797935,0.9718186
450043,1.00000250572043e+18,63875743296614,0.013,1.435,0.006,0.008,-0.245,0.029,0.969,NaN,0.198,0.176,0.964,0,0,0,63.85,NaN,0.272,0.235,0.933,-0.032,0,0,0.519,3.275,6.314,0.997,NaN,0.198,0.176,0.964,0.032,0,0,0.525,3.336,6.354,0.942,0.4769578,0.9692672
450044,1.00000250572544e+18,63875743296614,0.013,1.435,0.006,0.008,-0.245,0.029,0.969,NaN,0.199,0.175,0.964,0,0,0,63.85,NaN,0.273,0.234,0.933,-0.032,0,0,0.519,3.274,6.314,0.997,NaN,0.199,0.175,0.964,0.032,0,0,0.525,3.337,6.354,0.942,0.473379,0.9651958
450045,1.00000250573051e+18,63875743296625,0.013,1.435,0.006,0.008,-0.245,0.03,0.969,NaN,0.199,0.174,0.964,0,0,0,63.85,NaN,0.273,0.234,0.933,-0.032,0,0,0.519,3.274,6.314,0.997,NaN,0.199,0.174,0.964,0.032,0,0,0.525,3.338,6.354,0.943,0.4710846,0.9575842
450046,1.00000250573552e+18,63875743296625,0.013,1.435,0.006,0.008,-0.245,0.03,0.969,NaN,0.2,0.174,0.964,0,0,0,63.85,NaN,0.273,0.234,0.933,-0.032,0,0,0.519,3.275,6.314,0.998,NaN,0.2,0.174,0.964,0.032,0,0,0.526,3.34,6.354,0.943,0.4723257,0.8982117
450047,1.00000250574049e+18,63875743296625,0.013,1.435,0.006,0.008,-0.245,0.03,0.969,NaN,0.2,0.175,0.964,0,0,0,63.85,NaN,0.273,0.233,0.933,-0.032,0,0,0.519,3.278,6.314,0.998,NaN,0.2,0.175,0.964,0.032,0,0,0.526,3.344,6.354,0.943,0.4798887,0.8246855
450048,1.0000025057455e+18,63875743296636,0.013,1.435,0.006,0.008,-0.246,0.031,0.969,NaN,0.197,0.177,0.964,0,0,0,63.85,NaN,0.254,0.231,0.939,-0.032,0,0,0.523,3.305,6.314,0.998,NaN,0.197,0.177,0.964,0.032,0,0,0.527,3.351,6.354,0.943,0.5333142,0
450049,1.0000025057505e+18,63875743296636,0.013,1.435,0.006,0.008,-0.246,0.031,0.969,NaN,0.188,0.177,0.966,0,0,0,63.85,NaN,0.223,0.223,0.949,-0.032,0,0,0.524,3.306,6.314,0.996,NaN,0.188,0.177,0.966,0.032,0,0,0.529,3.363,6.354,0.943,0.6197883,0
450050,1.0000025057555e+18,63875743296648,0.013,1.435,0.006,0.008,-0.246,0.031,0.969,NaN,0.172,0.173,0.97,0,0,0,63.85,NaN,0.186,0.204,0.961,-0.032,0,0,0.526,3.319,6.314,0.995,NaN,0.172,0.173,0.97,0.032,0,0,0.532,3.383,6.354,0.942,2,0
450051,1.00000250576051e+18,63875743296648,0.013,1.435,0.006,0.008,-0.246,0.031,0.969,NaN,0.166,0.157,0.974,0,0,0,63.85,NaN,0.172,0.169,0.97,-0.032,0,0,0.526,3.318,6.314,0.992,NaN,0.166,0.157,0.974,0.032,0,0,0.536,3.404,6.354,0.944,2,0
450052,1.00000250576551e+18,63875743296658,0.013,1.434,0.007,0.008,-0.246,0.032,0.969,NaN,0.158,0.136,0.978,0,0,0,63.85,NaN,0.158,0.134,0.978,-0.032,0,0,0.556,3.511,6.314,0.988,NaN,0.158,0.136,0.978,0.032,0,0,0.537,3.409,6.354,0.948,2,0
450053,1.00000250577055e+18,63875743296658,0.013,1.434,0.007,0.008,-0.246,0.032,0.969,NaN,0.169,0.113,0.979,0,0,0,63.85,NaN,0.177,0.105,0.979,-0.032,0,0,0.563,3.555,6.314,0.983,NaN,0.169,0.113,0.979,0.032,0,0,0.536,3.408,6.354,0.952,2,0
450054,1.00000250577556e+18,63875743296669,0.013,1.434,0.007,0.008,-0.246,0.032,0.969,NaN,0.174,0.084,0.981,0,0,0,63.85,NaN,0.186,0.073,0.98,-0.032,0,0,0.563,3.553,6.314,0.977,NaN,0.174,0.084,0.981,0.032,0,0,0.535,3.397,6.354,0.951,2,0
450055,1.00000250578056e+18,63875743296669,0.013,1.434,0.007,0.008,-0.246,0.032,0.969,NaN,0.176,0.055,0.983,0,0,0,63.85,NaN,0.189,0.044,0.981,-0.032,0,0,0.561,3.54,6.314,0.971,NaN,0.176,0.055,0.983,0.032,0,0,0.533,3.386,6.354,0.95,2,0
450056,1.00000250578557e+18,63875743296681,0.012,1.434,0.007,0.008,-0.247,0.032,0.969,NaN,0.178,0.021,0.984,0,0,0,63.85,NaN,0.19,0.011,0.982,-0.032,0,0,0.553,3.495,6.314,0.961,NaN,0.178,0.021,0.984,0.032,0,0,0.531,3.374,6.354,0.949,2,0
450057,1.00000250579057e+18,63875743296681,0.012,1.434,0.007,0.008,-0.247,0.032,0.969,NaN,0.177,-0.001,0.984,0,0,0,63.85,NaN,0.185,-0.009,0.983,-0.032,0,0,0.554,3.497,6.314,0.96,NaN,0.177,-0.001,0.984,0.032,0,0,0.528,3.353,6.354,0.946,2,0
450058,1.00000250579559e+18,63875743296681,0.012,1.434,0.007,0.008,-0.247,0.032,0.969,NaN,0.175,-0.024,0.984,0,0,0,63.85,NaN,0.179,-0.03,0.983,-0.032,0,0,0.553,3.495,6.314,0.962,NaN,0.175,-0.024,0.984,0.032,0,0,0.526,3.344,6.354,0.942,2,0
450059,1.00000250580059e+18,63875743296692,0.012,1.434,0.007,0.008,-0.247,0.032,0.968,NaN,0.174,-0.049,0.984,0,0,0,63.85,NaN,0.175,-0.054,0.983,-0.032,0,0,0.552,3.488,6.314,0.964,NaN,0.174,-0.049,0.984,0.032,0,0,0.526,3.344,6.354,0.937,2,0
450060,1.00000250580563e+18,63875743296704,0.012,1.434,0.007,0.008,-0.247,0.032,0.968,NaN,0.172,-0.071,0.983,0,0,0,63.85,NaN,0.171,-0.074,0.983,-0.032,0,0,0.551,3.479,6.314,0.965,NaN,0.172,-0.071,0.983,0.032,0,0,0.526,3.345,6.354,0.931,2,0
450061,1.00000250581063e+18,63875743296704,0.012,1.434,0.007,0.008,-0.247,0.032,0.968,NaN,0.168,-0.084,0.982,0,0,0,63.85,NaN,0.164,-0.086,0.983,-0.032,0,0,0.551,3.479,6.314,0.965,NaN,0.168,-0.084,0.982,0.032,0,0,0.527,3.349,6.354,0.925,2,0
450062,1.00000250581564e+18,63875743296704,0.012,1.434,0.007,0.008,-0.247,0.032,0.968,NaN,0.164,-0.093,0.982,0,0,0,63.85,NaN,0.159,-0.095,0.983,-0.032,0,0,0.551,3.48,6.314,0.965,NaN,0.164,-0.093,0.982,0.032,0,0,0.528,3.352,6.354,0.918,2,0
450063,1.00000250582065e+18,63875743296715,0.012,1.434,0.007,0.008,-0.247,0.032,0.968,NaN,0.16,-0.099,0.982,0,0,0,63.85,NaN,0.154,-0.1,0.983,-0.032,0,0,0.552,3.483,6.314,0.963,NaN,0.16,-0.099,0.982,0.032,0,0,0.528,3.354,6.354,0.913,2,0
450064,1.00000250582569e+18,63875743296715,0.012,1.434,0.007,0.008,-0.247,0.032,0.968,NaN,0.156,-0.103,0.982,0,0,0,63.85,NaN,0.15,-0.104,0.983,-0.032,0,0,0.553,3.49,6.314,0.958,NaN,0.156,-0.103,0.982,0.032,0,0,0.528,3.354,6.354,0.908,2,0
450065,1.0000025058307e+18,63875743296726,0.012,1.434,0.007,0.009,-0.247,0.032,0.968,NaN,0.155,-0.113,0.981,0,0,0,63.85,NaN,0.15,-0.114,0.982,-0.032,0,0,0.554,3.497,6.314,0.952,NaN,0.155,-0.113,0.981,0.032,0,0,0.528,3.355,6.354,0.903,2,0
450066,1.0000025058357e+18,63875743296726,0.012,1.434,0.007,0.009,-0.247,0.032,0.968,NaN,0.155,-0.121,0.981,0,0,0,63.85,NaN,0.151,-0.121,0.981,-0.032,0,0,0.554,3.498,6.314,0.945,NaN,0.155,-0.121,0.981,0.032,0,0,0.528,3.354,6.354,0.898,2,0
450067,1.00000250584071e+18,63875743296726,0.012,1.434,0.007,0.009,-0.247,0.032,0.968,NaN,0.154,-0.125,0.98,0,0,0,63.85,NaN,0.151,-0.125,0.981,-0.032,0,0,0.554,3.498,6.314,0.941,NaN,0.154,-0.125,0.98,0.032,0,0,0.528,3.353,6.354,0.895,2,0
450068,1.00000250584572e+18,63875743296737,0.012,1.434,0.007,0.009,-0.248,0.032,0.968,NaN,0.154,-0.128,0.98,0,0,0,63.85,NaN,0.151,-0.128,0.98,-0.032,0,0,0.554,3.498,6.314,0.936,NaN,0.154,-0.128,0.98,0.032,0,0,0.527,3.351,6.354,0.891,2,0
450069,1.00000250585073e+18,63875743296737,0.012,1.434,0.007,0.009,-0.248,0.032,0.968,NaN,0.154,-0.129,0.98,0,0,0,63.85,NaN,0.151,-0.13,0.98,-0.032,0,0,0.554,3.498,6.314,0.931,NaN,0.154,-0.129,0.98,0.032,0,0,0.527,3.349,6.354,0.889,2,0
450070,1.00000250585573e+18,63875743296748,0.012,1.434,0.008,0.009,-0.248,0.032,0.968,NaN,0.154,-0.131,0.979,0,0,0,63.85,NaN,0.152,-0.131,0.98,-0.032,0,0,0.554,3.498,6.314,0.927,NaN,0.154,-0.131,0.979,0.032,0,0,0.527,3.348,6.354,0.887,2,0
450071,1.00000250586077e+18,63875743296748,0.012,1.434,0.008,0.009,-0.248,0.032,0.968,NaN,0.154,-0.131,0.979,0,0,0,63.85,NaN,0.152,-0.132,0.98,-0.032,0,0,0.554,3.5,6.314,0.925,NaN,0.154,-0.131,0.979,0.032,0,0,0.527,3.347,6.354,0.885,2,0
450072,1.00000250586578e+18,63875743296759,0.012,1.434,0.008,0.009,-0.248,0.033,0.968,NaN,0.154,-0.132,0.979,0,0,0,63.85,NaN,0.152,-0.132,0.979,-0.032,0,0,0.555,3.502,6.314,0.922,NaN,0.154,-0.132,0.979,0.032,0,0,0.527,3.347,6.354,0.882,2,0
450073,1.00000250587078e+18,63875743296759,0.012,1.434,0.008,0.009,-0.248,0.033,0.968,NaN,0.154,-0.132,0.979,0,0,0,63.85,NaN,0.153,-0.132,0.979,-0.032,0,0,0.555,3.504,6.314,0.919,NaN,0.154,-0.132,0.979,0.032,0,0,0.527,3.346,6.354,0.881,2,0
450074,1.00000250587579e+18,63875743296771,0.012,1.434,0.008,0.009,-0.248,0.033,0.968,NaN,0.154,-0.132,0.979,0,0,0,63.85,NaN,0.153,-0.132,0.979,-0.032,0,0,0.555,3.505,6.314,0.918,NaN,0.154,-0.132,0.979,0.032,0,0,0.527,3.346,6.354,0.879,2,0
450075,1.0000025058808e+18,63875743296771,0.012,1.434,0.008,0.009,-0.248,0.033,0.968,NaN,0.154,-0.132,0.979,0,0,0,63.85,NaN,0.153,-0.132,0.979,-0.032,0,0,0.555,3.507,6.314,0.917,NaN,0.154,-0.132,0.979,0.032,0,0,0.527,3.346,6.354,0.878,2,0
450076,1.00000250588582e+18,63875743296771,0.012,1.434,0.008,0.009,-0.248,0.033,0.968,NaN,0.154,-0.13,0.979,0,0,0,63.85,NaN,0.154,-0.13,0.979,-0.032,0,0,0.556,3.508,6.314,0.916,NaN,0.154,-0.13,0.979,0.032,0,0,0.527,3.347,6.354,0.877,2,0
450077,1.00000250589086e+18,63875743296781,0.012,1.434,0.008,0.009,-0.248,0.033,0.968,NaN,0.154,-0.129,0.98,0,0,0,63.85,NaN,0.154,-0.129,0.98,-0.032,0,0,0.556,3.508,6.314,0.914,NaN,0.154,-0.129,0.98,0.032,0,0,0.527,3.347,6.354,0.876,2,0
450078,1.00000250589587e+18,63875743296781,0.012,1.434,0.008,0.009,-0.248,0.033,0.968,NaN,0.155,-0.128,0.98,0,0,0,63.85,NaN,0.154,-0.128,0.98,-0.032,0,0,0.556,3.508,6.314,0.913,NaN,0.155,-0.128,0.98,0.032,0,0,0.527,3.348,6.354,0.876,2,0.07246863
450079,1.00000250590088e+18,63875743296792,0.012,1.434,0.008,0.01,-0.248,0.033,0.968,NaN,0.155,-0.126,0.98,0,0,0,63.85,NaN,0.154,-0.126,0.98,-0.032,0,0,0.555,3.504,6.314,0.913,NaN,0.155,-0.126,0.98,0.032,0,0,0.527,3.349,6.354,0.875,2,0.2365016
450080,1.00000250590589e+18,63875743296792,0.012,1.434,0.008,0.01,-0.248,0.033,0.968,NaN,0.155,-0.126,0.98,0,0,0,63.85,NaN,0.155,-0.126,0.98,-0.032,0,0,0.555,3.501,6.314,0.913,NaN,0.155,-0.126,0.98,0.032,0,0,0.527,3.351,6.354,0.875,2,0.3691065
450081,1.0000025059109e+18,63875743296804,0.012,1.434,0.008,0.01,-0.248,0.033,0.968,NaN,0.155,-0.125,0.98,0,0,0,63.85,NaN,0.155,-0.125,0.98,-0.032,0,0,0.553,3.494,6.314,0.912,NaN,0.155,-0.125,0.98,0.032,0,0,0.528,3.353,6.354,0.874,2,0.3926185
450082,1.00000250591594e+18,63875743296804,0.012,1.434,0.008,0.01,-0.248,0.033,0.968,NaN,0.155,-0.124,0.98,0,0,0,63.85,NaN,0.155,-0.124,0.98,-0.032,0,0,0.553,3.49,6.314,0.912,NaN,0.155,-0.124,0.98,0.032,0,0,0.528,3.355,6.354,0.874,2,0.4167347
450083,1.00000250592095e+18,63875743296815,0.012,1.434,0.008,0.01,-0.248,0.033,0.968,NaN,0.156,-0.124,0.98,0,0,0,63.85,NaN,0.155,-0.123,0.98,-0.032,0,0,0.552,3.484,6.314,0.911,NaN,0.156,-0.124,0.98,0.032,0,0,0.529,3.358,6.354,0.873,2,0.4168719
450084,1.00000250592596e+18,63875743296815,0.012,1.434,0.008,0.01,-0.248,0.033,0.968,NaN,0.156,-0.123,0.98,0,0,0,63.85,NaN,0.156,-0.123,0.98,-0.032,0,0,0.551,3.48,6.314,0.911,NaN,0.156,-0.123,0.98,0.032,0,0,0.529,3.361,6.354,0.873,2,0.760142
450085,1.00000250593097e+18,63875743296826,0.012,1.434,0.008,0.011,-0.248,0.033,0.968,NaN,0.156,-0.123,0.98,0,0,0,63.85,NaN,0.156,-0.123,0.98,-0.032,0,0,0.55,3.474,6.314,0.911,NaN,0.156,-0.123,0.98,0.032,0,0,0.529,3.362,6.354,0.873,2,0.778902
450086,1.00000250593598e+18,63875743296826,0.012,1.434,0.008,0.011,-0.248,0.033,0.968,NaN,0.156,-0.122,0.98,0,0,0,63.85,NaN,0.156,-0.122,0.98,-0.032,0,0,0.55,3.471,6.314,0.911,NaN,0.156,-0.122,0.98,0.032,0,0,0.529,3.364,6.354,0.873,2,0.7728328
450087,1.00000250594097e+18,63875743296826,0.012,1.434,0.008,0.011,-0.248,0.033,0.968,NaN,0.156,-0.122,0.98,0,0,0,63.85,NaN,0.156,-0.122,0.98,-0.032,0,0,0.55,3.47,6.314,0.91,NaN,0.156,-0.122,0.98,0.032,0,0,0.53,3.365,6.354,0.872,2,0.7722811
450088,1.00000250594598e+18,63875743296837,0.012,1.434,0.008,0.011,-0.248,0.033,0.968,NaN,0.156,-0.122,0.98,0,0,0,63.85,NaN,0.156,-0.122,0.98,-0.032,0,0,0.549,3.469,6.314,0.91,NaN,0.156,-0.122,0.98,0.032,0,0,0.53,3.367,6.354,0.872,2,0.7806799
450089,1.00000250595101e+18,63875743296837,0.012,1.434,0.008,0.011,-0.248,0.033,0.968,NaN,0.157,-0.123,0.98,0,0,0,63.85,NaN,0.157,-0.123,0.98,-0.032,0,0,0.549,3.469,6.314,0.909,NaN,0.157,-0.123,0.98,0.032,0,0,0.53,3.368,6.354,0.872,2,0.7153445
450090,1.00000250595602e+18,63875743296848,0.012,1.434,0.008,0.011,-0.248,0.033,0.968,NaN,0.157,-0.123,0.98,0,0,0,63.85,NaN,0.157,-0.123,0.98,-0.032,0,0,0.549,3.469,6.314,0.909,NaN,0.157,-0.123,0.98,0.032,0,0,0.53,3.369,6.354,0.872,2,0.6745082
450091,1.00000250596105e+18,63875743296848,0.012,1.434,0.008,0.011,-0.248,0.033,0.968,NaN,0.157,-0.123,0.98,0,0,0,63.85,NaN,0.157,-0.123,0.98,-0.032,0,0,0.549,3.469,6.314,0.909,NaN,0.157,-0.123,0.98,0.032,0,0,0.53,3.37,6.354,0.871,2,0.66747
450092,1.00000250596607e+18,63875743296859,0.012,1.434,0.008,0.011,-0.248,0.033,0.968,NaN,0.157,-0.123,0.98,0,0,0,63.85,NaN,0.157,-0.123,0.98,-0.032,0,0,0.549,3.469,6.314,0.909,NaN,0.157,-0.123,0.98,0.032,0,0,0.531,3.371,6.354,0.871,2,0.6726652
450093,1.0000025059711e+18,63875743296859,0.012,1.434,0.008,0.011,-0.248,0.033,0.968,NaN,0.157,-0.123,0.98,0,0,0,63.85,NaN,0.157,-0.123,0.98,-0.032,0,0,0.549,3.468,6.314,0.908,NaN,0.157,-0.123,0.98,0.032,0,0,0.531,3.372,6.354,0.871,2,0.6742183
450094,1.00000250597613e+18,63875743296870,0.012,1.434,0.008,0.012,-0.248,0.033,0.968,NaN,0.158,-0.124,0.98,0,0,0,63.85,NaN,0.158,-0.124,0.98,-0.032,0,0,0.549,3.468,6.314,0.908,NaN,0.158,-0.124,0.98,0.032,0,0,0.531,3.374,6.354,0.871,2,0.6242374
450095,1.00000250598105e+18,63875743296870,0.012,1.434,0.008,0.012,-0.248,0.033,0.968,NaN,0.158,-0.124,0.98,0,0,0,63.85,NaN,0.158,-0.124,0.98,-0.032,0,0,0.549,3.468,6.314,0.908,NaN,0.158,-0.124,0.98,0.032,0,0,0.532,3.377,6.354,0.871,2,0.6067306
450096,1.00000250598608e+18,63875743296881,0.012,1.434,0.009,0.012,-0.248,0.033,0.968,NaN,0.158,-0.122,0.98,0,0,0,63.85,NaN,0.157,-0.122,0.98,-0.032,0,0,0.549,3.468,6.314,0.908,NaN,0.158,-0.122,0.98,0.032,0,0,0.532,3.383,6.354,0.87,2,0.231908
450097,1.0000025059911e+18,63875743296881,0.012,1.434,0.009,0.012,-0.248,0.033,0.968,NaN,0.157,-0.121,0.98,0,0,0,63.85,NaN,0.157,-0.121,0.98,-0.032,0,0,0.549,3.468,6.314,0.907,NaN,0.157,-0.121,0.98,0.032,0,0,0.533,3.389,6.354,0.87,2,0.2667919
450098,1.00000250599611e+18,63875743296881,0.012,1.434,0.009,0.012,-0.248,0.033,0.968,NaN,0.157,-0.12,0.98,0,0,0,63.85,NaN,0.157,-0.12,0.98,-0.032,0,0,0.549,3.468,6.314,0.907,NaN,0.157,-0.12,0.98,0.032,0,0,0.534,3.396,6.354,0.869,2,0.3253596
450099,1.00000250600109e+18,63875743296893,0.012,1.434,0.009,0.012,-0.248,0.033,0.968,NaN,0.156,-0.118,0.981,0,0,0,63.85,NaN,0.156,-0.118,0.981,-0.032,0,0,0.549,3.467,6.314,0.907,NaN,0.156,-0.118,0.981,0.032,0,0,0.536,3.404,6.354,0.869,2,0.3699875
450100,1.00000250600611e+18,63875743296893,0.012,1.434,0.009,0.012,-0.248,0.033,0.968,NaN,0.157,-0.119,0.98,0,0,0,63.85,NaN,0.157,-0.119,0.98,-0.032,0,0,0.549,3.467,6.314,0.906,NaN,0.157,-0.119,0.98,0.032,0,0,0.536,3.407,6.354,0.868,2,0
450101,1.00000250601112e+18,63875743296904,0.012,1.434,0.009,0.012,-0.248,0.034,0.968,NaN,0.157,-0.119,0.98,0,0,0,63.85,NaN,0.157,-0.119,0.98,-0.032,0,0,0.549,3.466,6.314,0.906,NaN,0.157,-0.119,0.98,0.032,0,0,0.536,3.408,6.354,0.867,2,0
450102,1.00000250601617e+18,63875743296904,0.012,1.434,0.009,0.012,-0.248,0.034,0.968,NaN,0.157,-0.12,0.98,0,0,0,63.85,NaN,0.157,-0.12,0.98,-0.032,0,0,0.549,3.466,6.314,0.904,NaN,0.157,-0.12,0.98,0.032,0,0,0.536,3.407,6.354,0.866,2,0
450103,1.00000250602119e+18,63875743296915,0.012,1.434,0.009,0.012,-0.248,0.034,0.968,NaN,0.158,-0.12,0.98,0,0,0,63.85,NaN,0.158,-0.12,0.98,-0.032,0,0,0.549,3.466,6.314,0.904,NaN,0.158,-0.12,0.98,0.032,0,0,0.536,3.405,6.354,0.865,2,0
450104,1.0000025060262e+18,63875743296915,0.012,1.434,0.009,0.012,-0.248,0.034,0.968,NaN,0.158,-0.12,0.98,0,0,0,63.85,NaN,0.158,-0.12,0.98,-0.032,0,0,0.549,3.465,6.314,0.901,NaN,0.158,-0.12,0.98,0.032,0,0,0.535,3.402,6.354,0.863,2,0
450105,1.00000250603122e+18,63875743296926,0.012,1.434,0.009,0.013,-0.248,0.034,0.968,NaN,0.159,-0.121,0.98,0,0,0,63.85,NaN,0.159,-0.121,0.98,-0.032,0,0,0.549,3.465,6.314,0.899,NaN,0.159,-0.121,0.98,0.032,0,0,0.535,3.4,6.354,0.862,2,0
450106,1.00000250603622e+18,63875743296926,0.012,1.434,0.009,0.013,-0.248,0.034,0.968,NaN,0.159,-0.122,0.98,0,0,0,63.85,NaN,0.159,-0.122,0.98,-0.032,0,0,0.549,3.466,6.314,0.898,NaN,0.159,-0.122,0.98,0.032,0,0,0.535,3.4,6.354,0.86,2,0
450107,1.00000250604118e+18,63875743296926,0.012,1.434,0.009,0.013,-0.248,0.034,0.968,NaN,0.16,-0.122,0.979,0,0,0,63.85,NaN,0.16,-0.123,0.979,-0.032,0,0,0.549,3.466,6.314,0.894,NaN,0.16,-0.122,0.979,0.032,0,0,0.535,3.399,6.354,0.858,2,0
450108,1.00000250604619e+18,63875743296937,0.012,1.434,0.009,0.013,-0.248,0.034,0.968,NaN,0.161,-0.123,0.979,0,0,0,63.85,NaN,0.161,-0.124,0.979,-0.032,0,0,0.549,3.466,6.314,0.891,NaN,0.161,-0.123,0.979,0.032,0,0,0.535,3.4,6.354,0.855,2,0
450109,1.0000025060512e+18,63875743296937,0.012,1.434,0.009,0.013,-0.248,0.034,0.968,NaN,0.162,-0.124,0.979,0,0,0,63.85,NaN,0.162,-0.124,0.979,-0.032,0,0,0.549,3.465,6.314,0.887,NaN,0.162,-0.124,0.979,0.032,0,0,0.535,3.401,6.354,0.852,2,0
450110,1.00000250605622e+18,63875743296948,0.012,1.434,0.009,0.013,-0.248,0.034,0.968,NaN,0.162,-0.125,0.979,0,0,0,63.85,NaN,0.162,-0.125,0.979,-0.032,0,0,0.549,3.466,6.314,0.883,NaN,0.162,-0.125,0.979,0.032,0,0,0.535,3.402,6.354,0.85,2,0
450111,1.00000250606125e+18,63875743296948,0.012,1.434,0.009,0.013,-0.248,0.034,0.968,NaN,0.162,-0.125,0.979,0,0,0,63.85,NaN,0.162,-0.125,0.979,-0.032,0,0,0.549,3.467,6.314,0.875,NaN,0.162,-0.125,0.979,0.032,0,0,0.536,3.404,6.354,0.847,2,0
450112,1.00000250606627e+18,63875743296960,0.012,1.434,0.009,0.013,-0.248,0.034,0.968,NaN,0.162,-0.124,0.979,0,0,0,63.85,NaN,0.162,-0.124,0.979,-0.032,0,0,0.549,3.468,6.314,0.864,NaN,0.162,-0.124,0.979,0.032,0,0,0.537,3.41,6.354,0.839,2,0
450113,1.00000250607129e+18,63875743296960,0.012,1.434,0.009,0.013,-0.248,0.034,0.968,NaN,0.162,-0.124,0.979,0,0,0,63.85,NaN,0.162,-0.124,0.979,-0.032,0,0,0.549,3.469,6.314,0.849,NaN,0.162,-0.124,0.979,0.032,0,0,0.539,3.426,6.354,0.824,2,0
450114,1.0000025060763e+18,63875743297004,0.012,1.435,0.009,0.013,-0.248,0.034,0.968,NaN,0.162,-0.123,0.979,0,0,0,63.85,NaN,0.162,-0.123,0.979,-0.032,0,0,0.547,3.451,6.314,0.82,NaN,0.162,-0.123,0.979,0.032,0,0,0.541,3.437,6.354,0.792,2,0
450115,1.00000250608132e+18,63875743297004,0.012,1.435,0.009,0.013,-0.248,0.034,0.968,NaN,0.163,-0.125,0.979,0,0,0,63.85,NaN,0.164,-0.125,0.978,-0.032,0,0,0.54,3.411,6.314,0.772,NaN,0.162,-0.125,0.979,0.032,0,0,0.536,3.404,6.354,0.739,2,0
450116,1.00000250608638e+18,63875743297004,0.012,1.435,0.009,0.013,-0.248,0.034,0.968,NaN,NaN,NaN,NaN,NaN,NaN,NaN,NaN,NaN,NaN,NaN,NaN,NaN,NaN,NaN,NaN,NaN,NaN,NaN,NaN,NaN,NaN,NaN,NaN,NaN,NaN,NaN,NaN,NaN,NaN,NaN,NaN
450117,1.00000250609139e+18,63875743297004,0.012,1.435,0.009,0.013,-0.248,0.034,0.968,NaN,NaN,NaN,NaN,NaN,NaN,NaN,NaN,NaN,NaN,NaN,NaN,NaN,NaN,NaN,NaN,NaN,NaN,NaN,NaN,NaN,NaN,NaN,NaN,NaN,NaN,NaN,NaN,NaN,NaN,NaN,NaN
450118,1.00000250609638e+18,63875743297004,0.012,1.435,0.009,0.013,-0.248,0.034,0.968,NaN,NaN,NaN,NaN,NaN,NaN,NaN,NaN,NaN,NaN,NaN,NaN,NaN,NaN,NaN,NaN,NaN,NaN,NaN,NaN,NaN,NaN,NaN,NaN,NaN,NaN,NaN,NaN,NaN,NaN,NaN,NaN
450119,1.00000250610136e+18,63875743297004,0.012,1.435,0.009,0.013,-0.248,0.034,0.968,NaN,NaN,NaN,NaN,NaN,NaN,NaN,NaN,NaN,NaN,NaN,NaN,NaN,NaN,NaN,NaN,NaN,NaN,NaN,NaN,NaN,NaN,NaN,NaN,NaN,NaN,NaN,NaN,NaN,NaN,NaN,NaN
450120,1.00000250610637e+18,63875743297004,0.012,1.435,0.009,0.013,-0.248,0.034,0.968,NaN,NaN,NaN,NaN,NaN,NaN,NaN,NaN,NaN,NaN,NaN,NaN,NaN,NaN,NaN,NaN,NaN,NaN,NaN,NaN,NaN,NaN,NaN,NaN,NaN,NaN,NaN,NaN,NaN,NaN,NaN,NaN
450121,1.00000250611137e+18,63875743297004,0.012,1.435,0.009,0.013,-0.248,0.034,0.968,NaN,0.196,-0.299,0.934,0,0,0,63.85,NaN,0.198,-0.299,0.934,-0.032,0,0,0.433,2.737,6.314,0.497,NaN,NaN,NaN,NaN,NaN,NaN,0.354,2,0,NaN,NaN,NaN,NaN
450122,1.00000250611638e+18,63875743297004,0.012,1.435,0.009,0.013,-0.248,0.034,0.968,NaN,0.225,-0.409,0.884,0,0,0,63.85,NaN,0.227,-0.409,0.884,-0.032,0,0,0.433,2.736,6.314,0.467,NaN,NaN,NaN,NaN,NaN,NaN,0.32,2,0,NaN,NaN,NaN,NaN
450123,1.00000250612139e+18,63875743297015,0.012,1.435,0.009,0.013,-0.248,0.034,0.968,NaN,0.246,-0.46,0.853,0,0,0,63.85,NaN,0.247,-0.46,0.853,-0.032,0,0,0.433,2.736,6.314,0.445,NaN,NaN,NaN,NaN,NaN,NaN,0.291,2,0,NaN,NaN,NaN,NaN
450124,1.00000250612642e+18,63875743297015,0.012,1.435,0.009,0.013,-0.248,0.034,0.968,NaN,0.258,-0.485,0.836,0,0,0,63.85,NaN,0.259,-0.484,0.836,-0.032,0,0,0.433,2.736,6.314,0.422,NaN,NaN,NaN,NaN,NaN,NaN,0.285,2,0,NaN,NaN,NaN,NaN
