450125,1000002506131421600,63875743297048,(0.012, 1.435, 0.008),(0.013, -0.248, 0.033, 0.968),VALID,(0.261, -0.504, 0.824),(0.000, 0.000, 0.000),63.850,VALID,(0.261, -0.503, 0.824),(-0.032, 0.000, 0.000),0.433,2.734,6.314,0.412,INVALID,,,,,,0.278,2,0
450126,1000002506136444900,63875743297048,(0.012, 1.435, 0.008),(0.013, -0.248, 0.033, 0.968),INVALID,,,,INVALID,,,,,,,INVALID,,,,,,,,
450127,1000002506141468000,63875743297048,(0.012, 1.435, 0.008),(0.013, -0.248, 0.033, 0.968),INVALID,,,,INVALID,,,,,,,INVALID,,,,,,,,
450128,1000002506146476400,63875743297048,(0.012, 1.435, 0.008),(0.013, -0.248, 0.033, 0.968),INVALID,,,,INVALID,,,,,,,INVALID,,,,,,,,
450129,1000002506151482700,63875743297048,(0.012, 1.435, 0.008),(0.013, -0.248, 0.033, 0.968),INVALID,,,,INVALID,,,,,,,INVALID,,,,,,,,
450130,1000002506156491100,63875743297048,(0.012, 1.435, 0.008),(0.013, -0.248, 0.033, 0.968),VALID,(0.229, -0.483, 0.845),(0.000, 0.000, 0.000),63.850,INVALID,,,,,,,VALID,(0.052, -0.468, 0.882),(0.032, 0.000, 0.000),0.597,3.793,6.354,,2,0
450131,1000002506161495100,63875743297048,(0.012, 1.435, 0.008),(0.013, -0.248, 0.033, 0.968),VALID,(0.213, -0.475, 0.854),(0.000, 0.000, 0.000),63.850,INVALID,,,,,,,VALID,(0.055, -0.472, 0.880),(0.032, 0.000, 0.000),0.591,3.753,6.354,,2,0
450132,1000002506166504200,63875743297115,(0.012, 1.436, 0.008),(0.013, -0.248, 0.033, 0.968),INVALID,,,,INVALID,,,,,,,INVALID,,,,,,,,
450133,1000002506171513300,63875743297115,(0.012, 1.436, 0.008),(0.013, -0.248, 0.033, 0.968),INVALID,,,,INVALID,,,,,,,INVALID,,,,,,,,
450134,1000002506176522400,63875743297115,(0.012, 1.436, 0.008),(0.013, -0.248, 0.033, 0.968),INVALID,,,,INVALID,,,,,,,INVALID,,,,,,,,
450135,1000002506181565900,63875743297115,(0.012, 1.436, 0.008),(0.013, -0.248, 0.033, 0.968),INVALID,,,,INVALID,,,,,,,INVALID,,,,,,,,
450136,1000002506186559900,63875743297115,(0.012, 1.436, 0.008),(0.013, -0.248, 0.033, 0.968),INVALID,,,,INVALID,,,,,,,INVALID,,,,,,,,
450137,1000002506191567600,63875743297115,(0.012, 1.436, 0.008),(0.013, -0.248, 0.033, 0.968),INVALID,,,,INVALID,,,,,,,INVALID,,,,,,,,
450138,1000002506196602700,63875743297115,(0.012, 1.436, 0.008),(0.013, -0.248, 0.033, 0.968),INVALID,,,,INVALID,,,,,,,INVALID,,,,,,,,
450139,1000002506201609700,63875743297115,(0.012, 1.436, 0.008),(0.013, -0.248, 0.033, 0.968),INVALID,,,,INVALID,,,,,,,INVALID,,,,,,,,
450140,1000002506206616000,63875743297115,(0.012, 1.436, 0.008),(0.013, -0.248, 0.033, 0.968),INVALID,,,,INVALID,,,,,,,INVALID,,,,,,,,
450141,1000002506211622300,63875743297115,(0.012, 1.436, 0.008),(0.013, -0.248, 0.033, 0.968),INVALID,,,,INVALID,,,,,,,INVALID,,,,,,,,
450142,1000002506216646200,63875743297115,(0.012, 1.436, 0.008),(0.013, -0.248, 0.033, 0.968),VALID,(0.191, -0.435, 0.880),(0.000, 0.000, 0.000),63.850,INVALID,,,,,,,VALID,(0.157, -0.193, 0.969),(0.032, 0.000, 0.000),0.520,3.305,6.354,,2,0
450143,1000002506221659600,63875743297115,(0.012, 1.436, 0.008),(0.013, -0.248, 0.033, 0.968),INVALID,,,,INVALID,,,,,,,INVALID,,,,,,,,
450144,1000002506226682900,63875743297115,(0.012, 1.436, 0.008),(0.013, -0.248, 0.033, 0.968),VALID,(0.184, -0.405, 0.895),(0.000, 0.000, 0.000),63.850,VALID,(0.163, -0.280, 0.946),(-0.032, 0.000, 0.000),0.619,3.907,6.314,0.482,INVALID,,,,,,0.428,2,0
450145,1000002506231798500,63875743297137,(0.012, 1.436, 0.008),(0.013, -0.248, 0.033, 0.968),INVALID,,,,INVALID,,,,,,,INVALID,,,,,,,,
450146,1000002506236780200,63875743297137,(0.012, 1.436, 0.008),(0.013, -0.248, 0.033, 0.968),INVALID,,,,INVALID,,,,,,,INVALID,,,,,,,,
450147,1000002506241782300,63875743297137,(0.012, 1.436, 0.008),(0.013, -0.248, 0.033, 0.968),VALID,(0.153, -0.399, 0.904),(0.000, 0.000, 0.000),63.850,VALID,(0.082, -0.322, 0.943),(-0.032, 0.000, 0.000),0.387,2.441,6.314,0.498,VALID,(0.082, -0.322, 0.943),(0.032, 0.000, 0.000),0.528,3.354,6.354,0.458,2,0
450148,1000002506246793600,63875743297137,(0.012, 1.436, 0.008),(0.013, -0.248, 0.033, 0.968),VALID,(0.126, -0.398, 0.909),(0.000, 0.000, 0.000),63.850,VALID,(0.235, -0.440, 0.867),(-0.032, 0.000, 0.000),0.387,2.441,6.314,0.508,VALID,(0.074, -0.341, 0.937),(0.032, 0.000, 0.000),0.527,3.350,6.354,0.465,0.2516095,0
450149,1000002506251800600,63875743297137,(0.012, 1.436, 0.008),(0.013, -0.248, 0.033, 0.968),VALID,(0.115, -0.386, 0.915),(0.000, 0.000, 0.000),63.850,VALID,(0.234, -0.401, 0.886),(-0.032, 0.000, 0.000),0.389,2.457,6.314,0.509,VALID,(0.149, -0.235, 0.961),(0.032, 0.000, 0.000),0.526,3.343,6.354,0.469,0.1334127,0
450150,1000002506256811900,63875743297148,(0.012, 1.436, 0.008),(0.013, -0.247, 0.033, 0.968),VALID,(0.100, -0.381, 0.919),(0.000, 0.000, 0.000),63.850,VALID,(0.203, -0.390, 0.898),(-0.032, 0.000, 0.000),0.392,2.472,6.314,0.511,VALID,(0.135, -0.283, 0.950),(0.032, 0.000, 0.000),0.525,3.334,6.354,0.474,0.2305592,0
450151,1000002506261818900,63875743297148,(0.012, 1.436, 0.008),(0.013, -0.247, 0.033, 0.968),VALID,(0.095, -0.372, 0.923),(0.000, 0.000, 0.000),63.850,VALID,(0.169, -0.382, 0.908),(-0.032, 0.000, 0.000),0.395,2.491,6.314,0.515,VALID,(0.124, -0.305, 0.944),(0.032, 0.000, 0.000),0.523,3.322,6.354,0.482,0.311208,0
450152,1000002506266765000,63875743297160,(0.012, 1.436, 0.008),(0.013, -0.247, 0.033, 0.968),VALID,(0.088, -0.372, 0.924),(0.000, 0.000, 0.000),63.850,VALID,(0.138, -0.381, 0.914),(-0.032, 0.000, 0.000),0.407,2.572,6.314,0.520,VALID,(0.112, -0.333, 0.936),(0.032, 0.000, 0.000),0.521,3.307,6.354,0.489,0.466582,0
450153,1000002506271772000,63875743297160,(0.012, 1.436, 0.008),(0.013, -0.247, 0.033, 0.968),VALID,(0.082, -0.374, 0.924),(0.000, 0.000, 0.000),63.850,VALID,(0.114, -0.382, 0.917),(-0.032, 0.000, 0.000),0.419,2.647,6.314,0.523,VALID,(0.101, -0.354, 0.930),(0.032, 0.000, 0.000),0.517,3.284,6.354,0.495,2,0
450154,1000002506276821300,63875743297171,(0.013, 1.436, 0.008),(0.013, -0.247, 0.033, 0.968),VALID,(0.079, -0.376, 0.923),(0.000, 0.000, 0.000),63.850,VALID,(0.098, -0.384, 0.918),(-0.032, 0.000, 0.000),0.428,2.700,6.314,0.526,VALID,(0.093, -0.369, 0.925),(0.032, 0.000, 0.000),0.514,3.269,6.354,0.500,2,0
450155,1000002506281806900,63875743297171,(0.013, 1.436, 0.008),(0.013, -0.247, 0.033, 0.968),VALID,(0.077, -0.378, 0.922),(0.000, 0.000, 0.000),63.850,VALID,(0.089, -0.385, 0.919),(-0.032, 0.000, 0.000),0.437,2.759,6.314,0.530,VALID,(0.088, -0.378, 0.922),(0.032, 0.000, 0.000),0.513,3.261,6.354,0.505,2,0
450156,1000002506286801200,63875743297171,(0.013, 1.436, 0.008),(0.013, -0.247, 0.033, 0.968),VALID,(0.077, -0.380, 0.922),(0.000, 0.000, 0.000),63.850,VALID,(0.085, -0.387, 0.918),(-0.032, 0.000, 0.000),0.456,2.880,6.314,0.534,VALID,(0.085, -0.387, 0.918),(0.032, 0.000, 0.000),0.509,3.236,6.354,0.510,2,0
450157,1000002506291814400,63875743297181,(0.013, 1.436, 0.008),(0.013, -0.247, 0.033, 0.968),VALID,(0.078, -0.382, 0.921),(0.000, 0.000, 0.000),63.850,VALID,(0.083, -0.390, 0.917),(-0.032, 0.000, 0.000),0.471,2.976,6.314,0.538,VALID,(0.083, -0.393, 0.916),(0.032, 0.000, 0.000),0.507,3.222,6.354,0.516,2,0
450158,1000002506296823700,63875743297193,(0.013, 1.436, 0.008),(0.013, -0.247, 0.033, 0.968),VALID,(0.079, -0.383, 0.921),(0.000, 0.000, 0.000),63.850,VALID,(0.082, -0.391, 0.917),(-0.032, 0.000, 0.000),0.475,2.997,6.314,0.542,VALID,(0.083, -0.395, 0.915),(0.032, 0.000, 0.000),0.506,3.215,6.354,0.521,2,0
450159,1000002506301848400,63875743297193,(0.013, 1.436, 0.008),(0.013, -0.247, 0.033, 0.968),VALID,(0.083, -0.381, 0.921),(0.000, 0.000, 0.000),63.850,VALID,(0.087, -0.388, 0.918),(-0.032, 0.000, 0.000),0.477,3.009,6.314,0.547,VALID,(0.086, -0.385, 0.919),(0.032, 0.000, 0.000),0.506,3.212,6.354,0.527,2,0
450160,1000002506306857700,63875743297193,(0.013, 1.436, 0.008),(0.013, -0.247, 0.033, 0.968),VALID,(0.087, -0.378, 0.921),(0.000, 0.000, 0.000),63.850,VALID,(0.091, -0.385, 0.918),(-0.032, 0.000, 0.000),0.478,3.015,6.314,0.552,VALID,(0.089, -0.374, 0.923),(0.032, 0.000, 0.000),0.506,3.213,6.354,0.533,2,0
450161,1000002506311870600,63875743297204,(0.013, 1.436, 0.007),(0.013, -0.247, 0.033, 0.968),VALID,(0.091, -0.375, 0.923),(0.000, 0.000, 0.000),63.850,VALID,(0.095, -0.384, 0.919),(-0.032, 0.000, 0.000),0.479,3.025,6.314,0.556,VALID,(0.092, -0.367, 0.926),(0.032, 0.000, 0.000),0.506,3.217,6.354,0.539,2,0
450162,1000002506316879900,63875743297204,(0.013, 1.436, 0.007),(0.013, -0.247, 0.033, 0.968),VALID,(0.094, -0.370, 0.924),(0.000, 0.000, 0.000),63.850,VALID,(0.098, -0.380, 0.920),(-0.032, 0.000, 0.000),0.481,3.035,6.314,0.561,VALID,(0.095, -0.361, 0.928),(0.032, 0.000, 0.000),0.507,3.224,6.354,0.545,2,0
450163,1000002506321873000,63875743297216,(0.013, 1.436, 0.007),(0.013, -0.247, 0.033, 0.968),VALID,(0.097, -0.364, 0.927),(0.000, 0.000, 0.000),63.850,VALID,(0.101, -0.374, 0.922),(-0.032, 0.000, 0.000),0.482,3.042,6.314,0.566,VALID,(0.097, -0.356, 0.930),(0.032, 0.000, 0.000),0.511,3.244,6.354,0.551,2,0
450164,1000002506326883000,63875743297216,(0.013, 1.436, 0.007),(0.013, -0.247, 0.033, 0.968),VALID,(0.100, -0.352, 0.931),(0.000, 0.000, 0.000),63.850,VALID,(0.105, -0.362, 0.926),(-0.032, 0.000, 0.000),0.483,3.052,6.314,0.571,VALID,(0.099, -0.348, 0.932),(0.032, 0.000, 0.000),0.516,3.279,6.354,0.557,2,0
450165,1000002506331928400,63875743297226,(0.012, 1.436, 0.007),(0.013, -0.247, 0.033, 0.968),VALID,(0.102, -0.336, 0.936),(0.000, 0.000, 0.000),63.850,VALID,(0.109, -0.345, 0.932),(-0.032, 0.000, 0.000),0.487,3.078,6.314,0.577,VALID,(0.101, -0.343, 0.934),(0.032, 0.000, 0.000),0.521,3.309,6.354,0.564,2,0
450166,1000002506336921100,63875743297226,(0.012, 1.436, 0.007),(0.013, -0.247, 0.033, 0.968),VALID,(0.104, -0.322, 0.941),(0.000, 0.000, 0.000),63.850,VALID,(0.112, -0.328, 0.938),(-0.032, 0.000, 0.000),0.478,3.018,6.314,0.584,VALID,(0.102, -0.340, 0.935),(0.032, 0.000, 0.000),0.523,3.326,6.354,0.571,2,0
450167,1000002506341930400,63875743297239,(0.013, 1.436, 0.007),(0.013, -0.247, 0.033, 0.968),VALID,(0.107, -0.300, 0.948),(0.000, 0.000, 0.000),63.850,VALID,(0.115, -0.304, 0.946),(-0.032, 0.000, 0.000),0.475,3.002,6.314,0.591,VALID,(0.105, -0.328, 0.939),(0.032, 0.000, 0.000),0.525,3.339,6.354,0.579,2,0
450168,1000002506347014200,63875743297239,(0.013, 1.436, 0.007),(0.013, -0.247, 0.033, 0.968),VALID,(0.110, -0.281, 0.953),(0.000, 0.000, 0.000),63.850,VALID,(0.118, -0.284, 0.952),(-0.032, 0.000, 0.000),0.475,2.996,6.314,0.600,VALID,(0.110, -0.311, 0.944),(0.032, 0.000, 0.000),0.527,3.351,6.354,0.588,2,0
450169,1000002506352020600,63875743297239,(0.013, 1.436, 0.007),(0.013, -0.247, 0.033, 0.968),VALID,(0.115, -0.277, 0.954),(0.000, 0.000, 0.000),63.850,VALID,(0.133, -0.279, 0.951),(-0.032, 0.000, 0.000),0.485,3.063,6.314,0.609,VALID,(0.113, -0.301, 0.947),(0.032, 0.000, 0.000),0.533,3.384,6.354,0.597,2,0
450170,1000002506357029900,63875743297248,(0.013, 1.436, 0.007),(0.013, -0.246, 0.034, 0.968),VALID,(0.120, -0.271, 0.955),(0.000, 0.000, 0.000),63.850,VALID,(0.146, -0.271, 0.951),(-0.032, 0.000, 0.000),0.495,3.123,6.314,0.618,VALID,(0.118, -0.290, 0.950),(0.032, 0.000, 0.000),0.536,3.406,6.354,0.606,2,0
450171,1000002506362039200,63875743297248,(0.013, 1.436, 0.007),(0.013, -0.246, 0.034, 0.968),VALID,(0.127, -0.268, 0.955),(0.000, 0.000, 0.000),63.850,VALID,(0.151, -0.268, 0.952),(-0.032, 0.000, 0.000),0.494,3.120,6.314,0.628,VALID,(0.122, -0.283, 0.951),(0.032, 0.000, 0.000),0.542,3.447,6.354,0.616,2,0
450172,1000002506367049200,63875743297260,(0.013, 1.436, 0.006),(0.013, -0.246, 0.034, 0.969),VALID,(0.134, -0.257, 0.957),(0.000, 0.000, 0.000),63.850,VALID,(0.154, -0.257, 0.954),(-0.032, 0.000, 0.000),0.490,3.093,6.314,0.637,VALID,(0.128, -0.269, 0.955),(0.032, 0.000, 0.000),0.547,3.473,6.354,0.625,2,0
450173,1000002506372058500,63875743297260,(0.013, 1.436, 0.006),(0.013, -0.246, 0.034, 0.969),VALID,(0.139, -0.245, 0.960),(0.000, 0.000, 0.000),63.850,VALID,(0.156, -0.244, 0.957),(-0.032, 0.000, 0.000),0.484,3.055,6.314,0.646,VALID,(0.133, -0.254, 0.958),(0.032, 0.000, 0.000),0.552,3.506,6.354,0.635,2,0
450174,1000002506377006200,63875743297270,(0.013, 1.436, 0.006),(0.013, -0.246, 0.034, 0.969),VALID,(0.145, -0.228, 0.963),(0.000, 0.000, 0.000),63.850,VALID,(0.162, -0.227, 0.960),(-0.032, 0.000, 0.000),0.484,3.053,6.314,0.656,VALID,(0.138, -0.235, 0.962),(0.032, 0.000, 0.000),0.556,3.534,6.354,0.645,2,0
450175,1000002506382027300,63875743297270,(0.013, 1.436, 0.006),(0.013, -0.246, 0.034, 0.969),VALID,(0.149, -0.222, 0.963),(0.000, 0.000, 0.000),63.850,VALID,(0.167, -0.221, 0.961),(-0.032, 0.000, 0.000),0.485,3.062,6.314,0.669,VALID,(0.142, -0.227, 0.963),(0.032, 0.000, 0.000),0.559,3.553,6.354,0.654,2,0
450176,1000002506387037300,63875743297281,(0.013, 1.436, 0.006),(0.013, -0.246, 0.035, 0.969),VALID,(0.152, -0.218, 0.964),(0.000, 0.000, 0.000),63.850,VALID,(0.170, -0.217, 0.961),(-0.032, 0.000, 0.000),0.488,3.083,6.314,0.682,VALID,(0.145, -0.221, 0.964),(0.032, 0.000, 0.000),0.561,3.566,6.354,0.663,2,0
450177,1000002506392056000,63875743297281,(0.013, 1.436, 0.006),(0.013, -0.246, 0.035, 0.969),VALID,(0.152, -0.213, 0.965),(0.000, 0.000, 0.000),63.850,VALID,(0.166, -0.212, 0.963),(-0.032, 0.000, 0.000),0.513,3.242,6.314,0.694,VALID,(0.146, -0.216, 0.965),(0.032, 0.000, 0.000),0.562,3.569,6.354,0.671,2,0
450178,1000002506397075800,63875743297281,(0.013, 1.436, 0.006),(0.013, -0.246, 0.035, 0.969),VALID,(0.151, -0.210, 0.966),(0.000, 0.000, 0.000),63.850,VALID,(0.164, -0.210, 0.964),(-0.032, 0.000, 0.000),0.517,3.263,6.314,0.705,VALID,(0.147, -0.212, 0.966),(0.032, 0.000, 0.000),0.562,3.569,6.354,0.679,2,0
450179,1000002506402121400,63875743297293,(0.013, 1.436, 0.006),(0.012, -0.246, 0.035, 0.969),VALID,(0.151, -0.207, 0.967),(0.000, 0.000, 0.000),63.850,VALID,(0.162, -0.207, 0.965),(-0.032, 0.000, 0.000),0.522,3.298,6.314,0.715,VALID,(0.147, -0.209, 0.967),(0.032, 0.000, 0.000),0.561,3.567,6.354,0.687,2,0
450180,1000002506407141200,63875743297293,(0.013, 1.436, 0.006),(0.012, -0.246, 0.035, 0.969),VALID,(0.151, -0.200, 0.968),(0.000, 0.000, 0.000),63.850,VALID,(0.160, -0.199, 0.967),(-0.032, 0.000, 0.000),0.526,3.321,6.314,0.724,VALID,(0.147, -0.201, 0.968),(0.032, 0.000, 0.000),0.561,3.563,6.354,0.694,2,0
450181,1000002506412162300,63875743297304,(0.013, 1.436, 0.006),(0.012, -0.245, 0.035, 0.969),VALID,(0.150, -0.193, 0.970),(0.000, 0.000, 0.000),63.850,VALID,(0.159, -0.192, 0.968),(-0.032, 0.000, 0.000),0.543,3.428,6.314,0.732,VALID,(0.148, -0.193, 0.970),(0.032, 0.000, 0.000),0.561,3.564,6.354,0.700,2,0
450182,1000002506417183400,63875743297304,(0.013, 1.436, 0.006),(0.012, -0.245, 0.035, 0.969),VALID,(0.150, -0.185, 0.971),(0.000, 0.000, 0.000),63.850,VALID,(0.158, -0.185, 0.970),(-0.032, 0.000, 0.000),0.552,3.487,6.314,0.738,VALID,(0.148, -0.186, 0.971),(0.032, 0.000, 0.000),0.561,3.566,6.354,0.705,2,0
450183,1000002506422204500,63875743297315,(0.013, 1.437, 0.006),(0.012, -0.245, 0.035, 0.969),VALID,(0.150, -0.187, 0.971),(0.000, 0.000, 0.000),63.850,VALID,(0.158, -0.187, 0.970),(-0.032, 0.000, 0.000),0.554,3.498,6.314,0.744,VALID,(0.148, -0.188, 0.971),(0.032, 0.000, 0.000),0.562,3.568,6.354,0.710,2,0
450184,1000002506427224300,63875743297315,(0.013, 1.437, 0.006),(0.012, -0.245, 0.035, 0.969),VALID,(0.149, -0.189, 0.971),(0.000, 0.000, 0.000),63.850,VALID,(0.157, -0.189, 0.969),(-0.032, 0.000, 0.000),0.555,3.501,6.314,0.742,VALID,(0.148, -0.189, 0.971),(0.032, 0.000, 0.000),0.562,3.569,6.354,0.714,2,0
450185,1000002506432137800,63875743297326,(0.013, 1.437, 0.006),(0.012, -0.245, 0.035, 0.969),VALID,(0.149, -0.184, 0.972),(0.000, 0.000, 0.000),63.850,VALID,(0.157, -0.184, 0.970),(-0.032, 0.000, 0.000),0.555,3.503,6.314,0.742,VALID,(0.148, -0.184, 0.972),(0.032, 0.000, 0.000),0.562,3.570,6.354,0.717,2,0
450186,1000002506437184600,63875743297326,(0.013, 1.437, 0.006),(0.012, -0.245, 0.035, 0.969),VALID,(0.149, -0.180, 0.972),(0.000, 0.000, 0.000),63.850,VALID,(0.157, -0.180, 0.971),(-0.032, 0.000, 0.000),0.555,3.503,6.314,0.741,VALID,(0.147, -0.180, 0.973),(0.032, 0.000, 0.000),0.562,3.571,6.354,0.720,2,0
450187,1000002506442205700,63875743297337,(0.013, 1.437, 0.006),(0.011, -0.244, 0.035, 0.969),VALID,(0.149, -0.177, 0.973),(0.000, 0.000, 0.000),63.850,VALID,(0.156, -0.177, 0.972),(-0.032, 0.000, 0.000),0.555,3.503,6.314,0.741,VALID,(0.147, -0.178, 0.973),(0.032, 0.000, 0.000),0.562,3.573,6.354,0.722,2,0
450188,1000002506447192400,63875743297337,(0.013, 1.437, 0.006),(0.011, -0.244, 0.035, 0.969),VALID,(0.148, -0.175, 0.973),(0.000, 0.000, 0.000),63.850,VALID,(0.155, -0.175, 0.972),(-0.032, 0.000, 0.000),0.555,3.502,6.314,0.741,VALID,(0.147, -0.175, 0.973),(0.032, 0.000, 0.000),0.563,3.574,6.354,0.725,2,0
450189,1000002506452213500,63875743297337,(0.013, 1.437, 0.006),(0.011, -0.244, 0.035, 0.969),VALID,(0.148, -0.172, 0.974),(0.000, 0.000, 0.000),63.850,VALID,(0.154, -0.171, 0.973),(-0.032, 0.000, 0.000),0.555,3.503,6.314,0.740,VALID,(0.147, -0.172, 0.974),(0.032, 0.000, 0.000),0.563,3.575,6.354,0.727,2,0
450190,1000002506457237500,63875743297348,(0.013, 1.437, 0.006),(0.011, -0.244, 0.035, 0.969),VALID,(0.147, -0.170, 0.974),(0.000, 0.000, 0.000),63.850,VALID,(0.153, -0.170, 0.973),(-0.032, 0.000, 0.000),0.564,3.558,6.314,0.740,VALID,(0.146, -0.170, 0.975),(0.032, 0.000, 0.000),0.564,3.584,6.354,0.728,2,0
450191,1000002506462261500,63875743297348,(0.013, 1.437, 0.006),(0.011, -0.244, 0.035, 0.969),VALID,(0.147, -0.172, 0.974),(0.000, 0.000, 0.000),63.850,VALID,(0.152, -0.171, 0.973),(-0.032, 0.000, 0.000),0.565,3.564,6.314,0.739,VALID,(0.146, -0.172, 0.974),(0.032, 0.000, 0.000),0.566,3.595,6.354,0.729,2,0
450192,1000002506467285500,63875743297359,(0.013, 1.437, 0.006),(0.011, -0.244, 0.035, 0.969),VALID,(0.148, -0.175, 0.973),(0.000, 0.000, 0.000),63.850,VALID,(0.153, -0.175, 0.973),(-0.032, 0.000, 0.000),0.577,3.643,6.314,0.739,VALID,(0.147, -0.175, 0.974),(0.032, 0.000, 0.000),0.575,3.651,6.354,0.731,2,0
450193,1000002506472306600,63875743297360,(0.013, 1.437, 0.006),(0.011, -0.244, 0.035, 0.969),VALID,(0.154, -0.184, 0.971),(0.000, 0.000, 0.000),63.850,VALID,(0.154, -0.184, 0.971),(-0.032, 0.000, 0.000),0.557,3.515,6.314,0.737,VALID,(0.154, -0.184, 0.971),(0.032, 0.000, 0.000),0.574,3.649,6.354,0.732,2,0
450194,1000002506477330600,63875743297371,(0.014, 1.437, 0.005),(0.010, -0.243, 0.034, 0.969),VALID,(0.165, -0.187, 0.969),(0.000, 0.000, 0.000),63.850,VALID,(0.161, -0.187, 0.969),(-0.032, 0.000, 0.000),0.546,3.445,6.314,0.735,VALID,(0.165, -0.187, 0.968),(0.032, 0.000, 0.000),0.595,3.781,6.354,0.733,2,0
450195,1000002506482321100,63875743297371,(0.014, 1.437, 0.005),(0.010, -0.243, 0.034, 0.969),VALID,(0.179, -0.190, 0.965),(0.000, 0.000, 0.000),63.850,VALID,(0.172, -0.190, 0.967),(-0.032, 0.000, 0.000),0.566,3.573,6.314,0.733,VALID,(0.180, -0.190, 0.965),(0.032, 0.000, 0.000),0.585,3.718,6.354,0.735,2,0
450196,1000002506487286100,63875743297383,(0.014, 1.437, 0.005),(0.010, -0.243, 0.034, 0.969),VALID,(0.197, -0.195, 0.961),(0.000, 0.000, 0.000),63.850,VALID,(0.189, -0.196, 0.962),(-0.032, 0.000, 0.000),0.582,3.672,6.314,0.731,VALID,(0.199, -0.195, 0.960),(0.032, 0.000, 0.000),0.592,3.763,6.354,0.736,2,0
450197,1000002506492307200,63875743297383,(0.014, 1.437, 0.005),(0.010, -0.243, 0.034, 0.969),VALID,(0.215, -0.204, 0.955),(0.000, 0.000, 0.000),63.850,VALID,(0.207, -0.205, 0.957),(-0.032, 0.000, 0.000),0.581,3.668,6.314,0.728,VALID,(0.216, -0.204, 0.955),(0.032, 0.000, 0.000),0.601,3.815,6.354,0.738,2,0
450198,1000002506497384200,63875743297383,(0.014, 1.437, 0.005),(0.010, -0.243, 0.034, 0.969),VALID,(0.231, -0.212, 0.949),(0.000, 0.000, 0.000),63.850,VALID,(0.225, -0.212, 0.951),(-0.032, 0.000, 0.000),0.581,3.666,6.314,0.727,VALID,(0.233, -0.212, 0.949),(0.032, 0.000, 0.000),0.607,3.857,6.354,0.739,2,0
450199,1000002506502408200,63875743297394,(0.014, 1.437, 0.005),(0.010, -0.243, 0.034, 0.969),VALID,(0.245, -0.220, 0.944),(0.000, 0.000, 0.000),63.850,VALID,(0.240, -0.220, 0.946),(-0.032, 0.000, 0.000),0.581,3.667,6.314,0.726,VALID,(0.246, -0.220, 0.944),(0.032, 0.000, 0.000),0.612,3.889,6.354,0.741,2,0
450200,1000002506507364200,63875743297394,(0.014, 1.437, 0.005),(0.010, -0.243, 0.034, 0.969),VALID,(0.254, -0.234, 0.938),(0.000, 0.000, 0.000),63.850,VALID,(0.251, -0.235, 0.939),(-0.032, 0.000, 0.000),0.583,3.680,6.314,0.726,VALID,(0.255, -0.234, 0.938),(0.032, 0.000, 0.000),0.588,3.734,6.354,0.743,2,0
450201,1000002506512397800,63875743297405,(0.014, 1.437, 0.005),(0.010, -0.242, 0.033, 0.970),VALID,(0.260, -0.247, 0.933),(0.000, 0.000, 0.000),63.850,VALID,(0.258, -0.247, 0.934),(-0.032, 0.000, 0.000),0.584,3.688,6.314,0.726,VALID,(0.261, -0.247, 0.933),(0.032, 0.000, 0.000),0.582,3.700,6.354,0.745,2,0
450202,1000002506517431400,63875743297416,(0.014, 1.436, 0.005),(0.010, -0.242, 0.033, 0.970),VALID,(0.264, -0.256, 0.930),(0.000, 0.000, 0.000),63.850,VALID,(0.263, -0.256, 0.930),(-0.032, 0.000, 0.000),0.585,3.697,6.314,0.726,VALID,(0.265, -0.256, 0.930),(0.032, 0.000, 0.000),0.581,3.691,6.354,0.746,2,0
450203,1000002506522465000,63875743297416,(0.014, 1.436, 0.005),(0.010, -0.242, 0.033, 0.970),VALID,(0.267, -0.263, 0.927),(0.000, 0.000, 0.000),63.850,VALID,(0.266, -0.263, 0.927),(-0.032, 0.000, 0.000),0.586,3.702,6.314,0.726,VALID,(0.268, -0.263, 0.927),(0.032, 0.000, 0.000),0.579,3.680,6.354,0.747,2,0
450204,1000002506527485800,63875743297416,(0.014, 1.436, 0.005),(0.010, -0.242, 0.033, 0.970),VALID,(0.270, -0.268, 0.925),(0.000, 0.000, 0.000),63.850,VALID,(0.269, -0.268, 0.925),(-0.032, 0.000, 0.000),0.586,3.703,6.314,0.726,VALID,(0.270, -0.268, 0.925),(0.032, 0.000, 0.000),0.578,3.674,6.354,0.749,2,0
450205,1000002506532437600,63875743297427,(0.014, 1.436, 0.005),(0.009, -0.242, 0.033, 0.970),VALID,(0.275, -0.283, 0.919),(0.000, 0.000, 0.000),63.850,VALID,(0.274, -0.283, 0.919),(-0.032, 0.000, 0.000),0.586,3.701,6.314,0.727,VALID,(0.275, -0.283, 0.919),(0.032, 0.000, 0.000),0.576,3.661,6.354,0.750,2,0
450206,1000002506537458400,63875743297427,(0.014, 1.436, 0.005),(0.009, -0.242, 0.033, 0.970),VALID,(0.278, -0.294, 0.914),(0.000, 0.000, 0.000),63.850,VALID,(0.278, -0.294, 0.915),(-0.032, 0.000, 0.000),0.585,3.696,6.314,0.727,VALID,(0.278, -0.294, 0.914),(0.032, 0.000, 0.000),0.574,3.650,6.354,0.752,2,0
450207,1000002506542492000,63875743297438,(0.014, 1.436, 0.005),(0.009, -0.242, 0.033, 0.970),VALID,(0.280, -0.302, 0.911),(0.000, 0.000, 0.000),63.850,VALID,(0.280, -0.302, 0.911),(-0.032, 0.000, 0.000),0.583,3.682,6.314,0.727,VALID,(0.280, -0.302, 0.911),(0.032, 0.000, 0.000),0.573,3.643,6.354,0.753,2,0
450208,1000002506547494100,63875743297438,(0.014, 1.436, 0.005),(0.009, -0.242, 0.033, 0.970),VALID,(0.282, -0.307, 0.909),(0.000, 0.000, 0.000),63.850,VALID,(0.282, -0.307, 0.909),(-0.032, 0.000, 0.000),0.580,3.664,6.314,0.728,VALID,(0.282, -0.307, 0.909),(0.032, 0.000, 0.000),0.573,3.639,6.354,0.755,2,0
450209,1000002506552527700,63875743297448,(0.014, 1.436, 0.005),(0.009, -0.242, 0.032, 0.970),VALID,(0.283, -0.311, 0.907),(0.000, 0.000, 0.000),63.850,VALID,(0.283, -0.311, 0.907),(-0.032, 0.000, 0.000),0.578,3.652,6.314,0.728,VALID,(0.283, -0.311, 0.907),(0.032, 0.000, 0.000),0.572,3.636,6.354,0.757,2,0
450210,1000002506557519700,63875743297448,(0.014, 1.436, 0.005),(0.009, -0.242, 0.032, 0.970),VALID,(0.283, -0.313, 0.907),(0.000, 0.000, 0.000),63.850,VALID,(0.283, -0.313, 0.907),(-0.032, 0.000, 0.000),0.578,3.647,6.314,0.729,VALID,(0.283, -0.313, 0.906),(0.032, 0.000, 0.000),0.572,3.635,6.354,0.759,2,0
450211,1000002506562454100,63875743297461,(0.014, 1.436, 0.005),(0.009, -0.241, 0.032, 0.970),VALID,(0.284, -0.314, 0.906),(0.000, 0.000, 0.000),63.850,VALID,(0.284, -0.314, 0.906),(-0.032, 0.000, 0.000),0.577,3.644,6.314,0.730,VALID,(0.284, -0.314, 0.906),(0.032, 0.000, 0.000),0.572,3.633,6.354,0.761,2,0
450212,1000002506567516100,63875743297461,(0.014, 1.436, 0.005),(0.009, -0.241, 0.032, 0.970),VALID,(0.282, -0.313, 0.907),(0.000, 0.000, 0.000),63.850,VALID,(0.282, -0.313, 0.907),(-0.032, 0.000, 0.000),0.576,3.637,6.314,0.731,VALID,(0.282, -0.313, 0.907),(0.032, 0.000, 0.000),0.572,3.632,6.354,0.763,2,0
450213,1000002506572549700,63875743297461,(0.014, 1.436, 0.005),(0.009, -0.241, 0.032, 0.970),VALID,(0.281, -0.313, 0.907),(0.000, 0.000, 0.000),63.850,VALID,(0.281, -0.313, 0.907),(-0.032, 0.000, 0.000),0.575,3.627,6.314,0.731,VALID,(0.281, -0.313, 0.907),(0.032, 0.000, 0.000),0.572,3.632,6.354,0.765,2,0
450214,1000002506577584800,63875743297471,(0.014, 1.436, 0.005),(0.009, -0.241, 0.032, 0.970),VALID,(0.281, -0.313, 0.907),(0.000, 0.000, 0.000),63.850,VALID,(0.280, -0.313, 0.907),(-0.032, 0.000, 0.000),0.573,3.619,6.314,0.733,VALID,(0.281, -0.313, 0.907),(0.032, 0.000, 0.000),0.572,3.632,6.354,0.767,2,0
450215,1000002506582605600,63875743297471,(0.014, 1.436, 0.005),(0.009, -0.241, 0.032, 0.970),VALID,(0.279, -0.310, 0.909),(0.000, 0.000, 0.000),63.850,VALID,(0.279, -0.310, 0.909),(-0.032, 0.000, 0.000),0.573,3.615,6.314,0.734,VALID,(0.279, -0.310, 0.909),(0.032, 0.000, 0.000),0.572,3.635,6.354,0.769,2,0
450216,1000002506587529000,63875743297483,(0.014, 1.436, 0.005),(0.009, -0.241, 0.032, 0.970),VALID,(0.279, -0.309, 0.909),(0.000, 0.000, 0.000),63.850,VALID,(0.279, -0.309, 0.909),(-0.032, 0.000, 0.000),0.572,3.612,6.314,0.735,VALID,(0.279, -0.309, 0.909),(0.032, 0.000, 0.000),0.572,3.636,6.354,0.771,2,0
450217,1000002506592549800,63875743297483,(0.014, 1.436, 0.005),(0.009, -0.241, 0.032, 0.970),VALID,(0.278, -0.308, 0.910),(0.000, 0.000, 0.000),63.850,VALID,(0.278, -0.308, 0.910),(-0.032, 0.000, 0.000),0.572,3.612,6.314,0.736,VALID,(0.278, -0.308, 0.910),(0.032, 0.000, 0.000),0.573,3.638,6.354,0.773,2,0
450218,1000002506597552300,63875743297483,(0.014, 1.436, 0.005),(0.009, -0.241, 0.032, 0.970),VALID,(0.277, -0.307, 0.910),(0.000, 0.000, 0.000),63.850,VALID,(0.277, -0.307, 0.910),(-0.032, 0.000, 0.000),0.572,3.612,6.314,0.738,VALID,(0.277, -0.307, 0.910),(0.032, 0.000, 0.000),0.573,3.641,6.354,0.774,2,0
450219,1000002506602573100,63875743297494,(0.014, 1.436, 0.005),(0.008, -0.241, 0.031, 0.970),VALID,(0.277, -0.306, 0.911),(0.000, 0.000, 0.000),63.850,VALID,(0.277, -0.306, 0.911),(-0.032, 0.000, 0.000),0.572,3.614,6.314,0.739,VALID,(0.277, -0.306, 0.911),(0.032, 0.000, 0.000),0.573,3.642,6.354,0.776,2,0.159914
450220,1000002506607593900,63875743297494,(0.014, 1.436, 0.005),(0.008, -0.241, 0.031, 0.970),VALID,(0.276, -0.306, 0.911),(0.000, 0.000, 0.000),63.850,VALID,(0.276, -0.306, 0.911),(-0.032, 0.000, 0.000),0.573,3.617,6.314,0.741,VALID,(0.276, -0.306, 0.911),(0.032, 0.000, 0.000),0.573,3.643,6.354,0.778,2,0.1806781
450221,1000002506612600900,63875743297505,(0.014, 1.436, 0.005),(0.008, -0.241, 0.031, 0.970),VALID,(0.276, -0.305, 0.911),(0.000, 0.000, 0.000),63.850,VALID,(0.276, -0.305, 0.911),(-0.032, 0.000, 0.000),0.573,3.618,6.314,0.742,VALID,(0.276, -0.305, 0.911),(0.032, 0.000, 0.000),0.573,3.644,6.354,0.779,2,0.1905974
450222,1000002506617617400,63875743297505,(0.014, 1.436, 0.005),(0.008, -0.241, 0.031, 0.970),VALID,(0.276, -0.305, 0.912),(0.000, 0.000, 0.000),63.850,VALID,(0.276, -0.305, 0.912),(-0.032, 0.000, 0.000),0.573,3.621,6.314,0.744,VALID,(0.276, -0.305, 0.912),(0.032, 0.000, 0.000),0.574,3.648,6.354,0.781,2,0.2070483
450223,1000002506622640200,63875743297516,(0.014, 1.436, 0.005),(0.008, -0.241, 0.031, 0.970),VALID,(0.276, -0.305, 0.912),(0.000, 0.000, 0.000),63.850,VALID,(0.276, -0.305, 0.912),(-0.032, 0.000, 0.000),0.574,3.623,6.314,0.745,VALID,(0.276, -0.305, 0.912),(0.032, 0.000, 0.000),0.575,3.652,6.354,0.782,2,0.2378843
450224,1000002506627656700,63875743297516,(0.014, 1.436, 0.005),(0.008, -0.241, 0.031, 0.970),VALID,(0.275, -0.305, 0.912),(0.000, 0.000, 0.000),63.850,VALID,(0.275, -0.305, 0.912),(-0.032, 0.000, 0.000),0.574,3.624,6.314,0.746,VALID,(0.275, -0.305, 0.912),(0.032, 0.000, 0.000),0.575,3.654,6.354,0.784,2,0.7675887
450225,1000002506632665000,63875743297527,(0.014, 1.436, 0.005),(0.008, -0.241, 0.031, 0.970),VALID,(0.275, -0.304, 0.912),(0.000, 0.000, 0.000),63.850,VALID,(0.275, -0.304, 0.912),(-0.032, 0.000, 0.000),0.574,3.627,6.314,0.748,VALID,(0.275, -0.304, 0.912),(0.032, 0.000, 0.000),0.575,3.656,6.354,0.785,2,0.7934413
450226,1000002506637699100,63875743297527,(0.014, 1.436, 0.005),(0.008, -0.241, 0.031, 0.970),VALID,(0.275, -0.304, 0.912),(0.000, 0.000, 0.000),63.850,VALID,(0.275, -0.304, 0.912),(-0.032, 0.000, 0.000),0.575,3.628,6.314,0.749,VALID,(0.275, -0.304, 0.912),(0.032, 0.000, 0.000),0.576,3.659,6.354,0.786,2,0.8213095
450227,1000002506642734800,63875743297537,(0.014, 1.435, 0.005),(0.008, -0.241, 0.031, 0.970),VALID,(0.275, -0.304, 0.912),(0.000, 0.000, 0.000),63.850,VALID,(0.275, -0.304, 0.912),(-0.032, 0.000, 0.000),0.575,3.630,6.314,0.750,VALID,(0.275, -0.304, 0.912),(0.032, 0.000, 0.000),0.576,3.662,6.354,0.787,2,0.8122508
450228,1000002506647768900,63875743297548,(0.013, 1.435, 0.005),(0.009, -0.241, 0.030, 0.970),VALID,(0.275, -0.304, 0.912),(0.000, 0.000, 0.000),63.850,VALID,(0.274, -0.304, 0.912),(-0.032, 0.000, 0.000),0.575,3.631,6.314,0.751,VALID,(0.275, -0.304, 0.912),(0.032, 0.000, 0.000),0.577,3.664,6.354,0.789,2,0.8150629
450229,1000002506652803800,63875743297548,(0.013, 1.435, 0.005),(0.009, -0.241, 0.030, 0.970),VALID,(0.274, -0.303, 0.913),(0.000, 0.000, 0.000),63.850,VALID,(0.274, -0.303, 0.913),(-0.032, 0.000, 0.000),0.575,3.634,6.314,0.752,VALID,(0.274, -0.303, 0.913),(0.032, 0.000, 0.000),0.577,3.666,6.354,0.790,2,0.8188245
450230,1000002506657837900,63875743297548,(0.013, 1.435, 0.005),(0.009, -0.241, 0.030, 0.970),VALID,(0.274, -0.303, 0.913),(0.000, 0.000, 0.000),63.850,VALID,(0.274, -0.303, 0.913),(-0.032, 0.000, 0.000),0.576,3.638,6.314,0.753,VALID,(0.274, -0.303, 0.913),(0.032, 0.000, 0.000),0.577,3.667,6.354,0.791,2,0.8284252
450231,1000002506662740800,63875743297559,(0.013, 1.435, 0.005),(0.009, -0.242, 0.030, 0.970),VALID,(0.274, -0.303, 0.913),(0.000, 0.000, 0.000),63.850,VALID,(0.274, -0.303, 0.913),(-0.032, 0.000, 0.000),0.577,3.641,6.314,0.754,VALID,(0.274, -0.303, 0.913),(0.032, 0.000, 0.000),0.577,3.667,6.354,0.792,2,0.9616548
450232,1000002506667774900,63875743297559,(0.013, 1.435, 0.005),(0.009, -0.242, 0.030, 0.970),VALID,(0.274, -0.303, 0.913),(0.000, 0.000, 0.000),63.850,VALID,(0.274, -0.303, 0.913),(-0.032, 0.000, 0.000),0.577,3.644,6.314,0.754,VALID,(0.274, -0.303, 0.913),(0.032, 0.000, 0.000),0.577,3.669,6.354,0.792,2,0.9659722
450233,1000002506672798500,63875743297559,(0.013, 1.435, 0.005),(0.009, -0.242, 0.030, 0.970),VALID,(0.274, -0.303, 0.913),(0.000, 0.000, 0.000),63.850,VALID,(0.274, -0.303, 0.913),(-0.032, 0.000, 0.000),0.578,3.647,6.314,0.755,VALID,(0.274, -0.303, 0.913),(0.032, 0.000, 0.000),0.578,3.670,6.354,0.793,2,0.9683382
450234,1000002506677767300,63875743297570,(0.013, 1.435, 0.005),(0.009, -0.242, 0.030, 0.970),VALID,(0.274, -0.303, 0.913),(0.000, 0.000, 0.000),63.850,VALID,(0.274, -0.303, 0.913),(-0.032, 0.000, 0.000),0.578,3.649,6.314,0.756,VALID,(0.274, -0.303, 0.913),(0.032, 0.000, 0.000),0.578,3.670,6.354,0.794,2,1
450235,1000002506682801400,63875743297570,(0.013, 1.435, 0.005),(0.009, -0.242, 0.030, 0.970),VALID,(0.274, -0.303, 0.913),(0.000, 0.000, 0.000),63.850,VALID,(0.274, -0.303, 0.913),(-0.032, 0.000, 0.000),0.578,3.653,6.314,0.757,VALID,(0.274, -0.303, 0.913),(0.032, 0.000, 0.000),0.578,3.671,6.354,0.795,2,1
450236,1000002506687779000,63875743297581,(0.013, 1.435, 0.005),(0.009, -0.242, 0.030, 0.970),VALID,(0.273, -0.303, 0.913),(0.000, 0.000, 0.000),63.850,VALID,(0.273, -0.303, 0.913),(-0.032, 0.000, 0.000),0.579,3.655,6.314,0.758,VALID,(0.273, -0.303, 0.913),(0.032, 0.000, 0.000),0.578,3.671,6.354,0.795,2,1
450237,1000002506692787700,63875743297581,(0.013, 1.435, 0.005),(0.009, -0.242, 0.030, 0.970),VALID,(0.273, -0.303, 0.913),(0.000, 0.000, 0.000),63.850,VALID,(0.273, -0.303, 0.913),(-0.032, 0.000, 0.000),0.579,3.657,6.314,0.758,VALID,(0.273, -0.303, 0.913),(0.032, 0.000, 0.000),0.578,3.671,6.354,0.796,2,1
450238,1000002506697853100,63875743297592,(0.013, 1.435, 0.005),(0.009, -0.242, 0.030, 0.970),VALID,(0.273, -0.303, 0.913),(0.000, 0.000, 0.000),63.850,VALID,(0.273, -0.303, 0.913),(-0.032, 0.000, 0.000),0.579,3.658,6.314,0.759,VALID,(0.273, -0.303, 0.913),(0.032, 0.000, 0.000),0.578,3.671,6.354,0.797,2,1
450239,1000002506702861800,63875743297592,(0.013, 1.435, 0.005),(0.009, -0.242, 0.030, 0.970),VALID,(0.273, -0.302, 0.913),(0.000, 0.000, 0.000),63.850,VALID,(0.273, -0.302, 0.913),(-0.032, 0.000, 0.000),0.580,3.662,6.314,0.759,VALID,(0.273, -0.302, 0.913),(0.032, 0.000, 0.000),0.578,3.671,6.354,0.797,2,0.9734513
450240,1000002506707895900,63875743297592,(0.013, 1.435, 0.005),(0.009, -0.242, 0.030, 0.970),VALID,(0.272, -0.302, 0.914),(0.000, 0.000, 0.000),63.850,VALID,(0.272, -0.302, 0.914),(-0.032, 0.000, 0.000),0.581,3.667,6.314,0.760,VALID,(0.272, -0.302, 0.914),(0.032, 0.000, 0.000),0.578,3.671,6.354,0.798,2,0.9693481
450241,1000002506712904600,63875743297604,(0.013, 1.435, 0.005),(0.010, -0.242, 0.030, 0.970),VALID,(0.272, -0.302, 0.914),(0.000, 0.000, 0.000),63.850,VALID,(0.272, -0.302, 0.914),(-0.032, 0.000, 0.000),0.582,3.674,6.314,0.760,VALID,(0.272, -0.302, 0.914),(0.032, 0.000, 0.000),0.578,3.672,6.354,0.798,2,0.9614508
450242,1000002506717867700,63875743297604,(0.013, 1.435, 0.005),(0.010, -0.242, 0.030, 0.970),VALID,(0.272, -0.301, 0.914),(0.000, 0.000, 0.000),63.850,VALID,(0.272, -0.301, 0.914),(-0.032, 0.000, 0.000),0.583,3.680,6.314,0.761,VALID,(0.272, -0.301, 0.914),(0.032, 0.000, 0.000),0.578,3.672,6.354,0.799,2,0.9586576
450243,1000002506722868400,63875743297615,(0.013, 1.435, 0.006),(0.010, -0.242, 0.030, 0.970),VALID,(0.272, -0.301, 0.914),(0.000, 0.000, 0.000),63.850,VALID,(0.272, -0.301, 0.914),(-0.032, 0.000, 0.000),0.584,3.687,6.314,0.761,VALID,(0.272, -0.301, 0.914),(0.032, 0.000, 0.000),0.578,3.672,6.354,0.799,2,0.9626423
450244,1000002506727856100,63875743297615,(0.013, 1.435, 0.006),(0.010, -0.242, 0.030, 0.970),VALID,(0.271, -0.300, 0.914),(0.000, 0.000, 0.000),63.850,VALID,(0.271, -0.300, 0.914),(-0.032, 0.000, 0.000),0.585,3.691,6.314,0.762,VALID,(0.271, -0.300, 0.914),(0.032, 0.000, 0.000),0.578,3.674,6.354,0.800,2,0.9662364
450245,1000002506732873800,63875743297625,(0.013, 1.434, 0.006),(0.011, -0.242, 0.030, 0.970),VALID,(0.271, -0.300, 0.915),(0.000, 0.000, 0.000),63.850,VALID,(0.271, -0.300, 0.915),(-0.032, 0.000, 0.000),0.585,3.693,6.314,0.762,VALID,(0.271, -0.300, 0.915),(0.032, 0.000, 0.000),0.578,3.675,6.354,0.800,2,0.961924
450246,1000002506737887000,63875743297636,(0.013, 1.434, 0.006),(0.011, -0.242, 0.030, 0.970),VALID,(0.271, -0.300, 0.915),(0.000, 0.000, 0.000),63.850,VALID,(0.271, -0.300, 0.915),(-0.032, 0.000, 0.000),0.585,3.694,6.314,0.762,VALID,(0.271, -0.300, 0.915),(0.032, 0.000, 0.000),0.578,3.675,6.354,0.800,2,0.9615392
450247,1000002506742922000,63875743297636,(0.013, 1.434, 0.006),(0.011, -0.242, 0.030, 0.970),VALID,(0.271, -0.300, 0.915),(0.000, 0.000, 0.000),63.850,VALID,(0.271, -0.300, 0.915),(-0.032, 0.000, 0.000),0.585,3.695,6.314,0.762,VALID,(0.271, -0.300, 0.915),(0.032, 0.000, 0.000),0.579,3.676,6.354,0.800,2,0.9636245
450248,1000002506747930700,63875743297648,(0.013, 1.434, 0.006),(0.011, -0.242, 0.030, 0.970),VALID,(0.271, -0.299, 0.915),(0.000, 0.000, 0.000),63.850,VALID,(0.271, -0.299, 0.915),(-0.032, 0.000, 0.000),0.585,3.696,6.314,0.762,VALID,(0.271, -0.299, 0.915),(0.032, 0.000, 0.000),0.579,3.677,6.354,0.801,2,0.9509002
450249,1000002506752943900,63875743297648,(0.013, 1.434, 0.006),(0.011, -0.242, 0.030, 0.970),VALID,(0.271, -0.299, 0.915),(0.000, 0.000, 0.000),63.850,VALID,(0.271, -0.299, 0.915),(-0.032, 0.000, 0.000),0.585,3.696,6.314,0.763,VALID,(0.271, -0.299, 0.915),(0.032, 0.000, 0.000),0.579,3.677,6.354,0.801,2,0.8217081
450250,1000002506757952600,63875743297659,(0.013, 1.434, 0.006),(0.012, -0.242, 0.031, 0.970),VALID,(0.272, -0.298, 0.915),(0.000, 0.000, 0.000),63.850,VALID,(0.272, -0.298, 0.915),(-0.032, 0.000, 0.000),0.591,3.732,6.314,0.763,VALID,(0.272, -0.298, 0.915),(0.032, 0.000, 0.000),0.579,3.679,6.354,0.801,2,0.7121501
450251,1000002506762990500,63875743297659,(0.013, 1.434, 0.006),(0.012, -0.242, 0.031, 0.970),VALID,(0.269, -0.298, 0.916),(0.000, 0.000, 0.000),63.850,VALID,(0.269, -0.298, 0.916),(-0.032, 0.000, 0.000),0.588,3.710,6.314,0.763,VALID,(0.269, -0.298, 0.916),(0.032, 0.000, 0.000),0.581,3.692,6.354,0.801,2,0.2463811
450252,1000002506767991200,63875743297671,(0.012, 1.434, 0.006),(0.012, -0.242, 0.031, 0.970),VALID,(0.259, -0.299, 0.919),(0.000, 0.000, 0.000),63.850,VALID,(0.259, -0.299, 0.919),(-0.032, 0.000, 0.000),0.591,3.734,6.314,0.763,VALID,(0.259, -0.299, 0.919),(0.032, 0.000, 0.000),0.584,3.708,6.354,0.802,2,0
450253,1000002506772999900,63875743297671,(0.012, 1.434, 0.006),(0.012, -0.242, 0.031, 0.970),VALID,(0.239, -0.300, 0.924),(0.000, 0.000, 0.000),63.850,VALID,(0.239, -0.300, 0.924),(-0.032, 0.000, 0.000),0.608,3.842,6.314,0.765,VALID,(0.239, -0.300, 0.924),(0.032, 0.000, 0.000),0.584,3.713,6.354,0.802,2,0
450254,1000002506778000600,63875743297671,(0.012, 1.434, 0.006),(0.012, -0.242, 0.031, 0.970),VALID,(0.218, -0.302, 0.928),(0.000, 0.000, 0.000),63.850,VALID,(0.218, -0.302, 0.928),(-0.032, 0.000, 0.000),0.595,3.758,6.314,0.766,VALID,(0.218, -0.302, 0.928),(0.032, 0.000, 0.000),0.588,3.738,6.354,0.802,2,0
450255,1000002506783009300,63875743297681,(0.012, 1.434, 0.006),(0.012, -0.242, 0.031, 0.970),VALID,(0.191, -0.304, 0.933),(0.000, 0.000, 0.000),63.850,VALID,(0.191, -0.304, 0.933),(-0.032, 0.000, 0.000),0.595,3.758,6.314,0.767,VALID,(0.191, -0.304, 0.933),(0.032, 0.000, 0.000),0.589,3.741,6.354,0.802,2,0
450256,1000002506788010000,63875743297681,(0.012, 1.434, 0.006),(0.012, -0.242, 0.031, 0.970),VALID,(0.153, -0.305, 0.940),(0.000, 0.000, 0.000),63.850,VALID,(0.153, -0.305, 0.940),(-0.032, 0.000, 0.000),0.600,3.790,6.314,0.767,VALID,(0.153, -0.305, 0.940),(0.032, 0.000, 0.000),0.591,3.756,6.354,0.802,2,0
450257,1000002506793010700,63875743297681,(0.012, 1.434, 0.006),(0.012, -0.242, 0.031, 0.970),VALID,(0.122, -0.305, 0.945),(0.000, 0.000, 0.000),63.850,VALID,(0.122, -0.305, 0.945),(-0.032, 0.000, 0.000),0.602,3.801,6.314,0.769,VALID,(0.122, -0.305, 0.945),(0.032, 0.000, 0.000),0.592,3.764,6.354,0.801,2,0
450258,1000002506798068900,63875743297692,(0.012, 1.434, 0.006),(0.013, -0.242, 0.031, 0.970),VALID,(0.097, -0.304, 0.948),(0.000, 0.000, 0.000),63.850,VALID,(0.097, -0.304, 0.948),(-0.032, 0.000, 0.000),0.609,3.844,6.314,0.770,VALID,(0.097, -0.304, 0.948),(0.032, 0.000, 0.000),0.593,3.765,6.354,0.801,2,0
450259,1000002506803069600,63875743297692,(0.012, 1.434, 0.006),(0.013, -0.242, 0.031, 0.970),VALID,(0.081, -0.302, 0.950),(0.000, 0.000, 0.000),63.850,VALID,(0.081, -0.302, 0.950),(-0.032, 0.000, 0.000),0.612,3.864,6.314,0.772,VALID,(0.081, -0.302, 0.950),(0.032, 0.000, 0.000),0.593,3.766,6.354,0.800,2,0
450260,1000002506808082800,63875743297704,(0.012, 1.434, 0.006),(0.013, -0.242, 0.031, 0.970),VALID,(0.070, -0.301, 0.951),(0.000, 0.000, 0.000),63.850,VALID,(0.070, -0.301, 0.951),(-0.032, 0.000, 0.000),0.614,3.875,6.314,0.774,VALID,(0.070, -0.301, 0.951),(0.032, 0.000, 0.000),0.593,3.766,6.354,0.800,2,0
450261,1000002506813096000,63875743297704,(0.012, 1.434, 0.006),(0.013, -0.242, 0.031, 0.970),VALID,(0.062, -0.300, 0.952),(0.000, 0.000, 0.000),63.850,VALID,(0.062, -0.300, 0.952),(-0.032, 0.000, 0.000),0.614,3.877,6.314,0.776,VALID,(0.062, -0.300, 0.952),(0.032, 0.000, 0.000),0.593,3.766,6.354,0.799,2,0
450262,1000002506818109200,63875743297704,(0.012, 1.434, 0.006),(0.013, -0.242, 0.031, 0.970),VALID,(0.057, -0.299, 0.953),(0.000, 0.000, 0.000),63.850,VALID,(0.057, -0.299, 0.953),(-0.032, 0.000, 0.000),0.614,3.878,6.314,0.778,VALID,(0.057, -0.299, 0.953),(0.032, 0.000, 0.000),0.593,3.766,6.354,0.799,2,0
450263,1000002506823109900,63875743297715,(0.012, 1.434, 0.006),(0.014, -0.242, 0.031, 0.970),VALID,(0.060, -0.299, 0.952),(0.000, 0.000, 0.000),63.850,VALID,(0.060, -0.299, 0.952),(-0.032, 0.000, 0.000),0.614,3.876,6.314,0.781,VALID,(0.060, -0.299, 0.952),(0.032, 0.000, 0.000),0.593,3.766,6.354,0.799,2,0
450264,1000002506828123100,63875743297715,(0.012, 1.434, 0.006),(0.014, -0.242, 0.031, 0.970),VALID,(0.061, -0.300, 0.952),(0.000, 0.000, 0.000),63.850,VALID,(0.061, -0.300, 0.952),(-0.032, 0.000, 0.000),0.615,3.882,6.314,0.783,VALID,(0.061, -0.300, 0.952),(0.032, 0.000, 0.000),0.593,3.766,6.354,0.799,2,0
450265,1000002506833123800,63875743297725,(0.012, 1.434, 0.006),(0.014, -0.242, 0.031, 0.970),VALID,(0.060, -0.300, 0.952),(0.000, 0.000, 0.000),63.850,VALID,(0.060, -0.300, 0.952),(-0.032, 0.000, 0.000),0.616,3.886,6.314,0.786,VALID,(0.060, -0.300, 0.952),(0.032, 0.000, 0.000),0.593,3.766,6.354,0.799,2,0
450266,1000002506838140600,63875743297726,(0.012, 1.434, 0.006),(0.014, -0.242, 0.031, 0.970),VALID,(0.060, -0.300, 0.952),(0.000, 0.000, 0.000),63.850,VALID,(0.060, -0.300, 0.952),(-0.032, 0.000, 0.000),0.616,3.887,6.314,0.788,VALID,(0.060, -0.300, 0.952),(0.032, 0.000, 0.000),0.593,3.766,6.354,0.798,2,0
450267,1000002506843147300,63875743297736,(0.012, 1.434, 0.006),(0.014, -0.242, 0.031, 0.970),VALID,(0.060, -0.301, 0.952),(0.000, 0.000, 0.000),63.850,VALID,(0.060, -0.301, 0.952),(-0.032, 0.000, 0.000),0.616,3.887,6.314,0.791,VALID,(0.060, -0.301, 0.952),(0.032, 0.000, 0.000),0.593,3.765,6.354,0.798,2,0
450268,1000002506848160500,63875743297748,(0.012, 1.434, 0.006),(0.014, -0.243, 0.032, 0.970),VALID,(0.056, -0.299, 0.952),(0.000, 0.000, 0.000),63.850,VALID,(0.056, -0.299, 0.952),(-0.032, 0.000, 0.000),0.616,3.889,6.314,0.793,VALID,(0.056, -0.299, 0.952),(0.032, 0.000, 0.000),0.592,3.762,6.354,0.798,2,0
450269,1000002506853202400,63875743297748,(0.012, 1.434, 0.006),(0.014, -0.243, 0.032, 0.970),VALID,(0.053, -0.298, 0.953),(0.000, 0.000, 0.000),63.850,VALID,(0.053, -0.298, 0.953),(-0.032, 0.000, 0.000),0.617,3.896,6.314,0.795,VALID,(0.053, -0.298, 0.953),(0.032, 0.000, 0.000),0.592,3.759,6.354,0.798,2,0
450270,1000002506858209100,63875743297748,(0.012, 1.434, 0.006),(0.014, -0.243, 0.032, 0.970),VALID,(0.055, -0.299, 0.953),(0.000, 0.000, 0.000),63.850,VALID,(0.055, -0.299, 0.953),(-0.032, 0.000, 0.000),0.620,3.912,6.314,0.797,VALID,(0.055, -0.299, 0.953),(0.032, 0.000, 0.000),0.591,3.756,6.354,0.798,2,0
450271,1000002506863239900,63875743297759,(0.012, 1.434, 0.006),(0.015, -0.243, 0.032, 0.969),VALID,(0.057, -0.299, 0.952),(0.000, 0.000, 0.000),63.850,VALID,(0.057, -0.299, 0.952),(-0.032, 0.000, 0.000),0.619,3.911,6.314,0.799,VALID,(0.057, -0.299, 0.952),(0.032, 0.000, 0.000),0.591,3.753,6.354,0.798,2,0
450272,1000002506868246600,63875743297759,(0.012, 1.434, 0.006),(0.015, -0.243, 0.032, 0.969),VALID,(0.058, -0.300, 0.952),(0.000, 0.000, 0.000),63.850,VALID,(0.058, -0.300, 0.952),(-0.032, 0.000, 0.000),0.617,3.897,6.314,0.801,VALID,(0.058, -0.300, 0.952),(0.032, 0.000, 0.000),0.590,3.750,6.354,0.798,2,0
450273,1000002506873268200,63875743297770,(0.012, 1.434, 0.006),(0.015, -0.243, 0.032, 0.969),VALID,(0.059, -0.300, 0.952),(0.000, 0.000, 0.000),63.850,VALID,(0.059, -0.300, 0.952),(-0.032, 0.000, 0.000),0.615,3.884,6.314,0.802,VALID,(0.059, -0.300, 0.952),(0.032, 0.000, 0.000),0.590,3.749,6.354,0.798,2,0
450274,1000002506878274900,63875743297771,(0.012, 1.434, 0.006),(0.015, -0.243, 0.032, 0.969),VALID,(0.056, -0.299, 0.952),(0.000, 0.000, 0.000),63.850,VALID,(0.056, -0.299, 0.952),(-0.032, 0.000, 0.000),0.615,3.883,6.314,0.804,VALID,(0.056, -0.299, 0.952),(0.032, 0.000, 0.000),0.590,3.748,6.354,0.798,2,0
450275,1000002506883259000,63875743297781,(0.012, 1.434, 0.006),(0.015, -0.243, 0.032, 0.969),VALID,(0.058, -0.300, 0.952),(0.000, 0.000, 0.000),63.850,VALID,(0.058, -0.300, 0.952),(-0.032, 0.000, 0.000),0.614,3.879,6.314,0.805,VALID,(0.058, -0.300, 0.952),(0.032, 0.000, 0.000),0.590,3.748,6.354,0.798,2,0
450276,1000002506888265700,63875743297781,(0.012, 1.434, 0.006),(0.015, -0.243, 0.032, 0.969),VALID,(0.059, -0.300, 0.952),(0.000, 0.000, 0.000),63.850,VALID,(0.059, -0.300, 0.952),(-0.032, 0.000, 0.000),0.614,3.878,6.314,0.806,VALID,(0.059, -0.300, 0.952),(0.032, 0.000, 0.000),0.590,3.747,6.354,0.798,2,0
450277,1000002506893261300,63875743297781,(0.012, 1.434, 0.006),(0.015, -0.243, 0.032, 0.969),VALID,(0.060, -0.300, 0.952),(0.000, 0.000, 0.000),63.850,VALID,(0.060, -0.300, 0.952),(-0.032, 0.000, 0.000),0.614,3.875,6.314,0.807,VALID,(0.060, -0.300, 0.952),(0.032, 0.000, 0.000),0.590,3.747,6.354,0.798,2,0
450278,1000002506898277300,63875743297792,(0.012, 1.434, 0.006),(0.016, -0.243, 0.032, 0.969),VALID,(0.060, -0.301, 0.952),(0.000, 0.000, 0.000),63.850,VALID,(0.060, -0.301, 0.952),(-0.032, 0.000, 0.000),0.612,3.867,6.314,0.808,VALID,(0.060, -0.301, 0.952),(0.032, 0.000, 0.000),0.590,3.747,6.354,0.798,2,0
450279,1000002506903293300,63875743297792,(0.012, 1.434, 0.006),(0.016, -0.243, 0.032, 0.969),VALID,(0.061, -0.301, 0.952),(0.000, 0.000, 0.000),63.850,VALID,(0.061, -0.301, 0.952),(-0.032, 0.000, 0.000),0.612,3.867,6.314,0.809,VALID,(0.061, -0.301, 0.952),(0.032, 0.000, 0.000),0.590,3.747,6.354,0.798,2,0
450280,1000002506908309300,63875743297803,(0.012, 1.434, 0.006),(0.016, -0.243, 0.032, 0.969),VALID,(0.061, -0.301, 0.952),(0.000, 0.000, 0.000),63.850,VALID,(0.061, -0.301, 0.952),(-0.032, 0.000, 0.000),0.612,3.867,6.314,0.810,VALID,(0.061, -0.301, 0.952),(0.032, 0.000, 0.000),0.590,3.747,6.354,0.798,2,0
450281,1000002506913325300,63875743297804,(0.012, 1.434, 0.006),(0.016, -0.243, 0.032, 0.969),VALID,(0.061, -0.302, 0.951),(0.000, 0.000, 0.000),63.850,VALID,(0.061, -0.302, 0.951),(-0.032, 0.000, 0.000),0.614,3.877,6.314,0.811,VALID,(0.061, -0.302, 0.951),(0.032, 0.000, 0.000),0.590,3.748,6.354,0.799,2,0
450282,1000002506918385600,63875743297804,(0.012, 1.434, 0.006),(0.016, -0.243, 0.032, 0.969),VALID,(0.059, -0.301, 0.952),(0.000, 0.000, 0.000),63.850,VALID,(0.059, -0.301, 0.952),(-0.032, 0.000, 0.000),0.617,3.898,6.314,0.812,VALID,(0.059, -0.301, 0.952),(0.032, 0.000, 0.000),0.590,3.750,6.354,0.799,2,0
450283,1000002506923392300,63875743297814,(0.012, 1.434, 0.006),(0.016, -0.244, 0.032, 0.969),VALID,(0.060, -0.301, 0.952),(0.000, 0.000, 0.000),63.850,VALID,(0.060, -0.301, 0.952),(-0.032, 0.000, 0.000),0.620,3.912,6.314,0.813,VALID,(0.060, -0.301, 0.952),(0.032, 0.000, 0.000),0.591,3.753,6.354,0.799,2,0
450284,1000002506928370800,63875743297814,(0.012, 1.434, 0.006),(0.016, -0.244, 0.032, 0.969),VALID,(0.058, -0.301, 0.952),(0.000, 0.000, 0.000),63.850,VALID,(0.058, -0.301, 0.952),(-0.032, 0.000, 0.000),0.622,3.930,6.314,0.814,VALID,(0.058, -0.301, 0.952),(0.032, 0.000, 0.000),0.591,3.755,6.354,0.799,2,0
450285,1000002506933377500,63875743297826,(0.011, 1.434, 0.006),(0.016, -0.244, 0.032, 0.969),VALID,(0.057, -0.301, 0.952),(0.000, 0.000, 0.000),63.850,VALID,(0.057, -0.301, 0.952),(-0.032, 0.000, 0.000),0.625,3.949,6.314,0.815,VALID,(0.057, -0.301, 0.952),(0.032, 0.000, 0.000),0.591,3.757,6.354,0.799,2,0
450286,1000002506938393500,63875743297826,(0.011, 1.434, 0.006),(0.016, -0.244, 0.032, 0.969),VALID,(0.055, -0.301, 0.952),(0.000, 0.000, 0.000),63.850,VALID,(0.055, -0.301, 0.952),(-0.032, 0.000, 0.000),0.628,3.965,6.314,0.816,VALID,(0.055, -0.301, 0.952),(0.032, 0.000, 0.000),0.592,3.758,6.354,0.799,2,0
450287,1000002506943400200,63875743297838,(0.011, 1.434, 0.006),(0.017, -0.244, 0.032, 0.969),VALID,(0.054, -0.300, 0.952),(0.000, 0.000, 0.000),63.850,VALID,(0.054, -0.300, 0.952),(-0.032, 0.000, 0.000),0.630,3.979,6.314,0.817,VALID,(0.054, -0.300, 0.952),(0.032, 0.000, 0.000),0.592,3.759,6.354,0.800,2,0
450288,1000002506948403400,63875743297838,(0.011, 1.434, 0.006),(0.017, -0.244, 0.032, 0.969),VALID,(0.053, -0.300, 0.952),(0.000, 0.000, 0.000),63.850,VALID,(0.053, -0.300, 0.952),(-0.032, 0.000, 0.000),0.632,3.993,6.314,0.817,VALID,(0.053, -0.300, 0.952),(0.032, 0.000, 0.000),0.592,3.760,6.354,0.800,2,0
450289,1000002506953410100,63875743297848,(0.011, 1.434, 0.007),(0.017, -0.244, 0.032, 0.969),VALID,(0.052, -0.300, 0.953),(0.000, 0.000, 0.000),63.850,VALID,(0.052, -0.300, 0.953),(-0.032, 0.000, 0.000),0.633,4.000,6.314,0.818,VALID,(0.052, -0.300, 0.953),(0.032, 0.000, 0.000),0.592,3.761,6.354,0.800,2,0
450290,1000002506958422600,63875743297848,(0.011, 1.434, 0.007),(0.017, -0.244, 0.032, 0.969),VALID,(0.052, -0.299, 0.953),(0.000, 0.000, 0.000),63.850,VALID,(0.052, -0.299, 0.953),(-0.032, 0.000, 0.000),0.630,3.978,6.314,0.819,VALID,(0.052, -0.299, 0.953),(0.032, 0.000, 0.000),0.592,3.761,6.354,0.800,2,0
450291,1000002506963465400,63875743297848,(0.011, 1.434, 0.007),(0.017, -0.244, 0.032, 0.969),VALID,(0.051, -0.299, 0.953),(0.000, 0.000, 0.000),63.850,VALID,(0.051, -0.299, 0.953),(-0.032, 0.000, 0.000),0.628,3.966,6.314,0.819,VALID,(0.051, -0.299, 0.953),(0.032, 0.000, 0.000),0.592,3.761,6.354,0.801,2,0
450292,1000002506968481400,63875743297859,(0.011, 1.434, 0.007),(0.017, -0.244, 0.032, 0.969),VALID,(0.051, -0.299, 0.953),(0.000, 0.000, 0.000),63.850,VALID,(0.051, -0.299, 0.953),(-0.032, 0.000, 0.000),0.627,3.960,6.314,0.820,VALID,(0.051, -0.299, 0.953),(0.032, 0.000, 0.000),0.592,3.761,6.354,0.801,2,0
450293,1000002506973468700,63875743297859,(0.011, 1.434, 0.007),(0.017, -0.244, 0.032, 0.969),VALID,(0.051, -0.298, 0.953),(0.000, 0.000, 0.000),63.850,VALID,(0.051, -0.298, 0.953),(-0.032, 0.000, 0.000),0.628,3.962,6.314,0.820,VALID,(0.051, -0.298, 0.953),(0.032, 0.000, 0.000),0.592,3.761,6.354,0.801,2,0
450294,1000002506978495100,63875743297871,(0.011, 1.435, 0.007),(0.018, -0.244, 0.032, 0.969),VALID,(0.050, -0.298, 0.953),(0.000, 0.000, 0.000),63.850,VALID,(0.050, -0.298, 0.953),(-0.032, 0.000, 0.000),0.628,3.964,6.314,0.821,VALID,(0.050, -0.298, 0.953),(0.032, 0.000, 0.000),0.592,3.760,6.354,0.801,2,0.1711315
450295,1000002506983510000,63875743297871,(0.011, 1.435, 0.007),(0.018, -0.244, 0.032, 0.969),VALID,(0.050, -0.297, 0.953),(0.000, 0.000, 0.000),63.850,VALID,(0.050, -0.297, 0.953),(-0.032, 0.000, 0.000),0.628,3.964,6.314,0.822,VALID,(0.050, -0.297, 0.953),(0.032, 0.000, 0.000),0.592,3.760,6.354,0.802,2,0.07218307
450296,1000002506988522500,63875743297882,(0.011, 1.435, 0.007),(0.018, -0.245, 0.032, 0.969),VALID,(0.050, -0.297, 0.954),(0.000, 0.000, 0.000),63.850,VALID,(0.050, -0.297, 0.954),(-0.032, 0.000, 0.000),0.628,3.965,6.314,0.822,VALID,(0.050, -0.297, 0.954),(0.032, 0.000, 0.000),0.592,3.759,6.354,0.802,2,0.07010177
450297,1000002506993538200,63875743297882,(0.011, 1.435, 0.007),(0.018, -0.245, 0.032, 0.969),VALID,(0.050, -0.297, 0.954),(0.000, 0.000, 0.000),63.850,VALID,(0.050, -0.297, 0.954),(-0.032, 0.000, 0.000),0.628,3.967,6.314,0.823,VALID,(0.050, -0.297, 0.954),(0.032, 0.000, 0.000),0.592,3.759,6.354,0.802,2,0.08338858
450298,1000002506998550700,63875743297893,(0.011, 1.435, 0.007),(0.018, -0.245, 0.033, 0.969),VALID,(0.050, -0.297, 0.954),(0.000, 0.000, 0.000),63.850,VALID,(0.050, -0.297, 0.954),(-0.032, 0.000, 0.000),0.629,3.969,6.314,0.824,VALID,(0.050, -0.297, 0.954),(0.032, 0.000, 0.000),0.591,3.758,6.354,0.802,2,0.1085161
450299,1000002507003558600,63875743297893,(0.011, 1.435, 0.007),(0.018, -0.245, 0.033, 0.969),VALID,(0.050, -0.297, 0.954),(0.000, 0.000, 0.000),63.850,VALID,(0.050, -0.297, 0.954),(-0.032, 0.000, 0.000),0.629,3.968,6.314,0.824,VALID,(0.050, -0.297, 0.954),(0.032, 0.000, 0.000),0.591,3.758,6.354,0.803,2,0.09443429
450300,1000002507008576000,63875743297893,(0.011, 1.435, 0.007),(0.018, -0.245, 0.033, 0.969),VALID,(0.050, -0.296, 0.954),(0.000, 0.000, 0.000),63.850,VALID,(0.050, -0.296, 0.954),(-0.032, 0.000, 0.000),0.628,3.968,6.314,0.824,VALID,(0.050, -0.296, 0.954),(0.032, 0.000, 0.000),0.591,3.758,6.354,0.803,2,0.02963773
450301,1000002507013591700,63875743297904,(0.011, 1.435, 0.007),(0.019, -0.245, 0.033, 0.969),VALID,(0.050, -0.295, 0.954),(0.000, 0.000, 0.000),63.850,VALID,(0.050, -0.295, 0.954),(-0.032, 0.000, 0.000),0.629,3.969,6.314,0.825,VALID,(0.050, -0.295, 0.954),(0.032, 0.000, 0.000),0.591,3.757,6.354,0.803,2,0.3140709
450302,1000002507018607400,63875743297904,(0.011, 1.435, 0.007),(0.019, -0.245, 0.033, 0.969),VALID,(0.050, -0.295, 0.954),(0.000, 0.000, 0.000),63.850,VALID,(0.050, -0.295, 0.954),(-0.032, 0.000, 0.000),0.629,3.970,6.314,0.825,VALID,(0.050, -0.295, 0.954),(0.032, 0.000, 0.000),0.591,3.756,6.354,0.803,2,0.4815292
450303,1000002507023619900,63875743297915,(0.011, 1.435, 0.007),(0.019, -0.245, 0.033, 0.969),VALID,(0.050, -0.295, 0.954),(0.000, 0.000, 0.000),63.850,VALID,(0.050, -0.295, 0.954),(-0.032, 0.000, 0.000),0.630,3.975,6.314,0.825,VALID,(0.050, -0.295, 0.954),(0.032, 0.000, 0.000),0.591,3.756,6.354,0.804,2,0.7257161
450304,1000002507028607700,63875743297915,(0.011, 1.435, 0.007),(0.019, -0.245, 0.033, 0.969),VALID,(0.050, -0.295, 0.954),(0.000, 0.000, 0.000),63.850,VALID,(0.050, -0.295, 0.954),(-0.032, 0.000, 0.000),0.630,3.975,6.314,0.825,VALID,(0.050, -0.295, 0.954),(0.032, 0.000, 0.000),0.591,3.757,6.354,0.804,2,0.7310063
450305,1000002507033620200,63875743297925,(0.011, 1.435, 0.007),(0.019, -0.245, 0.033, 0.969),VALID,(0.050, -0.295, 0.954),(0.000, 0.000, 0.000),63.850,VALID,(0.050, -0.295, 0.954),(-0.032, 0.000, 0.000),0.629,3.971,6.314,0.824,VALID,(0.050, -0.295, 0.954),(0.032, 0.000, 0.000),0.591,3.757,6.354,0.804,2,0.7232394
450306,1000002507038655200,63875743297926,(0.011, 1.435, 0.007),(0.019, -0.245, 0.033, 0.969),VALID,(0.051, -0.296, 0.954),(0.000, 0.000, 0.000),63.850,VALID,(0.051, -0.296, 0.954),(-0.032, 0.000, 0.000),0.626,3.954,6.314,0.824,VALID,(0.051, -0.296, 0.954),(0.032, 0.000, 0.000),0.592,3.760,6.354,0.804,2,0.4585759
450307,1000002507043667700,63875743297937,(0.011, 1.435, 0.007),(0.019, -0.245, 0.033, 0.969),VALID,(0.051, -0.296, 0.954),(0.000, 0.000, 0.000),63.850,VALID,(0.051, -0.296, 0.954),(-0.032, 0.000, 0.000),0.624,3.942,6.314,0.824,VALID,(0.051, -0.296, 0.954),(0.032, 0.000, 0.000),0.592,3.761,6.354,0.805,2,0.1170304
450308,1000002507048683400,63875743297937,(0.011, 1.435, 0.007),(0.019, -0.245, 0.033, 0.969),VALID,(0.051, -0.296, 0.954),(0.000, 0.000, 0.000),63.850,VALID,(0.051, -0.296, 0.954),(-0.032, 0.000, 0.000),0.624,3.942,6.314,0.824,VALID,(0.051, -0.296, 0.954),(0.032, 0.000, 0.000),0.592,3.761,6.354,0.805,2,0.04266162
450309,1000002507053691200,63875743297948,(0.011, 1.435, 0.007),(0.019, -0.245, 0.033, 0.969),VALID,(0.051, -0.295, 0.954),(0.000, 0.000, 0.000),63.850,VALID,(0.051, -0.295, 0.954),(-0.032, 0.000, 0.000),0.625,3.943,6.314,0.824,VALID,(0.051, -0.295, 0.954),(0.032, 0.000, 0.000),0.592,3.761,6.354,0.805,2,0.04596354
450310,1000002507058693000,63875743297949,(0.011, 1.435, 0.007),(0.019, -0.245, 0.033, 0.969),VALID,(0.051, -0.295, 0.954),(0.000, 0.000, 0.000),63.850,VALID,(0.051, -0.295, 0.954),(-0.032, 0.000, 0.000),0.623,3.931,6.314,0.824,VALID,(0.051, -0.295, 0.954),(0.032, 0.000, 0.000),0.592,3.762,6.354,0.805,2,0.0399728
450311,1000002507063705500,63875743297949,(0.011, 1.435, 0.007),(0.019, -0.245, 0.033, 0.969),VALID,(0.051, -0.295, 0.954),(0.000, 0.000, 0.000),63.850,VALID,(0.051, -0.295, 0.954),(-0.032, 0.000, 0.000),0.623,3.931,6.314,0.824,VALID,(0.051, -0.295, 0.954),(0.032, 0.000, 0.000),0.592,3.762,6.354,0.806,2,0.04383729
450312,1000002507068718000,63875743297959,(0.011, 1.435, 0.008),(0.019, -0.245, 0.032, 0.969),VALID,(0.052, -0.296, 0.954),(0.000, 0.000, 0.000),63.850,VALID,(0.052, -0.296, 0.954),(-0.032, 0.000, 0.000),0.622,3.928,6.314,0.824,VALID,(0.052, -0.296, 0.954),(0.032, 0.000, 0.000),0.592,3.762,6.354,0.806,2,0
450313,1000002507073738600,63875743297959,(0.011, 1.435, 0.008),(0.019, -0.245, 0.032, 0.969),VALID,(0.052, -0.295, 0.954),(0.000, 0.000, 0.000),63.850,VALID,(0.052, -0.295, 0.954),(-0.032, 0.000, 0.000),0.626,3.954,6.314,0.824,VALID,(0.052, -0.295, 0.954),(0.032, 0.000, 0.000),0.592,3.762,6.354,0.806,2,0
450314,1000002507078754300,63875743297970,(0.011, 1.435, 0.008),(0.020, -0.245, 0.032, 0.969),VALID,(0.052, -0.295, 0.954),(0.000, 0.000, 0.000),63.850,VALID,(0.052, -0.295, 0.954),(-0.032, 0.000, 0.000),0.628,3.963,6.314,0.824,VALID,(0.052, -0.295, 0.954),(0.032, 0.000, 0.000),0.592,3.762,6.354,0.806,2,0
450315,1000002507083749400,63875743297970,(0.011, 1.435, 0.008),(0.020, -0.245, 0.032, 0.969),VALID,(0.052, -0.294, 0.954),(0.000, 0.000, 0.000),63.850,VALID,(0.052, -0.294, 0.954),(-0.032, 0.000, 0.000),0.630,3.977,6.314,0.824,VALID,(0.052, -0.294, 0.954),(0.032, 0.000, 0.000),0.592,3.761,6.354,0.807,2,0
450316,1000002507088761100,63875743297982,(0.011, 1.435, 0.008),(0.020, -0.245, 0.032, 0.969),VALID,(0.053, -0.295, 0.954),(0.000, 0.000, 0.000),63.850,VALID,(0.053, -0.295, 0.954),(-0.032, 0.000, 0.000),0.630,3.977,6.314,0.824,VALID,(0.053, -0.295, 0.954),(0.032, 0.000, 0.000),0.592,3.760,6.354,0.807,2,0
450317,1000002507093786200,63875743297982,(0.011, 1.435, 0.008),(0.020, -0.245, 0.032, 0.969),VALID,(0.054, -0.295, 0.954),(0.000, 0.000, 0.000),63.850,VALID,(0.054, -0.295, 0.954),(-0.032, 0.000, 0.000),0.629,3.969,6.314,0.824,VALID,(0.054, -0.295, 0.954),(0.032, 0.000, 0.000),0.592,3.760,6.354,0.807,2,0
450318,1000002507098797900,63875743297993,(0.011, 1.435, 0.008),(0.020, -0.245, 0.032, 0.969),VALID,(0.054, -0.294, 0.954),(0.000, 0.000, 0.000),63.850,VALID,(0.054, -0.294, 0.954),(-0.032, 0.000, 0.000),0.627,3.959,6.314,0.824,VALID,(0.054, -0.294, 0.954),(0.032, 0.000, 0.000),0.592,3.759,6.354,0.807,2,0
450319,1000002507103836200,63875743297993,(0.011, 1.435, 0.008),(0.020, -0.245, 0.032, 0.969),VALID,(0.055, -0.295, 0.954),(0.000, 0.000, 0.000),63.850,VALID,(0.055, -0.295, 0.954),(-0.032, 0.000, 0.000),0.625,3.946,6.314,0.824,VALID,(0.055, -0.295, 0.954),(0.032, 0.000, 0.000),0.592,3.759,6.354,0.807,2,0
450320,1000002507108839800,63875743298004,(0.011, 1.436, 0.008),(0.020, -0.245, 0.032, 0.969),VALID,(0.057, -0.295, 0.954),(0.000, 0.000, 0.000),63.850,VALID,(0.057, -0.295, 0.954),(-0.032, 0.000, 0.000),0.622,3.930,6.314,0.824,VALID,(0.057, -0.295, 0.954),(0.032, 0.000, 0.000),0.592,3.759,6.354,0.807,2,0
450321,1000002507113830800,63875743298004,(0.011, 1.436, 0.008),(0.020, -0.245, 0.032, 0.969),VALID,(0.058, -0.295, 0.954),(0.000, 0.000, 0.000),63.850,VALID,(0.058, -0.295, 0.954),(-0.032, 0.000, 0.000),0.622,3.928,6.314,0.824,VALID,(0.058, -0.295, 0.954),(0.032, 0.000, 0.000),0.592,3.759,6.354,0.807,2,0
450322,1000002507118834400,63875743298004,(0.011, 1.436, 0.008),(0.020, -0.245, 0.032, 0.969),VALID,(0.059, -0.295, 0.954),(0.000, 0.000, 0.000),63.850,VALID,(0.059, -0.295, 0.954),(-0.032, 0.000, 0.000),0.622,3.928,6.314,0.823,VALID,(0.059, -0.295, 0.954),(0.032, 0.000, 0.000),0.592,3.759,6.354,0.807,2,0
450323,1000002507123855700,63875743298016,(0.011, 1.436, 0.008),(0.020, -0.245, 0.032, 0.969),VALID,(0.061, -0.296, 0.953),(0.000, 0.000, 0.000),63.850,VALID,(0.061, -0.296, 0.953),(-0.032, 0.000, 0.000),0.622,3.925,6.314,0.823,VALID,(0.061, -0.296, 0.953),(0.032, 0.000, 0.000),0.592,3.759,6.354,0.807,2,0
450324,1000002507128885900,63875743298016,(0.011, 1.436, 0.008),(0.020, -0.245, 0.032, 0.969),VALID,(0.062, -0.297, 0.953),(0.000, 0.000, 0.000),63.850,VALID,(0.062, -0.297, 0.953),(-0.032, 0.000, 0.000),0.620,3.916,6.314,0.823,VALID,(0.061, -0.297, 0.953),(0.032, 0.000, 0.000),0.592,3.760,6.354,0.807,2,0
450325,1000002507133889500,63875743298026,(0.011, 1.436, 0.008),(0.020, -0.245, 0.032, 0.969),VALID,(0.062, -0.299, 0.952),(0.000, 0.000, 0.000),63.850,VALID,(0.062, -0.299, 0.952),(-0.032, 0.000, 0.000),0.612,3.863,6.314,0.821,VALID,(0.061, -0.299, 0.952),(0.032, 0.000, 0.000),0.592,3.763,6.354,0.806,2,0
450326,1000002507138907200,63875743298026,(0.011, 1.436, 0.008),(0.020, -0.245, 0.032, 0.969),VALID,(0.063, -0.300, 0.952),(0.000, 0.000, 0.000),63.850,VALID,(0.063, -0.300, 0.952),(-0.032, 0.000, 0.000),0.611,3.860,6.314,0.819,VALID,(0.062, -0.300, 0.952),(0.032, 0.000, 0.000),0.591,3.757,6.354,0.805,2,0
450327,1000002507143910800,63875743298038,(0.011, 1.436, 0.008),(0.020, -0.245, 0.032, 0.969),VALID,(0.065, -0.300, 0.952),(0.000, 0.000, 0.000),63.850,VALID,(0.065, -0.300, 0.952),(-0.032, 0.000, 0.000),0.615,3.883,6.314,0.816,VALID,(0.065, -0.300, 0.952),(0.032, 0.000, 0.000),0.586,3.725,6.354,0.803,2,0
450328,1000002507148933400,63875743298038,(0.011, 1.436, 0.008),(0.020, -0.245, 0.032, 0.969),VALID,(0.069, -0.298, 0.952),(0.000, 0.000, 0.000),63.850,VALID,(0.070, -0.298, 0.952),(-0.032, 0.000, 0.000),0.612,3.866,6.314,0.812,VALID,(0.069, -0.298, 0.952),(0.032, 0.000, 0.000),0.584,3.709,6.354,0.800,2,0
450329,1000002507153951100,63875743298048,(0.011, 1.436, 0.008),(0.020, -0.245, 0.032, 0.969),VALID,(0.076, -0.293, 0.953),(0.000, 0.000, 0.000),63.850,VALID,(0.076, -0.293, 0.953),(-0.032, 0.000, 0.000),0.609,3.848,6.314,0.808,VALID,(0.076, -0.293, 0.953),(0.032, 0.000, 0.000),0.584,3.713,6.354,0.797,2,0
450330,1000002507158968800,63875743298048,(0.011, 1.436, 0.008),(0.020, -0.245, 0.032, 0.969),VALID,(0.083, -0.281, 0.956),(0.000, 0.000, 0.000),63.850,VALID,(0.083, -0.281, 0.956),(-0.032, 0.000, 0.000),0.608,3.841,6.314,0.803,VALID,(0.083, -0.281, 0.956),(0.032, 0.000, 0.000),0.585,3.718,6.354,0.793,2,0
450331,1000002507163970600,63875743298060,(0.011, 1.436, 0.008),(0.020, -0.245, 0.032, 0.969),VALID,(0.089, -0.257, 0.962),(0.000, 0.000, 0.000),63.850,VALID,(0.089, -0.257, 0.962),(-0.032, 0.000, 0.000),0.608,3.839,6.314,0.800,VALID,(0.089, -0.257, 0.962),(0.032, 0.000, 0.000),0.594,3.772,6.354,0.791,2,0
450332,1000002507168961500,63875743298060,(0.011, 1.436, 0.008),(0.020, -0.245, 0.032, 0.969),VALID,(0.096, -0.237, 0.967),(0.000, 0.000, 0.000),63.850,VALID,(0.096, -0.237, 0.967),(-0.032, 0.000, 0.000),0.606,3.828,6.314,0.797,VALID,(0.096, -0.237, 0.967),(0.032, 0.000, 0.000),0.594,3.775,6.354,0.790,2,0
450333,1000002507173963300,63875743298060,(0.011, 1.436, 0.008),(0.020, -0.245, 0.032, 0.969),VALID,(0.102, -0.220, 0.970),(0.000, 0.000, 0.000),63.850,VALID,(0.102, -0.220, 0.970),(-0.032, 0.000, 0.000),0.604,3.815,6.314,0.796,VALID,(0.102, -0.220, 0.970),(0.032, 0.000, 0.000),0.594,3.775,6.354,0.789,2,0
450334,1000002507178944000,63875743298070,(0.011, 1.436, 0.008),(0.020, -0.245, 0.032, 0.969),VALID,(0.105, -0.203, 0.973),(0.000, 0.000, 0.000),63.850,VALID,(0.105, -0.203, 0.973),(-0.032, 0.000, 0.000),0.604,3.812,6.314,0.796,VALID,(0.105, -0.203, 0.973),(0.032, 0.000, 0.000),0.594,3.775,6.354,0.789,2,0
450335,1000002507183971800,63875743298070,(0.011, 1.436, 0.008),(0.020, -0.245, 0.032, 0.969),VALID,(0.107, -0.191, 0.976),(0.000, 0.000, 0.000),63.850,VALID,(0.107, -0.191, 0.976),(-0.032, 0.000, 0.000),0.606,3.824,6.314,0.796,VALID,(0.107, -0.191, 0.976),(0.032, 0.000, 0.000),0.594,3.776,6.354,0.789,2,0
450336,1000002507188991900,63875743298082,(0.011, 1.436, 0.008),(0.020, -0.245, 0.032, 0.969),VALID,(0.108, -0.182, 0.977),(0.000, 0.000, 0.000),63.850,VALID,(0.108, -0.182, 0.977),(-0.032, 0.000, 0.000),0.607,3.835,6.314,0.797,VALID,(0.108, -0.182, 0.977),(0.032, 0.000, 0.000),0.594,3.776,6.354,0.790,2,0
450337,1000002507194008900,63875743298082,(0.011, 1.436, 0.008),(0.020, -0.245, 0.032, 0.969),VALID,(0.109, -0.176, 0.978),(0.000, 0.000, 0.000),63.850,VALID,(0.109, -0.176, 0.978),(-0.032, 0.000, 0.000),0.610,3.852,6.314,0.797,VALID,(0.109, -0.176, 0.978),(0.032, 0.000, 0.000),0.594,3.776,6.354,0.790,2,0
450338,1000002507199003600,63875743298093,(0.011, 1.436, 0.008),(0.020, -0.245, 0.032, 0.969),VALID,(0.109, -0.172, 0.979),(0.000, 0.000, 0.000),63.850,VALID,(0.110, -0.172, 0.979),(-0.032, 0.000, 0.000),0.612,3.866,6.314,0.798,VALID,(0.109, -0.172, 0.979),(0.032, 0.000, 0.000),0.594,3.776,6.354,0.791,2,0
450339,1000002507204020600,63875743298093,(0.011, 1.436, 0.008),(0.020, -0.245, 0.032, 0.969),VALID,(0.111, -0.170, 0.979),(0.000, 0.000, 0.000),63.850,VALID,(0.111, -0.170, 0.979),(-0.032, 0.000, 0.000),0.612,3.865,6.314,0.798,VALID,(0.111, -0.170, 0.979),(0.032, 0.000, 0.000),0.594,3.776,6.354,0.791,2,0
450340,1000002507209037600,63875743298104,(0.011, 1.436, 0.008),(0.020, -0.245, 0.031, 0.969),VALID,(0.111, -0.169, 0.979),(0.000, 0.000, 0.000),63.850,VALID,(0.111, -0.169, 0.979),(-0.032, 0.000, 0.000),0.615,3.881,6.314,0.799,VALID,(0.111, -0.169, 0.979),(0.032, 0.000, 0.000),0.594,3.776,6.354,0.792,2,0
450341,1000002507214071700,63875743298104,(0.011, 1.436, 0.008),(0.020, -0.245, 0.031, 0.969),VALID,(0.112, -0.168, 0.979),(0.000, 0.000, 0.000),63.850,VALID,(0.112, -0.168, 0.979),(-0.032, 0.000, 0.000),0.621,3.921,6.314,0.801,VALID,(0.112, -0.168, 0.979),(0.032, 0.000, 0.000),0.594,3.776,6.354,0.793,2,0
450342,1000002507219087700,63875743298104,(0.011, 1.436, 0.008),(0.020, -0.245, 0.031, 0.969),VALID,(0.112, -0.168, 0.979),(0.000, 0.000, 0.000),63.850,VALID,(0.112, -0.168, 0.979),(-0.032, 0.000, 0.000),0.624,3.938,6.314,0.802,VALID,(0.112, -0.168, 0.979),(0.032, 0.000, 0.000),0.594,3.775,6.354,0.795,2,0
450343,1000002507224104700,63875743298116,(0.011, 1.436, 0.008),(0.020, -0.245, 0.031, 0.969),VALID,(0.113, -0.168, 0.979),(0.000, 0.000, 0.000),63.850,VALID,(0.113, -0.168, 0.979),(-0.032, 0.000, 0.000),0.627,3.959,6.314,0.804,VALID,(0.113, -0.168, 0.979),(0.032, 0.000, 0.000),0.594,3.774,6.354,0.796,2,0
450344,1000002507229123800,63875743298126,(0.011, 1.436, 0.008),(0.020, -0.245, 0.031, 0.969),VALID,(0.113, -0.168, 0.979),(0.000, 0.000, 0.000),63.850,VALID,(0.113, -0.168, 0.979),(-0.032, 0.000, 0.000),0.629,3.969,6.314,0.805,VALID,(0.113, -0.168, 0.979),(0.032, 0.000, 0.000),0.594,3.773,6.354,0.798,2,0
450345,1000002507234140800,63875743298126,(0.011, 1.436, 0.008),(0.020, -0.245, 0.031, 0.969),VALID,(0.113, -0.167, 0.979),(0.000, 0.000, 0.000),63.850,VALID,(0.113, -0.167, 0.979),(-0.032, 0.000, 0.000),0.629,3.972,6.314,0.807,VALID,(0.113, -0.167, 0.979),(0.032, 0.000, 0.000),0.594,3.773,6.354,0.799,2,0
450346,1000002507239158500,63875743298126,(0.011, 1.436, 0.008),(0.020, -0.245, 0.031, 0.969),VALID,(0.114, -0.167, 0.979),(0.000, 0.000, 0.000),63.850,VALID,(0.114, -0.167, 0.979),(-0.032, 0.000, 0.000),0.629,3.973,6.314,0.809,VALID,(0.114, -0.167, 0.979),(0.032, 0.000, 0.000),0.594,3.772,6.354,0.801,2,0
450347,1000002507244361000,63875743298137,(0.011, 1.436, 0.008),(0.020, -0.245, 0.031, 0.969),VALID,(0.114, -0.167, 0.979),(0.000, 0.000, 0.000),63.850,VALID,(0.114, -0.167, 0.979),(-0.032, 0.000, 0.000),0.629,3.973,6.314,0.811,VALID,(0.114, -0.167, 0.979),(0.032, 0.000, 0.000),0.593,3.771,6.354,0.803,2,0
450348,1000002507249378000,63875743298137,(0.011, 1.436, 0.008),(0.020, -0.245, 0.031, 0.969),VALID,(0.114, -0.167, 0.979),(0.000, 0.000, 0.000),63.850,VALID,(0.114, -0.167, 0.979),(-0.032, 0.000, 0.000),0.630,3.980,6.314,0.813,VALID,(0.114, -0.167, 0.979),(0.032, 0.000, 0.000),0.593,3.768,6.354,0.805,2,0
450349,1000002507254394000,63875743298149,(0.011, 1.436, 0.008),(0.020, -0.245, 0.031, 0.969),VALID,(0.114, -0.168, 0.979),(0.000, 0.000, 0.000),63.850,VALID,(0.114, -0.168, 0.979),(-0.032, 0.000, 0.000),0.631,3.986,6.314,0.815,VALID,(0.114, -0.168, 0.979),(0.032, 0.000, 0.000),0.593,3.766,6.354,0.807,2,0.04893858
450350,1000002507259411000,63875743298149,(0.011, 1.436, 0.008),(0.020, -0.245, 0.031, 0.969),VALID,(0.114, -0.168, 0.979),(0.000, 0.000, 0.000),63.850,VALID,(0.114, -0.168, 0.979),(-0.032, 0.000, 0.000),0.632,3.988,6.314,0.818,VALID,(0.114, -0.168, 0.979),(0.032, 0.000, 0.000),0.593,3.764,6.354,0.809,2,0.5752396
450351,1000002507264427000,63875743298149,(0.011, 1.436, 0.008),(0.020, -0.245, 0.031, 0.969),VALID,(0.114, -0.168, 0.979),(0.000, 0.000, 0.000),63.850,VALID,(0.114, -0.168, 0.979),(-0.032, 0.000, 0.000),0.634,4.004,6.314,0.820,VALID,(0.114, -0.168, 0.979),(0.032, 0.000, 0.000),0.592,3.763,6.354,0.811,2,0.7215791
450352,1000002507269199000,63875743298160,(0.011, 1.436, 0.008),(0.020, -0.245, 0.031, 0.969),VALID,(0.114, -0.168, 0.979),(0.000, 0.000, 0.000),63.850,VALID,(0.114, -0.168, 0.979),(-0.032, 0.000, 0.000),0.634,4.004,6.314,0.823,VALID,(0.114, -0.168, 0.979),(0.032, 0.000, 0.000),0.592,3.762,6.354,0.813,2,0.7703627
450353,1000002507274275600,63875743298160,(0.011, 1.436, 0.008),(0.020, -0.245, 0.031, 0.969),VALID,(0.114, -0.169, 0.979),(0.000, 0.000, 0.000),63.850,VALID,(0.114, -0.169, 0.979),(-0.032, 0.000, 0.000),0.629,3.973,6.314,0.825,VALID,(0.114, -0.169, 0.979),(0.032, 0.000, 0.000),0.592,3.760,6.354,0.815,2,0.984449
450354,1000002507279292600,63875743298170,(0.011, 1.436, 0.008),(0.020, -0.245, 0.031, 0.969),VALID,(0.114, -0.169, 0.979),(0.000, 0.000, 0.000),63.850,VALID,(0.114, -0.169, 0.979),(-0.032, 0.000, 0.000),0.628,3.963,6.314,0.828,VALID,(0.114, -0.169, 0.979),(0.032, 0.000, 0.000),0.592,3.759,6.354,0.817,2,1
450355,1000002507284247800,63875743298170,(0.011, 1.436, 0.008),(0.020, -0.245, 0.031, 0.969),VALID,(0.114, -0.169, 0.979),(0.000, 0.000, 0.000),63.850,VALID,(0.114, -0.169, 0.979),(-0.032, 0.000, 0.000),0.619,3.907,6.314,0.830,VALID,(0.114, -0.169, 0.979),(0.032, 0.000, 0.000),0.591,3.758,6.354,0.819,2,1
450356,1000002507289264800,63875743298182,(0.011, 1.435, 0.008),(0.020, -0.245, 0.031, 0.969),VALID,(0.115, -0.170, 0.979),(0.000, 0.000, 0.000),63.850,VALID,(0.115, -0.170, 0.979),(-0.032, 0.000, 0.000),0.615,3.884,6.314,0.832,VALID,(0.115, -0.170, 0.979),(0.032, 0.000, 0.000),0.591,3.757,6.354,0.821,2,0.9121616
450357,1000002507294267500,63875743298182,(0.011, 1.435, 0.008),(0.020, -0.245, 0.031, 0.969),VALID,(0.115, -0.170, 0.979),(0.000, 0.000, 0.000),63.850,VALID,(0.115, -0.170, 0.979),(-0.032, 0.000, 0.000),0.614,3.877,6.314,0.834,VALID,(0.115, -0.170, 0.979),(0.032, 0.000, 0.000),0.591,3.757,6.354,0.822,2,0.8018283
450358,1000002507299281000,63875743298193,(0.011, 1.435, 0.008),(0.020, -0.245, 0.031, 0.969),VALID,(0.116, -0.171, 0.978),(0.000, 0.000, 0.000),63.850,VALID,(0.116, -0.171, 0.978),(-0.032, 0.000, 0.000),0.613,3.868,6.314,0.836,VALID,(0.116, -0.171, 0.978),(0.032, 0.000, 0.000),0.591,3.756,6.354,0.824,2,0.7271795
450359,1000002507304301100,63875743298193,(0.011, 1.435, 0.008),(0.020, -0.245, 0.031, 0.969),VALID,(0.116, -0.172, 0.978),(0.000, 0.000, 0.000),63.850,VALID,(0.116, -0.172, 0.978),(-0.032, 0.000, 0.000),0.611,3.856,6.314,0.837,VALID,(0.116, -0.172, 0.978),(0.032, 0.000, 0.000),0.591,3.756,6.354,0.826,2,0.7306314
450360,1000002507309318400,63875743298204,(0.011, 1.435, 0.007),(0.020, -0.245, 0.031, 0.969),VALID,(0.117, -0.172, 0.978),(0.000, 0.000, 0.000),63.850,VALID,(0.117, -0.172, 0.978),(-0.032, 0.000, 0.000),0.608,3.842,6.314,0.839,VALID,(0.117, -0.172, 0.978),(0.032, 0.000, 0.000),0.591,3.756,6.354,0.827,2,0.7356947
450361,1000002507314335700,63875743298204,(0.011, 1.435, 0.007),(0.020, -0.245, 0.031, 0.969),VALID,(0.117, -0.173, 0.978),(0.000, 0.000, 0.000),63.850,VALID,(0.117, -0.173, 0.978),(-0.032, 0.000, 0.000),0.608,3.836,6.314,0.840,VALID,(0.117, -0.173, 0.978),(0.032, 0.000, 0.000),0.591,3.756,6.354,0.828,2,0.7412188
450362,1000002507319353000,63875743298204,(0.011, 1.435, 0.007),(0.020, -0.245, 0.031, 0.969),VALID,(0.117, -0.173, 0.978),(0.000, 0.000, 0.000),63.850,VALID,(0.117, -0.173, 0.978),(-0.032, 0.000, 0.000),0.607,3.834,6.314,0.842,VALID,(0.117, -0.173, 0.978),(0.032, 0.000, 0.000),0.591,3.755,6.354,0.830,2,0.6256089
450363,1000002507324370300,63875743298216,(0.011, 1.435, 0.007),(0.020, -0.245, 0.031, 0.969),VALID,(0.117, -0.173, 0.978),(0.000, 0.000, 0.000),63.850,VALID,(0.117, -0.173, 0.978),(-0.032, 0.000, 0.000),0.607,3.832,6.314,0.843,VALID,(0.117, -0.173, 0.978),(0.032, 0.000, 0.000),0.591,3.755,6.354,0.830,2,0.4510131
450364,1000002507329387600,63875743298216,(0.011, 1.435, 0.007),(0.020, -0.245, 0.031, 0.969),VALID,(0.116, -0.174, 0.978),(0.000, 0.000, 0.000),63.850,VALID,(0.116, -0.174, 0.978),(-0.032, 0.000, 0.000),0.608,3.841,6.314,0.843,VALID,(0.116, -0.174, 0.978),(0.032, 0.000, 0.000),0.591,3.755,6.354,0.831,2,0.2852305
450365,1000002507334404900,63875743298226,(0.011, 1.435, 0.007),(0.020, -0.245, 0.031, 0.969),VALID,(0.116, -0.175, 0.978),(0.000, 0.000, 0.000),63.850,VALID,(0.116, -0.175, 0.978),(-0.032, 0.000, 0.000),0.620,3.915,6.314,0.843,VALID,(0.116, -0.175, 0.978),(0.032, 0.000, 0.000),0.591,3.756,6.354,0.831,2,0.192884
450366,1000002507339368900,63875743298227,(0.011, 1.435, 0.007),(0.020, -0.245, 0.031, 0.969),VALID,(0.116, -0.174, 0.978),(0.000, 0.000, 0.000),63.850,VALID,(0.116, -0.174, 0.978),(-0.032, 0.000, 0.000),0.621,3.922,6.314,0.842,VALID,(0.116, -0.174, 0.978),(0.032, 0.000, 0.000),0.591,3.756,6.354,0.830,2,0
450367,1000002507344364700,63875743298238,(0.011, 1.435, 0.007),(0.020, -0.245, 0.031, 0.969),VALID,(0.116, -0.170, 0.979),(0.000, 0.000, 0.000),63.850,VALID,(0.116, -0.170, 0.979),(-0.032, 0.000, 0.000),0.624,3.942,6.314,0.842,VALID,(0.116, -0.170, 0.979),(0.032, 0.000, 0.000),0.593,3.765,6.354,0.830,2,0
450368,1000002507349386900,63875743298238,(0.011, 1.435, 0.007),(0.020, -0.245, 0.031, 0.969),VALID,(0.115, -0.154, 0.981),(0.000, 0.000, 0.000),63.850,VALID,(0.115, -0.154, 0.981),(-0.032, 0.000, 0.000),0.603,3.809,6.314,0.841,VALID,(0.115, -0.154, 0.981),(0.032, 0.000, 0.000),0.593,3.770,6.354,0.829,2,0
450369,1000002507354400100,63875743298249,(0.011, 1.435, 0.007),(0.020, -0.246, 0.031, 0.969),VALID,(0.116, -0.136, 0.984),(0.000, 0.000, 0.000),63.850,VALID,(0.116, -0.136, 0.984),(-0.032, 0.000, 0.000),0.609,3.842,6.314,0.840,VALID,(0.116, -0.136, 0.984),(0.032, 0.000, 0.000),0.592,3.761,6.354,0.827,2,0
450370,1000002507359417400,63875743298249,(0.011, 1.435, 0.007),(0.020, -0.246, 0.031, 0.969),VALID,(0.116, -0.109, 0.987),(0.000, 0.000, 0.000),63.850,VALID,(0.116, -0.109, 0.987),(-0.032, 0.000, 0.000),0.612,3.866,6.314,0.839,VALID,(0.116, -0.109, 0.987),(0.032, 0.000, 0.000),0.589,3.742,6.354,0.826,2,0
450371,1000002507364430600,63875743298260,(0.011, 1.435, 0.007),(0.019, -0.246, 0.031, 0.969),VALID,(0.117, -0.076, 0.990),(0.000, 0.000, 0.000),63.850,VALID,(0.117, -0.076, 0.990),(-0.032, 0.000, 0.000),0.620,3.916,6.314,0.838,VALID,(0.117, -0.076, 0.990),(0.032, 0.000, 0.000),0.588,3.733,6.354,0.826,2,0
450372,1000002507369465400,63875743298260,(0.011, 1.435, 0.007),(0.019, -0.246, 0.031, 0.969),VALID,(0.121, -0.035, 0.992),(0.000, 0.000, 0.000),63.850,VALID,(0.121, -0.035, 0.992),(-0.032, 0.000, 0.000),0.619,3.910,6.314,0.837,VALID,(0.121, -0.035, 0.992),(0.032, 0.000, 0.000),0.588,3.733,6.354,0.826,2,0
450373,1000002507374519300,63875743298260,(0.011, 1.435, 0.007),(0.019, -0.246, 0.031, 0.969),VALID,(0.128, -0.007, 0.992),(0.000, 0.000, 0.000),63.850,VALID,(0.128, -0.007, 0.992),(-0.032, 0.000, 0.000),0.615,3.880,6.314,0.837,VALID,(0.128, -0.007, 0.992),(0.032, 0.000, 0.000),0.590,3.749,6.354,0.826,2,0
450374,1000002507379518500,63875743298271,(0.011, 1.435, 0.007),(0.019, -0.246, 0.031, 0.969),VALID,(0.132, 0.037, 0.991),(0.000, 0.000, 0.000),63.850,VALID,(0.132, 0.037, 0.991),(-0.032, 0.000, 0.000),0.615,3.881,6.314,0.838,VALID,(0.132, 0.037, 0.991),(0.032, 0.000, 0.000),0.593,3.766,6.354,0.826,2,0
450375,1000002507384486500,63875743298271,(0.011, 1.435, 0.007),(0.019, -0.246, 0.031, 0.969),VALID,(0.135, 0.072, 0.988),(0.000, 0.000, 0.000),63.850,VALID,(0.135, 0.072, 0.988),(-0.032, 0.000, 0.000),0.619,3.910,6.314,0.838,VALID,(0.135, 0.072, 0.988),(0.032, 0.000, 0.000),0.595,3.783,6.354,0.826,2,0
450376,1000002507389509900,63875743298282,(0.011, 1.435, 0.006),(0.019, -0.246, 0.031, 0.968),VALID,(0.137, 0.096, 0.986),(0.000, 0.000, 0.000),63.850,VALID,(0.137, 0.096, 0.986),(-0.032, 0.000, 0.000),0.620,3.916,6.314,0.840,VALID,(0.137, 0.096, 0.986),(0.032, 0.000, 0.000),0.597,3.794,6.354,0.828,2,0
450377,1000002507394523100,63875743298282,(0.011, 1.435, 0.006),(0.019, -0.246, 0.031, 0.968),VALID,(0.140, 0.111, 0.984),(0.000, 0.000, 0.000),63.850,VALID,(0.140, 0.111, 0.984),(-0.032, 0.000, 0.000),0.621,3.924,6.314,0.843,VALID,(0.140, 0.111, 0.984),(0.032, 0.000, 0.000),0.598,3.801,6.354,0.831,2,0
450378,1000002507399536300,63875743298294,(0.011, 1.435, 0.006),(0.019, -0.247, 0.031, 0.968),VALID,(0.142, 0.120, 0.983),(0.000, 0.000, 0.000),63.850,VALID,(0.142, 0.120, 0.983),(-0.032, 0.000, 0.000),0.622,3.928,6.314,0.847,VALID,(0.142, 0.120, 0.983),(0.032, 0.000, 0.000),0.599,3.805,6.354,0.834,2,0
450379,1000002507404542800,63875743298294,(0.011, 1.435, 0.006),(0.019, -0.247, 0.031, 0.968),VALID,(0.144, 0.125, 0.982),(0.000, 0.000, 0.000),63.850,VALID,(0.144, 0.125, 0.982),(-0.032, 0.000, 0.000),0.623,3.935,6.314,0.852,VALID,(0.144, 0.125, 0.982),(0.032, 0.000, 0.000),0.599,3.807,6.354,0.839,2,0
450380,1000002507409556000,63875743298305,(0.011, 1.435, 0.006),(0.019, -0.247, 0.031, 0.968),VALID,(0.144, 0.129, 0.981),(0.000, 0.000, 0.000),63.850,VALID,(0.144, 0.129, 0.981),(-0.032, 0.000, 0.000),0.624,3.941,6.314,0.859,VALID,(0.144, 0.129, 0.981),(0.032, 0.000, 0.000),0.599,3.808,6.354,0.844,2,0
450381,1000002507414586500,63875743298305,(0.011, 1.435, 0.006),(0.019, -0.247, 0.031, 0.968),VALID,(0.147, 0.129, 0.981),(0.000, 0.000, 0.000),63.850,VALID,(0.147, 0.129, 0.981),(-0.032, 0.000, 0.000),0.626,3.956,6.314,0.866,VALID,(0.147, 0.129, 0.981),(0.032, 0.000, 0.000),0.599,3.809,6.354,0.849,2,0
450382,1000002507419603800,63875743298305,(0.011, 1.435, 0.006),(0.019, -0.247, 0.031, 0.968),VALID,(0.148, 0.129, 0.980),(0.000, 0.000, 0.000),63.850,VALID,(0.148, 0.129, 0.980),(-0.032, 0.000, 0.000),0.627,3.956,6.314,0.873,VALID,(0.148, 0.129, 0.980),(0.032, 0.000, 0.000),0.600,3.810,6.354,0.855,2,0
450383,1000002507424590000,63875743298315,(0.011, 1.435, 0.006),(0.020, -0.247, 0.031, 0.968),VALID,(0.150, 0.129, 0.980),(0.000, 0.000, 0.000),63.850,VALID,(0.150, 0.129, 0.980),(-0.032, 0.000, 0.000),0.630,3.977,6.314,0.881,VALID,(0.150, 0.129, 0.980),(0.032, 0.000, 0.000),0.600,3.811,6.354,0.860,2,0
450384,1000002507429596200,63875743298315,(0.011, 1.435, 0.006),(0.020, -0.247, 0.031, 0.968),VALID,(0.152, 0.129, 0.980),(0.000, 0.000, 0.000),63.850,VALID,(0.152, 0.129, 0.980),(-0.032, 0.000, 0.000),0.633,3.995,6.314,0.889,VALID,(0.152, 0.129, 0.980),(0.032, 0.000, 0.000),0.600,3.811,6.354,0.866,2,0
450385,1000002507434624200,63875743298327,(0.011, 1.435, 0.006),(0.020, -0.247, 0.031, 0.968),VALID,(0.153, 0.130, 0.980),(0.000, 0.000, 0.000),63.850,VALID,(0.153, 0.130, 0.980),(-0.032, 0.000, 0.000),0.637,4.020,6.314,0.898,VALID,(0.153, 0.130, 0.980),(0.032, 0.000, 0.000),0.600,3.811,6.354,0.871,2,0
450386,1000002507439630400,63875743298327,(0.011, 1.435, 0.006),(0.020, -0.247, 0.031, 0.968),VALID,(0.155, 0.131, 0.979),(0.000, 0.000, 0.000),63.850,VALID,(0.155, 0.131, 0.979),(-0.032, 0.000, 0.000),0.642,4.056,6.314,0.905,VALID,(0.155, 0.131, 0.979),(0.032, 0.000, 0.000),0.600,3.812,6.354,0.876,2,0
450387,1000002507444629300,63875743298337,(0.011, 1.435, 0.006),(0.020, -0.247, 0.030, 0.968),VALID,(0.156, 0.132, 0.979),(0.000, 0.000, 0.000),63.850,VALID,(0.156, 0.132, 0.979),(-0.032, 0.000, 0.000),0.633,3.997,6.314,0.912,VALID,(0.156, 0.132, 0.979),(0.032, 0.000, 0.000),0.600,3.812,6.354,0.881,2,0
450388,1000002507449641700,63875743298337,(0.011, 1.435, 0.006),(0.020, -0.247, 0.030, 0.968),VALID,(0.156, 0.131, 0.979),(0.000, 0.000, 0.000),63.850,VALID,(0.156, 0.131, 0.979),(-0.032, 0.000, 0.000),0.625,3.948,6.314,0.918,VALID,(0.156, 0.131, 0.979),(0.032, 0.000, 0.000),0.600,3.812,6.354,0.886,2,0
450389,1000002507454640600,63875743298349,(0.011, 1.435, 0.006),(0.020, -0.247, 0.030, 0.968),VALID,(0.153, 0.120, 0.981),(0.000, 0.000, 0.000),63.850,VALID,(0.153, 0.120, 0.981),(-0.032, 0.000, 0.000),0.625,3.949,6.314,0.916,VALID,(0.153, 0.120, 0.981),(0.032, 0.000, 0.000),0.600,3.812,6.354,0.890,2,0
450390,1000002507459653000,63875743298349,(0.011, 1.435, 0.006),(0.020, -0.247, 0.030, 0.968),VALID,(0.151, 0.112, 0.982),(0.000, 0.000, 0.000),63.850,VALID,(0.151, 0.112, 0.982),(-0.032, 0.000, 0.000),0.653,4.125,6.314,0.915,VALID,(0.151, 0.112, 0.982),(0.032, 0.000, 0.000),0.600,3.812,6.354,0.894,2,0
450391,1000002507464676300,63875743298349,(0.011, 1.435, 0.006),(0.020, -0.247, 0.030, 0.968),VALID,(0.149, 0.106, 0.983),(0.000, 0.000, 0.000),63.850,VALID,(0.149, 0.106, 0.983),(-0.032, 0.000, 0.000),0.665,4.197,6.314,0.915,VALID,(0.149, 0.106, 0.983),(0.032, 0.000, 0.000),0.600,3.812,6.354,0.898,2,0
450392,1000002507469687800,63875743298360,(0.011, 1.435, 0.006),(0.020, -0.247, 0.030, 0.968),VALID,(0.149, 0.103, 0.984),(0.000, 0.000, 0.000),63.850,VALID,(0.149, 0.103, 0.984),(-0.032, 0.000, 0.000),0.669,4.222,6.314,0.915,VALID,(0.149, 0.103, 0.984),(0.032, 0.000, 0.000),0.600,3.811,6.354,0.901,2,0
450393,1000002507474699900,63875743298360,(0.011, 1.435, 0.006),(0.020, -0.247, 0.030, 0.968),VALID,(0.148, 0.100, 0.984),(0.000, 0.000, 0.000),63.850,VALID,(0.148, 0.100, 0.984),(-0.032, 0.000, 0.000),0.678,4.284,6.314,0.915,VALID,(0.148, 0.100, 0.984),(0.032, 0.000, 0.000),0.600,3.810,6.354,0.905,2,0
450394,1000002507479712000,63875743298371,(0.012, 1.435, 0.006),(0.020, -0.247, 0.030, 0.968),VALID,(0.147, 0.099, 0.984),(0.000, 0.000, 0.000),63.850,VALID,(0.147, 0.099, 0.984),(-0.032, 0.000, 0.000),0.684,4.316,6.314,0.915,VALID,(0.147, 0.099, 0.984),(0.032, 0.000, 0.000),0.600,3.810,6.354,0.907,2,0
450395,1000002507484723800,63875743298371,(0.012, 1.435, 0.006),(0.020, -0.247, 0.030, 0.968),VALID,(0.147, 0.097, 0.984),(0.000, 0.000, 0.000),63.850,VALID,(0.147, 0.097, 0.984),(-0.032, 0.000, 0.000),0.686,4.333,6.314,0.915,VALID,(0.147, 0.097, 0.984),(0.032, 0.000, 0.000),0.600,3.809,6.354,0.911,2,0
450396,1000002507489735900,63875743298382,(0.012, 1.435, 0.007),(0.020, -0.247, 0.030, 0.968),VALID,(0.146, 0.094, 0.985),(0.000, 0.000, 0.000),63.850,VALID,(0.146, 0.094, 0.985),(-0.032, 0.000, 0.000),0.686,4.334,6.314,0.916,VALID,(0.146, 0.094, 0.985),(0.032, 0.000, 0.000),0.599,3.809,6.354,0.914,2,0
450397,1000002507494747700,63875743298382,(0.012, 1.435, 0.007),(0.020, -0.247, 0.030, 0.968),VALID,(0.145, 0.090, 0.985),(0.000, 0.000, 0.000),63.850,VALID,(0.145, 0.090, 0.985),(-0.032, 0.000, 0.000),0.686,4.331,6.314,0.917,VALID,(0.145, 0.090, 0.985),(0.032, 0.000, 0.000),0.599,3.808,6.354,0.916,2,0
450398,1000002507499778100,63875743298394,(0.012, 1.435, 0.007),(0.021, -0.247, 0.030, 0.968),VALID,(0.145, 0.087, 0.986),(0.000, 0.000, 0.000),63.850,VALID,(0.145, 0.087, 0.986),(-0.032, 0.000, 0.000),0.670,4.229,6.314,0.917,VALID,(0.145, 0.087, 0.986),(0.032, 0.000, 0.000),0.599,3.807,6.354,0.919,2,0
450399,1000002507504790200,63875743298394,(0.012, 1.435, 0.007),(0.021, -0.247, 0.030, 0.968),VALID,(0.144, 0.083, 0.986),(0.000, 0.000, 0.000),63.850,VALID,(0.144, 0.083, 0.986),(-0.032, 0.000, 0.000),0.632,3.993,6.314,0.918,VALID,(0.144, 0.083, 0.986),(0.032, 0.000, 0.000),0.599,3.807,6.354,0.921,2,0
450400,1000002507509802300,63875743298405,(0.012, 1.435, 0.007),(0.021, -0.247, 0.029, 0.968),VALID,(0.144, 0.080, 0.986),(0.000, 0.000, 0.000),63.850,VALID,(0.144, 0.080, 0.986),(-0.032, 0.000, 0.000),0.622,3.929,6.314,0.920,VALID,(0.144, 0.080, 0.986),(0.032, 0.000, 0.000),0.599,3.807,6.354,0.923,2,0
450401,1000002507514867700,63875743298405,(0.012, 1.435, 0.007),(0.021, -0.247, 0.029, 0.968),VALID,(0.144, 0.078, 0.987),(0.000, 0.000, 0.000),63.850,VALID,(0.144, 0.078, 0.987),(-0.032, 0.000, 0.000),0.621,3.918,6.314,0.921,VALID,(0.144, 0.078, 0.987),(0.032, 0.000, 0.000),0.599,3.807,6.354,0.925,2,0
450402,1000002507519856600,63875743298405,(0.012, 1.435, 0.007),(0.021, -0.247, 0.029, 0.968),VALID,(0.143, 0.076, 0.987),(0.000, 0.000, 0.000),63.850,VALID,(0.143, 0.076, 0.987),(-0.032, 0.000, 0.000),0.617,3.898,6.314,0.921,VALID,(0.143, 0.076, 0.987),(0.032, 0.000, 0.000),0.599,3.807,6.354,0.927,2,0
450403,1000002507524868400,63875743298416,(0.012, 1.435, 0.007),(0.021, -0.247, 0.029, 0.968),VALID,(0.143, 0.074, 0.987),(0.000, 0.000, 0.000),63.850,VALID,(0.143, 0.074, 0.987),(-0.032, 0.000, 0.000),0.613,3.869,6.314,0.923,VALID,(0.143, 0.074, 0.987),(0.032, 0.000, 0.000),0.599,3.806,6.354,0.929,2,0
450404,1000002507529867100,63875743298416,(0.012, 1.435, 0.007),(0.021, -0.247, 0.029, 0.968),VALID,(0.143, 0.073, 0.987),(0.000, 0.000, 0.000),63.850,VALID,(0.143, 0.073, 0.987),(-0.032, 0.000, 0.000),0.611,3.859,6.314,0.924,VALID,(0.143, 0.073, 0.987),(0.032, 0.000, 0.000),0.599,3.806,6.354,0.931,2,0
450405,1000002507534884700,63875743298426,(0.012, 1.435, 0.007),(0.022, -0.247, 0.029, 0.968),VALID,(0.142, 0.072, 0.987),(0.000, 0.000, 0.000),63.850,VALID,(0.142, 0.072, 0.987),(-0.032, 0.000, 0.000),0.611,3.859,6.314,0.924,VALID,(0.142, 0.072, 0.987),(0.032, 0.000, 0.000),0.599,3.806,6.354,0.933,2,0
450406,1000002507539896500,63875743298427,(0.012, 1.435, 0.007),(0.022, -0.247, 0.029, 0.968),VALID,(0.142, 0.071, 0.987),(0.000, 0.000, 0.000),63.850,VALID,(0.142, 0.071, 0.987),(-0.032, 0.000, 0.000),0.611,3.858,6.314,0.925,VALID,(0.142, 0.071, 0.987),(0.032, 0.000, 0.000),0.599,3.806,6.354,0.935,2,0
450407,1000002507544908600,63875743298438,(0.012, 1.435, 0.007),(0.022, -0.247, 0.029, 0.968),VALID,(0.142, 0.070, 0.987),(0.000, 0.000, 0.000),63.850,VALID,(0.142, 0.070, 0.987),(-0.032, 0.000, 0.000),0.611,3.856,6.314,0.926,VALID,(0.142, 0.070, 0.987),(0.032, 0.000, 0.000),0.599,3.806,6.354,0.936,2,0
450408,1000002507549920700,63875743298438,(0.012, 1.435, 0.007),(0.022, -0.247, 0.029, 0.968),VALID,(0.142, 0.069, 0.988),(0.000, 0.000, 0.000),63.850,VALID,(0.142, 0.069, 0.988),(-0.032, 0.000, 0.000),0.610,3.855,6.314,0.928,VALID,(0.142, 0.069, 0.988),(0.032, 0.000, 0.000),0.599,3.806,6.354,0.937,2,0.6862791
450409,1000002507554932800,63875743298449,(0.012, 1.435, 0.007),(0.022, -0.247, 0.029, 0.968),VALID,(0.141, 0.068, 0.988),(0.000, 0.000, 0.000),63.850,VALID,(0.141, 0.068, 0.988),(-0.032, 0.000, 0.000),0.610,3.854,6.314,0.928,VALID,(0.141, 0.068, 0.988),(0.032, 0.000, 0.000),0.599,3.806,6.354,0.938,2,0.6707155
450410,1000002507559944600,63875743298449,(0.012, 1.435, 0.007),(0.022, -0.247, 0.029, 0.968),VALID,(0.141, 0.067, 0.988),(0.000, 0.000, 0.000),63.850,VALID,(0.141, 0.067, 0.988),(-0.032, 0.000, 0.000),0.610,3.854,6.314,0.929,VALID,(0.141, 0.067, 0.988),(0.032, 0.000, 0.000),0.599,3.806,6.354,0.939,2,0.7136038
450411,1000002507564956700,63875743298461,(0.012, 1.435, 0.008),(0.022, -0.247, 0.029, 0.968),VALID,(0.141, 0.066, 0.988),(0.000, 0.000, 0.000),63.850,VALID,(0.141, 0.066, 0.988),(-0.032, 0.000, 0.000),0.610,3.854,6.314,0.929,VALID,(0.141, 0.066, 0.988),(0.032, 0.000, 0.000),0.599,3.806,6.354,0.940,2,0.7063843
450412,1000002507569988400,63875743298461,(0.012, 1.435, 0.008),(0.022, -0.247, 0.029, 0.968),VALID,(0.141, 0.067, 0.988),(0.000, 0.000, 0.000),63.850,VALID,(0.141, 0.067, 0.988),(-0.032, 0.000, 0.000),0.611,3.861,6.314,0.930,VALID,(0.141, 0.067, 0.988),(0.032, 0.000, 0.000),0.599,3.807,6.354,0.940,2,0.6388663
450413,1000002507575000500,63875743298461,(0.012, 1.435, 0.008),(0.022, -0.247, 0.029, 0.968),VALID,(0.141, 0.068, 0.988),(0.000, 0.000, 0.000),63.850,VALID,(0.141, 0.068, 0.988),(-0.032, 0.000, 0.000),0.611,3.861,6.314,0.931,VALID,(0.141, 0.068, 0.988),(0.032, 0.000, 0.000),0.600,3.810,6.354,0.940,2,0.5456923
450414,1000002507579950300,63875743298471,(0.012, 1.435, 0.008),(0.023, -0.247, 0.029, 0.968),VALID,(0.140, 0.070, 0.988),(0.000, 0.000, 0.000),63.850,VALID,(0.140, 0.070, 0.988),(-0.032, 0.000, 0.000),0.618,3.905,6.314,0.932,VALID,(0.140, 0.070, 0.988),(0.032, 0.000, 0.000),0.600,3.812,6.354,0.941,2,0.3875639
450415,1000002507584950900,63875743298483,(0.012, 1.435, 0.008),(0.023, -0.246, 0.029, 0.968),VALID,(0.139, 0.071, 0.988),(0.000, 0.000, 0.000),63.850,VALID,(0.139, 0.071, 0.988),(-0.032, 0.000, 0.000),0.630,3.980,6.314,0.934,VALID,(0.139, 0.071, 0.988),(0.032, 0.000, 0.000),0.601,3.817,6.354,0.941,2,0.3040955
450416,1000002507589964000,63875743298483,(0.012, 1.435, 0.008),(0.023, -0.246, 0.029, 0.968),VALID,(0.137, 0.072, 0.988),(0.000, 0.000, 0.000),63.850,VALID,(0.137, 0.072, 0.988),(-0.032, 0.000, 0.000),0.637,4.024,6.314,0.935,VALID,(0.137, 0.072, 0.988),(0.032, 0.000, 0.000),0.601,3.818,6.354,0.941,2,0.1730113
450417,1000002507594976600,63875743298483,(0.012, 1.435, 0.008),(0.023, -0.246, 0.029, 0.968),VALID,(0.135, 0.075, 0.988),(0.000, 0.000, 0.000),63.850,VALID,(0.135, 0.075, 0.988),(-0.032, 0.000, 0.000),0.637,4.022,6.314,0.937,VALID,(0.135, 0.075, 0.988),(0.032, 0.000, 0.000),0.601,3.819,6.354,0.942,2,0.0838718
450418,1000002507600008000,63875743298494,(0.012, 1.435, 0.008),(0.023, -0.246, 0.029, 0.968),VALID,(0.131, 0.078, 0.988),(0.000, 0.000, 0.000),63.850,VALID,(0.131, 0.078, 0.988),(-0.032, 0.000, 0.000),0.637,4.022,6.314,0.940,VALID,(0.131, 0.078, 0.988),(0.032, 0.000, 0.000),0.601,3.819,6.354,0.942,2,0.02490035
450419,1000002507605020600,63875743298494,(0.012, 1.435, 0.008),(0.023, -0.246, 0.029, 0.968),VALID,(0.130, 0.079, 0.988),(0.000, 0.000, 0.000),63.850,VALID,(0.130, 0.079, 0.988),(-0.032, 0.000, 0.000),0.630,3.980,6.314,0.942,VALID,(0.130, 0.079, 0.988),(0.032, 0.000, 0.000),0.601,3.819,6.354,0.943,2,0
450420,1000002507610038200,63875743298504,(0.012, 1.435, 0.008),(0.023, -0.246, 0.029, 0.969),VALID,(0.128, 0.081, 0.988),(0.000, 0.000, 0.000),63.850,VALID,(0.128, 0.081, 0.988),(-0.032, 0.000, 0.000),0.619,3.907,6.314,0.945,VALID,(0.128, 0.081, 0.988),(0.032, 0.000, 0.000),0.601,3.818,6.354,0.944,2,0
450421,1000002507615050800,63875743298504,(0.012, 1.435, 0.008),(0.023, -0.246, 0.029, 0.969),VALID,(0.127, 0.082, 0.989),(0.000, 0.000, 0.000),63.850,VALID,(0.127, 0.082, 0.989),(-0.032, 0.000, 0.000),0.616,3.890,6.314,0.947,VALID,(0.127, 0.082, 0.989),(0.032, 0.000, 0.000),0.601,3.818,6.354,0.945,2,0
450422,1000002507620050500,63875743298515,(0.012, 1.435, 0.008),(0.023, -0.246, 0.029, 0.969),VALID,(0.125, 0.083, 0.989),(0.000, 0.000, 0.000),63.850,VALID,(0.125, 0.083, 0.989),(-0.032, 0.000, 0.000),0.615,3.884,6.314,0.949,VALID,(0.125, 0.083, 0.989),(0.032, 0.000, 0.000),0.601,3.818,6.354,0.947,2,0
450423,1000002507625063100,63875743298515,(0.012, 1.435, 0.008),(0.023, -0.246, 0.029, 0.969),VALID,(0.124, 0.085, 0.989),(0.000, 0.000, 0.000),63.850,VALID,(0.124, 0.085, 0.989),(-0.032, 0.000, 0.000),0.615,3.882,6.314,0.952,VALID,(0.124, 0.085, 0.989),(0.032, 0.000, 0.000),0.601,3.818,6.354,0.948,2,0
450424,1000002507630078900,63875743298515,(0.012, 1.435, 0.008),(0.023, -0.246, 0.029, 0.969),VALID,(0.123, 0.086, 0.989),(0.000, 0.000, 0.000),63.850,VALID,(0.123, 0.086, 0.989),(-0.032, 0.000, 0.000),0.613,3.874,6.314,0.956,VALID,(0.123, 0.086, 0.989),(0.032, 0.000, 0.000),0.601,3.818,6.354,0.950,2,0
450425,1000002507635091500,63875743298526,(0.013, 1.435, 0.008),(0.023, -0.246, 0.029, 0.969),VALID,(0.122, 0.086, 0.989),(0.000, 0.000, 0.000),63.850,VALID,(0.122, 0.086, 0.989),(-0.032, 0.000, 0.000),0.609,3.847,6.314,0.957,VALID,(0.122, 0.086, 0.989),(0.032, 0.000, 0.000),0.601,3.818,6.354,0.951,2,0
450426,1000002507640093100,63875743298526,(0.013, 1.435, 0.008),(0.023, -0.246, 0.029, 0.969),VALID,(0.122, 0.087, 0.989),(0.000, 0.000, 0.000),63.850,VALID,(0.122, 0.087, 0.989),(-0.032, 0.000, 0.000),0.607,3.835,6.314,0.958,VALID,(0.122, 0.087, 0.989),(0.032, 0.000, 0.000),0.601,3.818,6.354,0.953,2,0
450427,1000002507645110900,63875743298537,(0.012, 1.435, 0.008),(0.023, -0.246, 0.029, 0.969),VALID,(0.121, 0.088, 0.989),(0.000, 0.000, 0.000),63.850,VALID,(0.121, 0.088, 0.989),(-0.032, 0.000, 0.000),0.607,3.830,6.314,0.961,VALID,(0.121, 0.088, 0.989),(0.032, 0.000, 0.000),0.601,3.818,6.354,0.954,2,0
450428,1000002507650126700,63875743298537,(0.012, 1.435, 0.008),(0.023, -0.246, 0.029, 0.969),VALID,(0.121, 0.088, 0.989),(0.000, 0.000, 0.000),63.850,VALID,(0.121, 0.088, 0.989),(-0.032, 0.000, 0.000),0.603,3.809,6.314,0.963,VALID,(0.121, 0.088, 0.989),(0.032, 0.000, 0.000),0.601,3.818,6.354,0.956,2,0
450429,1000002507655159800,63875743298548,(0.012, 1.435, 0.008),(0.023, -0.246, 0.029, 0.969),VALID,(0.120, 0.089, 0.989),(0.000, 0.000, 0.000),63.850,VALID,(0.120, 0.089, 0.989),(-0.032, 0.000, 0.000),0.600,3.790,6.314,0.966,VALID,(0.120, 0.089, 0.989),(0.032, 0.000, 0.000),0.601,3.818,6.354,0.957,2,0
450430,1000002507660172400,63875743298549,(0.012, 1.435, 0.008),(0.023, -0.246, 0.029, 0.969),VALID,(0.120, 0.089, 0.989),(0.000, 0.000, 0.000),63.850,VALID,(0.120, 0.089, 0.989),(-0.032, 0.000, 0.000),0.599,3.781,6.314,0.968,VALID,(0.120, 0.089, 0.989),(0.032, 0.000, 0.000),0.601,3.818,6.354,0.959,2,0.0126768
450431,1000002507665188200,63875743298560,(0.012, 1.435, 0.007),(0.024, -0.246, 0.029, 0.969),VALID,(0.119, 0.089, 0.989),(0.000, 0.000, 0.000),63.850,VALID,(0.119, 0.089, 0.989),(-0.032, 0.000, 0.000),0.604,3.811,6.314,0.968,VALID,(0.119, 0.089, 0.989),(0.032, 0.000, 0.000),0.601,3.817,6.354,0.960,2,0.09117922
450432,1000002507670200800,63875743298560,(0.012, 1.435, 0.007),(0.024, -0.246, 0.029, 0.969),VALID,(0.119, 0.090, 0.989),(0.000, 0.000, 0.000),63.850,VALID,(0.119, 0.090, 0.989),(-0.032, 0.000, 0.000),0.605,3.820,6.314,0.969,VALID,(0.119, 0.090, 0.989),(0.032, 0.000, 0.000),0.601,3.817,6.354,0.962,2,0.1935863
450433,1000002507675185800,63875743298572,(0.012, 1.435, 0.007),(0.024, -0.246, 0.029, 0.969),VALID,(0.119, 0.090, 0.989),(0.000, 0.000, 0.000),63.850,VALID,(0.119, 0.090, 0.989),(-0.032, 0.000, 0.000),0.606,3.824,6.314,0.970,VALID,(0.119, 0.090, 0.989),(0.032, 0.000, 0.000),0.601,3.817,6.354,0.964,2,0.3546555
450434,1000002507680195800,63875743298572,(0.012, 1.435, 0.007),(0.024, -0.246, 0.029, 0.969),VALID,(0.119, 0.091, 0.989),(0.000, 0.000, 0.000),63.850,VALID,(0.119, 0.091, 0.989),(-0.032, 0.000, 0.000),0.606,3.824,6.314,0.970,VALID,(0.119, 0.091, 0.989),(0.032, 0.000, 0.000),0.601,3.817,6.354,0.965,2,0.5128759
450435,1000002507685208400,63875743298583,(0.012, 1.435, 0.007),(0.024, -0.246, 0.029, 0.969),VALID,(0.118, 0.091, 0.989),(0.000, 0.000, 0.000),63.850,VALID,(0.118, 0.091, 0.989),(-0.032, 0.000, 0.000),0.605,3.821,6.314,0.971,VALID,(0.118, 0.091, 0.989),(0.032, 0.000, 0.000),0.601,3.816,6.354,0.967,2,0.6464218
450436,1000002507690219700,63875743298583,(0.012, 1.435, 0.007),(0.024, -0.246, 0.029, 0.969),VALID,(0.118, 0.091, 0.989),(0.000, 0.000, 0.000),63.850,VALID,(0.118, 0.091, 0.989),(-0.032, 0.000, 0.000),0.604,3.813,6.314,0.972,VALID,(0.118, 0.091, 0.989),(0.032, 0.000, 0.000),0.601,3.816,6.354,0.969,2,0.7247325
450437,1000002507695231000,63875743298583,(0.012, 1.435, 0.007),(0.024, -0.246, 0.029, 0.969),VALID,(0.118, 0.092, 0.989),(0.000, 0.000, 0.000),63.850,VALID,(0.118, 0.092, 0.989),(-0.032, 0.000, 0.000),0.602,3.803,6.314,0.972,VALID,(0.118, 0.092, 0.989),(0.032, 0.000, 0.000),0.600,3.815,6.354,0.970,2,0.7848364
450438,1000002507700250600,63875743298594,(0.012, 1.435, 0.007),(0.024, -0.246, 0.029, 0.969),VALID,(0.118, 0.092, 0.989),(0.000, 0.000, 0.000),63.850,VALID,(0.118, 0.092, 0.989),(-0.032, 0.000, 0.000),0.601,3.797,6.314,0.973,VALID,(0.118, 0.092, 0.989),(0.032, 0.000, 0.000),0.600,3.814,6.354,0.972,2,1
450439,1000002507705263200,63875743298594,(0.012, 1.435, 0.007),(0.024, -0.246, 0.029, 0.969),VALID,(0.118, 0.093, 0.989),(0.000, 0.000, 0.000),63.850,VALID,(0.118, 0.093, 0.989),(-0.032, 0.000, 0.000),0.601,3.794,6.314,0.974,VALID,(0.118, 0.093, 0.989),(0.032, 0.000, 0.000),0.600,3.813,6.354,0.973,2,1
450440,1000002507710280700,63875743298605,(0.012, 1.435, 0.007),(0.024, -0.246, 0.029, 0.969),VALID,(0.119, 0.091, 0.989),(0.000, 0.000, 0.000),63.850,VALID,(0.119, 0.091, 0.989),(-0.032, 0.000, 0.000),0.601,3.793,6.314,0.974,VALID,(0.119, 0.091, 0.989),(0.032, 0.000, 0.000),0.600,3.812,6.354,0.973,2,0.7090173
450441,1000002507715292000,63875743298605,(0.012, 1.435, 0.007),(0.024, -0.246, 0.029, 0.969),VALID,(0.119, 0.091, 0.989),(0.000, 0.000, 0.000),63.850,VALID,(0.119, 0.091, 0.989),(-0.032, 0.000, 0.000),0.600,3.791,6.314,0.974,VALID,(0.119, 0.091, 0.989),(0.032, 0.000, 0.000),0.600,3.810,6.354,0.975,2,0.3055724
450442,1000002507720307800,63875743298605,(0.012, 1.435, 0.007),(0.024, -0.246, 0.029, 0.969),VALID,(0.118, 0.092, 0.989),(0.000, 0.000, 0.000),63.850,VALID,(0.118, 0.092, 0.989),(-0.032, 0.000, 0.000),0.599,3.785,6.314,0.974,VALID,(0.118, 0.092, 0.989),(0.032, 0.000, 0.000),0.599,3.807,6.354,0.976,2,0.2617032
450443,1000002507725356900,63875743298617,(0.012, 1.435, 0.006),(0.024, -0.246, 0.029, 0.969),VALID,(0.118, 0.092, 0.989),(0.000, 0.000, 0.000),63.850,VALID,(0.118, 0.092, 0.989),(-0.032, 0.000, 0.000),0.593,3.747,6.314,0.974,VALID,(0.118, 0.092, 0.989),(0.032, 0.000, 0.000),0.599,3.803,6.354,0.976,2,0.2299909
450444,1000002507730372700,63875743298617,(0.012, 1.435, 0.006),(0.024, -0.246, 0.029, 0.969),VALID,(0.118, 0.092, 0.989),(0.000, 0.000, 0.000),63.850,VALID,(0.118, 0.092, 0.989),(-0.032, 0.000, 0.000),0.592,3.738,6.314,0.974,VALID,(0.118, 0.092, 0.989),(0.032, 0.000, 0.000),0.598,3.801,6.354,0.977,2,0.2333816
450445,1000002507735367500,63875743298627,(0.012, 1.435, 0.006),(0.024, -0.246, 0.029, 0.969),VALID,(0.118, 0.092, 0.989),(0.000, 0.000, 0.000),63.850,VALID,(0.118, 0.092, 0.989),(-0.032, 0.000, 0.000),0.591,3.735,6.314,0.974,VALID,(0.118, 0.092, 0.989),(0.032, 0.000, 0.000),0.597,3.795,6.354,0.978,2,0.2356132
450446,1000002507740383300,63875743298627,(0.012, 1.435, 0.006),(0.024, -0.246, 0.029, 0.969),VALID,(0.118, 0.092, 0.989),(0.000, 0.000, 0.000),63.850,VALID,(0.118, 0.092, 0.989),(-0.032, 0.000, 0.000),0.591,3.732,6.314,0.974,VALID,(0.118, 0.092, 0.989),(0.032, 0.000, 0.000),0.597,3.791,6.354,0.979,2,0.2357136
450447,1000002507745394600,63875743298638,(0.012, 1.435, 0.006),(0.024, -0.246, 0.029, 0.969),VALID,(0.119, 0.091, 0.989),(0.000, 0.000, 0.000),63.850,VALID,(0.119, 0.091, 0.989),(-0.032, 0.000, 0.000),0.591,3.730,6.314,0.974,VALID,(0.119, 0.091, 0.989),(0.032, 0.000, 0.000),0.596,3.785,6.354,0.980,2,0
450448,1000002507750361700,63875743298638,(0.012, 1.435, 0.006),(0.024, -0.246, 0.029, 0.969),VALID,(0.118, 0.091, 0.989),(0.000, 0.000, 0.000),63.850,VALID,(0.118, 0.091, 0.989),(-0.032, 0.000, 0.000),0.590,3.727,6.314,0.974,VALID,(0.118, 0.091, 0.989),(0.032, 0.000, 0.000),0.595,3.778,6.354,0.980,2,0
450449,1000002507755373000,63875743298649,(0.012, 1.435, 0.006),(0.025, -0.246, 0.029, 0.969),VALID,(0.119, 0.091, 0.989),(0.000, 0.000, 0.000),63.850,VALID,(0.119, 0.091, 0.989),(-0.032, 0.000, 0.000),0.586,3.702,6.314,0.975,VALID,(0.119, 0.091, 0.989),(0.032, 0.000, 0.000),0.594,3.772,6.354,0.981,2,0
450450,1000002507760384300,63875743298649,(0.012, 1.435, 0.006),(0.025, -0.246, 0.029, 0.969),VALID,(0.119, 0.089, 0.989),(0.000, 0.000, 0.000),63.850,VALID,(0.119, 0.089, 0.989),(-0.032, 0.000, 0.000),0.584,3.686,6.314,0.975,VALID,(0.119, 0.089, 0.989),(0.032, 0.000, 0.000),0.593,3.766,6.354,0.982,2,0
450451,1000002507765430600,63875743298661,(0.012, 1.435, 0.006),(0.025, -0.246, 0.029, 0.969),VALID,(0.120, 0.088, 0.989),(0.000, 0.000, 0.000),63.850,VALID,(0.120, 0.088, 0.989),(-0.032, 0.000, 0.000),0.581,3.669,6.314,0.974,VALID,(0.120, 0.088, 0.989),(0.032, 0.000, 0.000),0.591,3.758,6.354,0.982,2,0
450452,1000002507770441400,63875743298661,(0.012, 1.435, 0.006),(0.025, -0.246, 0.029, 0.969),VALID,(0.120, 0.087, 0.989),(0.000, 0.000, 0.000),63.850,VALID,(0.120, 0.087, 0.989),(-0.032, 0.000, 0.000),0.578,3.650,6.314,0.975,VALID,(0.120, 0.087, 0.989),(0.032, 0.000, 0.000),0.590,3.748,6.354,0.983,2,0
450453,1000002507775452700,63875743298661,(0.012, 1.435, 0.006),(0.025, -0.246, 0.029, 0.969),VALID,(0.118, 0.085, 0.989),(0.000, 0.000, 0.000),63.850,VALID,(0.116, 0.088, 0.989),(-0.032, 0.000, 0.000),0.572,3.612,6.314,0.976,VALID,(0.118, 0.085, 0.989),(0.032, 0.000, 0.000),0.588,3.736,6.354,0.982,2,0
450454,1000002507780461700,63875743298671,(0.012, 1.435, 0.006),(0.025, -0.246, 0.029, 0.969),VALID,(0.105, 0.085, 0.991),(0.000, 0.000, 0.000),63.850,VALID,(0.103, 0.089, 0.991),(-0.032, 0.000, 0.000),0.570,3.600,6.314,0.976,VALID,(0.105, 0.085, 0.991),(0.032, 0.000, 0.000),0.585,3.719,6.354,0.982,2,0
450455,1000002507785473000,63875743298672,(0.012, 1.435, 0.006),(0.025, -0.246, 0.029, 0.969),VALID,(0.104, 0.087, 0.991),(0.000, 0.000, 0.000),63.850,VALID,(0.079, 0.089, 0.993),(-0.032, 0.000, 0.000),0.557,3.516,6.314,0.977,VALID,(0.104, 0.087, 0.991),(0.032, 0.000, 0.000),0.585,3.718,6.354,0.981,2,0
450456,1000002507790483800,63875743298682,(0.012, 1.435, 0.005),(0.025, -0.246, 0.028, 0.969),VALID,(0.097, 0.088, 0.991),(0.000, 0.000, 0.000),63.850,VALID,(0.051, 0.090, 0.995),(-0.032, 0.000, 0.000),0.550,3.473,6.314,0.978,VALID,(0.097, 0.088, 0.991),(0.032, 0.000, 0.000),0.585,3.716,6.354,0.980,2,0
450457,1000002507795495100,63875743298683,(0.012, 1.435, 0.005),(0.025, -0.246, 0.028, 0.969),VALID,(0.083, 0.090, 0.992),(0.000, 0.000, 0.000),63.850,VALID,(0.019, 0.090, 0.996),(-0.032, 0.000, 0.000),0.536,3.387,6.314,0.979,VALID,(0.083, 0.090, 0.992),(0.032, 0.000, 0.000),0.585,3.714,6.354,0.977,2,0
450458,1000002507800505900,63875743298694,(0.012, 1.435, 0.005),(0.026, -0.246, 0.028, 0.969),VALID,(0.063, 0.092, 0.994),(0.000, 0.000, 0.000),63.850,VALID,(0.014, 0.091, 0.996),(-0.032, 0.000, 0.000),0.535,3.379,6.314,0.981,VALID,(0.063, 0.092, 0.994),(0.032, 0.000, 0.000),0.584,3.712,6.354,0.974,2,0
450459,1000002507805487500,63875743298694,(0.012, 1.435, 0.005),(0.026, -0.246, 0.028, 0.969),VALID,(0.038, 0.093, 0.995),(0.000, 0.000, 0.000),63.850,VALID,(0.003, 0.092, 0.996),(-0.032, 0.000, 0.000),0.534,3.370,6.314,0.982,VALID,(0.038, 0.093, 0.995),(0.032, 0.000, 0.000),0.584,3.712,6.354,0.970,2,0
450460,1000002507810516800,63875743298704,(0.012, 1.435, 0.005),(0.026, -0.246, 0.028, 0.968),VALID,(0.013, 0.093, 0.996),(0.000, 0.000, 0.000),63.850,VALID,(-0.011, 0.092, 0.996),(-0.032, 0.000, 0.000),0.534,3.371,6.314,0.983,VALID,(0.013, 0.093, 0.996),(0.032, 0.000, 0.000),0.584,3.712,6.354,0.965,2,0
450461,1000002507815540000,63875743298704,(0.012, 1.435, 0.005),(0.026, -0.246, 0.028, 0.968),VALID,(-0.010, 0.093, 0.996),(0.000, 0.000, 0.000),63.850,VALID,(-0.047, 0.091, 0.995),(-0.032, 0.000, 0.000),0.534,3.372,6.314,0.984,VALID,(-0.010, 0.093, 0.996),(0.032, 0.000, 0.000),0.584,3.710,6.354,0.960,2,0
450462,1000002507820569300,63875743298716,(0.012, 1.435, 0.005),(0.026, -0.246, 0.028, 0.968),VALID,(-0.027, 0.092, 0.995),(0.000, 0.000, 0.000),63.850,VALID,(-0.074, 0.090, 0.993),(-0.032, 0.000, 0.000),0.534,3.372,6.314,0.985,VALID,(-0.027, 0.092, 0.995),(0.032, 0.000, 0.000),0.584,3.710,6.354,0.956,2,0
450463,1000002507825580100,63875743298716,(0.012, 1.435, 0.005),(0.026, -0.246, 0.028, 0.968),VALID,(-0.040, 0.092, 0.995),(0.000, 0.000, 0.000),63.850,VALID,(-0.091, 0.088, 0.992),(-0.032, 0.000, 0.000),0.534,3.371,6.314,0.986,VALID,(-0.040, 0.092, 0.995),(0.032, 0.000, 0.000),0.584,3.710,6.354,0.953,2,0
450464,1000002507830609200,63875743298716,(0.012, 1.435, 0.005),(0.026, -0.246, 0.028, 0.968),VALID,(-0.049, 0.091, 0.995),(0.000, 0.000, 0.000),63.850,VALID,(-0.103, 0.086, 0.991),(-0.032, 0.000, 0.000),0.537,3.392,6.314,0.987,VALID,(-0.049, 0.091, 0.995),(0.032, 0.000, 0.000),0.584,3.710,6.354,0.950,2,0
450465,1000002507835620000,63875743298727,(0.012, 1.435, 0.005),(0.026, -0.246, 0.028, 0.968),VALID,(-0.055, 0.091, 0.994),(0.000, 0.000, 0.000),63.850,VALID,(-0.115, 0.086, 0.990),(-0.032, 0.000, 0.000),0.560,3.535,6.314,0.988,VALID,(-0.055, 0.091, 0.994),(0.032, 0.000, 0.000),0.584,3.709,6.354,0.948,2,0
450466,1000002507840590900,63875743298727,(0.012, 1.435, 0.005),(0.026, -0.246, 0.028, 0.968),VALID,(-0.059, 0.091, 0.994),(0.000, 0.000, 0.000),63.850,VALID,(-0.122, 0.085, 0.989),(-0.032, 0.000, 0.000),0.559,3.532,6.314,0.989,VALID,(-0.059, 0.091, 0.994),(0.032, 0.000, 0.000),0.583,3.707,6.354,0.945,2,0
450467,1000002507845581800,63875743298738,(0.012, 1.435, 0.005),(0.026, -0.246, 0.028, 0.968),VALID,(-0.061, 0.091, 0.994),(0.000, 0.000, 0.000),63.850,VALID,(-0.125, 0.084, 0.989),(-0.032, 0.000, 0.000),0.558,3.521,6.314,0.990,VALID,(-0.061, 0.091, 0.994),(0.032, 0.000, 0.000),0.583,3.704,6.354,0.944,2,0
450468,1000002507850584500,63875743298738,(0.012, 1.435, 0.005),(0.026, -0.246, 0.028, 0.968),VALID,(-0.062, 0.090, 0.994),(0.000, 0.000, 0.000),63.850,VALID,(-0.127, 0.083, 0.988),(-0.032, 0.000, 0.000),0.554,3.499,6.314,0.990,VALID,(-0.062, 0.090, 0.994),(0.032, 0.000, 0.000),0.582,3.701,6.354,0.943,2,0
450469,1000002507855587200,63875743298749,(0.012, 1.435, 0.005),(0.026, -0.246, 0.028, 0.968),VALID,(-0.063, 0.090, 0.994),(0.000, 0.000, 0.000),63.850,VALID,(-0.128, 0.083, 0.988),(-0.032, 0.000, 0.000),0.550,3.474,6.314,0.991,VALID,(-0.063, 0.090, 0.994),(0.032, 0.000, 0.000),0.582,3.697,6.354,0.942,2,0
450470,1000002507860620900,63875743298749,(0.012, 1.435, 0.005),(0.026, -0.246, 0.028, 0.968),VALID,(-0.063, 0.089, 0.994),(0.000, 0.000, 0.000),63.850,VALID,(-0.129, 0.082, 0.988),(-0.032, 0.000, 0.000),0.548,3.462,6.314,0.991,VALID,(-0.063, 0.089, 0.994),(0.032, 0.000, 0.000),0.581,3.692,6.354,0.941,2,0
450471,1000002507865623600,63875743298761,(0.012, 1.435, 0.004),(0.026, -0.246, 0.028, 0.968),VALID,(-0.063, 0.089, 0.994),(0.000, 0.000, 0.000),63.850,VALID,(-0.128, 0.081, 0.988),(-0.032, 0.000, 0.000),0.545,3.440,6.314,0.992,VALID,(-0.063, 0.089, 0.994),(0.032, 0.000, 0.000),0.580,3.687,6.354,0.941,2,0
450472,1000002507870750000,63875743298761,(0.012, 1.435, 0.004),(0.026, -0.246, 0.028, 0.968),VALID,(-0.063, 0.088, 0.994),(0.000, 0.000, 0.000),63.850,VALID,(-0.128, 0.080, 0.989),(-0.032, 0.000, 0.000),0.540,3.408,6.314,0.992,VALID,(-0.063, 0.088, 0.994),(0.032, 0.000, 0.000),0.580,3.683,6.354,0.940,2,0
450473,1000002507875708600,63875743298761,(0.012, 1.435, 0.004),(0.026, -0.246, 0.028, 0.968),VALID,(-0.063, 0.087, 0.994),(0.000, 0.000, 0.000),63.850,VALID,(-0.127, 0.079, 0.989),(-0.032, 0.000, 0.000),0.537,3.393,6.314,0.993,VALID,(-0.063, 0.087, 0.994),(0.032, 0.000, 0.000),0.579,3.677,6.354,0.940,2,0
450474,1000002507880710900,63875743298771,(0.012, 1.435, 0.004),(0.026, -0.247, 0.028, 0.968),VALID,(-0.062, 0.087, 0.994),(0.000, 0.000, 0.000),63.850,VALID,(-0.127, 0.078, 0.989),(-0.032, 0.000, 0.000),0.536,3.383,6.314,0.993,VALID,(-0.062, 0.087, 0.994),(0.032, 0.000, 0.000),0.578,3.669,6.354,0.940,2,0
450475,1000002507885738000,63875743298771,(0.012, 1.435, 0.004),(0.026, -0.247, 0.028, 0.968),VALID,(-0.062, 0.086, 0.994),(0.000, 0.000, 0.000),63.850,VALID,(-0.126, 0.077, 0.989),(-0.032, 0.000, 0.000),0.533,3.368,6.314,0.994,VALID,(-0.062, 0.086, 0.994),(0.032, 0.000, 0.000),0.576,3.662,6.354,0.939,2,0
450476,1000002507890740300,63875743298783,(0.012, 1.435, 0.004),(0.026, -0.247, 0.029, 0.968),VALID,(-0.062, 0.086, 0.994),(0.000, 0.000, 0.000),63.850,VALID,(-0.125, 0.076, 0.989),(-0.032, 0.000, 0.000),0.531,3.352,6.314,0.994,VALID,(-0.062, 0.086, 0.994),(0.032, 0.000, 0.000),0.576,3.657,6.354,0.939,2,0
450477,1000002507895743000,63875743298783,(0.012, 1.435, 0.004),(0.026, -0.247, 0.029, 0.968),VALID,(-0.062, 0.085, 0.994),(0.000, 0.000, 0.000),63.850,VALID,(-0.125, 0.075, 0.989),(-0.032, 0.000, 0.000),0.531,3.353,6.314,0.994,VALID,(-0.062, 0.085, 0.994),(0.032, 0.000, 0.000),0.575,3.652,6.354,0.939,2,0.02045901
450478,1000002507900745300,63875743298794,(0.012, 1.435, 0.004),(0.026, -0.247, 0.029, 0.968),VALID,(-0.061, 0.085, 0.995),(0.000, 0.000, 0.000),63.850,VALID,(-0.125, 0.075, 0.989),(-0.032, 0.000, 0.000),0.532,3.356,6.314,0.995,VALID,(-0.061, 0.085, 0.995),(0.032, 0.000, 0.000),0.574,3.648,6.354,0.939,2,0.404419
450479,1000002507905748000,63875743298794,(0.012, 1.435, 0.004),(0.026, -0.247, 0.029, 0.968),VALID,(-0.061, 0.084, 0.995),(0.000, 0.000, 0.000),63.850,VALID,(-0.125, 0.075, 0.989),(-0.032, 0.000, 0.000),0.531,3.354,6.314,0.995,VALID,(-0.061, 0.084, 0.995),(0.032, 0.000, 0.000),0.573,3.643,6.354,0.939,2,0.6513548
450480,1000002507910773900,63875743298804,(0.012, 1.435, 0.004),(0.026, -0.247, 0.029, 0.968),VALID,(-0.061, 0.084, 0.995),(0.000, 0.000, 0.000),63.850,VALID,(-0.125, 0.074, 0.989),(-0.032, 0.000, 0.000),0.532,3.359,6.314,0.995,VALID,(-0.061, 0.084, 0.995),(0.032, 0.000, 0.000),0.573,3.639,6.354,0.939,2,0.8861627
450481,1000002507915776200,63875743298805,(0.012, 1.435, 0.004),(0.026, -0.247, 0.029, 0.968),VALID,(-0.060, 0.083, 0.995),(0.000, 0.000, 0.000),63.850,VALID,(-0.125, 0.074, 0.989),(-0.032, 0.000, 0.000),0.533,3.363,6.314,0.995,VALID,(-0.060, 0.083, 0.995),(0.032, 0.000, 0.000),0.572,3.632,6.354,0.938,2,0.9650851
450482,1000002507920778900,63875743298816,(0.012, 1.435, 0.004),(0.026, -0.247, 0.029, 0.968),VALID,(-0.060, 0.083, 0.995),(0.000, 0.000, 0.000),63.850,VALID,(-0.125, 0.074, 0.989),(-0.032, 0.000, 0.000),0.533,3.363,6.314,0.996,VALID,(-0.060, 0.083, 0.995),(0.032, 0.000, 0.000),0.571,3.627,6.354,0.938,2,1
450483,1000002507925847500,63875743298816,(0.012, 1.435, 0.004),(0.026, -0.247, 0.029, 0.968),VALID,(-0.060, 0.083, 0.995),(0.000, 0.000, 0.000),63.850,VALID,(-0.124, 0.074, 0.989),(-0.032, 0.000, 0.000),0.531,3.354,6.314,0.996,VALID,(-0.060, 0.083, 0.995),(0.032, 0.000, 0.000),0.570,3.622,6.354,0.938,2,1
450484,1000002507930849800,63875743298816,(0.012, 1.435, 0.004),(0.026, -0.247, 0.029, 0.968),VALID,(-0.060, 0.083, 0.995),(0.000, 0.000, 0.000),63.850,VALID,(-0.124, 0.074, 0.990),(-0.032, 0.000, 0.000),0.529,3.339,6.314,0.996,VALID,(-0.060, 0.083, 0.995),(0.032, 0.000, 0.000),0.570,3.619,6.354,0.938,2,1
450485,1000002507935840300,63875743298826,(0.012, 1.436, 0.003),(0.026, -0.247, 0.029, 0.968),VALID,(-0.059, 0.083, 0.995),(0.000, 0.000, 0.000),63.850,VALID,(-0.124, 0.073, 0.990),(-0.032, 0.000, 0.000),0.527,3.325,6.314,0.996,VALID,(-0.059, 0.083, 0.995),(0.032, 0.000, 0.000),0.569,3.615,6.354,0.938,2,1
450486,1000002507940842600,63875743298837,(0.012, 1.436, 0.003),(0.025, -0.247, 0.029, 0.968),VALID,(-0.059, 0.083, 0.995),(0.000, 0.000, 0.000),63.850,VALID,(-0.124, 0.073, 0.990),(-0.032, 0.000, 0.000),0.526,3.319,6.314,0.996,VALID,(-0.059, 0.083, 0.995),(0.032, 0.000, 0.000),0.568,3.611,6.354,0.938,2,1
450487,1000002507945843900,63875743298837,(0.012, 1.436, 0.003),(0.025, -0.247, 0.029, 0.968),VALID,(-0.059, 0.083, 0.995),(0.000, 0.000, 0.000),63.850,VALID,(-0.124, 0.073, 0.990),(-0.032, 0.000, 0.000),0.525,3.315,6.314,0.997,VALID,(-0.059, 0.083, 0.995),(0.032, 0.000, 0.000),0.568,3.607,6.354,0.938,2,1
450488,1000002507950871800,63875743298837,(0.012, 1.436, 0.003),(0.025, -0.247, 0.029, 0.968),VALID,(-0.059, 0.083, 0.995),(0.000, 0.000, 0.000),63.850,VALID,(-0.123, 0.072, 0.990),(-0.032, 0.000, 0.000),0.522,3.296,6.314,0.997,VALID,(-0.059, 0.083, 0.995),(0.032, 0.000, 0.000),0.567,3.603,6.354,0.938,2,1
450489,1000002507955873100,63875743298849,(0.012, 1.436, 0.003),(0.025, -0.247, 0.029, 0.968),VALID,(-0.058, 0.082, 0.995),(0.000, 0.000, 0.000),63.850,VALID,(-0.123, 0.072, 0.990),(-0.032, 0.000, 0.000),0.521,3.288,6.314,0.997,VALID,(-0.058, 0.082, 0.995),(0.032, 0.000, 0.000),0.566,3.598,6.354,0.938,2,1
450490,1000002507960850800,63875743298849,(0.012, 1.436, 0.003),(0.025, -0.247, 0.029, 0.968),VALID,(-0.058, 0.082, 0.995),(0.000, 0.000, 0.000),63.850,VALID,(-0.123, 0.071, 0.990),(-0.032, 0.000, 0.000),0.520,3.284,6.314,0.997,VALID,(-0.058, 0.082, 0.995),(0.032, 0.000, 0.000),0.566,3.593,6.354,0.938,2,1
450491,1000002507965875700,63875743298860,(0.012, 1.436, 0.003),(0.025, -0.247, 0.029, 0.968),VALID,(-0.058, 0.082, 0.995),(0.000, 0.000, 0.000),63.850,VALID,(-0.123, 0.071, 0.990),(-0.032, 0.000, 0.000),0.519,3.279,6.314,0.997,VALID,(-0.058, 0.082, 0.995),(0.032, 0.000, 0.000),0.565,3.589,6.354,0.938,2,1
450492,1000002507970914700,63875743298860,(0.012, 1.436, 0.003),(0.025, -0.247, 0.029, 0.968),VALID,(-0.058, 0.082, 0.995),(0.000, 0.000, 0.000),63.850,VALID,(-0.123, 0.071, 0.990),(-0.032, 0.000, 0.000),0.521,3.289,6.314,0.997,VALID,(-0.058, 0.082, 0.995),(0.032, 0.000, 0.000),0.564,3.586,6.354,0.938,2,1
450493,1000002507975927900,63875743298872,(0.012, 1.436, 0.003),(0.025, -0.247, 0.029, 0.968),VALID,(-0.058, 0.082, 0.995),(0.000, 0.000, 0.000),63.850,VALID,(-0.123, 0.071, 0.990),(-0.032, 0.000, 0.000),0.521,3.292,6.314,0.997,VALID,(-0.058, 0.082, 0.995),(0.032, 0.000, 0.000),0.564,3.584,6.354,0.938,2,1
450494,1000002507980941500,63875743298872,(0.012, 1.436, 0.003),(0.025, -0.247, 0.029, 0.968),VALID,(-0.058, 0.082, 0.995),(0.000, 0.000, 0.000),63.850,VALID,(-0.123, 0.070, 0.990),(-0.032, 0.000, 0.000),0.521,3.291,6.314,0.997,VALID,(-0.058, 0.082, 0.995),(0.032, 0.000, 0.000),0.564,3.581,6.354,0.938,2,1
450495,1000002507985982300,63875743298872,(0.012, 1.436, 0.003),(0.025, -0.247, 0.029, 0.968),VALID,(-0.058, 0.082, 0.995),(0.000, 0.000, 0.000),63.850,VALID,(-0.123, 0.070, 0.990),(-0.032, 0.000, 0.000),0.521,3.291,6.314,0.998,VALID,(-0.058, 0.082, 0.995),(0.032, 0.000, 0.000),0.563,3.579,6.354,0.938,2,1
450496,1000002507990995900,63875743298882,(0.012, 1.436, 0.003),(0.025, -0.247, 0.029, 0.968),VALID,(-0.057, 0.082, 0.995),(0.000, 0.000, 0.000),63.850,VALID,(-0.123, 0.070, 0.990),(-0.032, 0.000, 0.000),0.523,3.305,6.314,0.998,VALID,(-0.057, 0.082, 0.995),(0.032, 0.000, 0.000),0.563,3.574,6.354,0.938,2,1
450497,1000002507996031800,63875743298882,(0.012, 1.436, 0.003),(0.025, -0.247, 0.029, 0.968),VALID,(-0.057, 0.082, 0.995),(0.000, 0.000, 0.000),63.850,VALID,(-0.123, 0.070, 0.990),(-0.032, 0.000, 0.000),0.524,3.309,6.314,0.998,VALID,(-0.057, 0.082, 0.995),(0.032, 0.000, 0.000),0.562,3.571,6.354,0.938,2,1
450498,1000002508001067700,63875743298893,(0.012, 1.436, 0.003),(0.025, -0.247, 0.029, 0.968),VALID,(-0.057, 0.082, 0.995),(0.000, 0.000, 0.000),63.850,VALID,(-0.123, 0.070, 0.990),(-0.032, 0.000, 0.000),0.524,3.311,6.314,0.998,VALID,(-0.057, 0.082, 0.995),(0.032, 0.000, 0.000),0.562,3.568,6.354,0.938,2,1
450499,1000002508006103600,63875743298893,(0.012, 1.436, 0.003),(0.025, -0.247, 0.029, 0.968),VALID,(-0.057, 0.081, 0.995),(0.000, 0.000, 0.000),63.850,VALID,(-0.124, 0.070, 0.990),(-0.032, 0.000, 0.000),0.524,3.309,6.314,0.998,VALID,(-0.057, 0.081, 0.995),(0.032, 0.000, 0.000),0.561,3.565,6.354,0.938,2,1
450500,1000002508011117200,63875743298905,(0.012, 1.436, 0.003),(0.025, -0.247, 0.029, 0.968),VALID,(-0.057, 0.081, 0.995),(0.000, 0.000, 0.000),63.850,VALID,(-0.124, 0.070, 0.990),(-0.032, 0.000, 0.000),0.524,3.309,6.314,0.998,VALID,(-0.057, 0.081, 0.995),(0.032, 0.000, 0.000),0.561,3.562,6.354,0.938,2,1
450501,1000002508016033400,63875743298905,(0.012, 1.436, 0.003),(0.025, -0.247, 0.029, 0.968),VALID,(-0.057, 0.081, 0.995),(0.000, 0.000, 0.000),63.850,VALID,(-0.124, 0.070, 0.990),(-0.032, 0.000, 0.000),0.526,3.322,6.314,0.998,VALID,(-0.057, 0.081, 0.995),(0.032, 0.000, 0.000),0.560,3.559,6.354,0.938,2,1
450502,1000002508021047000,63875743298916,(0.012, 1.436, 0.003),(0.025, -0.247, 0.029, 0.968),VALID,(-0.057, 0.081, 0.995),(0.000, 0.000, 0.000),63.850,VALID,(-0.124, 0.070, 0.990),(-0.032, 0.000, 0.000),0.524,3.311,6.314,0.998,VALID,(-0.057, 0.081, 0.995),(0.032, 0.000, 0.000),0.560,3.558,6.354,0.938,2,1
450503,1000002508026055400,63875743298916,(0.012, 1.436, 0.003),(0.025, -0.247, 0.029, 0.968),VALID,(-0.057, 0.081, 0.995),(0.000, 0.000, 0.000),63.850,VALID,(-0.124, 0.070, 0.990),(-0.032, 0.000, 0.000),0.520,3.282,6.314,0.998,VALID,(-0.057, 0.081, 0.995),(0.032, 0.000, 0.000),0.560,3.556,6.354,0.938,2,1
450504,1000002508031052100,63875743298925,(0.012, 1.436, 0.003),(0.025, -0.247, 0.029, 0.968),VALID,(-0.057, 0.081, 0.995),(0.000, 0.000, 0.000),63.850,VALID,(-0.124, 0.069, 0.990),(-0.032, 0.000, 0.000),0.519,3.274,6.314,0.998,VALID,(-0.057, 0.081, 0.995),(0.032, 0.000, 0.000),0.559,3.554,6.354,0.938,2,1
450505,1000002508036071700,63875743298925,(0.012, 1.436, 0.003),(0.025, -0.247, 0.029, 0.968),VALID,(-0.057, 0.081, 0.995),(0.000, 0.000, 0.000),63.850,VALID,(-0.124, 0.069, 0.990),(-0.032, 0.000, 0.000),0.518,3.272,6.314,0.998,VALID,(-0.057, 0.081, 0.995),(0.032, 0.000, 0.000),0.559,3.552,6.354,0.938,2,1
450506,1000002508041094900,63875743298925,(0.012, 1.436, 0.003),(0.025, -0.247, 0.029, 0.968),VALID,(-0.057, 0.081, 0.995),(0.000, 0.000, 0.000),63.850,VALID,(-0.124, 0.068, 0.990),(-0.032, 0.000, 0.000),0.518,3.270,6.314,0.998,VALID,(-0.057, 0.081, 0.995),(0.032, 0.000, 0.000),0.559,3.550,6.354,0.938,2,1
450507,1000002508046108500,63875743298937,(0.012, 1.436, 0.003),(0.025, -0.247, 0.029, 0.968),VALID,(-0.057, 0.081, 0.995),(0.000, 0.000, 0.000),63.850,VALID,(-0.124, 0.068, 0.990),(-0.032, 0.000, 0.000),0.518,3.270,6.314,0.998,VALID,(-0.057, 0.081, 0.995),(0.032, 0.000, 0.000),0.559,3.549,6.354,0.938,2,1
450508,1000002508051122100,63875743298937,(0.012, 1.436, 0.003),(0.025, -0.247, 0.029, 0.968),VALID,(-0.057, 0.081, 0.995),(0.000, 0.000, 0.000),63.850,VALID,(-0.124, 0.068, 0.990),(-0.032, 0.000, 0.000),0.518,3.273,6.314,0.998,VALID,(-0.057, 0.081, 0.995),(0.032, 0.000, 0.000),0.558,3.547,6.354,0.938,2,1
450509,1000002508056135700,63875743298947,(0.012, 1.436, 0.003),(0.025, -0.247, 0.030, 0.968),VALID,(-0.057, 0.081, 0.995),(0.000, 0.000, 0.000),63.850,VALID,(-0.124, 0.067, 0.990),(-0.032, 0.000, 0.000),0.518,3.272,6.314,0.999,VALID,(-0.057, 0.081, 0.995),(0.032, 0.000, 0.000),0.558,3.545,6.354,0.938,2,1
450510,1000002508061154100,63875743298947,(0.012, 1.436, 0.003),(0.025, -0.247, 0.030, 0.968),VALID,(-0.057, 0.081, 0.995),(0.000, 0.000, 0.000),63.850,VALID,(-0.124, 0.067, 0.990),(-0.032, 0.000, 0.000),0.518,3.269,6.314,0.999,VALID,(-0.057, 0.081, 0.995),(0.032, 0.000, 0.000),0.558,3.543,6.354,0.937,2,1
450511,1000002508066167700,63875743298959,(0.012, 1.436, 0.003),(0.025, -0.247, 0.030, 0.968),VALID,(-0.057, 0.081, 0.995),(0.000, 0.000, 0.000),63.850,VALID,(-0.124, 0.066, 0.990),(-0.032, 0.000, 0.000),0.517,3.265,6.314,0.999,VALID,(-0.057, 0.081, 0.995),(0.032, 0.000, 0.000),0.557,3.542,6.354,0.937,2,1
450512,1000002508071154500,63875743298959,(0.012, 1.436, 0.003),(0.025, -0.247, 0.030, 0.968),VALID,(-0.057, 0.081, 0.995),(0.000, 0.000, 0.000),63.850,VALID,(-0.124, 0.066, 0.990),(-0.032, 0.000, 0.000),0.517,3.264,6.314,0.999,VALID,(-0.057, 0.081, 0.995),(0.032, 0.000, 0.000),0.557,3.541,6.354,0.937,2,1
450513,1000002508076168100,63875743298970,(0.012, 1.436, 0.003),(0.025, -0.247, 0.030, 0.968),VALID,(-0.057, 0.081, 0.995),(0.000, 0.000, 0.000),63.850,VALID,(-0.124, 0.066, 0.990),(-0.032, 0.000, 0.000),0.522,3.293,6.314,0.999,VALID,(-0.057, 0.081, 0.995),(0.032, 0.000, 0.000),0.557,3.540,6.354,0.937,2,1
450514,1000002508081185500,63875743298970,(0.012, 1.436, 0.003),(0.025, -0.247, 0.030, 0.968),VALID,(-0.057, 0.081, 0.995),(0.000, 0.000, 0.000),63.850,VALID,(-0.124, 0.066, 0.990),(-0.032, 0.000, 0.000),0.523,3.301,6.314,0.999,VALID,(-0.057, 0.081, 0.995),(0.032, 0.000, 0.000),0.557,3.539,6.354,0.937,2,1
450515,1000002508086189900,63875743298982,(0.013, 1.436, 0.003),(0.026, -0.247, 0.030, 0.968),VALID,(-0.057, 0.081, 0.995),(0.000, 0.000, 0.000),63.850,VALID,(-0.124, 0.066, 0.990),(-0.032, 0.000, 0.000),0.523,3.301,6.314,0.999,VALID,(-0.057, 0.081, 0.995),(0.032, 0.000, 0.000),0.557,3.539,6.354,0.937,2,1
450516,1000002508091162900,63875743298982,(0.013, 1.436, 0.003),(0.026, -0.247, 0.030, 0.968),VALID,(-0.056, 0.081, 0.995),(0.000, 0.000, 0.000),63.850,VALID,(-0.124, 0.066, 0.990),(-0.032, 0.000, 0.000),0.524,3.308,6.314,0.999,VALID,(-0.056, 0.081, 0.995),(0.032, 0.000, 0.000),0.557,3.538,6.354,0.937,2,1
450517,1000002508096203400,63875743298982,(0.013, 1.436, 0.003),(0.026, -0.247, 0.030, 0.968),VALID,(-0.056, 0.081, 0.995),(0.000, 0.000, 0.000),63.850,VALID,(-0.124, 0.067, 0.990),(-0.032, 0.000, 0.000),0.524,3.312,6.314,0.999,VALID,(-0.056, 0.081, 0.995),(0.032, 0.000, 0.000),0.557,3.538,6.354,0.937,2,1
450518,1000002508101221800,63875743298992,(0.013, 1.436, 0.003),(0.026, -0.247, 0.030, 0.968),VALID,(-0.056, 0.081, 0.995),(0.000, 0.000, 0.000),63.850,VALID,(-0.124, 0.067, 0.990),(-0.032, 0.000, 0.000),0.524,3.311,6.314,0.999,VALID,(-0.056, 0.081, 0.995),(0.032, 0.000, 0.000),0.557,3.538,6.354,0.937,2,1
450519,1000002508106258200,63875743298992,(0.013, 1.436, 0.003),(0.026, -0.247, 0.030, 0.968),VALID,(-0.056, 0.081, 0.995),(0.000, 0.000, 0.000),63.850,VALID,(-0.124, 0.067, 0.990),(-0.032, 0.000, 0.000),0.524,3.310,6.314,0.999,VALID,(-0.056, 0.081, 0.995),(0.032, 0.000, 0.000),0.557,3.538,6.354,0.936,2,1
450520,1000002508111275600,63875743299004,(0.013, 1.436, 0.004),(0.026, -0.247, 0.030, 0.968),VALID,(-0.056, 0.080, 0.995),(0.000, 0.000, 0.000),63.850,VALID,(-0.124, 0.067, 0.990),(-0.032, 0.000, 0.000),0.524,3.309,6.314,0.999,VALID,(-0.056, 0.080, 0.995),(0.032, 0.000, 0.000),0.557,3.538,6.354,0.936,2,1
450521,1000002508116294000,63875743299004,(0.013, 1.436, 0.004),(0.026, -0.247, 0.030, 0.968),VALID,(-0.056, 0.080, 0.995),(0.000, 0.000, 0.000),63.850,VALID,(-0.124, 0.066, 0.990),(-0.032, 0.000, 0.000),0.523,3.305,6.314,0.999,VALID,(-0.056, 0.080, 0.995),(0.032, 0.000, 0.000),0.557,3.538,6.354,0.936,2,1
450522,1000002508121297900,63875743299015,(0.013, 1.436, 0.004),(0.026, -0.247, 0.030, 0.968),VALID,(-0.056, 0.080, 0.995),(0.000, 0.000, 0.000),63.850,VALID,(-0.119, 0.067, 0.991),(-0.032, 0.000, 0.000),0.523,3.304,6.314,0.999,VALID,(-0.056, 0.080, 0.995),(0.032, 0.000, 0.000),0.557,3.538,6.354,0.936,2,1
450523,1000002508126316300,63875743299015,(0.013, 1.436, 0.004),(0.026, -0.247, 0.030, 0.968),VALID,(-0.056, 0.080, 0.995),(0.000, 0.000, 0.000),63.850,VALID,(-0.110, 0.067, 0.992),(-0.032, 0.000, 0.000),0.523,3.304,6.314,0.999,VALID,(-0.056, 0.080, 0.995),(0.032, 0.000, 0.000),0.557,3.538,6.354,0.935,2,1
450524,1000002508131333700,63875743299025,(0.013, 1.436, 0.004),(0.026, -0.247, 0.030, 0.968),VALID,(-0.056, 0.080, 0.995),(0.000, 0.000, 0.000),63.850,VALID,(-0.100, 0.068, 0.993),(-0.032, 0.000, 0.000),0.523,3.303,6.314,0.999,VALID,(-0.056, 0.080, 0.995),(0.032, 0.000, 0.000),0.557,3.538,6.354,0.935,2,1
450525,1000002508136367300,63875743299025,(0.013, 1.436, 0.004),(0.026, -0.247, 0.030, 0.968),VALID,(-0.056, 0.080, 0.995),(0.000, 0.000, 0.000),63.850,VALID,(-0.091, 0.069, 0.993),(-0.032, 0.000, 0.000),0.523,3.303,6.314,0.999,VALID,(-0.056, 0.080, 0.995),(0.032, 0.000, 0.000),0.557,3.538,6.354,0.934,2,1
450526,1000002508141385700,63875743299025,(0.013, 1.436, 0.004),(0.026, -0.247, 0.030, 0.968),VALID,(-0.056, 0.080, 0.995),(0.000, 0.000, 0.000),63.850,VALID,(-0.084, 0.069, 0.994),(-0.032, 0.000, 0.000),0.531,3.354,6.314,0.999,VALID,(-0.056, 0.080, 0.995),(0.032, 0.000, 0.000),0.557,3.538,6.354,0.934,2,1
450527,1000002508146359000,63875743299037,(0.013, 1.436, 0.004),(0.026, -0.247, 0.030, 0.968),VALID,(-0.056, 0.080, 0.995),(0.000, 0.000, 0.000),63.850,VALID,(-0.078, 0.070, 0.995),(-0.032, 0.000, 0.000),0.533,3.367,6.314,0.999,VALID,(-0.056, 0.080, 0.995),(0.032, 0.000, 0.000),0.557,3.538,6.354,0.933,2,1
450528,1000002508151387200,63875743299037,(0.013, 1.436, 0.004),(0.026, -0.247, 0.030, 0.968),VALID,(-0.057, 0.080, 0.995),(0.000, 0.000, 0.000),63.850,VALID,(-0.074, 0.070, 0.995),(-0.032, 0.000, 0.000),0.534,3.371,6.314,0.999,VALID,(-0.057, 0.080, 0.995),(0.032, 0.000, 0.000),0.557,3.538,6.354,0.932,2,1
450529,1000002508156405600,63875743299047,(0.013, 1.436, 0.004),(0.026, -0.247, 0.030, 0.968),VALID,(-0.057, 0.080, 0.995),(0.000, 0.000, 0.000),63.850,VALID,(-0.083, 0.070, 0.994),(-0.032, 0.000, 0.000),0.528,3.334,6.314,0.999,VALID,(-0.057, 0.080, 0.995),(0.032, 0.000, 0.000),0.557,3.539,6.354,0.931,2,0.8735784
450530,1000002508161432600,63875743299047,(0.013, 1.436, 0.004),(0.026, -0.247, 0.030, 0.968),VALID,(-0.057, 0.080, 0.995),(0.000, 0.000, 0.000),63.850,VALID,(-0.086, 0.069, 0.994),(-0.032, 0.000, 0.000),0.527,3.326,6.314,0.999,VALID,(-0.057, 0.080, 0.995),(0.032, 0.000, 0.000),0.564,3.583,6.354,0.931,2,0.5787323
450531,1000002508166450000,63875743299059,(0.013, 1.436, 0.004),(0.026, -0.247, 0.030, 0.968),VALID,(-0.053, 0.080, 0.995),(0.000, 0.000, 0.000),63.850,VALID,(-0.083, 0.066, 0.994),(-0.032, 0.000, 0.000),0.527,3.329,6.314,0.999,VALID,(-0.053, 0.080, 0.995),(0.032, 0.000, 0.000),0.564,3.581,6.354,0.930,2,0
450532,1000002508171386600,63875743299059,(0.013, 1.436, 0.004),(0.026, -0.247, 0.030, 0.968),VALID,(-0.049, 0.075, 0.996),(0.000, 0.000, 0.000),63.850,VALID,(-0.069, 0.063, 0.996),(-0.032, 0.000, 0.000),0.562,3.551,6.314,0.999,VALID,(-0.049, 0.075, 0.996),(0.032, 0.000, 0.000),0.562,3.570,6.354,0.929,2,0
450533,1000002508176404000,63875743299070,(0.013, 1.436, 0.004),(0.026, -0.247, 0.030, 0.968),VALID,(-0.041, 0.061, 0.997),(0.000, 0.000, 0.000),63.850,VALID,(-0.052, 0.052, 0.997),(-0.032, 0.000, 0.000),0.607,3.832,6.314,0.999,VALID,(-0.041, 0.061, 0.997),(0.032, 0.000, 0.000),0.562,3.571,6.354,0.930,2,0
450534,1000002508181404300,63875743299082,(0.013, 1.436, 0.004),(0.026, -0.247, 0.030, 0.968),VALID,(-0.024, 0.038, 0.999),(0.000, 0.000, 0.000),63.850,VALID,(-0.025, 0.032, 0.999),(-0.032, 0.000, 0.000),0.550,3.470,6.314,0.999,VALID,(-0.024, 0.038, 0.999),(0.032, 0.000, 0.000),0.562,3.572,6.354,0.930,2,0
450535,1000002508186421700,63875743299082,(0.013, 1.436, 0.004),(0.026, -0.247, 0.030, 0.968),VALID,(-0.002, 0.011, 1.000),(0.000, 0.000, 0.000),63.850,VALID,(0.004, 0.008, 1.000),(-0.032, 0.000, 0.000),0.543,3.426,6.314,0.999,VALID,(-0.002, 0.011, 1.000),(0.032, 0.000, 0.000),0.563,3.576,6.354,0.930,2,0
450536,1000002508191439100,63875743299082,(0.013, 1.436, 0.004),(0.026, -0.247, 0.030, 0.968),VALID,(0.024, -0.016, 1.000),(0.000, 0.000, 0.000),63.850,VALID,(0.032, -0.018, 0.999),(-0.032, 0.000, 0.000),0.566,3.574,6.314,0.999,VALID,(0.024, -0.016, 1.000),(0.032, 0.000, 0.000),0.563,3.575,6.354,0.930,2,0
450537,1000002508196466100,63875743299082,(0.013, 1.436, 0.004),(0.026, -0.247, 0.030, 0.968),VALID,(0.037, -0.048, 0.998),(0.000, 0.000, 0.000),63.850,VALID,(0.045, -0.048, 0.998),(-0.032, 0.000, 0.000),0.571,3.606,6.314,0.996,VALID,(0.037, -0.048, 0.998),(0.032, 0.000, 0.000),0.561,3.564,6.354,0.931,2,0
450538,1000002508201493100,63875743299092,(0.013, 1.436, 0.004),(0.026, -0.248, 0.030, 0.968),VALID,(0.057, -0.078, 0.995),(0.000, 0.000, 0.000),63.850,VALID,(0.063, -0.077, 0.995),(-0.032, 0.000, 0.000),0.576,3.638,6.314,0.990,VALID,(0.057, -0.078, 0.995),(0.032, 0.000, 0.000),0.560,3.556,6.354,0.932,2,0
450539,1000002508206520100,63875743299092,(0.013, 1.436, 0.004),(0.026, -0.248, 0.030, 0.968),VALID,(0.079, -0.105, 0.991),(0.000, 0.000, 0.000),63.850,VALID,(0.085, -0.103, 0.991),(-0.032, 0.000, 0.000),0.580,3.659,6.314,0.986,VALID,(0.079, -0.105, 0.991),(0.032, 0.000, 0.000),0.558,3.543,6.354,0.933,2,0
450540,1000002508211547100,63875743299103,(0.013, 1.436, 0.004),(0.026, -0.248, 0.030, 0.968),VALID,(0.102, -0.128, 0.987),(0.000, 0.000, 0.000),63.850,VALID,(0.107, -0.127, 0.986),(-0.032, 0.000, 0.000),0.579,3.659,6.314,0.981,VALID,(0.102, -0.128, 0.987),(0.032, 0.000, 0.000),0.556,3.535,6.354,0.934,2,0
450541,1000002508216499600,63875743299116,(0.013, 1.436, 0.004),(0.026, -0.248, 0.030, 0.968),VALID,(0.119, -0.143, 0.982),(0.000, 0.000, 0.000),63.850,VALID,(0.123, -0.143, 0.982),(-0.032, 0.000, 0.000),0.579,3.656,6.314,0.974,VALID,(0.119, -0.143, 0.982),(0.032, 0.000, 0.000),0.555,3.527,6.354,0.934,2,0
450542,1000002508221514400,63875743299116,(0.013, 1.436, 0.004),(0.026, -0.248, 0.030, 0.968),VALID,(0.137, -0.161, 0.977),(0.000, 0.000, 0.000),63.850,VALID,(0.141, -0.160, 0.977),(-0.032, 0.000, 0.000),0.579,3.655,6.314,0.969,VALID,(0.137, -0.161, 0.977),(0.032, 0.000, 0.000),0.555,3.527,6.354,0.935,2,0
450543,1000002508226529200,63875743299116,(0.013, 1.436, 0.004),(0.026, -0.248, 0.030, 0.968),VALID,(0.150, -0.172, 0.974),(0.000, 0.000, 0.000),63.850,VALID,(0.152, -0.172, 0.973),(-0.032, 0.000, 0.000),0.579,3.654,6.314,0.963,VALID,(0.150, -0.172, 0.974),(0.032, 0.000, 0.000),0.556,3.531,6.354,0.936,2,0
450544,1000002508231536500,63875743299126,(0.013, 1.436, 0.004),(0.026, -0.248, 0.030, 0.968),VALID,(0.158, -0.179, 0.971),(0.000, 0.000, 0.000),63.850,VALID,(0.159, -0.179, 0.971),(-0.032, 0.000, 0.000),0.579,3.656,6.314,0.959,VALID,(0.158, -0.179, 0.971),(0.032, 0.000, 0.000),0.556,3.535,6.354,0.936,2,0
450545,1000002508236543800,63875743299126,(0.013, 1.436, 0.004),(0.026, -0.248, 0.030, 0.968),VALID,(0.161, -0.179, 0.971),(0.000, 0.000, 0.000),63.850,VALID,(0.162, -0.179, 0.970),(-0.032, 0.000, 0.000),0.580,3.662,6.314,0.955,VALID,(0.161, -0.179, 0.971),(0.032, 0.000, 0.000),0.557,3.539,6.354,0.937,2,0
450546,1000002508241551900,63875743299137,(0.013, 1.436, 0.004),(0.026, -0.248, 0.030, 0.968),VALID,(0.163, -0.180, 0.970),(0.000, 0.000, 0.000),63.850,VALID,(0.164, -0.180, 0.970),(-0.032, 0.000, 0.000),0.580,3.665,6.314,0.951,VALID,(0.163, -0.180, 0.970),(0.032, 0.000, 0.000),0.557,3.541,6.354,0.937,2,0
450547,1000002508246594400,63875743299137,(0.013, 1.436, 0.004),(0.026, -0.248, 0.030, 0.968),VALID,(0.165, -0.181, 0.970),(0.000, 0.000, 0.000),63.850,VALID,(0.165, -0.181, 0.970),(-0.032, 0.000, 0.000),0.581,3.666,6.314,0.948,VALID,(0.165, -0.181, 0.970),(0.032, 0.000, 0.000),0.558,3.543,6.354,0.937,2,0
450548,1000002508251605300,63875743299137,(0.013, 1.436, 0.004),(0.026, -0.248, 0.030, 0.968),VALID,(0.165, -0.182, 0.969),(0.000, 0.000, 0.000),63.850,VALID,(0.166, -0.182, 0.969),(-0.032, 0.000, 0.000),0.581,3.667,6.314,0.945,VALID,(0.165, -0.182, 0.969),(0.032, 0.000, 0.000),0.558,3.545,6.354,0.938,2,0
450549,1000002508256616200,63875743299147,(0.013, 1.436, 0.004),(0.026, -0.248, 0.030, 0.968),VALID,(0.166, -0.183, 0.969),(0.000, 0.000, 0.000),63.850,VALID,(0.166, -0.183, 0.969),(-0.032, 0.000, 0.000),0.581,3.668,6.314,0.942,VALID,(0.166, -0.183, 0.969),(0.032, 0.000, 0.000),0.558,3.546,6.354,0.938,2,0
450550,1000002508261690000,63875743299147,(0.013, 1.436, 0.004),(0.026, -0.248, 0.030, 0.968),VALID,(0.166, -0.183, 0.969),(0.000, 0.000, 0.000),63.850,VALID,(0.166, -0.183, 0.969),(-0.032, 0.000, 0.000),0.581,3.669,6.314,0.941,VALID,(0.166, -0.183, 0.969),(0.032, 0.000, 0.000),0.558,3.547,6.354,0.938,2,0
450551,1000002508266700900,63875743299159,(0.013, 1.436, 0.004),(0.026, -0.248, 0.030, 0.968),VALID,(0.166, -0.183, 0.969),(0.000, 0.000, 0.000),63.850,VALID,(0.166, -0.183, 0.969),(-0.032, 0.000, 0.000),0.581,3.669,6.314,0.939,VALID,(0.166, -0.183, 0.969),(0.032, 0.000, 0.000),0.558,3.548,6.354,0.938,2,0
450552,1000002508271711800,63875743299159,(0.013, 1.436, 0.004),(0.026, -0.248, 0.030, 0.968),VALID,(0.165, -0.184, 0.969),(0.000, 0.000, 0.000),63.850,VALID,(0.166, -0.184, 0.969),(-0.032, 0.000, 0.000),0.581,3.669,6.314,0.938,VALID,(0.165, -0.184, 0.969),(0.032, 0.000, 0.000),0.559,3.549,6.354,0.939,2,0
450553,1000002508276717500,63875743299170,(0.013, 1.436, 0.004),(0.026, -0.248, 0.030, 0.968),VALID,(0.165, -0.184, 0.969),(0.000, 0.000, 0.000),63.850,VALID,(0.165, -0.184, 0.969),(-0.032, 0.000, 0.000),0.581,3.669,6.314,0.937,VALID,(0.165, -0.184, 0.969),(0.032, 0.000, 0.000),0.559,3.550,6.354,0.939,2,0
450554,1000002508281728400,63875743299170,(0.013, 1.436, 0.004),(0.026, -0.248, 0.030, 0.968),VALID,(0.165, -0.184, 0.969),(0.000, 0.000, 0.000),63.850,VALID,(0.165, -0.184, 0.969),(-0.032, 0.000, 0.000),0.581,3.669,6.314,0.936,VALID,(0.165, -0.184, 0.969),(0.032, 0.000, 0.000),0.559,3.552,6.354,0.939,2,0
450555,1000002508286734100,63875743299182,(0.013, 1.436, 0.004),(0.026, -0.249, 0.030, 0.968),VALID,(0.165, -0.184, 0.969),(0.000, 0.000, 0.000),63.850,VALID,(0.165, -0.184, 0.969),(-0.032, 0.000, 0.000),0.581,3.669,6.314,0.935,VALID,(0.165, -0.184, 0.969),(0.032, 0.000, 0.000),0.559,3.553,6.354,0.939,2,0
450556,1000002508291745000,63875743299182,(0.013, 1.436, 0.004),(0.026, -0.249, 0.030, 0.968),VALID,(0.165, -0.184, 0.969),(0.000, 0.000, 0.000),63.850,VALID,(0.165, -0.184, 0.969),(-0.032, 0.000, 0.000),0.581,3.669,6.314,0.935,VALID,(0.165, -0.184, 0.969),(0.032, 0.000, 0.000),0.559,3.555,6.354,0.939,2,0
450557,1000002508296750700,63875743299192,(0.013, 1.436, 0.004),(0.026, -0.249, 0.030, 0.968),VALID,(0.164, -0.184, 0.969),(0.000, 0.000, 0.000),63.850,VALID,(0.164, -0.184, 0.969),(-0.032, 0.000, 0.000),0.581,3.669,6.314,0.934,VALID,(0.164, -0.184, 0.969),(0.032, 0.000, 0.000),0.560,3.557,6.354,0.939,2,0
450558,1000002508301722200,63875743299192,(0.013, 1.436, 0.004),(0.026, -0.249, 0.030, 0.968),VALID,(0.164, -0.185, 0.969),(0.000, 0.000, 0.000),63.850,VALID,(0.164, -0.185, 0.969),(-0.032, 0.000, 0.000),0.581,3.669,6.314,0.933,VALID,(0.164, -0.185, 0.969),(0.032, 0.000, 0.000),0.560,3.559,6.354,0.940,2,0
450559,1000002508306727900,63875743299203,(0.013, 1.436, 0.004),(0.026, -0.249, 0.030, 0.968),VALID,(0.164, -0.185, 0.969),(0.000, 0.000, 0.000),63.850,VALID,(0.164, -0.185, 0.969),(-0.032, 0.000, 0.000),0.581,3.669,6.314,0.933,VALID,(0.164, -0.185, 0.969),(0.032, 0.000, 0.000),0.561,3.562,6.354,0.940,2,0.329059
450560,1000002508311733600,63875743299203,(0.013, 1.436, 0.004),(0.026, -0.249, 0.030, 0.968),VALID,(0.164, -0.185, 0.969),(0.000, 0.000, 0.000),63.850,VALID,(0.164, -0.185, 0.969),(-0.032, 0.000, 0.000),0.581,3.670,6.314,0.932,VALID,(0.164, -0.185, 0.969),(0.032, 0.000, 0.000),0.561,3.564,6.354,0.940,2,0.4551662
450561,1000002508316754000,63875743299203,(0.013, 1.436, 0.004),(0.026, -0.249, 0.030, 0.968),VALID,(0.164, -0.184, 0.969),(0.000, 0.000, 0.000),63.850,VALID,(0.164, -0.184, 0.969),(-0.032, 0.000, 0.000),0.581,3.670,6.314,0.928,VALID,(0.164, -0.184, 0.969),(0.032, 0.000, 0.000),0.561,3.567,6.354,0.940,2,0.8583608
450562,1000002508321779600,63875743299215,(0.013, 1.436, 0.004),(0.026, -0.249, 0.030, 0.968),VALID,(0.164, -0.184, 0.969),(0.000, 0.000, 0.000),63.850,VALID,(0.163, -0.184, 0.969),(-0.032, 0.000, 0.000),0.581,3.671,6.314,0.924,VALID,(0.164, -0.184, 0.969),(0.032, 0.000, 0.000),0.562,3.570,6.354,0.940,2,0.8913672
450563,1000002508326790500,63875743299215,(0.013, 1.436, 0.004),(0.026, -0.249, 0.030, 0.968),VALID,(0.164, -0.186, 0.969),(0.000, 0.000, 0.000),63.850,VALID,(0.164, -0.186, 0.969),(-0.032, 0.000, 0.000),0.582,3.672,6.314,0.920,VALID,(0.164, -0.186, 0.969),(0.032, 0.000, 0.000),0.562,3.572,6.354,0.941,2,0.7041394
450564,1000002508331801400,63875743299226,(0.013, 1.436, 0.003),(0.026, -0.249, 0.030, 0.968),VALID,(0.165, -0.188, 0.968),(0.000, 0.000, 0.000),63.850,VALID,(0.165, -0.188, 0.968),(-0.032, 0.000, 0.000),0.582,3.672,6.314,0.916,VALID,(0.165, -0.188, 0.968),(0.032, 0.000, 0.000),0.562,3.573,6.354,0.941,2,0.8549742
450565,1000002508336820800,63875743299226,(0.013, 1.436, 0.003),(0.026, -0.249, 0.030, 0.968),VALID,(0.166, -0.189, 0.968),(0.000, 0.000, 0.000),63.850,VALID,(0.166, -0.189, 0.968),(-0.032, 0.000, 0.000),0.582,3.674,6.314,0.912,VALID,(0.166, -0.189, 0.968),(0.032, 0.000, 0.000),0.562,3.573,6.354,0.941,2,0.871422
450566,1000002508341834800,63875743299237,(0.013, 1.436, 0.003),(0.026, -0.249, 0.030, 0.968),VALID,(0.166, -0.190, 0.968),(0.000, 0.000, 0.000),63.850,VALID,(0.166, -0.190, 0.968),(-0.032, 0.000, 0.000),0.582,3.675,6.314,0.909,VALID,(0.166, -0.190, 0.968),(0.032, 0.000, 0.000),0.562,3.573,6.354,0.941,2,0.8948953
450567,1000002508346848800,63875743299237,(0.013, 1.436, 0.003),(0.026, -0.249, 0.030, 0.968),VALID,(0.167, -0.191, 0.967),(0.000, 0.000, 0.000),63.850,VALID,(0.167, -0.191, 0.967),(-0.032, 0.000, 0.000),0.582,3.677,6.314,0.906,VALID,(0.167, -0.191, 0.967),(0.032, 0.000, 0.000),0.563,3.574,6.354,0.941,2,0.8951306
450568,1000002508351862800,63875743299237,(0.013, 1.436, 0.003),(0.026, -0.249, 0.030, 0.968),VALID,(0.167, -0.192, 0.967),(0.000, 0.000, 0.000),63.850,VALID,(0.167, -0.192, 0.967),(-0.032, 0.000, 0.000),0.583,3.679,6.314,0.904,VALID,(0.167, -0.192, 0.967),(0.032, 0.000, 0.000),0.563,3.576,6.354,0.941,2,0.8997509
450569,1000002508356869300,63875743299247,(0.013, 1.436, 0.003),(0.027, -0.249, 0.030, 0.968),VALID,(0.168, -0.192, 0.967),(0.000, 0.000, 0.000),63.850,VALID,(0.168, -0.192, 0.967),(-0.032, 0.000, 0.000),0.583,3.682,6.314,0.902,VALID,(0.168, -0.192, 0.967),(0.032, 0.000, 0.000),0.563,3.579,6.354,0.942,2,0.8884562
450570,1000002508361873100,63875743299247,(0.013, 1.436, 0.003),(0.027, -0.249, 0.030, 0.968),VALID,(0.168, -0.192, 0.967),(0.000, 0.000, 0.000),63.850,VALID,(0.168, -0.192, 0.967),(-0.032, 0.000, 0.000),0.584,3.685,6.314,0.900,VALID,(0.168, -0.192, 0.967),(0.032, 0.000, 0.000),0.564,3.582,6.354,0.942,2,0.8965831
450571,1000002508366887100,63875743299259,(0.013, 1.436, 0.003),(0.027, -0.249, 0.030, 0.968),VALID,(0.168, -0.193, 0.967),(0.000, 0.000, 0.000),63.850,VALID,(0.168, -0.193, 0.967),(-0.032, 0.000, 0.000),0.584,3.688,6.314,0.898,VALID,(0.168, -0.193, 0.967),(0.032, 0.000, 0.000),0.564,3.586,6.354,0.942,2,0.8983139
450572,1000002508371901100,63875743299259,(0.013, 1.436, 0.003),(0.027, -0.249, 0.030, 0.968),VALID,(0.169, -0.193, 0.967),(0.000, 0.000, 0.000),63.850,VALID,(0.169, -0.193, 0.967),(-0.032, 0.000, 0.000),0.584,3.690,6.314,0.897,VALID,(0.169, -0.193, 0.967),(0.032, 0.000, 0.000),0.565,3.588,6.354,0.942,2,0.893007
450573,1000002508376915100,63875743299270,(0.013, 1.436, 0.003),(0.027, -0.249, 0.030, 0.968),VALID,(0.169, -0.193, 0.967),(0.000, 0.000, 0.000),63.850,VALID,(0.169, -0.193, 0.967),(-0.032, 0.000, 0.000),0.585,3.692,6.314,0.897,VALID,(0.169, -0.193, 0.967),(0.032, 0.000, 0.000),0.565,3.590,6.354,0.942,2,0.9010594
450574,1000002508381930700,63875743299270,(0.013, 1.436, 0.003),(0.027, -0.249, 0.030, 0.968),VALID,(0.169, -0.193, 0.966),(0.000, 0.000, 0.000),63.850,VALID,(0.169, -0.193, 0.966),(-0.032, 0.000, 0.000),0.585,3.694,6.314,0.896,VALID,(0.169, -0.193, 0.966),(0.032, 0.000, 0.000),0.565,3.592,6.354,0.942,2,0.9058471
450575,1000002508386944700,63875743299281,(0.013, 1.436, 0.003),(0.027, -0.249, 0.030, 0.968),VALID,(0.169, -0.193, 0.966),(0.000, 0.000, 0.000),63.850,VALID,(0.170, -0.193, 0.966),(-0.032, 0.000, 0.000),0.586,3.697,6.314,0.895,VALID,(0.169, -0.193, 0.966),(0.032, 0.000, 0.000),0.566,3.594,6.354,0.942,2,0.8962458
450576,1000002508391974400,63875743299281,(0.013, 1.436, 0.003),(0.027, -0.249, 0.030, 0.968),VALID,(0.170, -0.193, 0.966),(0.000, 0.000, 0.000),63.850,VALID,(0.170, -0.193, 0.966),(-0.032, 0.000, 0.000),0.586,3.701,6.314,0.894,VALID,(0.170, -0.193, 0.966),(0.032, 0.000, 0.000),0.566,3.599,6.354,0.942,2,0.8933795
450577,1000002508396988400,63875743299281,(0.013, 1.436, 0.003),(0.027, -0.249, 0.030, 0.968),VALID,(0.170, -0.194, 0.966),(0.000, 0.000, 0.000),63.850,VALID,(0.170, -0.194, 0.966),(-0.032, 0.000, 0.000),0.587,3.704,6.314,0.893,VALID,(0.170, -0.194, 0.966),(0.032, 0.000, 0.000),0.567,3.603,6.354,0.942,2,0.8895634
450578,1000002508402013800,63875743299292,(0.012, 1.436, 0.003),(0.027, -0.249, 0.030, 0.968),VALID,(0.170, -0.194, 0.966),(0.000, 0.000, 0.000),63.850,VALID,(0.170, -0.194, 0.966),(-0.032, 0.000, 0.000),0.587,3.707,6.314,0.893,VALID,(0.170, -0.194, 0.966),(0.032, 0.000, 0.000),0.568,3.607,6.354,0.942,2,0.8830793
450579,1000002508407027800,63875743299292,(0.012, 1.436, 0.003),(0.027, -0.249, 0.030, 0.968),VALID,(0.170, -0.194, 0.966),(0.000, 0.000, 0.000),63.850,VALID,(0.170, -0.194, 0.966),(-0.032, 0.000, 0.000),0.587,3.709,6.314,0.892,VALID,(0.170, -0.194, 0.966),(0.032, 0.000, 0.000),0.568,3.610,6.354,0.943,2,0.8866021
450580,1000002508412043400,63875743299304,(0.013, 1.436, 0.003),(0.027, -0.249, 0.030, 0.968),VALID,(0.170, -0.194, 0.966),(0.000, 0.000, 0.000),63.850,VALID,(0.171, -0.194, 0.966),(-0.032, 0.000, 0.000),0.588,3.712,6.314,0.892,VALID,(0.170, -0.194, 0.966),(0.032, 0.000, 0.000),0.569,3.613,6.354,0.942,2,0.8826615
450581,1000002508417037800,63875743299304,(0.013, 1.436, 0.003),(0.027, -0.249, 0.030, 0.968),VALID,(0.171, -0.194, 0.966),(0.000, 0.000, 0.000),63.850,VALID,(0.171, -0.194, 0.966),(-0.032, 0.000, 0.000),0.588,3.714,6.314,0.891,VALID,(0.171, -0.194, 0.966),(0.032, 0.000, 0.000),0.569,3.615,6.354,0.942,2,0.8954569
450582,1000002508422010800,63875743299315,(0.012, 1.436, 0.003),(0.027, -0.249, 0.030, 0.968),VALID,(0.171, -0.194, 0.966),(0.000, 0.000, 0.000),63.850,VALID,(0.171, -0.194, 0.966),(-0.032, 0.000, 0.000),0.589,3.716,6.314,0.891,VALID,(0.171, -0.194, 0.966),(0.032, 0.000, 0.000),0.569,3.618,6.354,0.942,2,1
450583,1000002508427024800,63875743299315,(0.012, 1.436, 0.003),(0.027, -0.249, 0.030, 0.968),VALID,(0.171, -0.194, 0.966),(0.000, 0.000, 0.000),63.850,VALID,(0.171, -0.194, 0.966),(-0.032, 0.000, 0.000),0.589,3.718,6.314,0.890,VALID,(0.171, -0.194, 0.966),(0.032, 0.000, 0.000),0.570,3.620,6.354,0.942,2,1
450584,1000002508432050400,63875743299326,(0.012, 1.436, 0.003),(0.027, -0.249, 0.030, 0.968),VALID,(0.171, -0.194, 0.966),(0.000, 0.000, 0.000),63.850,VALID,(0.171, -0.194, 0.966),(-0.032, 0.000, 0.000),0.589,3.719,6.314,0.890,VALID,(0.171, -0.194, 0.966),(0.032, 0.000, 0.000),0.570,3.622,6.354,0.942,2,1
450585,1000002508437085100,63875743299337,(0.012, 1.436, 0.003),(0.027, -0.249, 0.030, 0.968),VALID,(0.171, -0.194, 0.966),(0.000, 0.000, 0.000),63.850,VALID,(0.171, -0.194, 0.966),(-0.032, 0.000, 0.000),0.589,3.721,6.314,0.890,VALID,(0.171, -0.194, 0.966),(0.032, 0.000, 0.000),0.570,3.623,6.354,0.942,2,1
450586,1000002508442099100,63875743299337,(0.012, 1.436, 0.003),(0.027, -0.249, 0.030, 0.968),VALID,(0.172, -0.195, 0.966),(0.000, 0.000, 0.000),63.850,VALID,(0.172, -0.195, 0.966),(-0.032, 0.000, 0.000),0.590,3.723,6.314,0.889,VALID,(0.172, -0.195, 0.966),(0.032, 0.000, 0.000),0.571,3.625,6.354,0.942,2,1
450587,1000002508447125400,63875743299349,(0.012, 1.436, 0.003),(0.027, -0.249, 0.030, 0.968),VALID,(0.172, -0.195, 0.966),(0.000, 0.000, 0.000),63.850,VALID,(0.172, -0.195, 0.966),(-0.032, 0.000, 0.000),0.590,3.724,6.314,0.889,VALID,(0.172, -0.195, 0.966),(0.032, 0.000, 0.000),0.571,3.627,6.354,0.942,2,1
450588,1000002508452151700,63875743299349,(0.012, 1.436, 0.003),(0.027, -0.249, 0.030, 0.968),VALID,(0.172, -0.196, 0.965),(0.000, 0.000, 0.000),63.850,VALID,(0.172, -0.196, 0.965),(-0.032, 0.000, 0.000),0.590,3.723,6.314,0.888,VALID,(0.172, -0.196, 0.965),(0.032, 0.000, 0.000),0.571,3.629,6.354,0.942,2,0.9024069
450589,1000002508457178000,63875743299360,(0.012, 1.436, 0.002),(0.027, -0.249, 0.030, 0.968),VALID,(0.172, -0.196, 0.965),(0.000, 0.000, 0.000),63.850,VALID,(0.172, -0.196, 0.965),(-0.032, 0.000, 0.000),0.590,3.723,6.314,0.888,VALID,(0.172, -0.196, 0.965),(0.032, 0.000, 0.000),0.572,3.631,6.354,0.942,2,0.7433572
450590,1000002508462181800,63875743299360,(0.012, 1.436, 0.002),(0.027, -0.249, 0.030, 0.968),VALID,(0.172, -0.196, 0.965),(0.000, 0.000, 0.000),63.850,VALID,(0.172, -0.196, 0.965),(-0.032, 0.000, 0.000),0.590,3.724,6.314,0.888,VALID,(0.172, -0.196, 0.965),(0.032, 0.000, 0.000),0.572,3.633,6.354,0.942,2,0.7347862
450591,1000002508467117100,63875743299360,(0.012, 1.436, 0.002),(0.027, -0.249, 0.030, 0.968),VALID,(0.173, -0.197, 0.965),(0.000, 0.000, 0.000),63.850,VALID,(0.173, -0.197, 0.965),(-0.032, 0.000, 0.000),0.590,3.722,6.314,0.887,VALID,(0.173, -0.197, 0.965),(0.032, 0.000, 0.000),0.572,3.635,6.354,0.942,2,0.5808559
450592,1000002508472120900,63875743299360,(0.012, 1.436, 0.002),(0.027, -0.249, 0.030, 0.968),VALID,(0.173, -0.198, 0.965),(0.000, 0.000, 0.000),63.850,VALID,(0.173, -0.198, 0.965),(-0.032, 0.000, 0.000),0.589,3.716,6.314,0.887,VALID,(0.173, -0.198, 0.965),(0.032, 0.000, 0.000),0.572,3.636,6.354,0.942,2,0.5772942
450593,1000002508477147200,63875743299371,(0.012, 1.436, 0.002),(0.027, -0.249, 0.030, 0.968),VALID,(0.174, -0.199, 0.965),(0.000, 0.000, 0.000),63.850,VALID,(0.174, -0.199, 0.965),(-0.032, 0.000, 0.000),0.588,3.713,6.314,0.886,VALID,(0.174, -0.199, 0.965),(0.032, 0.000, 0.000),0.573,3.637,6.354,0.942,2,0.5816395
450594,1000002508482173500,63875743299371,(0.012, 1.436, 0.002),(0.027, -0.249, 0.030, 0.968),VALID,(0.174, -0.200, 0.964),(0.000, 0.000, 0.000),63.850,VALID,(0.174, -0.200, 0.964),(-0.032, 0.000, 0.000),0.587,3.706,6.314,0.886,VALID,(0.174, -0.200, 0.964),(0.032, 0.000, 0.000),0.573,3.639,6.354,0.942,2,0.5868599
450595,1000002508487169500,63875743299382,(0.012, 1.436, 0.002),(0.027, -0.249, 0.030, 0.968),VALID,(0.174, -0.200, 0.964),(0.000, 0.000, 0.000),63.850,VALID,(0.174, -0.200, 0.964),(-0.032, 0.000, 0.000),0.586,3.700,6.314,0.885,VALID,(0.174, -0.200, 0.964),(0.032, 0.000, 0.000),0.573,3.641,6.354,0.942,2,0.5852416
450596,1000002508492195800,63875743299382,(0.012, 1.436, 0.002),(0.027, -0.249, 0.030, 0.968),VALID,(0.174, -0.200, 0.964),(0.000, 0.000, 0.000),63.850,VALID,(0.174, -0.200, 0.964),(-0.032, 0.000, 0.000),0.586,3.701,6.314,0.884,VALID,(0.174, -0.200, 0.964),(0.032, 0.000, 0.000),0.573,3.642,6.354,0.942,2,0.4288916
450597,1000002508497222100,63875743299382,(0.012, 1.436, 0.002),(0.027, -0.249, 0.030, 0.968),VALID,(0.175, -0.201, 0.964),(0.000, 0.000, 0.000),63.850,VALID,(0.175, -0.201, 0.964),(-0.032, 0.000, 0.000),0.586,3.703,6.314,0.883,VALID,(0.175, -0.201, 0.964),(0.032, 0.000, 0.000),0.574,3.644,6.354,0.942,2,0.2801024
450598,1000002508502248400,63875743299392,(0.012, 1.436, 0.002),(0.027, -0.249, 0.030, 0.968),VALID,(0.175, -0.201, 0.964),(0.000, 0.000, 0.000),63.850,VALID,(0.175, -0.201, 0.964),(-0.032, 0.000, 0.000),0.587,3.705,6.314,0.883,VALID,(0.175, -0.201, 0.964),(0.032, 0.000, 0.000),0.574,3.646,6.354,0.942,2,0.2741361
450599,1000002508507263900,63875743299392,(0.012, 1.436, 0.002),(0.027, -0.249, 0.030, 0.968),VALID,(0.175, -0.201, 0.964),(0.000, 0.000, 0.000),63.850,VALID,(0.175, -0.201, 0.964),(-0.032, 0.000, 0.000),0.587,3.707,6.314,0.882,VALID,(0.175, -0.201, 0.964),(0.032, 0.000, 0.000),0.574,3.650,6.354,0.942,2,0.2354677
450600,1000002508512240400,63875743299404,(0.012, 1.436, 0.002),(0.027, -0.249, 0.030, 0.968),VALID,(0.177, -0.201, 0.963),(0.000, 0.000, 0.000),63.850,VALID,(0.177, -0.201, 0.963),(-0.032, 0.000, 0.000),0.587,3.709,6.314,0.882,VALID,(0.177, -0.201, 0.963),(0.032, 0.000, 0.000),0.575,3.655,6.354,0.941,2,0.01252898
450601,1000002508517255900,63875743299404,(0.012, 1.436, 0.002),(0.027, -0.249, 0.030, 0.968),VALID,(0.178, -0.200, 0.963),(0.000, 0.000, 0.000),63.850,VALID,(0.178, -0.200, 0.963),(-0.032, 0.000, 0.000),0.590,3.725,6.314,0.878,VALID,(0.178, -0.200, 0.963),(0.032, 0.000, 0.000),0.579,3.676,6.354,0.941,2,0
450602,1000002508522282200,63875743299415,(0.012, 1.436, 0.002),(0.027, -0.249, 0.030, 0.968),VALID,(0.176, -0.202, 0.963),(0.000, 0.000, 0.000),63.850,VALID,(0.176, -0.202, 0.963),(-0.032, 0.000, 0.000),0.600,3.789,6.314,0.870,VALID,(0.176, -0.202, 0.963),(0.032, 0.000, 0.000),0.584,3.708,6.354,0.941,2,0
450603,1000002508527292900,63875743299415,(0.012, 1.436, 0.002),(0.027, -0.249, 0.030, 0.968),VALID,(0.170, -0.203, 0.964),(0.000, 0.000, 0.000),63.850,VALID,(0.170, -0.203, 0.964),(-0.032, 0.000, 0.000),0.600,3.789,6.314,0.862,VALID,(0.170, -0.203, 0.964),(0.032, 0.000, 0.000),0.587,3.729,6.354,0.941,2,0
450604,1000002508532255900,63875743299426,(0.012, 1.436, 0.002),(0.027, -0.249, 0.030, 0.968),VALID,(0.158, -0.209, 0.965),(0.000, 0.000, 0.000),63.850,VALID,(0.158, -0.209, 0.965),(-0.032, 0.000, 0.000),0.602,3.803,6.314,0.854,VALID,(0.158, -0.209, 0.965),(0.032, 0.000, 0.000),0.588,3.735,6.354,0.940,2,0
450605,1000002508537277600,63875743299426,(0.012, 1.436, 0.002),(0.027, -0.249, 0.030, 0.968),VALID,(0.137, -0.216, 0.967),(0.000, 0.000, 0.000),63.850,VALID,(0.137, -0.216, 0.967),(-0.032, 0.000, 0.000),0.604,3.812,6.314,0.844,VALID,(0.137, -0.216, 0.967),(0.032, 0.000, 0.000),0.588,3.737,6.354,0.940,2,0
450606,1000002508542299300,63875743299437,(0.012, 1.436, 0.002),(0.027, -0.249, 0.030, 0.968),VALID,(0.111, -0.226, 0.968),(0.000, 0.000, 0.000),63.850,VALID,(0.111, -0.226, 0.968),(-0.032, 0.000, 0.000),0.606,3.824,6.314,0.834,VALID,(0.111, -0.226, 0.968),(0.032, 0.000, 0.000),0.589,3.743,6.354,0.938,2,0
450607,1000002508547322900,63875743299437,(0.012, 1.436, 0.002),(0.027, -0.249, 0.030, 0.968),VALID,(0.086, -0.237, 0.968),(0.000, 0.000, 0.000),63.850,VALID,(0.086, -0.237, 0.968),(-0.032, 0.000, 0.000),0.608,3.838,6.314,0.822,VALID,(0.086, -0.237, 0.968),(0.032, 0.000, 0.000),0.590,3.749,6.354,0.936,2,0
450608,1000002508552344600,63875743299448,(0.011, 1.436, 0.002),(0.028, -0.249, 0.030, 0.968),VALID,(0.064, -0.247, 0.967),(0.000, 0.000, 0.000),63.850,VALID,(0.064, -0.247, 0.967),(-0.032, 0.000, 0.000),0.610,3.854,6.314,0.810,VALID,(0.064, -0.247, 0.967),(0.032, 0.000, 0.000),0.591,3.752,6.354,0.934,2,0
450609,1000002508557389500,63875743299448,(0.011, 1.436, 0.002),(0.028, -0.249, 0.030, 0.968),VALID,(0.047, -0.256, 0.966),(0.000, 0.000, 0.000),63.850,VALID,(0.047, -0.256, 0.966),(-0.032, 0.000, 0.000),0.612,3.864,6.314,0.813,VALID,(0.047, -0.256, 0.966),(0.032, 0.000, 0.000),0.591,3.754,6.354,0.932,2,0
450610,1000002508562405000,63875743299448,(0.011, 1.436, 0.002),(0.028, -0.249, 0.030, 0.968),VALID,(0.035, -0.263, 0.964),(0.000, 0.000, 0.000),63.850,VALID,(0.035, -0.263, 0.964),(-0.032, 0.000, 0.000),0.612,3.866,6.314,0.814,VALID,(0.035, -0.263, 0.964),(0.032, 0.000, 0.000),0.591,3.756,6.354,0.930,2,0
450611,1000002508567371400,63875743299460,(0.011, 1.436, 0.002),(0.028, -0.249, 0.030, 0.968),VALID,(0.027, -0.268, 0.963),(0.000, 0.000, 0.000),63.850,VALID,(0.027, -0.268, 0.963),(-0.032, 0.000, 0.000),0.612,3.867,6.314,0.815,VALID,(0.027, -0.268, 0.963),(0.032, 0.000, 0.000),0.591,3.756,6.354,0.927,2,0
450612,1000002508572386900,63875743299460,(0.011, 1.436, 0.002),(0.028, -0.249, 0.030, 0.968),VALID,(0.021, -0.273, 0.962),(0.000, 0.000, 0.000),63.850,VALID,(0.021, -0.273, 0.962),(-0.032, 0.000, 0.000),0.613,3.868,6.314,0.816,VALID,(0.021, -0.273, 0.962),(0.032, 0.000, 0.000),0.591,3.756,6.354,0.925,2,0
450613,1000002508577408600,63875743299472,(0.011, 1.436, 0.002),(0.027, -0.249, 0.030, 0.968),VALID,(0.018, -0.276, 0.961),(0.000, 0.000, 0.000),63.850,VALID,(0.018, -0.276, 0.961),(-0.032, 0.000, 0.000),0.613,3.868,6.314,0.817,VALID,(0.018, -0.276, 0.961),(0.032, 0.000, 0.000),0.591,3.757,6.354,0.923,2,0
450614,1000002508582419200,63875743299472,(0.011, 1.436, 0.002),(0.027, -0.249, 0.030, 0.968),VALID,(0.016, -0.279, 0.960),(0.000, 0.000, 0.000),63.850,VALID,(0.016, -0.279, 0.960),(-0.032, 0.000, 0.000),0.613,3.869,6.314,0.817,VALID,(0.016, -0.279, 0.960),(0.032, 0.000, 0.000),0.591,3.758,6.354,0.921,2,0
450615,1000002508587408600,63875743299482,(0.011, 1.436, 0.002),(0.028, -0.249, 0.029, 0.968),VALID,(0.014, -0.281, 0.960),(0.000, 0.000, 0.000),63.850,VALID,(0.014, -0.281, 0.960),(-0.032, 0.000, 0.000),0.613,3.870,6.314,0.817,VALID,(0.014, -0.281, 0.960),(0.032, 0.000, 0.000),0.592,3.760,6.354,0.920,2,0
450616,1000002508592400100,63875743299483,(0.011, 1.436, 0.002),(0.028, -0.249, 0.029, 0.968),VALID,(0.014, -0.282, 0.959),(0.000, 0.000, 0.000),63.850,VALID,(0.014, -0.282, 0.959),(-0.032, 0.000, 0.000),0.613,3.871,6.314,0.818,VALID,(0.014, -0.282, 0.959),(0.032, 0.000, 0.000),0.592,3.760,6.354,0.919,2,0
450617,1000002508597415600,63875743299493,(0.011, 1.435, 0.002),(0.027, -0.249, 0.029, 0.968),VALID,(0.013, -0.282, 0.959),(0.000, 0.000, 0.000),63.850,VALID,(0.013, -0.282, 0.959),(-0.032, 0.000, 0.000),0.614,3.876,6.314,0.818,VALID,(0.013, -0.282, 0.959),(0.032, 0.000, 0.000),0.592,3.760,6.354,0.917,2,0
450618,1000002508602487300,63875743299493,(0.011, 1.435, 0.002),(0.027, -0.249, 0.029, 0.968),VALID,(0.013, -0.282, 0.959),(0.000, 0.000, 0.000),63.850,VALID,(0.013, -0.282, 0.959),(-0.032, 0.000, 0.000),0.614,3.879,6.314,0.818,VALID,(0.013, -0.282, 0.959),(0.032, 0.000, 0.000),0.592,3.760,6.354,0.916,2,0
450619,1000002508607502800,63875743299494,(0.011, 1.435, 0.002),(0.027, -0.249, 0.029, 0.968),VALID,(0.012, -0.282, 0.959),(0.000, 0.000, 0.000),63.850,VALID,(0.012, -0.282, 0.959),(-0.032, 0.000, 0.000),0.614,3.879,6.314,0.819,VALID,(0.012, -0.282, 0.959),(0.032, 0.000, 0.000),0.592,3.759,6.354,0.914,2,0
450620,1000002508612479700,63875743299504,(0.011, 1.435, 0.002),(0.027, -0.249, 0.029, 0.968),VALID,(0.012, -0.283, 0.959),(0.000, 0.000, 0.000),63.850,VALID,(0.012, -0.283, 0.959),(-0.032, 0.000, 0.000),0.614,3.880,6.314,0.819,VALID,(0.012, -0.283, 0.959),(0.032, 0.000, 0.000),0.591,3.757,6.354,0.913,2,0
450621,1000002508617483200,63875743299504,(0.011, 1.435, 0.002),(0.027, -0.249, 0.029, 0.968),VALID,(0.012, -0.283, 0.959),(0.000, 0.000, 0.000),63.850,VALID,(0.012, -0.283, 0.959),(-0.032, 0.000, 0.000),0.615,3.881,6.314,0.819,VALID,(0.012, -0.283, 0.959),(0.032, 0.000, 0.000),0.591,3.755,6.354,0.913,2,0
450622,1000002508622501600,63875743299515,(0.011, 1.435, 0.002),(0.027, -0.249, 0.029, 0.968),VALID,(0.012, -0.282, 0.959),(0.000, 0.000, 0.000),63.850,VALID,(0.012, -0.282, 0.959),(-0.032, 0.000, 0.000),0.615,3.881,6.314,0.820,VALID,(0.012, -0.282, 0.959),(0.032, 0.000, 0.000),0.591,3.754,6.354,0.912,2,0
450623,1000002508627505100,63875743299515,(0.011, 1.435, 0.002),(0.027, -0.249, 0.029, 0.968),VALID,(0.012, -0.282, 0.959),(0.000, 0.000, 0.000),63.850,VALID,(0.012, -0.282, 0.959),(-0.032, 0.000, 0.000),0.615,3.882,6.314,0.820,VALID,(0.012, -0.282, 0.959),(0.032, 0.000, 0.000),0.591,3.753,6.354,0.912,2,0
450624,1000002508632518100,63875743299526,(0.011, 1.435, 0.002),(0.027, -0.249, 0.029, 0.968),VALID,(0.012, -0.282, 0.959),(0.000, 0.000, 0.000),63.850,VALID,(0.012, -0.282, 0.959),(-0.032, 0.000, 0.000),0.615,3.882,6.314,0.821,VALID,(0.012, -0.282, 0.959),(0.032, 0.000, 0.000),0.591,3.752,6.354,0.911,2,0.1242841
450625,1000002508637521600,63875743299526,(0.011, 1.435, 0.002),(0.027, -0.249, 0.029, 0.968),VALID,(0.013, -0.282, 0.959),(0.000, 0.000, 0.000),63.850,VALID,(0.013, -0.282, 0.959),(-0.032, 0.000, 0.000),0.615,3.882,6.314,0.821,VALID,(0.013, -0.282, 0.959),(0.032, 0.000, 0.000),0.590,3.752,6.354,0.910,2,0.4433503
450626,1000002508642533400,63875743299538,(0.011, 1.435, 0.001),(0.027, -0.249, 0.029, 0.968),VALID,(0.013, -0.282, 0.959),(0.000, 0.000, 0.000),63.850,VALID,(0.013, -0.282, 0.959),(-0.032, 0.000, 0.000),0.615,3.882,6.314,0.822,VALID,(0.013, -0.282, 0.959),(0.032, 0.000, 0.000),0.590,3.751,6.354,0.910,2,0.6609253
450627,1000002508647536700,63875743299538,(0.011, 1.435, 0.001),(0.027, -0.249, 0.029, 0.968),VALID,(0.013, -0.282, 0.959),(0.000, 0.000, 0.000),63.850,VALID,(0.013, -0.282, 0.959),(-0.032, 0.000, 0.000),0.615,3.881,6.314,0.822,VALID,(0.013, -0.282, 0.959),(0.032, 0.000, 0.000),0.590,3.751,6.354,0.910,2,0.8203334
450628,1000002508652540200,63875743299538,(0.011, 1.435, 0.001),(0.027, -0.249, 0.029, 0.968),VALID,(0.013, -0.282, 0.959),(0.000, 0.000, 0.000),63.850,VALID,(0.013, -0.282, 0.959),(-0.032, 0.000, 0.000),0.615,3.881,6.314,0.823,VALID,(0.013, -0.282, 0.959),(0.032, 0.000, 0.000),0.590,3.751,6.354,0.909,2,0.8987145
450629,1000002508657592400,63875743299549,(0.011, 1.435, 0.001),(0.027, -0.249, 0.029, 0.968),VALID,(0.013, -0.282, 0.959),(0.000, 0.000, 0.000),63.850,VALID,(0.013, -0.282, 0.959),(-0.032, 0.000, 0.000),0.615,3.881,6.314,0.823,VALID,(0.013, -0.282, 0.959),(0.032, 0.000, 0.000),0.590,3.751,6.354,0.909,2,0.9446675
450630,1000002508662595800,63875743299560,(0.011, 1.435, 0.001),(0.027, -0.249, 0.029, 0.968),VALID,(0.013, -0.281, 0.960),(0.000, 0.000, 0.000),63.850,VALID,(0.013, -0.281, 0.960),(-0.032, 0.000, 0.000),0.615,3.881,6.314,0.824,VALID,(0.013, -0.281, 0.960),(0.032, 0.000, 0.000),0.590,3.751,6.354,0.909,2,0.9665667
450631,1000002508667594900,63875743299560,(0.011, 1.435, 0.001),(0.027, -0.249, 0.029, 0.968),VALID,(0.013, -0.281, 0.960),(0.000, 0.000, 0.000),63.850,VALID,(0.013, -0.281, 0.960),(-0.032, 0.000, 0.000),0.615,3.881,6.314,0.824,VALID,(0.013, -0.281, 0.960),(0.032, 0.000, 0.000),0.590,3.750,6.354,0.908,2,1
450632,1000002508672598300,63875743299560,(0.011, 1.435, 0.001),(0.027, -0.249, 0.029, 0.968),VALID,(0.013, -0.281, 0.960),(0.000, 0.000, 0.000),63.850,VALID,(0.013, -0.281, 0.960),(-0.032, 0.000, 0.000),0.615,3.881,6.314,0.824,VALID,(0.013, -0.281, 0.960),(0.032, 0.000, 0.000),0.590,3.750,6.354,0.908,2,1
450633,1000002508677622200,63875743299571,(0.011, 1.435, 0.001),(0.027, -0.249, 0.030, 0.968),VALID,(0.013, -0.281, 0.960),(0.000, 0.000, 0.000),63.850,VALID,(0.013, -0.281, 0.960),(-0.032, 0.000, 0.000),0.615,3.881,6.314,0.824,VALID,(0.013, -0.281, 0.960),(0.032, 0.000, 0.000),0.590,3.750,6.354,0.908,2,1
450634,1000002508682625600,63875743299571,(0.011, 1.435, 0.001),(0.027, -0.249, 0.030, 0.968),VALID,(0.013, -0.281, 0.960),(0.000, 0.000, 0.000),63.850,VALID,(0.013, -0.281, 0.960),(-0.032, 0.000, 0.000),0.615,3.882,6.314,0.825,VALID,(0.013, -0.281, 0.960),(0.032, 0.000, 0.000),0.590,3.750,6.354,0.908,2,1
450635,1000002508687629100,63875743299582,(0.011, 1.435, 0.001),(0.027, -0.249, 0.030, 0.968),VALID,(0.013, -0.281, 0.960),(0.000, 0.000, 0.000),63.850,VALID,(0.013, -0.281, 0.960),(-0.032, 0.000, 0.000),0.615,3.882,6.314,0.825,VALID,(0.013, -0.281, 0.960),(0.032, 0.000, 0.000),0.590,3.750,6.354,0.908,2,1
450636,1000002508692683400,63875743299582,(0.011, 1.435, 0.001),(0.027, -0.249, 0.030, 0.968),VALID,(0.013, -0.281, 0.960),(0.000, 0.000, 0.000),63.850,VALID,(0.013, -0.281, 0.960),(-0.032, 0.000, 0.000),0.615,3.882,6.314,0.826,VALID,(0.013, -0.281, 0.960),(0.032, 0.000, 0.000),0.590,3.750,6.354,0.908,2,1
450637,1000002508697686900,63875743299593,(0.011, 1.435, 0.001),(0.027, -0.249, 0.030, 0.968),VALID,(0.013, -0.281, 0.960),(0.000, 0.000, 0.000),63.850,VALID,(0.013, -0.281, 0.960),(-0.032, 0.000, 0.000),0.615,3.882,6.314,0.826,VALID,(0.013, -0.281, 0.960),(0.032, 0.000, 0.000),0.590,3.750,6.354,0.908,2,1
450638,1000002508702690400,63875743299593,(0.011, 1.435, 0.001),(0.027, -0.249, 0.030, 0.968),VALID,(0.013, -0.281, 0.960),(0.000, 0.000, 0.000),63.850,VALID,(0.013, -0.281, 0.960),(-0.032, 0.000, 0.000),0.615,3.882,6.314,0.826,VALID,(0.013, -0.281, 0.960),(0.032, 0.000, 0.000),0.590,3.750,6.354,0.908,2,1
450639,1000002508707715600,63875743299593,(0.011, 1.435, 0.001),(0.027, -0.249, 0.030, 0.968),VALID,(0.013, -0.281, 0.959),(0.000, 0.000, 0.000),63.850,VALID,(0.013, -0.281, 0.959),(-0.032, 0.000, 0.000),0.615,3.882,6.314,0.826,VALID,(0.013, -0.281, 0.959),(0.032, 0.000, 0.000),0.590,3.750,6.354,0.908,2,1
450640,1000002508712728600,63875743299604,(0.010, 1.435, 0.001),(0.027, -0.249, 0.030, 0.968),VALID,(0.013, -0.282, 0.959),(0.000, 0.000, 0.000),63.850,VALID,(0.013, -0.282, 0.959),(-0.032, 0.000, 0.000),0.615,3.882,6.314,0.826,VALID,(0.013, -0.282, 0.959),(0.032, 0.000, 0.000),0.590,3.750,6.354,0.908,2,1
450641,1000002508717741600,63875743299604,(0.010, 1.435, 0.001),(0.027, -0.249, 0.030, 0.968),VALID,(0.012, -0.282, 0.959),(0.000, 0.000, 0.000),63.850,VALID,(0.012, -0.282, 0.959),(-0.032, 0.000, 0.000),0.615,3.885,6.314,0.827,VALID,(0.012, -0.282, 0.959),(0.032, 0.000, 0.000),0.590,3.750,6.354,0.908,2,0.8689707
450642,1000002508722754600,63875743299615,(0.010, 1.435, 0.001),(0.027, -0.249, 0.030, 0.968),VALID,(0.012, -0.282, 0.959),(0.000, 0.000, 0.000),63.850,VALID,(0.012, -0.282, 0.959),(-0.032, 0.000, 0.000),0.616,3.887,6.314,0.827,VALID,(0.012, -0.282, 0.959),(0.032, 0.000, 0.000),0.590,3.750,6.354,0.908,2,0.6109237
450643,1000002508727787700,63875743299616,(0.010, 1.435, 0.001),(0.027, -0.249, 0.030, 0.968),VALID,(0.012, -0.282, 0.959),(0.000, 0.000, 0.000),63.850,VALID,(0.012, -0.282, 0.959),(-0.032, 0.000, 0.000),0.616,3.888,6.314,0.827,VALID,(0.012, -0.282, 0.959),(0.032, 0.000, 0.000),0.590,3.750,6.354,0.908,2,0.5967261
450644,1000002508732809900,63875743299626,(0.010, 1.435, 0.001),(0.027, -0.249, 0.030, 0.968),VALID,(0.012, -0.283, 0.959),(0.000, 0.000, 0.000),63.850,VALID,(0.012, -0.283, 0.959),(-0.032, 0.000, 0.000),0.616,3.890,6.314,0.827,VALID,(0.012, -0.283, 0.959),(0.032, 0.000, 0.000),0.590,3.751,6.354,0.908,2,0.5723296
450645,1000002508737822900,63875743299626,(0.010, 1.435, 0.001),(0.027, -0.249, 0.030, 0.968),VALID,(0.012, -0.283, 0.959),(0.000, 0.000, 0.000),63.850,VALID,(0.012, -0.283, 0.959),(-0.032, 0.000, 0.000),0.616,3.892,6.314,0.828,VALID,(0.012, -0.283, 0.959),(0.032, 0.000, 0.000),0.591,3.752,6.354,0.908,2,0.5471401
450646,1000002508742845100,63875743299637,(0.010, 1.435, 0.001),(0.027, -0.249, 0.030, 0.968),VALID,(0.011, -0.283, 0.959),(0.000, 0.000, 0.000),63.850,VALID,(0.011, -0.283, 0.959),(-0.032, 0.000, 0.000),0.616,3.892,6.314,0.828,VALID,(0.011, -0.283, 0.959),(0.032, 0.000, 0.000),0.591,3.754,6.354,0.908,2,0.2987878
450647,1000002508747867300,63875743299648,(0.010, 1.435, 0.001),(0.027, -0.249, 0.030, 0.968),VALID,(0.011, -0.284, 0.959),(0.000, 0.000, 0.000),63.850,VALID,(0.011, -0.284, 0.959),(-0.032, 0.000, 0.000),0.617,3.893,6.314,0.828,VALID,(0.011, -0.284, 0.959),(0.032, 0.000, 0.000),0.591,3.755,6.354,0.908,2,0.05874418
450648,1000002508752822900,63875743299648,(0.010, 1.435, 0.001),(0.027, -0.249, 0.030, 0.968),VALID,(0.012, -0.284, 0.959),(0.000, 0.000, 0.000),63.850,VALID,(0.012, -0.284, 0.959),(-0.032, 0.000, 0.000),0.617,3.894,6.314,0.828,VALID,(0.012, -0.284, 0.959),(0.032, 0.000, 0.000),0.591,3.756,6.354,0.908,2,0.05540164
450649,1000002508757845100,63875743299648,(0.010, 1.435, 0.001),(0.027, -0.249, 0.030, 0.968),VALID,(0.010, -0.284, 0.959),(0.000, 0.000, 0.000),63.850,VALID,(0.010, -0.284, 0.959),(-0.032, 0.000, 0.000),0.617,3.896,6.314,0.828,VALID,(0.010, -0.284, 0.959),(0.032, 0.000, 0.000),0.591,3.756,6.354,0.908,2,0
450650,1000002508762822700,63875743299660,(0.010, 1.435, 0.001),(0.027, -0.249, 0.030, 0.968),VALID,(0.009, -0.284, 0.959),(0.000, 0.000, 0.000),63.850,VALID,(0.009, -0.284, 0.959),(-0.032, 0.000, 0.000),0.617,3.897,6.314,0.828,VALID,(0.009, -0.284, 0.959),(0.032, 0.000, 0.000),0.591,3.757,6.354,0.908,2,0
450651,1000002508767855800,63875743299660,(0.010, 1.435, 0.001),(0.027, -0.249, 0.030, 0.968),VALID,(0.007, -0.283, 0.959),(0.000, 0.000, 0.000),63.850,VALID,(0.007, -0.283, 0.959),(-0.032, 0.000, 0.000),0.617,3.899,6.314,0.829,VALID,(0.007, -0.283, 0.959),(0.032, 0.000, 0.000),0.591,3.757,6.354,0.908,2,0
450652,1000002508772883800,63875743299660,(0.010, 1.435, 0.001),(0.027, -0.249, 0.030, 0.968),VALID,(0.008, -0.284, 0.959),(0.000, 0.000, 0.000),63.850,VALID,(0.008, -0.284, 0.959),(-0.032, 0.000, 0.000),0.618,3.900,6.314,0.829,VALID,(0.008, -0.284, 0.959),(0.032, 0.000, 0.000),0.591,3.757,6.354,0.908,2,0
450653,1000002508777911800,63875743299671,(0.010, 1.435, 0.001),(0.027, -0.249, 0.030, 0.968),VALID,(0.007, -0.283, 0.959),(0.000, 0.000, 0.000),63.850,VALID,(0.007, -0.283, 0.959),(-0.032, 0.000, 0.000),0.618,3.904,6.314,0.829,VALID,(0.007, -0.283, 0.959),(0.032, 0.000, 0.000),0.591,3.757,6.354,0.908,2,0
450654,1000002508782937000,63875743299671,(0.010, 1.435, 0.001),(0.027, -0.249, 0.030, 0.968),VALID,(0.006, -0.283, 0.959),(0.000, 0.000, 0.000),63.850,VALID,(0.006, -0.283, 0.959),(-0.032, 0.000, 0.000),0.619,3.907,6.314,0.829,VALID,(0.006, -0.283, 0.959),(0.032, 0.000, 0.000),0.591,3.757,6.354,0.908,2,0
450655,1000002508787965000,63875743299683,(0.010, 1.435, 0.001),(0.027, -0.249, 0.030, 0.968),VALID,(0.005, -0.283, 0.959),(0.000, 0.000, 0.000),63.850,VALID,(0.005, -0.283, 0.959),(-0.032, 0.000, 0.000),0.619,3.909,6.314,0.829,VALID,(0.005, -0.283, 0.959),(0.032, 0.000, 0.000),0.591,3.757,6.354,0.908,2,0
450656,1000002508792993000,63875743299683,(0.010, 1.435, 0.001),(0.027, -0.249, 0.030, 0.968),VALID,(0.004, -0.283, 0.959),(0.000, 0.000, 0.000),63.850,VALID,(0.004, -0.283, 0.959),(-0.032, 0.000, 0.000),0.619,3.910,6.314,0.829,VALID,(0.004, -0.283, 0.959),(0.032, 0.000, 0.000),0.592,3.758,6.354,0.908,2,0
450657,1000002508798021900,63875743299683,(0.010, 1.435, 0.001),(0.027, -0.249, 0.030, 0.968),VALID,(0.005, -0.283, 0.959),(0.000, 0.000, 0.000),63.850,VALID,(0.005, -0.283, 0.959),(-0.032, 0.000, 0.000),0.619,3.911,6.314,0.829,VALID,(0.005, -0.283, 0.959),(0.032, 0.000, 0.000),0.592,3.760,6.354,0.908,2,0
450658,1000002508803047100,63875743299693,(0.010, 1.435, 0.001),(0.027, -0.250, 0.030, 0.967),VALID,(0.004, -0.283, 0.959),(0.000, 0.000, 0.000),63.850,VALID,(0.004, -0.283, 0.959),(-0.032, 0.000, 0.000),0.620,3.913,6.314,0.829,VALID,(0.004, -0.283, 0.959),(0.032, 0.000, 0.000),0.592,3.760,6.354,0.908,2,0
450659,1000002508807978900,63875743299693,(0.010, 1.435, 0.001),(0.027, -0.250, 0.030, 0.967),VALID,(0.003, -0.283, 0.959),(0.000, 0.000, 0.000),63.850,VALID,(0.003, -0.283, 0.959),(-0.032, 0.000, 0.000),0.620,3.915,6.314,0.829,VALID,(0.003, -0.283, 0.959),(0.032, 0.000, 0.000),0.592,3.761,6.354,0.908,2,0
450660,1000002508812984400,63875743299704,(0.010, 1.435, 0.001),(0.028, -0.250, 0.030, 0.967),VALID,(0.002, -0.283, 0.959),(0.000, 0.000, 0.000),63.850,VALID,(0.002, -0.283, 0.959),(-0.032, 0.000, 0.000),0.620,3.916,6.314,0.829,VALID,(0.002, -0.283, 0.959),(0.032, 0.000, 0.000),0.592,3.762,6.354,0.908,2,0
450661,1000002508817967000,63875743299704,(0.010, 1.435, 0.001),(0.028, -0.250, 0.030, 0.967),VALID,(0.002, -0.283, 0.959),(0.000, 0.000, 0.000),63.850,VALID,(0.002, -0.283, 0.959),(-0.032, 0.000, 0.000),0.620,3.917,6.314,0.829,VALID,(0.002, -0.283, 0.959),(0.032, 0.000, 0.000),0.592,3.764,6.354,0.908,2,0
450662,1000002508822975200,63875743299716,(0.010, 1.435, 0.001),(0.028, -0.250, 0.030, 0.967),VALID,(0.001, -0.283, 0.959),(0.000, 0.000, 0.000),63.850,VALID,(0.001, -0.283, 0.959),(-0.032, 0.000, 0.000),0.620,3.918,6.314,0.829,VALID,(0.001, -0.283, 0.959),(0.032, 0.000, 0.000),0.593,3.766,6.354,0.908,2,0
450663,1000002508827988500,63875743299716,(0.010, 1.435, 0.001),(0.028, -0.250, 0.030, 0.967),VALID,(0.001, -0.283, 0.959),(0.000, 0.000, 0.000),63.850,VALID,(0.001, -0.283, 0.959),(-0.032, 0.000, 0.000),0.620,3.918,6.314,0.829,VALID,(0.001, -0.283, 0.959),(0.032, 0.000, 0.000),0.593,3.771,6.354,0.908,2,0
450664,1000002508833004100,63875743299727,(0.010, 1.435, 0.001),(0.028, -0.250, 0.030, 0.967),VALID,(0.000, -0.283, 0.959),(0.000, 0.000, 0.000),63.850,VALID,(0.000, -0.283, 0.959),(-0.032, 0.000, 0.000),0.621,3.918,6.314,0.829,VALID,(0.000, -0.283, 0.959),(0.032, 0.000, 0.000),0.594,3.775,6.354,0.908,2,0
450665,1000002508838019300,63875743299727,(0.010, 1.435, 0.001),(0.028, -0.250, 0.030, 0.967),VALID,(0.000, -0.283, 0.959),(0.000, 0.000, 0.000),63.850,VALID,(0.000, -0.283, 0.959),(-0.032, 0.000, 0.000),0.621,3.918,6.314,0.829,VALID,(0.000, -0.283, 0.959),(0.032, 0.000, 0.000),0.595,3.779,6.354,0.908,2,0
450666,1000002508843049600,63875743299737,(0.010, 1.435, 0.001),(0.028, -0.250, 0.030, 0.967),VALID,(-0.001, -0.283, 0.959),(0.000, 0.000, 0.000),63.850,VALID,(-0.001, -0.283, 0.959),(-0.032, 0.000, 0.000),0.621,3.918,6.314,0.829,VALID,(-0.001, -0.283, 0.959),(0.032, 0.000, 0.000),0.595,3.781,6.354,0.908,2,0
450667,1000002508848064800,63875743299737,(0.010, 1.435, 0.001),(0.028, -0.250, 0.030, 0.967),VALID,(-0.001, -0.283, 0.959),(0.000, 0.000, 0.000),63.850,VALID,(-0.001, -0.283, 0.959),(-0.032, 0.000, 0.000),0.621,3.919,6.314,0.829,VALID,(-0.001, -0.283, 0.959),(0.032, 0.000, 0.000),0.595,3.783,6.354,0.908,2,0
450668,1000002508853080000,63875743299737,(0.010, 1.435, 0.001),(0.028, -0.250, 0.030, 0.967),VALID,(-0.001, -0.283, 0.959),(0.000, 0.000, 0.000),63.850,VALID,(-0.001, -0.283, 0.959),(-0.032, 0.000, 0.000),0.621,3.919,6.314,0.829,VALID,(-0.001, -0.283, 0.959),(0.032, 0.000, 0.000),0.596,3.784,6.354,0.908,2,0.01455503
450669,1000002508858093300,63875743299750,(0.010, 1.435, 0.001),(0.028, -0.250, 0.030, 0.967),VALID,(-0.001, -0.283, 0.959),(0.000, 0.000, 0.000),63.850,VALID,(-0.001, -0.283, 0.959),(-0.032, 0.000, 0.000),0.621,3.919,6.314,0.829,VALID,(-0.001, -0.283, 0.959),(0.032, 0.000, 0.000),0.596,3.785,6.354,0.908,2,0.01090726
450670,1000002508863108500,63875743299750,(0.010, 1.435, 0.001),(0.028, -0.250, 0.030, 0.967),VALID,(-0.002, -0.284, 0.959),(0.000, 0.000, 0.000),63.850,VALID,(-0.002, -0.284, 0.959),(-0.032, 0.000, 0.000),0.621,3.919,6.314,0.829,VALID,(-0.002, -0.284, 0.959),(0.032, 0.000, 0.000),0.596,3.786,6.354,0.908,2,0.002061847
450671,1000002508868121800,63875743299760,(0.010, 1.435, 0.001),(0.028, -0.250, 0.031, 0.967),VALID,(-0.002, -0.284, 0.959),(0.000, 0.000, 0.000),63.850,VALID,(-0.002, -0.284, 0.959),(-0.032, 0.000, 0.000),0.621,3.919,6.314,0.829,VALID,(-0.002, -0.284, 0.959),(0.032, 0.000, 0.000),0.596,3.786,6.354,0.908,2,0.2650999
450672,1000002508873137000,63875743299770,(0.010, 1.435, 0.001),(0.028, -0.250, 0.031, 0.967),VALID,(-0.002, -0.284, 0.959),(0.000, 0.000, 0.000),63.850,VALID,(-0.002, -0.284, 0.959),(-0.032, 0.000, 0.000),0.621,3.919,6.314,0.828,VALID,(-0.002, -0.284, 0.959),(0.032, 0.000, 0.000),0.596,3.787,6.354,0.908,2,0.5197948
450673,1000002508878150300,63875743299771,(0.010, 1.435, 0.001),(0.028, -0.250, 0.031, 0.967),VALID,(-0.002, -0.284, 0.959),(0.000, 0.000, 0.000),63.850,VALID,(-0.002, -0.284, 0.959),(-0.032, 0.000, 0.000),0.621,3.919,6.314,0.828,VALID,(-0.002, -0.284, 0.959),(0.032, 0.000, 0.000),0.596,3.788,6.354,0.908,2,0.514497
450674,1000002508883134400,63875743299782,(0.010, 1.435, 0.001),(0.028, -0.250, 0.031, 0.967),VALID,(-0.002, -0.285, 0.959),(0.000, 0.000, 0.000),63.850,VALID,(-0.002, -0.285, 0.959),(-0.032, 0.000, 0.000),0.621,3.919,6.314,0.828,VALID,(-0.002, -0.285, 0.959),(0.032, 0.000, 0.000),0.596,3.789,6.354,0.908,2,0.5230509
450675,1000002508888157800,63875743299782,(0.010, 1.435, 0.001),(0.028, -0.250, 0.031, 0.967),VALID,(-0.003, -0.285, 0.958),(0.000, 0.000, 0.000),63.850,VALID,(-0.003, -0.285, 0.958),(-0.032, 0.000, 0.000),0.621,3.919,6.314,0.828,VALID,(-0.003, -0.285, 0.958),(0.032, 0.000, 0.000),0.597,3.790,6.354,0.908,2,0.5408658
450676,1000002508893171100,63875743299782,(0.010, 1.435, 0.001),(0.028, -0.250, 0.031, 0.967),VALID,(-0.003, -0.285, 0.958),(0.000, 0.000, 0.000),63.850,VALID,(-0.003, -0.285, 0.958),(-0.032, 0.000, 0.000),0.621,3.919,6.314,0.827,VALID,(-0.003, -0.285, 0.958),(0.032, 0.000, 0.000),0.597,3.791,6.354,0.908,2,0.7914771
450677,1000002508898186300,63875743299793,(0.010, 1.435, 0.001),(0.028, -0.250, 0.031, 0.967),VALID,(-0.003, -0.286, 0.958),(0.000, 0.000, 0.000),63.850,VALID,(-0.003, -0.286, 0.958),(-0.032, 0.000, 0.000),0.620,3.918,6.314,0.827,VALID,(-0.003, -0.286, 0.958),(0.032, 0.000, 0.000),0.597,3.792,6.354,0.908,2,1
450678,1000002508903199600,63875743299793,(0.010, 1.435, 0.001),(0.028, -0.250, 0.031, 0.967),VALID,(-0.003, -0.286, 0.958),(0.000, 0.000, 0.000),63.850,VALID,(-0.003, -0.286, 0.958),(-0.032, 0.000, 0.000),0.620,3.917,6.314,0.826,VALID,(-0.003, -0.286, 0.958),(0.032, 0.000, 0.000),0.597,3.794,6.354,0.907,2,1
450679,1000002508908214800,63875743299793,(0.010, 1.435, 0.001),(0.028, -0.250, 0.031, 0.967),VALID,(-0.003, -0.286, 0.958),(0.000, 0.000, 0.000),63.850,VALID,(-0.003, -0.286, 0.958),(-0.032, 0.000, 0.000),0.620,3.917,6.314,0.826,VALID,(-0.003, -0.286, 0.958),(0.032, 0.000, 0.000),0.597,3.795,6.354,0.907,2,1
450680,1000002508913228100,63875743299805,(0.010, 1.435, 0.001),(0.028, -0.250, 0.031, 0.967),VALID,(-0.003, -0.287, 0.958),(0.000, 0.000, 0.000),63.850,VALID,(-0.003, -0.287, 0.958),(-0.032, 0.000, 0.000),0.620,3.917,6.314,0.825,VALID,(-0.003, -0.287, 0.958),(0.032, 0.000, 0.000),0.598,3.796,6.354,0.907,2,1
450681,1000002508918243300,63875743299805,(0.010, 1.435, 0.001),(0.028, -0.250, 0.031, 0.967),VALID,(-0.003, -0.287, 0.958),(0.000, 0.000, 0.000),63.850,VALID,(-0.003, -0.287, 0.958),(-0.032, 0.000, 0.000),0.621,3.919,6.314,0.825,VALID,(-0.003, -0.287, 0.958),(0.032, 0.000, 0.000),0.598,3.798,6.354,0.907,2,1
450682,1000002508923240300,63875743299816,(0.010, 1.435, 0.001),(0.028, -0.250, 0.031, 0.967),VALID,(-0.003, -0.287, 0.958),(0.000, 0.000, 0.000),63.850,VALID,(-0.003, -0.287, 0.958),(-0.032, 0.000, 0.000),0.621,3.919,6.314,0.824,VALID,(-0.003, -0.287, 0.958),(0.032, 0.000, 0.000),0.598,3.798,6.354,0.906,2,1
450683,1000002508928224100,63875743299816,(0.010, 1.435, 0.001),(0.028, -0.250, 0.031, 0.967),VALID,(-0.004, -0.287, 0.958),(0.000, 0.000, 0.000),63.850,VALID,(-0.004, -0.287, 0.958),(-0.032, 0.000, 0.000),0.621,3.920,6.314,0.823,VALID,(-0.004, -0.287, 0.958),(0.032, 0.000, 0.000),0.598,3.798,6.354,0.905,2,1
450684,1000002508933239300,63875743299826,(0.010, 1.435, 0.001),(0.029, -0.250, 0.031, 0.967),VALID,(-0.004, -0.287, 0.958),(0.000, 0.000, 0.000),63.850,VALID,(-0.004, -0.287, 0.958),(-0.032, 0.000, 0.000),0.621,3.920,6.314,0.822,VALID,(-0.004, -0.287, 0.958),(0.032, 0.000, 0.000),0.598,3.798,6.354,0.904,2,1
450685,1000002508938254500,63875743299826,(0.010, 1.435, 0.001),(0.029, -0.250, 0.031, 0.967),VALID,(-0.004, -0.288, 0.958),(0.000, 0.000, 0.000),63.850,VALID,(-0.004, -0.288, 0.958),(-0.032, 0.000, 0.000),0.621,3.920,6.314,0.821,VALID,(-0.004, -0.288, 0.958),(0.032, 0.000, 0.000),0.598,3.798,6.354,0.904,2,1
450686,1000002508943269900,63875743299838,(0.010, 1.436, 0.001),(0.028, -0.250, 0.031, 0.967),VALID,(-0.004, -0.288, 0.958),(0.000, 0.000, 0.000),63.850,VALID,(-0.004, -0.288, 0.958),(-0.032, 0.000, 0.000),0.621,3.920,6.314,0.820,VALID,(-0.004, -0.288, 0.958),(0.032, 0.000, 0.000),0.598,3.798,6.354,0.903,2,1
450687,1000002508948285300,63875743299838,(0.010, 1.436, 0.001),(0.028, -0.250, 0.031, 0.967),VALID,(-0.004, -0.288, 0.958),(0.000, 0.000, 0.000),63.850,VALID,(-0.004, -0.288, 0.958),(-0.032, 0.000, 0.000),0.621,3.919,6.314,0.819,VALID,(-0.004, -0.288, 0.958),(0.032, 0.000, 0.000),0.598,3.799,6.354,0.903,2,1
450688,1000002508953308700,63875743299849,(0.010, 1.436, 0.001),(0.029, -0.250, 0.031, 0.967),VALID,(-0.004, -0.288, 0.958),(0.000, 0.000, 0.000),63.850,VALID,(-0.004, -0.288, 0.958),(-0.032, 0.000, 0.000),0.621,3.923,6.314,0.818,VALID,(-0.004, -0.288, 0.958),(0.032, 0.000, 0.000),0.598,3.799,6.354,0.902,2,0.9950643
450689,1000002508958317200,63875743299849,(0.010, 1.436, 0.001),(0.029, -0.250, 0.031, 0.967),VALID,(-0.004, -0.288, 0.958),(0.000, 0.000, 0.000),63.850,VALID,(-0.004, -0.288, 0.958),(-0.032, 0.000, 0.000),0.622,3.926,6.314,0.816,VALID,(-0.004, -0.288, 0.958),(0.032, 0.000, 0.000),0.598,3.800,6.354,0.901,2,0.9974938
450690,1000002508963389600,63875743299849,(0.010, 1.436, 0.001),(0.029, -0.250, 0.031, 0.967),VALID,(-0.004, -0.288, 0.958),(0.000, 0.000, 0.000),63.850,VALID,(-0.004, -0.288, 0.958),(-0.032, 0.000, 0.000),0.622,3.927,6.314,0.813,VALID,(-0.004, -0.288, 0.958),(0.032, 0.000, 0.000),0.598,3.801,6.354,0.900,2,0.9998501
450691,1000002508968398100,63875743299860,(0.010, 1.436, 0.001),(0.029, -0.250, 0.031, 0.967),VALID,(-0.004, -0.288, 0.958),(0.000, 0.000, 0.000),63.850,VALID,(-0.004, -0.288, 0.958),(-0.032, 0.000, 0.000),0.623,3.933,6.314,0.810,VALID,(-0.004, -0.288, 0.958),(0.032, 0.000, 0.000),0.598,3.802,6.354,0.899,2,0.9841624
450692,1000002508973361900,63875743299860,(0.010, 1.436, 0.001),(0.029, -0.250, 0.031, 0.967),VALID,(-0.004, -0.288, 0.958),(0.000, 0.000, 0.000),63.850,VALID,(-0.004, -0.288, 0.958),(-0.032, 0.000, 0.000),0.623,3.936,6.314,0.806,VALID,(-0.004, -0.288, 0.958),(0.032, 0.000, 0.000),0.599,3.803,6.354,0.898,2,0.960704
450693,1000002508978370400,63875743299871,(0.010, 1.436, 0.001),(0.029, -0.250, 0.031, 0.967),VALID,(-0.003, -0.289, 0.957),(0.000, 0.000, 0.000),63.850,VALID,(-0.003, -0.289, 0.957),(-0.032, 0.000, 0.000),0.624,3.938,6.314,0.802,VALID,(-0.003, -0.289, 0.957),(0.032, 0.000, 0.000),0.599,3.803,6.354,0.895,2,0.7007235
450694,1000002508983378900,63875743299871,(0.010, 1.436, 0.001),(0.029, -0.250, 0.031, 0.967),VALID,(-0.002, -0.289, 0.957),(0.000, 0.000, 0.000),63.850,VALID,(-0.002, -0.289, 0.957),(-0.032, 0.000, 0.000),0.624,3.943,6.314,0.799,VALID,(-0.002, -0.289, 0.957),(0.032, 0.000, 0.000),0.599,3.804,6.354,0.893,2,0.6915843
450695,1000002508988387400,63875743299883,(0.010, 1.436, 0.001),(0.029, -0.250, 0.031, 0.967),VALID,(-0.002, -0.290, 0.957),(0.000, 0.000, 0.000),63.850,VALID,(-0.002, -0.290, 0.957),(-0.032, 0.000, 0.000),0.625,3.944,6.314,0.793,VALID,(-0.002, -0.290, 0.957),(0.032, 0.000, 0.000),0.599,3.804,6.354,0.890,2,0.6929961
450696,1000002508993395900,63875743299883,(0.010, 1.436, 0.001),(0.029, -0.250, 0.031, 0.967),VALID,(-0.001, -0.291, 0.957),(0.000, 0.000, 0.000),63.850,VALID,(-0.001, -0.291, 0.957),(-0.032, 0.000, 0.000),0.625,3.944,6.314,0.788,VALID,(-0.001, -0.291, 0.957),(0.032, 0.000, 0.000),0.599,3.805,6.354,0.887,2,0.6940498
450697,1000002508998404400,63875743299894,(0.011, 1.436, 0.001),(0.029, -0.250, 0.031, 0.967),VALID,(0.000, -0.291, 0.957),(0.000, 0.000, 0.000),63.850,VALID,(0.000, -0.291, 0.957),(-0.032, 0.000, 0.000),0.625,3.944,6.314,0.781,VALID,(0.000, -0.291, 0.957),(0.032, 0.000, 0.000),0.599,3.806,6.354,0.883,2,0.6935204
450698,1000002509003412900,63875743299895,(0.011, 1.436, 0.001),(0.029, -0.250, 0.031, 0.967),VALID,(0.002, -0.292, 0.956),(0.000, 0.000, 0.000),63.850,VALID,(0.002, -0.292, 0.956),(-0.032, 0.000, 0.000),0.625,3.944,6.314,0.775,VALID,(0.002, -0.292, 0.956),(0.032, 0.000, 0.000),0.599,3.807,6.354,0.878,2,0.68963
450699,1000002509008453600,63875743299895,(0.011, 1.436, 0.001),(0.029, -0.250, 0.031, 0.967),VALID,(0.004, -0.294, 0.956),(0.000, 0.000, 0.000),63.850,VALID,(0.004, -0.294, 0.956),(-0.032, 0.000, 0.000),0.624,3.943,6.314,0.769,VALID,(0.004, -0.294, 0.956),(0.032, 0.000, 0.000),0.599,3.807,6.354,0.874,2,0.4033255
450700,1000002509013459200,63875743299905,(0.011, 1.436, 0.001),(0.029, -0.250, 0.031, 0.967),VALID,(0.005, -0.295, 0.956),(0.000, 0.000, 0.000),63.850,VALID,(0.005, -0.295, 0.956),(-0.032, 0.000, 0.000),0.624,3.943,6.314,0.764,VALID,(0.005, -0.295, 0.956),(0.032, 0.000, 0.000),0.599,3.808,6.354,0.870,2,0.1062589
450701,1000002509018449300,63875743299916,(0.011, 1.436, 0.001),(0.029, -0.250, 0.031, 0.967),VALID,(0.006, -0.295, 0.955),(0.000, 0.000, 0.000),63.850,VALID,(0.006, -0.295, 0.955),(-0.032, 0.000, 0.000),0.624,3.942,6.314,0.760,VALID,(0.006, -0.295, 0.955),(0.032, 0.000, 0.000),0.599,3.808,6.354,0.866,2,0.1119944
450702,1000002509023463500,63875743299916,(0.011, 1.436, 0.001),(0.029, -0.250, 0.031, 0.967),VALID,(0.007, -0.295, 0.955),(0.000, 0.000, 0.000),63.850,VALID,(0.007, -0.295, 0.955),(-0.032, 0.000, 0.000),0.624,3.942,6.314,0.755,VALID,(0.007, -0.295, 0.955),(0.032, 0.000, 0.000),0.599,3.809,6.354,0.861,2,0.119981
450703,1000002509028504600,63875743299916,(0.011, 1.436, 0.001),(0.029, -0.250, 0.031, 0.967),VALID,(0.008, -0.295, 0.955),(0.000, 0.000, 0.000),63.850,VALID,(0.008, -0.295, 0.955),(-0.032, 0.000, 0.000),0.624,3.941,6.314,0.751,VALID,(0.008, -0.295, 0.955),(0.032, 0.000, 0.000),0.599,3.809,6.354,0.858,2,0.08709693
450704,1000002509033513100,63875743299927,(0.011, 1.436, 0.001),(0.029, -0.250, 0.031, 0.967),VALID,(0.009, -0.295, 0.955),(0.000, 0.000, 0.000),63.850,VALID,(0.009, -0.295, 0.955),(-0.032, 0.000, 0.000),0.625,3.944,6.314,0.746,VALID,(0.009, -0.295, 0.955),(0.032, 0.000, 0.000),0.600,3.809,6.354,0.854,2,0.08290746
450705,1000002509038482200,63875743299927,(0.011, 1.436, 0.001),(0.029, -0.250, 0.031, 0.967),VALID,(0.009, -0.295, 0.955),(0.000, 0.000, 0.000),63.850,VALID,(0.009, -0.295, 0.955),(-0.032, 0.000, 0.000),0.625,3.945,6.314,0.741,VALID,(0.009, -0.295, 0.955),(0.032, 0.000, 0.000),0.600,3.809,6.354,0.850,2,0.06139921
450706,1000002509043504800,63875743299939,(0.011, 1.436, 0.001),(0.029, -0.250, 0.031, 0.967),VALID,(0.010, -0.295, 0.955),(0.000, 0.000, 0.000),63.850,VALID,(0.010, -0.295, 0.955),(-0.032, 0.000, 0.000),0.626,3.950,6.314,0.737,VALID,(0.010, -0.295, 0.955),(0.032, 0.000, 0.000),0.600,3.809,6.354,0.845,2,0.06856178
450707,1000002509048542100,63875743299939,(0.011, 1.436, 0.001),(0.029, -0.250, 0.031, 0.967),VALID,(0.012, -0.295, 0.955),(0.000, 0.000, 0.000),63.850,VALID,(0.012, -0.295, 0.955),(-0.032, 0.000, 0.000),0.626,3.949,6.314,0.731,VALID,(0.012, -0.295, 0.955),(0.032, 0.000, 0.000),0.600,3.810,6.354,0.839,2,0
450708,1000002509053556300,63875743299949,(0.011, 1.436, 0.001),(0.029, -0.250, 0.031, 0.967),VALID,(0.014, -0.297, 0.955),(0.000, 0.000, 0.000),63.850,VALID,(0.014, -0.297, 0.955),(-0.032, 0.000, 0.000),0.609,3.842,6.314,0.722,VALID,(0.014, -0.297, 0.955),(0.032, 0.000, 0.000),0.600,3.810,6.354,0.824,2,0
450709,1000002509058570500,63875743299949,(0.011, 1.436, 0.001),(0.029, -0.250, 0.031, 0.967),VALID,(0.013, -0.296, 0.955),(0.000, 0.000, 0.000),63.850,VALID,(0.013, -0.296, 0.955),(-0.032, 0.000, 0.000),0.599,3.782,6.314,0.724,VALID,(0.013, -0.296, 0.955),(0.032, 0.000, 0.000),0.600,3.811,6.354,0.805,2,0
450710,1000002509063586300,63875743299961,(0.011, 1.437, 0.001),(0.029, -0.250, 0.031, 0.967),VALID,(0.014, -0.301, 0.953),(0.000, 0.000, 0.000),63.850,VALID,(0.016, -0.301, 0.953),(-0.032, 0.000, 0.000),0.591,3.731,6.314,0.722,VALID,(0.013, -0.301, 0.953),(0.032, 0.000, 0.000),0.600,3.813,6.354,0.775,2,0
450711,1000002509068596000,63875743299961,(0.011, 1.437, 0.001),(0.029, -0.250, 0.031, 0.967),VALID,(0.017, -0.312, 0.950),(0.000, 0.000, 0.000),63.850,VALID,(0.022, -0.312, 0.950),(-0.032, 0.000, 0.000),0.591,3.734,6.314,0.717,VALID,(0.013, -0.312, 0.950),(0.032, 0.000, 0.000),0.594,3.775,6.354,0.737,2,0
450712,1000002509073611800,63875743299961,(0.011, 1.437, 0.001),(0.029, -0.250, 0.031, 0.967),VALID,(0.025, -0.330, 0.944),(0.000, 0.000, 0.000),63.850,VALID,(0.056, -0.329, 0.943),(-0.032, 0.000, 0.000),0.574,3.625,6.314,0.704,VALID,(0.014, -0.330, 0.944),(0.032, 0.000, 0.000),0.586,3.720,6.354,0.691,2,0
450713,1000002509078626000,63875743299972,(0.011, 1.437, 0.001),(0.029, -0.250, 0.031, 0.967),VALID,(0.027, -0.349, 0.937),(0.000, 0.000, 0.000),63.850,VALID,(0.092, -0.348, 0.933),(-0.032, 0.000, 0.000),0.568,3.588,6.314,0.682,VALID,(0.013, -0.349, 0.937),(0.032, 0.000, 0.000),0.588,3.737,6.354,0.646,0.8024733,0
450714,1000002509083641800,63875743299972,(0.011, 1.437, 0.001),(0.029, -0.250, 0.031, 0.967),VALID,(0.025, -0.350, 0.936),(0.000, 0.000, 0.000),63.850,INVALID,,,,,,,VALID,(0.013, -0.351, 0.936),(0.032, 0.000, 0.000),0.594,3.776,6.354,,2,0
450715,1000002509088648800,63875743300038,(0.011, 1.437, 0.000),(0.030, -0.250, 0.031, 0.967),INVALID,,,,INVALID,,,,,,,INVALID,,,,,,,,
450716,1000002509093664600,63875743300038,(0.011, 1.437, 0.000),(0.030, -0.250, 0.031, 0.967),INVALID,,,,INVALID,,,,,,,INVALID,,,,,,,,
450717,1000002509098687200,63875743300038,(0.011, 1.437, 0.000),(0.030, -0.250, 0.031, 0.967),INVALID,,,,INVALID,,,,,,,INVALID,,,,,,,,
450718,1000002509103703000,63875743300038,(0.011, 1.437, 0.000),(0.030, -0.250, 0.031, 0.967),INVALID,,,,INVALID,,,,,,,INVALID,,,,,,,,
450719,1000002509108725600,63875743300038,(0.011, 1.437, 0.000),(0.030, -0.250, 0.031, 0.967),INVALID,,,,INVALID,,,,,,,INVALID,,,,,,,,
450720,1000002509113755600,63875743300038,(0.011, 1.437, 0.000),(0.030, -0.250, 0.031, 0.967),INVALID,,,,INVALID,,,,,,,INVALID,,,,,,,,
450721,1000002509118778200,63875743300038,(0.011, 1.437, 0.000),(0.030, -0.250, 0.031, 0.967),INVALID,,,,INVALID,,,,,,,INVALID,,,,,,,,
450722,1000002509123725200,63875743300038,(0.011, 1.437, 0.000),(0.030, -0.250, 0.031, 0.967),INVALID,,,,INVALID,,,,,,,INVALID,,,,,,,,
450723,1000002509128747800,63875743300038,(0.011, 1.437, 0.000),(0.030, -0.250, 0.031, 0.967),INVALID,,,,INVALID,,,,,,,INVALID,,,,,,,,
450724,1000002509133763600,63875743300038,(0.011, 1.437, 0.000),(0.030, -0.250, 0.031, 0.967),INVALID,,,,INVALID,,,,,,,INVALID,,,,,,,,
450725,1000002509138786200,63875743300038,(0.011, 1.437, 0.000),(0.030, -0.250, 0.031, 0.967),INVALID,,,,INVALID,,,,,,,INVALID,,,,,,,,
450726,1000002509143808800,63875743300038,(0.011, 1.437, 0.000),(0.030, -0.250, 0.031, 0.967),INVALID,,,,INVALID,,,,,,,INVALID,,,,,,,,
450727,1000002509148831400,63875743300038,(0.011, 1.437, 0.000),(0.030, -0.250, 0.031, 0.967),VALID,(0.051, -0.352, 0.935),(0.000, 0.000, 0.000),63.850,VALID,(0.133, -0.354, 0.926),(-0.032, 0.000, 0.000),0.471,2.975,6.314,0.420,INVALID,,,,,,0.291,2,0
450728,1000002509153842200,63875743300050,(0.011, 1.437, 0.000),(0.030, -0.250, 0.031, 0.967),VALID,(0.081, -0.448, 0.890),(0.000, 0.000, 0.000),63.850,VALID,(0.143, -0.558, 0.817),(-0.032, 0.000, 0.000),0.471,2.976,6.314,0.421,INVALID,,,,,,0.294,2,0
450729,1000002509158843100,63875743300050,(0.011, 1.437, 0.000),(0.030, -0.250, 0.031, 0.967),VALID,(0.063, -0.481, 0.874),(0.000, 0.000, 0.000),63.850,VALID,(0.069, -0.422, 0.904),(-0.032, 0.000, 0.000),0.472,2.980,6.314,0.422,INVALID,,,,,,0.299,2,0
450730,1000002509163851700,63875743300050,(0.011, 1.437, 0.000),(0.030, -0.250, 0.031, 0.967),VALID,(0.146, -0.475, 0.868),(0.000, 0.000, 0.000),63.850,VALID,(0.153, -0.441, 0.884),(-0.032, 0.000, 0.000),0.512,3.235,6.314,0.424,INVALID,,,,,,0.309,2,0
450731,1000002509168868600,63875743300061,(0.011, 1.437, 0.000),(0.030, -0.250, 0.031, 0.967),VALID,(0.241, -0.432, 0.869),(0.000, 0.000, 0.000),63.850,VALID,(0.249, -0.391, 0.886),(-0.032, 0.000, 0.000),0.517,3.264,6.314,0.425,INVALID,,,,,,0.322,2,0
450732,1000002509173885500,63875743300061,(0.011, 1.437, 0.000),(0.030, -0.250, 0.031, 0.967),VALID,(0.247, -0.441, 0.863),(0.000, 0.000, 0.000),63.850,VALID,(0.252, -0.414, 0.875),(-0.032, 0.000, 0.000),0.519,3.274,6.314,0.429,INVALID,,,,,,0.338,2,0
450733,1000002509178872000,63875743300072,(0.011, 1.437, 0.000),(0.030, -0.250, 0.031, 0.967),VALID,(0.261, -0.450, 0.854),(0.000, 0.000, 0.000),63.850,VALID,(0.264, -0.436, 0.860),(-0.032, 0.000, 0.000),0.520,3.283,6.314,0.433,INVALID,,,,,,0.352,2,0
450734,1000002509183888900,63875743300072,(0.011, 1.437, 0.000),(0.030, -0.250, 0.031, 0.967),VALID,(0.265, -0.460, 0.847),(0.000, 0.000, 0.000),63.850,VALID,(0.267, -0.454, 0.850),(-0.032, 0.000, 0.000),0.521,3.291,6.314,0.442,INVALID,,,,,,0.370,2,0
450735,1000002509188904100,63875743300083,(0.012, 1.437, 0.000),(0.030, -0.250, 0.032, 0.967),VALID,(0.214, -0.473, 0.854),(0.000, 0.000, 0.000),63.850,VALID,(0.243, -0.468, 0.850),(-0.032, 0.000, 0.000),0.482,3.042,6.314,0.453,VALID,(0.076, -0.503, 0.861),(0.032, 0.000, 0.000),0.570,3.619,6.354,0.387,0.3636701,0
450736,1000002509193921000,63875743300083,(0.012, 1.437, 0.000),(0.030, -0.250, 0.032, 0.967),VALID,(0.196, -0.462, 0.865),(0.000, 0.000, 0.000),63.850,VALID,(0.233, -0.450, 0.862),(-0.032, 0.000, 0.000),0.476,3.004,6.314,0.462,VALID,(0.130, -0.400, 0.907),(0.032, 0.000, 0.000),0.593,3.769,6.354,0.401,0.4356132,0
450737,1000002509198936200,63875743300094,(0.012, 1.437, 0.000),(0.030, -0.250, 0.031, 0.967),VALID,(0.181, -0.469, 0.864),(0.000, 0.000, 0.000),63.850,VALID,(0.222, -0.462, 0.859),(-0.032, 0.000, 0.000),0.474,2.991,6.314,0.476,VALID,(0.017, -0.410, 0.912),(0.032, 0.000, 0.000),0.558,3.544,6.354,0.418,0.2747073,0
450738,1000002509203907900,63875743300094,(0.012, 1.437, 0.000),(0.030, -0.250, 0.031, 0.967),VALID,(0.176, -0.473, 0.863),(0.000, 0.000, 0.000),63.850,VALID,(0.213, -0.469, 0.857),(-0.032, 0.000, 0.000),0.475,2.998,6.314,0.484,VALID,(0.026, -0.447, 0.894),(0.032, 0.000, 0.000),0.553,3.513,6.354,0.429,0.3213539,0
450739,1000002509208922300,63875743300095,(0.012, 1.437, 0.000),(0.030, -0.250, 0.031, 0.967),VALID,(0.167, -0.478, 0.862),(0.000, 0.000, 0.000),63.850,VALID,(0.207, -0.476, 0.855),(-0.032, 0.000, 0.000),0.477,3.014,6.314,0.495,VALID,(0.033, -0.470, 0.882),(0.032, 0.000, 0.000),0.551,3.504,6.354,0.441,0.3580097,0
450740,1000002509213937500,63875743300105,(0.012, 1.437, 0.000),(0.030, -0.250, 0.031, 0.967),VALID,(0.153, -0.478, 0.865),(0.000, 0.000, 0.000),63.850,VALID,(0.202, -0.474, 0.857),(-0.032, 0.000, 0.000),0.479,3.024,6.314,0.505,VALID,(0.041, -0.473, 0.880),(0.032, 0.000, 0.000),0.551,3.499,6.354,0.450,0.3872485,0
450741,1000002509218952700,63875743300106,(0.012, 1.437, 0.000),(0.030, -0.250, 0.031, 0.967),VALID,(0.147, -0.483, 0.863),(0.000, 0.000, 0.000),63.850,VALID,(0.198, -0.481, 0.854),(-0.032, 0.000, 0.000),0.480,3.030,6.314,0.512,VALID,(0.051, -0.487, 0.872),(0.032, 0.000, 0.000),0.550,3.492,6.354,0.458,0.4274989,0
450742,1000002509223971900,63875743300117,(0.012, 1.437, 0.000),(0.030, -0.250, 0.031, 0.967),VALID,(0.136, -0.489, 0.862),(0.000, 0.000, 0.000),63.850,VALID,(0.194, -0.486, 0.852),(-0.032, 0.000, 0.000),0.480,3.030,6.314,0.519,VALID,(0.055, -0.495, 0.867),(0.032, 0.000, 0.000),0.550,3.491,6.354,0.466,0.4525903,0
450743,1000002509228992700,63875743300117,(0.012, 1.437, 0.000),(0.030, -0.250, 0.031, 0.967),VALID,(0.124, -0.495, 0.860),(0.000, 0.000, 0.000),63.850,VALID,(0.190, -0.493, 0.849),(-0.032, 0.000, 0.000),0.480,3.029,6.314,0.527,VALID,(0.055, -0.504, 0.862),(0.032, 0.000, 0.000),0.549,3.489,6.354,0.474,0.4630337,0
450744,1000002509234007900,63875743300128,(0.012, 1.437, 0.000),(0.030, -0.250, 0.031, 0.967),VALID,(0.115, -0.500, 0.858),(0.000, 0.000, 0.000),63.850,VALID,(0.187, -0.498, 0.847),(-0.032, 0.000, 0.000),0.479,3.026,6.314,0.533,VALID,(0.054, -0.509, 0.859),(0.032, 0.000, 0.000),0.548,3.485,6.354,0.480,0.4697549,0
450745,1000002509239023100,63875743300128,(0.012, 1.437, 0.000),(0.030, -0.250, 0.031, 0.967),VALID,(0.109, -0.505, 0.856),(0.000, 0.000, 0.000),63.850,VALID,(0.186, -0.501, 0.845),(-0.032, 0.000, 0.000),0.479,3.023,6.314,0.539,VALID,(0.053, -0.513, 0.857),(0.032, 0.000, 0.000),0.548,3.481,6.354,0.486,0.4742469,0
450746,1000002509244038300,63875743300139,(0.012, 1.437, 0.001),(0.030, -0.250, 0.031, 0.967),VALID,(0.105, -0.508, 0.855),(0.000, 0.000, 0.000),63.850,VALID,(0.182, -0.504, 0.844),(-0.032, 0.000, 0.000),0.479,3.023,6.314,0.544,VALID,(0.053, -0.515, 0.855),(0.032, 0.000, 0.000),0.547,3.478,6.354,0.493,0.4854163,0
450747,1000002509249053500,63875743300139,(0.012, 1.437, 0.001),(0.030, -0.250, 0.031, 0.967),VALID,(0.104, -0.510, 0.854),(0.000, 0.000, 0.000),63.850,VALID,(0.178, -0.506, 0.844),(-0.032, 0.000, 0.000),0.479,3.023,6.314,0.546,VALID,(0.055, -0.516, 0.855),(0.032, 0.000, 0.000),0.539,3.426,6.354,0.501,0.5139285,0
450748,1000002509254067900,63875743300150,(0.012, 1.437, 0.001),(0.031, -0.250, 0.031, 0.967),VALID,(0.106, -0.515, 0.851),(0.000, 0.000, 0.000),63.850,VALID,(0.173, -0.512, 0.842),(-0.032, 0.000, 0.000),0.479,3.023,6.314,0.548,VALID,(0.060, -0.521, 0.851),(0.032, 0.000, 0.000),0.525,3.334,6.354,0.508,0.5597386,0
450749,1000002509259079400,63875743300150,(0.012, 1.437, 0.001),(0.031, -0.250, 0.031, 0.967),VALID,(0.103, -0.517, 0.850),(0.000, 0.000, 0.000),63.850,VALID,(0.159, -0.514, 0.843),(-0.032, 0.000, 0.000),0.479,3.022,6.314,0.551,VALID,(0.065, -0.522, 0.850),(0.032, 0.000, 0.000),0.519,3.299,6.354,0.515,0.6737526,0
450750,1000002509264093800,63875743300150,(0.012, 1.437, 0.001),(0.031, -0.250, 0.031, 0.967),VALID,(0.106, -0.518, 0.849),(0.000, 0.000, 0.000),63.850,VALID,(0.156, -0.516, 0.842),(-0.032, 0.000, 0.000),0.479,3.021,6.314,0.554,VALID,(0.071, -0.523, 0.849),(0.032, 0.000, 0.000),0.517,3.282,6.354,0.521,0.740109,0
450751,1000002509269273100,63875743300161,(0.012, 1.437, 0.001),(0.031, -0.250, 0.031, 0.967),VALID,(0.108, -0.513, 0.851),(0.000, 0.000, 0.000),63.850,VALID,(0.146, -0.511, 0.847),(-0.032, 0.000, 0.000),0.478,3.017,6.314,0.558,VALID,(0.082, -0.515, 0.853),(0.032, 0.000, 0.000),0.538,3.417,6.354,0.528,0.9785669,0
450752,1000002509274278500,63875743300161,(0.012, 1.437, 0.001),(0.031, -0.250, 0.031, 0.967),VALID,(0.113, -0.508, 0.854),(0.000, 0.000, 0.000),63.850,VALID,(0.150, -0.503, 0.851),(-0.032, 0.000, 0.000),0.517,3.262,6.314,0.563,VALID,(0.091, -0.497, 0.863),(0.032, 0.000, 0.000),0.542,3.446,6.354,0.535,1.030861,0
450753,1000002509279221500,63875743300172,(0.012, 1.437, 0.001),(0.031, -0.250, 0.031, 0.967),VALID,(0.117, -0.492, 0.862),(0.000, 0.000, 0.000),63.850,VALID,(0.153, -0.490, 0.858),(-0.032, 0.000, 0.000),0.524,3.308,6.314,0.568,VALID,(0.099, -0.494, 0.864),(0.032, 0.000, 0.000),0.541,3.438,6.354,0.540,1.157257,0
450754,1000002509284235900,63875743300172,(0.012, 1.437, 0.001),(0.031, -0.250, 0.031, 0.967),VALID,(0.121, -0.459, 0.880),(0.000, 0.000, 0.000),63.850,VALID,(0.157, -0.458, 0.875),(-0.032, 0.000, 0.000),0.527,3.325,6.314,0.573,VALID,(0.104, -0.471, 0.876),(0.032, 0.000, 0.000),0.547,3.473,6.354,0.545,1.129892,0
450755,1000002509289245900,63875743300183,(0.012, 1.437, 0.001),(0.031, -0.250, 0.031, 0.967),VALID,(0.124, -0.428, 0.895),(0.000, 0.000, 0.000),63.850,VALID,(0.160, -0.427, 0.890),(-0.032, 0.000, 0.000),0.528,3.332,6.314,0.580,VALID,(0.108, -0.441, 0.891),(0.032, 0.000, 0.000),0.549,3.486,6.354,0.551,1.13949,0
450756,1000002509294255900,63875743300183,(0.012, 1.437, 0.001),(0.031, -0.250, 0.031, 0.967),VALID,(0.126, -0.407, 0.905),(0.000, 0.000, 0.000),63.850,VALID,(0.161, -0.407, 0.899),(-0.032, 0.000, 0.000),0.530,3.348,6.314,0.587,VALID,(0.109, -0.419, 0.902),(0.032, 0.000, 0.000),0.550,3.494,6.354,0.557,1.154734,0
450757,1000002509299265900,63875743300194,(0.012, 1.437, 0.001),(0.031, -0.250, 0.031, 0.967),VALID,(0.127, -0.391, 0.911),(0.000, 0.000, 0.000),63.850,VALID,(0.161, -0.391, 0.906),(-0.032, 0.000, 0.000),0.532,3.361,6.314,0.594,VALID,(0.110, -0.400, 0.910),(0.032, 0.000, 0.000),0.551,3.503,6.354,0.564,2,0
450758,1000002509304186800,63875743300194,(0.012, 1.437, 0.001),(0.031, -0.250, 0.031, 0.967),VALID,(0.128, -0.378, 0.917),(0.000, 0.000, 0.000),63.850,VALID,(0.160, -0.378, 0.912),(-0.032, 0.000, 0.000),0.537,3.392,6.314,0.603,VALID,(0.113, -0.385, 0.916),(0.032, 0.000, 0.000),0.554,3.521,6.354,0.572,2,0
450759,1000002509309196600,63875743300204,(0.012, 1.437, 0.001),(0.031, -0.250, 0.031, 0.967),VALID,(0.129, -0.366, 0.922),(0.000, 0.000, 0.000),63.850,VALID,(0.159, -0.365, 0.917),(-0.032, 0.000, 0.000),0.541,3.414,6.314,0.611,VALID,(0.115, -0.371, 0.922),(0.032, 0.000, 0.000),0.557,3.539,6.354,0.580,2,0
450760,1000002509314190700,63875743300204,(0.012, 1.437, 0.001),(0.031, -0.250, 0.031, 0.967),VALID,(0.130, -0.352, 0.927),(0.000, 0.000, 0.000),63.850,VALID,(0.158, -0.351, 0.923),(-0.032, 0.000, 0.000),0.549,3.465,6.314,0.620,VALID,(0.119, -0.355, 0.927),(0.032, 0.000, 0.000),0.562,3.568,6.354,0.589,2,0
450761,1000002509319203600,63875743300216,(0.012, 1.437, 0.001),(0.031, -0.249, 0.031, 0.967),VALID,(0.131, -0.342, 0.931),(0.000, 0.000, 0.000),63.850,VALID,(0.157, -0.341, 0.927),(-0.032, 0.000, 0.000),0.553,3.493,6.314,0.629,VALID,(0.122, -0.344, 0.931),(0.032, 0.000, 0.000),0.564,3.583,6.354,0.598,2,0
450762,1000002509324216500,63875743300216,(0.012, 1.437, 0.001),(0.031, -0.249, 0.031, 0.967),VALID,(0.132, -0.332, 0.934),(0.000, 0.000, 0.000),63.850,VALID,(0.156, -0.331, 0.931),(-0.032, 0.000, 0.000),0.559,3.529,6.314,0.638,VALID,(0.126, -0.334, 0.934),(0.032, 0.000, 0.000),0.566,3.599,6.354,0.607,2,0
450763,1000002509329230400,63875743300216,(0.012, 1.437, 0.001),(0.031, -0.249, 0.031, 0.967),VALID,(0.133, -0.312, 0.941),(0.000, 0.000, 0.000),63.850,VALID,(0.151, -0.312, 0.938),(-0.032, 0.000, 0.000),0.573,3.620,6.314,0.647,VALID,(0.127, -0.314, 0.941),(0.032, 0.000, 0.000),0.569,3.615,6.354,0.617,2,0
450764,1000002509334240200,63875743300227,(0.012, 1.437, 0.000),(0.031, -0.249, 0.031, 0.967),VALID,(0.133, -0.295, 0.946),(0.000, 0.000, 0.000),63.850,VALID,(0.148, -0.295, 0.944),(-0.032, 0.000, 0.000),0.582,3.676,6.314,0.657,VALID,(0.128, -0.296, 0.947),(0.032, 0.000, 0.000),0.572,3.632,6.354,0.627,2,0
450765,1000002509339253200,63875743300227,(0.012, 1.437, 0.000),(0.031, -0.249, 0.031, 0.967),VALID,(0.134, -0.270, 0.953),(0.000, 0.000, 0.000),63.850,VALID,(0.146, -0.270, 0.952),(-0.032, 0.000, 0.000),0.588,3.710,6.314,0.668,VALID,(0.130, -0.271, 0.954),(0.032, 0.000, 0.000),0.581,3.691,6.354,0.637,2,0
450766,1000002509344263000,63875743300238,(0.013, 1.437, 0.000),(0.031, -0.249, 0.031, 0.967),VALID,(0.135, -0.252, 0.958),(0.000, 0.000, 0.000),63.850,VALID,(0.145, -0.252, 0.957),(-0.032, 0.000, 0.000),0.602,3.800,6.314,0.678,VALID,(0.132, -0.253, 0.959),(0.032, 0.000, 0.000),0.585,3.719,6.354,0.647,2,0
450767,1000002509349272800,63875743300239,(0.013, 1.437, 0.000),(0.031, -0.249, 0.031, 0.967),VALID,(0.136, -0.239, 0.961),(0.000, 0.000, 0.000),63.850,VALID,(0.144, -0.239, 0.960),(-0.032, 0.000, 0.000),0.609,3.845,6.314,0.687,VALID,(0.134, -0.239, 0.962),(0.032, 0.000, 0.000),0.590,3.751,6.354,0.656,2,0
450768,1000002509354274000,63875743300249,(0.013, 1.437, 0.000),(0.031, -0.249, 0.031, 0.967),VALID,(0.136, -0.230, 0.964),(0.000, 0.000, 0.000),63.850,VALID,(0.144, -0.230, 0.963),(-0.032, 0.000, 0.000),0.610,3.854,6.314,0.696,VALID,(0.135, -0.230, 0.964),(0.032, 0.000, 0.000),0.594,3.772,6.354,0.665,2,0
450769,1000002509359283800,63875743300249,(0.013, 1.437, 0.000),(0.031, -0.249, 0.031, 0.967),VALID,(0.138, -0.231, 0.963),(0.000, 0.000, 0.000),63.850,VALID,(0.146, -0.231, 0.962),(-0.032, 0.000, 0.000),0.610,3.854,6.314,0.705,VALID,(0.139, -0.231, 0.963),(0.032, 0.000, 0.000),0.598,3.799,6.354,0.673,2,0
450770,1000002509364366000,63875743300249,(0.013, 1.437, 0.000),(0.031, -0.249, 0.031, 0.967),VALID,(0.139, -0.230, 0.963),(0.000, 0.000, 0.000),63.850,VALID,(0.147, -0.230, 0.962),(-0.032, 0.000, 0.000),0.610,3.853,6.314,0.714,VALID,(0.143, -0.230, 0.963),(0.032, 0.000, 0.000),0.603,3.828,6.354,0.680,2,0
450771,1000002509369363200,63875743300261,(0.013, 1.437, 0.000),(0.031, -0.249, 0.031, 0.967),VALID,(0.141, -0.236, 0.961),(0.000, 0.000, 0.000),63.850,VALID,(0.148, -0.236, 0.960),(-0.032, 0.000, 0.000),0.599,3.784,6.314,0.722,VALID,(0.145, -0.236, 0.961),(0.032, 0.000, 0.000),0.604,3.840,6.354,0.687,2,0
450772,1000002509374364400,63875743300271,(0.013, 1.438, 0.000),(0.031, -0.249, 0.031, 0.967),VALID,(0.143, -0.236, 0.961),(0.000, 0.000, 0.000),63.850,VALID,(0.149, -0.235, 0.960),(-0.032, 0.000, 0.000),0.590,3.725,6.314,0.728,VALID,(0.147, -0.235, 0.961),(0.032, 0.000, 0.000),0.608,3.861,6.354,0.694,2,0
450773,1000002509379374200,63875743300271,(0.013, 1.438, 0.000),(0.031, -0.249, 0.031, 0.967),VALID,(0.145, -0.235, 0.961),(0.000, 0.000, 0.000),63.850,VALID,(0.150, -0.235, 0.960),(-0.032, 0.000, 0.000),0.584,3.689,6.314,0.736,VALID,(0.150, -0.235, 0.960),(0.032, 0.000, 0.000),0.610,3.875,6.354,0.700,2,0
450774,1000002509384384000,63875743300271,(0.013, 1.438, 0.000),(0.031, -0.249, 0.031, 0.967),VALID,(0.144, -0.230, 0.962),(0.000, 0.000, 0.000),63.850,VALID,(0.150, -0.230, 0.962),(-0.032, 0.000, 0.000),0.582,3.674,6.314,0.742,VALID,(0.148, -0.230, 0.962),(0.032, 0.000, 0.000),0.610,3.877,6.354,0.706,2,0
450775,1000002509389393800,63875743300283,(0.013, 1.438, 0.000),(0.031, -0.249, 0.031, 0.967),VALID,(0.144, -0.227, 0.963),(0.000, 0.000, 0.000),63.850,VALID,(0.149, -0.226, 0.963),(-0.032, 0.000, 0.000),0.580,3.663,6.314,0.747,VALID,(0.147, -0.227, 0.963),(0.032, 0.000, 0.000),0.610,3.878,6.354,0.712,2,0
450776,1000002509394429900,63875743300283,(0.013, 1.438, 0.000),(0.031, -0.249, 0.031, 0.967),VALID,(0.144, -0.226, 0.964),(0.000, 0.000, 0.000),63.850,VALID,(0.147, -0.226, 0.963),(-0.032, 0.000, 0.000),0.580,3.662,6.314,0.753,VALID,(0.146, -0.226, 0.963),(0.032, 0.000, 0.000),0.610,3.879,6.354,0.717,2,0
450777,1000002509399442400,63875743300294,(0.013, 1.438, 0.000),(0.031, -0.249, 0.031, 0.967),VALID,(0.143, -0.230, 0.963),(0.000, 0.000, 0.000),63.850,VALID,(0.147, -0.230, 0.962),(-0.032, 0.000, 0.000),0.581,3.667,6.314,0.757,VALID,(0.145, -0.230, 0.962),(0.032, 0.000, 0.000),0.611,3.883,6.354,0.721,2,0
450778,1000002509404462400,63875743300294,(0.013, 1.438, 0.000),(0.031, -0.249, 0.031, 0.967),VALID,(0.143, -0.233, 0.962),(0.000, 0.000, 0.000),63.850,VALID,(0.146, -0.233, 0.961),(-0.032, 0.000, 0.000),0.582,3.677,6.314,0.757,VALID,(0.145, -0.233, 0.962),(0.032, 0.000, 0.000),0.611,3.882,6.354,0.724,2,0
450779,1000002509409474900,63875743300304,(0.013, 1.438, 0.000),(0.031, -0.249, 0.031, 0.967),VALID,(0.143, -0.235, 0.961),(0.000, 0.000, 0.000),63.850,VALID,(0.145, -0.235, 0.961),(-0.032, 0.000, 0.000),0.582,3.673,6.314,0.758,VALID,(0.144, -0.235, 0.961),(0.032, 0.000, 0.000),0.603,3.831,6.354,0.726,2,0
450780,1000002509414487800,63875743300305,(0.013, 1.438, 0.000),(0.031, -0.249, 0.031, 0.967),VALID,(0.142, -0.228, 0.963),(0.000, 0.000, 0.000),63.850,VALID,(0.144, -0.228, 0.963),(-0.032, 0.000, 0.000),0.580,3.664,6.314,0.759,VALID,(0.143, -0.228, 0.963),(0.032, 0.000, 0.000),0.596,3.787,6.354,0.728,2,0
450781,1000002509419494600,63875743300316,(0.013, 1.438, 0.000),(0.031, -0.249, 0.031, 0.967),VALID,(0.142, -0.219, 0.965),(0.000, 0.000, 0.000),63.850,VALID,(0.141, -0.220, 0.965),(-0.032, 0.000, 0.000),0.577,3.640,6.314,0.760,VALID,(0.142, -0.220, 0.965),(0.032, 0.000, 0.000),0.591,3.752,6.354,0.729,2,0
450782,1000002509424507500,63875743300316,(0.013, 1.438, 0.000),(0.031, -0.249, 0.031, 0.967),VALID,(0.141, -0.212, 0.967),(0.000, 0.000, 0.000),63.850,VALID,(0.139, -0.212, 0.967),(-0.032, 0.000, 0.000),0.574,3.623,6.314,0.761,VALID,(0.141, -0.212, 0.967),(0.032, 0.000, 0.000),0.593,3.771,6.354,0.730,2,0
450783,1000002509429520000,63875743300316,(0.013, 1.438, 0.000),(0.031, -0.249, 0.031, 0.967),VALID,(0.137, -0.193, 0.972),(0.000, 0.000, 0.000),63.850,VALID,(0.130, -0.193, 0.973),(-0.032, 0.000, 0.000),0.570,3.600,6.314,0.762,VALID,(0.138, -0.193, 0.972),(0.032, 0.000, 0.000),0.597,3.791,6.354,0.731,2,0
450784,1000002509434494500,63875743300327,(0.013, 1.438, 0.000),(0.031, -0.249, 0.031, 0.967),VALID,(0.130, -0.173, 0.976),(0.000, 0.000, 0.000),63.850,VALID,(0.121, -0.173, 0.977),(-0.032, 0.000, 0.000),0.569,3.590,6.314,0.763,VALID,(0.132, -0.173, 0.976),(0.032, 0.000, 0.000),0.597,3.793,6.354,0.733,2,0
450785,1000002509439507000,63875743300327,(0.013, 1.438, 0.000),(0.031, -0.249, 0.031, 0.967),VALID,(0.123, -0.157, 0.980),(0.000, 0.000, 0.000),63.850,VALID,(0.115, -0.157, 0.981),(-0.032, 0.000, 0.000),0.570,3.600,6.314,0.766,VALID,(0.126, -0.157, 0.980),(0.032, 0.000, 0.000),0.600,3.811,6.354,0.735,2,0
450786,1000002509444519500,63875743300338,(0.013, 1.438, 0.000),(0.031, -0.249, 0.031, 0.967),VALID,(0.116, -0.142, 0.983),(0.000, 0.000, 0.000),63.850,VALID,(0.108, -0.143, 0.984),(-0.032, 0.000, 0.000),0.574,3.625,6.314,0.768,VALID,(0.119, -0.142, 0.983),(0.032, 0.000, 0.000),0.602,3.822,6.354,0.737,2,0
450787,1000002509449545700,63875743300338,(0.013, 1.438, 0.000),(0.031, -0.249, 0.031, 0.967),VALID,(0.111, -0.131, 0.985),(0.000, 0.000, 0.000),63.850,VALID,(0.104, -0.131, 0.986),(-0.032, 0.000, 0.000),0.578,3.649,6.314,0.772,VALID,(0.113, -0.131, 0.985),(0.032, 0.000, 0.000),0.603,3.829,6.354,0.740,2,0
450788,1000002509454558200,63875743300349,(0.013, 1.438, 0.000),(0.031, -0.250, 0.031, 0.967),VALID,(0.106, -0.123, 0.987),(0.000, 0.000, 0.000),63.850,VALID,(0.101, -0.123, 0.987),(-0.032, 0.000, 0.000),0.580,3.663,6.314,0.778,VALID,(0.109, -0.123, 0.986),(0.032, 0.000, 0.000),0.603,3.830,6.354,0.745,2,0
450789,1000002509459570700,63875743300349,(0.013, 1.438, 0.000),(0.031, -0.250, 0.031, 0.967),VALID,(0.103, -0.118, 0.988),(0.000, 0.000, 0.000),63.850,VALID,(0.098, -0.118, 0.988),(-0.032, 0.000, 0.000),0.585,3.692,6.314,0.784,VALID,(0.104, -0.118, 0.987),(0.032, 0.000, 0.000),0.603,3.829,6.354,0.750,2,0
450790,1000002509464545700,63875743300349,(0.013, 1.438, 0.000),(0.031, -0.250, 0.031, 0.967),VALID,(0.099, -0.115, 0.988),(0.000, 0.000, 0.000),63.850,VALID,(0.095, -0.115, 0.989),(-0.032, 0.000, 0.000),0.598,3.773,6.314,0.790,VALID,(0.100, -0.115, 0.988),(0.032, 0.000, 0.000),0.601,3.817,6.354,0.755,2,0
450791,1000002509469535700,63875743300360,(0.013, 1.437, 0.000),(0.030, -0.250, 0.031, 0.967),VALID,(0.096, -0.114, 0.989),(0.000, 0.000, 0.000),63.850,VALID,(0.093, -0.114, 0.989),(-0.032, 0.000, 0.000),0.603,3.804,6.314,0.798,VALID,(0.097, -0.114, 0.989),(0.032, 0.000, 0.000),0.598,3.801,6.354,0.761,2,0
450792,1000002509474532300,63875743300360,(0.013, 1.437, 0.000),(0.030, -0.250, 0.031, 0.967),VALID,(0.094, -0.114, 0.989),(0.000, 0.000, 0.000),63.850,VALID,(0.091, -0.114, 0.989),(-0.032, 0.000, 0.000),0.605,3.817,6.314,0.805,VALID,(0.094, -0.114, 0.989),(0.032, 0.000, 0.000),0.597,3.796,6.354,0.767,2,0
450793,1000002509479589200,63875743300371,(0.013, 1.437, 0.000),(0.030, -0.250, 0.031, 0.967),VALID,(0.092, -0.113, 0.989),(0.000, 0.000, 0.000),63.850,VALID,(0.090, -0.113, 0.990),(-0.032, 0.000, 0.000),0.609,3.846,6.314,0.813,VALID,(0.093, -0.113, 0.989),(0.032, 0.000, 0.000),0.597,3.792,6.354,0.773,2,0
450794,1000002509484585800,63875743300372,(0.013, 1.437, 0.000),(0.030, -0.250, 0.031, 0.967),VALID,(0.090, -0.112, 0.990),(0.000, 0.000, 0.000),63.850,VALID,(0.089, -0.112, 0.990),(-0.032, 0.000, 0.000),0.611,3.860,6.314,0.822,VALID,(0.091, -0.112, 0.990),(0.032, 0.000, 0.000),0.597,3.791,6.354,0.778,2,0
450795,1000002509489598300,63875743300382,(0.013, 1.437, 0.000),(0.030, -0.250, 0.031, 0.967),VALID,(0.089, -0.111, 0.990),(0.000, 0.000, 0.000),63.850,VALID,(0.088, -0.112, 0.990),(-0.032, 0.000, 0.000),0.612,3.867,6.314,0.828,VALID,(0.090, -0.111, 0.990),(0.032, 0.000, 0.000),0.596,3.790,6.354,0.783,2,0
450796,1000002509494635100,63875743300382,(0.013, 1.437, 0.000),(0.030, -0.250, 0.031, 0.967),VALID,(0.088, -0.111, 0.990),(0.000, 0.000, 0.000),63.850,VALID,(0.087, -0.111, 0.990),(-0.032, 0.000, 0.000),0.613,3.872,6.314,0.835,VALID,(0.088, -0.111, 0.990),(0.032, 0.000, 0.000),0.596,3.787,6.354,0.788,2,0
450797,1000002509499640400,63875743300394,(0.013, 1.437, 0.000),(0.030, -0.250, 0.031, 0.967),VALID,(0.087, -0.110, 0.990),(0.000, 0.000, 0.000),63.850,VALID,(0.086, -0.110, 0.990),(-0.032, 0.000, 0.000),0.613,3.874,6.314,0.840,VALID,(0.088, -0.110, 0.990),(0.032, 0.000, 0.000),0.596,3.786,6.354,0.792,2,0
450798,1000002509504665300,63875743300394,(0.013, 1.437, 0.000),(0.030, -0.250, 0.031, 0.967),VALID,(0.087, -0.111, 0.990),(0.000, 0.000, 0.000),63.850,VALID,(0.087, -0.111, 0.990),(-0.032, 0.000, 0.000),0.614,3.874,6.314,0.847,VALID,(0.088, -0.111, 0.990),(0.032, 0.000, 0.000),0.596,3.785,6.354,0.796,2,0
450799,1000002509509690200,63875743300404,(0.013, 1.437, 0.000),(0.030, -0.250, 0.031, 0.967),VALID,(0.087, -0.111, 0.990),(0.000, 0.000, 0.000),63.850,VALID,(0.087, -0.111, 0.990),(-0.032, 0.000, 0.000),0.614,3.880,6.314,0.852,VALID,(0.087, -0.111, 0.990),(0.032, 0.000, 0.000),0.596,3.785,6.354,0.801,2,0
450800,1000002509514725300,63875743300404,(0.013, 1.437, 0.000),(0.030, -0.250, 0.031, 0.967),VALID,(0.087, -0.110, 0.990),(0.000, 0.000, 0.000),63.850,VALID,(0.086, -0.110, 0.990),(-0.032, 0.000, 0.000),0.615,3.881,6.314,0.857,VALID,(0.087, -0.110, 0.990),(0.032, 0.000, 0.000),0.596,3.785,6.354,0.804,2,0
450801,1000002509519721900,63875743300404,(0.013, 1.437, 0.000),(0.030, -0.250, 0.031, 0.967),VALID,(0.087, -0.110, 0.990),(0.000, 0.000, 0.000),63.850,VALID,(0.086, -0.110, 0.990),(-0.032, 0.000, 0.000),0.614,3.878,6.314,0.863,VALID,(0.087, -0.110, 0.990),(0.032, 0.000, 0.000),0.596,3.784,6.354,0.808,2,0
450802,1000002509524765000,63875743300416,(0.013, 1.437, 0.000),(0.030, -0.250, 0.031, 0.967),VALID,(0.086, -0.110, 0.990),(0.000, 0.000, 0.000),63.850,VALID,(0.086, -0.110, 0.990),(-0.032, 0.000, 0.000),0.613,3.873,6.314,0.867,VALID,(0.086, -0.110, 0.990),(0.032, 0.000, 0.000),0.596,3.784,6.354,0.811,2,0.1896045
450803,1000002509529761600,63875743300416,(0.013, 1.437, 0.000),(0.030, -0.250, 0.031, 0.967),VALID,(0.086, -0.111, 0.990),(0.000, 0.000, 0.000),63.850,VALID,(0.086, -0.111, 0.990),(-0.032, 0.000, 0.000),0.613,3.873,6.314,0.872,VALID,(0.086, -0.111, 0.990),(0.032, 0.000, 0.000),0.595,3.783,6.354,0.814,2,0.4309958
450804,1000002509534786500,63875743300427,(0.013, 1.437, 0.000),(0.030, -0.250, 0.031, 0.967),VALID,(0.086, -0.111, 0.990),(0.000, 0.000, 0.000),63.850,VALID,(0.086, -0.111, 0.990),(-0.032, 0.000, 0.000),0.614,3.875,6.314,0.875,VALID,(0.086, -0.111, 0.990),(0.032, 0.000, 0.000),0.595,3.783,6.354,0.817,2,0.5093844
450805,1000002509539783100,63875743300427,(0.013, 1.437, 0.000),(0.030, -0.250, 0.031, 0.967),VALID,(0.085, -0.111, 0.990),(0.000, 0.000, 0.000),63.850,VALID,(0.085, -0.111, 0.990),(-0.032, 0.000, 0.000),0.614,3.875,6.314,0.878,VALID,(0.085, -0.111, 0.990),(0.032, 0.000, 0.000),0.595,3.782,6.354,0.819,2,0.6021017
450806,1000002509544764500,63875743300437,(0.013, 1.437, 0.000),(0.030, -0.250, 0.031, 0.967),VALID,(0.085, -0.111, 0.990),(0.000, 0.000, 0.000),63.850,VALID,(0.085, -0.111, 0.990),(-0.032, 0.000, 0.000),0.614,3.875,6.314,0.881,VALID,(0.085, -0.111, 0.990),(0.032, 0.000, 0.000),0.595,3.782,6.354,0.821,2,0.6327072
450807,1000002509549761100,63875743300437,(0.013, 1.437, 0.000),(0.030, -0.250, 0.031, 0.967),VALID,(0.085, -0.111, 0.990),(0.000, 0.000, 0.000),63.850,VALID,(0.085, -0.111, 0.990),(-0.032, 0.000, 0.000),0.613,3.870,6.314,0.884,VALID,(0.085, -0.111, 0.990),(0.032, 0.000, 0.000),0.595,3.782,6.354,0.824,2,0.6454967
450808,1000002509554759700,63875743300450,(0.013, 1.437, 0.000),(0.030, -0.250, 0.031, 0.967),VALID,(0.085, -0.111, 0.990),(0.000, 0.000, 0.000),63.850,VALID,(0.084, -0.111, 0.990),(-0.032, 0.000, 0.000),0.612,3.863,6.314,0.887,VALID,(0.085, -0.111, 0.990),(0.032, 0.000, 0.000),0.595,3.781,6.354,0.826,2,0.6145115
450809,1000002509559756300,63875743300450,(0.013, 1.437, 0.000),(0.030, -0.250, 0.031, 0.967),VALID,(0.085, -0.111, 0.990),(0.000, 0.000, 0.000),63.850,VALID,(0.084, -0.111, 0.990),(-0.032, 0.000, 0.000),0.612,3.862,6.314,0.889,VALID,(0.085, -0.111, 0.990),(0.032, 0.000, 0.000),0.595,3.781,6.354,0.828,2,0.6138037
450810,1000002509564785000,63875743300450,(0.013, 1.437, 0.000),(0.030, -0.250, 0.031, 0.967),VALID,(0.084, -0.111, 0.990),(0.000, 0.000, 0.000),63.850,VALID,(0.084, -0.111, 0.990),(-0.032, 0.000, 0.000),0.612,3.862,6.314,0.890,VALID,(0.084, -0.111, 0.990),(0.032, 0.000, 0.000),0.595,3.780,6.354,0.830,2,0.5937639
450811,1000002509569825800,63875743300461,(0.013, 1.437, 0.000),(0.030, -0.250, 0.031, 0.967),VALID,(0.084, -0.111, 0.990),(0.000, 0.000, 0.000),63.850,VALID,(0.084, -0.111, 0.990),(-0.032, 0.000, 0.000),0.612,3.862,6.314,0.892,VALID,(0.084, -0.111, 0.990),(0.032, 0.000, 0.000),0.595,3.779,6.354,0.831,2,0.5728389
450812,1000002509574822400,63875743300461,(0.013, 1.437, 0.000),(0.030, -0.250, 0.031, 0.967),VALID,(0.084, -0.112, 0.990),(0.000, 0.000, 0.000),63.850,VALID,(0.084, -0.112, 0.990),(-0.032, 0.000, 0.000),0.612,3.862,6.314,0.893,VALID,(0.084, -0.112, 0.990),(0.032, 0.000, 0.000),0.595,3.778,6.354,0.832,2,0.5993514
450813,1000002509579976100,63875743300472,(0.013, 1.437, 0.000),(0.030, -0.250, 0.031, 0.967),VALID,(0.084, -0.112, 0.990),(0.000, 0.000, 0.000),63.850,VALID,(0.084, -0.112, 0.990),(-0.032, 0.000, 0.000),0.610,3.849,6.314,0.895,VALID,(0.084, -0.112, 0.990),(0.032, 0.000, 0.000),0.595,3.778,6.354,0.834,2,0.6057609
450814,1000002509584974700,63875743300472,(0.013, 1.437, 0.000),(0.030, -0.250, 0.031, 0.967),VALID,(0.084, -0.112, 0.990),(0.000, 0.000, 0.000),63.850,VALID,(0.084, -0.112, 0.990),(-0.032, 0.000, 0.000),0.609,3.843,6.314,0.897,VALID,(0.084, -0.112, 0.990),(0.032, 0.000, 0.000),0.595,3.777,6.354,0.835,2,0.6277741
450815,1000002509589999600,63875743300483,(0.013, 1.437, 0.000),(0.030, -0.250, 0.031, 0.967),VALID,(0.084, -0.112, 0.990),(0.000, 0.000, 0.000),63.850,VALID,(0.084, -0.112, 0.990),(-0.032, 0.000, 0.000),0.605,3.819,6.314,0.898,VALID,(0.084, -0.112, 0.990),(0.032, 0.000, 0.000),0.594,3.777,6.354,0.836,2,0.6268173
450816,1000002509595024500,63875743300483,(0.013, 1.437, 0.000),(0.030, -0.250, 0.031, 0.967),VALID,(0.084, -0.112, 0.990),(0.000, 0.000, 0.000),63.850,VALID,(0.084, -0.112, 0.990),(-0.032, 0.000, 0.000),0.601,3.798,6.314,0.899,VALID,(0.084, -0.112, 0.990),(0.032, 0.000, 0.000),0.594,3.776,6.354,0.837,2,0.6356328
450817,1000002509599918600,63875743300494,(0.013, 1.437, 0.000),(0.030, -0.250, 0.031, 0.967),VALID,(0.084, -0.113, 0.990),(0.000, 0.000, 0.000),63.850,VALID,(0.084, -0.113, 0.990),(-0.032, 0.000, 0.000),0.599,3.785,6.314,0.899,VALID,(0.084, -0.113, 0.990),(0.032, 0.000, 0.000),0.594,3.776,6.354,0.838,2,0.7373785
450818,1000002509604866400,63875743300494,(0.013, 1.437, 0.000),(0.030, -0.250, 0.031, 0.967),VALID,(0.084, -0.113, 0.990),(0.000, 0.000, 0.000),63.850,VALID,(0.084, -0.113, 0.990),(-0.032, 0.000, 0.000),0.598,3.778,6.314,0.900,VALID,(0.084, -0.113, 0.990),(0.032, 0.000, 0.000),0.594,3.776,6.354,0.839,2,0.8242828
450819,1000002509609896400,63875743300505,(0.013, 1.437, 0.000),(0.030, -0.250, 0.031, 0.967),VALID,(0.084, -0.113, 0.990),(0.000, 0.000, 0.000),63.850,VALID,(0.084, -0.113, 0.990),(-0.032, 0.000, 0.000),0.598,3.778,6.314,0.901,VALID,(0.084, -0.113, 0.990),(0.032, 0.000, 0.000),0.594,3.775,6.354,0.840,2,0.8270457
450820,1000002509614895000,63875743300505,(0.013, 1.437, 0.000),(0.030, -0.250, 0.031, 0.967),VALID,(0.084, -0.113, 0.990),(0.000, 0.000, 0.000),63.850,VALID,(0.084, -0.113, 0.990),(-0.032, 0.000, 0.000),0.599,3.782,6.314,0.901,VALID,(0.084, -0.113, 0.990),(0.032, 0.000, 0.000),0.594,3.775,6.354,0.840,2,0.8280084
450821,1000002509619927600,63875743300516,(0.013, 1.437, 0.000),(0.030, -0.249, 0.031, 0.967),VALID,(0.084, -0.113, 0.990),(0.000, 0.000, 0.000),63.850,VALID,(0.084, -0.113, 0.990),(-0.032, 0.000, 0.000),0.601,3.793,6.314,0.901,VALID,(0.084, -0.113, 0.990),(0.032, 0.000, 0.000),0.594,3.774,6.354,0.840,2,0.8440713
450822,1000002509625022900,63875743300516,(0.013, 1.437, 0.000),(0.030, -0.249, 0.031, 0.967),VALID,(0.084, -0.113, 0.990),(0.000, 0.000, 0.000),63.850,VALID,(0.084, -0.113, 0.990),(-0.032, 0.000, 0.000),0.604,3.812,6.314,0.902,VALID,(0.084, -0.113, 0.990),(0.032, 0.000, 0.000),0.594,3.774,6.354,0.840,2,0.8449515
450823,1000002509630021500,63875743300517,(0.013, 1.437, 0.000),(0.030, -0.249, 0.031, 0.967),VALID,(0.085, -0.113, 0.990),(0.000, 0.000, 0.000),63.850,VALID,(0.085, -0.113, 0.990),(-0.032, 0.000, 0.000),0.605,3.820,6.314,0.902,VALID,(0.085, -0.113, 0.990),(0.032, 0.000, 0.000),0.594,3.774,6.354,0.840,2,0.7872446
450824,1000002509635035800,63875743300527,(0.013, 1.437, 0.000),(0.031, -0.249, 0.031, 0.967),VALID,(0.085, -0.114, 0.990),(0.000, 0.000, 0.000),63.850,VALID,(0.085, -0.114, 0.990),(-0.032, 0.000, 0.000),0.606,3.825,6.314,0.902,VALID,(0.085, -0.114, 0.990),(0.032, 0.000, 0.000),0.594,3.774,6.354,0.840,2,0.8354591
450825,1000002509640034400,63875743300527,(0.013, 1.437, 0.000),(0.031, -0.249, 0.031, 0.967),VALID,(0.085, -0.114, 0.990),(0.000, 0.000, 0.000),63.850,VALID,(0.085, -0.114, 0.990),(-0.032, 0.000, 0.000),0.617,3.893,6.314,0.902,VALID,(0.085, -0.114, 0.990),(0.032, 0.000, 0.000),0.594,3.772,6.354,0.840,2,0.8658176
450826,1000002509645048700,63875743300538,(0.013, 1.437, 0.000),(0.031, -0.250, 0.031, 0.967),VALID,(0.085, -0.114, 0.990),(0.000, 0.000, 0.000),63.850,VALID,(0.085, -0.114, 0.990),(-0.032, 0.000, 0.000),0.622,3.929,6.314,0.902,VALID,(0.085, -0.114, 0.990),(0.032, 0.000, 0.000),0.593,3.771,6.354,0.840,2,0.827958
450827,1000002509650047300,63875743300538,(0.013, 1.437, 0.000),(0.031, -0.250, 0.031, 0.967),VALID,(0.085, -0.114, 0.990),(0.000, 0.000, 0.000),63.850,VALID,(0.085, -0.114, 0.990),(-0.032, 0.000, 0.000),0.625,3.947,6.314,0.902,VALID,(0.085, -0.114, 0.990),(0.032, 0.000, 0.000),0.593,3.770,6.354,0.840,2,0.8551856
450828,1000002509655006300,63875743300550,(0.013, 1.437, 0.000),(0.031, -0.250, 0.031, 0.967),VALID,(0.085, -0.114, 0.990),(0.000, 0.000, 0.000),63.850,VALID,(0.085, -0.114, 0.990),(-0.032, 0.000, 0.000),0.625,3.946,6.314,0.901,VALID,(0.085, -0.114, 0.990),(0.032, 0.000, 0.000),0.593,3.769,6.354,0.840,2,0.7839926
450829,1000002509660004900,63875743300550,(0.013, 1.437, 0.000),(0.031, -0.250, 0.031, 0.967),VALID,(0.086, -0.113, 0.990),(0.000, 0.000, 0.000),63.850,VALID,(0.086, -0.113, 0.990),(-0.032, 0.000, 0.000),0.620,3.912,6.314,0.901,VALID,(0.086, -0.113, 0.990),(0.032, 0.000, 0.000),0.594,3.773,6.354,0.840,2,0.332813
450830,1000002509665019200,63875743300561,(0.014, 1.437, 0.000),(0.031, -0.250, 0.031, 0.967),VALID,(0.087, -0.114, 0.990),(0.000, 0.000, 0.000),63.850,VALID,(0.087, -0.114, 0.990),(-0.032, 0.000, 0.000),0.620,3.916,6.314,0.901,VALID,(0.087, -0.114, 0.990),(0.032, 0.000, 0.000),0.598,3.798,6.354,0.839,2,0
450831,1000002509670069800,63875743300561,(0.014, 1.437, 0.000),(0.031, -0.250, 0.031, 0.967),VALID,(0.085, -0.119, 0.989),(0.000, 0.000, 0.000),63.850,VALID,(0.085, -0.119, 0.989),(-0.032, 0.000, 0.000),0.619,3.907,6.314,0.900,VALID,(0.085, -0.119, 0.989),(0.032, 0.000, 0.000),0.601,3.817,6.354,0.839,2,0
450832,1000002509675084200,63875743300561,(0.014, 1.437, 0.000),(0.031, -0.250, 0.031, 0.967),VALID,(0.074, -0.129, 0.989),(0.000, 0.000, 0.000),63.850,VALID,(0.074, -0.129, 0.989),(-0.032, 0.000, 0.000),0.621,3.918,6.314,0.899,VALID,(0.074, -0.129, 0.989),(0.032, 0.000, 0.000),0.605,3.845,6.354,0.837,2,0
450833,1000002509680098600,63875743300572,(0.014, 1.437, 0.000),(0.031, -0.250, 0.031, 0.967),VALID,(0.055, -0.140, 0.989),(0.000, 0.000, 0.000),63.850,VALID,(0.055, -0.140, 0.989),(-0.032, 0.000, 0.000),0.614,3.876,6.314,0.897,VALID,(0.055, -0.140, 0.989),(0.032, 0.000, 0.000),0.616,3.915,6.354,0.834,2,0
450834,1000002509685113000,63875743300572,(0.014, 1.437, 0.000),(0.031, -0.250, 0.031, 0.967),VALID,(0.040, -0.154, 0.987),(0.000, 0.000, 0.000),63.850,VALID,(0.040, -0.154, 0.987),(-0.032, 0.000, 0.000),0.607,3.831,6.314,0.895,VALID,(0.040, -0.154, 0.987),(0.032, 0.000, 0.000),0.616,3.913,6.354,0.831,2,0
450835,1000002509690138200,63875743300583,(0.014, 1.437, 0.000),(0.031, -0.250, 0.031, 0.967),VALID,(0.021, -0.172, 0.985),(0.000, 0.000, 0.000),63.850,VALID,(0.021, -0.172, 0.985),(-0.032, 0.000, 0.000),0.598,3.774,6.314,0.893,VALID,(0.021, -0.172, 0.985),(0.032, 0.000, 0.000),0.617,3.918,6.354,0.827,2,0
450836,1000002509695152600,63875743300583,(0.014, 1.437, 0.000),(0.031, -0.250, 0.031, 0.967),VALID,(-0.004, -0.186, 0.983),(0.000, 0.000, 0.000),63.850,VALID,(-0.004, -0.186, 0.983),(-0.032, 0.000, 0.000),0.600,3.790,6.314,0.892,VALID,(-0.004, -0.186, 0.983),(0.032, 0.000, 0.000),0.618,3.928,6.354,0.822,2,0
450837,1000002509700167000,63875743300594,(0.014, 1.437, 0.000),(0.031, -0.250, 0.031, 0.967),VALID,(-0.025, -0.198, 0.980),(0.000, 0.000, 0.000),63.850,VALID,(-0.025, -0.198, 0.980),(-0.032, 0.000, 0.000),0.601,3.792,6.314,0.890,VALID,(-0.025, -0.198, 0.980),(0.032, 0.000, 0.000),0.619,3.931,6.354,0.817,2,0
450838,1000002509705181300,63875743300594,(0.014, 1.437, 0.000),(0.031, -0.250, 0.031, 0.967),VALID,(-0.039, -0.207, 0.978),(0.000, 0.000, 0.000),63.850,VALID,(-0.039, -0.207, 0.978),(-0.032, 0.000, 0.000),0.600,3.791,6.314,0.888,VALID,(-0.039, -0.207, 0.978),(0.032, 0.000, 0.000),0.620,3.937,6.354,0.813,2,0
450839,1000002509710144400,63875743300605,(0.014, 1.437, 0.000),(0.031, -0.250, 0.031, 0.967),VALID,(-0.050, -0.213, 0.976),(0.000, 0.000, 0.000),63.850,VALID,(-0.050, -0.213, 0.976),(-0.032, 0.000, 0.000),0.600,3.789,6.314,0.887,VALID,(-0.050, -0.213, 0.976),(0.032, 0.000, 0.000),0.620,3.939,6.354,0.808,2,0
450840,1000002509715158700,63875743300605,(0.014, 1.437, 0.000),(0.031, -0.250, 0.031, 0.967),VALID,(-0.058, -0.220, 0.974),(0.000, 0.000, 0.000),63.850,VALID,(-0.058, -0.220, 0.974),(-0.032, 0.000, 0.000),0.596,3.762,6.314,0.887,VALID,(-0.058, -0.220, 0.974),(0.032, 0.000, 0.000),0.620,3.940,6.354,0.805,2,0
450841,1000002509720180600,63875743300605,(0.014, 1.437, 0.000),(0.031, -0.250, 0.031, 0.967),VALID,(-0.064, -0.224, 0.972),(0.000, 0.000, 0.000),63.850,VALID,(-0.064, -0.224, 0.972),(-0.032, 0.000, 0.000),0.596,3.761,6.314,0.886,VALID,(-0.064, -0.224, 0.972),(0.032, 0.000, 0.000),0.620,3.940,6.354,0.801,2,0
450842,1000002509725195000,63875743300616,(0.014, 1.437, 0.000),(0.031, -0.250, 0.031, 0.967),VALID,(-0.068, -0.227, 0.971),(0.000, 0.000, 0.000),63.850,VALID,(-0.068, -0.227, 0.971),(-0.032, 0.000, 0.000),0.596,3.761,6.314,0.886,VALID,(-0.068, -0.227, 0.971),(0.032, 0.000, 0.000),0.620,3.940,6.354,0.799,2,0
450843,1000002509730213400,63875743300616,(0.014, 1.437, 0.000),(0.031, -0.250, 0.031, 0.967),VALID,(-0.071, -0.230, 0.971),(0.000, 0.000, 0.000),63.850,VALID,(-0.071, -0.230, 0.971),(-0.032, 0.000, 0.000),0.596,3.761,6.314,0.884,VALID,(-0.071, -0.230, 0.971),(0.032, 0.000, 0.000),0.620,3.940,6.354,0.796,2,0
450844,1000002509735231800,63875743300627,(0.014, 1.437, -0.001),(0.031, -0.250, 0.031, 0.967),VALID,(-0.072, -0.233, 0.970),(0.000, 0.000, 0.000),63.850,VALID,(-0.072, -0.233, 0.970),(-0.032, 0.000, 0.000),0.594,3.752,6.314,0.883,VALID,(-0.072, -0.233, 0.970),(0.032, 0.000, 0.000),0.620,3.939,6.354,0.794,2,0
450845,1000002509740250200,63875743300627,(0.014, 1.437, -0.001),(0.031, -0.250, 0.031, 0.967),VALID,(-0.074, -0.235, 0.969),(0.000, 0.000, 0.000),63.850,VALID,(-0.074, -0.235, 0.969),(-0.032, 0.000, 0.000),0.593,3.747,6.314,0.882,VALID,(-0.074, -0.235, 0.969),(0.032, 0.000, 0.000),0.620,3.938,6.354,0.792,2,0
450846,1000002509745268600,63875743300638,(0.014, 1.437, -0.001),(0.031, -0.250, 0.031, 0.967),VALID,(-0.074, -0.236, 0.969),(0.000, 0.000, 0.000),63.850,VALID,(-0.074, -0.236, 0.969),(-0.032, 0.000, 0.000),0.593,3.744,6.314,0.881,VALID,(-0.074, -0.236, 0.969),(0.032, 0.000, 0.000),0.620,3.938,6.354,0.791,2,0
450847,1000002509750283000,63875743300638,(0.014, 1.437, -0.001),(0.031, -0.250, 0.031, 0.967),VALID,(-0.075, -0.237, 0.969),(0.000, 0.000, 0.000),63.850,VALID,(-0.075, -0.237, 0.969),(-0.032, 0.000, 0.000),0.593,3.742,6.314,0.880,VALID,(-0.075, -0.237, 0.969),(0.032, 0.000, 0.000),0.620,3.938,6.354,0.790,2,0
450848,1000002509755301400,63875743300649,(0.014, 1.437, -0.001),(0.031, -0.250, 0.031, 0.967),VALID,(-0.075, -0.238, 0.968),(0.000, 0.000, 0.000),63.850,VALID,(-0.075, -0.238, 0.968),(-0.032, 0.000, 0.000),0.593,3.742,6.314,0.880,VALID,(-0.075, -0.238, 0.968),(0.032, 0.000, 0.000),0.620,3.938,6.354,0.789,2,0
450849,1000002509760303700,63875743300649,(0.014, 1.437, -0.001),(0.031, -0.250, 0.031, 0.967),VALID,(-0.076, -0.238, 0.968),(0.000, 0.000, 0.000),63.850,VALID,(-0.076, -0.238, 0.968),(-0.032, 0.000, 0.000),0.594,3.753,6.314,0.879,VALID,(-0.076, -0.238, 0.968),(0.032, 0.000, 0.000),0.620,3.937,6.354,0.789,2,0
450850,1000002509765322100,63875743300660,(0.014, 1.437, -0.001),(0.030, -0.250, 0.031, 0.967),VALID,(-0.076, -0.238, 0.968),(0.000, 0.000, 0.000),63.850,VALID,(-0.076, -0.238, 0.968),(-0.032, 0.000, 0.000),0.594,3.754,6.314,0.879,VALID,(-0.076, -0.238, 0.968),(0.032, 0.000, 0.000),0.620,3.937,6.354,0.788,2,0
450851,1000002509770336500,63875743300660,(0.014, 1.437, -0.001),(0.030, -0.250, 0.031, 0.967),VALID,(-0.076, -0.238, 0.968),(0.000, 0.000, 0.000),63.850,VALID,(-0.076, -0.238, 0.968),(-0.032, 0.000, 0.000),0.595,3.755,6.314,0.878,VALID,(-0.076, -0.238, 0.968),(0.032, 0.000, 0.000),0.620,3.937,6.354,0.788,2,0
450852,1000002509775359000,63875743300672,(0.014, 1.437, -0.001),(0.031, -0.250, 0.031, 0.967),VALID,(-0.076, -0.238, 0.968),(0.000, 0.000, 0.000),63.850,VALID,(-0.076, -0.238, 0.968),(-0.032, 0.000, 0.000),0.595,3.757,6.314,0.878,VALID,(-0.076, -0.238, 0.968),(0.032, 0.000, 0.000),0.620,3.937,6.354,0.788,2,0
450853,1000002509780377400,63875743300672,(0.014, 1.437, -0.001),(0.031, -0.250, 0.031, 0.967),VALID,(-0.076, -0.238, 0.968),(0.000, 0.000, 0.000),63.850,VALID,(-0.076, -0.238, 0.968),(-0.032, 0.000, 0.000),0.599,3.783,6.314,0.878,VALID,(-0.076, -0.238, 0.968),(0.032, 0.000, 0.000),0.620,3.936,6.354,0.788,2,0
450854,1000002509785357700,63875743300672,(0.014, 1.437, -0.001),(0.031, -0.250, 0.031, 0.967),VALID,(-0.076, -0.237, 0.968),(0.000, 0.000, 0.000),63.850,VALID,(-0.076, -0.237, 0.968),(-0.032, 0.000, 0.000),0.600,3.787,6.314,0.878,VALID,(-0.076, -0.237, 0.968),(0.032, 0.000, 0.000),0.620,3.936,6.354,0.787,2,0.1244914
450855,1000002509790385100,63875743300683,(0.014, 1.437, -0.001),(0.031, -0.250, 0.031, 0.967),VALID,(-0.076, -0.237, 0.969),(0.000, 0.000, 0.000),63.850,VALID,(-0.076, -0.237, 0.969),(-0.032, 0.000, 0.000),0.600,3.789,6.314,0.877,VALID,(-0.076, -0.237, 0.969),(0.032, 0.000, 0.000),0.620,3.936,6.354,0.787,2,0.5459143
450856,1000002509795403800,63875743300683,(0.014, 1.437, -0.001),(0.031, -0.250, 0.031, 0.967),VALID,(-0.076, -0.237, 0.969),(0.000, 0.000, 0.000),63.850,VALID,(-0.076, -0.237, 0.969),(-0.032, 0.000, 0.000),0.600,3.790,6.314,0.877,VALID,(-0.076, -0.237, 0.969),(0.032, 0.000, 0.000),0.620,3.936,6.354,0.787,2,0.7249807
450857,1000002509800422500,63875743300694,(0.014, 1.437, -0.001),(0.030, -0.250, 0.031, 0.967),VALID,(-0.076, -0.236, 0.969),(0.000, 0.000, 0.000),63.850,VALID,(-0.076, -0.236, 0.969),(-0.032, 0.000, 0.000),0.600,3.792,6.314,0.877,VALID,(-0.076, -0.236, 0.969),(0.032, 0.000, 0.000),0.620,3.937,6.354,0.787,2,0.7650992
450858,1000002509805440900,63875743300694,(0.014, 1.437, -0.001),(0.030, -0.250, 0.031, 0.967),VALID,(-0.076, -0.236, 0.969),(0.000, 0.000, 0.000),63.850,VALID,(-0.076, -0.236, 0.969),(-0.032, 0.000, 0.000),0.601,3.792,6.314,0.877,VALID,(-0.076, -0.236, 0.969),(0.032, 0.000, 0.000),0.620,3.937,6.354,0.787,2,0.8399143
450859,1000002509810362900,63875743300705,(0.014, 1.437, -0.001),(0.030, -0.250, 0.031, 0.967),VALID,(-0.076, -0.236, 0.969),(0.000, 0.000, 0.000),63.850,VALID,(-0.076, -0.236, 0.969),(-0.032, 0.000, 0.000),0.601,3.793,6.314,0.877,VALID,(-0.076, -0.236, 0.969),(0.032, 0.000, 0.000),0.620,3.938,6.354,0.788,2,0.9393947
450860,1000002509815381300,63875743300705,(0.014, 1.437, -0.001),(0.030, -0.250, 0.031, 0.967),VALID,(-0.076, -0.236, 0.969),(0.000, 0.000, 0.000),63.850,VALID,(-0.076, -0.236, 0.969),(-0.032, 0.000, 0.000),0.601,3.794,6.314,0.877,VALID,(-0.076, -0.236, 0.969),(0.032, 0.000, 0.000),0.620,3.938,6.354,0.788,2,0.9708908
450861,1000002509820417000,63875743300716,(0.014, 1.437, -0.001),(0.031, -0.250, 0.031, 0.967),VALID,(-0.076, -0.235, 0.969),(0.000, 0.000, 0.000),63.850,VALID,(-0.076, -0.235, 0.969),(-0.032, 0.000, 0.000),0.601,3.796,6.314,0.878,VALID,(-0.076, -0.235, 0.969),(0.032, 0.000, 0.000),0.620,3.939,6.354,0.788,2,0.985034
450862,1000002509825435400,63875743300716,(0.014, 1.437, -0.001),(0.031, -0.250, 0.031, 0.967),VALID,(-0.076, -0.235, 0.969),(0.000, 0.000, 0.000),63.850,VALID,(-0.076, -0.235, 0.969),(-0.032, 0.000, 0.000),0.601,3.798,6.314,0.878,VALID,(-0.076, -0.235, 0.969),(0.032, 0.000, 0.000),0.620,3.940,6.354,0.788,2,0.9833492
450863,1000002509830447300,63875743300716,(0.014, 1.437, -0.001),(0.031, -0.250, 0.031, 0.967),VALID,(-0.076, -0.235, 0.969),(0.000, 0.000, 0.000),63.850,VALID,(-0.076, -0.235, 0.969),(-0.032, 0.000, 0.000),0.602,3.802,6.314,0.878,VALID,(-0.076, -0.235, 0.969),(0.032, 0.000, 0.000),0.620,3.941,6.354,0.788,2,1
450864,1000002509835464500,63875743300727,(0.014, 1.437, -0.001),(0.031, -0.250, 0.032, 0.967),VALID,(-0.076, -0.234, 0.969),(0.000, 0.000, 0.000),63.850,VALID,(-0.076, -0.234, 0.969),(-0.032, 0.000, 0.000),0.603,3.805,6.314,0.878,VALID,(-0.076, -0.234, 0.969),(0.032, 0.000, 0.000),0.621,3.943,6.354,0.788,2,1
450865,1000002509840481500,63875743300727,(0.014, 1.437, -0.001),(0.031, -0.250, 0.032, 0.967),VALID,(-0.076, -0.234, 0.969),(0.000, 0.000, 0.000),63.850,VALID,(-0.076, -0.234, 0.969),(-0.032, 0.000, 0.000),0.603,3.807,6.314,0.878,VALID,(-0.076, -0.234, 0.969),(0.032, 0.000, 0.000),0.621,3.944,6.354,0.789,2,1
450866,1000002509845499300,63875743300739,(0.014, 1.437, -0.001),(0.031, -0.250, 0.032, 0.967),VALID,(-0.075, -0.234, 0.969),(0.000, 0.000, 0.000),63.850,VALID,(-0.075, -0.234, 0.969),(-0.032, 0.000, 0.000),0.604,3.811,6.314,0.878,VALID,(-0.075, -0.234, 0.969),(0.032, 0.000, 0.000),0.621,3.945,6.354,0.789,2,1
450867,1000002509850517100,63875743300739,(0.014, 1.437, -0.001),(0.031, -0.250, 0.032, 0.967),VALID,(-0.075, -0.234, 0.969),(0.000, 0.000, 0.000),63.850,VALID,(-0.075, -0.234, 0.969),(-0.032, 0.000, 0.000),0.604,3.811,6.314,0.879,VALID,(-0.075, -0.234, 0.969),(0.032, 0.000, 0.000),0.621,3.946,6.354,0.789,2,1
450868,1000002509855534900,63875743300750,(0.014, 1.437, -0.001),(0.031, -0.250, 0.032, 0.967),VALID,(-0.075, -0.234, 0.969),(0.000, 0.000, 0.000),63.850,VALID,(-0.075, -0.234, 0.969),(-0.032, 0.000, 0.000),0.604,3.811,6.314,0.879,VALID,(-0.075, -0.234, 0.969),(0.032, 0.000, 0.000),0.621,3.946,6.354,0.789,2,1
450869,1000002509860551900,63875743300751,(0.014, 1.437, -0.001),(0.031, -0.250, 0.032, 0.967),VALID,(-0.075, -0.234, 0.969),(0.000, 0.000, 0.000),63.850,VALID,(-0.075, -0.234, 0.969),(-0.032, 0.000, 0.000),0.603,3.810,6.314,0.879,VALID,(-0.075, -0.234, 0.969),(0.032, 0.000, 0.000),0.621,3.946,6.354,0.790,2,1
450870,1000002509865569700,63875743300761,(0.014, 1.437, -0.001),(0.031, -0.250, 0.032, 0.967),VALID,(-0.075, -0.234, 0.969),(0.000, 0.000, 0.000),63.850,VALID,(-0.075, -0.234, 0.969),(-0.032, 0.000, 0.000),0.603,3.810,6.314,0.880,VALID,(-0.075, -0.234, 0.969),(0.032, 0.000, 0.000),0.622,3.949,6.354,0.790,2,1
450871,1000002509870585700,63875743300761,(0.014, 1.437, -0.001),(0.031, -0.250, 0.032, 0.967),VALID,(-0.075, -0.234, 0.969),(0.000, 0.000, 0.000),63.850,VALID,(-0.075, -0.234, 0.969),(-0.032, 0.000, 0.000),0.603,3.809,6.314,0.880,VALID,(-0.075, -0.234, 0.969),(0.032, 0.000, 0.000),0.622,3.951,6.354,0.790,2,1
450872,1000002509875551200,63875743300761,(0.014, 1.437, -0.001),(0.031, -0.250, 0.032, 0.967),VALID,(-0.075, -0.234, 0.969),(0.000, 0.000, 0.000),63.850,VALID,(-0.075, -0.234, 0.969),(-0.032, 0.000, 0.000),0.603,3.808,6.314,0.880,VALID,(-0.075, -0.234, 0.969),(0.032, 0.000, 0.000),0.622,3.952,6.354,0.791,2,1
450873,1000002509880568200,63875743300771,(0.014, 1.437, -0.001),(0.031, -0.250, 0.032, 0.967),VALID,(-0.075, -0.234, 0.969),(0.000, 0.000, 0.000),63.850,VALID,(-0.075, -0.234, 0.969),(-0.032, 0.000, 0.000),0.603,3.808,6.314,0.880,VALID,(-0.075, -0.234, 0.969),(0.032, 0.000, 0.000),0.622,3.954,6.354,0.791,2,1
450874,1000002509885585200,63875743300772,(0.014, 1.437, -0.001),(0.031, -0.250, 0.032, 0.967),VALID,(-0.075, -0.234, 0.969),(0.000, 0.000, 0.000),63.850,VALID,(-0.075, -0.234, 0.969),(-0.032, 0.000, 0.000),0.603,3.808,6.314,0.881,VALID,(-0.075, -0.234, 0.969),(0.032, 0.000, 0.000),0.622,3.955,6.354,0.791,2,1
450875,1000002509890591300,63875743300783,(0.014, 1.438, -0.001),(0.031, -0.251, 0.032, 0.967),VALID,(-0.075, -0.234, 0.969),(0.000, 0.000, 0.000),63.850,VALID,(-0.075, -0.234, 0.969),(-0.032, 0.000, 0.000),0.603,3.809,6.314,0.881,VALID,(-0.075, -0.234, 0.969),(0.032, 0.000, 0.000),0.623,3.956,6.354,0.792,2,1
450876,1000002509895595200,63875743300783,(0.014, 1.438, -0.001),(0.031, -0.251, 0.032, 0.967),VALID,(-0.074, -0.234, 0.969),(0.000, 0.000, 0.000),63.850,VALID,(-0.074, -0.234, 0.969),(-0.032, 0.000, 0.000),0.603,3.806,6.314,0.881,VALID,(-0.074, -0.234, 0.969),(0.032, 0.000, 0.000),0.623,3.957,6.354,0.792,2,1
450877,1000002509900610500,63875743300794,(0.014, 1.438, -0.001),(0.031, -0.251, 0.032, 0.967),VALID,(-0.074, -0.234, 0.969),(0.000, 0.000, 0.000),63.850,VALID,(-0.074, -0.234, 0.969),(-0.032, 0.000, 0.000),0.603,3.805,6.314,0.882,VALID,(-0.074, -0.234, 0.969),(0.032, 0.000, 0.000),0.623,3.958,6.354,0.792,2,1
450878,1000002509905625800,63875743300794,(0.014, 1.438, -0.001),(0.031, -0.251, 0.032, 0.967),VALID,(-0.074, -0.234, 0.969),(0.000, 0.000, 0.000),63.850,VALID,(-0.074, -0.234, 0.969),(-0.032, 0.000, 0.000),0.603,3.804,6.314,0.882,VALID,(-0.074, -0.234, 0.969),(0.032, 0.000, 0.000),0.623,3.959,6.354,0.793,2,1
450879,1000002509910648100,63875743300802,(0.014, 1.438, -0.001),(0.031, -0.251, 0.032, 0.967),VALID,(-0.074, -0.234, 0.969),(0.000, 0.000, 0.000),63.850,VALID,(-0.074, -0.234, 0.969),(-0.032, 0.000, 0.000),0.603,3.807,6.314,0.882,VALID,(-0.074, -0.234, 0.969),(0.032, 0.000, 0.000),0.623,3.960,6.354,0.793,2,1
450880,1000002509915673800,63875743300814,(0.014, 1.438, -0.001),(0.031, -0.251, 0.032, 0.967),VALID,(-0.074, -0.234, 0.969),(0.000, 0.000, 0.000),63.850,VALID,(-0.074, -0.234, 0.969),(-0.032, 0.000, 0.000),0.604,3.811,6.314,0.882,VALID,(-0.074, -0.234, 0.969),(0.032, 0.000, 0.000),0.623,3.961,6.354,0.793,2,1
450881,1000002509920692500,63875743300814,(0.014, 1.438, -0.001),(0.031, -0.251, 0.032, 0.967),VALID,(-0.074, -0.234, 0.969),(0.000, 0.000, 0.000),63.850,VALID,(-0.074, -0.234, 0.969),(-0.032, 0.000, 0.000),0.604,3.812,6.314,0.882,VALID,(-0.074, -0.234, 0.969),(0.032, 0.000, 0.000),0.624,3.962,6.354,0.793,2,1
450882,1000002509925707800,63875743300814,(0.014, 1.438, -0.001),(0.031, -0.251, 0.032, 0.967),VALID,(-0.074, -0.234, 0.969),(0.000, 0.000, 0.000),63.850,VALID,(-0.074, -0.234, 0.969),(-0.032, 0.000, 0.000),0.604,3.812,6.314,0.882,VALID,(-0.074, -0.234, 0.969),(0.032, 0.000, 0.000),0.624,3.962,6.354,0.793,2,1
450883,1000002509930748700,63875743300825,(0.014, 1.438, -0.001),(0.031, -0.251, 0.032, 0.967),VALID,(-0.074, -0.234, 0.969),(0.000, 0.000, 0.000),63.850,VALID,(-0.074, -0.234, 0.969),(-0.032, 0.000, 0.000),0.604,3.812,6.314,0.882,VALID,(-0.074, -0.234, 0.969),(0.032, 0.000, 0.000),0.624,3.963,6.354,0.793,2,1
450884,1000002509935764000,63875743300825,(0.014, 1.438, -0.001),(0.031, -0.251, 0.032, 0.967),VALID,(-0.074, -0.234, 0.969),(0.000, 0.000, 0.000),63.850,VALID,(-0.074, -0.234, 0.969),(-0.032, 0.000, 0.000),0.604,3.812,6.314,0.882,VALID,(-0.074, -0.234, 0.969),(0.032, 0.000, 0.000),0.624,3.963,6.354,0.793,2,1
450885,1000002509940767400,63875743300825,(0.014, 1.438, -0.001),(0.031, -0.251, 0.032, 0.967),VALID,(-0.074, -0.234, 0.969),(0.000, 0.000, 0.000),63.850,VALID,(-0.074, -0.234, 0.969),(-0.032, 0.000, 0.000),0.604,3.811,6.314,0.882,VALID,(-0.074, -0.234, 0.969),(0.032, 0.000, 0.000),0.624,3.964,6.354,0.793,2,1
450886,1000002509945740600,63875743300835,(0.014, 1.438, -0.001),(0.031, -0.251, 0.032, 0.967),VALID,(-0.074, -0.234, 0.969),(0.000, 0.000, 0.000),63.850,VALID,(-0.074, -0.234, 0.969),(-0.032, 0.000, 0.000),0.603,3.810,6.314,0.882,VALID,(-0.074, -0.234, 0.969),(0.032, 0.000, 0.000),0.624,3.965,6.354,0.793,2,1
450887,1000002509950762900,63875743300835,(0.014, 1.438, -0.001),(0.031, -0.251, 0.032, 0.967),VALID,(-0.074, -0.234, 0.969),(0.000, 0.000, 0.000),63.850,VALID,(-0.074, -0.234, 0.969),(-0.032, 0.000, 0.000),0.603,3.809,6.314,0.882,VALID,(-0.074, -0.234, 0.969),(0.032, 0.000, 0.000),0.624,3.966,6.354,0.793,2,1
450888,1000002509955778200,63875743300847,(0.014, 1.438, -0.001),(0.031, -0.251, 0.032, 0.967),VALID,(-0.074, -0.234, 0.969),(0.000, 0.000, 0.000),63.850,VALID,(-0.074, -0.234, 0.969),(-0.032, 0.000, 0.000),0.603,3.807,6.314,0.882,VALID,(-0.074, -0.234, 0.969),(0.032, 0.000, 0.000),0.624,3.967,6.354,0.793,2,1
450889,1000002509960740000,63875743300847,(0.014, 1.438, -0.001),(0.031, -0.251, 0.032, 0.967),VALID,(-0.074, -0.234, 0.969),(0.000, 0.000, 0.000),63.850,VALID,(-0.074, -0.234, 0.969),(-0.032, 0.000, 0.000),0.603,3.806,6.314,0.882,VALID,(-0.074, -0.234, 0.969),(0.032, 0.000, 0.000),0.625,3.968,6.354,0.793,2,1
450890,1000002509965779600,63875743300858,(0.014, 1.438, -0.001),(0.031, -0.251, 0.032, 0.967),VALID,(-0.074, -0.234, 0.969),(0.000, 0.000, 0.000),63.850,VALID,(-0.074, -0.234, 0.969),(-0.032, 0.000, 0.000),0.603,3.806,6.314,0.882,VALID,(-0.074, -0.234, 0.969),(0.032, 0.000, 0.000),0.625,3.968,6.354,0.793,2,1
450891,1000002509970814800,63875743300858,(0.014, 1.438, -0.001),(0.031, -0.251, 0.032, 0.967),VALID,(-0.074, -0.234, 0.969),(0.000, 0.000, 0.000),63.850,VALID,(-0.074, -0.234, 0.969),(-0.032, 0.000, 0.000),0.603,3.806,6.314,0.882,VALID,(-0.074, -0.234, 0.969),(0.032, 0.000, 0.000),0.624,3.968,6.354,0.793,2,1
450892,1000002509975831800,63875743300870,(0.014, 1.438, -0.001),(0.031, -0.251, 0.032, 0.967),VALID,(-0.074, -0.234, 0.969),(0.000, 0.000, 0.000),63.850,VALID,(-0.074, -0.234, 0.969),(-0.032, 0.000, 0.000),0.603,3.806,6.314,0.881,VALID,(-0.074, -0.234, 0.969),(0.032, 0.000, 0.000),0.624,3.968,6.354,0.793,2,1
450893,1000002509980848100,63875743300870,(0.014, 1.438, -0.001),(0.031, -0.251, 0.032, 0.967),VALID,(-0.074, -0.235, 0.969),(0.000, 0.000, 0.000),63.850,VALID,(-0.074, -0.235, 0.969),(-0.032, 0.000, 0.000),0.603,3.807,6.314,0.881,VALID,(-0.074, -0.235, 0.969),(0.032, 0.000, 0.000),0.624,3.968,6.354,0.793,2,1
450894,1000002509985865100,63875743300880,(0.014, 1.438, -0.001),(0.031, -0.251, 0.032, 0.967),VALID,(-0.074, -0.235, 0.969),(0.000, 0.000, 0.000),63.850,VALID,(-0.074, -0.235, 0.969),(-0.032, 0.000, 0.000),0.602,3.803,6.314,0.881,VALID,(-0.074, -0.235, 0.969),(0.032, 0.000, 0.000),0.624,3.968,6.354,0.792,2,1
450895,1000002509990881400,63875743300880,(0.014, 1.438, -0.001),(0.031, -0.251, 0.032, 0.967),VALID,(-0.073, -0.235, 0.969),(0.000, 0.000, 0.000),63.850,VALID,(-0.073, -0.235, 0.969),(-0.032, 0.000, 0.000),0.602,3.800,6.314,0.880,VALID,(-0.073, -0.235, 0.969),(0.032, 0.000, 0.000),0.625,3.968,6.354,0.792,2,1
450896,1000002509995898400,63875743300880,(0.014, 1.438, -0.001),(0.031, -0.251, 0.032, 0.967),VALID,(-0.073, -0.235, 0.969),(0.000, 0.000, 0.000),63.850,VALID,(-0.073, -0.235, 0.969),(-0.032, 0.000, 0.000),0.600,3.791,6.314,0.880,VALID,(-0.073, -0.235, 0.969),(0.032, 0.000, 0.000),0.625,3.968,6.354,0.792,2,1
450897,1000002510000894000,63875743300892,(0.015, 1.438, -0.002),(0.031, -0.252, 0.032, 0.967),VALID,(-0.073, -0.235, 0.969),(0.000, 0.000, 0.000),63.850,VALID,(-0.073, -0.235, 0.969),(-0.032, 0.000, 0.000),0.599,3.784,6.314,0.879,VALID,(-0.073, -0.235, 0.969),(0.032, 0.000, 0.000),0.625,3.969,6.354,0.792,2,1
450898,1000002510005856800,63875743300892,(0.015, 1.438, -0.002),(0.031, -0.252, 0.032, 0.967),VALID,(-0.073, -0.236, 0.969),(0.000, 0.000, 0.000),63.850,VALID,(-0.073, -0.236, 0.969),(-0.032, 0.000, 0.000),0.598,3.778,6.314,0.878,VALID,(-0.073, -0.236, 0.969),(0.032, 0.000, 0.000),0.625,3.970,6.354,0.791,2,1
450899,1000002510010881800,63875743300903,(0.015, 1.439, -0.002),(0.031, -0.252, 0.032, 0.967),VALID,(-0.073, -0.236, 0.969),(0.000, 0.000, 0.000),63.850,VALID,(-0.073, -0.236, 0.969),(-0.032, 0.000, 0.000),0.598,3.775,6.314,0.878,VALID,(-0.073, -0.236, 0.969),(0.032, 0.000, 0.000),0.625,3.970,6.354,0.791,2,1
450900,1000002510015909300,63875743300915,(0.015, 1.439, -0.002),(0.031, -0.252, 0.032, 0.967),VALID,(-0.073, -0.236, 0.969),(0.000, 0.000, 0.000),63.850,VALID,(-0.073, -0.236, 0.969),(-0.032, 0.000, 0.000),0.597,3.770,6.314,0.877,VALID,(-0.073, -0.236, 0.969),(0.032, 0.000, 0.000),0.625,3.971,6.354,0.791,2,1
450901,1000002510020935100,63875743300915,(0.015, 1.439, -0.002),(0.031, -0.252, 0.032, 0.967),VALID,(-0.072, -0.237, 0.969),(0.000, 0.000, 0.000),63.850,VALID,(-0.072, -0.237, 0.969),(-0.032, 0.000, 0.000),0.596,3.763,6.314,0.876,VALID,(-0.072, -0.237, 0.969),(0.032, 0.000, 0.000),0.625,3.971,6.354,0.790,2,1
450902,1000002510025956500,63875743300915,(0.015, 1.439, -0.002),(0.031, -0.252, 0.032, 0.967),VALID,(-0.072, -0.237, 0.969),(0.000, 0.000, 0.000),63.850,VALID,(-0.072, -0.237, 0.969),(-0.032, 0.000, 0.000),0.595,3.756,6.314,0.875,VALID,(-0.072, -0.237, 0.969),(0.032, 0.000, 0.000),0.625,3.972,6.354,0.790,2,1
450903,1000002510030980100,63875743300927,(0.015, 1.439, -0.002),(0.031, -0.252, 0.032, 0.967),VALID,(-0.072, -0.238, 0.969),(0.000, 0.000, 0.000),63.850,VALID,(-0.072, -0.238, 0.969),(-0.032, 0.000, 0.000),0.594,3.753,6.314,0.874,VALID,(-0.072, -0.238, 0.969),(0.032, 0.000, 0.000),0.625,3.972,6.354,0.789,2,1
450904,1000002510036001500,63875743300927,(0.015, 1.439, -0.002),(0.031, -0.252, 0.032, 0.967),VALID,(-0.071, -0.238, 0.969),(0.000, 0.000, 0.000),63.850,VALID,(-0.071, -0.238, 0.969),(-0.032, 0.000, 0.000),0.594,3.751,6.314,0.873,VALID,(-0.071, -0.238, 0.969),(0.032, 0.000, 0.000),0.625,3.972,6.354,0.789,2,1
450905,1000002510041025100,63875743300927,(0.015, 1.439, -0.002),(0.031, -0.252, 0.032, 0.967),VALID,(-0.071, -0.239, 0.968),(0.000, 0.000, 0.000),63.850,VALID,(-0.071, -0.239, 0.968),(-0.032, 0.000, 0.000),0.593,3.746,6.314,0.871,VALID,(-0.071, -0.239, 0.968),(0.032, 0.000, 0.000),0.625,3.973,6.354,0.788,2,1
450906,1000002510046046500,63875743300937,(0.015, 1.439, -0.002),(0.031, -0.252, 0.032, 0.967),VALID,(-0.071, -0.239, 0.968),(0.000, 0.000, 0.000),63.850,VALID,(-0.071, -0.239, 0.968),(-0.032, 0.000, 0.000),0.592,3.740,6.314,0.870,VALID,(-0.071, -0.239, 0.968),(0.032, 0.000, 0.000),0.625,3.974,6.354,0.787,2,1
450907,1000002510051002400,63875743300937,(0.015, 1.439, -0.002),(0.031, -0.252, 0.032, 0.967),VALID,(-0.071, -0.240, 0.968),(0.000, 0.000, 0.000),63.850,VALID,(-0.071, -0.240, 0.968),(-0.032, 0.000, 0.000),0.589,3.721,6.314,0.868,VALID,(-0.071, -0.240, 0.968),(0.032, 0.000, 0.000),0.626,3.975,6.354,0.787,2,1
450908,1000002510056023800,63875743300948,(0.015, 1.439, -0.002),(0.031, -0.252, 0.032, 0.967),VALID,(-0.071, -0.241, 0.968),(0.000, 0.000, 0.000),63.850,VALID,(-0.071, -0.241, 0.968),(-0.032, 0.000, 0.000),0.589,3.718,6.314,0.866,VALID,(-0.071, -0.241, 0.968),(0.032, 0.000, 0.000),0.626,3.976,6.354,0.785,2,0.9707139
450909,1000002510061018000,63875743300959,(0.015, 1.439, -0.002),(0.031, -0.252, 0.032, 0.967),VALID,(-0.071, -0.242, 0.968),(0.000, 0.000, 0.000),63.850,VALID,(-0.071, -0.242, 0.968),(-0.032, 0.000, 0.000),0.589,3.719,6.314,0.864,VALID,(-0.071, -0.242, 0.968),(0.032, 0.000, 0.000),0.626,3.976,6.354,0.784,2,0.9696628
450910,1000002510066032000,63875743300959,(0.015, 1.439, -0.002),(0.031, -0.252, 0.032, 0.967),VALID,(-0.071, -0.243, 0.967),(0.000, 0.000, 0.000),63.850,VALID,(-0.071, -0.243, 0.967),(-0.032, 0.000, 0.000),0.589,3.720,6.314,0.862,VALID,(-0.071, -0.243, 0.967),(0.032, 0.000, 0.000),0.626,3.977,6.354,0.783,2,0.9679929
450911,1000002510071055600,63875743300970,(0.015, 1.439, -0.002),(0.031, -0.252, 0.032, 0.967),VALID,(-0.071, -0.244, 0.967),(0.000, 0.000, 0.000),63.850,VALID,(-0.071, -0.244, 0.967),(-0.032, 0.000, 0.000),0.590,3.724,6.314,0.860,VALID,(-0.071, -0.244, 0.967),(0.032, 0.000, 0.000),0.626,3.977,6.354,0.782,2,0.9718509
450912,1000002510076077000,63875743300970,(0.015, 1.439, -0.002),(0.031, -0.252, 0.032, 0.967),VALID,(-0.071, -0.244, 0.967),(0.000, 0.000, 0.000),63.850,VALID,(-0.071, -0.244, 0.967),(-0.032, 0.000, 0.000),0.591,3.733,6.314,0.858,VALID,(-0.071, -0.244, 0.967),(0.032, 0.000, 0.000),0.626,3.979,6.354,0.781,2,0.9582872
450913,1000002510081066800,63875743300981,(0.015, 1.439, -0.002),(0.030, -0.252, 0.032, 0.967),VALID,(-0.071, -0.245, 0.967),(0.000, 0.000, 0.000),63.850,VALID,(-0.071, -0.245, 0.967),(-0.032, 0.000, 0.000),0.592,3.741,6.314,0.856,VALID,(-0.071, -0.245, 0.967),(0.032, 0.000, 0.000),0.627,3.981,6.354,0.780,2,0.973755
450914,1000002510086088200,63875743300981,(0.015, 1.439, -0.002),(0.030, -0.252, 0.032, 0.967),VALID,(-0.071, -0.245, 0.967),(0.000, 0.000, 0.000),63.850,VALID,(-0.071, -0.245, 0.967),(-0.032, 0.000, 0.000),0.596,3.766,6.314,0.853,VALID,(-0.071, -0.245, 0.967),(0.032, 0.000, 0.000),0.627,3.983,6.354,0.778,2,0.9236996
450915,1000002510091104500,63875743300992,(0.015, 1.439, -0.002),(0.030, -0.252, 0.032, 0.967),VALID,(-0.071, -0.245, 0.967),(0.000, 0.000, 0.000),63.850,VALID,(-0.071, -0.245, 0.967),(-0.032, 0.000, 0.000),0.599,3.780,6.314,0.850,VALID,(-0.071, -0.245, 0.967),(0.032, 0.000, 0.000),0.627,3.984,6.354,0.776,2,0.9414579
450916,1000002510096125900,63875743300992,(0.015, 1.439, -0.002),(0.030, -0.252, 0.032, 0.967),VALID,(-0.071, -0.245, 0.967),(0.000, 0.000, 0.000),63.850,VALID,(-0.071, -0.245, 0.967),(-0.032, 0.000, 0.000),0.599,3.784,6.314,0.847,VALID,(-0.071, -0.245, 0.967),(0.032, 0.000, 0.000),0.627,3.985,6.354,0.775,2,0.9392183
450917,1000002510101139900,63875743300992,(0.015, 1.439, -0.002),(0.030, -0.252, 0.032, 0.967),VALID,(-0.071, -0.245, 0.967),(0.000, 0.000, 0.000),63.850,VALID,(-0.071, -0.245, 0.967),(-0.032, 0.000, 0.000),0.600,3.785,6.314,0.844,VALID,(-0.071, -0.245, 0.967),(0.032, 0.000, 0.000),0.627,3.985,6.354,0.773,2,0.9413099
450918,1000002510106133000,63875743301003,(0.015, 1.439, -0.002),(0.030, -0.252, 0.032, 0.967),VALID,(-0.071, -0.245, 0.967),(0.000, 0.000, 0.000),63.850,VALID,(-0.071, -0.245, 0.967),(-0.032, 0.000, 0.000),0.599,3.784,6.314,0.841,VALID,(-0.071, -0.245, 0.967),(0.032, 0.000, 0.000),0.627,3.986,6.354,0.771,2,0.9364874
450919,1000002510111147000,63875743301003,(0.015, 1.439, -0.002),(0.030, -0.252, 0.032, 0.967),VALID,(-0.071, -0.245, 0.967),(0.000, 0.000, 0.000),63.850,VALID,(-0.071, -0.245, 0.967),(-0.032, 0.000, 0.000),0.597,3.768,6.314,0.838,VALID,(-0.071, -0.245, 0.967),(0.032, 0.000, 0.000),0.627,3.987,6.354,0.770,2,0.8477746
450920,1000002510116168400,63875743301014,(0.015, 1.440, -0.002),(0.030, -0.252, 0.032, 0.967),VALID,(-0.072, -0.245, 0.967),(0.000, 0.000, 0.000),63.850,VALID,(-0.072, -0.245, 0.967),(-0.032, 0.000, 0.000),0.593,3.745,6.314,0.835,VALID,(-0.072, -0.245, 0.967),(0.032, 0.000, 0.000),0.628,3.990,6.354,0.768,2,0.709085
450921,1000002510121182400,63875743301014,(0.015, 1.440, -0.002),(0.030, -0.252, 0.032, 0.967),VALID,(-0.074, -0.245, 0.967),(0.000, 0.000, 0.000),63.850,VALID,(-0.073, -0.245, 0.967),(-0.032, 0.000, 0.000),0.596,3.765,6.314,0.834,VALID,(-0.074, -0.245, 0.967),(0.032, 0.000, 0.000),0.628,3.990,6.354,0.766,2,0.6405967
450922,1000002510126203800,63875743301014,(0.015, 1.440, -0.002),(0.030, -0.252, 0.032, 0.967),VALID,(-0.075, -0.245, 0.967),(0.000, 0.000, 0.000),63.850,VALID,(-0.074, -0.245, 0.967),(-0.032, 0.000, 0.000),0.612,3.866,6.314,0.834,VALID,(-0.075, -0.245, 0.967),(0.032, 0.000, 0.000),0.626,3.976,6.354,0.764,2,0.5169777
450923,1000002510131240100,63875743301025,(0.015, 1.440, -0.002),(0.030, -0.253, 0.032, 0.967),VALID,(-0.074, -0.247, 0.966),(0.000, 0.000, 0.000),63.850,VALID,(-0.074, -0.247, 0.966),(-0.032, 0.000, 0.000),0.630,3.976,6.314,0.834,VALID,(-0.074, -0.247, 0.966),(0.032, 0.000, 0.000),0.625,3.970,6.354,0.763,2,0.1071873
450924,1000002510136254100,63875743301025,(0.015, 1.440, -0.002),(0.030, -0.253, 0.032, 0.967),VALID,(-0.073, -0.251, 0.965),(0.000, 0.000, 0.000),63.850,VALID,(-0.073, -0.251, 0.965),(-0.032, 0.000, 0.000),0.647,4.084,6.314,0.833,VALID,(-0.074, -0.251, 0.965),(0.032, 0.000, 0.000),0.624,3.962,6.354,0.762,2,0
450925,1000002510141268100,63875743301036,(0.016, 1.440, -0.002),(0.030, -0.253, 0.032, 0.967),VALID,(-0.069, -0.265, 0.962),(0.000, 0.000, 0.000),63.850,VALID,(-0.068, -0.265, 0.962),(-0.032, 0.000, 0.000),0.617,3.895,6.314,0.833,VALID,(-0.069, -0.265, 0.962),(0.032, 0.000, 0.000),0.623,3.958,6.354,0.762,2,0
450926,1000002510146281400,63875743301036,(0.016, 1.440, -0.002),(0.030, -0.253, 0.032, 0.967),VALID,(-0.063, -0.283, 0.957),(0.000, 0.000, 0.000),63.850,VALID,(-0.063, -0.283, 0.957),(-0.032, 0.000, 0.000),0.610,3.852,6.314,0.833,VALID,(-0.063, -0.283, 0.957),(0.032, 0.000, 0.000),0.621,3.947,6.354,0.762,2,0
450927,1000002510151259500,63875743301036,(0.016, 1.440, -0.002),(0.030, -0.253, 0.032, 0.967),VALID,(-0.053, -0.305, 0.951),(0.000, 0.000, 0.000),63.850,VALID,(-0.053, -0.305, 0.951),(-0.032, 0.000, 0.000),0.607,3.829,6.314,0.833,VALID,(-0.054, -0.305, 0.951),(0.032, 0.000, 0.000),0.611,3.881,6.354,0.762,2,0
450928,1000002510156228800,63875743301047,(0.016, 1.440, -0.002),(0.030, -0.253, 0.032, 0.967),VALID,(-0.041, -0.327, 0.944),(0.000, 0.000, 0.000),63.850,VALID,(-0.040, -0.327, 0.944),(-0.032, 0.000, 0.000),0.602,3.798,6.314,0.832,VALID,(-0.041, -0.327, 0.944),(0.032, 0.000, 0.000),0.606,3.852,6.354,0.762,2,0
450929,1000002510161242100,63875743301047,(0.016, 1.440, -0.002),(0.030, -0.253, 0.032, 0.967),VALID,(-0.027, -0.348, 0.937),(0.000, 0.000, 0.000),63.850,VALID,(-0.026, -0.348, 0.937),(-0.032, 0.000, 0.000),0.599,3.780,6.314,0.831,VALID,(-0.028, -0.348, 0.937),(0.032, 0.000, 0.000),0.604,3.835,6.354,0.763,2,0
450930,1000002510166274700,63875743301059,(0.016, 1.440, -0.002),(0.029, -0.253, 0.032, 0.967),VALID,(-0.015, -0.364, 0.931),(0.000, 0.000, 0.000),63.850,VALID,(-0.013, -0.364, 0.931),(-0.032, 0.000, 0.000),0.599,3.781,6.314,0.830,VALID,(-0.016, -0.364, 0.931),(0.032, 0.000, 0.000),0.603,3.831,6.354,0.763,2,0
450931,1000002510171291700,63875743301059,(0.016, 1.440, -0.002),(0.029, -0.253, 0.032, 0.967),VALID,(-0.003, -0.376, 0.927),(0.000, 0.000, 0.000),63.850,VALID,(-0.001, -0.376, 0.927),(-0.032, 0.000, 0.000),0.599,3.781,6.314,0.828,VALID,(-0.005, -0.376, 0.927),(0.032, 0.000, 0.000),0.603,3.830,6.354,0.763,2,0
450932,1000002510176305000,63875743301070,(0.016, 1.440, -0.002),(0.029, -0.253, 0.032, 0.966),VALID,(0.005, -0.384, 0.923),(0.000, 0.000, 0.000),63.850,VALID,(0.008, -0.384, 0.923),(-0.032, 0.000, 0.000),0.599,3.781,6.314,0.828,VALID,(0.002, -0.384, 0.923),(0.032, 0.000, 0.000),0.602,3.824,6.354,0.763,2,0
450933,1000002510181319000,63875743301070,(0.016, 1.440, -0.002),(0.029, -0.253, 0.032, 0.966),VALID,(0.008, -0.386, 0.922),(0.000, 0.000, 0.000),63.850,VALID,(0.010, -0.386, 0.922),(-0.032, 0.000, 0.000),0.599,3.781,6.314,0.827,VALID,(0.006, -0.386, 0.922),(0.032, 0.000, 0.000),0.601,3.819,6.354,0.762,2,0
450934,1000002510186382400,63875743301081,(0.016, 1.440, -0.002),(0.029, -0.253, 0.032, 0.966),VALID,(0.010, -0.389, 0.921),(0.000, 0.000, 0.000),63.850,VALID,(0.011, -0.389, 0.921),(-0.032, 0.000, 0.000),0.599,3.779,6.314,0.827,VALID,(0.008, -0.389, 0.921),(0.032, 0.000, 0.000),0.601,3.816,6.354,0.762,2,0
450935,1000002510191398700,63875743301081,(0.016, 1.440, -0.002),(0.029, -0.253, 0.032, 0.966),VALID,(0.012, -0.390, 0.921),(0.000, 0.000, 0.000),63.850,VALID,(0.013, -0.390, 0.921),(-0.032, 0.000, 0.000),0.599,3.782,6.314,0.826,VALID,(0.011, -0.390, 0.921),(0.032, 0.000, 0.000),0.600,3.814,6.354,0.762,2,0
450936,1000002510196415000,63875743301081,(0.016, 1.440, -0.002),(0.029, -0.253, 0.032, 0.966),VALID,(0.013, -0.391, 0.920),(0.000, 0.000, 0.000),63.850,VALID,(0.014, -0.391, 0.920),(-0.032, 0.000, 0.000),0.600,3.791,6.314,0.826,VALID,(0.012, -0.391, 0.920),(0.032, 0.000, 0.000),0.600,3.813,6.354,0.762,2,0
450937,1000002510201431300,63875743301092,(0.016, 1.440, -0.002),(0.029, -0.253, 0.032, 0.966),VALID,(0.014, -0.391, 0.920),(0.000, 0.000, 0.000),63.850,VALID,(0.015, -0.391, 0.920),(-0.032, 0.000, 0.000),0.601,3.793,6.314,0.826,VALID,(0.013, -0.391, 0.920),(0.032, 0.000, 0.000),0.600,3.812,6.354,0.762,2,0
450938,1000002510206390700,63875743301092,(0.016, 1.440, -0.002),(0.029, -0.253, 0.032, 0.966),VALID,(0.015, -0.392, 0.920),(0.000, 0.000, 0.000),63.850,VALID,(0.015, -0.392, 0.920),(-0.032, 0.000, 0.000),0.601,3.793,6.314,0.826,VALID,(0.014, -0.392, 0.920),(0.032, 0.000, 0.000),0.600,3.811,6.354,0.761,2,0
450939,1000002510211361800,63875743301103,(0.016, 1.440, -0.002),(0.029, -0.253, 0.032, 0.966),VALID,(0.015, -0.393, 0.919),(0.000, 0.000, 0.000),63.850,VALID,(0.015, -0.393, 0.919),(-0.032, 0.000, 0.000),0.598,3.777,6.314,0.825,VALID,(0.015, -0.393, 0.919),(0.032, 0.000, 0.000),0.600,3.810,6.354,0.762,2,0
450940,1000002510216378100,63875743301103,(0.016, 1.440, -0.002),(0.029, -0.253, 0.032, 0.966),VALID,(0.015, -0.394, 0.919),(0.000, 0.000, 0.000),63.850,VALID,(0.016, -0.394, 0.919),(-0.032, 0.000, 0.000),0.597,3.770,6.314,0.825,VALID,(0.015, -0.394, 0.919),(0.032, 0.000, 0.000),0.599,3.808,6.354,0.762,2,0
450941,1000002510221395900,63875743301114,(0.017, 1.440, -0.003),(0.028, -0.254, 0.032, 0.966),VALID,(0.016, -0.394, 0.919),(0.000, 0.000, 0.000),63.850,VALID,(0.016, -0.394, 0.919),(-0.032, 0.000, 0.000),0.596,3.766,6.314,0.825,VALID,(0.015, -0.394, 0.919),(0.032, 0.000, 0.000),0.599,3.807,6.354,0.762,2,0
450942,1000002510226399300,63875743301114,(0.017, 1.440, -0.003),(0.028, -0.254, 0.032, 0.966),VALID,(0.016, -0.395, 0.919),(0.000, 0.000, 0.000),63.850,VALID,(0.016, -0.395, 0.919),(-0.032, 0.000, 0.000),0.596,3.764,6.314,0.825,VALID,(0.016, -0.395, 0.919),(0.032, 0.000, 0.000),0.599,3.806,6.354,0.762,2,0
450943,1000002510231415600,63875743301126,(0.017, 1.440, -0.003),(0.028, -0.254, 0.032, 0.966),VALID,(0.016, -0.397, 0.918),(0.000, 0.000, 0.000),63.850,VALID,(0.016, -0.397, 0.918),(-0.032, 0.000, 0.000),0.596,3.761,6.314,0.825,VALID,(0.016, -0.397, 0.918),(0.032, 0.000, 0.000),0.599,3.804,6.354,0.762,2,0
450944,1000002510236442900,63875743301137,(0.017, 1.440, -0.003),(0.028, -0.254, 0.032, 0.966),VALID,(0.016, -0.394, 0.919),(0.000, 0.000, 0.000),63.850,VALID,(0.016, -0.394, 0.919),(-0.032, 0.000, 0.000),0.595,3.758,6.314,0.825,VALID,(0.016, -0.394, 0.919),(0.032, 0.000, 0.000),0.599,3.803,6.354,0.762,2,0
450945,1000002510241469900,63875743301137,(0.017, 1.440, -0.003),(0.028, -0.254, 0.032, 0.966),VALID,(0.016, -0.393, 0.920),(0.000, 0.000, 0.000),63.850,VALID,(0.016, -0.393, 0.920),(-0.032, 0.000, 0.000),0.595,3.758,6.314,0.825,VALID,(0.016, -0.393, 0.920),(0.032, 0.000, 0.000),0.599,3.803,6.354,0.763,2,0
450946,1000002510246486200,63875743301137,(0.017, 1.440, -0.003),(0.028, -0.254, 0.032, 0.966),VALID,(0.016, -0.391, 0.920),(0.000, 0.000, 0.000),63.850,VALID,(0.016, -0.391, 0.920),(-0.032, 0.000, 0.000),0.595,3.756,6.314,0.825,VALID,(0.016, -0.391, 0.920),(0.032, 0.000, 0.000),0.599,3.803,6.354,0.763,2,0
450947,1000002510251491300,63875743301137,(0.017, 1.440, -0.003),(0.028, -0.254, 0.032, 0.966),VALID,(0.016, -0.390, 0.921),(0.000, 0.000, 0.000),63.850,VALID,(0.016, -0.390, 0.921),(-0.032, 0.000, 0.000),0.595,3.755,6.314,0.825,VALID,(0.016, -0.390, 0.921),(0.032, 0.000, 0.000),0.599,3.803,6.354,0.763,2,0
450948,1000002510256501000,63875743301148,(0.017, 1.440, -0.003),(0.028, -0.254, 0.032, 0.966),VALID,(0.016, -0.389, 0.921),(0.000, 0.000, 0.000),63.850,VALID,(0.016, -0.389, 0.921),(-0.032, 0.000, 0.000),0.595,3.754,6.314,0.825,VALID,(0.016, -0.389, 0.921),(0.032, 0.000, 0.000),0.599,3.804,6.354,0.764,2,0.06782258
450949,1000002510261533800,63875743301148,(0.017, 1.440, -0.003),(0.028, -0.254, 0.032, 0.966),VALID,(0.016, -0.389, 0.921),(0.000, 0.000, 0.000),63.850,VALID,(0.016, -0.389, 0.921),(-0.032, 0.000, 0.000),0.594,3.752,6.314,0.826,VALID,(0.016, -0.389, 0.921),(0.032, 0.000, 0.000),0.599,3.804,6.354,0.764,2,0.1646263
450950,1000002510266543500,63875743301160,(0.017, 1.440, -0.003),(0.028, -0.254, 0.032, 0.966),VALID,(0.016, -0.388, 0.921),(0.000, 0.000, 0.000),63.850,VALID,(0.016, -0.388, 0.921),(-0.032, 0.000, 0.000),0.594,3.751,6.314,0.826,VALID,(0.016, -0.388, 0.921),(0.032, 0.000, 0.000),0.599,3.804,6.354,0.765,2,0.2700173
450951,1000002510271524300,63875743301160,(0.017, 1.440, -0.003),(0.028, -0.254, 0.032, 0.966),VALID,(0.016, -0.388, 0.922),(0.000, 0.000, 0.000),63.850,VALID,(0.016, -0.388, 0.922),(-0.032, 0.000, 0.000),0.595,3.758,6.314,0.826,VALID,(0.016, -0.388, 0.922),(0.032, 0.000, 0.000),0.599,3.804,6.354,0.766,2,0.2898879
450952,1000002510276540600,63875743301170,(0.017, 1.440, -0.003),(0.028, -0.254, 0.032, 0.966),VALID,(0.016, -0.387, 0.922),(0.000, 0.000, 0.000),63.850,VALID,(0.016, -0.387, 0.922),(-0.032, 0.000, 0.000),0.596,3.761,6.314,0.826,VALID,(0.016, -0.387, 0.922),(0.032, 0.000, 0.000),0.599,3.804,6.354,0.766,2,0.4936726
450953,1000002510281770100,63875743301170,(0.017, 1.440, -0.003),(0.028, -0.254, 0.032, 0.966),VALID,(0.016, -0.387, 0.922),(0.000, 0.000, 0.000),63.850,VALID,(0.016, -0.387, 0.922),(-0.032, 0.000, 0.000),0.596,3.762,6.314,0.826,VALID,(0.016, -0.387, 0.922),(0.032, 0.000, 0.000),0.599,3.805,6.354,0.767,2,0.538177
450954,1000002510286786400,63875743301181,(0.017, 1.440, -0.003),(0.028, -0.254, 0.032, 0.966),VALID,(0.016, -0.387, 0.922),(0.000, 0.000, 0.000),63.850,VALID,(0.016, -0.387, 0.922),(-0.032, 0.000, 0.000),0.596,3.761,6.314,0.826,VALID,(0.016, -0.387, 0.922),(0.032, 0.000, 0.000),0.599,3.806,6.354,0.767,2,0.5515774
450955,1000002510291744200,63875743301181,(0.017, 1.440, -0.003),(0.028, -0.254, 0.032, 0.966),VALID,(0.016, -0.388, 0.922),(0.000, 0.000, 0.000),63.850,VALID,(0.016, -0.388, 0.922),(-0.032, 0.000, 0.000),0.596,3.761,6.314,0.827,VALID,(0.016, -0.388, 0.922),(0.032, 0.000, 0.000),0.599,3.806,6.354,0.768,2,0.3703987
450956,1000002510296753900,63875743301181,(0.017, 1.440, -0.003),(0.028, -0.254, 0.032, 0.966),VALID,(0.016, -0.388, 0.922),(0.000, 0.000, 0.000),63.850,VALID,(0.016, -0.388, 0.922),(-0.032, 0.000, 0.000),0.596,3.761,6.314,0.827,VALID,(0.016, -0.388, 0.922),(0.032, 0.000, 0.000),0.599,3.806,6.354,0.768,2,0.2101428
450957,1000002510301729100,63875743301193,(0.017, 1.440, -0.003),(0.028, -0.254, 0.032, 0.966),VALID,(0.016, -0.388, 0.922),(0.000, 0.000, 0.000),63.850,VALID,(0.016, -0.388, 0.922),(-0.032, 0.000, 0.000),0.600,3.787,6.314,0.827,VALID,(0.016, -0.388, 0.922),(0.032, 0.000, 0.000),0.599,3.806,6.354,0.768,2,0.09415484
450958,1000002510306606200,63875743301193,(0.017, 1.440, -0.003),(0.028, -0.254, 0.032, 0.966),VALID,(0.016, -0.389, 0.921),(0.000, 0.000, 0.000),63.850,VALID,(0.016, -0.389, 0.921),(-0.032, 0.000, 0.000),0.600,3.788,6.314,0.827,VALID,(0.016, -0.389, 0.921),(0.032, 0.000, 0.000),0.599,3.806,6.354,0.768,2,0.128258
450959,1000002510311655600,63875743301204,(0.017, 1.440, -0.003),(0.028, -0.254, 0.032, 0.966),VALID,(0.016, -0.389, 0.921),(0.000, 0.000, 0.000),63.850,VALID,(0.016, -0.389, 0.921),(-0.032, 0.000, 0.000),0.600,3.786,6.314,0.828,VALID,(0.016, -0.389, 0.921),(0.032, 0.000, 0.000),0.599,3.805,6.354,0.769,2,0.1269912
450960,1000002510316702700,63875743301204,(0.017, 1.440, -0.003),(0.028, -0.254, 0.032, 0.966),VALID,(0.016, -0.389, 0.921),(0.000, 0.000, 0.000),63.850,VALID,(0.016, -0.389, 0.921),(-0.032, 0.000, 0.000),0.599,3.783,6.314,0.828,VALID,(0.016, -0.389, 0.921),(0.032, 0.000, 0.000),0.599,3.805,6.354,0.769,2,0
450961,1000002510321712400,63875743301215,(0.017, 1.440, -0.003),(0.028, -0.254, 0.032, 0.966),VALID,(0.016, -0.390, 0.921),(0.000, 0.000, 0.000),63.850,VALID,(0.016, -0.390, 0.921),(-0.032, 0.000, 0.000),0.599,3.780,6.314,0.829,VALID,(0.016, -0.390, 0.921),(0.032, 0.000, 0.000),0.599,3.805,6.354,0.769,2,0
450962,1000002510326738600,63875743301215,(0.017, 1.440, -0.003),(0.028, -0.254, 0.032, 0.966),VALID,(0.016, -0.390, 0.921),(0.000, 0.000, 0.000),63.850,VALID,(0.016, -0.390, 0.921),(-0.032, 0.000, 0.000),0.599,3.784,6.314,0.829,VALID,(0.016, -0.390, 0.921),(0.032, 0.000, 0.000),0.599,3.804,6.354,0.769,2,0
450963,1000002510331764800,63875743301226,(0.017, 1.440, -0.003),(0.028, -0.254, 0.032, 0.966),VALID,(0.016, -0.391, 0.920),(0.000, 0.000, 0.000),63.850,VALID,(0.016, -0.391, 0.920),(-0.032, 0.000, 0.000),0.601,3.792,6.314,0.829,VALID,(0.016, -0.391, 0.920),(0.032, 0.000, 0.000),0.599,3.804,6.354,0.770,2,0.2137261
450964,1000002510336700200,63875743301226,(0.017, 1.440, -0.003),(0.028, -0.254, 0.032, 0.966),VALID,(0.016, -0.391, 0.920),(0.000, 0.000, 0.000),63.850,VALID,(0.016, -0.391, 0.920),(-0.032, 0.000, 0.000),0.601,3.796,6.314,0.830,VALID,(0.016, -0.391, 0.920),(0.032, 0.000, 0.000),0.599,3.804,6.354,0.770,2,0.2245394
450965,1000002510341726400,63875743301226,(0.017, 1.440, -0.003),(0.028, -0.254, 0.032, 0.966),VALID,(0.016, -0.391, 0.920),(0.000, 0.000, 0.000),63.850,VALID,(0.016, -0.391, 0.920),(-0.032, 0.000, 0.000),0.602,3.799,6.314,0.830,VALID,(0.016, -0.391, 0.920),(0.032, 0.000, 0.000),0.599,3.804,6.354,0.770,2,0.2172657
450966,1000002510346752600,63875743301237,(0.017, 1.440, -0.003),(0.027, -0.254, 0.032, 0.966),VALID,(0.016, -0.392, 0.920),(0.000, 0.000, 0.000),63.850,VALID,(0.016, -0.392, 0.920),(-0.032, 0.000, 0.000),0.602,3.799,6.314,0.831,VALID,(0.016, -0.392, 0.920),(0.032, 0.000, 0.000),0.599,3.804,6.354,0.770,2,0.2082912
450967,1000002510351761800,63875743301237,(0.017, 1.440, -0.003),(0.027, -0.254, 0.032, 0.966),VALID,(0.016, -0.392, 0.920),(0.000, 0.000, 0.000),63.850,VALID,(0.016, -0.392, 0.920),(-0.032, 0.000, 0.000),0.601,3.797,6.314,0.831,VALID,(0.016, -0.392, 0.920),(0.032, 0.000, 0.000),0.599,3.804,6.354,0.770,2,0.2004269
450968,1000002510356786600,63875743301247,(0.017, 1.440, -0.003),(0.027, -0.254, 0.032, 0.966),VALID,(0.016, -0.392, 0.920),(0.000, 0.000, 0.000),63.850,VALID,(0.016, -0.392, 0.920),(-0.032, 0.000, 0.000),0.600,3.792,6.314,0.831,VALID,(0.016, -0.392, 0.920),(0.032, 0.000, 0.000),0.599,3.804,6.354,0.771,2,0.1939252
450969,1000002510361776900,63875743301247,(0.017, 1.440, -0.003),(0.027, -0.254, 0.032, 0.966),VALID,(0.016, -0.393, 0.919),(0.000, 0.000, 0.000),63.850,VALID,(0.016, -0.393, 0.919),(-0.032, 0.000, 0.000),0.599,3.784,6.314,0.832,VALID,(0.016, -0.393, 0.919),(0.032, 0.000, 0.000),0.599,3.804,6.354,0.771,2,0.1881762
450970,1000002510366769700,63875743301259,(0.017, 1.440, -0.003),(0.027, -0.254, 0.032, 0.966),VALID,(0.016, -0.393, 0.919),(0.000, 0.000, 0.000),63.850,VALID,(0.016, -0.393, 0.919),(-0.032, 0.000, 0.000),0.599,3.781,6.314,0.832,VALID,(0.016, -0.393, 0.919),(0.032, 0.000, 0.000),0.599,3.804,6.354,0.771,2,0.2158582
450971,1000002510371784700,63875743301259,(0.017, 1.440, -0.003),(0.027, -0.254, 0.032, 0.966),VALID,(0.016, -0.394, 0.919),(0.000, 0.000, 0.000),63.850,VALID,(0.016, -0.394, 0.919),(-0.032, 0.000, 0.000),0.599,3.780,6.314,0.832,VALID,(0.016, -0.394, 0.919),(0.032, 0.000, 0.000),0.599,3.804,6.354,0.771,2,0.2239137
450972,1000002510376798300,63875743301270,(0.018, 1.440, -0.003),(0.027, -0.254, 0.032, 0.966),VALID,(0.016, -0.394, 0.919),(0.000, 0.000, 0.000),63.850,VALID,(0.016, -0.394, 0.919),(-0.032, 0.000, 0.000),0.599,3.779,6.314,0.833,VALID,(0.016, -0.394, 0.919),(0.032, 0.000, 0.000),0.599,3.804,6.354,0.772,2,0.2179868
450973,1000002510381811900,63875743301270,(0.018, 1.440, -0.003),(0.027, -0.254, 0.032, 0.966),VALID,(0.016, -0.394, 0.919),(0.000, 0.000, 0.000),63.850,VALID,(0.016, -0.394, 0.919),(-0.032, 0.000, 0.000),0.599,3.779,6.314,0.833,VALID,(0.016, -0.394, 0.919),(0.032, 0.000, 0.000),0.599,3.804,6.354,0.772,2,0.2188497
450974,1000002510386824100,63875743301282,(0.017, 1.440, -0.003),(0.027, -0.254, 0.032, 0.966),VALID,(0.016, -0.394, 0.919),(0.000, 0.000, 0.000),63.850,VALID,(0.016, -0.394, 0.919),(-0.032, 0.000, 0.000),0.599,3.779,6.314,0.833,VALID,(0.016, -0.394, 0.919),(0.032, 0.000, 0.000),0.599,3.804,6.354,0.772,2,0.4033757
450975,1000002510391819200,63875743301282,(0.017, 1.440, -0.003),(0.027, -0.254, 0.032, 0.966),VALID,(0.016, -0.395, 0.919),(0.000, 0.000, 0.000),63.850,VALID,(0.016, -0.395, 0.919),(-0.032, 0.000, 0.000),0.599,3.779,6.314,0.833,VALID,(0.016, -0.395, 0.919),(0.032, 0.000, 0.000),0.599,3.804,6.354,0.772,2,0.5776188
450976,1000002510396842400,63875743301282,(0.017, 1.440, -0.003),(0.027, -0.254, 0.032, 0.966),VALID,(0.016, -0.395, 0.919),(0.000, 0.000, 0.000),63.850,VALID,(0.016, -0.395, 0.919),(-0.032, 0.000, 0.000),0.599,3.779,6.314,0.833,VALID,(0.016, -0.395, 0.919),(0.032, 0.000, 0.000),0.599,3.804,6.354,0.773,2,0.7061797
450977,1000002510401858400,63875743301292,(0.018, 1.440, -0.003),(0.027, -0.254, 0.032, 0.966),VALID,(0.016, -0.395, 0.918),(0.000, 0.000, 0.000),63.850,VALID,(0.016, -0.395, 0.918),(-0.032, 0.000, 0.000),0.599,3.779,6.314,0.833,VALID,(0.016, -0.395, 0.918),(0.032, 0.000, 0.000),0.599,3.804,6.354,0.773,2,0.718617
450978,1000002510406872000,63875743301292,(0.018, 1.440, -0.003),(0.027, -0.254, 0.032, 0.966),VALID,(0.016, -0.395, 0.918),(0.000, 0.000, 0.000),63.850,VALID,(0.016, -0.395, 0.918),(-0.032, 0.000, 0.000),0.598,3.779,6.314,0.833,VALID,(0.016, -0.395, 0.918),(0.032, 0.000, 0.000),0.599,3.804,6.354,0.773,2,0.720717
450979,1000002510411888000,63875743301304,(0.018, 1.440, -0.003),(0.027, -0.254, 0.032, 0.966),VALID,(0.016, -0.396, 0.918),(0.000, 0.000, 0.000),63.850,VALID,(0.016, -0.396, 0.918),(-0.032, 0.000, 0.000),0.598,3.779,6.314,0.833,VALID,(0.016, -0.396, 0.918),(0.032, 0.000, 0.000),0.599,3.804,6.354,0.773,2,0.8817844
450980,1000002510416889900,63875743301304,(0.018, 1.440, -0.003),(0.027, -0.254, 0.032, 0.966),VALID,(0.016, -0.396, 0.918),(0.000, 0.000, 0.000),63.850,VALID,(0.016, -0.396, 0.918),(-0.032, 0.000, 0.000),0.598,3.778,6.314,0.834,VALID,(0.016, -0.396, 0.918),(0.032, 0.000, 0.000),0.599,3.804,6.354,0.773,2,1
450981,1000002510421905900,63875743301315,(0.018, 1.440, -0.003),(0.028, -0.254, 0.032, 0.966),VALID,(0.016, -0.396, 0.918),(0.000, 0.000, 0.000),63.850,VALID,(0.016, -0.396, 0.918),(-0.032, 0.000, 0.000),0.599,3.782,6.314,0.834,VALID,(0.016, -0.396, 0.918),(0.032, 0.000, 0.000),0.599,3.804,6.354,0.773,2,1
450982,1000002510426926700,63875743301315,(0.018, 1.440, -0.003),(0.028, -0.254, 0.032, 0.966),VALID,(0.016, -0.396, 0.918),(0.000, 0.000, 0.000),63.850,VALID,(0.016, -0.396, 0.918),(-0.032, 0.000, 0.000),0.599,3.783,6.314,0.834,VALID,(0.016, -0.396, 0.918),(0.032, 0.000, 0.000),0.599,3.804,6.354,0.773,2,1
450983,1000002510431942700,63875743301326,(0.018, 1.440, -0.003),(0.027, -0.254, 0.032, 0.966),VALID,(0.017, -0.396, 0.918),(0.000, 0.000, 0.000),63.850,VALID,(0.017, -0.396, 0.918),(-0.032, 0.000, 0.000),0.599,3.783,6.314,0.834,VALID,(0.017, -0.396, 0.918),(0.032, 0.000, 0.000),0.599,3.804,6.354,0.774,2,1
450984,1000002510436958700,63875743301337,(0.018, 1.440, -0.003),(0.028, -0.254, 0.032, 0.966),VALID,(0.017, -0.396, 0.918),(0.000, 0.000, 0.000),63.850,VALID,(0.017, -0.396, 0.918),(-0.032, 0.000, 0.000),0.599,3.783,6.314,0.834,VALID,(0.017, -0.396, 0.918),(0.032, 0.000, 0.000),0.599,3.804,6.354,0.774,2,1
450985,1000002510441972300,63875743301337,(0.018, 1.440, -0.003),(0.028, -0.254, 0.032, 0.966),VALID,(0.017, -0.396, 0.918),(0.000, 0.000, 0.000),63.850,VALID,(0.017, -0.396, 0.918),(-0.032, 0.000, 0.000),0.599,3.784,6.314,0.834,VALID,(0.017, -0.396, 0.918),(0.032, 0.000, 0.000),0.599,3.804,6.354,0.774,2,1
450986,1000002510446951500,63875743301349,(0.018, 1.440, -0.003),(0.028, -0.254, 0.032, 0.966),VALID,(0.017, -0.396, 0.918),(0.000, 0.000, 0.000),63.850,VALID,(0.017, -0.396, 0.918),(-0.032, 0.000, 0.000),0.600,3.786,6.314,0.834,VALID,(0.017, -0.396, 0.918),(0.032, 0.000, 0.000),0.599,3.804,6.354,0.774,2,1
450987,1000002510451965100,63875743301349,(0.018, 1.440, -0.003),(0.028, -0.254, 0.032, 0.966),VALID,(0.017, -0.396, 0.918),(0.000, 0.000, 0.000),63.850,VALID,(0.017, -0.396, 0.918),(-0.032, 0.000, 0.000),0.600,3.788,6.314,0.834,VALID,(0.017, -0.396, 0.918),(0.032, 0.000, 0.000),0.599,3.805,6.354,0.774,2,1
450988,1000002510456974200,63875743301349,(0.018, 1.440, -0.003),(0.028, -0.254, 0.032, 0.966),VALID,(0.017, -0.397, 0.918),(0.000, 0.000, 0.000),63.850,VALID,(0.017, -0.397, 0.918),(-0.032, 0.000, 0.000),0.600,3.790,6.314,0.834,VALID,(0.017, -0.397, 0.918),(0.032, 0.000, 0.000),0.599,3.805,6.354,0.774,2,1
450989,1000002510461990200,63875743301349,(0.018, 1.440, -0.003),(0.028, -0.254, 0.032, 0.966),VALID,(0.017, -0.397, 0.918),(0.000, 0.000, 0.000),63.850,VALID,(0.017, -0.397, 0.918),(-0.032, 0.000, 0.000),0.601,3.792,6.314,0.835,VALID,(0.017, -0.397, 0.918),(0.032, 0.000, 0.000),0.599,3.806,6.354,0.774,2,1
450990,1000002510467003800,63875743301360,(0.018, 1.440, -0.003),(0.028, -0.254, 0.032, 0.966),VALID,(0.017, -0.397, 0.918),(0.000, 0.000, 0.000),63.850,VALID,(0.017, -0.397, 0.918),(-0.032, 0.000, 0.000),0.601,3.792,6.314,0.834,VALID,(0.017, -0.397, 0.918),(0.032, 0.000, 0.000),0.599,3.806,6.354,0.775,2,1
450991,1000002510472019800,63875743301360,(0.018, 1.440, -0.003),(0.028, -0.254, 0.032, 0.966),VALID,(0.017, -0.397, 0.918),(0.000, 0.000, 0.000),63.850,VALID,(0.017, -0.397, 0.918),(-0.032, 0.000, 0.000),0.602,3.798,6.314,0.835,VALID,(0.017, -0.397, 0.918),(0.032, 0.000, 0.000),0.599,3.806,6.354,0.775,2,1
450992,1000002510477033400,63875743301370,(0.017, 1.440, -0.003),(0.028, -0.254, 0.032, 0.966),VALID,(0.017, -0.396, 0.918),(0.000, 0.000, 0.000),63.850,VALID,(0.017, -0.396, 0.918),(-0.032, 0.000, 0.000),0.602,3.804,6.314,0.835,VALID,(0.017, -0.396, 0.918),(0.032, 0.000, 0.000),0.599,3.806,6.354,0.775,2,1
450993,1000002510482076400,63875743301370,(0.017, 1.440, -0.003),(0.028, -0.254, 0.032, 0.966),VALID,(0.017, -0.396, 0.918),(0.000, 0.000, 0.000),63.850,VALID,(0.017, -0.396, 0.918),(-0.032, 0.000, 0.000),0.603,3.807,6.314,0.835,VALID,(0.017, -0.396, 0.918),(0.032, 0.000, 0.000),0.599,3.806,6.354,0.775,2,1
450994,1000002510487092400,63875743301383,(0.017, 1.440, -0.003),(0.028, -0.254, 0.032, 0.966),VALID,(0.017, -0.397, 0.918),(0.000, 0.000, 0.000),63.850,VALID,(0.017, -0.397, 0.918),(-0.032, 0.000, 0.000),0.606,3.824,6.314,0.835,VALID,(0.017, -0.397, 0.918),(0.032, 0.000, 0.000),0.599,3.806,6.354,0.775,2,0.9455487
450995,1000002510492113200,63875743301383,(0.017, 1.440, -0.003),(0.028, -0.254, 0.032, 0.966),VALID,(0.017, -0.397, 0.918),(0.000, 0.000, 0.000),63.850,VALID,(0.017, -0.397, 0.918),(-0.032, 0.000, 0.000),0.606,3.829,6.314,0.835,VALID,(0.017, -0.397, 0.918),(0.032, 0.000, 0.000),0.599,3.806,6.354,0.775,2,0.8176696
450996,1000002510497129200,63875743301383,(0.017, 1.440, -0.003),(0.028, -0.254, 0.032, 0.966),VALID,(0.017, -0.397, 0.918),(0.000, 0.000, 0.000),63.850,VALID,(0.017, -0.397, 0.918),(-0.032, 0.000, 0.000),0.607,3.830,6.314,0.835,VALID,(0.017, -0.397, 0.918),(0.032, 0.000, 0.000),0.599,3.806,6.354,0.775,2,0.8166972
450997,1000002510502126200,63875743301393,(0.017, 1.440, -0.003),(0.028, -0.254, 0.033, 0.966),VALID,(0.017, -0.397, 0.918),(0.000, 0.000, 0.000),63.850,VALID,(0.017, -0.397, 0.918),(-0.032, 0.000, 0.000),0.607,3.831,6.314,0.835,VALID,(0.017, -0.397, 0.918),(0.032, 0.000, 0.000),0.599,3.805,6.354,0.775,2,0.6883628
450998,1000002510507107400,63875743301393,(0.017, 1.440, -0.003),(0.028, -0.254, 0.033, 0.966),VALID,(0.017, -0.397, 0.918),(0.000, 0.000, 0.000),63.850,VALID,(0.017, -0.397, 0.918),(-0.032, 0.000, 0.000),0.609,3.842,6.314,0.835,VALID,(0.017, -0.397, 0.918),(0.032, 0.000, 0.000),0.599,3.803,6.354,0.775,2,0.5333721
450999,1000002510512123400,63875743301404,(0.017, 1.440, -0.003),(0.029, -0.254, 0.033, 0.966),VALID,(0.017, -0.397, 0.918),(0.000, 0.000, 0.000),63.850,VALID,(0.017, -0.397, 0.918),(-0.032, 0.000, 0.000),0.609,3.846,6.314,0.833,VALID,(0.017, -0.397, 0.918),(0.032, 0.000, 0.000),0.599,3.806,6.354,0.774,2,0.3887986
451000,1000002510517128100,63875743301404,(0.017, 1.440, -0.003),(0.029, -0.254, 0.033, 0.966),VALID,(0.018, -0.398, 0.917),(0.000, 0.000, 0.000),63.850,VALID,(0.018, -0.398, 0.917),(-0.032, 0.000, 0.000),0.608,3.841,6.314,0.832,VALID,(0.018, -0.398, 0.917),(0.032, 0.000, 0.000),0.600,3.810,6.354,0.774,2,0.09530484
451001,1000002510522132800,63875743301416,(0.017, 1.440, -0.003),(0.029, -0.254, 0.033, 0.966),VALID,(0.026, -0.398, 0.917),(0.000, 0.000, 0.000),63.850,VALID,(0.026, -0.398, 0.917),(-0.032, 0.000, 0.000),0.614,3.875,6.314,0.829,VALID,(0.026, -0.398, 0.917),(0.032, 0.000, 0.000),0.601,3.821,6.354,0.772,2,0
451002,1000002510527187600,63875743301416,(0.017, 1.440, -0.003),(0.029, -0.254, 0.033, 0.966),VALID,(0.042, -0.397, 0.917),(0.000, 0.000, 0.000),63.850,VALID,(0.042, -0.397, 0.917),(-0.032, 0.000, 0.000),0.613,3.873,6.314,0.825,VALID,(0.042, -0.397, 0.917),(0.032, 0.000, 0.000),0.617,3.921,6.354,0.772,2,0
451003,1000002510532192300,63875743301426,(0.017, 1.440, -0.003),(0.029, -0.254, 0.033, 0.966),VALID,(0.065, -0.394, 0.917),(0.000, 0.000, 0.000),63.850,VALID,(0.065, -0.394, 0.917),(-0.032, 0.000, 0.000),0.621,3.918,6.314,0.817,VALID,(0.065, -0.394, 0.917),(0.032, 0.000, 0.000),0.620,3.937,6.354,0.770,2,0
451004,1000002510537197000,63875743301426,(0.017, 1.440, -0.003),(0.029, -0.254, 0.033, 0.966),VALID,(0.091, -0.390, 0.916),(0.000, 0.000, 0.000),63.850,VALID,(0.091, -0.390, 0.916),(-0.032, 0.000, 0.000),0.609,3.845,6.314,0.807,VALID,(0.091, -0.390, 0.916),(0.032, 0.000, 0.000),0.620,3.936,6.354,0.768,2,0
451005,1000002510542201700,63875743301437,(0.017, 1.440, -0.003),(0.029, -0.254, 0.033, 0.966),VALID,(0.116, -0.385, 0.916),(0.000, 0.000, 0.000),63.850,VALID,(0.116, -0.385, 0.916),(-0.032, 0.000, 0.000),0.602,3.800,6.314,0.796,VALID,(0.116, -0.385, 0.916),(0.032, 0.000, 0.000),0.620,3.936,6.354,0.766,2,0
451006,1000002510547201800,63875743301437,(0.017, 1.440, -0.003),(0.029, -0.254, 0.033, 0.966),VALID,(0.140, -0.379, 0.915),(0.000, 0.000, 0.000),63.850,VALID,(0.140, -0.379, 0.915),(-0.032, 0.000, 0.000),0.600,3.785,6.314,0.785,VALID,(0.140, -0.379, 0.915),(0.032, 0.000, 0.000),0.621,3.944,6.354,0.764,2,0
451007,1000002510552201900,63875743301437,(0.017, 1.440, -0.003),(0.029, -0.254, 0.033, 0.966),VALID,(0.158, -0.374, 0.914),(0.000, 0.000, 0.000),63.850,VALID,(0.158, -0.374, 0.914),(-0.032, 0.000, 0.000),0.599,3.783,6.314,0.776,VALID,(0.158, -0.374, 0.914),(0.032, 0.000, 0.000),0.622,3.951,6.354,0.762,2,0
451008,1000002510557226700,63875743301448,(0.017, 1.440, -0.003),(0.030, -0.254, 0.033, 0.966),VALID,(0.171, -0.369, 0.914),(0.000, 0.000, 0.000),63.850,VALID,(0.171, -0.369, 0.914),(-0.032, 0.000, 0.000),0.599,3.781,6.314,0.769,VALID,(0.171, -0.369, 0.914),(0.032, 0.000, 0.000),0.623,3.959,6.354,0.762,2,0
451009,1000002510562226800,63875743301448,(0.017, 1.440, -0.003),(0.030, -0.254, 0.033, 0.966),VALID,(0.179, -0.364, 0.914),(0.000, 0.000, 0.000),63.850,VALID,(0.179, -0.364, 0.914),(-0.032, 0.000, 0.000),0.599,3.781,6.314,0.765,VALID,(0.179, -0.364, 0.914),(0.032, 0.000, 0.000),0.624,3.963,6.354,0.761,2,0
451010,1000002510567231500,63875743301459,(0.017, 1.440, -0.003),(0.030, -0.254, 0.033, 0.966),VALID,(0.185, -0.361, 0.914),(0.000, 0.000, 0.000),63.850,VALID,(0.185, -0.361, 0.914),(-0.032, 0.000, 0.000),0.599,3.783,6.314,0.760,VALID,(0.185, -0.361, 0.914),(0.032, 0.000, 0.000),0.624,3.965,6.354,0.761,2,0
451011,1000002510572231600,63875743301459,(0.017, 1.440, -0.003),(0.030, -0.254, 0.033, 0.966),VALID,(0.189, -0.357, 0.915),(0.000, 0.000, 0.000),63.850,VALID,(0.189, -0.357, 0.915),(-0.032, 0.000, 0.000),0.599,3.784,6.314,0.758,VALID,(0.189, -0.357, 0.915),(0.032, 0.000, 0.000),0.625,3.968,6.354,0.760,2,0
451012,1000002510577236300,63875743301470,(0.017, 1.441, -0.003),(0.030, -0.254, 0.033, 0.966),VALID,(0.196, -0.351, 0.916),(0.000, 0.000, 0.000),63.850,VALID,(0.196, -0.351, 0.916),(-0.032, 0.000, 0.000),0.597,3.771,6.314,0.756,VALID,(0.196, -0.351, 0.916),(0.032, 0.000, 0.000),0.642,4.080,6.354,0.760,2,0
451013,1000002510582313500,63875743301470,(0.017, 1.441, -0.003),(0.030, -0.254, 0.033, 0.966),VALID,(0.201, -0.346, 0.916),(0.000, 0.000, 0.000),63.850,VALID,(0.201, -0.346, 0.916),(-0.032, 0.000, 0.000),0.597,3.768,6.314,0.755,VALID,(0.201, -0.346, 0.916),(0.032, 0.000, 0.000),0.650,4.127,6.354,0.760,2,0
451014,1000002510587306000,63875743301482,(0.017, 1.441, -0.003),(0.030, -0.254, 0.033, 0.966),VALID,(0.206, -0.342, 0.917),(0.000, 0.000, 0.000),63.850,VALID,(0.206, -0.342, 0.917),(-0.032, 0.000, 0.000),0.596,3.764,6.314,0.754,VALID,(0.206, -0.342, 0.917),(0.032, 0.000, 0.000),0.653,4.150,6.354,0.760,2,0
451015,1000002510592327600,63875743301482,(0.017, 1.441, -0.003),(0.030, -0.254, 0.033, 0.966),VALID,(0.210, -0.338, 0.918),(0.000, 0.000, 0.000),63.850,VALID,(0.210, -0.338, 0.918),(-0.032, 0.000, 0.000),0.596,3.761,6.314,0.753,VALID,(0.210, -0.338, 0.918),(0.032, 0.000, 0.000),0.655,4.164,6.354,0.760,2,0
451016,1000002510597320100,63875743301482,(0.017, 1.441, -0.003),(0.030, -0.254, 0.033, 0.966),VALID,(0.212, -0.335, 0.918),(0.000, 0.000, 0.000),63.850,VALID,(0.212, -0.335, 0.918),(-0.032, 0.000, 0.000),0.596,3.761,6.314,0.751,VALID,(0.212, -0.335, 0.918),(0.032, 0.000, 0.000),0.658,4.179,6.354,0.760,2,0
451017,1000002510602365300,63875743301493,(0.017, 1.441, -0.004),(0.030, -0.255, 0.033, 0.966),VALID,(0.214, -0.332, 0.919),(0.000, 0.000, 0.000),63.850,VALID,(0.214, -0.332, 0.919),(-0.032, 0.000, 0.000),0.596,3.762,6.314,0.751,VALID,(0.214, -0.332, 0.919),(0.032, 0.000, 0.000),0.659,4.186,6.354,0.761,2,0
451018,1000002510607358400,63875743301493,(0.017, 1.441, -0.004),(0.030, -0.255, 0.033, 0.966),VALID,(0.216, -0.329, 0.919),(0.000, 0.000, 0.000),63.850,VALID,(0.216, -0.329, 0.919),(-0.032, 0.000, 0.000),0.596,3.763,6.314,0.751,VALID,(0.216, -0.329, 0.919),(0.032, 0.000, 0.000),0.660,4.193,6.354,0.761,2,0
451019,1000002510612361300,63875743301504,(0.017, 1.441, -0.003),(0.031, -0.255, 0.033, 0.966),VALID,(0.217, -0.327, 0.920),(0.000, 0.000, 0.000),63.850,VALID,(0.217, -0.327, 0.920),(-0.032, 0.000, 0.000),0.596,3.763,6.314,0.751,VALID,(0.217, -0.327, 0.920),(0.032, 0.000, 0.000),0.661,4.202,6.354,0.761,2,0
451020,1000002510617354400,63875743301504,(0.017, 1.441, -0.003),(0.031, -0.255, 0.033, 0.966),VALID,(0.215, -0.328, 0.920),(0.000, 0.000, 0.000),63.850,VALID,(0.215, -0.328, 0.920),(-0.032, 0.000, 0.000),0.597,3.766,6.314,0.750,VALID,(0.215, -0.328, 0.920),(0.032, 0.000, 0.000),0.651,4.139,6.354,0.761,2,0
451021,1000002510622362500,63875743301515,(0.017, 1.441, -0.004),(0.031, -0.255, 0.033, 0.966),VALID,(0.212, -0.328, 0.920),(0.000, 0.000, 0.000),63.850,VALID,(0.212, -0.328, 0.920),(-0.032, 0.000, 0.000),0.597,3.770,6.314,0.750,VALID,(0.212, -0.328, 0.920),(0.032, 0.000, 0.000),0.647,4.112,6.354,0.761,2,0
451022,1000002510627385700,63875743301515,(0.017, 1.441, -0.004),(0.031, -0.255, 0.033, 0.966),VALID,(0.210, -0.329, 0.921),(0.000, 0.000, 0.000),63.850,VALID,(0.210, -0.329, 0.921),(-0.032, 0.000, 0.000),0.598,3.774,6.314,0.750,VALID,(0.210, -0.329, 0.921),(0.032, 0.000, 0.000),0.645,4.095,6.354,0.762,2,0
451023,1000002510632397300,63875743301527,(0.017, 1.441, -0.004),(0.031, -0.255, 0.033, 0.966),VALID,(0.209, -0.330, 0.921),(0.000, 0.000, 0.000),63.850,VALID,(0.209, -0.330, 0.921),(-0.032, 0.000, 0.000),0.598,3.775,6.314,0.750,VALID,(0.209, -0.330, 0.921),(0.032, 0.000, 0.000),0.643,4.084,6.354,0.762,2,0
451024,1000002510637408900,63875743301527,(0.017, 1.441, -0.004),(0.031, -0.255, 0.033, 0.966),VALID,(0.208, -0.330, 0.921),(0.000, 0.000, 0.000),63.850,VALID,(0.208, -0.330, 0.921),(-0.032, 0.000, 0.000),0.598,3.776,6.314,0.750,VALID,(0.208, -0.330, 0.921),(0.032, 0.000, 0.000),0.642,4.077,6.354,0.762,2,0
451025,1000002510642420500,63875743301538,(0.017, 1.441, -0.004),(0.031, -0.255, 0.033, 0.966),VALID,(0.207, -0.331, 0.921),(0.000, 0.000, 0.000),63.850,VALID,(0.207, -0.331, 0.921),(-0.032, 0.000, 0.000),0.598,3.777,6.314,0.750,VALID,(0.207, -0.331, 0.921),(0.032, 0.000, 0.000),0.640,4.069,6.354,0.763,2,0.1456688
451026,1000002510647458400,63875743301538,(0.017, 1.441, -0.004),(0.031, -0.255, 0.033, 0.966),VALID,(0.206, -0.331, 0.921),(0.000, 0.000, 0.000),63.850,VALID,(0.206, -0.331, 0.921),(-0.032, 0.000, 0.000),0.598,3.778,6.314,0.750,VALID,(0.206, -0.331, 0.921),(0.032, 0.000, 0.000),0.639,4.062,6.354,0.763,2,0.229429
451027,1000002510652491500,63875743301549,(0.017, 1.441, -0.004),(0.031, -0.255, 0.033, 0.966),VALID,(0.205, -0.332, 0.921),(0.000, 0.000, 0.000),63.850,VALID,(0.205, -0.332, 0.921),(-0.032, 0.000, 0.000),0.598,3.778,6.314,0.750,VALID,(0.205, -0.332, 0.921),(0.032, 0.000, 0.000),0.638,4.056,6.354,0.764,2,0.2731921
451028,1000002510657503100,63875743301549,(0.017, 1.441, -0.004),(0.031, -0.255, 0.033, 0.966),VALID,(0.204, -0.332, 0.921),(0.000, 0.000, 0.000),63.850,VALID,(0.204, -0.332, 0.921),(-0.032, 0.000, 0.000),0.599,3.779,6.314,0.751,VALID,(0.204, -0.332, 0.921),(0.032, 0.000, 0.000),0.638,4.053,6.354,0.764,2,0.2901807
451029,1000002510662512000,63875743301549,(0.017, 1.441, -0.004),(0.031, -0.255, 0.033, 0.966),VALID,(0.203, -0.332, 0.921),(0.000, 0.000, 0.000),63.850,VALID,(0.203, -0.332, 0.921),(-0.032, 0.000, 0.000),0.599,3.780,6.314,0.751,VALID,(0.203, -0.332, 0.921),(0.032, 0.000, 0.000),0.638,4.052,6.354,0.764,2,0.29966
451030,1000002510667523600,63875743301560,(0.017, 1.441, -0.004),(0.031, -0.255, 0.034, 0.966),VALID,(0.203, -0.332, 0.921),(0.000, 0.000, 0.000),63.850,VALID,(0.203, -0.332, 0.921),(-0.032, 0.000, 0.000),0.599,3.780,6.314,0.751,VALID,(0.203, -0.332, 0.921),(0.032, 0.000, 0.000),0.637,4.050,6.354,0.765,2,0.3113012
451031,1000002510672517500,63875743301560,(0.017, 1.441, -0.004),(0.031, -0.255, 0.034, 0.966),VALID,(0.202, -0.333, 0.921),(0.000, 0.000, 0.000),63.850,VALID,(0.202, -0.333, 0.921),(-0.032, 0.000, 0.000),0.599,3.780,6.314,0.751,VALID,(0.202, -0.333, 0.921),(0.032, 0.000, 0.000),0.637,4.049,6.354,0.766,2,0.5697654
451032,1000002510677529100,63875743301570,(0.017, 1.441, -0.004),(0.032, -0.255, 0.034, 0.966),VALID,(0.202, -0.333, 0.921),(0.000, 0.000, 0.000),63.850,VALID,(0.202, -0.333, 0.921),(-0.032, 0.000, 0.000),0.598,3.779,6.314,0.751,VALID,(0.202, -0.333, 0.921),(0.032, 0.000, 0.000),0.637,4.047,6.354,0.766,2,0.6266394
451033,1000002510682540100,63875743301570,(0.017, 1.441, -0.004),(0.032, -0.255, 0.034, 0.966),VALID,(0.202, -0.333, 0.921),(0.000, 0.000, 0.000),63.850,VALID,(0.202, -0.333, 0.921),(-0.032, 0.000, 0.000),0.598,3.778,6.314,0.752,VALID,(0.202, -0.333, 0.921),(0.032, 0.000, 0.000),0.637,4.047,6.354,0.767,2,0.6502079
451034,1000002510687538100,63875743301582,(0.017, 1.441, -0.004),(0.032, -0.255, 0.034, 0.966),VALID,(0.201, -0.333, 0.921),(0.000, 0.000, 0.000),63.850,VALID,(0.201, -0.333, 0.921),(-0.032, 0.000, 0.000),0.598,3.777,6.314,0.752,VALID,(0.201, -0.333, 0.921),(0.032, 0.000, 0.000),0.637,4.046,6.354,0.767,2,0.6624259
451035,1000002510692553800,63875743301582,(0.017, 1.441, -0.004),(0.032, -0.255, 0.034, 0.966),VALID,(0.201, -0.334, 0.921),(0.000, 0.000, 0.000),63.850,VALID,(0.201, -0.334, 0.921),(-0.032, 0.000, 0.000),0.598,3.777,6.314,0.752,VALID,(0.201, -0.334, 0.921),(0.032, 0.000, 0.000),0.636,4.044,6.354,0.768,2,0.6997139
451036,1000002510697565400,63875743301593,(0.017, 1.441, -0.004),(0.032, -0.255, 0.034, 0.966),VALID,(0.201, -0.334, 0.921),(0.000, 0.000, 0.000),63.850,VALID,(0.201, -0.334, 0.921),(-0.032, 0.000, 0.000),0.598,3.776,6.314,0.752,VALID,(0.201, -0.334, 0.921),(0.032, 0.000, 0.000),0.636,4.041,6.354,0.768,2,0.7114712
451037,1000002510702577000,63875743301593,(0.017, 1.441, -0.004),(0.032, -0.255, 0.034, 0.966),VALID,(0.201, -0.334, 0.921),(0.000, 0.000, 0.000),63.850,VALID,(0.201, -0.334, 0.921),(-0.032, 0.000, 0.000),0.598,3.776,6.314,0.752,VALID,(0.201, -0.334, 0.921),(0.032, 0.000, 0.000),0.635,4.037,6.354,0.769,2,0.721009
451038,1000002510707588000,63875743301593,(0.017, 1.441, -0.004),(0.032, -0.255, 0.034, 0.966),VALID,(0.200, -0.334, 0.921),(0.000, 0.000, 0.000),63.850,VALID,(0.200, -0.334, 0.921),(-0.032, 0.000, 0.000),0.598,3.775,6.314,0.752,VALID,(0.200, -0.334, 0.921),(0.032, 0.000, 0.000),0.635,4.035,6.354,0.770,2,0.7383566
451039,1000002510712605500,63875743301604,(0.017, 1.442, -0.004),(0.032, -0.255, 0.034, 0.966),VALID,(0.200, -0.334, 0.921),(0.000, 0.000, 0.000),63.850,VALID,(0.200, -0.334, 0.921),(-0.032, 0.000, 0.000),0.598,3.775,6.314,0.752,VALID,(0.200, -0.334, 0.921),(0.032, 0.000, 0.000),0.635,4.033,6.354,0.770,2,0.9611479
451040,1000002510717616500,63875743301604,(0.017, 1.442, -0.004),(0.032, -0.255, 0.034, 0.966),VALID,(0.200, -0.334, 0.921),(0.000, 0.000, 0.000),63.850,VALID,(0.200, -0.334, 0.921),(-0.032, 0.000, 0.000),0.598,3.775,6.314,0.752,VALID,(0.200, -0.334, 0.921),(0.032, 0.000, 0.000),0.635,4.032,6.354,0.770,2,0.7071103
451041,1000002510722632800,63875743301615,(0.017, 1.442, -0.004),(0.032, -0.255, 0.034, 0.966),VALID,(0.199, -0.334, 0.921),(0.000, 0.000, 0.000),63.850,VALID,(0.199, -0.334, 0.921),(-0.032, 0.000, 0.000),0.598,3.775,6.314,0.752,VALID,(0.199, -0.334, 0.921),(0.032, 0.000, 0.000),0.635,4.031,6.354,0.771,2,0.430077
451042,1000002510727644400,63875743301615,(0.017, 1.442, -0.004),(0.032, -0.255, 0.034, 0.966),VALID,(0.198, -0.333, 0.922),(0.000, 0.000, 0.000),63.850,VALID,(0.198, -0.333, 0.922),(-0.032, 0.000, 0.000),0.598,3.778,6.314,0.752,VALID,(0.198, -0.333, 0.922),(0.032, 0.000, 0.000),0.634,4.031,6.354,0.771,2,0.1291677
451043,1000002510732656000,63875743301626,(0.017, 1.442, -0.004),(0.032, -0.255, 0.034, 0.966),VALID,(0.198, -0.334, 0.922),(0.000, 0.000, 0.000),63.850,VALID,(0.198, -0.334, 0.922),(-0.032, 0.000, 0.000),0.599,3.781,6.314,0.752,VALID,(0.198, -0.334, 0.922),(0.032, 0.000, 0.000),0.634,4.030,6.354,0.772,2,0
451044,1000002510737661500,63875743301626,(0.017, 1.442, -0.004),(0.032, -0.255, 0.034, 0.966),VALID,(0.197, -0.333, 0.922),(0.000, 0.000, 0.000),63.850,VALID,(0.197, -0.333, 0.922),(-0.032, 0.000, 0.000),0.600,3.787,6.314,0.752,VALID,(0.197, -0.333, 0.922),(0.032, 0.000, 0.000),0.634,4.029,6.354,0.772,2,0
451045,1000002510742673100,63875743301637,(0.017, 1.442, -0.004),(0.032, -0.255, 0.034, 0.966),VALID,(0.196, -0.332, 0.923),(0.000, 0.000, 0.000),63.850,VALID,(0.196, -0.332, 0.923),(-0.032, 0.000, 0.000),0.600,3.791,6.314,0.752,VALID,(0.196, -0.332, 0.923),(0.032, 0.000, 0.000),0.634,4.029,6.354,0.772,2,0
451046,1000002510747696700,63875743301637,(0.017, 1.442, -0.004),(0.032, -0.255, 0.034, 0.966),VALID,(0.194, -0.331, 0.923),(0.000, 0.000, 0.000),63.850,VALID,(0.194, -0.331, 0.923),(-0.032, 0.000, 0.000),0.601,3.796,6.314,0.752,VALID,(0.194, -0.331, 0.923),(0.032, 0.000, 0.000),0.634,4.028,6.354,0.773,2,0
451047,1000002510752729400,63875743301637,(0.017, 1.442, -0.004),(0.032, -0.255, 0.034, 0.966),VALID,(0.194, -0.332, 0.923),(0.000, 0.000, 0.000),63.850,VALID,(0.194, -0.332, 0.923),(-0.032, 0.000, 0.000),0.602,3.800,6.314,0.752,VALID,(0.194, -0.332, 0.923),(0.032, 0.000, 0.000),0.634,4.028,6.354,0.773,2,0
451048,1000002510757745100,63875743301648,(0.017, 1.442, -0.004),(0.032, -0.255, 0.034, 0.966),VALID,(0.193, -0.331, 0.924),(0.000, 0.000, 0.000),63.850,VALID,(0.193, -0.331, 0.924),(-0.032, 0.000, 0.000),0.603,3.809,6.314,0.752,VALID,(0.193, -0.331, 0.924),(0.032, 0.000, 0.000),0.634,4.027,6.354,0.773,2,0
451049,1000002510762736500,63875743301649,(0.017, 1.442, -0.004),(0.032, -0.255, 0.034, 0.966),VALID,(0.192, -0.330, 0.924),(0.000, 0.000, 0.000),63.850,VALID,(0.192, -0.330, 0.924),(-0.032, 0.000, 0.000),0.604,3.811,6.314,0.752,VALID,(0.192, -0.330, 0.924),(0.032, 0.000, 0.000),0.634,4.027,6.354,0.773,2,0
451050,1000002510767752200,63875743301660,(0.017, 1.442, -0.004),(0.032, -0.255, 0.034, 0.966),VALID,(0.191, -0.330, 0.925),(0.000, 0.000, 0.000),63.850,VALID,(0.191, -0.330, 0.925),(-0.032, 0.000, 0.000),0.604,3.813,6.314,0.752,VALID,(0.191, -0.330, 0.925),(0.032, 0.000, 0.000),0.634,4.027,6.354,0.773,2,0
451051,1000002510772763400,63875743301660,(0.017, 1.442, -0.004),(0.032, -0.255, 0.034, 0.966),VALID,(0.190, -0.329, 0.925),(0.000, 0.000, 0.000),63.850,VALID,(0.190, -0.329, 0.925),(-0.032, 0.000, 0.000),0.604,3.815,6.314,0.752,VALID,(0.190, -0.329, 0.925),(0.032, 0.000, 0.000),0.634,4.027,6.354,0.773,2,0
451052,1000002510777783500,63875743301671,(0.017, 1.442, -0.004),(0.032, -0.255, 0.034, 0.966),VALID,(0.189, -0.328, 0.926),(0.000, 0.000, 0.000),63.850,VALID,(0.189, -0.328, 0.926),(-0.032, 0.000, 0.000),0.606,3.824,6.314,0.752,VALID,(0.189, -0.328, 0.926),(0.032, 0.000, 0.000),0.634,4.027,6.354,0.773,2,0
451053,1000002510782794700,63875743301671,(0.017, 1.442, -0.004),(0.032, -0.255, 0.034, 0.966),VALID,(0.188, -0.327, 0.926),(0.000, 0.000, 0.000),63.850,VALID,(0.188, -0.327, 0.926),(-0.032, 0.000, 0.000),0.606,3.828,6.314,0.752,VALID,(0.188, -0.327, 0.926),(0.032, 0.000, 0.000),0.634,4.026,6.354,0.773,2,0
451054,1000002510787810400,63875743301682,(0.017, 1.442, -0.004),(0.032, -0.255, 0.034, 0.966),VALID,(0.187, -0.326, 0.926),(0.000, 0.000, 0.000),63.850,VALID,(0.187, -0.326, 0.926),(-0.032, 0.000, 0.000),0.607,3.830,6.314,0.752,VALID,(0.187, -0.326, 0.926),(0.032, 0.000, 0.000),0.634,4.026,6.354,0.773,2,0
451055,1000002510792821600,63875743301693,(0.017, 1.442, -0.004),(0.032, -0.255, 0.034, 0.966),VALID,(0.187, -0.326, 0.927),(0.000, 0.000, 0.000),63.850,VALID,(0.187, -0.326, 0.927),(-0.032, 0.000, 0.000),0.607,3.830,6.314,0.752,VALID,(0.187, -0.326, 0.927),(0.032, 0.000, 0.000),0.634,4.026,6.354,0.773,2,0
451056,1000002510797837300,63875743301693,(0.017, 1.442, -0.004),(0.032, -0.255, 0.034, 0.966),VALID,(0.186, -0.325, 0.927),(0.000, 0.000, 0.000),63.850,VALID,(0.186, -0.325, 0.927),(-0.032, 0.000, 0.000),0.607,3.830,6.314,0.752,VALID,(0.186, -0.325, 0.927),(0.032, 0.000, 0.000),0.633,4.024,6.354,0.773,2,0
451057,1000002510802846500,63875743301704,(0.017, 1.442, -0.003),(0.032, -0.255, 0.035, 0.966),VALID,(0.185, -0.325, 0.927),(0.000, 0.000, 0.000),63.850,VALID,(0.185, -0.325, 0.927),(-0.032, 0.000, 0.000),0.607,3.830,6.314,0.751,VALID,(0.185, -0.325, 0.927),(0.032, 0.000, 0.000),0.633,4.023,6.354,0.773,2,0
451058,1000002510807813100,63875743301704,(0.017, 1.442, -0.003),(0.032, -0.255, 0.035, 0.966),VALID,(0.185, -0.324, 0.928),(0.000, 0.000, 0.000),63.850,VALID,(0.185, -0.324, 0.928),(-0.032, 0.000, 0.000),0.607,3.830,6.314,0.751,VALID,(0.185, -0.324, 0.928),(0.032, 0.000, 0.000),0.633,4.023,6.354,0.773,2,0
451059,1000002510812839000,63875743301704,(0.017, 1.442, -0.003),(0.032, -0.255, 0.035, 0.966),VALID,(0.185, -0.324, 0.928),(0.000, 0.000, 0.000),63.850,VALID,(0.185, -0.324, 0.928),(-0.032, 0.000, 0.000),0.607,3.830,6.314,0.751,VALID,(0.185, -0.324, 0.928),(0.032, 0.000, 0.000),0.633,4.023,6.354,0.773,2,0
451060,1000002510817850200,63875743301716,(0.017, 1.442, -0.003),(0.032, -0.255, 0.035, 0.966),VALID,(0.184, -0.324, 0.928),(0.000, 0.000, 0.000),63.850,VALID,(0.184, -0.324, 0.928),(-0.032, 0.000, 0.000),0.607,3.830,6.314,0.751,VALID,(0.184, -0.324, 0.928),(0.032, 0.000, 0.000),0.633,4.023,6.354,0.773,2,0
451061,1000002510822909400,63875743301716,(0.017, 1.442, -0.003),(0.032, -0.255, 0.035, 0.966),VALID,(0.184, -0.324, 0.928),(0.000, 0.000, 0.000),63.850,VALID,(0.184, -0.324, 0.928),(-0.032, 0.000, 0.000),0.607,3.830,6.314,0.750,VALID,(0.184, -0.324, 0.928),(0.032, 0.000, 0.000),0.633,4.023,6.354,0.773,2,0
451062,1000002510827920600,63875743301726,(0.017, 1.442, -0.003),(0.032, -0.255, 0.035, 0.966),VALID,(0.184, -0.323, 0.928),(0.000, 0.000, 0.000),63.850,VALID,(0.184, -0.323, 0.928),(-0.032, 0.000, 0.000),0.607,3.830,6.314,0.750,VALID,(0.184, -0.323, 0.928),(0.032, 0.000, 0.000),0.633,4.023,6.354,0.772,2,0.2331467
451063,1000002510832941400,63875743301726,(0.017, 1.442, -0.003),(0.032, -0.255, 0.035, 0.966),VALID,(0.184, -0.322, 0.929),(0.000, 0.000, 0.000),63.850,VALID,(0.184, -0.322, 0.929),(-0.032, 0.000, 0.000),0.606,3.829,6.314,0.750,VALID,(0.184, -0.322, 0.929),(0.032, 0.000, 0.000),0.644,4.091,6.354,0.772,2,0.3359533
451064,1000002510837952600,63875743301727,(0.017, 1.442, -0.003),(0.032, -0.255, 0.035, 0.966),VALID,(0.185, -0.321, 0.929),(0.000, 0.000, 0.000),63.850,VALID,(0.185, -0.321, 0.929),(-0.032, 0.000, 0.000),0.605,3.821,6.314,0.749,VALID,(0.185, -0.321, 0.929),(0.032, 0.000, 0.000),0.646,4.103,6.354,0.772,2,0.3073937
451065,1000002510842933600,63875743301738,(0.017, 1.442, -0.003),(0.032, -0.255, 0.035, 0.966),VALID,(0.185, -0.320, 0.929),(0.000, 0.000, 0.000),63.850,VALID,(0.185, -0.320, 0.929),(-0.032, 0.000, 0.000),0.604,3.816,6.314,0.749,VALID,(0.185, -0.320, 0.929),(0.032, 0.000, 0.000),0.646,4.105,6.354,0.772,2,0.2972346
451066,1000002510847944800,63875743301738,(0.017, 1.442, -0.003),(0.032, -0.255, 0.035, 0.966),VALID,(0.186, -0.319, 0.929),(0.000, 0.000, 0.000),63.850,VALID,(0.186, -0.319, 0.929),(-0.032, 0.000, 0.000),0.604,3.814,6.314,0.748,VALID,(0.186, -0.319, 0.929),(0.032, 0.000, 0.000),0.646,4.105,6.354,0.772,2,0.5863182
451067,1000002510852955800,63875743301739,(0.017, 1.442, -0.003),(0.032, -0.255, 0.035, 0.966),VALID,(0.186, -0.318, 0.930),(0.000, 0.000, 0.000),63.850,VALID,(0.186, -0.318, 0.930),(-0.032, 0.000, 0.000),0.604,3.813,6.314,0.747,VALID,(0.186, -0.318, 0.930),(0.032, 0.000, 0.000),0.649,4.121,6.354,0.772,2,0.7967276
451068,1000002510857962100,63875743301750,(0.017, 1.442, -0.003),(0.032, -0.255, 0.035, 0.966),VALID,(0.187, -0.317, 0.930),(0.000, 0.000, 0.000),63.850,VALID,(0.187, -0.317, 0.930),(-0.032, 0.000, 0.000),0.604,3.812,6.314,0.748,VALID,(0.187, -0.317, 0.930),(0.032, 0.000, 0.000),0.648,4.120,6.354,0.771,2,0.7441326
451069,1000002510862977000,63875743301750,(0.017, 1.442, -0.003),(0.032, -0.255, 0.035, 0.966),VALID,(0.189, -0.319, 0.929),(0.000, 0.000, 0.000),63.850,VALID,(0.189, -0.319, 0.929),(-0.032, 0.000, 0.000),0.600,3.791,6.314,0.748,VALID,(0.189, -0.319, 0.929),(0.032, 0.000, 0.000),0.654,4.158,6.354,0.771,2,0.3141682
451070,1000002510868005600,63875743301760,(0.017, 1.442, -0.003),(0.032, -0.255, 0.035, 0.966),VALID,(0.190, -0.320, 0.928),(0.000, 0.000, 0.000),63.850,VALID,(0.190, -0.320, 0.928),(-0.032, 0.000, 0.000),0.600,3.790,6.314,0.748,VALID,(0.190, -0.320, 0.928),(0.032, 0.000, 0.000),0.643,4.087,6.354,0.771,2,0
451071,1000002510873016800,63875743301760,(0.017, 1.442, -0.003),(0.032, -0.255, 0.035, 0.966),VALID,(0.189, -0.321, 0.928),(0.000, 0.000, 0.000),63.850,VALID,(0.189, -0.321, 0.928),(-0.032, 0.000, 0.000),0.617,3.897,6.314,0.748,VALID,(0.189, -0.321, 0.928),(0.032, 0.000, 0.000),0.634,4.030,6.354,0.771,2,0
451072,1000002510878028000,63875743301771,(0.017, 1.442, -0.003),(0.032, -0.255, 0.034, 0.966),VALID,(0.184, -0.321, 0.929),(0.000, 0.000, 0.000),63.850,VALID,(0.184, -0.321, 0.929),(-0.032, 0.000, 0.000),0.631,3.983,6.314,0.749,VALID,(0.184, -0.321, 0.929),(0.032, 0.000, 0.000),0.622,3.951,6.354,0.770,2,0
451073,1000002510883039200,63875743301771,(0.017, 1.442, -0.003),(0.032, -0.255, 0.034, 0.966),VALID,(0.174, -0.322, 0.931),(0.000, 0.000, 0.000),63.850,VALID,(0.174, -0.322, 0.931),(-0.032, 0.000, 0.000),0.627,3.960,6.314,0.749,VALID,(0.174, -0.322, 0.931),(0.032, 0.000, 0.000),0.617,3.923,6.354,0.769,2,0
451074,1000002510888054100,63875743301782,(0.017, 1.441, -0.003),(0.032, -0.255, 0.034, 0.966),VALID,(0.159, -0.323, 0.933),(0.000, 0.000, 0.000),63.850,VALID,(0.159, -0.323, 0.933),(-0.032, 0.000, 0.000),0.613,3.871,6.314,0.749,VALID,(0.159, -0.323, 0.933),(0.032, 0.000, 0.000),0.618,3.925,6.354,0.767,2,0
451075,1000002510893061400,63875743301783,(0.017, 1.441, -0.003),(0.032, -0.255, 0.034, 0.966),VALID,(0.137, -0.326, 0.935),(0.000, 0.000, 0.000),63.850,VALID,(0.137, -0.326, 0.935),(-0.032, 0.000, 0.000),0.583,3.681,6.314,0.750,VALID,(0.137, -0.326, 0.935),(0.032, 0.000, 0.000),0.619,3.932,6.354,0.766,2,0
451076,1000002510898076300,63875743301794,(0.017, 1.441, -0.003),(0.032, -0.255, 0.034, 0.966),VALID,(0.117, -0.328, 0.937),(0.000, 0.000, 0.000),63.850,VALID,(0.117, -0.328, 0.937),(-0.032, 0.000, 0.000),0.581,3.671,6.314,0.750,VALID,(0.117, -0.328, 0.937),(0.032, 0.000, 0.000),0.626,3.980,6.354,0.764,2,0
451077,1000002510903083600,63875743301794,(0.017, 1.441, -0.003),(0.032, -0.255, 0.034, 0.966),VALID,(0.100, -0.330, 0.939),(0.000, 0.000, 0.000),63.850,VALID,(0.100, -0.330, 0.939),(-0.032, 0.000, 0.000),0.590,3.727,6.314,0.751,VALID,(0.100, -0.330, 0.939),(0.032, 0.000, 0.000),0.627,3.985,6.354,0.762,2,0
451078,1000002510908098500,63875743301804,(0.017, 1.441, -0.003),(0.032, -0.255, 0.034, 0.966),VALID,(0.088, -0.331, 0.939),(0.000, 0.000, 0.000),63.850,VALID,(0.088, -0.331, 0.939),(-0.032, 0.000, 0.000),0.592,3.739,6.314,0.751,VALID,(0.088, -0.331, 0.939),(0.032, 0.000, 0.000),0.628,3.992,6.354,0.760,2,0
451079,1000002510913101500,63875743301804,(0.017, 1.441, -0.003),(0.032, -0.255, 0.034, 0.966),VALID,(0.080, -0.332, 0.940),(0.000, 0.000, 0.000),63.850,VALID,(0.080, -0.332, 0.940),(-0.032, 0.000, 0.000),0.593,3.743,6.314,0.750,VALID,(0.080, -0.332, 0.940),(0.032, 0.000, 0.000),0.629,3.994,6.354,0.759,2,0
451080,1000002510918116400,63875743301804,(0.017, 1.441, -0.003),(0.032, -0.255, 0.034, 0.966),VALID,(0.074, -0.332, 0.940),(0.000, 0.000, 0.000),63.850,VALID,(0.074, -0.332, 0.940),(-0.032, 0.000, 0.000),0.593,3.745,6.314,0.750,VALID,(0.074, -0.332, 0.940),(0.032, 0.000, 0.000),0.629,3.994,6.354,0.758,2,0
451081,1000002510923143800,63875743301816,(0.017, 1.441, -0.003),(0.032, -0.255, 0.034, 0.966),VALID,(0.071, -0.333, 0.940),(0.000, 0.000, 0.000),63.850,VALID,(0.071, -0.333, 0.940),(-0.032, 0.000, 0.000),0.593,3.745,6.314,0.750,VALID,(0.071, -0.333, 0.940),(0.032, 0.000, 0.000),0.629,3.994,6.354,0.757,2,0
451082,1000002510928158700,63875743301816,(0.017, 1.441, -0.003),(0.032, -0.255, 0.034, 0.966),VALID,(0.069, -0.333, 0.940),(0.000, 0.000, 0.000),63.850,VALID,(0.069, -0.333, 0.940),(-0.032, 0.000, 0.000),0.593,3.745,6.314,0.750,VALID,(0.069, -0.333, 0.940),(0.032, 0.000, 0.000),0.629,3.995,6.354,0.756,2,0
451083,1000002510933173600,63875743301826,(0.017, 1.441, -0.003),(0.032, -0.255, 0.034, 0.966),VALID,(0.068, -0.332, 0.941),(0.000, 0.000, 0.000),63.850,VALID,(0.068, -0.332, 0.941),(-0.032, 0.000, 0.000),0.598,3.776,6.314,0.750,VALID,(0.068, -0.332, 0.941),(0.032, 0.000, 0.000),0.629,3.995,6.354,0.756,2,0
451084,1000002510938180900,63875743301827,(0.017, 1.441, -0.003),(0.032, -0.255, 0.034, 0.966),VALID,(0.067, -0.331, 0.941),(0.000, 0.000, 0.000),63.850,VALID,(0.067, -0.331, 0.941),(-0.032, 0.000, 0.000),0.600,3.789,6.314,0.750,VALID,(0.067, -0.331, 0.941),(0.032, 0.000, 0.000),0.628,3.992,6.354,0.755,2,0
451085,1000002510943195800,63875743301838,(0.017, 1.441, -0.003),(0.032, -0.255, 0.034, 0.966),VALID,(0.067, -0.331, 0.941),(0.000, 0.000, 0.000),63.850,VALID,(0.067, -0.331, 0.941),(-0.032, 0.000, 0.000),0.601,3.795,6.314,0.750,VALID,(0.067, -0.331, 0.941),(0.032, 0.000, 0.000),0.628,3.991,6.354,0.755,2,0
451086,1000002510948203100,63875743301849,(0.017, 1.441, -0.003),(0.031, -0.255, 0.034, 0.966),VALID,(0.067, -0.330, 0.942),(0.000, 0.000, 0.000),63.850,VALID,(0.067, -0.330, 0.942),(-0.032, 0.000, 0.000),0.605,3.817,6.314,0.750,VALID,(0.067, -0.330, 0.942),(0.032, 0.000, 0.000),0.628,3.991,6.354,0.754,2,0
451087,1000002510953203000,63875743301849,(0.017, 1.441, -0.003),(0.031, -0.255, 0.034, 0.966),VALID,(0.067, -0.329, 0.942),(0.000, 0.000, 0.000),63.850,VALID,(0.067, -0.329, 0.942),(-0.032, 0.000, 0.000),0.605,3.817,6.314,0.750,VALID,(0.067, -0.329, 0.942),(0.032, 0.000, 0.000),0.628,3.988,6.354,0.754,2,0
451088,1000002510958212400,63875743301849,(0.017, 1.441, -0.003),(0.031, -0.255, 0.034, 0.966),VALID,(0.061, -0.328, 0.943),(0.000, 0.000, 0.000),63.850,VALID,(0.061, -0.328, 0.943),(-0.032, 0.000, 0.000),0.604,3.813,6.314,0.750,VALID,(0.061, -0.328, 0.943),(0.032, 0.000, 0.000),0.627,3.987,6.354,0.754,2,0
451089,1000002510963243800,63875743301860,(0.017, 1.441, -0.003),(0.031, -0.255, 0.034, 0.966),VALID,(0.057, -0.326, 0.944),(0.000, 0.000, 0.000),63.850,VALID,(0.057, -0.326, 0.944),(-0.032, 0.000, 0.000),0.604,3.813,6.314,0.750,VALID,(0.057, -0.326, 0.944),(0.032, 0.000, 0.000),0.627,3.986,6.354,0.754,2,0
451090,1000002510968258700,63875743301860,(0.017, 1.441, -0.003),(0.031, -0.255, 0.034, 0.966),VALID,(0.059, -0.325, 0.944),(0.000, 0.000, 0.000),63.850,VALID,(0.059, -0.325, 0.944),(-0.032, 0.000, 0.000),0.604,3.814,6.314,0.751,VALID,(0.059, -0.325, 0.944),(0.032, 0.000, 0.000),0.627,3.985,6.354,0.754,2,0
451091,1000002510973264700,63875743301860,(0.017, 1.441, -0.003),(0.031, -0.255, 0.034, 0.966),VALID,(0.061, -0.325, 0.944),(0.000, 0.000, 0.000),63.850,VALID,(0.061, -0.325, 0.944),(-0.032, 0.000, 0.000),0.604,3.815,6.314,0.751,VALID,(0.061, -0.325, 0.944),(0.032, 0.000, 0.000),0.627,3.985,6.354,0.754,2,0
451092,1000002510978290600,63875743301871,(0.017, 1.440, -0.003),(0.031, -0.254, 0.034, 0.966),VALID,(0.063, -0.324, 0.944),(0.000, 0.000, 0.000),63.850,VALID,(0.063, -0.324, 0.944),(-0.032, 0.000, 0.000),0.604,3.816,6.314,0.751,VALID,(0.063, -0.324, 0.944),(0.032, 0.000, 0.000),0.627,3.984,6.354,0.754,2,0
451093,1000002510983316500,63875743301871,(0.017, 1.440, -0.003),(0.031, -0.254, 0.034, 0.966),VALID,(0.064, -0.323, 0.944),(0.000, 0.000, 0.000),63.850,VALID,(0.064, -0.323, 0.944),(-0.032, 0.000, 0.000),0.604,3.816,6.314,0.752,VALID,(0.064, -0.323, 0.944),(0.032, 0.000, 0.000),0.627,3.984,6.354,0.754,2,0
451094,1000002510988342400,63875743301882,(0.017, 1.440, -0.003),(0.031, -0.254, 0.034, 0.966),VALID,(0.064, -0.322, 0.944),(0.000, 0.000, 0.000),63.850,VALID,(0.064, -0.322, 0.944),(-0.032, 0.000, 0.000),0.604,3.815,6.314,0.752,VALID,(0.064, -0.322, 0.944),(0.032, 0.000, 0.000),0.627,3.984,6.354,0.754,2,0
451095,1000002510993351800,63875743301882,(0.017, 1.440, -0.003),(0.031, -0.254, 0.034, 0.966),VALID,(0.065, -0.322, 0.945),(0.000, 0.000, 0.000),63.850,VALID,(0.065, -0.322, 0.945),(-0.032, 0.000, 0.000),0.604,3.815,6.314,0.752,VALID,(0.065, -0.322, 0.945),(0.032, 0.000, 0.000),0.627,3.984,6.354,0.754,2,0
451096,1000002510998307300,63875743301893,(0.016, 1.440, -0.002),(0.031, -0.254, 0.034, 0.966),VALID,(0.065, -0.321, 0.945),(0.000, 0.000, 0.000),63.850,VALID,(0.065, -0.321, 0.945),(-0.032, 0.000, 0.000),0.604,3.815,6.314,0.753,VALID,(0.065, -0.321, 0.945),(0.032, 0.000, 0.000),0.627,3.983,6.354,0.754,2,0
451097,1000002511003336200,63875743301893,(0.016, 1.440, -0.002),(0.031, -0.254, 0.034, 0.966),VALID,(0.066, -0.320, 0.945),(0.000, 0.000, 0.000),63.850,VALID,(0.066, -0.320, 0.945),(-0.032, 0.000, 0.000),0.604,3.816,6.314,0.753,VALID,(0.066, -0.320, 0.945),(0.032, 0.000, 0.000),0.627,3.981,6.354,0.754,2,0
451098,1000002511008388500,63875743301893,(0.016, 1.440, -0.002),(0.031, -0.254, 0.034, 0.966),VALID,(0.066, -0.320, 0.945),(0.000, 0.000, 0.000),63.850,VALID,(0.066, -0.320, 0.945),(-0.032, 0.000, 0.000),0.604,3.816,6.314,0.754,VALID,(0.066, -0.320, 0.945),(0.032, 0.000, 0.000),0.627,3.981,6.354,0.754,2,0
451099,1000002511013410800,63875743301904,(0.016, 1.440, -0.002),(0.031, -0.254, 0.034, 0.966),VALID,(0.066, -0.320, 0.945),(0.000, 0.000, 0.000),63.850,VALID,(0.066, -0.320, 0.945),(-0.032, 0.000, 0.000),0.605,3.818,6.314,0.754,VALID,(0.066, -0.320, 0.945),(0.032, 0.000, 0.000),0.626,3.980,6.354,0.754,2,0
451100,1000002511018369000,63875743301916,(0.016, 1.440, -0.002),(0.032, -0.254, 0.034, 0.966),VALID,(0.065, -0.319, 0.946),(0.000, 0.000, 0.000),63.850,VALID,(0.065, -0.319, 0.946),(-0.032, 0.000, 0.000),0.614,3.876,6.314,0.755,VALID,(0.065, -0.319, 0.946),(0.032, 0.000, 0.000),0.626,3.980,6.354,0.754,2,0
451101,1000002511023381700,63875743301916,(0.016, 1.440, -0.002),(0.032, -0.254, 0.034, 0.966),VALID,(0.065, -0.318, 0.946),(0.000, 0.000, 0.000),63.850,VALID,(0.065, -0.318, 0.946),(-0.032, 0.000, 0.000),0.618,3.901,6.314,0.756,VALID,(0.065, -0.318, 0.946),(0.032, 0.000, 0.000),0.626,3.979,6.354,0.754,2,0
451102,1000002511028369000,63875743301916,(0.016, 1.440, -0.002),(0.032, -0.254, 0.034, 0.966),VALID,(0.065, -0.317, 0.946),(0.000, 0.000, 0.000),63.850,VALID,(0.065, -0.317, 0.946),(-0.032, 0.000, 0.000),0.619,3.908,6.314,0.757,VALID,(0.065, -0.317, 0.946),(0.032, 0.000, 0.000),0.627,3.981,6.354,0.755,2,0
451103,1000002511033387400,63875743301927,(0.016, 1.440, -0.002),(0.031, -0.254, 0.034, 0.966),VALID,(0.065, -0.316, 0.947),(0.000, 0.000, 0.000),63.850,VALID,(0.065, -0.316, 0.947),(-0.032, 0.000, 0.000),0.619,3.910,6.314,0.757,VALID,(0.065, -0.316, 0.947),(0.032, 0.000, 0.000),0.627,3.983,6.354,0.755,2,0
451104,1000002511038405800,63875743301927,(0.016, 1.440, -0.002),(0.031, -0.254, 0.034, 0.966),VALID,(0.066, -0.315, 0.947),(0.000, 0.000, 0.000),63.850,VALID,(0.066, -0.315, 0.947),(-0.032, 0.000, 0.000),0.619,3.910,6.314,0.758,VALID,(0.066, -0.315, 0.947),(0.032, 0.000, 0.000),0.627,3.984,6.354,0.755,2,0
451105,1000002511043424200,63875743301938,(0.016, 1.440, -0.002),(0.032, -0.254, 0.034, 0.966),VALID,(0.066, -0.315, 0.947),(0.000, 0.000, 0.000),63.850,VALID,(0.066, -0.315, 0.947),(-0.032, 0.000, 0.000),0.619,3.910,6.314,0.758,VALID,(0.066, -0.315, 0.947),(0.032, 0.000, 0.000),0.627,3.985,6.354,0.755,2,0
451106,1000002511048433600,63875743301938,(0.016, 1.440, -0.002),(0.032, -0.254, 0.034, 0.966),VALID,(0.066, -0.316, 0.947),(0.000, 0.000, 0.000),63.850,VALID,(0.066, -0.316, 0.947),(-0.032, 0.000, 0.000),0.619,3.908,6.314,0.759,VALID,(0.066, -0.316, 0.947),(0.032, 0.000, 0.000),0.627,3.985,6.354,0.756,2,0
451107,1000002511053450100,63875743301949,(0.016, 1.440, -0.002),(0.031, -0.254, 0.033, 0.966),VALID,(0.066, -0.317, 0.946),(0.000, 0.000, 0.000),63.850,VALID,(0.066, -0.317, 0.946),(-0.032, 0.000, 0.000),0.617,3.895,6.314,0.760,VALID,(0.066, -0.317, 0.946),(0.032, 0.000, 0.000),0.627,3.984,6.354,0.756,2,0.06851142
451108,1000002511058459500,63875743301949,(0.016, 1.440, -0.002),(0.031, -0.254, 0.033, 0.966),VALID,(0.066, -0.317, 0.946),(0.000, 0.000, 0.000),63.850,VALID,(0.066, -0.317, 0.946),(-0.032, 0.000, 0.000),0.616,3.890,6.314,0.761,VALID,(0.066, -0.317, 0.946),(0.032, 0.000, 0.000),0.627,3.984,6.354,0.757,2,0.2392687
451109,1000002511063468900,63875743301949,(0.016, 1.440, -0.002),(0.031, -0.254, 0.033, 0.966),VALID,(0.066, -0.317, 0.946),(0.000, 0.000, 0.000),63.850,VALID,(0.066, -0.317, 0.946),(-0.032, 0.000, 0.000),0.616,3.890,6.314,0.762,VALID,(0.066, -0.317, 0.946),(0.032, 0.000, 0.000),0.627,3.982,6.354,0.757,2,0.6000036
451110,1000002511068477600,63875743301961,(0.016, 1.440, -0.002),(0.032, -0.254, 0.033, 0.966),VALID,(0.066, -0.318, 0.946),(0.000, 0.000, 0.000),63.850,VALID,(0.066, -0.318, 0.946),(-0.032, 0.000, 0.000),0.616,3.892,6.314,0.763,VALID,(0.066, -0.318, 0.946),(0.032, 0.000, 0.000),0.626,3.980,6.354,0.757,2,0.5927845
451111,1000002511073487000,63875743301961,(0.016, 1.440, -0.002),(0.032, -0.254, 0.033, 0.966),VALID,(0.066, -0.318, 0.946),(0.000, 0.000, 0.000),63.850,VALID,(0.066, -0.318, 0.946),(-0.032, 0.000, 0.000),0.617,3.893,6.314,0.764,VALID,(0.066, -0.318, 0.946),(0.032, 0.000, 0.000),0.626,3.978,6.354,0.758,2,0.5879346
451112,1000002511078495700,63875743301971,(0.016, 1.440, -0.002),(0.032, -0.254, 0.033, 0.966),VALID,(0.066, -0.318, 0.946),(0.000, 0.000, 0.000),63.850,VALID,(0.066, -0.318, 0.946),(-0.032, 0.000, 0.000),0.612,3.864,6.314,0.765,VALID,(0.066, -0.318, 0.946),(0.032, 0.000, 0.000),0.626,3.976,6.354,0.758,2,0.5240846
451113,1000002511083504400,63875743301971,(0.016, 1.440, -0.002),(0.032, -0.254, 0.033, 0.966),VALID,(0.066, -0.319, 0.946),(0.000, 0.000, 0.000),63.850,VALID,(0.066, -0.319, 0.946),(-0.032, 0.000, 0.000),0.610,3.853,6.314,0.765,VALID,(0.066, -0.319, 0.946),(0.032, 0.000, 0.000),0.626,3.975,6.354,0.759,2,0.5306404
451114,1000002511088514500,63875743301982,(0.016, 1.440, -0.002),(0.032, -0.253, 0.033, 0.966),VALID,(0.066, -0.319, 0.945),(0.000, 0.000, 0.000),63.850,VALID,(0.066, -0.319, 0.945),(-0.032, 0.000, 0.000),0.609,3.848,6.314,0.766,VALID,(0.066, -0.319, 0.945),(0.032, 0.000, 0.000),0.625,3.973,6.354,0.759,2,0.5320796
451115,1000002511093523200,63875743301982,(0.016, 1.440, -0.002),(0.032, -0.253, 0.033, 0.966),VALID,(0.066, -0.320, 0.945),(0.000, 0.000, 0.000),63.850,VALID,(0.066, -0.320, 0.945),(-0.032, 0.000, 0.000),0.609,3.846,6.314,0.767,VALID,(0.066, -0.320, 0.945),(0.032, 0.000, 0.000),0.625,3.972,6.354,0.760,2,0.5321067
451116,1000002511098531900,63875743301994,(0.016, 1.440, -0.002),(0.032, -0.253, 0.033, 0.966),VALID,(0.066, -0.320, 0.945),(0.000, 0.000, 0.000),63.850,VALID,(0.066, -0.320, 0.945),(-0.032, 0.000, 0.000),0.609,3.845,6.314,0.768,VALID,(0.066, -0.320, 0.945),(0.032, 0.000, 0.000),0.625,3.972,6.354,0.760,2,0.5296676
451117,1000002511103540600,63875743301994,(0.016, 1.440, -0.002),(0.032, -0.253, 0.033, 0.966),VALID,(0.066, -0.321, 0.945),(0.000, 0.000, 0.000),63.850,VALID,(0.066, -0.321, 0.945),(-0.032, 0.000, 0.000),0.609,3.845,6.314,0.768,VALID,(0.066, -0.321, 0.945),(0.032, 0.000, 0.000),0.625,3.971,6.354,0.761,2,0.5283783
451118,1000002511108555800,63875743301994,(0.016, 1.440, -0.002),(0.032, -0.253, 0.033, 0.966),VALID,(0.066, -0.321, 0.945),(0.000, 0.000, 0.000),63.850,VALID,(0.066, -0.321, 0.945),(-0.032, 0.000, 0.000),0.609,3.845,6.314,0.769,VALID,(0.066, -0.321, 0.945),(0.032, 0.000, 0.000),0.625,3.970,6.354,0.761,2,0.6587741
451119,1000002511113564500,63875743302004,(0.016, 1.440, -0.002),(0.032, -0.253, 0.033, 0.966),VALID,(0.067, -0.321, 0.945),(0.000, 0.000, 0.000),63.850,VALID,(0.067, -0.321, 0.945),(-0.032, 0.000, 0.000),0.611,3.860,6.314,0.769,VALID,(0.067, -0.321, 0.945),(0.032, 0.000, 0.000),0.625,3.970,6.354,0.762,2,0.7981043
451120,1000002511118612500,63875743302004,(0.016, 1.440, -0.002),(0.032, -0.253, 0.033, 0.966),VALID,(0.067, -0.322, 0.944),(0.000, 0.000, 0.000),63.850,VALID,(0.067, -0.322, 0.944),(-0.032, 0.000, 0.000),0.613,3.868,6.314,0.770,VALID,(0.067, -0.322, 0.944),(0.032, 0.000, 0.000),0.625,3.970,6.354,0.762,2,0.8009658
451121,1000002511123621200,63875743302016,(0.016, 1.440, -0.002),(0.032, -0.253, 0.033, 0.966),VALID,(0.067, -0.322, 0.944),(0.000, 0.000, 0.000),63.850,VALID,(0.067, -0.322, 0.944),(-0.032, 0.000, 0.000),0.614,3.878,6.314,0.770,VALID,(0.067, -0.322, 0.944),(0.032, 0.000, 0.000),0.625,3.969,6.354,0.763,2,0.795718
451122,1000002511128629900,63875743302016,(0.016, 1.440, -0.002),(0.032, -0.253, 0.033, 0.966),VALID,(0.067, -0.322, 0.944),(0.000, 0.000, 0.000),63.850,VALID,(0.067, -0.322, 0.944),(-0.032, 0.000, 0.000),0.615,3.884,6.314,0.771,VALID,(0.067, -0.322, 0.944),(0.032, 0.000, 0.000),0.625,3.969,6.354,0.763,2,0.7977394
451123,1000002511133636800,63875743302026,(0.016, 1.440, -0.002),(0.032, -0.253, 0.033, 0.966),VALID,(0.067, -0.322, 0.944),(0.000, 0.000, 0.000),63.850,VALID,(0.067, -0.322, 0.944),(-0.032, 0.000, 0.000),0.615,3.884,6.314,0.771,VALID,(0.067, -0.322, 0.944),(0.032, 0.000, 0.000),0.625,3.969,6.354,0.763,2,0.7889844
451124,1000002511138645500,63875743302026,(0.016, 1.440, -0.002),(0.032, -0.253, 0.033, 0.966),VALID,(0.067, -0.323, 0.944),(0.000, 0.000, 0.000),63.850,VALID,(0.067, -0.323, 0.944),(-0.032, 0.000, 0.000),0.615,3.882,6.314,0.772,VALID,(0.067, -0.323, 0.944),(0.032, 0.000, 0.000),0.625,3.969,6.354,0.764,2,0.9157159
451125,1000002511143673100,63875743302038,(0.015, 1.439, -0.002),(0.032, -0.253, 0.033, 0.966),VALID,(0.067, -0.323, 0.944),(0.000, 0.000, 0.000),63.850,VALID,(0.067, -0.323, 0.944),(-0.032, 0.000, 0.000),0.615,3.882,6.314,0.773,VALID,(0.067, -0.323, 0.944),(0.032, 0.000, 0.000),0.625,3.968,6.354,0.764,2,0.9302365
